sku	fnsku	asin	product-name	condition	your-price	mfn-listing-exists	mfn-fulfillable-quantity	afn-listing-exists	afn-warehouse-quantity	afn-fulfillable-quantity	afn-unsellable-quantity	afn-reserved-quantity	afn-total-quantity	per-unit-volume	afn-inbound-working-quantity	afn-inbound-shipped-quantity	afn-inbound-receiving-quantity	afn-researching-quantity	afn-reserved-future-supply	afn-future-supply-buyable	afn-fulfillable-quantity-local	afn-fulfillable-quantity-remote	afn-fc-transfer-quantity	afn-onhand-buyable-quantity	store
87-66M0-VYRJ	B0H2FTMBBQ	B0H2FTMBBQ	Zambia eSIM 3GB 15Days | Pay As You Go Data SIM | Easy Setup | Travel SIM for Tourists & Business | 3G/4G/5G Speeds | Travel Guide Inlcuded	Unknown					0	0	0	0	0	29.99	0	0	0	0	0	0	0	0	0	0	
9S-G1U0-LSIV	B0H2FYRLRC	B0H2FYRLRC	Mauritius Travel Data SIM 3GB 15 Days + Travel Guide Included - Prepaid Tourist Mobile Internet	Unknown					0	0	0	0	0	29.99	0	0	0	0	0	0	0	0	0	0	
A7-877J-9DZD	B0H2MWQ647	B0H2MWQ647	Hajj Package Luxury - 10GB - 30Days eSIM + Hajj Luxury Travel Guide + extra exclusive Saudi Arabian travel guides	Unknown					0	0	0	0	0	29.99	0	0	0	0	0	0	0	0	0	0	
AALAND-ISLANDS-20GB-30D	B0FR39Q1KJ	B0FR39Q1KJ	Aaland Islands eSIM 20GB 30Days	New	28.99	No		Yes	0	0	0	0	0	96.03	0	0	0	0	0	0	0	0	0	0	
AALAND-ISLANDS-3GB-15D	B0FR3CCSMB	B0FR3CCSMB	Aaland Islands eSIM 3GB 15Days	New	7.99	No		Yes	0	0	0	0	0	96.03	0	0	0	0	0	0	0	0	0	0	
AALAND-ISLANDS-5GB-30D	B0FR3G6JWB	B0FR3G6JWB	Aaland Islands eSIM 5GB 30Days	New	11.99	No		Yes	0	0	0	0	0	96.03	0	0	0	0	0	0	0	0	0	0	
AE_20_30	B0FRB7TFJR	B0FRB7TFJR	United Arab Emirates eSIM 20GB 30 Days | Pay As You Go Data SIM | Easy Setup | Travel SIM for Tourists & Business | 3G/4G Speeds | Free Travel Guide Inlcuded	New	35.99	No		Yes	0	0	0	0	0	96.03	0	0	0	0	0	0	0	0	0	0	
AE_3_15	B0FRBBYBGH	B0FRBBYBGH	United Arab Emirates eSIM 3GB 15 Days | Pay As You Go Data SIM | Easy Setup | Travel SIM for Tourists & Business | 3G/4G Speeds | Free Travel Guide Inlcuded	New	8.99	No		Yes	0	0	0	0	0	96.03	0	0	0	0	0	0	0	0	0	0	
AE_5_30	B0FRB89XHX	B0FRB89XHX	United Arab Emirates eSIM 5GB 30 Days | Pay As You Go Data SIM | Easy Setup | Travel SIM for Tourists & Business | 3G/4G Speeds | Free Travel Guide Inlcuded	New	11.99	No		Yes	0	0	0	0	0	96.03	0	0	0	0	0	0	0	0	0	0	
AF-29_5_30	B0FR3GK9Z7	B0FR3GK9Z7	Africa (25+ areas) eSIM 5GB 30 Days | Pay As You Go Data SIM | Easy Setup | Travel SIM for Tourists & Business | 3G/4G Speeds	New	27.99	No		Yes	0	0	0	0	0	96.03	0	0	0	0	0	0	0	0	0	0	
AFRICA-5GB-30D	B0FR3GK9Z7	B0FR3GK9Z7	Africa (25+ areas) eSIM 5GB 30 Days | Pay As You Go Data SIM | Easy Setup | Travel SIM for Tourists & Business | 3G/4G Speeds	New	24.99	No		Yes	0	0	0	0	0	96.03	0	0	0	0	0	0	0	0	0	0	
ALBANIA-5GB-30D	B0FR4ZG3Z6	B0FR4ZG3Z6	Albania eSIM 5GB 30Days	New	8.99	No		Yes	0	0	0	0	0	96.03	0	0	0	0	0	0	0	0	0	0	
ALGERIA-20GB-30D	B0H6M5TDMD	B0H6M5TDMD	Algeria eSIM 20GB 30Days	New	22.99	No		Yes	0	0	0	0	0	96.03	0	0	0	0	0	0	0	0	0	0	
ALGERIA-3GB-15D	B0H6M9R3WH	B0H6M9R3WH	Algeria eSIM 3GB 15Days	New	7.99	No		Yes	0	0	0	0	0	96.03	0	0	0	0	0	0	0	0	0	0	
ALGERIA-5GB-30D	B0H6MDYKG8	B0H6MDYKG8	Algeria eSIM 5GB 30Days	New	9.99	No		Yes	0	0	0	0	0	96.03	0	0	0	0	0	0	0	0	0	0	
AL_5_30	B0FR4ZG3Z6	B0FR4ZG3Z6	Albania eSIM 5GB 30Days	New	11.99	No		Yes	0	0	0	0	0	96.03	0	0	0	0	0	0	0	0	0	0	
AM_20_30	B0FR4ZT5XT	B0FR4ZT5XT	Armenia eSIM 20GB 30 Days | Pay As You Go Data SIM | Easy Setup | Travel SIM for Tourists & Business | 3G/4G Speeds	New	50.49	No		Yes	0	0	0	0	0	169.44	0	0	0	0	0	0	0	0	0	0	
AM_3_15	B0FR5BK9R4	B0FR5BK9R4	Armenia eSIM 3GB 15 Days | Pay As You Go Data SIM | Easy Setup | Travel SIM for Tourists & Business | 3G/4G Speeds	New	8.99	No		Yes	0	0	0	0	0	169.44	0	0	0	0	0	0	0	0	0	0	
ANDORRA-20GB-30D	B0H6MJ97WC	B0H6MJ97WC	Andorra eSIM 20GB 30Days	New	37.99	No		Yes	0	0	0	0	0	96.03	0	0	0	0	0	0	0	0	0	0	
ANDORRA-3GB-15D	B0H6MBPRYN	B0H6MBPRYN	Andorra eSIM 3GB 15Days	New	12.99	No		Yes	0	0	0	0	0	96.03	0	0	0	0	0	0	0	0	0	0	
ANDORRA-5GB-30D	B0H6M5P65S	B0H6M5P65S	Andorra eSIM 5GB 30Days	New	13.99	No		Yes	0	0	0	0	0	96.03	0	0	0	0	0	0	0	0	0	0	
ANGOLA-3GB-15D	B0H6M5RWZH	B0H6M5RWZH	Angola eSIM 3GB 15Days	New	29.99	No		Yes	0	0	0	0	0	96.03	0	0	0	0	0	0	0	0	0	0	
ANGOLA-5GB-30D	B0H6MKZSB4	B0H6MKZSB4	Angola eSIM 5GB 30Days	New	49.99	No		Yes	0	0	0	0	0	96.03	0	0	0	0	0	0	0	0	0	0	
ANGUILLA-20GB-30D	B0H6MHMZY8	B0H6MHMZY8	Anguilla eSIM 20GB 30Days	New	74.99	No		Yes	0	0	0	0	0	96.03	0	0	0	0	0	0	0	0	0	0	
ANGUILLA-3GB-15D	B0H6M7X7QY	B0H6M7X7QY	Anguilla eSIM 3GB 15Days	New	20.99	No		Yes	0	0	0	0	0	96.03	0	0	0	0	0	0	0	0	0	0	
ANGUILLA-5GB-30D	B0H6MFJ63H	B0H6MFJ63H	Anguilla eSIM 5GB 30Days	New	27.99	No		Yes	0	0	0	0	0	96.03	0	0	0	0	0	0	0	0	0	0	
ANTIGUA-AND-BARBUDA-20GB-30D	B0H6M2MQJB	B0H6M2MQJB	Antigua and Barbuda eSIM 20GB 30Days	New	84.99	No		Yes	0	0	0	0	0	96.03	0	0	0	0	0	0	0	0	0	0	
ANTIGUA-AND-BARBUDA-3GB-15D	B0H6MBBFLQ	B0H6MBBFLQ	Antigua and Barbuda eSIM 3GB 15Days	New	22.99	No		Yes	0	0	0	0	0	96.03	0	0	0	0	0	0	0	0	0	0	
ANTIGUA-AND-BARBUDA-5GB-30D	B0H6MCR5F9	B0H6MCR5F9	Antigua and Barbuda eSIM 5GB 30Days	New	29.99	No		Yes	0	0	0	0	0	96.03	0	0	0	0	0	0	0	0	0	0	
ARGENTINA-20GB-30D	B0FR5DCH33	B0FR5DCH33	Argentina eSIM 20GB 30Days	New	31.99	No		Yes	0	0	0	0	0	96.03	0	0	0	0	0	0	0	0	0	0	
ARGENTINA-3GB-15D	B0FR554SXN	B0FR554SXN	Argentina eSIM 3GB 15Days	New	10.99	No		Yes	0	0	0	0	0	96.03	0	0	0	0	0	0	0	0	0	0	
ARMENIA-20GB-30D	B0FR4ZT5XT	B0FR4ZT5XT	Armenia eSIM 20GB 30 Days | Pay As You Go Data SIM | Easy Setup | Travel SIM for Tourists & Business | 3G/4G Speeds	New	26.99	No		Yes	0	0	0	0	0	169.44	0	0	0	0	0	0	0	0	0	0	
ARMENIA-3GB-15D	B0FR5BK9R4	B0FR5BK9R4	Armenia eSIM 3GB 15 Days | Pay As You Go Data SIM | Easy Setup | Travel SIM for Tourists & Business | 3G/4G Speeds	New	7.99	No		Yes	0	0	0	0	0	169.44	0	0	0	0	0	0	0	0	0	0	
AR_20_30	B0FR5DCH33	B0FR5DCH33	Argentina eSIM 20GB 30Days	New	53.49	No		Yes	0	0	0	0	0	96.03	0	0	0	0	0	0	0	0	0	0	
AR_3_15	B0FR554SXN	B0FR554SXN	Argentina eSIM 3GB 15Days	New	11.99	No		Yes	0	0	0	0	0	96.03	0	0	0	0	0	0	0	0	0	0	
AS-20_3_15	B0FR9FZ4RF	B0FR9FZ4RF	Asia (20 areas) eSIM 3GB 15 Days | Pay As You Go Data SIM | Easy Setup | Travel SIM for Tourists & Business | 3G/4G/5G Speeds	New	11.99	No		Yes	0	0	0	0	0	169.44	0	0	0	0	0	0	0	0	0	0	
AS-20_5_30	B0FR9BQNSV	B0FR9BQNSV	Asia (20 areas) eSIM 5GB 30 Days | Pay As You Go Data SIM | Easy Setup | Travel SIM for Tourists & Business | 3G/4G/5G Speeds	New	18.49	No		Yes	0	0	0	0	0	169.44	0	0	0	0	0	0	0	0	0	0	
ASIA-20-3GB-15D	B0FR9FZ4RF	B0FR9FZ4RF	Asia (20 areas) eSIM 3GB 15 Days | Pay As You Go Data SIM | Easy Setup | Travel SIM for Tourists & Business | 3G/4G/5G Speeds	New	10.99	No		Yes	0	0	0	0	0	169.44	0	0	0	0	0	0	0	0	0	0	
ASIA-20-5GB-30D	B0FR9BQNSV	B0FR9BQNSV	Asia (20 areas) eSIM 5GB 30 Days | Pay As You Go Data SIM | Easy Setup | Travel SIM for Tourists & Business | 3G/4G/5G Speeds	New	11.99	No		Yes	0	0	0	0	0	169.44	0	0	0	0	0	0	0	0	0	0	
AT_20_30	B0FR8XBSBP	B0FR8XBSBP	Austria eSIM 20GB 30 Days | Pay As You Go Data SIM | Easy Setup | Travel SIM for Tourists & Business | 3G/4G/5G Speeds	New	13.49	No		Yes	0	0	0	0	0	169.44	0	0	0	0	0	0	0	0	0	0	
AT_3_15	B0FR9QSMSP	B0FR9QSMSP	Austria eSIM 3GB 15 Days | Pay As You Go Data SIM | Easy Setup | Travel SIM for Tourists & Business | 3G/4G/5G Speeds	New	2.99	No		Yes	0	0	0	0	0	169.44	0	0	0	0	0	0	0	0	0	0	
AT_5_30	B0FR8XCH78	B0FR8XCH78	Austria eSIM 5GB 30 Days | Pay As You Go Data SIM | Easy Setup | Travel SIM for Tourists & Business | 3G/4G/5G Speeds	New	4.49	No		Yes	0	0	0	0	0	169.44	0	0	0	0	0	0	0	0	0	0	
AUSTRALIA-20GB-30D	B0FR9G1ZQJ	B0FR9G1ZQJ	Australia eSIM 20GB 30Days	New	12.99	No		Yes	0	0	0	0	0	96.03	0	0	0	0	0	0	0	0	0	0	
AUSTRALIA-3GB-15D	B0FR9SKY4D	B0FR9SKY4D	Australia eSIM 3GB 15Days	New	6.99	No		Yes	50	50	0	0	50	96.03	0	0	0	0	0	0	50	0	0	50	
AUSTRALIA-5GB-30D	B0FR9JRB62	B0FR9JRB62	Australia eSIM 5GB 30Days	New	7.99	No		Yes	49	49	0	0	49	96.03	0	0	0	0	0	0	49	0	0	49	
AUSTRIA-20GB-30D	B0FR8XBSBP	B0FR8XBSBP	Austria eSIM 20GB 30 Days | Pay As You Go Data SIM | Easy Setup | Travel SIM for Tourists & Business | 3G/4G/5G Speeds	New	12.99	No		Yes	0	0	0	0	0	169.44	0	0	0	0	0	0	0	0	0	0	
AUSTRIA-3GB-15D	B0FR9QSMSP	B0FR9QSMSP	Austria eSIM 3GB 15 Days | Pay As You Go Data SIM | Easy Setup | Travel SIM for Tourists & Business | 3G/4G/5G Speeds	New	6.99	No		Yes	0	0	0	0	0	169.44	0	0	0	0	0	0	0	0	0	0	
AUSTRIA-5GB-30D	B0FR8XCH78	B0FR8XCH78	Austria eSIM 5GB 30 Days | Pay As You Go Data SIM | Easy Setup | Travel SIM for Tourists & Business | 3G/4G/5G Speeds	New	7.99	No		Yes	0	0	0	0	0	169.44	0	0	0	0	0	0	0	0	0	0	
AU_20_30	B0FR9G1ZQJ	B0FR9G1ZQJ	Australia eSIM 20GB 30Days	New	12.99	No		Yes	0	0	0	0	0	96.03	0	0	0	0	0	0	0	0	0	0	
AU_3_15	B0FR9SKY4D	B0FR9SKY4D	Australia eSIM 3GB 15Days	New	5.49	No		Yes	50	50	0	0	50	96.03	0	0	0	0	0	0	50	0	0	50	
AU_5_30	B0FR9JRB62	B0FR9JRB62	Australia eSIM 5GB 30Days	New	6.99	No		Yes	49	49	0	0	49	96.03	0	0	0	0	0	0	49	0	0	49	
AX_20_30	B0FR39Q1KJ	B0FR39Q1KJ	Aaland Islands eSIM 20GB 30Days	New	26.49	No		Yes	0	0	0	0	0	96.03	0	0	0	0	0	0	0	0	0	0	
AX_3_15	B0FR3CCSMB	B0FR3CCSMB	Aaland Islands eSIM 3GB 15Days	New	4.49	No		Yes	0	0	0	0	0	96.03	0	0	0	0	0	0	0	0	0	0	
AX_5_30	B0FR3G6JWB	B0FR3G6JWB	Aaland Islands eSIM 5GB 30Days	New	7.49	No		Yes	0	0	0	0	0	96.03	0	0	0	0	0	0	0	0	0	0	
AZERBAIJAN-3GB-15D	B0FR9BTC98	B0FR9BTC98	Azerbaijan eSIM 3GB 15Days	New	10.99	No		Yes	0	0	0	0	0	96.03	0	0	0	0	0	0	0	0	0	0	
AZ_3_15	B0FR9BTC98	B0FR9BTC98	Azerbaijan eSIM 3GB 15Days	New	23.49	No		Yes	0	0	0	0	0	96.03	0	0	0	0	0	0	0	0	0	0	
BAHAMAS-20GB-30D	B0H6MCPR9P	B0H6MCPR9P	Bahamas eSIM 20GB 30Days	New	104.99	No		Yes	0	0	0	0	0	96.03	0	0	0	0	0	0	0	0	0	0	
BAHAMAS-3GB-15D	B0H6MB828R	B0H6MB828R	Bahamas eSIM 3GB 15Days	New	27.99	No		Yes	0	0	0	0	0	96.03	0	0	0	0	0	0	0	0	0	0	
BAHAMAS-5GB-30D	B0H6MFGH8P	B0H6MFGH8P	Bahamas eSIM 5GB 30Days	New	36.99	No		Yes	0	0	0	0	0	96.03	0	0	0	0	0	0	0	0	0	0	
BAHRAIN-3GB-15D	B0FR9K64KF	B0FR9K64KF	Bahrain eSIM 3GB 15Days	New	8.99	No		Yes	0	0	0	0	0	96.03	0	0	0	0	0	0	0	0	0	0	
BANGLADESH-20GB-30D	B0FR8FJ3HJ	B0FR8FJ3HJ	Bangladesh eSIM 20GB 30Days	New	19.99	No		Yes	0	0	0	0	0	96.03	0	0	0	0	0	0	0	0	0	0	
BANGLADESH-3GB-15D	B0FR9L7SG3	B0FR9L7SG3	Bangladesh eSIM 3GB 15Days	New	7.99	No		Yes	0	0	0	0	0	96.03	0	0	0	0	0	0	0	0	0	0	
BANGLADESH-5GB-30D	B0FR9BQFCM	B0FR9BQFCM	Bangladesh eSIM 5GB 30Days	New	8.99	No		Yes	0	0	0	0	0	96.03	0	0	0	0	0	0	0	0	0	0	
BARBADOS-20GB-30D	B0H6MJ921X	B0H6MJ921X	Barbados eSIM 20GB 30Days	New	72.99	No		Yes	0	0	0	0	0	96.03	0	0	0	0	0	0	0	0	0	0	
BARBADOS-3GB-15D	B0H6MCD72X	B0H6MCD72X	Barbados eSIM 3GB 15Days	New	19.99	No		Yes	0	0	0	0	0	96.03	0	0	0	0	0	0	0	0	0	0	
BARBADOS-5GB-30D	B0H6MG6VYJ	B0H6MG6VYJ	Barbados eSIM 5GB 30Days	New	26.99	No		Yes	0	0	0	0	0	96.03	0	0	0	0	0	0	0	0	0	0	
BA_3_15	B0FR9G8ZVK	B0FR9G8ZVK	Bosnia and Herzegovina eSIM 3GB 15 Days | Pay As You Go Data SIM | Easy Setup | Travel SIM for Tourists & Business | 3G/4G Speeds	New	6.99	No		Yes	0	0	0	0	0	169.44	0	0	0	0	0	0	0	0	0	0	
BD_20_30	B0FR8FJ3HJ	B0FR8FJ3HJ	Bangladesh eSIM 20GB 30Days	New	42.49	No		Yes	0	0	0	0	0	96.03	0	0	0	0	0	0	0	0	0	0	
BD_3_15	B0FR9L7SG3	B0FR9L7SG3	Bangladesh eSIM 3GB 15Days	New	9.49	No		Yes	0	0	0	0	0	96.03	0	0	0	0	0	0	0	0	0	0	
BD_5_30	B0FR9BQFCM	B0FR9BQFCM	Bangladesh eSIM 5GB 30Days	New	14.49	No		Yes	0	0	0	0	0	96.03	0	0	0	0	0	0	0	0	0	0	
BELARUS-3GB-15D	B0FR9G3Z82	B0FR9G3Z82	Belarus eSIM 3GB 15Days	New	7.99	No		Yes	0	0	0	0	0	96.03	0	0	0	0	0	0	0	0	0	0	
BELARUS-5GB-30D	B0FR8FFT4D	B0FR8FFT4D	Belarus eSIM 5GB 30Days	New	9.99	No		Yes	0	0	0	0	0	96.03	0	0	0	0	0	0	0	0	0	0	
BELGIUM-20GB-30D	B0FR9BVRCH	B0FR9BVRCH	Belgium eSIM 20GB 30Days	New	12.99	No		Yes	30	30	0	0	30	96.03	0	0	0	0	0	0	30	0	0	30	
BELGIUM-3GB-15D	B0FR9G432K	B0FR9G432K	Belgium eSIM 3GB 15Days	New	6.99	No		Yes	60	60	0	0	60	96.03	0	0	0	0	0	0	60	0	0	60	
BELGIUM-5GB-30D	B0FR9SXCW6	B0FR9SXCW6	Belgium eSIM 5GB 30Days	New	7.99	No		Yes	60	60	0	0	60	96.03	0	0	0	0	0	0	60	0	0	60	
BELIZE-20GB-30D	B0H6MBSQM8	B0H6MBSQM8	Belize eSIM 20GB 30Days	New	124.99	No		Yes	0	0	0	0	0	96.03	0	0	0	0	0	0	0	0	0	0	
BELIZE-3GB-15D	B0H6MFPNTX	B0H6MFPNTX	Belize eSIM 3GB 15Days	New	27.99	No		Yes	0	0	0	0	0	96.03	0	0	0	0	0	0	0	0	0	0	
BELIZE-5GB-30D	B0H6MF1H4V	B0H6MF1H4V	Belize eSIM 5GB 30Days	New	45.99	No		Yes	0	0	0	0	0	96.03	0	0	0	0	0	0	0	0	0	0	
BENIN-20GB-30D	B0H6M7VGSZ	B0H6M7VGSZ	Benin eSIM 20GB 30Days	New	65.99	No		Yes	0	0	0	0	0	96.03	0	0	0	0	0	0	0	0	0	0	
BENIN-3GB-15D	B0H6M9YHDR	B0H6M9YHDR	Benin eSIM 3GB 15Days	New	15.99	No		Yes	0	0	0	0	0	96.03	0	0	0	0	0	0	0	0	0	0	
BENIN-5GB-30D	B0H6MHRNBH	B0H6MHRNBH	Benin eSIM 5GB 30Days	New	26.99	No		Yes	0	0	0	0	0	96.03	0	0	0	0	0	0	0	0	0	0	
BERMUDA-20GB-30D	B0H6MCGQ77	B0H6MCGQ77	Bermuda eSIM 20GB 30Days	New	86.99	No		Yes	0	0	0	0	0	96.03	0	0	0	0	0	0	0	0	0	0	
BERMUDA-3GB-15D	B0H6MDMTGH	B0H6MDMTGH	Bermuda eSIM 3GB 15Days	New	21.99	No		Yes	0	0	0	0	0	96.03	0	0	0	0	0	0	0	0	0	0	
BERMUDA-5GB-30D	B0H6MFM5X4	B0H6MFM5X4	Bermuda eSIM 5GB 30Days	New	28.99	No		Yes	0	0	0	0	0	96.03	0	0	0	0	0	0	0	0	0	0	
BE_20_30	B0FR9BVRCH	B0FR9BVRCH	Belgium eSIM 20GB 30Days	New	15.99	No		Yes	30	30	0	0	30	96.03	0	0	0	0	0	0	30	0	0	30	
BE_3_15	B0FR9G432K	B0FR9G432K	Belgium eSIM 3GB 15Days	New	5.99	No		Yes	60	60	0	0	60	96.03	0	0	0	0	0	0	60	0	0	60	
BE_5_30	B0FR9SXCW6	B0FR9SXCW6	Belgium eSIM 5GB 30Days	New	6.99	No		Yes	60	60	0	0	60	96.03	0	0	0	0	0	0	60	0	0	60	
BF_3_15	B0FR9HWFSK	B0FR9HWFSK	Burkina Faso eSIM 3GB 15 Days | Prepaid Travel eSIM | Pay As You Go Data SIM | Easy QR Code Activation | 3G/4G Speeds	New	23.49	No		Yes	0	0	0	0	0	169.44	0	0	0	0	0	0	0	0	0	0	
BF_5_30	B0FR9BWKSY	B0FR9BWKSY	Burkina Faso eSIM 5GB 30 Days | Prepaid Travel eSIM | Pay As You Go Data SIM | Quick QR Code Activation | 3G/4G Speeds	New	34.49	No		Yes	0	0	0	0	0	169.44	0	0	0	0	0	0	0	0	0	0	
BHUTAN-20GB-30D	B0H6M5WDSH	B0H6M5WDSH	Bhutan eSIM 20GB 30Days	New	49.99	No		Yes	0	0	0	0	0	96.03	0	0	0	0	0	0	0	0	0	0	
BHUTAN-3GB-15D	B0H6MJB588	B0H6MJB588	Bhutan eSIM 3GB 15Days	New	14.99	No		Yes	0	0	0	0	0	96.03	0	0	0	0	0	0	0	0	0	0	
BHUTAN-5GB-30D	B0H6M9C23Q	B0H6M9C23Q	Bhutan eSIM 5GB 30Days	New	16.99	No		Yes	0	0	0	0	0	96.03	0	0	0	0	0	0	0	0	0	0	
BH_3_15	B0FR9K64KF	B0FR9K64KF	Bahrain eSIM 3GB 15Days	New	8.49	No		Yes	0	0	0	0	0	96.03	0	0	0	0	0	0	0	0	0	0	
BN_20_30	B0FR9F971C	B0FR9F971C	Brunei Darussalam eSIM 20GB 30 Days | Prepaid Travel eSIM | Pay As You Go Data SIM | Easy QR Code Activation | 3G/4G Speeds	New	66.49	No		Yes	0	0	0	0	0	169.44	0	0	0	0	0	0	0	0	0	0	
BN_3_15	B0FR9KTJND	B0FR9KTJND	Brunei Darussalam eSIM 3GB 15 Days | Prepaid Travel eSIM | Pay As You Go Data SIM | Easy Activation | 3G/4G Speeds	New	14.99	No		Yes	0	0	0	0	0	169.44	0	0	0	0	0	0	0	0	0	0	
BOLIVIA-20GB-30D	B0FR9RH588	B0FR9RH588	Bolivia eSIM 20GB 30Days	New	76.99	No		Yes	0	0	0	0	0	96.03	0	0	0	0	0	0	0	0	0	0	
BOLIVIA-3GB-15D	B0FR8FKPKH	B0FR8FKPKH	Bolivia eSIM 3GB 15Days	New	20.99	No		Yes	0	0	0	0	0	96.03	0	0	0	0	0	0	0	0	0	0	
BOSNIA-AND-HERZEGOVINA-3GB-15D	B0FR9G8ZVK	B0FR9G8ZVK	Bosnia and Herzegovina eSIM 3GB 15 Days | Pay As You Go Data SIM | Easy Setup | Travel SIM for Tourists & Business | 3G/4G Speeds	New	9.99	No		Yes	0	0	0	0	0	169.44	0	0	0	0	0	0	0	0	0	0	
BOTSWANA-3GB-15D	B0FR9G7N2Q	B0FR9G7N2Q	Botswana eSIM 3GB 15Days	New	19.99	No		Yes	0	0	0	0	0	96.03	0	0	0	0	0	0	0	0	0	0	
BO_20_30	B0FR9RH588	B0FR9RH588	Bolivia eSIM 20GB 30Days	New	131.99	No		Yes	0	0	0	0	0	96.03	0	0	0	0	0	0	0	0	0	0	
BO_3_15	B0FR8FKPKH	B0FR8FKPKH	Bolivia eSIM 3GB 15Days	New	22.49	No		Yes	0	0	0	0	0	96.03	0	0	0	0	0	0	0	0	0	0	
BRAZIL-20GB-30D	B0FR9KLZCR	B0FR9KLZCR	Brazil eSIM 20GB 30Days	New	28.99	No		Yes	0	0	0	0	0	96.03	0	0	0	0	0	0	0	0	0	0	
BRAZIL-3GB-15D	B0FR9G5LKV	B0FR9G5LKV	Brazil eSIM 3GB 15Days	New	8.99	No		Yes	0	0	0	0	0	96.03	0	0	0	0	0	0	0	0	0	0	
BRUNEI-DARUSSALAM-20GB-30D	B0FR9F971C	B0FR9F971C	Brunei Darussalam eSIM 20GB 30 Days | Prepaid Travel eSIM | Pay As You Go Data SIM | Easy QR Code Activation | 3G/4G Speeds	New	56.99	No		Yes	0	0	0	0	0	169.44	0	0	0	0	0	0	0	0	0	0	
BRUNEI-DARUSSALAM-3GB-15D	B0FR9KTJND	B0FR9KTJND	Brunei Darussalam eSIM 3GB 15 Days | Prepaid Travel eSIM | Pay As You Go Data SIM | Easy Activation | 3G/4G Speeds	New	11.99	No		Yes	0	0	0	0	0	169.44	0	0	0	0	0	0	0	0	0	0	
BR_20_30	B0FR9KLZCR	B0FR9KLZCR	Brazil eSIM 20GB 30Days	New	33.49	No		Yes	0	0	0	0	0	96.03	0	0	0	0	0	0	0	0	0	0	
BR_3_15	B0FR9G5LKV	B0FR9G5LKV	Brazil eSIM 3GB 15Days	New	7.49	No		Yes	0	0	0	0	0	96.03	0	0	0	0	0	0	0	0	0	0	
BULGARIA-3GB-15D	B0H6MCT4Y5	B0H6MCT4Y5	Bulgaria eSIM 3GB 15Days	New	6.99	No		Yes	0	0	0	0	0	96.03	0	0	0	0	0	0	0	0	0	0	
BURKINA-FASO-3GB-15D	B0FR9HWFSK	B0FR9HWFSK	Burkina Faso eSIM 3GB 15 Days | Prepaid Travel eSIM | Pay As You Go Data SIM | Easy QR Code Activation | 3G/4G Speeds	New	10.99	No		Yes	0	0	0	0	0	169.44	0	0	0	0	0	0	0	0	0	0	
BURKINA-FASO-5GB-30D	B0FR9BWKSY	B0FR9BWKSY	Burkina Faso eSIM 5GB 30 Days | Prepaid Travel eSIM | Pay As You Go Data SIM | Quick QR Code Activation | 3G/4G Speeds	New	24.99	No		Yes	0	0	0	0	0	169.44	0	0	0	0	0	0	0	0	0	0	
BW_3_15	B0FR9G7N2Q	B0FR9G7N2Q	Botswana eSIM 3GB 15Days	New	23.49	No		Yes	0	0	0	0	0	96.03	0	0	0	0	0	0	0	0	0	0	
BY_3_15	B0FR9G3Z82	B0FR9G3Z82	Belarus eSIM 3GB 15Days	New	8.49	No		Yes	0	0	0	0	0	96.03	0	0	0	0	0	0	0	0	0	0	
BY_5_30	B0FR8FFT4D	B0FR8FFT4D	Belarus eSIM 5GB 30Days	New	13.99	No		Yes	0	0	0	0	0	96.03	0	0	0	0	0	0	0	0	0	0	
CAMBODIA-20GB-30D	B0FR9GFJPL	B0FR9GFJPL	Cambodia eSIM 20GB 30Days	New	22.99	No		Yes	0	0	0	0	0	96.03	0	0	0	0	0	0	0	0	0	0	
CAMBODIA-3GB-15D	B0FR8XKMJ4	B0FR8XKMJ4	Cambodia eSIM 3GB 15Days	New	7.99	No		Yes	0	0	0	0	0	96.03	0	0	0	0	0	0	0	0	0	0	
CAMEROON-3GB-15D	B0FR9VJ1ZB	B0FR9VJ1ZB	Cameroon eSIM 3GB 15Days	New	17.99	No		Yes	0	0	0	0	0	96.03	0	0	0	0	0	0	0	0	0	0	
CANADA-PREMIUM-20GB-30D	B0H6MJ9N4Y	B0H6MJ9N4Y	Canada eSIM 20GB 30Days Premium	New	24.99	No		Yes	0	0	0	0	0	96.03	0	0	0	0	0	0	0	0	0	0	
CANADA-PREMIUM-3GB-15D	B0H6MJ1HMJ	B0H6MJ1HMJ	Canada eSIM 3GB 15Days Premium	New	8.99	No		Yes	0	0	0	0	0	96.03	0	0	0	0	0	0	0	0	0	0	
CANADA-PREMIUM-5GB-30D	B0H6MPXGBN	B0H6MPXGBN	Canada eSIM 5GB 30Days Premium	New	12.99	No		Yes	0	0	0	0	0	96.03	0	0	0	0	0	0	0	0	0	0	
CAPE-VERDE-20GB-30D	B0H6M9VSPG	B0H6M9VSPG	Cape Verde eSIM 20GB 30Days	New	139.99	No		Yes	0	0	0	0	0	96.03	0	0	0	0	0	0	0	0	0	0	
CAPE-VERDE-3GB-15D	B0H6M9R16H	B0H6M9R16H	Cape Verde eSIM 3GB 15Days	New	27.99	No		Yes	0	0	0	0	0	96.03	0	0	0	0	0	0	0	0	0	0	
CAPE-VERDE-5GB-30D	B0H6MFG453	B0H6MFG453	Cape Verde eSIM 5GB 30Days	New	46.99	No		Yes	0	0	0	0	0	96.03	0	0	0	0	0	0	0	0	0	0	
CAYMAN-ISLANDS-20GB-30D	B0H6MGXYNS	B0H6MGXYNS	Cayman Islands eSIM 20GB 30Days	New	81.99	No		Yes	0	0	0	0	0	96.03	0	0	0	0	0	0	0	0	0	0	
CAYMAN-ISLANDS-3GB-15D	B0H6MLHBD7	B0H6MLHBD7	Cayman Islands eSIM 3GB 15Days	New	22.99	No		Yes	0	0	0	0	0	96.03	0	0	0	0	0	0	0	0	0	0	
CAYMAN-ISLANDS-5GB-30D	B0H6M55MKK	B0H6M55MKK	Cayman Islands eSIM 5GB 30Days	New	29.99	No		Yes	0	0	0	0	0	96.03	0	0	0	0	0	0	0	0	0	0	
CA_20_30	B0FR9BY42D	B0FR9BY42D	Canada eSIM 20GB 30 Days | Pay As You Go Data SIM | Easy Setup | Travel SIM for Tourists & Business | 3G/4G Speeds | Free Travel Guide Included	New	22.49	No		Yes	20	20	0	0	20		0	0	0	0	0	0	20	0	0	20	
CA_3_15	B0FR9RZLF3	B0FR9RZLF3	Canada eSIM 3GB 15 Days | Pay As You Go Data SIM | Easy Setup | Travel SIM for Tourists & Business | 3G/4G Speeds | Free Travel Guide Included	New	6.99	No		Yes	52	52	0	0	52		0	0	0	0	0	0	52	0	0	52	
CA_5_30	B0FR9SYCBK	B0FR9SYCBK	Canada eSIM 5GB 30 Days | Pay As You Go Data SIM | Easy Setup | Travel SIM for Tourists & Business | 3G/4G Speeds | Free Travel Guide Included	New	9.99	No		Yes	48	48	0	0	48		0	0	0	0	0	0	48	0	0	48	
CENTRAL-AFRICAN-REPUBLIC-3GB-15D	B0FR9RK8FP	B0FR9RK8FP	Central African Republic eSIM 3GB 15Days	New	17.99	No		Yes	0	0	0	0	0	96.03	0	0	0	0	0	0	0	0	0	0	
CENTRAL-AFRICAN-REPUBLIC-5GB-30D	B0FR9R3NMC	B0FR9R3NMC	Central African Republic eSIM 5GB 30Days	New	28.99	No		Yes	0	0	0	0	0	96.03	0	0	0	0	0	0	0	0	0	0	
CF_3_15	B0FR9RK8FP	B0FR9RK8FP	Central African Republic eSIM 3GB 15Days	New	23.49	No		Yes	0	0	0	0	0	96.03	0	0	0	0	0	0	0	0	0	0	
CF_5_30	B0FR9R3NMC	B0FR9R3NMC	Central African Republic eSIM 5GB 30Days	New	34.49	No		Yes	0	0	0	0	0	96.03	0	0	0	0	0	0	0	0	0	0	
CHAD-3GB-15D	B0FR9SG4MK	B0FR9SG4MK	Chad eSIM 3GB 15Days	New	14.99	No		Yes	0	0	0	0	0	96.03	0	0	0	0	0	0	0	0	0	0	
CHAD-5GB-30D	B0FR9L414C	B0FR9L414C	Chad eSIM 5GB 30Days	New	23.99	No		Yes	0	0	0	0	0	96.03	0	0	0	0	0	0	0	0	0	0	
CHILE-3GB-15D	B0FR9RY1RT	B0FR9RY1RT	Chile eSIM 3GB 15Days	New	11.99	No		Yes	0	0	0	0	0	96.03	0	0	0	0	0	0	0	0	0	0	
CHINA-20GB-30D	B0FR9GD6X9	B0FR9GD6X9	China eSIM 20GB 30Days	New	15.99	No		Yes	0	0	0	0	0	96.03	0	0	0	0	0	0	0	0	0	0	
CHINA-3GB-15D	B0FR9QZ578	B0FR9QZ578	China eSIM 3GB 15Days	New	6.99	No		Yes	25	25	0	0	25	96.03	0	0	0	0	0	0	25	0	0	25	
CHINA-5GB-30D	B0FR9HX7XH	B0FR9HX7XH	China eSIM 5GB 30Days	New	7.99	No		Yes	24	24	0	0	24	96.03	0	0	0	0	0	0	24	0	0	24	
CH_20_30	B0FRB6VY7S	B0FRB6VY7S	Switzerland eSIM 20GB 30 Days | Pay As You Go Data SIM | Easy Setup | Travel SIM for Tourists & Business | 3G/4G/5G Speeds | Free Travel Guide Inlcuded	New	13.99	No		Yes	0	0	0	0	0	96.03	0	0	0	0	0	0	0	0	0	0	
CH_3_15	B0FRB5LFVC	B0FRB5LFVC	Switzerland eSIM 3GB 15 Days | Pay As You Go Data SIM | Easy Setup | Travel SIM for Tourists & Business | 3G/4G/5G Speeds | Free Travel Guide Inlcuded	New	4.99	No		Yes	0	0	0	0	0	96.03	0	0	0	0	0	0	0	0	0	0	
CH_5_30	B0FRB7G4VW	B0FRB7G4VW	Switzerland eSIM 5GB 30 Days | Pay As You Go Data SIM | Easy Setup | Travel SIM for Tourists & Business | 3G/4G Speeds | Free Travel Guide Inlcuded	New	6.99	No		Yes	0	0	0	0	0	96.03	0	0	0	0	0	0	0	0	0	0	
CI_3_15	B0FR9HW9DJ	B0FR9HW9DJ	Cote d'Ivoire eSIM 3GB 15 Days | Pay As You Go Data SIM | Easy Setup | Travel SIM for Tourists & Business | 3G/4G Speeds	New	23.49	No		Yes	0	0	0	0	0	169.44	0	0	0	0	0	0	0	0	0	0	
CI_5_30	B0FR9V5LYJ	B0FR9V5LYJ	Cote d'Ivoire eSIM 5GB 30 Days | Pay As You Go Data SIM | Easy Setup | Travel SIM for Tourists & Business | 3G/4G Speeds	New	34.49	No		Yes	0	0	0	0	0	169.44	0	0	0	0	0	0	0	0	0	0	
CL_3_15	B0FR9RY1RT	B0FR9RY1RT	Chile eSIM 3GB 15Days	New	18.99	No		Yes	0	0	0	0	0	96.03	0	0	0	0	0	0	0	0	0	0	
CM_3_15	B0FR9VJ1ZB	B0FR9VJ1ZB	Cameroon eSIM 3GB 15Days	New	23.49	No		Yes	0	0	0	0	0	96.03	0	0	0	0	0	0	0	0	0	0	
CN_20_30	B0FR9GD6X9	B0FR9GD6X9	China eSIM 20GB 30Days	New	15.99	No		Yes	0	0	0	0	0	96.03	0	0	0	0	0	0	0	0	0	0	
CN_3_15	B0FR9QZ578	B0FR9QZ578	China eSIM 3GB 15Days	New	5.99	No		Yes	25	25	0	0	25	96.03	0	0	0	0	0	0	25	0	0	25	
CN_5_30	B0FR9HX7XH	B0FR9HX7XH	China eSIM 5GB 30Days	New	7.99	No		Yes	24	24	0	0	24	96.03	0	0	0	0	0	0	24	0	0	24	
COLOMBIA-3GB-15D	B0FR9RL8W5	B0FR9RL8W5	Colombia eSIM 3GB 15Days	New	11.99	No		Yes	0	0	0	0	0	96.03	0	0	0	0	0	0	0	0	0	0	
COSTA-RICA-3GB-15D	B0FR9LNRMN	B0FR9LNRMN	Costa Rica eSIM 3GB 15Days	New	12.99	No		Yes	0	0	0	0	0	96.03	0	0	0	0	0	0	0	0	0	0	
COTE-D-IVOIRE-3GB-15D	B0FR9HW9DJ	B0FR9HW9DJ	Cote d'Ivoire eSIM 3GB 15 Days | Pay As You Go Data SIM | Easy Setup | Travel SIM for Tourists & Business | 3G/4G Speeds	New	20.99	No		Yes	0	0	0	0	0	169.44	0	0	0	0	0	0	0	0	0	0	
COTE-D-IVOIRE-5GB-30D	B0FR9V5LYJ	B0FR9V5LYJ	Cote d'Ivoire eSIM 5GB 30 Days | Pay As You Go Data SIM | Easy Setup | Travel SIM for Tourists & Business | 3G/4G Speeds	New	26.99	No		Yes	0	0	0	0	0	169.44	0	0	0	0	0	0	0	0	0	0	
CO_3_15	B0FR9RL8W5	B0FR9RL8W5	Colombia eSIM 3GB 15Days	New	9.49	No		Yes	0	0	0	0	0	96.03	0	0	0	0	0	0	0	0	0	0	
CROATIA-20GB-30D	B0FR9TYCSL	B0FR9TYCSL	Croatia eSIM 20GB 30Days	New	14.99	No		Yes	0	0	0	0	0	96.03	0	0	0	0	0	0	0	0	0	0	
CROATIA-3GB-15D	B0FR9GDKT1	B0FR9GDKT1	Croatia eSIM 3GB 15Days	New	6.99	No		Yes	0	0	0	0	0	96.03	0	0	0	0	0	0	0	0	0	0	
CROATIA-5GB-30D	B0FR9BVV58	B0FR9BVV58	Croatia eSIM 5GB 30Days	New	7.99	No		Yes	0	0	0	0	0	96.03	0	0	0	0	0	0	0	0	0	0	
CR_3_15	B0FR9LNRMN	B0FR9LNRMN	Costa Rica eSIM 3GB 15Days	New	14.99	No		Yes	0	0	0	0	0	96.03	0	0	0	0	0	0	0	0	0	0	
CURACAO-20GB-30D	B0H6MF51WH	B0H6MF51WH	Curacao eSIM 20GB 30Days	New	67.99	No		Yes	0	0	0	0	0	96.03	0	0	0	0	0	0	0	0	0	0	
CURACAO-3GB-15D	B0H6M81JPM	B0H6M81JPM	Curacao eSIM 3GB 15Days	New	18.99	No		Yes	0	0	0	0	0	96.03	0	0	0	0	0	0	0	0	0	0	
CURACAO-5GB-30D	B0H6MGZLBC	B0H6MGZLBC	Curacao eSIM 5GB 30Days	New	24.99	No		Yes	0	0	0	0	0	96.03	0	0	0	0	0	0	0	0	0	0	
CYPRUS-3GB-15D	B0FR8XJWWG	B0FR8XJWWG	Cyprus eSIM 3GB 15Days	New	6.99	No		Yes	0	0	0	0	0	96.03	0	0	0	0	0	0	0	0	0	0	
CYPRUS-5GB-30D	B0FR8XHWZV	B0FR8XHWZV	Cyprus eSIM 5GB 30Days	New	7.99	No		Yes	0	0	0	0	0	96.03	0	0	0	0	0	0	0	0	0	0	
CY_3_15	B0FR8XJWWG	B0FR8XJWWG	Cyprus eSIM 3GB 15Days	New	2.99	No		Yes	0	0	0	0	0	96.03	0	0	0	0	0	0	0	0	0	0	
CY_5_30	B0FR8XHWZV	B0FR8XHWZV	Cyprus eSIM 5GB 30Days	New	4.49	No		Yes	0	0	0	0	0	96.03	0	0	0	0	0	0	0	0	0	0	
CZECH-REPUBLIC-20GB-30D	B0FR9SVN9H	B0FR9SVN9H	Czech Republic eSIM 20GB 30Days	New	14.99	No		Yes	0	0	0	0	0	96.03	0	0	0	0	0	0	0	0	0	0	
CZECH-REPUBLIC-3GB-15D	B0FR9SB2Q3	B0FR9SB2Q3	Czech Republic eSIM 3GB 15Days	New	6.99	No		Yes	0	0	0	0	0	96.03	0	0	0	0	0	0	0	0	0	0	
CZECH-REPUBLIC-5GB-30D	B0FR9BY2LF	B0FR9BY2LF	Czech Republic eSIM 5GB 30Days	New	7.99	No		Yes	0	0	0	0	0	96.03	0	0	0	0	0	0	0	0	0	0	
CZ_20_30	B0FR9SVN9H	B0FR9SVN9H	Czech Republic eSIM 20GB 30Days	New	13.49	No		Yes	0	0	0	0	0	96.03	0	0	0	0	0	0	0	0	0	0	
CZ_3_15	B0FR9SB2Q3	B0FR9SB2Q3	Czech Republic eSIM 3GB 15Days	New	2.99	No		Yes	0	0	0	0	0	96.03	0	0	0	0	0	0	0	0	0	0	
CZ_5_30	B0FR9BY2LF	B0FR9BY2LF	Czech Republic eSIM 5GB 30Days	New	4.49	No		Yes	0	0	0	0	0	96.03	0	0	0	0	0	0	0	0	0	0	
DEMOCRATIC-REPUBLIC-OF-THE-CONGO-3GB-15D	B0H6LZL22Y	B0H6LZL22Y	Democratic Republic of the Congo eSIM 3GB 15Days	New	11.99	No		Yes	0	0	0	0	0	96.03	0	0	0	0	0	0	0	0	0	0	
DEMOCRATIC-REPUBLIC-OF-THE-CONGO-5GB-30D	B0H6M6L8Z8	B0H6M6L8Z8	Democratic Republic of the Congo eSIM 5GB 30Days	New	18.99	No		Yes	0	0	0	0	0	96.03	0	0	0	0	0	0	0	0	0	0	
DENMARK-20GB-30D	B0FR9QPF45	B0FR9QPF45	Denmark eSIM 20GB 30Days	New	12.99	No		Yes	0	0	0	0	0	96.03	0	0	0	0	0	0	0	0	0	0	
DENMARK-3GB-15D	B0FR9GSNP4	B0FR9GSNP4	Denmark eSIM 3GB 15Days	New	6.99	No		Yes	0	0	0	0	0	96.03	0	0	0	0	0	0	0	0	0	0	
DENMARK-5GB-30D	B0FR8XQYR4	B0FR8XQYR4	Denmark eSIM 5GB 30Days	New	7.99	No		Yes	0	0	0	0	0	96.03	0	0	0	0	0	0	0	0	0	0	
DE_20_30	B0GSZP9H94	B0GSZP9H94	Germany eSIM 20GB 30 Days | Pay As You Go Data SIM | Easy Setup | Travel SIM for Tourists & Business | 3G/4G Speeds | Free Travel Guide Inlcuded	Unknown					20	20	0	0	20	96.03	0	0	0	0	0	0	20	0	0	20	
DE_3_15	B0GSZBMLKV	B0GSZBMLKV	Germany eSIM 3GB 15 Days | Pay As You Go Data SIM | Easy Setup | Travel SIM for Tourists & Business | 3G/4G/5G Speeds | Free Travel Guide Inlcuded	Unknown					92	92	0	0	92	181.08	0	0	0	0	0	0	92	0	0	92	
DE_5_30	B0GSZDYWLZ	B0GSZDYWLZ	Germany Travel Data SIM 5GB 30 Days + FREE Travel Guide Included - Prepaid Tourist Mobile Internet	Unknown					73	73	0	0	73	96.03	0	0	0	0	0	0	73	0	0	73	
DK_20_30	B0FR9QPF45	B0FR9QPF45	Denmark eSIM 20GB 30Days	New	12.99	No		Yes	0	0	0	0	0	96.03	0	0	0	0	0	0	0	0	0	0	
DK_3_15	B0FR9GSNP4	B0FR9GSNP4	Denmark eSIM 3GB 15Days	New	2.99	No		Yes	0	0	0	0	0	96.03	0	0	0	0	0	0	0	0	0	0	
DK_5_30	B0FR8XQYR4	B0FR8XQYR4	Denmark eSIM 5GB 30Days	New	4.49	No		Yes	0	0	0	0	0	96.03	0	0	0	0	0	0	0	0	0	0	
DOMINICA-20GB-30D	B0H6MK8XTJ	B0H6MK8XTJ	Dominica eSIM 20GB 30Days	New	75.99	No		Yes	0	0	0	0	0	96.03	0	0	0	0	0	0	0	0	0	0	
DOMINICA-3GB-15D	B0H6M9H54M	B0H6M9H54M	Dominica eSIM 3GB 15Days	New	20.99	No		Yes	0	0	0	0	0	96.03	0	0	0	0	0	0	0	0	0	0	
DOMINICA-5GB-30D	B0H6M5HR32	B0H6M5HR32	Dominica eSIM 5GB 30Days	New	27.99	No		Yes	0	0	0	0	0	96.03	0	0	0	0	0	0	0	0	0	0	
DOMINICAN-REPUBLIC-20GB-30D	B0FR9C6DJF	B0FR9C6DJF	Dominican Republic eSIM 20GB 30Days	New	33.99	No		Yes	0	0	0	0	0	96.03	0	0	0	0	0	0	0	0	0	0	
DOMINICAN-REPUBLIC-3GB-15D	B0FR9GSKZF	B0FR9GSKZF	Dominican Republic eSIM 3GB 15Days	New	10.99	No		Yes	0	0	0	0	0	96.03	0	0	0	0	0	0	0	0	0	0	
DOMINICAN-REPUBLIC-5GB-30D	B0FR9GQKCM	B0FR9GQKCM	Dominican Republic eSIM 5GB 30Days	New	12.99	No		Yes	0	0	0	0	0	96.03	0	0	0	0	0	0	0	0	0	0	
DO_20_30	B0FR9C6DJF	B0FR9C6DJF	Dominican Republic eSIM 20GB 30Days	New	83.99	No		Yes	0	0	0	0	0	96.03	0	0	0	0	0	0	0	0	0	0	
DO_3_15	B0FR9GSKZF	B0FR9GSKZF	Dominican Republic eSIM 3GB 15Days	New	18.99	No		Yes	0	0	0	0	0	96.03	0	0	0	0	0	0	0	0	0	0	
DO_5_30	B0FR9GQKCM	B0FR9GQKCM	Dominican Republic eSIM 5GB 30Days	New	27.99	No		Yes	0	0	0	0	0	96.03	0	0	0	0	0	0	0	0	0	0	
DRC-20GB-30D	B0H6MZWFM7	B0H6MZWFM7	Democratic Republic of the Congo eSIM 20GB 30Days	New	50.99	No		Yes	0	0	0	0	0	96.03	0	0	0	0	0	0	0	0	0	0	
ECUADOR-3GB-15D	B0FR9RM6MP	B0FR9RM6MP	Ecuador eSIM 3GB 15Days	New	11.99	No		Yes	0	0	0	0	0	96.03	0	0	0	0	0	0	0	0	0	0	
EC_3_15	B0FR9RM6MP	B0FR9RM6MP	Ecuador eSIM 3GB 15Days	New	14.99	No		Yes	0	0	0	0	0	96.03	0	0	0	0	0	0	0	0	0	0	
EE_20_30	B0FR9L527N	B0FR9L527N	Estonia eSIM 20GB 30 Days | Pay As You Go Data SIM | Easy Setup | Travel SIM for Tourists & Business | 3G/4G Speeds | Prepaid Data Plan for Estonia Travelers	New	14.49	No		Yes	0	0	0	0	0	169.44	0	0	0	0	0	0	0	0	0	0	
EE_3_15	B0FR9GST1S	B0FR9GST1S	Estonia eSIM 3GB 15 Days | Pay As You Go Data SIM | Easy Setup | Travel SIM for Tourists & Business | 3G/4G/5G Speeds | Prepaid SIM for Estonia Travelers	New	2.99	No		Yes	0	0	0	0	0	169.44	0	0	0	0	0	0	0	0	0	0	
EE_5_30	B0FR9GQYKB	B0FR9GQYKB	Estonia eSIM 5GB 30 Days | Pay As You Go Data SIM | Easy Setup | Travel SIM for Tourists & Business | 3G/4G Speeds | Prepaid SIM for Estonia Visitors	New	4.49	No		Yes	0	0	0	0	0	169.44	0	0	0	0	0	0	0	0	0	0	
EGYPT-20GB-30D	B0FR9GQBGL	B0FR9GQBGL	Egypt eSIM 20GB 30Days	New	24.99	No		Yes	5	5	0	0	5	96.03	0	0	0	0	0	0	5	0	0	5	
EGYPT-3GB-15D	B0FR9C784N	B0FR9C784N	Egypt eSIM 3GB 15Days	New	8.99	No		Yes	18	18	0	0	18	96.03	0	0	0	0	0	0	18	0	0	18	
EGYPT-5GB-30D	B0FR9LR5KJ	B0FR9LR5KJ	Egypt eSIM 5GB 30Days	New	12.99	No		Yes	0	0	0	0	0	96.03	0	0	0	0	0	0	0	0	0	0	
EG_20_30	B0FR9GQBGL	B0FR9GQBGL	Egypt eSIM 20GB 30Days	New	29.99	No		Yes	5	5	0	0	5	96.03	0	0	0	0	0	0	5	0	0	5	
EG_3_15	B0FR9C784N	B0FR9C784N	Egypt eSIM 3GB 15Days	New	8.99	No		Yes	18	18	0	0	18	96.03	0	0	0	0	0	0	18	0	0	18	
EG_3_30	B0FR9GNL93	B0FR9GNL93	Egypt eSIM 3GB 30 Days | Pay As You Go Data SIM | Easy Setup | Travel SIM for Tourists & Business | 3G/4G Speeds | Free Travel Guide Included	Unknown					0	0	0	0	0		0	0	0	0	0	0	0	0	0	0	
EG_5_30	B0FR9LR5KJ	B0FR9LR5KJ	Egypt eSIM 5GB 30Days	New	11.49	No		Yes	0	0	0	0	0	96.03	0	0	0	0	0	0	0	0	0	0	
EL-SALVADOR-3GB-15D	B0FR9LJ7X4	B0FR9LJ7X4	El Salvador eSIM 3GB 15Days	New	14.99	No		Yes	0	0	0	0	0	96.03	0	0	0	0	0	0	0	0	0	0	
ESTONIA-20GB-30D	B0FR9L527N	B0FR9L527N	Estonia eSIM 20GB 30 Days | Pay As You Go Data SIM | Easy Setup | Travel SIM for Tourists & Business | 3G/4G Speeds | Prepaid Data Plan for Estonia Travelers	New	12.99	No		Yes	0	0	0	0	0	169.44	0	0	0	0	0	0	0	0	0	0	
ESTONIA-3GB-15D	B0FR9GST1S	B0FR9GST1S	Estonia eSIM 3GB 15 Days | Pay As You Go Data SIM | Easy Setup | Travel SIM for Tourists & Business | 3G/4G/5G Speeds | Prepaid SIM for Estonia Travelers	New	6.99	No		Yes	0	0	0	0	0	169.44	0	0	0	0	0	0	0	0	0	0	
ESTONIA-5GB-30D	B0FR9GQYKB	B0FR9GQYKB	Estonia eSIM 5GB 30 Days | Pay As You Go Data SIM | Easy Setup | Travel SIM for Tourists & Business | 3G/4G Speeds | Prepaid SIM for Estonia Visitors	New	7.99	No		Yes	0	0	0	0	0	169.44	0	0	0	0	0	0	0	0	0	0	
ES_20_30	B0FRCMPGPL	B0FRCMPGPL	Spain eSIM 20GB 30 Days | Pay As You Go Data SIM | Easy Setup | Travel SIM for Tourists & Business | 3G/4G Speeds | Free Travel Guide Inlcuded	New	14.99	No		Yes	42	42	0	0	42	96.03	0	0	0	0	0	0	42	0	0	42	
ES_3_15	B0FRCDHTZ7	B0FRCDHTZ7	Spain eSIM 3GB 15 Days | Pay As You Go Data SIM | Easy Setup | Travel SIM for Tourists & Business | 3G/4G/5G Speeds | Free Travel Guide Inlcuded	New	5.99	No		Yes	247	247	0	0	247	181.08	0	0	0	0	0	0	247	0	0	247	
ES_5_30	B0FRBQCLZN	B0FRBQCLZN	Spain eSIM 5GB 30 Days | Pay As You Go Data SIM | Easy Setup | Travel SIM for Tourists & Business | 3G/4G Speeds | Free Travel Guide Inlcuded	New	7.99	No		Yes	116	116	0	0	116	181.08	0	0	0	0	0	0	116	0	0	116	
EU-42_20_30	B0FR9TNPV3	B0FR9TNPV3	Europe (40+ areas) eSIM 20GB 30 Days | Pay As You Go Data SIM | Easy Setup | Travel SIM for Tourists & Business | 3G/4G Speeds	New	42.49	No		Yes	0	0	0	0	0	96.03	0	0	0	0	0	0	0	0	0	0	
EU-42_5_30	B0FR9RYSSS	B0FR9RYSSS	Europe (40+ areas) eSIM 5GB 30 Days | Pay As You Go Data SIM | Easy Setup | Travel SIM for Tourists & Business | 3G/4G/5G Speeds	New	14.49	No		Yes	0	0	0	0	0	96.03	0	0	0	0	0	0	0	0	0	0	
EUROPE-40-AREAS-20GB-30D	B0FR9TNPV3	B0FR9TNPV3	Europe (40+ areas) eSIM 20GB 30 Days | Pay As You Go Data SIM | Easy Setup | Travel SIM for Tourists & Business | 3G/4G Speeds	New	16.99	No		Yes	0	0	0	0	0	96.03	0	0	0	0	0	0	0	0	0	0	
EUROPE-40-AREAS-5GB-30D	B0FR9RYSSS	B0FR9RYSSS	Europe (40+ areas) eSIM 5GB 30 Days | Pay As You Go Data SIM | Easy Setup | Travel SIM for Tourists & Business | 3G/4G/5G Speeds	New	7.99	No		Yes	0	0	0	0	0	96.03	0	0	0	0	0	0	0	0	0	0	
FAROE-ISLANDS-20GB-30D	B0H6MB82ZV	B0H6MB82ZV	Faroe Islands eSIM 20GB 30Days	New	24.99	No		Yes	0	0	0	0	0	96.03	0	0	0	0	0	0	0	0	0	0	
FAROE-ISLANDS-3GB-15D	B0H6ML935Q	B0H6ML935Q	Faroe Islands eSIM 3GB 15Days	New	7.99	No		Yes	0	0	0	0	0	96.03	0	0	0	0	0	0	0	0	0	0	
FAROE-ISLANDS-5GB-30D	B0H6MF2TVH	B0H6MF2TVH	Faroe Islands eSIM 5GB 30Days	New	9.99	No		Yes	0	0	0	0	0	96.03	0	0	0	0	0	0	0	0	0	0	
FIJI-20GB-30D	B0H6MGBL3N	B0H6MGBL3N	Fiji eSIM 20GB 30Days	New	34.99	No		Yes	0	0	0	0	0	96.03	0	0	0	0	0	0	0	0	0	0	
FIJI-3GB-15D	B0H6MFLWYD	B0H6MFLWYD	Fiji eSIM 3GB 15Days	New	10.99	No		Yes	0	0	0	0	0	96.03	0	0	0	0	0	0	0	0	0	0	
FIJI-5GB-30D	B0H6MJ7GS6	B0H6MJ7GS6	Fiji eSIM 5GB 30Days	New	11.99	No		Yes	0	0	0	0	0	96.03	0	0	0	0	0	0	0	0	0	0	
FINLAND-3GB-15D	B0FR9GSND6	B0FR9GSND6	Finland eSIM 3GB 15Days	New	6.99	No		Yes	0	0	0	0	0	96.03	0	0	0	0	0	0	0	0	0	0	
FINLAND-5GB-30D	B0FR9SB3BJ	B0FR9SB3BJ	Finland eSIM 5GB 30Days	New	7.99	No		Yes	0	0	0	0	0	96.03	0	0	0	0	0	0	0	0	0	0	
FI_3_15	B0FR9GSND6	B0FR9GSND6	Finland eSIM 3GB 15Days	New	2.49	No		Yes	0	0	0	0	0	96.03	0	0	0	0	0	0	0	0	0	0	
FI_5_30	B0FR9SB3BJ	B0FR9SB3BJ	Finland eSIM 5GB 30Days	New	3.49	No		Yes	0	0	0	0	0	96.03	0	0	0	0	0	0	0	0	0	0	
FRANCE-20GB-30D	B0FR9GPMC5	B0FR9GPMC5	France eSIM 20GB 30Days	New	12.99	No		Yes	45	45	0	0	45	96.03	0	0	0	0	0	0	45	0	0	45	
FRANCE-3GB-15D	B0FR9C5ZB6	B0FR9C5ZB6	France eSIM 3GB 15Days	New	6.99	No		Yes	248	248	0	0	248	515.21	0	0	0	0	0	0	248	0	0	248	
FRANCE-5GB-30D	B0FR9LMDW5	B0FR9LMDW5	France eSIM 5GB 30Days	New	7.99	No		Yes	191	191	0	0	191	232.86	0	0	0	0	0	0	191	0	0	191	
FRENCH-GUIANA-20GB-30D	B0H6MDNXJJ	B0H6MDNXJJ	French Guiana eSIM 20GB 30Days	New	14.99	No		Yes	0	0	0	0	0	96.03	0	0	0	0	0	0	0	0	0	0	
FRENCH-GUIANA-3GB-15D	B0H6MFD6Z3	B0H6MFD6Z3	French Guiana eSIM 3GB 15Days	New	6.99	No		Yes	0	0	0	0	0	96.03	0	0	0	0	0	0	0	0	0	0	
FRENCH-GUIANA-5GB-30D	B0H6MGC352	B0H6MGC352	French Guiana eSIM 5GB 30Days	New	7.99	No		Yes	0	0	0	0	0	96.03	0	0	0	0	0	0	0	0	0	0	
FRENCH-POLYNESIA-20GB-30D	B0H6M59GH9	B0H6M59GH9	French Polynesia eSIM 20GB 30Days	New	207.99	No		Yes	0	0	0	0	0	96.03	0	0	0	0	0	0	0	0	0	0	
FRENCH-POLYNESIA-3GB-15D	B0H6MF6GHP	B0H6MF6GHP	French Polynesia eSIM 3GB 15Days	New	40.99	No		Yes	0	0	0	0	0	96.03	0	0	0	0	0	0	0	0	0	0	
FRENCH-POLYNESIA-5GB-30D	B0H6MD2GXY	B0H6MD2GXY	French Polynesia eSIM 5GB 30Days	New	56.99	No		Yes	0	0	0	0	0	96.03	0	0	0	0	0	0	0	0	0	0	
FR_20_30	B0FR9GPMC5	B0FR9GPMC5	France eSIM 20GB 30Days	New	18.99	No		Yes	45	45	0	0	45	96.03	0	0	0	0	0	0	45	0	0	45	
FR_3_15	B0FR9C5ZB6	B0FR9C5ZB6	France eSIM 3GB 15Days	New	6.99	No		Yes	248	248	0	0	248	515.21	0	0	0	0	0	0	248	0	0	248	
FR_5_30	B0FR9LMDW5	B0FR9LMDW5	France eSIM 5GB 30Days	New	8.99	No		Yes	191	191	0	0	191	232.86	0	0	0	0	0	0	191	0	0	191	
GABON-3GB-15D	B0FR9GPX9T	B0FR9GPX9T	Gabon eSIM 3GB 15Days	New	14.99	No		Yes	0	0	0	0	0	96.03	0	0	0	0	0	0	0	0	0	0	
GAMBIA-3GB-15D	B0H2FTMBBQ	B0H2FTMBBQ	Gambia eSIM 3GB 15Days	New	29.99	No		Yes	0	0	0	0	0	96.03	0	0	0	0	0	0	0	0	0	0	
GAMBIA-5GB-30D	B0H2FQ3QJ9	B0H2FQ3QJ9	Gambia eSIM 5GB 30Days	New	48.99	No		Yes	0	0	0	0	0	96.03	0	0	0	0	0	0	0	0	0	0	
GA_3_15	B0FR9GPX9T	B0FR9GPX9T	Gabon eSIM 3GB 15Days	New	14.99	No		Yes	0	0	0	0	0	96.03	0	0	0	0	0	0	0	0	0	0	
GB_20_30	B0FRDGCBTN	B0FRDGCBTN	United Kingdom eSIM 20GB 30 Days | Pay As You Go Data SIM | Easy Setup | UK Travel SIM for Tourists & Business | 3G/4G Speeds	New	12.49	No		Yes	0	0	0	0	0	169.44	0	0	0	0	0	0	0	0	0	0	
GB_3_15	B0FRCPD8TS	B0FRCPD8TS	United Kingdom eSIM 3GB 15 Days | Pay As You Go Data SIM | Easy Setup | UK Travel SIM for Tourists & Business | 3G/4G/5G Speeds	New	3.99	No		Yes	0	0	0	0	0	169.44	0	0	0	0	0	0	0	0	0	0	
GB_5_30	B0FRDDRGJF	B0FRDDRGJF	United Kingdom eSIM 5GB 30 Days | Pay As You Go Data SIM | Easy Setup | UK Travel SIM for Tourists & Business | 3G/4G Speeds	New	4.99	No		Yes	0	0	0	0	0	169.44	0	0	0	0	0	0	0	0	0	0	
GEORGIA-20GB-30D	B0FR9C73NK	B0FR9C73NK	Georgia eSIM 20GB 30Days	New	21.99	No		Yes	0	0	0	0	0	96.03	0	0	0	0	0	0	0	0	0	0	
GEORGIA-3GB-15D	B0FR9KMX2N	B0FR9KMX2N	Georgia eSIM 3GB 15Days	New	7.99	No		Yes	0	0	0	0	0	96.03	0	0	0	0	0	0	0	0	0	0	
GERMANY-20GB-30D	B0GSZP9H94	B0GSZP9H94	Germany eSIM 20GB 30Days	New	12.99	No		Yes	20	20	0	0	20	96.03	0	0	0	0	0	0	20	0	0	20	
GERMANY-3GB-15D	B0GSZBMLKV	B0GSZBMLKV	Germany eSIM 3GB 15Days	New	6.99	No		Yes	92	92	0	0	92	181.08	0	0	0	0	0	0	92	0	0	92	
GERMANY-5GB-30D	B0GSZDYWLZ	B0GSZDYWLZ	Germany eSIM 5GB 30Days	New	7.99	No		Yes	73	73	0	0	73	96.03	0	0	0	0	0	0	73	0	0	73	
GE_20_30	B0FR9C73NK	B0FR9C73NK	Georgia eSIM 20GB 30Days	New	22.49	No		Yes	0	0	0	0	0	96.03	0	0	0	0	0	0	0	0	0	0	
GE_3_15	B0FR9KMX2N	B0FR9KMX2N	Georgia eSIM 3GB 15Days	New	4.99	No		Yes	0	0	0	0	0	96.03	0	0	0	0	0	0	0	0	0	0	
GG_20_30	B0FR9LYWWY	B0FR9LYWWY	Guernsey eSIM 20GB 30 Days | Pay As You Go Data SIM | Easy Setup | Travel SIM for Tourists & Business | 3G/4G Speeds	New	45.49	No		Yes	0	0	0	0	0	169.44	0	0	0	0	0	0	0	0	0	0	
GG_3_15	B0FR9SMWDN	B0FR9SMWDN	Guernsey eSIM 3GB 15 Days | Pay As You Go Data SIM | Easy Setup | Travel SIM for Tourists & Business | 3G/4G Speeds	New	9.49	No		Yes	0	0	0	0	0	169.44	0	0	0	0	0	0	0	0	0	0	
GG_5_30	B0FR9C5PXR	B0FR9C5PXR	Guernsey eSIM 5GB 30 Days | Pay As You Go Data SIM | Easy Setup | Travel SIM for Tourists & Business | 3G/4G Speeds	New	15.49	No		Yes	0	0	0	0	0	169.44	0	0	0	0	0	0	0	0	0	0	
GHANA-20GB-30D	B0H6M9CG3G	B0H6M9CG3G	Ghana eSIM 20GB 30Days	New	34.99	No		Yes	0	0	0	0	0	96.03	0	0	0	0	0	0	0	0	0	0	
GHANA-3GB-15D	B0H6M7CH6H	B0H6M7CH6H	Ghana eSIM 3GB 15Days	New	10.99	No		Yes	0	0	0	0	0	96.03	0	0	0	0	0	0	0	0	0	0	
GHANA-5GB-30D	B0H6MD48NZ	B0H6MD48NZ	Ghana eSIM 5GB 30Days	New	11.99	No		Yes	0	0	0	0	0	96.03	0	0	0	0	0	0	0	0	0	0	
GIBRALTAR-3GB-15D	B0FR8XSPMC	B0FR8XSPMC	Gibraltar eSIM 3GB 15Days	New	6.99	No		Yes	0	0	0	0	0	96.03	0	0	0	0	0	0	0	0	0	0	
GI_3_15	B0FR8XSPMC	B0FR8XSPMC	Gibraltar eSIM 3GB 15Days	New	9.49	No		Yes	0	0	0	0	0	96.03	0	0	0	0	0	0	0	0	0	0	
GL-139_5_30	B0FR9VNTLY	B0FR9VNTLY	Global (130+ areas) eSIM 5GB 30 Days | Prepaid International Travel SIM | Pay As You Go Data SIM | Easy Setup | 3G/4G Speeds	New	39.49	No		Yes	0	0	0	0	0	96.03	0	0	0	0	0	0	0	0	0	0	
GLOBAL139-5GB-30D	B0FR9VNTLY	B0FR9VNTLY	Global (130+ areas) eSIM 5GB 30 Days | Prepaid International Travel SIM | Pay As You Go Data SIM | Easy Setup | 3G/4G Speeds	New	35.99	No		Yes	0	0	0	0	0	96.03	0	0	0	0	0	0	0	0	0	0	
GP_20_30	B0FR8XTBF6	B0FR8XTBF6	Guadeloupe eSIM 20GB 30 Days | Pay As You Go Data SIM | Easy Setup | Travel SIM for Tourists & Business | 3G/4G Speeds	New	42.49	No		Yes	0	0	0	0	0	169.44	0	0	0	0	0	0	0	0	0	0	
GP_3_15	B0FR9TMVWK	B0FR9TMVWK	Guadeloupe eSIM 3GB 15 Days | Pay As You Go Data SIM | Easy Setup | Travel SIM for Tourists & Business | 3G/4G Speeds	New	9.49	No		Yes	0	0	0	0	0	169.44	0	0	0	0	0	0	0	0	0	0	
GREECE-20GB-30D	B0FR9KJGBG	B0FR9KJGBG	Greece eSIM 20GB 30Days	New	14.99	No		Yes	14	14	0	0	14	96.03	0	0	0	0	0	0	14	0	0	14	
GREECE-3GB-15D	B0FR9L85F6	B0FR9L85F6	Greece eSIM 3GB 15Days	New	6.99	No		Yes	100	100	0	0	100	206.97	0	0	0	0	0	0	100	0	0	100	
GREECE-5GB-30D	B0FR9C7SMF	B0FR9C7SMF	Greece eSIM 5GB 30Days	New	7.99	No		Yes	68	68	0	0	68	258.75	0	0	0	0	0	0	68	0	0	68	
GREENLAND-20GB-30D	B0H6MBT3TW	B0H6MBT3TW	Greenland eSIM 20GB 30Days	New	96.99	No		Yes	0	0	0	0	0	96.03	0	0	0	0	0	0	0	0	0	0	
GREENLAND-3GB-15D	B0H6MLNBK2	B0H6MLNBK2	Greenland eSIM 3GB 15Days	New	23.99	No		Yes	0	0	0	0	0	96.03	0	0	0	0	0	0	0	0	0	0	
GREENLAND-5GB-30D	B0H6MFMLK9	B0H6MFMLK9	Greenland eSIM 5GB 30Days	New	31.99	No		Yes	0	0	0	0	0	96.03	0	0	0	0	0	0	0	0	0	0	
GRENADA-20GB-30D	B0H6MGRF37	B0H6MGRF37	Grenada eSIM 20GB 30Days	New	88.99	No		Yes	0	0	0	0	0	96.03	0	0	0	0	0	0	0	0	0	0	
GRENADA-3GB-15D	B0H6M8K37V	B0H6M8K37V	Grenada eSIM 3GB 15Days	New	24.99	No		Yes	0	0	0	0	0	96.03	0	0	0	0	0	0	0	0	0	0	
GRENADA-5GB-30D	B0H6MLJR6Z	B0H6MLJR6Z	Grenada eSIM 5GB 30Days	New	32.99	No		Yes	0	0	0	0	0	96.03	0	0	0	0	0	0	0	0	0	0	
GR_20_30	B0FR9KJGBG	B0FR9KJGBG	Greece eSIM 20GB 30Days	New	15.99	No		Yes	14	14	0	0	14	96.03	0	0	0	0	0	0	14	0	0	14	
GR_3_15	B0FR9L85F6	B0FR9L85F6	Greece eSIM 3GB 15Days	New	4.99	No		Yes	100	100	0	0	100	206.97	0	0	0	0	0	0	100	0	0	100	
GR_5_30	B0FR9C7SMF	B0FR9C7SMF	Greece eSIM 5GB 30Days	New	4.49	No		Yes	68	68	0	0	68	258.75	0	0	0	0	0	0	68	0	0	68	
GT_3_15	B0FR9VC6VD	B0FR9VC6VD	Guatemala eSIM 3GB 15 Days | Pay As You Go Data SIM | Easy Setup | Travel SIM for Tourists & Business | 3G/4G Speeds	New	18.99	No		Yes	0	0	0	0	0	96.03	0	0	0	0	0	0	0	0	0	0	
GUADELOUPE-20GB-30D	B0FR8XTBF6	B0FR8XTBF6	Guadeloupe eSIM 20GB 30 Days | Pay As You Go Data SIM | Easy Setup | Travel SIM for Tourists & Business | 3G/4G Speeds	New	14.99	No		Yes	0	0	0	0	0	169.44	0	0	0	0	0	0	0	0	0	0	
GUADELOUPE-3GB-15D	B0FR9TMVWK	B0FR9TMVWK	Guadeloupe eSIM 3GB 15 Days | Pay As You Go Data SIM | Easy Setup | Travel SIM for Tourists & Business | 3G/4G Speeds	New	6.99	No		Yes	0	0	0	0	0	169.44	0	0	0	0	0	0	0	0	0	0	
GUAM-20GB-30D	B0FR9C7MGP	B0FR9C7MGP	Guam eSIM 20GB 30Days	New	49.99	No		Yes	0	0	0	0	0	96.03	0	0	0	0	0	0	0	0	0	0	
GUAM-3GB-15D	B0FR9GVSSF	B0FR9GVSSF	Guam eSIM 3GB 15Days	New	14.99	No		Yes	0	0	0	0	0	96.03	0	0	0	0	0	0	0	0	0	0	
GUAM-5GB-30D	B0FR9SVP8Y	B0FR9SVP8Y	Guam eSIM 5GB 30Days	New	16.99	No		Yes	0	0	0	0	0	96.03	0	0	0	0	0	0	0	0	0	0	
GUATEMALA-3GB-15D	B0FR9VC6VD	B0FR9VC6VD	Guatemala eSIM 3GB 15 Days | Pay As You Go Data SIM | Easy Setup | Travel SIM for Tourists & Business | 3G/4G Speeds	New	13.99	No		Yes	0	0	0	0	0	96.03	0	0	0	0	0	0	0	0	0	0	
GUERNSEY-20GB-30D	B0FR9LYWWY	B0FR9LYWWY	Guernsey eSIM 20GB 30 Days | Pay As You Go Data SIM | Easy Setup | Travel SIM for Tourists & Business | 3G/4G Speeds	New	40.99	No		Yes	0	0	0	0	0	169.44	0	0	0	0	0	0	0	0	0	0	
GUERNSEY-3GB-15D	B0FR9SMWDN	B0FR9SMWDN	Guernsey eSIM 3GB 15 Days | Pay As You Go Data SIM | Easy Setup | Travel SIM for Tourists & Business | 3G/4G Speeds	New	11.99	No		Yes	0	0	0	0	0	169.44	0	0	0	0	0	0	0	0	0	0	
GUERNSEY-5GB-30D	B0FR9C5PXR	B0FR9C5PXR	Guernsey eSIM 5GB 30 Days | Pay As You Go Data SIM | Easy Setup | Travel SIM for Tourists & Business | 3G/4G Speeds	New	17.99	No		Yes	0	0	0	0	0	169.44	0	0	0	0	0	0	0	0	0	0	
GUINEA-20GB-30D	B0H6M7VHYP	B0H6M7VHYP	Guinea eSIM 20GB 30Days	New	70.99	No		Yes	0	0	0	0	0	96.03	0	0	0	0	0	0	0	0	0	0	
GUINEA-3GB-15D	B0H6MGZTF1	B0H6MGZTF1	Guinea eSIM 3GB 15Days	New	17.99	No		Yes	0	0	0	0	0	96.03	0	0	0	0	0	0	0	0	0	0	
GUINEA-5GB-30D	B0H6MFTVX6	B0H6MFTVX6	Guinea eSIM 5GB 30Days	New	28.99	No		Yes	0	0	0	0	0	96.03	0	0	0	0	0	0	0	0	0	0	
GUINEA-BISSAU-20GB-30D	B0H6MF1JJS	B0H6MF1JJS	Guinea-Bissau eSIM 20GB 30Days	New	69.99	No		Yes	0	0	0	0	0	96.03	0	0	0	0	0	0	0	0	0	0	
GUINEA-BISSAU-3GB-15D	B0H6MG6X8D	B0H6MG6X8D	Guinea-Bissau eSIM 3GB 15Days	New	17.99	No		Yes	0	0	0	0	0	96.03	0	0	0	0	0	0	0	0	0	0	
GUINEA-BISSAU-5GB-30D	B0H6MCJ4Y9	B0H6MCJ4Y9	Guinea-Bissau eSIM 5GB 30Days	New	28.99	No		Yes	0	0	0	0	0	96.03	0	0	0	0	0	0	0	0	0	0	
GUYANA-20GB-30D	B0H6MD1PB7	B0H6MD1PB7	Guyana eSIM 20GB 30Days	New	77.99	No		Yes	0	0	0	0	0	96.03	0	0	0	0	0	0	0	0	0	0	
GUYANA-3GB-15D	B0H6MCG586	B0H6MCG586	Guyana eSIM 3GB 15Days	New	17.99	No		Yes	0	0	0	0	0	96.03	0	0	0	0	0	0	0	0	0	0	
GUYANA-5GB-30D	B0H6MB3FHF	B0H6MB3FHF	Guyana eSIM 5GB 30Days	New	27.99	No		Yes	0	0	0	0	0	96.03	0	0	0	0	0	0	0	0	0	0	
GU_20_30	B0FR9C7MGP	B0FR9C7MGP	Guam eSIM 20GB 30Days	New	53.49	No		Yes	0	0	0	0	0	96.03	0	0	0	0	0	0	0	0	0	0	
GU_3_15	B0FR9GVSSF	B0FR9GVSSF	Guam eSIM 3GB 15Days	New	11.99	No		Yes	0	0	0	0	0	96.03	0	0	0	0	0	0	0	0	0	0	
GU_5_30	B0FR9SVP8Y	B0FR9SVP8Y	Guam eSIM 5GB 30Days	New	18.49	No		Yes	0	0	0	0	0	96.03	0	0	0	0	0	0	0	0	0	0	
HAITI-20GB-30D	B0H6MBNF3Y	B0H6MBNF3Y	Haiti eSIM 20GB 30Days	New	127.99	No		Yes	0	0	0	0	0	96.03	0	0	0	0	0	0	0	0	0	0	
HAITI-3GB-15D	B0H6M9YTL4	B0H6M9YTL4	Haiti eSIM 3GB 15Days	New	25.99	No		Yes	0	0	0	0	0	96.03	0	0	0	0	0	0	0	0	0	0	
HAITI-5GB-30D	B0H6MDHPCV	B0H6MDHPCV	Haiti eSIM 5GB 30Days	New	41.99	No		Yes	0	0	0	0	0	96.03	0	0	0	0	0	0	0	0	0	0	
HAJJ-LUX-10GB-30D	X002NMSKBR	B0H3L75HDS	Hajjj Package Luxury 10GB 30 Days eSIM | Hajj Luxury Travel Guide + Saudi Arabia Travel Guides | 3G/4G/5G	Unknown					0	0	0	0	0	96.03	0	0	0	0	0	0	0	0	0	0	
HK_20_30	B0FR9GXZ6F	B0FR9GXZ6F	Hong Kong eSIM 20GB 30 Days | Pay As You Go Data SIM | Easy Setup | Travel SIM for Tourists & Business | 3G/4G/5G Speeds | Free Travel Guide Inlcuded	Unknown					8	8	0	0	8	96.03	0	0	0	0	0	0	8	0	0	8	
HK_3_15	B0FR9CC6Q8	B0FR9CC6Q8	Hong Kong eSIM 3GB 15 Days | Pay As You Go Data SIM | Easy Setup | Travel SIM for Tourists & Business | 3G/4G/5G Speeds | Free Travel Guide Inlcuded	Unknown					20	5	0	0	20	96.03	0	0	0	15	0	0	5	0	0	5	
HK_5_30	B0FR9GXYYL	B0FR9GXYYL	Hong Kong eSIM 5GB 30 Days | Pay As You Go Data SIM | Easy Setup | Travel SIM for Tourists & Business | 3G/4G/5G Speeds | Free Travel Guide Inlcuded	Unknown					10	9	0	0	10	96.03	0	0	0	1	0	0	9	0	0	9	
HN_3_15	B0FR9ZYV5G	B0FR9ZYV5G	Honduras eSIM 3GB 15 Days | Pay As You Go Data SIM | Easy Setup | Travel SIM for Tourists & Business | 3G/4G Speeds	New	14.99	No		Yes	0	0	0	0	0	169.44	0	0	0	0	0	0	0	0	0	0	
HONDURAS-3GB-15D	B0FR9ZYV5G	B0FR9ZYV5G	Honduras eSIM 3GB 15 Days | Pay As You Go Data SIM | Easy Setup | Travel SIM for Tourists & Business | 3G/4G Speeds	New	11.99	No		Yes	0	0	0	0	0	169.44	0	0	0	0	0	0	0	0	0	0	
HONG-KONG-20GB-30D	B0FR9GXZ6F	B0FR9GXZ6F	Hong Kong eSIM 20GB 30Days	New	12.99	No		Yes	8	8	0	0	8	96.03	0	0	0	0	0	0	8	0	0	8	
HONG-KONG-3GB-15D	B0FR9CC6Q8	B0FR9CC6Q8	Hong Kong eSIM 3GB 15Days	New	5.99	No		Yes	20	5	0	0	20	96.03	0	0	0	15	0	0	5	0	0	5	
HONG-KONG-5GB-30D	B0FR9GXYYL	B0FR9GXYYL	Hong Kong eSIM 5GB 30Days	New	7.99	No		Yes	10	9	0	0	10	96.03	0	0	0	1	0	0	9	0	0	9	
HR_20_30	B0FR9TYCSL	B0FR9TYCSL	Croatia eSIM 20GB 30Days	New	12.99	No		Yes	0	0	0	0	0	96.03	0	0	0	0	0	0	0	0	0	0	
HR_3_15	B0FR9GDKT1	B0FR9GDKT1	Croatia eSIM 3GB 15Days	New	2.99	No		Yes	0	0	0	0	0	96.03	0	0	0	0	0	0	0	0	0	0	
HR_5_30	B0FR9BVV58	B0FR9BVV58	Croatia eSIM 5GB 30Days	New	4.49	No		Yes	0	0	0	0	0	96.03	0	0	0	0	0	0	0	0	0	0	
HUNGARY-20GB-30D	B0FR9ZVYYQ	B0FR9ZVYYQ	Hungary eSIM 20GB 30Days	New	12.99	No		Yes	0	0	0	0	0	96.03	0	0	0	0	0	0	0	0	0	0	
HUNGARY-3GB-15D	B0FR9C9JVW	B0FR9C9JVW	Hungary eSIM 3GB 15Days	New	6.99	No		Yes	0	0	0	0	0	96.03	0	0	0	0	0	0	0	0	0	0	
HUNGARY-5GB-30D	B0FR9GY3R5	B0FR9GY3R5	Hungary eSIM 5GB 30Days	New	7.99	No		Yes	0	0	0	0	0	96.03	0	0	0	0	0	0	0	0	0	0	
HU_20_30	B0FR9ZVYYQ	B0FR9ZVYYQ	Hungary eSIM 20GB 30Days	New	14.49	No		Yes	0	0	0	0	0	96.03	0	0	0	0	0	0	0	0	0	0	
HU_3_15	B0FR9C9JVW	B0FR9C9JVW	Hungary eSIM 3GB 15Days	New	2.99	No		Yes	0	0	0	0	0	96.03	0	0	0	0	0	0	0	0	0	0	
HU_5_30	B0FR9GY3R5	B0FR9GY3R5	Hungary eSIM 5GB 30Days	New	4.49	No		Yes	0	0	0	0	0	96.03	0	0	0	0	0	0	0	0	0	0	
ICELAND-20GB-30D	B0FR9GX6LF	B0FR9GX6LF	Iceland eSIM 20GB 30Days	New	14.99	No		Yes	0	0	0	0	0	96.03	0	0	0	0	0	0	0	0	0	0	
ICELAND-3GB-15D	B0FR9TBBK1	B0FR9TBBK1	Iceland eSIM 3GB 15Days	New	6.99	No		Yes	0	0	0	0	0	96.03	0	0	0	0	0	0	0	0	0	0	
ICELAND-5GB-30D	B0FR9ZWQBD	B0FR9ZWQBD	Iceland eSIM 5GB 30Days	New	7.99	No		Yes	0	0	0	0	0	96.03	0	0	0	0	0	0	0	0	0	0	
ID_20_30	B0FR9QXRDQ	B0FR9QXRDQ	Indonesia eSIM 20GB 30 Days | Prepaid Travel eSIM | Pay As You Go Data SIM | Instant QR Code Activation | 3G/4G/5G Speeds | Free Travel Guide Inlcuded	New	13.99	No		Yes	10	10	0	0	10	96.03	0	0	0	0	0	0	10	0	0	10	
ID_3_15	B0FR9T6QPZ	B0FR9T6QPZ	Indonesia eSIM 3GB 15 Days | Prepaid Travel eSIM | Pay As You Go Data SIM | Instant QR Code Activation | 3G/4G/5G Speeds | Free Travel Guide Inlcuded	New	4.99	No		Yes	30	30	0	0	30	96.03	0	0	0	0	0	0	30	0	0	30	
ID_5_30	B0FR8XW5DR	B0FR8XW5DR	Indonesia eSIM 5GB 30 Days | Prepaid Travel eSIM | Pay As You Go Data SIM | Instant QR Code Activation | 3G/4G/5G Speeds | Free Travel Guide Inlcuded	New	3.49	No		Yes	20	20	0	0	20	96.03	0	0	0	0	0	0	20	0	0	20	
IE_20_30	B0FR9SZG2Z	B0FR9SZG2Z	Ireland eSIM 20GB 30 Days | Pay As You Go Data SIM | Easy Setup | Travel SIM for Tourists & Business | 3G/4G/5G Speeds | Prepaid eSIM for Ireland | Free Travel Guide Inlcuded	New	14.99	No		Yes	36	36	0	0	36	96.03	0	0	0	0	0	0	36	0	0	36	
IE_3_15	B0FR8XV57F	B0FR8XV57F	Ireland eSIM 3GB 15 Days | Pay As You Go Data SIM | Easy Setup | Travel SIM for Tourists & Business | 3G/4G/5G Speeds | Prepaid eSIM for Ireland | Free Travel Guide Inlcuded	New	4.99	No		Yes	77	77	0	0	77	96.03	0	0	0	0	0	0	77	0	0	77	
IE_5_30	B0FR9GYKQL	B0FR9GYKQL	Ireland eSIM 5GB 30 Days | Pay As You Go Data SIM | Easy Setup | Travel SIM for Tourists & Business | 3G/4G Speeds | Prepaid eSIM for Ireland | Free Travel Guide Inlcuded	New	4.49	No		Yes	70	70	0	0	70	96.03	0	0	0	0	0	0	70	0	0	70	
IL_20_30	B0FR9K8SQ1	B0FR9K8SQ1	Israel eSIM 20GB 30 Days | Pay As You Go Data SIM | Easy Setup | Travel SIM for Tourists & Business | 3G/4G/5G Speeds	New	22.49	No		Yes	0	0	0	0	0	169.44	0	0	0	0	0	0	0	0	0	0	
IL_3_15	B0FR9M11H1	B0FR9M11H1	Israel eSIM 3GB 15 Days | Pay As You Go Data SIM | Easy Setup | Travel SIM for Tourists & Business | 3G/4G/5G Speeds	New	4.99	No		Yes	0	0	0	0	0	169.44	0	0	0	0	0	0	0	0	0	0	
IL_5_30	B0FR8XVZZM	B0FR8XVZZM	Israel eSIM 5GB 30 Days | Pay As You Go Data SIM | Easy Setup | Travel SIM for Tourists & Business | 3G/4G/5G Speeds	New	7.49	No		Yes	0	0	0	0	0	169.44	0	0	0	0	0	0	0	0	0	0	
IM_20_30	B0FR9CB5LK	B0FR9CB5LK	Isle of Man eSIM 20GB 30 Days | Pay As You Go Data SIM | Easy Setup | Travel SIM for Tourists & Business | 3G/4G/5G Speeds | Prepaid eSIM for Isle of Man	New	17.49	No		Yes	0	0	0	0	0	169.44	0	0	0	0	0	0	0	0	0	0	
IM_3_15	B0FR9LZ7RL	B0FR9LZ7RL	Isle of Man eSIM 3GB 15 Days | Pay As You Go Data SIM | Easy Setup | Travel SIM for Tourists & Business | 3G/4G/5G Speeds | Prepaid eSIM for Isle of Man	New	3.49	No		Yes	0	0	0	0	0	169.44	0	0	0	0	0	0	0	0	0	0	
IM_5_30	B0FR9M27XY	B0FR9M27XY	Isle of Man eSIM 5GB 30 Days | Pay As You Go Data SIM | Easy Setup | Travel SIM for Tourists & Business | 3G/4G Speeds | Prepaid eSIM for Isle of Man	New	5.99	No		Yes	0	0	0	0	0	169.44	0	0	0	0	0	0	0	0	0	0	
INDIA-20GB-30D	B0FR9DYMHX	B0FR9DYMHX	India eSIM 20GB 30Days	New	35.99	No		Yes	9	9	0	0	9	96.03	0	0	0	0	0	0	9	0	0	9	
INDIA-3GB-15D	B0FR9ZM116	B0FR9ZM116	India eSIM 3GB 15Days	New	11.99	No		Yes	50	49	0	0	50	129.95	0	0	0	1	0	0	49	0	0	49	
INDIA-5GB-30D	B0FR9GXWN9	B0FR9GXWN9	India eSIM 5GB 30Days	New	12.99	No		Yes	35	35	0	0	35	96.03	0	0	0	0	0	0	35	0	0	35	
INDONESIA-20GB-30D	B0FR9QXRDQ	B0FR9QXRDQ	Indonesia eSIM 20GB 30 Days | Prepaid Travel eSIM | Pay As You Go Data SIM | Instant QR Code Activation | 3G/4G/5G Speeds | Free Travel Guide Inlcuded	New	12.99	No		Yes	10	10	0	0	10	96.03	0	0	0	0	0	0	10	0	0	10	
INDONESIA-3GB-15D	B0FR9T6QPZ	B0FR9T6QPZ	Indonesia eSIM 3GB 15 Days | Prepaid Travel eSIM | Pay As You Go Data SIM | Instant QR Code Activation | 3G/4G/5G Speeds | Free Travel Guide Inlcuded	New	6.99	No		Yes	30	30	0	0	30	96.03	0	0	0	0	0	0	30	0	0	30	
INDONESIA-5GB-30D	B0FR8XW5DR	B0FR8XW5DR	Indonesia eSIM 5GB 30 Days | Prepaid Travel eSIM | Pay As You Go Data SIM | Instant QR Code Activation | 3G/4G/5G Speeds | Free Travel Guide Inlcuded	New	7.99	No		Yes	20	20	0	0	20	96.03	0	0	0	0	0	0	20	0	0	20	
IN_20_30	B0FR9DYMHX	B0FR9DYMHX	India eSIM 20GB 30Days	New	34.99	No		Yes	9	9	0	0	9	96.03	0	0	0	0	0	0	9	0	0	9	
IN_3_15	B0FR9ZM116	B0FR9ZM116	India eSIM 3GB 15Days	New	9.99	No		Yes	50	49	0	0	50	129.95	0	0	0	1	0	0	49	0	0	49	
IN_5_30	B0FR9GXWN9	B0FR9GXWN9	India eSIM 5GB 30Days	New	13.99	No		Yes	35	35	0	0	35	96.03	0	0	0	0	0	0	35	0	0	35	
IRAQ-20GB-30D	B0H6M956TN	B0H6M956TN	Iraq eSIM 20GB 30Days	New	27.99	No		Yes	0	0	0	0	0	96.03	0	0	0	0	0	0	0	0	0	0	
IRAQ-3GB-15D	B0H6MGX6P7	B0H6MGX6P7	Iraq eSIM 3GB 15Days	New	8.99	No		Yes	0	0	0	0	0	96.03	0	0	0	0	0	0	0	0	0	0	
IRAQ-5GB-30D	B0H6MFRHZN	B0H6MFRHZN	Iraq eSIM 5GB 30Days	New	13.99	No		Yes	0	0	0	0	0	96.03	0	0	0	0	0	0	0	0	0	0	
IRELAND-20GB-30D	B0FR9SZG2Z	B0FR9SZG2Z	Ireland eSIM 20GB 30 Days | Pay As You Go Data SIM | Easy Setup | Travel SIM for Tourists & Business | 3G/4G/5G Speeds | Prepaid eSIM for Ireland | Free Travel Guide Inlcuded	New	14.99	No		Yes	36	36	0	0	36	96.03	0	0	0	0	0	0	36	0	0	36	
IRELAND-3GB-15D	B0FR8XV57F	B0FR8XV57F	Ireland eSIM 3GB 15 Days | Pay As You Go Data SIM | Easy Setup | Travel SIM for Tourists & Business | 3G/4G/5G Speeds | Prepaid eSIM for Ireland | Free Travel Guide Inlcuded	New	6.99	No		Yes	77	77	0	0	77	96.03	0	0	0	0	0	0	77	0	0	77	
IRELAND-5GB-30D	B0FR9GYKQL	B0FR9GYKQL	Ireland eSIM 5GB 30 Days | Pay As You Go Data SIM | Easy Setup | Travel SIM for Tourists & Business | 3G/4G Speeds | Prepaid eSIM for Ireland | Free Travel Guide Inlcuded	New	7.99	No		Yes	70	70	0	0	70	96.03	0	0	0	0	0	0	70	0	0	70	
ISLE-OF-MAN-20GB-30D	B0FR9CB5LK	B0FR9CB5LK	Isle of Man eSIM 20GB 30 Days | Pay As You Go Data SIM | Easy Setup | Travel SIM for Tourists & Business | 3G/4G/5G Speeds | Prepaid eSIM for Isle of Man	New	19.99	No		Yes	0	0	0	0	0	169.44	0	0	0	0	0	0	0	0	0	0	
ISLE-OF-MAN-3GB-15D	B0FR9LZ7RL	B0FR9LZ7RL	Isle of Man eSIM 3GB 15 Days | Pay As You Go Data SIM | Easy Setup | Travel SIM for Tourists & Business | 3G/4G/5G Speeds | Prepaid eSIM for Isle of Man	New	7.99	No		Yes	0	0	0	0	0	169.44	0	0	0	0	0	0	0	0	0	0	
ISLE-OF-MAN-5GB-30D	B0FR9M27XY	B0FR9M27XY	Isle of Man eSIM 5GB 30 Days | Pay As You Go Data SIM | Easy Setup | Travel SIM for Tourists & Business | 3G/4G Speeds | Prepaid eSIM for Isle of Man	New	9.99	No		Yes	0	0	0	0	0	169.44	0	0	0	0	0	0	0	0	0	0	
ISRAEL-20GB-30D	B0FR9K8SQ1	B0FR9K8SQ1	Israel eSIM 20GB 30 Days | Pay As You Go Data SIM | Easy Setup | Travel SIM for Tourists & Business | 3G/4G/5G Speeds	New	24.99	No		Yes	0	0	0	0	0	169.44	0	0	0	0	0	0	0	0	0	0	
ISRAEL-3GB-15D	B0FR9M11H1	B0FR9M11H1	Israel eSIM 3GB 15 Days | Pay As You Go Data SIM | Easy Setup | Travel SIM for Tourists & Business | 3G/4G/5G Speeds	New	7.99	No		Yes	0	0	0	0	0	169.44	0	0	0	0	0	0	0	0	0	0	
ISRAEL-5GB-30D	B0FR8XVZZM	B0FR8XVZZM	Israel eSIM 5GB 30 Days | Pay As You Go Data SIM | Easy Setup | Travel SIM for Tourists & Business | 3G/4G/5G Speeds	New	9.99	No		Yes	0	0	0	0	0	169.44	0	0	0	0	0	0	0	0	0	0	
IS_20_30	B0FR9GX6LF	B0FR9GX6LF	Iceland eSIM 20GB 30Days	New	22.49	No		Yes	0	0	0	0	0	96.03	0	0	0	0	0	0	0	0	0	0	
IS_3_15	B0FR9TBBK1	B0FR9TBBK1	Iceland eSIM 3GB 15Days	New	4.49	No		Yes	0	0	0	0	0	96.03	0	0	0	0	0	0	0	0	0	0	
IS_5_30	B0FR9ZWQBD	B0FR9ZWQBD	Iceland eSIM 5GB 30Days	New	7.49	No		Yes	0	0	0	0	0	96.03	0	0	0	0	0	0	0	0	0	0	
ITALY-20GB-30D	B0FR9RNZV2	B0FR9RNZV2	Italy eSIM 20GB 30Days	New	12.99	No		Yes	40	40	0	0	40	96.03	0	0	0	0	0	0	40	0	0	40	
ITALY-3GB-15D	B0FR9GXZ18	B0FR9GXZ18	Italy eSIM 3GB 15Days	New	6.99	No		Yes	100	100	0	0	100	206.97	0	0	0	0	0	0	100	0	0	100	
ITALY-5GB-30D	B0FR9ZR2TH	B0FR9ZR2TH	Italy eSIM 5GB 30Days	New	7.99	No		Yes	81	81	0	0	81	96.03	0	0	0	0	0	0	81	0	0	81	
IT_20_30	B0FR9RNZV2	B0FR9RNZV2	Italy eSIM 20GB 30Days	New	13.99	No		Yes	40	40	0	0	40	96.03	0	0	0	0	0	0	40	0	0	40	
IT_3_15	B0FR9GXZ18	B0FR9GXZ18	Italy eSIM 3GB 15Days	New	4.99	No		Yes	100	100	0	0	100	206.97	0	0	0	0	0	0	100	0	0	100	
IT_5_30	B0FR9ZR2TH	B0FR9ZR2TH	Italy eSIM 5GB 30Days	New	3.49	No		Yes	81	81	0	0	81	96.03	0	0	0	0	0	0	81	0	0	81	
JAMAICA-20GB-30D	B0H6MF52ZZ	B0H6MF52ZZ	Jamaica eSIM 20GB 30Days	New	74.99	No		Yes	0	0	0	0	0	96.03	0	0	0	0	0	0	0	0	0	0	
JAMAICA-3GB-15D	B0H6MF3PNQ	B0H6MF3PNQ	Jamaica eSIM 3GB 15Days	New	20.99	No		Yes	0	0	0	0	0	96.03	0	0	0	0	0	0	0	0	0	0	
JAMAICA-5GB-30D	B0H6MJQCMF	B0H6MJQCMF	Jamaica eSIM 5GB 30Days	New	26.99	No		Yes	0	0	0	0	0	96.03	0	0	0	0	0	0	0	0	0	0	
JAPAN-20GB-30D	B0FR9RZKRB	B0FR9RZKRB	Japan eSIM 20GB 30Days	New	12.99	No		Yes	12	0	0	12	12	96.03	0	0	0	0	0	0	0	0	0	0	
JAPAN-3GB-15D	B0FR9LVZVQ	B0FR9LVZVQ	Japan eSIM 3GB 15Days	New	6.99	No		Yes	19	19	0	0	19	96.03	0	0	0	0	0	0	19	0	0	19	
JAPAN-5GB-30D	B0FR9TLXXH	B0FR9TLXXH	Japan eSIM 5GB 30Days	New	7.99	No		Yes	0	0	0	0	0	96.03	0	0	0	0	0	0	0	0	0	0	
JERSEY-20GB-30D	B0FR9CBQDH	B0FR9CBQDH	Jersey eSIM 20GB 30Days	New	12.99	No		Yes	0	0	0	0	0	96.03	0	0	0	0	0	0	0	0	0	0	
JERSEY-3GB-15D	B0FR9GYMR5	B0FR9GYMR5	Jersey eSIM 3GB 15Days	New	6.99	No		Yes	0	0	0	0	0	96.03	0	0	0	0	0	0	0	0	0	0	
JERSEY-5GB-30D	B0FR9M27GP	B0FR9M27GP	Jersey eSIM 5GB 30Days	New	7.99	No		Yes	0	0	0	0	0	96.03	0	0	0	0	0	0	0	0	0	0	
JE_20_30	B0FR9CBQDH	B0FR9CBQDH	Jersey eSIM 20GB 30Days	New	10.99	No		Yes	0	0	0	0	0	96.03	0	0	0	0	0	0	0	0	0	0	
JE_3_15	B0FR9GYMR5	B0FR9GYMR5	Jersey eSIM 3GB 15Days	New	2.49	No		Yes	0	0	0	0	0	96.03	0	0	0	0	0	0	0	0	0	0	
JE_5_30	B0FR9M27GP	B0FR9M27GP	Jersey eSIM 5GB 30Days	New	3.49	No		Yes	0	0	0	0	0	96.03	0	0	0	0	0	0	0	0	0	0	
JORDAN-20GB-30D	B0FR9ST188	B0FR9ST188	Jordan eSIM 20GB 30Days	New	36.99	No		Yes	0	0	0	0	0	96.03	0	0	0	0	0	0	0	0	0	0	
JORDAN-3GB-15D	B0FR9M144Z	B0FR9M144Z	Jordan eSIM 3GB 15Days	New	11.99	No		Yes	0	0	0	0	0	96.03	0	0	0	0	0	0	0	0	0	0	
JORDAN-5GB-30D	B0FR9ZTZNK	B0FR9ZTZNK	Jordan eSIM 5GB 30Days	New	11.99	No		Yes	0	0	0	0	0	96.03	0	0	0	0	0	0	0	0	0	0	
JO_20_30	B0FR9ST188	B0FR9ST188	Jordan eSIM 20GB 30Days	New	26.49	No		Yes	0	0	0	0	0	96.03	0	0	0	0	0	0	0	0	0	0	
JO_3_15	B0FR9M144Z	B0FR9M144Z	Jordan eSIM 3GB 15Days	New	6.49	No		Yes	0	0	0	0	0	96.03	0	0	0	0	0	0	0	0	0	0	
JO_5_30	B0FR9ZTZNK	B0FR9ZTZNK	Jordan eSIM 5GB 30Days	New	9.49	No		Yes	0	0	0	0	0	96.03	0	0	0	0	0	0	0	0	0	0	
JP_20_30	B0FR9RZKRB	B0FR9RZKRB	Japan eSIM 20GB 30Days	New	13.99	No		Yes	12	0	0	12	12	96.03	0	0	0	0	0	0	0	0	0	0	
JP_3_15	B0FR9LVZVQ	B0FR9LVZVQ	Japan eSIM 3GB 15Days	New	4.99	No		Yes	19	19	0	0	19	96.03	0	0	0	0	0	0	19	0	0	19	
JP_5_30	B0FR9TLXXH	B0FR9TLXXH	Japan eSIM 5GB 30Days	New	3.49	No		Yes	0	0	0	0	0	96.03	0	0	0	0	0	0	0	0	0	0	
KA-73H6-28KP	B0H2MMQ2PD	B0H2MMQ2PD	Hajj Package Budget - 5GB - 30Days eSIM + Hajj Budget Travel Guide + extra Saudi Arabian travel guides	New	19.95	No		Yes	0	0	0	0	0	29.99	0	0	0	0	0	0	0	0	0	0	
KAZAKHSTAN-20GB-30D	B0FR9TLNNW	B0FR9TLNNW	Kazakhstan eSIM 20GB 30Days	New	17.99	No		Yes	0	0	0	0	0	96.03	0	0	0	0	0	0	0	0	0	0	
KAZAKHSTAN-3GB-15D	B0FR9T4DG2	B0FR9T4DG2	Kazakhstan eSIM 3GB 15Days	New	6.99	No		Yes	0	0	0	0	0	96.03	0	0	0	0	0	0	0	0	0	0	
KAZAKHSTAN-5GB-30D	B0FR9ZMMSH	B0FR9ZMMSH	Kazakhstan eSIM 5GB 30Days	New	7.99	No		Yes	0	0	0	0	0	96.03	0	0	0	0	0	0	0	0	0	0	
KENYA-3GB-15D	B0FR9GZ14G	B0FR9GZ14G	Kenya eSIM 3GB 15Days	New	11.99	No		Yes	27	27	0	0	27	96.03	0	0	0	0	0	0	27	0	0	27	
KENYA-5GB-30D	B0FR9T4DG6	B0FR9T4DG6	Kenya eSIM 5GB 30Days	New	12.99	No		Yes	30	30	0	0	30	359.04	0	0	0	0	0	0	30	0	0	30	
KE_3_15	B0FR9GZ14G	B0FR9GZ14G	Kenya eSIM 3GB 15Days	New	21.99	No		Yes	27	27	0	0	27	96.03	0	0	0	0	0	0	27	0	0	27	
KE_5_30	B0FR9T4DG6	B0FR9T4DG6	Kenya eSIM 5GB 30Days	New	29.99	No		Yes	30	30	0	0	30	359.04	0	0	0	0	0	0	30	0	0	30	
KG_20_30	B0FR8XXBHM	B0FR8XXBHM	Kyrgyzstan eSIM 20GB 30 Days | Pay As You Go Data SIM | Easy Setup | Travel SIM for Tourists & Business | 3G/4G Speeds | Prepaid Data Plan for Kyrgyzstan	New	33.49	No		Yes	0	0	0	0	0	169.44	0	0	0	0	0	0	0	0	0	0	
KG_3_15	B0FR9TVF4R	B0FR9TVF4R	Kyrgyzstan eSIM 3GB 15 Days | Pay As You Go Data SIM | Easy Setup | Travel SIM for Tourists & Business | 3G/4G Speeds | Prepaid Data Plan for Kyrgyzstan	New	7.49	No		Yes	0	0	0	0	0	169.44	0	0	0	0	0	0	0	0	0	0	
KH_20_30	B0FR9GFJPL	B0FR9GFJPL	Cambodia eSIM 20GB 30Days	New	33.49	No		Yes	0	0	0	0	0	96.03	0	0	0	0	0	0	0	0	0	0	
KH_3_15	B0FR8XKMJ4	B0FR8XKMJ4	Cambodia eSIM 3GB 15Days	New	7.49	No		Yes	0	0	0	0	0	96.03	0	0	0	0	0	0	0	0	0	0	
KR_20_30	B0FRC4P51Z	B0FRC4P51Z	South Korea eSIM 20GB 30 Days | Pay As You Go Data SIM | Easy Setup | Travel SIM for Tourists & Business | 3G/4G/5G Speeds	New	10.99	No		Yes	0	0	0	0	0	169.44	0	0	0	0	0	0	0	0	0	0	
KR_3_15	B0FRC4RTDF	B0FRC4RTDF	South Korea eSIM 3GB 15 Days | Pay As You Go Data SIM | Easy Setup | Travel SIM for Tourists & Business | 3G/4G/5G Speeds	New	2.49	No		Yes	0	0	0	0	0	169.44	0	0	0	0	0	0	0	0	0	0	
KR_5_30	B0FRD9LC4C	B0FRD9LC4C	South Korea eSIM 5GB 30 Days | Pay As You Go Data SIM | Easy Setup | Travel SIM for Tourists & Business | 3G/4G/5G Speeds	New	3.49	No		Yes	0	0	0	0	0	169.44	0	0	0	0	0	0	0	0	0	0	
KUWAIT-20GB-30D	B0FR9KBF4P	B0FR9KBF4P	Kuwait eSIM 20GB 30Days	New	24.99	No		Yes	0	0	0	0	0	96.03	0	0	0	0	0	0	0	0	0	0	
KUWAIT-3GB-15D	B0FR9LZJ3X	B0FR9LZJ3X	Kuwait eSIM 3GB 15Days	New	8.99	No		Yes	0	0	0	0	0	96.03	0	0	0	0	0	0	0	0	0	0	
KUWAIT-5GB-30D	B0FR9M2TXP	B0FR9M2TXP	Kuwait eSIM 5GB 30Days	New	13.99	No		Yes	0	0	0	0	0	96.03	0	0	0	0	0	0	0	0	0	0	
KW_20_30	B0FR9KBF4P	B0FR9KBF4P	Kuwait eSIM 20GB 30Days	New	33.49	No		Yes	0	0	0	0	0	96.03	0	0	0	0	0	0	0	0	0	0	
KW_3_15	B0FR9LZJ3X	B0FR9LZJ3X	Kuwait eSIM 3GB 15Days	New	7.49	No		Yes	0	0	0	0	0	96.03	0	0	0	0	0	0	0	0	0	0	
KW_5_30	B0FR9M2TXP	B0FR9M2TXP	Kuwait eSIM 5GB 30Days	New	11.49	No		Yes	0	0	0	0	0	96.03	0	0	0	0	0	0	0	0	0	0	
KYRGYZSTAN-20GB-30D	B0FR8XXBHM	B0FR8XXBHM	Kyrgyzstan eSIM 20GB 30 Days | Pay As You Go Data SIM | Easy Setup | Travel SIM for Tourists & Business | 3G/4G Speeds | Prepaid Data Plan for Kyrgyzstan	New	16.99	No		Yes	0	0	0	0	0	169.44	0	0	0	0	0	0	0	0	0	0	
KYRGYZSTAN-3GB-15D	B0FR9TVF4R	B0FR9TVF4R	Kyrgyzstan eSIM 3GB 15 Days | Pay As You Go Data SIM | Easy Setup | Travel SIM for Tourists & Business | 3G/4G Speeds | Prepaid Data Plan for Kyrgyzstan	New	6.99	No		Yes	0	0	0	0	0	169.44	0	0	0	0	0	0	0	0	0	0	
KZ_20_30	B0FR9TLNNW	B0FR9TLNNW	Kazakhstan eSIM 20GB 30Days	New	22.49	No		Yes	0	0	0	0	0	96.03	0	0	0	0	0	0	0	0	0	0	
KZ_3_15	B0FR9T4DG2	B0FR9T4DG2	Kazakhstan eSIM 3GB 15Days	New	4.99	No		Yes	0	0	0	0	0	96.03	0	0	0	0	0	0	0	0	0	0	
KZ_5_30	B0FR9ZMMSH	B0FR9ZMMSH	Kazakhstan eSIM 5GB 30Days	New	7.49	No		Yes	0	0	0	0	0	96.03	0	0	0	0	0	0	0	0	0	0	
LAOS-20GB-30D	B0H6MBWGX1	B0H6MBWGX1	Laos eSIM 20GB 30Days	New	29.99	No		Yes	0	0	0	0	0	96.03	0	0	0	0	0	0	0	0	0	0	
LAOS-3GB-15D	B0H6M96WPB	B0H6M96WPB	Laos eSIM 3GB 15Days	New	8.99	No		Yes	0	0	0	0	0	96.03	0	0	0	0	0	0	0	0	0	0	
LAOS-5GB-30D	B0H6MBJN5B	B0H6MBJN5B	Laos eSIM 5GB 30Days	New	13.99	No		Yes	0	0	0	0	0	96.03	0	0	0	0	0	0	0	0	0	0	
LATVIA-20GB-30D	B0FR9SWN6V	B0FR9SWN6V	Latvia eSIM 20GB 30Days	New	12.99	No		Yes	0	0	0	0	0	96.03	0	0	0	0	0	0	0	0	0	0	
LATVIA-3GB-15D	B0FR9VM4K6	B0FR9VM4K6	Latvia eSIM 3GB 15Days	New	6.99	No		Yes	0	0	0	0	0	96.03	0	0	0	0	0	0	0	0	0	0	
LATVIA-5GB-30D	B0FR9TR99S	B0FR9TR99S	Latvia eSIM 5GB 30Days	New	7.99	No		Yes	0	0	0	0	0	96.03	0	0	0	0	0	0	0	0	0	0	
LIBERIA-3GB-15D	B0FR9H18JQ	B0FR9H18JQ	Liberia eSIM 3GB 15Days	New	17.99	No		Yes	0	0	0	0	0	96.03	0	0	0	0	0	0	0	0	0	0	
LIBERIA-5GB-30D	B0FR9SJ1YH	B0FR9SJ1YH	Liberia eSIM 5GB 30Days	New	28.99	No		Yes	0	0	0	0	0	96.03	0	0	0	0	0	0	0	0	0	0	
LIBYA-20GB-30D	B0H6MFWD2Y	B0H6MFWD2Y	Libya eSIM 20GB 30Days	New	107.99	No		Yes	0	0	0	0	0	96.03	0	0	0	0	0	0	0	0	0	0	
LIBYA-3GB-15D	B0H6MBYGXZ	B0H6MBYGXZ	Libya eSIM 3GB 15Days	New	28.99	No		Yes	0	0	0	0	0	96.03	0	0	0	0	0	0	0	0	0	0	
LIBYA-5GB-30D	B0H6M5PVSB	B0H6M5PVSB	Libya eSIM 5GB 30Days	New	37.99	No		Yes	0	0	0	0	0	96.03	0	0	0	0	0	0	0	0	0	0	
LIECHTENSTEIN-3GB-15D	B0FR9S35ZH	B0FR9S35ZH	Liechtenstein eSIM 3GB 15Days	New	6.99	No		Yes	0	0	0	0	0	96.03	0	0	0	0	0	0	0	0	0	0	
LITHUANIA-20GB-30D	B0FR9TQN8N	B0FR9TQN8N	Lithuania eSIM 20GB 30Days	New	14.99	No		Yes	0	0	0	0	0	96.03	0	0	0	0	0	0	0	0	0	0	
LITHUANIA-3GB-15D	B0FR9KS3P4	B0FR9KS3P4	Lithuania eSIM 3GB 15Days	New	6.99	No		Yes	0	0	0	0	0	96.03	0	0	0	0	0	0	0	0	0	0	
LITHUANIA-5GB-30D	B0FR9R598C	B0FR9R598C	Lithuania eSIM 5GB 30Days	New	7.99	No		Yes	0	0	0	0	0	96.03	0	0	0	0	0	0	0	0	0	0	
LI_3_15	B0FR9S35ZH	B0FR9S35ZH	Liechtenstein eSIM 3GB 15Days	New	4.49	No		Yes	0	0	0	0	0	96.03	0	0	0	0	0	0	0	0	0	0	
LK_20_30	B0FRC2DZN5	B0FRC2DZN5	Sri Lanka eSIM 20GB 30 Days | Prepaid Travel eSIM | Pay As You Go Digital SIM | Easy Setup | Data SIM for Tourists & Business | 3G/4G/5G Speeds	New	35.99	No		Yes	0	0	0	0	0	169.44	0	0	0	0	0	0	0	0	0	0	
LK_3_15	B0FRB7Z1NW	B0FRB7Z1NW	Sri Lanka eSIM 3GB 15 Days | Prepaid Travel eSIM | Pay As You Go Digital SIM | Easy Setup | Data SIM for Tourists & Business | 3G/4G/5G Speeds	New	5.49	No		Yes	0	0	0	0	0	169.44	0	0	0	0	0	0	0	0	0	0	
LK_5_30	B0FRB64B8M	B0FRB64B8M	Sri Lanka eSIM 5GB 30 Days | Prepaid Travel eSIM | Pay As You Go Digital SIM | Easy Setup | Data SIM for Tourists & Business | 3G/4G/5G Speeds	New	9.49	No		Yes	0	0	0	0	0	96.03	0	0	0	0	0	0	0	0	0	0	
LR_3_15	B0FR9H18JQ	B0FR9H18JQ	Liberia eSIM 3GB 15Days	New	18.99	No		Yes	0	0	0	0	0	96.03	0	0	0	0	0	0	0	0	0	0	
LR_5_30	B0FR9SJ1YH	B0FR9SJ1YH	Liberia eSIM 5GB 30Days	New	27.99	No		Yes	0	0	0	0	0	96.03	0	0	0	0	0	0	0	0	0	0	
LT_20_30	B0FR9TQN8N	B0FR9TQN8N	Lithuania eSIM 20GB 30Days	New	22.49	No		Yes	0	0	0	0	0	96.03	0	0	0	0	0	0	0	0	0	0	
LT_3_15	B0FR9KS3P4	B0FR9KS3P4	Lithuania eSIM 3GB 15Days	New	2.99	No		Yes	0	0	0	0	0	96.03	0	0	0	0	0	0	0	0	0	0	
LT_5_30	B0FR9R598C	B0FR9R598C	Lithuania eSIM 5GB 30Days	New	4.49	No		Yes	0	0	0	0	0	96.03	0	0	0	0	0	0	0	0	0	0	
LUXEMBOURG-20GB-30D	B0FR8XXXZB	B0FR8XXXZB	Luxembourg eSIM 20GB 30Days	New	14.99	No		Yes	0	0	0	0	0	96.03	0	0	0	0	0	0	0	0	0	0	
LUXEMBOURG-3GB-15D	B0FR9SHRKM	B0FR9SHRKM	Luxembourg eSIM 3GB 15Days	New	6.99	No		Yes	0	0	0	0	0	96.03	0	0	0	0	0	0	0	0	0	0	
LUXEMBOURG-5GB-30D	B0FR9SB862	B0FR9SB862	Luxembourg eSIM 5GB 30Days	New	7.99	No		Yes	0	0	0	0	0	96.03	0	0	0	0	0	0	0	0	0	0	
LU_20_30	B0FR8XXXZB	B0FR8XXXZB	Luxembourg eSIM 20GB 30Days	New	14.49	No		Yes	0	0	0	0	0	96.03	0	0	0	0	0	0	0	0	0	0	
LU_3_15	B0FR9SHRKM	B0FR9SHRKM	Luxembourg eSIM 3GB 15Days	New	2.99	No		Yes	0	0	0	0	0	96.03	0	0	0	0	0	0	0	0	0	0	
LU_5_30	B0FR9SB862	B0FR9SB862	Luxembourg eSIM 5GB 30Days	New	4.49	No		Yes	0	0	0	0	0	96.03	0	0	0	0	0	0	0	0	0	0	
LV_20_30	B0FR9SWN6V	B0FR9SWN6V	Latvia eSIM 20GB 30Days	New	14.49	No		Yes	0	0	0	0	0	96.03	0	0	0	0	0	0	0	0	0	0	
LV_3_15	B0FR9VM4K6	B0FR9VM4K6	Latvia eSIM 3GB 15Days	New	2.99	No		Yes	0	0	0	0	0	96.03	0	0	0	0	0	0	0	0	0	0	
LV_5_30	B0FR9TR99S	B0FR9TR99S	Latvia eSIM 5GB 30Days	New	4.49	No		Yes	0	0	0	0	0	96.03	0	0	0	0	0	0	0	0	0	0	
MACAO-20GB-30D	B0FR9CDBN2	B0FR9CDBN2	Macao eSIM 20GB 30Days	New	12.99	No		Yes	0	0	0	0	0	96.03	0	0	0	0	0	0	0	0	0	0	
MACAO-3GB-15D	B0FR9M485M	B0FR9M485M	Macao eSIM 3GB 15Days	New	6.99	No		Yes	0	0	0	0	0	96.03	0	0	0	0	0	0	0	0	0	0	
MACAO-5GB-30D	B0FR9L9624	B0FR9L9624	Macao eSIM 5GB 30Days	New	7.99	No		Yes	0	0	0	0	0	96.03	0	0	0	0	0	0	0	0	0	0	
MADAGASCAR-3GB-15D	B0FR9H2NS1	B0FR9H2NS1	Madagascar eSIM 3GB 15Days	New	21.99	No		Yes	0	0	0	0	0	96.03	0	0	0	0	0	0	0	0	0	0	
MALAWI-3GB-15D	B0FR9H3JDK	B0FR9H3JDK	Malawi eSIM 3GB 15Days	New	14.99	No		Yes	0	0	0	0	0	96.03	0	0	0	0	0	0	0	0	0	0	
MALAWI-5GB-30D	B0FR9GXY24	B0FR9GXY24	Malawi eSIM 5GB 30Days	New	23.99	No		Yes	0	0	0	0	0	96.03	0	0	0	0	0	0	0	0	0	0	
MALAYSIA-20GB-30D	B0FR9VMWYD	B0FR9VMWYD	Malaysia eSIM 20GB 30Days	New	12.99	No		Yes	9	9	0	0	9	96.03	0	0	0	0	0	0	9	0	0	9	
MALAYSIA-3GB-15D	B0FR9H1Q65	B0FR9H1Q65	Malaysia eSIM 3GB 15Days	New	6.99	No		Yes	20	20	0	0	20	96.03	0	0	0	0	0	0	20	0	0	20	
MALAYSIA-5GB-30D	B0FR9LDGX8	B0FR9LDGX8	Malaysia eSIM 5GB 30Days	New	7.99	No		Yes	20	20	0	0	20	96.03	0	0	0	0	0	0	20	0	0	20	
MALDIVES-20GB-30D	B0H6MM5SCJ	B0H6MM5SCJ	Maldives eSIM 20GB 30Days	New	100.99	No		Yes	0	0	0	0	0	96.03	0	0	0	0	0	0	0	0	0	0	
MALDIVES-3GB-15D	B0H6MD6Y71	B0H6MD6Y71	Maldives eSIM 3GB 15Days	New	28.99	No		Yes	0	0	0	0	0	96.03	0	0	0	0	0	0	0	0	0	0	
MALDIVES-5GB-30D	B0H6MJQZ8Y	B0H6MJQZ8Y	Maldives eSIM 5GB 30Days	New	37.99	No		Yes	0	0	0	0	0	96.03	0	0	0	0	0	0	0	0	0	0	
MALI-3GB-15D	B0FR9TRDSY	B0FR9TRDSY	Mali eSIM 3GB 15Days	New	17.99	No		Yes	0	0	0	0	0	96.03	0	0	0	0	0	0	0	0	0	0	
MALTA-20GB-30D	B0FR9VL1Q9	B0FR9VL1Q9	Malta eSIM 20GB 30Days	New	12.99	No		Yes	0	0	0	0	0	96.03	0	0	0	0	0	0	0	0	0	0	
MALTA-3GB-15D	B0FR9M3PNR	B0FR9M3PNR	Malta eSIM 3GB 15Days	New	6.99	No		Yes	0	0	0	0	0	96.03	0	0	0	0	0	0	0	0	0	0	
MALTA-5GB-30D	B0FR9ZSMTC	B0FR9ZSMTC	Malta eSIM 5GB 30Days	New	7.99	No		Yes	0	0	0	0	0	96.03	0	0	0	0	0	0	0	0	0	0	
MARTINIQUE-20GB-30D	B0H6MH94KV	B0H6MH94KV	Martinique eSIM 20GB 30Days	New	13.99	No		Yes	0	0	0	0	0	96.03	0	0	0	0	0	0	0	0	0	0	
MARTINIQUE-3GB-15D	B0H6M7SBFQ	B0H6M7SBFQ	Martinique eSIM 3GB 15Days	New	6.99	No		Yes	0	0	0	0	0	96.03	0	0	0	0	0	0	0	0	0	0	
MARTINIQUE-5GB-30D	B0H6MKCD1X	B0H6MKCD1X	Martinique eSIM 5GB 30Days	New	7.99	No		Yes	0	0	0	0	0	96.03	0	0	0	0	0	0	0	0	0	0	
MAURITIUS-3GB-15D	B0H2FYRLRC	B0H2FYRLRC	Mauritius eSIM 3GB 15Days	New	13.99	No		Yes	0	0	0	0	0	96.03	0	0	0	0	0	0	0	0	0	0	
MAURITIUS-5GB-30D	B0H2G2XMS3	B0H2G2XMS3	Mauritius eSIM 5GB 30Days	New	14.99	No		Yes	0	0	0	0	0	96.03	0	0	0	0	0	0	0	0	0	0	
MAYOTTE-20GB-30D	B0H6M5L8MC	B0H6M5L8MC	Mayotte eSIM 20GB 30Days	New	13.99	No		Yes	0	0	0	0	0	96.03	0	0	0	0	0	0	0	0	0	0	
MAYOTTE-3GB-15D	B0H6MFWP88	B0H6MFWP88	Mayotte eSIM 3GB 15Days	New	6.99	No		Yes	0	0	0	0	0	96.03	0	0	0	0	0	0	0	0	0	0	
MAYOTTE-5GB-30D	B0H6MD9C4Y	B0H6MD9C4Y	Mayotte eSIM 5GB 30Days	New	7.99	No		Yes	0	0	0	0	0	96.03	0	0	0	0	0	0	0	0	0	0	
MA_20_30	B0FR9M57DY	B0FR9M57DY	Morocco eSIM 20GB 30 Days | Pay As You Go Data SIM | Easy Setup | Travel SIM for Tourists & Business | 3G/4G Speeds | Free Travel Guide Inlcuded	New	24.99	No		Yes	10	10	0	0	10	96.03	0	0	0	0	0	0	10	0	0	10	
MA_3_15	B0FR9CFZQR	B0FR9CFZQR	Morocco eSIM 3GB 15 Days | Pay As You Go Data SIM | Easy Setup | Travel SIM for Tourists & Business | 3G/4G Speeds | Free Travel Guide Inlcuded	New	6.99	No		Yes	26	26	0	0	26	96.03	0	0	0	0	0	0	26	0	0	26	
MA_5_30	B0FR9CDDQ8	B0FR9CDDQ8	Morocco eSIM 5GB 30 Days | Pay As You Go Data SIM | Easy Setup | Travel SIM for Tourists & Business | 3G/4G Speeds | Free Travel Guide Inlcuded	New	7.49	No		Yes	0	0	0	0	0	96.03	0	0	0	0	0	0	0	0	0	0	
MC_3_15	B0FR9ZS6GM	B0FR9ZS6GM	Monaco eSIM 3GB 15 Days | Pay As You Go Data SIM | Easy Setup | Travel SIM for Tourists & Business | 3G/4G Speeds	New	23.49	No		Yes	0	0	0	0	0	169.44	0	0	0	0	0	0	0	0	0	0	
MC_5_30	B0FR9H1H4M	B0FR9H1H4M	Monaco eSIM 5GB 30 Days | Pay As You Go Data SIM | Easy Setup | Travel SIM for Tourists & Business | 3G/4G Speeds	New	34.49	No		Yes	0	0	0	0	0	169.44	0	0	0	0	0	0	0	0	0	0	
MD_3_15	B0FR9CFQYY	B0FR9CFQYY	Moldova eSIM 3GB 15 Days | Pay As You Go Data SIM | Easy Setup | Travel SIM for Tourists & Business | 3G/4G Speeds	New	6.49	No		Yes	0	0	0	0	0	169.44	0	0	0	0	0	0	0	0	0	0	
ME-13_5_30	B0FR9SYKP6	B0FR9SYKP6	Middle East eSIM 5GB 30 Days | Prepaid International Travel SIM | Pay As You Go Data SIM | Easy Setup | 3G/4G Speeds	New	34.49	No		Yes	0	0	0	0	0	169.44	0	0	0	0	0	0	0	0	0	0	
MEXICO-20GB-30D	B0FR9VDSJX	B0FR9VDSJX	Mexico eSIM 20GB 30Days	New	29.99	No		Yes	0	0	0	0	0	96.03	0	0	0	0	0	0	0	0	0	0	
MEXICO-3GB-15D	B0FR9SZSTG	B0FR9SZSTG	Mexico eSIM 3GB 15Days	New	9.99	No		Yes	0	0	0	0	0	96.03	0	0	0	0	0	0	0	0	0	0	
MEXICO-5GB-30D	B0FR9H2K1C	B0FR9H2K1C	Mexico eSIM 5GB 30Days	New	11.99	No		Yes	0	0	0	0	0	96.03	0	0	0	0	0	0	0	0	0	0	
ME_3_15	B0FR9R5HR7	B0FR9R5HR7	Montenegro eSIM 3GB 15 Days | Pay As You Go Data SIM | Easy Setup | Travel SIM for Tourists & Business | 3G/4G Speeds	New	7.49	No		Yes	0	0	0	0	0	169.44	0	0	0	0	0	0	0	0	0	0	
MG_3_15	B0FR9H2NS1	B0FR9H2NS1	Madagascar eSIM 3GB 15Days	New	14.99	No		Yes	0	0	0	0	0	96.03	0	0	0	0	0	0	0	0	0	0	
MIDDLE-EAST-5GB-30D	B0FR9SYKP6	B0FR9SYKP6	Middle East eSIM 5GB 30 Days | Prepaid International Travel SIM | Pay As You Go Data SIM | Easy Setup | 3G/4G Speeds	New	30.99	No		Yes	0	0	0	0	0	169.44	0	0	0	0	0	0	0	0	0	0	
MK_3_15	B0FRB59DJS	B0FRB59DJS	North Macedonia eSIM 3GB 15 Days | Pay As You Go Data SIM | Easy Setup | Travel SIM for Tourists & Business | 3G/4G Speeds	New	7.49	No		Yes	0	0	0	0	0	169.44	0	0	0	0	0	0	0	0	0	0	
MK_5_30	B0FR9WNHHX	B0FR9WNHHX	North Macedonia eSIM 5GB 30 Days | Pay As You Go Data SIM | Easy Setup | Travel SIM for Tourists & Business | 3G/4G Speeds	New	11.49	No		Yes	0	0	0	0	0	169.44	0	0	0	0	0	0	0	0	0	0	
ML_3_15	B0FR9TRDSY	B0FR9TRDSY	Mali eSIM 3GB 15Days	New	23.49	No		Yes	0	0	0	0	0	96.03	0	0	0	0	0	0	0	0	0	0	
MN_3_15	B0FR9LSYTX	B0FR9LSYTX	Mongolia eSIM 3GB 15 Days | Pay As You Go Data SIM | Easy Setup | Travel SIM for Tourists & Business | 3G/4G Speeds	New	45.49	No		Yes	0	0	0	0	0	169.44	0	0	0	0	0	0	0	0	0	0	
MOLDOVA-3GB-15D	B0FR9CFQYY	B0FR9CFQYY	Moldova eSIM 3GB 15 Days | Pay As You Go Data SIM | Easy Setup | Travel SIM for Tourists & Business | 3G/4G Speeds	New	6.99	No		Yes	0	0	0	0	0	169.44	0	0	0	0	0	0	0	0	0	0	
MONACO-3GB-15D	B0FR9ZS6GM	B0FR9ZS6GM	Monaco eSIM 3GB 15 Days | Pay As You Go Data SIM | Easy Setup | Travel SIM for Tourists & Business | 3G/4G Speeds	New	53.99	No		Yes	0	0	0	0	0	169.44	0	0	0	0	0	0	0	0	0	0	
MONACO-5GB-30D	B0FR9H1H4M	B0FR9H1H4M	Monaco eSIM 5GB 30 Days | Pay As You Go Data SIM | Easy Setup | Travel SIM for Tourists & Business | 3G/4G Speeds	New	72.99	No		Yes	0	0	0	0	0	169.44	0	0	0	0	0	0	0	0	0	0	
MONGOLIA-3GB-15D	B0FR9LSYTX	B0FR9LSYTX	Mongolia eSIM 3GB 15 Days | Pay As You Go Data SIM | Easy Setup | Travel SIM for Tourists & Business | 3G/4G Speeds	New	13.99	No		Yes	0	0	0	0	0	169.44	0	0	0	0	0	0	0	0	0	0	
MONTENEGRO-3GB-15D	B0FR9R5HR7	B0FR9R5HR7	Montenegro eSIM 3GB 15 Days | Pay As You Go Data SIM | Easy Setup | Travel SIM for Tourists & Business | 3G/4G Speeds	New	6.99	No		Yes	0	0	0	0	0	169.44	0	0	0	0	0	0	0	0	0	0	
MONTSERRAT-20GB-30D	B0H6MG87HK	B0H6MG87HK	Montserrat eSIM 20GB 30Days	New	80.99	No		Yes	0	0	0	0	0	96.03	0	0	0	0	0	0	0	0	0	0	
MONTSERRAT-3GB-15D	B0H6MDJ2ZR	B0H6MDJ2ZR	Montserrat eSIM 3GB 15Days	New	21.99	No		Yes	0	0	0	0	0	96.03	0	0	0	0	0	0	0	0	0	0	
MONTSERRAT-5GB-30D	B0H6MGQ1Y4	B0H6MGQ1Y4	Montserrat eSIM 5GB 30Days	New	28.99	No		Yes	0	0	0	0	0	96.03	0	0	0	0	0	0	0	0	0	0	
MOROCCO-20GB-30D	B0FR9M57DY	B0FR9M57DY	Morocco eSIM 20GB 30 Days | Pay As You Go Data SIM | Easy Setup | Travel SIM for Tourists & Business | 3G/4G Speeds | Free Travel Guide Inlcuded	New	22.99	No		Yes	10	10	0	0	10	96.03	0	0	0	0	0	0	10	0	0	10	
MOROCCO-3GB-15D	B0FR9CFZQR	B0FR9CFZQR	Morocco eSIM 3GB 15 Days | Pay As You Go Data SIM | Easy Setup | Travel SIM for Tourists & Business | 3G/4G Speeds | Free Travel Guide Inlcuded	New	7.99	No		Yes	26	26	0	0	26	96.03	0	0	0	0	0	0	26	0	0	26	
MOROCCO-5GB-30D	B0FR9CDDQ8	B0FR9CDDQ8	Morocco eSIM 5GB 30 Days | Pay As You Go Data SIM | Easy Setup | Travel SIM for Tourists & Business | 3G/4G Speeds | Free Travel Guide Inlcuded	New	11.99	No		Yes	0	0	0	0	0	96.03	0	0	0	0	0	0	0	0	0	0	
MOZAMBIQUE-20GB-30D	B0FR9CFLS7	B0FR9CFLS7	Mozambique eSIM 20GB 30Days	New	64.99	No		Yes	0	0	0	0	0	96.03	0	0	0	0	0	0	0	0	0	0	
MOZAMBIQUE-3GB-15D	B0FRB1M6HK	B0FRB1M6HK	Mozambique eSIM 3GB 15Days	New	16.99	No		Yes	0	0	0	0	0	96.03	0	0	0	0	0	0	0	0	0	0	
MO_20_30	B0FR9CDBN2	B0FR9CDBN2	Macao eSIM 20GB 30Days	New	10.99	No		Yes	0	0	0	0	0	96.03	0	0	0	0	0	0	0	0	0	0	
MO_3_15	B0FR9M485M	B0FR9M485M	Macao eSIM 3GB 15Days	New	2.49	No		Yes	0	0	0	0	0	96.03	0	0	0	0	0	0	0	0	0	0	
MO_5_30	B0FR9L9624	B0FR9L9624	Macao eSIM 5GB 30Days	New	3.49	No		Yes	0	0	0	0	0	96.03	0	0	0	0	0	0	0	0	0	0	
MT_20_30	B0FR9VL1Q9	B0FR9VL1Q9	Malta eSIM 20GB 30Days	New	22.49	No		Yes	0	0	0	0	0	96.03	0	0	0	0	0	0	0	0	0	0	
MT_3_15	B0FR9M3PNR	B0FR9M3PNR	Malta eSIM 3GB 15Days	New	3.99	No		Yes	0	0	0	0	0	96.03	0	0	0	0	0	0	0	0	0	0	
MT_5_30	B0FR9ZSMTC	B0FR9ZSMTC	Malta eSIM 5GB 30Days	New	7.49	No		Yes	0	0	0	0	0	96.03	0	0	0	0	0	0	0	0	0	0	
MW_3_15	B0FR9H3JDK	B0FR9H3JDK	Malawi eSIM 3GB 15Days	New	18.99	No		Yes	0	0	0	0	0	96.03	0	0	0	0	0	0	0	0	0	0	
MW_5_30	B0FR9GXY24	B0FR9GXY24	Malawi eSIM 5GB 30Days	New	27.99	No		Yes	0	0	0	0	0	96.03	0	0	0	0	0	0	0	0	0	0	
MX_20_30	B0FR9VDSJX	B0FR9VDSJX	Mexico eSIM 20GB 30Days	New	33.49	No		Yes	0	0	0	0	0	96.03	0	0	0	0	0	0	0	0	0	0	
MX_3_15	B0FR9SZSTG	B0FR9SZSTG	Mexico eSIM 3GB 15Days	New	7.49	No		Yes	0	0	0	0	0	96.03	0	0	0	0	0	0	0	0	0	0	
MX_5_30	B0FR9H2K1C	B0FR9H2K1C	Mexico eSIM 5GB 30Days	New	11.49	No		Yes	0	0	0	0	0	96.03	0	0	0	0	0	0	0	0	0	0	
MY_20_30	B0FR9VMWYD	B0FR9VMWYD	Malaysia eSIM 20GB 30Days	New	13.99	No		Yes	9	9	0	0	9	96.03	0	0	0	0	0	0	9	0	0	9	
MY_3_15	B0FR9H1Q65	B0FR9H1Q65	Malaysia eSIM 3GB 15Days	New	4.99	No		Yes	20	20	0	0	20	96.03	0	0	0	0	0	0	20	0	0	20	
MY_5_30	B0FR9LDGX8	B0FR9LDGX8	Malaysia eSIM 5GB 30Days	New	6.99	No		Yes	20	20	0	0	20	96.03	0	0	0	0	0	0	20	0	0	20	
MZ_20_30	B0FR9CFLS7	B0FR9CFLS7	Mozambique eSIM 20GB 30Days	New	83.99	No		Yes	0	0	0	0	0	96.03	0	0	0	0	0	0	0	0	0	0	
MZ_3_15	B0FRB1M6HK	B0FRB1M6HK	Mozambique eSIM 3GB 15Days	New	18.99	No		Yes	0	0	0	0	0	96.03	0	0	0	0	0	0	0	0	0	0	
NA-3_5_30	B0FRBDQ8H5	B0FRBDQ8H5	North America (3 areas) eSIM 5GB 30 Days | Prepaid International Travel SIM | Pay As You Go Data SIM | Easy Setup | 3G/4G Speeds	New	11.49	No		Yes	0	0	0	0	0	169.44	0	0	0	0	0	0	0	0	0	0	
NEPAL-3GB-15D	B0FRB1TD7L	B0FRB1TD7L	Nepal eSIM 3GB 15Days	New	11.99	No		Yes	0	0	0	0	0	96.03	0	0	0	0	0	0	0	0	0	0	
NETHERLANDS-20GB-30D	B0FR9NG7LB	B0FR9NG7LB	Netherlands eSIM 20GB 30Days	New	13.99	No		Yes	20	20	0	0	20	96.03	0	0	0	0	0	0	20	0	0	20	
NETHERLANDS-3GB-15D	B0FRB5GNM2	B0FRB5GNM2	Netherlands eSIM 3GB 15Days	New	6.99	No		Yes	70	70	0	0	70	96.03	0	0	0	0	0	0	70	0	0	70	
NETHERLANDS-5GB-30D	B0FR9NHP7Q	B0FR9NHP7Q	Netherlands eSIM 5GB 30Days	New	7.99	No		Yes	56	56	0	0	56	96.03	0	0	0	0	0	0	56	0	0	56	
NEW-ZEALAND-20GB-30D	B0FRB1TWT8	B0FRB1TWT8	New Zealand eSIM 20GB 30Days	New	20.99	No		Yes	0	0	0	0	0	96.03	0	0	0	0	0	0	0	0	0	0	
NEW-ZEALAND-3GB-15D	B0FR9NKXF5	B0FR9NKXF5	New Zealand eSIM 3GB 15Days	New	7.99	No		Yes	0	0	0	0	0	96.03	0	0	0	0	0	0	0	0	0	0	
NEW-ZEALAND-5GB-30D	B0FR9NHFWQ	B0FR9NHFWQ	New Zealand eSIM 5GB 30Days	New	9.99	No		Yes	0	0	0	0	0	96.03	0	0	0	0	0	0	0	0	0	0	
NE_3_15	B0FR9NPT1H	B0FR9NPT1H	Niger eSIM 3GB 15 Days | Pay As You Go Data SIM | Easy Setup | Travel SIM for Tourists & Business | 3G/4G Speeds	New	23.49	No		Yes	0	0	0	0	0	169.44	0	0	0	0	0	0	0	0	0	0	
NG_3_15	B0FR9X17QY	B0FR9X17QY	Nigeria eSIM 3GB 15 Days | Pay As You Go Prepaid Data SIM | Easy Setup | Travel SIM for Tourists & Business | 3G/4G Speeds	New	14.99	No		Yes	0	0	0	0	0	169.44	0	0	0	0	0	0	0	0	0	0	
NICARAGUA-3GB-15D	B0FRB33MPG	B0FRB33MPG	Nicaragua eSIM 3GB 15Days	New	11.99	No		Yes	0	0	0	0	0	96.03	0	0	0	0	0	0	0	0	0	0	
NIGER-3GB-15D	B0FR9NPT1H	B0FR9NPT1H	Niger eSIM 3GB 15 Days | Pay As You Go Data SIM | Easy Setup | Travel SIM for Tourists & Business | 3G/4G Speeds	New	14.99	No		Yes	0	0	0	0	0	169.44	0	0	0	0	0	0	0	0	0	0	
NIGERIA-3GB-15D	B0FR9X17QY	B0FR9X17QY	Nigeria eSIM 3GB 15 Days | Pay As You Go Prepaid Data SIM | Easy Setup | Travel SIM for Tourists & Business | 3G/4G Speeds	New	11.99	No		Yes	0	0	0	0	0	169.44	0	0	0	0	0	0	0	0	0	0	
NI_3_15	B0FRB33MPG	B0FRB33MPG	Nicaragua eSIM 3GB 15Days	New	14.99	No		Yes	0	0	0	0	0	96.03	0	0	0	0	0	0	0	0	0	0	
NL_20_30	B0FR9NG7LB	B0FR9NG7LB	Netherlands eSIM 20GB 30Days	New	16.99	No		Yes	20	20	0	0	20	96.03	0	0	0	0	0	0	20	0	0	20	
NL_3_15	B0FRB5GNM2	B0FRB5GNM2	Netherlands eSIM 3GB 15Days	New	4.99	No		Yes	70	70	0	0	70	96.03	0	0	0	0	0	0	70	0	0	70	
NL_5_30	B0FR9NHP7Q	B0FR9NHP7Q	Netherlands eSIM 5GB 30Days	New	4.49	No		Yes	56	56	0	0	56	96.03	0	0	0	0	0	0	56	0	0	56	
NORTH-AMERICA-5GB-30D	B0FRBDQ8H5	B0FRBDQ8H5	North America (3 areas) eSIM 5GB 30 Days | Prepaid International Travel SIM | Pay As You Go Data SIM | Easy Setup | 3G/4G Speeds	New	13.99	No		Yes	0	0	0	0	0	169.44	0	0	0	0	0	0	0	0	0	0	
NORTH-MACEDONIA-3GB-15D	B0FRB59DJS	B0FRB59DJS	North Macedonia eSIM 3GB 15 Days | Pay As You Go Data SIM | Easy Setup | Travel SIM for Tourists & Business | 3G/4G Speeds	New	7.99	No		Yes	0	0	0	0	0	169.44	0	0	0	0	0	0	0	0	0	0	
NORTH-MACEDONIA-5GB-30D	B0FR9WNHHX	B0FR9WNHHX	North Macedonia eSIM 5GB 30 Days | Pay As You Go Data SIM | Easy Setup | Travel SIM for Tourists & Business | 3G/4G Speeds	New	11.99	No		Yes	0	0	0	0	0	169.44	0	0	0	0	0	0	0	0	0	0	
NORWAY-20GB-30D	B0FRB572L8	B0FRB572L8	Norway eSIM 20GB 30Days	New	12.99	No		Yes	0	0	0	0	0	96.03	0	0	0	0	0	0	0	0	0	0	
NORWAY-3GB-15D	B0FR9WNK2H	B0FR9WNK2H	Norway eSIM 3GB 15Days	New	6.99	No		Yes	0	0	0	0	0	96.03	0	0	0	0	0	0	0	0	0	0	
NORWAY-5GB-30D	B0FRBNPZ9D	B0FRBNPZ9D	Norway eSIM 5GB 30Days	New	7.99	No		Yes	0	0	0	0	0	96.03	0	0	0	0	0	0	0	0	0	0	
NO_20_30	B0FRB572L8	B0FRB572L8	Norway eSIM 20GB 30Days	New	10.99	No		Yes	0	0	0	0	0	96.03	0	0	0	0	0	0	0	0	0	0	
NO_3_15	B0FR9WNK2H	B0FR9WNK2H	Norway eSIM 3GB 15Days	New	2.49	No		Yes	0	0	0	0	0	96.03	0	0	0	0	0	0	0	0	0	0	
NO_5_30	B0FRBNPZ9D	B0FRBNPZ9D	Norway eSIM 5GB 30Days	New	3.49	No		Yes	0	0	0	0	0	96.03	0	0	0	0	0	0	0	0	0	0	
NP_3_15	B0FRB1TD7L	B0FRB1TD7L	Nepal eSIM 3GB 15Days	New	27.99	No		Yes	0	0	0	0	0	96.03	0	0	0	0	0	0	0	0	0	0	
NZ_20_30	B0FRB1TWT8	B0FRB1TWT8	New Zealand eSIM 20GB 30Days	New	18.49	No		Yes	0	0	0	0	0	96.03	0	0	0	0	0	0	0	0	0	0	
NZ_3_15	B0FR9NKXF5	B0FR9NKXF5	New Zealand eSIM 3GB 15Days	New	3.99	No		Yes	0	0	0	0	0	96.03	0	0	0	0	0	0	0	0	0	0	
NZ_5_30	B0FR9NHFWQ	B0FR9NHFWQ	New Zealand eSIM 5GB 30Days	New	6.99	No		Yes	0	0	0	0	0	96.03	0	0	0	0	0	0	0	0	0	0	
OMAN-20GB-30D	B0FRB4R3FK	B0FRB4R3FK	Oman eSIM 20GB 30Days	New	27.99	No		Yes	0	0	0	0	0	96.03	0	0	0	0	0	0	0	0	0	0	
OMAN-3GB-15D	B0FRB4BL4W	B0FRB4BL4W	Oman eSIM 3GB 15Days	New	9.99	No		Yes	0	0	0	0	0	96.03	0	0	0	0	0	0	0	0	0	0	
OM_20_30	B0FRB4R3FK	B0FRB4R3FK	Oman eSIM 20GB 30Days	New	59.99	No		Yes	0	0	0	0	0	96.03	0	0	0	0	0	0	0	0	0	0	
OM_3_15	B0FRB4BL4W	B0FRB4BL4W	Oman eSIM 3GB 15Days	New	11.49	No		Yes	0	0	0	0	0	96.03	0	0	0	0	0	0	0	0	0	0	
PAKISTAN-20GB-30D	B0FRB691X8	B0FRB691X8	Pakistan eSIM 20GB 30Days	New	18.99	No		Yes	0	0	0	0	0	96.03	0	0	0	0	0	0	0	0	0	0	
PAKISTAN-3GB-15D	B0FRB4HL3B	B0FRB4HL3B	Pakistan eSIM 3GB 15Days	New	6.99	No		Yes	0	0	0	0	0	96.03	0	0	0	0	0	0	0	0	0	0	
PAKISTAN-5GB-30D	B0FRB48QKZ	B0FRB48QKZ	Pakistan eSIM 5GB 30Days	New	8.99	No		Yes	0	0	0	0	0	96.03	0	0	0	0	0	0	0	0	0	0	
PANAMA-3GB-15D	B0FRB3VFW6	B0FRB3VFW6	Panama eSIM 3GB 15Days	New	14.99	No		Yes	0	0	0	0	0	96.03	0	0	0	0	0	0	0	0	0	0	
PARAGUAY-3GB-15D	B0FRB3V7CS	B0FRB3V7CS	Paraguay eSIM 3GB 15Days	New	11.99	No		Yes	0	0	0	0	0	96.03	0	0	0	0	0	0	0	0	0	0	
PA_3_15	B0FRB3VFW6	B0FRB3VFW6	Panama eSIM 3GB 15Days	New	14.99	No		Yes	0	0	0	0	0	96.03	0	0	0	0	0	0	0	0	0	0	
PERU-20GB-30D	B0H6M8BLBD	B0H6M8BLBD	Peru eSIM 20GB 30Days	New	35.99	No		Yes	0	0	0	0	0	96.03	0	0	0	0	0	0	0	0	0	0	
PERU-3GB-15D	B0H6M5WW3B	B0H6M5WW3B	Peru eSIM 3GB 15Days	New	11.99	No		Yes	0	0	0	0	0	96.03	0	0	0	0	0	0	0	0	0	0	
PHILIPPINES-20GB-30D	B0FRB4K2D4	B0FRB4K2D4	Philippines eSIM 20GB 30Days	New	19.99	No		Yes	10	10	0	0	10	96.03	0	0	0	0	0	0	10	0	0	10	
PHILIPPINES-3GB-15D	B0FRB1GVXK	B0FRB1GVXK	Philippines eSIM 3GB 15Days	New	6.99	No		Yes	19	19	0	0	19	96.03	0	0	0	0	0	0	19	0	0	19	
PHILIPPINES-5GB-30D	B0FRB4VCKG	B0FRB4VCKG	Philippines eSIM 5GB 30Days	New	8.99	No		Yes	20	20	0	0	20	96.03	0	0	0	0	0	0	20	0	0	20	
PH_20_30	B0FRB4K2D4	B0FRB4K2D4	Philippines eSIM 20GB 30Days	New	28.99	No		Yes	10	10	0	0	10	96.03	0	0	0	0	0	0	10	0	0	10	
PH_3_15	B0FRB1GVXK	B0FRB1GVXK	Philippines eSIM 3GB 15Days	New	7.99	No		Yes	19	19	0	0	19	96.03	0	0	0	0	0	0	19	0	0	19	
PH_5_30	B0FRB4VCKG	B0FRB4VCKG	Philippines eSIM 5GB 30Days	New	10.99	No		Yes	20	20	0	0	20	96.03	0	0	0	0	0	0	20	0	0	20	
PK_20_30	B0FRB691X8	B0FRB691X8	Pakistan eSIM 20GB 30Days	New	26.49	No		Yes	0	0	0	0	0	96.03	0	0	0	0	0	0	0	0	0	0	
PK_3_15	B0FRB4HL3B	B0FRB4HL3B	Pakistan eSIM 3GB 15Days	New	6.49	No		Yes	0	0	0	0	0	96.03	0	0	0	0	0	0	0	0	0	0	
PK_5_30	B0FRB48QKZ	B0FRB48QKZ	Pakistan eSIM 5GB 30Days	New	9.49	No		Yes	0	0	0	0	0	96.03	0	0	0	0	0	0	0	0	0	0	
PL_20_30	B0FRB5HSK7	B0FRB5HSK7	Poland eSIM 20GB 30 Days | Pay As You Go Data SIM | Easy Setup | Travel SIM for Tourists & Business | 3G/4G/5G Speeds | Free Travel Guide Inlcuded	New	13.99	No		Yes	20	20	0	0	20	96.03	0	0	0	0	0	0	20	0	0	20	
PL_3_15	B0FRB4JVKR	B0FRB4JVKR	Poland eSIM 3GB 15 Days | Pay As You Go Data SIM | Easy Setup | Travel SIM for Tourists & Business | 3G/4G/5G Speeds | Free Travel Guide Inlcuded	New	4.99	No		Yes	70	70	0	0	70	96.03	0	0	0	0	0	0	70	0	0	70	
PL_5_30	B0FRBDPQ9J	B0FRBDPQ9J	Poland eSIM 5GB 30 Days | Pay As You Go Data SIM | Easy Setup | Travel SIM for Tourists & Business | 3G/4G Speeds | Free Travel Guide Inlcuded	New	3.49	No		Yes	53	52	0	0	53	96.03	0	0	0	1	0	0	52	0	0	52	
POLAND-20GB-30D	B0FRB5HSK7	B0FRB5HSK7	Poland eSIM 20GB 30 Days | Pay As You Go Data SIM | Easy Setup | Travel SIM for Tourists & Business | 3G/4G/5G Speeds | Free Travel Guide Inlcuded	New	12.99	No		Yes	20	20	0	0	20	96.03	0	0	0	0	0	0	20	0	0	20	
POLAND-3GB-15D	B0FRB4JVKR	B0FRB4JVKR	Poland eSIM 3GB 15 Days | Pay As You Go Data SIM | Easy Setup | Travel SIM for Tourists & Business | 3G/4G/5G Speeds | Free Travel Guide Inlcuded	New	6.99	No		Yes	70	70	0	0	70	96.03	0	0	0	0	0	0	70	0	0	70	
POLAND-5GB-30D	B0FRBDPQ9J	B0FRBDPQ9J	Poland eSIM 5GB 30 Days | Pay As You Go Data SIM | Easy Setup | Travel SIM for Tourists & Business | 3G/4G Speeds | Free Travel Guide Inlcuded	New	7.99	No		Yes	53	52	0	0	53	96.03	0	0	0	1	0	0	52	0	0	52	
PORTUGAL-20GB-30D	B0FRB354KV	B0FRB354KV	Portugal eSIM 20GB 30Days	New	12.99	No		Yes	27	27	0	0	27	96.03	0	0	0	0	0	0	27	0	0	27	
PORTUGAL-3GB-15D	B0FRB4314T	B0FRB4314T	Portugal eSIM 3GB 15Days	New	6.99	No		Yes	89	89	0	0	89	96.03	0	0	0	0	0	0	89	0	0	89	
PORTUGAL-5GB-30D	B0FRB4X799	B0FRB4X799	Portugal eSIM 5GB 30Days	New	7.99	No		Yes	73	73	0	0	73	96.03	0	0	0	0	0	0	73	0	0	73	
PR_3_15	B0FRB5MSF1	B0FRB5MSF1	Puerto Rico eSIM 3GB 15 Days | Prepaid Travel eSIM | Pay As You Go Digital SIM | Easy Setup | Data SIM for Tourists & Business | 3G/4G Speeds	New	9.49	No		Yes	0	0	0	0	0	169.44	0	0	0	0	0	0	0	0	0	0	
PR_5_30	B0FR9WMX9V	B0FR9WMX9V	Puerto Rico eSIM 5GB 30 Days | Prepaid Travel eSIM | Pay As You Go Digital SIM | Easy Setup | Data SIM for Tourists & Business | 3G/4G Speeds	New	14.49	No		Yes	0	0	0	0	0	169.44	0	0	0	0	0	0	0	0	0	0	
PT_20_30	B0FRB354KV	B0FRB354KV	Portugal eSIM 20GB 30Days	New	16.99	No		Yes	27	27	0	0	27	96.03	0	0	0	0	0	0	27	0	0	27	
PT_3_15	B0FRB4314T	B0FRB4314T	Portugal eSIM 3GB 15Days	New	4.99	No		Yes	89	89	0	0	89	96.03	0	0	0	0	0	0	89	0	0	89	
PT_5_30	B0FRB4X799	B0FRB4X799	Portugal eSIM 5GB 30Days	New	4.49	No		Yes	73	73	0	0	73	96.03	0	0	0	0	0	0	73	0	0	73	
PUERTO-RICO-3GB-15D	B0FRB5MSF1	B0FRB5MSF1	Puerto Rico eSIM 3GB 15 Days | Prepaid Travel eSIM | Pay As You Go Digital SIM | Easy Setup | Data SIM for Tourists & Business | 3G/4G Speeds	New	10.99	No		Yes	0	0	0	0	0	169.44	0	0	0	0	0	0	0	0	0	0	
PUERTO-RICO-5GB-30D	B0FR9WMX9V	B0FR9WMX9V	Puerto Rico eSIM 5GB 30 Days | Prepaid Travel eSIM | Pay As You Go Digital SIM | Easy Setup | Data SIM for Tourists & Business | 3G/4G Speeds	New	11.99	No		Yes	0	0	0	0	0	169.44	0	0	0	0	0	0	0	0	0	0	
PY_3_15	B0FRB3V7CS	B0FRB3V7CS	Paraguay eSIM 3GB 15Days	New	14.99	No		Yes	0	0	0	0	0	96.03	0	0	0	0	0	0	0	0	0	0	
Q4-GG06-TJ4J	B0H2G2XMS3	B0H2G2XMS3	Mauritius eSIM 5GB 30Days	Unknown					0	0	0	0	0	96.03	0	0	0	0	0	0	0	0	0	0	
QATAR-20GB-30D	B0FR9X3QGM	B0FR9X3QGM	Qatar eSIM 20GB 30Days	New	26.99	No		Yes	0	0	0	0	0	96.03	0	0	0	0	0	0	0	0	0	0	
QATAR-3GB-15D	B0FR9NXH43	B0FR9NXH43	Qatar eSIM 3GB 15Days	New	8.99	No		Yes	0	0	0	0	0	96.03	0	0	0	0	0	0	0	0	0	0	
QATAR-5GB-30D	B0FR9X5KB1	B0FR9X5KB1	Qatar eSIM 5GB 30Days	New	14.99	No		Yes	0	0	0	0	0	96.03	0	0	0	0	0	0	0	0	0	0	
QA_20_30	B0FR9X3QGM	B0FR9X3QGM	Qatar eSIM 20GB 30Days	New	53.49	No		Yes	0	0	0	0	0	96.03	0	0	0	0	0	0	0	0	0	0	
QA_3_15	B0FR9NXH43	B0FR9NXH43	Qatar eSIM 3GB 15Days	New	11.99	No		Yes	0	0	0	0	0	96.03	0	0	0	0	0	0	0	0	0	0	
QA_5_30	B0FR9X5KB1	B0FR9X5KB1	Qatar eSIM 5GB 30Days	New	18.49	No		Yes	0	0	0	0	0	96.03	0	0	0	0	0	0	0	0	0	0	
RC-YEE4-3GGN	B0H2FQ3QJ9	B0H2FQ3QJ9	Gambia eSIM 5GB 30Days	Unknown					0	0	0	0	0	96.03	0	0	0	0	0	0	0	0	0	0	
REPUBLIC-OF-THE-CONGO-20GB-30D	B0H6MJ756Y	B0H6MJ756Y	Republic of the Congo eSIM 20GB 30Days	New	66.99	No		Yes	0	0	0	0	0	96.03	0	0	0	0	0	0	0	0	0	0	
REPUBLIC-OF-THE-CONGO-3GB-15D	B0H6MM6DKT	B0H6MM6DKT	Republic of the Congo eSIM 3GB 15Days	New	18.99	No		Yes	0	0	0	0	0	96.03	0	0	0	0	0	0	0	0	0	0	
REPUBLIC-OF-THE-CONGO-5GB-30D	B0H6MBXD3B	B0H6MBXD3B	Republic of the Congo eSIM 5GB 30Days	New	28.99	No		Yes	0	0	0	0	0	96.03	0	0	0	0	0	0	0	0	0	0	
REUNION-3GB-15D	B0FRB3KCNQ	B0FRB3KCNQ	Reunion eSIM 3GB 15Days	New	6.99	No		Yes	0	0	0	0	0	96.03	0	0	0	0	0	0	0	0	0	0	
REUNION-5GB-30D	B0FRB47TQW	B0FRB47TQW	Reunion eSIM 5GB 30Days	New	7.99	No		Yes	0	0	0	0	0	96.03	0	0	0	0	0	0	0	0	0	0	
RE_3_15	B0FRB3KCNQ	B0FRB3KCNQ	Reunion eSIM 3GB 15Days	New	9.49	No		Yes	0	0	0	0	0	96.03	0	0	0	0	0	0	0	0	0	0	
RE_5_30	B0FRB47TQW	B0FRB47TQW	Reunion eSIM 5GB 30Days	New	14.49	No		Yes	0	0	0	0	0	96.03	0	0	0	0	0	0	0	0	0	0	
ROMANIA-20GB-30D	B0H6MGRC1F	B0H6MGRC1F	Romania eSIM 20GB 30Days	New	12.99	No		Yes	0	0	0	0	0	96.03	0	0	0	0	0	0	0	0	0	0	
ROMANIA-3GB-15D	B0H6MKQH2C	B0H6MKQH2C	Romania eSIM 3GB 15Days	New	6.99	No		Yes	0	0	0	0	0	96.03	0	0	0	0	0	0	0	0	0	0	
ROMANIA-5GB-30D	B0H6MFVLCB	B0H6MFVLCB	Romania eSIM 5GB 30Days	New	7.99	No		Yes	0	0	0	0	0	96.03	0	0	0	0	0	0	0	0	0	0	
RS_20_30	B0FRB5K8JC	B0FRB5K8JC	Serbia eSIM 20GB 30 Days | Pay As You Go Data SIM | Easy Setup | Travel SIM for Tourists & Business | 3G/4G Speeds	New	42.49	No		Yes	0	0	0	0	0	169.44	0	0	0	0	0	0	0	0	0	0	
RS_3_15	B0FRB5TJV2	B0FRB5TJV2	Serbia eSIM 3GB 15 Days | Pay As You Go Data SIM | Easy Setup | Travel SIM for Tourists & Business | 3G/4G Speeds	New	9.49	No		Yes	0	0	0	0	0	169.44	0	0	0	0	0	0	0	0	0	0	
RUSSIA-20GB-30D	B0H6MDSLNC	B0H6MDSLNC	Russia eSIM 20GB 30Days	New	19.99	No		Yes	0	0	0	0	0	96.03	0	0	0	0	0	0	0	0	0	0	
RUSSIA-3GB-15D	B0H6MDNPC8	B0H6MDNPC8	Russia eSIM 3GB 15Days	New	7.99	No		Yes	0	0	0	0	0	96.03	0	0	0	0	0	0	0	0	0	0	
RUSSIA-5GB-30D	B0H6MLHHB2	B0H6MLHHB2	Russia eSIM 5GB 30Days	New	11.99	No		Yes	0	0	0	0	0	96.03	0	0	0	0	0	0	0	0	0	0	
RWANDA-20GB-30D	B0H6M66BWN	B0H6M66BWN	Rwanda eSIM 20GB 30Days	New	83.99	No		Yes	0	0	0	0	0	96.03	0	0	0	0	0	0	0	0	0	0	
RWANDA-3GB-15D	B0H6MK2ZBQ	B0H6MK2ZBQ	Rwanda eSIM 3GB 15Days	New	20.99	No		Yes	0	0	0	0	0	96.03	0	0	0	0	0	0	0	0	0	0	
RWANDA-5GB-30D	B0H6MJZHP1	B0H6MJZHP1	Rwanda eSIM 5GB 30Days	New	27.99	No		Yes	0	0	0	0	0	96.03	0	0	0	0	0	0	0	0	0	0	
SA-18_5_30	B0FRB8D7HC	B0FRB8D7HC	South America (15+ areas) eSIM 5GB 30 Days | Prepaid International Travel SIM | Pay As You Go Data SIM | Easy Setup | 3G/4G Speeds	New	27.99	No		Yes	0	0	0	0	0	96.03	0	0	0	0	0	0	0	0	0	0	
SAINT-BARTHELEMY-20GB-30D	B0H6MJHHNB	B0H6MJHHNB	Saint Barthelemy eSIM 20GB 30Days	New	13.99	No		Yes	0	0	0	0	0	96.03	0	0	0	0	0	0	0	0	0	0	
SAINT-BARTHELEMY-3GB-15D	B0H6MDMD63	B0H6MDMD63	Saint Barthelemy eSIM 3GB 15Days	New	6.99	No		Yes	0	0	0	0	0	96.03	0	0	0	0	0	0	0	0	0	0	
SAINT-BARTHELEMY-5GB-30D	B0H6MBS246	B0H6MBS246	Saint Barthelemy eSIM 5GB 30Days	New	7.99	No		Yes	0	0	0	0	0	96.03	0	0	0	0	0	0	0	0	0	0	
SAINT-KITTS-AND-NEVIS-20GB-30D	B0H6MJQSR4	B0H6MJQSR4	Saint Kitts and Nevis eSIM 20GB 30Days	New	88.99	No		Yes	0	0	0	0	0	96.03	0	0	0	0	0	0	0	0	0	0	
SAINT-KITTS-AND-NEVIS-3GB-15D	B0H6MDHJ2B	B0H6MDHJ2B	Saint Kitts and Nevis eSIM 3GB 15Days	New	24.99	No		Yes	0	0	0	0	0	96.03	0	0	0	0	0	0	0	0	0	0	
SAINT-KITTS-AND-NEVIS-5GB-30D	B0H6MBK615	B0H6MBK615	Saint Kitts and Nevis eSIM 5GB 30Days	New	32.99	No		Yes	0	0	0	0	0	96.03	0	0	0	0	0	0	0	0	0	0	
SAINT-LUCIA-20GB-30D	B0H6MDX8DY	B0H6MDX8DY	Saint Lucia eSIM 20GB 30Days	New	88.99	No		Yes	0	0	0	0	0	96.03	0	0	0	0	0	0	0	0	0	0	
SAINT-LUCIA-3GB-15D	B0H6M7Y1CD	B0H6M7Y1CD	Saint Lucia eSIM 3GB 15Days	New	24.99	No		Yes	0	0	0	0	0	96.03	0	0	0	0	0	0	0	0	0	0	
SAINT-LUCIA-5GB-30D	B0H6MGBXNV	B0H6MGBXNV	Saint Lucia eSIM 5GB 30Days	New	32.99	No		Yes	0	0	0	0	0	96.03	0	0	0	0	0	0	0	0	0	0	
SAINT-MARTIN-20GB-30D	B0H6MF7K64	B0H6MF7K64	Saint Martin eSIM 20GB 30Days	New	13.99	No		Yes	0	0	0	0	0	96.03	0	0	0	0	0	0	0	0	0	0	
SAINT-MARTIN-3GB-15D	B0H6MDB2CN	B0H6MDB2CN	Saint Martin eSIM 3GB 15Days	New	6.99	No		Yes	0	0	0	0	0	96.03	0	0	0	0	0	0	0	0	0	0	
SAINT-MARTIN-5GB-30D	B0H6MC37Q1	B0H6MC37Q1	Saint Martin eSIM 5GB 30Days	New	7.99	No		Yes	0	0	0	0	0	96.03	0	0	0	0	0	0	0	0	0	0	
SAINT-VINCENT-AND-THE-GRENADINES-3GB-15D	B0H6MF3FWZ	B0H6MF3FWZ	Saint Vincent and the Grenadines eSIM 3GB 15Days	New	29.99	No		Yes	0	0	0	0	0	96.03	0	0	0	0	0	0	0	0	0	0	
SAINT-VINCENT-AND-THE-GRENADINES-5GB-30D	B0H6MJXH8Z	B0H6MJXH8Z	Saint Vincent and the Grenadines eSIM 5GB 30Days	New	39.99	No		Yes	0	0	0	0	0	96.03	0	0	0	0	0	0	0	0	0	0	
SAMOA-20GB-30D	B0H6MJQDSM	B0H6MJQDSM	Samoa eSIM 20GB 30Days	New	252.99	No		Yes	0	0	0	0	0	96.03	0	0	0	0	0	0	0	0	0	0	
SAMOA-3GB-15D	B0H6MGJ45S	B0H6MGJ45S	Samoa eSIM 3GB 15Days	New	49.99	No		Yes	0	0	0	0	0	96.03	0	0	0	0	0	0	0	0	0	0	
SAMOA-5GB-30D	B0H6MFFZH1	B0H6MFFZH1	Samoa eSIM 5GB 30Days	New	68.99	No		Yes	0	0	0	0	0	96.03	0	0	0	0	0	0	0	0	0	0	
SAN-MARINO-20GB-30D	B0H6MDHJFJ	B0H6MDHJFJ	San Marino eSIM 20GB 30Days	New	13.99	No		Yes	0	0	0	0	0	96.03	0	0	0	0	0	0	0	0	0	0	
SAN-MARINO-3GB-15D	B0H6MG33GL	B0H6MG33GL	San Marino eSIM 3GB 15Days	New	6.99	No		Yes	0	0	0	0	0	96.03	0	0	0	0	0	0	0	0	0	0	
SAN-MARINO-5GB-30D	B0H6ML6C38	B0H6ML6C38	San Marino eSIM 5GB 30Days	New	7.99	No		Yes	0	0	0	0	0	96.03	0	0	0	0	0	0	0	0	0	0	
SAUDI-ARABIA-20GB-30D	B0FRB5PZTS	B0FRB5PZTS	Saudi Arabia eSIM 20GB 30Days	New	28.99	No		Yes	0	0	0	0	0	96.03	0	0	0	0	0	0	0	0	0	0	
SAUDI-ARABIA-3GB-15D	B0FRB3N2KL	B0FRB3N2KL	Saudi Arabia eSIM 3GB 15Days	New	9.99	No		Yes	0	0	0	0	0	96.03	0	0	0	0	0	0	0	0	0	0	
SAUDI-ARABIA-5GB-30D	B0FRB1SRZY	B0FRB1SRZY	Saudi Arabia eSIM 5GB 30Days	New	11.99	No		Yes	0	0	0	0	0	96.03	0	0	0	0	0	0	0	0	0	0	
SA_20_30	B0FRB5PZTS	B0FRB5PZTS	Saudi Arabia eSIM 20GB 30Days	New	42.49	No		Yes	0	0	0	0	0	96.03	0	0	0	0	0	0	0	0	0	0	
SA_3_15	B0FRB3N2KL	B0FRB3N2KL	Saudi Arabia eSIM 3GB 15Days	New	7.99	No		Yes	0	0	0	0	0	96.03	0	0	0	0	0	0	0	0	0	0	
SA_5_30	B0FRB1SRZY	B0FRB1SRZY	Saudi Arabia eSIM 5GB 30Days	New	13.49	No		Yes	0	0	0	0	0	96.03	0	0	0	0	0	0	0	0	0	0	
SC_3_15	B0FRB55T3H	B0FRB55T3H	Seychelles eSIM 3GB 15 Days | Prepaid Travel eSIM | Pay As You Go Digital SIM | Easy Setup | Data SIM for Tourists & Business | 3G/4G Speeds	New	14.99	No		Yes	0	0	0	0	0	96.03	0	0	0	0	0	0	0	0	0	0	
SC_5_30	B0FR9P7N6M	B0FR9P7N6M	Seychelles eSIM 5GB 30 Days | Prepaid Travel eSIM | Pay As You Go Digital SIM | Easy Setup | Data SIM for Tourists & Business | 3G/4G Speeds	New	22.99	No		Yes	0	0	0	0	0	96.03	0	0	0	0	0	0	0	0	0	0	
SD_3_15	B0FRCKTXNQ	B0FRCKTXNQ	Sudan eSIM 3GB 15 Days | Prepaid Travel eSIM | Pay As You Go Digital SIM | Easy Setup | Data SIM for Tourists & Business | 3G/4G Speeds	New	35.99	No		Yes	0	0	0	0	0	169.44	0	0	0	0	0	0	0	0	0	0	
SD_5_30	B0FRC799N3	B0FRC799N3	Sudan eSIM 5GB 30 Days | Prepaid Travel eSIM | Pay As You Go Digital SIM | Easy Setup | Data SIM for Tourists & Business | 3G/4G Speeds	New	54.49	No		Yes	0	0	0	0	0	169.44	0	0	0	0	0	0	0	0	0	0	
SENEGAL-3GB-15D	B0FRB4HX92	B0FRB4HX92	Senegal eSIM 3GB 15Days	New	13.99	No		Yes	30	30	0	0	30	96.03	0	0	0	0	0	0	30	0	0	30	
SENEGAL-5GB-30D	B0FRB68H77	B0FRB68H77	Senegal eSIM 5GB 30Days	New	15.99	No		Yes	20	20	0	0	20	96.03	0	0	0	0	0	0	20	0	0	20	
SERBIA-20GB-30D	B0FRB5K8JC	B0FRB5K8JC	Serbia eSIM 20GB 30 Days | Pay As You Go Data SIM | Easy Setup | Travel SIM for Tourists & Business | 3G/4G Speeds	New	17.99	No		Yes	0	0	0	0	0	169.44	0	0	0	0	0	0	0	0	0	0	
SERBIA-3GB-15D	B0FRB5TJV2	B0FRB5TJV2	Serbia eSIM 3GB 15 Days | Pay As You Go Data SIM | Easy Setup | Travel SIM for Tourists & Business | 3G/4G Speeds	New	6.99	No		Yes	0	0	0	0	0	169.44	0	0	0	0	0	0	0	0	0	0	
SEYCHELLES-3GB-15D	B0FRB55T3H	B0FRB55T3H	Seychelles eSIM 3GB 15 Days | Prepaid Travel eSIM | Pay As You Go Digital SIM | Easy Setup | Data SIM for Tourists & Business | 3G/4G Speeds	New	14.99	No		Yes	0	0	0	0	0	96.03	0	0	0	0	0	0	0	0	0	0	
SEYCHELLES-5GB-30D	B0FR9P7N6M	B0FR9P7N6M	Seychelles eSIM 5GB 30 Days | Prepaid Travel eSIM | Pay As You Go Digital SIM | Easy Setup | Data SIM for Tourists & Business | 3G/4G Speeds	New	23.99	No		Yes	0	0	0	0	0	96.03	0	0	0	0	0	0	0	0	0	0	
SE_20_30	B0FRB7X5SP	B0FRB7X5SP	Sweden eSIM 20GB 30 Days | Pay As You Go Data SIM | Easy Setup | Travel SIM for Tourists & Business | 3G/4G/5G Speeds	New	14.49	No		Yes	0	0	0	0	0	169.44	0	0	0	0	0	0	0	0	0	0	
SE_3_15	B0FRCC6W9S	B0FRCC6W9S	Sweden eSIM 3GB 15 Days | Pay As You Go Data SIM | Easy Setup | Travel SIM for Tourists & Business | 3G/4G/5G Speeds	New	2.99	No		Yes	0	0	0	0	0	169.44	0	0	0	0	0	0	0	0	0	0	
SE_5_30	B0FRCS524D	B0FRCS524D	Sweden eSIM 5GB 30 Days | Pay As You Go Data SIM | Easy Setup | Travel SIM for Tourists & Business | 3G/4G Speeds	New	4.49	No		Yes	0	0	0	0	0	169.44	0	0	0	0	0	0	0	0	0	0	
SG_20_30	B0FRB256K8	B0FRB256K8	Singapore eSIM 20GB 30 Days | Pay As You Go Data SIM | Easy Setup | Travel SIM for Tourists & Business | 3G/4G/5G Speeds | Free Travel Guide Inlcuded	New	14.99	No		Yes	10	10	0	0	10	96.03	0	0	0	0	0	0	10	0	0	10	
SG_3_30	B0FRB3KY59	B0FRB3KY59	Singapore eSIM 3GB 30 Days | Pay As You Go Data SIM | Easy Setup | Travel SIM for Tourists & Business | 3G/4G/5G Speeds | Free Travel Guide Inlcuded	Unknown					28	28	0	0	28		0	0	0	0	0	0	28	0	0	28	
SG_5_30	B0FR9X3Y3R	B0FR9X3Y3R	Singapore eSIM 5GB 30 Days | Pay As You Go Data SIM | Easy Setup | Travel SIM for Tourists & Business | 3G/4G/5G Speeds | Free Travel Guide Inlcuded	New	7.99	No		Yes	20	20	0	0	20	96.03	0	0	0	0	0	0	20	0	0	20	
SIERRA-LEONE-20GB-30D	B0H6ML1JW1	B0H6ML1JW1	Sierra Leone eSIM 20GB 30Days	New	80.99	No		Yes	0	0	0	0	0	96.03	0	0	0	0	0	0	0	0	0	0	
SIERRA-LEONE-3GB-15D	B0H6MHPWKP	B0H6MHPWKP	Sierra Leone eSIM 3GB 15Days	New	22.99	No		Yes	0	0	0	0	0	96.03	0	0	0	0	0	0	0	0	0	0	
SIERRA-LEONE-5GB-30D	B0H6MBK6HZ	B0H6MBK6HZ	Sierra Leone eSIM 5GB 30Days	New	28.99	No		Yes	0	0	0	0	0	96.03	0	0	0	0	0	0	0	0	0	0	
SINGAPORE-20GB-30D	B0FRB256K8	B0FRB256K8	Singapore eSIM 20GB 30 Days | Pay As You Go Data SIM | Easy Setup | Travel SIM for Tourists & Business | 3G/4G/5G Speeds | Free Travel Guide Inlcuded	New	12.99	No		Yes	10	10	0	0	10	96.03	0	0	0	0	0	0	10	0	0	10	
SINGAPORE-5GB-30D	B0FR9X3Y3R	B0FR9X3Y3R	Singapore eSIM 5GB 30 Days | Pay As You Go Data SIM | Easy Setup | Travel SIM for Tourists & Business | 3G/4G/5G Speeds | Free Travel Guide Inlcuded	New	7.99	No		Yes	20	20	0	0	20	96.03	0	0	0	0	0	0	20	0	0	20	
SI_20_30	B0FR9X15V2	B0FR9X15V2	Slovenia eSIM 20GB 30 Days | Pay As You Go Data SIM | Easy Setup | Travel SIM for Tourists & Business | 3G/4G/5G Speeds	New	14.49	No		Yes	0	0	0	0	0	169.44	0	0	0	0	0	0	0	0	0	0	
SI_3_15	B0FR9XCF27	B0FR9XCF27	Slovenia eSIM 3GB 15 Days | Pay As You Go Data SIM | Easy Setup | Travel SIM for Tourists & Business | 3G/4G/5G Speeds	New	2.99	No		Yes	0	0	0	0	0	169.44	0	0	0	0	0	0	0	0	0	0	
SI_5_30	B0FRB3SJMR	B0FRB3SJMR	Slovenia eSIM 5GB 30 Days | Pay As You Go Data SIM | Easy Setup | Travel SIM for Tourists & Business | 3G/4G Speeds	New	4.49	No		Yes	0	0	0	0	0	169.44	0	0	0	0	0	0	0	0	0	0	
SK_20_30	B0FRB14YYC	B0FRB14YYC	Slovakia eSIM 20GB 30 Days | Pay As You Go Data SIM | Easy Setup | Travel SIM for Tourists & Business | 3G/4G/5G Speeds	New	14.49	No		Yes	0	0	0	0	0	169.44	0	0	0	0	0	0	0	0	0	0	
SK_3_15	B0FR9XC4BW	B0FR9XC4BW	Slovakia eSIM 3GB 15 Days | Pay As You Go Data SIM | Easy Setup | Travel SIM for Tourists & Business | 3G/4G/5G Speeds	New	2.99	No		Yes	0	0	0	0	0	169.44	0	0	0	0	0	0	0	0	0	0	
SK_5_30	B0FRB2X84M	B0FRB2X84M	Slovakia eSIM 5GB 30 Days | Pay As You Go Data SIM | Easy Setup | Travel SIM for Tourists & Business | 3G/4G Speeds	New	4.49	No		Yes	0	0	0	0	0	169.44	0	0	0	0	0	0	0	0	0	0	
SLOVAKIA-20GB-30D	B0FRB14YYC	B0FRB14YYC	Slovakia eSIM 20GB 30 Days | Pay As You Go Data SIM | Easy Setup | Travel SIM for Tourists & Business | 3G/4G/5G Speeds	New	12.99	No		Yes	0	0	0	0	0	169.44	0	0	0	0	0	0	0	0	0	0	
SLOVAKIA-3GB-15D	B0FR9XC4BW	B0FR9XC4BW	Slovakia eSIM 3GB 15 Days | Pay As You Go Data SIM | Easy Setup | Travel SIM for Tourists & Business | 3G/4G/5G Speeds	New	6.99	No		Yes	0	0	0	0	0	169.44	0	0	0	0	0	0	0	0	0	0	
SLOVAKIA-5GB-30D	B0FRB2X84M	B0FRB2X84M	Slovakia eSIM 5GB 30 Days | Pay As You Go Data SIM | Easy Setup | Travel SIM for Tourists & Business | 3G/4G Speeds	New	7.99	No		Yes	0	0	0	0	0	169.44	0	0	0	0	0	0	0	0	0	0	
SLOVENIA-20GB-30D	B0FR9X15V2	B0FR9X15V2	Slovenia eSIM 20GB 30 Days | Pay As You Go Data SIM | Easy Setup | Travel SIM for Tourists & Business | 3G/4G/5G Speeds	New	12.99	No		Yes	0	0	0	0	0	169.44	0	0	0	0	0	0	0	0	0	0	
SLOVENIA-3GB-15D	B0FR9XCF27	B0FR9XCF27	Slovenia eSIM 3GB 15 Days | Pay As You Go Data SIM | Easy Setup | Travel SIM for Tourists & Business | 3G/4G/5G Speeds	New	6.99	No		Yes	0	0	0	0	0	169.44	0	0	0	0	0	0	0	0	0	0	
SLOVENIA-5GB-30D	B0FRB3SJMR	B0FRB3SJMR	Slovenia eSIM 5GB 30 Days | Pay As You Go Data SIM | Easy Setup | Travel SIM for Tourists & Business | 3G/4G Speeds	New	7.99	No		Yes	0	0	0	0	0	169.44	0	0	0	0	0	0	0	0	0	0	
SN_3_15	B0FRB4HX92	B0FRB4HX92	Senegal eSIM 3GB 15Days	New	24.99	No		Yes	30	30	0	0	30	96.03	0	0	0	0	0	0	30	0	0	30	
SN_5_30	B0FRB68H77	B0FRB68H77	Senegal eSIM 5GB 30Days	New	36.99	No		Yes	20	20	0	0	20	96.03	0	0	0	0	0	0	20	0	0	20	
SOUTH-AFRICA-5GB-30D	B0FRB3R6F3	B0FRB3R6F3	South Africa eSIM 5GB 30Days	New	12.99	No		Yes	37	37	0	0	37	96.03	0	0	0	0	0	0	37	0	0	37	
SOUTH-AMERICA-5GB-30D	B0FRB8D7HC	B0FRB8D7HC	South America (15+ areas) eSIM 5GB 30 Days | Prepaid International Travel SIM | Pay As You Go Data SIM | Easy Setup | 3G/4G Speeds	New	17.99	No		Yes	0	0	0	0	0	96.03	0	0	0	0	0	0	0	0	0	0	
SOUTH-KOREA-20GB-30D	B0FRC4P51Z	B0FRC4P51Z	South Korea eSIM 20GB 30 Days | Pay As You Go Data SIM | Easy Setup | Travel SIM for Tourists & Business | 3G/4G/5G Speeds	New	12.99	No		Yes	0	0	0	0	0	169.44	0	0	0	0	0	0	0	0	0	0	
SOUTH-KOREA-3GB-15D	B0FRC4RTDF	B0FRC4RTDF	South Korea eSIM 3GB 15 Days | Pay As You Go Data SIM | Easy Setup | Travel SIM for Tourists & Business | 3G/4G/5G Speeds	New	6.99	No		Yes	0	0	0	0	0	169.44	0	0	0	0	0	0	0	0	0	0	
SOUTH-KOREA-5GB-30D	B0FRD9LC4C	B0FRD9LC4C	South Korea eSIM 5GB 30 Days | Pay As You Go Data SIM | Easy Setup | Travel SIM for Tourists & Business | 3G/4G/5G Speeds	New	7.99	No		Yes	0	0	0	0	0	169.44	0	0	0	0	0	0	0	0	0	0	
SPAIN-20GB-30D	B0FRCMPGPL	B0FRCMPGPL	Spain eSIM 20GB 30 Days | Pay As You Go Data SIM | Easy Setup | Travel SIM for Tourists & Business | 3G/4G Speeds | Free Travel Guide Inlcuded	New	12.99	No		Yes	42	42	0	0	42	96.03	0	0	0	0	0	0	42	0	0	42	
SPAIN-3GB-15D	B0FRCDHTZ7	B0FRCDHTZ7	Spain eSIM 3GB 15 Days | Pay As You Go Data SIM | Easy Setup | Travel SIM for Tourists & Business | 3G/4G/5G Speeds | Free Travel Guide Inlcuded	New	6.99	No		Yes	247	247	0	0	247	181.08	0	0	0	0	0	0	247	0	0	247	
SPAIN-5GB-30D	B0FRBQCLZN	B0FRBQCLZN	Spain eSIM 5GB 30 Days | Pay As You Go Data SIM | Easy Setup | Travel SIM for Tourists & Business | 3G/4G Speeds | Free Travel Guide Inlcuded	New	7.99	No		Yes	116	116	0	0	116	181.08	0	0	0	0	0	0	116	0	0	116	
SRI-LANKA-20GB-30D	B0FRC2DZN5	B0FRC2DZN5	Sri Lanka eSIM 20GB 30 Days | Prepaid Travel eSIM | Pay As You Go Digital SIM | Easy Setup | Data SIM for Tourists & Business | 3G/4G/5G Speeds	New	23.99	No		Yes	0	0	0	0	0	169.44	0	0	0	0	0	0	0	0	0	0	
SRI-LANKA-3GB-15D	B0FRB7Z1NW	B0FRB7Z1NW	Sri Lanka eSIM 3GB 15 Days | Prepaid Travel eSIM | Pay As You Go Digital SIM | Easy Setup | Data SIM for Tourists & Business | 3G/4G/5G Speeds	New	8.99	No		Yes	0	0	0	0	0	169.44	0	0	0	0	0	0	0	0	0	0	
SRI-LANKA-5GB-30D	B0FRB64B8M	B0FRB64B8M	Sri Lanka eSIM 5GB 30 Days | Prepaid Travel eSIM | Pay As You Go Digital SIM | Easy Setup | Data SIM for Tourists & Business | 3G/4G/5G Speeds	New	10.99	No		Yes	0	0	0	0	0	96.03	0	0	0	0	0	0	0	0	0	0	
SUDAN-3GB-15D	B0FRCKTXNQ	B0FRCKTXNQ	Sudan eSIM 3GB 15 Days | Prepaid Travel eSIM | Pay As You Go Digital SIM | Easy Setup | Data SIM for Tourists & Business | 3G/4G Speeds	New	18.99	No		Yes	0	0	0	0	0	169.44	0	0	0	0	0	0	0	0	0	0	
SUDAN-5GB-30D	B0FRC799N3	B0FRC799N3	Sudan eSIM 5GB 30 Days | Prepaid Travel eSIM | Pay As You Go Digital SIM | Easy Setup | Data SIM for Tourists & Business | 3G/4G Speeds	New	25.99	No		Yes	0	0	0	0	0	169.44	0	0	0	0	0	0	0	0	0	0	
SURINAME-20GB-30D	B0H6MNKY5H	B0H6MNKY5H	Suriname eSIM 20GB 30Days	New	63.99	No		Yes	0	0	0	0	0	96.03	0	0	0	0	0	0	0	0	0	0	
SURINAME-3GB-15D	B0H6MLWJMY	B0H6MLWJMY	Suriname eSIM 3GB 15Days	New	16.99	No		Yes	0	0	0	0	0	96.03	0	0	0	0	0	0	0	0	0	0	
SURINAME-5GB-30D	B0H6MNS3N5	B0H6MNS3N5	Suriname eSIM 5GB 30Days	New	27.99	No		Yes	0	0	0	0	0	96.03	0	0	0	0	0	0	0	0	0	0	
SVG-20GB-30D	B0H6MWF5B5	B0H6MWF5B5	Saint Vincent and the Grenadines eSIM 20GB 30Days	New	107.99	No		Yes	0	0	0	0	0	96.03	0	0	0	0	0	0	0	0	0	0	
SV_3_15	B0FR9LJ7X4	B0FR9LJ7X4	El Salvador eSIM 3GB 15Days	New	18.99	No		Yes	0	0	0	0	0	96.03	0	0	0	0	0	0	0	0	0	0	
SWEDEN-20GB-30D	B0FRB7X5SP	B0FRB7X5SP	Sweden eSIM 20GB 30 Days | Pay As You Go Data SIM | Easy Setup | Travel SIM for Tourists & Business | 3G/4G/5G Speeds	New	12.99	No		Yes	0	0	0	0	0	169.44	0	0	0	0	0	0	0	0	0	0	
SWEDEN-3GB-15D	B0FRCC6W9S	B0FRCC6W9S	Sweden eSIM 3GB 15 Days | Pay As You Go Data SIM | Easy Setup | Travel SIM for Tourists & Business | 3G/4G/5G Speeds	New	6.99	No		Yes	0	0	0	0	0	169.44	0	0	0	0	0	0	0	0	0	0	
SWEDEN-5GB-30D	B0FRCS524D	B0FRCS524D	Sweden eSIM 5GB 30 Days | Pay As You Go Data SIM | Easy Setup | Travel SIM for Tourists & Business | 3G/4G Speeds	New	7.99	No		Yes	0	0	0	0	0	169.44	0	0	0	0	0	0	0	0	0	0	
SWITZERLAND-20GB-30D	B0FRB6VY7S	B0FRB6VY7S	Switzerland eSIM 20GB 30 Days | Pay As You Go Data SIM | Easy Setup | Travel SIM for Tourists & Business | 3G/4G/5G Speeds | Free Travel Guide Inlcuded	New	12.99	No		Yes	0	0	0	0	0	96.03	0	0	0	0	0	0	0	0	0	0	
SWITZERLAND-3GB-15D	B0FRB5LFVC	B0FRB5LFVC	Switzerland eSIM 3GB 15 Days | Pay As You Go Data SIM | Easy Setup | Travel SIM for Tourists & Business | 3G/4G/5G Speeds | Free Travel Guide Inlcuded	New	6.99	No		Yes	0	0	0	0	0	96.03	0	0	0	0	0	0	0	0	0	0	
SWITZERLAND-5GB-30D	B0FRB7G4VW	B0FRB7G4VW	Switzerland eSIM 5GB 30 Days | Pay As You Go Data SIM | Easy Setup | Travel SIM for Tourists & Business | 3G/4G Speeds | Free Travel Guide Inlcuded	New	7.99	No		Yes	0	0	0	0	0	96.03	0	0	0	0	0	0	0	0	0	0	
TAJIKISTAN-20GB-30D	B0H6M85C77	B0H6M85C77	Tajikistan eSIM 20GB 30Days	New	35.99	No		Yes	0	0	0	0	0	96.03	0	0	0	0	0	0	0	0	0	0	
TAJIKISTAN-3GB-15D	B0H6M7XFN6	B0H6M7XFN6	Tajikistan eSIM 3GB 15Days	New	12.99	No		Yes	0	0	0	0	0	96.03	0	0	0	0	0	0	0	0	0	0	
TAJIKISTAN-5GB-30D	B0H6MFYMXZ	B0H6MFYMXZ	Tajikistan eSIM 5GB 30Days	New	13.99	No		Yes	0	0	0	0	0	96.03	0	0	0	0	0	0	0	0	0	0	
TANZANIA-3GB-15D	B0FRC81NPJ	B0FRC81NPJ	Tanzania eSIM 3GB 15Days	New	13.99	No		Yes	0	0	0	0	0	96.03	0	0	0	0	0	0	0	0	0	0	
TD_3_15	B0FR9SG4MK	B0FR9SG4MK	Chad eSIM 3GB 15Days	New	18.99	No		Yes	0	0	0	0	0	96.03	0	0	0	0	0	0	0	0	0	0	
TD_5_30	B0FR9L414C	B0FR9L414C	Chad eSIM 5GB 30Days	New	27.99	No		Yes	0	0	0	0	0	96.03	0	0	0	0	0	0	0	0	0	0	
THAILAND-20GB-30D	B0FRCHW3MW	B0FRCHW3MW	Thailand eSIM 20GB 30Days	New	12.99	No		Yes	0	0	0	0	0	96.03	0	0	0	0	0	0	0	0	0	0	
THAILAND-3GB-15D	B0FRCDPJSH	B0FRCDPJSH	Thailand eSIM 3GB 15Days	New	6.99	No		Yes	0	0	0	0	0	96.03	0	0	0	0	0	0	0	0	0	0	
THAILAND-5GB-30D	B0FR9Q5D1J	B0FR9Q5D1J	Thailand eSIM 5GB 30Days	New	7.99	No		Yes	0	0	0	0	0	96.03	0	0	0	0	0	0	0	0	0	0	
TH_20_30	B0FRCHW3MW	B0FRCHW3MW	Thailand eSIM 20GB 30Days	New	14.99	No		Yes	0	0	0	0	0	96.03	0	0	0	0	0	0	0	0	0	0	
TH_3_15	B0FRCDPJSH	B0FRCDPJSH	Thailand eSIM 3GB 15Days	New	5.99	No		Yes	0	0	0	0	0	96.03	0	0	0	0	0	0	0	0	0	0	
TH_5_30	B0FR9Q5D1J	B0FR9Q5D1J	Thailand eSIM 5GB 30Days	New	3.49	No		Yes	0	0	0	0	0	96.03	0	0	0	0	0	0	0	0	0	0	
TN_5_30	B0FRB7Q96Z	B0FRB7Q96Z	Tunisia eSIM 5GB 30 Days | Prepaid Travel eSIM | Pay As You Go Digital SIM | Easy Setup | Data SIM for Tourists & Business | 3G/4G Speeds | Free Travel Guide Inlcuded	New	11.99	No		Yes	0	0	0	0	0	96.03	0	0	0	0	0	0	0	0	0	0	
TRINIDAD-AND-TOBAGO-20GB-30D	B0H6MF31VP	B0H6MF31VP	Trinidad and Tobago eSIM 20GB 30Days	New	82.99	No		Yes	0	0	0	0	0	96.03	0	0	0	0	0	0	0	0	0	0	
TRINIDAD-AND-TOBAGO-3GB-15D	B0H6MJTHXK	B0H6MJTHXK	Trinidad and Tobago eSIM 3GB 15Days	New	18.99	No		Yes	0	0	0	0	0	96.03	0	0	0	0	0	0	0	0	0	0	
TRINIDAD-AND-TOBAGO-5GB-30D	B0H6MJTHY9	B0H6MJTHY9	Trinidad and Tobago eSIM 5GB 30Days	New	28.99	No		Yes	0	0	0	0	0	96.03	0	0	0	0	0	0	0	0	0	0	
TR_20_30	B0FRCYMWCX	B0FRCYMWCX	Turkey eSIM 20GB 30 Days | Pay As You Go Data SIM | Easy Setup | Travel SIM for Tourists & Business | 3G/4G/5G Speeds | Free Travel Guide Inlcuded	New	13.99	No		Yes	0	0	0	0	0	96.03	0	0	0	0	0	0	0	0	0	0	
TR_3_15	B0FRC2PSHM	B0FRC2PSHM	Turkey eSIM 3GB 15 Days | Pay As You Go Data SIM | Easy Setup | Travel SIM for Tourists & Business | 3G/4G/5G Speeds | Free Travel Guide Inlcuded	New	4.99	No		Yes	0	0	0	0	0	96.03	0	0	0	0	0	0	0	0	0	0	
TR_5_30	B0FRCBZ1BB	B0FRCBZ1BB	Turkey eSIM 5GB 30 Days | Pay As You Go Data SIM | Easy Setup | Travel SIM for Tourists & Business | 3G/4G/5G Speeds | Free Travel Guide Inlcuded	New	3.49	No		Yes	0	0	0	0	0	96.03	0	0	0	0	0	0	0	0	0	0	
TUNISIA-5GB-30D	B0FRB7Q96Z	B0FRB7Q96Z	Tunisia eSIM 5GB 30 Days | Prepaid Travel eSIM | Pay As You Go Digital SIM | Easy Setup | Data SIM for Tourists & Business | 3G/4G Speeds | Free Travel Guide Inlcuded	New	9.99	No		Yes	0	0	0	0	0	96.03	0	0	0	0	0	0	0	0	0	0	
TURKEY-20GB-30D	B0FRCYMWCX	B0FRCYMWCX	Turkey eSIM 20GB 30 Days | Pay As You Go Data SIM | Easy Setup | Travel SIM for Tourists & Business | 3G/4G/5G Speeds | Free Travel Guide Inlcuded	New	14.99	No		Yes	0	0	0	0	0	96.03	0	0	0	0	0	0	0	0	0	0	
TURKEY-3GB-15D	B0FRC2PSHM	B0FRC2PSHM	Turkey eSIM 3GB 15 Days | Pay As You Go Data SIM | Easy Setup | Travel SIM for Tourists & Business | 3G/4G/5G Speeds | Free Travel Guide Inlcuded	New	6.99	No		Yes	0	0	0	0	0	96.03	0	0	0	0	0	0	0	0	0	0	
TURKEY-5GB-30D	B0FRCBZ1BB	B0FRCBZ1BB	Turkey eSIM 5GB 30 Days | Pay As You Go Data SIM | Easy Setup | Travel SIM for Tourists & Business | 3G/4G/5G Speeds | Free Travel Guide Inlcuded	New	6.99	No		Yes	0	0	0	0	0	96.03	0	0	0	0	0	0	0	0	0	0	
TURKS-AND-CAICOS-ISLANDS-20GB-30D	B0H6MLBGX7	B0H6MLBGX7	Turks and Caicos Islands eSIM 20GB 30Days	New	77.99	No		Yes	0	0	0	0	0	96.03	0	0	0	0	0	0	0	0	0	0	
TURKS-AND-CAICOS-ISLANDS-3GB-15D	B0H6MNNXGL	B0H6MNNXGL	Turks and Caicos Islands eSIM 3GB 15Days	New	19.99	No		Yes	0	0	0	0	0	96.03	0	0	0	0	0	0	0	0	0	0	
TURKS-AND-CAICOS-ISLANDS-5GB-30D	B0H6MLH1KM	B0H6MLH1KM	Turks and Caicos Islands eSIM 5GB 30Days	New	24.99	No		Yes	0	0	0	0	0	96.03	0	0	0	0	0	0	0	0	0	0	
TZ_3_15	B0FRC81NPJ	B0FRC81NPJ	Tanzania eSIM 3GB 15Days	New	21.99	No		Yes	0	0	0	0	0	96.03	0	0	0	0	0	0	0	0	0	0	
UA_3_15	B0FRB9SBFR	B0FRB9SBFR	Ukraine eSIM 3GB 15 Days | Pay As You Go Data SIM | Easy Setup | Travel SIM for Tourists & Business | 3G/4G/5G Speeds	New	2.49	No		Yes	0	0	0	0	0	169.44	0	0	0	0	0	0	0	0	0	0	
UA_5_30	B0FRC2NRKG	B0FRC2NRKG	Ukraine eSIM 5GB 30 Days | Pay As You Go Data SIM | Easy Setup | Travel SIM for Tourists & Business | 3G/4G/5G Speeds	New	3.49	No		Yes	0	0	0	0	0	169.44	0	0	0	0	0	0	0	0	0	0	
UGANDA-3GB-15D	B0FRB7F7Z9	B0FRB7F7Z9	Uganda eSIM 3GB 15Days	New	15.99	No		Yes	0	0	0	0	0	96.03	0	0	0	0	0	0	0	0	0	0	
UG_3_15	B0FRB7F7Z9	B0FRB7F7Z9	Uganda eSIM 3GB 15Days	New	18.99	No		Yes	0	0	0	0	0	96.03	0	0	0	0	0	0	0	0	0	0	
UKRAINE-3GB-15D	B0FRB9SBFR	B0FRB9SBFR	Ukraine eSIM 3GB 15 Days | Pay As You Go Data SIM | Easy Setup | Travel SIM for Tourists & Business | 3G/4G/5G Speeds	New	6.99	No		Yes	0	0	0	0	0	169.44	0	0	0	0	0	0	0	0	0	0	
UKRAINE-5GB-30D	B0FRC2NRKG	B0FRC2NRKG	Ukraine eSIM 5GB 30 Days | Pay As You Go Data SIM | Easy Setup | Travel SIM for Tourists & Business | 3G/4G/5G Speeds	New	7.99	No		Yes	0	0	0	0	0	169.44	0	0	0	0	0	0	0	0	0	0	
UNITED-ARAB-EMIRATES-20GB-30D	B0FRB7TFJR	B0FRB7TFJR	United Arab Emirates eSIM 20GB 30 Days | Pay As You Go Data SIM | Easy Setup | Travel SIM for Tourists & Business | 3G/4G Speeds | Free Travel Guide Inlcuded	New	30.99	No		Yes	0	0	0	0	0	96.03	0	0	0	0	0	0	0	0	0	0	
UNITED-ARAB-EMIRATES-3GB-15D	B0FRBBYBGH	B0FRBBYBGH	United Arab Emirates eSIM 3GB 15 Days | Pay As You Go Data SIM | Easy Setup | Travel SIM for Tourists & Business | 3G/4G Speeds | Free Travel Guide Inlcuded	New	10.99	No		Yes	0	0	0	0	0	96.03	0	0	0	0	0	0	0	0	0	0	
UNITED-ARAB-EMIRATES-5GB-30D	B0FRB89XHX	B0FRB89XHX	United Arab Emirates eSIM 5GB 30 Days | Pay As You Go Data SIM | Easy Setup | Travel SIM for Tourists & Business | 3G/4G Speeds | Free Travel Guide Inlcuded	New	12.99	No		Yes	0	0	0	0	0	96.03	0	0	0	0	0	0	0	0	0	0	
UNITED-KINGDOM-20GB-30D	B0FRDGCBTN	B0FRDGCBTN	United Kingdom eSIM 20GB 30 Days | Pay As You Go Data SIM | Easy Setup | UK Travel SIM for Tourists & Business | 3G/4G Speeds	New	12.99	No		Yes	0	0	0	0	0	169.44	0	0	0	0	0	0	0	0	0	0	
UNITED-KINGDOM-3GB-15D	B0FRCPD8TS	B0FRCPD8TS	United Kingdom eSIM 3GB 15 Days | Pay As You Go Data SIM | Easy Setup | UK Travel SIM for Tourists & Business | 3G/4G/5G Speeds	New	6.99	No		Yes	0	0	0	0	0	169.44	0	0	0	0	0	0	0	0	0	0	
UNITED-KINGDOM-5GB-30D	B0FRDDRGJF	B0FRDDRGJF	United Kingdom eSIM 5GB 30 Days | Pay As You Go Data SIM | Easy Setup | UK Travel SIM for Tourists & Business | 3G/4G Speeds	New	7.99	No		Yes	0	0	0	0	0	169.44	0	0	0	0	0	0	0	0	0	0	
UNITED-STATES-3GB-15D	B0FRCFXK3V	B0FRCFXK3V	United States eSIM 3GB 15Days	New	6.99	No		Yes	0	0	0	0	0	96.03	0	0	0	0	0	0	0	0	0	0	
UNITED-STATES-5GB-30D	B0FRC2PQ8H	B0FRC2PQ8H	United States eSIM 5GB 30Days	New	7.99	No		Yes	0	0	0	0	0	96.03	0	0	0	0	0	0	0	0	0	0	
URUGUAY-3GB-15D	B0FRB7LHGN	B0FRB7LHGN	Uruguay eSIM 3GB 15Days	New	14.99	No		Yes	0	0	0	0	0	96.03	0	0	0	0	0	0	0	0	0	0	
US_3_15	B0FRCFXK3V	B0FRCFXK3V	United States eSIM 3GB 15Days	New	5.99	No		Yes	0	0	0	0	0	96.03	0	0	0	0	0	0	0	0	0	0	
US_5_30	B0FRC2PQ8H	B0FRC2PQ8H	United States eSIM 5GB 30Days	New	4.99	No		Yes	0	0	0	0	0	96.03	0	0	0	0	0	0	0	0	0	0	
UY_3_15	B0FRB7LHGN	B0FRB7LHGN	Uruguay eSIM 3GB 15Days	New	14.99	No		Yes	0	0	0	0	0	96.03	0	0	0	0	0	0	0	0	0	0	
UZBEKISTAN-5GB-30D	B0FRBWFZ6M	B0FRBWFZ6M	Uzbekistan eSIM 5GB 30Days	New	7.99	No		Yes	0	0	0	0	0	96.03	0	0	0	0	0	0	0	0	0	0	
UZ_5_30	B0FRBWFZ6M	B0FRBWFZ6M	Uzbekistan eSIM 5GB 30Days	New	7.49	No		Yes	0	0	0	0	0	96.03	0	0	0	0	0	0	0	0	0	0	
VATICAN-CITY-20GB-30D	B0H6MDPLZ9	B0H6MDPLZ9	Vatican City eSIM 20GB 30Days	New	12.99	No		Yes	0	0	0	0	0	96.03	0	0	0	0	0	0	0	0	0	0	
VATICAN-CITY-3GB-15D	B0H6MBMF8G	B0H6MBMF8G	Vatican City eSIM 3GB 15Days	New	6.99	No		Yes	0	0	0	0	0	96.03	0	0	0	0	0	0	0	0	0	0	
VATICAN-CITY-5GB-30D	B0H6M7YXNP	B0H6M7YXNP	Vatican City eSIM 5GB 30Days	New	7.99	No		Yes	0	0	0	0	0	96.03	0	0	0	0	0	0	0	0	0	0	
VIETNAM-20GB-30D	B0FRC2NKC4	B0FRC2NKC4	Vietnam eSIM 20GB 30Days	New	18.99	No		Yes	0	0	0	0	0	96.03	0	0	0	0	0	0	0	0	0	0	
VIETNAM-3GB-15D	B0FRBR2DHW	B0FRBR2DHW	Vietnam eSIM 3GB 15Days	New	6.99	No		Yes	0	0	0	0	0	96.03	0	0	0	0	0	0	0	0	0	0	
VIETNAM-5GB-30D	B0FRCBXRGV	B0FRCBXRGV	Vietnam eSIM 5GB 30Days	New	8.99	No		Yes	0	0	0	0	0	96.03	0	0	0	0	0	0	0	0	0	0	
VN_20_30	B0FRC2NKC4	B0FRC2NKC4	Vietnam eSIM 20GB 30Days	New	25.49	No		Yes	0	0	0	0	0	96.03	0	0	0	0	0	0	0	0	0	0	
VN_3_15	B0FRBR2DHW	B0FRBR2DHW	Vietnam eSIM 3GB 15Days	New	7.99	No		Yes	0	0	0	0	0	96.03	0	0	0	0	0	0	0	0	0	0	
VN_5_30	B0FRCBXRGV	B0FRCBXRGV	Vietnam eSIM 5GB 30Days	New	11.99	No		Yes	0	0	0	0	0	96.03	0	0	0	0	0	0	0	0	0	0	
ZAMBIA-3GB-15D	B0FRC2NSM2	B0FRC2NSM2	Zambia eSIM 3GB 15Days	New	14.99	No		Yes	0	0	0	0	0	96.03	0	0	0	0	0	0	0	0	0	0	
ZAMBIA-5GB-30D	B0FRCL97L4	B0FRCL97L4	Zambia eSIM 5GB 30Days	New	23.99	No		Yes	0	0	0	0	0	96.03	0	0	0	0	0	0	0	0	0	0	
ZA_10_30	B0FRB4RSW2	B0FRB4RSW2	South Africa eSIM 10GB 30 Days | Prepaid Travel eSIM | Pay As You Go Digital SIM | Easy Setup | Data SIM for Tourists & Business | 3G/4G Speeds | Free Travel Guide Inlcuded	New	23.99	No		Yes	26	26	0	0	26		0	0	0	0	0	0	26	0	0	26	
ZA_5_30	B0FRB3R6F3	B0FRB3R6F3	South Africa eSIM 5GB 30Days	New	14.99	No		Yes	37	37	0	0	37	96.03	0	0	0	0	0	0	37	0	0	37	
ZM_3_15	B0FRC2NSM2	B0FRC2NSM2	Zambia eSIM 3GB 15Days	New	19.99	No		Yes	0	0	0	0	0	96.03	0	0	0	0	0	0	0	0	0	0	
ZM_5_30	B0FRCL97L4	B0FRCL97L4	Zambia eSIM 5GB 30Days	New	28.99	No		Yes	0	0	0	0	0	96.03	0	0	0	0	0	0	0	0	0	0	