item-name	item-description	listing-id	seller-sku	price	quantity	open-date	image-url	item-is-marketplace	product-id-type	zshop-shipping-fee	item-note	item-condition	zshop-category1	zshop-browse-path	zshop-storefront-feature	asin1	asin2	asin3	will-ship-internationally	expedited-shipping	zshop-boldface	product-id	bid-for-featured-placement	add-delete	pending-quantity	fulfillment-channel	merchant-shipping-group	status	Minimum order quantity	Sell remainder
Aaland Islands eSIM 20GB 30Days	Aaland Islands eSIM 20GB 30Days - high speed internet - mobile data 5G compatible	0630HUUK965	AALAND-ISLANDS-20GB-30D	33.99		30/06/2026 22:42:58 MEST		y	4			11				B0FR39Q1KJ						8721438400041				AMAZON_EU	Migrated Template	Active		
Aaland Islands eSIM 3GB 15Days	Aaland Islands eSIM 3GB 15Days - high speed internet - mobile data 5G compatible	0630HUTRHHP	AALAND-ISLANDS-3GB-15D	9.99		30/06/2026 22:36:04 MEST		y	4			11				B0FR3CCSMB						8721438400010				AMAZON_EU	Migrated Template	Active		
Aaland Islands eSIM 5GB 30Days	Aaland Islands eSIM 5GB 30Days - high speed internet - mobile data 5G compatible	0630HUUWXJV	AALAND-ISLANDS-5GB-30D	13.99		30/06/2026 22:39:41 MEST		y	4			11				B0FR3G6JWB						8721438400034				AMAZON_EU	Migrated Template	Active		
United Arab Emirates eSIM 20GB 30Days		0325HRMI57S	AE_20_30	40.81		25/03/2026 08:31:27 MET		y	1			11				B0FRB7TFJR						B0FRB7TFJR				AMAZON_EU	Migrated Template	Active		
United Arab Emirates eSIM 3GB 15Days		0325HRYUQLT	AE_3_15	10.09		25/03/2026 09:17:17 MET		y	1			11				B0FRBBYBGH						B0FRBBYBGH				AMAZON_EU	Migrated Template	Active		
United Arab Emirates eSIM 5GB 30Days		0325HSAPEGN	AE_5_30	16.02		25/03/2026 10:08:02 MET		y	1			11				B0FRB89XHX						B0FRB89XHX				AMAZON_EU	Migrated Template	Active		
Afrika eSIM 5GB 30Days	Africa eSIM 5GB 30Days - high speed internet - mobile data 5G compatible	0630HV1O6F5	AFRICA-5GB-30D	29.99		30/06/2026 22:46:08 MEST		y	4			11				B0FR3GK9Z7						8721438400072				AMAZON_EU	Migrated Template	Active		
Algerien eSIM 20GB 30Days	Algeria eSIM 20GB 30Days - high speed internet - mobile data 5G compatible	0630HTLVE5U	ALGERIA-20GB-30D	26.99		30/06/2026 13:30:43 MEST		y	4			11				B0H6M5TDMD						8721438408443				AMAZON_EU	Migrated Template	Active		
Algerien eSIM 3GB 15Days	Algeria eSIM 3GB 15Days - high speed internet - mobile data 5G compatible	0630HTR57J2	ALGERIA-3GB-15D	9.99		30/06/2026 13:22:45 MEST		y	4			11				B0H6M9R3WH						8721438408429				AMAZON_EU	Migrated Template	Active		
Algerien eSIM 5GB 30Days	Algeria eSIM 5GB 30Days - high speed internet - mobile data 5G compatible	0630HTIMPWR	ALGERIA-5GB-30D	11.99		30/06/2026 13:26:53 MEST		y	4			11				B0H6MDYKG8						8721438408436				AMAZON_EU	Migrated Template	Active		
Andorra eSIM 20GB 30Days	Andorra eSIM 20GB 30Days - high speed internet - mobile data 5G compatible	0630HTFY1XI	ANDORRA-20GB-30D	44.99		30/06/2026 13:42:14 MEST		y	4			11				B0H6MJ97WC						8721438408474				AMAZON_EU	Migrated Template	Active		
Andorra eSIM 3GB 15Days	Andorra eSIM 3GB 15Days - high speed internet - mobile data 5G compatible	0630HTK152R	ANDORRA-3GB-15D	15.99		30/06/2026 13:34:37 MEST		y	4			11				B0H6MBPRYN						8721438408450				AMAZON_EU	Migrated Template	Active		
Andorra eSIM 5GB 30Days	Andorra eSIM 5GB 30Days - high speed internet - mobile data 5G compatible	0630HTCGT0V	ANDORRA-5GB-30D	16.99		30/06/2026 13:38:45 MEST		y	4			11				B0H6M5P65S						8721438408467				AMAZON_EU	Migrated Template	Active		
Angola eSIM 3GB 15Days	Angola eSIM 3GB 15Days - high speed internet - mobile data 5G compatible	0630HTQJ1BB	ANGOLA-3GB-15D	35.99		30/06/2026 13:45:38 MEST		y	4			11				B0H6M5RWZH						8721438408481				AMAZON_EU	Migrated Template	Active		
Angola eSIM 5GB 30Days	Angola eSIM 5GB 30Days - high speed internet - mobile data 5G compatible	0630HTM63KU	ANGOLA-5GB-30D	58.99		30/06/2026 13:49:24 MEST		y	4			11				B0H6MKZSB4						8721438408498				AMAZON_EU	Migrated Template	Active		
Anguilla eSIM 20GB 30Days	Anguilla eSIM 20GB 30Days - high speed internet - mobile data 5G compatible	0630HTCZJ2R	ANGUILLA-20GB-30D	87.99		30/06/2026 14:09:23 MEST		y	4			11				B0H6MHMZY8						8721438408535				AMAZON_EU	Migrated Template	Active		
Anguilla eSIM 3GB 15Days	Anguilla eSIM 3GB 15Days - high speed internet - mobile data 5G compatible	0630HTU9UF8	ANGUILLA-3GB-15D	24.99		30/06/2026 14:02:12 MEST		y	4			11				B0H6M7X7QY						8721438408511				AMAZON_EU	Migrated Template	Active		
Anguilla eSIM 5GB 30Days	Anguilla eSIM 5GB 30Days - high speed internet - mobile data 5G compatible	0630HTS7RK2	ANGUILLA-5GB-30D	32.99		30/06/2026 14:05:50 MEST		y	4			11				B0H6MFJ63H						8721438408528				AMAZON_EU	Migrated Template	Active		
Antigua und Barbuda eSIM 20GB 30Days	Antigua and Barbuda eSIM 20GB 30Days - high speed internet - mobile data 5G compatible	0630HTTRVJ4	ANTIGUA-AND-BARBUDA-20GB-30D	99.99		30/06/2026 14:37:54 MEST		y	4			11				B0H6M2MQJB						8721438408566				AMAZON_EU	Migrated Template	Active		
Antigua und Barbuda eSIM 3GB 15Days	Antigua and Barbuda eSIM 3GB 15Days - high speed internet - mobile data 5G compatible	0630HTMECJE	ANTIGUA-AND-BARBUDA-3GB-15D	26.99		30/06/2026 14:12:57 MEST		y	4			11				B0H6MBBFLQ						8721438408542				AMAZON_EU	Migrated Template	Active		
Antigua und Barbuda eSIM 5GB 30Days	Antigua and Barbuda eSIM 5GB 30Days - high speed internet - mobile data 5G compatible	0630HTJFO6A	ANTIGUA-AND-BARBUDA-5GB-30D	35.99		30/06/2026 14:34:57 MEST		y	4			11				B0H6MCR5F9						8721438408559				AMAZON_EU	Migrated Template	Active		
Argentinien eSIM 20GB 30Days	Argentina eSIM 20GB 30Days - high speed internet - mobile data 5G compatible	0630HUYWQNZ	ARGENTINA-20GB-30D	37.99		30/06/2026 22:57:18 MEST		y	4			11				B0FR5DCH33						8721438400133				AMAZON_EU	Migrated Template	Active		
Argentinien eSIM 3GB 15Days	Argentina eSIM 3GB 15Days - high speed internet - mobile data 5G compatible	0630HUU5RE9	ARGENTINA-3GB-15D	12.99		30/06/2026 22:53:30 MEST		y	4			11				B0FR554SXN						8721438400126				AMAZON_EU	Migrated Template	Active		
Armenia eSIM 20GB 30Days	Armenia eSIM 20GB 30Days - high speed internet - mobile data 5G compatible	0630HUV4R1V	ARMENIA-20GB-30D	31.99		30/06/2026 23:04:07 MEST		y	4			11				B0FR4ZT5XT						8721438400188				AMAZON_EU	Migrated Template	Active		
Armenia eSIM 3GB 15Days	Armenia eSIM 3GB 15Days - high speed internet - mobile data 5G compatible	0630HUUG7ZA	ARMENIA-3GB-15D	9.99		30/06/2026 23:00:29 MEST		y	4			11				B0FR5BK9R4						8721438400164				AMAZON_EU	Migrated Template	Active		
Australien eSIM 20GB 30Days	Australia eSIM 20GB 30Days - high speed internet - mobile data 5G compatible	0630HUVVPN9	AUSTRALIA-20GB-30D	15.99		30/06/2026 23:22:53 MEST		y	4			11				B0FR9G1ZQJ						8721438400416				AMAZON_EU	Migrated Template	Active		
Australien eSIM 3GB 15Days	Australia eSIM 3GB 15Days - high speed internet - mobile data 5G compatible	0630HUYV3EE	AUSTRALIA-3GB-15D	8.99		30/06/2026 23:15:11 MEST		y	4			11				B0FR9SKY4D						8721438400386				AMAZON_EU	Migrated Template	Active		
Australien eSIM 5GB 30Days	Australia eSIM 5GB 30Days - high speed internet - mobile data 5G compatible	0630HUZK9L5	AUSTRALIA-5GB-30D	9.99		30/06/2026 23:19:13 MEST		y	4			11				B0FR9JRB62						8721438400393				AMAZON_EU	Migrated Template	Active		
Österreich eSIM 20GB 30Days	Austria eSIM 20GB 30Days - high speed internet - mobile data 5G compatible	0630HUWC4TM	AUSTRIA-20GB-30D	15.99		30/06/2026 23:32:41 MEST		y	4			11				B0FR8XBSBP						8721438400539				AMAZON_EU	Migrated Template	Active		
Österreich eSIM 3GB 15Days	Austria eSIM 3GB 15Days - high speed internet - mobile data 5G compatible	0630HV2UZB2	AUSTRIA-3GB-15D	8.99		30/06/2026 23:26:26 MEST		y	4			11				B0FR9QSMSP						8721438400492				AMAZON_EU	Migrated Template	Active		
Österreich eSIM 5GB 30Days	Austria eSIM 5GB 30Days - high speed internet - mobile data 5G compatible	0630HUZCB85	AUSTRIA-5GB-30D	9.99		30/06/2026 23:29:44 MEST		y	4			11				B0FR8XCH78						8721438400515				AMAZON_EU	Migrated Template	Active		
Australien eSIM 20GB 30Days		0325HRQ15O5	AU_20_30	14.68		25/03/2026 08:31:29 MET		y	1			11				B0FR9G1ZQJ						B0FR9G1ZQJ				AMAZON_EU	Migrated Template	Active		
Australien eSIM 3GB 15Days		0325HRZ8WFY	AU_3_15	6.13		25/03/2026 09:28:14 MET		y	1			11				B0FR9SKY4D						B0FR9SKY4D				AMAZON_EU	Migrated Template	Active		
Australien eSIM 5GB 30Days		0325HRXO9H3	AU_5_30	7.83		25/03/2026 08:46:12 MET		y	1			11				B0FR9JRB62						B0FR9JRB62				AMAZON_EU	Migrated Template	Active		
Aserbaidschan eSIM 3GB 15Days	Azerbaijan eSIM 3GB 15Days - high speed internet - mobile data 5G compatible	0630HUWFA5N	AZERBAIJAN-3GB-15D	12.99		30/06/2026 23:36:13 MEST		y	4			11				B0FR9BTC98						8721438400560				AMAZON_EU	Migrated Template	Active		
Bahamas eSIM 20GB 30Days	Bahamas eSIM 20GB 30Days - high speed internet - mobile data 5G compatible	0630HTMVE8Q	BAHAMAS-20GB-30D	121.99		30/06/2026 14:48:11 MEST		y	4			11				B0H6MCPR9P						8721438408597				AMAZON_EU	Migrated Template	Active		
Bahamas eSIM 3GB 15Days	Bahamas eSIM 3GB 15Days - high speed internet - mobile data 5G compatible	0630HTPCV3J	BAHAMAS-3GB-15D	32.99		30/06/2026 14:41:25 MEST		y	4			11				B0H6MB828R						8721438408573				AMAZON_EU	Migrated Template	Active		
Bahamas eSIM 5GB 30Days	Bahamas eSIM 5GB 30Days - high speed internet - mobile data 5G compatible	0630HTVKIIT	BAHAMAS-5GB-30D	43.99		30/06/2026 14:45:04 MEST		y	4			11				B0H6MFGH8P						8721438408580				AMAZON_EU	Migrated Template	Active		
Bahrain eSIM 3GB 15Days	Bahrain eSIM 3GB 15Days - high speed internet - mobile data 5G compatible	0630HV59N9N	BAHRAIN-3GB-15D	10.99		30/06/2026 23:40:15 MEST		y	4			11				B0FR9K64KF						8721438400591				AMAZON_EU	Migrated Template	Active		
Bangladesch eSIM 20GB 30Days	Bangladesh eSIM 20GB 30Days - high speed internet - mobile data 5G compatible	0630HUZQYVD	BANGLADESH-20GB-30D	23.99		30/06/2026 23:51:04 MEST		y	4			11				B0FR8FJ3HJ						8721438400683				AMAZON_EU	Migrated Template	Active		
Bangladesch eSIM 3GB 15Days	Bangladesh eSIM 3GB 15Days - high speed internet - mobile data 5G compatible	0630HUZR5TH	BANGLADESH-3GB-15D	9.99		30/06/2026 23:44:07 MEST		y	4			11				B0FR9L7SG3						8721438400669				AMAZON_EU	Migrated Template	Active		
Bangladesch eSIM 5GB 30Days	Bangladesh eSIM 5GB 30Days - high speed internet - mobile data 5G compatible	0630HV53PL7	BANGLADESH-5GB-30D	10.99		30/06/2026 23:47:46 MEST		y	4			11				B0FR9BQFCM						8721438400676				AMAZON_EU	Migrated Template	Active		
Barbados eSIM 20GB 30Days	Barbados eSIM 20GB 30Days - high speed internet - mobile data 5G compatible	0630HTQH0PY	BARBADOS-20GB-30D	85.99		30/06/2026 14:58:38 MEST		y	4			11				B0H6MJ921X						8721438408627				AMAZON_EU	Migrated Template	Active		
Barbados eSIM 3GB 15Days	Barbados eSIM 3GB 15Days - high speed internet - mobile data 5G compatible	0630HTRF521	BARBADOS-3GB-15D	23.99		30/06/2026 14:51:42 MEST		y	4			11				B0H6MCD72X						8721438408603				AMAZON_EU	Migrated Template	Active		
Barbados eSIM 5GB 30Days	Barbados eSIM 5GB 30Days - high speed internet - mobile data 5G compatible	0630HTRSLE7	BARBADOS-5GB-30D	31.99		30/06/2026 14:55:31 MEST		y	4			11				B0H6MG6VYJ						8721438408610				AMAZON_EU	Migrated Template	Active		
Belarus eSIM 3GB 15Days	Belarus eSIM 3GB 15Days - high speed internet - mobile data 5G compatible	0630HUWKETP	BELARUS-3GB-15D	9.99		30/06/2026 23:53:43 MEST		y	4			11				B0FR9G3Z82						8721438400706				AMAZON_EU	Migrated Template	Active		
Belarus eSIM 5GB 30Days	Belarus eSIM 5GB 30Days - high speed internet - mobile data 5G compatible	0630HUYTOMY	BELARUS-5GB-30D	11.99		30/06/2026 23:56:50 MEST		y	4			11				B0FR8FFT4D						8721438400713				AMAZON_EU	Migrated Template	Active		
Belgien eSIM 20GB 30Days	Belgium eSIM 20GB 30Days - high speed internet - mobile data 5G compatible	0630HV2JPJ6	BELGIUM-20GB-30D	15.99		01/07/2026 00:07:53 MEST		y	4			11				B0FR9BVRCH						8721438400775				AMAZON_EU	Migrated Template	Active		
Belgien eSIM 3GB 15Days	Belgium eSIM 3GB 15Days - high speed internet - mobile data 5G compatible	0630HV5BPJB	BELGIUM-3GB-15D	8.99		01/07/2026 00:00:10 MEST		y	4			11				B0FR9G432K						8721438400737				AMAZON_EU	Migrated Template	Active		
Belgien eSIM 5GB 30Days	Belgium eSIM 5GB 30Days - high speed internet - mobile data 5G compatible	0630HV1O7AC	BELGIUM-5GB-30D	9.99		01/07/2026 00:04:12 MEST		y	4			11				B0FR9SXCW6						8721438400751				AMAZON_EU	Migrated Template	Active		
Belize eSIM 20GB 30Days	Belize eSIM 20GB 30Days - high speed internet - mobile data 5G compatible	0630HTSX7IL	BELIZE-20GB-30D	145.99		30/06/2026 15:08:45 MEST		y	4			11				B0H6MBSQM8						8721438408658				AMAZON_EU	Migrated Template	Active		
Belize eSIM 3GB 15Days	Belize eSIM 3GB 15Days - high speed internet - mobile data 5G compatible	0630HTVN7UE	BELIZE-3GB-15D	32.99		30/06/2026 15:02:09 MEST		y	4			11				B0H6MFPNTX						8721438408634				AMAZON_EU	Migrated Template	Active		
Belize eSIM 5GB 30Days	Belize eSIM 5GB 30Days - high speed internet - mobile data 5G compatible	0630HTPNNPI	BELIZE-5GB-30D	53.99		30/06/2026 15:05:28 MEST		y	4			11				B0H6MF1H4V						8721438408641				AMAZON_EU	Migrated Template	Active		
Benin eSIM 20GB 30Days	Benin eSIM 20GB 30Days - high speed internet - mobile data 5G compatible	0630HTQ1BUZ	BENIN-20GB-30D	77.99		30/06/2026 15:18:42 MEST		y	4			11				B0H6M7VGSZ						8721438408689				AMAZON_EU	Migrated Template	Active		
Benin eSIM 3GB 15Days	Benin eSIM 3GB 15Days - high speed internet - mobile data 5G compatible	0630HTW200Z	BENIN-3GB-15D	18.99		30/06/2026 15:12:26 MEST		y	4			11				B0H6M9YHDR						8721438408665				AMAZON_EU	Migrated Template	Active		
Benin eSIM 5GB 30Days	Benin eSIM 5GB 30Days - high speed internet - mobile data 5G compatible	0630HTQL63Y	BENIN-5GB-30D	31.99		30/06/2026 15:15:56 MEST		y	4			11				B0H6MHRNBH						8721438408672				AMAZON_EU	Migrated Template	Active		
Bermuda eSIM 20GB 30Days	Bermuda eSIM 20GB 30Days - high speed internet - mobile data 5G compatible	0630HTT2L6T	BERMUDA-20GB-30D	101.99		30/06/2026 15:29:13 MEST		y	4			11				B0H6MCGQ77						8721438408719				AMAZON_EU	Migrated Template	Active		
Bermuda eSIM 3GB 15Days	Bermuda eSIM 3GB 15Days - high speed internet - mobile data 5G compatible	0630HTVYE2X	BERMUDA-3GB-15D	25.99		30/06/2026 15:22:07 MEST		y	4			11				B0H6MDMTGH						8721438408696				AMAZON_EU	Migrated Template	Active		
Bermuda eSIM 5GB 30Days	Bermuda eSIM 5GB 30Days - high speed internet - mobile data 5G compatible	0630HTWVM5U	BERMUDA-5GB-30D	33.99		30/06/2026 15:25:55 MEST		y	4			11				B0H6MFM5X4						8721438408702				AMAZON_EU	Migrated Template	Active		
Belgien eSIM 20GB 30Days		0325HS1LSEH	BE_20_30	18.66		25/03/2026 09:29:25 MET		y	1			11				B0FR9BVRCH						B0FR9BVRCH				AMAZON_EU	Migrated Template	Active		
Belgien eSIM 3GB 15Days		0325HRQSH5Q	BE_3_15	6.7		25/03/2026 08:45:19 MET		y	1			11				B0FR9G432K						B0FR9G432K				AMAZON_EU	Migrated Template	Active		
Belgien eSIM 5GB 30Days		0325HSIZ6NL	BE_5_30	7.83		25/03/2026 10:54:14 MET		y	1			11				B0FR9SXCW6						B0FR9SXCW6				AMAZON_EU	Migrated Template	Active		
Bhutan eSIM 20GB 30Days	Bhutan eSIM 20GB 30Days - high speed internet - mobile data 5G compatible	0630HTWGQHX	BHUTAN-20GB-30D	58.99		30/06/2026 15:40:21 MEST		y	4			11				B0H6M5WDSH						8721438408740				AMAZON_EU	Migrated Template	Active		
Bhutan eSIM 3GB 15Days	Bhutan eSIM 3GB 15Days - high speed internet - mobile data 5G compatible	0630HTYRX6H	BHUTAN-3GB-15D	17.99		30/06/2026 15:33:03 MEST		y	4			11				B0H6MJB588						8721438408726				AMAZON_EU	Migrated Template	Active		
Bhutan eSIM 5GB 30Days	Bhutan eSIM 5GB 30Days - high speed internet - mobile data 5G compatible	0630HTWGN9J	BHUTAN-5GB-30D	19.99		30/06/2026 15:37:03 MEST		y	4			11				B0H6M9C23Q						8721438408733				AMAZON_EU	Migrated Template	Active		
Bolivien eSIM 20GB 30Days	Bolivia eSIM 20GB 30Days - high speed internet - mobile data 5G compatible	0630HV2MGMM	BOLIVIA-20GB-30D	89.99		01/07/2026 00:14:53 MEST		y	4			11				B0FR9RH588						8721438400829				AMAZON_EU	Migrated Template	Active		
Bolivien eSIM 3GB 15Days	Bolivia eSIM 3GB 15Days - high speed internet - mobile data 5G compatible	0630HUWWWIM	BOLIVIA-3GB-15D	24.99		01/07/2026 00:11:25 MEST		y	4			11				B0FR8FKPKH						8721438400812				AMAZON_EU	Migrated Template	Active		
Bosnien-Herzegowina eSIM 3GB 15Days	Bosnia and Herzegovina eSIM 3GB 15Days - high speed internet - mobile data 5G compatible	0630HV2RJTR	BOSNIA-AND-HERZEGOVINA-3GB-15D	11.99		01/07/2026 00:17:53 MEST		y	4			11				B0FR9G8ZVK						8721438400843				AMAZON_EU	Migrated Template	Active		
Botswana eSIM 3GB 15Days	Botswana eSIM 3GB 15Days - high speed internet - mobile data 5G compatible	0630HUWVDW2	BOTSWANA-3GB-15D	23.99		01/07/2026 00:21:24 MEST		y	4			11				B0FR9G7N2Q						8721438400867				AMAZON_EU	Migrated Template	Active		
Brasilien eSIM 20GB 30Days	Brazil eSIM 20GB 30Days - high speed internet - mobile data 5G compatible	0630HV5UW6V	BRAZIL-20GB-30D	33.99		01/07/2026 00:28:12 MEST		y	4			11				B0FR9KLZCR						8721438400935				AMAZON_EU	Migrated Template	Active		
Brasilien eSIM 3GB 15Days	Brazil eSIM 3GB 15Days - high speed internet - mobile data 5G compatible	0630HV5IHQV	BRAZIL-3GB-15D	10.99		01/07/2026 00:24:54 MEST		y	4			11				B0FR9G5LKV						8721438400898				AMAZON_EU	Migrated Template	Active		
Brunei Darussalam eSIM 20GB 30Days	Brunei Darussalam eSIM 20GB 30Days - high speed internet - mobile data 5G compatible	0630HV5CUR8	BRUNEI-DARUSSALAM-20GB-30D	66.99		01/07/2026 00:34:08 MEST		y	4			11				B0FR9F971C						8721438400997				AMAZON_EU	Migrated Template	Active		
Brunei Darussalam eSIM 3GB 15Days	Brunei Darussalam eSIM 3GB 15Days - high speed internet - mobile data 5G compatible	0630HV07DOA	BRUNEI-DARUSSALAM-3GB-15D	13.99		01/07/2026 00:31:12 MEST		y	4			11				B0FR9KTJND						8721438400980				AMAZON_EU	Migrated Template	Active		
Bulgarien eSIM 3GB 15Days	Bulgaria eSIM 3GB 15Days - high speed internet - mobile data 5G compatible	0630HTI4F55	BULGARIA-3GB-15D	8.99		30/06/2026 13:10:41 MEST		y	4			11				B0H6MCT4Y5						8721438401031				AMAZON_EU	Migrated Template	Active		
Burkina Faso eSIM 3GB 15Days	Burkina Faso eSIM 3GB 15Days - high speed internet - mobile data 5G compatible	0630HUWXZ37	BURKINA-FASO-3GB-15D	12.99		01/07/2026 00:36:58 MEST		y	4			11				B0FR9HWFSK						8721438401086				AMAZON_EU	Migrated Template	Active		
Burkina Faso eSIM 5GB 30Days	Burkina Faso eSIM 5GB 30Days - high speed internet - mobile data 5G compatible	0630HV6EWCY	BURKINA-FASO-5GB-30D	29.99		01/07/2026 00:40:25 MEST		y	4			11				B0FR9BWKSY						8721438401093				AMAZON_EU	Migrated Template	Active		
Kambodscha eSIM 20GB 30Days	Cambodia eSIM 20GB 30Days - high speed internet - mobile data 5G compatible	0630HUXIQZ9	CAMBODIA-20GB-30D	26.99		01/07/2026 01:23:34 MEST		y	4			11				B0FR9GFJPL						8721438401710				AMAZON_EU	Migrated Template	Active		
Kambodscha eSIM 3GB 15Days	Cambodia eSIM 3GB 15Days - high speed internet - mobile data 5G compatible	0630HVF5ZWP	CAMBODIA-3GB-15D	9.99		01/07/2026 01:20:06 MEST		y	4			11				B0FR8XKMJ4						8721438401697				AMAZON_EU	Migrated Template	Active		
Kamerun eSIM 3GB 15Days	Cameroon eSIM 3GB 15Days - high speed internet - mobile data 5G compatible	0630HV6GHFM	CAMEROON-3GB-15D	21.99		01/07/2026 00:43:34 MEST		y	4			11				B0FR9VJ1ZB						8721438401116				AMAZON_EU	Migrated Template	Active		
Kanada eSIM 20GB 30Days Premium	Canada eSIM 20GB 30Days Premium - high speed internet - mobile data 5G compatible	0630HUSQGXD	CANADA-PREMIUM-20GB-30D	29.99		30/06/2026 22:32:44 MEST		y	4			11				B0H6MJ9N4Y						8721438410606				AMAZON_EU	Migrated Template	Active		
Kanada eSIM 3GB 15Days Premium	Canada eSIM 3GB 15Days Premium - high speed internet - mobile data 5G compatible	0630HUYL4EL	CANADA-PREMIUM-3GB-15D	10.99		30/06/2026 22:26:29 MEST		y	4			11				B0H6MJ1HMJ						8721438410583				AMAZON_EU	Migrated Template	Active		
Kanada eSIM 5GB 30Days Premium	Canada eSIM 5GB 30Days Premium - high speed internet - mobile data 5G compatible	0630HUTRLRL	CANADA-PREMIUM-5GB-30D	15.99		30/06/2026 22:29:47 MEST		y	4			11				B0H6MPXGBN						8721438410590				AMAZON_EU	Migrated Template	Active		
Kap Verde eSIM 20GB 30Days	Cape Verde eSIM 20GB 30Days - high speed internet - mobile data 5G compatible	0630HTYVX1D	CAPE-VERDE-20GB-30D	163.99		30/06/2026 15:51:09 MEST		y	4			11				B0H6M9VSPG						8721438408771				AMAZON_EU	Migrated Template	Active		
Kap Verde eSIM 3GB 15Days	Cape Verde eSIM 3GB 15Days - high speed internet - mobile data 5G compatible	0630HTYAJH0	CAPE-VERDE-3GB-15D	32.99		30/06/2026 15:43:52 MEST		y	4			11				B0H6M9R16H						8721438408757				AMAZON_EU	Migrated Template	Active		
Kap Verde eSIM 5GB 30Days	Cape Verde eSIM 5GB 30Days - high speed internet - mobile data 5G compatible	0630HTTETZT	CAPE-VERDE-5GB-30D	54.99		30/06/2026 15:47:42 MEST		y	4			11				B0H6MFG453						8721438408764				AMAZON_EU	Migrated Template	Active		
Kaimaninseln eSIM 20GB 30Days	Cayman Islands eSIM 20GB 30Days - high speed internet - mobile data 5G compatible	0630HTYO9BN	CAYMAN-ISLANDS-20GB-30D	95.99		30/06/2026 16:01:26 MEST		y	4			11				B0H6MGXYNS						8721438408801				AMAZON_EU	Migrated Template	Active		
Kaimaninseln eSIM 3GB 15Days	Cayman Islands eSIM 3GB 15Days - high speed internet - mobile data 5G compatible	0630HTWK0QE	CAYMAN-ISLANDS-3GB-15D	26.99		30/06/2026 15:54:40 MEST		y	4			11				B0H6MLHBD7						8721438408788				AMAZON_EU	Migrated Template	Active		
Kaimaninseln eSIM 5GB 30Days	Cayman Islands eSIM 5GB 30Days - high speed internet - mobile data 5G compatible	0630HTZ1WYT	CAYMAN-ISLANDS-5GB-30D	35.99		30/06/2026 15:58:09 MEST		y	4			11				B0H6M55MKK						8721438408795				AMAZON_EU	Migrated Template	Active		
Zentralafrikanische Republik eSIM 3GB 15Days	Central African Republic eSIM 3GB 15Days - high speed internet - mobile data 5G compatible	0630HV865DR	CENTRAL-AFRICAN-REPUBLIC-3GB-15D	21.99		01/07/2026 00:47:25 MEST		y	4			11				B0FR9RK8FP						8721438401352				AMAZON_EU	Migrated Template	Active		
Zentralafrikanische Republik eSIM 5GB 30Days	Central African Republic eSIM 5GB 30Days - high speed internet - mobile data 5G compatible	0630HV8X7F4	CENTRAL-AFRICAN-REPUBLIC-5GB-30D	33.99		01/07/2026 00:51:02 MEST		y	4			11				B0FR9R3NMC						8721438401369				AMAZON_EU	Migrated Template	Active		
Chad eSIM 3GB 15Days	Chad eSIM 3GB 15Days - high speed internet - mobile data 5G compatible	0630HV9BVLV	CHAD-3GB-15D	17.99		01/07/2026 00:54:01 MEST		y	4			11				B0FR9SG4MK						8721438401420				AMAZON_EU	Migrated Template	Active		
Chad eSIM 5GB 30Days	Chad eSIM 5GB 30Days - high speed internet - mobile data 5G compatible	0630HV5TSAO	CHAD-5GB-30D	28.99		01/07/2026 00:57:18 MEST		y	4			11				B0FR9L414C						8721438401437				AMAZON_EU	Migrated Template	Active		
China eSIM 3 GB 15 Tage	China eSIM 3GB 15Days - high speed internet - mobile data 5G compatible	0630HV0NXW6	CHINA-3GB-15D	8.99		01/07/2026 01:04:42 MEST		y	4			11				B0FR9QZ578						8721438401574				AMAZON_EU	Migrated Template	Active		
China eSIM 5 GB 30 Tage	China eSIM 5GB 30Days - high speed internet - mobile data 5G compatible	0630HV6T35D	CHINA-5GB-30D	9.99		01/07/2026 01:08:44 MEST		y	4			11				B0FR9HX7XH						8721438401581				AMAZON_EU	Migrated Template	Active		
Schweiz eSIM 3GB 15Days		0325HRQMXCP	CH_3_15	5.57		25/03/2026 08:46:00 MET		y	1			11				B0FRB5LFVC						B0FRB5LFVC				AMAZON_EU	Migrated Template	Active		
Schweiz eSIM 5GB 30Days		0325HRWIG40	CH_5_30	7.82		25/03/2026 08:45:01 MET		y	1			11				B0FRB7G4VW						B0FRB7G4VW				AMAZON_EU	Migrated Template	Active		
China eSIM 3 GB 15 Tage		0325HS2C14U	CN_3_15	6.7		25/03/2026 09:29:05 MET		y	1			11				B0FR9QZ578						B0FR9QZ578				AMAZON_EU	Migrated Template	Active		
China eSIM 5 GB 30 Tage		0325HRU84FV	CN_5_30	8.98		25/03/2026 09:28:38 MET		y	1			11				B0FR9HX7XH						B0FR9HX7XH				AMAZON_EU	Migrated Template	Active		
Kolumbien eSIM 3GB 15Days	Colombia eSIM 3GB 15Days - high speed internet - mobile data 5G compatible	0630HV3NZXY	COLOMBIA-3GB-15D	14.99		01/07/2026 01:16:05 MEST		y	4			11				B0FR9RL8W5						8721438401673				AMAZON_EU	Migrated Template	Active		
Costa Rica eSIM 3GB 15Days	Costa Rica eSIM 3GB 15Days - high speed internet - mobile data 5G compatible	0630HVB34VN	COSTA-RICA-3GB-15D	15.99		01/07/2026 01:26:55 MEST		y	4			11				B0FR9LNRMN						8721438401765				AMAZON_EU	Migrated Template	Active		
Côte D'Ivoire eSIM 3 GB 15 Tage	Cote d'Ivoire eSIM 3GB 15Days - high speed internet - mobile data 5G compatible	0630HUXLXRH	COTE-D-IVOIRE-3GB-15D	24.99		01/07/2026 01:30:25 MEST		y	4			11				B0FR9HW9DJ						8721438401789				AMAZON_EU	Migrated Template	Active		
Côte D'Ivoire eSIM 5GB 30Days	Cote d'Ivoire eSIM 5GB 30Days - high speed internet - mobile data 5G compatible	0630HUXMD0R	COTE-D-IVOIRE-5GB-30D	31.99		01/07/2026 01:34:12 MEST		y	4			11				B0FR9V5LYJ						8721438401796				AMAZON_EU	Migrated Template	Active		
Kroatien eSIM 20GB 30Days	Croatia eSIM 20GB 30Days - high speed internet - mobile data 5G compatible	0630HV9IOYM	CROATIA-20GB-30D	17.99		01/07/2026 01:43:57 MEST		y	4			11				B0FR9TYCSL						8721438401857				AMAZON_EU	Migrated Template	Active		
Kroatien eSIM 3GB 15Days	Croatia eSIM 3GB 15Days - high speed internet - mobile data 5G compatible	0630HUXNRH2	CROATIA-3GB-15D	8.99		01/07/2026 01:37:54 MEST		y	4			11				B0FR9GDKT1						8721438401819				AMAZON_EU	Migrated Template	Active		
Kroatien eSIM 5GB 30Days	Croatia eSIM 5GB 30Days - high speed internet - mobile data 5G compatible	0630HVB28Q0	CROATIA-5GB-30D	9.99		01/07/2026 01:41:33 MEST		y	4			11				B0FR9BVV58						8721438401833				AMAZON_EU	Migrated Template	Active		
Curacao eSIM 20GB 30Days	Curacao eSIM 20GB 30Days - high speed internet - mobile data 5G compatible	0630HU0UYEZ	CURACAO-20GB-30D	79.99		30/06/2026 16:11:33 MEST		y	4			11				B0H6MF51WH						8721438408832				AMAZON_EU	Migrated Template	Active		
Curacao eSIM 3GB 15Days	Curacao eSIM 3GB 15Days - high speed internet - mobile data 5G compatible	0630HTWJ1Z3	CURACAO-3GB-15D	22.99		30/06/2026 16:04:47 MEST		y	4			11				B0H6M81JPM						8721438408818				AMAZON_EU	Migrated Template	Active		
Curacao eSIM 5GB 30Days	Curacao eSIM 5GB 30Days - high speed internet - mobile data 5G compatible	0630HU03LGX	CURACAO-5GB-30D	29.99		30/06/2026 16:08:37 MEST		y	4			11				B0H6MGZLBC						8721438408825				AMAZON_EU	Migrated Template	Active		
Zypern eSIM 3GB 15Days	Cyprus eSIM 3GB 15Days - high speed internet - mobile data 5G compatible	0630HV9Y69Q	CYPRUS-3GB-15D	8.99		01/07/2026 01:47:07 MEST		y	4			11				B0FR8XJWWG						8721438401888				AMAZON_EU	Migrated Template	Active		
Zypern eSIM 5GB 30Days	Cyprus eSIM 5GB 30Days - high speed internet - mobile data 5G compatible	0630HV0W0OY	CYPRUS-5GB-30D	9.99		01/07/2026 01:50:24 MEST		y	4			11				B0FR8XHWZV						8721438401901				AMAZON_EU	Migrated Template	Active		
Tschechische Republik eSIM 20GB 30Days	Czech Republic eSIM 20GB 30Days - high speed internet - mobile data 5G compatible	0701HV6LBG2	CZECH-REPUBLIC-20GB-30D	17.99		01/07/2026 02:00:29 MEST		y	4			11				B0FR9SVN9H						8721438401987				AMAZON_EU	Migrated Template	Active		
Tschechische Republik eSIM 3GB 15Days	Czech Republic eSIM 3GB 15Days - high speed internet - mobile data 5G compatible	0630HV9179H	CZECH-REPUBLIC-3GB-15D	8.99		01/07/2026 01:53:54 MEST		y	4			11				B0FR9SB2Q3						8721438401949				AMAZON_EU	Migrated Template	Active		
Tschechische Republik eSIM 5GB 30Days	Czech Republic eSIM 5GB 30Days - high speed internet - mobile data 5G compatible	0630HV6987J	CZECH-REPUBLIC-5GB-30D	9.99		01/07/2026 01:57:23 MEST		y	4			11				B0FR9BY2LF						8721438401963				AMAZON_EU	Migrated Template	Active		
Demokratische Republik Kongo eSIM 3GB 15Days	Democratic Republic of the Congo eSIM 3GB 15Days - high speed internet - mobile data 5G compatible	0630HTXRCOW	DEMOCRATIC-REPUBLIC-OF-THE-CONGO-3GB-15D	14.99		30/06/2026 16:15:04 MEST		y	4			11				B0H6LZL22Y						8721438408849				AMAZON_EU	Migrated Template	Active		
Demokratische Republik Kongo eSIM 5GB 30Days	Democratic Republic of the Congo eSIM 5GB 30Days - high speed internet - mobile data 5G compatible	0630HU1Z0MV	DEMOCRATIC-REPUBLIC-OF-THE-CONGO-5GB-30D	22.99		30/06/2026 16:18:43 MEST		y	4			11				B0H6M6L8Z8						8721438408856				AMAZON_EU	Migrated Template	Active		
Dänemark eSIM 20GB 30Days	Denmark eSIM 20GB 30Days - high speed internet - mobile data 5G compatible	0701HVBEAM9	DENMARK-20GB-30D	15.99		01/07/2026 02:10:14 MEST		y	4			11				B0FR9QPF45						8721438402052				AMAZON_EU	Migrated Template	Active		
Dänemark eSIM 3GB 15Days	Denmark eSIM 3GB 15Days - high speed internet - mobile data 5G compatible	0701HVC29CO	DENMARK-3GB-15D	8.99		01/07/2026 02:03:29 MEST		y	4			11				B0FR9GSNP4						8721438402014				AMAZON_EU	Migrated Template	Active		
Dänemark eSIM 5GB 30Days	Denmark eSIM 5GB 30Days - high speed internet - mobile data 5G compatible	0701HV8WSXL	DENMARK-5GB-30D	9.99		01/07/2026 02:07:18 MEST		y	4			11				B0FR8XQYR4						8721438402038				AMAZON_EU	Migrated Template	Active		
Deutschland eSIM 20GB 30Days		0325HSAT2PS	DE_20_30	31.94		25/03/2026 10:03:49 MET		y	1			11				B0GSZP9H94						B0GSZP9H94				AMAZON_EU	Migrated Template	Active		
Deutschland eSIM 3GB 15Days		0325HRZIUGB	DE_3_15	9.76		25/03/2026 09:28:47 MET		y	1			11				B0GSZBMLKV						B0GSZBMLKV				AMAZON_EU	Migrated Template	Active		
Deutschland eSIM 5GB 30Days		0325HS35DCY	DE_5_30	11.47		25/03/2026 09:28:47 MET		y	1			11				B0GSZDYWLZ						B0GSZDYWLZ				AMAZON_EU	Migrated Template	Active		
Dominica eSIM 20GB 30Days	Dominica eSIM 20GB 30Days - high speed internet - mobile data 5G compatible	0630HU1BUA8	DOMINICA-20GB-30D	87.99		30/06/2026 16:32:11 MEST		y	4			11				B0H6MK8XTJ						8721438408894				AMAZON_EU	Migrated Template	Active		
Dominica eSIM 3GB 15Days	Dominica eSIM 3GB 15Days - high speed internet - mobile data 5G compatible	0630HU1DICV	DOMINICA-3GB-15D	24.99		30/06/2026 16:25:57 MEST		y	4			11				B0H6M9H54M						8721438408870				AMAZON_EU	Migrated Template	Active		
Dominica eSIM 5GB 30Days	Dominica eSIM 5GB 30Days - high speed internet - mobile data 5G compatible	0630HU0OW5S	DOMINICA-5GB-30D	32.99		30/06/2026 16:29:15 MEST		y	4			11				B0H6M5HR32						8721438408887				AMAZON_EU	Migrated Template	Active		
Dominikanische Republik eSIM 20GB 30Days	Dominican Republic eSIM 20GB 30Days - high speed internet - mobile data 5G compatible	0701HV9BEYX	DOMINICAN-REPUBLIC-20GB-30D	39.99		01/07/2026 02:19:26 MEST		y	4			11				B0FR9C6DJF						8721438402106				AMAZON_EU	Migrated Template	Active		
Dominikanische Republik eSIM 3 GB 15 Tage	Dominican Republic eSIM 3GB 15Days - high speed internet - mobile data 5G compatible	0701HVC23E9	DOMINICAN-REPUBLIC-3GB-15D	12.99		01/07/2026 02:13:23 MEST		y	4			11				B0FR9GSKZF						8721438402083				AMAZON_EU	Migrated Template	Active		
Dominikanische Republik eSIM 5GB 30Days	Dominican Republic eSIM 5GB 30Days - high speed internet - mobile data 5G compatible	0701HV75SWV	DOMINICAN-REPUBLIC-5GB-30D	15.99		01/07/2026 02:16:40 MEST		y	4			11				B0FR9GQKCM						8721438402090				AMAZON_EU	Migrated Template	Active		
Demokratische Republik Kongo eSIM 20GB 30Days	Democratic Republic of the Congo eSIM 20GB 30Days - high speed internet - mobile data 5G compatible	0630HU10WK3	DRC-20GB-30D	59.99		30/06/2026 16:22:14 MEST		y	4			11				B0H6MZWFM7						8721438408863				AMAZON_EU	Migrated Template	Active		
Ecuador eSIM 3GB 15Days	Ecuador eSIM 3GB 15Days - high speed internet - mobile data 5G compatible	0701HV6GLQ1	ECUADOR-3GB-15D	14.99		01/07/2026 02:22:25 MEST		y	4			11				B0FR9RM6MP						8721438402120				AMAZON_EU	Migrated Template	Active		
Ägypten eSIM 20GB 30Days	Egypt eSIM 20GB 30Days - high speed internet - mobile data 5G compatible	0701HV14N24	EGYPT-20GB-30D	29.99		01/07/2026 02:32:33 MEST		y	4			11				B0FR9GQBGL						8721438402182				AMAZON_EU	Migrated Template	Active		
Ägypten eSIM 3GB 15Days	Egypt eSIM 3GB 15Days - high speed internet - mobile data 5G compatible	0701HVB63DD	EGYPT-3GB-15D	10.99		01/07/2026 02:26:17 MEST		y	4			11				B0FR9C784N						8721438402144				AMAZON_EU	Migrated Template	Active		
Ägypten eSIM 5GB 30Days	Egypt eSIM 5GB 30Days - high speed internet - mobile data 5G compatible	0701HVB5KMF	EGYPT-5GB-30D	15.99		01/07/2026 02:29:57 MEST		y	4			11				B0FR9LR5KJ						8721438402168				AMAZON_EU	Migrated Template	Active		
Ägypten eSIM 20GB 30Days		0325HS3OXGE	EG_20_30	33.99		25/03/2026 10:03:58 MET		y	1			11				B0FR9GQBGL						B0FR9GQBGL				AMAZON_EU	Migrated Template	Active		
Ägypten eSIM 3GB 15Days		0325HS225UW	EG_3_15	10.09		25/03/2026 09:29:51 MET		y	1			11				B0FR9C784N						B0FR9C784N				AMAZON_EU	Migrated Template	Active		
EL Salvador eSIM 3GB 15Days	El Salvador eSIM 3GB 15Days - high speed internet - mobile data 5G compatible	0701HUY8JUJ	EL-SALVADOR-3GB-15D	17.99		01/07/2026 02:36:05 MEST		y	4			11				B0FR9LJ7X4						8721438402236				AMAZON_EU	Migrated Template	Active		
Estland eSIM 20GB 30Days	Estonia eSIM 20GB 30Days - high speed internet - mobile data 5G compatible	0701HVC6T6E	ESTONIA-20GB-30D	15.99		01/07/2026 02:45:50 MEST		y	4			11				B0FR9L527N						8721438402298				AMAZON_EU	Migrated Template	Active		
Estland eSIM 3GB 15Days	Estonia eSIM 3GB 15Days - high speed internet - mobile data 5G compatible	0701HVFVPJO	ESTONIA-3GB-15D	8.99		01/07/2026 02:39:47 MEST		y	4			11				B0FR9GST1S						8721438402250				AMAZON_EU	Migrated Template	Active		
Estland eSIM 5GB 30Days	Estonia eSIM 5GB 30Days - high speed internet - mobile data 5G compatible	0701HV9ED5C	ESTONIA-5GB-30D	9.99		01/07/2026 02:43:05 MEST		y	4			11				B0FR9GQYKB						8721438402274				AMAZON_EU	Migrated Template	Active		
Spanien eSIM 3GB 15Days		0325HS42CLP	ES_3_15	6.7		25/03/2026 10:04:27 MET		y	1			11				B0FRCDHTZ7						B0FRCDHTZ7				AMAZON_EU	Migrated Template	Active		
Spanien eSIM 5GB 30Days		0325HRMPTB6	ES_5_30	8.97		25/03/2026 08:44:47 MET		y	1			11				B0FRBQCLZN						B0FRBQCLZN				AMAZON_EU	Migrated Template	Active		
Europa (über 40 Bereiche) eSIM 5 GB 30 Tage	Europe(40+ areas) eSIM 5GB 30Days - high speed internet - mobile data 5G compatible	0701HV1CBNB	EUROPE-40-AREAS-5GB-30D	9.99		01/07/2026 02:48:19 MEST		y	4			11				B0FR9RYSSS						8721438402472				AMAZON_EU	Migrated Template	Active		
Färöer-Inseln eSIM 20GB 30Days	Faroe Islands eSIM 20GB 30Days - high speed internet - mobile data 5G compatible	0630HU29QSX	FAROE-ISLANDS-20GB-30D	29.99		30/06/2026 16:42:18 MEST		y	4			11				B0H6MB82ZV						8721438408924				AMAZON_EU	Migrated Template	Active		
Färöer Inseln eSIM 3GB 15Days	Faroe Islands eSIM 3GB 15Days - high speed internet - mobile data 5G compatible	0630HU2QKIV	FAROE-ISLANDS-3GB-15D	9.99		30/06/2026 16:35:43 MEST		y	4			11				B0H6ML935Q						8721438408900				AMAZON_EU	Migrated Template	Active		
Färöer Inseln eSIM 5GB 30Days	Faroe Islands eSIM 5GB 30Days - high speed internet - mobile data 5G compatible	0630HU9F0C0	FAROE-ISLANDS-5GB-30D	11.99		30/06/2026 16:39:11 MEST		y	4			11				B0H6MF2TVH						8721438408917				AMAZON_EU	Migrated Template	Active		
Fiji eSIM 20GB 30Days	Fiji eSIM 20GB 30Days - high speed internet - mobile data 5G compatible	0630HU3L3K0	FIJI-20GB-30D	40.99		30/06/2026 16:51:24 MEST		y	4			11				B0H6MGBL3N						8721438408955				AMAZON_EU	Migrated Template	Active		
Fiji eSIM 3GB 15Days	Fiji eSIM 3GB 15Days - high speed internet - mobile data 5G compatible	0630HU68RNY	FIJI-3GB-15D	12.99		30/06/2026 16:45:20 MEST		y	4			11				B0H6MFLWYD						8721438408931				AMAZON_EU	Migrated Template	Active		
Fiji eSIM 5GB 30Days	Fiji eSIM 5GB 30Days - high speed internet - mobile data 5G compatible	0630HU3BSS7	FIJI-5GB-30D	14.99		30/06/2026 16:48:37 MEST		y	4			11				B0H6MJ7GS6						8721438408948				AMAZON_EU	Migrated Template	Active		
Finnland eSIM 3GB 15Days	Finland eSIM 3GB 15Days - high speed internet - mobile data 5G compatible	0701HV4B9O8	FINLAND-3GB-15D	8.99		01/07/2026 02:54:58 MEST		y	4			11				B0FR9GSND6						8721438402533				AMAZON_EU	Migrated Template	Active		
Finnland eSIM 5GB 30Days	Finland eSIM 5GB 30Days - high speed internet - mobile data 5G compatible	0701HVCB093	FINLAND-5GB-30D	9.99		01/07/2026 02:58:35 MEST		y	4			11				B0FR9SB3BJ						8721438402557				AMAZON_EU	Migrated Template	Active		
Frankreich eSIM 20GB 30Days	France eSIM 20GB 30Days - high speed internet - mobile data 5G compatible	0701HV7LPD6	FRANCE-20GB-30D	15.99		01/07/2026 03:09:48 MEST		y	4			11				B0FR9GPMC5						8721438402632				AMAZON_EU	Migrated Template	Active		
Frankreich eSIM 3GB 15Days	France eSIM 3GB 15Days - high speed internet - mobile data 5G compatible	0701HVAJH7R	FRANCE-3GB-15D	8.99		01/07/2026 03:02:08 MEST		y	4			11				B0FR9C5ZB6						8721438402595				AMAZON_EU	Migrated Template	Active		
Frankreich eSIM 5GB 30Days	France eSIM 5GB 30Days - high speed internet - mobile data 5G compatible	0701HV4FR6L	FRANCE-5GB-30D	9.99		01/07/2026 03:06:08 MEST		y	4			11				B0FR9LMDW5						8721438402618				AMAZON_EU	Migrated Template	Active		
Französisch-Guayana eSIM 20 GB 30 Tage	French Guiana eSIM 20GB 30Days - high speed internet - mobile data 5G compatible	0630HUA9IJC	FRENCH-GUIANA-20GB-30D	17.99		30/06/2026 17:00:49 MEST		y	4			11				B0H6MDNXJJ						8721438408986				AMAZON_EU	Migrated Template	Active		
Französisch-Guayana eSIM 3 GB 15 Tage	French Guiana eSIM 3GB 15Days - high speed internet - mobile data 5G compatible	0630HU36OG7	FRENCH-GUIANA-3GB-15D	8.99		30/06/2026 16:54:23 MEST		y	4			11				B0H6MFD6Z3						8721438408962				AMAZON_EU	Migrated Template	Active		
Französisch-Guayana eSIM 5 GB 30 Tage	French Guiana eSIM 5GB 30Days - high speed internet - mobile data 5G compatible	0630HU252D7	FRENCH-GUIANA-5GB-30D	9.99		30/06/2026 16:57:42 MEST		y	4			11				B0H6MGC352						8721438408979				AMAZON_EU	Migrated Template	Active		
Französisch-Polynesien eSIM 20 GB 30 Tage	French Polynesia eSIM 20GB 30Days - high speed internet - mobile data 5G compatible	0630HUANY66	FRENCH-POLYNESIA-20GB-30D	242.99		30/06/2026 17:10:24 MEST		y	4			11				B0H6M59GH9						8721438409013				AMAZON_EU	Migrated Template	Active		
Französisch-Polynesien eSIM 3 GB 15 Tage	French Polynesia eSIM 3GB 15Days - high speed internet - mobile data 5G compatible	0630HU3U311	FRENCH-POLYNESIA-3GB-15D	47.99		30/06/2026 17:04:00 MEST		y	4			11				B0H6MF6GHP						8721438408993				AMAZON_EU	Migrated Template	Active		
Französisch-Polynesien eSIM 5 GB 30 Tage	French Polynesia eSIM 5GB 30Days - high speed internet - mobile data 5G compatible	0630HUAL3QT	FRENCH-POLYNESIA-5GB-30D	66.99		30/06/2026 17:07:18 MEST		y	4			11				B0H6MD2GXY						8721438409006				AMAZON_EU	Migrated Template	Active		
Frankreich eSIM 20GB 30Days		0328H5OQ1SU	FR_20_30	22.05		28/03/2026 15:33:21 MET		y	1			11				B0FR9GPMC5						B0FR9GPMC5				AMAZON_EU	Migrated Template	Active		
Frankreich eSIM 3GB 15Days		0328H5HF90X	FR_3_15	7.84		28/03/2026 14:21:51 MET		y	1			11				B0FR9C5ZB6						B0FR9C5ZB6				AMAZON_EU	Migrated Template	Active		
Frankreich eSIM 5GB 30Days		0417HI17MOO	FR_5_30	10.1		17/04/2026 17:56:18 MEST		y	1			11				B0FR9LMDW5						B0FR9LMDW5				AMAZON_EU	Migrated Template	Active		
Gabun eSIM 3GB 15Days	Gabon eSIM 3GB 15Days - high speed internet - mobile data 5G compatible	0701HVAN8UI	GABON-3GB-15D	17.99		01/07/2026 03:13:20 MEST		y	4			11				B0FR9GPX9T						8721438402700				AMAZON_EU	Migrated Template	Active		
Gambia eSIM 3GB 15Days	Gambia eSIM 3GB 15Days - high speed internet - mobile data 5G compatible	0701HY4MIZ9	GAMBIA-3GB-15D	35.99		01/07/2026 16:12:19 MEST		y	4			11				B0H2FTMBBQ						8721438408368				AMAZON_EU	Migrated Template	Active		
Gambia eSIM 5GB 30Days	Gambia eSIM 5GB 30Days - high speed internet - mobile data 5G compatible	0701HY1U5IC	GAMBIA-5GB-30D	57.99		01/07/2026 16:16:20 MEST		y	4			11				B0H2FQ3QJ9						8721438408375				AMAZON_EU	Migrated Template	Active		
Großbritannien eSIM 20 GB 30 Tage		0325HRWODCR	GB_20_30	16.6		25/03/2026 09:24:54 MET		y	1			11				B0FRDGCBTN						B0FRDGCBTN				AMAZON_EU	Migrated Template	Active		
Vereinigtes Königreich eSIM 3 GB 15 Tage		0325HSACCX4	GB_3_15	4.41		25/03/2026 10:01:34 MET		y	1			11				B0FRCPD8TS						B0FRCPD8TS				AMAZON_EU	Migrated Template	Active		
Großbritannien eSIM 5 GB 30 Tage		0325HRVM3I1	GB_5_30	5.56		25/03/2026 08:44:50 MET		y	1			11				B0FRDDRGJF						B0FRDDRGJF				AMAZON_EU	Migrated Template	Active		
Georgia eSIM 20GB 30Days	Georgia eSIM 20GB 30Days - high speed internet - mobile data 5G compatible	0701HVCLU4S	GEORGIA-20GB-30D	25.99		01/07/2026 03:20:29 MEST		y	4			11				B0FR9C73NK						8721438402748				AMAZON_EU	Migrated Template	Active		
Georgia eSIM 3GB 15Days	Georgia eSIM 3GB 15Days - high speed internet - mobile data 5G compatible	0701HVDKCDV	GEORGIA-3GB-15D	9.99		01/07/2026 03:16:51 MEST		y	4			11				B0FR9KMX2N						8721438402724				AMAZON_EU	Migrated Template	Active		
Deutschland eSIM 20GB 30Days	Germany eSIM 20GB 30Days - high speed internet - mobile data 5G compatible	0701HV4L2N9	GERMANY-20GB-30D	15.99		01/07/2026 03:31:41 MEST		y	4			11				B0GSZP9H94						8721438402809				AMAZON_EU	Migrated Template	Active		
Deutschland eSIM 3GB 15Days	Germany eSIM 3GB 15Days - high speed internet - mobile data 5G compatible	0701HVCNBZU	GERMANY-3GB-15D	8.99		01/07/2026 03:23:59 MEST		y	4			11				B0GSZBMLKV						8721438402762				AMAZON_EU	Migrated Template	Active		
Deutschland eSIM 5GB 30Days	Germany eSIM 5GB 30Days - high speed internet - mobile data 5G compatible	0701HVD701N	GERMANY-5GB-30D	9.99		01/07/2026 03:28:01 MEST		y	4			11				B0GSZDYWLZ						8721438402786				AMAZON_EU	Migrated Template	Active		
Ghana eSIM 20GB 30Days	Ghana eSIM 20GB 30Days - high speed internet - mobile data 5G compatible	0630HU9F796	GHANA-20GB-30D	40.99		30/06/2026 17:20:19 MEST		y	4			11				B0H6M9CG3G						8721438409044				AMAZON_EU	Migrated Template	Active		
Ghana eSIM 3GB 15Days	Ghana eSIM 3GB 15Days - high speed internet - mobile data 5G compatible	0630HU9EXF3	GHANA-3GB-15D	12.99		30/06/2026 17:13:55 MEST		y	4			11				B0H6M7CH6H						8721438409020				AMAZON_EU	Migrated Template	Active		
Ghana eSIM 5GB 30Days	Ghana eSIM 5GB 30Days - high speed internet - mobile data 5G compatible	0630HUGI5NS	GHANA-5GB-30D	13.99		30/06/2026 17:17:23 MEST		y	4			11				B0H6MD48NZ						8721438409037				AMAZON_EU	Migrated Template	Active		
Gibraltar eSIM 3GB 15Days	Gibraltar eSIM 3GB 15Days - high speed internet - mobile data 5G compatible	0701HV4N0E8	GIBRALTAR-3GB-15D	8.99		01/07/2026 03:35:12 MEST		y	4			11				B0FR8XSPMC						8721438402878				AMAZON_EU	Migrated Template	Active		
Griechenland eSIM 20GB 30Days	Greece eSIM 20GB 30Days - high speed internet - mobile data 5G compatible	0701HVD5MCQ	GREECE-20GB-30D	17.99		01/07/2026 03:50:40 MEST		y	4			11				B0FR9KJGBG						8721438403080				AMAZON_EU	Migrated Template	Active		
Griechenland eSIM 3GB 15Days	Greece eSIM 3GB 15Days - high speed internet - mobile data 5G compatible	0701HVAXEZE	GREECE-3GB-15D	8.99		01/07/2026 03:42:57 MEST		y	4			11				B0FR9L85F6						8721438403042				AMAZON_EU	Migrated Template	Active		
Griechenland eSIM 5GB 30Days	Greece eSIM 5GB 30Days - high speed internet - mobile data 5G compatible	0701HVFLXGL	GREECE-5GB-30D	9.99		01/07/2026 03:47:00 MEST		y	4			11				B0FR9C7SMF						8721438403066				AMAZON_EU	Migrated Template	Active		
Greenland eSIM 20GB 30Days	Greenland eSIM 20GB 30Days - high speed internet - mobile data 5G compatible	0630HUACYQN	GREENLAND-20GB-30D	113.99		30/06/2026 17:30:15 MEST		y	4			11				B0H6MBT3TW						8721438409075				AMAZON_EU	Migrated Template	Active		
Greenland eSIM 3GB 15Days	Greenland eSIM 3GB 15Days - high speed internet - mobile data 5G compatible	0630HUABCG9	GREENLAND-3GB-15D	28.99		30/06/2026 17:23:40 MEST		y	4			11				B0H6MLNBK2						8721438409051				AMAZON_EU	Migrated Template	Active		
Greenland eSIM 5GB 30Days	Greenland eSIM 5GB 30Days - high speed internet - mobile data 5G compatible	0630HUAP4V3	GREENLAND-5GB-30D	37.99		30/06/2026 17:27:08 MEST		y	4			11				B0H6MFMLK9						8721438409068				AMAZON_EU	Migrated Template	Active		
Grenada eSIM 20GB 30Days	Grenada eSIM 20GB 30Days - high speed internet - mobile data 5G compatible	0630HU7V6I9	GRENADA-20GB-30D	103.99		30/06/2026 17:40:21 MEST		y	4			11				B0H6MGRF37						8721438409105				AMAZON_EU	Migrated Template	Active		
Grenada eSIM 3GB 15Days	Grenada eSIM 3GB 15Days - high speed internet - mobile data 5G compatible	0630HUD6K5B	GRENADA-3GB-15D	29.99		30/06/2026 17:33:46 MEST		y	4			11				B0H6M8K37V						8721438409082				AMAZON_EU	Migrated Template	Active		
Grenada eSIM 5GB 30Days	Grenada eSIM 5GB 30Days - high speed internet - mobile data 5G compatible	0630HU9OO12	GRENADA-5GB-30D	38.99		30/06/2026 17:37:14 MEST		y	4			11				B0H6MLJR6Z						8721438409099				AMAZON_EU	Migrated Template	Active		
Griechenland eSIM 20GB 30Days		0325HRUUGI2	GR_20_30	18.64		25/03/2026 08:45:33 MET		y	1			11				B0FR9KJGBG						B0FR9KJGBG				AMAZON_EU	Migrated Template	Active		
Griechenland eSIM 3GB 15Days		0325HRK0G1S	GR_3_15	5.56		25/03/2026 08:44:12 MET		y	1			11				B0FR9L85F6						B0FR9L85F6				AMAZON_EU	Migrated Template	Active		
Griechenland eSIM 5GB 30Days		0325HS2P6IX	GR_5_30	4.99		25/03/2026 09:28:51 MET		y	1			11				B0FR9C7SMF						B0FR9C7SMF				AMAZON_EU	Migrated Template	Active		
Guadeloupe eSIM 20GB 30Days	Guadeloupe eSIM 20GB 30Days - high speed internet - mobile data 5G compatible	0701HVGYB3H	GUADELOUPE-20GB-30D	17.99		01/07/2026 03:57:50 MEST		y	4			11				B0FR8XTBF6						8721438403127				AMAZON_EU	Migrated Template	Active		
Guadeloupe eSIM 3GB 15Days	Guadeloupe eSIM 3GB 15Days - high speed internet - mobile data 5G compatible	0701HVDUPU6	GUADELOUPE-3GB-15D	8.99		01/07/2026 03:54:23 MEST		y	4			11				B0FR9TMVWK						8721438403110				AMAZON_EU	Migrated Template	Active		
Guam eSIM 20GB 30Days	Guam eSIM 20GB 30Days - high speed internet - mobile data 5G compatible	0701HVF06KE	GUAM-20GB-30D	58.99		01/07/2026 04:07:44 MEST		y	4			11				B0FR9C7MGP						8721438403189				AMAZON_EU	Migrated Template	Active		
Guam eSIM 3GB 15Days	Guam eSIM 3GB 15Days - high speed internet - mobile data 5G compatible	0701HVH3Y9C	GUAM-3GB-15D	17.99		01/07/2026 04:01:10 MEST		y	4			11				B0FR9GVSSF						8721438403141				AMAZON_EU	Migrated Template	Active		
Guam eSIM 5GB 30Days	Guam eSIM 5GB 30Days - high speed internet - mobile data 5G compatible	0701HVE1K6A	GUAM-5GB-30D	19.99		01/07/2026 04:04:38 MEST		y	4			11				B0FR9SVP8Y						8721438403165				AMAZON_EU	Migrated Template	Active		
Guatemala eSIM 3GB 15Days	Guatemala eSIM 3GB 15Days - high speed internet - mobile data 5G compatible	0701HVJQG3P	GUATEMALA-3GB-15D	16.99		01/07/2026 04:11:37 MEST		y	4			11				B0FR9VC6VD						8721438403202				AMAZON_EU	Migrated Template	Active		
Guernsey eSIM 20GB 30Days	Guernsey eSIM 20GB 30Days - high speed internet - mobile data 5G compatible	0701HVHU2HY	GUERNSEY-20GB-30D	47.99		01/07/2026 04:22:07 MEST		y	4			11				B0FR9LYWWY						8721438403257				AMAZON_EU	Migrated Template	Active		
Guernsey eSIM 3GB 15Days	Guernsey eSIM 3GB 15Days - high speed internet - mobile data 5G compatible	0701HVK1B97	GUERNSEY-3GB-15D	14.99		01/07/2026 04:15:42 MEST		y	4			11				B0FR9SMWDN						8721438403226				AMAZON_EU	Migrated Template	Active		
Guernsey eSIM 5GB 30Days	Guernsey eSIM 5GB 30Days - high speed internet - mobile data 5G compatible	0701HVJWRY2	GUERNSEY-5GB-30D	21.99		01/07/2026 04:19:00 MEST		y	4			11				B0FR9C5PXR						8721438403240				AMAZON_EU	Migrated Template	Active		
Guinea eSIM 20GB 30Days	Guinea eSIM 20GB 30Days - high speed internet - mobile data 5G compatible	0630HU7XS9T	GUINEA-20GB-30D	82.99		30/06/2026 17:50:05 MEST		y	4			11				B0H6M7VHYP						8721438409136				AMAZON_EU	Migrated Template	Active		
Guinea eSIM 3GB 15Days	Guinea eSIM 3GB 15Days - high speed internet - mobile data 5G compatible	0630HU9VWYV	GUINEA-3GB-15D	21.99		30/06/2026 17:43:52 MEST		y	4			11				B0H6MGZTF1						8721438409112				AMAZON_EU	Migrated Template	Active		
Guinea eSIM 5GB 30Days	Guinea eSIM 5GB 30Days - high speed internet - mobile data 5G compatible	0630HUAYIQ1	GUINEA-5GB-30D	33.99		30/06/2026 17:47:30 MEST		y	4			11				B0H6MFTVX6						8721438409129				AMAZON_EU	Migrated Template	Active		
Guinea-Bissau eSIM 20GB 30Days	Guinea-Bissau eSIM 20GB 30Days - high speed internet - mobile data 5G compatible	0630HUD18JX	GUINEA-BISSAU-20GB-30D	81.99		30/06/2026 17:59:38 MEST		y	4			11				B0H6MF1JJS						8721438409167				AMAZON_EU	Migrated Template	Active		
Guinea-Bissau eSIM 3GB 15Days	Guinea-Bissau eSIM 3GB 15Days - high speed internet - mobile data 5G compatible	0630HU7XOWO	GUINEA-BISSAU-3GB-15D	21.99		30/06/2026 17:53:04 MEST		y	4			11				B0H6MG6X8D						8721438409143				AMAZON_EU	Migrated Template	Active		
Guinea-Bissau eSIM 5GB 30Days	Guinea-Bissau eSIM 5GB 30Days - high speed internet - mobile data 5G compatible	0630HU80V88	GUINEA-BISSAU-5GB-30D	33.99		30/06/2026 17:56:11 MEST		y	4			11				B0H6MCJ4Y9						8721438409150				AMAZON_EU	Migrated Template	Active		
Guyana eSIM 20GB 30Days	Guyana eSIM 20GB 30Days - high speed internet - mobile data 5G compatible	0630HUE6U6S	GUYANA-20GB-30D	91.99		30/06/2026 18:09:32 MEST		y	4			11				B0H6MD1PB7						8721438409198				AMAZON_EU	Migrated Template	Active		
Guyana eSIM 3GB 15Days	Guyana eSIM 3GB 15Days - high speed internet - mobile data 5G compatible	0630HUB6VG0	GUYANA-3GB-15D	20.99		30/06/2026 18:02:58 MEST		y	4			11				B0H6MCG586						8721438409174				AMAZON_EU	Migrated Template	Active		
Guyana eSIM 5GB 30Days	Guyana eSIM 5GB 30Days - high speed internet - mobile data 5G compatible	0630HU4T71H	GUYANA-5GB-30D	32.99		30/06/2026 18:06:25 MEST		y	4			11				B0H6MB3FHF						8721438409181				AMAZON_EU	Migrated Template	Active		
Haiti eSIM 20GB 30Days	Haiti eSIM 20GB 30Days - high speed internet - mobile data 5G compatible	0630HUASXYL	HAITI-20GB-30D	149.99		30/06/2026 18:19:37 MEST		y	4			11				B0H6MBNF3Y						8721438409228				AMAZON_EU	Migrated Template	Active		
Haiti eSIM 3GB 15Days	Haiti eSIM 3GB 15Days - high speed internet - mobile data 5G compatible	0630HUB7GJ7	HAITI-3GB-15D	29.99		30/06/2026 18:12:52 MEST		y	4			11				B0H6M9YTL4						8721438409204				AMAZON_EU	Migrated Template	Active		
Haiti eSIM 5GB 30Days	Haiti eSIM 5GB 30Days - high speed internet - mobile data 5G compatible	0630HUJVNOP	HAITI-5GB-30D	48.99		30/06/2026 18:16:41 MEST		y	4			11				B0H6MDHPCV						8721438409211				AMAZON_EU	Migrated Template	Active		
Hong Kong eSIM 20GB 30Days		0325HS2WE9N	HK_20_30	16.93		25/03/2026 09:28:48 MET		y	1			11				B0FR9GXZ6F						B0FR9GXZ6F				AMAZON_EU	Migrated Template	Active		
Hong Kong eSIM 3GB 15Days		0325HRU6UK3	HK_3_15	5.57		25/03/2026 09:29:30 MET		y	1			11				B0FR9CC6Q8						B0FR9CC6Q8				AMAZON_EU	Migrated Template	Active		
Hong Kong eSIM 5GB 30Days		0325HRY3P8N	HK_5_30	2.14		25/03/2026 08:45:38 MET		y	1			11				B0FR9GXYYL						B0FR9GXYYL				AMAZON_EU	Migrated Template	Active		
Honduras eSIM 3GB 15Days	Honduras eSIM 3GB 15Days - high speed internet - mobile data 5G compatible	0701HVKZUB8	HONDURAS-3GB-15D	14.99		01/07/2026 04:25:59 MEST		y	4			11				B0FR9ZYV5G						8721438403356				AMAZON_EU	Migrated Template	Active		
Hong Kong eSIM 20GB 30Days	Hong Kong eSIM 20GB 30Days - high speed internet - mobile data 5G compatible	0701HVKZ7RL	HONG-KONG-20GB-30D	15.99		01/07/2026 04:37:41 MEST		y	4			11				B0FR9GXZ6F						8721438403417				AMAZON_EU	Migrated Template	Active		
Hong Kong eSIM 3GB 15Days	Hong Kong eSIM 3GB 15Days - high speed internet - mobile data 5G compatible	0701HVK0BQY	HONG-KONG-3GB-15D	8.99		01/07/2026 04:30:02 MEST		y	4			11				B0FR9CC6Q8						8721438403370				AMAZON_EU	Migrated Template	Active		
Hong Kong eSIM 5GB 30Days	Hong Kong eSIM 5GB 30Days - high speed internet - mobile data 5G compatible	0701HVKMXTF	HONG-KONG-5GB-30D	9.99		01/07/2026 04:34:01 MEST		y	4			11				B0FR9GXYYL						8721438403394				AMAZON_EU	Migrated Template	Active		
Ungarn eSIM 20GB 30Days	Hungary eSIM 20GB 30Days - high speed internet - mobile data 5G compatible	0701HVNNZ7Z	HUNGARY-20GB-30D	15.99		01/07/2026 04:47:16 MEST		y	4			11				B0FR9ZVYYQ						8721438403523				AMAZON_EU	Migrated Template	Active		
Ungarn eSIM 3GB 15Days	Hungary eSIM 3GB 15Days - high speed internet - mobile data 5G compatible	0701HVMWO7E	HUNGARY-3GB-15D	8.99		01/07/2026 04:40:22 MEST		y	4			11				B0FR9C9JVW						8721438403486				AMAZON_EU	Migrated Template	Active		
Ungarn eSIM 5GB 30Days	Hungary eSIM 5GB 30Days - high speed internet - mobile data 5G compatible	0701HVM12SJ	HUNGARY-5GB-30D	9.99		01/07/2026 04:44:10 MEST		y	4			11				B0FR9GY3R5						8721438403509				AMAZON_EU	Migrated Template	Active		
Island eSIM 20GB 30Days	Iceland eSIM 20GB 30Days - high speed internet - mobile data 5G compatible	0701HVX8PQD	ICELAND-20GB-30D	17.99		01/07/2026 04:57:30 MEST		y	4			11				B0FR9GX6LF						8721438403592				AMAZON_EU	Migrated Template	Active		
Island eSIM 3GB 15Days	Iceland eSIM 3GB 15Days - high speed internet - mobile data 5G compatible	0701HVQYS6N	ICELAND-3GB-15D	8.99		01/07/2026 04:50:46 MEST		y	4			11				B0FR9TBBK1						8721438403554				AMAZON_EU	Migrated Template	Active		
Island eSIM 5GB 30Days	Iceland eSIM 5GB 30Days - high speed internet - mobile data 5G compatible	0701HVTX4ZX	ICELAND-5GB-30D	9.99		01/07/2026 04:54:13 MEST		y	4			11				B0FR9ZWQBD						8721438403578				AMAZON_EU	Migrated Template	Active		
Indonesien eSIM 20GB 30Days		0325HRZ2LZD	ID_20_30	15.8		25/03/2026 09:27:58 MET		y	1			11				B0FR9QXRDQ						B0FR9QXRDQ				AMAZON_EU	Migrated Template	Active		
Indonesien eSIM 3GB 15Days		0325HS5U27Q	ID_3_15	5.56		25/03/2026 10:01:45 MET		y	1			11				B0FR9T6QPZ						B0FR9T6QPZ				AMAZON_EU	Migrated Template	Active		
Indonesien eSIM 5GB 30Days		0325HRY9O1A	ID_5_30	3.86		25/03/2026 08:46:18 MET		y	1			11				B0FR8XW5DR						B0FR8XW5DR				AMAZON_EU	Migrated Template	Active		
Irland eSIM 20GB 30Days		0325HRW6OTA	IE_20_30	16.93		25/03/2026 08:45:19 MET		y	1			11				B0FR9SZG2Z						B0FR9SZG2Z				AMAZON_EU	Migrated Template	Active		
Irland eSIM 3GB 15Days		0325HS7UZLQ	IE_3_15	5.56		25/03/2026 09:48:04 MET		y	1			11				B0FR8XV57F						B0FR8XV57F				AMAZON_EU	Migrated Template	Active		
Irland eSIM 5GB 30Days		0325HS86XEA	IE_5_30	4.99		25/03/2026 10:04:17 MET		y	1			11				B0FR9GYKQL						B0FR9GYKQL				AMAZON_EU	Migrated Template	Active		
Indien eSIM 20 GB 30 Tage	India eSIM 20GB 30Days - high speed internet - mobile data 5G compatible	0701HVXUTJS	INDIA-20GB-30D	42.99		01/07/2026 05:08:45 MEST		y	4			11				B0FR9DYMHX						8721438403653				AMAZON_EU	Migrated Template	Active		
Indien eSIM 3 GB 15 Tage	India eSIM 3GB 15Days - high speed internet - mobile data 5G compatible	0701HVR0HEW	INDIA-3GB-15D	14.99		01/07/2026 05:01:01 MEST		y	4			11				B0FR9ZM116						8721438403622				AMAZON_EU	Migrated Template	Active		
Indien eSIM 5GB 30Days	India eSIM 5GB 30Days - high speed internet - mobile data 5G compatible	0701HVQZPNC	INDIA-5GB-30D	15.99		01/07/2026 05:05:04 MEST		y	4			11				B0FR9GXWN9						8721438403639				AMAZON_EU	Migrated Template	Active		
Indonesien eSIM 20GB 30Days	Indonesia eSIM 20GB 30Days - high speed internet - mobile data 5G compatible	0701HW06ANQ	INDONESIA-20GB-30D	15.99		01/07/2026 05:20:23 MEST		y	4			11				B0FR9QXRDQ						8721438403745				AMAZON_EU	Migrated Template	Active		
Indonesien eSIM 3GB 15Days	Indonesia eSIM 3GB 15Days - high speed internet - mobile data 5G compatible	0701HVOGOUD	INDONESIA-3GB-15D	8.99		01/07/2026 05:12:40 MEST		y	4			11				B0FR9T6QPZ						8721438403707				AMAZON_EU	Migrated Template	Active		
Indonesien eSIM 5GB 30Days	Indonesia eSIM 5GB 30Days - high speed internet - mobile data 5G compatible	0701HVNYDWV	INDONESIA-5GB-30D	9.99		01/07/2026 05:16:42 MEST		y	4			11				B0FR8XW5DR						8721438403721				AMAZON_EU	Migrated Template	Active		
Indien eSIM 20 GB 30 Tage		0328H5VQYE3	IN_20_30	39.73		28/03/2026 16:01:28 MET		y	1			11				B0FR9DYMHX						B0FR9DYMHX				AMAZON_EU	Migrated Template	Active		
Indien eSIM 3 GB 15 Tage		0325HRJWGO0	IN_3_15	11.22		25/03/2026 08:31:36 MET		y	1			11				B0FR9ZM116						B0FR9ZM116				AMAZON_EU	Migrated Template	Active		
Indien eSIM 5GB 30Days		0325HRVS8Q9	IN_5_30	15.8		25/03/2026 08:46:51 MET		y	1			11				B0FR9GXWN9						B0FR9GXWN9				AMAZON_EU	Migrated Template	Active		
Irak eSIM 3GB 15Days	Iraq eSIM 3GB 15Days - high speed internet - mobile data 5G compatible	0630HU8BLIN	IRAQ-3GB-15D	10.99		30/06/2026 18:22:39 MEST		y	4			11				B0H6MGX6P7						8721438409235				AMAZON_EU	Migrated Template	Active		
Irland eSIM 20GB 30Days	Ireland eSIM 20GB 30Days - high speed internet - mobile data 5G compatible	0701HVV88YA	IRELAND-20GB-30D	17.99		01/07/2026 05:32:03 MEST		y	4			11				B0FR9SZG2Z						8721438403905				AMAZON_EU	Migrated Template	Active		
Irland eSIM 3GB 15Days	Ireland eSIM 3GB 15Days - high speed internet - mobile data 5G compatible	0701HVR93V0	IRELAND-3GB-15D	8.99		01/07/2026 05:24:18 MEST		y	4			11				B0FR8XV57F						8721438403868				AMAZON_EU	Migrated Template	Active		
Irland eSIM 5GB 30Days	Ireland eSIM 5GB 30Days - high speed internet - mobile data 5G compatible	0701HVOXF3F	IRELAND-5GB-30D	9.99		01/07/2026 05:28:22 MEST		y	4			11				B0FR9GYKQL						8721438403882				AMAZON_EU	Migrated Template	Active		
Isle of Man eSIM 20GB 30Days	Isle of Man eSIM 20GB 30Days - high speed internet - mobile data 5G compatible	0701HVP0DBN	ISLE-OF-MAN-20GB-30D	23.99		01/07/2026 05:43:02 MEST		y	4			11				B0FR9CB5LK						8721438403974				AMAZON_EU	Migrated Template	Active		
Isle of Man eSIM 3GB 15Days	Isle of Man eSIM 3GB 15Days - high speed internet - mobile data 5G compatible	0701HVQUNXF	ISLE-OF-MAN-3GB-15D	9.99		01/07/2026 05:35:47 MEST		y	4			11				B0FR9LZ7RL						8721438403943				AMAZON_EU	Migrated Template	Active		
Isle of Man eSIM 5GB 30Days	Isle of Man eSIM 5GB 30Days - high speed internet - mobile data 5G compatible	0701HW0K7FX	ISLE-OF-MAN-5GB-30D	11.99		01/07/2026 05:39:35 MEST		y	4			11				B0FR9M27XY						8721438403967				AMAZON_EU	Migrated Template	Active		
Israel eSIM 20GB 30Days	Israel eSIM 20GB 30Days - high speed internet - mobile data 5G compatible	0701HW6PU34	ISRAEL-20GB-30D	29.99		01/07/2026 05:53:29 MEST		y	4			11				B0FR9K8SQ1						8721438404032				AMAZON_EU	Migrated Template	Active		
Israel eSIM 3GB 15Days	Israel eSIM 3GB 15Days - high speed internet - mobile data 5G compatible	0701HVVHO09	ISRAEL-3GB-15D	9.99		01/07/2026 05:46:44 MEST		y	4			11				B0FR9M11H1						8721438403998				AMAZON_EU	Migrated Template	Active		
Israel eSIM 5GB 30Days	Israel eSIM 5GB 30Days - high speed internet - mobile data 5G compatible	0701HVVIXJT	ISRAEL-5GB-30D	11.99		01/07/2026 05:50:32 MEST		y	4			11				B0FR8XVZZM						8721438404018				AMAZON_EU	Migrated Template	Active		
Italien eSIM 20GB 30Days	Italy eSIM 20GB 30Days - high speed internet - mobile data 5G compatible	0701HW12047	ITALY-20GB-30D	15.99		01/07/2026 06:05:07 MEST		y	4			11				B0FR9RNZV2						8721438404148				AMAZON_EU	Migrated Template	Active		
Italien eSIM 3GB 15Days	Italy eSIM 3GB 15Days - high speed internet - mobile data 5G compatible	0701HW0H4C5	ITALY-3GB-15D	8.99		01/07/2026 05:57:21 MEST		y	4			11				B0FR9GXZ18						8721438404100				AMAZON_EU	Migrated Template	Active		
Italien eSIM 5GB 30Days	Italy eSIM 5GB 30Days - high speed internet - mobile data 5G compatible	0701HW3S5JC	ITALY-5GB-30D	9.99		01/07/2026 06:01:27 MEST		y	4			11				B0FR9ZR2TH						8721438404124				AMAZON_EU	Migrated Template	Active		
Italien eSIM 20GB 30Days		0325HRX3UIY	IT_20_30	15.8		25/03/2026 09:29:18 MET		y	1			11				B0FR9RNZV2						B0FR9RNZV2				AMAZON_EU	Migrated Template	Active		
Italien eSIM 3GB 15Days		0325HRJZZCL	IT_3_15	5.57		25/03/2026 08:45:39 MET		y	1			11				B0FR9GXZ18						B0FR9GXZ18				AMAZON_EU	Migrated Template	Active		
Italien eSIM 5GB 30Days		0325HSDJR6S	IT_5_30	3.86		25/03/2026 10:03:06 MET		y	1			11				B0FR9ZR2TH						B0FR9ZR2TH				AMAZON_EU	Migrated Template	Active		
Jamaica eSIM 20GB 30Days	Jamaica eSIM 20GB 30Days - high speed internet - mobile data 5G compatible	0630HUHNT18	JAMAICA-20GB-30D	87.99		30/06/2026 18:38:45 MEST		y	4			11				B0H6MF52ZZ						8721438409280				AMAZON_EU	Migrated Template	Active		
Jamaica eSIM 3GB 15Days	Jamaica eSIM 3GB 15Days - high speed internet - mobile data 5G compatible	0630HU8HJNK	JAMAICA-3GB-15D	24.99		30/06/2026 18:32:12 MEST		y	4			11				B0H6MF3PNQ						8721438409266				AMAZON_EU	Migrated Template	Active		
Jamaica eSIM 5GB 30Days	Jamaica eSIM 5GB 30Days - high speed internet - mobile data 5G compatible	0630HU53F8W	JAMAICA-5GB-30D	31.99		30/06/2026 18:35:39 MEST		y	4			11				B0H6MJQCMF						8721438409273				AMAZON_EU	Migrated Template	Active		
Japan eSIM 20 GB 30 Tage	Japan eSIM 20GB 30Days - high speed internet - mobile data 5G compatible	0701HVYCACX	JAPAN-20GB-30D	15.99		01/07/2026 06:16:43 MEST		y	4			11				B0FR9RZKRB						8721438404254				AMAZON_EU	Migrated Template	Active		
Japan eSIM 3 GB 15 Tage	Japan eSIM 3GB 15Days - high speed internet - mobile data 5G compatible	0701HVYQ9ZE	JAPAN-3GB-15D	8.99		01/07/2026 06:09:01 MEST		y	4			11				B0FR9LVZVQ						8721438404216				AMAZON_EU	Migrated Template	Active		
Japan eSIM 5 GB 30 Tage	Japan eSIM 5GB 30Days - high speed internet - mobile data 5G compatible	0701HW0I887	JAPAN-5GB-30D	9.99		01/07/2026 06:13:03 MEST		y	4			11				B0FR9TLXXH						8721438404230				AMAZON_EU	Migrated Template	Active		
Jersey eSIM 20GB 30Days	Jersey eSIM 20GB 30Days - high speed internet - mobile data 5G compatible	0701HW4XU92	JERSEY-20GB-30D	15.99		01/07/2026 06:27:33 MEST		y	4			11				B0FR9CBQDH						8721438404377				AMAZON_EU	Migrated Template	Active		
Jersey eSIM 3GB 15Days	Jersey eSIM 3GB 15Days - high speed internet - mobile data 5G compatible	0701HVZ2OIJ	JERSEY-3GB-15D	8.99		01/07/2026 06:20:17 MEST		y	4			11				B0FR9GYMR5						8721438404346				AMAZON_EU	Migrated Template	Active		
Jersey eSIM 5GB 30Days	Jersey eSIM 5GB 30Days - high speed internet - mobile data 5G compatible	0701HW1K957	JERSEY-5GB-30D	9.99		01/07/2026 06:24:05 MEST		y	4			11				B0FR9M27GP						8721438404360				AMAZON_EU	Migrated Template	Active		
Jordan eSIM 20GB 30Days	Jordan eSIM 20GB 30Days - high speed internet - mobile data 5G compatible	0701HW1K2D9	JORDAN-20GB-30D	43.99		01/07/2026 06:38:20 MEST		y	4			11				B0FR9ST188						8721438404438				AMAZON_EU	Migrated Template	Active		
Jordan eSIM 3GB 15Days	Jordan eSIM 3GB 15Days - high speed internet - mobile data 5G compatible	0701HVVWTOF	JORDAN-3GB-15D	14.99		01/07/2026 06:30:54 MEST		y	4			11				B0FR9M144Z						8721438404391				AMAZON_EU	Migrated Template	Active		
Jordan eSIM 5GB 30Days	Jordan eSIM 5GB 30Days - high speed internet - mobile data 5G compatible	0701HVVMNTY	JORDAN-5GB-30D	14.99		01/07/2026 06:34:43 MEST		y	4			11				B0FR9ZTZNK						8721438404414				AMAZON_EU	Migrated Template	Active		
Japan eSIM 20 GB 30 Tage		0325HS08GYK	JP_20_30	15.83		25/03/2026 09:17:16 MET		y	1			11				B0FR9RZKRB						B0FR9RZKRB				AMAZON_EU	Migrated Template	Active		
Japan eSIM 3 GB 15 Tage		0325HRUFZ2X	JP_3_15	5.57		25/03/2026 08:45:15 MET		y	1			11				B0FR9LVZVQ						B0FR9LVZVQ				AMAZON_EU	Migrated Template	Active		
Japan eSIM 5 GB 30 Tage		0325HRYSLKP	JP_5_30	3.86		25/03/2026 09:22:41 MET		y	1			11				B0FR9TLXXH						B0FR9TLXXH				AMAZON_EU	Migrated Template	Active		
Kasachstan eSIM 20GB 30Days	Kazakhstan eSIM 20GB 30Days - high speed internet - mobile data 5G compatible	0701HW4FEUF	KAZAKHSTAN-20GB-30D	21.99		01/07/2026 06:47:54 MEST		y	4			11				B0FR9TLNNW						8721438404483				AMAZON_EU	Migrated Template	Active		
Kasachstan eSIM 3GB 15Days	Kazakhstan eSIM 3GB 15Days - high speed internet - mobile data 5G compatible	0701HVQ5PHV	KAZAKHSTAN-3GB-15D	8.99		01/07/2026 06:41:20 MEST		y	4			11				B0FR9T4DG2						8721438404452				AMAZON_EU	Migrated Template	Active		
Kasachstan eSIM 5GB 30Days	Kazakhstan eSIM 5GB 30Days - high speed internet - mobile data 5G compatible	0701HW234GZ	KAZAKHSTAN-5GB-30D	9.99		01/07/2026 06:44:48 MEST		y	4			11				B0FR9ZMMSH						8721438404469				AMAZON_EU	Migrated Template	Active		
Kenia eSIM 3GB 15Days	Kenya eSIM 3GB 15Days - high speed internet - mobile data 5G compatible	0701HW1BM4I	KENYA-3GB-15D	14.99		01/07/2026 06:51:36 MEST		y	4			11				B0FR9GZ14G						8721438404506				AMAZON_EU	Migrated Template	Active		
Kenia eSIM 5GB 30Days	Kenya eSIM 5GB 30Days - high speed internet - mobile data 5G compatible	0701HW174FW	KENYA-5GB-30D	15.99		01/07/2026 06:55:38 MEST		y	4			11				B0FR9T4DG6						8721438404513				AMAZON_EU	Migrated Template	Active		
Kenia eSIM 3GB 15Days		0325HSAPWTE	KE_3_15	24.93		25/03/2026 10:02:20 MET		y	1			11				B0FR9GZ14G						B0FR9GZ14G				AMAZON_EU	Migrated Template	Active		
Kenia eSIM 5GB 30Days		0325HSCEFPZ	KE_5_30	34.05		25/03/2026 11:27:13 MET		y	1			11				B0FR9T4DG6						B0FR9T4DG6				AMAZON_EU	Migrated Template	Active		
Kuwait eSIM 20GB 30Days	Kuwait eSIM 20GB 30Days - high speed internet - mobile data 5G compatible	0701HVQKLCY	KUWAIT-20GB-30D	29.99		01/07/2026 07:06:05 MEST		y	4			11				B0FR9KBF4P						8721438404599				AMAZON_EU	Migrated Template	Active		
Kuwait eSIM 3GB 15Days	Kuwait eSIM 3GB 15Days - high speed internet - mobile data 5G compatible	0701HVWCUWF	KUWAIT-3GB-15D	10.99		01/07/2026 06:59:11 MEST		y	4			11				B0FR9LZJ3X						8721438404568				AMAZON_EU	Migrated Template	Active		
Kuwait eSIM 5GB 30Days	Kuwait eSIM 5GB 30Days - high speed internet - mobile data 5G compatible	0701HW23KQ6	KUWAIT-5GB-30D	16.99		01/07/2026 07:02:49 MEST		y	4			11				B0FR9M2TXP						8721438404582				AMAZON_EU	Migrated Template	Active		
Kyrgyzstan eSIM 20GB 30Days	Kyrgyzstan eSIM 20GB 30Days - high speed internet - mobile data 5G compatible	0701HW1XCW5	KYRGYZSTAN-20GB-30D	19.99		01/07/2026 07:12:43 MEST		y	4			11				B0FR8XXBHM						8721438404629				AMAZON_EU	Migrated Template	Active		
Kyrgyzstan eSIM 3GB 15Days	Kyrgyzstan eSIM 3GB 15Days - high speed internet - mobile data 5G compatible	0701HVQI2E7	KYRGYZSTAN-3GB-15D	8.99		01/07/2026 07:09:25 MEST		y	4			11				B0FR9TVF4R						8721438404612				AMAZON_EU	Migrated Template	Active		
Laos eSIM 20GB 30Days	Laos eSIM 20GB 30Days - high speed internet - mobile data 5G compatible	0630HUJ4N0U	LAOS-20GB-30D	34.99		30/06/2026 18:47:38 MEST		y	4			11				B0H6MBWGX1						8721438409310				AMAZON_EU	Migrated Template	Active		
Laos eSIM 3GB 15Days	Laos eSIM 3GB 15Days - high speed internet - mobile data 5G compatible	0630HUHC09R	LAOS-3GB-15D	10.99		30/06/2026 18:41:24 MEST		y	4			11				B0H6M96WPB						8721438409297				AMAZON_EU	Migrated Template	Active		
Laos eSIM 5GB 30Days	Laos eSIM 5GB 30Days - high speed internet - mobile data 5G compatible	0630HUBKW1G	LAOS-5GB-30D	16.99		30/06/2026 18:44:52 MEST		y	4			11				B0H6MBJN5B						8721438409303				AMAZON_EU	Migrated Template	Active		
Lettland eSIM 20GB 30Days	Latvia eSIM 20GB 30Days - high speed internet - mobile data 5G compatible	0701HW54720	LATVIA-20GB-30D	15.99		01/07/2026 07:22:50 MEST		y	4			11				B0FR9SWN6V						8721438404681				AMAZON_EU	Migrated Template	Active		
Lettland eSIM 3GB 15Days	Latvia eSIM 3GB 15Days - high speed internet - mobile data 5G compatible	0701HW7P8LH	LATVIA-3GB-15D	8.99		01/07/2026 07:16:16 MEST		y	4			11				B0FR9VM4K6						8721438404643				AMAZON_EU	Migrated Template	Active		
Lettland eSIM 5GB 30Days	Latvia eSIM 5GB 30Days - high speed internet - mobile data 5G compatible	0701HVWK9CO	LATVIA-5GB-30D	9.99		01/07/2026 07:19:33 MEST		y	4			11				B0FR9TR99S						8721438404667				AMAZON_EU	Migrated Template	Active		
Liberia eSIM 3GB 15Days	Liberia eSIM 3GB 15Days - high speed internet - mobile data 5G compatible	0701HXMKFLF	LIBERIA-3GB-15D	21.99		01/07/2026 13:19:09 MEST		y	4			11				B0FR9H18JQ						8721438404711				AMAZON_EU	Migrated Template	Active		
Liberia eSIM 5GB 30Days	Liberia eSIM 5GB 30Days - high speed internet - mobile data 5G compatible	0701HW0J2SC	LIBERIA-5GB-30D	33.99		01/07/2026 07:29:19 MEST		y	4			11				B0FR9SJ1YH						8721438404728				AMAZON_EU	Migrated Template	Active		
Libyen eSIM 20GB 30Days	Libya eSIM 20GB 30Days - high speed internet - mobile data 5G compatible	0630HUKIXXI	LIBYA-20GB-30D	125.99		30/06/2026 18:56:52 MEST		y	4			11				B0H6MFWD2Y						8721438409341				AMAZON_EU	Migrated Template	Active		
Libyen eSIM 3GB 15Days	Libya eSIM 3GB 15Days - high speed internet - mobile data 5G compatible	0630HUHRWUS	LIBYA-3GB-15D	33.99		30/06/2026 18:50:39 MEST		y	4			11				B0H6MBYGXZ						8721438409327				AMAZON_EU	Migrated Template	Active		
Libyen eSIM 5GB 30Days	Libya eSIM 5GB 30Days - high speed internet - mobile data 5G compatible	0630HUHQ1ZF	LIBYA-5GB-30D	44.99		30/06/2026 18:53:57 MEST		y	4			11				B0H6M5PVSB						8721438409334				AMAZON_EU	Migrated Template	Active		
Liechtenstein eSIM 3GB 15Days	Liechtenstein eSIM 3GB 15Days - high speed internet - mobile data 5G compatible	0701HVZW0QZ	LIECHTENSTEIN-3GB-15D	8.99		01/07/2026 07:32:29 MEST		y	4			11				B0FR9S35ZH						8721438404742				AMAZON_EU	Migrated Template	Active		
Litauen eSIM 20GB 30Days	Lithuania eSIM 20GB 30Days - high speed internet - mobile data 5G compatible	0701HWA1EBS	LITHUANIA-20GB-30D	17.99		01/07/2026 07:43:46 MEST		y	4			11				B0FR9TQN8N						8721438404810				AMAZON_EU	Migrated Template	Active		
Litauen eSIM 3GB 15Days	Lithuania eSIM 3GB 15Days - high speed internet - mobile data 5G compatible	0701HW7A3NG	LITHUANIA-3GB-15D	8.99		01/07/2026 07:36:31 MEST		y	4			11				B0FR9KS3P4						8721438404773				AMAZON_EU	Migrated Template	Active		
Litauen eSIM 5GB 30Days	Lithuania eSIM 5GB 30Days - high speed internet - mobile data 5G compatible	0701HVTSX3Z	LITHUANIA-5GB-30D	9.99		01/07/2026 07:40:19 MEST		y	4			11				B0FR9R598C						8721438404797				AMAZON_EU	Migrated Template	Active		
Luxemburg eSIM 20GB 30Days	Luxembourg eSIM 20GB 30Days - high speed internet - mobile data 5G compatible	0701HW3MX2T	LUXEMBOURG-20GB-30D	17.99		01/07/2026 07:54:14 MEST		y	4			11				B0FR8XXXZB						8721438404889				AMAZON_EU	Migrated Template	Active		
Luxemburg eSIM 3GB 15Days	Luxembourg eSIM 3GB 15Days - high speed internet - mobile data 5G compatible	0701HW7A2BU	LUXEMBOURG-3GB-15D	8.99		01/07/2026 07:47:39 MEST		y	4			11				B0FR9SHRKM						8721438404841				AMAZON_EU	Migrated Template	Active		
Luxemburg eSIM 5GB 30Days	Luxembourg eSIM 5GB 30Days - high speed internet - mobile data 5G compatible	0701HW7GSD4	LUXEMBOURG-5GB-30D	9.99		01/07/2026 07:50:58 MEST		y	4			11				B0FR9SB862						8721438404865				AMAZON_EU	Migrated Template	Active		
Macao eSIM 20GB 30Days	Macao eSIM 20GB 30Days - high speed internet - mobile data 5G compatible	0701HW64L2P	MACAO-20GB-30D	15.99		01/07/2026 08:03:49 MEST		y	4			11				B0FR9CDBN2						8721438404957				AMAZON_EU	Migrated Template	Active		
Macao eSIM 3GB 15Days	Macao eSIM 3GB 15Days - high speed internet - mobile data 5G compatible	0701HWAEAKH	MACAO-3GB-15D	8.99		01/07/2026 07:57:24 MEST		y	4			11				B0FR9M485M						8721438404919				AMAZON_EU	Migrated Template	Active		
Macao eSIM 5GB 30Days	Macao eSIM 5GB 30Days - high speed internet - mobile data 5G compatible	0701HWBJY3T	MACAO-5GB-30D	9.99		01/07/2026 08:00:31 MEST		y	4			11				B0FR9L9624						8721438404933				AMAZON_EU	Migrated Template	Active		
Madagascar eSIM 3GB 15Days	Madagascar eSIM 3GB 15Days - high speed internet - mobile data 5G compatible	0701HW6CNBA	MADAGASCAR-3GB-15D	25.99		01/07/2026 08:07:09 MEST		y	4			11				B0FR9H2NS1						8721438404988				AMAZON_EU	Migrated Template	Active		
Malawi eSIM 3GB 15Days	Malawi eSIM 3GB 15Days - high speed internet - mobile data 5G compatible	0701HW95JX3	MALAWI-3GB-15D	17.99		01/07/2026 08:10:41 MEST		y	4			11				B0FR9H3JDK						8721438405008				AMAZON_EU	Migrated Template	Active		
Malawi eSIM 5GB 30Days	Malawi eSIM 5GB 30Days - high speed internet - mobile data 5G compatible	0701HW93POT	MALAWI-5GB-30D	28.99		01/07/2026 08:13:58 MEST		y	4			11				B0FR9GXY24						8721438405015				AMAZON_EU	Migrated Template	Active		
Malaysia eSIM 20GB 30Days	Malaysia eSIM 20GB 30Days - high speed internet - mobile data 5G compatible	0701HW9JH5P	MALAYSIA-20GB-30D	15.99		01/07/2026 08:25:33 MEST		y	4			11				B0FR9VMWYD						8721438405060				AMAZON_EU	Migrated Template	Active		
Malaysia eSIM 3GB 15Days	Malaysia eSIM 3GB 15Days - high speed internet - mobile data 5G compatible	0701HW62QFF	MALAYSIA-3GB-15D	8.99		01/07/2026 08:17:50 MEST		y	4			11				B0FR9H1Q65						8721438405039				AMAZON_EU	Migrated Template	Active		
Malaysia eSIM 5GB 30Days	Malaysia eSIM 5GB 30Days - high speed internet - mobile data 5G compatible	0701HWCZLEO	MALAYSIA-5GB-30D	9.99		01/07/2026 08:21:51 MEST		y	4			11				B0FR9LDGX8						8721438405046				AMAZON_EU	Migrated Template	Active		
Malediven eSIM 20GB 30Days	Maldives eSIM 20GB 30Days - high speed internet - mobile data 5G compatible	0630HUBQWMK	MALDIVES-20GB-30D	117.99		30/06/2026 19:06:16 MEST		y	4			11				B0H6MM5SCJ						8721438409372				AMAZON_EU	Migrated Template	Active		
Malediven eSIM 3GB 15Days	Maldives eSIM 3GB 15Days - high speed internet - mobile data 5G compatible	0630HUBMLJW	MALDIVES-3GB-15D	33.99		30/06/2026 19:00:02 MEST		y	4			11				B0H6MD6Y71						8721438409358				AMAZON_EU	Migrated Template	Active		
Malediven eSIM 5GB 30Days	Maldives eSIM 5GB 30Days - high speed internet - mobile data 5G compatible	0630HU5GRBM	MALDIVES-5GB-30D	44.99		30/06/2026 19:03:19 MEST		y	4			11				B0H6MJQZ8Y						8721438409365				AMAZON_EU	Migrated Template	Active		
Mali eSIM 3GB 15Days	Mali eSIM 3GB 15Days - high speed internet - mobile data 5G compatible	0701HWDIO3D	MALI-3GB-15D	21.99		01/07/2026 08:29:16 MEST		y	4			11				B0FR9TRDSY						8721438405121				AMAZON_EU	Migrated Template	Active		
Malta eSIM 20GB 30Days	Malta eSIM 20GB 30Days - high speed internet - mobile data 5G compatible	0701HWC1XSM	MALTA-20GB-30D	15.99		01/07/2026 08:40:23 MEST		y	4			11				B0FR9VL1Q9						8721438405183				AMAZON_EU	Migrated Template	Active		
Malta eSIM 3GB 15Days	Malta eSIM 3GB 15Days - high speed internet - mobile data 5G compatible	0701HWDEM0L	MALTA-3GB-15D	8.99		01/07/2026 08:33:18 MEST		y	4			11				B0FR9M3PNR						8721438405145				AMAZON_EU	Migrated Template	Active		
Malta eSIM 5GB 30Days	Malta eSIM 5GB 30Days - high speed internet - mobile data 5G compatible	0701HWAY5ZG	MALTA-5GB-30D	9.99		01/07/2026 08:37:06 MEST		y	4			11				B0FR9ZSMTC						8721438405169				AMAZON_EU	Migrated Template	Active		
Martinique eSIM 20GB 30Days	Martinique eSIM 20GB 30Days - high speed internet - mobile data 5G compatible	0630HU8T08Q	MARTINIQUE-20GB-30D	16.99		30/06/2026 19:15:50 MEST		y	4			11				B0H6MH94KV						8721438409402				AMAZON_EU	Migrated Template	Active		
Martinique eSIM 3GB 15Days	Martinique eSIM 3GB 15Days - high speed internet - mobile data 5G compatible	0630HUBS26Q	MARTINIQUE-3GB-15D	8.99		30/06/2026 19:09:47 MEST		y	4			11				B0H6M7SBFQ						8721438409389				AMAZON_EU	Migrated Template	Active		
Martinique eSIM 5GB 30Days	Martinique eSIM 5GB 30Days - high speed internet - mobile data 5G compatible	0630HUNIP1E	MARTINIQUE-5GB-30D	9.99		30/06/2026 19:13:04 MEST		y	4			11				B0H6MKCD1X						8721438409396				AMAZON_EU	Migrated Template	Active		
Mauritius eSIM 3GB 15Days	Mauritius eSIM 3GB 15Days - high speed internet - mobile data 5G compatible	0701HYCTCSW	MAURITIUS-3GB-15D	16.99		01/07/2026 16:20:14 MEST		y	4			11				B0H2FYRLRC						8721438408382				AMAZON_EU	Migrated Template	Active		
Mauritius eSIM 5GB 30Days	Mauritius eSIM 5GB 30Days - high speed internet - mobile data 5G compatible	0701HYFHJBQ	MAURITIUS-5GB-30D	17.99		01/07/2026 16:24:15 MEST		y	4			11				B0H2G2XMS3						8721438408399				AMAZON_EU	Migrated Template	Active		
Mayotte eSIM 20GB 30Days	Mayotte eSIM 20GB 30Days - high speed internet - mobile data 5G compatible	0630HU5TL4L	MAYOTTE-20GB-30D	16.99		30/06/2026 19:25:46 MEST		y	4			11				B0H6M5L8MC						8721438409433				AMAZON_EU	Migrated Template	Active		
Mayotte eSIM 3GB 15Days	Mayotte eSIM 3GB 15Days - high speed internet - mobile data 5G compatible	0630HUBVDGU	MAYOTTE-3GB-15D	8.99		30/06/2026 19:19:11 MEST		y	4			11				B0H6MFWP88						8721438409419				AMAZON_EU	Migrated Template	Active		
Mayotte eSIM 5GB 30Days	Mayotte eSIM 5GB 30Days - high speed internet - mobile data 5G compatible	0630HUBV9S6	MAYOTTE-5GB-30D	9.99		30/06/2026 19:22:18 MEST		y	4			11				B0H6MD9C4Y						8721438409426				AMAZON_EU	Migrated Template	Active		
Marokko eSIM 20GB 30Days		0325HRWB50A	MA_20_30	28.35		25/03/2026 08:45:17 MET		y	1			11				B0FR9M57DY						B0FR9M57DY				AMAZON_EU	Migrated Template	Active		
Marokko eSIM 3GB 15Days		0325HS1ZLUB	MA_3_15	7.83		25/03/2026 10:04:22 MET		y	1			11				B0FR9CFZQR						B0FR9CFZQR				AMAZON_EU	Migrated Template	Active		
Marokko eSIM 5GB 30Days		0325HS07BCS	MA_5_30	8.41		25/03/2026 08:45:26 MET		y	1			11				B0FR9CDDQ8						B0FR9CDDQ8				AMAZON_EU	Migrated Template	Active		
Mexiko eSIM 20GB 30Days	Mexico eSIM 20GB 30Days - high speed internet - mobile data 5G compatible	0701HWMA9K5	MEXICO-20GB-30D	35.99		01/07/2026 08:51:32 MEST		y	4			11				B0FR9VDSJX						8721438405244				AMAZON_EU	Migrated Template	Active		
Mexiko eSIM 3GB 15Days	Mexico eSIM 3GB 15Days - high speed internet - mobile data 5G compatible	0701HWEKDDN	MEXICO-3GB-15D	11.99		01/07/2026 08:44:06 MEST		y	4			11				B0FR9SZSTG						8721438405220				AMAZON_EU	Migrated Template	Active		
Mexiko eSIM 5GB 30Days	Mexico eSIM 5GB 30Days - high speed internet - mobile data 5G compatible	0701HWDXE3L	MEXICO-5GB-30D	14.99		01/07/2026 08:48:05 MEST		y	4			11				B0FR9H2K1C						8721438405237				AMAZON_EU	Migrated Template	Active		
Middle East eSIM 5GB 30Days	Middle East eSIM 5GB 30Days - high speed internet - mobile data 5G compatible	0701HWDRCA3	MIDDLE-EAST-5GB-30D	36.99		01/07/2026 08:54:52 MEST		y	4			11				B0FR9SYKP6						8721438405275				AMAZON_EU	Migrated Template	Active		
Moldawien eSIM 3GB 15Days	Moldova eSIM 3GB 15Days - high speed internet - mobile data 5G compatible	0701HWF9CBZ	MOLDOVA-3GB-15D	8.99		01/07/2026 08:58:44 MEST		y	4			11				B0FR9CFQYY						8721438405299				AMAZON_EU	Migrated Template	Active		
Monaco eSIM 3GB 15Days	Monaco eSIM 3GB 15Days - high speed internet - mobile data 5G compatible	0701HWPBJ5F	MONACO-3GB-15D	63.99		01/07/2026 09:02:36 MEST		y	4			11				B0FR9ZS6GM						8721438405312				AMAZON_EU	Migrated Template	Active		
Monaco eSIM 5GB 30Days	Monaco eSIM 5GB 30Days - high speed internet - mobile data 5G compatible	0701HWJPYQY	MONACO-5GB-30D	85.99		01/07/2026 09:06:24 MEST		y	4			11				B0FR9H1H4M						8721438405329				AMAZON_EU	Migrated Template	Active		
Mongolei eSIM 3GB 15Days	Mongolia eSIM 3GB 15Days - high speed internet - mobile data 5G compatible	0701HWN0LRR	MONGOLIA-3GB-15D	16.99		01/07/2026 09:09:54 MEST		y	4			11				B0FR9LSYTX						8721438405343				AMAZON_EU	Migrated Template	Active		
Montenegro eSIM 3GB 15Days	Montenegro eSIM 3GB 15Days - high speed internet - mobile data 5G compatible	0701HWK113E	MONTENEGRO-3GB-15D	8.99		01/07/2026 09:12:50 MEST		y	4			11				B0FR9R5HR7						8721438405367				AMAZON_EU	Migrated Template	Active		
Montserrat eSIM 20GB 30Days	Montserrat eSIM 20GB 30Days - high speed internet - mobile data 5G compatible	0630HUC0MG0	MONTSERRAT-20GB-30D	94.99		30/06/2026 19:35:32 MEST		y	4			11				B0H6MG87HK						8721438409464				AMAZON_EU	Migrated Template	Active		
Montserrat eSIM 3GB 15Days	Montserrat eSIM 3GB 15Days - high speed internet - mobile data 5G compatible	0630HUBXXFE	MONTSERRAT-3GB-15D	25.99		30/06/2026 19:29:06 MEST		y	4			11				B0H6MDJ2ZR						8721438409440				AMAZON_EU	Migrated Template	Active		
Montserrat eSIM 5GB 30Days	Montserrat eSIM 5GB 30Days - high speed internet - mobile data 5G compatible	0630HUKDCQT	MONTSERRAT-5GB-30D	33.99		30/06/2026 19:32:13 MEST		y	4			11				B0H6MGQ1Y4						8721438409457				AMAZON_EU	Migrated Template	Active		
Marokko eSIM 20GB 30Days	Morocco eSIM 20GB 30Days - high speed internet - mobile data 5G compatible	0701HWGBW7Y	MOROCCO-20GB-30D	26.99		01/07/2026 09:25:31 MEST		y	4			11				B0FR9M57DY						8721438405428				AMAZON_EU	Migrated Template	Active		
Marokko eSIM 3GB 15Days	Morocco eSIM 3GB 15Days - high speed internet - mobile data 5G compatible	0701HWM6JQB	MOROCCO-3GB-15D	9.99		01/07/2026 09:17:48 MEST		y	4			11				B0FR9CFZQR						8721438405381				AMAZON_EU	Migrated Template	Active		
Marokko eSIM 5GB 30Days	Morocco eSIM 5GB 30Days - high speed internet - mobile data 5G compatible	0701HWH0652	MOROCCO-5GB-30D	14.99		01/07/2026 09:21:50 MEST		y	4			11				B0FR9CDDQ8						8721438405404				AMAZON_EU	Migrated Template	Active		
Mosambik eSIM 20GB 30Days	Mozambique eSIM 20GB 30Days - high speed internet - mobile data 5G compatible	0701HWNGZ71	MOZAMBIQUE-20GB-30D	75.99		01/07/2026 09:33:24 MEST		y	4			11				B0FR9CFLS7						8721438405480				AMAZON_EU	Migrated Template	Active		
Mosambik eSIM 3GB 15Days	Mozambique eSIM 3GB 15Days - high speed internet - mobile data 5G compatible	0701HWT4QU8	MOZAMBIQUE-3GB-15D	19.99		01/07/2026 09:29:25 MEST		y	4			11				B0FRB1M6HK						8721438405473				AMAZON_EU	Migrated Template	Active		
Malaysia eSIM 20GB 30Days		0325HRJYP40	MY_20_30	15.8		25/03/2026 08:46:01 MET		y	1			11				B0FR9VMWYD						B0FR9VMWYD				AMAZON_EU	Migrated Template	Active		
Malaysia eSIM 3GB 15Days		0325HSDL8GI	MY_3_15	5.56		25/03/2026 10:02:25 MET		y	1			11				B0FR9H1Q65						B0FR9H1Q65				AMAZON_EU	Migrated Template	Active		
Malaysia eSIM 5GB 30Days		0325HS7TJIV	MY_5_30	7.83		25/03/2026 10:03:19 MET		y	1			11				B0FR9LDGX8						B0FR9LDGX8				AMAZON_EU	Migrated Template	Active		
Nepal eSIM 3GB 15Days	Nepal eSIM 3GB 15Days - high speed internet - mobile data 5G compatible	0701HWKI3ZO	NEPAL-3GB-15D	14.99		01/07/2026 09:36:55 MEST		y	4			11				B0FRB1TD7L						8721438405503				AMAZON_EU	Migrated Template	Active		
Niederlande eSIM 20GB 30Days	Netherlands eSIM 20GB 30Days - high speed internet - mobile data 5G compatible	0701HWHE0DB	NETHERLANDS-20GB-30D	16.99		01/07/2026 09:48:48 MEST		y	4			11				B0FR9NG7LB						8721438405565				AMAZON_EU	Migrated Template	Active		
Niederlande eSIM 3GB 15Days	Netherlands eSIM 3GB 15Days - high speed internet - mobile data 5G compatible	0701HWMVFHC	NETHERLANDS-3GB-15D	8.99		01/07/2026 09:41:08 MEST		y	4			11				B0FRB5GNM2						8721438405527				AMAZON_EU	Migrated Template	Active		
Niederlande eSIM 5GB 30Days	Netherlands eSIM 5GB 30Days - high speed internet - mobile data 5G compatible	0701HWNNX2H	NETHERLANDS-5GB-30D	9.99		01/07/2026 09:45:08 MEST		y	4			11				B0FR9NHP7Q						8721438405541				AMAZON_EU	Migrated Template	Active		
Neuseeland eSIM 20GB 30Days	New Zealand eSIM 20GB 30Days - high speed internet - mobile data 5G compatible	0701HWQW7IF	NEW-ZEALAND-20GB-30D	24.99		01/07/2026 09:59:06 MEST		y	4			11				B0FRB1TWT8						8721438405626				AMAZON_EU	Migrated Template	Active		
Neuseeland eSIM 3GB 15Days	New Zealand eSIM 3GB 15Days - high speed internet - mobile data 5G compatible	0701HWWV0BJ	NEW-ZEALAND-3GB-15D	9.99		01/07/2026 09:52:21 MEST		y	4			11				B0FR9NKXF5						8721438405596				AMAZON_EU	Migrated Template	Active		
Neuseeland eSIM 5GB 30Days	New Zealand eSIM 5GB 30Days - high speed internet - mobile data 5G compatible	0701HWNRQTV	NEW-ZEALAND-5GB-30D	11.99		01/07/2026 09:55:50 MEST		y	4			11				B0FR9NHFWQ						8721438405602				AMAZON_EU	Migrated Template	Active		
Nicaragua eSIM 3GB 15Days	Nicaragua eSIM 3GB 15Days - high speed internet - mobile data 5G compatible	0701HWVSL3Z	NICARAGUA-3GB-15D	14.99		01/07/2026 10:02:27 MEST		y	4			11				B0FRB33MPG						8721438405695				AMAZON_EU	Migrated Template	Active		
Niger eSIM 3GB 15Days	Niger eSIM 3GB 15Days - high speed internet - mobile data 5G compatible	0701HWR1E6M	NIGER-3GB-15D	17.99		01/07/2026 10:06:40 MEST		y	4			11				B0FR9NPT1H						8721438405718				AMAZON_EU	Migrated Template	Active		
Nigeria eSIM 3GB 15Days	Nigeria eSIM 3GB 15Days - high speed internet - mobile data 5G compatible	0701HWL0ISO	NIGERIA-3GB-15D	14.99		01/07/2026 10:10:55 MEST		y	4			11				B0FR9X17QY						8721438405732				AMAZON_EU	Migrated Template	Active		
Niederlande eSIM 20GB 30Days		0325HSFTHHL	NL_20_30	19.79		25/03/2026 10:56:53 MET		y	1			11				B0FR9NG7LB						B0FR9NG7LB				AMAZON_EU	Migrated Template	Active		
Niederlande eSIM 3GB 15Days		0325HRRMF0M	NL_3_15	5.56		25/03/2026 08:45:15 MET		y	1			11				B0FRB5GNM2						B0FRB5GNM2				AMAZON_EU	Migrated Template	Active		
Niederlande eSIM 5GB 30Days		0325HRMN3VJ	NL_5_30	4.99		25/03/2026 08:46:23 MET		y	1			11				B0FR9NHP7Q						B0FR9NHP7Q				AMAZON_EU	Migrated Template	Active		
Nordamerika eSIM 5GB 30Days	North America eSIM 5GB 30Days - high speed internet - mobile data 5G compatible	0701HWYX0EG	NORTH-AMERICA-5GB-30D	16.99		01/07/2026 10:15:09 MEST		y	4			11				B0FRBDQ8H5						8721438405794				AMAZON_EU	Migrated Template	Active		
Nordmazedonien eSIM 3GB 15Days	North Macedonia eSIM 3GB 15Days - high speed internet - mobile data 5G compatible	0701HWNVLOA	NORTH-MACEDONIA-3GB-15D	9.99		01/07/2026 10:19:23 MEST		y	4			11				B0FRB59DJS						8721438405862				AMAZON_EU	Migrated Template	Active		
Nordmazedonien eSIM 5GB 30Days	North Macedonia eSIM 5GB 30Days - high speed internet - mobile data 5G compatible	0701HWUBUJN	NORTH-MACEDONIA-5GB-30D	14.99		01/07/2026 10:23:23 MEST		y	4			11				B0FR9WNHHX						8721438405879				AMAZON_EU	Migrated Template	Active		
Norwegen eSIM 3GB 15Days	Norway eSIM 3GB 15Days - high speed internet - mobile data 5G compatible	0701HWIL1W2	NORWAY-3GB-15D	8.99		01/07/2026 10:27:17 MEST		y	4			11				B0FR9WNK2H						8721438405893				AMAZON_EU	Migrated Template	Active		
Norwegen eSIM 5GB 30Days	Norway eSIM 5GB 30Days - high speed internet - mobile data 5G compatible	0701HWZZ8MV	NORWAY-5GB-30D	9.99		01/07/2026 10:31:19 MEST		y	4			11				B0FRBNPZ9D						8721438405916				AMAZON_EU	Migrated Template	Active		
Oman eSIM 20GB 30Days	Oman eSIM 20GB 30Days - high speed internet - mobile data 5G compatible	0701HY7DAX7	OMAN-20GB-30D	32.99		01/07/2026 15:31:22 MEST		y	4			11				B0FRB4R3FK						8721438405992				AMAZON_EU	Migrated Template	Active		
Oman eSIM 3GB 15Days	Oman eSIM 3GB 15Days - high speed internet - mobile data 5G compatible	0701HWWEJ52	OMAN-3GB-15D	11.99		01/07/2026 10:38:49 MEST		y	4			11				B0FRB4BL4W						8721438405978				AMAZON_EU	Migrated Template	Active		
Pakistan eSIM 20GB 30Days	Pakistan eSIM 20GB 30Days - high speed internet - mobile data 5G compatible	0701HX0AA6N	PAKISTAN-20GB-30D	22.99		01/07/2026 10:54:25 MEST		y	4			11				B0FRB691X8						8721438406050				AMAZON_EU	Migrated Template	Active		
Pakistan eSIM 3GB 15Days	Pakistan eSIM 3GB 15Days - high speed internet - mobile data 5G compatible	0701HX2VTOS	PAKISTAN-3GB-15D	8.99		01/07/2026 10:46:46 MEST		y	4			11				B0FRB4HL3B						8721438406012				AMAZON_EU	Migrated Template	Active		
Pakistan eSIM 5GB 30Days	Pakistan eSIM 5GB 30Days - high speed internet - mobile data 5G compatible	0701HX11Y18	PAKISTAN-5GB-30D	10.99		01/07/2026 10:50:46 MEST		y	4			11				B0FRB48QKZ						8721438406036				AMAZON_EU	Migrated Template	Active		
Panama eSIM 3GB 15Days	Panama eSIM 3GB 15Days - high speed internet - mobile data 5G compatible	0701HX434R0	PANAMA-3GB-15D	17.99		01/07/2026 10:58:18 MEST		y	4			11				B0FRB3VFW6						8721438406074				AMAZON_EU	Migrated Template	Active		
Paraguay eSIM 3GB 15Days	Paraguay eSIM 3GB 15Days - high speed internet - mobile data 5G compatible	0701HX4HSR0	PARAGUAY-3GB-15D	14.99		01/07/2026 11:02:33 MEST		y	4			11				B0FRB3V7CS						8721438406098				AMAZON_EU	Migrated Template	Active		
Peru eSIM 20GB 30Days	Peru eSIM 20GB 30Days - high speed internet - mobile data 5G compatible	0630HTOCPGE	PERU-20GB-30D	42.99		30/06/2026 13:19:21 MEST		y	4			11				B0H6M8BLBD						8721438406128				AMAZON_EU	Migrated Template	Active		
Peru eSIM 3GB 15Days	Peru eSIM 3GB 15Days - high speed internet - mobile data 5G compatible	0630HTLG01K	PERU-3GB-15D	14.99		30/06/2026 13:15:03 MEST		y	4			11				B0H6M5WW3B						8721438406111				AMAZON_EU	Migrated Template	Active		
Philippinen eSIM 20GB 30Days	Philippines eSIM 20GB 30Days - high speed internet - mobile data 5G compatible	0701HX4IJ0D	PHILIPPINES-20GB-30D	23.99		01/07/2026 11:14:32 MEST		y	4			11				B0FRB4K2D4						8721438406173				AMAZON_EU	Migrated Template	Active		
Philippinen eSIM 3GB 15Days	Philippines eSIM 3GB 15Days - high speed internet - mobile data 5G compatible	0701HX2WHSX	PHILIPPINES-3GB-15D	8.99		01/07/2026 11:07:17 MEST		y	4			11				B0FRB1GVXK						8721438406142				AMAZON_EU	Migrated Template	Active		
Philippinen eSIM 5GB 30Days	Philippines eSIM 5GB 30Days - high speed internet - mobile data 5G compatible	0701HWYB36G	PHILIPPINES-5GB-30D	10.12		01/07/2026 11:11:16 MEST		y	4			11				B0FRB4VCKG						8721438406159				AMAZON_EU	Migrated Template	Active		
Philippinen eSIM 20GB 30Days		0325HRZA599	PH_20_30	32.92		25/03/2026 09:25:47 MET		y	1			11				B0FRB4K2D4						B0FRB4K2D4				AMAZON_EU	Migrated Template	Active		
Philippinen eSIM 3GB 15Days		0325HRQP1M8	PH_3_15	8.97		25/03/2026 08:46:04 MET		y	1			11				B0FRB1GVXK						B0FRB1GVXK				AMAZON_EU	Migrated Template	Active		
Philippinen eSIM 5GB 30Days		0325HRQCXYP	PH_5_30	12.4		25/03/2026 08:45:27 MET		y	1			11				B0FRB4VCKG						B0FRB4VCKG				AMAZON_EU	Migrated Template	Active		
Polen eSIM 20GB 30Days		0325HRS08AY	PL_20_30	15.8		25/03/2026 08:45:33 MET		y	1			11				B0FRB5HSK7						B0FRB5HSK7				AMAZON_EU	Migrated Template	Active		
Polen eSIM 3GB 15Days		0325HS1ZRYD	PL_3_15	5.56		25/03/2026 09:29:23 MET		y	1			11				B0FRB4JVKR						B0FRB4JVKR				AMAZON_EU	Migrated Template	Active		
Polen eSIM 5GB 30Days		0325HRWI15J	PL_5_30	3.86		25/03/2026 08:46:11 MET		y	1			11				B0FRBDPQ9J						B0FRBDPQ9J				AMAZON_EU	Migrated Template	Active		
Polen eSIM 20GB 30Days	Poland eSIM 20GB 30Days - high speed internet - mobile data 5G compatible	0701HX6U66Q	POLAND-20GB-30D	15.99		01/07/2026 11:26:33 MEST		y	4			11				B0FRB5HSK7						8721438406289				AMAZON_EU	Migrated Template	Active		
Polen eSIM 3GB 15Days	Poland eSIM 3GB 15Days - high speed internet - mobile data 5G compatible	0701HX4NPPE	POLAND-3GB-15D	8.99		01/07/2026 11:18:27 MEST		y	4			11				B0FRB4JVKR						8721438406258				AMAZON_EU	Migrated Template	Active		
Polen eSIM 5GB 30Days	Poland eSIM 5GB 30Days - high speed internet - mobile data 5G compatible	0701HX5I1K0	POLAND-5GB-30D	9.99		01/07/2026 11:22:28 MEST		y	4			11				B0FRBDPQ9J						8721438406272				AMAZON_EU	Migrated Template	Active		
Portugal eSIM 20GB 30Days	Portugal eSIM 20GB 30Days - high speed internet - mobile data 5G compatible	0701HX50XJN	PORTUGAL-20GB-30D	15.99		01/07/2026 11:37:46 MEST		y	4			11				B0FRB354KV						8721438406357				AMAZON_EU	Migrated Template	Active		
Portugal eSIM 3GB 15Days	Portugal eSIM 3GB 15Days - high speed internet - mobile data 5G compatible	0701HX6WCJA	PORTUGAL-3GB-15D	8.99		01/07/2026 11:30:31 MEST		y	4			11				B0FRB4314T						8721438406319				AMAZON_EU	Migrated Template	Active		
Portugal eSIM 5GB 30Days	Portugal eSIM 5GB 30Days - high speed internet - mobile data 5G compatible	0701HX5C7D2	PORTUGAL-5GB-30D	9.99		01/07/2026 11:34:53 MEST		y	4			11				B0FRB4X799						8721438406333				AMAZON_EU	Migrated Template	Active		
Portugal eSIM 20GB 30Days		0325HRZGI4J	PT_20_30	19.79		25/03/2026 09:29:23 MET		y	1			11				B0FRB354KV						B0FRB354KV				AMAZON_EU	Migrated Template	Active		
Portugal eSIM 3GB 15Days		0325HSIDZ1N	PT_3_15	5.56		25/03/2026 11:31:00 MET		y	1			11				B0FRB4314T						B0FRB4314T				AMAZON_EU	Migrated Template	Active		
Portugal eSIM 5GB 30Days		0325HS0MOSB	PT_5_30	4.99		25/03/2026 08:45:04 MET		y	1			11				B0FRB4X799						B0FRB4X799				AMAZON_EU	Migrated Template	Active		
Puerto Rico eSIM 3GB 15Days	Puerto Rico eSIM 3GB 15Days - high speed internet - mobile data 5G compatible	0701HYWQ0LP	PUERTO-RICO-3GB-15D	12.99		01/07/2026 22:14:43 MEST		y	4			11				B0FRB5MSF1						8721438406388				AMAZON_EU	Migrated Template	Active		
Puerto Rico eSIM 5GB 30Days	Puerto Rico eSIM 5GB 30Days - high speed internet - mobile data 5G compatible	0701HZAHSY6	PUERTO-RICO-5GB-30D	14.99		01/07/2026 21:48:39 MEST		y	4			11				B0FR9WMX9V						8721438406395				AMAZON_EU	Migrated Template	Active		
Qatar eSIM 20GB 30Days	Qatar eSIM 20GB 30Days - high speed internet - mobile data 5G compatible	0701HXI8B0S	QATAR-20GB-30D	31.99		01/07/2026 11:57:18 MEST		y	4			11				B0FR9X3QGM						8721438406449				AMAZON_EU	Migrated Template	Active		
Qatar eSIM 3GB 15Days	Qatar eSIM 3GB 15Days - high speed internet - mobile data 5G compatible	0701HZ22XB5	QATAR-3GB-15D	10.99		01/07/2026 21:05:24 MEST		y	4			11				B0FR9NXH43						8721438406418				AMAZON_EU	Migrated Template	Active		
Qatar eSIM 5GB 30Days	Qatar eSIM 5GB 30Days - high speed internet - mobile data 5G compatible	0701HX7ZXNP	QATAR-5GB-30D	17.99		01/07/2026 11:53:37 MEST		y	4			11				B0FR9X5KB1						8721438406432				AMAZON_EU	Migrated Template	Active		
Republik Kongo eSIM 20GB 30Days	Republic of the Congo eSIM 20GB 30Days - high speed internet - mobile data 5G compatible	0630HUC1PH1	REPUBLIC-OF-THE-CONGO-20GB-30D	78.99		30/06/2026 19:45:19 MEST		y	4			11				B0H6MJ756Y						8721438409495				AMAZON_EU	Migrated Template	Active		
Republik Kongo eSIM 3GB 15Days	Republic of the Congo eSIM 3GB 15Days - high speed internet - mobile data 5G compatible	0630HUKE9WC	REPUBLIC-OF-THE-CONGO-3GB-15D	22.99		30/06/2026 19:39:04 MEST		y	4			11				B0H6MM6DKT						8721438409471				AMAZON_EU	Migrated Template	Active		
Republik Kongo eSIM 5GB 30Days	Republic of the Congo eSIM 5GB 30Days - high speed internet - mobile data 5G compatible	0630HUBZTNS	REPUBLIC-OF-THE-CONGO-5GB-30D	33.99		30/06/2026 19:42:21 MEST		y	4			11				B0H6MBXD3B						8721438409488				AMAZON_EU	Migrated Template	Active		
Rumänien eSIM 20GB 30Days	Romania eSIM 20GB 30Days - high speed internet - mobile data 5G compatible	0630HUK5ROU	ROMANIA-20GB-30D	15.99		30/06/2026 19:55:25 MEST		y	4			11				B0H6MGRC1F						8721438409525				AMAZON_EU	Migrated Template	Active		
Rumänien eSIM 3GB 15Days	Romania eSIM 3GB 15Days - high speed internet - mobile data 5G compatible	0630HUFCNY4	ROMANIA-3GB-15D	8.99		30/06/2026 19:48:50 MEST		y	4			11				B0H6MKQH2C						8721438409501				AMAZON_EU	Migrated Template	Active		
Rumänien eSIM 5GB 30Days	Romania eSIM 5GB 30Days - high speed internet - mobile data 5G compatible	0630HUM41I5	ROMANIA-5GB-30D	9.99		30/06/2026 19:51:57 MEST		y	4			11				B0H6MFVLCB						8721438409518				AMAZON_EU	Migrated Template	Active		
Russland eSIM 20GB 30Days	Russia eSIM 20GB 30Days - high speed internet - mobile data 5G compatible	0630HU99MEZ	RUSSIA-20GB-30D	23.99		30/06/2026 20:05:01 MEST		y	4			11				B0H6MDSLNC						8721438409556				AMAZON_EU	Migrated Template	Active		
Russland eSIM 3GB 15Days	Russia eSIM 3GB 15Days - high speed internet - mobile data 5G compatible	0630HUNTJNF	RUSSIA-3GB-15D	9.99		30/06/2026 19:58:26 MEST		y	4			11				B0H6MDNPC8						8721438409532				AMAZON_EU	Migrated Template	Active		
Russland eSIM 5GB 30Days	Russia eSIM 5GB 30Days - high speed internet - mobile data 5G compatible	0630HUC5CWR	RUSSIA-5GB-30D	13.99		30/06/2026 20:01:33 MEST		y	4			11				B0H6MLHHB2						8721438409549				AMAZON_EU	Migrated Template	Active		
Ruanda eSIM 20GB 30Days	Rwanda eSIM 20GB 30Days - high speed internet - mobile data 5G compatible	0630HUMDBYG	RWANDA-20GB-30D	97.99		30/06/2026 20:14:37 MEST		y	4			11				B0H6M66BWN						8721438409587				AMAZON_EU	Migrated Template	Active		
Ruanda eSIM 3GB 15Days	Rwanda eSIM 3GB 15Days - high speed internet - mobile data 5G compatible	0630HUJNMP7	RWANDA-3GB-15D	24.99		30/06/2026 20:08:11 MEST		y	4			11				B0H6MK2ZBQ						8721438409563				AMAZON_EU	Migrated Template	Active		
Ruanda eSIM 5GB 30Days	Rwanda eSIM 5GB 30Days - high speed internet - mobile data 5G compatible	0630HUFFNT9	RWANDA-5GB-30D	32.99		30/06/2026 20:11:40 MEST		y	4			11				B0H6MJZHP1						8721438409570				AMAZON_EU	Migrated Template	Active		
Saint Barthelemy eSIM 20GB 30Days	Saint Barthelemy eSIM 20GB 30Days - high speed internet - mobile data 5G compatible	0630HULG9PP	SAINT-BARTHELEMY-20GB-30D	16.99		30/06/2026 20:24:23 MEST		y	4			11				B0H6MJHHNB						8721438409617				AMAZON_EU	Migrated Template	Active		
Saint Barthelemy eSIM 3GB 15Days	Saint Barthelemy eSIM 3GB 15Days - high speed internet - mobile data 5G compatible	0630HUFJT6Z	SAINT-BARTHELEMY-3GB-15D	8.99		30/06/2026 20:17:59 MEST		y	4			11				B0H6MDMD63						8721438409594				AMAZON_EU	Migrated Template	Active		
Saint Barthelemy eSIM 5GB 30Days	Saint Barthelemy eSIM 5GB 30Days - high speed internet - mobile data 5G compatible	0630HUFH0F4	SAINT-BARTHELEMY-5GB-30D	9.99		30/06/2026 20:21:17 MEST		y	4			11				B0H6MBS246						8721438409600				AMAZON_EU	Migrated Template	Active		
Saint Kitts und Nevis eSIM 20GB 30Days	Saint Kitts and Nevis eSIM 20GB 30Days - high speed internet - mobile data 5G compatible	0630HUM87Y6	SAINT-KITTS-AND-NEVIS-20GB-30D	103.99		30/06/2026 20:33:48 MEST		y	4			11				B0H6MJQSR4						8721438409648				AMAZON_EU	Migrated Template	Active		
Saint Kitts und Nevis eSIM 3GB 15Days	Saint Kitts and Nevis eSIM 3GB 15Days - high speed internet - mobile data 5G compatible	0630HUO4NM9	SAINT-KITTS-AND-NEVIS-3GB-15D	29.99		30/06/2026 20:27:35 MEST		y	4			11				B0H6MDHJ2B						8721438409624				AMAZON_EU	Migrated Template	Active		
Saint Kitts und Nevis eSIM 5GB 30Days	Saint Kitts and Nevis eSIM 5GB 30Days - high speed internet - mobile data 5G compatible	0630HULDWB5	SAINT-KITTS-AND-NEVIS-5GB-30D	38.99		30/06/2026 20:30:41 MEST		y	4			11				B0H6MBK615						8721438409631				AMAZON_EU	Migrated Template	Active		
Saint Lucia eSIM 20GB 30Days	Saint Lucia eSIM 20GB 30Days - high speed internet - mobile data 5G compatible	0630HUMCKUZ	SAINT-LUCIA-20GB-30D	103.99		30/06/2026 20:43:11 MEST		y	4			11				B0H6MDX8DY						8721438409679				AMAZON_EU	Migrated Template	Active		
Saint Lucia eSIM 3GB 15Days	Saint Lucia eSIM 3GB 15Days - high speed internet - mobile data 5G compatible	0630HUKMFKH	SAINT-LUCIA-3GB-15D	29.99		30/06/2026 20:37:18 MEST		y	4			11				B0H6M7Y1CD						8721438409655				AMAZON_EU	Migrated Template	Active		
Saint Lucia eSIM 5GB 30Days	Saint Lucia eSIM 5GB 30Days - high speed internet - mobile data 5G compatible	0630HUN8NE2	SAINT-LUCIA-5GB-30D	38.99		30/06/2026 20:40:26 MEST		y	4			11				B0H6MGBXNV						8721438409662				AMAZON_EU	Migrated Template	Active		
Saint Martin eSIM 20GB 30Days	Saint Martin eSIM 20GB 30Days - high speed internet - mobile data 5G compatible	0630HUMPA7X	SAINT-MARTIN-20GB-30D	16.99		30/06/2026 20:52:56 MEST		y	4			11				B0H6MF7K64						8721438409709				AMAZON_EU	Migrated Template	Active		
Saint Martin eSIM 3GB 15Days	Saint Martin eSIM 3GB 15Days - high speed internet - mobile data 5G compatible	0630HUO6YLP	SAINT-MARTIN-3GB-15D	8.99		30/06/2026 20:46:32 MEST		y	4			11				B0H6MDB2CN						8721438409686				AMAZON_EU	Migrated Template	Active		
Saint Martin eSIM 5GB 30Days	Saint Martin eSIM 5GB 30Days - high speed internet - mobile data 5G compatible	0630HUOF316	SAINT-MARTIN-5GB-30D	9.99		30/06/2026 20:49:50 MEST		y	4			11				B0H6MC37Q1						8721438409693				AMAZON_EU	Migrated Template	Active		
St. Vincent und die Grenadinen eSIM 3GB 15Days	Saint Vincent and the Grenadines eSIM 3GB 15Days - high speed internet - mobile data 5G compatible	0630HUOBVUO	SAINT-VINCENT-AND-THE-GRENADINES-3GB-15D	34.99		30/06/2026 20:56:07 MEST		y	4			11				B0H6MF3FWZ						8721438409716				AMAZON_EU	Migrated Template	Active		
Saint Vincent und die Grenadinen eSIM 5GB 30Days	Saint Vincent and the Grenadines eSIM 5GB 30Days - high speed internet - mobile data 5G compatible	0630HUMXMN5	SAINT-VINCENT-AND-THE-GRENADINES-5GB-30D	46.99		30/06/2026 20:59:45 MEST		y	4			11				B0H6MJXH8Z						8721438409723				AMAZON_EU	Migrated Template	Active		
Samoa eSIM 20GB 30Days	Samoa eSIM 20GB 30Days - high speed internet - mobile data 5G compatible	0630HUQZ1QO	SAMOA-20GB-30D	295.99		30/06/2026 21:13:42 MEST		y	4			11				B0H6MJQDSM						8721438409761				AMAZON_EU	Migrated Template	Active		
Samoa eSIM 3GB 15Days	Samoa eSIM 3GB 15Days - high speed internet - mobile data 5G compatible	0630HUOK6ZI	SAMOA-3GB-15D	58.99		30/06/2026 21:06:57 MEST		y	4			11				B0H6MGJ45S						8721438409747				AMAZON_EU	Migrated Template	Active		
Samoa eSIM 5GB 30Days	Samoa eSIM 5GB 30Days - high speed internet - mobile data 5G compatible	0630HUQLDVX	SAMOA-5GB-30D	80.99		30/06/2026 21:10:46 MEST		y	4			11				B0H6MFFZH1						8721438409754				AMAZON_EU	Migrated Template	Active		
San Marino eSIM 20GB 30Days	San Marino eSIM 20GB 30Days - high speed internet - mobile data 5G compatible	0630HUNPN68	SAN-MARINO-20GB-30D	16.99		30/06/2026 21:23:28 MEST		y	4			11				B0H6MDHJFJ						8721438409792				AMAZON_EU	Migrated Template	Active		
San Marino eSIM 3GB 15Days	San Marino eSIM 3GB 15Days - high speed internet - mobile data 5G compatible	0630HUODKM6	SAN-MARINO-3GB-15D	8.99		30/06/2026 21:16:52 MEST		y	4			11				B0H6MG33GL						8721438409778				AMAZON_EU	Migrated Template	Active		
San Marino eSIM 5GB 30Days	San Marino eSIM 5GB 30Days - high speed internet - mobile data 5G compatible	0630HUP00KU	SAN-MARINO-5GB-30D	9.99		30/06/2026 21:20:11 MEST		y	4			11				B0H6ML6C38						8721438409785				AMAZON_EU	Migrated Template	Active		
Saudi-Arabien eSIM 20GB 30Days	Saudi Arabia eSIM 20GB 30Days - high speed internet - mobile data 5G compatible	0701HX90D5P	SAUDI-ARABIA-20GB-30D	33.99		01/07/2026 12:16:50 MEST		y	4			11				B0FRB5PZTS						8721438406548				AMAZON_EU	Migrated Template	Active		
Saudi-Arabien eSIM 3GB 15Days	Saudi Arabia eSIM 3GB 15Days - high speed internet - mobile data 5G compatible	0701HXIHAEQ	SAUDI-ARABIA-3GB-15D	11.99		01/07/2026 12:09:07 MEST		y	4			11				B0FRB3N2KL						8721438406500				AMAZON_EU	Migrated Template	Active		
Saudi-Arabien eSIM 5GB 30Days	Saudi Arabia eSIM 5GB 30Days - high speed internet - mobile data 5G compatible	0701HYWWJDK	SAUDI-ARABIA-5GB-30D	14.99		01/07/2026 22:43:03 MEST		y	4			11				B0FRB1SRZY						8721438406524				AMAZON_EU	Migrated Template	Active		
Senegal eSIM 3GB 15Days	Senegal eSIM 3GB 15Days - high speed internet - mobile data 5G compatible	0701HXCFWPD	SENEGAL-3GB-15D	16.99		01/07/2026 12:20:45 MEST		y	4			11				B0FRB4HX92						8721438406562				AMAZON_EU	Migrated Template	Active		
Senegal eSIM 5GB 30Days	Senegal eSIM 5GB 30Days - high speed internet - mobile data 5G compatible	0701HXCGVAG	SENEGAL-5GB-30D	18.99		01/07/2026 12:24:48 MEST		y	4			11				B0FRB68H77						8721438406579				AMAZON_EU	Migrated Template	Active		
Serbien eSIM 3GB 15Days	Serbia eSIM 3GB 15Days - high speed internet - mobile data 5G compatible	0701HX9JWKK	SERBIA-3GB-15D	8.99		01/07/2026 12:28:32 MEST		y	4			11				B0FRB5TJV2						8721438406593				AMAZON_EU	Migrated Template	Active		
Seychelles eSIM 3GB 15Days	Seychelles eSIM 3GB 15Days - high speed internet - mobile data 5G compatible	0701HXO7O7V	SEYCHELLES-3GB-15D	17.99		01/07/2026 12:36:30 MEST		y	4			11				B0FRB55T3H						8721438406630				AMAZON_EU	Migrated Template	Active		
Seychelles eSIM 5GB 30Days	Seychelles eSIM 5GB 30Days - high speed internet - mobile data 5G compatible	0701HXKUVWV	SEYCHELLES-5GB-30D	28.99		01/07/2026 12:40:33 MEST		y	4			11				B0FR9P7N6M						8721438406647				AMAZON_EU	Migrated Template	Active		
Singapur eSIM 20GB 30Days		0701HXMS8HY	SG_20_30	16.95		01/07/2026 13:30:35 MEST		y	1			11				B0FRB256K8						B0FRB256K8				AMAZON_EU	Migrated Template	Active		
Singapur eSIM 5GB 30Days		0325HRW50I2	SG_5_30	8.96		25/03/2026 08:45:39 MET		y	1			11				B0FR9X3Y3R						B0FR9X3Y3R				AMAZON_EU	Migrated Template	Active		
Sierra Leone eSIM 20GB 30Days	Sierra Leone eSIM 20GB 30Days - high speed internet - mobile data 5G compatible	0630HUQQ0KL	SIERRA-LEONE-20GB-30D	94.99		30/06/2026 21:33:25 MEST		y	4			11				B0H6ML1JW1						8721438409822				AMAZON_EU	Migrated Template	Active		
Sierra Leone eSIM 3GB 15Days	Sierra Leone eSIM 3GB 15Days - high speed internet - mobile data 5G compatible	0630HUPG8XG	SIERRA-LEONE-3GB-15D	26.99		30/06/2026 21:26:59 MEST		y	4			11				B0H6MHPWKP						8721438409808				AMAZON_EU	Migrated Template	Active		
Sierra Leone eSIM 5GB 30Days	Sierra Leone eSIM 5GB 30Days - high speed internet - mobile data 5G compatible	0630HUQWD7C	SIERRA-LEONE-5GB-30D	33.99		30/06/2026 21:30:29 MEST		y	4			11				B0H6MBK6HZ						8721438409815				AMAZON_EU	Migrated Template	Active		
Singapur eSIM 20GB 30Days	Singapore eSIM 20GB 30Days - high speed internet - mobile data 5G compatible	0701HXUOXFR	SINGAPORE-20GB-30D	15.99		01/07/2026 12:48:30 MEST		y	4			11				B0FRB256K8						8721438406692				AMAZON_EU	Migrated Template	Active		
Singapur eSIM 5GB 30Days	Singapore eSIM 5GB 30Days - high speed internet - mobile data 5G compatible	0701HXITPFA	SINGAPORE-5GB-30D	9.99		01/07/2026 12:44:28 MEST		y	4			11				B0FR9X3Y3R						8721438406678				AMAZON_EU	Migrated Template	Active		
Slowakei eSIM 20GB 30Days	Slovakia eSIM 20GB 30Days - high speed internet - mobile data 5G compatible	0701HXAC27J	SLOVAKIA-20GB-30D	15.99		01/07/2026 12:59:41 MEST		y	4			11				B0FRB14YYC						8721438406807				AMAZON_EU	Migrated Template	Active		
Slowakei eSIM 3GB 15Days	Slovakia eSIM 3GB 15Days - high speed internet - mobile data 5G compatible	0701HXIKYR9	SLOVAKIA-3GB-15D	8.99		01/07/2026 12:52:13 MEST		y	4			11				B0FR9XC4BW						8721438406760				AMAZON_EU	Migrated Template	Active		
Slowakei eSIM 5GB 30Days	Slovakia eSIM 5GB 30Days - high speed internet - mobile data 5G compatible	0701HXMAL5F	SLOVAKIA-5GB-30D	9.99		01/07/2026 12:56:14 MEST		y	4			11				B0FRB2X84M						8721438406784				AMAZON_EU	Migrated Template	Active		
Slowenien eSIM 20GB 30Days	Slovenia eSIM 20GB 30Days - high speed internet - mobile data 5G compatible	0701HXAHTKV	SLOVENIA-20GB-30D	15.99		01/07/2026 13:11:14 MEST		y	4			11				B0FR9X15V2						8721438406876				AMAZON_EU	Migrated Template	Active		
Slowenien eSIM 3GB 15Days	Slovenia eSIM 3GB 15Days - high speed internet - mobile data 5G compatible	0701HXGGK7S	SLOVENIA-3GB-15D	8.99		01/07/2026 13:03:33 MEST		y	4			11				B0FR9XCF27						8721438406838				AMAZON_EU	Migrated Template	Active		
Slowenien eSIM 5GB 30Days	Slovenia eSIM 5GB 30Days - high speed internet - mobile data 5G compatible	0701HXJHHYW	SLOVENIA-5GB-30D	9.99		01/07/2026 13:07:33 MEST		y	4			11				B0FRB3SJMR						8721438406852				AMAZON_EU	Migrated Template	Active		
Senegal eSIM 3GB 15Days		0325HSFJYIU	SN_3_15	28.36		25/03/2026 10:54:43 MET		y	1			11				B0FRB4HX92						B0FRB4HX92				AMAZON_EU	Migrated Template	Active		
Senegal eSIM 5GB 30Days		0325HRU3711	SN_5_30	42.02		25/03/2026 09:29:40 MET		y	1			11				B0FRB68H77						B0FRB68H77				AMAZON_EU	Migrated Template	Active		
Südafrika eSIM 5GB 30Days	South Africa eSIM 5GB 30Days - high speed internet - mobile data 5G compatible	0701HXJLJY2	SOUTH-AFRICA-5GB-30D	15.99		01/07/2026 13:15:09 MEST		y	4			11				B0FRB3R6F3						8721438406913				AMAZON_EU	Migrated Template	Active		
Südamerika eSIM 5GB 30Days	South America eSIM 5GB 30Days - high speed internet - mobile data 5G compatible	0701HXJNQJB	SOUTH-AMERICA-5GB-30D	21.99		01/07/2026 13:19:25 MEST		y	4			11				B0FRB8D7HC						8721438406968				AMAZON_EU	Migrated Template	Active		
Südkorea eSIM 3GB 15Days	South Korea eSIM 3GB 15Days - high speed internet - mobile data 5G compatible	0702HZJBLCA	SOUTH-KOREA-3GB-15D	8.99		02/07/2026 02:23:13 MEST		y	4			11				B0FRC4RTDF						8721438406982				AMAZON_EU	Migrated Template	Active		
Spanien eSIM 3GB 15Days	Spain eSIM 3GB 15Days - high speed internet - mobile data 5G compatible	0701HXGURH2	SPAIN-3GB-15D	8.99		01/07/2026 13:35:18 MEST		y	4			11				B0FRCDHTZ7						8721438407095				AMAZON_EU	Migrated Template	Active		
Spanien eSIM 5GB 30Days	Spain eSIM 5GB 30Days - high speed internet - mobile data 5G compatible	0701HXPTOZT	SPAIN-5GB-30D	9.99		01/07/2026 13:39:22 MEST		y	4			11				B0FRBQCLZN						8721438407118				AMAZON_EU	Migrated Template	Active		
Sri Lanka eSIM 20GB 30Days	Sri Lanka eSIM 20GB 30Days - high speed internet - mobile data 5G compatible	0701HXQ1284	SRI-LANKA-20GB-30D	28.99		01/07/2026 13:54:40 MEST		y	4			11				B0FRC2DZN5						8721438407231				AMAZON_EU	Migrated Template	Active		
Sri Lanka eSIM 3GB 15Days	Sri Lanka eSIM 3GB 15Days - high speed internet - mobile data 5G compatible	0701HXU6R1L	SRI-LANKA-3GB-15D	10.99		01/07/2026 13:46:58 MEST		y	4			11				B0FRB7Z1NW						8721438407194				AMAZON_EU	Migrated Template	Active		
Sri Lanka eSIM 5GB 30Days	Sri Lanka eSIM 5GB 30Days - high speed internet - mobile data 5G compatible	0701HXDW9H4	SRI-LANKA-5GB-30D	12.99		01/07/2026 13:51:00 MEST		y	4			11				B0FRB64B8M						8721438407217				AMAZON_EU	Migrated Template	Active		
Sudan eSIM 3GB 15Days	Sudan eSIM 3GB 15Days - high speed internet - mobile data 5G compatible	0701HXT1M2T	SUDAN-3GB-15D	22.99		01/07/2026 13:58:34 MEST		y	4			11				B0FRCKTXNQ						8721438407316				AMAZON_EU	Migrated Template	Active		
Sudan eSIM 5GB 30Days	Sudan eSIM 5GB 30Days - high speed internet - mobile data 5G compatible	0701HXQ94N7	SUDAN-5GB-30D	30.99		01/07/2026 14:02:15 MEST		y	4			11				B0FRC799N3						8721438407323				AMAZON_EU	Migrated Template	Active		
Suriname eSIM 20GB 30Days	Suriname eSIM 20GB 30Days - high speed internet - mobile data 5G compatible	0630HUR2R30	SURINAME-20GB-30D	74.99		30/06/2026 21:43:08 MEST		y	4			11				B0H6MNKY5H						8721438409853				AMAZON_EU	Migrated Template	Active		
Suriname eSIM 3GB 15Days	Suriname eSIM 3GB 15Days - high speed internet - mobile data 5G compatible	0630HUNOWNI	SURINAME-3GB-15D	19.99		30/06/2026 21:36:45 MEST		y	4			11				B0H6MLWJMY						8721438409839				AMAZON_EU	Migrated Template	Active		
Suriname eSIM 5GB 30Days	Suriname eSIM 5GB 30Days - high speed internet - mobile data 5G compatible	0630HULIKJH	SURINAME-5GB-30D	32.99		30/06/2026 21:40:02 MEST		y	4			11				B0H6MNS3N5						8721438409846				AMAZON_EU	Migrated Template	Active		
St. Vincent und die Grenadinen eSIM 20GB 30Days	Saint Vincent and the Grenadines eSIM 20GB 30Days - high speed internet - mobile data 5G compatible	0630HUPCL7M	SVG-20GB-30D	125.99		30/06/2026 21:02:56 MEST		y	4			11				B0H6MWF5B5						8721438409730				AMAZON_EU	Migrated Template	Active		
Schweden eSIM 3GB 15Days	Sweden eSIM 3GB 15Days - high speed internet - mobile data 5G compatible	0701HXQJPDI	SWEDEN-3GB-15D	8.99		01/07/2026 14:06:10 MEST		y	4			11				B0FRCC6W9S						8721438407361				AMAZON_EU	Migrated Template	Active		
Schweiz eSIM 3GB 15Days	Switzerland eSIM 3GB 15Days - high speed internet - mobile data 5G compatible	0701HXTEC58	SWITZERLAND-3GB-15D	8.99		01/07/2026 14:17:50 MEST		y	4			11				B0FRB5LFVC						8721438407422				AMAZON_EU	Migrated Template	Active		
Schweiz eSIM 5GB 30Days	Switzerland eSIM 5GB 30Days - high speed internet - mobile data 5G compatible	0701HXUXNC5	SWITZERLAND-5GB-30D	9.99		01/07/2026 14:21:53 MEST		y	4			11				B0FRB7G4VW						8721438407446				AMAZON_EU	Migrated Template	Active		
Tadschikistan eSIM 20GB 30Days	Tajikistan eSIM 20GB 30Days - high speed internet - mobile data 5G compatible	0630HUOKUG7	TAJIKISTAN-20GB-30D	41.99		30/06/2026 21:53:23 MEST		y	4			11				B0H6M85C77						8721438409884				AMAZON_EU	Migrated Template	Active		
Tadschikistan eSIM 3GB 15Days	Tajikistan eSIM 3GB 15Days - high speed internet - mobile data 5G compatible	0630HUQZH1T	TAJIKISTAN-3GB-15D	15.99		30/06/2026 21:46:29 MEST		y	4			11				B0H6M7XFN6						8721438409860				AMAZON_EU	Migrated Template	Active		
Tadschikistan eSIM 5GB 30Days	Tajikistan eSIM 5GB 30Days - high speed internet - mobile data 5G compatible	0630HUQZHCC	TAJIKISTAN-5GB-30D	16.99		30/06/2026 21:50:06 MEST		y	4			11				B0H6MFYMXZ						8721438409877				AMAZON_EU	Migrated Template	Active		
Tansania eSIM 3GB 15Days	Tanzania eSIM 3GB 15Days - high speed internet - mobile data 5G compatible	0701HXX01GL	TANZANIA-3GB-15D	16.99		01/07/2026 14:29:32 MEST		y	4			11				B0FRC81NPJ						8721438407491				AMAZON_EU	Migrated Template	Active		
Thailand eSIM 3GB 15Days	Thailand eSIM 3GB 15Days - high speed internet - mobile data 5G compatible	0701HXTKSM0	THAILAND-3GB-15D	8.99		01/07/2026 14:34:16 MEST		y	4			11				B0FRCDPJSH						8721438407514				AMAZON_EU	Migrated Template	Active		
Thailand eSIM 5GB 30Days	Thailand eSIM 5GB 30Days - high speed internet - mobile data 5G compatible	0701HXVULJU	THAILAND-5GB-30D	9.99		01/07/2026 14:38:38 MEST		y	4			11				B0FR9Q5D1J						8721438407538				AMAZON_EU	Migrated Template	Active		
Thailand eSIM 3GB 15Days		0325HS5M3J2	TH_3_15	6.7		25/03/2026 10:01:29 MET		y	1			11				B0FRCDPJSH						B0FRCDPJSH				AMAZON_EU	Migrated Template	Active		
Thailand eSIM 5GB 30Days		0325HS5U3XZ	TH_5_30	3.86		25/03/2026 10:05:00 MET		y	1			11				B0FR9Q5D1J						B0FR9Q5D1J				AMAZON_EU	Migrated Template	Active		
Trinidad und Tobago eSIM 20GB 30Days	Trinidad and Tobago eSIM 20GB 30Days - high speed internet - mobile data 5G compatible	0630HURZA5N	TRINIDAD-AND-TOBAGO-20GB-30D	96.99		30/06/2026 22:03:27 MEST		y	4			11				B0H6MF31VP						8721438409914				AMAZON_EU	Migrated Template	Active		
Trinidad und Tobago eSIM 3GB 15Days	Trinidad and Tobago eSIM 3GB 15Days - high speed internet - mobile data 5G compatible	0630HUQ5D1I	TRINIDAD-AND-TOBAGO-3GB-15D	22.99		30/06/2026 21:56:33 MEST		y	4			11				B0H6MJTHXK						8721438409891				AMAZON_EU	Migrated Template	Active		
Trinidad und Tobago eSIM 5GB 30Days	Trinidad and Tobago eSIM 5GB 30Days - high speed internet - mobile data 5G compatible	0630HUPUU8F	TRINIDAD-AND-TOBAGO-5GB-30D	33.99		30/06/2026 22:00:11 MEST		y	4			11				B0H6MJTHY9						8721438409907				AMAZON_EU	Migrated Template	Active		
Türkei eSIM 3GB 15Days		0325HS0VGIE	TR_3_15	5.57		25/03/2026 10:03:52 MET		y	1			11				B0FRC2PSHM						B0FRC2PSHM				AMAZON_EU	Migrated Template	Active		
Türkei eSIM 5GB 30Days		0325HS5GNHN	TR_5_30	3.86		25/03/2026 10:05:17 MET		y	1			11				B0FRCBZ1BB						B0FRCBZ1BB				AMAZON_EU	Migrated Template	Active		
Türkei eSIM 3GB 15Days	Turkey eSIM 3GB 15Days - high speed internet - mobile data 5G compatible	0701HXY57M0	TURKEY-3GB-15D	8.99		01/07/2026 14:49:41 MEST		y	4			11				B0FRC2PSHM						8721438407682				AMAZON_EU	Migrated Template	Active		
Türkei eSIM 5GB 30Days	Turkey eSIM 5GB 30Days - high speed internet - mobile data 5G compatible	0701HXXNT6U	TURKEY-5GB-30D	8.99		01/07/2026 14:54:06 MEST		y	4			11				B0FRCBZ1BB						8721438407705				AMAZON_EU	Migrated Template	Active		
Turks- und Caicosinseln eSIM 20GB 30Days	Turks and Caicos Islands eSIM 20GB 30Days - high speed internet - mobile data 5G compatible	0630HUNS4KN	TURKS-AND-CAICOS-ISLANDS-20GB-30D	90.99		30/06/2026 22:13:42 MEST		y	4			11				B0H6MLBGX7						8721438409945				AMAZON_EU	Migrated Template	Active		
Turks- und Caicosinseln eSIM 3GB 15Days	Turks and Caicos Islands eSIM 3GB 15Days - high speed internet - mobile data 5G compatible	0630HUU1QI3	TURKS-AND-CAICOS-ISLANDS-3GB-15D	23.99		30/06/2026 22:06:58 MEST		y	4			11				B0H6MNNXGL						8721438409921				AMAZON_EU	Migrated Template	Active		
Turks- und Caicosinseln eSIM 5GB 30Days	Turks and Caicos Islands eSIM 5GB 30Days - high speed internet - mobile data 5G compatible	0630HUT5FB8	TURKS-AND-CAICOS-ISLANDS-5GB-30D	29.99		30/06/2026 22:10:15 MEST		y	4			11				B0H6MLH1KM						8721438409938				AMAZON_EU	Migrated Template	Active		
Tansania eSIM 3GB 15Days		0325HSD6097	TZ_3_15	24.97		25/03/2026 10:03:38 MET		y	1			11				B0FRC81NPJ						B0FRC81NPJ				AMAZON_EU	Migrated Template	Active		
Uganda eSIM 3GB 15Days	Uganda eSIM 3GB 15Days - high speed internet - mobile data 5G compatible	0701HXYU309	UGANDA-3GB-15D	18.99		01/07/2026 15:01:17 MEST		y	4			11				B0FRB7F7Z9						8721438407798				AMAZON_EU	Migrated Template	Active		
Ukraine eSIM 3GB 15Days	Ukraine eSIM 3GB 15Days - high speed internet - mobile data 5G compatible	0701HZ4FZKG	UKRAINE-3GB-15D	8.99		01/07/2026 21:57:06 MEST		y	4			11				B0FRB9SBFR						8721438407811				AMAZON_EU	Migrated Template	Active		
United Arab Emirates eSIM 20GB 30Days	United Arab Emirates eSIM 20GB 30Days - high speed internet - mobile data 5G compatible	0701HY408FM	UNITED-ARAB-EMIRATES-20GB-30D	36.99		01/07/2026 15:20:48 MEST		y	4			11				B0FRB7TFJR						8721438407927				AMAZON_EU	Migrated Template	Active		
United Arab Emirates eSIM 3GB 15Days	United Arab Emirates eSIM 3GB 15Days - high speed internet - mobile data 5G compatible	0701HY0GWQ4	UNITED-ARAB-EMIRATES-3GB-15D	12.99		01/07/2026 15:13:07 MEST		y	4			11				B0FRBBYBGH						8721438407873				AMAZON_EU	Migrated Template	Active		
United Arab Emirates eSIM 5GB 30Days	United Arab Emirates eSIM 5GB 30Days - high speed internet - mobile data 5G compatible	0701HYCQUH9	UNITED-ARAB-EMIRATES-5GB-30D	15.99		01/07/2026 15:17:08 MEST		y	4			11				B0FRB89XHX						8721438407897				AMAZON_EU	Migrated Template	Active		
Großbritannien eSIM 20 GB 30 Tage	United Kingdom eSIM 20GB 30Days - high speed internet - mobile data 5G compatible	0701HY6OFPI	UNITED-KINGDOM-20GB-30D	15.99		01/07/2026 15:32:27 MEST		y	4			11				B0FRDGCBTN						8721438408023				AMAZON_EU	Migrated Template	Active		
Vereinigtes Königreich eSIM 3 GB 15 Tage	United Kingdom eSIM 3GB 15Days - high speed internet - mobile data 5G compatible	0701HY9RCTP	UNITED-KINGDOM-3GB-15D	8.99		01/07/2026 15:24:43 MEST		y	4			11				B0FRCPD8TS						8721438407989				AMAZON_EU	Migrated Template	Active		
Großbritannien eSIM 5 GB 30 Tage	United Kingdom eSIM 5GB 30Days - high speed internet - mobile data 5G compatible	0701HY120BA	UNITED-KINGDOM-5GB-30D	9.99		01/07/2026 15:28:46 MEST		y	4			11				B0FRDDRGJF						8721438408009				AMAZON_EU	Migrated Template	Active		
United States eSIM 3GB 15Days	United States eSIM 3GB 15Days - high speed internet - mobile data 5G compatible	0701HYD0ILX	UNITED-STATES-3GB-15D	8.99		01/07/2026 15:36:49 MEST		y	4			11				B0FRCFXK3V						8721438408092				AMAZON_EU	Migrated Template	Active		
United States eSIM 5GB 30Days	United States eSIM 5GB 30Days - high speed internet - mobile data 5G compatible	0701HY4DG6S	UNITED-STATES-5GB-30D	9.99		01/07/2026 15:40:23 MEST		y	4			11				B0FRC2PQ8H						8721438408139				AMAZON_EU	Migrated Template	Active		
Uruguay eSIM 3GB 15Days	Uruguay eSIM 3GB 15Days - high speed internet - mobile data 5G compatible	0701HY6J2O1	URUGUAY-3GB-15D	17.99		01/07/2026 15:44:17 MEST		y	4			11				B0FRB7LHGN						8721438408191				AMAZON_EU	Migrated Template	Active		
United States eSIM 3GB 15Days		0325HS2KR1Z	US_3_15	6.7		25/03/2026 09:29:17 MET		y	1			11				B0FRCFXK3V						B0FRCFXK3V				AMAZON_EU	Migrated Template	Active		
United States eSIM 5GB 30Days		0325HSD26WT	US_5_30	5.57		25/03/2026 09:56:31 MET		y	1			11				B0FRC2PQ8H						B0FRC2PQ8H				AMAZON_EU	Migrated Template	Active		
Usbekistan eSIM 5GB 30Days	Uzbekistan eSIM 5GB 30Days - high speed internet - mobile data 5G compatible	0701HYCD7W3	UZBEKISTAN-5GB-30D	9.99		01/07/2026 15:48:32 MEST		y	4			11				B0FRBWFZ6M						8721438408221				AMAZON_EU	Migrated Template	Active		
Vatikanstadt eSIM 20GB 30Days	Vatican City eSIM 20GB 30Days - high speed internet - mobile data 5G compatible	0630HUTJ62S	VATICAN-CITY-20GB-30D	15.99		30/06/2026 22:23:07 MEST		y	4			11				B0H6MDPLZ9						8721438409976				AMAZON_EU	Migrated Template	Active		
Vatikanstadt eSIM 3GB 15Days	Vatican City eSIM 3GB 15Days - high speed internet - mobile data 5G compatible	0630HUTUMTX	VATICAN-CITY-3GB-15D	8.99		30/06/2026 22:16:42 MEST		y	4			11				B0H6MBMF8G						8721438409952				AMAZON_EU	Migrated Template	Active		
Vatikanstadt eSIM 5GB 30Days	Vatican City eSIM 5GB 30Days - high speed internet - mobile data 5G compatible	0630HUS673J	VATICAN-CITY-5GB-30D	9.99		30/06/2026 22:20:00 MEST		y	4			11				B0H6M7YXNP						8721438409969				AMAZON_EU	Migrated Template	Active		
Vietnam eSIM 20GB 30Days	Vietnam eSIM 20GB 30Days - high speed internet - mobile data 5G compatible	0701HYCE59G	VIETNAM-20GB-30D	22.99		01/07/2026 16:00:28 MEST		y	4			11				B0FRC2NKC4						8721438408283				AMAZON_EU	Migrated Template	Active		
Vietnam eSIM 5GB 30Days	Vietnam eSIM 5GB 30Days - high speed internet - mobile data 5G compatible	0701HY9Y3EI	VIETNAM-5GB-30D	10.99		01/07/2026 15:56:48 MEST		y	4			11				B0FRCBXRGV						8721438408269				AMAZON_EU	Migrated Template	Active		
Sambia eSIM 3GB 15Days	Zambia eSIM 3GB 15Days - high speed internet - mobile data 5G compatible	0701HY9OZU3	ZAMBIA-3GB-15D	17.99		01/07/2026 16:04:23 MEST		y	4			11				B0FRC2NSM2						8721438408344				AMAZON_EU	Migrated Template	Active		
Sambia eSIM 5GB 30Days	Zambia eSIM 5GB 30Days - high speed internet - mobile data 5G compatible	0701HY1PSPX	ZAMBIA-5GB-30D	28.99		01/07/2026 16:08:24 MEST		y	4			11				B0FRCL97L4						8721438408351				AMAZON_EU	Migrated Template	Active		
Südafrika eSIM 5GB 30Days		0325HS7Z3W6	ZA_5_30	16.95		25/03/2026 10:02:01 MET		y	1			11				B0FRB3R6F3						B0FRB3R6F3				AMAZON_EU	Migrated Template	Active		
Albanien eSIM 5GB 30Days	Albania eSIM 5GB 30Days - high speed internet - mobile data 5G compatible	0630HUTQSQU	ALBANIA-5GB-30D	10.99		30/06/2026 22:49:39 MEST		y	4			11				B0FR4ZG3Z6						8721438400102				AMAZON_EU	Migrated Template	Inactive		
Asia-20 eSIM 3GB 15Days	Asia-20 eSIM 3GB 15Days - high speed internet - mobile data 5G compatible	0630HUYVN2C	ASIA-20-3GB-15D	12.99		30/06/2026 23:07:16 MEST		y	4			11				B0FR9FZ4RF						8721438400317				AMAZON_EU	Migrated Template	Inactive		
Asia-20 eSIM 5GB 30Days	Asia-20 eSIM 5GB 30Days - high speed internet - mobile data 5G compatible	0701HVK8877	ASIA-20-5GB-30D	13.99		01/07/2026 04:20:05 MEST		y	4			11				B0FR9BQNSV						8721438400324				AMAZON_EU	Migrated Template	Inactive		
Kanada eSIM 20 GB 30 Tage | Pay As You Go Daten-SIM | Einfache Einrichtung | Reise-SIM für Touristen & Business | 3G/4G Geschwindigkeiten		0325HRRDMQ6	CA_20_30	29.11		25/03/2026 09:17:30 MET		y	1			11				B0FR9BY42D						B0FR9BY42D				AMAZON_EU	Migrated Template	Inactive		
Kanada eSIM 3GB 15 Tage | Pay As You Go Daten-SIM | Einfache Einrichtung | Reise-SIM für Touristen & Business | 3G/4G Geschwindigkeiten		0325HS4F2QV	CA_3_15	12.03		25/03/2026 09:21:49 MET		y	1			11				B0FR9RZLF3						B0FR9RZLF3				AMAZON_EU	Migrated Template	Inactive		
Kanada eSIM 5GB 30 Tage | Pay As You Go Daten-SIM | Einfache Einrichtung | Reise-SIM für Touristen & Business | 3G/4G Geschwindigkeiten		0325HS1ZS2K	CA_5_30	15.42		25/03/2026 09:29:42 MET		y	1			11				B0FR9SYCBK						B0FR9SYCBK				AMAZON_EU	Migrated Template	Inactive		
Chile eSIM 3 GB 15 Tage	Chile eSIM 3GB 15Days - high speed internet - mobile data 5G compatible	0630HVCDL3B	CHILE-3GB-15D	14.99		01/07/2026 01:00:38 MEST		y	4			11				B0FR9RY1RT						8721438401451				AMAZON_EU	Migrated Template	Inactive		
China eSIM 20 GB 30 Tage	China eSIM 20GB 30Days - high speed internet - mobile data 5G compatible	0630HVE88XU	CHINA-20GB-30D	18.99		01/07/2026 01:12:23 MEST		y	4			11				B0FR9GD6X9						8721438401604				AMAZON_EU	Migrated Template	Inactive		
Schweiz eSIM 20GB 30Days		0325HRU6YCQ	CH_20_30	15.83		25/03/2026 09:28:44 MET		y	1			11				B0FRB6VY7S						B0FRB6VY7S				AMAZON_EU	Migrated Template	Inactive		
China eSIM 20 GB 30 Tage		0325HS7KI13	CN_20_30	18.6		25/03/2026 10:03:45 MET		y	1			11				B0FR9GD6X9						B0FR9GD6X9				AMAZON_EU	Migrated Template	Inactive		
Egypt eSIM 3GB 30 Tage | Pay As You Go Daten-SIM | Einfache Einrichtung | Reise-SIM für Touristen & Business | 3G/4G Geschwindigkeiten		0325HS1RBJY	EG_3_30	14.27		25/03/2026 09:53:24 MET		y	1			11				B0FR9GNL93						B0FR9GNL93				AMAZON_EU	Migrated Template	Inactive		
Spanien eSIM 20GB 30Days		0325HRQQ5LG	ES_20_30	16.93		25/03/2026 08:45:59 MET		y	1			11				B0FRCMPGPL						B0FRCMPGPL				AMAZON_EU	Migrated Template	Inactive		
Europa (über 40 Bereiche) eSIM 20 GB 30 Tage	Europe(40+ areas) eSIM 20GB 30Days - high speed internet - mobile data 5G compatible	0701HV7JFE4	EUROPE-40-AREAS-20GB-30D	19.99		01/07/2026 02:51:47 MEST		y	4			11				B0FR9TNPV3						8721438402496				AMAZON_EU	Migrated Template	Inactive		
Global139 eSIM 5GB 30Days	Global139 eSIM 5GB 30Days - high speed internet - mobile data 5G compatible	0701HVDIN53	GLOBAL139-5GB-30D	41.99		01/07/2026 03:38:54 MEST		y	4			11				B0FR9VNTLY						8721438403004				AMAZON_EU	Migrated Template	Inactive		
Hajjj Package Luxury 10GB 30 Days eSIM | Hajj Luxury Travel Guide + Saudi-Arabien Reiseführer | 3G/4G/5G	Premium Islamic Hajj eSIM package with 10GB data valid for 30 days. Includes Hajj Luxury Travel Guide and exclusive Saudi Arabian travel guides. Instant QR activation for use across Saudi Arabia.	0602HO477KM	HAJJ-LUX-10GB-30D	71.99		02/06/2026 04:59:27 MEST		y	1			11				B0H3L75HDS						B0H3L75HDS				AMAZON_EU	Migrated Template	Inactive		
Irak eSIM 20GB 30Days	Iraq eSIM 20GB 30Days - high speed internet - mobile data 5G compatible	0630HUEK6XE	IRAQ-20GB-30D	32.99		30/06/2026 18:29:01 MEST		y	4			11				B0H6M956TN						8721438409259				AMAZON_EU	Migrated Template	Inactive		
Irak eSIM 5GB 30Days	Iraq eSIM 5GB 30Days - high speed internet - mobile data 5G compatible	0630HUBEB5P	IRAQ-5GB-30D	16.99		30/06/2026 18:26:06 MEST		y	4			11				B0H6MFRHZN						8721438409242				AMAZON_EU	Migrated Template	Inactive		
Norwegen eSIM 20GB 30Days	Norway eSIM 20GB 30Days - high speed internet - mobile data 5G compatible	0701HWRNJ3L	NORWAY-20GB-30D	15.99		01/07/2026 10:34:56 MEST		y	4			11				B0FRB572L8						8721438405930				AMAZON_EU	Migrated Template	Inactive		
Reunion eSIM 3GB 15Days	Reunion eSIM 3GB 15Days - high speed internet - mobile data 5G compatible	0701HXBF50J	REUNION-3GB-15D	8.99		01/07/2026 12:01:12 MEST		y	4			11				B0FRB3KCNQ						8721438406470				AMAZON_EU	Migrated Template	Inactive		
Reunion eSIM 5GB 30Days	Reunion eSIM 5GB 30Days - high speed internet - mobile data 5G compatible	0701HZ0GCAB	REUNION-5GB-30D	9.99		01/07/2026 23:21:13 MEST		y	4			11				B0FRB47TQW						8721438406487				AMAZON_EU	Migrated Template	Inactive		
Serbien eSIM 20GB 30Days	Serbia eSIM 20GB 30Days - high speed internet - mobile data 5G compatible	0701HXFPX2N	SERBIA-20GB-30D	21.99		01/07/2026 12:32:35 MEST		y	4			11				B0FRB5K8JC						8721438406616				AMAZON_EU	Migrated Template	Inactive		
Singapur eSIM 3GB 30 Tage | Pay As You Go Daten-SIM | Einfache Einrichtung | Reise-SIM für Touristen & Business | 3G/4G/5G Geschwindigkeiten		0325HS0WQLM	SG_3_30	12.04		25/03/2026 09:28:35 MET		y	1			11				B0FRB3KY59						B0FRB3KY59				AMAZON_EU	Migrated Template	Inactive		
Südkorea eSIM 20GB 30Days	South Korea eSIM 20GB 30Days - high speed internet - mobile data 5G compatible	0701HXPQ3PB	SOUTH-KOREA-20GB-30D	15.99		01/07/2026 13:31:22 MEST		y	4			11				B0FRC4P51Z						8721438407019				AMAZON_EU	Migrated Template	Inactive		
Südkorea eSIM 5GB 30Days	South Korea eSIM 5GB 30Days - high speed internet - mobile data 5G compatible	0707HNEBNT0	SOUTH-KOREA-5GB-30D	9.99		07/07/2026 12:42:27 MEST		y	4			11				B0FRD9LC4C						8721438406999				AMAZON_EU	Migrated Template	Inactive		
Spanien eSIM 20GB 30Days	Spain eSIM 20GB 30Days - high speed internet - mobile data 5G compatible	0701HXJYC6Y	SPAIN-20GB-30D	15.99		01/07/2026 13:43:03 MEST		y	4			11				B0FRCMPGPL						8721438407132				AMAZON_EU	Migrated Template	Inactive		
Schweden eSIM 20GB 30Days	Sweden eSIM 20GB 30Days - high speed internet - mobile data 5G compatible	0701HXROYW7	SWEDEN-20GB-30D	15.99		01/07/2026 14:13:55 MEST		y	4			11				B0FRB7X5SP						8721438407408				AMAZON_EU	Migrated Template	Inactive		
Schweden eSIM 5GB 30Days	Sweden eSIM 5GB 30Days - high speed internet - mobile data 5G compatible	0703H8F3DHV	SWEDEN-5GB-30D	9.99		03/07/2026 17:54:51 MEST		y	4			11				B0FRCS524D						8721438407385				AMAZON_EU	Migrated Template	Inactive		
Schweiz eSIM 20GB 30Days	Switzerland eSIM 20GB 30Days - high speed internet - mobile data 5G compatible	0701HXVXMC4	SWITZERLAND-20GB-30D	15.99		01/07/2026 14:25:36 MEST		y	4			11				B0FRB6VY7S						8721438407460				AMAZON_EU	Migrated Template	Inactive		
Thailand eSIM 20GB 30Days	Thailand eSIM 20GB 30Days - high speed internet - mobile data 5G compatible	0701HXXFS4P	THAILAND-20GB-30D	15.99		01/07/2026 14:41:31 MEST		y	4			11				B0FRCHW3MW						8721438407552				AMAZON_EU	Migrated Template	Inactive		
Thailand eSIM 20GB 30Days		0325HRK0JQ3	TH_20_30	16.96		25/03/2026 08:44:53 MET		y	1			11				B0FRCHW3MW						B0FRCHW3MW				AMAZON_EU	Migrated Template	Inactive		
Tunesien eSIM 10GB 30 Tage | Prepaid Travel eSIM | Pay As You Go Digital SIM | Einfache Einrichtung | Daten-SIM für Touristen & Business | 3G/4G Geschwindigkeiten		0325HS4BGQI	TN_10_30	22.9		25/03/2026 09:53:25 MET		y	1			11				B0FRB85GLD						B0FRB85GLD				AMAZON_EU	Migrated Template	Inactive		
Tunesien eSIM 3GB 30 Tage | Prepaid Travel eSIM | Pay As You Go Digital SIM | Einfache Einrichtung | Daten-SIM für Touristen & Business | 3G/4G Geschwindigkeiten		0325HSHG7DP	TN_3_30	11.44		25/03/2026 10:03:30 MET		y	1			11				B0FRCKZKVY						B0FRCKZKVY				AMAZON_EU	Migrated Template	Inactive		
Tunesien eSIM 5GB 30Days		0325HSDHKA4	TN_5_30	13.54		25/03/2026 10:08:06 MET		y	1			11				B0FRB7Q96Z						B0FRB7Q96Z				AMAZON_EU	Migrated Template	Inactive		
Türkei eSIM 20GB 30Days		0325HSB19LK	TR_20_30	15.78		25/03/2026 10:03:17 MET		y	1			11				B0FRCYMWCX						B0FRCYMWCX				AMAZON_EU	Migrated Template	Inactive		
Tunesien eSIM 5GB 30Days	Tunisia eSIM 5GB 30Days - high speed internet - mobile data 5G compatible	0701HXYTIF2	TUNISIA-5GB-30D	11.99		01/07/2026 14:45:25 MEST		y	4			11				B0FRB7Q96Z						8721438407644				AMAZON_EU	Migrated Template	Inactive		
Türkei eSIM 20GB 30Days	Turkey eSIM 20GB 30Days - high speed internet - mobile data 5G compatible	0701HY351GC	TURKEY-20GB-30D	17.99		01/07/2026 14:57:22 MEST		y	4			11				B0FRCYMWCX						8721438407729				AMAZON_EU	Migrated Template	Inactive		
Ukraine eSIM 5GB 30Days	Ukraine eSIM 5GB 30Days - high speed internet - mobile data 5G compatible	0702H2X1TJY	UKRAINE-5GB-30D	9.99		02/07/2026 15:41:45 MEST		y	4			11				B0FRC2NRKG						8721438407835				AMAZON_EU	Migrated Template	Inactive		
United States eSIM 20GB 90 Tage | Pay As You Go Data SIM | Einfache Einrichtung | USA Travel SIM für Touristen & Business | 3G/4G Geschwindigkeiten		0325HRK3JHZ	US_20_90	25.55		25/03/2026 08:46:28 MET		y	1			11				B0FRB9JP2K						B0FRB9JP2K				AMAZON_EU	Migrated Template	Inactive		
Vietnam eSIM 3GB 15Days	Vietnam eSIM 3GB 15Days - high speed internet - mobile data 5G compatible	0701HY7OREU	VIETNAM-3GB-15D	8.99		01/07/2026 15:52:47 MEST		y	4			11				B0FRBR2DHW						8721438408252				AMAZON_EU	Migrated Template	Inactive		
Südafrika eSIM 10GB 30 Tage | Prepaid Travel eSIM | Pay As You Go Digital SIM | Einfache Einrichtung | Daten-SIM für Touristen & Business | 3G/4G Geschwindigkeiten		0325HRYD9S5	ZA_10_30	30.86		25/03/2026 08:45:19 MET		y	1			11				B0FRB4RSW2						B0FRB4RSW2				AMAZON_EU	Migrated Template	Inactive		
Aaland Islands eSIM 3GB 15Days	Aaland Islands eSIM 3GB 15Days - high speed internet - mobile data 5G compatible	0630HUULL6M	AALAND-ISLANDS-ESIM		0	30/06/2026 22:36:00 MEST		y	1			11				B0H739TVP9						B0H739TVP9			0	DEFAULT	Migrated Template	Incomplete		
Afrika eSIM 5GB 30Days	Africa eSIM 5GB 30Days - high speed internet - mobile data 5G compatible	0630HUVWMFJ	AFRICA-ESIM		0	30/06/2026 22:46:05 MEST		y	1			11				B0H73RPVVS						B0H73RPVVS			0	DEFAULT	Migrated Template	Incomplete		
Albanien eSIM 5GB 30Days	Albania eSIM 5GB 30Days - high speed internet - mobile data 5G compatible	0630HV1OH7Q	ALBANIA-ESIM		0	30/06/2026 22:49:35 MEST		y	1			11				B0H72WPK3D						B0H72WPK3D			0	DEFAULT	Migrated Template	Incomplete		
Algerien eSIM 3GB 15Days	Algeria eSIM 3GB 15Days - high speed internet - mobile data 5G compatible	0630HTC4X55	ALGERIA-ESIM		0	30/06/2026 13:22:41 MEST		y	1			11				B0H71W1XK4						B0H71W1XK4			0	DEFAULT	Migrated Template	Incomplete		
Andorra eSIM 3GB 15Days	Andorra eSIM 3GB 15Days - high speed internet - mobile data 5G compatible	0630HTFO5HW	ANDORRA-ESIM		0	30/06/2026 13:34:34 MEST		y	1			11				B0H7219F9Q						B0H7219F9Q			0	DEFAULT	Migrated Template	Incomplete		
Angola eSIM 3GB 15Days	Angola eSIM 3GB 15Days - high speed internet - mobile data 5G compatible	0630HTIU51I	ANGOLA-ESIM		0	30/06/2026 13:45:35 MEST		y	1			11				B0H724YHQ5						B0H724YHQ5			0	DEFAULT	Migrated Template	Incomplete		
Anguilla eSIM 3GB 15Days	Anguilla eSIM 3GB 15Days - high speed internet - mobile data 5G compatible	0630HTRCY03	ANGUILLA-ESIM		0	30/06/2026 14:02:09 MEST		y	1			11				B0H71ZVHVS						B0H71ZVHVS			0	DEFAULT	Migrated Template	Incomplete		
Antigua und Barbuda eSIM 5GB 30Days	Antigua and Barbuda eSIM 5GB 30Days - high speed internet - mobile data 5G compatible	0630HTS2R8F	ANTIGUA-AND-BARBUDA-ESIM		0	30/06/2026 14:12:53 MEST		y	1			11				B0H72CFRX4						B0H72CFRX4			0	DEFAULT	Migrated Template	Incomplete		
Argentinien eSIM 20GB 30Days	Argentina eSIM 20GB 30Days - high speed internet - mobile data 5G compatible	0630HUYZDVP	ARGENTINA-ESIM		0	30/06/2026 22:53:27 MEST		y	1			11				B0H73KYBKS						B0H73KYBKS			0	DEFAULT	Migrated Template	Incomplete		
Armenia eSIM 3GB 15Days	Armenia eSIM 3GB 15Days - high speed internet - mobile data 5G compatible	0630HUUQJDP	ARMENIA-ESIM		0	30/06/2026 23:00:25 MEST		y	1			11				B0H73KQ52T						B0H73KQ52T			0	DEFAULT	Migrated Template	Incomplete		
Asia-20 eSIM 3GB 15Days	Asia-20 eSIM 3GB 15Days - high speed internet - mobile data 5G compatible	0630HUV7UJM	ASIA-20-ESIM		0	30/06/2026 23:07:13 MEST		y	1			11				B0H73HYG7T						B0H73HYG7T			0	DEFAULT	Migrated Template	Incomplete		
Australien eSIM 5GB 30Days	Australia eSIM 5GB 30Days - high speed internet - mobile data 5G compatible	0630HUZGM0H	AUSTRALIA-ESIM		0	30/06/2026 23:15:08 MEST		y	1			11				B0H7362P49						B0H7362P49			0	DEFAULT	Migrated Template	Incomplete		
Österreich eSIM 5GB 30Days	Austria eSIM 5GB 30Days - high speed internet - mobile data 5G compatible	0630HUZ2ZFO	AUSTRIA-ESIM		0	30/06/2026 23:26:23 MEST		y	1			11				B0H735PRG3						B0H735PRG3			0	DEFAULT	Migrated Template	Incomplete		
Aserbaidschan eSIM 3GB 15Days	Azerbaijan eSIM 3GB 15Days - high speed internet - mobile data 5G compatible	0630HUVK8CT	AZERBAIJAN-ESIM		0	30/06/2026 23:36:09 MEST		y	1			11				B0H72WTYMN						B0H72WTYMN			0	DEFAULT	Migrated Template	Incomplete		
Bahamas eSIM 3GB 15Days	Bahamas eSIM 3GB 15Days - high speed internet - mobile data 5G compatible	0630HTMOJQD	BAHAMAS-ESIM		0	30/06/2026 14:41:22 MEST		y	1			11				B0H71Z9DPD						B0H71Z9DPD			0	DEFAULT	Migrated Template	Incomplete		
Bahrain eSIM 3GB 15Days	Bahrain eSIM 3GB 15Days - high speed internet - mobile data 5G compatible	0630HUZCH3O	BAHRAIN-ESIM		0	30/06/2026 23:40:12 MEST		y	1			11				B0H732NY7P						B0H732NY7P			0	DEFAULT	Migrated Template	Incomplete		
Bangladesch eSIM 3GB 15Days	Bangladesh eSIM 3GB 15Days - high speed internet - mobile data 5G compatible	0630HV35CEP	BANGLADESH-ESIM		0	30/06/2026 23:44:04 MEST		y	1			11				B0H738WG7Z						B0H738WG7Z			0	DEFAULT	Migrated Template	Incomplete		
Barbados eSIM 5GB 30Days	Barbados eSIM 5GB 30Days - high speed internet - mobile data 5G compatible	0630HTVH6UF	BARBADOS-ESIM		0	30/06/2026 14:51:39 MEST		y	1			11				B0H72F4L71						B0H72F4L71			0	DEFAULT	Migrated Template	Incomplete		
Belarus eSIM 5GB 30Days	Belarus eSIM 5GB 30Days - high speed internet - mobile data 5G compatible	0630HV2RYQ7	BELARUS-ESIM		0	30/06/2026 23:53:39 MEST		y	1			11				B0H734952D						B0H734952D			0	DEFAULT	Migrated Template	Incomplete		
Belgien eSIM 5GB 30Days	Belgium eSIM 5GB 30Days - high speed internet - mobile data 5G compatible	0630HUWQGKY	BELGIUM-ESIM		0	01/07/2026 00:00:07 MEST		y	1			11				B0H734781P						B0H734781P			0	DEFAULT	Migrated Template	Incomplete		
Belize eSIM 5GB 30Days	Belize eSIM 5GB 30Days - high speed internet - mobile data 5G compatible	0630HTQY78V	BELIZE-ESIM		0	30/06/2026 15:02:06 MEST		y	1			11				B0H72D8JNV						B0H72D8JNV			0	DEFAULT	Migrated Template	Incomplete		
Benin eSIM 3GB 15Days	Benin eSIM 3GB 15Days - high speed internet - mobile data 5G compatible	0630HTQ7YXN	BENIN-ESIM		0	30/06/2026 15:12:23 MEST		y	1			11				B0H72FF3ZY						B0H72FF3ZY			0	DEFAULT	Migrated Template	Incomplete		
Bermuda eSIM 5GB 30Days	Bermuda eSIM 5GB 30Days - high speed internet - mobile data 5G compatible	0630HTR25RJ	BERMUDA-ESIM		0	30/06/2026 15:22:03 MEST		y	1			11				B0H7287FSC						B0H7287FSC			0	DEFAULT	Migrated Template	Incomplete		
Bhutan eSIM 3GB 15Days	Bhutan eSIM 3GB 15Days - high speed internet - mobile data 5G compatible	0630HTSKBFU	BHUTAN-ESIM		0	30/06/2026 15:33:00 MEST		y	1			11				B0H72C1RLM						B0H72C1RLM			0	DEFAULT	Migrated Template	Incomplete		
Bolivien eSIM 3GB 15Days	Bolivia eSIM 3GB 15Days - high speed internet - mobile data 5G compatible	0630HV5RBM6	BOLIVIA-ESIM		0	01/07/2026 00:11:22 MEST		y	1			11				B0H739SZ6Q						B0H739SZ6Q			0	DEFAULT	Migrated Template	Incomplete		
Bosnien-Herzegowina eSIM 3GB 15Days	Bosnia and Herzegovina eSIM 3GB 15Days - high speed internet - mobile data 5G compatible	0630HV09OBS	BOSNIA-AND-HERZEGOVINA-ESIM		0	01/07/2026 00:17:49 MEST		y	1			11				B0H73PY9HF						B0H73PY9HF			0	DEFAULT	Migrated Template	Incomplete		
Botswana eSIM 3GB 15Days	Botswana eSIM 3GB 15Days - high speed internet - mobile data 5G compatible	0630HV64RTH	BOTSWANA-ESIM		0	01/07/2026 00:21:20 MEST		y	1			11				B0H73RNPVF						B0H73RNPVF			0	DEFAULT	Migrated Template	Incomplete		
Brasilien eSIM 3GB 15Days	Brazil eSIM 3GB 15Days - high speed internet - mobile data 5G compatible	0630HV5FX2F	BRAZIL-ESIM		0	01/07/2026 00:24:50 MEST		y	1			11				B0H73BJM4R						B0H73BJM4R			0	DEFAULT	Migrated Template	Incomplete		
Brunei Darussalam eSIM 3GB 15Days	Brunei Darussalam eSIM 3GB 15Days - high speed internet - mobile data 5G compatible	0630HV6AXKW	BRUNEI-DARUSSALAM-ESIM		0	01/07/2026 00:31:08 MEST		y	1			11				B0H73D7K72						B0H73D7K72			0	DEFAULT	Migrated Template	Incomplete		
Bulgarien eSIM 3GB 15Days	Bulgaria eSIM 3GB 15Days - high speed internet - mobile data 5G compatible	0630HTQOHY8	BULGARIA-ESIM		0	30/06/2026 13:10:38 MEST		y	1			11				B0H71Z8YS2						B0H71Z8YS2			0	DEFAULT	Migrated Template	Incomplete		
Burkina Faso eSIM 3GB 15Days	Burkina Faso eSIM 3GB 15Days - high speed internet - mobile data 5G compatible	0630HV6ADR9	BURKINA-FASO-ESIM		0	01/07/2026 00:36:55 MEST		y	1			11				B0H7389273						B0H7389273			0	DEFAULT	Migrated Template	Incomplete		
Kambodscha eSIM 3GB 15Days	Cambodia eSIM 3GB 15Days - high speed internet - mobile data 5G compatible	0630HUXGO0F	CAMBODIA-ESIM		0	01/07/2026 01:20:03 MEST		y	1			11				B0H739YQS8						B0H739YQS8			0	DEFAULT	Migrated Template	Incomplete		
Kamerun eSIM 3GB 15Days	Cameroon eSIM 3GB 15Days - high speed internet - mobile data 5G compatible	0630HV9I36M	CAMEROON-ESIM		0	01/07/2026 00:43:30 MEST		y	1			11				B0H73DTD2C						B0H73DTD2C			0	DEFAULT	Migrated Template	Incomplete		
Kanada eSIM 5GB 30Days Premium	Canada eSIM 5GB 30Days Premium - high speed internet - mobile data 5G compatible	0630HUVDC46	CANADA-PREMIUM-ESIM		0	30/06/2026 22:26:26 MEST		y	1			11				B0H73GPWZT						B0H73GPWZT			0	DEFAULT	Migrated Template	Incomplete		
Kap Verde eSIM 5GB 30Days	Cape Verde eSIM 5GB 30Days - high speed internet - mobile data 5G compatible	0630HTT563N	CAPE-VERDE-ESIM		0	30/06/2026 15:43:49 MEST		y	1			11				B0H724H3BD						B0H724H3BD			0	DEFAULT	Migrated Template	Incomplete		
Kaimaninseln eSIM 5GB 30Days	Cayman Islands eSIM 5GB 30Days - high speed internet - mobile data 5G compatible	0630HU0DTHG	CAYMAN-ISLANDS-ESIM		0	30/06/2026 15:54:37 MEST		y	1			11				B0H72B43GQ						B0H72B43GQ			0	DEFAULT	Migrated Template	Incomplete		
Zentralafrikanische Republik eSIM 5GB 30Days	Central African Republic eSIM 5GB 30Days - high speed internet - mobile data 5G compatible	0630HUX4ZNG	CENTRAL-AFRICAN-REPUBLIC-ESIM		0	01/07/2026 00:47:21 MEST		y	1			11				B0H73W1FRY						B0H73W1FRY			0	DEFAULT	Migrated Template	Incomplete		
Chad eSIM 3GB 15Days	Chad eSIM 3GB 15Days - high speed internet - mobile data 5G compatible	0630HV2VX02	CHAD-ESIM		0	01/07/2026 00:53:58 MEST		y	1			11				B0H73964B3						B0H73964B3			0	DEFAULT	Migrated Template	Incomplete		
Chile eSIM 3 GB 15 Tage	Chile eSIM 3GB 15Days - high speed internet - mobile data 5G compatible	0630HV67J8Y	CHILE-ESIM		0	01/07/2026 01:00:35 MEST		y	1			11				B0H73W1G6K						B0H73W1G6K			0	DEFAULT	Migrated Template	Incomplete		
China eSIM 3 GB 15 Tage	China eSIM 3GB 15Days - high speed internet - mobile data 5G compatible	0630HV6ELAR	CHINA-ESIM		0	01/07/2026 01:04:39 MEST		y	1			11				B0H737FP9M						B0H737FP9M			0	DEFAULT	Migrated Template	Incomplete		
Kolumbien eSIM 3GB 15Days	Colombia eSIM 3GB 15Days - high speed internet - mobile data 5G compatible	0630HV9V4RW	COLOMBIA-ESIM		0	01/07/2026 01:16:02 MEST		y	1			11				B0H73GQNRN						B0H73GQNRN			0	DEFAULT	Migrated Template	Incomplete		
Costa Rica eSIM 3GB 15Days	Costa Rica eSIM 3GB 15Days - high speed internet - mobile data 5G compatible	0630HUXHPD2	COSTA-RICA-ESIM		0	01/07/2026 01:26:51 MEST		y	1			11				B0H73Q3DZM						B0H73Q3DZM			0	DEFAULT	Migrated Template	Incomplete		
Côte D'Ivoire eSIM 3 GB 15 Tage	Cote d'Ivoire eSIM 3GB 15Days - high speed internet - mobile data 5G compatible	0630HV6WPLB	COTE-D-IVOIRE-ESIM		0	01/07/2026 01:30:21 MEST		y	1			11				B0H72WV1YD						B0H72WV1YD			0	DEFAULT	Migrated Template	Incomplete		
Kroatien eSIM 3GB 15Days	Croatia eSIM 3GB 15Days - high speed internet - mobile data 5G compatible	0630HV70U0X	CROATIA-ESIM		0	01/07/2026 01:37:51 MEST		y	1			11				B0H738NBTX						B0H738NBTX			0	DEFAULT	Migrated Template	Incomplete		
Curacao eSIM 5GB 30Days	Curacao eSIM 5GB 30Days - high speed internet - mobile data 5G compatible	0630HU0KMCE	CURACAO-ESIM		0	30/06/2026 16:04:43 MEST		y	1			11				B0H726FCP8						B0H726FCP8			0	DEFAULT	Migrated Template	Incomplete		
Zypern eSIM 3GB 15Days	Cyprus eSIM 3GB 15Days - high speed internet - mobile data 5G compatible	0630HUXQCQ0	CYPRUS-ESIM		0	01/07/2026 01:47:04 MEST		y	1			11				B0H73FWNJS						B0H73FWNJS			0	DEFAULT	Migrated Template	Incomplete		
Tschechische Republik eSIM 3GB 15Days	Czech Republic eSIM 3GB 15Days - high speed internet - mobile data 5G compatible	0630HV3G24C	CZECH-REPUBLIC-ESIM		0	01/07/2026 01:53:51 MEST		y	1			11				B0H73KKVXY						B0H73KKVXY			0	DEFAULT	Migrated Template	Incomplete		
Demokratische Republik Kongo eSIM 3GB 15Days	Democratic Republic of the Congo eSIM 3GB 15Days - high speed internet - mobile data 5G compatible	0630HU1O9JQ	DEMOCRATIC-REPUBLIC-OF-THE-CONGO-ESIM		0	30/06/2026 16:15:00 MEST		y	1			11				B0H727KGPQ						B0H727KGPQ			0	DEFAULT	Migrated Template	Incomplete		
Dänemark eSIM 3GB 15Days	Denmark eSIM 3GB 15Days - high speed internet - mobile data 5G compatible	0701HV714MK	DENMARK-ESIM		0	01/07/2026 02:03:25 MEST		y	1			11				B0H72X54WN						B0H72X54WN			0	DEFAULT	Migrated Template	Incomplete		
Dominica eSIM 5GB 30Days	Dominica eSIM 5GB 30Days - high speed internet - mobile data 5G compatible	0630HU3CIS2	DOMINICA-ESIM		0	30/06/2026 16:25:54 MEST		y	1			11				B0H72BBJMT						B0H72BBJMT			0	DEFAULT	Migrated Template	Incomplete		
Dominikanische Republik eSIM 3 GB 15 Tage	Dominican Republic eSIM 3GB 15Days - high speed internet - mobile data 5G compatible	0701HV9XOXH	DOMINICAN-REPUBLIC-ESIM		0	01/07/2026 02:13:19 MEST		y	1			11				B0H73B9HRD						B0H73B9HRD			0	DEFAULT	Migrated Template	Incomplete		
Demokratische Republik Kongo eSIM 20GB 30Days	Democratic Republic of the Congo eSIM 20GB 30Days - high speed internet - mobile data 5G compatible	0630HU2GVA5	DR-CONGO-ESIM		0	30/06/2026 16:22:11 MEST		y	1			11				B0H72F5JX9						B0H72F5JX9			0	DEFAULT	Migrated Template	Incomplete		
Ecuador eSIM 3GB 15Days	Ecuador eSIM 3GB 15Days - high speed internet - mobile data 5G compatible	0701HUY3PSD	ECUADOR-ESIM		0	01/07/2026 02:22:21 MEST		y	1			11				B0H732MQR9						B0H732MQR9			0	DEFAULT	Migrated Template	Incomplete		
Ägypten eSIM 3GB 15Days	Egypt eSIM 3GB 15Days - high speed internet - mobile data 5G compatible	0701HV89QAX	EGYPT-ESIM		0	01/07/2026 02:26:13 MEST		y	1			11				B0H73CRVJG						B0H73CRVJG			0	DEFAULT	Migrated Template	Incomplete		
EL Salvador eSIM 3GB 15Days	El Salvador eSIM 3GB 15Days - high speed internet - mobile data 5G compatible	0701HVELLZJ	EL-SALVADOR-ESIM		0	01/07/2026 02:36:02 MEST		y	1			11				B0H73DS5B3						B0H73DS5B3			0	DEFAULT	Migrated Template	Incomplete		
Estland eSIM 3GB 15Days	Estonia eSIM 3GB 15Days - high speed internet - mobile data 5G compatible	0701HV19HP8	ESTONIA-ESIM		0	01/07/2026 02:39:44 MEST		y	1			11				B0H73PY373						B0H73PY373			0	DEFAULT	Migrated Template	Incomplete		
Europa (über 40 Bereiche) eSIM 20 GB 30 Tage	Europe(40+ areas) eSIM 20GB 30Days - high speed internet - mobile data 5G compatible	0701HVE7QEI	EUROPE-40-AREAS-ESIM		0	01/07/2026 02:48:16 MEST		y	1			11				B0H72WMTH1						B0H72WMTH1			0	DEFAULT	Migrated Template	Incomplete		
Färöer Inseln eSIM 3GB 15Days	Faroe Islands eSIM 3GB 15Days - high speed internet - mobile data 5G compatible	0630HU0PXSL	FAROE-ISLANDS-ESIM		0	30/06/2026 16:35:39 MEST		y	1			11				B0H72696LH						B0H72696LH			0	DEFAULT	Migrated Template	Incomplete		
Fiji eSIM 5GB 30Days	Fiji eSIM 5GB 30Days - high speed internet - mobile data 5G compatible	0630HU32N57	FIJI-ESIM		0	30/06/2026 16:45:16 MEST		y	1			11				B0H726913C						B0H726913C			0	DEFAULT	Migrated Template	Incomplete		
Finnland eSIM 3GB 15Days	Finland eSIM 3GB 15Days - high speed internet - mobile data 5G compatible	0701HVC4D6Y	FINLAND-ESIM		0	01/07/2026 02:54:54 MEST		y	1			11				B0H73L46SG						B0H73L46SG			0	DEFAULT	Migrated Template	Incomplete		
Frankreich eSIM 3GB 15Days	France eSIM 3GB 15Days - high speed internet - mobile data 5G compatible	0701HV9SEKI	FRANCE-ESIM		0	01/07/2026 03:02:04 MEST		y	1			11				B0H73M6BMW						B0H73M6BMW			0	DEFAULT	Migrated Template	Incomplete		
Französisch-Guayana eSIM 5 GB 30 Tage	French Guiana eSIM 5GB 30Days - high speed internet - mobile data 5G compatible	0630HU76WAR	FRENCH-GUIANA-ESIM		0	30/06/2026 16:54:20 MEST		y	1			11				B0H72G5B2W						B0H72G5B2W			0	DEFAULT	Migrated Template	Incomplete		
Französisch-Polynesien eSIM 5 GB 30 Tage	French Polynesia eSIM 5GB 30Days - high speed internet - mobile data 5G compatible	0630HU9M7NM	FRENCH-POLYNESIA-ESIM		0	30/06/2026 17:03:57 MEST		y	1			11				B0H72GLSXC						B0H72GLSXC			0	DEFAULT	Migrated Template	Incomplete		
Gabun eSIM 3GB 15Days	Gabon eSIM 3GB 15Days - high speed internet - mobile data 5G compatible	0701HV9IUE0	GABON-ESIM		0	01/07/2026 03:13:17 MEST		y	1			11				B0H73B1DBN						B0H73B1DBN			0	DEFAULT	Migrated Template	Incomplete		
Gambia eSIM 3GB 15Days	Gambia eSIM 3GB 15Days - high speed internet - mobile data 5G compatible	0701HY82H62	GAMBIA-ESIM		0	01/07/2026 16:12:15 MEST		y	1			11				B0H7622XJK						B0H7622XJK			0	DEFAULT	Migrated Template	Incomplete		
Georgia eSIM 3GB 15Days	Georgia eSIM 3GB 15Days - high speed internet - mobile data 5G compatible	0701HV7N633	GEORGIA-ESIM		0	01/07/2026 03:16:48 MEST		y	1			11				B0H73JLXGK						B0H73JLXGK			0	DEFAULT	Migrated Template	Incomplete		
Deutschland eSIM 3GB 15Days	Germany eSIM 3GB 15Days - high speed internet - mobile data 5G compatible	0701HVCUVJZ	GERMANY-ESIM		0	01/07/2026 03:23:56 MEST		y	1			11				B0H73Q6YDG						B0H73Q6YDG			0	DEFAULT	Migrated Template	Incomplete		
Ghana eSIM 5GB 30Days	Ghana eSIM 5GB 30Days - high speed internet - mobile data 5G compatible	0630HU9XJJS	GHANA-ESIM		0	30/06/2026 17:13:52 MEST		y	1			11				B0H72JHMVG						B0H72JHMVG			0	DEFAULT	Migrated Template	Incomplete		
Gibraltar eSIM 3GB 15Days	Gibraltar eSIM 3GB 15Days - high speed internet - mobile data 5G compatible	0701HVCT98S	GIBRALTAR-ESIM		0	01/07/2026 03:35:09 MEST		y	1			11				B0H73CXM63						B0H73CXM63			0	DEFAULT	Migrated Template	Incomplete		
Global139 eSIM 5GB 30Days	Global139 eSIM 5GB 30Days - high speed internet - mobile data 5G compatible	0701HVG1QJE	GLOBAL139-ESIM		0	01/07/2026 03:38:51 MEST		y	1			11				B0H73C2QG7						B0H73C2QG7			0	DEFAULT	Migrated Template	Incomplete		
Griechenland eSIM 3GB 15Days	Greece eSIM 3GB 15Days - high speed internet - mobile data 5G compatible	0701HVEUQNL	GREECE-ESIM		0	01/07/2026 03:42:54 MEST		y	1			11				B0H7398FLP						B0H7398FLP			0	DEFAULT	Migrated Template	Incomplete		
Greenland eSIM 3GB 15Days	Greenland eSIM 3GB 15Days - high speed internet - mobile data 5G compatible	0630HU6W3JM	GREENLAND-ESIM		0	30/06/2026 17:23:37 MEST		y	1			11				B0H72MH2JR						B0H72MH2JR			0	DEFAULT	Migrated Template	Incomplete		
Grenada eSIM 5GB 30Days	Grenada eSIM 5GB 30Days - high speed internet - mobile data 5G compatible	0630HU6ZRMP	GRENADA-ESIM		0	30/06/2026 17:33:42 MEST		y	1			11				B0H72B6QVJ						B0H72B6QVJ			0	DEFAULT	Migrated Template	Incomplete		
Guadeloupe eSIM 3GB 15Days	Guadeloupe eSIM 3GB 15Days - high speed internet - mobile data 5G compatible	0701HVEJ8AH	GUADELOUPE-ESIM		0	01/07/2026 03:54:19 MEST		y	1			11				B0H73LD2WR						B0H73LD2WR			0	DEFAULT	Migrated Template	Incomplete		
Guam eSIM 3GB 15Days	Guam eSIM 3GB 15Days - high speed internet - mobile data 5G compatible	0701HVDY4XE	GUAM-ESIM		0	01/07/2026 04:01:07 MEST		y	1			11				B0H73VQ4ZN						B0H73VQ4ZN			0	DEFAULT	Migrated Template	Incomplete		
Guatemala eSIM 3GB 15Days	Guatemala eSIM 3GB 15Days - high speed internet - mobile data 5G compatible	0701HVHPBQ2	GUATEMALA-ESIM		0	01/07/2026 04:11:33 MEST		y	1			11				B0H73SX6BH						B0H73SX6BH			0	DEFAULT	Migrated Template	Incomplete		
Guernsey eSIM 3GB 15Days	Guernsey eSIM 3GB 15Days - high speed internet - mobile data 5G compatible	0701HVIN2XA	GUERNSEY-ESIM		0	01/07/2026 04:15:39 MEST		y	1			11				B0H73PJHSX						B0H73PJHSX			0	DEFAULT	Migrated Template	Incomplete		
Guinea-Bissau eSIM 3GB 15Days	Guinea-Bissau eSIM 3GB 15Days - high speed internet - mobile data 5G compatible	0630HUFX01D	GUINEA-BISSAU-ESIM		0	30/06/2026 17:53:01 MEST		y	1			11				B0H727YHNR						B0H727YHNR			0	DEFAULT	Migrated Template	Incomplete		
Guinea eSIM 3GB 15Days	Guinea eSIM 3GB 15Days - high speed internet - mobile data 5G compatible	0630HU4FMTT	GUINEA-ESIM		0	30/06/2026 17:43:48 MEST		y	1			11				B0H72GM4RX						B0H72GM4RX			0	DEFAULT	Migrated Template	Incomplete		
Guyana eSIM 3GB 15Days	Guyana eSIM 3GB 15Days - high speed internet - mobile data 5G compatible	0630HUK4X1G	GUYANA-ESIM		0	30/06/2026 18:02:54 MEST		y	1			11				B0H72HB329						B0H72HB329			0	DEFAULT	Migrated Template	Incomplete		
Haiti eSIM 3GB 15Days	Haiti eSIM 3GB 15Days - high speed internet - mobile data 5G compatible	0630HUEDUKS	HAITI-ESIM		0	30/06/2026 18:12:49 MEST		y	1			11				B0H72C5DFG						B0H72C5DFG			0	DEFAULT	Migrated Template	Incomplete		
Hajjj Package Luxury eSIM | Saudi-Arabien Reisedaten | Reiseführer enthalten | 3G/4G/5G Geschwindigkeiten	Premium Islamic Hajj eSIM package with 10GB data valid for 30 days. Includes Hajj Luxury Travel Guide and exclusive Saudi Arabian travel guides. Instant QR activation for use across Saudi Arabia.	0630HTO3WXM	HAJJ-LUXURY-ESIM		0	30/06/2026 13:08:12 MEST		y	1			11				B0H71TYKF1						B0H71TYKF1			0	DEFAULT	Migrated Template	Incomplete		
Honduras eSIM 3GB 15Days	Honduras eSIM 3GB 15Days - high speed internet - mobile data 5G compatible	0701HVMFRWL	HONDURAS-ESIM		0	01/07/2026 04:25:55 MEST		y	1			11				B0H73P446S						B0H73P446S			0	DEFAULT	Migrated Template	Incomplete		
Hong Kong eSIM 20GB 30Days	Hong Kong eSIM 3GB 15Days - high speed internet - mobile data 5G compatible	0701HVKLUSA	HONG-KONG-ESIM		0	01/07/2026 04:29:58 MEST		y	1			11				B0H73N9WS9						B0H73N9WS9			0	DEFAULT	Migrated Template	Incomplete		
Ungarn eSIM 3GB 15Days	Hungary eSIM 3GB 15Days - high speed internet - mobile data 5G compatible	0701HVLPS22	HUNGARY-ESIM		0	01/07/2026 04:40:18 MEST		y	1			11				B0H73YCRZR						B0H73YCRZR			0	DEFAULT	Migrated Template	Incomplete		
Island eSIM 3GB 15Days	Iceland eSIM 3GB 15Days - high speed internet - mobile data 5G compatible	0701HVMZSCY	ICELAND-ESIM		0	01/07/2026 04:50:42 MEST		y	1			11				B0H73RZFP3						B0H73RZFP3			0	DEFAULT	Migrated Template	Incomplete		
Indien eSIM 3 GB 15 Tage	India eSIM 3GB 15Days - high speed internet - mobile data 5G compatible	0701HVN6G3T	INDIA-ESIM		0	01/07/2026 05:00:58 MEST		y	1			11				B0H73QWNHS						B0H73QWNHS			0	DEFAULT	Migrated Template	Incomplete		
Indonesien eSIM 3GB 15Days	Indonesia eSIM 3GB 15Days - high speed internet - mobile data 5G compatible	0701HVUPPWL	INDONESIA-ESIM		0	01/07/2026 05:12:36 MEST		y	1			11				B0H73VDRKX						B0H73VDRKX			0	DEFAULT	Migrated Template	Incomplete		
Irak eSIM 5GB 30Days	Iraq eSIM 5GB 30Days - high speed internet - mobile data 5G compatible	0630HUD7ITH	IRAQ-ESIM		0	30/06/2026 18:22:35 MEST		y	1			11				B0H72C3BQX						B0H72C3BQX			0	DEFAULT	Migrated Template	Incomplete		
Irland eSIM 3GB 15Days	Ireland eSIM 3GB 15Days - high speed internet - mobile data 5G compatible	0701HVS37AU	IRELAND-ESIM		0	01/07/2026 05:24:14 MEST		y	1			11				B0H744MR3F						B0H744MR3F			0	DEFAULT	Migrated Template	Incomplete		
Isle of Man eSIM 3GB 15Days	Isle of Man eSIM 3GB 15Days - high speed internet - mobile data 5G compatible	0701HVS87LG	ISLE-OF-MAN-ESIM		0	01/07/2026 05:35:43 MEST		y	1			11				B0H73WR78Q						B0H73WR78Q			0	DEFAULT	Migrated Template	Incomplete		
Israel eSIM 3GB 15Days	Israel eSIM 3GB 15Days - high speed internet - mobile data 5G compatible	0701HVYBVRL	ISRAEL-ESIM		0	01/07/2026 05:46:40 MEST		y	1			11				B0H73PQJKS						B0H73PQJKS			0	DEFAULT	Migrated Template	Incomplete		
Italien eSIM 5GB 30Days	Italy eSIM 5GB 30Days - high speed internet - mobile data 5G compatible	0701HVV3RQ9	ITALY-ESIM		0	01/07/2026 05:57:18 MEST		y	1			11				B0H73QPR8Y						B0H73QPR8Y			0	DEFAULT	Migrated Template	Incomplete		
Jamaica eSIM 5GB 30Days	Jamaica eSIM 5GB 30Days - high speed internet - mobile data 5G compatible	0630HUJIUJZ	JAMAICA-ESIM		0	30/06/2026 18:32:08 MEST		y	1			11				B0H729F9JF						B0H729F9JF			0	DEFAULT	Migrated Template	Incomplete		
Japan eSIM 5 GB 30 Tage	Japan eSIM 5GB 30Days - high speed internet - mobile data 5G compatible	0701HVVRYA8	JAPAN-ESIM		0	01/07/2026 06:08:58 MEST		y	1			11				B0H74CZ8QL						B0H74CZ8QL			0	DEFAULT	Migrated Template	Incomplete		
Jersey eSIM 3GB 15Days	Jersey eSIM 3GB 15Days - high speed internet - mobile data 5G compatible	0701HVSYGAW	JERSEY-ESIM		0	01/07/2026 06:20:13 MEST		y	1			11				B0H73XKP8S						B0H73XKP8S			0	DEFAULT	Migrated Template	Incomplete		
Jordan eSIM 3GB 15Days	Jordan eSIM 3GB 15Days - high speed internet - mobile data 5G compatible	0701HVVZP7B	JORDAN-ESIM		0	01/07/2026 06:30:51 MEST		y	1			11				B0H74FTBD5						B0H74FTBD5			0	DEFAULT	Migrated Template	Incomplete		
Kasachstan eSIM 3GB 15Days	Kazakhstan eSIM 3GB 15Days - high speed internet - mobile data 5G compatible	0701HVVCMI8	KAZAKHSTAN-ESIM		0	01/07/2026 06:41:17 MEST		y	1			11				B0H74D9743						B0H74D9743			0	DEFAULT	Migrated Template	Incomplete		
Kenia eSIM 3GB 15Days	Kenya eSIM 3GB 15Days - high speed internet - mobile data 5G compatible	0701HVQASZR	KENYA-ESIM		0	01/07/2026 06:51:32 MEST		y	1			11				B0H7467T4V						B0H7467T4V			0	DEFAULT	Migrated Template	Incomplete		
Kuwait eSIM 3GB 15Days	Kuwait eSIM 3GB 15Days - high speed internet - mobile data 5G compatible	0701HW3AZQB	KUWAIT-ESIM		0	01/07/2026 06:59:08 MEST		y	1			11				B0H744HV3X						B0H744HV3X			0	DEFAULT	Migrated Template	Incomplete		
Kyrgyzstan eSIM 3GB 15Days	Kyrgyzstan eSIM 3GB 15Days - high speed internet - mobile data 5G compatible	0701HWANIAG	KYRGYZSTAN-ESIM		0	01/07/2026 07:09:22 MEST		y	1			11				B0H74LZR5F						B0H74LZR5F			0	DEFAULT	Migrated Template	Incomplete		
Laos eSIM 5GB 30Days	Laos eSIM 5GB 30Days - high speed internet - mobile data 5G compatible	0630HUHLGVZ	LAOS-ESIM		0	30/06/2026 18:41:21 MEST		y	1			11				B0H72L2VZ1						B0H72L2VZ1			0	DEFAULT	Migrated Template	Incomplete		
Lettland eSIM 3GB 15Days	Latvia eSIM 3GB 15Days - high speed internet - mobile data 5G compatible	0701HVQOJK3	LATVIA-ESIM		0	01/07/2026 07:16:13 MEST		y	1			11				B0H74FTS59						B0H74FTS59			0	DEFAULT	Migrated Template	Incomplete		
Liberia eSIM 3GB 15Days	Liberia eSIM 3GB 15Days - high speed internet - mobile data 5G compatible	0701HW5J3WZ	LIBERIA-ESIM		0	01/07/2026 07:25:47 MEST		y	1			11				B0H74NVWBQ						B0H74NVWBQ			0	DEFAULT	Migrated Template	Incomplete		
Libyen eSIM 5GB 30Days	Libya eSIM 5GB 30Days - high speed internet - mobile data 5G compatible	0630HUBLWIF	LIBYA-ESIM		0	30/06/2026 18:50:36 MEST		y	1			11				B0H72DTBVV						B0H72DTBVV			0	DEFAULT	Migrated Template	Incomplete		
Liechtenstein eSIM 3GB 15Days	Liechtenstein eSIM 3GB 15Days - high speed internet - mobile data 5G compatible	0701HVTNU3U	LIECHTENSTEIN-ESIM		0	01/07/2026 07:32:26 MEST		y	1			11				B0H74PM4NY						B0H74PM4NY			0	DEFAULT	Migrated Template	Incomplete		
Litauen eSIM 3GB 15Days	Lithuania eSIM 3GB 15Days - high speed internet - mobile data 5G compatible	0701HVYZQDF	LITHUANIA-ESIM		0	01/07/2026 07:36:27 MEST		y	1			11				B0H74JNJPZ						B0H74JNJPZ			0	DEFAULT	Migrated Template	Incomplete		
Luxemburg eSIM 3GB 15Days	Luxembourg eSIM 3GB 15Days - high speed internet - mobile data 5G compatible	0701HW8W9DM	LUXEMBOURG-ESIM		0	01/07/2026 07:47:36 MEST		y	1			11				B0H74B6WYB						B0H74B6WYB			0	DEFAULT	Migrated Template	Incomplete		
Macao eSIM 3GB 15Days	Macao eSIM 3GB 15Days - high speed internet - mobile data 5G compatible	0701HW7GT2G	MACAO-ESIM		0	01/07/2026 07:57:21 MEST		y	1			11				B0H748Y5VH						B0H748Y5VH			0	DEFAULT	Migrated Template	Incomplete		
Madagascar eSIM 3GB 15Days	Madagascar eSIM 3GB 15Days - high speed internet - mobile data 5G compatible	0701HW96QM5	MADAGASCAR-ESIM		0	01/07/2026 08:07:05 MEST		y	1			11				B0H74L6K4W						B0H74L6K4W			0	DEFAULT	Migrated Template	Incomplete		
Malawi eSIM 3GB 15Days	Malawi eSIM 3GB 15Days - high speed internet - mobile data 5G compatible	0701HW7OMD7	MALAWI-ESIM		0	01/07/2026 08:10:37 MEST		y	1			11				B0H74GBBFB						B0H74GBBFB			0	DEFAULT	Migrated Template	Incomplete		
Malaysia eSIM 5GB 30Days	Malaysia eSIM 5GB 30Days - high speed internet - mobile data 5G compatible	0701HWA4Q29	MALAYSIA-ESIM		0	01/07/2026 08:17:46 MEST		y	1			11				B0H74TSHCZ						B0H74TSHCZ			0	DEFAULT	Migrated Template	Incomplete		
Malediven eSIM 5GB 30Days	Maldives eSIM 5GB 30Days - high speed internet - mobile data 5G compatible	0630HUKESD8	MALDIVES-ESIM		0	30/06/2026 18:59:59 MEST		y	1			11				B0H72GGQ9Z						B0H72GGQ9Z			0	DEFAULT	Migrated Template	Incomplete		
Mali eSIM 3GB 15Days	Mali eSIM 3GB 15Days - high speed internet - mobile data 5G compatible	0701HW7YOUX	MALI-ESIM		0	01/07/2026 08:29:13 MEST		y	1			11				B0H74QPJTG						B0H74QPJTG			0	DEFAULT	Migrated Template	Incomplete		
Malta eSIM 3GB 15Days	Malta eSIM 3GB 15Days - high speed internet - mobile data 5G compatible	0701HWD5WBX	MALTA-ESIM		0	01/07/2026 08:33:15 MEST		y	1			11				B0H74VQ32S						B0H74VQ32S			0	DEFAULT	Migrated Template	Incomplete		
Martinique eSIM 5GB 30Days	Martinique eSIM 5GB 30Days - high speed internet - mobile data 5G compatible	0630HUHX63L	MARTINIQUE-ESIM		0	30/06/2026 19:09:43 MEST		y	1			11				B0H72MCFH8						B0H72MCFH8			0	DEFAULT	Migrated Template	Incomplete		
Mauritius eSIM 3GB 15Days	Mauritius eSIM 3GB 15Days - high speed internet - mobile data 5G compatible	0701HY4T4SO	MAURITIUS-ESIM		0	01/07/2026 16:20:11 MEST		y	1			11				B0H75YGJBX						B0H75YGJBX			0	DEFAULT	Migrated Template	Incomplete		
Mayotte eSIM 5GB 30Days	Mayotte eSIM 5GB 30Days - high speed internet - mobile data 5G compatible	0630HUBURKL	MAYOTTE-ESIM		0	30/06/2026 19:19:08 MEST		y	1			11				B0H72NGXVJ						B0H72NGXVJ			0	DEFAULT	Migrated Template	Incomplete		
Mexiko eSIM 3GB 15Days	Mexico eSIM 3GB 15Days - high speed internet - mobile data 5G compatible	0701HWDJ49Y	MEXICO-ESIM		0	01/07/2026 08:44:03 MEST		y	1			11				B0H74XQ9Q2						B0H74XQ9Q2			0	DEFAULT	Migrated Template	Incomplete		
Middle East eSIM 5GB 30Days	Middle East eSIM 5GB 30Days - high speed internet - mobile data 5G compatible	0701HWFCCMM	MIDDLE-EAST-ESIM		0	01/07/2026 08:54:48 MEST		y	1			11				B0H74QJK8M						B0H74QJK8M			0	DEFAULT	Migrated Template	Incomplete		
Moldawien eSIM 3GB 15Days	Moldova eSIM 3GB 15Days - high speed internet - mobile data 5G compatible	0701HWE6EL5	MOLDOVA-ESIM		0	01/07/2026 08:58:40 MEST		y	1			11				B0H7531PR1						B0H7531PR1			0	DEFAULT	Migrated Template	Incomplete		
Monaco eSIM 3GB 15Days	Monaco eSIM 3GB 15Days - high speed internet - mobile data 5G compatible	0701HWG6LR8	MONACO-ESIM		0	01/07/2026 09:02:32 MEST		y	1			11				B0H74XFXPP						B0H74XFXPP			0	DEFAULT	Migrated Template	Incomplete		
Mongolei eSIM 3GB 15Days	Mongolia eSIM 3GB 15Days - high speed internet - mobile data 5G compatible	0701HWJPDK7	MONGOLIA-ESIM		0	01/07/2026 09:09:51 MEST		y	1			11				B0H74WH4R4						B0H74WH4R4			0	DEFAULT	Migrated Template	Incomplete		
Montserrat eSIM 5GB 30Days	Montserrat eSIM 5GB 30Days - high speed internet - mobile data 5G compatible	0630HUI01M6	MONTSERRAT-ESIM		0	30/06/2026 19:29:03 MEST		y	1			11				B0H72H7NCF						B0H72H7NCF			0	DEFAULT	Migrated Template	Incomplete		
Marokko eSIM 5GB 30Days	Morocco eSIM 5GB 30Days - high speed internet - mobile data 5G compatible	0701HWVWGA5	MOROCCO-ESIM		0	01/07/2026 09:17:45 MEST		y	1			11				B0H74V6L7H						B0H74V6L7H			0	DEFAULT	Migrated Template	Incomplete		
Mosambik eSIM 3GB 15Days	Mozambique eSIM 3GB 15Days - high speed internet - mobile data 5G compatible	0701HWGW3TS	MOZAMBIQUE-ESIM		0	01/07/2026 09:29:22 MEST		y	1			11				B0H74Q8B1L						B0H74Q8B1L			0	DEFAULT	Migrated Template	Incomplete		
Nepal eSIM 3GB 15Days	Nepal eSIM 3GB 15Days - high speed internet - mobile data 5G compatible	0701HWKGBQ9	NEPAL-ESIM		0	01/07/2026 09:36:52 MEST		y	1			11				B0H752SZQZ						B0H752SZQZ			0	DEFAULT	Migrated Template	Incomplete		
Niederlande eSIM 5GB 30Days	Netherlands eSIM 5GB 30Days - high speed internet - mobile data 5G compatible	0701HWMYS32	NETHERLANDS-ESIM		0	01/07/2026 09:41:04 MEST		y	1			11				B0H74Y7MQ8						B0H74Y7MQ8			0	DEFAULT	Migrated Template	Incomplete		
Neuseeland eSIM 3GB 15Days	New Zealand eSIM 3GB 15Days - high speed internet - mobile data 5G compatible	0701HWP8YRN	NEW-ZEALAND-ESIM		0	01/07/2026 09:52:18 MEST		y	1			11				B0H74RLDWV						B0H74RLDWV			0	DEFAULT	Migrated Template	Incomplete		
Nicaragua eSIM 3GB 15Days	Nicaragua eSIM 3GB 15Days - high speed internet - mobile data 5G compatible	0701HWQY6BH	NICARAGUA-ESIM		0	01/07/2026 10:02:24 MEST		y	1			11				B0H74RB3K2						B0H74RB3K2			0	DEFAULT	Migrated Template	Incomplete		
Niger eSIM 3GB 15Days	Niger eSIM 3GB 15Days - high speed internet - mobile data 5G compatible	0701HWTXKG2	NIGER-ESIM		0	01/07/2026 10:06:37 MEST		y	1			11				B0H74WT2N1						B0H74WT2N1			0	DEFAULT	Migrated Template	Incomplete		
Nigeria eSIM 3GB 15Days	Nigeria eSIM 3GB 15Days - high speed internet - mobile data 5G compatible	0701HWU8IAQ	NIGERIA-ESIM		0	01/07/2026 10:10:51 MEST		y	1			11				B0H753GVK6						B0H753GVK6			0	DEFAULT	Migrated Template	Incomplete		
Nordamerika eSIM 5GB 30Days	North America eSIM 5GB 30Days - high speed internet - mobile data 5G compatible	0701HWL2FUY	NORTH-AMERICA-ESIM		0	01/07/2026 10:15:05 MEST		y	1			11				B0H74VV2P8						B0H74VV2P8			0	DEFAULT	Migrated Template	Incomplete		
Nordmazedonien eSIM 3GB 15Days	North Macedonia eSIM 3GB 15Days - high speed internet - mobile data 5G compatible	0701HWI8G9D	NORTH-MACEDONIA-ESIM		0	01/07/2026 10:19:20 MEST		y	1			11				B0H754QMM8						B0H754QMM8			0	DEFAULT	Migrated Template	Incomplete		
Norwegen eSIM 3GB 15Days	Norway eSIM 3GB 15Days - high speed internet - mobile data 5G compatible	0701HWLCJPA	NORWAY-ESIM		0	01/07/2026 10:27:13 MEST		y	1			11				B0H755MCYZ						B0H755MCYZ			0	DEFAULT	Migrated Template	Incomplete		
Oman eSIM 3GB 15Days	Oman eSIM 3GB 15Days - high speed internet - mobile data 5G compatible	0701HWIQ4J8	OMAN-ESIM		0	01/07/2026 10:38:46 MEST		y	1			11				B0H75528Q1						B0H75528Q1			0	DEFAULT	Migrated Template	Incomplete		
Pakistan eSIM 3GB 15Days	Pakistan eSIM 3GB 15Days - high speed internet - mobile data 5G compatible	0701HWOQYIY	PAKISTAN-ESIM		0	01/07/2026 10:46:42 MEST		y	1			11				B0H755MQZ4						B0H755MQZ4			0	DEFAULT	Migrated Template	Incomplete		
Panama eSIM 3GB 15Days	Panama eSIM 3GB 15Days - high speed internet - mobile data 5G compatible	0701HX0LANQ	PANAMA-ESIM		0	01/07/2026 10:58:15 MEST		y	1			11				B0H7568YXY						B0H7568YXY			0	DEFAULT	Migrated Template	Incomplete		
Paraguay eSIM 3GB 15Days	Paraguay eSIM 3GB 15Days - high speed internet - mobile data 5G compatible	0701HWY0WLD	PARAGUAY-ESIM		0	01/07/2026 11:02:30 MEST		y	1			11				B0H756BNYD						B0H756BNYD			0	DEFAULT	Migrated Template	Incomplete		
Peru eSIM 3GB 15Days	Peru eSIM 3GB 15Days - high speed internet - mobile data 5G compatible	0630HTKNTKX	PERU-ESIM		0	30/06/2026 13:15:00 MEST		y	1			11				B0H721FRHN						B0H721FRHN			0	DEFAULT	Migrated Template	Incomplete		
Philippinen eSIM 3GB 15Days	Philippines eSIM 3GB 15Days - high speed internet - mobile data 5G compatible	0701HWVBGZH	PHILIPPINES-ESIM		0	01/07/2026 11:06:46 MEST		y	1			11				B0H75BQTZW						B0H75BQTZW			0	DEFAULT	Migrated Template	Incomplete		
Polen eSIM 5GB 30Days	Poland eSIM 5GB 30Days - high speed internet - mobile data 5G compatible	0701HX2HNLM	POLAND-ESIM		0	01/07/2026 11:18:23 MEST		y	1			11				B0H75BSKCN						B0H75BSKCN			0	DEFAULT	Migrated Template	Incomplete		
Portugal eSIM 5GB 30Days	Portugal eSIM 5GB 30Days - high speed internet - mobile data 5G compatible	0701HXE9FKZ	PORTUGAL-ESIM		0	01/07/2026 11:30:00 MEST		y	1			11				B0H758TF1T						B0H758TF1T			0	DEFAULT	Migrated Template	Incomplete		
Puerto Rico eSIM 3GB 15Days	Puerto Rico eSIM 3GB 15Days - high speed internet - mobile data 5G compatible	0701HX57W6W	PUERTO-RICO-ESIM		0	01/07/2026 11:41:36 MEST		y	1			11				B0H75B3ZYK						B0H75B3ZYK			0	DEFAULT	Migrated Template	Incomplete		
Qatar eSIM 5GB 30Days	Qatar eSIM 5GB 30Days - high speed internet - mobile data 5G compatible	0701HX7UPON	QATAR-ESIM		0	01/07/2026 11:49:33 MEST		y	1			11				B0H75FDBG4						B0H75FDBG4			0	DEFAULT	Migrated Template	Incomplete		
Republik Kongo eSIM 5GB 30Days	Republic of the Congo eSIM 5GB 30Days - high speed internet - mobile data 5G compatible	0630HU8ZVCK	REPUBLIC-OF-THE-CONGO-ESIM		0	30/06/2026 19:39:00 MEST		y	1			11				B0H72JM9ZB						B0H72JM9ZB			0	DEFAULT	Migrated Template	Incomplete		
Reunion eSIM 3GB 15Days	Reunion eSIM 3GB 15Days - high speed internet - mobile data 5G compatible	0701HX8Q1BW	REUNION-ESIM		0	01/07/2026 12:01:09 MEST		y	1			11				B0H759DF21						B0H759DF21			0	DEFAULT	Migrated Template	Incomplete		
Rumänien eSIM 5GB 30Days	Romania eSIM 5GB 30Days - high speed internet - mobile data 5G compatible	0630HUHU436	ROMANIA-ESIM		0	30/06/2026 19:48:46 MEST		y	1			11				B0H72KS4JQ						B0H72KS4JQ			0	DEFAULT	Migrated Template	Incomplete		
Russland eSIM 5GB 30Days	Russia eSIM 5GB 30Days - high speed internet - mobile data 5G compatible	0630HUFEAI5	RUSSIA-ESIM		0	30/06/2026 19:58:22 MEST		y	1			11				B0H72Q4VQ7						B0H72Q4VQ7			0	DEFAULT	Migrated Template	Incomplete		
Ruanda eSIM 5GB 30Days	Rwanda eSIM 5GB 30Days - high speed internet - mobile data 5G compatible	0630HUKRAPQ	RWANDA-ESIM		0	30/06/2026 20:08:08 MEST		y	1			11				B0H72TCZ75						B0H72TCZ75			0	DEFAULT	Migrated Template	Incomplete		
Saint Barthelemy eSIM 5GB 30Days	Saint Barthelemy eSIM 5GB 30Days - high speed internet - mobile data 5G compatible	0630HUM4OOB	SAINT-BARTHELEMY-ESIM		0	30/06/2026 20:17:55 MEST		y	1			11				B0H72VH91H						B0H72VH91H			0	DEFAULT	Migrated Template	Incomplete		
Saint Kitts und Nevis eSIM 5GB 30Days	Saint Kitts and Nevis eSIM 5GB 30Days - high speed internet - mobile data 5G compatible	0630HULC81N	SAINT-KITTS-AND-NEVIS-ESIM		0	30/06/2026 20:27:31 MEST		y	1			11				B0H72V82X8						B0H72V82X8			0	DEFAULT	Migrated Template	Incomplete		
Saint Lucia eSIM 5GB 30Days	Saint Lucia eSIM 5GB 30Days - high speed internet - mobile data 5G compatible	0630HUNYU4J	SAINT-LUCIA-ESIM		0	30/06/2026 20:37:15 MEST		y	1			11				B0H72V7K5N						B0H72V7K5N			0	DEFAULT	Migrated Template	Incomplete		
Saint Martin eSIM 5GB 30Days	Saint Martin eSIM 5GB 30Days - high speed internet - mobile data 5G compatible	0630HUGVW1C	SAINT-MARTIN-ESIM		0	30/06/2026 20:46:28 MEST		y	1			11				B0H73HMJQ6						B0H73HMJQ6			0	DEFAULT	Migrated Template	Incomplete		
St. Vincent und die Grenadinen eSIM 3GB 15Days	Saint Vincent and the Grenadines eSIM 3GB 15Days - high speed internet - mobile data 5G compatible	0630HUJBG44	SAINT-VINCENT-AND-THE-GRENADINES-ESIM		0	30/06/2026 20:56:03 MEST		y	1			11				B0H73CWDCF						B0H73CWDCF			0	DEFAULT	Migrated Template	Incomplete		
Samoa eSIM 5GB 30Days	Samoa eSIM 5GB 30Days - high speed internet - mobile data 5G compatible	0630HULOCOO	SAMOA-ESIM		0	30/06/2026 21:06:54 MEST		y	1			11				B0H737BF38						B0H737BF38			0	DEFAULT	Migrated Template	Incomplete		
San Marino eSIM 5GB 30Days	San Marino eSIM 5GB 30Days - high speed internet - mobile data 5G compatible	0630HUR7V68	SAN-MARINO-ESIM		0	30/06/2026 21:16:49 MEST		y	1			11				B0H73DK4QR						B0H73DK4QR			0	DEFAULT	Migrated Template	Incomplete		
Saudi-Arabien eSIM 3GB 15Days	Saudi Arabia eSIM 3GB 15Days - high speed internet - mobile data 5G compatible	0701HXKDMN8	SAUDI-ARABIA-ESIM		0	01/07/2026 12:09:04 MEST		y	1			11				B0H75GXRDQ						B0H75GXRDQ			0	DEFAULT	Migrated Template	Incomplete		
Senegal eSIM 5GB 30Days	Senegal eSIM 5GB 30Days - high speed internet - mobile data 5G compatible	0701HXR8YAJ	SENEGAL-ESIM		0	01/07/2026 12:20:42 MEST		y	1			11				B0H75GT4HF						B0H75GT4HF			0	DEFAULT	Migrated Template	Incomplete		
Serbien eSIM 3GB 15Days	Serbia eSIM 3GB 15Days - high speed internet - mobile data 5G compatible	0701HXIOB4C	SERBIA-ESIM		0	01/07/2026 12:28:29 MEST		y	1			11				B0H75N5YYK						B0H75N5YYK			0	DEFAULT	Migrated Template	Incomplete		
Seychelles eSIM 5GB 30Days	Seychelles eSIM 5GB 30Days - high speed internet - mobile data 5G compatible	0701HXIWRAF	SEYCHELLES-ESIM		0	01/07/2026 12:36:27 MEST		y	1			11				B0H75HMZNF						B0H75HMZNF			0	DEFAULT	Migrated Template	Incomplete		
Sierra Leone eSIM 5GB 30Days	Sierra Leone eSIM 5GB 30Days - high speed internet - mobile data 5G compatible	0630HURCSLJ	SIERRA-LEONE-ESIM		0	30/06/2026 21:26:56 MEST		y	1			11				B0H72W73D2						B0H72W73D2			0	DEFAULT	Migrated Template	Incomplete		
Singapur eSIM 20GB 30Days	Singapore eSIM 20GB 30Days - high speed internet - mobile data 5G compatible	0701HXFZUQQ	SINGAPORE-ESIM		0	01/07/2026 12:44:24 MEST		y	1			11				B0H75R4K1Q						B0H75R4K1Q			0	DEFAULT	Migrated Template	Incomplete		
Slowakei eSIM 3GB 15Days	Slovakia eSIM 3GB 15Days - high speed internet - mobile data 5G compatible	0701HXOOHFL	SLOVAKIA-ESIM		0	01/07/2026 12:52:10 MEST		y	1			11				B0H75K72V2						B0H75K72V2			0	DEFAULT	Migrated Template	Incomplete		
Slowenien eSIM 3GB 15Days	Slovenia eSIM 3GB 15Days - high speed internet - mobile data 5G compatible	0701HXADENQ	SLOVENIA-ESIM		0	01/07/2026 13:03:30 MEST		y	1			11				B0H75PVMNL						B0H75PVMNL			0	DEFAULT	Migrated Template	Incomplete		
Südafrika eSIM 5GB 30Days	South Africa eSIM 5GB 30Days - high speed internet - mobile data 5G compatible	0701HXM9YNG	SOUTH-AFRICA-ESIM		0	01/07/2026 13:15:06 MEST		y	1			11				B0H75TRYZS						B0H75TRYZS			0	DEFAULT	Migrated Template	Incomplete		
Südamerika eSIM 5GB 30Days	South America eSIM 5GB 30Days - high speed internet - mobile data 5G compatible	0701HXPBW3S	SOUTH-AMERICA-ESIM		0	01/07/2026 13:19:21 MEST		y	1			11				B0H75M494G						B0H75M494G			0	DEFAULT	Migrated Template	Incomplete		
Südkorea eSIM 5GB 30Days	South Korea eSIM 5GB 30Days - high speed internet - mobile data 5G compatible	0701HXTZVV2	SOUTH-KOREA-ESIM		0	01/07/2026 13:23:36 MEST		y	1			11				B0H75LZ6XK						B0H75LZ6XK			0	DEFAULT	Migrated Template	Incomplete		
Spanien eSIM 5GB 30Days	Spain eSIM 5GB 30Days - high speed internet - mobile data 5G compatible	0701HXR73DV	SPAIN-ESIM		0	01/07/2026 13:35:15 MEST		y	1			11				B0H75ZCFHM						B0H75ZCFHM			0	DEFAULT	Migrated Template	Incomplete		
Sri Lanka eSIM 3GB 15Days	Sri Lanka eSIM 3GB 15Days - high speed internet - mobile data 5G compatible	0701HXK28TS	SRI-LANKA-ESIM		0	01/07/2026 13:46:54 MEST		y	1			11				B0H75R4QW2						B0H75R4QW2			0	DEFAULT	Migrated Template	Incomplete		
Sudan eSIM 3GB 15Days	Sudan eSIM 3GB 15Days - high speed internet - mobile data 5G compatible	0701HXK66V6	SUDAN-ESIM		0	01/07/2026 13:58:31 MEST		y	1			11				B0H75SK7PF						B0H75SK7PF			0	DEFAULT	Migrated Template	Incomplete		
Suriname eSIM 5GB 30Days	Suriname eSIM 5GB 30Days - high speed internet - mobile data 5G compatible	0630HUQBVL0	SURINAME-ESIM		0	30/06/2026 21:36:42 MEST		y	1			11				B0H72WRD3Y						B0H72WRD3Y			0	DEFAULT	Migrated Template	Incomplete		
St. Vincent und die Grenadinen eSIM 20GB 30Days	Saint Vincent and the Grenadines eSIM 20GB 30Days - high speed internet - mobile data 5G compatible	0630HUIRDOB	SVG-ESIM		0	30/06/2026 21:02:52 MEST		y	1			11				B0H72WYXKX						B0H72WYXKX			0	DEFAULT	Migrated Template	Incomplete		
Schweden eSIM 3GB 15Days	Sweden eSIM 3GB 15Days - high speed internet - mobile data 5G compatible	0701HXN345A	SWEDEN-ESIM		0	01/07/2026 14:06:07 MEST		y	1			11				B0H75QH5VL						B0H75QH5VL			0	DEFAULT	Migrated Template	Incomplete		
Schweiz eSIM 3GB 15Days	Switzerland eSIM 3GB 15Days - high speed internet - mobile data 5G compatible	0701HXR5N7S	SWITZERLAND-ESIM		0	01/07/2026 14:17:46 MEST		y	1			11				B0H75TGGQQ						B0H75TGGQQ			0	DEFAULT	Migrated Template	Incomplete		
Tadschikistan eSIM 5GB 30Days	Tajikistan eSIM 5GB 30Days - high speed internet - mobile data 5G compatible	0630HURB7ZR	TAJIKISTAN-ESIM		0	30/06/2026 21:46:25 MEST		y	1			11				B0H73HF1KQ						B0H73HF1KQ			0	DEFAULT	Migrated Template	Incomplete		
Tansania eSIM 3GB 15Days	Tanzania eSIM 3GB 15Days - high speed internet - mobile data 5G compatible	0701HXU5YEU	TANZANIA-ESIM		0	01/07/2026 14:29:28 MEST		y	1			11				B0H75Z5D9W						B0H75Z5D9W			0	DEFAULT	Migrated Template	Incomplete		
Thailand eSIM 3GB 15Days	Thailand eSIM 3GB 15Days - high speed internet - mobile data 5G compatible	0701HXWMH6D	THAILAND-ESIM		0	01/07/2026 14:33:45 MEST		y	1			11				B0H75STDWH						B0H75STDWH			0	DEFAULT	Migrated Template	Incomplete		
Trinidad und Tobago eSIM 5GB 30Days	Trinidad and Tobago eSIM 5GB 30Days - high speed internet - mobile data 5G compatible	0630HURT1JT	TRINIDAD-AND-TOBAGO-ESIM		0	30/06/2026 21:56:29 MEST		y	1			11				B0H73FBXG1						B0H73FBXG1			0	DEFAULT	Migrated Template	Incomplete		
Tunesien eSIM 5GB 30Days	Tunisia eSIM 5GB 30Days - high speed internet - mobile data 5G compatible	0701HXXUR10	TUNISIA-ESIM		0	01/07/2026 14:45:22 MEST		y	1			11				B0H75VJBTJ						B0H75VJBTJ			0	DEFAULT	Migrated Template	Incomplete		
Türkei eSIM 3GB 15Days	Turkey eSIM 3GB 15Days - high speed internet - mobile data 5G compatible	0701HY2U0JT	TURKEY-ESIM		0	01/07/2026 14:49:37 MEST		y	1			11				B0H75THYK9						B0H75THYK9			0	DEFAULT	Migrated Template	Incomplete		
Turks- und Caicosinseln eSIM 5GB 30Days	Turks and Caicos Islands eSIM 5GB 30Days - high speed internet - mobile data 5G compatible	0630HUQKQ6H	TURKS-AND-CAICOS-ISLANDS-ESIM		0	30/06/2026 22:06:55 MEST		y	1			11				B0H73F181N						B0H73F181N			0	DEFAULT	Migrated Template	Incomplete		
Uganda eSIM 3GB 15Days	Uganda eSIM 3GB 15Days - high speed internet - mobile data 5G compatible	0701HXZEXSR	UGANDA-ESIM		0	01/07/2026 15:01:13 MEST		y	1			11				B0H75ZX5D3						B0H75ZX5D3			0	DEFAULT	Migrated Template	Incomplete		
Ukraine eSIM 3GB 15Days	Ukraine eSIM 3GB 15Days - high speed internet - mobile data 5G compatible	0701HY6ZLF1	UKRAINE-ESIM		0	01/07/2026 15:05:08 MEST		y	1			11				B0H766BK31						B0H766BK31			0	DEFAULT	Migrated Template	Incomplete		
United Arab Emirates eSIM 3GB 15Days	United Arab Emirates eSIM 3GB 15Days - high speed internet - mobile data 5G compatible	0701HY0LKKT	UNITED-ARAB-EMIRATES-ESIM		0	01/07/2026 15:13:04 MEST		y	1			11				B0H7682KD8						B0H7682KD8			0	DEFAULT	Migrated Template	Incomplete		
Vereinigtes Königreich eSIM 3 GB 15 Tage	United Kingdom eSIM 3GB 15Days - high speed internet - mobile data 5G compatible	0701HY3VCEU	UNITED-KINGDOM-ESIM		0	01/07/2026 15:24:39 MEST		y	1			11				B0H75W3SV4						B0H75W3SV4			0	DEFAULT	Migrated Template	Incomplete		
United States eSIM 3GB 15Days	United States eSIM 3GB 15Days - high speed internet - mobile data 5G compatible	0701HYCKW6C	UNITED-STATES-ESIM		0	01/07/2026 15:36:17 MEST		y	1			11				B0H75XFW2F						B0H75XFW2F			0	DEFAULT	Migrated Template	Incomplete		
Uruguay eSIM 3GB 15Days	Uruguay eSIM 3GB 15Days - high speed internet - mobile data 5G compatible	0701HY7886O	URUGUAY-ESIM		0	01/07/2026 15:44:13 MEST		y	1			11				B0H75T525T						B0H75T525T			0	DEFAULT	Migrated Template	Incomplete		
Usbekistan eSIM 5GB 30Days	Uzbekistan eSIM 5GB 30Days - high speed internet - mobile data 5G compatible	0701HYA1SPD	UZBEKISTAN-ESIM		0	01/07/2026 15:48:29 MEST		y	1			11				B0H764MCTR						B0H764MCTR			0	DEFAULT	Migrated Template	Incomplete		
Vatikanstadt eSIM 5GB 30Days	Vatican City eSIM 5GB 30Days - high speed internet - mobile data 5G compatible	0630HUTWP6C	VATICAN-CITY-ESIM		0	30/06/2026 22:16:38 MEST		y	1			11				B0H73BVK1W						B0H73BVK1W			0	DEFAULT	Migrated Template	Incomplete		
Vietnam eSIM 3GB 15Days	Vietnam eSIM 3GB 15Days - high speed internet - mobile data 5G compatible	0701HY1H2GO	VIETNAM-ESIM		0	01/07/2026 15:52:43 MEST		y	1			11				B0H763BRS6						B0H763BRS6			0	DEFAULT	Migrated Template	Incomplete		
Vietnam eSIM 20GB 30Days		0328H5V4URH	VN_20_30			28/03/2026 16:05:15 MET		y	1			11				B0FRC2NKC4						B0FRC2NKC4				AMAZON_EU	Migrated Template	Incomplete		
Vietnam eSIM 3GB 15Days		0328H5SKL09	VN_3_15			28/03/2026 16:00:14 MET		y	1			11				B0FRBR2DHW						B0FRBR2DHW				AMAZON_EU	Migrated Template	Incomplete		
Vietnam eSIM 5GB 30Days		0328H5WBK9C	VN_5_30			28/03/2026 16:06:13 MET		y	1			11				B0FRCBXRGV						B0FRCBXRGV				AMAZON_EU	Migrated Template	Incomplete		
Sambia eSIM 3GB 15Days	Zambia eSIM 3GB 15Days - high speed internet - mobile data 5G compatible	0701HY1HGG5	ZAMBIA-ESIM		0	01/07/2026 16:04:19 MEST		y	1			11				B0H7635FYK						B0H7635FYK			0	DEFAULT	Migrated Template	Incomplete		
Sambia eSIM 3GB 15Days		0328H5Y82J4	ZM_3_15			28/03/2026 16:04:27 MET		y	1			11				B0FRC2NSM2						B0FRC2NSM2				AMAZON_EU	Migrated Template	Incomplete		
Sambia eSIM 5GB 30Days		0328H5TU0NV	ZM_5_30			28/03/2026 16:02:41 MET		y	1			11				B0FRCL97L4						B0FRCL97L4				AMAZON_EU	Migrated Template	Incomplete		
