item-name	item-description	listing-id	seller-sku	price	quantity	open-date	image-url	item-is-marketplace	product-id-type	zshop-shipping-fee	item-note	item-condition	zshop-category1	zshop-browse-path	zshop-storefront-feature	asin1	asin2	asin3	will-ship-internationally	expedited-shipping	zshop-boldface	product-id	bid-for-featured-placement	add-delete	pending-quantity	fulfillment-channel	status
Cote d'Ivoire eSIM 5GB 30Days	Cote d'Ivoire eSIM 5GB 30Days - high speed internet - mobile data 5G compatible	0630HV9W2X1	COTE-D-IVOIRE-5GB-30D	31.99		2026-07-01 01:35:24 CEST		y	4			11				B0FR9V5LYJ						8721438401796				AMAZON_EU	Active
Croatia eSIM 20GB 30Days	Croatia eSIM 20GB 30Days - high speed internet - mobile data 5G compatible	0630HV3VWE3	CROATIA-20GB-30D	16.99		2026-07-01 01:45:08 CEST		y	4			11				B0FR9TYCSL						8721438401857				AMAZON_EU	Active
Croatia eSIM 3GB 15Days	Croatia eSIM 3GB 15Days - high speed internet - mobile data 5G compatible	0630HV6R2H5	CROATIA-3GB-15D	7.99		2026-07-01 01:39:16 CEST		y	4			11				B0FR9GDKT1						8721438401819				AMAZON_EU	Active
Croatia eSIM 5GB 30Days	Croatia eSIM 5GB 30Days - high speed internet - mobile data 5G compatible	0630HV3V19M	CROATIA-5GB-30D	8.99		2026-07-01 01:42:13 CEST		y	4			11				B0FR9BVV58						8721438401833				AMAZON_EU	Active
Cyprus eSIM 3GB 15Days	Cyprus eSIM 3GB 15Days - high speed internet - mobile data 5G compatible	0630HV9E5N8	CYPRUS-3GB-15D	7.99		2026-07-01 01:48:08 CEST		y	4			11				B0FR8XJWWG						8721438401888				AMAZON_EU	Active
Cyprus eSIM 5GB 30Days	Cyprus eSIM 5GB 30Days - high speed internet - mobile data 5G compatible	0630HV8VNJR	CYPRUS-5GB-30D	8.99		2026-07-01 01:51:35 CEST		y	4			11				B0FR8XHWZV						8721438401901				AMAZON_EU	Active
Czech Republic eSIM 20GB 30Days	Czech Republic eSIM 20GB 30Days - high speed internet - mobile data 5G compatible	0701HV70AQD	CZECH-REPUBLIC-20GB-30D	16.99		2026-07-01 02:01:19 CEST		y	4			11				B0FR9SVN9H						8721438401987				AMAZON_EU	Active
Czech Republic eSIM 3GB 15Days	Czech Republic eSIM 3GB 15Days - high speed internet - mobile data 5G compatible	0630HVBF9RY	CZECH-REPUBLIC-3GB-15D	7.99		2026-07-01 01:55:06 CEST		y	4			11				B0FR9SB2Q3						8721438401949				AMAZON_EU	Active
Czech Republic eSIM 5GB 30Days	Czech Republic eSIM 5GB 30Days - high speed internet - mobile data 5G compatible	0630HV90M2I	CZECH-REPUBLIC-5GB-30D	8.99		2026-07-01 01:58:23 CEST		y	4			11				B0FR9BY2LF						8721438401963				AMAZON_EU	Active
Denmark eSIM 20GB 30Days	Denmark eSIM 20GB 30Days - high speed internet - mobile data 5G compatible	0701HV5YUR0	DENMARK-20GB-30D	14.99		2026-07-01 02:11:04 CEST		y	4			11				B0FR9QPF45						8721438402052				AMAZON_EU	Active
Denmark eSIM 3GB 15Days	Denmark eSIM 3GB 15Days - high speed internet - mobile data 5G compatible	0701HUXUQ9J	DENMARK-3GB-15D	7.99		2026-07-01 02:04:51 CEST		y	4			11				B0FR9GSNP4						8721438402014				AMAZON_EU	Active
Denmark eSIM 5GB 30Days	Denmark eSIM 5GB 30Days - high speed internet - mobile data 5G compatible	0701HV4YX4I	DENMARK-5GB-30D	8.99		2026-07-01 02:08:08 CEST		y	4			11				B0FR8XQYR4						8721438402038				AMAZON_EU	Active
Dominican Republic eSIM 20GB 30Days	Dominican Republic eSIM 20GB 30Days - high speed internet - mobile data 5G compatible	0701HVA0XS5	DOMINICAN-REPUBLIC-20GB-30D	38.99		2026-07-01 02:20:16 CEST		y	4			11				B0FR9C6DJF						8721438402106				AMAZON_EU	Active
Dominican Republic eSIM 3GB 15Days	Dominican Republic eSIM 3GB 15Days - high speed internet - mobile data 5G compatible	0701HUY0K0D	DOMINICAN-REPUBLIC-3GB-15D	12.99		2026-07-01 02:14:34 CEST		y	4			11				B0FR9GSKZF						8721438402083				AMAZON_EU	Active
Dominican Republic eSIM 5GB 30Days	Dominican Republic eSIM 5GB 30Days - high speed internet - mobile data 5G compatible	0701HVC5Z70	DOMINICAN-REPUBLIC-5GB-30D	14.99		2026-07-01 02:17:20 CEST		y	4			11				B0FR9GQKCM						8721438402090				AMAZON_EU	Active
Ecuador eSIM 3GB 15Days	Ecuador eSIM 3GB 15Days - high speed internet - mobile data 5G compatible	0701HVA81OY	ECUADOR-3GB-15D	13.99		2026-07-01 02:23:26 CEST		y	4			11				B0FR9RM6MP						8721438402120				AMAZON_EU	Active
Egypt eSIM 20GB 30Days	Egypt eSIM 20GB 30Days - high speed internet - mobile data 5G compatible	0701HV16GC0	EGYPT-20GB-30D	29.99		2026-07-01 02:33:45 CEST		y	4			11				B0FR9GQBGL						8721438402182				AMAZON_EU	Active
Egypt eSIM 3GB 15Days	Egypt eSIM 3GB 15Days - high speed internet - mobile data 5G compatible	0701HV9A9F0	EGYPT-3GB-15D	9.99		2026-07-01 02:27:40 CEST		y	4			11				B0FR9C784N						8721438402144				AMAZON_EU	Active
Egypt eSIM 5GB 30Days	Egypt eSIM 5GB 30Days - high speed internet - mobile data 5G compatible	0701HV7A9VU	EGYPT-5GB-30D	14.99		2026-07-01 02:30:37 CEST		y	4			11				B0FR9LR5KJ						8721438402168				AMAZON_EU	Active
El Salvador eSIM 3GB 15Days	El Salvador eSIM 3GB 15Days - high speed internet - mobile data 5G compatible	0701HVAEBCG	EL-SALVADOR-3GB-15D	17.99		2026-07-01 02:37:06 CEST		y	4			11				B0FR9LJ7X4						8721438402236				AMAZON_EU	Active
Estonia eSIM 20GB 30Days	Estonia eSIM 20GB 30Days - high speed internet - mobile data 5G compatible	0701HUYBUD3	ESTONIA-20GB-30D	14.99		2026-07-01 02:46:40 CEST		y	4			11				B0FR9L527N						8721438402298				AMAZON_EU	Active
Estonia eSIM 3GB 15Days	Estonia eSIM 3GB 15Days - high speed internet - mobile data 5G compatible	0701HV17OKH	ESTONIA-3GB-15D	7.99		2026-07-01 02:40:58 CEST		y	4			11				B0FR9GST1S						8721438402250				AMAZON_EU	Active
Estonia eSIM 5GB 30Days	Estonia eSIM 5GB 30Days - high speed internet - mobile data 5G compatible	0701HUYBM2I	ESTONIA-5GB-30D	8.99		2026-07-01 02:43:45 CEST		y	4			11				B0FR9GQYKB						8721438402274				AMAZON_EU	Active
Europe(40+ areas) eSIM 20GB 30Days	Europe(40+ areas) eSIM 20GB 30Days - high speed internet - mobile data 5G compatible	0701HVAH2L0	EUROPE-40-AREAS-20GB-30D	18.99		2026-07-01 02:52:48 CEST		y	4			11				B0FR9TNPV3						8721438402496				AMAZON_EU	Active
Europe(40+ areas) eSIM 5GB 30Days	Europe(40+ areas) eSIM 5GB 30Days - high speed internet - mobile data 5G compatible	0701HVCHWN8	EUROPE-40-AREAS-5GB-30D	8.99		2026-07-01 02:49:31 CEST		y	4			11				B0FR9RYSSS						8721438402472				AMAZON_EU	Active
Finland eSIM 3GB 15Days	Finland eSIM 3GB 15Days - high speed internet - mobile data 5G compatible	0701HV9F7GN	FINLAND-3GB-15D	7.99		2026-07-01 02:56:09 CEST		y	4			11				B0FR9GSND6						8721438402533				AMAZON_EU	Active
Finland eSIM 5GB 30Days	Finland eSIM 5GB 30Days - high speed internet - mobile data 5G compatible	0701HV7IA5V	FINLAND-5GB-30D	8.99		2026-07-01 02:59:36 CEST		y	4			11				B0FR9SB3BJ						8721438402557				AMAZON_EU	Active
France eSIM 20GB 30Days	France eSIM 20GB 30Days - high speed internet - mobile data 5G compatible	0701HV4GWF4	FRANCE-20GB-30D	14.99		2026-07-01 03:11:00 CEST		y	4			11				B0FR9GPMC5						8721438402632				AMAZON_EU	Active
France eSIM 3GB 15Days	France eSIM 3GB 15Days - high speed internet - mobile data 5G compatible	0701HV7M550	FRANCE-3GB-15D	7.99		2026-07-01 03:03:30 CEST		y	4			11				B0FR9C5ZB6						8721438402595				AMAZON_EU	Active
France eSIM 5GB 30Days	France eSIM 5GB 30Days - high speed internet - mobile data 5G compatible	0701HVAI8CM	FRANCE-5GB-30D	8.99		2026-07-01 03:07:20 CEST		y	4			11				B0FR9LMDW5						8721438402618				AMAZON_EU	Active
Gabon eSIM 3GB 15Days	Gabon eSIM 3GB 15Days - high speed internet - mobile data 5G compatible	0701HVB45JL	GABON-3GB-15D	16.99		2026-07-01 03:14:22 CEST		y	4			11				B0FR9GPX9T						8721438402700				AMAZON_EU	Active
Georgia eSIM 20GB 30Days	Georgia eSIM 20GB 30Days - high speed internet - mobile data 5G compatible	0701HV9C69K	GEORGIA-20GB-30D	24.99		2026-07-01 03:21:20 CEST		y	4			11				B0FR9C73NK						8721438402748				AMAZON_EU	Active
Georgia eSIM 3GB 15Days	Georgia eSIM 3GB 15Days - high speed internet - mobile data 5G compatible	0701HVCIBYC	GEORGIA-3GB-15D	8.99		2026-07-01 03:18:03 CEST		y	4			11				B0FR9KMX2N						8721438402724				AMAZON_EU	Active
Germany eSIM 20GB 30Days	Germany eSIM 20GB 30Days - high speed internet - mobile data 5G compatible	0701HVE8ETH	GERMANY-20GB-30D	14.99		2026-07-01 03:32:52 CEST		y	4			11				B0GSZP9H94						8721438402809				AMAZON_EU	Active
Germany eSIM 3GB 15Days	Germany eSIM 3GB 15Days - high speed internet - mobile data 5G compatible	0701HV7SI35	GERMANY-3GB-15D	7.99		2026-07-01 03:25:21 CEST		y	4			11				B0GSZBMLKV						8721438402762				AMAZON_EU	Active
Germany eSIM 5GB 30Days	Germany eSIM 5GB 30Days - high speed internet - mobile data 5G compatible	0701HVDD7KI	GERMANY-5GB-30D	8.99		2026-07-01 03:29:13 CEST		y	4			11				B0GSZDYWLZ						8721438402786				AMAZON_EU	Active
Gibraltar eSIM 3GB 15Days	Gibraltar eSIM 3GB 15Days - high speed internet - mobile data 5G compatible	0701HV4QFME	GIBRALTAR-3GB-15D	7.99		2026-07-01 03:36:13 CEST		y	4			11				B0FR8XSPMC						8721438402878				AMAZON_EU	Active
Global139 eSIM 5GB 30Days	Global139 eSIM 5GB 30Days - high speed internet - mobile data 5G compatible	0701HVDJIOX	GLOBAL139-5GB-30D	40.99		2026-07-01 03:40:05 CEST		y	4			11				B0FR9VNTLY						8721438403004				AMAZON_EU	Active
Greece eSIM 20GB 30Days	Greece eSIM 20GB 30Days - high speed internet - mobile data 5G compatible	0701HVFONOB	GREECE-20GB-30D	16.99		2026-07-01 03:51:52 CEST		y	4			11				B0FR9KJGBG						8721438403080				AMAZON_EU	Active
Greece eSIM 5GB 30Days	Greece eSIM 5GB 30Days - high speed internet - mobile data 5G compatible	0701HVH2EUI	GREECE-5GB-30D	8.99		2026-07-01 03:48:11 CEST		y	4			11				B0FR9C7SMF						8721438403066				AMAZON_EU	Active
Guadeloupe eSIM 20GB 30Days	Guadeloupe eSIM 20GB 30Days - high speed internet - mobile data 5G compatible	0701HVH5UTQ	GUADELOUPE-20GB-30D	16.99		2026-07-01 03:59:01 CEST		y	4			11				B0FR8XTBF6						8721438403127				AMAZON_EU	Active
Guadeloupe eSIM 3GB 15Days	Guadeloupe eSIM 3GB 15Days - high speed internet - mobile data 5G compatible	0701HVFN0BC	GUADELOUPE-3GB-15D	7.99		2026-07-01 03:55:34 CEST		y	4			11				B0FR9TMVWK						8721438403110				AMAZON_EU	Active
Guam eSIM 20GB 30Days	Guam eSIM 20GB 30Days - high speed internet - mobile data 5G compatible	0701HVHLLNX	GUAM-20GB-30D	57.99		2026-07-01 04:08:55 CEST		y	4			11				B0FR9C7MGP						8721438403189				AMAZON_EU	Active
Guam eSIM 3GB 15Days	Guam eSIM 3GB 15Days - high speed internet - mobile data 5G compatible	0701HVGFX68	GUAM-3GB-15D	17.99		2026-07-01 04:02:01 CEST		y	4			11				B0FR9GVSSF						8721438403141				AMAZON_EU	Active
Guam eSIM 5GB 30Days	Guam eSIM 5GB 30Days - high speed internet - mobile data 5G compatible	0701HVFUISC	GUAM-5GB-30D	19.99		2026-07-01 04:05:29 CEST		y	4			11				B0FR9SVP8Y						8721438403165				AMAZON_EU	Active
Guatemala eSIM 3GB 15Days	Guatemala eSIM 3GB 15Days - high speed internet - mobile data 5G compatible	0701HVGRJO8	GUATEMALA-3GB-15D	15.99		2026-07-01 04:12:58 CEST		y	4			11				B0FR9VC6VD						8721438403202				AMAZON_EU	Active
Guernsey eSIM 20GB 30Days	Guernsey eSIM 20GB 30Days - high speed internet - mobile data 5G compatible	0701HVHV9JS	GUERNSEY-20GB-30D	46.99		2026-07-01 04:23:19 CEST		y	4			11				B0FR9LYWWY						8721438403257				AMAZON_EU	Active
Guernsey eSIM 3GB 15Days	Guernsey eSIM 3GB 15Days - high speed internet - mobile data 5G compatible	0701HVHK95S	GUERNSEY-3GB-15D	13.99		2026-07-01 04:16:44 CEST		y	4			11				B0FR9SMWDN						8721438403226				AMAZON_EU	Active
Guernsey eSIM 5GB 30Days	Guernsey eSIM 5GB 30Days - high speed internet - mobile data 5G compatible	0701HVH1E6I	GUERNSEY-5GB-30D	19.99		2026-07-01 04:20:01 CEST		y	4			11				B0FR9C5PXR						8721438403240				AMAZON_EU	Active
Honduras eSIM 3GB 15Days	Honduras eSIM 3GB 15Days - high speed internet - mobile data 5G compatible	0701HVJJYOY	HONDURAS-3GB-15D	13.99		2026-07-01 04:27:11 CEST		y	4			11				B0FR9ZYV5G						8721438403356				AMAZON_EU	Active
Hong Kong eSIM 3GB 15Days	Hong Kong eSIM 3GB 15Days - high speed internet - mobile data 5G compatible	0701HVKIKHE	HONG-KONG-3GB-15D	7.99		2026-07-01 04:31:24 CEST		y	4			11				B0FR9CC6Q8						8721438403370				AMAZON_EU	Active
Hong Kong eSIM 5GB 30Days	Hong Kong eSIM 5GB 30Days - high speed internet - mobile data 5G compatible	0701HVJNON4	HONG-KONG-5GB-30D	8.99		2026-07-01 04:35:13 CEST		y	4			11				B0FR9GXYYL						8721438403394				AMAZON_EU	Active
Hungary eSIM 20GB 30Days	Hungary eSIM 20GB 30Days - high speed internet - mobile data 5G compatible	0701HVMV9E5	HUNGARY-20GB-30D	14.99		2026-07-01 04:48:26 CEST		y	4			11				B0FR9ZVYYQ						8721438403523				AMAZON_EU	Active
Hungary eSIM 3GB 15Days	Hungary eSIM 3GB 15Days - high speed internet - mobile data 5G compatible	0701HVMM20L	HUNGARY-3GB-15D	7.99		2026-07-01 04:41:43 CEST		y	4			11				B0FR9C9JVW						8721438403486				AMAZON_EU	Active
Hungary eSIM 5GB 30Days	Hungary eSIM 5GB 30Days - high speed internet - mobile data 5G compatible	0701HVKFWYI	HUNGARY-5GB-30D	8.99		2026-07-01 04:45:10 CEST		y	4			11				B0FR9GY3R5						8721438403509				AMAZON_EU	Active
Iceland eSIM 20GB 30Days	Iceland eSIM 20GB 30Days - high speed internet - mobile data 5G compatible	0701HVNAPI8	ICELAND-20GB-30D	16.99		2026-07-01 04:58:31 CEST		y	4			11				B0FR9GX6LF						8721438403592				AMAZON_EU	Active
Iceland eSIM 3GB 15Days	Iceland eSIM 3GB 15Days - high speed internet - mobile data 5G compatible	0701HVLH5GB	ICELAND-3GB-15D	7.99		2026-07-01 04:51:47 CEST		y	4			11				B0FR9TBBK1						8721438403554				AMAZON_EU	Active
Iceland eSIM 5GB 30Days	Iceland eSIM 5GB 30Days - high speed internet - mobile data 5G compatible	0701HVNG6TH	ICELAND-5GB-30D	8.99		2026-07-01 04:55:24 CEST		y	4			11				B0FR9ZWQBD						8721438403578				AMAZON_EU	Active
India eSIM 20GB 30Days	India eSIM 20GB 30Days - high speed internet - mobile data 5G compatible	0701HVMZ3JW	INDIA-20GB-30D	41.99		2026-07-01 05:09:01 CEST		y	4			11				B0FR9DYMHX						8721438403653				AMAZON_EU	Active
India eSIM 3GB 15Days	India eSIM 3GB 15Days - high speed internet - mobile data 5G compatible	0701HVMHYMG	INDIA-3GB-15D	13.99		2026-07-01 05:02:23 CEST		y	4			11				B0FR9ZM116						8721438403622				AMAZON_EU	Active
India eSIM 5GB 30Days	India eSIM 5GB 30Days - high speed internet - mobile data 5G compatible	0701HVN1K75	INDIA-5GB-30D	14.99		2026-07-01 05:06:16 CEST		y	4			11				B0FR9GXWN9						8721438403639				AMAZON_EU	Active
Indonesia eSIM 20GB 30Days	Indonesia eSIM 20GB 30Days - high speed internet - mobile data 5G compatible	0701HVUDDMZ	INDONESIA-20GB-30D	14.99		2026-07-01 05:21:35 CEST		y	4			11				B0FR9QXRDQ						8721438403745				AMAZON_EU	Active
Indonesia eSIM 5GB 30Days	Indonesia eSIM 5GB 30Days - high speed internet - mobile data 5G compatible	0701HVTWGZG	INDONESIA-5GB-30D	8.99		2026-07-01 05:17:54 CEST		y	4			11				B0FR8XW5DR						8721438403721				AMAZON_EU	Active
Ireland eSIM 20GB 30Days	Ireland eSIM 20GB 30Days - high speed internet - mobile data 5G compatible	0701HVRQB8E	IRELAND-20GB-30D	16.99		2026-07-01 05:33:15 CEST		y	4			11				B0FR9SZG2Z						8721438403905				AMAZON_EU	Active
Ireland eSIM 3GB 15Days	Ireland eSIM 3GB 15Days - high speed internet - mobile data 5G compatible	0701HVY3998	IRELAND-3GB-15D	7.99		2026-07-01 05:25:41 CEST		y	4			11				B0FR8XV57F						8721438403868				AMAZON_EU	Active
Ireland eSIM 5GB 30Days	Ireland eSIM 5GB 30Days - high speed internet - mobile data 5G compatible	0701HVRL4VW	IRELAND-5GB-30D	8.99		2026-07-01 05:29:35 CEST		y	4			11				B0FR9GYKQL						8721438403882				AMAZON_EU	Active
Isle of Man eSIM 20GB 30Days	Isle of Man eSIM 20GB 30Days - high speed internet - mobile data 5G compatible	0701HVXAUI7	ISLE-OF-MAN-20GB-30D	22.99		2026-07-01 05:44:03 CEST		y	4			11				B0FR9CB5LK						8721438403974				AMAZON_EU	Active
Isle of Man eSIM 3GB 15Days	Isle of Man eSIM 3GB 15Days - high speed internet - mobile data 5G compatible	0701HVRGN4U	ISLE-OF-MAN-3GB-15D	8.99		2026-07-01 05:37:08 CEST		y	4			11				B0FR9LZ7RL						8721438403943				AMAZON_EU	Active
Isle of Man eSIM 5GB 30Days	Isle of Man eSIM 5GB 30Days - high speed internet - mobile data 5G compatible	0701HVY9I43	ISLE-OF-MAN-5GB-30D	11.99		2026-07-01 05:40:36 CEST		y	4			11				B0FR9M27XY						8721438403967				AMAZON_EU	Active
Israel eSIM 20GB 30Days	Israel eSIM 20GB 30Days - high speed internet - mobile data 5G compatible	0701HVY22EI	ISRAEL-20GB-30D	29.99		2026-07-01 05:54:40 CEST		y	4			11				B0FR9K8SQ1						8721438404032				AMAZON_EU	Active
Israel eSIM 3GB 15Days	Israel eSIM 3GB 15Days - high speed internet - mobile data 5G compatible	0701HW1MNCA	ISRAEL-3GB-15D	9.99		2026-07-01 05:48:05 CEST		y	4			11				B0FR9M11H1						8721438403998				AMAZON_EU	Active
Israel eSIM 5GB 30Days	Israel eSIM 5GB 30Days - high speed internet - mobile data 5G compatible	0701HVRQ9BG	ISRAEL-5GB-30D	11.99		2026-07-01 05:51:22 CEST		y	4			11				B0FR8XVZZM						8721438404018				AMAZON_EU	Active
Italy eSIM 20GB 30Days	Italy eSIM 20GB 30Days - high speed internet - mobile data 5G compatible	0701HW3NII4	ITALY-20GB-30D	14.99		2026-07-01 06:06:19 CEST		y	4			11				B0FR9RNZV2						8721438404148				AMAZON_EU	Active
Italy eSIM 5GB 30Days	Italy eSIM 5GB 30Days - high speed internet - mobile data 5G compatible	0701HVPDX0Z	ITALY-5GB-30D	8.99		2026-07-01 06:02:39 CEST		y	4			11				B0FR9ZR2TH						8721438404124				AMAZON_EU	Active
Japan eSIM 20GB 30Days	Japan eSIM 20GB 30Days - high speed internet - mobile data 5G compatible	0701HVVOPG4	JAPAN-20GB-30D	14.99		2026-07-01 06:17:56 CEST		y	4			11				B0FR9RZKRB						8721438404254				AMAZON_EU	Active
Japan eSIM 3GB 15Days	Japan eSIM 3GB 15Days - high speed internet - mobile data 5G compatible	0701HVPOOQQ	JAPAN-3GB-15D	7.99		2026-07-01 06:10:23 CEST		y	4			11				B0FR9LVZVQ						8721438404216				AMAZON_EU	Active
Japan eSIM 5GB 30Days	Japan eSIM 5GB 30Days - high speed internet - mobile data 5G compatible	0701HVSTI40	JAPAN-5GB-30D	8.99		2026-07-01 06:14:15 CEST		y	4			11				B0FR9TLXXH						8721438404230				AMAZON_EU	Active
Jersey eSIM 20GB 30Days	Jersey eSIM 20GB 30Days - high speed internet - mobile data 5G compatible	0701HVSW63X	JERSEY-20GB-30D	14.99		2026-07-01 06:28:34 CEST		y	4			11				B0FR9CBQDH						8721438404377				AMAZON_EU	Active
Jersey eSIM 3GB 15Days	Jersey eSIM 3GB 15Days - high speed internet - mobile data 5G compatible	0701HVVTP2A	JERSEY-3GB-15D	7.99		2026-07-01 06:21:39 CEST		y	4			11				B0FR9GYMR5						8721438404346				AMAZON_EU	Active
Jersey eSIM 5GB 30Days	Jersey eSIM 5GB 30Days - high speed internet - mobile data 5G compatible	0701HW174A4	JERSEY-5GB-30D	8.99		2026-07-01 06:25:16 CEST		y	4			11				B0FR9M27GP						8721438404360				AMAZON_EU	Active
Jordan eSIM 20GB 30Days	Jordan eSIM 20GB 30Days - high speed internet - mobile data 5G compatible	0701HVT122X	JORDAN-20GB-30D	42.99		2026-07-01 06:39:00 CEST		y	4			11				B0FR9ST188						8721438404438				AMAZON_EU	Active
Jordan eSIM 3GB 15Days	Jordan eSIM 3GB 15Days - high speed internet - mobile data 5G compatible	0701HVQ0KK9	JORDAN-3GB-15D	12.99		2026-07-01 06:32:16 CEST		y	4			11				B0FR9M144Z						8721438404391				AMAZON_EU	Active
Jordan eSIM 5GB 30Days	Jordan eSIM 5GB 30Days - high speed internet - mobile data 5G compatible	0701HW23Z0Z	JORDAN-5GB-30D	13.99		2026-07-01 06:35:54 CEST		y	4			11				B0FR9ZTZNK						8721438404414				AMAZON_EU	Active
Kazakhstan eSIM 20GB 30Days	Kazakhstan eSIM 20GB 30Days - high speed internet - mobile data 5G compatible	0701HVQ8SKM	KAZAKHSTAN-20GB-30D	19.99		2026-07-01 06:49:05 CEST		y	4			11				B0FR9TLNNW						8721438404483				AMAZON_EU	Active
Kazakhstan eSIM 3GB 15Days	Kazakhstan eSIM 3GB 15Days - high speed internet - mobile data 5G compatible	0701HVQ7VD7	KAZAKHSTAN-3GB-15D	7.99		2026-07-01 06:42:32 CEST		y	4			11				B0FR9T4DG2						8721438404452				AMAZON_EU	Active
Kazakhstan eSIM 5GB 30Days	Kazakhstan eSIM 5GB 30Days - high speed internet - mobile data 5G compatible	0701HVT5EJN	KAZAKHSTAN-5GB-30D	9.99		2026-07-01 06:45:49 CEST		y	4			11				B0FR9ZMMSH						8721438404469				AMAZON_EU	Active
Aaland Islands eSIM 20GB 30Days	Aaland Islands eSIM 20GB 30Days - high speed internet - mobile data 5G compatible	0630HUU8HQ4	AALAND-ISLANDS-20GB-30D	33.99	0	2026-06-30 22:43:48 CEST		y	4			11				B0FR39Q1KJ						8721438400041			0	DEFAULT	Inactive
Aaland Islands eSIM 3GB 15Days	Aaland Islands eSIM 3GB 15Days - high speed internet - mobile data 5G compatible	0630HUSYYNW	AALAND-ISLANDS-3GB-15D	8.99	0	2026-06-30 22:37:15 CEST		y	4			11				B0FR3CCSMB						8721438400010			0	DEFAULT	Inactive
Aaland Islands eSIM 5GB 30Days	Aaland Islands eSIM 5GB 30Days - high speed internet - mobile data 5G compatible	0630HUUGQQW	AALAND-ISLANDS-5GB-30D	12.99	0	2026-06-30 22:40:52 CEST		y	4			11				B0FR3G6JWB						8721438400034			0	DEFAULT	Inactive
Verenigde Arabische Emiraten eSIM 20 GB 30 dagen | Pay As You Go Data SIM | Eenvoudige installatie | Reis-simkaart voor toeristen en bedrijven | 3G/4G-snelheden		0325HS2VPA0	AE_20_30	42.04	0	2026-03-25 09:33:02 CET		y	1			11				B0FRB7TFJR						B0FRB7TFJR			0	DEFAULT	Inactive
United Arab Emirates eSIM 3GB 15Days		0325HRZ1RL9	AE_3_15	10.71	0	2026-03-25 09:20:07 CET		y	1			11				B0FRBBYBGH						B0FRBBYBGH			0	DEFAULT	Inactive
Verenigde Arabische Emiraten eSIM 5 GB 30 dagen | Pay As You Go Data SIM | Eenvoudige installatie | Reissimkaart voor toeristen en bedrijven | 3G/4G-snelheden		0325HRAKYT6	AE_5_30	14.19	0	2026-03-25 06:10:43 CET		y	1			11				B0FRB89XHX						B0FRB89XHX			0	DEFAULT	Inactive
Africa eSIM 5GB 30Days		0812HQ3WZAO	AF-29_5_30	36.19	0	2026-08-12 15:29:10 CEST		y	1			11				B0FR3GK9Z7						B0FR3GK9Z7			0	DEFAULT	Inactive
Africa eSIM 5GB 30Days	Africa eSIM 5GB 30Days - high speed internet - mobile data 5G compatible	0630HUV4AEV	AFRICA-5GB-30D	29.99	0	2026-06-30 22:47:19 CEST		y	4			11				B0FR3GK9Z7						8721438400072			0	DEFAULT	Inactive
Albania eSIM 5GB 30Days	Albania eSIM 5GB 30Days - high speed internet - mobile data 5G compatible	0630HUZ12RB	ALBANIA-5GB-30D	10.99	0	2026-06-30 22:51:00 CEST		y	4			11				B0FR4ZG3Z6						8721438400102			0	DEFAULT	Inactive
Algeria eSIM 20GB 30Days	Algeria eSIM 20GB 30Days - high speed internet - mobile data 5G compatible	0630HTF4OMZ	ALGERIA-20GB-30D	26.99	0	2026-06-30 13:31:54 CEST		y	4			11				B0H6M5TDMD						8721438408443			0	DEFAULT	Inactive
Algeria eSIM 3GB 15Days	Algeria eSIM 3GB 15Days - high speed internet - mobile data 5G compatible	0630HTOQ0BU	ALGERIA-3GB-15D	8.99	0	2026-06-30 13:23:57 CEST		y	4			11				B0H6M9R3WH						8721438408429			0	DEFAULT	Inactive
Algeria eSIM 5GB 30Days	Algeria eSIM 5GB 30Days - high speed internet - mobile data 5G compatible	0630HTFRZ8A	ALGERIA-5GB-30D	11.99	0	2026-06-30 13:28:04 CEST		y	4			11				B0H6MDYKG8						8721438408436			0	DEFAULT	Inactive
Albania eSIM 5GB 30Days		0812HPX6Q3T	AL_5_30	14.19	0	2026-08-12 15:21:32 CEST		y	1			11				B0FR4ZG3Z6						B0FR4ZG3Z6			0	DEFAULT	Inactive
Armenia eSIM 20GB 30Days		0812HPYYYFH	AM_20_30	62.33	0	2026-08-12 15:26:53 CEST		y	1			11				B0FR4ZT5XT						B0FR4ZT5XT			0	DEFAULT	Inactive
Armenia eSIM 3GB 15Days		0812HQ4JJZB	AM_3_15	14.67	0	2026-08-12 15:29:00 CEST		y	1			11				B0FR5BK9R4						B0FR5BK9R4			0	DEFAULT	Inactive
Andorra eSIM 20GB 30Days	Andorra eSIM 20GB 30Days - high speed internet - mobile data 5G compatible	0630HTIXMKI	ANDORRA-20GB-30D	43.99	0	2026-06-30 13:43:16 CEST		y	4			11				B0H6MJ97WC						8721438408474			0	DEFAULT	Inactive
Andorra eSIM 3GB 15Days	Andorra eSIM 3GB 15Days - high speed internet - mobile data 5G compatible	0630HTFS8BO	ANDORRA-3GB-15D	14.99	0	2026-06-30 13:36:00 CEST		y	4			11				B0H6MBPRYN						8721438408450			0	DEFAULT	Inactive
Andorra eSIM 5GB 30Days	Andorra eSIM 5GB 30Days - high speed internet - mobile data 5G compatible	0630HTL4ZYY	ANDORRA-5GB-30D	16.99	0	2026-06-30 13:39:46 CEST		y	4			11				B0H6M5P65S						8721438408467			0	DEFAULT	Inactive
Angola eSIM 3GB 15Days	Angola eSIM 3GB 15Days - high speed internet - mobile data 5G compatible	0630HTCPK1E	ANGOLA-3GB-15D	34.99	0	2026-06-30 13:46:40 CEST		y	4			11				B0H6M5RWZH						8721438408481			0	DEFAULT	Inactive
Angola eSIM 5GB 30Days	Angola eSIM 5GB 30Days - high speed internet - mobile data 5G compatible	0630HTWQUVQ	ANGOLA-5GB-30D	57.99	0	2026-06-30 14:29:37 CEST		y	4			11				B0H6MKZSB4						8721438408498			0	DEFAULT	Inactive
Anguilla eSIM 20GB 30Days	Anguilla eSIM 20GB 30Days - high speed internet - mobile data 5G compatible	0630HTGLRC4	ANGUILLA-20GB-30D	86.99	0	2026-06-30 14:31:44 CEST		y	4			11				B0H6MHMZY8						8721438408535			0	DEFAULT	Inactive
Anguilla eSIM 3GB 15Days	Anguilla eSIM 3GB 15Days - high speed internet - mobile data 5G compatible	0630HTPM8Q2	ANGUILLA-3GB-15D	23.99	0	2026-06-30 14:30:32 CEST		y	4			11				B0H6M7X7QY						8721438408511			0	DEFAULT	Inactive
Anguilla eSIM 5GB 30Days	Anguilla eSIM 5GB 30Days - high speed internet - mobile data 5G compatible	0630HTDIJFP	ANGUILLA-5GB-30D	31.99	0	2026-06-30 14:31:14 CEST		y	4			11				B0H6MFJ63H						8721438408528			0	DEFAULT	Inactive
Antigua and Barbuda eSIM 20GB 30Days	Antigua and Barbuda eSIM 20GB 30Days - high speed internet - mobile data 5G compatible	0630HTR8DTY	ANTIGUA-AND-BARBUDA-20GB-30D	98.99	0	2026-06-30 14:39:05 CEST		y	4			11				B0H6M2MQJB						8721438408566			0	DEFAULT	Inactive
Antigua and Barbuda eSIM 3GB 15Days	Antigua and Barbuda eSIM 3GB 15Days - high speed internet - mobile data 5G compatible	0630HTJDDDC	ANTIGUA-AND-BARBUDA-3GB-15D	25.99	0	2026-06-30 14:32:41 CEST		y	4			11				B0H6MBBFLQ						8721438408542			0	DEFAULT	Inactive
Antigua and Barbuda eSIM 5GB 30Days	Antigua and Barbuda eSIM 5GB 30Days - high speed internet - mobile data 5G compatible	0630HTP10ND	ANTIGUA-AND-BARBUDA-5GB-30D	34.99	0	2026-06-30 14:35:58 CEST		y	4			11				B0H6MCR5F9						8721438408559			0	DEFAULT	Inactive
Argentina eSIM 20GB 30Days	Argentina eSIM 20GB 30Days - high speed internet - mobile data 5G compatible	0630HUTLTE4	ARGENTINA-20GB-30D	36.99	0	2026-06-30 22:58:20 CEST		y	4			11				B0FR5DCH33						8721438400133			0	DEFAULT	Inactive
Argentina eSIM 3GB 15Days	Argentina eSIM 3GB 15Days - high speed internet - mobile data 5G compatible	0630HUUMKMV	ARGENTINA-3GB-15D	12.99	0	2026-06-30 22:54:52 CEST		y	4			11				B0FR554SXN						8721438400126			0	DEFAULT	Inactive
Armenia eSIM 20GB 30Days	Armenia eSIM 20GB 30Days - high speed internet - mobile data 5G compatible	0630HUTN9EV	ARMENIA-20GB-30D	30.99	0	2026-06-30 23:04:57 CEST		y	4			11				B0FR4ZT5XT						8721438400188			0	DEFAULT	Inactive
Armenia eSIM 3GB 15Days	Armenia eSIM 3GB 15Days - high speed internet - mobile data 5G compatible	0630HUZ1ZDI	ARMENIA-3GB-15D	8.99	0	2026-06-30 23:01:40 CEST		y	4			11				B0FR5BK9R4						8721438400164			0	DEFAULT	Inactive
Argentina eSIM 20GB 30Days		0812HPVJ5R2	AR_20_30	65.81	0	2026-08-12 15:27:19 CEST		y	1			11				B0FR5DCH33						B0FR5DCH33			0	DEFAULT	Inactive
Argentina eSIM 3GB 15Days		0812HPZP7YX	AR_3_15	14.18	0	2026-08-12 15:27:51 CEST		y	1			11				B0FR554SXN						B0FR554SXN			0	DEFAULT	Inactive
Asia-20 eSIM 3GB 15Days		0812HQ0BCRN	AS-20_3_15	18.15	0	2026-08-12 15:23:34 CEST		y	1			11				B0FR9FZ4RF						B0FR9FZ4RF			0	DEFAULT	Inactive
Asia-20 eSIM 5GB 30Days		0812HPTTCRL	AS-20_5_30	25.71	0	2026-08-12 15:23:05 CEST		y	1			11				B0FR9BQNSV						B0FR9BQNSV			0	DEFAULT	Inactive
Asia-20 eSIM 3GB 15Days	Asia-20 eSIM 3GB 15Days - high speed internet - mobile data 5G compatible	0630HUYPVU9	ASIA-20-3GB-15D	11.99	0	2026-06-30 23:08:38 CEST		y	4			11				B0FR9FZ4RF						8721438400317			0	DEFAULT	Inactive
Asia-20 eSIM 5GB 30Days	Asia-20 eSIM 5GB 30Days - high speed internet - mobile data 5G compatible	0630HV1O190	ASIA-20-5GB-30D	13.99	0	2026-06-30 23:13:41 CEST		y	4			11				B0FR9BQNSV						8721438400324			0	DEFAULT	Inactive
Austria eSIM 20GB 30Days		0812HQ254K3	AT_20_30	19.89	0	2026-08-12 15:28:37 CEST		y	1			11				B0FR8XBSBP						B0FR8XBSBP			0	DEFAULT	Inactive
Austria eSIM 3GB 15Days		0812HPR5YL7	AT_3_15	7.7	0	2026-08-12 15:23:01 CEST		y	1			11				B0FR9QSMSP						B0FR9QSMSP			0	DEFAULT	Inactive
Austria eSIM 5GB 30Days		0812HPYK414	AT_5_30	9.44	0	2026-08-12 15:25:32 CEST		y	1			11				B0FR8XCH78						B0FR8XCH78			0	DEFAULT	Inactive
Australia eSIM 20GB 30Days	Australia eSIM 20GB 30Days - high speed internet - mobile data 5G compatible	0630HUWCST0	AUSTRALIA-20GB-30D	14.99	0	2026-06-30 23:24:05 CEST		y	4			11				B0FR9G1ZQJ						8721438400416			0	DEFAULT	Inactive
Australia eSIM 3GB 15Days	Australia eSIM 3GB 15Days - high speed internet - mobile data 5G compatible	0630HUZ38PA	AUSTRALIA-3GB-15D	7.99	0	2026-06-30 23:16:34 CEST		y	4			11				B0FR9SKY4D						8721438400386			0	DEFAULT	Inactive
Australia eSIM 5GB 30Days	Australia eSIM 5GB 30Days - high speed internet - mobile data 5G compatible	0630HUYQ6IT	AUSTRALIA-5GB-30D	8.99	0	2026-06-30 23:20:25 CEST		y	4			11				B0FR9JRB62						8721438400393			0	DEFAULT	Inactive
Austria eSIM 20GB 30Days	Austria eSIM 20GB 30Days - high speed internet - mobile data 5G compatible	0630HUYY4FA	AUSTRIA-20GB-30D	14.99	0	2026-06-30 23:33:52 CEST		y	4			11				B0FR8XBSBP						8721438400539			0	DEFAULT	Inactive
Austria eSIM 3GB 15Days	Austria eSIM 3GB 15Days - high speed internet - mobile data 5G compatible	0630HUZVC05	AUSTRIA-3GB-15D	7.99	0	2026-06-30 23:27:37 CEST		y	4			11				B0FR9QSMSP						8721438400492			0	DEFAULT	Inactive
Austria eSIM 5GB 30Days	Austria eSIM 5GB 30Days - high speed internet - mobile data 5G compatible	0630HUVNE8B	AUSTRIA-5GB-30D	8.99	0	2026-06-30 23:30:45 CEST		y	4			11				B0FR8XCH78						8721438400515			0	DEFAULT	Inactive
Australia eSIM 20GB 30Days		0327H0J0WWQ	AU_20_30	19.31	0	2026-03-27 09:37:22 CET		y	1			11				B0FR9G1ZQJ						B0FR9G1ZQJ			0	DEFAULT	Inactive
Australia eSIM 3GB 15Days		0327H0K2JF1	AU_3_15	10.59	0	2026-03-27 09:47:36 CET		y	1			11				B0FR9SKY4D						B0FR9SKY4D			0	DEFAULT	Inactive
Australia eSIM 5GB 30Days		0325HSEA9F3	AU_5_30	12.33	0	2026-03-25 10:20:03 CET		y	1			11				B0FR9JRB62						B0FR9JRB62			0	DEFAULT	Inactive
Aaland Islands eSIM 20GB 30Days		0812HQ33BKJ	AX_20_30	34.45	0	2026-08-12 15:27:00 CEST		y	1			11				B0FR39Q1KJ						B0FR39Q1KJ			0	DEFAULT	Inactive
Aaland Islands eSIM 3GB 15Days		0812HQ1BTLO	AX_3_15	9.44	0	2026-08-12 15:26:46 CEST		y	1			11				B0FR3CCSMB						B0FR3CCSMB			0	DEFAULT	Inactive
Aaland Islands eSIM 5GB 30Days		0812HQ08576	AX_5_30	12.92	0	2026-08-12 15:31:28 CEST		y	1			11				B0FR3G6JWB						B0FR3G6JWB			0	DEFAULT	Inactive
Azerbaijan eSIM 3GB 15Days	Azerbaijan eSIM 3GB 15Days - high speed internet - mobile data 5G compatible	0630HV1PR2Q	AZERBAIJAN-3GB-15D	11.99	0	2026-06-30 23:37:34 CEST		y	4			11				B0FR9BTC98						8721438400560			0	DEFAULT	Inactive
Azerbaijan eSIM 3GB 15Days		0812HPYBZ9N	AZ_3_15	27.49	0	2026-08-12 15:21:50 CEST		y	1			11				B0FR9BTC98						B0FR9BTC98			0	DEFAULT	Inactive
Bahamas eSIM 20GB 30Days	Bahamas eSIM 20GB 30Days - high speed internet - mobile data 5G compatible	0630HTPQUIY	BAHAMAS-20GB-30D	121.99	0	2026-06-30 14:49:12 CEST		y	4			11				B0H6MCPR9P						8721438408597			0	DEFAULT	Inactive
Bahamas eSIM 3GB 15Days	Bahamas eSIM 3GB 15Days - high speed internet - mobile data 5G compatible	0630HTGL1H8	BAHAMAS-3GB-15D	31.99	0	2026-06-30 14:42:37 CEST		y	4			11				B0H6MB828R						8721438408573			0	DEFAULT	Inactive
Bahamas eSIM 5GB 30Days	Bahamas eSIM 5GB 30Days - high speed internet - mobile data 5G compatible	0630HTMPX6Z	BAHAMAS-5GB-30D	42.99	0	2026-06-30 14:45:54 CEST		y	4			11				B0H6MFGH8P						8721438408580			0	DEFAULT	Inactive
Bahrain eSIM 3GB 15Days	Bahrain eSIM 3GB 15Days - high speed internet - mobile data 5G compatible	0630HV1OD8S	BAHRAIN-3GB-15D	10.99	0	2026-06-30 23:41:26 CEST		y	4			11				B0FR9K64KF						8721438400591			0	DEFAULT	Inactive
Bangladesh eSIM 20GB 30Days	Bangladesh eSIM 20GB 30Days - high speed internet - mobile data 5G compatible	0630HV02VCQ	BANGLADESH-20GB-30D	22.99	0	2026-06-30 23:51:43 CEST		y	4			11				B0FR8FJ3HJ						8721438400683			0	DEFAULT	Inactive
Bangladesh eSIM 3GB 15Days	Bangladesh eSIM 3GB 15Days - high speed internet - mobile data 5G compatible	0630HUWINQH	BANGLADESH-3GB-15D	8.99	0	2026-06-30 23:45:19 CEST		y	4			11				B0FR9L7SG3						8721438400669			0	DEFAULT	Inactive
Bangladesh eSIM 5GB 30Days	Bangladesh eSIM 5GB 30Days - high speed internet - mobile data 5G compatible	0630HV1PIR5	BANGLADESH-5GB-30D	10.99	0	2026-06-30 23:48:57 CEST		y	4			11				B0FR9BQFCM						8721438400676			0	DEFAULT	Inactive
Barbados eSIM 20GB 30Days	Barbados eSIM 20GB 30Days - high speed internet - mobile data 5G compatible	0630HTPUI8B	BARBADOS-20GB-30D	84.99	0	2026-06-30 14:59:38 CEST		y	4			11				B0H6MJ921X						8721438408627			0	DEFAULT	Inactive
Barbados eSIM 3GB 15Days	Barbados eSIM 3GB 15Days - high speed internet - mobile data 5G compatible	0630HTJQ4ME	BARBADOS-3GB-15D	23.99	0	2026-06-30 14:53:04 CEST		y	4			11				B0H6MCD72X						8721438408603			0	DEFAULT	Inactive
Barbados eSIM 5GB 30Days	Barbados eSIM 5GB 30Days - high speed internet - mobile data 5G compatible	0630HTXGTPO	BARBADOS-5GB-30D	30.99	0	2026-06-30 14:56:42 CEST		y	4			11				B0H6MG6VYJ						8721438408610			0	DEFAULT	Inactive
Bosnia and Herzegovina eSIM 3GB 15Days		0812HQ0AILZ	BA_3_15	12.34	0	2026-08-12 15:23:31 CEST		y	1			11				B0FR9G8ZVK						B0FR9G8ZVK			0	DEFAULT	Inactive
Bangladesh eSIM 20GB 30Days		0812HQ62PN1	BD_20_30	53.03	0	2026-08-12 15:29:14 CEST		y	1			11				B0FR8FJ3HJ						B0FR8FJ3HJ			0	DEFAULT	Inactive
Bangladesh eSIM 3GB 15Days		0812HPV55V3	BD_3_15	15.25	0	2026-08-12 15:23:39 CEST		y	1			11				B0FR9L7SG3						B0FR9L7SG3			0	DEFAULT	Inactive
Bangladesh eSIM 5GB 30Days		0812HPYMVXS	BD_5_30	17.09	0	2026-08-12 15:29:49 CEST		y	1			11				B0FR9BQFCM						B0FR9BQFCM			0	DEFAULT	Inactive
Belarus eSIM 3GB 15Days	Belarus eSIM 3GB 15Days - high speed internet - mobile data 5G compatible	0630HUZ35H9	BELARUS-3GB-15D	8.99	0	2026-06-30 23:54:33 CEST		y	4			11				B0FR9G3Z82						8721438400706			0	DEFAULT	Inactive
Belarus eSIM 5GB 30Days	Belarus eSIM 5GB 30Days - high speed internet - mobile data 5G compatible	0630HV2LNXW	BELARUS-5GB-30D	11.99	0	2026-06-30 23:57:40 CEST		y	4			11				B0FR8FFT4D						8721438400713			0	DEFAULT	Inactive
Belgium eSIM 20GB 30Days	Belgium eSIM 20GB 30Days - high speed internet - mobile data 5G compatible	0630HV094Q0	BELGIUM-20GB-30D	14.99	0	2026-07-01 00:09:05 CEST		y	4			11				B0FR9BVRCH						8721438400775			0	DEFAULT	Inactive
Belgium eSIM 3GB 15Days	Belgium eSIM 3GB 15Days - high speed internet - mobile data 5G compatible	0630HV375XT	BELGIUM-3GB-15D	7.99	0	2026-07-01 00:01:33 CEST		y	4			11				B0FR9G432K						8721438400737			0	DEFAULT	Inactive
Belgium eSIM 5GB 30Days	Belgium eSIM 5GB 30Days - high speed internet - mobile data 5G compatible	0630HV65SXK	BELGIUM-5GB-30D	8.99	0	2026-07-01 00:05:24 CEST		y	4			11				B0FR9SXCW6						8721438400751			0	DEFAULT	Inactive
Belize eSIM 20GB 30Days	Belize eSIM 20GB 30Days - high speed internet - mobile data 5G compatible	0630HTSVRSE	BELIZE-20GB-30D	144.99	0	2026-06-30 15:09:56 CEST		y	4			11				B0H6MBSQM8						8721438408658			0	DEFAULT	Inactive
Belize eSIM 3GB 15Days	Belize eSIM 3GB 15Days - high speed internet - mobile data 5G compatible	0630HTRKK24	BELIZE-3GB-15D	31.99	0	2026-06-30 15:03:21 CEST		y	4			11				B0H6MFPNTX						8721438408634			0	DEFAULT	Inactive
Belize eSIM 5GB 30Days	Belize eSIM 5GB 30Days - high speed internet - mobile data 5G compatible	0630HTUOS26	BELIZE-5GB-30D	52.99	0	2026-06-30 15:06:39 CEST		y	4			11				B0H6MF1H4V						8721438408641			0	DEFAULT	Inactive
Benin eSIM 20GB 30Days	Benin eSIM 20GB 30Days - high speed internet - mobile data 5G compatible	0630HTVXPHN	BENIN-20GB-30D	75.99	0	2026-06-30 15:19:32 CEST		y	4			11				B0H6M7VGSZ						8721438408689			0	DEFAULT	Inactive
Benin eSIM 3GB 15Days	Benin eSIM 3GB 15Days - high speed internet - mobile data 5G compatible	0630HTRCD5Z	BENIN-3GB-15D	18.99	0	2026-06-30 15:13:28 CEST		y	4			11				B0H6M9YHDR						8721438408665			0	DEFAULT	Inactive
Benin eSIM 5GB 30Days	Benin eSIM 5GB 30Days - high speed internet - mobile data 5G compatible	0630HTVENND	BENIN-5GB-30D	30.99	0	2026-06-30 15:16:56 CEST		y	4			11				B0H6MHRNBH						8721438408672			0	DEFAULT	Inactive
Bermuda eSIM 20GB 30Days	Bermuda eSIM 20GB 30Days - high speed internet - mobile data 5G compatible	0630HTTN91F	BERMUDA-20GB-30D	100.99	0	2026-06-30 15:30:23 CEST		y	4			11				B0H6MCGQ77						8721438408719			0	DEFAULT	Inactive
Bermuda eSIM 3GB 15Days	Bermuda eSIM 3GB 15Days - high speed internet - mobile data 5G compatible	0630HTX6J6T	BERMUDA-3GB-15D	24.99	0	2026-06-30 15:23:28 CEST		y	4			11				B0H6MDMTGH						8721438408696			0	DEFAULT	Inactive
Bermuda eSIM 5GB 30Days	Bermuda eSIM 5GB 30Days - high speed internet - mobile data 5G compatible	0630HTUWVCG	BERMUDA-5GB-30D	32.99	0	2026-06-30 15:26:56 CEST		y	4			11				B0H6MFM5X4						8721438408702			0	DEFAULT	Inactive
Belgium eSIM 20GB 30Days		0327H1QHK7I	BE_20_30	22.92	0	2026-03-27 15:30:56 CET		y	1			11				B0FR9BVRCH						B0FR9BVRCH			0	DEFAULT	Inactive
Belgium eSIM 3GB 15Days		0327H0PBKQS	BE_3_15	11.18	0	2026-03-27 10:15:25 CET		y	1			11				B0FR9G432K						B0FR9G432K			0	DEFAULT	Inactive
Belgium eSIM 5GB 30Days		0327H18BVW9	BE_5_30	12.33	0	2026-03-27 14:07:31 CET		y	1			11				B0FR9SXCW6						B0FR9SXCW6			0	DEFAULT	Inactive
Burkina Faso eSIM 3GB 15Days		0812HQ1H7C0	BF_3_15	30.96	0	2026-08-12 15:26:18 CEST		y	1			11				B0FR9HWFSK						B0FR9HWFSK			0	DEFAULT	Inactive
Burkina Faso eSIM 5GB 30Days		0812HPXC7X9	BF_5_30	43.74	0	2026-08-12 15:29:42 CEST		y	1			11				B0FR9BWKSY						B0FR9BWKSY			0	DEFAULT	Inactive
Bhutan eSIM 20GB 30Days	Bhutan eSIM 20GB 30Days - high speed internet - mobile data 5G compatible	0630HTXUIBM	BHUTAN-20GB-30D	57.99	0	2026-06-30 15:41:22 CEST		y	4			11				B0H6M5WDSH						8721438408740			0	DEFAULT	Inactive
Bhutan eSIM 3GB 15Days	Bhutan eSIM 3GB 15Days - high speed internet - mobile data 5G compatible	0630HTXNVAO	BHUTAN-3GB-15D	17.99	0	2026-06-30 15:34:26 CEST		y	4			11				B0H6MJB588						8721438408726			0	DEFAULT	Inactive
Bhutan eSIM 5GB 30Days	Bhutan eSIM 5GB 30Days - high speed internet - mobile data 5G compatible	0630HTYZKC1	BHUTAN-5GB-30D	19.99	0	2026-06-30 15:38:15 CEST		y	4			11				B0H6M9C23Q						8721438408733			0	DEFAULT	Inactive
Bahrain eSIM 3GB 15Days		0812HPXASV8	BH_3_15	10.12	0	2026-08-12 15:24:27 CEST		y	1			11				B0FR9K64KF						B0FR9K64KF			0	DEFAULT	Inactive
Brunei Darussalam eSIM 20GB 30Days		0812HPY7G3S	BN_20_30	80.92	0	2026-08-12 15:25:45 CEST		y	1			11				B0FR9F971C						B0FR9F971C			0	DEFAULT	Inactive
Brunei Darussalam eSIM 3GB 15Days		0812HQ4RFCV	BN_3_15	17.68	0	2026-08-12 15:30:03 CEST		y	1			11				B0FR9KTJND						B0FR9KTJND			0	DEFAULT	Inactive
Bolivia eSIM 20GB 30Days	Bolivia eSIM 20GB 30Days - high speed internet - mobile data 5G compatible	0630HV0BFWV	BOLIVIA-20GB-30D	88.99	0	2026-07-01 00:15:43 CEST		y	4			11				B0FR9RH588						8721438400829			0	DEFAULT	Inactive
Bolivia eSIM 3GB 15Days	Bolivia eSIM 3GB 15Days - high speed internet - mobile data 5G compatible	0630HUWV4KT	BOLIVIA-3GB-15D	24.99	0	2026-07-01 00:12:47 CEST		y	4			11				B0FR8FKPKH						8721438400812			0	DEFAULT	Inactive
Bosnia and Herzegovina eSIM 3GB 15Days	Bosnia and Herzegovina eSIM 3GB 15Days - high speed internet - mobile data 5G compatible	0630HV5271K	BOSNIA-AND-HERZEGOVINA-3GB-15D	10.99	0	2026-07-01 00:18:54 CEST		y	4			11				B0FR9G8ZVK						8721438400843			0	DEFAULT	Inactive
Botswana eSIM 3GB 15Days	Botswana eSIM 3GB 15Days - high speed internet - mobile data 5G compatible	0630HV5NX99	BOTSWANA-3GB-15D	22.99	0	2026-07-01 00:22:35 CEST		y	4			11				B0FR9G7N2Q						8721438400867			0	DEFAULT	Inactive
Bolivia eSIM 20GB 30Days		0812HPX57Q0	BO_20_30	153.65	0	2026-08-12 15:24:44 CEST		y	1			11				B0FR9RH588						B0FR9RH588			0	DEFAULT	Inactive
Bolivia eSIM 3GB 15Days		0812HPX7WN6	BO_3_15	29.8	0	2026-08-12 15:25:52 CEST		y	1			11				B0FR8FKPKH						B0FR8FKPKH			0	DEFAULT	Inactive
Brazil eSIM 20GB 30Days	Brazil eSIM 20GB 30Days - high speed internet - mobile data 5G compatible	0630HV2QCUT	BRAZIL-20GB-30D	32.99	0	2026-07-01 00:29:02 CEST		y	4			11				B0FR9KLZCR						8721438400935			0	DEFAULT	Inactive
Brazil eSIM 3GB 15Days	Brazil eSIM 3GB 15Days - high speed internet - mobile data 5G compatible	0630HUX0T73	BRAZIL-3GB-15D	9.99	0	2026-07-01 00:25:55 CEST		y	4			11				B0FR9G5LKV						8721438400898			0	DEFAULT	Inactive
Brunei Darussalam eSIM 20GB 30Days	Brunei Darussalam eSIM 20GB 30Days - high speed internet - mobile data 5G compatible	0630HUWYZZ0	BRUNEI-DARUSSALAM-20GB-30D	65.99	0	2026-07-01 00:34:48 CEST		y	4			11				B0FR9F971C						8721438400997			0	DEFAULT	Inactive
Brunei Darussalam eSIM 3GB 15Days	Brunei Darussalam eSIM 3GB 15Days - high speed internet - mobile data 5G compatible	0630HV5K936	BRUNEI-DARUSSALAM-3GB-15D	13.99	0	2026-07-01 00:32:13 CEST		y	4			11				B0FR9KTJND						8721438400980			0	DEFAULT	Inactive
Brazil eSIM 20GB 30Days		0812HQ0DLQ3	BR_20_30	42.59	0	2026-08-12 15:30:27 CEST		y	1			11				B0FR9KLZCR						B0FR9KLZCR			0	DEFAULT	Inactive
Brazil eSIM 3GB 15Days		0812HQ65IZA	BR_3_15	13.04	0	2026-08-12 15:23:30 CEST		y	1			11				B0FR9G5LKV						B0FR9G5LKV			0	DEFAULT	Inactive
Bulgaria eSIM 3GB 15Days	Bulgaria eSIM 3GB 15Days - high speed internet - mobile data 5G compatible	0630HTFF6HV	BULGARIA-3GB-15D	7.99	0	2026-06-30 13:12:04 CEST		y	4			11				B0H6MCT4Y5						8721438401031			0	DEFAULT	Inactive
Burkina Faso eSIM 3GB 15Days	Burkina Faso eSIM 3GB 15Days - high speed internet - mobile data 5G compatible	0630HUX1G8J	BURKINA-FASO-3GB-15D	11.99	0	2026-07-01 00:38:09 CEST		y	4			11				B0FR9HWFSK						8721438401086			0	DEFAULT	Inactive
Burkina Faso eSIM 5GB 30Days	Burkina Faso eSIM 5GB 30Days - high speed internet - mobile data 5G compatible	0630HV6OIET	BURKINA-FASO-5GB-30D	34.99	0	2026-07-01 00:41:15 CEST		y	4			11				B0FR9BWKSY						8721438401093			0	DEFAULT	Inactive
Botswana eSIM 3GB 15Days		0812HQ4M0YD	BW_3_15	30.96	0	2026-08-12 15:29:57 CEST		y	1			11				B0FR9G7N2Q						B0FR9G7N2Q			0	DEFAULT	Inactive
Belarus eSIM 3GB 15Days		0812HPU41JT	BY_3_15	10.12	0	2026-08-12 15:30:39 CEST		y	1			11				B0FR9G3Z82						B0FR9G3Z82			0	DEFAULT	Inactive
Belarus eSIM 5GB 30Days		0812HQ09V6Y	BY_5_30	16.52	0	2026-08-12 15:24:12 CEST		y	1			11				B0FR8FFT4D						B0FR8FFT4D			0	DEFAULT	Inactive
Cambodia eSIM 20GB 30Days	Cambodia eSIM 20GB 30Days - high speed internet - mobile data 5G compatible	0630HV6HJ80	CAMBODIA-20GB-30D	25.99	0	2026-07-01 01:24:45 CEST		y	4			11				B0FR9GFJPL						8721438401710			0	DEFAULT	Inactive
Cambodia eSIM 3GB 15Days	Cambodia eSIM 3GB 15Days - high speed internet - mobile data 5G compatible	0630HV8CUF1	CAMBODIA-3GB-15D	8.99	0	2026-07-01 01:21:18 CEST		y	4			11				B0FR8XKMJ4						8721438401697			0	DEFAULT	Inactive
Cameroon eSIM 3GB 15Days	Cameroon eSIM 3GB 15Days - high speed internet - mobile data 5G compatible	0630HV34993	CAMEROON-3GB-15D	20.99	0	2026-07-01 00:44:45 CEST		y	4			11				B0FR9VJ1ZB						8721438401116			0	DEFAULT	Inactive
Canada eSIM 20GB 30Days Premium	Canada eSIM 20GB 30Days Premium - high speed internet - mobile data 5G compatible	0630HUVJSXL	CANADA-PREMIUM-20GB-30D	29.99	0	2026-06-30 22:33:55 CEST		y	4			11				B0H6MJ9N4Y						8721438410606			0	DEFAULT	Inactive
Canada eSIM 3GB 15Days Premium	Canada eSIM 3GB 15Days Premium - high speed internet - mobile data 5G compatible	0630HUTSEAA	CANADA-PREMIUM-3GB-15D	9.99	0	2026-06-30 22:27:41 CEST		y	4			11				B0H6MJ1HMJ						8721438410583			0	DEFAULT	Inactive
Canada eSIM 5GB 30Days Premium	Canada eSIM 5GB 30Days Premium - high speed internet - mobile data 5G compatible	0630HUV5TVP	CANADA-PREMIUM-5GB-30D	14.99	0	2026-06-30 22:30:58 CEST		y	4			11				B0H6MPXGBN						8721438410590			0	DEFAULT	Inactive
Cape Verde eSIM 20GB 30Days	Cape Verde eSIM 20GB 30Days - high speed internet - mobile data 5G compatible	0630HTZ9EAV	CAPE-VERDE-20GB-30D	162.99	0	2026-06-30 15:52:20 CEST		y	4			11				B0H6M9VSPG						8721438408771			0	DEFAULT	Inactive
Cape Verde eSIM 3GB 15Days	Cape Verde eSIM 3GB 15Days - high speed internet - mobile data 5G compatible	0630HTY9PGZ	CAPE-VERDE-3GB-15D	32.99	0	2026-06-30 15:45:14 CEST		y	4			11				B0H6M9R16H						8721438408757			0	DEFAULT	Inactive
Cape Verde eSIM 5GB 30Days	Cape Verde eSIM 5GB 30Days - high speed internet - mobile data 5G compatible	0630HTY3IT4	CAPE-VERDE-5GB-30D	53.99	0	2026-06-30 15:48:42 CEST		y	4			11				B0H6MFG453						8721438408764			0	DEFAULT	Inactive
Cayman Islands eSIM 20GB 30Days	Cayman Islands eSIM 20GB 30Days - high speed internet - mobile data 5G compatible	0630HTZ0SSQ	CAYMAN-ISLANDS-20GB-30D	94.99	0	2026-06-30 16:02:06 CEST		y	4			11				B0H6MGXYNS						8721438408801			0	DEFAULT	Inactive
Cayman Islands eSIM 3GB 15Days	Cayman Islands eSIM 3GB 15Days - high speed internet - mobile data 5G compatible	0630HTWEW61	CAYMAN-ISLANDS-3GB-15D	26.99	0	2026-06-30 15:55:41 CEST		y	4			11				B0H6MLHBD7						8721438408788			0	DEFAULT	Inactive
Cayman Islands eSIM 5GB 30Days	Cayman Islands eSIM 5GB 30Days - high speed internet - mobile data 5G compatible	0630HU1Q0MU	CAYMAN-ISLANDS-5GB-30D	34.99	0	2026-06-30 15:59:10 CEST		y	4			11				B0H6M55MKK						8721438408795			0	DEFAULT	Inactive
Canada eSIM 20 GB 30 dagen | Pay As You Go Data SIM | Eenvoudige installatie | Travel SIM voor toeristen en bedrijven | 3G/4G-snelheden		0327H07S94W	CA_20_30	29.8	0	2026-03-27 09:49:34 CET		y	1			11				B0FR9BY42D						B0FR9BY42D			0	DEFAULT	Inactive
Canada eSIM 3GB 15 dagen | Pay As You Go Data SIM | Eenvoudige installatie | Reis-simkaart voor toeristen en bedrijven | 3G/4G-snelheden		0327H0G6W1O	CA_3_15	12.33	0	2026-03-27 09:40:10 CET		y	1			11				B0FR9RZLF3						B0FR9RZLF3			0	DEFAULT	Inactive
Canada eSIM 5GB 30 dagen | Pay As You Go Data SIM | Eenvoudige installatie | Reis-simkaart voor toeristen en bedrijven | 3G/4G-snelheden		0327H1ACJYE	CA_5_30	15.81	0	2026-03-27 13:42:31 CET		y	1			11				B0FR9SYCBK						B0FR9SYCBK			0	DEFAULT	Inactive
Central African Republic eSIM 3GB 15Days	Central African Republic eSIM 3GB 15Days - high speed internet - mobile data 5G compatible	0630HV1OLXA	CENTRAL-AFRICAN-REPUBLIC-3GB-15D	19.99	0	2026-07-01 00:48:46 CEST		y	4			11				B0FR9RK8FP						8721438401352			0	DEFAULT	Inactive
Central African Republic eSIM 5GB 30Days	Central African Republic eSIM 5GB 30Days - high speed internet - mobile data 5G compatible	0630HV0IQ7N	CENTRAL-AFRICAN-REPUBLIC-5GB-30D	33.99	0	2026-07-01 00:51:53 CEST		y	4			11				B0FR9R3NMC						8721438401369			0	DEFAULT	Inactive
Central African Republic eSIM 3GB 15Days		0812HPX9CG2	CF_3_15	30.96	0	2026-08-12 15:27:50 CEST		y	1			11				B0FR9RK8FP						B0FR9RK8FP			0	DEFAULT	Inactive
Central African Republic eSIM 5GB 30Days		0812HQ2X5M3	CF_5_30	43.74	0	2026-08-12 15:30:49 CEST		y	1			11				B0FR9R3NMC						B0FR9R3NMC			0	DEFAULT	Inactive
Chad eSIM 3GB 15Days	Chad eSIM 3GB 15Days - high speed internet - mobile data 5G compatible	0630HVBPGPU	CHAD-3GB-15D	16.99	0	2026-07-01 00:55:02 CEST		y	4			11				B0FR9SG4MK						8721438401420			0	DEFAULT	Inactive
Chad eSIM 5GB 30Days	Chad eSIM 5GB 30Days - high speed internet - mobile data 5G compatible	0630HV3JPO1	CHAD-5GB-30D	27.99	0	2026-07-01 00:58:08 CEST		y	4			11				B0FR9L414C						8721438401437			0	DEFAULT	Inactive
Chile eSIM 3GB 15Days	Chile eSIM 3GB 15Days - high speed internet - mobile data 5G compatible	0630HV64TSV	CHILE-3GB-15D	12.99	0	2026-07-01 01:01:50 CEST		y	4			11				B0FR9RY1RT						8721438401451			0	DEFAULT	Inactive
China eSIM 20GB 30Days	China eSIM 20GB 30Days - high speed internet - mobile data 5G compatible	0630HUXFR6M	CHINA-20GB-30D	17.99	0	2026-07-01 01:13:34 CEST		y	4			11				B0FR9GD6X9						8721438401604			0	DEFAULT	Inactive
China eSIM 3GB 15Days	China eSIM 3GB 15Days - high speed internet - mobile data 5G compatible	0630HVB25C8	CHINA-3GB-15D	7.99	0	2026-07-01 01:06:05 CEST		y	4			11				B0FR9QZ578						8721438401574			0	DEFAULT	Inactive
China eSIM 5GB 30Days	China eSIM 5GB 30Days - high speed internet - mobile data 5G compatible	0630HVB4A86	CHINA-5GB-30D	8.99	0	2026-07-01 01:09:55 CEST		y	4			11				B0FR9HX7XH						8721438401581			0	DEFAULT	Inactive
Switzerland eSIM 20GB 30Days		0325HRCC3AD	CH_20_30	16.52	0	2026-03-25 06:13:35 CET		y	1			11				B0FRB6VY7S						B0FRB6VY7S			0	DEFAULT	Inactive
Switzerland eSIM 3GB 15Days		0325HSEWEKA	CH_3_15	6.06	0	2026-03-25 10:34:37 CET		y	1			11				B0FRB5LFVC						B0FRB5LFVC			0	DEFAULT	Inactive
Switzerland eSIM 5GB 30Days		0325HRCEEL8	CH_5_30	8.37	0	2026-03-25 06:16:45 CET		y	1			11				B0FRB7G4VW						B0FRB7G4VW			0	DEFAULT	Inactive
Cote d'Ivoire eSIM 3GB 15Days		0812HQ306PN	CI_3_15	27.49	0	2026-08-12 15:25:12 CEST		y	1			11				B0FR9HW9DJ						B0FR9HW9DJ			0	DEFAULT	Inactive
Cote d'Ivoire eSIM 5GB 30Days		0812HQ26VV6	CI_5_30	43.74	0	2026-08-12 15:29:39 CEST		y	1			11				B0FR9V5LYJ						B0FR9V5LYJ			0	DEFAULT	Inactive
Chile eSIM 3GB 15Days		0812HQ3DNWP	CL_3_15	26.28	0	2026-08-12 15:26:49 CEST		y	1			11				B0FR9RY1RT						B0FR9RY1RT			0	DEFAULT	Inactive
Cameroon eSIM 3GB 15Days		0812HPU2KF4	CM_3_15	27.49	0	2026-08-12 15:25:43 CEST		y	1			11				B0FR9VJ1ZB						B0FR9VJ1ZB			0	DEFAULT	Inactive
China eSIM 20GB 30Days		0327H0BB6A3	CN_20_30	22.8	0	2026-03-27 09:50:44 CET		y	1			11				B0FR9GD6X9						B0FR9GD6X9			0	DEFAULT	Inactive
China eSIM 3GB 15Days		0325HSFKA8H	CN_3_15	11.18	0	2026-03-25 10:54:55 CET		y	1			11				B0FR9QZ578						B0FR9QZ578			0	DEFAULT	Inactive
China eSIM 5GB 30Days		0327H0YIBCW	CN_5_30	13.5	0	2026-03-27 12:11:27 CET		y	1			11				B0FR9HX7XH						B0FR9HX7XH			0	DEFAULT	Inactive
Colombia eSIM 3GB 15Days	Colombia eSIM 3GB 15Days - high speed internet - mobile data 5G compatible	0630HV9IA3B	COLOMBIA-3GB-15D	13.99	0	2026-07-01 01:17:26 CEST		y	4			11				B0FR9RL8W5						8721438401673			0	DEFAULT	Inactive
Costa Rica eSIM 3GB 15Days	Costa Rica eSIM 3GB 15Days - high speed internet - mobile data 5G compatible	0630HV8KYPK	COSTA-RICA-3GB-15D	14.99	0	2026-07-01 01:28:05 CEST		y	4			11				B0FR9LNRMN						8721438401765			0	DEFAULT	Inactive
Cote d'Ivoire eSIM 3GB 15Days	Cote d'Ivoire eSIM 3GB 15Days - high speed internet - mobile data 5G compatible	0630HV9OI8J	COTE-D-IVOIRE-3GB-15D	23.99	0	2026-07-01 01:31:36 CEST		y	4			11				B0FR9HW9DJ						8721438401789			0	DEFAULT	Inactive
Colombia eSIM 3GB 15Days		0812HQ3J2OU	CO_3_15	11.29	0	2026-08-12 15:26:27 CEST		y	1			11				B0FR9RL8W5						B0FR9RL8W5			0	DEFAULT	Inactive
Costa Rica eSIM 3GB 15Days		0812HQ1Q1PQ	CR_3_15	21.63	0	2026-08-12 15:27:26 CEST		y	1			11				B0FR9LNRMN						B0FR9LNRMN			0	DEFAULT	Inactive
Curacao eSIM 20GB 30Days	Curacao eSIM 20GB 30Days - high speed internet - mobile data 5G compatible	0630HTYDSB6	CURACAO-20GB-30D	78.99	0	2026-06-30 16:12:44 CEST		y	4			11				B0H6MF51WH						8721438408832			0	DEFAULT	Inactive
Curacao eSIM 3GB 15Days	Curacao eSIM 3GB 15Days - high speed internet - mobile data 5G compatible	0630HTZVCK5	CURACAO-3GB-15D	21.99	0	2026-06-30 16:06:09 CEST		y	4			11				B0H6M81JPM						8721438408818			0	DEFAULT	Inactive
Curacao eSIM 5GB 30Days	Curacao eSIM 5GB 30Days - high speed internet - mobile data 5G compatible	0630HU2FJYD	CURACAO-5GB-30D	28.99	0	2026-06-30 16:09:27 CEST		y	4			11				B0H6MGZLBC						8721438408825			0	DEFAULT	Inactive
Cyprus eSIM 3GB 15Days		0812HPZEG12	CY_3_15	7.7	0	2026-08-12 15:23:10 CEST		y	1			11				B0FR8XJWWG						B0FR8XJWWG			0	DEFAULT	Inactive
Cyprus eSIM 5GB 30Days		0812HQ2FGWM	CY_5_30	9.44	0	2026-08-12 15:31:21 CEST		y	1			11				B0FR8XHWZV						B0FR8XHWZV			0	DEFAULT	Inactive
Czech Republic eSIM 20GB 30Days		0812HPZWEC1	CZ_20_30	15.94	0	2026-08-12 15:25:46 CEST		y	1			11				B0FR9SVN9H						B0FR9SVN9H			0	DEFAULT	Inactive
Czech Republic eSIM 5GB 30Days		0812HQ3G5FX	CZ_5_30	5.47	0	2026-08-12 15:26:20 CEST		y	1			11				B0FR9BY2LF						B0FR9BY2LF			0	DEFAULT	Inactive
Democratic Republic of the Congo eSIM 3GB 15Days	Democratic Republic of the Congo eSIM 3GB 15Days - high speed internet - mobile data 5G compatible	0630HU1YWHR	DEMOCRATIC-REPUBLIC-OF-THE-CONGO-3GB-15D	13.99	0	2026-06-30 16:16:16 CEST		y	4			11				B0H6LZL22Y						8721438408849			0	DEFAULT	Inactive
Democratic Republic of the Congo eSIM 5GB 30Days	Democratic Republic of the Congo eSIM 5GB 30Days - high speed internet - mobile data 5G compatible	0630HU1IAZB	DEMOCRATIC-REPUBLIC-OF-THE-CONGO-5GB-30D	21.99	0	2026-06-30 16:19:44 CEST		y	4			11				B0H6M6L8Z8						8721438408856			0	DEFAULT	Inactive
Germany eSIM 20GB 30Days		0327H0ENAWF	DE_20_30	32.66	0	2026-03-27 09:35:47 CET		y	1			11				B0GSZP9H94						B0GSZP9H94			0	DEFAULT	Inactive
Germany eSIM 3GB 15Days		0327H0U6ULA	DE_3_15	10.01	0	2026-03-27 11:07:14 CET		y	1			11				B0GSZBMLKV						B0GSZBMLKV			0	DEFAULT	Inactive
Germany eSIM 5GB 30Days		0327H0RWP37	DE_5_30	11.75	0	2026-03-27 10:59:55 CET		y	1			11				B0GSZDYWLZ						B0GSZDYWLZ			0	DEFAULT	Inactive
Denmark eSIM 20GB 30Days		0812HPY8YOL	DK_20_30	15.35	0	2026-08-12 15:24:00 CEST		y	1			11				B0FR9QPF45						B0FR9QPF45			0	DEFAULT	Inactive
Denmark eSIM 3GB 15Days		0812HQ2R9G9	DK_3_15	7.7	0	2026-08-12 15:27:44 CEST		y	1			11				B0FR9GSNP4						B0FR9GSNP4			0	DEFAULT	Inactive
Denmark eSIM 5GB 30Days		0812HPTZTZT	DK_5_30	5.47	0	2026-08-12 15:30:21 CEST		y	1			11				B0FR8XQYR4						B0FR8XQYR4			0	DEFAULT	Inactive
Dominica eSIM 20GB 30Days	Dominica eSIM 20GB 30Days - high speed internet - mobile data 5G compatible	0630HUCLW4W	DOMINICA-20GB-30D	87.99	0	2026-06-30 16:33:22 CEST		y	4			11				B0H6MK8XTJ						8721438408894			0	DEFAULT	Inactive
Dominica eSIM 3GB 15Days	Dominica eSIM 3GB 15Days - high speed internet - mobile data 5G compatible	0630HU0KEVN	DOMINICA-3GB-15D	23.99	0	2026-06-30 16:26:58 CEST		y	4			11				B0H6M9H54M						8721438408870			0	DEFAULT	Inactive
Dominica eSIM 5GB 30Days	Dominica eSIM 5GB 30Days - high speed internet - mobile data 5G compatible	0630HU0KST4	DOMINICA-5GB-30D	31.99	0	2026-06-30 16:30:16 CEST		y	4			11				B0H6M5HR32						8721438408887			0	DEFAULT	Inactive
Dominican Republic eSIM 20GB 30Days		0812HPYU2YQ	DO_20_30	97.76	0	2026-08-12 15:29:21 CEST		y	1			11				B0FR9C6DJF						B0FR9C6DJF			0	DEFAULT	Inactive
Dominican Republic eSIM 3GB 15Days		0812HQ3PPFU	DO_3_15	26.28	0	2026-08-12 15:26:31 CEST		y	1			11				B0FR9GSKZF						B0FR9GSKZF			0	DEFAULT	Inactive
Dominican Republic eSIM 5GB 30Days		0812HPX4PAF	DO_5_30	36.19	0	2026-08-12 15:22:36 CEST		y	1			11				B0FR9GQKCM						B0FR9GQKCM			0	DEFAULT	Inactive
Democratic Republic of the Congo eSIM 20GB 30Days	Democratic Republic of the Congo eSIM 20GB 30Days - high speed internet - mobile data 5G compatible	0630HU0DSGX	DRC-20GB-30D	58.99	0	2026-06-30 16:23:26 CEST		y	4			11				B0H6MZWFM7						8721438408863			0	DEFAULT	Inactive
Ecuador eSIM 3GB 15Days		0812HPYYAC9	EC_3_15	17.68	0	2026-08-12 15:22:21 CEST		y	1			11				B0FR9RM6MP						B0FR9RM6MP			0	DEFAULT	Inactive
Estonia eSIM 20GB 30Days		0812HQ0D88D	EE_20_30	17.09	0	2026-08-12 15:28:11 CEST		y	1			11				B0FR9L527N						B0FR9L527N			0	DEFAULT	Inactive
Estonia eSIM 3GB 15Days		0812HPZ7TLT	EE_3_15	3.73	0	2026-08-12 15:23:04 CEST		y	1			11				B0FR9GST1S						B0FR9GST1S			0	DEFAULT	Inactive
Estonia eSIM 5GB 30Days		0812HPZB23I	EE_5_30	5.47	0	2026-08-12 15:26:03 CEST		y	1			11				B0FR9GQYKB						B0FR9GQYKB			0	DEFAULT	Inactive
Egypt eSIM 20GB 30Days		0327H0OEUF9	EG_20_30	38.51	0	2026-03-27 10:01:19 CET		y	1			11				B0FR9GQBGL						B0FR9GQBGL			0	DEFAULT	Inactive
Egypt eSIM 3GB 15Days		0327H0O5CBO	EG_3_15	14.67	0	2026-03-27 10:58:54 CET		y	1			11				B0FR9C784N						B0FR9C784N			0	DEFAULT	Inactive
Egypte eSIM 3GB 30 dagen | Pay As You Go Data SIM | Eenvoudige installatie | Reis-simkaart voor toeristen en bedrijven | 3G/4G-snelheden		0327H19F1JR	EG_3_30	14.59	0	2026-03-27 12:52:48 CET		y	1			11				B0FR9GNL93						B0FR9GNL93			0	DEFAULT	Inactive
Egypt eSIM 5GB 30Days		0812HQ06MJ9	EG_5_30	17.68	0	2026-08-12 15:26:30 CEST		y	1			11				B0FR9LR5KJ						B0FR9LR5KJ			0	DEFAULT	Inactive
Spain eSIM 20GB 30Days		0327H18FJ7G	ES_20_30	17.67	0	2026-03-27 14:18:21 CET		y	1			11				B0FRCMPGPL						B0FRCMPGPL			0	DEFAULT	Inactive
Spain eSIM 3GB 15Days		0327H0ID6CZ	ES_3_15	7.21	0	2026-03-27 10:53:58 CET		y	1			11				B0FRCDHTZ7						B0FRCDHTZ7			0	DEFAULT	Inactive
Spain eSIM 5GB 30Days		0325HSUDEJP	ES_5_30	9.53	0	2026-03-25 12:46:49 CET		y	1			11				B0FRBQCLZN						B0FRBQCLZN			0	DEFAULT	Inactive
Europe(40+ areas) eSIM 20GB 30Days		0812HPTZ04M	EU-42_20_30	53.05	0	2026-08-12 15:26:24 CEST		y	1			11				B0FR9TNPV3						B0FR9TNPV3			0	DEFAULT	Inactive
Europe(40+ areas) eSIM 5GB 30Days		0812HQ0FZHT	EU-42_5_30	21.05	0	2026-08-12 15:28:57 CEST		y	1			11				B0FR9RYSSS						B0FR9RYSSS			0	DEFAULT	Inactive
Faroe Islands eSIM 20GB 30Days	Faroe Islands eSIM 20GB 30Days - high speed internet - mobile data 5G compatible	0630HU0U95O	FAROE-ISLANDS-20GB-30D	28.99	0	2026-06-30 16:42:59 CEST		y	4			11				B0H6MB82ZV						8721438408924			0	DEFAULT	Inactive
Faroe Islands eSIM 3GB 15Days	Faroe Islands eSIM 3GB 15Days - high speed internet - mobile data 5G compatible	0630HU1TX76	FAROE-ISLANDS-3GB-15D	8.99	0	2026-06-30 16:36:44 CEST		y	4			11				B0H6ML935Q						8721438408900			0	DEFAULT	Inactive
Faroe Islands eSIM 5GB 30Days	Faroe Islands eSIM 5GB 30Days - high speed internet - mobile data 5G compatible	0630HU6RZDC	FAROE-ISLANDS-5GB-30D	11.99	0	2026-06-30 16:40:12 CEST		y	4			11				B0H6MF2TVH						8721438408917			0	DEFAULT	Inactive
Fiji eSIM 20GB 30Days	Fiji eSIM 20GB 30Days - high speed internet - mobile data 5G compatible	0630HU2YMC6	FIJI-20GB-30D	39.99	0	2026-06-30 16:52:14 CEST		y	4			11				B0H6MGBL3N						8721438408955			0	DEFAULT	Inactive
Fiji eSIM 3GB 15Days	Fiji eSIM 3GB 15Days - high speed internet - mobile data 5G compatible	0630HU9WWA9	FIJI-3GB-15D	11.99	0	2026-06-30 16:46:21 CEST		y	4			11				B0H6MFLWYD						8721438408931			0	DEFAULT	Inactive
Fiji eSIM 5GB 30Days	Fiji eSIM 5GB 30Days - high speed internet - mobile data 5G compatible	0630HU7153F	FIJI-5GB-30D	13.99	0	2026-06-30 16:49:28 CEST		y	4			11				B0H6MJ7GS6						8721438408948			0	DEFAULT	Inactive
Finland eSIM 3GB 15Days		0812HQ38RJG	FI_3_15	7.11	0	2026-08-12 15:28:59 CEST		y	1			11				B0FR9GSND6						B0FR9GSND6			0	DEFAULT	Inactive
Finland eSIM 5GB 30Days		0812HPZZO6F	FI_5_30	4.31	0	2026-08-12 15:23:21 CEST		y	1			11				B0FR9SB3BJ						B0FR9SB3BJ			0	DEFAULT	Inactive
French Guiana eSIM 20GB 30Days	French Guiana eSIM 20GB 30Days - high speed internet - mobile data 5G compatible	0630HUAJ6R7	FRENCH-GUIANA-20GB-30D	16.99	0	2026-06-30 17:01:50 CEST		y	4			11				B0H6MDNXJJ						8721438408986			0	DEFAULT	Inactive
French Guiana eSIM 3GB 15Days	French Guiana eSIM 3GB 15Days - high speed internet - mobile data 5G compatible	0630HU9KIBJ	FRENCH-GUIANA-3GB-15D	7.99	0	2026-06-30 16:55:26 CEST		y	4			11				B0H6MFD6Z3						8721438408962			0	DEFAULT	Inactive
French Guiana eSIM 5GB 30Days	French Guiana eSIM 5GB 30Days - high speed internet - mobile data 5G compatible	0630HU3PXGH	FRENCH-GUIANA-5GB-30D	8.99	0	2026-06-30 16:58:53 CEST		y	4			11				B0H6MGC352						8721438408979			0	DEFAULT	Inactive
French Polynesia eSIM 20GB 30Days	French Polynesia eSIM 20GB 30Days - high speed internet - mobile data 5G compatible	0630HUA4UTP	FRENCH-POLYNESIA-20GB-30D	241.99	0	2026-06-30 17:11:36 CEST		y	4			11				B0H6M59GH9						8721438409013			0	DEFAULT	Inactive
French Polynesia eSIM 3GB 15Days	French Polynesia eSIM 3GB 15Days - high speed internet - mobile data 5G compatible	0630HU351RC	FRENCH-POLYNESIA-3GB-15D	47.99	0	2026-06-30 17:05:02 CEST		y	4			11				B0H6MF6GHP						8721438408993			0	DEFAULT	Inactive
French Polynesia eSIM 5GB 30Days	French Polynesia eSIM 5GB 30Days - high speed internet - mobile data 5G compatible	0630HU6YPL6	FRENCH-POLYNESIA-5GB-30D	66.99	0	2026-06-30 17:08:08 CEST		y	4			11				B0H6MD2GXY						8721438409006			0	DEFAULT	Inactive
France eSIM 20GB 30Days		0325HR7547T	FR_20_30	26.27	0	2026-03-25 06:17:32 CET		y	1			11				B0FR9GPMC5						B0FR9GPMC5			0	DEFAULT	Inactive
France eSIM 3GB 15Days		0325HR89S8G	FR_3_15	12.33	0	2026-03-25 06:07:48 CET		y	1			11				B0FR9C5ZB6						B0FR9C5ZB6			0	DEFAULT	Inactive
France eSIM 5GB 30Days		0412HUK5VS3	FR_5_30	14.67	0	2026-04-12 13:27:28 CEST		y	1			11				B0FR9LMDW5						B0FR9LMDW5			0	DEFAULT	Inactive
Gambia eSIM 3GB 15Days	Gambia eSIM 3GB 15Days - high speed internet - mobile data 5G compatible	0701HY1QDFD	GAMBIA-3GB-15D	34.99	0	2026-07-01 16:13:41 CEST		y	4			11				B0H2FTMBBQ						8721438408368			0	DEFAULT	Inactive
Gambia eSIM 5GB 30Days	Gambia eSIM 5GB 30Days - high speed internet - mobile data 5G compatible	0701HYCVNFT	GAMBIA-5GB-30D	57.99	0	2026-07-01 16:17:32 CEST		y	4			11				B0H2FQ3QJ9						8721438408375			0	DEFAULT	Inactive
Gabon eSIM 3GB 15Days		0812HQ29CA6	GA_3_15	21.63	0	2026-08-12 15:29:39 CEST		y	1			11				B0FR9GPX9T						B0FR9GPX9T			0	DEFAULT	Inactive
Verenigd Koninkrijk eSIM 20 GB 30 dagen | Pay As You Go Data SIM | Eenvoudige installatie | UK Travel SIM voor toeristen en bedrijven | 3G/4G-snelheden		0325HR8QSMT	GB_20_30	14.77	0	2026-03-25 06:19:42 CET		y	1			11				B0FRDGCBTN						B0FRDGCBTN			0	DEFAULT	Inactive
United Kingdom eSIM 3GB 15Days		0325HR1KK2Y	GB_3_15	4.89	0	2026-03-25 06:15:38 CET		y	1			11				B0FRCPD8TS						B0FRCPD8TS			0	DEFAULT	Inactive
United Kingdom eSIM 5GB 30Days		0325HR8TYW4	GB_5_30	6.05	0	2026-03-25 06:12:28 CET		y	1			11				B0FRDDRGJF						B0FRDDRGJF			0	DEFAULT	Inactive
Georgia eSIM 20GB 30Days		0812HQ0AQ8K	GE_20_30	29.8	0	2026-08-12 15:26:39 CEST		y	1			11				B0FR9C73NK						B0FR9C73NK			0	DEFAULT	Inactive
Georgia eSIM 3GB 15Days		0812HPYQK0S	GE_3_15	6.06	0	2026-08-12 15:26:52 CEST		y	1			11				B0FR9KMX2N						B0FR9KMX2N			0	DEFAULT	Inactive
Guernsey eSIM 20GB 30Days		0812HPTVUKF	GG_20_30	56.53	0	2026-08-12 15:24:02 CEST		y	1			11				B0FR9LYWWY						B0FR9LYWWY			0	DEFAULT	Inactive
Guernsey eSIM 3GB 15Days		0812HPZ6OVB	GG_3_15	15.25	0	2026-08-12 15:28:19 CEST		y	1			11				B0FR9SMWDN						B0FR9SMWDN			0	DEFAULT	Inactive
Guernsey eSIM 5GB 30Days		0812HQ1AO16	GG_5_30	22.22	0	2026-08-12 15:30:22 CEST		y	1			11				B0FR9C5PXR						B0FR9C5PXR			0	DEFAULT	Inactive
Ghana eSIM 20GB 30Days	Ghana eSIM 20GB 30Days - high speed internet - mobile data 5G compatible	0630HUANVVL	GHANA-20GB-30D	40.99	0	2026-06-30 17:21:20 CEST		y	4			11				B0H6M9CG3G						8721438409044			0	DEFAULT	Inactive
Ghana eSIM 3GB 15Days	Ghana eSIM 3GB 15Days - high speed internet - mobile data 5G compatible	0630HU7LVHW	GHANA-3GB-15D	12.99	0	2026-06-30 17:15:06 CEST		y	4			11				B0H6M7CH6H						8721438409020			0	DEFAULT	Inactive
Ghana eSIM 5GB 30Days	Ghana eSIM 5GB 30Days - high speed internet - mobile data 5G compatible	0630HU6C2YW	GHANA-5GB-30D	13.99	0	2026-06-30 17:18:13 CEST		y	4			11				B0H6MD48NZ						8721438409037			0	DEFAULT	Inactive
Gibraltar eSIM 3GB 15Days		0812HPX84BO	GI_3_15	11.29	0	2026-08-12 15:26:37 CEST		y	1			11				B0FR8XSPMC						B0FR8XSPMC			0	DEFAULT	Inactive
Global139 eSIM 5GB 30Days		0812HPTWZ7E	GL-139_5_30	49.56	0	2026-08-12 15:25:18 CEST		y	1			11				B0FR9VNTLY						B0FR9VNTLY			0	DEFAULT	Inactive
Guadeloupe eSIM 20GB 30Days		0812HQ3XBNP	GP_20_30	49.55	0	2026-08-12 15:28:48 CEST		y	1			11				B0FR8XTBF6						B0FR8XTBF6			0	DEFAULT	Inactive
Guadeloupe eSIM 3GB 15Days		0812HQ2EGQ2	GP_3_15	15.25	0	2026-08-12 15:26:43 CEST		y	1			11				B0FR9TMVWK						B0FR9TMVWK			0	DEFAULT	Inactive
Greece eSIM 3GB 15Days	Greece eSIM 3GB 15Days - high speed internet - mobile data 5G compatible	0701HVAYOR3	GREECE-3GB-15D	7.99	0	2026-07-01 03:44:20 CEST		y	4			11				B0FR9L85F6						8721438403042			0	DEFAULT	Inactive
Greenland eSIM 20GB 30Days	Greenland eSIM 20GB 30Days - high speed internet - mobile data 5G compatible	0630HU6OBEF	GREENLAND-20GB-30D	112.99	0	2026-06-30 17:31:26 CEST		y	4			11				B0H6MBT3TW						8721438409075			0	DEFAULT	Inactive
Greenland eSIM 3GB 15Days	Greenland eSIM 3GB 15Days - high speed internet - mobile data 5G compatible	0630HU7GY5Z	GREENLAND-3GB-15D	27.99	0	2026-06-30 17:24:52 CEST		y	4			11				B0H6MLNBK2						8721438409051			0	DEFAULT	Inactive
Greenland eSIM 5GB 30Days	Greenland eSIM 5GB 30Days - high speed internet - mobile data 5G compatible	0630HU7C5UF	GREENLAND-5GB-30D	36.99	0	2026-06-30 17:28:09 CEST		y	4			11				B0H6MFMLK9						8721438409068			0	DEFAULT	Inactive
Grenada eSIM 20GB 30Days	Grenada eSIM 20GB 30Days - high speed internet - mobile data 5G compatible	0630HUJC0PD	GRENADA-20GB-30D	102.99	0	2026-06-30 17:41:32 CEST		y	4			11				B0H6MGRF37						8721438409105			0	DEFAULT	Inactive
Grenada eSIM 3GB 15Days	Grenada eSIM 3GB 15Days - high speed internet - mobile data 5G compatible	0630HUAB4ME	GRENADA-3GB-15D	28.99	0	2026-06-30 17:34:57 CEST		y	4			11				B0H6M8K37V						8721438409082			0	DEFAULT	Inactive
Grenada eSIM 5GB 30Days	Grenada eSIM 5GB 30Days - high speed internet - mobile data 5G compatible	0630HUCXBZA	GRENADA-5GB-30D	37.99	0	2026-06-30 17:38:15 CEST		y	4			11				B0H6MLJR6Z						8721438409099			0	DEFAULT	Inactive
Greece eSIM 20GB 30Days		0325HS3CUOI	GR_20_30	23.26	0	2026-03-25 09:33:05 CET		y	1			11				B0FR9KJGBG						B0FR9KJGBG			0	DEFAULT	Inactive
Greece eSIM 3GB 15Days		0325HS92JTF	GR_3_15	10.14	0	2026-03-25 10:39:53 CET		y	1			11				B0FR9L85F6						B0FR9L85F6			0	DEFAULT	Inactive
Greece eSIM 5GB 30Days		0327H121HAI	GR_5_30	9.56	0	2026-03-27 12:48:38 CET		y	1			11				B0FR9C7SMF						B0FR9C7SMF			0	DEFAULT	Inactive
Guatemala eSIM 3GB 15Days		0812HPTZ3LJ	GT_3_15	26.28	0	2026-08-12 15:24:46 CEST		y	1			11				B0FR9VC6VD						B0FR9VC6VD			0	DEFAULT	Inactive
Guinea eSIM 20GB 30Days	Guinea eSIM 20GB 30Days - high speed internet - mobile data 5G compatible	0630HU4KDAZ	GUINEA-20GB-30D	81.99	0	2026-06-30 17:50:55 CEST		y	4			11				B0H6M7VHYP						8721438409136			0	DEFAULT	Inactive
Guinea eSIM 3GB 15Days	Guinea eSIM 3GB 15Days - high speed internet - mobile data 5G compatible	0630HUAYBG1	GUINEA-3GB-15D	20.99	0	2026-06-30 17:45:04 CEST		y	4			11				B0H6MGZTF1						8721438409112			0	DEFAULT	Inactive
Guinea eSIM 5GB 30Days	Guinea eSIM 5GB 30Days - high speed internet - mobile data 5G compatible	0630HUDJP7T	GUINEA-5GB-30D	33.99	0	2026-06-30 17:48:20 CEST		y	4			11				B0H6MFTVX6						8721438409129			0	DEFAULT	Inactive
Guinea-Bissau eSIM 20GB 30Days	Guinea-Bissau eSIM 20GB 30Days - high speed internet - mobile data 5G compatible	0630HUAUW3B	GUINEA-BISSAU-20GB-30D	81.99	0	2026-06-30 18:00:38 CEST		y	4			11				B0H6MF1JJS						8721438409167			0	DEFAULT	Inactive
Guinea-Bissau eSIM 3GB 15Days	Guinea-Bissau eSIM 3GB 15Days - high speed internet - mobile data 5G compatible	0630HU80J1I	GUINEA-BISSAU-3GB-15D	19.99	0	2026-06-30 17:53:55 CEST		y	4			11				B0H6MG6X8D						8721438409143			0	DEFAULT	Inactive
Guinea-Bissau eSIM 5GB 30Days	Guinea-Bissau eSIM 5GB 30Days - high speed internet - mobile data 5G compatible	0630HU8456W	GUINEA-BISSAU-5GB-30D	33.99	0	2026-06-30 17:57:22 CEST		y	4			11				B0H6MCJ4Y9						8721438409150			0	DEFAULT	Inactive
Guyana eSIM 20GB 30Days	Guyana eSIM 20GB 30Days - high speed internet - mobile data 5G compatible	0630HU84UBV	GUYANA-20GB-30D	89.99	0	2026-06-30 18:10:22 CEST		y	4			11				B0H6MD1PB7						8721438409198			0	DEFAULT	Inactive
Guyana eSIM 3GB 15Days	Guyana eSIM 3GB 15Days - high speed internet - mobile data 5G compatible	0630HUB70TN	GUYANA-3GB-15D	20.99	0	2026-06-30 18:04:08 CEST		y	4			11				B0H6MCG586						8721438409174			0	DEFAULT	Inactive
Guyana eSIM 5GB 30Days	Guyana eSIM 5GB 30Days - high speed internet - mobile data 5G compatible	0630HUK9BYA	GUYANA-5GB-30D	31.99	0	2026-06-30 18:07:36 CEST		y	4			11				B0H6MB3FHF						8721438409181			0	DEFAULT	Inactive
Guam eSIM 20GB 30Days		0812HQ2FLA8	GU_20_30	65.81	0	2026-08-12 15:31:48 CEST		y	1			11				B0FR9C7MGP						B0FR9C7MGP			0	DEFAULT	Inactive
Guam eSIM 3GB 15Days		0812HQ74WAO	GU_3_15	18.15	0	2026-08-12 15:24:20 CEST		y	1			11				B0FR9GVSSF						B0FR9GVSSF			0	DEFAULT	Inactive
Guam eSIM 5GB 30Days		0812HPZRCDR	GU_5_30	25.71	0	2026-08-12 15:23:01 CEST		y	1			11				B0FR9SVP8Y						B0FR9SVP8Y			0	DEFAULT	Inactive
Haiti eSIM 20GB 30Days	Haiti eSIM 20GB 30Days - high speed internet - mobile data 5G compatible	0630HUGMHR8	HAITI-20GB-30D	147.99	0	2026-06-30 18:20:28 CEST		y	4			11				B0H6MBNF3Y						8721438409228			0	DEFAULT	Inactive
Haiti eSIM 3GB 15Days	Haiti eSIM 3GB 15Days - high speed internet - mobile data 5G compatible	0630HUFSUVY	HAITI-3GB-15D	29.99	0	2026-06-30 18:14:14 CEST		y	4			11				B0H6M9YTL4						8721438409204			0	DEFAULT	Inactive
Haiti eSIM 5GB 30Days	Haiti eSIM 5GB 30Days - high speed internet - mobile data 5G compatible	0630HUBC5ED	HAITI-5GB-30D	48.99	0	2026-06-30 18:17:52 CEST		y	4			11				B0H6MDHPCV						8721438409211			0	DEFAULT	Inactive
Hajjj Package Luxury 10GB 30 Days eSIM | Hajj Luxury Travel Guide + Saudi Arabia Travel Guides | 3G/4G/5G	Premium Islamic Hajj eSIM package with 10GB data valid for 30 days. Includes Hajj Luxury Travel Guide and exclusive Saudi Arabian travel guides. Instant QR activation for use across Saudi Arabia.	0603HTK1EH7	HAJJ-LUX-10GB-30D	70.99	0	2026-06-03 22:49:00 CEST		y	1			11				B0H3L75HDS						B0H3L75HDS			0	DEFAULT	Inactive
Hongkong eSIM 20 GB 30 dagen | Pay As You Go Data SIM | Eenvoudige installatie | Reis-simkaart voor toeristen en bedrijven | 3G/4G/5G-snelheden		0327H164ZNA	HK_20_30	17.61	0	2026-03-27 13:00:54 CET		y	1			11				B0FR9GXZ6F						B0FR9GXZ6F			0	DEFAULT	Inactive
Hong Kong eSIM 3GB 15Days		0325HSXPWIA	HK_3_15	6.05	0	2026-03-25 13:23:48 CET		y	1			11				B0FR9CC6Q8						B0FR9CC6Q8			0	DEFAULT	Inactive
Hong Kong eSIM 5GB 30Days		0325HSIVVGC	HK_5_30	2.57	0	2026-03-25 10:54:05 CET		y	1			11				B0FR9GXYYL						B0FR9GXYYL			0	DEFAULT	Inactive
Honduras eSIM 3GB 15Days		0812HQ08D4J	HN_3_15	17.67	0	2026-08-12 15:28:13 CEST		y	1			11				B0FR9ZYV5G						B0FR9ZYV5G			0	DEFAULT	Inactive
Croatia eSIM 20GB 30Days		0812HPYXSKD	HR_20_30	19.43	0	2026-08-12 15:29:05 CEST		y	1			11				B0FR9TYCSL						B0FR9TYCSL			0	DEFAULT	Inactive
Croatia eSIM 3GB 15Days		0812HQ2F9DX	HR_3_15	7.7	0	2026-08-12 15:27:31 CEST		y	1			11				B0FR9GDKT1						B0FR9GDKT1			0	DEFAULT	Inactive
Croatia eSIM 5GB 30Days		0812HQ273BE	HR_5_30	9.44	0	2026-08-12 15:24:10 CEST		y	1			11				B0FR9BVV58						B0FR9BVV58			0	DEFAULT	Inactive
Hungary eSIM 20GB 30Days		0812HQ3TYPE	HU_20_30	21.05	0	2026-08-12 15:27:58 CEST		y	1			11				B0FR9ZVYYQ						B0FR9ZVYYQ			0	DEFAULT	Inactive
Hungary eSIM 3GB 15Days		0812HQ637AU	HU_3_15	3.73	0	2026-08-12 15:30:24 CEST		y	1			11				B0FR9C9JVW						B0FR9C9JVW			0	DEFAULT	Inactive
Hungary eSIM 5GB 30Days		0812HPZTFC2	HU_5_30	9.44	0	2026-08-12 15:24:26 CEST		y	1			11				B0FR9GY3R5						B0FR9GY3R5			0	DEFAULT	Inactive
Indonesia eSIM 20GB 30Days		0327H1KIHMA	ID_20_30	20.45	0	2026-03-27 15:25:59 CET		y	1			11				B0FR9QXRDQ						B0FR9QXRDQ			0	DEFAULT	Inactive
Indonesia eSIM 3GB 15Days		0327H0DDJ53	ID_3_15	9.99	0	2026-03-27 09:45:38 CET		y	1			11				B0FR9T6QPZ						B0FR9T6QPZ			0	DEFAULT	Inactive
Indonesia eSIM 5GB 30Days		0327H0E0KCG	ID_5_30	8.25	0	2026-03-27 09:31:49 CET		y	1			11				B0FR8XW5DR						B0FR8XW5DR			0	DEFAULT	Inactive
Ireland eSIM 20GB 30Days		0327H0IIVPO	IE_20_30	21.63	0	2026-03-27 11:06:10 CET		y	1			11				B0FR9SZG2Z						B0FR9SZG2Z			0	DEFAULT	Inactive
Ireland eSIM 3GB 15Days		0327H0FXI2Z	IE_3_15	9.99	0	2026-03-27 09:44:24 CET		y	1			11				B0FR8XV57F						B0FR8XV57F			0	DEFAULT	Inactive
Ireland eSIM 5GB 30Days		0325HT36E6Z	IE_5_30	9.44	0	2026-03-25 13:57:34 CET		y	1			11				B0FR9GYKQL						B0FR9GYKQL			0	DEFAULT	Inactive
Israel eSIM 20GB 30Days		0812HPU2EX5	IL_20_30	26.28	0	2026-08-12 15:26:12 CEST		y	1			11				B0FR9K8SQ1						B0FR9K8SQ1			0	DEFAULT	Inactive
Israel eSIM 3GB 15Days		0812HQ0F7FK	IL_3_15	6.04	0	2026-08-12 15:29:19 CEST		y	1			11				B0FR9M11H1						B0FR9M11H1			0	DEFAULT	Inactive
Israel eSIM 5GB 30Days		0812HQ2HTH7	IL_5_30	8.93	0	2026-08-12 15:28:16 CEST		y	1			11				B0FR8XVZZM						B0FR8XVZZM			0	DEFAULT	Inactive
Isle of Man eSIM 20GB 30Days		0812HPZOLH6	IM_20_30	21.04	0	2026-08-12 15:28:31 CEST		y	1			11				B0FR9CB5LK						B0FR9CB5LK			0	DEFAULT	Inactive
Isle of Man eSIM 3GB 15Days		0812HQ30YBI	IM_3_15	4.28	0	2026-08-12 15:27:16 CEST		y	1			11				B0FR9LZ7RL						B0FR9LZ7RL			0	DEFAULT	Inactive
Isle of Man eSIM 5GB 30Days		0812HQ2BZ20	IM_5_30	7.19	0	2026-08-12 15:26:59 CEST		y	1			11				B0FR9M27XY						B0FR9M27XY			0	DEFAULT	Inactive
Indonesia eSIM 3GB 15Days	Indonesia eSIM 3GB 15Days - high speed internet - mobile data 5G compatible	0701HVOCT7F	INDONESIA-3GB-15D	7.99	0	2026-07-01 05:14:02 CEST		y	4			11				B0FR9T6QPZ						8721438403707			0	DEFAULT	Inactive
India eSIM 20GB 30Days		0325HRAVV0D	IN_20_30	44.32	0	2026-03-25 06:13:58 CET		y	1			11				B0FR9DYMHX						B0FR9DYMHX			0	DEFAULT	Inactive
India eSIM 3GB 15Days		0327H193L32	IN_3_15	15.8	0	2026-03-27 13:18:43 CET		y	1			11				B0FR9ZM116						B0FR9ZM116			0	DEFAULT	Inactive
India eSIM 5GB 30Days		0325HS5GG2Q	IN_5_30	20.45	0	2026-03-25 09:48:27 CET		y	1			11				B0FR9GXWN9						B0FR9GXWN9			0	DEFAULT	Inactive
Iraq eSIM 20GB 30Days	Iraq eSIM 20GB 30Days - high speed internet - mobile data 5G compatible	0630HUHF2NU	IRAQ-20GB-30D	31.99	0	2026-06-30 18:29:52 CEST		y	4			11				B0H6M956TN						8721438409259			0	DEFAULT	Inactive
Iraq eSIM 3GB 15Days	Iraq eSIM 3GB 15Days - high speed internet - mobile data 5G compatible	0630HU4W711	IRAQ-3GB-15D	9.99	0	2026-06-30 18:24:00 CEST		y	4			11				B0H6MGX6P7						8721438409235			0	DEFAULT	Inactive
Iraq eSIM 5GB 30Days	Iraq eSIM 5GB 30Days - high speed internet - mobile data 5G compatible	0630HUFW8RS	IRAQ-5GB-30D	15.99	0	2026-06-30 18:26:56 CEST		y	4			11				B0H6MFRHZN						8721438409242			0	DEFAULT	Inactive
Iceland eSIM 20GB 30Days		0812HPTVU4M	IS_20_30	26.33	0	2026-08-12 15:22:16 CEST		y	1			11				B0FR9GX6LF						B0FR9GX6LF			0	DEFAULT	Inactive
Iceland eSIM 3GB 15Days		0812HQ3EIG7	IS_3_15	9.44	0	2026-08-12 15:23:40 CEST		y	1			11				B0FR9TBBK1						B0FR9TBBK1			0	DEFAULT	Inactive
Iceland eSIM 5GB 30Days		0812HPZ0GF5	IS_5_30	12.92	0	2026-08-12 15:29:28 CEST		y	1			11				B0FR9ZWQBD						B0FR9ZWQBD			0	DEFAULT	Inactive
Italy eSIM 3GB 15Days	Italy eSIM 3GB 15Days - high speed internet - mobile data 5G compatible	0701HVSLALD	ITALY-3GB-15D	7.99	0	2026-07-01 05:58:44 CEST		y	4			11				B0FR9GXZ18						8721438404100			0	DEFAULT	Inactive
Italy eSIM 20GB 30Days		0325HSJ19MG	IT_20_30	20.47	0	2026-03-25 11:01:14 CET		y	1			11				B0FR9RNZV2						B0FR9RNZV2			0	DEFAULT	Inactive
Italy eSIM 3GB 15Days		0325HS84ALQ	IT_3_15	10.02	0	2026-03-25 10:04:58 CET		y	1			11				B0FR9GXZ18						B0FR9GXZ18			0	DEFAULT	Inactive
Italy eSIM 5GB 30Days		0325HSBNBFW	IT_5_30	8.28	0	2026-03-25 10:40:39 CET		y	1			11				B0FR9ZR2TH						B0FR9ZR2TH			0	DEFAULT	Inactive
Jamaica eSIM 20GB 30Days	Jamaica eSIM 20GB 30Days - high speed internet - mobile data 5G compatible	0630HUELZQ9	JAMAICA-20GB-30D	86.99	0	2026-06-30 18:39:25 CEST		y	4			11				B0H6MF52ZZ						8721438409280			0	DEFAULT	Inactive
Jamaica eSIM 3GB 15Days	Jamaica eSIM 3GB 15Days - high speed internet - mobile data 5G compatible	0630HUN7KPJ	JAMAICA-3GB-15D	24.99	0	2026-06-30 18:33:23 CEST		y	4			11				B0H6MF3PNQ						8721438409266			0	DEFAULT	Inactive
Jamaica eSIM 5GB 30Days	Jamaica eSIM 5GB 30Days - high speed internet - mobile data 5G compatible	0630HUEPB26	JAMAICA-5GB-30D	30.99	0	2026-06-30 18:36:40 CEST		y	4			11				B0H6MJQCMF						8721438409273			0	DEFAULT	Inactive
Jersey eSIM 20GB 30Days		0812HQ2IPMR	JE_20_30	12.98	0	2026-08-12 15:26:11 CEST		y	1			11				B0FR9CBQDH						B0FR9CBQDH			0	DEFAULT	Inactive
Jersey eSIM 3GB 15Days		0812HPZB9NE	JE_3_15	3.13	0	2026-08-12 15:26:23 CEST		y	1			11				B0FR9GYMR5						B0FR9GYMR5			0	DEFAULT	Inactive
Jersey eSIM 5GB 30Days		0812HPWXF4J	JE_5_30	4.31	0	2026-08-12 15:28:13 CEST		y	1			11				B0FR9M27GP						B0FR9M27GP			0	DEFAULT	Inactive
Jordan eSIM 20GB 30Days		0812HPX4GKI	JO_20_30	30.93	0	2026-08-12 15:21:40 CEST		y	1			11				B0FR9ST188						B0FR9ST188			0	DEFAULT	Inactive
Jordan eSIM 3GB 15Days		0812HPXDFYK	JO_3_15	7.78	0	2026-08-12 15:27:57 CEST		y	1			11				B0FR9M144Z						B0FR9M144Z			0	DEFAULT	Inactive
Jordan eSIM 5GB 30Days		0812HPT9HH4	JO_5_30	11.29	0	2026-08-12 15:22:35 CEST		y	1			11				B0FR9ZTZNK						B0FR9ZTZNK			0	DEFAULT	Inactive
Japan eSIM 20GB 30Days		0327H1HOMB5	JP_20_30	20.47	0	2026-03-27 14:57:51 CET		y	1			11				B0FR9RZKRB						B0FR9RZKRB			0	DEFAULT	Inactive
Japan eSIM 3GB 15Days		0325HSOQBVF	JP_3_15	10.02	0	2026-03-25 11:04:34 CET		y	1			11				B0FR9LVZVQ						B0FR9LVZVQ			0	DEFAULT	Inactive
Japan eSIM 5GB 30Days		0325HS338R1	JP_5_30	4.31	0	2026-03-25 09:45:22 CET		y	1			11				B0FR9TLXXH						B0FR9TLXXH			0	DEFAULT	Inactive
Kenya eSIM 3GB 15Days	Kenya eSIM 3GB 15Days - high speed internet - mobile data 5G compatible	0701HVTAGM4	KENYA-3GB-15D	13.99	0	2026-07-01 06:52:59 CEST		y	4			11				B0FR9GZ14G						8721438404506			0	DEFAULT	Inactive
Kenya eSIM 5GB 30Days	Kenya eSIM 5GB 30Days - high speed internet - mobile data 5G compatible	0701HVQCIMA	KENYA-5GB-30D	14.99	0	2026-07-01 06:56:50 CEST		y	4			11				B0FR9T4DG6						8721438404513			0	DEFAULT	Inactive
Kenya eSIM 3GB 15Days		0325HSI8EDS	KE_3_15	29.21	0	2026-03-25 11:05:47 CET		y	1			11				B0FR9GZ14G						B0FR9GZ14G			0	DEFAULT	Inactive
Kenya eSIM 5GB 30Days		0325HS3R7P7	KE_5_30	38.51	0	2026-03-25 09:56:07 CET		y	1			11				B0FR9T4DG6						B0FR9T4DG6			0	DEFAULT	Inactive
Kyrgyzstan eSIM 20GB 30Days		0812HQ74WA1	KG_20_30	39.12	0	2026-08-12 15:24:16 CEST		y	1			11				B0FR8XXBHM						B0FR8XXBHM			0	DEFAULT	Inactive
Kyrgyzstan eSIM 3GB 15Days		0812HPXAF31	KG_3_15	8.93	0	2026-08-12 15:25:03 CEST		y	1			11				B0FR9TVF4R						B0FR9TVF4R			0	DEFAULT	Inactive
Cambodia eSIM 20GB 30Days		0812HQ086KE	KH_20_30	39.12	0	2026-08-12 15:26:58 CEST		y	1			11				B0FR9GFJPL						B0FR9GFJPL			0	DEFAULT	Inactive
Cambodia eSIM 3GB 15Days		0812HQ29IJ4	KH_3_15	8.95	0	2026-08-12 15:24:08 CEST		y	1			11				B0FR8XKMJ4						B0FR8XKMJ4			0	DEFAULT	Inactive
South Korea eSIM 20GB 30Days		0812HQFJG4X	KR_20_30	12.98	0	2026-08-12 17:45:00 CEST		y	1			11				B0FRC4P51Z						B0FRC4P51Z			0	DEFAULT	Inactive
South Korea eSIM 3GB 15Days		0812HQI5F5Z	KR_3_15	3.15	0	2026-08-12 17:40:37 CEST		y	1			11				B0FRC4RTDF						B0FRC4RTDF			0	DEFAULT	Inactive
South Korea eSIM 5GB 30Days		0812HQHRA3A	KR_5_30	4.31	0	2026-08-12 17:46:38 CEST		y	1			11				B0FRD9LC4C						B0FRD9LC4C			0	DEFAULT	Inactive
Kuwait eSIM 20GB 30Days	Kuwait eSIM 20GB 30Days - high speed internet - mobile data 5G compatible	0701HW3OIMV	KUWAIT-20GB-30D	35.99	0	2026-07-01 07:07:16 CEST		y	4			11				B0FR9KBF4P						8721438404599			0	DEFAULT	Inactive
Kuwait eSIM 3GB 15Days	Kuwait eSIM 3GB 15Days - high speed internet - mobile data 5G compatible	0701HVTC1TD	KUWAIT-3GB-15D	9.99	0	2026-07-01 07:00:22 CEST		y	4			11				B0FR9LZJ3X						8721438404568			0	DEFAULT	Inactive
Kuwait eSIM 5GB 30Days	Kuwait eSIM 5GB 30Days - high speed internet - mobile data 5G compatible	0701HW3XQEP	KUWAIT-5GB-30D	15.99	0	2026-07-01 07:04:00 CEST		y	4			11				B0FR9M2TXP						8721438404582			0	DEFAULT	Inactive
Kuwait eSIM 20GB 30Days		0812HPZ1SC4	KW_20_30	39.07	0	2026-08-12 15:30:23 CEST		y	1			11				B0FR9KBF4P						B0FR9KBF4P			0	DEFAULT	Inactive
Kuwait eSIM 3GB 15Days		0812HPXEFXD	KW_3_15	8.93	0	2026-08-12 15:30:39 CEST		y	1			11				B0FR9LZJ3X						B0FR9LZJ3X			0	DEFAULT	Inactive
Kuwait eSIM 5GB 30Days		0812HQ62PAG	KW_5_30	13.54	0	2026-08-12 15:25:10 CEST		y	1			11				B0FR9M2TXP						B0FR9M2TXP			0	DEFAULT	Inactive
Kyrgyzstan eSIM 20GB 30Days	Kyrgyzstan eSIM 20GB 30Days - high speed internet - mobile data 5G compatible	0701HVZO5A4	KYRGYZSTAN-20GB-30D	18.99	0	2026-07-01 07:13:54 CEST		y	4			11				B0FR8XXBHM						8721438404629			0	DEFAULT	Inactive
Kyrgyzstan eSIM 3GB 15Days	Kyrgyzstan eSIM 3GB 15Days - high speed internet - mobile data 5G compatible	0701HW2JEKP	KYRGYZSTAN-3GB-15D	7.99	0	2026-07-01 07:10:26 CEST		y	4			11				B0FR9TVF4R						8721438404612			0	DEFAULT	Inactive
Kazakhstan eSIM 20GB 30Days		0812HPX8LJ5	KZ_20_30	29.8	0	2026-08-12 15:30:29 CEST		y	1			11				B0FR9TLNNW						B0FR9TLNNW			0	DEFAULT	Inactive
Kazakhstan eSIM 3GB 15Days		0812HPV899M	KZ_3_15	6.04	0	2026-08-12 15:26:42 CEST		y	1			11				B0FR9T4DG2						B0FR9T4DG2			0	DEFAULT	Inactive
Kazakhstan eSIM 5GB 30Days		0812HPXB6DQ	KZ_5_30	8.95	0	2026-08-12 15:27:45 CEST		y	1			11				B0FR9ZMMSH						B0FR9ZMMSH			0	DEFAULT	Inactive
Laos eSIM 20GB 30Days	Laos eSIM 20GB 30Days - high speed internet - mobile data 5G compatible	0630HU8FDR8	LAOS-20GB-30D	34.99	0	2026-06-30 18:48:29 CEST		y	4			11				B0H6MBWGX1						8721438409310			0	DEFAULT	Inactive
Laos eSIM 3GB 15Days	Laos eSIM 3GB 15Days - high speed internet - mobile data 5G compatible	0630HU5B0BS	LAOS-3GB-15D	9.99	0	2026-06-30 18:42:46 CEST		y	4			11				B0H6M96WPB						8721438409297			0	DEFAULT	Inactive
Laos eSIM 5GB 30Days	Laos eSIM 5GB 30Days - high speed internet - mobile data 5G compatible	0630HU8J6OF	LAOS-5GB-30D	15.99	0	2026-06-30 18:45:53 CEST		y	4			11				B0H6MBJN5B						8721438409303			0	DEFAULT	Inactive
Latvia eSIM 20GB 30Days	Latvia eSIM 20GB 30Days - high speed internet - mobile data 5G compatible	0701HVZVLQB	LATVIA-20GB-30D	14.99	0	2026-07-01 07:24:01 CEST		y	4			11				B0FR9SWN6V						8721438404681			0	DEFAULT	Inactive
Latvia eSIM 3GB 15Days	Latvia eSIM 3GB 15Days - high speed internet - mobile data 5G compatible	0701HW201UA	LATVIA-3GB-15D	7.99	0	2026-07-01 07:17:28 CEST		y	4			11				B0FR9VM4K6						8721438404643			0	DEFAULT	Inactive
Latvia eSIM 5GB 30Days	Latvia eSIM 5GB 30Days - high speed internet - mobile data 5G compatible	0701HW4TZ3R	LATVIA-5GB-30D	8.99	0	2026-07-01 07:20:45 CEST		y	4			11				B0FR9TR99S						8721438404667			0	DEFAULT	Inactive
Liberia eSIM 3GB 15Days	Liberia eSIM 3GB 15Days - high speed internet - mobile data 5G compatible	0701HVWMABC	LIBERIA-3GB-15D	19.99	0	2026-07-01 07:26:52 CEST		y	4			11				B0FR9H18JQ						8721438404711			0	DEFAULT	Inactive
Liberia eSIM 5GB 30Days	Liberia eSIM 5GB 30Days - high speed internet - mobile data 5G compatible	0701HW4FRCW	LIBERIA-5GB-30D	33.99	0	2026-07-01 07:30:10 CEST		y	4			11				B0FR9SJ1YH						8721438404728			0	DEFAULT	Inactive
Libya eSIM 20GB 30Days	Libya eSIM 20GB 30Days - high speed internet - mobile data 5G compatible	0630HU5MCMX	LIBYA-20GB-30D	125.99	0	2026-06-30 18:58:03 CEST		y	4			11				B0H6MFWD2Y						8721438409341			0	DEFAULT	Inactive
Libya eSIM 3GB 15Days	Libya eSIM 3GB 15Days - high speed internet - mobile data 5G compatible	0630HUBND9Y	LIBYA-3GB-15D	32.99	0	2026-06-30 18:51:40 CEST		y	4			11				B0H6MBYGXZ						8721438409327			0	DEFAULT	Inactive
Libya eSIM 5GB 30Days	Libya eSIM 5GB 30Days - high speed internet - mobile data 5G compatible	0630HUHSHBC	LIBYA-5GB-30D	43.99	0	2026-06-30 18:54:57 CEST		y	4			11				B0H6M5PVSB						8721438409334			0	DEFAULT	Inactive
Liechtenstein eSIM 3GB 15Days	Liechtenstein eSIM 3GB 15Days - high speed internet - mobile data 5G compatible	0701HW2UQXV	LIECHTENSTEIN-3GB-15D	7.99	0	2026-07-01 07:33:51 CEST		y	4			11				B0FR9S35ZH						8721438404742			0	DEFAULT	Inactive
Lithuania eSIM 20GB 30Days	Lithuania eSIM 20GB 30Days - high speed internet - mobile data 5G compatible	0701HW006Y4	LITHUANIA-20GB-30D	16.99	0	2026-07-01 07:44:58 CEST		y	4			11				B0FR9TQN8N						8721438404810			0	DEFAULT	Inactive
Lithuania eSIM 3GB 15Days	Lithuania eSIM 3GB 15Days - high speed internet - mobile data 5G compatible	0701HW5T9J9	LITHUANIA-3GB-15D	7.99	0	2026-07-01 07:37:52 CEST		y	4			11				B0FR9KS3P4						8721438404773			0	DEFAULT	Inactive
Lithuania eSIM 5GB 30Days	Lithuania eSIM 5GB 30Days - high speed internet - mobile data 5G compatible	0701HW85NNP	LITHUANIA-5GB-30D	8.99	0	2026-07-01 07:41:20 CEST		y	4			11				B0FR9R598C						8721438404797			0	DEFAULT	Inactive
Liechtenstein eSIM 3GB 15Days		0812HPU1YUF	LI_3_15	5.46	0	2026-08-12 15:26:01 CEST		y	1			11				B0FR9S35ZH						B0FR9S35ZH			0	DEFAULT	Inactive
Sri Lanka eSIM 20GB 30Days		0812HQF4YVI	LK_20_30	42	0	2026-08-12 17:38:09 CEST		y	1			11				B0FRC2DZN5						B0FRC2DZN5			0	DEFAULT	Inactive
Sri Lanka eSIM 3GB 15Days		0812HQ9HCHI	LK_3_15	6.63	0	2026-08-12 17:41:03 CEST		y	1			11				B0FRB7Z1NW						B0FRB7Z1NW			0	DEFAULT	Inactive
Sri Lanka eSIM 5GB 30Days		0812HQF77D7	LK_5_30	11.28	0	2026-08-12 17:46:18 CEST		y	1			11				B0FRB64B8M						B0FRB64B8M			0	DEFAULT	Inactive
Liberia eSIM 3GB 15Days		0812HQ2FZIA	LR_3_15	22.71	0	2026-08-12 15:21:26 CEST		y	1			11				B0FR9H18JQ						B0FR9H18JQ			0	DEFAULT	Inactive
Liberia eSIM 5GB 30Days		0812HPZUSLT	LR_5_30	32.67	0	2026-08-12 15:30:23 CEST		y	1			11				B0FR9SJ1YH						B0FR9SJ1YH			0	DEFAULT	Inactive
Lithuania eSIM 20GB 30Days		0812HPXAGQY	LT_20_30	26.31	0	2026-08-12 15:26:53 CEST		y	1			11				B0FR9TQN8N						B0FR9TQN8N			0	DEFAULT	Inactive
Lithuania eSIM 3GB 15Days		0812HQ2O8VF	LT_3_15	3.73	0	2026-08-12 15:24:28 CEST		y	1			11				B0FR9KS3P4						B0FR9KS3P4			0	DEFAULT	Inactive
Lithuania eSIM 5GB 30Days		0812HPXBT7S	LT_5_30	5.47	0	2026-08-12 15:28:44 CEST		y	1			11				B0FR9R598C						B0FR9R598C			0	DEFAULT	Inactive
Luxembourg eSIM 20GB 30Days	Luxembourg eSIM 20GB 30Days - high speed internet - mobile data 5G compatible	0701HW4UG2N	LUXEMBOURG-20GB-30D	16.99	0	2026-07-01 07:55:15 CEST		y	4			11				B0FR8XXXZB						8721438404889			0	DEFAULT	Inactive
Luxembourg eSIM 3GB 15Days	Luxembourg eSIM 3GB 15Days - high speed internet - mobile data 5G compatible	0701HW5QYSF	LUXEMBOURG-3GB-15D	7.99	0	2026-07-01 07:48:41 CEST		y	4			11				B0FR9SHRKM						8721438404841			0	DEFAULT	Inactive
Luxembourg eSIM 5GB 30Days	Luxembourg eSIM 5GB 30Days - high speed internet - mobile data 5G compatible	0701HW7HF6P	LUXEMBOURG-5GB-30D	8.99	0	2026-07-01 07:51:58 CEST		y	4			11				B0FR9SB862						8721438404865			0	DEFAULT	Inactive
Luxembourg eSIM 20GB 30Days		0812HPX82KP	LU_20_30	17.04	0	2026-08-12 15:30:43 CEST		y	1			11				B0FR8XXXZB						B0FR8XXXZB			0	DEFAULT	Inactive
Luxembourg eSIM 3GB 15Days		0812HPXXY5I	LU_3_15	3.73	0	2026-08-12 15:25:47 CEST		y	1			11				B0FR9SHRKM						B0FR9SHRKM			0	DEFAULT	Inactive
Luxembourg eSIM 5GB 30Days		0812HQ2OLN8	LU_5_30	5.47	0	2026-08-12 15:24:56 CEST		y	1			11				B0FR9SB862						B0FR9SB862			0	DEFAULT	Inactive
Latvia eSIM 20GB 30Days		0812HPVRJNZ	LV_20_30	17.09	0	2026-08-12 15:23:42 CEST		y	1			11				B0FR9SWN6V						B0FR9SWN6V			0	DEFAULT	Inactive
Latvia eSIM 3GB 15Days		0812HPU4AGE	LV_3_15	3.73	0	2026-08-12 15:29:06 CEST		y	1			11				B0FR9VM4K6						B0FR9VM4K6			0	DEFAULT	Inactive
Latvia eSIM 5GB 30Days		0812HQ612ZH	LV_5_30	5.47	0	2026-08-12 15:24:26 CEST		y	1			11				B0FR9TR99S						B0FR9TR99S			0	DEFAULT	Inactive
Macao eSIM 20GB 30Days	Macao eSIM 20GB 30Days - high speed internet - mobile data 5G compatible	0701HW7NETX	MACAO-20GB-30D	14.99	0	2026-07-01 08:04:39 CEST		y	4			11				B0FR9CDBN2						8721438404957			0	DEFAULT	Inactive
Macao eSIM 3GB 15Days	Macao eSIM 3GB 15Days - high speed internet - mobile data 5G compatible	0701HW6R6DJ	MACAO-3GB-15D	7.99	0	2026-07-01 07:58:25 CEST		y	4			11				B0FR9M485M						8721438404919			0	DEFAULT	Inactive
Macao eSIM 5GB 30Days	Macao eSIM 5GB 30Days - high speed internet - mobile data 5G compatible	0701HW9SDR2	MACAO-5GB-30D	8.99	0	2026-07-01 08:01:42 CEST		y	4			11				B0FR9L9624						8721438404933			0	DEFAULT	Inactive
Madagascar eSIM 3GB 15Days	Madagascar eSIM 3GB 15Days - high speed internet - mobile data 5G compatible	0701HW93ERY	MADAGASCAR-3GB-15D	25.99	0	2026-07-01 08:08:20 CEST		y	4			11				B0FR9H2NS1						8721438404988			0	DEFAULT	Inactive
Malawi eSIM 3GB 15Days	Malawi eSIM 3GB 15Days - high speed internet - mobile data 5G compatible	0701HWC16MO	MALAWI-3GB-15D	16.99	0	2026-07-01 08:11:41 CEST		y	4			11				B0FR9H3JDK						8721438405008			0	DEFAULT	Inactive
Malawi eSIM 5GB 30Days	Malawi eSIM 5GB 30Days - high speed internet - mobile data 5G compatible	0701HWBYMJL	MALAWI-5GB-30D	27.99	0	2026-07-01 08:15:08 CEST		y	4			11				B0FR9GXY24						8721438405015			0	DEFAULT	Inactive
Malaysia eSIM 20GB 30Days	Malaysia eSIM 20GB 30Days - high speed internet - mobile data 5G compatible	0701HWBDJ41	MALAYSIA-20GB-30D	14.99	0	2026-07-01 08:26:45 CEST		y	4			11				B0FR9VMWYD						8721438405060			0	DEFAULT	Inactive
Malaysia eSIM 3GB 15Days	Malaysia eSIM 3GB 15Days - high speed internet - mobile data 5G compatible	0701HW53YBK	MALAYSIA-3GB-15D	7.99	0	2026-07-01 08:19:12 CEST		y	4			11				B0FR9H1Q65						8721438405039			0	DEFAULT	Inactive
Malaysia eSIM 5GB 30Days	Malaysia eSIM 5GB 30Days - high speed internet - mobile data 5G compatible	0701HWAT3I5	MALAYSIA-5GB-30D	8.99	0	2026-07-01 08:23:03 CEST		y	4			11				B0FR9LDGX8						8721438405046			0	DEFAULT	Inactive
Maldives eSIM 20GB 30Days	Maldives eSIM 20GB 30Days - high speed internet - mobile data 5G compatible	0630HUHSOKI	MALDIVES-20GB-30D	116.99	0	2026-06-30 19:07:06 CEST		y	4			11				B0H6MM5SCJ						8721438409372			0	DEFAULT	Inactive
Maldives eSIM 3GB 15Days	Maldives eSIM 3GB 15Days - high speed internet - mobile data 5G compatible	0630HUEVUSG	MALDIVES-3GB-15D	32.99	0	2026-06-30 19:01:03 CEST		y	4			11				B0H6MD6Y71						8721438409358			0	DEFAULT	Inactive
Maldives eSIM 5GB 30Days	Maldives eSIM 5GB 30Days - high speed internet - mobile data 5G compatible	0630HUN9POT	MALDIVES-5GB-30D	43.99	0	2026-06-30 19:04:09 CEST		y	4			11				B0H6MJQZ8Y						8721438409365			0	DEFAULT	Inactive
Mali eSIM 3GB 15Days	Mali eSIM 3GB 15Days - high speed internet - mobile data 5G compatible	0701HWBTI25	MALI-3GB-15D	19.99	0	2026-07-01 08:30:27 CEST		y	4			11				B0FR9TRDSY						8721438405121			0	DEFAULT	Inactive
Malta eSIM 20GB 30Days	Malta eSIM 20GB 30Days - high speed internet - mobile data 5G compatible	0701HWDA4B0	MALTA-20GB-30D	14.99	0	2026-07-01 08:41:35 CEST		y	4			11				B0FR9VL1Q9						8721438405183			0	DEFAULT	Inactive
Malta eSIM 3GB 15Days	Malta eSIM 3GB 15Days - high speed internet - mobile data 5G compatible	0701HWDHZF2	MALTA-3GB-15D	7.99	0	2026-07-01 08:34:40 CEST		y	4			11				B0FR9M3PNR						8721438405145			0	DEFAULT	Inactive
Malta eSIM 5GB 30Days	Malta eSIM 5GB 30Days - high speed internet - mobile data 5G compatible	0701HWECI3W	MALTA-5GB-30D	8.99	0	2026-07-01 08:38:17 CEST		y	4			11				B0FR9ZSMTC						8721438405169			0	DEFAULT	Inactive
Martinique eSIM 20GB 30Days	Martinique eSIM 20GB 30Days - high speed internet - mobile data 5G compatible	0630HUJVEKM	MARTINIQUE-20GB-30D	16.99	0	2026-06-30 19:16:41 CEST		y	4			11				B0H6MH94KV						8721438409402			0	DEFAULT	Inactive
Martinique eSIM 3GB 15Days	Martinique eSIM 3GB 15Days - high speed internet - mobile data 5G compatible	0630HUJIU2R	MARTINIQUE-3GB-15D	7.99	0	2026-06-30 19:10:58 CEST		y	4			11				B0H6M7SBFQ						8721438409389			0	DEFAULT	Inactive
Martinique eSIM 5GB 30Days	Martinique eSIM 5GB 30Days - high speed internet - mobile data 5G compatible	0630HUBWJUF	MARTINIQUE-5GB-30D	8.99	0	2026-06-30 19:13:55 CEST		y	4			11				B0H6MKCD1X						8721438409396			0	DEFAULT	Inactive
Mauritius eSIM 3GB 15Days	Mauritius eSIM 3GB 15Days - high speed internet - mobile data 5G compatible	0701HY1YI5L	MAURITIUS-3GB-15D	15.99	0	2026-07-01 16:21:36 CEST		y	4			11				B0H2FYRLRC						8721438408382			0	DEFAULT	Inactive
Mauritius eSIM 5GB 30Days	Mauritius eSIM 5GB 30Days - high speed internet - mobile data 5G compatible	0701HYFP9ZU	MAURITIUS-5GB-30D	17.99	0	2026-07-01 16:25:51 CEST		y	4			11				B0H2G2XMS3						8721438408399			0	DEFAULT	Inactive
Mayotte eSIM 20GB 30Days	Mayotte eSIM 20GB 30Days - high speed internet - mobile data 5G compatible	0630HU8WB9O	MAYOTTE-20GB-30D	16.99	0	2026-06-30 19:26:36 CEST		y	4			11				B0H6M5L8MC						8721438409433			0	DEFAULT	Inactive
Mayotte eSIM 3GB 15Days	Mayotte eSIM 3GB 15Days - high speed internet - mobile data 5G compatible	0630HUBXCB3	MAYOTTE-3GB-15D	7.99	0	2026-06-30 19:20:01 CEST		y	4			11				B0H6MFWP88						8721438409419			0	DEFAULT	Inactive
Mayotte eSIM 5GB 30Days	Mayotte eSIM 5GB 30Days - high speed internet - mobile data 5G compatible	0630HUBWMK1	MAYOTTE-5GB-30D	8.99	0	2026-06-30 19:23:29 CEST		y	4			11				B0H6MD9C4Y						8721438409426			0	DEFAULT	Inactive
Morocco eSIM 20GB 30Days		0327H1DZC4N	MA_20_30	32.69	0	2026-03-27 14:27:36 CET		y	1			11				B0FR9M57DY						B0FR9M57DY			0	DEFAULT	Inactive
Morocco eSIM 3GB 15Days		0325HSA95WB	MA_3_15	12.33	0	2026-03-25 10:02:29 CET		y	1			11				B0FR9CFZQR						B0FR9CFZQR			0	DEFAULT	Inactive
Morocco eSIM 5GB 30Days		0327H0G4E59	MA_5_30	8.95	0	2026-03-27 09:38:13 CET		y	1			11				B0FR9CDDQ8						B0FR9CDDQ8			0	DEFAULT	Inactive
Monaco eSIM 3GB 15Days		0812HPXBSDM	MC_3_15	27.44	0	2026-08-12 15:23:42 CEST		y	1			11				B0FR9ZS6GM						B0FR9ZS6GM			0	DEFAULT	Inactive
Monaco eSIM 5GB 30Days		0812HQ0ANEZ	MC_5_30	40.23	0	2026-08-12 15:30:22 CEST		y	1			11				B0FR9H1H4M						B0FR9H1H4M			0	DEFAULT	Inactive
Moldova eSIM 3GB 15Days		0812HQ1DWRV	MD_3_15	11.75	0	2026-08-12 15:29:06 CEST		y	1			11				B0FR9CFQYY						B0FR9CFQYY			0	DEFAULT	Inactive
Middle East eSIM 5GB 30Days		0812HQ0958S	ME-13_5_30	40.23	0	2026-08-12 15:24:07 CEST		y	1			11				B0FR9SYKP6						B0FR9SYKP6			0	DEFAULT	Inactive
Mexico eSIM 20GB 30Days	Mexico eSIM 20GB 30Days - high speed internet - mobile data 5G compatible	0701HWE6B5B	MEXICO-20GB-30D	34.99	0	2026-07-01 08:52:43 CEST		y	4			11				B0FR9VDSJX						8721438405244			0	DEFAULT	Inactive
Mexico eSIM 3GB 15Days	Mexico eSIM 3GB 15Days - high speed internet - mobile data 5G compatible	0701HWFEFKP	MEXICO-3GB-15D	11.99	0	2026-07-01 08:45:27 CEST		y	4			11				B0FR9SZSTG						8721438405220			0	DEFAULT	Inactive
Mexico eSIM 5GB 30Days	Mexico eSIM 5GB 30Days - high speed internet - mobile data 5G compatible	0701HWD4F3Z	MEXICO-5GB-30D	13.99	0	2026-07-01 08:49:06 CEST		y	4			11				B0FR9H2K1C						8721438405237			0	DEFAULT	Inactive
Montenegro eSIM 3GB 15Days		0812HQ3G5LS	ME_3_15	8.95	0	2026-08-12 15:29:03 CEST		y	1			11				B0FR9R5HR7						B0FR9R5HR7			0	DEFAULT	Inactive
Madagascar eSIM 3GB 15Days		0812HPWT47Y	MG_3_15	17.62	0	2026-08-12 15:23:25 CEST		y	1			11				B0FR9H2NS1						B0FR9H2NS1			0	DEFAULT	Inactive
Middle East eSIM 5GB 30Days	Middle East eSIM 5GB 30Days - high speed internet - mobile data 5G compatible	0701HWFEE29	MIDDLE-EAST-5GB-30D	35.99	0	2026-07-01 08:56:03 CEST		y	4			11				B0FR9SYKP6						8721438405275			0	DEFAULT	Inactive
North Macedonia eSIM 3GB 15Days		0812HQHQWYJ	MK_3_15	8.95	0	2026-08-12 17:44:33 CEST		y	1			11				B0FRB59DJS						B0FRB59DJS			0	DEFAULT	Inactive
North Macedonia eSIM 5GB 30Days		0812HQ8UOGN	MK_5_30	13.61	0	2026-08-12 17:43:15 CEST		y	1			11				B0FR9WNHHX						B0FR9WNHHX			0	DEFAULT	Inactive
Mali eSIM 3GB 15Days		0812HQ2JMHY	ML_3_15	27.38	0	2026-08-12 15:23:56 CEST		y	1			11				B0FR9TRDSY						B0FR9TRDSY			0	DEFAULT	Inactive
Mongolia eSIM 3GB 15Days		0812HQ05J37	MN_3_15	53.03	0	2026-08-12 15:24:49 CEST		y	1			11				B0FR9LSYTX						B0FR9LSYTX			0	DEFAULT	Inactive
Moldova eSIM 3GB 15Days	Moldova eSIM 3GB 15Days - high speed internet - mobile data 5G compatible	0701HWF6I3R	MOLDOVA-3GB-15D	7.99	0	2026-07-01 08:59:55 CEST		y	4			11				B0FR9CFQYY						8721438405299			0	DEFAULT	Inactive
Monaco eSIM 3GB 15Days	Monaco eSIM 3GB 15Days - high speed internet - mobile data 5G compatible	0701HWJN2Q6	MONACO-3GB-15D	61.99	0	2026-07-01 09:03:57 CEST		y	4			11				B0FR9ZS6GM						8721438405312			0	DEFAULT	Inactive
Monaco eSIM 5GB 30Days	Monaco eSIM 5GB 30Days - high speed internet - mobile data 5G compatible	0701HWJJWXV	MONACO-5GB-30D	84.99	0	2026-07-01 09:07:35 CEST		y	4			11				B0FR9H1H4M						8721438405329			0	DEFAULT	Inactive
Mongolia eSIM 3GB 15Days	Mongolia eSIM 3GB 15Days - high speed internet - mobile data 5G compatible	0701HWN5MJJ	MONGOLIA-3GB-15D	15.99	0	2026-07-01 09:11:16 CEST		y	4			11				B0FR9LSYTX						8721438405343			0	DEFAULT	Inactive
Montenegro eSIM 3GB 15Days	Montenegro eSIM 3GB 15Days - high speed internet - mobile data 5G compatible	0701HWSL1IM	MONTENEGRO-3GB-15D	8.99	0	2026-07-01 09:15:07 CEST		y	4			11				B0FR9R5HR7						8721438405367			0	DEFAULT	Inactive
Montserrat eSIM 20GB 30Days	Montserrat eSIM 20GB 30Days - high speed internet - mobile data 5G compatible	0630HUGELFN	MONTSERRAT-20GB-30D	93.99	0	2026-06-30 19:36:43 CEST		y	4			11				B0H6MG87HK						8721438409464			0	DEFAULT	Inactive
Montserrat eSIM 3GB 15Days	Montserrat eSIM 3GB 15Days - high speed internet - mobile data 5G compatible	0630HU5V35X	MONTSERRAT-3GB-15D	24.99	0	2026-06-30 19:30:07 CEST		y	4			11				B0H6MDJ2ZR						8721438409440			0	DEFAULT	Inactive
Montserrat eSIM 5GB 30Days	Montserrat eSIM 5GB 30Days - high speed internet - mobile data 5G compatible	0630HU5U1GC	MONTSERRAT-5GB-30D	32.99	0	2026-06-30 19:33:26 CEST		y	4			11				B0H6MGQ1Y4						8721438409457			0	DEFAULT	Inactive
Morocco eSIM 20GB 30Days	Morocco eSIM 20GB 30Days - high speed internet - mobile data 5G compatible	0701HWM959T	MOROCCO-20GB-30D	26.99	0	2026-07-01 09:26:43 CEST		y	4			11				B0FR9M57DY						8721438405428			0	DEFAULT	Inactive
Morocco eSIM 3GB 15Days	Morocco eSIM 3GB 15Days - high speed internet - mobile data 5G compatible	0701HWGIWDR	MOROCCO-3GB-15D	9.99	0	2026-07-01 09:19:11 CEST		y	4			11				B0FR9CFZQR						8721438405381			0	DEFAULT	Inactive
Morocco eSIM 5GB 30Days	Morocco eSIM 5GB 30Days - high speed internet - mobile data 5G compatible	0701HWMQBG7	MOROCCO-5GB-30D	13.99	0	2026-07-01 09:23:02 CEST		y	4			11				B0FR9CDDQ8						8721438405404			0	DEFAULT	Inactive
Mozambique eSIM 20GB 30Days	Mozambique eSIM 20GB 30Days - high speed internet - mobile data 5G compatible	0701HWJU5R2	MOZAMBIQUE-20GB-30D	75.99	0	2026-07-01 09:34:35 CEST		y	4			11				B0FR9CFLS7						8721438405480			0	DEFAULT	Inactive
Mozambique eSIM 3GB 15Days	Mozambique eSIM 3GB 15Days - high speed internet - mobile data 5G compatible	0701HWYGPLJ	MOZAMBIQUE-3GB-15D	19.99	0	2026-07-01 09:30:47 CEST		y	4			11				B0FRB1M6HK						8721438405473			0	DEFAULT	Inactive
Macao eSIM 20GB 30Days		0812HQ3KWHQ	MO_20_30	12.98	0	2026-08-12 15:32:00 CEST		y	1			11				B0FR9CDBN2						B0FR9CDBN2			0	DEFAULT	Inactive
Macao eSIM 3GB 15Days		0812HQ3KW7D	MO_3_15	7.11	0	2026-08-12 15:27:33 CEST		y	1			11				B0FR9M485M						B0FR9M485M			0	DEFAULT	Inactive
Macao eSIM 5GB 30Days		0812HQ04CE5	MO_5_30	4.31	0	2026-08-12 15:30:09 CEST		y	1			11				B0FR9L9624						B0FR9L9624			0	DEFAULT	Inactive
Malta eSIM 20GB 30Days		0812HPYA7ZA	MT_20_30	26.31	0	2026-08-12 15:29:13 CEST		y	1			11				B0FR9VL1Q9						B0FR9VL1Q9			0	DEFAULT	Inactive
Malta eSIM 3GB 15Days		0812HPTZJK3	MT_3_15	4.86	0	2026-08-12 15:28:49 CEST		y	1			11				B0FR9M3PNR						B0FR9M3PNR			0	DEFAULT	Inactive
Malta eSIM 5GB 30Days		0812HQ08KZ5	MT_5_30	8.91	0	2026-08-12 15:25:46 CEST		y	1			11				B0FR9ZSMTC						B0FR9ZSMTC			0	DEFAULT	Inactive
Malawi eSIM 3GB 15Days		0812HQ6N6IC	MW_3_15	22.8	0	2026-08-12 15:25:13 CEST		y	1			11				B0FR9H3JDK						B0FR9H3JDK			0	DEFAULT	Inactive
Malawi eSIM 5GB 30Days		0812HQ1TWOM	MW_5_30	32.6	0	2026-08-12 15:22:13 CEST		y	1			11				B0FR9GXY24						B0FR9GXY24			0	DEFAULT	Inactive
Mexico eSIM 20GB 30Days		0812HPXB5TK	MX_20_30	39.07	0	2026-08-12 15:24:42 CEST		y	1			11				B0FR9VDSJX						B0FR9VDSJX			0	DEFAULT	Inactive
Mexico eSIM 3GB 15Days		0812HPWQCO1	MX_3_15	8.93	0	2026-08-12 15:25:08 CEST		y	1			11				B0FR9SZSTG						B0FR9SZSTG			0	DEFAULT	Inactive
Mexico eSIM 5GB 30Days		0812HPVU8WV	MX_5_30	13.58	0	2026-08-12 15:28:57 CEST		y	1			11				B0FR9H2K1C						B0FR9H2K1C			0	DEFAULT	Inactive
Malaysia eSIM 20GB 30Days		0327H0Z4PJM	MY_20_30	20.47	0	2026-03-27 12:48:08 CET		y	1			11				B0FR9VMWYD						B0FR9VMWYD			0	DEFAULT	Inactive
Malaysia eSIM 3GB 15Days		0327H1QYOQA	MY_3_15	9.99	0	2026-03-27 15:36:11 CET		y	1			11				B0FR9H1Q65						B0FR9H1Q65			0	DEFAULT	Inactive
Malaysia eSIM 5GB 30Days		0327H0WLGY6	MY_5_30	12.32	0	2026-03-27 11:58:56 CET		y	1			11				B0FR9LDGX8						B0FR9LDGX8			0	DEFAULT	Inactive
Mozambique eSIM 20GB 30Days		0812HPZFVAA	MZ_20_30	97.76	0	2026-08-12 15:29:45 CEST		y	1			11				B0FR9CFLS7						B0FR9CFLS7			0	DEFAULT	Inactive
Mozambique eSIM 3GB 15Days		0812HQ2V8NJ	MZ_3_15	22.78	0	2026-08-12 15:25:58 CEST		y	1			11				B0FRB1M6HK						B0FRB1M6HK			0	DEFAULT	Inactive
North America eSIM 5GB 30Days		0812HQB2YPE	NA-3_5_30	13.6	0	2026-08-12 17:43:12 CEST		y	1			11				B0FRBDQ8H5						B0FRBDQ8H5			0	DEFAULT	Inactive
Nepal eSIM 3GB 15Days	Nepal eSIM 3GB 15Days - high speed internet - mobile data 5G compatible	0701HWHDEVE	NEPAL-3GB-15D	13.99	0	2026-07-01 09:38:16 CEST		y	4			11				B0FRB1TD7L						8721438405503			0	DEFAULT	Inactive
Netherlands eSIM 20GB 30Days	Netherlands eSIM 20GB 30Days - high speed internet - mobile data 5G compatible	0701HWTE3O4	NETHERLANDS-20GB-30D	15.99	0	2026-07-01 09:50:01 CEST		y	4			11				B0FR9NG7LB						8721438405565			0	DEFAULT	Inactive
Netherlands eSIM 3GB 15Days	Netherlands eSIM 3GB 15Days - high speed internet - mobile data 5G compatible	0701HWQCFU7	NETHERLANDS-3GB-15D	7.99	0	2026-07-01 09:42:30 CEST		y	4			11				B0FRB5GNM2						8721438405527			0	DEFAULT	Inactive
Netherlands eSIM 5GB 30Days	Netherlands eSIM 5GB 30Days - high speed internet - mobile data 5G compatible	0701HWQNR48	NETHERLANDS-5GB-30D	8.99	0	2026-07-01 09:46:20 CEST		y	4			11				B0FR9NHP7Q						8721438405541			0	DEFAULT	Inactive
New Zealand eSIM 20GB 30Days	New Zealand eSIM 20GB 30Days - high speed internet - mobile data 5G compatible	0701HWHMOOE	NEW-ZEALAND-20GB-30D	24.99	0	2026-07-01 10:00:17 CEST		y	4			11				B0FRB1TWT8						8721438405626			0	DEFAULT	Inactive
New Zealand eSIM 3GB 15Days	New Zealand eSIM 3GB 15Days - high speed internet - mobile data 5G compatible	0701HWHGT1H	NEW-ZEALAND-3GB-15D	8.99	0	2026-07-01 09:53:43 CEST		y	4			11				B0FR9NKXF5						8721438405596			0	DEFAULT	Inactive
New Zealand eSIM 5GB 30Days	New Zealand eSIM 5GB 30Days - high speed internet - mobile data 5G compatible	0701HWTJJED	NEW-ZEALAND-5GB-30D	10.99	0	2026-07-01 09:57:01 CEST		y	4			11				B0FR9NHFWQ						8721438405602			0	DEFAULT	Inactive
Niger eSIM 3GB 15Days		0812HPX8P7Q	NE_3_15	27.38	0	2026-08-12 15:30:35 CEST		y	1			11				B0FR9NPT1H						B0FR9NPT1H			0	DEFAULT	Inactive
Nigeria eSIM 3GB 15Days		0812HQ9HC8J	NG_3_15	17.68	0	2026-08-12 17:38:17 CEST		y	1			11				B0FR9X17QY						B0FR9X17QY			0	DEFAULT	Inactive
Nicaragua eSIM 3GB 15Days	Nicaragua eSIM 3GB 15Days - high speed internet - mobile data 5G compatible	0701HWHV0QN	NICARAGUA-3GB-15D	13.99	0	2026-07-01 10:03:48 CEST		y	4			11				B0FRB33MPG						8721438405695			0	DEFAULT	Inactive
Niger eSIM 3GB 15Days	Niger eSIM 3GB 15Days - high speed internet - mobile data 5G compatible	0701HWPN3J1	NIGER-3GB-15D	16.99	0	2026-07-01 10:08:02 CEST		y	4			11				B0FR9NPT1H						8721438405718			0	DEFAULT	Inactive
Nigeria eSIM 3GB 15Days	Nigeria eSIM 3GB 15Days - high speed internet - mobile data 5G compatible	0701HWL7X1F	NIGERIA-3GB-15D	13.99	0	2026-07-01 10:12:44 CEST		y	4			11				B0FR9X17QY						8721438405732			0	DEFAULT	Inactive
Nicaragua eSIM 3GB 15Days		0812HPZN75D	NI_3_15	17.62	0	2026-08-12 15:23:55 CEST		y	1			11				B0FRB33MPG						B0FRB33MPG			0	DEFAULT	Inactive
Netherlands eSIM 20GB 30Days		0325HSZJW0V	NL_20_30	23.93	0	2026-03-25 15:15:38 CET		y	1			11				B0FR9NG7LB						B0FR9NG7LB			0	DEFAULT	Inactive
Netherlands eSIM 3GB 15Days		0325HS21TE9	NL_3_15	10.02	0	2026-03-25 09:24:31 CET		y	1			11				B0FRB5GNM2						B0FRB5GNM2			0	DEFAULT	Inactive
Netherlands eSIM 5GB 30Days		0327H0RHT1Y	NL_5_30	9.44	0	2026-03-27 10:57:16 CET		y	1			11				B0FR9NHP7Q						B0FR9NHP7Q			0	DEFAULT	Inactive
North America eSIM 5GB 30Days	North America eSIM 5GB 30Days - high speed internet - mobile data 5G compatible	0701HWU9YIU	NORTH-AMERICA-5GB-30D	15.99	0	2026-07-01 10:16:31 CEST		y	4			11				B0FRBDQ8H5						8721438405794			0	DEFAULT	Inactive
North Macedonia eSIM 3GB 15Days	North Macedonia eSIM 3GB 15Days - high speed internet - mobile data 5G compatible	0701HWW4SD7	NORTH-MACEDONIA-3GB-15D	8.99	0	2026-07-01 10:20:45 CEST		y	4			11				B0FRB59DJS						8721438405862			0	DEFAULT	Inactive
North Macedonia eSIM 5GB 30Days	North Macedonia eSIM 5GB 30Days - high speed internet - mobile data 5G compatible	0701HWZRMDC	NORTH-MACEDONIA-5GB-30D	13.99	0	2026-07-01 10:24:35 CEST		y	4			11				B0FR9WNHHX						8721438405879			0	DEFAULT	Inactive
Norway eSIM 20GB 30Days	Norway eSIM 20GB 30Days - high speed internet - mobile data 5G compatible	0701HWUOPJA	NORWAY-20GB-30D	14.99	0	2026-07-01 10:36:07 CEST		y	4			11				B0FRB572L8						8721438405930			0	DEFAULT	Inactive
Norway eSIM 3GB 15Days	Norway eSIM 3GB 15Days - high speed internet - mobile data 5G compatible	0701HWIOYUF	NORWAY-3GB-15D	7.99	0	2026-07-01 10:30:03 CEST		y	4			11				B0FR9WNK2H						8721438405893			0	DEFAULT	Inactive
Norway eSIM 5GB 30Days	Norway eSIM 5GB 30Days - high speed internet - mobile data 5G compatible	0701HWUMG73	NORWAY-5GB-30D	8.99	0	2026-07-01 10:32:30 CEST		y	4			11				B0FRBNPZ9D						8721438405916			0	DEFAULT	Inactive
Norway eSIM 20GB 30Days		0812HQ9UK9Z	NO_20_30	13.19	0	2026-08-12 17:44:00 CEST		y	1			11				B0FRB572L8						B0FRB572L8			0	DEFAULT	Inactive
Norway eSIM 3GB 15Days		0812HQB2893	NO_3_15	3.15	0	2026-08-12 17:40:32 CEST		y	1			11				B0FR9WNK2H						B0FR9WNK2H			0	DEFAULT	Inactive
Norway eSIM 5GB 30Days		0812HQADW0F	NO_5_30	4.31	0	2026-08-12 17:41:26 CEST		y	1			11				B0FRBNPZ9D						B0FRBNPZ9D			0	DEFAULT	Inactive
Nepal eSIM 3GB 15Days		0812HQ2HZRD	NP_3_15	36.17	0	2026-08-12 15:31:18 CEST		y	1			11				B0FRB1TD7L						B0FRB1TD7L			0	DEFAULT	Inactive
New Zealand eSIM 20GB 30Days		0812HPX8MDE	NZ_20_30	22.22	0	2026-08-12 15:30:19 CEST		y	1			11				B0FRB1TWT8						B0FRB1TWT8			0	DEFAULT	Inactive
New Zealand eSIM 3GB 15Days		0812HPU2TFA	NZ_3_15	4.89	0	2026-08-12 15:30:27 CEST		y	1			11				B0FR9NKXF5						B0FR9NKXF5			0	DEFAULT	Inactive
New Zealand eSIM 5GB 30Days		0812HPZUIE2	NZ_5_30	8.35	0	2026-08-12 15:29:02 CEST		y	1			11				B0FR9NHFWQ						B0FR9NHFWQ			0	DEFAULT	Inactive
Oman eSIM 20GB 30Days	Oman eSIM 20GB 30Days - high speed internet - mobile data 5G compatible	0701HWORQJN	OMAN-20GB-30D	32.99	0	2026-07-01 10:45:15 CEST		y	4			11				B0FRB4R3FK						8721438405992			0	DEFAULT	Inactive
Oman eSIM 3GB 15Days	Oman eSIM 3GB 15Days - high speed internet - mobile data 5G compatible	0701HX2OGZN	OMAN-3GB-15D	10.99	0	2026-07-01 10:40:12 CEST		y	4			11				B0FRB4BL4W						8721438405978			0	DEFAULT	Inactive
Oman eSIM 20GB 30Days		0812HQ8PNVQ	OM_20_30	69.65	0	2026-08-12 17:38:57 CEST		y	1			11				B0FRB4R3FK						B0FRB4R3FK			0	DEFAULT	Inactive
Oman eSIM 3GB 15Days		0812HQHUDXO	OM_3_15	13.61	0	2026-08-12 17:42:58 CEST		y	1			11				B0FRB4BL4W						B0FRB4BL4W			0	DEFAULT	Inactive
Pakistan eSIM 20GB 30Days	Pakistan eSIM 20GB 30Days - high speed internet - mobile data 5G compatible	0701HX23YUQ	PAKISTAN-20GB-30D	21.99	0	2026-07-01 10:55:36 CEST		y	4			11				B0FRB691X8						8721438406050			0	DEFAULT	Inactive
Pakistan eSIM 3GB 15Days	Pakistan eSIM 3GB 15Days - high speed internet - mobile data 5G compatible	0701HX265GM	PAKISTAN-3GB-15D	8.99	0	2026-07-01 10:48:08 CEST		y	4			11				B0FRB4HL3B						8721438406012			0	DEFAULT	Inactive
Pakistan eSIM 5GB 30Days	Pakistan eSIM 5GB 30Days - high speed internet - mobile data 5G compatible	0701HWLXAR9	PAKISTAN-5GB-30D	9.99	0	2026-07-01 10:51:57 CEST		y	4			11				B0FRB48QKZ						8721438406036			0	DEFAULT	Inactive
Panama eSIM 3GB 15Days	Panama eSIM 3GB 15Days - high speed internet - mobile data 5G compatible	0701HWZ4F9X	PANAMA-3GB-15D	16.99	0	2026-07-01 10:59:41 CEST		y	4			11				B0FRB3VFW6						8721438406074			0	DEFAULT	Inactive
Paraguay eSIM 3GB 15Days	Paraguay eSIM 3GB 15Days - high speed internet - mobile data 5G compatible	0701HX08UIQ	PARAGUAY-3GB-15D	13.99	0	2026-07-01 11:04:24 CEST		y	4			11				B0FRB3V7CS						8721438406098			0	DEFAULT	Inactive
Panama eSIM 3GB 15Days		0812HQHV2BK	PA_3_15	17.68	0	2026-08-12 17:39:30 CEST		y	1			11				B0FRB3VFW6						B0FRB3VFW6			0	DEFAULT	Inactive
Peru eSIM 20GB 30Days	Peru eSIM 20GB 30Days - high speed internet - mobile data 5G compatible	0630HTFM7F9	PERU-20GB-30D	41.99	0	2026-06-30 13:20:12 CEST		y	4			11				B0H6M8BLBD						8721438406128			0	DEFAULT	Inactive
Peru eSIM 3GB 15Days	Peru eSIM 3GB 15Days - high speed internet - mobile data 5G compatible	0630HTLFHCL	PERU-3GB-15D	13.99	0	2026-06-30 13:16:15 CEST		y	4			11				B0H6M5WW3B						8721438406111			0	DEFAULT	Inactive
Philippines eSIM 20GB 30Days	Philippines eSIM 20GB 30Days - high speed internet - mobile data 5G compatible	0701HX2BZMF	PHILIPPINES-20GB-30D	22.99	0	2026-07-01 11:16:08 CEST		y	4			11				B0FRB4K2D4						8721438406173			0	DEFAULT	Inactive
Philippines eSIM 3GB 15Days	Philippines eSIM 3GB 15Days - high speed internet - mobile data 5G compatible	0701HWV7TGP	PHILIPPINES-3GB-15D	8.99	0	2026-07-01 11:08:13 CEST		y	4			11				B0FRB1GVXK						8721438406142			0	DEFAULT	Inactive
Philippines eSIM 5GB 30Days	Philippines eSIM 5GB 30Days - high speed internet - mobile data 5G compatible	0701HX4RPY3	PHILIPPINES-5GB-30D	9.99	0	2026-07-01 11:12:04 CEST		y	4			11				B0FRB4VCKG						8721438406159			0	DEFAULT	Inactive
Philippines eSIM 20GB 30Days		0327H0U75A6	PH_20_30	33.86	0	2026-03-27 11:14:46 CET		y	1			11				B0FRB4K2D4						B0FRB4K2D4			0	DEFAULT	Inactive
Philippines eSIM 3GB 15Days		0327H0IENC9	PH_3_15	9.53	0	2026-03-27 10:48:18 CET		y	1			11				B0FRB1GVXK						B0FRB1GVXK			0	DEFAULT	Inactive
Philippines eSIM 5GB 30Days		0327H0U0A3I	PH_5_30	13.02	0	2026-03-27 10:56:44 CET		y	1			11				B0FRB4VCKG						B0FRB4VCKG			0	DEFAULT	Inactive
Pakistan eSIM 20GB 30Days		0812HQAW1AK	PK_20_30	30.98	0	2026-08-12 17:39:51 CEST		y	1			11				B0FRB691X8						B0FRB691X8			0	DEFAULT	Inactive
Pakistan eSIM 3GB 15Days		0812HQBHY3S	PK_3_15	7.8	0	2026-08-12 17:47:45 CEST		y	1			11				B0FRB4HL3B						B0FRB4HL3B			0	DEFAULT	Inactive
Pakistan eSIM 5GB 30Days		0812HQB3C4O	PK_5_30	11.29	0	2026-08-12 17:38:24 CEST		y	1			11				B0FRB48QKZ						B0FRB48QKZ			0	DEFAULT	Inactive
Poland eSIM 20GB 30Days		0325HSFYTIN	PL_20_30	16.5	0	2026-03-25 11:09:21 CET		y	1			11				B0FRB5HSK7						B0FRB5HSK7			0	DEFAULT	Inactive
Poland eSIM 3GB 15Days		0327H0JMF3C	PL_3_15	6.05	0	2026-03-27 09:39:03 CET		y	1			11				B0FRB4JVKR						B0FRB4JVKR			0	DEFAULT	Inactive
Poland eSIM 5GB 30Days		0327H0KWUXW	PL_5_30	4.31	0	2026-03-27 10:31:37 CET		y	1			11				B0FRBDPQ9J						B0FRBDPQ9J			0	DEFAULT	Inactive
Poland eSIM 20GB 30Days	Poland eSIM 20GB 30Days - high speed internet - mobile data 5G compatible	0701HX6GKRA	POLAND-20GB-30D	14.99	0	2026-07-01 11:27:45 CEST		y	4			11				B0FRB5HSK7						8721438406289			0	DEFAULT	Inactive
Poland eSIM 3GB 15Days	Poland eSIM 3GB 15Days - high speed internet - mobile data 5G compatible	0701HX566PO	POLAND-3GB-15D	7.99	0	2026-07-01 11:20:44 CEST		y	4			11				B0FRB4JVKR						8721438406258			0	DEFAULT	Inactive
Poland eSIM 5GB 30Days	Poland eSIM 5GB 30Days - high speed internet - mobile data 5G compatible	0701HX55866	POLAND-5GB-30D	8.99	0	2026-07-01 11:23:40 CEST		y	4			11				B0FRBDPQ9J						8721438406272			0	DEFAULT	Inactive
Portugal eSIM 20GB 30Days	Portugal eSIM 20GB 30Days - high speed internet - mobile data 5G compatible	0701HX6UC2Y	PORTUGAL-20GB-30D	14.99	0	2026-07-01 11:39:45 CEST		y	4			11				B0FRB354KV						8721438406357			0	DEFAULT	Inactive
Portugal eSIM 3GB 15Days	Portugal eSIM 3GB 15Days - high speed internet - mobile data 5G compatible	0701HX6M79H	PORTUGAL-3GB-15D	7.99	0	2026-07-01 11:31:26 CEST		y	4			11				B0FRB4314T						8721438406319			0	DEFAULT	Inactive
Portugal eSIM 5GB 30Days	Portugal eSIM 5GB 30Days - high speed internet - mobile data 5G compatible	0701HX5N1OQ	PORTUGAL-5GB-30D	8.99	0	2026-07-01 11:35:41 CEST		y	4			11				B0FRB4X799						8721438406333			0	DEFAULT	Inactive
Puerto Rico eSIM 3GB 15Days		0812HQEAB7U	PR_3_15	11.29	0	2026-08-12 17:39:28 CEST		y	1			11				B0FRB5MSF1						B0FRB5MSF1			0	DEFAULT	Inactive
Puerto Rico eSIM 5GB 30Days		0812HQA4A90	PR_5_30	17.1	0	2026-08-12 17:40:31 CEST		y	1			11				B0FR9WMX9V						B0FR9WMX9V			0	DEFAULT	Inactive
Portugal eSIM 20GB 30Days		0327H0DRLUO	PT_20_30	20.46	0	2026-03-27 09:22:50 CET		y	1			11				B0FRB354KV						B0FRB354KV			0	DEFAULT	Inactive
Portugal eSIM 3GB 15Days		0327H16OO4N	PT_3_15	6.05	0	2026-03-27 12:58:45 CET		y	1			11				B0FRB4314T						B0FRB4314T			0	DEFAULT	Inactive
Portugal eSIM 5GB 30Days		0325HSK3RZR	PT_5_30	5.47	0	2026-03-25 12:18:44 CET		y	1			11				B0FRB4X799						B0FRB4X799			0	DEFAULT	Inactive
Puerto Rico eSIM 3GB 15Days	Puerto Rico eSIM 3GB 15Days - high speed internet - mobile data 5G compatible	0701HX6ZOQ1	PUERTO-RICO-3GB-15D	11.99	0	2026-07-01 11:43:31 CEST		y	4			11				B0FRB5MSF1						8721438406388			0	DEFAULT	Inactive
Puerto Rico eSIM 5GB 30Days	Puerto Rico eSIM 5GB 30Days - high speed internet - mobile data 5G compatible	0701HXAYRSV	PUERTO-RICO-5GB-30D	13.99	0	2026-07-01 11:47:43 CEST		y	4			11				B0FR9WMX9V						8721438406395			0	DEFAULT	Inactive
Paraguay eSIM 3GB 15Days		0812HQB5WVP	PY_3_15	17.68	0	2026-08-12 17:38:23 CEST		y	1			11				B0FRB3V7CS						B0FRB3V7CS			0	DEFAULT	Inactive
Qatar eSIM 20GB 30Days	Qatar eSIM 20GB 30Days - high speed internet - mobile data 5G compatible	0701HXH3XXE	QATAR-20GB-30D	30.99	0	2026-07-01 11:58:30 CEST		y	4			11				B0FR9X3QGM						8721438406449			0	DEFAULT	Inactive
Qatar eSIM 3GB 15Days	Qatar eSIM 3GB 15Days - high speed internet - mobile data 5G compatible	0701HX5YEDP	QATAR-3GB-15D	10.99	0	2026-07-01 11:51:26 CEST		y	4			11				B0FR9NXH43						8721438406418			0	DEFAULT	Inactive
Qatar eSIM 5GB 30Days	Qatar eSIM 5GB 30Days - high speed internet - mobile data 5G compatible	0701HXHHSSG	QATAR-5GB-30D	17.99	0	2026-07-01 11:55:13 CEST		y	4			11				B0FR9X5KB1						8721438406432			0	DEFAULT	Inactive
Qatar eSIM 20GB 30Days		0812HQBABSW	QA_20_30	62.38	0	2026-08-12 17:36:52 CEST		y	1			11				B0FR9X3QGM						B0FR9X3QGM			0	DEFAULT	Inactive
Qatar eSIM 3GB 15Days		0812HQHFD6X	QA_3_15	14.18	0	2026-08-12 17:40:54 CEST		y	1			11				B0FR9NXH43						B0FR9NXH43			0	DEFAULT	Inactive
Qatar eSIM 5GB 30Days		0812HQAHVE4	QA_5_30	22.23	0	2026-08-12 17:46:54 CEST		y	1			11				B0FR9X5KB1						B0FR9X5KB1			0	DEFAULT	Inactive
Republic of the Congo eSIM 20GB 30Days	Republic of the Congo eSIM 20GB 30Days - high speed internet - mobile data 5G compatible	0630HU93MFW	REPUBLIC-OF-THE-CONGO-20GB-30D	76.99	0	2026-06-30 19:46:30 CEST		y	4			11				B0H6MJ756Y						8721438409495			0	DEFAULT	Inactive
Republic of the Congo eSIM 3GB 15Days	Republic of the Congo eSIM 3GB 15Days - high speed internet - mobile data 5G compatible	0630HUM7QY4	REPUBLIC-OF-THE-CONGO-3GB-15D	21.99	0	2026-06-30 19:40:05 CEST		y	4			11				B0H6MM6DKT						8721438409471			0	DEFAULT	Inactive
Republic of the Congo eSIM 5GB 30Days	Republic of the Congo eSIM 5GB 30Days - high speed internet - mobile data 5G compatible	0630HU644ZU	REPUBLIC-OF-THE-CONGO-5GB-30D	33.99	0	2026-06-30 19:43:12 CEST		y	4			11				B0H6MBXD3B						8721438409488			0	DEFAULT	Inactive
Reunion eSIM 3GB 15Days	Reunion eSIM 3GB 15Days - high speed internet - mobile data 5G compatible	0701HX8QHDB	REUNION-3GB-15D	7.99	0	2026-07-01 12:03:03 CEST		y	4			11				B0FRB3KCNQ						8721438406470			0	DEFAULT	Inactive
Reunion eSIM 5GB 30Days	Reunion eSIM 5GB 30Days - high speed internet - mobile data 5G compatible	0701HXO6M32	REUNION-5GB-30D	8.99	0	2026-07-01 12:07:38 CEST		y	4			11				B0FRB47TQW						8721438406487			0	DEFAULT	Inactive
Reunion eSIM 3GB 15Days		0812HQAMDBF	RE_3_15	11.29	0	2026-08-12 17:42:08 CEST		y	1			11				B0FRB3KCNQ						B0FRB3KCNQ			0	DEFAULT	Inactive
Reunion eSIM 5GB 30Days		0812HQAU639	RE_5_30	17.1	0	2026-08-12 17:41:07 CEST		y	1			11				B0FRB47TQW						B0FRB47TQW			0	DEFAULT	Inactive
Romania eSIM 20GB 30Days	Romania eSIM 20GB 30Days - high speed internet - mobile data 5G compatible	0630HUFA9N5	ROMANIA-20GB-30D	14.99	0	2026-06-30 19:56:26 CEST		y	4			11				B0H6MGRC1F						8721438409525			0	DEFAULT	Inactive
Romania eSIM 3GB 15Days	Romania eSIM 3GB 15Days - high speed internet - mobile data 5G compatible	0630HUL67G1	ROMANIA-3GB-15D	7.99	0	2026-06-30 19:49:51 CEST		y	4			11				B0H6MKQH2C						8721438409501			0	DEFAULT	Inactive
Romania eSIM 5GB 30Days	Romania eSIM 5GB 30Days - high speed internet - mobile data 5G compatible	0630HUFAUYK	ROMANIA-5GB-30D	8.99	0	2026-06-30 19:53:08 CEST		y	4			11				B0H6MFVLCB						8721438409518			0	DEFAULT	Inactive
Serbia eSIM 20GB 30Days		0812HQ9HGRW	RS_20_30	49.6	0	2026-08-12 17:37:38 CEST		y	1			11				B0FRB5K8JC						B0FRB5K8JC			0	DEFAULT	Inactive
Serbia eSIM 3GB 15Days		0812HQF1CXR	RS_3_15	11.29	0	2026-08-12 17:46:09 CEST		y	1			11				B0FRB5TJV2						B0FRB5TJV2			0	DEFAULT	Inactive
Russia eSIM 20GB 30Days	Russia eSIM 20GB 30Days - high speed internet - mobile data 5G compatible	0630HUMJY37	RUSSIA-20GB-30D	22.99	0	2026-06-30 20:05:52 CEST		y	4			11				B0H6MDSLNC						8721438409556			0	DEFAULT	Inactive
Russia eSIM 3GB 15Days	Russia eSIM 3GB 15Days - high speed internet - mobile data 5G compatible	0630HU97WV0	RUSSIA-3GB-15D	9.99	0	2026-06-30 19:59:17 CEST		y	4			11				B0H6MDNPC8						8721438409532			0	DEFAULT	Inactive
Russia eSIM 5GB 30Days	Russia eSIM 5GB 30Days - high speed internet - mobile data 5G compatible	0630HU97NGY	RUSSIA-5GB-30D	13.99	0	2026-06-30 20:02:44 CEST		y	4			11				B0H6MLHHB2						8721438409549			0	DEFAULT	Inactive
Rwanda eSIM 20GB 30Days	Rwanda eSIM 20GB 30Days - high speed internet - mobile data 5G compatible	0630HUMKNPS	RWANDA-20GB-30D	97.99	0	2026-06-30 20:15:38 CEST		y	4			11				B0H6M66BWN						8721438409587			0	DEFAULT	Inactive
Rwanda eSIM 3GB 15Days	Rwanda eSIM 3GB 15Days - high speed internet - mobile data 5G compatible	0630HUGQU9P	RWANDA-3GB-15D	23.99	0	2026-06-30 20:09:23 CEST		y	4			11				B0H6MK2ZBQ						8721438409563			0	DEFAULT	Inactive
Rwanda eSIM 5GB 30Days	Rwanda eSIM 5GB 30Days - high speed internet - mobile data 5G compatible	0630HUO7L22	RWANDA-5GB-30D	31.99	0	2026-06-30 20:12:41 CEST		y	4			11				B0H6MJZHP1						8721438409570			0	DEFAULT	Inactive
South America eSIM 5GB 30Days		0812HQHVK73	SA-18_5_30	32.69	0	2026-08-12 17:45:56 CEST		y	1			11				B0FRB8D7HC						B0FRB8D7HC			0	DEFAULT	Inactive
Saint Barthelemy eSIM 20GB 30Days	Saint Barthelemy eSIM 20GB 30Days - high speed internet - mobile data 5G compatible	0630HUMSFN9	SAINT-BARTHELEMY-20GB-30D	16.99	0	2026-06-30 20:25:14 CEST		y	4			11				B0H6MJHHNB						8721438409617			0	DEFAULT	Inactive
Saint Barthelemy eSIM 3GB 15Days	Saint Barthelemy eSIM 3GB 15Days - high speed internet - mobile data 5G compatible	0630HUKFXU6	SAINT-BARTHELEMY-3GB-15D	7.99	0	2026-06-30 20:19:10 CEST		y	4			11				B0H6MDMD63						8721438409594			0	DEFAULT	Inactive
Saint Barthelemy eSIM 5GB 30Days	Saint Barthelemy eSIM 5GB 30Days - high speed internet - mobile data 5G compatible	0630HUN55FC	SAINT-BARTHELEMY-5GB-30D	8.99	0	2026-06-30 20:22:28 CEST		y	4			11				B0H6MBS246						8721438409600			0	DEFAULT	Inactive
Saint Kitts and Nevis eSIM 20GB 30Days	Saint Kitts and Nevis eSIM 20GB 30Days - high speed internet - mobile data 5G compatible	0630HUL58WB	SAINT-KITTS-AND-NEVIS-20GB-30D	102.99	0	2026-06-30 20:34:59 CEST		y	4			11				B0H6MJQSR4						8721438409648			0	DEFAULT	Inactive
Saint Kitts and Nevis eSIM 3GB 15Days	Saint Kitts and Nevis eSIM 3GB 15Days - high speed internet - mobile data 5G compatible	0630HUPZJLD	SAINT-KITTS-AND-NEVIS-3GB-15D	28.99	0	2026-06-30 20:28:56 CEST		y	4			11				B0H6MDHJ2B						8721438409624			0	DEFAULT	Inactive
Saint Kitts and Nevis eSIM 5GB 30Days	Saint Kitts and Nevis eSIM 5GB 30Days - high speed internet - mobile data 5G compatible	0630HUMLL0J	SAINT-KITTS-AND-NEVIS-5GB-30D	37.99	0	2026-06-30 20:31:31 CEST		y	4			11				B0H6MBK615						8721438409631			0	DEFAULT	Inactive
Saint Lucia eSIM 20GB 30Days	Saint Lucia eSIM 20GB 30Days - high speed internet - mobile data 5G compatible	0630HUQG1HB	SAINT-LUCIA-20GB-30D	102.99	0	2026-06-30 20:44:02 CEST		y	4			11				B0H6MDX8DY						8721438409679			0	DEFAULT	Inactive
Saint Lucia eSIM 3GB 15Days	Saint Lucia eSIM 3GB 15Days - high speed internet - mobile data 5G compatible	0630HUN8CFH	SAINT-LUCIA-3GB-15D	28.99	0	2026-06-30 20:38:09 CEST		y	4			11				B0H6M7Y1CD						8721438409655			0	DEFAULT	Inactive
Saint Lucia eSIM 5GB 30Days	Saint Lucia eSIM 5GB 30Days - high speed internet - mobile data 5G compatible	0630HULEFLN	SAINT-LUCIA-5GB-30D	37.99	0	2026-06-30 20:41:16 CEST		y	4			11				B0H6MGBXNV						8721438409662			0	DEFAULT	Inactive
Saint Martin eSIM 20GB 30Days	Saint Martin eSIM 20GB 30Days - high speed internet - mobile data 5G compatible	0630HUIQ4P8	SAINT-MARTIN-20GB-30D	16.99	0	2026-06-30 20:53:47 CEST		y	4			11				B0H6MF7K64						8721438409709			0	DEFAULT	Inactive
Saint Martin eSIM 3GB 15Days	Saint Martin eSIM 3GB 15Days - high speed internet - mobile data 5G compatible	0630HUIQ6VA	SAINT-MARTIN-3GB-15D	7.99	0	2026-06-30 20:47:23 CEST		y	4			11				B0H6MDB2CN						8721438409686			0	DEFAULT	Inactive
Saint Martin eSIM 5GB 30Days	Saint Martin eSIM 5GB 30Days - high speed internet - mobile data 5G compatible	0630HUNQ7HV	SAINT-MARTIN-5GB-30D	8.99	0	2026-06-30 20:50:50 CEST		y	4			11				B0H6MC37Q1						8721438409693			0	DEFAULT	Inactive
Saint Vincent and the Grenadines eSIM 3GB 15Days	Saint Vincent and the Grenadines eSIM 3GB 15Days - high speed internet - mobile data 5G compatible	0630HURBZWM	SAINT-VINCENT-AND-THE-GRENADINES-3GB-15D	34.99	0	2026-06-30 20:57:29 CEST		y	4			11				B0H6MF3FWZ						8721438409716			0	DEFAULT	Inactive
Saint Vincent and the Grenadines eSIM 5GB 30Days	Saint Vincent and the Grenadines eSIM 5GB 30Days - high speed internet - mobile data 5G compatible	0630HUO304F	SAINT-VINCENT-AND-THE-GRENADINES-5GB-30D	45.99	0	2026-06-30 21:00:36 CEST		y	4			11				B0H6MJXH8Z						8721438409723			0	DEFAULT	Inactive
Samoa eSIM 20GB 30Days	Samoa eSIM 20GB 30Days - high speed internet - mobile data 5G compatible	0630HUN9904	SAMOA-20GB-30D	294.99	0	2026-06-30 21:14:43 CEST		y	4			11				B0H6MJQDSM						8721438409761			0	DEFAULT	Inactive
Samoa eSIM 3GB 15Days	Samoa eSIM 3GB 15Days - high speed internet - mobile data 5G compatible	0630HUMIQI3	SAMOA-3GB-15D	57.99	0	2026-06-30 21:08:19 CEST		y	4			11				B0H6MGJ45S						8721438409747			0	DEFAULT	Inactive
Samoa eSIM 5GB 30Days	Samoa eSIM 5GB 30Days - high speed internet - mobile data 5G compatible	0630HUOY5TA	SAMOA-5GB-30D	79.99	0	2026-06-30 21:11:47 CEST		y	4			11				B0H6MFFZH1						8721438409754			0	DEFAULT	Inactive
San Marino eSIM 20GB 30Days	San Marino eSIM 20GB 30Days - high speed internet - mobile data 5G compatible	0630HUNKKNS	SAN-MARINO-20GB-30D	15.99	0	2026-06-30 21:24:28 CEST		y	4			11				B0H6MDHJFJ						8721438409792			0	DEFAULT	Inactive
San Marino eSIM 3GB 15Days	San Marino eSIM 3GB 15Days - high speed internet - mobile data 5G compatible	0630HUNNN8K	SAN-MARINO-3GB-15D	7.99	0	2026-06-30 21:17:54 CEST		y	4			11				B0H6MG33GL						8721438409778			0	DEFAULT	Inactive
San Marino eSIM 5GB 30Days	San Marino eSIM 5GB 30Days - high speed internet - mobile data 5G compatible	0630HULVFAA	SAN-MARINO-5GB-30D	8.99	0	2026-06-30 21:21:22 CEST		y	4			11				B0H6ML6C38						8721438409785			0	DEFAULT	Inactive
Saudi Arabia eSIM 20GB 30Days	Saudi Arabia eSIM 20GB 30Days - high speed internet - mobile data 5G compatible	0701HXIFU3H	SAUDI-ARABIA-20GB-30D	33.99	0	2026-07-01 12:18:03 CEST		y	4			11				B0FRB5PZTS						8721438406548			0	DEFAULT	Inactive
Saudi Arabia eSIM 3GB 15Days	Saudi Arabia eSIM 3GB 15Days - high speed internet - mobile data 5G compatible	0701HX94MYB	SAUDI-ARABIA-3GB-15D	11.99	0	2026-07-01 12:10:30 CEST		y	4			11				B0FRB3N2KL						8721438406500			0	DEFAULT	Inactive
Saudi Arabia eSIM 5GB 30Days	Saudi Arabia eSIM 5GB 30Days - high speed internet - mobile data 5G compatible	0701HXC0S2Z	SAUDI-ARABIA-5GB-30D	13.99	0	2026-07-01 12:14:21 CEST		y	4			11				B0FRB1SRZY						8721438406524			0	DEFAULT	Inactive
Saudi Arabia eSIM 20GB 30Days		0812HQAT1WO	SA_20_30	49.39	0	2026-08-12 17:39:33 CEST		y	1			11				B0FRB5PZTS						B0FRB5PZTS			0	DEFAULT	Inactive
Saudi Arabia eSIM 3GB 15Days		0812HQB6R4E	SA_3_15	9.55	0	2026-08-12 17:43:48 CEST		y	1			11				B0FRB3N2KL						B0FRB3N2KL			0	DEFAULT	Inactive
Saudi Arabia eSIM 5GB 30Days		0812HQE5ZWL	SA_5_30	15.94	0	2026-08-12 17:44:29 CEST		y	1			11				B0FRB1SRZY						B0FRB1SRZY			0	DEFAULT	Inactive
Seychelles eSIM 3GB 15Days		0812HQ8SOFM	SC_3_15	17.68	0	2026-08-12 17:44:08 CEST		y	1			11				B0FRB55T3H						B0FRB55T3H			0	DEFAULT	Inactive
Seychelles eSIM 5GB 30Days		0812HQB6XYU	SC_5_30	26.92	0	2026-08-12 17:39:13 CEST		y	1			11				B0FR9P7N6M						B0FR9P7N6M			0	DEFAULT	Inactive
Sudan eSIM 3GB 15Days		0812HQBB7JE	SD_3_15	42.04	0	2026-08-12 17:40:23 CEST		y	1			11				B0FRCKTXNQ						B0FRCKTXNQ			0	DEFAULT	Inactive
Sudan eSIM 5GB 30Days		0812HQAS7M8	SD_5_30	63.55	0	2026-08-12 17:45:49 CEST		y	1			11				B0FRC799N3						B0FRC799N3			0	DEFAULT	Inactive
Senegal eSIM 3GB 15Days	Senegal eSIM 3GB 15Days - high speed internet - mobile data 5G compatible	0701HXIU804	SENEGAL-3GB-15D	15.99	0	2026-07-01 12:22:09 CEST		y	4			11				B0FRB4HX92						8721438406562			0	DEFAULT	Inactive
Senegal eSIM 5GB 30Days	Senegal eSIM 5GB 30Days - high speed internet - mobile data 5G compatible	0701HXLM0YF	SENEGAL-5GB-30D	17.99	0	2026-07-01 12:26:01 CEST		y	4			11				B0FRB68H77						8721438406579			0	DEFAULT	Inactive
Serbia eSIM 20GB 30Days	Serbia eSIM 20GB 30Days - high speed internet - mobile data 5G compatible	0701HXF7TW0	SERBIA-20GB-30D	20.99	0	2026-07-01 12:33:47 CEST		y	4			11				B0FRB5K8JC						8721438406616			0	DEFAULT	Inactive
Serbia eSIM 3GB 15Days	Serbia eSIM 3GB 15Days - high speed internet - mobile data 5G compatible	0701HXI5VX9	SERBIA-3GB-15D	8.99	0	2026-07-01 12:29:55 CEST		y	4			11				B0FRB5TJV2						8721438406593			0	DEFAULT	Inactive
Seychelles eSIM 3GB 15Days	Seychelles eSIM 3GB 15Days - high speed internet - mobile data 5G compatible	0701HX9O9Z4	SEYCHELLES-3GB-15D	16.99	0	2026-07-01 12:38:21 CEST		y	4			11				B0FRB55T3H						8721438406630			0	DEFAULT	Inactive
Seychelles eSIM 5GB 30Days	Seychelles eSIM 5GB 30Days - high speed internet - mobile data 5G compatible	0701HXCOKGQ	SEYCHELLES-5GB-30D	27.99	0	2026-07-01 12:41:45 CEST		y	4			11				B0FR9P7N6M						8721438406647			0	DEFAULT	Inactive
Sweden eSIM 20GB 30Days		0812HQHN2MU	SE_20_30	17.1	0	2026-08-12 17:42:10 CEST		y	1			11				B0FRB7X5SP						B0FRB7X5SP			0	DEFAULT	Inactive
Sweden eSIM 3GB 15Days		0812HQ97NA1	SE_3_15	3.73	0	2026-08-12 17:37:17 CEST		y	1			11				B0FRCC6W9S						B0FRCC6W9S			0	DEFAULT	Inactive
Sweden eSIM 5GB 30Days		0812HQEYJNU	SE_5_30	9.53	0	2026-08-12 17:40:55 CEST		y	1			11				B0FRCS524D						B0FRCS524D			0	DEFAULT	Inactive
Singapore eSIM 20GB 30Days		0327H0GSPD6	SG_20_30	17.67	0	2026-03-27 09:44:53 CET		y	1			11				B0FRB256K8						B0FRB256K8			0	DEFAULT	Inactive
Singapore eSIM 3GB 30 dagen | Pay As You Go Data SIM | Eenvoudige installatie | Reis-simkaart voor toeristen en bedrijven | 3G/4G/5G-snelheden		0327H0CMRGN	SG_3_30	12.31	0	2026-03-27 10:07:21 CET		y	1			11				B0FRB3KY59						B0FRB3KY59			0	DEFAULT	Inactive
Singapore eSIM 5GB 30Days		0327H1DUDKQ	SG_5_30	9.53	0	2026-03-27 14:29:33 CET		y	1			11				B0FR9X3Y3R						B0FR9X3Y3R			0	DEFAULT	Inactive
Sierra Leone eSIM 20GB 30Days	Sierra Leone eSIM 20GB 30Days - high speed internet - mobile data 5G compatible	0630HULRZ2T	SIERRA-LEONE-20GB-30D	93.99	0	2026-06-30 21:34:25 CEST		y	4			11				B0H6ML1JW1						8721438409822			0	DEFAULT	Inactive
Sierra Leone eSIM 3GB 15Days	Sierra Leone eSIM 3GB 15Days - high speed internet - mobile data 5G compatible	0630HUPPHZY	SIERRA-LEONE-3GB-15D	26.99	0	2026-06-30 21:29:34 CEST		y	4			11				B0H6MHPWKP						8721438409808			0	DEFAULT	Inactive
Sierra Leone eSIM 5GB 30Days	Sierra Leone eSIM 5GB 30Days - high speed internet - mobile data 5G compatible	0630HURQVEL	SIERRA-LEONE-5GB-30D	32.99	0	2026-06-30 21:31:19 CEST		y	4			11				B0H6MBK6HZ						8721438409815			0	DEFAULT	Inactive
Singapore eSIM 20GB 30Days	Singapore eSIM 20GB 30Days - high speed internet - mobile data 5G compatible	0701HXKEQLQ	SINGAPORE-20GB-30D	14.99	0	2026-07-01 12:49:42 CEST		y	4			11				B0FRB256K8						8721438406692			0	DEFAULT	Inactive
Singapore eSIM 5GB 30Days	Singapore eSIM 5GB 30Days - high speed internet - mobile data 5G compatible	0701HX9US83	SINGAPORE-5GB-30D	8.99	0	2026-07-01 12:45:51 CEST		y	4			11				B0FR9X3Y3R						8721438406678			0	DEFAULT	Inactive
Slovenia eSIM 20GB 30Days		0812HQATJMP	SI_20_30	17.09	0	2026-08-12 17:40:58 CEST		y	1			11				B0FR9X15V2						B0FR9X15V2			0	DEFAULT	Inactive
Slovenia eSIM 3GB 15Days		0812HQAPKS3	SI_3_15	3.73	0	2026-08-12 17:39:59 CEST		y	1			11				B0FR9XCF27						B0FR9XCF27			0	DEFAULT	Inactive
Slovenia eSIM 5GB 30Days		0812HQE6YC4	SI_5_30	5.47	0	2026-08-12 17:40:08 CEST		y	1			11				B0FRB3SJMR						B0FRB3SJMR			0	DEFAULT	Inactive
Slovakia eSIM 20GB 30Days		0812HQAMCVN	SK_20_30	17.1	0	2026-08-12 17:37:37 CEST		y	1			11				B0FRB14YYC						B0FRB14YYC			0	DEFAULT	Inactive
Slovakia eSIM 3GB 15Days		0812HQF4J3E	SK_3_15	3.73	0	2026-08-12 17:45:47 CEST		y	1			11				B0FR9XC4BW						B0FR9XC4BW			0	DEFAULT	Inactive
Slovakia eSIM 5GB 30Days		0812HQF6PEM	SK_5_30	5.47	0	2026-08-12 17:42:16 CEST		y	1			11				B0FRB2X84M						B0FRB2X84M			0	DEFAULT	Inactive
Slovakia eSIM 20GB 30Days	Slovakia eSIM 20GB 30Days - high speed internet - mobile data 5G compatible	0701HXA84CX	SLOVAKIA-20GB-30D	14.99	0	2026-07-01 13:00:52 CEST		y	4			11				B0FRB14YYC						8721438406807			0	DEFAULT	Inactive
Slovakia eSIM 3GB 15Days	Slovakia eSIM 3GB 15Days - high speed internet - mobile data 5G compatible	0701HXQEV2J	SLOVAKIA-3GB-15D	7.99	0	2026-07-01 12:53:35 CEST		y	4			11				B0FR9XC4BW						8721438406760			0	DEFAULT	Inactive
Slovakia eSIM 5GB 30Days	Slovakia eSIM 5GB 30Days - high speed internet - mobile data 5G compatible	0701HXACVJ3	SLOVAKIA-5GB-30D	8.99	0	2026-07-01 12:57:25 CEST		y	4			11				B0FRB2X84M						8721438406784			0	DEFAULT	Inactive
Slovenia eSIM 20GB 30Days	Slovenia eSIM 20GB 30Days - high speed internet - mobile data 5G compatible	0701HXJOBG8	SLOVENIA-20GB-30D	14.99	0	2026-07-01 13:12:26 CEST		y	4			11				B0FR9X15V2						8721438406876			0	DEFAULT	Inactive
Slovenia eSIM 3GB 15Days	Slovenia eSIM 3GB 15Days - high speed internet - mobile data 5G compatible	0701HXM8FOK	SLOVENIA-3GB-15D	7.99	0	2026-07-01 13:04:55 CEST		y	4			11				B0FR9XCF27						8721438406838			0	DEFAULT	Inactive
Slovenia eSIM 5GB 30Days	Slovenia eSIM 5GB 30Days - high speed internet - mobile data 5G compatible	0701HXDEUCC	SLOVENIA-5GB-30D	8.99	0	2026-07-01 13:08:45 CEST		y	4			11				B0FRB3SJMR						8721438406852			0	DEFAULT	Inactive
Senegal eSIM 3GB 15Days		0325HSAEM8C	SN_3_15	29.2	0	2026-03-25 10:18:18 CET		y	1			11				B0FRB4HX92						B0FRB4HX92			0	DEFAULT	Inactive
Senegal eSIM 5GB 30Days		0325HS5OZTG	SN_5_30	43.14	0	2026-03-25 09:52:01 CET		y	1			11				B0FRB68H77						B0FRB68H77			0	DEFAULT	Inactive
South Africa eSIM 5GB 30Days	South Africa eSIM 5GB 30Days - high speed internet - mobile data 5G compatible	0707HN88PZR	SOUTH-AFRICA-5GB-30D	14.99	0	2026-07-07 13:00:52 CEST		y	4			11				B0FRB3R6F3						8721438406913			0	DEFAULT	Inactive
South America eSIM 5GB 30Days	South America eSIM 5GB 30Days - high speed internet - mobile data 5G compatible	0701HXTZCBH	SOUTH-AMERICA-5GB-30D	20.99	0	2026-07-01 13:21:14 CEST		y	4			11				B0FRB8D7HC						8721438406968			0	DEFAULT	Inactive
South Korea eSIM 20GB 30Days	South Korea eSIM 20GB 30Days - high speed internet - mobile data 5G compatible	0701HXUNFFU	SOUTH-KOREA-20GB-30D	14.99	0	2026-07-01 13:33:47 CEST		y	4			11				B0FRC4P51Z						8721438407019			0	DEFAULT	Inactive
South Korea eSIM 3GB 15Days	South Korea eSIM 3GB 15Days - high speed internet - mobile data 5G compatible	0701HXDK26X	SOUTH-KOREA-3GB-15D	7.99	0	2026-07-01 13:25:03 CEST		y	4			11				B0FRC4RTDF						8721438406982			0	DEFAULT	Inactive
South Korea eSIM 5GB 30Days	South Korea eSIM 5GB 30Days - high speed internet - mobile data 5G compatible	0701HXJXEHO	SOUTH-KOREA-5GB-30D	8.99	0	2026-07-01 13:28:53 CEST		y	4			11				B0FRD9LC4C						8721438406999			0	DEFAULT	Inactive
Spain eSIM 20GB 30Days	Spain eSIM 20GB 30Days - high speed internet - mobile data 5G compatible	0701HXS7JN0	SPAIN-20GB-30D	14.99	0	2026-07-01 13:44:15 CEST		y	4			11				B0FRCMPGPL						8721438407132			0	DEFAULT	Inactive
Spain eSIM 3GB 15Days	Spain eSIM 3GB 15Days - high speed internet - mobile data 5G compatible	0701HXJWH3L	SPAIN-3GB-15D	7.99	0	2026-07-01 13:36:41 CEST		y	4			11				B0FRCDHTZ7						8721438407095			0	DEFAULT	Inactive
Spain eSIM 5GB 30Days	Spain eSIM 5GB 30Days - high speed internet - mobile data 5G compatible	0701HXDY3UF	SPAIN-5GB-30D	8.99	0	2026-07-01 13:40:34 CEST		y	4			11				B0FRBQCLZN						8721438407118			0	DEFAULT	Inactive
Sri Lanka eSIM 20GB 30Days	Sri Lanka eSIM 20GB 30Days - high speed internet - mobile data 5G compatible	0701HXQ4H41	SRI-LANKA-20GB-30D	26.99	0	2026-07-01 13:55:52 CEST		y	4			11				B0FRC2DZN5						8721438407231			0	DEFAULT	Inactive
Sri Lanka eSIM 3GB 15Days	Sri Lanka eSIM 3GB 15Days - high speed internet - mobile data 5G compatible	0701HXDXUBW	SRI-LANKA-3GB-15D	9.99	0	2026-07-01 13:48:21 CEST		y	4			11				B0FRB7Z1NW						8721438407194			0	DEFAULT	Inactive
Sri Lanka eSIM 5GB 30Days	Sri Lanka eSIM 5GB 30Days - high speed internet - mobile data 5G compatible	0701HXSAN39	SRI-LANKA-5GB-30D	11.99	0	2026-07-01 13:52:13 CEST		y	4			11				B0FRB64B8M						8721438407217			0	DEFAULT	Inactive
Sudan eSIM 3GB 15Days	Sudan eSIM 3GB 15Days - high speed internet - mobile data 5G compatible	0701HXQNTXG	SUDAN-3GB-15D	22.99	0	2026-07-01 13:59:57 CEST		y	4			11				B0FRCKTXNQ						8721438407316			0	DEFAULT	Inactive
Sudan eSIM 5GB 30Days	Sudan eSIM 5GB 30Days - high speed internet - mobile data 5G compatible	0701HXT9H64	SUDAN-5GB-30D	29.99	0	2026-07-01 14:03:51 CEST		y	4			11				B0FRC799N3						8721438407323			0	DEFAULT	Inactive
Suriname eSIM 20GB 30Days	Suriname eSIM 20GB 30Days - high speed internet - mobile data 5G compatible	0630HUSBFX9	SURINAME-20GB-30D	73.99	0	2026-06-30 21:44:09 CEST		y	4			11				B0H6MNKY5H						8721438409853			0	DEFAULT	Inactive
Suriname eSIM 3GB 15Days	Suriname eSIM 3GB 15Days - high speed internet - mobile data 5G compatible	0630HURHFP1	SURINAME-3GB-15D	19.99	0	2026-06-30 21:37:46 CEST		y	4			11				B0H6MLWJMY						8721438409839			0	DEFAULT	Inactive
Suriname eSIM 5GB 30Days	Suriname eSIM 5GB 30Days - high speed internet - mobile data 5G compatible	0630HURK7BC	SURINAME-5GB-30D	31.99	0	2026-06-30 21:41:02 CEST		y	4			11				B0H6MNS3N5						8721438409846			0	DEFAULT	Inactive
Saint Vincent and the Grenadines eSIM 20GB 30Days	Saint Vincent and the Grenadines eSIM 20GB 30Days - high speed internet - mobile data 5G compatible	0630HULMI4K	SVG-20GB-30D	125.99	0	2026-06-30 21:04:17 CEST		y	4			11				B0H6MWF5B5						8721438409730			0	DEFAULT	Inactive
El Salvador eSIM 3GB 15Days		0812HPZNJUW	SV_3_15	26.28	0	2026-08-12 15:25:39 CEST		y	1			11				B0FR9LJ7X4						B0FR9LJ7X4			0	DEFAULT	Inactive
Sweden eSIM 20GB 30Days	Sweden eSIM 20GB 30Days - high speed internet - mobile data 5G compatible	0701HXVN5S9	SWEDEN-20GB-30D	14.99	0	2026-07-01 14:15:07 CEST		y	4			11				B0FRB7X5SP						8721438407408			0	DEFAULT	Inactive
Sweden eSIM 3GB 15Days	Sweden eSIM 3GB 15Days - high speed internet - mobile data 5G compatible	0701HXQ9ENO	SWEDEN-3GB-15D	7.99	0	2026-07-01 14:07:33 CEST		y	4			11				B0FRCC6W9S						8721438407361			0	DEFAULT	Inactive
Sweden eSIM 5GB 30Days	Sweden eSIM 5GB 30Days - high speed internet - mobile data 5G compatible	0701HXP06H3	SWEDEN-5GB-30D	8.99	0	2026-07-01 14:11:26 CEST		y	4			11				B0FRCS524D						8721438407385			0	DEFAULT	Inactive
Switzerland eSIM 20GB 30Days	Switzerland eSIM 20GB 30Days - high speed internet - mobile data 5G compatible	0701HXX815C	SWITZERLAND-20GB-30D	14.99	0	2026-07-01 14:28:01 CEST		y	4			11				B0FRB6VY7S						8721438407460			0	DEFAULT	Inactive
Switzerland eSIM 3GB 15Days	Switzerland eSIM 3GB 15Days - high speed internet - mobile data 5G compatible	0701HXTCVB4	SWITZERLAND-3GB-15D	7.99	0	2026-07-01 14:19:41 CEST		y	4			11				B0FRB5LFVC						8721438407422			0	DEFAULT	Inactive
Switzerland eSIM 5GB 30Days	Switzerland eSIM 5GB 30Days - high speed internet - mobile data 5G compatible	0701HXRTV9F	SWITZERLAND-5GB-30D	8.99	0	2026-07-01 14:23:05 CEST		y	4			11				B0FRB7G4VW						8721438407446			0	DEFAULT	Inactive
Tajikistan eSIM 20GB 30Days	Tajikistan eSIM 20GB 30Days - high speed internet - mobile data 5G compatible	0630HURFHZN	TAJIKISTAN-20GB-30D	41.99	0	2026-06-30 21:54:13 CEST		y	4			11				B0H6M85C77						8721438409884			0	DEFAULT	Inactive
Tajikistan eSIM 3GB 15Days	Tajikistan eSIM 3GB 15Days - high speed internet - mobile data 5G compatible	0630HUQ5LKE	TAJIKISTAN-3GB-15D	13.99	0	2026-06-30 21:47:40 CEST		y	4			11				B0H6M7XFN6						8721438409860			0	DEFAULT	Inactive
Tajikistan eSIM 5GB 30Days	Tajikistan eSIM 5GB 30Days - high speed internet - mobile data 5G compatible	0630HUR4L9W	TAJIKISTAN-5GB-30D	15.99	0	2026-06-30 21:51:17 CEST		y	4			11				B0H6MFYMXZ						8721438409877			0	DEFAULT	Inactive
Tanzania eSIM 3GB 15Days	Tanzania eSIM 3GB 15Days - high speed internet - mobile data 5G compatible	0701HXW9CXN	TANZANIA-3GB-15D	15.99	0	2026-07-01 14:31:50 CEST		y	4			11				B0FRC81NPJ						8721438407491			0	DEFAULT	Inactive
Chad eSIM 3GB 15Days		0812HPZB9PH	TD_3_15	22.8	0	2026-08-12 15:27:06 CEST		y	1			11				B0FR9SG4MK						B0FR9SG4MK			0	DEFAULT	Inactive
Chad eSIM 5GB 30Days		0812HQ06YAQ	TD_5_30	32.72	0	2026-08-12 15:26:43 CEST		y	1			11				B0FR9L414C						B0FR9L414C			0	DEFAULT	Inactive
Thailand eSIM 20GB 30Days	Thailand eSIM 20GB 30Days - high speed internet - mobile data 5G compatible	0701HXWJFJA	THAILAND-20GB-30D	14.99	0	2026-07-01 14:42:43 CEST		y	4			11				B0FRCHW3MW						8721438407552			0	DEFAULT	Inactive
Thailand eSIM 3GB 15Days	Thailand eSIM 3GB 15Days - high speed internet - mobile data 5G compatible	0701HXTB7BB	THAILAND-3GB-15D	7.99	0	2026-07-01 14:35:39 CEST		y	4			11				B0FRCDPJSH						8721438407514			0	DEFAULT	Inactive
Thailand eSIM 5GB 30Days	Thailand eSIM 5GB 30Days - high speed internet - mobile data 5G compatible	0701HY38Z2L	THAILAND-5GB-30D	8.99	0	2026-07-01 14:39:50 CEST		y	4			11				B0FR9Q5D1J						8721438407538			0	DEFAULT	Inactive
Thailand eSIM 20GB 30Days		0325HS871GB	TH_20_30	17.67	0	2026-03-25 10:22:24 CET		y	1			11				B0FRCHW3MW						B0FRCHW3MW			0	DEFAULT	Inactive
Thailand eSIM 3GB 15Days		0325HRD3DMJ	TH_3_15	7.21	0	2026-03-25 06:27:27 CET		y	1			11				B0FRCDPJSH						B0FRCDPJSH			0	DEFAULT	Inactive
Thailand eSIM 5GB 30Days		0325HS7HLN6	TH_5_30	4.31	0	2026-03-25 10:03:02 CET		y	1			11				B0FR9Q5D1J						B0FR9Q5D1J			0	DEFAULT	Inactive
Tunesië eSIM 10 GB 30 dagen | Prepaid Travel eSIM | Pay As You Go Digitale SIM | Eenvoudige installatie | Gegevens-simkaart voor toeristen en bedrijven | 3G/4G-snelheden		0325HSK9IH9	TN_10_30	23.37	0	2026-03-25 10:41:48 CET		y	1			11				B0FRB85GLD						B0FRB85GLD			0	DEFAULT	Inactive
Tunesië eSIM 3GB 30 dagen | Prepaid Travel eSIM | Pay As You Go Digitale SIM | Eenvoudige installatie | Gegevens-simkaart voor toeristen en bedrijven | 3G/4G-snelheden		0325HSOJWR9	TN_3_30	11.71	0	2026-03-25 12:01:59 CET		y	1			11				B0FRCKZKVY						B0FRCKZKVY			0	DEFAULT	Inactive
Tunisia eSIM 5GB 30Days		0325HRZJJAT	TN_5_30	18.15	0	2026-03-25 09:39:22 CET		y	1			11				B0FRB7Q96Z						B0FRB7Q96Z			0	DEFAULT	Inactive
Trinidad and Tobago eSIM 20GB 30Days	Trinidad and Tobago eSIM 20GB 30Days - high speed internet - mobile data 5G compatible	0630HUSM0CP	TRINIDAD-AND-TOBAGO-20GB-30D	95.99	0	2026-06-30 22:04:38 CEST		y	4			11				B0H6MF31VP						8721438409914			0	DEFAULT	Inactive
Trinidad and Tobago eSIM 3GB 15Days	Trinidad and Tobago eSIM 3GB 15Days - high speed internet - mobile data 5G compatible	0630HUS9G6P	TRINIDAD-AND-TOBAGO-3GB-15D	22.99	0	2026-06-30 21:57:54 CEST		y	4			11				B0H6MJTHXK						8721438409891			0	DEFAULT	Inactive
Trinidad and Tobago eSIM 5GB 30Days	Trinidad and Tobago eSIM 5GB 30Days - high speed internet - mobile data 5G compatible	0630HUSG2FX	TRINIDAD-AND-TOBAGO-5GB-30D	33.99	0	2026-06-30 22:01:11 CEST		y	4			11				B0H6MJTHY9						8721438409907			0	DEFAULT	Inactive
Turkey eSIM 20GB 30Days		0325HR7X6TJ	TR_20_30	16.52	0	2026-03-25 06:24:44 CET		y	1			11				B0FRCYMWCX						B0FRCYMWCX			0	DEFAULT	Inactive
Turkey eSIM 3GB 15Days		0325HRBY0O5	TR_3_15	6.06	0	2026-03-25 06:22:08 CET		y	1			11				B0FRC2PSHM						B0FRC2PSHM			0	DEFAULT	Inactive
Turkey eSIM 5GB 30Days		0325HR42SRV	TR_5_30	4.31	0	2026-03-25 06:19:49 CET		y	1			11				B0FRCBZ1BB						B0FRCBZ1BB			0	DEFAULT	Inactive
Tunisia eSIM 5GB 30Days	Tunisia eSIM 5GB 30Days - high speed internet - mobile data 5G compatible	0701HXY1J7C	TUNISIA-5GB-30D	10.99	0	2026-07-01 14:46:48 CEST		y	4			11				B0FRB7Q96Z						8721438407644			0	DEFAULT	Inactive
Turkey eSIM 20GB 30Days	Turkey eSIM 20GB 30Days - high speed internet - mobile data 5G compatible	0701HY6CLOO	TURKEY-20GB-30D	17.99	0	2026-07-01 14:59:47 CEST		y	4			11				B0FRCYMWCX						8721438407729			0	DEFAULT	Inactive
Turkey eSIM 3GB 15Days	Turkey eSIM 3GB 15Days - high speed internet - mobile data 5G compatible	0701HXYRIGR	TURKEY-3GB-15D	7.99	0	2026-07-01 14:51:03 CEST		y	4			11				B0FRC2PSHM						8721438407682			0	DEFAULT	Inactive
Turkey eSIM 5GB 30Days	Turkey eSIM 5GB 30Days - high speed internet - mobile data 5G compatible	0701HY6KC8R	TURKEY-5GB-30D	8.99	0	2026-07-01 14:54:54 CEST		y	4			11				B0FRCBZ1BB						8721438407705			0	DEFAULT	Inactive
Turks and Caicos Islands eSIM 20GB 30Days	Turks and Caicos Islands eSIM 20GB 30Days - high speed internet - mobile data 5G compatible	0630HUTFA83	TURKS-AND-CAICOS-ISLANDS-20GB-30D	89.99	0	2026-06-30 22:14:23 CEST		y	4			11				B0H6MLBGX7						8721438409945			0	DEFAULT	Inactive
Turks and Caicos Islands eSIM 3GB 15Days	Turks and Caicos Islands eSIM 3GB 15Days - high speed internet - mobile data 5G compatible	0630HUU71C4	TURKS-AND-CAICOS-ISLANDS-3GB-15D	22.99	0	2026-06-30 22:07:49 CEST		y	4			11				B0H6MNNXGL						8721438409921			0	DEFAULT	Inactive
Turks and Caicos Islands eSIM 5GB 30Days	Turks and Caicos Islands eSIM 5GB 30Days - high speed internet - mobile data 5G compatible	0630HUSB13Z	TURKS-AND-CAICOS-ISLANDS-5GB-30D	28.99	0	2026-06-30 22:11:27 CEST		y	4			11				B0H6MLH1KM						8721438409938			0	DEFAULT	Inactive
Tanzania eSIM 3GB 15Days		0325HR7X7PW	TZ_3_15	25.75	0	2026-03-25 06:27:45 CET		y	1			11				B0FRC81NPJ						B0FRC81NPJ			0	DEFAULT	Inactive
Ukraine eSIM 3GB 15Days		0812HQB4QQ6	UA_3_15	3.15	0	2026-08-12 17:40:55 CEST		y	1			11				B0FRB9SBFR						B0FRB9SBFR			0	DEFAULT	Inactive
Ukraine eSIM 5GB 30Days		0812HQ9RKVK	UA_5_30	4.31	0	2026-08-12 17:39:46 CEST		y	1			11				B0FRC2NRKG						B0FRC2NRKG			0	DEFAULT	Inactive
Uganda eSIM 3GB 15Days	Uganda eSIM 3GB 15Days - high speed internet - mobile data 5G compatible	0701HY62VSY	UGANDA-3GB-15D	17.99	0	2026-07-01 15:02:46 CEST		y	4			11				B0FRB7F7Z9						8721438407798			0	DEFAULT	Inactive
Uganda eSIM 3GB 15Days		0812HQB1BPZ	UG_3_15	22.78	0	2026-08-12 17:40:03 CEST		y	1			11				B0FRB7F7Z9						B0FRB7F7Z9			0	DEFAULT	Inactive
Ukraine eSIM 3GB 15Days	Ukraine eSIM 3GB 15Days - high speed internet - mobile data 5G compatible	0701HY2VU5X	UKRAINE-3GB-15D	7.99	0	2026-07-01 15:06:34 CEST		y	4			11				B0FRB9SBFR						8721438407811			0	DEFAULT	Inactive
Ukraine eSIM 5GB 30Days	Ukraine eSIM 5GB 30Days - high speed internet - mobile data 5G compatible	0701HY37VUA	UKRAINE-5GB-30D	8.99	0	2026-07-01 15:10:25 CEST		y	4			11				B0FRC2NRKG						8721438407835			0	DEFAULT	Inactive
United Arab Emirates eSIM 3GB 15Days	United Arab Emirates eSIM 3GB 15Days - high speed internet - mobile data 5G compatible	0701HY3HJQD	UNITED-ARAB-EMIRATES-3GB-15D	12.99	0	2026-07-01 15:14:57 CEST		y	4			11				B0FRBBYBGH						8721438407873			0	DEFAULT	Inactive
United Kingdom eSIM 3GB 15Days	United Kingdom eSIM 3GB 15Days - high speed internet - mobile data 5G compatible	0701HY0OQ28	UNITED-KINGDOM-3GB-15D	7.99	0	2026-07-01 15:26:07 CEST		y	4			11				B0FRCPD8TS						8721438407989			0	DEFAULT	Inactive
United Kingdom eSIM 5GB 30Days	United Kingdom eSIM 5GB 30Days - high speed internet - mobile data 5G compatible	0707HNEJQ2G	UNITED-KINGDOM-5GB-30D	8.99	0	2026-07-07 13:01:19 CEST		y	4			11				B0FRDDRGJF						8721438408009			0	DEFAULT	Inactive
United States eSIM 3GB 15Days	United States eSIM 3GB 15Days - high speed internet - mobile data 5G compatible	0701HY4A5OG	UNITED-STATES-3GB-15D	8.99	0	2026-07-01 15:37:43 CEST		y	4			11				B0FRCFXK3V						8721438408092			0	DEFAULT	Inactive
United States eSIM 5GB 30Days	United States eSIM 5GB 30Days - high speed internet - mobile data 5G compatible	0707HNIDBPF	UNITED-STATES-5GB-30D	9.99	0	2026-07-07 12:57:58 CEST		y	4			11				B0FRC2PQ8H						8721438408139			0	DEFAULT	Inactive
Uruguay eSIM 3GB 15Days	Uruguay eSIM 3GB 15Days - high speed internet - mobile data 5G compatible	0701HY18X2T	URUGUAY-3GB-15D	16.99	0	2026-07-01 15:45:39 CEST		y	4			11				B0FRB7LHGN						8721438408191			0	DEFAULT	Inactive
Verenigde Staten eSIM 20 GB 90 dagen | Pay As You Go Data SIM | Eenvoudige installatie | USA Travel SIM voor toeristen en bedrijven | 3G/4G-snelheden		0325HS8V7XA	US_20_90	26.26	0	2026-03-25 10:32:21 CET		y	1			11				B0FRB9JP2K						B0FRB9JP2K			0	DEFAULT	Inactive
United States eSIM 3GB 15Days		0325HS5A098	US_3_15	7.21	0	2026-03-25 09:58:57 CET		y	1			11				B0FRCFXK3V						B0FRCFXK3V			0	DEFAULT	Inactive
United States eSIM 5GB 30Days		0325HS96GM9	US_5_30	6.06	0	2026-03-25 10:54:26 CET		y	1			11				B0FRC2PQ8H						B0FRC2PQ8H			0	DEFAULT	Inactive
Uruguay eSIM 3GB 15Days		0812HQAV9TA	UY_3_15	17.62	0	2026-08-12 17:44:47 CEST		y	1			11				B0FRB7LHGN						B0FRB7LHGN			0	DEFAULT	Inactive
Uzbekistan eSIM 5GB 30Days	Uzbekistan eSIM 5GB 30Days - high speed internet - mobile data 5G compatible	0701HY7LL77	UZBEKISTAN-5GB-30D	8.99	0	2026-07-01 15:49:54 CEST		y	4			11				B0FRBWFZ6M						8721438408221			0	DEFAULT	Inactive
Uzbekistan eSIM 5GB 30Days		0812HQHJ7MN	UZ_5_30	8.95	0	2026-08-12 17:45:51 CEST		y	1			11				B0FRBWFZ6M						B0FRBWFZ6M			0	DEFAULT	Inactive
Vatican City eSIM 20GB 30Days	Vatican City eSIM 20GB 30Days - high speed internet - mobile data 5G compatible	0630HUSSMGX	VATICAN-CITY-20GB-30D	14.99	0	2026-06-30 22:24:18 CEST		y	4			11				B0H6MDPLZ9						8721438409976			0	DEFAULT	Inactive
Vatican City eSIM 3GB 15Days	Vatican City eSIM 3GB 15Days - high speed internet - mobile data 5G compatible	0630HUUETDN	VATICAN-CITY-3GB-15D	7.99	0	2026-06-30 22:17:54 CEST		y	4			11				B0H6MBMF8G						8721438409952			0	DEFAULT	Inactive
Vatican City eSIM 5GB 30Days	Vatican City eSIM 5GB 30Days - high speed internet - mobile data 5G compatible	0630HUT7U0M	VATICAN-CITY-5GB-30D	8.99	0	2026-06-30 22:21:01 CEST		y	4			11				B0H6M7YXNP						8721438409969			0	DEFAULT	Inactive
Vietnam eSIM 20GB 30Days	Vietnam eSIM 20GB 30Days - high speed internet - mobile data 5G compatible	0701HYFCE2Y	VIETNAM-20GB-30D	21.99	0	2026-07-01 16:02:28 CEST		y	4			11				B0FRC2NKC4						8721438408283			0	DEFAULT	Inactive
Vietnam eSIM 3GB 15Days	Vietnam eSIM 3GB 15Days - high speed internet - mobile data 5G compatible	0701HY9I0PM	VIETNAM-3GB-15D	8.99	0	2026-07-01 15:54:10 CEST		y	4			11				B0FRBR2DHW						8721438408252			0	DEFAULT	Inactive
Vietnam eSIM 5GB 30Days	Vietnam eSIM 5GB 30Days - high speed internet - mobile data 5G compatible	0701HY9EU7Z	VIETNAM-5GB-30D	9.99	0	2026-07-01 15:58:24 CEST		y	4			11				B0FRCBXRGV						8721438408269			0	DEFAULT	Inactive
Vietnam eSIM 20GB 30Days		0325HR76LN8	VN_20_30	29.81	0	2026-03-25 06:26:10 CET		y	1			11				B0FRC2NKC4						B0FRC2NKC4			0	DEFAULT	Inactive
Vietnam eSIM 3GB 15Days		0328H6AWX2O	VN_3_15	9.53	0	2026-03-28 20:16:23 CET		y	1			11				B0FRBR2DHW						B0FRBR2DHW			0	DEFAULT	Inactive
Vietnam eSIM 5GB 30Days		0328H6CW0MY	VN_5_30	14.18	0	2026-03-28 20:13:02 CET		y	1			11				B0FRCBXRGV						B0FRCBXRGV			0	DEFAULT	Inactive
Zambia eSIM 3GB 15Days	Zambia eSIM 3GB 15Days - high speed internet - mobile data 5G compatible	0701HY7X8LU	ZAMBIA-3GB-15D	16.99	0	2026-07-01 16:06:13 CEST		y	4			11				B0FRC2NSM2						8721438408344			0	DEFAULT	Inactive
Zambia eSIM 5GB 30Days	Zambia eSIM 5GB 30Days - high speed internet - mobile data 5G compatible	0701HYFCEP8	ZAMBIA-5GB-30D	27.99	0	2026-07-01 16:09:37 CEST		y	4			11				B0FRCL97L4						8721438408351			0	DEFAULT	Inactive
Zuid-Afrika eSIM 10 GB 30 dagen | Prepaid Travel eSIM | Pay As You Go Digitale SIM | Eenvoudige installatie | Gegevens-simkaart voor toeristen en bedrijven | 3G/4G-snelheden		0325HS3T7HR	ZA_10_30	31.54	0	2026-03-25 10:00:20 CET		y	1			11				B0FRB4RSW2						B0FRB4RSW2			0	DEFAULT	Inactive
South Africa eSIM 5GB 30Days		0325HSB6LXU	ZA_5_30	17.67	0	2026-03-25 10:29:10 CET		y	1			11				B0FRB3R6F3						B0FRB3R6F3			0	DEFAULT	Inactive
Zambia eSIM 3GB 15Days		0328H67RPVZ	ZM_3_15	23.97	0	2026-03-28 20:02:45 CET		y	1			11				B0FRC2NSM2						B0FRC2NSM2			0	DEFAULT	Inactive
Zambia eSIM 5GB 30Days		0328H6LCMF3	ZM_5_30	33.89	0	2026-03-28 20:57:26 CET		y	1			11				B0FRCL97L4						B0FRCL97L4			0	DEFAULT	Inactive
Aaland Islands eSIM 3GB 15Days	Aaland Islands eSIM 3GB 15Days - high speed internet - mobile data 5G compatible	0630HUYK43D	AALAND-ISLANDS-ESIM		0	2026-06-30 22:37:12 CEST		y	1			11				B0H73GNNYD						B0H73GNNYD			0	DEFAULT	Incomplete
Africa eSIM 5GB 30Days	Africa eSIM 5GB 30Days - high speed internet - mobile data 5G compatible	0630HUV3Y8M	AFRICA-ESIM		0	2026-06-30 22:47:16 CEST		y	1			11				B0H73H3NLF						B0H73H3NLF			0	DEFAULT	Incomplete
Albania eSIM 5GB 30Days	Albania eSIM 5GB 30Days - high speed internet - mobile data 5G compatible	0630HUVW0G4	ALBANIA-ESIM		0	2026-06-30 22:50:57 CEST		y	1			11				B0H73CTWPL						B0H73CTWPL			0	DEFAULT	Incomplete
Algeria eSIM 3GB 15Days	Algeria eSIM 3GB 15Days - high speed internet - mobile data 5G compatible	0630HTCB43G	ALGERIA-ESIM		0	2026-06-30 13:23:53 CEST		y	1			11				B0H71RQJCW						B0H71RQJCW			0	DEFAULT	Incomplete
Andorra eSIM 3GB 15Days	Andorra eSIM 3GB 15Days - high speed internet - mobile data 5G compatible	0630HTCI7ZH	ANDORRA-ESIM		0	2026-06-30 13:35:57 CEST		y	1			11				B0H71YY3G7						B0H71YY3G7			0	DEFAULT	Incomplete
Angola eSIM 3GB 15Days	Angola eSIM 3GB 15Days - high speed internet - mobile data 5G compatible	0630HTR1WWX	ANGOLA-ESIM		0	2026-06-30 13:46:36 CEST		y	1			11				B0H71ZT5KH						B0H71ZT5KH			0	DEFAULT	Incomplete
Anguilla eSIM 3GB 15Days	Anguilla eSIM 3GB 15Days - high speed internet - mobile data 5G compatible	0630HTRBWHU	ANGUILLA-ESIM		0	2026-06-30 14:30:28 CEST		y	1			11				B0H725KNG7						B0H725KNG7			0	DEFAULT	Incomplete
Antigua and Barbuda eSIM 3GB 15Days	Antigua and Barbuda eSIM 3GB 15Days - high speed internet - mobile data 5G compatible	0630HTMOM6B	ANTIGUA-AND-BARBUDA-ESIM		0	2026-06-30 14:32:37 CEST		y	1			11				B0H723ZJ1S						B0H723ZJ1S			0	DEFAULT	Incomplete
Argentina eSIM 20GB 30Days	Argentina eSIM 20GB 30Days - high speed internet - mobile data 5G compatible	0630HUVEFRT	ARGENTINA-ESIM		0	2026-06-30 22:54:49 CEST		y	1			11				B0H73GFSRD						B0H73GFSRD			0	DEFAULT	Incomplete
Armenia eSIM 3GB 15Days	Armenia eSIM 3GB 15Days - high speed internet - mobile data 5G compatible	0630HV28BHH	ARMENIA-ESIM		0	2026-06-30 23:01:36 CEST		y	1			11				B0H73BZMZD						B0H73BZMZD			0	DEFAULT	Incomplete
Asia-20 eSIM 3GB 15Days	Asia-20 eSIM 3GB 15Days - high speed internet - mobile data 5G compatible	0630HV1NMU2	ASIA-20-ESIM		0	2026-06-30 23:08:35 CEST		y	1			11				B0H738N7P8						B0H738N7P8			0	DEFAULT	Incomplete
Australia eSIM 3GB 15Days	Australia eSIM 3GB 15Days - high speed internet - mobile data 5G compatible	0630HV23F6R	AUSTRALIA-ESIM		0	2026-06-30 23:16:30 CEST		y	1			11				B0H73Q9WGZ						B0H73Q9WGZ			0	DEFAULT	Incomplete
Austria eSIM 3GB 15Days	Austria eSIM 3GB 15Days - high speed internet - mobile data 5G compatible	0630HUZR1JD	AUSTRIA-ESIM		0	2026-06-30 23:27:34 CEST		y	1			11				B0H73KDFTM						B0H73KDFTM			0	DEFAULT	Incomplete
Azerbaijan eSIM 3GB 15Days	Azerbaijan eSIM 3GB 15Days - high speed internet - mobile data 5G compatible	0630HV255XU	AZERBAIJAN-ESIM		0	2026-06-30 23:37:31 CEST		y	1			11				B0H7371553						B0H7371553			0	DEFAULT	Incomplete
Bahamas eSIM 3GB 15Days	Bahamas eSIM 3GB 15Days - high speed internet - mobile data 5G compatible	0630HTPP1CU	BAHAMAS-ESIM		0	2026-06-30 14:42:34 CEST		y	1			11				B0H724C284						B0H724C284			0	DEFAULT	Incomplete
Bahrain eSIM 3GB 15Days	Bahrain eSIM 3GB 15Days - high speed internet - mobile data 5G compatible	0630HV221P2	BAHRAIN-ESIM		0	2026-06-30 23:41:23 CEST		y	1			11				B0H737RD6G						B0H737RD6G			0	DEFAULT	Incomplete
Bangladesh eSIM 3GB 15Days	Bangladesh eSIM 3GB 15Days - high speed internet - mobile data 5G compatible	0630HV1YK53	BANGLADESH-ESIM		0	2026-06-30 23:45:16 CEST		y	1			11				B0H7345ZBF						B0H7345ZBF			0	DEFAULT	Incomplete
Barbados eSIM 5GB 30Days	Barbados eSIM 5GB 30Days - high speed internet - mobile data 5G compatible	0630HTJQHRX	BARBADOS-ESIM		0	2026-06-30 14:53:00 CEST		y	1			11				B0H7231RVZ						B0H7231RVZ			0	DEFAULT	Incomplete
Belarus eSIM 3GB 15Days	Belarus eSIM 3GB 15Days - high speed internet - mobile data 5G compatible	0630HV6A719	BELARUS-ESIM		0	2026-06-30 23:54:30 CEST		y	1			11				B0H73J2RRV						B0H73J2RRV			0	DEFAULT	Incomplete
Belgium eSIM 3GB 15Days	Belgium eSIM 3GB 15Days - high speed internet - mobile data 5G compatible	0630HV08CEQ	BELGIUM-ESIM		0	2026-07-01 00:01:29 CEST		y	1			11				B0H737JHPL						B0H737JHPL			0	DEFAULT	Incomplete
Belize eSIM 20GB 30Days	Belize eSIM 20GB 30Days - high speed internet - mobile data 5G compatible	0630HTPSVTZ	BELIZE-ESIM		0	2026-06-30 15:03:18 CEST		y	1			11				B0H7245KMX						B0H7245KMX			0	DEFAULT	Incomplete
Benin eSIM 20GB 30Days	Benin eSIM 20GB 30Days - high speed internet - mobile data 5G compatible	0630HTXW1C5	BENIN-ESIM		0	2026-06-30 15:13:24 CEST		y	1			11				B0H7261Y49						B0H7261Y49			0	DEFAULT	Incomplete
Bermuda eSIM 5GB 30Days	Bermuda eSIM 5GB 30Days - high speed internet - mobile data 5G compatible	0630HTPCWYJ	BERMUDA-ESIM		0	2026-06-30 15:23:25 CEST		y	1			11				B0H72CR5HK						B0H72CR5HK			0	DEFAULT	Incomplete
Bhutan eSIM 20GB 30Days	Bhutan eSIM 20GB 30Days - high speed internet - mobile data 5G compatible	0630HTX431I	BHUTAN-ESIM		0	2026-06-30 15:34:22 CEST		y	1			11				B0H725XGS2						B0H725XGS2			0	DEFAULT	Incomplete
Bolivia eSIM 20GB 30Days	Bolivia eSIM 20GB 30Days - high speed internet - mobile data 5G compatible	0630HV8BVBM	BOLIVIA-ESIM		0	2026-07-01 00:12:43 CEST		y	1			11				B0H73BBZD2						B0H73BBZD2			0	DEFAULT	Incomplete
Bosnia and Herzegovina eSIM 3GB 15Days	Bosnia and Herzegovina eSIM 3GB 15Days - high speed internet - mobile data 5G compatible	0630HV0DXXB	BOSNIA-AND-HERZEGOVINA-ESIM		0	2026-07-01 00:18:50 CEST		y	1			11				B0H73J6TYT						B0H73J6TYT			0	DEFAULT	Incomplete
Botswana eSIM 3GB 15Days	Botswana eSIM 3GB 15Days - high speed internet - mobile data 5G compatible	0630HVB8WPR	BOTSWANA-ESIM		0	2026-07-01 00:22:31 CEST		y	1			11				B0H73CKD32						B0H73CKD32			0	DEFAULT	Incomplete
Brazil eSIM 3GB 15Days	Brazil eSIM 3GB 15Days - high speed internet - mobile data 5G compatible	0630HV35T9J	BRAZIL-ESIM		0	2026-07-01 00:25:51 CEST		y	1			11				B0H7345C4W						B0H7345C4W			0	DEFAULT	Incomplete
Brunei Darussalam eSIM 3GB 15Days	Brunei Darussalam eSIM 3GB 15Days - high speed internet - mobile data 5G compatible	0630HV3DE6K	BRUNEI-DARUSSALAM-ESIM		0	2026-07-01 00:32:09 CEST		y	1			11				B0H73DBP6B						B0H73DBP6B			0	DEFAULT	Incomplete
Bulgaria eSIM 3GB 15Days	Bulgaria eSIM 3GB 15Days - high speed internet - mobile data 5G compatible	0630HTLBMHA	BULGARIA-ESIM		0	2026-06-30 13:12:00 CEST		y	1			11				B0H71X8HYS						B0H71X8HYS			0	DEFAULT	Incomplete
Burkina Faso eSIM 5GB 30Days	Burkina Faso eSIM 5GB 30Days - high speed internet - mobile data 5G compatible	0630HV9J4RB	BURKINA-FASO-ESIM		0	2026-07-01 00:38:05 CEST		y	1			11				B0H73QD4RX						B0H73QD4RX			0	DEFAULT	Incomplete
Cambodia eSIM 3GB 15Days	Cambodia eSIM 3GB 15Days - high speed internet - mobile data 5G compatible	0630HVBC8DQ	CAMBODIA-ESIM		0	2026-07-01 01:21:14 CEST		y	1			11				B0H738NMG2						B0H738NMG2			0	DEFAULT	Incomplete
Cameroon eSIM 3GB 15Days	Cameroon eSIM 3GB 15Days - high speed internet - mobile data 5G compatible	0630HV8TJ9Q	CAMEROON-ESIM		0	2026-07-01 00:44:42 CEST		y	1			11				B0H73PYMDH						B0H73PYMDH			0	DEFAULT	Incomplete
Canada eSIM 3GB 15Days Premium	Canada eSIM 3GB 15Days Premium - high speed internet - mobile data 5G compatible	0630HUTMVTX	CANADA-PREMIUM-ESIM		0	2026-06-30 22:27:37 CEST		y	1			11				B0H737KPN6						B0H737KPN6			0	DEFAULT	Incomplete
Cape Verde eSIM 5GB 30Days	Cape Verde eSIM 5GB 30Days - high speed internet - mobile data 5G compatible	0630HTW9JZP	CAPE-VERDE-ESIM		0	2026-06-30 15:45:11 CEST		y	1			11				B0H7283LF4						B0H7283LF4			0	DEFAULT	Incomplete
Cayman Islands eSIM 5GB 30Days	Cayman Islands eSIM 5GB 30Days - high speed internet - mobile data 5G compatible	0630HTZ8UL1	CAYMAN-ISLANDS-ESIM		0	2026-06-30 15:55:38 CEST		y	1			11				B0H72KGCCX						B0H72KGCCX			0	DEFAULT	Incomplete
Central African Republic eSIM 5GB 30Days	Central African Republic eSIM 5GB 30Days - high speed internet - mobile data 5G compatible	0630HVBCLAI	CENTRAL-AFRICAN-REPUBLIC-ESIM		0	2026-07-01 00:48:43 CEST		y	1			11				B0H73W2JC5						B0H73W2JC5			0	DEFAULT	Incomplete
Chad eSIM 3GB 15Days	Chad eSIM 3GB 15Days - high speed internet - mobile data 5G compatible	0630HV0KSJN	CHAD-ESIM		0	2026-07-01 00:54:59 CEST		y	1			11				B0H73HG37M						B0H73HG37M			0	DEFAULT	Incomplete
Chile eSIM 3GB 15Days	Chile eSIM 3GB 15Days - high speed internet - mobile data 5G compatible	0630HV50IB9	CHILE-ESIM		0	2026-07-01 01:01:47 CEST		y	1			11				B0H7374BP6						B0H7374BP6			0	DEFAULT	Incomplete
China eSIM 3GB 15Days	China eSIM 3GB 15Days - high speed internet - mobile data 5G compatible	0630HV6TBYV	CHINA-ESIM		0	2026-07-01 01:06:01 CEST		y	1			11				B0H73LV5TJ						B0H73LV5TJ			0	DEFAULT	Incomplete
Colombia eSIM 3GB 15Days	Colombia eSIM 3GB 15Days - high speed internet - mobile data 5G compatible	0630HVBO37O	COLOMBIA-ESIM		0	2026-07-01 01:17:23 CEST		y	1			11				B0H73DM5BH						B0H73DM5BH			0	DEFAULT	Incomplete
Costa Rica eSIM 3GB 15Days	Costa Rica eSIM 3GB 15Days - high speed internet - mobile data 5G compatible	0630HV8K9JY	COSTA-RICA-ESIM		0	2026-07-01 01:28:02 CEST		y	1			11				B0H72X1227						B0H72X1227			0	DEFAULT	Incomplete
Cote d'Ivoire eSIM 3GB 15Days	Cote d'Ivoire eSIM 3GB 15Days - high speed internet - mobile data 5G compatible	0630HV66ZZB	COTE-D-IVOIRE-ESIM		0	2026-07-01 01:31:32 CEST		y	1			11				B0H73CQKXP						B0H73CQKXP			0	DEFAULT	Incomplete
Croatia eSIM 3GB 15Days	Croatia eSIM 3GB 15Days - high speed internet - mobile data 5G compatible	0630HV6FFGF	CROATIA-ESIM		0	2026-07-01 01:39:13 CEST		y	1			11				B0H73JLV2T						B0H73JLV2T			0	DEFAULT	Incomplete
Curacao eSIM 3GB 15Days	Curacao eSIM 3GB 15Days - high speed internet - mobile data 5G compatible	0630HTZ0V23	CURACAO-ESIM		0	2026-06-30 16:06:05 CEST		y	1			11				B0H72FKKL5						B0H72FKKL5			0	DEFAULT	Incomplete
Cyprus eSIM 3GB 15Days	Cyprus eSIM 3GB 15Days - high speed internet - mobile data 5G compatible	0630HV72BWV	CYPRUS-ESIM		0	2026-07-01 01:48:05 CEST		y	1			11				B0H73BTQRC						B0H73BTQRC			0	DEFAULT	Incomplete
Czech Republic eSIM 3GB 15Days	Czech Republic eSIM 3GB 15Days - high speed internet - mobile data 5G compatible	0630HV0WY4S	CZECH-REPUBLIC-ESIM		0	2026-07-01 01:55:03 CEST		y	1			11				B0H73D8KBD						B0H73D8KBD			0	DEFAULT	Incomplete
Democratic Republic of the Congo eSIM 5GB 30Days	Democratic Republic of the Congo eSIM 5GB 30Days - high speed internet - mobile data 5G compatible	0630HTYC9OC	DEMOCRATIC-REPUBLIC-OF-THE-CONGO-ESIM		0	2026-06-30 16:16:12 CEST		y	1			11				B0H72CNW7P						B0H72CNW7P			0	DEFAULT	Incomplete
Denmark eSIM 3GB 15Days	Denmark eSIM 3GB 15Days - high speed internet - mobile data 5G compatible	0701HVBJ7RN	DENMARK-ESIM		0	2026-07-01 02:04:47 CEST		y	1			11				B0H73W23WG						B0H73W23WG			0	DEFAULT	Incomplete
Dominica eSIM 5GB 30Days	Dominica eSIM 5GB 30Days - high speed internet - mobile data 5G compatible	0630HU29MYG	DOMINICA-ESIM		0	2026-06-30 16:26:54 CEST		y	1			11				B0H72KCDJM						B0H72KCDJM			0	DEFAULT	Incomplete
Dominican Republic eSIM 3GB 15Days	Dominican Republic eSIM 3GB 15Days - high speed internet - mobile data 5G compatible	0701HV13WBP	DOMINICAN-REPUBLIC-ESIM		0	2026-07-01 02:14:31 CEST		y	1			11				B0H732PZ4S						B0H732PZ4S			0	DEFAULT	Incomplete
Democratic Republic of the Congo eSIM 20GB 30Days	Democratic Republic of the Congo eSIM 20GB 30Days - high speed internet - mobile data 5G compatible	0630HU1P0TF	DR-CONGO-ESIM		0	2026-06-30 16:23:22 CEST		y	1			11				B0H725TCKX						B0H725TCKX			0	DEFAULT	Incomplete
Ecuador eSIM 3GB 15Days	Ecuador eSIM 3GB 15Days - high speed internet - mobile data 5G compatible	0701HV8FC29	ECUADOR-ESIM		0	2026-07-01 02:23:22 CEST		y	1			11				B0H73F13Y3						B0H73F13Y3			0	DEFAULT	Incomplete
Egypt eSIM 5GB 30Days	Egypt eSIM 5GB 30Days - high speed internet - mobile data 5G compatible	0701HVCEBUK	EGYPT-ESIM		0	2026-07-01 02:27:37 CEST		y	1			11				B0H73Q18MW						B0H73Q18MW			0	DEFAULT	Incomplete
El Salvador eSIM 3GB 15Days	El Salvador eSIM 3GB 15Days - high speed internet - mobile data 5G compatible	0701HV15D29	EL-SALVADOR-ESIM		0	2026-07-01 02:37:03 CEST		y	1			11				B0H72VL45F						B0H72VL45F			0	DEFAULT	Incomplete
Estonia eSIM 3GB 15Days	Estonia eSIM 3GB 15Days - high speed internet - mobile data 5G compatible	0701HVG9KV2	ESTONIA-ESIM		0	2026-07-01 02:40:55 CEST		y	1			11				B0H73K4414						B0H73K4414			0	DEFAULT	Incomplete
Europe(40+ areas) eSIM 5GB 30Days	Europe(40+ areas) eSIM 5GB 30Days - high speed internet - mobile data 5G compatible	0701HVCK7MX	EUROPE-40-AREAS-ESIM		0	2026-07-01 02:49:27 CEST		y	1			11				B0H73869YJ						B0H73869YJ			0	DEFAULT	Incomplete
Faroe Islands eSIM 3GB 15Days	Faroe Islands eSIM 3GB 15Days - high speed internet - mobile data 5G compatible	0630HU2WNZY	FAROE-ISLANDS-ESIM		0	2026-06-30 16:36:40 CEST		y	1			11				B0H72DS2KM						B0H72DS2KM			0	DEFAULT	Incomplete
Fiji eSIM 3GB 15Days	Fiji eSIM 3GB 15Days - high speed internet - mobile data 5G compatible	0630HU3L8BB	FIJI-ESIM		0	2026-06-30 16:46:17 CEST		y	1			11				B0H727MK49						B0H727MK49			0	DEFAULT	Incomplete
Finland eSIM 3GB 15Days	Finland eSIM 3GB 15Days - high speed internet - mobile data 5G compatible	0701HVG11ED	FINLAND-ESIM		0	2026-07-01 02:56:05 CEST		y	1			11				B0H73DM7SQ						B0H73DM7SQ			0	DEFAULT	Incomplete
France eSIM 3GB 15Days	France eSIM 3GB 15Days - high speed internet - mobile data 5G compatible	0701HVALJH3	FRANCE-ESIM		0	2026-07-01 03:03:26 CEST		y	1			11				B0H73J1NS6						B0H73J1NS6			0	DEFAULT	Incomplete
French Guiana eSIM 3GB 15Days	French Guiana eSIM 3GB 15Days - high speed internet - mobile data 5G compatible	0630HU9Y5BV	FRENCH-GUIANA-ESIM		0	2026-06-30 16:55:21 CEST		y	1			11				B0H728FJQW						B0H728FJQW			0	DEFAULT	Incomplete
French Polynesia eSIM 20GB 30Days	French Polynesia eSIM 20GB 30Days - high speed internet - mobile data 5G compatible	0630HU9WQA5	FRENCH-POLYNESIA-ESIM		0	2026-06-30 17:04:58 CEST		y	1			11				B0H72MCYFX						B0H72MCYFX			0	DEFAULT	Incomplete
Gabon eSIM 3GB 15Days	Gabon eSIM 3GB 15Days - high speed internet - mobile data 5G compatible	0701HVBGHS6	GABON-ESIM		0	2026-07-01 03:14:18 CEST		y	1			11				B0H73Q6M9P						B0H73Q6M9P			0	DEFAULT	Incomplete
Gambia eSIM 3GB 15Days	Gambia eSIM 3GB 15Days - high speed internet - mobile data 5G compatible	0701HY7M7RA	GAMBIA-ESIM		0	2026-07-01 16:13:38 CEST		y	1			11				B0H7668DQ6						B0H7668DQ6			0	DEFAULT	Incomplete
Georgia eSIM 3GB 15Days	Georgia eSIM 3GB 15Days - high speed internet - mobile data 5G compatible	0701HVEQMIB	GEORGIA-ESIM		0	2026-07-01 03:17:59 CEST		y	1			11				B0H739FZGP						B0H739FZGP			0	DEFAULT	Incomplete
Germany eSIM 3GB 15Days	Germany eSIM 3GB 15Days - high speed internet - mobile data 5G compatible	0701HVD21S8	GERMANY-ESIM		0	2026-07-01 03:25:18 CEST		y	1			11				B0H72WZTL1						B0H72WZTL1			0	DEFAULT	Incomplete
Ghana eSIM 5GB 30Days	Ghana eSIM 5GB 30Days - high speed internet - mobile data 5G compatible	0630HU6Y2SH	GHANA-ESIM		0	2026-06-30 17:15:03 CEST		y	1			11				B0H72FV91W						B0H72FV91W			0	DEFAULT	Incomplete
Gibraltar eSIM 3GB 15Days	Gibraltar eSIM 3GB 15Days - high speed internet - mobile data 5G compatible	0701HVAUZ7C	GIBRALTAR-ESIM		0	2026-07-01 03:36:10 CEST		y	1			11				B0H73JDMQQ						B0H73JDMQQ			0	DEFAULT	Incomplete
Global139 eSIM 5GB 30Days	Global139 eSIM 5GB 30Days - high speed internet - mobile data 5G compatible	0701HVCST6X	GLOBAL139-ESIM		0	2026-07-01 03:40:02 CEST		y	1			11				B0H73SMJ7G						B0H73SMJ7G			0	DEFAULT	Incomplete
Greece eSIM 3GB 15Days	Greece eSIM 3GB 15Days - high speed internet - mobile data 5G compatible	0701HVFC4JR	GREECE-ESIM		0	2026-07-01 03:44:16 CEST		y	1			11				B0H73LZ3KS						B0H73LZ3KS			0	DEFAULT	Incomplete
Greenland eSIM 5GB 30Days	Greenland eSIM 5GB 30Days - high speed internet - mobile data 5G compatible	0630HU43N26	GREENLAND-ESIM		0	2026-06-30 17:24:48 CEST		y	1			11				B0H72KV2ZF						B0H72KV2ZF			0	DEFAULT	Incomplete
Grenada eSIM 3GB 15Days	Grenada eSIM 3GB 15Days - high speed internet - mobile data 5G compatible	0630HUAJ5TK	GRENADA-ESIM		0	2026-06-30 17:34:54 CEST		y	1			11				B0H72F69HF						B0H72F69HF			0	DEFAULT	Incomplete
Guadeloupe eSIM 3GB 15Days	Guadeloupe eSIM 3GB 15Days - high speed internet - mobile data 5G compatible	0701HVB0YRJ	GUADELOUPE-ESIM		0	2026-07-01 03:55:31 CEST		y	1			11				B0H73L14H5						B0H73L14H5			0	DEFAULT	Incomplete
Guam eSIM 3GB 15Days	Guam eSIM 3GB 15Days - high speed internet - mobile data 5G compatible	0701HVGYPTG	GUAM-ESIM		0	2026-07-01 04:01:57 CEST		y	1			11				B0H73SMJZ7						B0H73SMJZ7			0	DEFAULT	Incomplete
Guatemala eSIM 3GB 15Days	Guatemala eSIM 3GB 15Days - high speed internet - mobile data 5G compatible	0701HVE6AS3	GUATEMALA-ESIM		0	2026-07-01 04:12:55 CEST		y	1			11				B0H73P9JTT						B0H73P9JTT			0	DEFAULT	Incomplete
Guernsey eSIM 3GB 15Days	Guernsey eSIM 3GB 15Days - high speed internet - mobile data 5G compatible	0701HVIRZ07	GUERNSEY-ESIM		0	2026-07-01 04:16:40 CEST		y	1			11				B0H73T78TS						B0H73T78TS			0	DEFAULT	Incomplete
Guinea-Bissau eSIM 3GB 15Days	Guinea-Bissau eSIM 3GB 15Days - high speed internet - mobile data 5G compatible	0630HUE6B0Y	GUINEA-BISSAU-ESIM		0	2026-06-30 17:53:51 CEST		y	1			11				B0H72JP1LM						B0H72JP1LM			0	DEFAULT	Incomplete
Guinea eSIM 20GB 30Days	Guinea eSIM 20GB 30Days - high speed internet - mobile data 5G compatible	0630HU7WQEZ	GUINEA-ESIM		0	2026-06-30 17:45:00 CEST		y	1			11				B0H72JNT71						B0H72JNT71			0	DEFAULT	Incomplete
Guyana eSIM 20GB 30Days	Guyana eSIM 20GB 30Days - high speed internet - mobile data 5G compatible	0630HUCNCKO	GUYANA-ESIM		0	2026-06-30 18:04:05 CEST		y	1			11				B0H72HX2BD						B0H72HX2BD			0	DEFAULT	Incomplete
Haiti eSIM 20GB 30Days	Haiti eSIM 20GB 30Days - high speed internet - mobile data 5G compatible	0630HU86SJM	HAITI-ESIM		0	2026-06-30 18:14:11 CEST		y	1			11				B0H732S2ZG						B0H732S2ZG			0	DEFAULT	Incomplete
Hajjj Package Luxury eSIM | Saudi Arabia Travel Data | Travel Guide Included | 3G/4G/5G Speeds	Premium Islamic Hajj eSIM package with 10GB data valid for 30 days. Includes Hajj Luxury Travel Guide and exclusive Saudi Arabian travel guides. Instant QR activation for use across Saudi Arabia.	0630HTQP1CQ	HAJJ-LUXURY-ESIM		0	2026-06-30 13:08:33 CEST		y	1			11				B0H724PXPY						B0H724PXPY			0	DEFAULT	Incomplete
Honduras eSIM 3GB 15Days	Honduras eSIM 3GB 15Days - high speed internet - mobile data 5G compatible	0701HVKJW7Y	HONDURAS-ESIM		0	2026-07-01 04:27:07 CEST		y	1			11				B0H73QX4XB						B0H73QX4XB			0	DEFAULT	Incomplete
Hong Kong eSIM 20GB 30Days	Hong Kong eSIM 20GB 30Days - high speed internet - mobile data 5G compatible	0701HVKWFAV	HONG-KONG-ESIM		0	2026-07-01 04:31:21 CEST		y	1			11				B0H73TYH82						B0H73TYH82			0	DEFAULT	Incomplete
Hungary eSIM 3GB 15Days	Hungary eSIM 3GB 15Days - high speed internet - mobile data 5G compatible	0701HVKUZ6A	HUNGARY-ESIM		0	2026-07-01 04:41:40 CEST		y	1			11				B0H73LP8J6						B0H73LP8J6			0	DEFAULT	Incomplete
Iceland eSIM 3GB 15Days	Iceland eSIM 3GB 15Days - high speed internet - mobile data 5G compatible	0701HVNYNLB	ICELAND-ESIM		0	2026-07-01 04:51:43 CEST		y	1			11				B0H741BXKD						B0H741BXKD			0	DEFAULT	Incomplete
India eSIM 3GB 15Days	India eSIM 3GB 15Days - high speed internet - mobile data 5G compatible	0701HVXULML	INDIA-ESIM		0	2026-07-01 05:02:20 CEST		y	1			11				B0H73K26CF						B0H73K26CF			0	DEFAULT	Incomplete
Indonesia eSIM 3GB 15Days	Indonesia eSIM 3GB 15Days - high speed internet - mobile data 5G compatible	0701HVR7Y24	INDONESIA-ESIM		0	2026-07-01 05:13:59 CEST		y	1			11				B0H744LT5K						B0H744LT5K			0	DEFAULT	Incomplete
Iraq eSIM 5GB 30Days	Iraq eSIM 5GB 30Days - high speed internet - mobile data 5G compatible	0630HU4Z04V	IRAQ-ESIM		0	2026-06-30 18:23:57 CEST		y	1			11				B0H72J4PHJ						B0H72J4PHJ			0	DEFAULT	Incomplete
Ireland eSIM 3GB 15Days	Ireland eSIM 3GB 15Days - high speed internet - mobile data 5G compatible	0701HVXLTDR	IRELAND-ESIM		0	2026-07-01 05:25:37 CEST		y	1			11				B0H73XMJX4						B0H73XMJX4			0	DEFAULT	Incomplete
Isle of Man eSIM 3GB 15Days	Isle of Man eSIM 3GB 15Days - high speed internet - mobile data 5G compatible	0701HVY79C7	ISLE-OF-MAN-ESIM		0	2026-07-01 05:37:05 CEST		y	1			11				B0H741DY23						B0H741DY23			0	DEFAULT	Incomplete
Israel eSIM 3GB 15Days	Israel eSIM 3GB 15Days - high speed internet - mobile data 5G compatible	0701HW4JXD9	ISRAEL-ESIM		0	2026-07-01 05:48:02 CEST		y	1			11				B0H73VQM9N						B0H73VQM9N			0	DEFAULT	Incomplete
Italy eSIM 3GB 15Days	Italy eSIM 3GB 15Days - high speed internet - mobile data 5G compatible	0701HW1NCIJ	ITALY-ESIM		0	2026-07-01 05:58:40 CEST		y	1			11				B0H743GL82						B0H743GL82			0	DEFAULT	Incomplete
Jamaica eSIM 20GB 30Days	Jamaica eSIM 20GB 30Days - high speed internet - mobile data 5G compatible	0630HUH1GXY	JAMAICA-ESIM		0	2026-06-30 18:33:19 CEST		y	1			11				B0H728T1P8						B0H728T1P8			0	DEFAULT	Incomplete
Japan eSIM 3GB 15Days	Japan eSIM 3GB 15Days - high speed internet - mobile data 5G compatible	0701HVVSQLX	JAPAN-ESIM		0	2026-07-01 06:10:20 CEST		y	1			11				B0H743L5PB						B0H743L5PB			0	DEFAULT	Incomplete
Jersey eSIM 3GB 15Days	Jersey eSIM 3GB 15Days - high speed internet - mobile data 5G compatible	0701HVPYO3G	JERSEY-ESIM		0	2026-07-01 06:21:35 CEST		y	1			11				B0H74J2K1K						B0H74J2K1K			0	DEFAULT	Incomplete
Jordan eSIM 3GB 15Days	Jordan eSIM 3GB 15Days - high speed internet - mobile data 5G compatible	0701HVZ1LNK	JORDAN-ESIM		0	2026-07-01 06:32:13 CEST		y	1			11				B0H74BB5CB						B0H74BB5CB			0	DEFAULT	Incomplete
Kazakhstan eSIM 3GB 15Days	Kazakhstan eSIM 3GB 15Days - high speed internet - mobile data 5G compatible	0701HVQ87GJ	KAZAKHSTAN-ESIM		0	2026-07-01 06:42:29 CEST		y	1			11				B0H74C2V9F						B0H74C2V9F			0	DEFAULT	Incomplete
Kenya eSIM 5GB 30Days	Kenya eSIM 5GB 30Days - high speed internet - mobile data 5G compatible	0701HW3FLHZ	KENYA-ESIM		0	2026-07-01 06:52:56 CEST		y	1			11				B0H74BB912						B0H74BB912			0	DEFAULT	Incomplete
Kuwait eSIM 3GB 15Days	Kuwait eSIM 3GB 15Days - high speed internet - mobile data 5G compatible	0701HW3IYOM	KUWAIT-ESIM		0	2026-07-01 07:00:18 CEST		y	1			11				B0H7462LRX						B0H7462LRX			0	DEFAULT	Incomplete
Kyrgyzstan eSIM 3GB 15Days	Kyrgyzstan eSIM 3GB 15Days - high speed internet - mobile data 5G compatible	0701HVWET5T	KYRGYZSTAN-ESIM		0	2026-07-01 07:10:22 CEST		y	1			11				B0H74HMPKM						B0H74HMPKM			0	DEFAULT	Incomplete
Laos eSIM 3GB 15Days	Laos eSIM 3GB 15Days - high speed internet - mobile data 5G compatible	0630HUEM814	LAOS-ESIM		0	2026-06-30 18:42:42 CEST		y	1			11				B0H72DD9WK						B0H72DD9WK			0	DEFAULT	Incomplete
Latvia eSIM 3GB 15Days	Latvia eSIM 3GB 15Days - high speed internet - mobile data 5G compatible	0701HW4BTXV	LATVIA-ESIM		0	2026-07-01 07:17:24 CEST		y	1			11				B0H74B99DY						B0H74B99DY			0	DEFAULT	Incomplete
Liberia eSIM 3GB 15Days	Liberia eSIM 3GB 15Days - high speed internet - mobile data 5G compatible	0701HVTRCZG	LIBERIA-ESIM		0	2026-07-01 07:26:48 CEST		y	1			11				B0H74NVWDM						B0H74NVWDM			0	DEFAULT	Incomplete
Libya eSIM 3GB 15Days	Libya eSIM 3GB 15Days - high speed internet - mobile data 5G compatible	0630HU8K4CH	LIBYA-ESIM		0	2026-06-30 18:51:37 CEST		y	1			11				B0H72J24BJ						B0H72J24BJ			0	DEFAULT	Incomplete
Liechtenstein eSIM 3GB 15Days	Liechtenstein eSIM 3GB 15Days - high speed internet - mobile data 5G compatible	0701HW22MV0	LIECHTENSTEIN-ESIM		0	2026-07-01 07:33:47 CEST		y	1			11				B0H74L8H8K						B0H74L8H8K			0	DEFAULT	Incomplete
Lithuania eSIM 3GB 15Days	Lithuania eSIM 3GB 15Days - high speed internet - mobile data 5G compatible	0701HW6PJFW	LITHUANIA-ESIM		0	2026-07-01 07:37:49 CEST		y	1			11				B0H74P1TS8						B0H74P1TS8			0	DEFAULT	Incomplete
Luxembourg eSIM 3GB 15Days	Luxembourg eSIM 3GB 15Days - high speed internet - mobile data 5G compatible	0701HVWVBXU	LUXEMBOURG-ESIM		0	2026-07-01 07:48:37 CEST		y	1			11				B0H74P6WRH						B0H74P6WRH			0	DEFAULT	Incomplete
Macao eSIM 3GB 15Days	Macao eSIM 3GB 15Days - high speed internet - mobile data 5G compatible	0701HW42B77	MACAO-ESIM		0	2026-07-01 07:58:22 CEST		y	1			11				B0H74MNG5D						B0H74MNG5D			0	DEFAULT	Incomplete
Madagascar eSIM 3GB 15Days	Madagascar eSIM 3GB 15Days - high speed internet - mobile data 5G compatible	0701HW9DKRC	MADAGASCAR-ESIM		0	2026-07-01 08:08:17 CEST		y	1			11				B0H74P3HFT						B0H74P3HFT			0	DEFAULT	Incomplete
Malawi eSIM 3GB 15Days	Malawi eSIM 3GB 15Days - high speed internet - mobile data 5G compatible	0701HWAWPLF	MALAWI-ESIM		0	2026-07-01 08:11:38 CEST		y	1			11				B0H74P7V4Y						B0H74P7V4Y			0	DEFAULT	Incomplete
Malaysia eSIM 3GB 15Days	Malaysia eSIM 3GB 15Days - high speed internet - mobile data 5G compatible	0701HW9FBAK	MALAYSIA-ESIM		0	2026-07-01 08:19:09 CEST		y	1			11				B0H74SPWMD						B0H74SPWMD			0	DEFAULT	Incomplete
Maldives eSIM 20GB 30Days	Maldives eSIM 20GB 30Days - high speed internet - mobile data 5G compatible	0630HUMRK02	MALDIVES-ESIM		0	2026-06-30 19:01:00 CEST		y	1			11				B0H72LSN68						B0H72LSN68			0	DEFAULT	Incomplete
Mali eSIM 3GB 15Days	Mali eSIM 3GB 15Days - high speed internet - mobile data 5G compatible	0701HWCJSIK	MALI-ESIM		0	2026-07-01 08:30:24 CEST		y	1			11				B0H74VP637						B0H74VP637			0	DEFAULT	Incomplete
Malta eSIM 3GB 15Days	Malta eSIM 3GB 15Days - high speed internet - mobile data 5G compatible	0701HWCE9UV	MALTA-ESIM		0	2026-07-01 08:34:36 CEST		y	1			11				B0H74TMQ9G						B0H74TMQ9G			0	DEFAULT	Incomplete
Martinique eSIM 3GB 15Days	Martinique eSIM 3GB 15Days - high speed internet - mobile data 5G compatible	0630HUHUWGV	MARTINIQUE-ESIM		0	2026-06-30 19:10:54 CEST		y	1			11				B0H72NPGPT						B0H72NPGPT			0	DEFAULT	Incomplete
Mauritius eSIM 3GB 15Days	Mauritius eSIM 3GB 15Days - high speed internet - mobile data 5G compatible	0701HY87JRQ	MAURITIUS-ESIM		0	2026-07-01 16:21:33 CEST		y	1			11				B0H7699Q7Y						B0H7699Q7Y			0	DEFAULT	Incomplete
Mayotte eSIM 3GB 15Days	Mayotte eSIM 3GB 15Days - high speed internet - mobile data 5G compatible	0630HUJPTAQ	MAYOTTE-ESIM		0	2026-06-30 19:19:58 CEST		y	1			11				B0H72KJZBM						B0H72KJZBM			0	DEFAULT	Incomplete
Mexico eSIM 3GB 15Days	Mexico eSIM 3GB 15Days - high speed internet - mobile data 5G compatible	0701HWDKARB	MEXICO-ESIM		0	2026-07-01 08:45:24 CEST		y	1			11				B0H74S56Q7						B0H74S56Q7			0	DEFAULT	Incomplete
Middle East eSIM 5GB 30Days	Middle East eSIM 5GB 30Days - high speed internet - mobile data 5G compatible	0701HWFTMGE	MIDDLE-EAST-ESIM		0	2026-07-01 08:56:00 CEST		y	1			11				B0H74VVB1Q						B0H74VVB1Q			0	DEFAULT	Incomplete
Moldova eSIM 3GB 15Days	Moldova eSIM 3GB 15Days - high speed internet - mobile data 5G compatible	0701HWIXS3Y	MOLDOVA-ESIM		0	2026-07-01 08:59:52 CEST		y	1			11				B0H74T474K						B0H74T474K			0	DEFAULT	Incomplete
Monaco eSIM 3GB 15Days	Monaco eSIM 3GB 15Days - high speed internet - mobile data 5G compatible	0701HWJ6OAL	MONACO-ESIM		0	2026-07-01 09:03:54 CEST		y	1			11				B0H74PKV9J						B0H74PKV9J			0	DEFAULT	Incomplete
Mongolia eSIM 3GB 15Days	Mongolia eSIM 3GB 15Days - high speed internet - mobile data 5G compatible	0701HWM7Q9K	MONGOLIA-ESIM		0	2026-07-01 09:11:12 CEST		y	1			11				B0H74RMT3B						B0H74RMT3B			0	DEFAULT	Incomplete
Montenegro eSIM 3GB 15Days	Montenegro eSIM 3GB 15Days - high speed internet - mobile data 5G compatible	0701HWGKONK	MONTENEGRO-ESIM		0	2026-07-01 09:15:04 CEST		y	1			11				B0H74W16NN						B0H74W16NN			0	DEFAULT	Incomplete
Montserrat eSIM 3GB 15Days	Montserrat eSIM 3GB 15Days - high speed internet - mobile data 5G compatible	0630HUO7G8O	MONTSERRAT-ESIM		0	2026-06-30 19:30:04 CEST		y	1			11				B0H72Y7BHQ						B0H72Y7BHQ			0	DEFAULT	Incomplete
Morocco eSIM 5GB 30Days	Morocco eSIM 5GB 30Days - high speed internet - mobile data 5G compatible	0701HWMYWXK	MOROCCO-ESIM		0	2026-07-01 09:19:07 CEST		y	1			11				B0H74SKR1S						B0H74SKR1S			0	DEFAULT	Incomplete
Mozambique eSIM 3GB 15Days	Mozambique eSIM 3GB 15Days - high speed internet - mobile data 5G compatible	0701HWJTLDG	MOZAMBIQUE-ESIM		0	2026-07-01 09:30:43 CEST		y	1			11				B0H754YJD1						B0H754YJD1			0	DEFAULT	Incomplete
Nepal eSIM 3GB 15Days	Nepal eSIM 3GB 15Days - high speed internet - mobile data 5G compatible	0701HWVPHZF	NEPAL-ESIM		0	2026-07-01 09:38:13 CEST		y	1			11				B0H74Y2BB5						B0H74Y2BB5			0	DEFAULT	Incomplete
Netherlands eSIM 3GB 15Days	Netherlands eSIM 3GB 15Days - high speed internet - mobile data 5G compatible	0701HWH9W0I	NETHERLANDS-ESIM		0	2026-07-01 09:42:26 CEST		y	1			11				B0H74Y3THL						B0H74Y3THL			0	DEFAULT	Incomplete
New Zealand eSIM 3GB 15Days	New Zealand eSIM 3GB 15Days - high speed internet - mobile data 5G compatible	0701HWW2RPM	NEW-ZEALAND-ESIM		0	2026-07-01 09:53:39 CEST		y	1			11				B0H752M1Y8						B0H752M1Y8			0	DEFAULT	Incomplete
Nicaragua eSIM 3GB 15Days	Nicaragua eSIM 3GB 15Days - high speed internet - mobile data 5G compatible	0701HWKTERN	NICARAGUA-ESIM		0	2026-07-01 10:03:45 CEST		y	1			11				B0H74W9WW2						B0H74W9WW2			0	DEFAULT	Incomplete
Niger eSIM 3GB 15Days	Niger eSIM 3GB 15Days - high speed internet - mobile data 5G compatible	0701HWPTJYO	NIGER-ESIM		0	2026-07-01 10:07:58 CEST		y	1			11				B0H751J534						B0H751J534			0	DEFAULT	Incomplete
Nigeria eSIM 3GB 15Days	Nigeria eSIM 3GB 15Days - high speed internet - mobile data 5G compatible	0701HWWTLD9	NIGERIA-ESIM		0	2026-07-01 10:12:13 CEST		y	1			11				B0H74XXT26						B0H74XXT26			0	DEFAULT	Incomplete
North America eSIM 5GB 30Days	North America eSIM 5GB 30Days - high speed internet - mobile data 5G compatible	0701HWYY6ZX	NORTH-AMERICA-ESIM		0	2026-07-01 10:16:27 CEST		y	1			11				B0H753CVHR						B0H753CVHR			0	DEFAULT	Incomplete
North Macedonia eSIM 3GB 15Days	North Macedonia eSIM 3GB 15Days - high speed internet - mobile data 5G compatible	0701HWW5HD1	NORTH-MACEDONIA-ESIM		0	2026-07-01 10:20:42 CEST		y	1			11				B0H756Y1J8						B0H756Y1J8			0	DEFAULT	Incomplete
Norway eSIM 3GB 15Days	Norway eSIM 3GB 15Days - high speed internet - mobile data 5G compatible	0701HWX6UWO	NORWAY-ESIM		0	2026-07-01 10:28:37 CEST		y	1			11				B0H7573FS6						B0H7573FS6			0	DEFAULT	Incomplete
Oman eSIM 3GB 15Days	Oman eSIM 3GB 15Days - high speed internet - mobile data 5G compatible	0701HX2G4W6	OMAN-ESIM		0	2026-07-01 10:40:09 CEST		y	1			11				B0H756CQ23						B0H756CQ23			0	DEFAULT	Incomplete
Pakistan eSIM 3GB 15Days	Pakistan eSIM 3GB 15Days - high speed internet - mobile data 5G compatible	0701HWRWBLL	PAKISTAN-ESIM		0	2026-07-01 10:48:04 CEST		y	1			11				B0H74XYS4K						B0H74XYS4K			0	DEFAULT	Incomplete
Panama eSIM 3GB 15Days	Panama eSIM 3GB 15Days - high speed internet - mobile data 5G compatible	0701HX17FX3	PANAMA-ESIM		0	2026-07-01 10:59:38 CEST		y	1			11				B0H758X7NT						B0H758X7NT			0	DEFAULT	Incomplete
Paraguay eSIM 3GB 15Days	Paraguay eSIM 3GB 15Days - high speed internet - mobile data 5G compatible	0701HX3U96W	PARAGUAY-ESIM		0	2026-07-01 11:03:53 CEST		y	1			11				B0H758BFYY						B0H758BFYY			0	DEFAULT	Incomplete
Peru eSIM 3GB 15Days	Peru eSIM 3GB 15Days - high speed internet - mobile data 5G compatible	0630HTO0I5P	PERU-ESIM		0	2026-06-30 13:16:12 CEST		y	1			11				B0H71ZL3J5						B0H71ZL3J5			0	DEFAULT	Incomplete
Philippines eSIM 5GB 30Days	Philippines eSIM 5GB 30Days - high speed internet - mobile data 5G compatible	0701HX383N6	PHILIPPINES-ESIM		0	2026-07-01 11:08:09 CEST		y	1			11				B0H75852FK						B0H75852FK			0	DEFAULT	Incomplete
Poland eSIM 3GB 15Days	Poland eSIM 3GB 15Days - high speed internet - mobile data 5G compatible	0701HX422ZN	POLAND-ESIM		0	2026-07-01 11:19:46 CEST		y	1			11				B0H7565FV6						B0H7565FV6			0	DEFAULT	Incomplete
Portugal eSIM 3GB 15Days	Portugal eSIM 3GB 15Days - high speed internet - mobile data 5G compatible	0701HX6XZSQ	PORTUGAL-ESIM		0	2026-07-01 11:31:23 CEST		y	1			11				B0H75GBS9V						B0H75GBS9V			0	DEFAULT	Incomplete
Puerto Rico eSIM 3GB 15Days	Puerto Rico eSIM 3GB 15Days - high speed internet - mobile data 5G compatible	0701HX7476R	PUERTO-RICO-ESIM		0	2026-07-01 11:42:59 CEST		y	1			11				B0H75L2F18						B0H75L2F18			0	DEFAULT	Incomplete
Qatar eSIM 5GB 30Days	Qatar eSIM 5GB 30Days - high speed internet - mobile data 5G compatible	0701HXEFCNL	QATAR-ESIM		0	2026-07-01 11:51:23 CEST		y	1			11				B0H75MZ7LY						B0H75MZ7LY			0	DEFAULT	Incomplete
Republic of the Congo eSIM 20GB 30Days	Republic of the Congo eSIM 20GB 30Days - high speed internet - mobile data 5G compatible	0630HUF5MN7	REPUBLIC-OF-THE-CONGO-ESIM		0	2026-06-30 19:40:01 CEST		y	1			11				B0H72LJ89V						B0H72LJ89V			0	DEFAULT	Incomplete
Reunion eSIM 3GB 15Days	Reunion eSIM 3GB 15Days - high speed internet - mobile data 5G compatible	0701HXC18WS	REUNION-ESIM		0	2026-07-01 12:02:31 CEST		y	1			11				B0H75JBWTV						B0H75JBWTV			0	DEFAULT	Incomplete
Romania eSIM 3GB 15Days	Romania eSIM 3GB 15Days - high speed internet - mobile data 5G compatible	0630HU63R4D	ROMANIA-ESIM		0	2026-06-30 19:49:47 CEST		y	1			11				B0H72K1B85						B0H72K1B85			0	DEFAULT	Incomplete
Russia eSIM 5GB 30Days	Russia eSIM 5GB 30Days - high speed internet - mobile data 5G compatible	0630HUKIDFB	RUSSIA-ESIM		0	2026-06-30 19:59:13 CEST		y	1			11				B0H72KYPN6						B0H72KYPN6			0	DEFAULT	Incomplete
Rwanda eSIM 3GB 15Days	Rwanda eSIM 3GB 15Days - high speed internet - mobile data 5G compatible	0630HULAIRE	RWANDA-ESIM		0	2026-06-30 20:09:20 CEST		y	1			11				B0H733Z28P						B0H733Z28P			0	DEFAULT	Incomplete
Saint Barthelemy eSIM 3GB 15Days	Saint Barthelemy eSIM 3GB 15Days - high speed internet - mobile data 5G compatible	0630HULX8Z6	SAINT-BARTHELEMY-ESIM		0	2026-06-30 20:19:07 CEST		y	1			11				B0H735CKBD						B0H735CKBD			0	DEFAULT	Incomplete
Saint Kitts and Nevis eSIM 3GB 15Days	Saint Kitts and Nevis eSIM 3GB 15Days - high speed internet - mobile data 5G compatible	0630HUJOBSQ	SAINT-KITTS-AND-NEVIS-ESIM		0	2026-06-30 20:28:53 CEST		y	1			11				B0H732JN4X						B0H732JN4X			0	DEFAULT	Incomplete
Saint Lucia eSIM 3GB 15Days	Saint Lucia eSIM 3GB 15Days - high speed internet - mobile data 5G compatible	0630HUNIW87	SAINT-LUCIA-ESIM		0	2026-06-30 20:38:06 CEST		y	1			11				B0H735HRWJ						B0H735HRWJ			0	DEFAULT	Incomplete
Saint Martin eSIM 3GB 15Days	Saint Martin eSIM 3GB 15Days - high speed internet - mobile data 5G compatible	0630HUQ46E5	SAINT-MARTIN-ESIM		0	2026-06-30 20:47:19 CEST		y	1			11				B0H739NQ28						B0H739NQ28			0	DEFAULT	Incomplete
Saint Vincent and the Grenadines eSIM 3GB 15Days	Saint Vincent and the Grenadines eSIM 3GB 15Days - high speed internet - mobile data 5G compatible	0630HULLXBL	SAINT-VINCENT-AND-THE-GRENADINES-ESIM		0	2026-06-30 20:57:26 CEST		y	1			11				B0H73HN5Q7						B0H73HN5Q7			0	DEFAULT	Incomplete
Samoa eSIM 3GB 15Days	Samoa eSIM 3GB 15Days - high speed internet - mobile data 5G compatible	0630HUOWGDR	SAMOA-ESIM		0	2026-06-30 21:08:16 CEST		y	1			11				B0H73GRFNW						B0H73GRFNW			0	DEFAULT	Incomplete
San Marino eSIM 3GB 15Days	San Marino eSIM 3GB 15Days - high speed internet - mobile data 5G compatible	0630HUL36IT	SAN-MARINO-ESIM		0	2026-06-30 21:17:51 CEST		y	1			11				B0H73M97VP						B0H73M97VP			0	DEFAULT	Incomplete
Saudi Arabia eSIM 3GB 15Days	Saudi Arabia eSIM 3GB 15Days - high speed internet - mobile data 5G compatible	0701HXBZZR1	SAUDI-ARABIA-ESIM		0	2026-07-01 12:10:26 CEST		y	1			11				B0H75PCK1B						B0H75PCK1B			0	DEFAULT	Incomplete
Senegal eSIM 3GB 15Days	Senegal eSIM 3GB 15Days - high speed internet - mobile data 5G compatible	0701HXLS8SX	SENEGAL-ESIM		0	2026-07-01 12:22:05 CEST		y	1			11				B0H75LYWHJ						B0H75LYWHJ			0	DEFAULT	Incomplete
Serbia eSIM 3GB 15Days	Serbia eSIM 3GB 15Days - high speed internet - mobile data 5G compatible	0701HXCLAUX	SERBIA-ESIM		0	2026-07-01 12:29:52 CEST		y	1			11				B0H75N6RFT						B0H75N6RFT			0	DEFAULT	Incomplete
Seychelles eSIM 3GB 15Days	Seychelles eSIM 3GB 15Days - high speed internet - mobile data 5G compatible	0701HXI22Z3	SEYCHELLES-ESIM		0	2026-07-01 12:37:50 CEST		y	1			11				B0H75NDFHN						B0H75NDFHN			0	DEFAULT	Incomplete
Sierra Leone eSIM 5GB 30Days	Sierra Leone eSIM 5GB 30Days - high speed internet - mobile data 5G compatible	0630HUNPNFM	SIERRA-LEONE-ESIM		0	2026-06-30 21:28:08 CEST		y	1			11				B0H73JC3YH						B0H73JC3YH			0	DEFAULT	Incomplete
Singapore eSIM 5GB 30Days	Singapore eSIM 5GB 30Days - high speed internet - mobile data 5G compatible	0701HXH8A0W	SINGAPORE-ESIM		0	2026-07-01 12:45:47 CEST		y	1			11				B0H75SN8D1						B0H75SN8D1			0	DEFAULT	Incomplete
Slovakia eSIM 3GB 15Days	Slovakia eSIM 3GB 15Days - high speed internet - mobile data 5G compatible	0701HXOTY93	SLOVAKIA-ESIM		0	2026-07-01 12:53:32 CEST		y	1			11				B0H75RDLZF						B0H75RDLZF			0	DEFAULT	Incomplete
Slovenia eSIM 3GB 15Days	Slovenia eSIM 3GB 15Days - high speed internet - mobile data 5G compatible	0701HXP6LB2	SLOVENIA-ESIM		0	2026-07-01 13:04:51 CEST		y	1			11				B0H75QZCZ5						B0H75QZCZ5			0	DEFAULT	Incomplete
South Africa eSIM 5GB 30Days	South Africa eSIM 5GB 30Days - high speed internet - mobile data 5G compatible	0701HXAUB7L	SOUTH-AFRICA-ESIM		0	2026-07-01 13:16:28 CEST		y	1			11				B0H75KJ4NR						B0H75KJ4NR			0	DEFAULT	Incomplete
South America eSIM 5GB 30Days	South America eSIM 5GB 30Days - high speed internet - mobile data 5G compatible	0701HXASVLA	SOUTH-AMERICA-ESIM		0	2026-07-01 13:20:43 CEST		y	1			11				B0H75QK158						B0H75QK158			0	DEFAULT	Incomplete
South Korea eSIM 5GB 30Days	South Korea eSIM 5GB 30Days - high speed internet - mobile data 5G compatible	0701HXRE57L	SOUTH-KOREA-ESIM		0	2026-07-01 13:24:59 CEST		y	1			11				B0H75NLWZD						B0H75NLWZD			0	DEFAULT	Incomplete
Spain eSIM 3GB 15Days	Spain eSIM 3GB 15Days - high speed internet - mobile data 5G compatible	0701HXL3A7Q	SPAIN-ESIM		0	2026-07-01 13:36:37 CEST		y	1			11				B0H75QMXZF						B0H75QMXZF			0	DEFAULT	Incomplete
Sri Lanka eSIM 3GB 15Days	Sri Lanka eSIM 3GB 15Days - high speed internet - mobile data 5G compatible	0701HXOJTPR	SRI-LANKA-ESIM		0	2026-07-01 13:48:17 CEST		y	1			11				B0H75RT1GM						B0H75RT1GM			0	DEFAULT	Incomplete
Sudan eSIM 3GB 15Days	Sudan eSIM 3GB 15Days - high speed internet - mobile data 5G compatible	0701HXSPFIV	SUDAN-ESIM		0	2026-07-01 13:59:53 CEST		y	1			11				B0H75YQ36S						B0H75YQ36S			0	DEFAULT	Incomplete
Suriname eSIM 5GB 30Days	Suriname eSIM 5GB 30Days - high speed internet - mobile data 5G compatible	0630HUR9WGC	SURINAME-ESIM		0	2026-06-30 21:37:43 CEST		y	1			11				B0H73FQT28						B0H73FQT28			0	DEFAULT	Incomplete
Saint Vincent and the Grenadines eSIM 20GB 30Days	Saint Vincent and the Grenadines eSIM 20GB 30Days - high speed internet - mobile data 5G compatible	0630HUQNIUB	SVG-ESIM		0	2026-06-30 21:04:14 CEST		y	1			11				B0H73M6393						B0H73M6393			0	DEFAULT	Incomplete
Sweden eSIM 3GB 15Days	Sweden eSIM 3GB 15Days - high speed internet - mobile data 5G compatible	0701HXSYAOA	SWEDEN-ESIM		0	2026-07-01 14:07:29 CEST		y	1			11				B0H75Y54M6						B0H75Y54M6			0	DEFAULT	Incomplete
Switzerland eSIM 3GB 15Days	Switzerland eSIM 3GB 15Days - high speed internet - mobile data 5G compatible	0701HXUJMF1	SWITZERLAND-ESIM		0	2026-07-01 14:19:09 CEST		y	1			11				B0H75V3NJY						B0H75V3NJY			0	DEFAULT	Incomplete
Tajikistan eSIM 3GB 15Days	Tajikistan eSIM 3GB 15Days - high speed internet - mobile data 5G compatible	0630HUOLTYP	TAJIKISTAN-ESIM		0	2026-06-30 21:47:36 CEST		y	1			11				B0H72VJ2PC						B0H72VJ2PC			0	DEFAULT	Incomplete
Tanzania eSIM 3GB 15Days	Tanzania eSIM 3GB 15Days - high speed internet - mobile data 5G compatible	0701HXXVYT7	TANZANIA-ESIM		0	2026-07-01 14:30:51 CEST		y	1			11				B0H75WH5W3						B0H75WH5W3			0	DEFAULT	Incomplete
Thailand eSIM 3GB 15Days	Thailand eSIM 3GB 15Days - high speed internet - mobile data 5G compatible	0701HXZ0S7E	THAILAND-ESIM		0	2026-07-01 14:35:08 CEST		y	1			11				B0H761NVKL						B0H761NVKL			0	DEFAULT	Incomplete
Trinidad and Tobago eSIM 20GB 30Days	Trinidad and Tobago eSIM 20GB 30Days - high speed internet - mobile data 5G compatible	0630HUODB7X	TRINIDAD-AND-TOBAGO-ESIM		0	2026-06-30 21:57:51 CEST		y	1			11				B0H735M6HT						B0H735M6HT			0	DEFAULT	Incomplete
Tunisia eSIM 5GB 30Days	Tunisia eSIM 5GB 30Days - high speed internet - mobile data 5G compatible	0701HY02Q87	TUNISIA-ESIM		0	2026-07-01 14:46:44 CEST		y	1			11				B0H75WFC8B						B0H75WFC8B			0	DEFAULT	Incomplete
Turkey eSIM 3GB 15Days	Turkey eSIM 3GB 15Days - high speed internet - mobile data 5G compatible	0701HY04I3J	TURKEY-ESIM		0	2026-07-01 14:51:00 CEST		y	1			11				B0H75TPCVM						B0H75TPCVM			0	DEFAULT	Incomplete
Turks and Caicos Islands eSIM 20GB 30Days	Turks and Caicos Islands eSIM 20GB 30Days - high speed internet - mobile data 5G compatible	0630HUU22N5	TURKS-AND-CAICOS-ISLANDS-ESIM		0	2026-06-30 22:07:45 CEST		y	1			11				B0H7396MMZ						B0H7396MMZ			0	DEFAULT	Incomplete
Uganda eSIM 3GB 15Days	Uganda eSIM 3GB 15Days - high speed internet - mobile data 5G compatible	0701HY03P59	UGANDA-ESIM		0	2026-07-01 15:02:43 CEST		y	1			11				B0H75XTV3X						B0H75XTV3X			0	DEFAULT	Incomplete
Ukraine eSIM 3GB 15Days	Ukraine eSIM 3GB 15Days - high speed internet - mobile data 5G compatible	0701HY6REM3	UKRAINE-ESIM		0	2026-07-01 15:06:30 CEST		y	1			11				B0H75TLTZJ						B0H75TLTZJ			0	DEFAULT	Incomplete
United Arab Emirates eSIM 3GB 15Days	United Arab Emirates eSIM 3GB 15Days - high speed internet - mobile data 5G compatible	0701HY97MRQ	UNITED-ARAB-EMIRATES-ESIM		0	2026-07-01 15:14:26 CEST		y	1			11				B0H75ZTR9K						B0H75ZTR9K			0	DEFAULT	Incomplete
United Kingdom eSIM 3GB 15Days	United Kingdom eSIM 3GB 15Days - high speed internet - mobile data 5G compatible	0701HY0QQKC	UNITED-KINGDOM-ESIM		0	2026-07-01 15:26:03 CEST		y	1			11				B0H75YYLLD						B0H75YYLLD			0	DEFAULT	Incomplete
United States eSIM 3GB 15Days	United States eSIM 3GB 15Days - high speed internet - mobile data 5G compatible	0701HYCK4I5	UNITED-STATES-ESIM		0	2026-07-01 15:37:40 CEST		y	1			11				B0H75XP8DB						B0H75XP8DB			0	DEFAULT	Incomplete
Uruguay eSIM 3GB 15Days	Uruguay eSIM 3GB 15Days - high speed internet - mobile data 5G compatible	0701HY4FE36	URUGUAY-ESIM		0	2026-07-01 15:45:36 CEST		y	1			11				B0H764NCC1						B0H764NCC1			0	DEFAULT	Incomplete
Uzbekistan eSIM 5GB 30Days	Uzbekistan eSIM 5GB 30Days - high speed internet - mobile data 5G compatible	0701HY49FGQ	UZBEKISTAN-ESIM		0	2026-07-01 15:49:51 CEST		y	1			11				B0H764QT7J						B0H764QT7J			0	DEFAULT	Incomplete
Vatican City eSIM 3GB 15Days	Vatican City eSIM 3GB 15Days - high speed internet - mobile data 5G compatible	0630HUT1CA5	VATICAN-CITY-ESIM		0	2026-06-30 22:17:50 CEST		y	1			11				B0H73BYCF3						B0H73BYCF3			0	DEFAULT	Incomplete
Vietnam eSIM 3GB 15Days	Vietnam eSIM 3GB 15Days - high speed internet - mobile data 5G compatible	0701HYJ1CQ9	VIETNAM-ESIM		0	2026-07-01 15:54:06 CEST		y	1			11				B0H75Y7D6Z						B0H75Y7D6Z			0	DEFAULT	Incomplete
Zambia eSIM 3GB 15Days	Zambia eSIM 3GB 15Days - high speed internet - mobile data 5G compatible	0701HY1NMAG	ZAMBIA-ESIM		0	2026-07-01 16:05:42 CEST		y	1			11				B0H764RLGN						B0H764RLGN			0	DEFAULT	Incomplete
