item-name	item-description	listing-id	seller-sku	price	quantity	open-date	image-url	item-is-marketplace	product-id-type	zshop-shipping-fee	item-note	item-condition	zshop-category1	zshop-browse-path	zshop-storefront-feature	asin1	asin2	asin3	will-ship-internationally	expedited-shipping	zshop-boldface	product-id	bid-for-featured-placement	add-delete	pending-quantity	fulfillment-channel	merchant-shipping-group	status	Minimum order quantity	Sell remainder
Costa de Marfil eSIM 5GB 30Days	Cote d'Ivoire eSIM 5GB 30Days - high speed internet - mobile data 5G compatible	0630HUXKVN8	COTE-D-IVOIRE-5GB-30D	31.99		01/07/2026 01:35:00 MEST		y	4			11				B0FR9V5LYJ						8721438401796				AMAZON_EU	Migrated Template	Active		
Croacia eSIM 20GB 30Days	Croatia eSIM 20GB 30Days - high speed internet - mobile data 5G compatible	0630HV9FYCM	CROATIA-20GB-30D	16.99		01/07/2026 01:44:45 MEST		y	4			11				B0FR9TYCSL						8721438401857				AMAZON_EU	Migrated Template	Active		
Croacia eSIM 3GB 15Days	Croatia eSIM 3GB 15Days - high speed internet - mobile data 5G compatible	0630HV9Y3SD	CROATIA-3GB-15D	7.99		01/07/2026 01:38:49 MEST		y	4			11				B0FR9GDKT1						8721438401819				AMAZON_EU	Migrated Template	Active		
Croacia eSIM 5GB 30Days	Croatia eSIM 5GB 30Days - high speed internet - mobile data 5G compatible	0630HV6PBME	CROATIA-5GB-30D	8.99		01/07/2026 01:42:00 MEST		y	4			11				B0FR9BVV58						8721438401833				AMAZON_EU	Migrated Template	Active		
Chipre eSIM 3GB 15Days	Cyprus eSIM 3GB 15Days - high speed internet - mobile data 5G compatible	0630HV3T3CP	CYPRUS-3GB-15D	7.99		01/07/2026 01:47:51 MEST		y	4			11				B0FR8XJWWG						8721438401888				AMAZON_EU	Migrated Template	Active		
Chipre eSIM 5GB 30Days	Cyprus eSIM 5GB 30Days - high speed internet - mobile data 5G compatible	0630HV71FB5	CYPRUS-5GB-30D	8.99		01/07/2026 01:51:11 MEST		y	4			11				B0FR8XHWZV						8721438401901				AMAZON_EU	Migrated Template	Active		
República Checa eSIM 20GB 30Days	Czech Republic eSIM 20GB 30Days - high speed internet - mobile data 5G compatible	0701HV62Z3D	CZECH-REPUBLIC-20GB-30D	16.99		01/07/2026 02:00:55 MEST		y	4			11				B0FR9SVN9H						8721438401987				AMAZON_EU	Migrated Template	Active		
República Checa eSIM 3GB 15Days	Czech Republic eSIM 3GB 15Days - high speed internet - mobile data 5G compatible	0630HV0ZCBP	CZECH-REPUBLIC-3GB-15D	7.99		01/07/2026 01:54:39 MEST		y	4			11				B0FR9SB2Q3						8721438401949				AMAZON_EU	Migrated Template	Active		
República Checa eSIM 5GB 30Days	Czech Republic eSIM 5GB 30Days - high speed internet - mobile data 5G compatible	0630HV6PDQU	CZECH-REPUBLIC-5GB-30D	8.99		01/07/2026 01:58:00 MEST		y	4			11				B0FR9BY2LF						8721438401963				AMAZON_EU	Migrated Template	Active		
Dinamarca eSIM 20GB 30Days	Denmark eSIM 20GB 30Days - high speed internet - mobile data 5G compatible	0701HV40B7Z	DENMARK-20GB-30D	14.99		01/07/2026 02:10:40 MEST		y	4			11				B0FR9QPF45						8721438402052				AMAZON_EU	Migrated Template	Active		
Dinamarca eSIM 3GB 15Days	Denmark eSIM 3GB 15Days - high speed internet - mobile data 5G compatible	0701HUXVB18	DENMARK-3GB-15D	7.99		01/07/2026 02:04:23 MEST		y	4			11				B0FR9GSNP4						8721438402014				AMAZON_EU	Migrated Template	Active		
Dinamarca eSIM 5GB 30Days	Denmark eSIM 5GB 30Days - high speed internet - mobile data 5G compatible	0701HV7XSIV	DENMARK-5GB-30D	8.99		01/07/2026 02:07:44 MEST		y	4			11				B0FR8XQYR4						8721438402038				AMAZON_EU	Migrated Template	Active		
República Dominicana eSIM 20GB 30Days	Dominican Republic eSIM 20GB 30Days - high speed internet - mobile data 5G compatible	0701HUY4U1V	DOMINICAN-REPUBLIC-20GB-30D	38.99		01/07/2026 02:20:03 MEST		y	4			11				B0FR9C6DJF						8721438402106				AMAZON_EU	Migrated Template	Active		
República Dominicana eSIM 3GB 15Days	Dominican Republic eSIM 3GB 15Days - high speed internet - mobile data 5G compatible	0701HV72WX2	DOMINICAN-REPUBLIC-3GB-15D	12.99		01/07/2026 02:14:07 MEST		y	4			11				B0FR9GSKZF						8721438402083				AMAZON_EU	Migrated Template	Active		
República Dominicana eSIM 5GB 30Days	Dominican Republic eSIM 5GB 30Days - high speed internet - mobile data 5G compatible	0701HV9DPRA	DOMINICAN-REPUBLIC-5GB-30D	14.99		01/07/2026 02:17:07 MEST		y	4			11				B0FR9GQKCM						8721438402090				AMAZON_EU	Migrated Template	Active		
Ecuador eSIM 3GB 15Days	Ecuador eSIM 3GB 15Days - high speed internet - mobile data 5G compatible	0701HUY439M	ECUADOR-3GB-15D	13.99		01/07/2026 02:22:58 MEST		y	4			11				B0FR9RM6MP						8721438402120				AMAZON_EU	Migrated Template	Active		
Egipto eSIM 20GB 30Days	Egypt eSIM 20GB 30Days - high speed internet - mobile data 5G compatible	0701HV9SRF7	EGYPT-20GB-30D	29.99		01/07/2026 02:33:21 MEST		y	4			11				B0FR9GQBGL						8721438402182				AMAZON_EU	Migrated Template	Active		
Egipto eSIM 3GB 15Days	Egypt eSIM 3GB 15Days - high speed internet - mobile data 5G compatible	0701HV7ANKP	EGYPT-3GB-15D	9.99		01/07/2026 02:27:13 MEST		y	4			11				B0FR9C784N						8721438402144				AMAZON_EU	Migrated Template	Active		
Egipto eSIM 5GB 30Days	Egypt eSIM 5GB 30Days - high speed internet - mobile data 5G compatible	0701HUY6PMP	EGYPT-5GB-30D	14.99		01/07/2026 02:30:24 MEST		y	4			11				B0FR9LR5KJ						8721438402168				AMAZON_EU	Migrated Template	Active		
El Salvador eSIM 3GB 15Days	El Salvador eSIM 3GB 15Days - high speed internet - mobile data 5G compatible	0701HVD5YV0	EL-SALVADOR-3GB-15D	17.99		01/07/2026 02:36:39 MEST		y	4			11				B0FR9LJ7X4						8721438402236				AMAZON_EU	Migrated Template	Active		
Estonia eSIM 20GB 30Days	Estonia eSIM 20GB 30Days - high speed internet - mobile data 5G compatible	0701HUYFJQ9	ESTONIA-20GB-30D	14.99		01/07/2026 02:46:16 MEST		y	4			11				B0FR9L527N						8721438402298				AMAZON_EU	Migrated Template	Active		
Estonia eSIM 3GB 15Days	Estonia eSIM 3GB 15Days - high speed internet - mobile data 5G compatible	0701HVCI40E	ESTONIA-3GB-15D	7.99		01/07/2026 02:40:31 MEST		y	4			11				B0FR9GST1S						8721438402250				AMAZON_EU	Migrated Template	Active		
Estonia eSIM 5GB 30Days	Estonia eSIM 5GB 30Days - high speed internet - mobile data 5G compatible	0701HVCYCAH	ESTONIA-5GB-30D	8.99		01/07/2026 02:43:31 MEST		y	4			11				B0FR9GQYKB						8721438402274				AMAZON_EU	Migrated Template	Active		
Europa (más de 40 áreas) eSIM 20 GB 30 días	Europe(40+ areas) eSIM 20GB 30Days - high speed internet - mobile data 5G compatible	0701HVAJAGW	EUROPE-40-AREAS-20GB-30D	18.99		01/07/2026 02:52:25 MEST		y	4			11				B0FR9TNPV3						8721438402496				AMAZON_EU	Migrated Template	Active		
Europa (más de 40 áreas) eSIM 5GB 30Days	Europe(40+ areas) eSIM 5GB 30Days - high speed internet - mobile data 5G compatible	0701HVBW2CN	EUROPE-40-AREAS-5GB-30D	8.99		01/07/2026 02:49:03 MEST		y	4			11				B0FR9RYSSS						8721438402472				AMAZON_EU	Migrated Template	Active		
Finlandia eSIM 3GB 15Days	Finland eSIM 3GB 15Days - high speed internet - mobile data 5G compatible	0701HVC76G4	FINLAND-3GB-15D	7.99		01/07/2026 02:55:42 MEST		y	4			11				B0FR9GSND6						8721438402533				AMAZON_EU	Migrated Template	Active		
Finlandia eSIM 5GB 30Days	Finland eSIM 5GB 30Days - high speed internet - mobile data 5G compatible	0701HUYEBLT	FINLAND-5GB-30D	8.99		01/07/2026 02:59:13 MEST		y	4			11				B0FR9SB3BJ						8721438402557				AMAZON_EU	Migrated Template	Active		
Francia eSIM 20GB 30Days	France eSIM 20GB 30Days - high speed internet - mobile data 5G compatible	0701HV1HEP9	FRANCE-20GB-30D	14.99		01/07/2026 03:10:36 MEST		y	4			11				B0FR9GPMC5						8721438402632				AMAZON_EU	Migrated Template	Active		
Francia eSIM 3GB 15Days	France eSIM 3GB 15Days - high speed internet - mobile data 5G compatible	0701HV7M53B	FRANCE-3GB-15D	7.99		01/07/2026 03:03:02 MEST		y	4			11				B0FR9C5ZB6						8721438402595				AMAZON_EU	Migrated Template	Active		
Francia eSIM 5GB 30Days	France eSIM 5GB 30Days - high speed internet - mobile data 5G compatible	0701HV4GOLX	FRANCE-5GB-30D	8.99		01/07/2026 03:06:56 MEST		y	4			11				B0FR9LMDW5						8721438402618				AMAZON_EU	Migrated Template	Active		
Gabón eSIM 3GB 15Days	Gabon eSIM 3GB 15Days - high speed internet - mobile data 5G compatible	0701HV1J2TB	GABON-3GB-15D	16.99		01/07/2026 03:13:55 MEST		y	4			11				B0FR9GPX9T						8721438402700				AMAZON_EU	Migrated Template	Active		
Georgia eSIM 20GB 30Days	Georgia eSIM 20GB 30Days - high speed internet - mobile data 5G compatible	0701HV7P1CZ	GEORGIA-20GB-30D	24.99		01/07/2026 03:20:56 MEST		y	4			11				B0FR9C73NK						8721438402748				AMAZON_EU	Migrated Template	Active		
Georgia eSIM 3GB 15Days	Georgia eSIM 3GB 15Days - high speed internet - mobile data 5G compatible	0701HVCEWMX	GEORGIA-3GB-15D	8.99		01/07/2026 03:17:35 MEST		y	4			11				B0FR9KMX2N						8721438402724				AMAZON_EU	Migrated Template	Active		
Alemania eSIM 3GB 15Days	Germany eSIM 3GB 15Days - high speed internet - mobile data 5G compatible	0701HV7RBR3	GERMANY-3GB-15D	7.99		01/07/2026 03:24:54 MEST		y	4			11				B0GSZBMLKV						8721438402762				AMAZON_EU	Migrated Template	Active		
Gibraltar eSIM 3GB 15Days	Gibraltar eSIM 3GB 15Days - high speed internet - mobile data 5G compatible	0701HVFFBR9	GIBRALTAR-3GB-15D	7.99		01/07/2026 03:35:46 MEST		y	4			11				B0FR8XSPMC						8721438402878				AMAZON_EU	Migrated Template	Active		
Global139 eSIM 5GB 30Days	Global139 eSIM 5GB 30Days - high speed internet - mobile data 5G compatible	0701HVF9YCE	GLOBAL139-5GB-30D	40.99		01/07/2026 03:39:38 MEST		y	4			11				B0FR9VNTLY						8721438403004				AMAZON_EU	Migrated Template	Active		
Grecia eSIM 20GB 30Days	Greece eSIM 20GB 30Days - high speed internet - mobile data 5G compatible	0701HVDXJJC	GREECE-20GB-30D	16.99		01/07/2026 03:51:28 MEST		y	4			11				B0FR9KJGBG						8721438403080				AMAZON_EU	Migrated Template	Active		
Grecia eSIM 5GB 30Days	Greece eSIM 5GB 30Days - high speed internet - mobile data 5G compatible	0701HVDTUGT	GREECE-5GB-30D	8.99		01/07/2026 03:47:47 MEST		y	4			11				B0FR9C7SMF						8721438403066				AMAZON_EU	Migrated Template	Active		
Guadalupe eSIM 20GB 30Days	Guadeloupe eSIM 20GB 30Days - high speed internet - mobile data 5G compatible	0701HVIQJO3	GUADELOUPE-20GB-30D	16.99		01/07/2026 03:58:37 MEST		y	4			11				B0FR8XTBF6						8721438403127				AMAZON_EU	Migrated Template	Active		
Guadalupe eSIM 3GB 15Days	Guadeloupe eSIM 3GB 15Days - high speed internet - mobile data 5G compatible	0701HVHJRBE	GUADELOUPE-3GB-15D	7.99		01/07/2026 03:55:07 MEST		y	4			11				B0FR9TMVWK						8721438403110				AMAZON_EU	Migrated Template	Active		
Guam eSIM 20GB 30Days	Guam eSIM 20GB 30Days - high speed internet - mobile data 5G compatible	0701HVGADW8	GUAM-20GB-30D	57.99		01/07/2026 04:08:32 MEST		y	4			11				B0FR9C7MGP						8721438403189				AMAZON_EU	Migrated Template	Active		
Guam eSIM 3GB 15Days	Guam eSIM 3GB 15Days - high speed internet - mobile data 5G compatible	0701HVFQN4D	GUAM-3GB-15D	17.99		01/07/2026 04:01:44 MEST		y	4			11				B0FR9GVSSF						8721438403141				AMAZON_EU	Migrated Template	Active		
Guam eSIM 5GB 30Days	Guam eSIM 5GB 30Days - high speed internet - mobile data 5G compatible	0701HVBXRUQ	GUAM-5GB-30D	19.99		01/07/2026 04:05:05 MEST		y	4			11				B0FR9SVP8Y						8721438403165				AMAZON_EU	Migrated Template	Active		
Guatemala eSIM 3GB 15Days	Guatemala eSIM 3GB 15Days - high speed internet - mobile data 5G compatible	0701HVGEFGZ	GUATEMALA-3GB-15D	15.99		01/07/2026 04:12:31 MEST		y	4			11				B0FR9VC6VD						8721438403202				AMAZON_EU	Migrated Template	Active		
Guernsey eSIM 20GB 30Days	Guernsey eSIM 20GB 30Days - high speed internet - mobile data 5G compatible	0701HVI215O	GUERNSEY-20GB-30D	46.99		01/07/2026 04:22:55 MEST		y	4			11				B0FR9LYWWY						8721438403257				AMAZON_EU	Migrated Template	Active		
Guernsey eSIM 3GB 15Days	Guernsey eSIM 3GB 15Days - high speed internet - mobile data 5G compatible	0701HVFT1ET	GUERNSEY-3GB-15D	13.99		01/07/2026 04:16:16 MEST		y	4			11				B0FR9SMWDN						8721438403226				AMAZON_EU	Migrated Template	Active		
Guernsey eSIM 5GB 30Days	Guernsey eSIM 5GB 30Days - high speed internet - mobile data 5G compatible	0701HVHDUO6	GUERNSEY-5GB-30D	19.99		01/07/2026 04:19:38 MEST		y	4			11				B0FR9C5PXR						8721438403240				AMAZON_EU	Migrated Template	Active		
Honduras eSIM 3GB 15Days	Honduras eSIM 3GB 15Days - high speed internet - mobile data 5G compatible	0701HVJ8UPI	HONDURAS-3GB-15D	13.99		01/07/2026 04:26:43 MEST		y	4			11				B0FR9ZYV5G						8721438403356				AMAZON_EU	Migrated Template	Active		
Hong Kong eSIM 20GB 30Days	Hong Kong eSIM 20GB 30Days - high speed internet - mobile data 5G compatible	0701HVKB3S7	HONG-KONG-20GB-30D	14.99		01/07/2026 04:38:29 MEST		y	4			11				B0FR9GXZ6F						8721438403417				AMAZON_EU	Migrated Template	Active		
Hong Kong eSIM 3GB 15Days	Hong Kong eSIM 3GB 15Days - high speed internet - mobile data 5G compatible	0701HVJQ3G5	HONG-KONG-3GB-15D	7.99		01/07/2026 04:30:57 MEST		y	4			11				B0FR9CC6Q8						8721438403370				AMAZON_EU	Migrated Template	Active		
Hong Kong eSIM 5GB 30Days	Hong Kong eSIM 5GB 30Days - high speed internet - mobile data 5G compatible	0701HVJVVLM	HONG-KONG-5GB-30D	8.99		01/07/2026 04:34:49 MEST		y	4			11				B0FR9GXYYL						8721438403394				AMAZON_EU	Migrated Template	Active		
Hungría eSIM 20GB 30Days	Hungary eSIM 20GB 30Days - high speed internet - mobile data 5G compatible	0701HVLWHRP	HUNGARY-20GB-30D	14.99		01/07/2026 04:48:03 MEST		y	4			11				B0FR9ZVYYQ						8721438403523				AMAZON_EU	Migrated Template	Active		
Hungría eSIM 3GB 15Days	Hungary eSIM 3GB 15Days - high speed internet - mobile data 5G compatible	0701HVKRE9T	HUNGARY-3GB-15D	7.99		01/07/2026 04:41:16 MEST		y	4			11				B0FR9C9JVW						8721438403486				AMAZON_EU	Migrated Template	Active		
Hungría eSIM 5GB 30Days	Hungary eSIM 5GB 30Days - high speed internet - mobile data 5G compatible	0701HVTWEI7	HUNGARY-5GB-30D	8.99		01/07/2026 04:44:57 MEST		y	4			11				B0FR9GY3R5						8721438403509				AMAZON_EU	Migrated Template	Active		
Islandia eSIM 20GB 30Days	Iceland eSIM 20GB 30Days - high speed internet - mobile data 5G compatible	0701HVQXRAX	ICELAND-20GB-30D	16.99		01/07/2026 04:58:07 MEST		y	4			11				B0FR9GX6LF						8721438403592				AMAZON_EU	Migrated Template	Active		
Islandia eSIM 3GB 15Days	Iceland eSIM 3GB 15Days - high speed internet - mobile data 5G compatible	0701HVLPLIZ	ICELAND-3GB-15D	7.99		01/07/2026 04:51:30 MEST		y	4			11				B0FR9TBBK1						8721438403554				AMAZON_EU	Migrated Template	Active		
Islandia eSIM 5GB 30Days	Iceland eSIM 5GB 30Days - high speed internet - mobile data 5G compatible	0701HVNETUB	ICELAND-5GB-30D	8.99		01/07/2026 04:55:01 MEST		y	4			11				B0FR9ZWQBD						8721438403578				AMAZON_EU	Migrated Template	Active		
India eSIM 20GB 30Days	India eSIM 20GB 30Days - high speed internet - mobile data 5G compatible	0701HVNOZLT	INDIA-20GB-30D	41.99		01/07/2026 05:09:33 MEST		y	4			11				B0FR9DYMHX						8721438403653				AMAZON_EU	Migrated Template	Active		
India eSIM 3GB 15Days	India eSIM 3GB 15Days - high speed internet - mobile data 5G compatible	0701HVLYSTY	INDIA-3GB-15D	13.99		01/07/2026 05:01:56 MEST		y	4			11				B0FR9ZM116						8721438403622				AMAZON_EU	Migrated Template	Active		
India eSIM 5GB 30Days	India eSIM 5GB 30Days - high speed internet - mobile data 5G compatible	0701HVULY60	INDIA-5GB-30D	14.99		01/07/2026 05:05:52 MEST		y	4			11				B0FR9GXWN9						8721438403639				AMAZON_EU	Migrated Template	Active		
Indonesia eSIM 20GB 30Days	Indonesia eSIM 20GB 30Days - high speed internet - mobile data 5G compatible	0701HVOTV4T	INDONESIA-20GB-30D	14.99		01/07/2026 05:21:11 MEST		y	4			11				B0FR9QXRDQ						8721438403745				AMAZON_EU	Migrated Template	Active		
Indonesia eSIM 5GB 30Days	Indonesia eSIM 5GB 30Days - high speed internet - mobile data 5G compatible	0701HVOA9S2	INDONESIA-5GB-30D	8.99		01/07/2026 05:17:30 MEST		y	4			11				B0FR8XW5DR						8721438403721				AMAZON_EU	Migrated Template	Active		
Irlanda eSIM 20GB 30Days	Ireland eSIM 20GB 30Days - high speed internet - mobile data 5G compatible	0701HVOUA1C	IRELAND-20GB-30D	16.99		01/07/2026 05:32:51 MEST		y	4			11				B0FR9SZG2Z						8721438403905				AMAZON_EU	Migrated Template	Active		
Irlanda eSIM 3GB 15Days	Ireland eSIM 3GB 15Days - high speed internet - mobile data 5G compatible	0701HVOQ9TK	IRELAND-3GB-15D	7.99		01/07/2026 05:25:13 MEST		y	4			11				B0FR8XV57F						8721438403868				AMAZON_EU	Migrated Template	Active		
Irlanda eSIM 5GB 30Days	Ireland eSIM 5GB 30Days - high speed internet - mobile data 5G compatible	0701HVX131N	IRELAND-5GB-30D	8.99		01/07/2026 05:29:10 MEST		y	4			11				B0FR9GYKQL						8721438403882				AMAZON_EU	Migrated Template	Active		
Isla de Man eSIM 20GB 30Days	Isle of Man eSIM 20GB 30Days - high speed internet - mobile data 5G compatible	0701HVSHD1L	ISLE-OF-MAN-20GB-30D	22.99		01/07/2026 05:43:39 MEST		y	4			11				B0FR9CB5LK						8721438403974				AMAZON_EU	Migrated Template	Active		
Isla de Man eSIM 3GB 15Days	Isle of Man eSIM 3GB 15Days - high speed internet - mobile data 5G compatible	0701HVY3XUA	ISLE-OF-MAN-3GB-15D	8.99		01/07/2026 05:36:41 MEST		y	4			11				B0FR9LZ7RL						8721438403943				AMAZON_EU	Migrated Template	Active		
Isla de Man eSIM 5GB 30Days	Isle of Man eSIM 5GB 30Days - high speed internet - mobile data 5G compatible	0701HVSCOQH	ISLE-OF-MAN-5GB-30D	11.99		01/07/2026 05:40:12 MEST		y	4			11				B0FR9M27XY						8721438403967				AMAZON_EU	Migrated Template	Active		
Israel eSIM 20GB 30Days	Israel eSIM 20GB 30Days - high speed internet - mobile data 5G compatible	0701HVYMTTR	ISRAEL-20GB-30D	29.99		01/07/2026 05:54:16 MEST		y	4			11				B0FR9K8SQ1						8721438404032				AMAZON_EU	Migrated Template	Active		
Israel eSIM 3GB 15Days	Israel eSIM 3GB 15Days - high speed internet - mobile data 5G compatible	0701HVYQSR4	ISRAEL-3GB-15D	9.99		01/07/2026 05:47:38 MEST		y	4			11				B0FR9M11H1						8721438403998				AMAZON_EU	Migrated Template	Active		
Israel eSIM 5GB 30Days	Israel eSIM 5GB 30Days - high speed internet - mobile data 5G compatible	0701HVVFSR4	ISRAEL-5GB-30D	11.99		01/07/2026 05:50:59 MEST		y	4			11				B0FR8XVZZM						8721438404018				AMAZON_EU	Migrated Template	Active		
Italia eSIM 20GB 30Days	Italy eSIM 20GB 30Days - high speed internet - mobile data 5G compatible	0701HVV9WEZ	ITALY-20GB-30D	14.99		01/07/2026 06:05:55 MEST		y	4			11				B0FR9RNZV2						8721438404148				AMAZON_EU	Migrated Template	Active		
Italia eSIM 5GB 30Days	Italy eSIM 5GB 30Days - high speed internet - mobile data 5G compatible	0701HVPF9S8	ITALY-5GB-30D	8.99		01/07/2026 06:02:15 MEST		y	4			11				B0FR9ZR2TH						8721438404124				AMAZON_EU	Migrated Template	Active		
Japón eSIM 20GB 30Days	Japan eSIM 20GB 30Days - high speed internet - mobile data 5G compatible	0701HW0CRLA	JAPAN-20GB-30D	14.99		01/07/2026 06:17:32 MEST		y	4			11				B0FR9RZKRB						8721438404254				AMAZON_EU	Migrated Template	Active		
Japón eSIM 3GB 15Days	Japan eSIM 3GB 15Days - high speed internet - mobile data 5G compatible	0701HW1ORSO	JAPAN-3GB-15D	7.99		01/07/2026 06:09:56 MEST		y	4			11				B0FR9LVZVQ						8721438404216				AMAZON_EU	Migrated Template	Active		
Japón eSIM 5GB 30Days	Japan eSIM 5GB 30Days - high speed internet - mobile data 5G compatible	0701HVPILXK	JAPAN-5GB-30D	8.99		01/07/2026 06:13:51 MEST		y	4			11				B0FR9TLXXH						8721438404230				AMAZON_EU	Migrated Template	Active		
Jersey eSIM 20GB 30Days	Jersey eSIM 20GB 30Days - high speed internet - mobile data 5G compatible	0701HVYREXU	JERSEY-20GB-30D	14.99		01/07/2026 06:28:10 MEST		y	4			11				B0FR9CBQDH						8721438404377				AMAZON_EU	Migrated Template	Active		
Jersey eSIM 3GB 15Days	Jersey eSIM 3GB 15Days - high speed internet - mobile data 5G compatible	0701HVPREJS	JERSEY-3GB-15D	7.99		01/07/2026 06:21:11 MEST		y	4			11				B0FR9GYMR5						8721438404346				AMAZON_EU	Migrated Template	Active		
Jersey eSIM 5GB 30Days	Jersey eSIM 5GB 30Days - high speed internet - mobile data 5G compatible	0701HW48ZJI	JERSEY-5GB-30D	8.99		01/07/2026 06:24:52 MEST		y	4			11				B0FR9M27GP						8721438404360				AMAZON_EU	Migrated Template	Active		
Jordan eSIM 20GB 30Days	Jordan eSIM 20GB 30Days - high speed internet - mobile data 5G compatible	0701HW6GN6U	JORDAN-20GB-30D	42.99		01/07/2026 06:38:47 MEST		y	4			11				B0FR9ST188						8721438404438				AMAZON_EU	Migrated Template	Active		
Jordan eSIM 3GB 15Days	Jordan eSIM 3GB 15Days - high speed internet - mobile data 5G compatible	0701HVSYI9D	JORDAN-3GB-15D	12.99		01/07/2026 06:31:49 MEST		y	4			11				B0FR9M144Z						8721438404391				AMAZON_EU	Migrated Template	Active		
Jordan eSIM 5GB 30Days	Jordan eSIM 5GB 30Days - high speed internet - mobile data 5G compatible	0701HW0NI89	JORDAN-5GB-30D	13.99		01/07/2026 06:35:31 MEST		y	4			11				B0FR9ZTZNK						8721438404414				AMAZON_EU	Migrated Template	Active		
Kazajstán eSIM 3GB 15Days	Kazakhstan eSIM 3GB 15Days - high speed internet - mobile data 5G compatible	0701HVW1EQS	KAZAKHSTAN-3GB-15D	7.99		01/07/2026 06:42:15 MEST		y	4			11				B0FR9T4DG2						8721438404452				AMAZON_EU	Migrated Template	Active		
Kazajstán eSIM 5GB 30Days	Kazakhstan eSIM 5GB 30Days - high speed internet - mobile data 5G compatible	0701HW23RV3	KAZAKHSTAN-5GB-30D	9.99		01/07/2026 06:45:35 MEST		y	4			11				B0FR9ZMMSH						8721438404469				AMAZON_EU	Migrated Template	Active		
Aaland Islands eSIM 20GB 30Days	Aaland Islands eSIM 20GB 30Days - high speed internet - mobile data 5G compatible	0630HUUKBXM	AALAND-ISLANDS-20GB-30D	33.99	0	30/06/2026 22:43:35 MEST		y	4			11				B0FR39Q1KJ						8721438400041			0	DEFAULT	Migrated Template	Inactive		
Islas Aaland eSIM 3GB 15Days	Aaland Islands eSIM 3GB 15Days - high speed internet - mobile data 5G compatible	0630HUUO7U8	AALAND-ISLANDS-3GB-15D	8.99	0	30/06/2026 22:36:48 MEST		y	4			11				B0FR3CCSMB						8721438400010			0	DEFAULT	Migrated Template	Inactive		
Islas Aaland eSIM 5GB 30Days	Aaland Islands eSIM 5GB 30Days - high speed internet - mobile data 5G compatible	0630HV1UQY2	AALAND-ISLANDS-5GB-30D	12.99	0	30/06/2026 22:40:29 MEST		y	4			11				B0FR3G6JWB						8721438400034			0	DEFAULT	Migrated Template	Inactive		
Emiratos Árabes Unidos eSIM 20GB 30Days		0325HS1D2S0	AE_20_30	42.57	0	25/03/2026 09:14:22 MET		y	1			11				B0FRB7TFJR						B0FRB7TFJR			0	DEFAULT	Migrated Template	Inactive		
Emiratos Árabes Unidos eSIM 3GB 15Days		0325HS5V3QW	AE_3_15	10.97	0	25/03/2026 10:05:25 MET		y	1			11				B0FRBBYBGH						B0FRBBYBGH			0	DEFAULT	Migrated Template	Inactive		
Emiratos Árabes Unidos eSIM 5GB 30Days		0325HRK1YKN	AE_5_30	14.46	0	25/03/2026 08:49:37 MET		y	1			11				B0FRB89XHX						B0FRB89XHX			0	DEFAULT	Migrated Template	Inactive		
África eSIM 5GB 30Days		0812HQ0BQRI	AF-29_5_30	33.26	0	12/08/2026 15:29:10 MEST		y	1			11				B0FR3GK9Z7						B0FR3GK9Z7			0	DEFAULT	Migrated Template	Inactive		
África eSIM 5GB 30Days	Africa eSIM 5GB 30Days - high speed internet - mobile data 5G compatible	0630HUVMDWE	AFRICA-5GB-30D	29.99	0	30/06/2026 22:46:52 MEST		y	4			11				B0FR3GK9Z7						8721438400072			0	DEFAULT	Migrated Template	Inactive		
Albania eSIM 5GB 30Days	Albania eSIM 5GB 30Days - high speed internet - mobile data 5G compatible	0630HV1WB8T	ALBANIA-5GB-30D	10.99	0	30/06/2026 22:50:33 MEST		y	4			11				B0FR4ZG3Z6						8721438400102			0	DEFAULT	Migrated Template	Inactive		
Argelia eSIM 20GB 30Days	Algeria eSIM 20GB 30Days - high speed internet - mobile data 5G compatible	0630HTL8YB4	ALGERIA-20GB-30D	26.99	0	30/06/2026 13:31:31 MEST		y	4			11				B0H6M5TDMD						8721438408443			0	DEFAULT	Migrated Template	Inactive		
Argelia eSIM 3GB 15Days	Algeria eSIM 3GB 15Days - high speed internet - mobile data 5G compatible	0630HTC6U1N	ALGERIA-3GB-15D	8.99	0	30/06/2026 13:23:30 MEST		y	4			11				B0H6M9R3WH						8721438408429			0	DEFAULT	Migrated Template	Inactive		
Argelia eSIM 5GB 30Days	Algeria eSIM 5GB 30Days - high speed internet - mobile data 5G compatible	0630HTFQO19	ALGERIA-5GB-30D	11.99	0	30/06/2026 13:27:40 MEST		y	4			11				B0H6MDYKG8						8721438408436			0	DEFAULT	Migrated Template	Inactive		
Albania eSIM 5GB 30Days		0812HPU1RBU	AL_5_30	14.47	0	12/08/2026 15:21:32 MEST		y	1			11				B0FR4ZG3Z6						B0FR4ZG3Z6			0	DEFAULT	Migrated Template	Inactive		
Armenia eSIM 20GB 30Days		0812HQ3G5GK	AM_20_30	59.45	0	12/08/2026 15:26:53 MEST		y	1			11				B0FR4ZT5XT						B0FR4ZT5XT			0	DEFAULT	Migrated Template	Inactive		
Armenia eSIM 3GB 15Days		0812HPZKJR4	AM_3_15	10.99	0	12/08/2026 15:29:00 MEST		y	1			11				B0FR5BK9R4						B0FR5BK9R4			0	DEFAULT	Migrated Template	Inactive		
Andorra eSIM 20GB 30Days	Andorra eSIM 20GB 30Days - high speed internet - mobile data 5G compatible	0630HTFMTWW	ANDORRA-20GB-30D	43.99	0	30/06/2026 13:43:02 MEST		y	4			11				B0H6MJ97WC						8721438408474			0	DEFAULT	Migrated Template	Inactive		
Andorra eSIM 3GB 15Days	Andorra eSIM 3GB 15Days - high speed internet - mobile data 5G compatible	0630HTM01JI	ANDORRA-3GB-15D	14.99	0	30/06/2026 13:35:32 MEST		y	4			11				B0H6MBPRYN						8721438408450			0	DEFAULT	Migrated Template	Inactive		
Andorra eSIM 5GB 30Days	Andorra eSIM 5GB 30Days - high speed internet - mobile data 5G compatible	0630HTM07EW	ANDORRA-5GB-30D	16.99	0	30/06/2026 13:39:22 MEST		y	4			11				B0H6M5P65S						8721438408467			0	DEFAULT	Migrated Template	Inactive		
Angola eSIM 3GB 15Days	Angola eSIM 3GB 15Days - high speed internet - mobile data 5G compatible	0630HTCP0NK	ANGOLA-3GB-15D	34.99	0	30/06/2026 13:46:12 MEST		y	4			11				B0H6M5RWZH						8721438408481			0	DEFAULT	Migrated Template	Inactive		
Angola eSIM 5GB 30Days	Angola eSIM 5GB 30Days - high speed internet - mobile data 5G compatible	0630HTCNIIU	ANGOLA-5GB-30D	57.99	0	30/06/2026 13:50:01 MEST		y	4			11				B0H6MKZSB4						8721438408498			0	DEFAULT	Migrated Template	Inactive		
Anguila eSIM 20GB 30Days	Anguilla eSIM 20GB 30Days - high speed internet - mobile data 5G compatible	0630HTJ3WRH	ANGUILLA-20GB-30D	86.99	0	30/06/2026 14:10:11 MEST		y	4			11				B0H6MHMZY8						8721438408535			0	DEFAULT	Migrated Template	Inactive		
Anguila eSIM 3GB 15Days	Anguilla eSIM 3GB 15Days - high speed internet - mobile data 5G compatible	0630HTPA43D	ANGUILLA-3GB-15D	23.99	0	30/06/2026 14:02:45 MEST		y	4			11				B0H6M7X7QY						8721438408511			0	DEFAULT	Migrated Template	Inactive		
Anguila eSIM 5GB 30Days	Anguilla eSIM 5GB 30Days - high speed internet - mobile data 5G compatible	0630HTU0YN2	ANGUILLA-5GB-30D	31.99	0	30/06/2026 14:06:38 MEST		y	4			11				B0H6MFJ63H						8721438408528			0	DEFAULT	Migrated Template	Inactive		
Antigua y Barbuda eSIM 20GB 30Days	Antigua and Barbuda eSIM 20GB 30Days - high speed internet - mobile data 5G compatible	0630HTGK625	ANTIGUA-AND-BARBUDA-20GB-30D	98.99	0	30/06/2026 14:38:41 MEST		y	4			11				B0H6M2MQJB						8721438408566			0	DEFAULT	Migrated Template	Inactive		
Antigua y Barbuda eSIM 3GB 15Days	Antigua and Barbuda eSIM 3GB 15Days - high speed internet - mobile data 5G compatible	0630HTR1YJH	ANTIGUA-AND-BARBUDA-3GB-15D	25.99	0	30/06/2026 14:13:41 MEST		y	4			11				B0H6MBBFLQ						8721438408542			0	DEFAULT	Migrated Template	Inactive		
Antigua y Barbuda eSIM 5GB 30Days	Antigua and Barbuda eSIM 5GB 30Days - high speed internet - mobile data 5G compatible	0630HTPR3UK	ANTIGUA-AND-BARBUDA-5GB-30D	34.99	0	30/06/2026 14:35:34 MEST		y	4			11				B0H6MCR5F9						8721438408559			0	DEFAULT	Migrated Template	Inactive		
Argentina eSIM 20GB 30Days	Argentina eSIM 20GB 30Days - high speed internet - mobile data 5G compatible	0630HUW0PN1	ARGENTINA-20GB-30D	36.99	0	30/06/2026 22:57:56 MEST		y	4			11				B0FR5DCH33						8721438400133			0	DEFAULT	Migrated Template	Inactive		
Argentina eSIM 3GB 15Days	Argentina eSIM 3GB 15Days - high speed internet - mobile data 5G compatible	0630HUV1RJH	ARGENTINA-3GB-15D	12.99	0	30/06/2026 22:54:25 MEST		y	4			11				B0FR554SXN						8721438400126			0	DEFAULT	Migrated Template	Inactive		
Armenia eSIM 20GB 30Days	Armenia eSIM 20GB 30Days - high speed internet - mobile data 5G compatible	0630HUVADB5	ARMENIA-20GB-30D	30.99	0	30/06/2026 23:04:33 MEST		y	4			11				B0FR4ZT5XT						8721438400188			0	DEFAULT	Migrated Template	Inactive		
Armenia eSIM 3GB 15Days	Armenia eSIM 3GB 15Days - high speed internet - mobile data 5G compatible	0630HV1S8GO	ARMENIA-3GB-15D	8.99	0	30/06/2026 23:01:13 MEST		y	4			11				B0FR5BK9R4						8721438400164			0	DEFAULT	Migrated Template	Inactive		
Argentina eSIM 20GB 30Days		0812HQ3LI47	AR_20_30	62.93	0	12/08/2026 15:27:26 MEST		y	1			11				B0FR5DCH33						B0FR5DCH33			0	DEFAULT	Migrated Template	Inactive		
Argentina eSIM 3GB 15Days		0812HPTXV92	AR_3_15	14.46	0	12/08/2026 15:28:02 MEST		y	1			11				B0FR554SXN						B0FR554SXN			0	DEFAULT	Migrated Template	Inactive		
Asia-20 eSIM 3GB 15Days		0812HPZAHLV	AS-20_3_15	14.47	0	12/08/2026 15:23:34 MEST		y	1			11				B0FR9FZ4RF						B0FR9FZ4RF			0	DEFAULT	Migrated Template	Inactive		
Asia-20 eSIM 5GB 30Days		0812HQ3S91N	AS-20_5_30	22.8	0	12/08/2026 15:23:05 MEST		y	1			11				B0FR9BQNSV						B0FR9BQNSV			0	DEFAULT	Migrated Template	Inactive		
Asia-20 eSIM 3GB 15Days	Asia-20 eSIM 3GB 15Days - high speed internet - mobile data 5G compatible	0630HUW3892	ASIA-20-3GB-15D	11.99	0	30/06/2026 23:08:11 MEST		y	4			11				B0FR9FZ4RF						8721438400317			0	DEFAULT	Migrated Template	Inactive		
Asia-20 eSIM 5GB 30Days	Asia-20 eSIM 5GB 30Days - high speed internet - mobile data 5G compatible	0630HUW6TRL	ASIA-20-5GB-30D	13.99	0	30/06/2026 23:12:05 MEST		y	4			11				B0FR9BQNSV						8721438400324			0	DEFAULT	Migrated Template	Inactive		
Austria eSIM 20GB 30Days		0812HPU0N5Z	AT_20_30	16.2	0	12/08/2026 15:28:37 MEST		y	1			11				B0FR8XBSBP						B0FR8XBSBP			0	DEFAULT	Migrated Template	Inactive		
Austria eSIM 3GB 15Days		0812HPTYYKN	AT_3_15	4.01	0	12/08/2026 15:23:01 MEST		y	1			11				B0FR9QSMSP						B0FR9QSMSP			0	DEFAULT	Migrated Template	Inactive		
Austria eSIM 5GB 30Days		0812HQ2DGCR	AT_5_30	5.75	0	12/08/2026 15:25:32 MEST		y	1			11				B0FR8XCH78						B0FR8XCH78			0	DEFAULT	Migrated Template	Inactive		
Australia eSIM 20GB 30Days	Australia eSIM 20GB 30Days - high speed internet - mobile data 5G compatible	0630HUZ7FZR	AUSTRALIA-20GB-30D	14.99	0	30/06/2026 23:23:40 MEST		y	4			11				B0FR9G1ZQJ						8721438400416			0	DEFAULT	Migrated Template	Inactive		
Australia eSIM 3GB 15Days	Australia eSIM 3GB 15Days - high speed internet - mobile data 5G compatible	0630HUZF6MF	AUSTRALIA-3GB-15D	7.99	0	30/06/2026 23:16:06 MEST		y	4			11				B0FR9SKY4D						8721438400386			0	DEFAULT	Migrated Template	Inactive		
Australia eSIM 5GB 30Days	Australia eSIM 5GB 30Days - high speed internet - mobile data 5G compatible	0630HUYWJZ6	AUSTRALIA-5GB-30D	8.99	0	30/06/2026 23:20:01 MEST		y	4			11				B0FR9JRB62						8721438400393			0	DEFAULT	Migrated Template	Inactive		
Austria eSIM 20GB 30Days	Austria eSIM 20GB 30Days - high speed internet - mobile data 5G compatible	0630HV1YS7R	AUSTRIA-20GB-30D	14.99	0	30/06/2026 23:33:28 MEST		y	4			11				B0FR8XBSBP						8721438400539			0	DEFAULT	Migrated Template	Inactive		
Austria eSIM 3GB 15Days	Austria eSIM 3GB 15Days - high speed internet - mobile data 5G compatible	0630HV5EHNE	AUSTRIA-3GB-15D	7.99	0	30/06/2026 23:27:10 MEST		y	4			11				B0FR9QSMSP						8721438400492			0	DEFAULT	Migrated Template	Inactive		
Austria eSIM 5GB 30Days	Austria eSIM 5GB 30Days - high speed internet - mobile data 5G compatible	0630HUZGCOH	AUSTRIA-5GB-30D	8.99	0	30/06/2026 23:30:31 MEST		y	4			11				B0FR8XCH78						8721438400515			0	DEFAULT	Migrated Template	Inactive		
Australia eSIM 20GB 30Days		0325HSB57RB	AU_20_30	15.62	0	25/03/2026 10:05:41 MET		y	1			11				B0FR9G1ZQJ						B0FR9G1ZQJ			0	DEFAULT	Migrated Template	Inactive		
Australia eSIM 3GB 15Days		0325HSK6EHL	AU_3_15	6.9	0	25/03/2026 12:21:09 MET		y	1			11				B0FR9SKY4D						B0FR9SKY4D			0	DEFAULT	Migrated Template	Inactive		
Australia eSIM 5GB 30Days		0325HSDUTCS	AU_5_30	8.64	0	25/03/2026 10:07:25 MET		y	1			11				B0FR9JRB62						B0FR9JRB62			0	DEFAULT	Migrated Template	Inactive		
Aaland Islands eSIM 20GB 30Days		0812HPU1FLS	AX_20_30	34.52	0	12/08/2026 15:27:00 MEST		y	1			11				B0FR39Q1KJ						B0FR39Q1KJ			0	DEFAULT	Migrated Template	Inactive		
Islas Aaland eSIM 3GB 15Days		0812HQ0ELDJ	AX_3_15	5.75	0	12/08/2026 15:26:46 MEST		y	1			11				B0FR3CCSMB						B0FR3CCSMB			0	DEFAULT	Migrated Template	Inactive		
Islas Aaland eSIM 5GB 30Days		0812HPZN5F0	AX_5_30	9.23	0	12/08/2026 15:31:28 MEST		y	1			11				B0FR3G6JWB						B0FR3G6JWB			0	DEFAULT	Migrated Template	Inactive		
Azerbaiyán eSIM 3GB 15Days	Azerbaijan eSIM 3GB 15Days - high speed internet - mobile data 5G compatible	0630HUWHV02	AZERBAIJAN-3GB-15D	11.99	0	30/06/2026 23:37:07 MEST		y	4			11				B0FR9BTC98						8721438400560			0	DEFAULT	Migrated Template	Inactive		
Azerbaiyán eSIM 3GB 15Days		0812HQ2KEQQ	AZ_3_15	28.05	0	12/08/2026 15:21:50 MEST		y	1			11				B0FR9BTC98						B0FR9BTC98			0	DEFAULT	Migrated Template	Inactive		
Bahamas eSIM 20GB 30Days	Bahamas eSIM 20GB 30Days - high speed internet - mobile data 5G compatible	0630HTPBBLG	BAHAMAS-20GB-30D	121.99	0	30/06/2026 14:48:48 MEST		y	4			11				B0H6MCPR9P						8721438408597			0	DEFAULT	Migrated Template	Inactive		
Bahamas eSIM 3GB 15Days	Bahamas eSIM 3GB 15Days - high speed internet - mobile data 5G compatible	0630HTVE8ER	BAHAMAS-3GB-15D	31.99	0	30/06/2026 14:42:20 MEST		y	4			11				B0H6MB828R						8721438408573			0	DEFAULT	Migrated Template	Inactive		
Bahamas eSIM 5GB 30Days	Bahamas eSIM 5GB 30Days - high speed internet - mobile data 5G compatible	0630HTPNW39	BAHAMAS-5GB-30D	42.99	0	30/06/2026 14:45:31 MEST		y	4			11				B0H6MFGH8P						8721438408580			0	DEFAULT	Migrated Template	Inactive		
Bahrein eSIM 3GB 15Days	Bahrain eSIM 3GB 15Days - high speed internet - mobile data 5G compatible	0630HV1O4D7	BAHRAIN-3GB-15D	10.99	0	30/06/2026 23:40:59 MEST		y	4			11				B0FR9K64KF						8721438400591			0	DEFAULT	Migrated Template	Inactive		
Bangladesh eSIM 20GB 30Days	Bangladesh eSIM 20GB 30Days - high speed internet - mobile data 5G compatible	0630HUZGPN6	BANGLADESH-20GB-30D	22.99	0	30/06/2026 23:51:30 MEST		y	4			11				B0FR8FJ3HJ						8721438400683			0	DEFAULT	Migrated Template	Inactive		
Bangladesh eSIM 3GB 15Days	Bangladesh eSIM 3GB 15Days - high speed internet - mobile data 5G compatible	0630HV2L7VA	BANGLADESH-3GB-15D	8.99	0	30/06/2026 23:44:52 MEST		y	4			11				B0FR9L7SG3						8721438400669			0	DEFAULT	Migrated Template	Inactive		
Bangladesh eSIM 5GB 30Days	Bangladesh eSIM 5GB 30Days - high speed internet - mobile data 5G compatible	0630HV5DSK0	BANGLADESH-5GB-30D	10.99	0	30/06/2026 23:48:34 MEST		y	4			11				B0FR9BQFCM						8721438400676			0	DEFAULT	Migrated Template	Inactive		
Barbados eSIM 20GB 30Days	Barbados eSIM 20GB 30Days - high speed internet - mobile data 5G compatible	0630HTJM08B	BARBADOS-20GB-30D	84.99	0	30/06/2026 14:59:15 MEST		y	4			11				B0H6MJ921X						8721438408627			0	DEFAULT	Migrated Template	Inactive		
Barbados eSIM 3GB 15Days	Barbados eSIM 3GB 15Days - high speed internet - mobile data 5G compatible	0630HTPWE2Q	BARBADOS-3GB-15D	23.99	0	30/06/2026 14:52:37 MEST		y	4			11				B0H6MCD72X						8721438408603			0	DEFAULT	Migrated Template	Inactive		
Barbados eSIM 5GB 30Days	Barbados eSIM 5GB 30Days - high speed internet - mobile data 5G compatible	0630HTQIL8H	BARBADOS-5GB-30D	30.99	0	30/06/2026 14:56:19 MEST		y	4			11				B0H6MG6VYJ						8721438408610			0	DEFAULT	Migrated Template	Inactive		
Bosnia y Herzegovina eSIM 3GB 15Days		0812HQ1PXEY	BA_3_15	8.65	0	12/08/2026 15:23:40 MEST		y	1			11				B0FR9G8ZVK						B0FR9G8ZVK			0	DEFAULT	Migrated Template	Inactive		
Bangladesh eSIM 20GB 30Days		0812HQ2NDNE	BD_20_30	50.11	0	12/08/2026 15:29:14 MEST		y	1			11				B0FR8FJ3HJ						B0FR8FJ3HJ			0	DEFAULT	Migrated Template	Inactive		
Bangladesh eSIM 3GB 15Days		0812HPY8YMC	BD_3_15	11.57	0	12/08/2026 15:23:39 MEST		y	1			11				B0FR9L7SG3						B0FR9L7SG3			0	DEFAULT	Migrated Template	Inactive		
Bangladesh eSIM 5GB 30Days		0812HPU4IMP	BD_5_30	17.36	0	12/08/2026 15:29:49 MEST		y	1			11				B0FR9BQFCM						B0FR9BQFCM			0	DEFAULT	Migrated Template	Inactive		
Bielorrusia eSIM 3GB 15Days	Belarus eSIM 3GB 15Days - high speed internet - mobile data 5G compatible	0630HV1SDGF	BELARUS-3GB-15D	8.99	0	30/06/2026 23:54:16 MEST		y	4			11				B0FR9G3Z82						8721438400706			0	DEFAULT	Migrated Template	Inactive		
Bielorrusia eSIM 5GB 30Days	Belarus eSIM 5GB 30Days - high speed internet - mobile data 5G compatible	0630HV2Z5RS	BELARUS-5GB-30D	11.99	0	30/06/2026 23:57:16 MEST		y	4			11				B0FR8FFT4D						8721438400713			0	DEFAULT	Migrated Template	Inactive		
Bélgica eSIM 20GB 30Days	Belgium eSIM 20GB 30Days - high speed internet - mobile data 5G compatible	0630HUZCWGK	BELGIUM-20GB-30D	14.99	0	01/07/2026 00:08:41 MEST		y	4			11				B0FR9BVRCH						8721438400775			0	DEFAULT	Migrated Template	Inactive		
Bélgica eSIM 3GB 15Days	Belgium eSIM 3GB 15Days - high speed internet - mobile data 5G compatible	0630HV1ZXOT	BELGIUM-3GB-15D	7.99	0	01/07/2026 00:01:06 MEST		y	4			11				B0FR9G432K						8721438400737			0	DEFAULT	Migrated Template	Inactive		
Bélgica eSIM 5GB 30Days	Belgium eSIM 5GB 30Days - high speed internet - mobile data 5G compatible	0630HV4WWI5	BELGIUM-5GB-30D	8.99	0	01/07/2026 00:05:00 MEST		y	4			11				B0FR9SXCW6						8721438400751			0	DEFAULT	Migrated Template	Inactive		
Belice eSIM 20GB 30Days	Belize eSIM 20GB 30Days - high speed internet - mobile data 5G compatible	0630HTVK5YZ	BELIZE-20GB-30D	144.99	0	30/06/2026 15:09:32 MEST		y	4			11				B0H6MBSQM8						8721438408658			0	DEFAULT	Migrated Template	Inactive		
Belice eSIM 3GB 15Days	Belize eSIM 3GB 15Days - high speed internet - mobile data 5G compatible	0630HTPOZQQ	BELIZE-3GB-15D	31.99	0	30/06/2026 15:02:54 MEST		y	4			11				B0H6MFPNTX						8721438408634			0	DEFAULT	Migrated Template	Inactive		
Belice eSIM 5GB 30Days	Belize eSIM 5GB 30Days - high speed internet - mobile data 5G compatible	0630HTMXV49	BELIZE-5GB-30D	52.99	0	30/06/2026 15:06:15 MEST		y	4			11				B0H6MF1H4V						8721438408641			0	DEFAULT	Migrated Template	Inactive		
Benin eSIM 20GB 30Days	Benin eSIM 20GB 30Days - high speed internet - mobile data 5G compatible	0630HTQNL61	BENIN-20GB-30D	75.99	0	30/06/2026 15:19:08 MEST		y	4			11				B0H6M7VGSZ						8721438408689			0	DEFAULT	Migrated Template	Inactive		
Benin eSIM 3GB 15Days	Benin eSIM 3GB 15Days - high speed internet - mobile data 5G compatible	0630HTSOLU0	BENIN-3GB-15D	18.99	0	30/06/2026 15:13:11 MEST		y	4			11				B0H6M9YHDR						8721438408665			0	DEFAULT	Migrated Template	Inactive		
Benin eSIM 5GB 30Days	Benin eSIM 5GB 30Days - high speed internet - mobile data 5G compatible	0630HTQ74NU	BENIN-5GB-30D	30.99	0	30/06/2026 15:16:33 MEST		y	4			11				B0H6MHRNBH						8721438408672			0	DEFAULT	Migrated Template	Inactive		
Bermuda eSIM 20GB 30Days	Bermuda eSIM 20GB 30Days - high speed internet - mobile data 5G compatible	0630HTYU1X2	BERMUDA-20GB-30D	100.99	0	30/06/2026 15:30:00 MEST		y	4			11				B0H6MCGQ77						8721438408719			0	DEFAULT	Migrated Template	Inactive		
Bermuda eSIM 3GB 15Days	Bermuda eSIM 3GB 15Days - high speed internet - mobile data 5G compatible	0630HTV4GRY	BERMUDA-3GB-15D	24.99	0	30/06/2026 15:23:01 MEST		y	4			11				B0H6MDMTGH						8721438408696			0	DEFAULT	Migrated Template	Inactive		
Bermuda eSIM 5GB 30Days	Bermuda eSIM 5GB 30Days - high speed internet - mobile data 5G compatible	0630HTQUQ05	BERMUDA-5GB-30D	32.99	0	30/06/2026 15:26:43 MEST		y	4			11				B0H6MFM5X4						8721438408702			0	DEFAULT	Migrated Template	Inactive		
Bélgica eSIM 20GB 30Days		0325HSESSMP	BE_20_30	20.09	0	25/03/2026 10:55:08 MET		y	1			11				B0FR9BVRCH						B0FR9BVRCH			0	DEFAULT	Migrated Template	Inactive		
Bélgica eSIM 3GB 15Days		0325HS1O8U1	BE_3_15	7.49	0	25/03/2026 09:21:01 MET		y	1			11				B0FR9G432K						B0FR9G432K			0	DEFAULT	Migrated Template	Inactive		
Bélgica eSIM 5GB 30Days		0325HRYANFJ	BE_5_30	8.64	0	25/03/2026 09:20:31 MET		y	1			11				B0FR9SXCW6						B0FR9SXCW6			0	DEFAULT	Migrated Template	Inactive		
Burkina Faso eSIM 3GB 15Days		0812HPU03P4	BF_3_15	28.05	0	12/08/2026 15:26:16 MEST		y	1			11				B0FR9HWFSK						B0FR9HWFSK			0	DEFAULT	Migrated Template	Inactive		
Burkina Faso eSIM 5GB 30Days		0812HQ0D19A	BF_5_30	40.81	0	12/08/2026 15:29:42 MEST		y	1			11				B0FR9BWKSY						B0FR9BWKSY			0	DEFAULT	Migrated Template	Inactive		
Bután eSIM 20GB 30Days	Bhutan eSIM 20GB 30Days - high speed internet - mobile data 5G compatible	0630HTW5OJB	BHUTAN-20GB-30D	57.99	0	30/06/2026 15:41:09 MEST		y	4			11				B0H6M5WDSH						8721438408740			0	DEFAULT	Migrated Template	Inactive		
Bután eSIM 3GB 15Days	Bhutan eSIM 3GB 15Days - high speed internet - mobile data 5G compatible	0630HTY3UXT	BHUTAN-3GB-15D	17.99	0	30/06/2026 15:33:58 MEST		y	4			11				B0H6MJB588						8721438408726			0	DEFAULT	Migrated Template	Inactive		
Bután eSIM 5GB 30Days	Bhutan eSIM 5GB 30Days - high speed internet - mobile data 5G compatible	0630HTWPSG3	BHUTAN-5GB-30D	19.99	0	30/06/2026 15:37:51 MEST		y	4			11				B0H6M9C23Q						8721438408733			0	DEFAULT	Migrated Template	Inactive		
Bahrein eSIM 3GB 15Days		0812HPY7T13	BH_3_15	10.39	0	12/08/2026 15:24:30 MEST		y	1			11				B0FR9K64KF						B0FR9K64KF			0	DEFAULT	Migrated Template	Inactive		
Brunei Darussalam eSIM 20GB 30Days		0812HQ3N6NC	BN_20_30	78.03	0	12/08/2026 15:25:51 MEST		y	1			11				B0FR9F971C						B0FR9F971C			0	DEFAULT	Migrated Template	Inactive		
Brunei Darussalam eSIM 3GB 15Days		0812HPZJQCX	BN_3_15	17.94	0	12/08/2026 15:30:03 MEST		y	1			11				B0FR9KTJND						B0FR9KTJND			0	DEFAULT	Migrated Template	Inactive		
Bolivia eSIM 20GB 30Days	Bolivia eSIM 20GB 30Days - high speed internet - mobile data 5G compatible	0630HV2ERDL	BOLIVIA-20GB-30D	88.99	0	01/07/2026 00:15:30 MEST		y	4			11				B0FR9RH588						8721438400829			0	DEFAULT	Migrated Template	Inactive		
Bolivia eSIM 3GB 15Days	Bolivia eSIM 3GB 15Days - high speed internet - mobile data 5G compatible	0630HV660UX	BOLIVIA-3GB-15D	24.99	0	01/07/2026 00:12:20 MEST		y	4			11				B0FR8FKPKH						8721438400812			0	DEFAULT	Migrated Template	Inactive		
Bosnia y Herzegovina eSIM 3GB 15Days	Bosnia and Herzegovina eSIM 3GB 15Days - high speed internet - mobile data 5G compatible	0630HV6HOSF	BOSNIA-AND-HERZEGOVINA-3GB-15D	10.99	0	01/07/2026 00:18:27 MEST		y	4			11				B0FR9G8ZVK						8721438400843			0	DEFAULT	Migrated Template	Inactive		
Botswana eSIM 3GB 15Days	Botswana eSIM 3GB 15Days - high speed internet - mobile data 5G compatible	0630HV1W80D	BOTSWANA-3GB-15D	22.99	0	01/07/2026 00:22:07 MEST		y	4			11				B0FR9G7N2Q						8721438400867			0	DEFAULT	Migrated Template	Inactive		
Bolivia eSIM 20GB 30Days		0812HQ2HJVR	BO_20_30	154.17	0	12/08/2026 15:24:44 MEST		y	1			11				B0FR9RH588						B0FR9RH588			0	DEFAULT	Migrated Template	Inactive		
Bolivia eSIM 3GB 15Days		0812HPY0ZGY	BO_3_15	26.89	0	12/08/2026 15:25:57 MEST		y	1			11				B0FR8FKPKH						B0FR8FKPKH			0	DEFAULT	Migrated Template	Inactive		
Brasil eSIM 20GB 30Days	Brazil eSIM 20GB 30Days - high speed internet - mobile data 5G compatible	0630HV84GF1	BRAZIL-20GB-30D	32.99	0	01/07/2026 00:28:38 MEST		y	4			11				B0FR9KLZCR						8721438400935			0	DEFAULT	Migrated Template	Inactive		
Brasil eSIM 3GB 15Days	Brazil eSIM 3GB 15Days - high speed internet - mobile data 5G compatible	0630HV0F8K5	BRAZIL-3GB-15D	9.99	0	01/07/2026 00:25:38 MEST		y	4			11				B0FR9G5LKV						8721438400898			0	DEFAULT	Migrated Template	Inactive		
Brunei Darussalam eSIM 20GB 30Days	Brunei Darussalam eSIM 20GB 30Days - high speed internet - mobile data 5G compatible	0630HV0FOZN	BRUNEI-DARUSSALAM-20GB-30D	65.99	0	01/07/2026 00:34:35 MEST		y	4			11				B0FR9F971C						8721438400997			0	DEFAULT	Migrated Template	Inactive		
Brunei Darussalam eSIM 3GB 15Days	Brunei Darussalam eSIM 3GB 15Days - high speed internet - mobile data 5G compatible	0630HV8F4RR	BRUNEI-DARUSSALAM-3GB-15D	13.99	0	01/07/2026 00:31:46 MEST		y	4			11				B0FR9KTJND						8721438400980			0	DEFAULT	Migrated Template	Inactive		
Brasil eSIM 20GB 30Days		0812HQ0BDCE	BR_20_30	39.66	0	12/08/2026 15:30:27 MEST		y	1			11				B0FR9KLZCR						B0FR9KLZCR			0	DEFAULT	Migrated Template	Inactive		
Brasil eSIM 3GB 15Days		0812HQ3BXLI	BR_3_15	9.23	0	12/08/2026 15:23:43 MEST		y	1			11				B0FR9G5LKV						B0FR9G5LKV			0	DEFAULT	Migrated Template	Inactive		
Bulgaria eSIM 3GB 15Days	Bulgaria eSIM 3GB 15Days - high speed internet - mobile data 5G compatible	0630HTFJLCX	BULGARIA-3GB-15D	7.99	0	30/06/2026 13:11:36 MEST		y	4			11				B0H6MCT4Y5						8721438401031			0	DEFAULT	Migrated Template	Inactive		
Burkina Faso eSIM 3GB 15Days	Burkina Faso eSIM 3GB 15Days - high speed internet - mobile data 5G compatible	0630HV5TJ5M	BURKINA-FASO-3GB-15D	11.99	0	01/07/2026 00:37:42 MEST		y	4			11				B0FR9HWFSK						8721438401086			0	DEFAULT	Migrated Template	Inactive		
Burkina Faso eSIM 5GB 30Days	Burkina Faso eSIM 5GB 30Days - high speed internet - mobile data 5G compatible	0630HUX5XNL	BURKINA-FASO-5GB-30D	34.99	0	01/07/2026 00:40:51 MEST		y	4			11				B0FR9BWKSY						8721438401093			0	DEFAULT	Migrated Template	Inactive		
Botswana eSIM 3GB 15Days		0812HQ094NX	BW_3_15	28.04	0	12/08/2026 15:29:57 MEST		y	1			11				B0FR9G7N2Q						B0FR9G7N2Q			0	DEFAULT	Migrated Template	Inactive		
Bielorrusia eSIM 3GB 15Days		0812HQ0D6QI	BY_3_15	10.39	0	12/08/2026 15:30:39 MEST		y	1			11				B0FR9G3Z82						B0FR9G3Z82			0	DEFAULT	Migrated Template	Inactive		
Bielorrusia eSIM 5GB 30Days		0812HPWKM8O	BY_5_30	16.79	0	12/08/2026 15:24:12 MEST		y	1			11				B0FR8FFT4D						B0FR8FFT4D			0	DEFAULT	Migrated Template	Inactive		
Camboya eSIM 20GB 30Days	Cambodia eSIM 20GB 30Days - high speed internet - mobile data 5G compatible	0630HV86SVZ	CAMBODIA-20GB-30D	25.99	0	01/07/2026 01:24:22 MEST		y	4			11				B0FR9GFJPL						8721438401710			0	DEFAULT	Migrated Template	Inactive		
Camboya eSIM 3GB 15Days	Cambodia eSIM 3GB 15Days - high speed internet - mobile data 5G compatible	0630HUXH3XC	CAMBODIA-3GB-15D	8.99	0	01/07/2026 01:20:50 MEST		y	4			11				B0FR8XKMJ4						8721438401697			0	DEFAULT	Migrated Template	Inactive		
Camerún eSIM 3GB 15Days	Cameroon eSIM 3GB 15Days - high speed internet - mobile data 5G compatible	0630HV7YFJZ	CAMEROON-3GB-15D	20.99	0	01/07/2026 00:44:18 MEST		y	4			11				B0FR9VJ1ZB						8721438401116			0	DEFAULT	Migrated Template	Inactive		
Canada eSIM 20GB 30Days Premium	Canada eSIM 20GB 30Days Premium - high speed internet - mobile data 5G compatible	0630HUTA3FM	CANADA-PREMIUM-20GB-30D	29.99	0	30/06/2026 22:33:31 MEST		y	4			11				B0H6MJ9N4Y						8721438410606			0	DEFAULT	Migrated Template	Inactive		
Canada eSIM 3GB 15Days Premium	Canada eSIM 3GB 15Days Premium - high speed internet - mobile data 5G compatible	0630HURJS6Q	CANADA-PREMIUM-3GB-15D	9.99	0	30/06/2026 22:27:14 MEST		y	4			11				B0H6MJ1HMJ						8721438410583			0	DEFAULT	Migrated Template	Inactive		
Canada eSIM 5GB 30Days Premium	Canada eSIM 5GB 30Days Premium - high speed internet - mobile data 5G compatible	0630HUTXG1R	CANADA-PREMIUM-5GB-30D	14.99	0	30/06/2026 22:30:34 MEST		y	4			11				B0H6MPXGBN						8721438410590			0	DEFAULT	Migrated Template	Inactive		
Cabo Verde eSIM 20GB 30Days	Cape Verde eSIM 20GB 30Days - high speed internet - mobile data 5G compatible	0630HTW2W0R	CAPE-VERDE-20GB-30D	162.99	0	30/06/2026 15:51:57 MEST		y	4			11				B0H6M9VSPG						8721438408771			0	DEFAULT	Migrated Template	Inactive		
Cabo Verde eSIM 3GB 15Days	Cape Verde eSIM 3GB 15Days - high speed internet - mobile data 5G compatible	0630HTTCIGX	CAPE-VERDE-3GB-15D	32.99	0	30/06/2026 15:44:47 MEST		y	4			11				B0H6M9R16H						8721438408757			0	DEFAULT	Migrated Template	Inactive		
Cabo Verde eSIM 5GB 30Days	Cape Verde eSIM 5GB 30Days - high speed internet - mobile data 5G compatible	0630HTWX2C0	CAPE-VERDE-5GB-30D	53.99	0	30/06/2026 15:48:29 MEST		y	4			11				B0H6MFG453						8721438408764			0	DEFAULT	Migrated Template	Inactive		
Islas Caimán eSIM 20GB 30Days	Cayman Islands eSIM 20GB 30Days - high speed internet - mobile data 5G compatible	0630HTWYZS2	CAYMAN-ISLANDS-20GB-30D	94.99	0	30/06/2026 16:01:53 MEST		y	4			11				B0H6MGXYNS						8721438408801			0	DEFAULT	Migrated Template	Inactive		
Islas Caimán eSIM 3GB 15Days	Cayman Islands eSIM 3GB 15Days - high speed internet - mobile data 5G compatible	0630HTWDWPO	CAYMAN-ISLANDS-3GB-15D	26.99	0	30/06/2026 15:55:25 MEST		y	4			11				B0H6MLHBD7						8721438408788			0	DEFAULT	Migrated Template	Inactive		
Islas Caimán eSIM 5GB 30Days	Cayman Islands eSIM 5GB 30Days - high speed internet - mobile data 5G compatible	0630HTZ8GWP	CAYMAN-ISLANDS-5GB-30D	34.99	0	30/06/2026 15:58:56 MEST		y	4			11				B0H6M55MKK						8721438408795			0	DEFAULT	Migrated Template	Inactive		
Canada eSIM 20GB 30 días | SIM de datos de pago por uso | Fácil configuración | SIM de viaje para turistas y negocios | Velocidades 3G/4G		0325HSA8684	CA_20_30	29.72	0	25/03/2026 10:12:38 MET		y	1			11				B0FR9BY42D						B0FR9BY42D			0	DEFAULT	Migrated Template	Inactive		
Canada eSIM 3GB 15 días | SIM de datos de pago por uso | Fácil configuración | SIM de viaje para turistas y negocios | Velocidades 3G/4G		0325HSALT67	CA_3_15	12.25	0	25/03/2026 10:12:10 MET		y	1			11				B0FR9RZLF3						B0FR9RZLF3			0	DEFAULT	Migrated Template	Inactive		
Canada eSIM 5GB 30 días | SIM de datos de pago por uso | Fácil configuración | SIM de viaje para turistas y negocios | Velocidades 3G/4G		0325HS0ILZ7	CA_5_30	15.73	0	25/03/2026 09:27:21 MET		y	1			11				B0FR9SYCBK						B0FR9SYCBK			0	DEFAULT	Migrated Template	Inactive		
República Centroafricana eSIM 3GB 15Days	Central African Republic eSIM 3GB 15Days - high speed internet - mobile data 5G compatible	0630HV8DY5V	CENTRAL-AFRICAN-REPUBLIC-3GB-15D	19.99	0	01/07/2026 00:48:19 MEST		y	4			11				B0FR9RK8FP						8721438401352			0	DEFAULT	Migrated Template	Inactive		
República Centroafricana eSIM 5GB 30Days	Central African Republic eSIM 5GB 30Days - high speed internet - mobile data 5G compatible	0630HV631ZO	CENTRAL-AFRICAN-REPUBLIC-5GB-30D	33.99	0	01/07/2026 00:51:39 MEST		y	4			11				B0FR9R3NMC						8721438401369			0	DEFAULT	Migrated Template	Inactive		
República Centroafricana eSIM 3GB 15Days		0812HPX2WQ1	CF_3_15	28.04	0	12/08/2026 15:27:58 MEST		y	1			11				B0FR9RK8FP						B0FR9RK8FP			0	DEFAULT	Migrated Template	Inactive		
República Centroafricana eSIM 5GB 30Days		0812HQ1GZRT	CF_5_30	40.81	0	12/08/2026 15:30:49 MEST		y	1			11				B0FR9R3NMC						B0FR9R3NMC			0	DEFAULT	Migrated Template	Inactive		
Chad eSIM 3GB 15Days	Chad eSIM 3GB 15Days - high speed internet - mobile data 5G compatible	0630HVEH431	CHAD-3GB-15D	16.99	0	01/07/2026 00:54:46 MEST		y	4			11				B0FR9SG4MK						8721438401420			0	DEFAULT	Migrated Template	Inactive		
Chad eSIM 5GB 30Days	Chad eSIM 5GB 30Days - high speed internet - mobile data 5G compatible	0630HUX6LDV	CHAD-5GB-30D	27.99	0	01/07/2026 00:57:44 MEST		y	4			11				B0FR9L414C						8721438401437			0	DEFAULT	Migrated Template	Inactive		
Chile eSIM 3GB 15Days	Chile eSIM 3GB 15Days - high speed internet - mobile data 5G compatible	0630HUXBO0W	CHILE-3GB-15D	12.99	0	01/07/2026 01:01:23 MEST		y	4			11				B0FR9RY1RT						8721438401451			0	DEFAULT	Migrated Template	Inactive		
China eSIM 20GB 30Days	China eSIM 20GB 30Days - high speed internet - mobile data 5G compatible	0630HV990GF	CHINA-20GB-30D	17.99	0	01/07/2026 01:13:10 MEST		y	4			11				B0FR9GD6X9						8721438401604			0	DEFAULT	Migrated Template	Inactive		
China eSIM 3GB 15Days	China eSIM 3GB 15Days - high speed internet - mobile data 5G compatible	0630HV6MU0V	CHINA-3GB-15D	7.99	0	01/07/2026 01:05:37 MEST		y	4			11				B0FR9QZ578						8721438401574			0	DEFAULT	Migrated Template	Inactive		
China eSIM 5GB 30Days	China eSIM 5GB 30Days - high speed internet - mobile data 5G compatible	0630HUXAXRJ	CHINA-5GB-30D	8.99	0	01/07/2026 01:09:31 MEST		y	4			11				B0FR9HX7XH						8721438401581			0	DEFAULT	Migrated Template	Inactive		
Suiza eSIM 20GB 30Days		0325HS4NMMD	CH_20_30	16.79	0	25/03/2026 10:07:07 MET		y	1			11				B0FRB6VY7S						B0FRB6VY7S			0	DEFAULT	Migrated Template	Inactive		
Suiza eSIM 3GB 15Days		0325HSDEYBJ	CH_3_15	6.33	0	25/03/2026 10:10:36 MET		y	1			11				B0FRB5LFVC						B0FRB5LFVC			0	DEFAULT	Migrated Template	Inactive		
Suiza eSIM 5GB 30Days		0325HS834QI	CH_5_30	8.65	0	25/03/2026 10:06:42 MET		y	1			11				B0FRB7G4VW						B0FRB7G4VW			0	DEFAULT	Migrated Template	Inactive		
Costa de Marfil eSIM 3GB 15Days		0812HPVEX5O	CI_3_15	28.06	0	12/08/2026 15:25:12 MEST		y	1			11				B0FR9HW9DJ						B0FR9HW9DJ			0	DEFAULT	Migrated Template	Inactive		
Costa de Marfil eSIM 5GB 30Days		0812HPZ5ISZ	CI_5_30	40.81	0	12/08/2026 15:29:39 MEST		y	1			11				B0FR9V5LYJ						B0FR9V5LYJ			0	DEFAULT	Migrated Template	Inactive		
Chile eSIM 3GB 15Days		0812HPU3RRS	CL_3_15	23.37	0	12/08/2026 15:26:49 MEST		y	1			11				B0FR9RY1RT						B0FR9RY1RT			0	DEFAULT	Migrated Template	Inactive		
Camerún eSIM 3GB 15Days		0812HPTXP9C	CM_3_15	28.06	0	12/08/2026 15:25:54 MEST		y	1			11				B0FR9VJ1ZB						B0FR9VJ1ZB			0	DEFAULT	Migrated Template	Inactive		
China eSIM 20GB 30Days		0325HRZEMT4	CN_20_30	19.88	0	25/03/2026 09:26:14 MET		y	1			11				B0FR9GD6X9						B0FR9GD6X9			0	DEFAULT	Migrated Template	Inactive		
China eSIM 3GB 15Days		0325HRZDXTJ	CN_3_15	7.49	0	25/03/2026 09:28:04 MET		y	1			11				B0FR9QZ578						B0FR9QZ578			0	DEFAULT	Migrated Template	Inactive		
China eSIM 5GB 30Days		0325HRZZYVL	CN_5_30	9.81	0	25/03/2026 10:04:44 MET		y	1			11				B0FR9HX7XH						B0FR9HX7XH			0	DEFAULT	Migrated Template	Inactive		
Colombia eSIM 3GB 15Days	Colombia eSIM 3GB 15Days - high speed internet - mobile data 5G compatible	0630HV3Q9UG	COLOMBIA-3GB-15D	13.99	0	01/07/2026 01:16:59 MEST		y	4			11				B0FR9RL8W5						8721438401673			0	DEFAULT	Migrated Template	Inactive		
Costa Rica eSIM 3GB 15Days	Costa Rica eSIM 3GB 15Days - high speed internet - mobile data 5G compatible	0630HVB2VGA	COSTA-RICA-3GB-15D	14.99	0	01/07/2026 01:27:49 MEST		y	4			11				B0FR9LNRMN						8721438401765			0	DEFAULT	Migrated Template	Inactive		
Costa de Marfil eSIM 3GB 15Days	Cote d'Ivoire eSIM 3GB 15Days - high speed internet - mobile data 5G compatible	0630HVBC760	COTE-D-IVOIRE-3GB-15D	23.99	0	01/07/2026 01:31:09 MEST		y	4			11				B0FR9HW9DJ						8721438401789			0	DEFAULT	Migrated Template	Inactive		
Colombia eSIM 3GB 15Days		0812HQ314VT	CO_3_15	11.57	0	12/08/2026 15:26:23 MEST		y	1			11				B0FR9RL8W5						B0FR9RL8W5			0	DEFAULT	Migrated Template	Inactive		
Costa Rica eSIM 3GB 15Days		0812HQ2VCJJ	CR_3_15	17.96	0	12/08/2026 15:27:26 MEST		y	1			11				B0FR9LNRMN						B0FR9LNRMN			0	DEFAULT	Migrated Template	Inactive		
Curazao eSIM 20GB 30Days	Curacao eSIM 20GB 30Days - high speed internet - mobile data 5G compatible	0630HU2I1VR	CURACAO-20GB-30D	78.99	0	30/06/2026 16:12:20 MEST		y	4			11				B0H6MF51WH						8721438408832			0	DEFAULT	Migrated Template	Inactive		
Curazao eSIM 3GB 15Days	Curacao eSIM 3GB 15Days - high speed internet - mobile data 5G compatible	0630HU0H0OH	CURACAO-3GB-15D	21.99	0	30/06/2026 16:05:41 MEST		y	4			11				B0H6M81JPM						8721438408818			0	DEFAULT	Migrated Template	Inactive		
Curazao eSIM 5GB 30Days	Curacao eSIM 5GB 30Days - high speed internet - mobile data 5G compatible	0630HTX7A3C	CURACAO-5GB-30D	28.99	0	30/06/2026 16:09:14 MEST		y	4			11				B0H6MGZLBC						8721438408825			0	DEFAULT	Migrated Template	Inactive		
Chipre eSIM 3GB 15Days		0812HPX9QO1	CY_3_15	4.01	0	12/08/2026 15:23:10 MEST		y	1			11				B0FR8XJWWG						B0FR8XJWWG			0	DEFAULT	Migrated Template	Inactive		
Chipre eSIM 5GB 30Days		0812HPU2BJ9	CY_5_30	5.74	0	12/08/2026 15:31:33 MEST		y	1			11				B0FR8XHWZV						B0FR8XHWZV			0	DEFAULT	Migrated Template	Inactive		
República Checa eSIM 20GB 30Days		0812HQ3QT8W	CZ_20_30	16.21	0	12/08/2026 15:25:53 MEST		y	1			11				B0FR9SVN9H						B0FR9SVN9H			0	DEFAULT	Migrated Template	Inactive		
República Checa eSIM 5GB 30Days		0812HPU07S4	CZ_5_30	5.75	0	12/08/2026 15:26:18 MEST		y	1			11				B0FR9BY2LF						B0FR9BY2LF			0	DEFAULT	Migrated Template	Inactive		
República Democrática del Congo eSIM 3GB 15Days	Democratic Republic of the Congo eSIM 3GB 15Days - high speed internet - mobile data 5G compatible	0630HU0X93I	DEMOCRATIC-REPUBLIC-OF-THE-CONGO-3GB-15D	13.99	0	30/06/2026 16:15:48 MEST		y	4			11				B0H6LZL22Y						8721438408849			0	DEFAULT	Migrated Template	Inactive		
República Democrática del Congo eSIM 5GB 30Days	Democratic Republic of the Congo eSIM 5GB 30Days - high speed internet - mobile data 5G compatible	0630HU19UKQ	DEMOCRATIC-REPUBLIC-OF-THE-CONGO-5GB-30D	21.99	0	30/06/2026 16:19:20 MEST		y	4			11				B0H6M6L8Z8						8721438408856			0	DEFAULT	Migrated Template	Inactive		
Alemania eSIM 20GB 30Days		0325HRTU0WJ	DE_20_30	32.52	0	25/03/2026 09:04:40 MET		y	1			11				B0GSZP9H94						B0GSZP9H94			0	DEFAULT	Migrated Template	Inactive		
Alemania eSIM 3GB 15Days		0325HS2I41M	DE_3_15	9.93	0	25/03/2026 09:19:31 MET		y	1			11				B0GSZBMLKV						B0GSZBMLKV			0	DEFAULT	Migrated Template	Inactive		
Alemania eSIM 5GB 30Days		0325HS7L94F	DE_5_30	11.66	0	25/03/2026 10:02:27 MET		y	1			11				B0GSZDYWLZ						B0GSZDYWLZ			0	DEFAULT	Migrated Template	Inactive		
Dinamarca eSIM 20GB 30Days		0812HQ3H26M	DK_20_30	15.63	0	12/08/2026 15:24:00 MEST		y	1			11				B0FR9QPF45						B0FR9QPF45			0	DEFAULT	Migrated Template	Inactive		
Dinamarca eSIM 3GB 15Days		0812HPTZIW0	DK_3_15	4.01	0	12/08/2026 15:27:44 MEST		y	1			11				B0FR9GSNP4						B0FR9GSNP4			0	DEFAULT	Migrated Template	Inactive		
Dinamarca eSIM 5GB 30Days		0812HPU1J7S	DK_5_30	5.75	0	12/08/2026 15:30:21 MEST		y	1			11				B0FR8XQYR4						B0FR8XQYR4			0	DEFAULT	Migrated Template	Inactive		
Dominica eSIM 20GB 30Days	Dominica eSIM 20GB 30Days - high speed internet - mobile data 5G compatible	0630HU29XIT	DOMINICA-20GB-30D	87.99	0	30/06/2026 16:32:59 MEST		y	4			11				B0H6MK8XTJ						8721438408894			0	DEFAULT	Migrated Template	Inactive		
Dominica eSIM 3GB 15Days	Dominica eSIM 3GB 15Days - high speed internet - mobile data 5G compatible	0630HU6DWZ1	DOMINICA-3GB-15D	23.99	0	30/06/2026 16:26:31 MEST		y	4			11				B0H6M9H54M						8721438408870			0	DEFAULT	Migrated Template	Inactive		
Dominica eSIM 5GB 30Days	Dominica eSIM 5GB 30Days - high speed internet - mobile data 5G compatible	0630HU0PXBF	DOMINICA-5GB-30D	31.99	0	30/06/2026 16:29:52 MEST		y	4			11				B0H6M5HR32						8721438408887			0	DEFAULT	Migrated Template	Inactive		
República Dominicana eSIM 20GB 30Days		0812HQ43HHU	DO_20_30	98.32	0	12/08/2026 15:29:21 MEST		y	1			11				B0FR9C6DJF						B0FR9C6DJF			0	DEFAULT	Migrated Template	Inactive		
República Dominicana eSIM 3GB 15Days		0812HPX7WS1	DO_3_15	23.37	0	12/08/2026 15:26:31 MEST		y	1			11				B0FR9GSKZF						B0FR9GSKZF			0	DEFAULT	Migrated Template	Inactive		
República Dominicana eSIM 5GB 30Days		0812HPX50K9	DO_5_30	33.28	0	12/08/2026 15:22:36 MEST		y	1			11				B0FR9GQKCM						B0FR9GQKCM			0	DEFAULT	Migrated Template	Inactive		
República Democrática del Congo eSIM 20GB 30Days	Democratic Republic of the Congo eSIM 20GB 30Days - high speed internet - mobile data 5G compatible	0630HU1B5RW	DRC-20GB-30D	58.99	0	30/06/2026 16:22:58 MEST		y	4			11				B0H6MZWFM7						8721438408863			0	DEFAULT	Migrated Template	Inactive		
Ecuador eSIM 3GB 15Days		0812HPX5LFI	EC_3_15	17.96	0	12/08/2026 15:22:21 MEST		y	1			11				B0FR9RM6MP						B0FR9RM6MP			0	DEFAULT	Migrated Template	Inactive		
Estonia eSIM 20GB 30Days		0812HPU1ECG	EE_20_30	17.36	0	12/08/2026 15:28:11 MEST		y	1			11				B0FR9L527N						B0FR9L527N			0	DEFAULT	Migrated Template	Inactive		
Estonia eSIM 3GB 15Days		0812HQ08JJE	EE_3_15	4.01	0	12/08/2026 15:23:04 MEST		y	1			11				B0FR9GST1S						B0FR9GST1S			0	DEFAULT	Migrated Template	Inactive		
Estonia eSIM 5GB 30Days		0812HQ2JHPN	EE_5_30	5.75	0	12/08/2026 15:25:58 MEST		y	1			11				B0FR9GQYKB						B0FR9GQYKB			0	DEFAULT	Migrated Template	Inactive		
Egipto eSIM 20GB 30Days		0325HS1RM3Z	EG_20_30	35.59	0	25/03/2026 09:26:28 MET		y	1			11				B0FR9GQBGL						B0FR9GQBGL			0	DEFAULT	Migrated Template	Inactive		
Egipto eSIM 3GB 15Days		0325HS0QBS1	EG_3_15	10.97	0	25/03/2026 09:28:51 MET		y	1			11				B0FR9C784N						B0FR9C784N			0	DEFAULT	Migrated Template	Inactive		
Egipto eSIM 3GB 30 días | SIM de datos de pago por uso | Fácil configuración | SIM de viaje para turistas y negocios | Velocidades 3G/4G		0325HSLRW4A	EG_3_30	14.51	0	25/03/2026 11:22:04 MET		y	1			11				B0FR9GNL93						B0FR9GNL93			0	DEFAULT	Migrated Template	Inactive		
Egipto eSIM 5GB 30Days		0812HPU1HB4	EG_5_30	14.06	0	12/08/2026 15:26:25 MEST		y	1			11				B0FR9LR5KJ						B0FR9LR5KJ			0	DEFAULT	Migrated Template	Inactive		
España eSIM 20GB 30Days		0325HS60A9W	ES_20_30	18.26	0	25/03/2026 10:08:51 MET		y	1			11				B0FRCMPGPL						B0FRCMPGPL			0	DEFAULT	Migrated Template	Inactive		
España eSIM 3GB 15Days		0325HSHGT1D	ES_3_15	7.49	0	25/03/2026 10:02:25 MET		y	1			11				B0FRCDHTZ7						B0FRCDHTZ7			0	DEFAULT	Migrated Template	Inactive		
España eSIM 5GB 30Days		0325HSAJ1OG	ES_5_30	9.81	0	25/03/2026 10:06:54 MET		y	1			11				B0FRBQCLZN						B0FRBQCLZN			0	DEFAULT	Migrated Template	Inactive		
Europa (más de 40 áreas) eSIM 20 GB 30 días		0812HQ1DP6A	EU-42_20_30	50.15	0	12/08/2026 15:26:24 MEST		y	1			11				B0FR9TNPV3						B0FR9TNPV3			0	DEFAULT	Migrated Template	Inactive		
Europa (más de 40 áreas) eSIM 5GB 30Days		0812HQ3N4OW	EU-42_5_30	17.32	0	12/08/2026 15:28:57 MEST		y	1			11				B0FR9RYSSS						B0FR9RYSSS			0	DEFAULT	Migrated Template	Inactive		
Islas Feroe eSIM 20GB 30Days	Faroe Islands eSIM 20GB 30Days - high speed internet - mobile data 5G compatible	0630HU78C0A	FAROE-ISLANDS-20GB-30D	28.99	0	30/06/2026 16:42:45 MEST		y	4			11				B0H6MB82ZV						8721438408924			0	DEFAULT	Migrated Template	Inactive		
Islas Feroe eSIM 3GB 15Days	Faroe Islands eSIM 3GB 15Days - high speed internet - mobile data 5G compatible	0630HU2SU2G	FAROE-ISLANDS-3GB-15D	8.99	0	30/06/2026 16:36:17 MEST		y	4			11				B0H6ML935Q						8721438408900			0	DEFAULT	Migrated Template	Inactive		
Islas Feroe eSIM 5GB 30Days	Faroe Islands eSIM 5GB 30Days - high speed internet - mobile data 5G compatible	0630HU2035E	FAROE-ISLANDS-5GB-30D	11.99	0	30/06/2026 16:39:48 MEST		y	4			11				B0H6MF2TVH						8721438408917			0	DEFAULT	Migrated Template	Inactive		
Fiji eSIM 20GB 30Days	Fiji eSIM 20GB 30Days - high speed internet - mobile data 5G compatible	0630HU9RCBQ	FIJI-20GB-30D	39.99	0	30/06/2026 16:52:00 MEST		y	4			11				B0H6MGBL3N						8721438408955			0	DEFAULT	Migrated Template	Inactive		
Fiji eSIM 3GB 15Days	Fiji eSIM 3GB 15Days - high speed internet - mobile data 5G compatible	0630HU6GPVN	FIJI-3GB-15D	11.99	0	30/06/2026 16:46:04 MEST		y	4			11				B0H6MFLWYD						8721438408931			0	DEFAULT	Migrated Template	Inactive		
Fiji eSIM 5GB 30Days	Fiji eSIM 5GB 30Days - high speed internet - mobile data 5G compatible	0630HU65A6K	FIJI-5GB-30D	13.99	0	30/06/2026 16:49:14 MEST		y	4			11				B0H6MJ7GS6						8721438408948			0	DEFAULT	Migrated Template	Inactive		
Finlandia eSIM 3GB 15Days		0812HPX95T1	FI_3_15	3.42	0	12/08/2026 15:28:59 MEST		y	1			11				B0FR9GSND6						B0FR9GSND6			0	DEFAULT	Migrated Template	Inactive		
Finlandia eSIM 5GB 30Days		0812HQ467JL	FI_5_30	4.59	0	12/08/2026 15:23:21 MEST		y	1			11				B0FR9SB3BJ						B0FR9SB3BJ			0	DEFAULT	Migrated Template	Inactive		
Guayana Francesa eSIM 20GB 30Days	French Guiana eSIM 20GB 30Days - high speed internet - mobile data 5G compatible	0630HU9L3PA	FRENCH-GUIANA-20GB-30D	16.99	0	30/06/2026 17:01:26 MEST		y	4			11				B0H6MDNXJJ						8721438408986			0	DEFAULT	Migrated Template	Inactive		
Guayana Francesa eSIM 3GB 15Days	French Guiana eSIM 3GB 15Days - high speed internet - mobile data 5G compatible	0630HU3BFY2	FRENCH-GUIANA-3GB-15D	7.99	0	30/06/2026 16:54:57 MEST		y	4			11				B0H6MFD6Z3						8721438408962			0	DEFAULT	Migrated Template	Inactive		
Guayana Francesa eSIM 5GB 30Days	French Guiana eSIM 5GB 30Days - high speed internet - mobile data 5G compatible	0630HU3JCXM	FRENCH-GUIANA-5GB-30D	8.99	0	30/06/2026 16:58:29 MEST		y	4			11				B0H6MGC352						8721438408979			0	DEFAULT	Migrated Template	Inactive		
Polinesia Francesa eSIM 20GB 30Days	French Polynesia eSIM 20GB 30Days - high speed internet - mobile data 5G compatible	0630HU77ARP	FRENCH-POLYNESIA-20GB-30D	241.99	0	30/06/2026 17:11:12 MEST		y	4			11				B0H6M59GH9						8721438409013			0	DEFAULT	Migrated Template	Inactive		
Polinesia Francesa eSIM 3GB 15Days	French Polynesia eSIM 3GB 15Days - high speed internet - mobile data 5G compatible	0630HU6UEB1	FRENCH-POLYNESIA-3GB-15D	47.99	0	30/06/2026 17:04:34 MEST		y	4			11				B0H6MF6GHP						8721438408993			0	DEFAULT	Migrated Template	Inactive		
Polinesia Francesa eSIM 5GB 30Days	French Polynesia eSIM 5GB 30Days - high speed internet - mobile data 5G compatible	0630HU6XMQI	FRENCH-POLYNESIA-5GB-30D	66.99	0	30/06/2026 17:07:45 MEST		y	4			11				B0H6MD2GXY						8721438409006			0	DEFAULT	Migrated Template	Inactive		
Francia eSIM 20GB 30Days		0328H5KNUT4	FR_20_30	23.34	0	28/03/2026 14:51:05 MET		y	1			11				B0FR9GPMC5						B0FR9GPMC5			0	DEFAULT	Migrated Template	Inactive		
Francia eSIM 3GB 15Days		0328H5Q2GTM	FR_3_15	8.64	0	28/03/2026 14:52:50 MET		y	1			11				B0FR9C5ZB6						B0FR9C5ZB6			0	DEFAULT	Migrated Template	Inactive		
Francia eSIM 5GB 30Days		0417HHX72K1	FR_5_30	10.97	0	17/04/2026 18:09:01 MEST		y	1			11				B0FR9LMDW5						B0FR9LMDW5			0	DEFAULT	Migrated Template	Inactive		
Gambia eSIM 3GB 15Days	Gambia eSIM 3GB 15Days - high speed internet - mobile data 5G compatible	0701HZ4HQDZ	GAMBIA-3GB-15D	34.99	0	01/07/2026 20:39:51 MEST		y	4			11				B0H2FTMBBQ						8721438408368			0	DEFAULT	Migrated Template	Inactive		
Gambia eSIM 5GB 30Days	Gambia eSIM 5GB 30Days - high speed internet - mobile data 5G compatible	0701HZ6FVAP	GAMBIA-5GB-30D	57.99	0	01/07/2026 23:30:46 MEST		y	4			11				B0H2FQ3QJ9						8721438408375			0	DEFAULT	Migrated Template	Inactive		
Gabón eSIM 3GB 15Days		0812HQ2I9M6	GA_3_15	17.94	0	12/08/2026 15:29:39 MEST		y	1			11				B0FR9GPX9T						B0FR9GPX9T			0	DEFAULT	Migrated Template	Inactive		
Reino Unido eSIM 20GB 30Days		0325HS1TO9Y	GB_20_30	15.05	0	25/03/2026 09:19:35 MET		y	1			11				B0FRDGCBTN						B0FRDGCBTN			0	DEFAULT	Migrated Template	Inactive		
Reino Unido eSIM 3GB 15Days		0325HS53VCE	GB_3_15	5.17	0	25/03/2026 10:05:40 MET		y	1			11				B0FRCPD8TS						B0FRCPD8TS			0	DEFAULT	Migrated Template	Inactive		
Reino Unido eSIM 5GB 30Days		0325HS9EH6C	GB_5_30	6.33	0	25/03/2026 10:55:37 MET		y	1			11				B0FRDDRGJF						B0FRDDRGJF			0	DEFAULT	Migrated Template	Inactive		
Alemania eSIM 20GB 30Days	Germany eSIM 20GB 30Days - high speed internet - mobile data 5G compatible	0701HVFO8NA	GERMANY-20GB-30D	14.99		01/07/2026 03:32:28 MEST		y	4			11				B0GSZP9H94						8721438402809				AMAZON_EU	Migrated Template	Inactive		
Alemania eSIM 5GB 30Days	Germany eSIM 5GB 30Days - high speed internet - mobile data 5G compatible	0701HVD51N8	GERMANY-5GB-30D	8.99		01/07/2026 03:28:49 MEST		y	4			11				B0GSZDYWLZ						8721438402786				AMAZON_EU	Migrated Template	Inactive		
Georgia eSIM 20GB 30Days		0812HQ2JHRF	GE_20_30	26.9	0	12/08/2026 15:26:39 MEST		y	1			11				B0FR9C73NK						B0FR9C73NK			0	DEFAULT	Migrated Template	Inactive		
Georgia eSIM 3GB 15Days		0812HQ0AXIA	GE_3_15	6.33	0	12/08/2026 15:26:52 MEST		y	1			11				B0FR9KMX2N						B0FR9KMX2N			0	DEFAULT	Migrated Template	Inactive		
Guernsey eSIM 20GB 30Days		0812HPYM8I5	GG_20_30	53.64	0	12/08/2026 15:24:12 MEST		y	1			11				B0FR9LYWWY						B0FR9LYWWY			0	DEFAULT	Migrated Template	Inactive		
Guernsey eSIM 3GB 15Days		0812HQ22QM0	GG_3_15	11.56	0	12/08/2026 15:28:19 MEST		y	1			11				B0FR9SMWDN						B0FR9SMWDN			0	DEFAULT	Migrated Template	Inactive		
Guernsey eSIM 5GB 30Days		0812HQ3EKBT	GG_5_30	18.53	0	12/08/2026 15:30:22 MEST		y	1			11				B0FR9C5PXR						B0FR9C5PXR			0	DEFAULT	Migrated Template	Inactive		
Ghana eSIM 20GB 30Days	Ghana eSIM 20GB 30Days - high speed internet - mobile data 5G compatible	0630HU9VR4Z	GHANA-20GB-30D	40.99	0	30/06/2026 17:20:56 MEST		y	4			11				B0H6M9CG3G						8721438409044			0	DEFAULT	Migrated Template	Inactive		
Ghana eSIM 3GB 15Days	Ghana eSIM 3GB 15Days - high speed internet - mobile data 5G compatible	0630HUABOT8	GHANA-3GB-15D	12.99	0	30/06/2026 17:14:39 MEST		y	4			11				B0H6M7CH6H						8721438409020			0	DEFAULT	Migrated Template	Inactive		
Ghana eSIM 5GB 30Days	Ghana eSIM 5GB 30Days - high speed internet - mobile data 5G compatible	0630HUDGTUW	GHANA-5GB-30D	13.99	0	30/06/2026 17:17:49 MEST		y	4			11				B0H6MD48NZ						8721438409037			0	DEFAULT	Migrated Template	Inactive		
Gibraltar eSIM 3GB 15Days		0812HPTZS6P	GI_3_15	11.57	0	12/08/2026 15:26:34 MEST		y	1			11				B0FR8XSPMC						B0FR8XSPMC			0	DEFAULT	Migrated Template	Inactive		
Global139 eSIM 5GB 30Days		0812HPZUNTE	GL-139_5_30	46.67	0	12/08/2026 15:25:18 MEST		y	1			11				B0FR9VNTLY						B0FR9VNTLY			0	DEFAULT	Migrated Template	Inactive		
Guadalupe eSIM 20GB 30Days		0812HPZUJ3V	GP_20_30	50.12	0	12/08/2026 15:28:48 MEST		y	1			11				B0FR8XTBF6						B0FR8XTBF6			0	DEFAULT	Migrated Template	Inactive		
Guadalupe eSIM 3GB 15Days		0812HQ3M689	GP_3_15	11.57	0	12/08/2026 15:26:43 MEST		y	1			11				B0FR9TMVWK						B0FR9TMVWK			0	DEFAULT	Migrated Template	Inactive		
Grecia eSIM 3GB 15Days	Greece eSIM 3GB 15Days - high speed internet - mobile data 5G compatible	0701HVC5Y2A	GREECE-3GB-15D	7.99	0	01/07/2026 03:43:52 MEST		y	4			11				B0FR9L85F6						8721438403042			0	DEFAULT	Migrated Template	Inactive		
Groenlandia eSIM 20GB 30Days	Greenland eSIM 20GB 30Days - high speed internet - mobile data 5G compatible	0630HUAR3IG	GREENLAND-20GB-30D	112.99	0	30/06/2026 17:31:02 MEST		y	4			11				B0H6MBT3TW						8721438409075			0	DEFAULT	Migrated Template	Inactive		
Groenlandia eSIM 3GB 15Days	Greenland eSIM 3GB 15Days - high speed internet - mobile data 5G compatible	0630HUAL25Z	GREENLAND-3GB-15D	27.99	0	30/06/2026 17:24:25 MEST		y	4			11				B0H6MLNBK2						8721438409051			0	DEFAULT	Migrated Template	Inactive		
Groenlandia eSIM 5GB 30Days	Greenland eSIM 5GB 30Days - high speed internet - mobile data 5G compatible	0630HUDMB75	GREENLAND-5GB-30D	36.99	0	30/06/2026 17:27:45 MEST		y	4			11				B0H6MFMLK9						8721438409068			0	DEFAULT	Migrated Template	Inactive		
Grenada eSIM 20GB 30Days	Grenada eSIM 20GB 30Days - high speed internet - mobile data 5G compatible	0630HU4H4OK	GRENADA-20GB-30D	102.99	0	30/06/2026 17:41:08 MEST		y	4			11				B0H6MGRF37						8721438409105			0	DEFAULT	Migrated Template	Inactive		
Grenada eSIM 3GB 15Days	Grenada eSIM 3GB 15Days - high speed internet - mobile data 5G compatible	0630HUA6ZVE	GRENADA-3GB-15D	28.99	0	30/06/2026 17:34:30 MEST		y	4			11				B0H6M8K37V						8721438409082			0	DEFAULT	Migrated Template	Inactive		
Grenada eSIM 5GB 30Days	Grenada eSIM 5GB 30Days - high speed internet - mobile data 5G compatible	0630HU49GRJ	GRENADA-5GB-30D	37.99	0	30/06/2026 17:37:51 MEST		y	4			11				B0H6MLJR6Z						8721438409099			0	DEFAULT	Migrated Template	Inactive		
Grecia eSIM 20GB 30Days		0325HS8MB1L	GR_20_30	20.42	0	25/03/2026 10:07:56 MET		y	1			11				B0FR9KJGBG						B0FR9KJGBG			0	DEFAULT	Migrated Template	Inactive		
Grecia eSIM 3GB 15Days		0325HSPZI4M	GR_3_15	6.52	0	25/03/2026 12:33:32 MET		y	1			11				B0FR9L85F6						B0FR9L85F6			0	DEFAULT	Migrated Template	Inactive		
Grecia eSIM 5GB 30Days		0325HS1XS18	GR_5_30	5.94	0	25/03/2026 09:19:13 MET		y	1			11				B0FR9C7SMF						B0FR9C7SMF			0	DEFAULT	Migrated Template	Inactive		
Guatemala eSIM 3GB 15Days		0812HQ37CBY	GT_3_15	23.37	0	12/08/2026 15:24:46 MEST		y	1			11				B0FR9VC6VD						B0FR9VC6VD			0	DEFAULT	Migrated Template	Inactive		
Guinea eSIM 20GB 30Days	Guinea eSIM 20GB 30Days - high speed internet - mobile data 5G compatible	0630HUG745L	GUINEA-20GB-30D	81.99	0	30/06/2026 17:50:42 MEST		y	4			11				B0H6M7VHYP						8721438409136			0	DEFAULT	Migrated Template	Inactive		
Guinea eSIM 3GB 15Days	Guinea eSIM 3GB 15Days - high speed internet - mobile data 5G compatible	0630HUD3TWW	GUINEA-3GB-15D	20.99	0	30/06/2026 17:44:37 MEST		y	4			11				B0H6MGZTF1						8721438409112			0	DEFAULT	Migrated Template	Inactive		
Guinea eSIM 5GB 30Days	Guinea eSIM 5GB 30Days - high speed internet - mobile data 5G compatible	0630HUJC3V6	GUINEA-5GB-30D	33.99	0	30/06/2026 17:47:56 MEST		y	4			11				B0H6MFTVX6						8721438409129			0	DEFAULT	Migrated Template	Inactive		
Guinea-Bissau eSIM 20GB 30Days	Guinea-Bissau eSIM 20GB 30Days - high speed internet - mobile data 5G compatible	0630HUH7YTC	GUINEA-BISSAU-20GB-30D	81.99	0	30/06/2026 18:00:14 MEST		y	4			11				B0H6MF1JJS						8721438409167			0	DEFAULT	Migrated Template	Inactive		
Guinea-Bissau eSIM 3GB 15Days	Guinea-Bissau eSIM 3GB 15Days - high speed internet - mobile data 5G compatible	0630HUDCJDW	GUINEA-BISSAU-3GB-15D	19.99	0	30/06/2026 17:53:38 MEST		y	4			11				B0H6MG6X8D						8721438409143			0	DEFAULT	Migrated Template	Inactive		
Guinea-Bissau eSIM 5GB 30Days	Guinea-Bissau eSIM 5GB 30Days - high speed internet - mobile data 5G compatible	0630HUDILN7	GUINEA-BISSAU-5GB-30D	33.99	0	30/06/2026 17:56:58 MEST		y	4			11				B0H6MCJ4Y9						8721438409150			0	DEFAULT	Migrated Template	Inactive		
Guyana eSIM 20GB 30Days	Guyana eSIM 20GB 30Days - high speed internet - mobile data 5G compatible	0630HU85ZV1	GUYANA-20GB-30D	89.99	0	30/06/2026 18:09:58 MEST		y	4			11				B0H6MD1PB7						8721438409198			0	DEFAULT	Migrated Template	Inactive		
Guyana eSIM 3GB 15Days	Guyana eSIM 3GB 15Days - high speed internet - mobile data 5G compatible	0630HUB3RC7	GUYANA-3GB-15D	20.99	0	30/06/2026 18:03:41 MEST		y	4			11				B0H6MCG586						8721438409174			0	DEFAULT	Migrated Template	Inactive		
Guyana eSIM 5GB 30Days	Guyana eSIM 5GB 30Days - high speed internet - mobile data 5G compatible	0630HUB5K58	GUYANA-5GB-30D	31.99	0	30/06/2026 18:07:12 MEST		y	4			11				B0H6MB3FHF						8721438409181			0	DEFAULT	Migrated Template	Inactive		
Guam eSIM 20GB 30Days		0812HQ40DLS	GU_20_30	62.9	0	12/08/2026 15:31:48 MEST		y	1			11				B0FR9C7MGP						B0FR9C7MGP			0	DEFAULT	Migrated Template	Inactive		
Guam eSIM 3GB 15Days		0812HQ612Z5	GU_3_15	14.47	0	12/08/2026 15:24:16 MEST		y	1			11				B0FR9GVSSF						B0FR9GVSSF			0	DEFAULT	Migrated Template	Inactive		
Guam eSIM 5GB 30Days		0812HPVJW08	GU_5_30	22.78	0	12/08/2026 15:23:01 MEST		y	1			11				B0FR9SVP8Y						B0FR9SVP8Y			0	DEFAULT	Migrated Template	Inactive		
Haití eSIM 20GB 30Days	Haiti eSIM 20GB 30Days - high speed internet - mobile data 5G compatible	0630HUBBJOC	HAITI-20GB-30D	147.99	0	30/06/2026 18:20:04 MEST		y	4			11				B0H6MBNF3Y						8721438409228			0	DEFAULT	Migrated Template	Inactive		
Haití eSIM 3GB 15Days	Haiti eSIM 3GB 15Days - high speed internet - mobile data 5G compatible	0630HUGF907	HAITI-3GB-15D	29.99	0	30/06/2026 18:13:47 MEST		y	4			11				B0H6M9YTL4						8721438409204			0	DEFAULT	Migrated Template	Inactive		
Haití eSIM 5GB 30Days	Haiti eSIM 5GB 30Days - high speed internet - mobile data 5G compatible	0630HUH7TJ3	HAITI-5GB-30D	48.99	0	30/06/2026 18:17:28 MEST		y	4			11				B0H6MDHPCV						8721438409211			0	DEFAULT	Migrated Template	Inactive		
Paquete Hajjj Luxury 10GB 30 Days eSIM | Guía de Viaje de Lujo Hajj + Guías de Viaje de Arabia Saudita | 3G/4G/5G	Premium Islamic Hajj eSIM package with 10GB data valid for 30 days. Includes Hajj Luxury Travel Guide and exclusive Saudi Arabian travel guides. Instant QR activation for use across Saudi Arabia.	0601HNWMA6K	HAJJ-LUX-10GB-30D	70.99	0	01/06/2026 22:32:59 MEST		y	1			11				B0H3L75HDS						B0H3L75HDS			0	DEFAULT	Migrated Template	Inactive		
Hong Kong eSIM 20GB 30Days		0325HS1VJYS	HK_20_30	21.51	0	25/03/2026 09:20:03 MET		y	1			11				B0FR9GXZ6F						B0FR9GXZ6F			0	DEFAULT	Migrated Template	Inactive		
Hong Kong eSIM 3GB 15Days		0325HSPFX7Q	HK_3_15	9.92	0	25/03/2026 11:30:05 MET		y	1			11				B0FR9CC6Q8						B0FR9CC6Q8			0	DEFAULT	Migrated Template	Inactive		
Hong Kong eSIM 5GB 30Days		0325HRTYHE7	HK_5_30	6.45	0	25/03/2026 09:19:17 MET		y	1			11				B0FR9GXYYL						B0FR9GXYYL			0	DEFAULT	Migrated Template	Inactive		
Honduras eSIM 3GB 15Days		0812HQ0FRNK	HN_3_15	17.94	0	12/08/2026 15:28:13 MEST		y	1			11				B0FR9ZYV5G						B0FR9ZYV5G			0	DEFAULT	Migrated Template	Inactive		
Croacia eSIM 20GB 30Days		0812HQ18PUD	HR_20_30	15.81	0	12/08/2026 15:29:05 MEST		y	1			11				B0FR9TYCSL						B0FR9TYCSL			0	DEFAULT	Migrated Template	Inactive		
Croacia eSIM 3GB 15Days		0812HQ64YLT	HR_3_15	4.01	0	12/08/2026 15:27:31 MEST		y	1			11				B0FR9GDKT1						B0FR9GDKT1			0	DEFAULT	Migrated Template	Inactive		
Croacia eSIM 5GB 30Days		0812HPYTLZ2	HR_5_30	5.75	0	12/08/2026 15:24:10 MEST		y	1			11				B0FR9BVV58						B0FR9BVV58			0	DEFAULT	Migrated Template	Inactive		
Hungría eSIM 20GB 30Days		0812HPZZRU5	HU_20_30	17.36	0	12/08/2026 15:27:58 MEST		y	1			11				B0FR9ZVYYQ						B0FR9ZVYYQ			0	DEFAULT	Migrated Template	Inactive		
Hungría eSIM 3GB 15Days		0812HQ1HNOR	HU_3_15	4.01	0	12/08/2026 15:30:24 MEST		y	1			11				B0FR9C9JVW						B0FR9C9JVW			0	DEFAULT	Migrated Template	Inactive		
Hungría eSIM 5GB 30Days		0812HPTXZII	HU_5_30	5.75	0	12/08/2026 15:24:26 MEST		y	1			11				B0FR9GY3R5						B0FR9GY3R5			0	DEFAULT	Migrated Template	Inactive		
Indonesia eSIM 20GB 30Days		0325HS8FDVI	ID_20_30	16.79	0	25/03/2026 10:06:11 MET		y	1			11				B0FR9QXRDQ						B0FR9QXRDQ			0	DEFAULT	Migrated Template	Inactive		
Indonesia eSIM 3GB 15Days		0325HSJB42K	ID_3_15	6.34	0	25/03/2026 11:28:29 MET		y	1			11				B0FR9T6QPZ						B0FR9T6QPZ			0	DEFAULT	Migrated Template	Inactive		
Indonesia eSIM 5GB 30Days		0325HS1GANM	ID_5_30	4.6	0	25/03/2026 09:49:27 MET		y	1			11				B0FR8XW5DR						B0FR8XW5DR			0	DEFAULT	Migrated Template	Inactive		
Irlanda eSIM 20GB 30Days		0325HRTONSA	IE_20_30	17.94	0	25/03/2026 09:03:34 MET		y	1			11				B0FR9SZG2Z						B0FR9SZG2Z			0	DEFAULT	Migrated Template	Inactive		
Irlanda eSIM 3GB 15Days		0325HS0LTVS	IE_3_15	6.34	0	25/03/2026 09:20:49 MET		y	1			11				B0FR8XV57F						B0FR8XV57F			0	DEFAULT	Migrated Template	Inactive		
Irlanda eSIM 5GB 30Days		0325HSAIO88	IE_5_30	5.75	0	25/03/2026 10:11:25 MET		y	1			11				B0FR9GYKQL						B0FR9GYKQL			0	DEFAULT	Migrated Template	Inactive		
Israel eSIM 20GB 30Days		0812HPU2LME	IL_20_30	26.8	0	12/08/2026 15:26:09 MEST		y	1			11				B0FR9K8SQ1						B0FR9K8SQ1			0	DEFAULT	Migrated Template	Inactive		
Israel eSIM 3GB 15Days		0812HQ47UKH	IL_3_15	6.32	0	12/08/2026 15:29:24 MEST		y	1			11				B0FR9M11H1						B0FR9M11H1			0	DEFAULT	Migrated Template	Inactive		
Israel eSIM 5GB 30Days		0812HPU02EH	IL_5_30	9.21	0	12/08/2026 15:28:22 MEST		y	1			11				B0FR8XVZZM						B0FR8XVZZM			0	DEFAULT	Migrated Template	Inactive		
Isla de Man eSIM 20GB 30Days		0812HQ2T4SC	IM_20_30	21.61	0	12/08/2026 15:28:31 MEST		y	1			11				B0FR9CB5LK						B0FR9CB5LK			0	DEFAULT	Migrated Template	Inactive		
Isla de Man eSIM 3GB 15Days		0812HPX98UE	IM_3_15	4.59	0	12/08/2026 15:27:16 MEST		y	1			11				B0FR9LZ7RL						B0FR9LZ7RL			0	DEFAULT	Migrated Template	Inactive		
Isla de Man eSIM 5GB 30Days		0812HPZ6K6M	IM_5_30	7.48	0	12/08/2026 15:26:59 MEST		y	1			11				B0FR9M27XY						B0FR9M27XY			0	DEFAULT	Migrated Template	Inactive		
Indonesia eSIM 3GB 15Days	Indonesia eSIM 3GB 15Days - high speed internet - mobile data 5G compatible	0701HVUFEJH	INDONESIA-3GB-15D	7.99	0	01/07/2026 05:13:34 MEST		y	4			11				B0FR9T6QPZ						8721438403707			0	DEFAULT	Migrated Template	Inactive		
India eSIM 20GB 30Days		0328H5PVETH	IN_20_30	41.39	0	28/03/2026 15:51:24 MET		y	1			11				B0FR9DYMHX						B0FR9DYMHX			0	DEFAULT	Migrated Template	Inactive		
India eSIM 3GB 15Days		0325HS29JPC	IN_3_15	12.15	0	25/03/2026 09:19:51 MET		y	1			11				B0FR9ZM116						B0FR9ZM116			0	DEFAULT	Migrated Template	Inactive		
India eSIM 5GB 30Days		0325HSDNDNG	IN_5_30	16.79	0	25/03/2026 10:06:32 MET		y	1			11				B0FR9GXWN9						B0FR9GXWN9			0	DEFAULT	Migrated Template	Inactive		
Irak eSIM 20GB 30Days	Iraq eSIM 20GB 30Days - high speed internet - mobile data 5G compatible	0630HUEHVGN	IRAQ-20GB-30D	31.99	0	30/06/2026 18:29:28 MEST		y	4			11				B0H6M956TN						8721438409259			0	DEFAULT	Migrated Template	Inactive		
Irak eSIM 3GB 15Days	Iraq eSIM 3GB 15Days - high speed internet - mobile data 5G compatible	0630HUE7FNB	IRAQ-3GB-15D	9.99	0	30/06/2026 18:23:33 MEST		y	4			11				B0H6MGX6P7						8721438409235			0	DEFAULT	Migrated Template	Inactive		
Irak eSIM 5GB 30Days	Iraq eSIM 5GB 30Days - high speed internet - mobile data 5G compatible	0630HUEKE37	IRAQ-5GB-30D	15.99	0	30/06/2026 18:26:43 MEST		y	4			11				B0H6MFRHZN						8721438409242			0	DEFAULT	Migrated Template	Inactive		
Islandia eSIM 20GB 30Days		0812HPX6OQZ	IS_20_30	26.9	0	12/08/2026 15:22:16 MEST		y	1			11				B0FR9GX6LF						B0FR9GX6LF			0	DEFAULT	Migrated Template	Inactive		
Islandia eSIM 3GB 15Days		0812HQ0CM8A	IS_3_15	5.75	0	12/08/2026 15:23:40 MEST		y	1			11				B0FR9TBBK1						B0FR9TBBK1			0	DEFAULT	Migrated Template	Inactive		
Islandia eSIM 5GB 30Days		0812HPXBGGW	IS_5_30	9.23	0	12/08/2026 15:29:35 MEST		y	1			11				B0FR9ZWQBD						B0FR9ZWQBD			0	DEFAULT	Migrated Template	Inactive		
Italia eSIM 3GB 15Days	Italy eSIM 3GB 15Days - high speed internet - mobile data 5G compatible	0701HW470P6	ITALY-3GB-15D	7.99	0	01/07/2026 05:58:16 MEST		y	4			11				B0FR9GXZ18						8721438404100			0	DEFAULT	Migrated Template	Inactive		
Italia eSIM 20GB 30Days		0325HRU3GOO	IT_20_30	16.78	0	25/03/2026 09:27:45 MET		y	1			11				B0FR9RNZV2						B0FR9RNZV2			0	DEFAULT	Migrated Template	Inactive		
Italia eSIM 3GB 15Days		0325HSAVU2M	IT_3_15	6.33	0	25/03/2026 09:59:09 MET		y	1			11				B0FR9GXZ18						B0FR9GXZ18			0	DEFAULT	Migrated Template	Inactive		
Italia eSIM 5GB 30Days		0325HRWN6PO	IT_5_30	4.59	0	25/03/2026 09:29:07 MET		y	1			11				B0FR9ZR2TH						B0FR9ZR2TH			0	DEFAULT	Migrated Template	Inactive		
Jamaica eSIM 20GB 30Days	Jamaica eSIM 20GB 30Days - high speed internet - mobile data 5G compatible	0630HU57TUI	JAMAICA-20GB-30D	86.99	0	30/06/2026 18:39:12 MEST		y	4			11				B0H6MF52ZZ						8721438409280			0	DEFAULT	Migrated Template	Inactive		
Jamaica eSIM 3GB 15Days	Jamaica eSIM 3GB 15Days - high speed internet - mobile data 5G compatible	0630HUGHBSG	JAMAICA-3GB-15D	24.99	0	30/06/2026 18:32:56 MEST		y	4			11				B0H6MF3PNQ						8721438409266			0	DEFAULT	Migrated Template	Inactive		
Jamaica eSIM 5GB 30Days	Jamaica eSIM 5GB 30Days - high speed internet - mobile data 5G compatible	0630HUEHPK5	JAMAICA-5GB-30D	30.99	0	30/06/2026 18:36:16 MEST		y	4			11				B0H6MJQCMF						8721438409273			0	DEFAULT	Migrated Template	Inactive		
Jersey eSIM 20GB 30Days		0812HQ350ZE	JE_20_30	12.97	0	12/08/2026 15:26:11 MEST		y	1			11				B0FR9CBQDH						B0FR9CBQDH			0	DEFAULT	Migrated Template	Inactive		
Jersey eSIM 3GB 15Days		0812HPYRKID	JE_3_15	3.41	0	12/08/2026 15:26:23 MEST		y	1			11				B0FR9GYMR5						B0FR9GYMR5			0	DEFAULT	Migrated Template	Inactive		
Jersey eSIM 5GB 30Days		0812HQ0A4PL	JE_5_30	4.59	0	12/08/2026 15:28:13 MEST		y	1			11				B0FR9M27GP						B0FR9M27GP			0	DEFAULT	Migrated Template	Inactive		
Jordan eSIM 20GB 30Days		0812HPX75Z2	JO_20_30	31.42	0	12/08/2026 15:21:40 MEST		y	1			11				B0FR9ST188						B0FR9ST188			0	DEFAULT	Migrated Template	Inactive		
Jordan eSIM 3GB 15Days		0812HQ2DIHF	JO_3_15	8.06	0	12/08/2026 15:27:57 MEST		y	1			11				B0FR9M144Z						B0FR9M144Z			0	DEFAULT	Migrated Template	Inactive		
Jordan eSIM 5GB 30Days		0812HPWQ0P7	JO_5_30	11.57	0	12/08/2026 15:22:35 MEST		y	1			11				B0FR9ZTZNK						B0FR9ZTZNK			0	DEFAULT	Migrated Template	Inactive		
Japón eSIM 20GB 30Days		0325HSM9A91	JP_20_30	16.79	0	25/03/2026 12:25:34 MET		y	1			11				B0FR9RZKRB						B0FR9RZKRB			0	DEFAULT	Migrated Template	Inactive		
Japón eSIM 3GB 15Days		0325HS01LL2	JP_3_15	6.33	0	25/03/2026 09:27:01 MET		y	1			11				B0FR9LVZVQ						B0FR9LVZVQ			0	DEFAULT	Migrated Template	Inactive		
Japón eSIM 5GB 30Days		0325HS95HO4	JP_5_30	4.59	0	25/03/2026 10:43:49 MET		y	1			11				B0FR9TLXXH						B0FR9TLXXH			0	DEFAULT	Migrated Template	Inactive		
Kazajstán eSIM 20GB 30Days	Kazakhstan eSIM 20GB 30Days - high speed internet - mobile data 5G compatible	0701HW271Q4	KAZAKHSTAN-20GB-30D	19.99	0	01/07/2026 06:48:42 MEST		y	4			11				B0FR9TLNNW						8721438404483			0	DEFAULT	Migrated Template	Inactive		
Kenia eSIM 3GB 15Days	Kenya eSIM 3GB 15Days - high speed internet - mobile data 5G compatible	0701HW5DTVT	KENYA-3GB-15D	13.99	0	01/07/2026 06:52:32 MEST		y	4			11				B0FR9GZ14G						8721438404506			0	DEFAULT	Migrated Template	Inactive		
Kenia eSIM 5GB 30Days	Kenya eSIM 5GB 30Days - high speed internet - mobile data 5G compatible	0701HW18ZNT	KENYA-5GB-30D	14.99	0	01/07/2026 06:56:26 MEST		y	4			11				B0FR9T4DG6						8721438404513			0	DEFAULT	Migrated Template	Inactive		
Kenia eSIM 3GB 15Days		0325HS4AP2M	KE_3_15	26.28	0	25/03/2026 10:00:45 MET		y	1			11				B0FR9GZ14G						B0FR9GZ14G			0	DEFAULT	Migrated Template	Inactive		
Kenia eSIM 5GB 30Days		0325HS87AYO	KE_5_30	35.59	0	25/03/2026 10:11:32 MET		y	1			11				B0FR9T4DG6						B0FR9T4DG6			0	DEFAULT	Migrated Template	Inactive		
Kirguistán eSIM 20GB 30Days		0812HPWTZY0	KG_20_30	39.68	0	12/08/2026 15:24:18 MEST		y	1			11				B0FR8XXBHM						B0FR8XXBHM			0	DEFAULT	Migrated Template	Inactive		
Kirguistán eSIM 3GB 15Days		0812HPVOM2Z	KG_3_15	9.21	0	12/08/2026 15:25:06 MEST		y	1			11				B0FR9TVF4R						B0FR9TVF4R			0	DEFAULT	Migrated Template	Inactive		
Camboya eSIM 20GB 30Days		0812HPTZL2Z	KH_20_30	39.68	0	12/08/2026 15:26:58 MEST		y	1			11				B0FR9GFJPL						B0FR9GFJPL			0	DEFAULT	Migrated Template	Inactive		
Camboya eSIM 3GB 15Days		0812HQ1A6A2	KH_3_15	9.23	0	12/08/2026 15:24:08 MEST		y	1			11				B0FR8XKMJ4						B0FR8XKMJ4			0	DEFAULT	Migrated Template	Inactive		
Corea del Sur eSIM 20GB 30Days		0812HQEFTFB	KR_20_30	13.62	0	12/08/2026 17:45:00 MEST		y	1			11				B0FRC4P51Z						B0FRC4P51Z			0	DEFAULT	Migrated Template	Inactive		
Corea del Sur eSIM 3GB 15Days		0812HQAS9QY	KR_3_15	3.42	0	12/08/2026 17:40:37 MEST		y	1			11				B0FRC4RTDF						B0FRC4RTDF			0	DEFAULT	Migrated Template	Inactive		
Corea del Sur eSIM 5GB 30Days		0812HQARHQM	KR_5_30	4.59	0	12/08/2026 17:46:38 MEST		y	1			11				B0FRD9LC4C						B0FRD9LC4C			0	DEFAULT	Migrated Template	Inactive		
Kuwait eSIM 20GB 30Days	Kuwait eSIM 20GB 30Days - high speed internet - mobile data 5G compatible	0701HVQIUG6	KUWAIT-20GB-30D	35.99	0	01/07/2026 07:06:52 MEST		y	4			11				B0FR9KBF4P						8721438404599			0	DEFAULT	Migrated Template	Inactive		
Kuwait eSIM 3GB 15Days	Kuwait eSIM 3GB 15Days - high speed internet - mobile data 5G compatible	0701HW3ZU6V	KUWAIT-3GB-15D	9.99	0	01/07/2026 07:00:05 MEST		y	4			11				B0FR9LZJ3X						8721438404568			0	DEFAULT	Migrated Template	Inactive		
Kuwait eSIM 5GB 30Days	Kuwait eSIM 5GB 30Days - high speed internet - mobile data 5G compatible	0701HVTG9D9	KUWAIT-5GB-30D	15.99	0	01/07/2026 07:03:36 MEST		y	4			11				B0FR9M2TXP						8721438404582			0	DEFAULT	Migrated Template	Inactive		
Kuwait eSIM 20GB 30Days		0812HPU48G9	KW_20_30	39.7	0	12/08/2026 15:30:23 MEST		y	1			11				B0FR9KBF4P						B0FR9KBF4P			0	DEFAULT	Migrated Template	Inactive		
Kuwait eSIM 3GB 15Days		0812HPYRKUB	KW_3_15	9.21	0	12/08/2026 15:30:39 MEST		y	1			11				B0FR9LZJ3X						B0FR9LZJ3X			0	DEFAULT	Migrated Template	Inactive		
Kuwait eSIM 5GB 30Days		0812HPYYO32	KW_5_30	13.84	0	12/08/2026 15:25:10 MEST		y	1			11				B0FR9M2TXP						B0FR9M2TXP			0	DEFAULT	Migrated Template	Inactive		
Kirguistán eSIM 20GB 30Days	Kyrgyzstan eSIM 20GB 30Days - high speed internet - mobile data 5G compatible	0701HW2K1RY	KYRGYZSTAN-20GB-30D	18.99	0	01/07/2026 07:13:30 MEST		y	4			11				B0FR8XXBHM						8721438404629			0	DEFAULT	Migrated Template	Inactive		
Kirguistán eSIM 3GB 15Days	Kyrgyzstan eSIM 3GB 15Days - high speed internet - mobile data 5G compatible	0701HVWEGEE	KYRGYZSTAN-3GB-15D	7.99	0	01/07/2026 07:09:59 MEST		y	4			11				B0FR9TVF4R						8721438404612			0	DEFAULT	Migrated Template	Inactive		
Kazajstán eSIM 20GB 30Days		0812HPW5PT9	KZ_20_30	26.87	0	12/08/2026 15:30:29 MEST		y	1			11				B0FR9TLNNW						B0FR9TLNNW			0	DEFAULT	Migrated Template	Inactive		
Kazajstán eSIM 3GB 15Days		0812HQ39G4J	KZ_3_15	6.32	0	12/08/2026 15:26:49 MEST		y	1			11				B0FR9T4DG2						B0FR9T4DG2			0	DEFAULT	Migrated Template	Inactive		
Kazajstán eSIM 5GB 30Days		0812HPZKA0Q	KZ_5_30	9.23	0	12/08/2026 15:27:45 MEST		y	1			11				B0FR9ZMMSH						B0FR9ZMMSH			0	DEFAULT	Migrated Template	Inactive		
Laos eSIM 20GB 30Days	Laos eSIM 20GB 30Days - high speed internet - mobile data 5G compatible	0630HU8G933	LAOS-20GB-30D	34.99	0	30/06/2026 18:48:05 MEST		y	4			11				B0H6MBWGX1						8721438409310			0	DEFAULT	Migrated Template	Inactive		
Laos eSIM 3GB 15Days	Laos eSIM 3GB 15Days - high speed internet - mobile data 5G compatible	0630HUJOX7M	LAOS-3GB-15D	9.99	0	30/06/2026 18:42:19 MEST		y	4			11				B0H6M96WPB						8721438409297			0	DEFAULT	Migrated Template	Inactive		
Laos eSIM 5GB 30Days	Laos eSIM 5GB 30Days - high speed internet - mobile data 5G compatible	0630HUHJ7UM	LAOS-5GB-30D	15.99	0	30/06/2026 18:45:29 MEST		y	4			11				B0H6MBJN5B						8721438409303			0	DEFAULT	Migrated Template	Inactive		
Letonia eSIM 20GB 30Days	Latvia eSIM 20GB 30Days - high speed internet - mobile data 5G compatible	0701HW2Q2VV	LATVIA-20GB-30D	14.99	0	01/07/2026 07:23:37 MEST		y	4			11				B0FR9SWN6V						8721438404681			0	DEFAULT	Migrated Template	Inactive		
Letonia eSIM 3GB 15Days	Latvia eSIM 3GB 15Days - high speed internet - mobile data 5G compatible	0701HW7BMN0	LATVIA-3GB-15D	7.99	0	01/07/2026 07:17:00 MEST		y	4			11				B0FR9VM4K6						8721438404643			0	DEFAULT	Migrated Template	Inactive		
Letonia eSIM 5GB 30Days	Latvia eSIM 5GB 30Days - high speed internet - mobile data 5G compatible	0701HVTMJVK	LATVIA-5GB-30D	8.99	0	01/07/2026 07:20:21 MEST		y	4			11				B0FR9TR99S						8721438404667			0	DEFAULT	Migrated Template	Inactive		
Liberia eSIM 3GB 15Days	Liberia eSIM 3GB 15Days - high speed internet - mobile data 5G compatible	0701HW7AFB3	LIBERIA-3GB-15D	19.99	0	01/07/2026 07:26:25 MEST		y	4			11				B0FR9H18JQ						8721438404711			0	DEFAULT	Migrated Template	Inactive		
Liberia eSIM 5GB 30Days	Liberia eSIM 5GB 30Days - high speed internet - mobile data 5G compatible	0701HVTR3KS	LIBERIA-5GB-30D	33.99	0	01/07/2026 07:29:56 MEST		y	4			11				B0FR9SJ1YH						8721438404728			0	DEFAULT	Migrated Template	Inactive		
Libia eSIM 20GB 30Days	Libya eSIM 20GB 30Days - high speed internet - mobile data 5G compatible	0630HUBLIZ1	LIBYA-20GB-30D	125.99	0	30/06/2026 18:57:40 MEST		y	4			11				B0H6MFWD2Y						8721438409341			0	DEFAULT	Migrated Template	Inactive		
Libia eSIM 3GB 15Days	Libya eSIM 3GB 15Days - high speed internet - mobile data 5G compatible	0630HUDZQBL	LIBYA-3GB-15D	32.99	0	30/06/2026 18:51:13 MEST		y	4			11				B0H6MBYGXZ						8721438409327			0	DEFAULT	Migrated Template	Inactive		
Libia eSIM 5GB 30Days	Libya eSIM 5GB 30Days - high speed internet - mobile data 5G compatible	0630HUBOLQX	LIBYA-5GB-30D	43.99	0	30/06/2026 18:54:34 MEST		y	4			11				B0H6M5PVSB						8721438409334			0	DEFAULT	Migrated Template	Inactive		
Liechtenstein eSIM 3GB 15Days	Liechtenstein eSIM 3GB 15Days - high speed internet - mobile data 5G compatible	0701HVWOUJ9	LIECHTENSTEIN-3GB-15D	7.99	0	01/07/2026 07:33:24 MEST		y	4			11				B0FR9S35ZH						8721438404742			0	DEFAULT	Migrated Template	Inactive		
Lituania eSIM 20GB 30Days	Lithuania eSIM 20GB 30Days - high speed internet - mobile data 5G compatible	0701HW54K4P	LITHUANIA-20GB-30D	16.99	0	01/07/2026 07:44:34 MEST		y	4			11				B0FR9TQN8N						8721438404810			0	DEFAULT	Migrated Template	Inactive		
Lituania eSIM 3GB 15Days	Lithuania eSIM 3GB 15Days - high speed internet - mobile data 5G compatible	0701HVZYBMY	LITHUANIA-3GB-15D	7.99	0	01/07/2026 07:37:25 MEST		y	4			11				B0FR9KS3P4						8721438404773			0	DEFAULT	Migrated Template	Inactive		
Lituania eSIM 5GB 30Days	Lithuania eSIM 5GB 30Days - high speed internet - mobile data 5G compatible	0701HW2VX7H	LITHUANIA-5GB-30D	8.99	0	01/07/2026 07:40:56 MEST		y	4			11				B0FR9R598C						8721438404797			0	DEFAULT	Migrated Template	Inactive		
Liechtenstein eSIM 3GB 15Days		0812HQ3N77R	LI_3_15	5.74	0	12/08/2026 15:26:01 MEST		y	1			11				B0FR9S35ZH						B0FR9S35ZH			0	DEFAULT	Migrated Template	Inactive		
Sri Lanka eSIM 20GB 30Days		0812HQF6LTR	LK_20_30	42.57	0	12/08/2026 17:38:16 MEST		y	1			11				B0FRC2DZN5						B0FRC2DZN5			0	DEFAULT	Migrated Template	Inactive		
Sri Lanka eSIM 3GB 15Days		0812HQA8Y5X	LK_3_15	6.91	0	12/08/2026 17:41:03 MEST		y	1			11				B0FRB7Z1NW						B0FRB7Z1NW			0	DEFAULT	Migrated Template	Inactive		
Sri Lanka eSIM 5GB 30Days		0812HQ9D6UX	LK_5_30	11.57	0	12/08/2026 17:46:18 MEST		y	1			11				B0FRB64B8M						B0FRB64B8M			0	DEFAULT	Migrated Template	Inactive		
Liberia eSIM 3GB 15Days		0812HQ36C6P	LR_3_15	23.28	0	12/08/2026 15:21:26 MEST		y	1			11				B0FR9H18JQ						B0FR9H18JQ			0	DEFAULT	Migrated Template	Inactive		
Liberia eSIM 5GB 30Days		0812HQ3KR7C	LR_5_30	33.17	0	12/08/2026 15:30:23 MEST		y	1			11				B0FR9SJ1YH						B0FR9SJ1YH			0	DEFAULT	Migrated Template	Inactive		
Lituania eSIM 20GB 30Days		0812HPX7OTV	LT_20_30	26.87	0	12/08/2026 15:26:53 MEST		y	1			11				B0FR9TQN8N						B0FR9TQN8N			0	DEFAULT	Migrated Template	Inactive		
Lituania eSIM 3GB 15Days		0812HQ2B3KW	LT_3_15	4.01	0	12/08/2026 15:24:28 MEST		y	1			11				B0FR9KS3P4						B0FR9KS3P4			0	DEFAULT	Migrated Template	Inactive		
Lituania eSIM 5GB 30Days		0812HPX98YV	LT_5_30	5.75	0	12/08/2026 15:28:44 MEST		y	1			11				B0FR9R598C						B0FR9R598C			0	DEFAULT	Migrated Template	Inactive		
Luxemburgo eSIM 20GB 30Days	Luxembourg eSIM 20GB 30Days - high speed internet - mobile data 5G compatible	0701HW6FA6C	LUXEMBOURG-20GB-30D	16.99	0	01/07/2026 07:54:51 MEST		y	4			11				B0FR8XXXZB						8721438404889			0	DEFAULT	Migrated Template	Inactive		
Luxemburgo eSIM 3GB 15Days	Luxembourg eSIM 3GB 15Days - high speed internet - mobile data 5G compatible	0701HW5GI5Y	LUXEMBOURG-3GB-15D	7.99	0	01/07/2026 07:48:24 MEST		y	4			11				B0FR9SHRKM						8721438404841			0	DEFAULT	Migrated Template	Inactive		
Luxemburgo eSIM 5GB 30Days	Luxembourg eSIM 5GB 30Days - high speed internet - mobile data 5G compatible	0701HWADKWW	LUXEMBOURG-5GB-30D	8.99	0	01/07/2026 07:51:35 MEST		y	4			11				B0FR9SB862						8721438404865			0	DEFAULT	Migrated Template	Inactive		
Luxemburgo eSIM 20GB 30Days		0812HQ3B9PJ	LU_20_30	17.36	0	12/08/2026 15:30:43 MEST		y	1			11				B0FR8XXXZB						B0FR8XXXZB			0	DEFAULT	Migrated Template	Inactive		
Luxemburgo eSIM 3GB 15Days		0812HPZ29EH	LU_3_15	4.01	0	12/08/2026 15:25:47 MEST		y	1			11				B0FR9SHRKM						B0FR9SHRKM			0	DEFAULT	Migrated Template	Inactive		
Luxemburgo eSIM 5GB 30Days		0812HPXAMUE	LU_5_30	5.75	0	12/08/2026 15:24:56 MEST		y	1			11				B0FR9SB862						B0FR9SB862			0	DEFAULT	Migrated Template	Inactive		
Letonia eSIM 20GB 30Days		0812HQ1GQ3M	LV_20_30	17.36	0	12/08/2026 15:23:42 MEST		y	1			11				B0FR9SWN6V						B0FR9SWN6V			0	DEFAULT	Migrated Template	Inactive		
Letonia eSIM 3GB 15Days		0812HQ41ZSB	LV_3_15	4.01	0	12/08/2026 15:29:06 MEST		y	1			11				B0FR9VM4K6						B0FR9VM4K6			0	DEFAULT	Migrated Template	Inactive		
Letonia eSIM 5GB 30Days		0812HQ00CQL	LV_5_30	5.75	0	12/08/2026 15:24:26 MEST		y	1			11				B0FR9TR99S						B0FR9TR99S			0	DEFAULT	Migrated Template	Inactive		
Macao eSIM 20GB 30Days	Macao eSIM 20GB 30Days - high speed internet - mobile data 5G compatible	0701HW5Z1KQ	MACAO-20GB-30D	14.99	0	01/07/2026 08:04:26 MEST		y	4			11				B0FR9CDBN2						8721438404957			0	DEFAULT	Migrated Template	Inactive		
Macao eSIM 3GB 15Days	Macao eSIM 3GB 15Days - high speed internet - mobile data 5G compatible	0701HW8QY9C	MACAO-3GB-15D	7.99	0	01/07/2026 07:57:58 MEST		y	4			11				B0FR9M485M						8721438404919			0	DEFAULT	Migrated Template	Inactive		
Macao eSIM 5GB 30Days	Macao eSIM 5GB 30Days - high speed internet - mobile data 5G compatible	0701HW69ZFP	MACAO-5GB-30D	8.99	0	01/07/2026 08:01:19 MEST		y	4			11				B0FR9L9624						8721438404933			0	DEFAULT	Migrated Template	Inactive		
Madagascar eSIM 3GB 15Days	Madagascar eSIM 3GB 15Days - high speed internet - mobile data 5G compatible	0701HWC8T7W	MADAGASCAR-3GB-15D	25.99	0	01/07/2026 08:07:53 MEST		y	4			11				B0FR9H2NS1						8721438404988			0	DEFAULT	Migrated Template	Inactive		
Malawi eSIM 3GB 15Days	Malawi eSIM 3GB 15Days - high speed internet - mobile data 5G compatible	0701HWBHA51	MALAWI-3GB-15D	16.99	0	01/07/2026 08:11:14 MEST		y	4			11				B0FR9H3JDK						8721438405008			0	DEFAULT	Migrated Template	Inactive		
Malawi eSIM 5GB 30Days	Malawi eSIM 5GB 30Days - high speed internet - mobile data 5G compatible	0701HWA4MPU	MALAWI-5GB-30D	27.99	0	01/07/2026 08:14:45 MEST		y	4			11				B0FR9GXY24						8721438405015			0	DEFAULT	Migrated Template	Inactive		
Malasia eSIM 20GB 30Days	Malaysia eSIM 20GB 30Days - high speed internet - mobile data 5G compatible	0701HWENCLO	MALAYSIA-20GB-30D	14.99	0	01/07/2026 08:26:21 MEST		y	4			11				B0FR9VMWYD						8721438405060			0	DEFAULT	Migrated Template	Inactive		
Malasia eSIM 3GB 15Days	Malaysia eSIM 3GB 15Days - high speed internet - mobile data 5G compatible	0701HWBCRDS	MALAYSIA-3GB-15D	7.99	0	01/07/2026 08:18:45 MEST		y	4			11				B0FR9H1Q65						8721438405039			0	DEFAULT	Migrated Template	Inactive		
Malasia eSIM 5GB 30Days	Malaysia eSIM 5GB 30Days - high speed internet - mobile data 5G compatible	0701HWCKNPB	MALAYSIA-5GB-30D	8.99	0	01/07/2026 08:22:39 MEST		y	4			11				B0FR9LDGX8						8721438405046			0	DEFAULT	Migrated Template	Inactive		
Maldivas eSIM 20GB 30Days	Maldives eSIM 20GB 30Days - high speed internet - mobile data 5G compatible	0630HUMWOEU	MALDIVES-20GB-30D	116.99	0	30/06/2026 19:06:53 MEST		y	4			11				B0H6MM5SCJ						8721438409372			0	DEFAULT	Migrated Template	Inactive		
Maldivas eSIM 3GB 15Days	Maldives eSIM 3GB 15Days - high speed internet - mobile data 5G compatible	0630HU8NJGS	MALDIVES-3GB-15D	32.99	0	30/06/2026 19:00:36 MEST		y	4			11				B0H6MD6Y71						8721438409358			0	DEFAULT	Migrated Template	Inactive		
Maldivas eSIM 5GB 30Days	Maldives eSIM 5GB 30Days - high speed internet - mobile data 5G compatible	0630HUGD5EB	MALDIVES-5GB-30D	43.99	0	30/06/2026 19:03:45 MEST		y	4			11				B0H6MJQZ8Y						8721438409365			0	DEFAULT	Migrated Template	Inactive		
Mali eSIM 3GB 15Days	Mali eSIM 3GB 15Days - high speed internet - mobile data 5G compatible	0701HW8O9N7	MALI-3GB-15D	19.99	0	01/07/2026 08:30:00 MEST		y	4			11				B0FR9TRDSY						8721438405121			0	DEFAULT	Migrated Template	Inactive		
Malta eSIM 20GB 30Days	Malta eSIM 20GB 30Days - high speed internet - mobile data 5G compatible	0701HWAJ2HB	MALTA-20GB-30D	14.99	0	01/07/2026 08:41:11 MEST		y	4			11				B0FR9VL1Q9						8721438405183			0	DEFAULT	Migrated Template	Inactive		
Malta eSIM 3GB 15Days	Malta eSIM 3GB 15Days - high speed internet - mobile data 5G compatible	0701HWET4BM	MALTA-3GB-15D	7.99	0	01/07/2026 08:34:13 MEST		y	4			11				B0FR9M3PNR						8721438405145			0	DEFAULT	Migrated Template	Inactive		
Malta eSIM 5GB 30Days	Malta eSIM 5GB 30Days - high speed internet - mobile data 5G compatible	0701HWC8KTW	MALTA-5GB-30D	8.99	0	01/07/2026 08:37:53 MEST		y	4			11				B0FR9ZSMTC						8721438405169			0	DEFAULT	Migrated Template	Inactive		
Martinica eSIM 20GB 30Days	Martinique eSIM 20GB 30Days - high speed internet - mobile data 5G compatible	0630HUJTF0Y	MARTINIQUE-20GB-30D	16.99	0	30/06/2026 19:16:17 MEST		y	4			11				B0H6MH94KV						8721438409402			0	DEFAULT	Migrated Template	Inactive		
Martinica eSIM 3GB 15Days	Martinique eSIM 3GB 15Days - high speed internet - mobile data 5G compatible	0630HU5NLXP	MARTINIQUE-3GB-15D	7.99	0	30/06/2026 19:10:41 MEST		y	4			11				B0H6M7SBFQ						8721438409389			0	DEFAULT	Migrated Template	Inactive		
Martinica eSIM 5GB 30Days	Martinique eSIM 5GB 30Days - high speed internet - mobile data 5G compatible	0630HUHWDTC	MARTINIQUE-5GB-30D	8.99	0	30/06/2026 19:13:31 MEST		y	4			11				B0H6MKCD1X						8721438409396			0	DEFAULT	Migrated Template	Inactive		
Mauricio eSIM 3GB 15Days	Mauritius eSIM 3GB 15Days - high speed internet - mobile data 5G compatible	0701HY1UMIQ	MAURITIUS-3GB-15D	15.99	0	01/07/2026 16:21:09 MEST		y	4			11				B0H2FYRLRC						8721438408382			0	DEFAULT	Migrated Template	Inactive		
Mauricio eSIM 5GB 30Days	Mauritius eSIM 5GB 30Days - high speed internet - mobile data 5G compatible	0701HYFMUY6	MAURITIUS-5GB-30D	17.99	0	01/07/2026 16:25:03 MEST		y	4			11				B0H2G2XMS3						8721438408399			0	DEFAULT	Migrated Template	Inactive		
Mayotte eSIM 20GB 30Days	Mayotte eSIM 20GB 30Days - high speed internet - mobile data 5G compatible	0630HUHERW4	MAYOTTE-20GB-30D	16.99	0	30/06/2026 19:26:23 MEST		y	4			11				B0H6M5L8MC						8721438409433			0	DEFAULT	Migrated Template	Inactive		
Mayotte eSIM 3GB 15Days	Mayotte eSIM 3GB 15Days - high speed internet - mobile data 5G compatible	0630HUJPE42	MAYOTTE-3GB-15D	7.99	0	30/06/2026 19:19:45 MEST		y	4			11				B0H6MFWP88						8721438409419			0	DEFAULT	Migrated Template	Inactive		
Mayotte eSIM 5GB 30Days	Mayotte eSIM 5GB 30Days - high speed internet - mobile data 5G compatible	0630HUJFXJ2	MAYOTTE-5GB-30D	8.99	0	30/06/2026 19:23:05 MEST		y	4			11				B0H6MD9C4Y						8721438409426			0	DEFAULT	Migrated Template	Inactive		
Marruecos eSIM 20GB 30Days		0325HRK45M5	MA_20_30	29.77	0	25/03/2026 08:49:20 MET		y	1			11				B0FR9M57DY						B0FR9M57DY			0	DEFAULT	Migrated Template	Inactive		
Marruecos eSIM 3GB 15Days		0325HSNLX14	MA_3_15	8.64	0	25/03/2026 11:29:49 MET		y	1			11				B0FR9CFZQR						B0FR9CFZQR			0	DEFAULT	Migrated Template	Inactive		
Marruecos eSIM 5GB 30Days		0325HSA8SLK	MA_5_30	9.23	0	25/03/2026 10:10:45 MET		y	1			11				B0FR9CDDQ8						B0FR9CDDQ8			0	DEFAULT	Migrated Template	Inactive		
Monaco eSIM 3GB 15Days		0812HQ2W7J8	MC_3_15	28.04	0	12/08/2026 15:23:42 MEST		y	1			11				B0FR9ZS6GM						B0FR9ZS6GM			0	DEFAULT	Migrated Template	Inactive		
Monaco eSIM 5GB 30Days		0812HPZNCOR	MC_5_30	40.84	0	12/08/2026 15:30:22 MEST		y	1			11				B0FR9H1H4M						B0FR9H1H4M			0	DEFAULT	Migrated Template	Inactive		
Moldavia eSIM 3GB 15Days		0812HQ0F4ZG	MD_3_15	8.09	0	12/08/2026 15:29:06 MEST		y	1			11				B0FR9CFQYY						B0FR9CFQYY			0	DEFAULT	Migrated Template	Inactive		
Oriente Medio eSIM 5GB 30Days		0812HQ306N1	ME-13_5_30	40.86	0	12/08/2026 15:24:07 MEST		y	1			11				B0FR9SYKP6						B0FR9SYKP6			0	DEFAULT	Migrated Template	Inactive		
México eSIM 20GB 30Days	Mexico eSIM 20GB 30Days - high speed internet - mobile data 5G compatible	0701HWEZ5FW	MEXICO-20GB-30D	34.99	0	01/07/2026 08:52:20 MEST		y	4			11				B0FR9VDSJX						8721438405244			0	DEFAULT	Migrated Template	Inactive		
México eSIM 3GB 15Days	Mexico eSIM 3GB 15Days - high speed internet - mobile data 5G compatible	0701HWF195J	MEXICO-3GB-15D	11.99	0	01/07/2026 08:45:00 MEST		y	4			11				B0FR9SZSTG						8721438405220			0	DEFAULT	Migrated Template	Inactive		
México eSIM 5GB 30Days	Mexico eSIM 5GB 30Days - high speed internet - mobile data 5G compatible	0701HWDQP8K	MEXICO-5GB-30D	13.99	0	01/07/2026 08:48:42 MEST		y	4			11				B0FR9H2K1C						8721438405237			0	DEFAULT	Migrated Template	Inactive		
Montenegro eSIM 3GB 15Days		0812HPZKA3E	ME_3_15	9.23	0	12/08/2026 15:29:03 MEST		y	1			11				B0FR9R5HR7						B0FR9R5HR7			0	DEFAULT	Migrated Template	Inactive		
Madagascar eSIM 3GB 15Days		0812HQ2YPVW	MG_3_15	17.9	0	12/08/2026 15:23:25 MEST		y	1			11				B0FR9H2NS1						B0FR9H2NS1			0	DEFAULT	Migrated Template	Inactive		
Oriente Medio eSIM 5GB 30Days	Middle East eSIM 5GB 30Days - high speed internet - mobile data 5G compatible	0701HWJKPJ8	MIDDLE-EAST-5GB-30D	35.99	0	01/07/2026 08:55:36 MEST		y	4			11				B0FR9SYKP6						8721438405275			0	DEFAULT	Migrated Template	Inactive		
Macedonia del Norte eSIM 3GB 15Days		0812HQAQ1OG	MK_3_15	9.23	0	12/08/2026 17:44:33 MEST		y	1			11				B0FRB59DJS						B0FRB59DJS			0	DEFAULT	Migrated Template	Inactive		
Macedonia del Norte eSIM 5GB 30Days		0812HQAGRSO	MK_5_30	13.88	0	12/08/2026 17:43:15 MEST		y	1			11				B0FR9WNHHX						B0FR9WNHHX			0	DEFAULT	Migrated Template	Inactive		
Mali eSIM 3GB 15Days		0812HPYQJPB	ML_3_15	27.95	0	12/08/2026 15:23:56 MEST		y	1			11				B0FR9TRDSY						B0FR9TRDSY			0	DEFAULT	Migrated Template	Inactive		
Mongolia eSIM 3GB 15Days		0812HPTZN50	MN_3_15	53.43	0	12/08/2026 15:24:49 MEST		y	1			11				B0FR9LSYTX						B0FR9LSYTX			0	DEFAULT	Migrated Template	Inactive		
Moldavia eSIM 3GB 15Days	Moldova eSIM 3GB 15Days - high speed internet - mobile data 5G compatible	0701HWF7WAI	MOLDOVA-3GB-15D	7.99	0	01/07/2026 08:59:39 MEST		y	4			11				B0FR9CFQYY						8721438405299			0	DEFAULT	Migrated Template	Inactive		
Monaco eSIM 3GB 15Days	Monaco eSIM 3GB 15Days - high speed internet - mobile data 5G compatible	0701HWJC6PS	MONACO-3GB-15D	61.99	0	01/07/2026 09:03:30 MEST		y	4			11				B0FR9ZS6GM						8721438405312			0	DEFAULT	Migrated Template	Inactive		
Monaco eSIM 5GB 30Days	Monaco eSIM 5GB 30Days - high speed internet - mobile data 5G compatible	0701HWJNN04	MONACO-5GB-30D	84.99	0	01/07/2026 09:07:11 MEST		y	4			11				B0FR9H1H4M						8721438405329			0	DEFAULT	Migrated Template	Inactive		
Mongolia eSIM 3GB 15Days	Mongolia eSIM 3GB 15Days - high speed internet - mobile data 5G compatible	0701HWF2Q3M	MONGOLIA-3GB-15D	15.99	0	01/07/2026 09:10:49 MEST		y	4			11				B0FR9LSYTX						8721438405343			0	DEFAULT	Migrated Template	Inactive		
Montenegro eSIM 3GB 15Days	Montenegro eSIM 3GB 15Days - high speed internet - mobile data 5G compatible	0701HWMT92G	MONTENEGRO-3GB-15D	8.99	0	01/07/2026 09:13:45 MEST		y	4			11				B0FR9R5HR7						8721438405367			0	DEFAULT	Migrated Template	Inactive		
Montserrat eSIM 20GB 30Days	Montserrat eSIM 20GB 30Days - high speed internet - mobile data 5G compatible	0630HUI4Z3D	MONTSERRAT-20GB-30D	93.99	0	30/06/2026 19:36:20 MEST		y	4			11				B0H6MG87HK						8721438409464			0	DEFAULT	Migrated Template	Inactive		
Montserrat eSIM 3GB 15Days	Montserrat eSIM 3GB 15Days - high speed internet - mobile data 5G compatible	0630HU8XDLZ	MONTSERRAT-3GB-15D	24.99	0	30/06/2026 19:29:40 MEST		y	4			11				B0H6MDJ2ZR						8721438409440			0	DEFAULT	Migrated Template	Inactive		
Montserrat eSIM 5GB 30Days	Montserrat eSIM 5GB 30Days - high speed internet - mobile data 5G compatible	0630HUKWTKI	MONTSERRAT-5GB-30D	32.99	0	30/06/2026 19:33:00 MEST		y	4			11				B0H6MGQ1Y4						8721438409457			0	DEFAULT	Migrated Template	Inactive		
Marruecos eSIM 20GB 30Days	Morocco eSIM 20GB 30Days - high speed internet - mobile data 5G compatible	0701HWNBEHT	MOROCCO-20GB-30D	26.99	0	01/07/2026 09:26:19 MEST		y	4			11				B0FR9M57DY						8721438405428			0	DEFAULT	Migrated Template	Inactive		
Marruecos eSIM 3GB 15Days	Morocco eSIM 3GB 15Days - high speed internet - mobile data 5G compatible	0701HWM344E	MOROCCO-3GB-15D	9.99	0	01/07/2026 09:18:43 MEST		y	4			11				B0FR9CFZQR						8721438405381			0	DEFAULT	Migrated Template	Inactive		
Marruecos eSIM 5GB 30Days	Morocco eSIM 5GB 30Days - high speed internet - mobile data 5G compatible	0701HWKA0MM	MOROCCO-5GB-30D	13.99	0	01/07/2026 09:22:38 MEST		y	4			11				B0FR9CDDQ8						8721438405404			0	DEFAULT	Migrated Template	Inactive		
Mozambique eSIM 20GB 30Days	Mozambique eSIM 20GB 30Days - high speed internet - mobile data 5G compatible	0701HWGZE26	MOZAMBIQUE-20GB-30D	75.99	0	01/07/2026 09:34:11 MEST		y	4			11				B0FR9CFLS7						8721438405480			0	DEFAULT	Migrated Template	Inactive		
Mozambique eSIM 3GB 15Days	Mozambique eSIM 3GB 15Days - high speed internet - mobile data 5G compatible	0701HWW2Y87	MOZAMBIQUE-3GB-15D	19.99	0	01/07/2026 09:30:20 MEST		y	4			11				B0FRB1M6HK						8721438405473			0	DEFAULT	Migrated Template	Inactive		
Macao eSIM 20GB 30Days		0812HPXEG06	MO_20_30	13.26	0	12/08/2026 15:32:00 MEST		y	1			11				B0FR9CDBN2						B0FR9CDBN2			0	DEFAULT	Migrated Template	Inactive		
Macao eSIM 3GB 15Days		0812HPTZMNJ	MO_3_15	3.42	0	12/08/2026 15:27:31 MEST		y	1			11				B0FR9M485M						B0FR9M485M			0	DEFAULT	Migrated Template	Inactive		
Macao eSIM 5GB 30Days		0812HPSH5PG	MO_5_30	4.59	0	12/08/2026 15:30:09 MEST		y	1			11				B0FR9L9624						B0FR9L9624			0	DEFAULT	Migrated Template	Inactive		
Malta eSIM 20GB 30Days		0812HPXCG2D	MT_20_30	26.87	0	12/08/2026 15:29:13 MEST		y	1			11				B0FR9VL1Q9						B0FR9VL1Q9			0	DEFAULT	Migrated Template	Inactive		
Malta eSIM 3GB 15Days		0812HQ17PD6	MT_3_15	5.17	0	12/08/2026 15:28:49 MEST		y	1			11				B0FR9M3PNR						B0FR9M3PNR			0	DEFAULT	Migrated Template	Inactive		
Malta eSIM 5GB 30Days		0812HPZI1ED	MT_5_30	9.23	0	12/08/2026 15:25:53 MEST		y	1			11				B0FR9ZSMTC						B0FR9ZSMTC			0	DEFAULT	Migrated Template	Inactive		
Malawi eSIM 3GB 15Days		0812HQ2SLLZ	MW_3_15	23.37	0	12/08/2026 15:25:13 MEST		y	1			11				B0FR9H3JDK						B0FR9H3JDK			0	DEFAULT	Migrated Template	Inactive		
Malawi eSIM 5GB 30Days		0812HQ0DDVO	MW_5_30	33.17	0	12/08/2026 15:22:13 MEST		y	1			11				B0FR9GXY24						B0FR9GXY24			0	DEFAULT	Migrated Template	Inactive		
México eSIM 20GB 30Days		0812HQ1AB0F	MX_20_30	39.7	0	12/08/2026 15:24:42 MEST		y	1			11				B0FR9VDSJX						B0FR9VDSJX			0	DEFAULT	Migrated Template	Inactive		
México eSIM 3GB 15Days		0812HQ2FZSY	MX_3_15	9.23	0	12/08/2026 15:25:08 MEST		y	1			11				B0FR9SZSTG						B0FR9SZSTG			0	DEFAULT	Migrated Template	Inactive		
México eSIM 5GB 30Days		0812HPXB3YE	MX_5_30	13.88	0	12/08/2026 15:29:06 MEST		y	1			11				B0FR9H2K1C						B0FR9H2K1C			0	DEFAULT	Migrated Template	Inactive		
Malasia eSIM 20GB 30Days		0325HS17PVP	MY_20_30	16.78	0	25/03/2026 09:26:02 MET		y	1			11				B0FR9VMWYD						B0FR9VMWYD			0	DEFAULT	Migrated Template	Inactive		
Malasia eSIM 3GB 15Days		0325HRX3C3V	MY_3_15	6.34	0	25/03/2026 09:25:41 MET		y	1			11				B0FR9H1Q65						B0FR9H1Q65			0	DEFAULT	Migrated Template	Inactive		
Malasia eSIM 5GB 30Days		0325HS1GQ01	MY_5_30	8.66	0	25/03/2026 09:28:06 MET		y	1			11				B0FR9LDGX8						B0FR9LDGX8			0	DEFAULT	Migrated Template	Inactive		
Mozambique eSIM 20GB 30Days		0812HPZJ68G	MZ_20_30	98.32	0	12/08/2026 15:29:45 MEST		y	1			11				B0FR9CFLS7						B0FR9CFLS7			0	DEFAULT	Migrated Template	Inactive		
Mozambique eSIM 3GB 15Days		0812HQ1WC25	MZ_3_15	23.28	0	12/08/2026 15:25:58 MEST		y	1			11				B0FRB1M6HK						B0FRB1M6HK			0	DEFAULT	Migrated Template	Inactive		
América del Norte eSIM 5GB 30Days		0812HQF1ZLQ	NA-3_5_30	13.88	0	12/08/2026 17:43:12 MEST		y	1			11				B0FRBDQ8H5						B0FRBDQ8H5			0	DEFAULT	Migrated Template	Inactive		
Nepal eSIM 3GB 15Days	Nepal eSIM 3GB 15Days - high speed internet - mobile data 5G compatible	0701HWQ876M	NEPAL-3GB-15D	13.99	0	01/07/2026 09:37:49 MEST		y	4			11				B0FRB1TD7L						8721438405503			0	DEFAULT	Migrated Template	Inactive		
Países Bajos eSIM 20GB 30Days	Netherlands eSIM 20GB 30Days - high speed internet - mobile data 5G compatible	0701HWHDXKL	NETHERLANDS-20GB-30D	15.99	0	01/07/2026 09:49:37 MEST		y	4			11				B0FR9NG7LB						8721438405565			0	DEFAULT	Migrated Template	Inactive		
Países Bajos eSIM 3GB 15Days	Netherlands eSIM 3GB 15Days - high speed internet - mobile data 5G compatible	0701HWPX490	NETHERLANDS-3GB-15D	7.99	0	01/07/2026 09:42:02 MEST		y	4			11				B0FRB5GNM2						8721438405527			0	DEFAULT	Migrated Template	Inactive		
Países Bajos eSIM 5GB 30Days	Netherlands eSIM 5GB 30Days - high speed internet - mobile data 5G compatible	0701HWMZG6P	NETHERLANDS-5GB-30D	8.99	0	01/07/2026 09:45:56 MEST		y	4			11				B0FR9NHP7Q						8721438405541			0	DEFAULT	Migrated Template	Inactive		
Nueva Zelanda eSIM 20GB 30Days	New Zealand eSIM 20GB 30Days - high speed internet - mobile data 5G compatible	0701HWR1APB	NEW-ZEALAND-20GB-30D	24.99	0	01/07/2026 09:59:54 MEST		y	4			11				B0FRB1TWT8						8721438405626			0	DEFAULT	Migrated Template	Inactive		
Nueva Zelanda eSIM 3GB 15Days	New Zealand eSIM 3GB 15Days - high speed internet - mobile data 5G compatible	0701HWKTNS8	NEW-ZEALAND-3GB-15D	8.99	0	01/07/2026 09:53:16 MEST		y	4			11				B0FR9NKXF5						8721438405596			0	DEFAULT	Migrated Template	Inactive		
Nueva Zelanda eSIM 5GB 30Days	New Zealand eSIM 5GB 30Days - high speed internet - mobile data 5G compatible	0701HWHO6NP	NEW-ZEALAND-5GB-30D	10.99	0	01/07/2026 09:56:37 MEST		y	4			11				B0FR9NHFWQ						8721438405602			0	DEFAULT	Migrated Template	Inactive		
Níger eSIM 3GB 15Days		0812HQ0DSTT	NE_3_15	27.95	0	12/08/2026 15:30:35 MEST		y	1			11				B0FR9NPT1H						B0FR9NPT1H			0	DEFAULT	Migrated Template	Inactive		
Nigeria eSIM 3GB 15Days		0812HQE7YRB	NG_3_15	17.94	0	12/08/2026 17:38:17 MEST		y	1			11				B0FR9X17QY						B0FR9X17QY			0	DEFAULT	Migrated Template	Inactive		
Nicaragua eSIM 3GB 15Days	Nicaragua eSIM 3GB 15Days - high speed internet - mobile data 5G compatible	0701HWR1YMT	NICARAGUA-3GB-15D	13.99	0	01/07/2026 10:03:21 MEST		y	4			11				B0FRB33MPG						8721438405695			0	DEFAULT	Migrated Template	Inactive		
Níger eSIM 3GB 15Days	Niger eSIM 3GB 15Days - high speed internet - mobile data 5G compatible	0701HWKXI9A	NIGER-3GB-15D	16.99	0	01/07/2026 10:07:35 MEST		y	4			11				B0FR9NPT1H						8721438405718			0	DEFAULT	Migrated Template	Inactive		
Nigeria eSIM 3GB 15Days	Nigeria eSIM 3GB 15Days - high speed internet - mobile data 5G compatible	0701HWL7TXE	NIGERIA-3GB-15D	13.99	0	01/07/2026 10:11:49 MEST		y	4			11				B0FR9X17QY						8721438405732			0	DEFAULT	Migrated Template	Inactive		
Nicaragua eSIM 3GB 15Days		0812HPX3J42	NI_3_15	17.9	0	12/08/2026 15:23:55 MEST		y	1			11				B0FRB33MPG						B0FRB33MPG			0	DEFAULT	Migrated Template	Inactive		
Países Bajos eSIM 20GB 30Days		0325HSCDJZ6	NL_20_30	21.07	0	25/03/2026 11:28:15 MET		y	1			11				B0FR9NG7LB						B0FR9NG7LB			0	DEFAULT	Migrated Template	Inactive		
Países Bajos eSIM 3GB 15Days		0325HSIULCM	NL_3_15	6.33	0	25/03/2026 10:43:55 MET		y	1			11				B0FRB5GNM2						B0FRB5GNM2			0	DEFAULT	Migrated Template	Inactive		
Países Bajos eSIM 5GB 30Days		0325HRVTAUR	NL_5_30	5.75	0	25/03/2026 09:14:47 MET		y	1			11				B0FR9NHP7Q						B0FR9NHP7Q			0	DEFAULT	Migrated Template	Inactive		
América del Norte eSIM 5GB 30Days	North America eSIM 5GB 30Days - high speed internet - mobile data 5G compatible	0701HYQ8BM7	NORTH-AMERICA-5GB-30D	15.99	0	01/07/2026 19:35:33 MEST		y	4			11				B0FRBDQ8H5						8721438405794			0	DEFAULT	Migrated Template	Inactive		
Macedonia del Norte eSIM 3GB 15Days	North Macedonia eSIM 3GB 15Days - high speed internet - mobile data 5G compatible	0701HWL67TQ	NORTH-MACEDONIA-3GB-15D	8.99	0	01/07/2026 10:20:18 MEST		y	4			11				B0FRB59DJS						8721438405862			0	DEFAULT	Migrated Template	Inactive		
Macedonia del Norte eSIM 5GB 30Days	North Macedonia eSIM 5GB 30Days - high speed internet - mobile data 5G compatible	0701HWYKN67	NORTH-MACEDONIA-5GB-30D	13.99	0	01/07/2026 10:24:11 MEST		y	4			11				B0FR9WNHHX						8721438405879			0	DEFAULT	Migrated Template	Inactive		
Noruega eSIM 20GB 30Days	Norway eSIM 20GB 30Days - high speed internet - mobile data 5G compatible	0701HWUJ3SU	NORWAY-20GB-30D	14.99	0	01/07/2026 10:35:43 MEST		y	4			11				B0FRB572L8						8721438405930			0	DEFAULT	Migrated Template	Inactive		
Noruega eSIM 3GB 15Days	Norway eSIM 3GB 15Days - high speed internet - mobile data 5G compatible	0701HYGRNSJ	NORWAY-3GB-15D	7.99	0	01/07/2026 16:42:16 MEST		y	4			11				B0FR9WNK2H						8721438405893			0	DEFAULT	Migrated Template	Inactive		
Noruega eSIM 5GB 30Days	Norway eSIM 5GB 30Days - high speed internet - mobile data 5G compatible	0701HWWK5T7	NORWAY-5GB-30D	8.99	0	01/07/2026 10:32:06 MEST		y	4			11				B0FRBNPZ9D						8721438405916			0	DEFAULT	Migrated Template	Inactive		
Noruega eSIM 20GB 30Days		0812HQHJZOP	NO_20_30	13.62	0	12/08/2026 17:44:00 MEST		y	1			11				B0FRB572L8						B0FRB572L8			0	DEFAULT	Migrated Template	Inactive		
Noruega eSIM 3GB 15Days		0812HQEOGDJ	NO_3_15	3.42	0	12/08/2026 17:40:32 MEST		y	1			11				B0FR9WNK2H						B0FR9WNK2H			0	DEFAULT	Migrated Template	Inactive		
Noruega eSIM 5GB 30Days		0812HQFB04S	NO_5_30	4.59	0	12/08/2026 17:41:26 MEST		y	1			11				B0FRBNPZ9D						B0FRBNPZ9D			0	DEFAULT	Migrated Template	Inactive		
Nepal eSIM 3GB 15Days		0812HQ2L0HZ	NP_3_15	33.29	0	12/08/2026 15:31:18 MEST		y	1			11				B0FRB1TD7L						B0FRB1TD7L			0	DEFAULT	Migrated Template	Inactive		
Nueva Zelanda eSIM 20GB 30Days		0812HPU1O8B	NZ_20_30	22.8	0	12/08/2026 15:30:19 MEST		y	1			11				B0FRB1TWT8						B0FRB1TWT8			0	DEFAULT	Migrated Template	Inactive		
Nueva Zelanda eSIM 3GB 15Days		0812HQ05G9W	NZ_3_15	5.17	0	12/08/2026 15:30:27 MEST		y	1			11				B0FR9NKXF5						B0FR9NKXF5			0	DEFAULT	Migrated Template	Inactive		
Nueva Zelanda eSIM 5GB 30Days		0812HQ2QRPO	NZ_5_30	8.63	0	12/08/2026 15:29:02 MEST		y	1			11				B0FR9NHFWQ						B0FR9NHFWQ			0	DEFAULT	Migrated Template	Inactive		
Omán eSIM 20GB 30Days	Oman eSIM 20GB 30Days - high speed internet - mobile data 5G compatible	0702HZUQ865	OMAN-20GB-30D	32.99	0	02/07/2026 03:39:46 MEST		y	4			11				B0FRB4R3FK						8721438405992			0	DEFAULT	Migrated Template	Inactive		
Omán eSIM 3GB 15Days	Oman eSIM 3GB 15Days - high speed internet - mobile data 5G compatible	0701HWIRZHA	OMAN-3GB-15D	10.99	0	01/07/2026 10:39:45 MEST		y	4			11				B0FRB4BL4W						8721438405978			0	DEFAULT	Migrated Template	Inactive		
Omán eSIM 20GB 30Days		0812HQAFAUC	OM_20_30	70.46	0	12/08/2026 17:38:57 MEST		y	1			11				B0FRB4R3FK						B0FRB4R3FK			0	DEFAULT	Migrated Template	Inactive		
Omán eSIM 3GB 15Days		0812HQ8L3VT	OM_3_15	13.88	0	12/08/2026 17:42:58 MEST		y	1			11				B0FRB4BL4W						B0FRB4BL4W			0	DEFAULT	Migrated Template	Inactive		
Pakistán eSIM 20GB 30Days	Pakistan eSIM 20GB 30Days - high speed internet - mobile data 5G compatible	0701HWUW21S	PAKISTAN-20GB-30D	21.99	0	01/07/2026 10:55:12 MEST		y	4			11				B0FRB691X8						8721438406050			0	DEFAULT	Migrated Template	Inactive		
Pakistán eSIM 3GB 15Days	Pakistan eSIM 3GB 15Days - high speed internet - mobile data 5G compatible	0701HWUV33G	PAKISTAN-3GB-15D	8.99	0	01/07/2026 10:47:40 MEST		y	4			11				B0FRB4HL3B						8721438406012			0	DEFAULT	Migrated Template	Inactive		
Pakistán eSIM 5GB 30Days	Pakistan eSIM 5GB 30Days - high speed internet - mobile data 5G compatible	0701HWLPDJX	PAKISTAN-5GB-30D	9.99	0	01/07/2026 10:51:33 MEST		y	4			11				B0FRB48QKZ						8721438406036			0	DEFAULT	Migrated Template	Inactive		
Panamá eSIM 3GB 15Days	Panama eSIM 3GB 15Days - high speed internet - mobile data 5G compatible	0701HX33HP2	PANAMA-3GB-15D	16.99	0	01/07/2026 10:59:13 MEST		y	4			11				B0FRB3VFW6						8721438406074			0	DEFAULT	Migrated Template	Inactive		
Paraguay eSIM 3GB 15Days	Paraguay eSIM 3GB 15Days - high speed internet - mobile data 5G compatible	0701HX1163Z	PARAGUAY-3GB-15D	13.99	0	01/07/2026 11:03:29 MEST		y	4			11				B0FRB3V7CS						8721438406098			0	DEFAULT	Migrated Template	Inactive		
Panamá eSIM 3GB 15Days		0812HQEKVYK	PA_3_15	21.55	0	12/08/2026 17:39:30 MEST		y	1			11				B0FRB3VFW6						B0FRB3VFW6			0	DEFAULT	Migrated Template	Inactive		
Perú eSIM 20GB 30Days	Peru eSIM 20GB 30Days - high speed internet - mobile data 5G compatible	0630HTQBEGL	PERU-20GB-30D	41.99	0	30/06/2026 13:19:59 MEST		y	4			11				B0H6M8BLBD						8721438406128			0	DEFAULT	Migrated Template	Inactive		
Perú eSIM 3GB 15Days	Peru eSIM 3GB 15Days - high speed internet - mobile data 5G compatible	0630HTIA71N	PERU-3GB-15D	13.99	0	30/06/2026 13:15:58 MEST		y	4			11				B0H6M5WW3B						8721438406111			0	DEFAULT	Migrated Template	Inactive		
Filipinas eSIM 20GB 30Days	Philippines eSIM 20GB 30Days - high speed internet - mobile data 5G compatible	0701HX432JZ	PHILIPPINES-20GB-30D	22.99	0	01/07/2026 11:15:20 MEST		y	4			11				B0FRB4K2D4						8721438406173			0	DEFAULT	Migrated Template	Inactive		
Filipinas eSIM 3GB 15Days	Philippines eSIM 3GB 15Days - high speed internet - mobile data 5G compatible	0701HX0WRMZ	PHILIPPINES-3GB-15D	8.99	0	01/07/2026 11:08:13 MEST		y	4			11				B0FRB1GVXK						8721438406142			0	DEFAULT	Migrated Template	Inactive		
Filipinas eSIM 5GB 30Days	Philippines eSIM 5GB 30Days - high speed internet - mobile data 5G compatible	0701HWZJO79	PHILIPPINES-5GB-30D	9.99	0	01/07/2026 11:12:04 MEST		y	4			11				B0FRB4VCKG						8721438406159			0	DEFAULT	Migrated Template	Inactive		
Filipinas eSIM 20GB 30Days		0325HS1546P	PH_20_30	34.44	0	25/03/2026 09:25:35 MET		y	1			11				B0FRB4K2D4						B0FRB4K2D4			0	DEFAULT	Migrated Template	Inactive		
Filipinas eSIM 3GB 15Days		0325HS8FDL5	PH_3_15	9.81	0	25/03/2026 10:05:30 MET		y	1			11				B0FRB1GVXK						B0FRB1GVXK			0	DEFAULT	Migrated Template	Inactive		
Filipinas eSIM 5GB 30Days		0325HS1O8BI	PH_5_30	13.31	0	25/03/2026 09:19:55 MET		y	1			11				B0FRB4VCKG						B0FRB4VCKG			0	DEFAULT	Migrated Template	Inactive		
Pakistán eSIM 20GB 30Days		0812HQ9RKVZ	PK_20_30	31.52	0	12/08/2026 17:39:51 MEST		y	1			11				B0FRB691X8						B0FRB691X8			0	DEFAULT	Migrated Template	Inactive		
Pakistán eSIM 3GB 15Days		0812HQF3XS4	PK_3_15	8.07	0	12/08/2026 17:47:45 MEST		y	1			11				B0FRB4HL3B						B0FRB4HL3B			0	DEFAULT	Migrated Template	Inactive		
Pakistán eSIM 5GB 30Days		0812HQES4KP	PK_5_30	11.57	0	12/08/2026 17:38:31 MEST		y	1			11				B0FRB48QKZ						B0FRB48QKZ			0	DEFAULT	Migrated Template	Inactive		
Polonia eSIM 20GB 30Days		0325HSRGYHX	PL_20_30	16.79	0	25/03/2026 11:18:33 MET		y	1			11				B0FRB5HSK7						B0FRB5HSK7			0	DEFAULT	Migrated Template	Inactive		
Polonia eSIM 3GB 15Days		0325HS5T3AQ	PL_3_15	6.33	0	25/03/2026 10:11:49 MET		y	1			11				B0FRB4JVKR						B0FRB4JVKR			0	DEFAULT	Migrated Template	Inactive		
Polonia eSIM 5GB 30Days		0325HRK2PTK	PL_5_30	4.59	0	25/03/2026 08:41:43 MET		y	1			11				B0FRBDPQ9J						B0FRBDPQ9J			0	DEFAULT	Migrated Template	Inactive		
Polonia eSIM 20GB 30Days	Poland eSIM 20GB 30Days - high speed internet - mobile data 5G compatible	0701HX4BDLX	POLAND-20GB-30D	14.99	0	01/07/2026 11:27:45 MEST		y	4			11				B0FRB5HSK7						8721438406289			0	DEFAULT	Migrated Template	Inactive		
Polonia eSIM 3GB 15Days	Poland eSIM 3GB 15Days - high speed internet - mobile data 5G compatible	0701HX4C7AI	POLAND-3GB-15D	7.99	0	01/07/2026 11:19:22 MEST		y	4			11				B0FRB4JVKR						8721438406258			0	DEFAULT	Migrated Template	Inactive		
Polonia eSIM 5GB 30Days	Poland eSIM 5GB 30Days - high speed internet - mobile data 5G compatible	0701HX5YD6H	POLAND-5GB-30D	8.99	0	01/07/2026 11:23:40 MEST		y	4			11				B0FRBDPQ9J						8721438406272			0	DEFAULT	Migrated Template	Inactive		
Portugal eSIM 20GB 30Days	Portugal eSIM 20GB 30Days - high speed internet - mobile data 5G compatible	0701HX5E8TT	PORTUGAL-20GB-30D	14.99	0	01/07/2026 11:39:45 MEST		y	4			11				B0FRB354KV						8721438406357			0	DEFAULT	Migrated Template	Inactive		
Portugal eSIM 3GB 15Days	Portugal eSIM 3GB 15Days - high speed internet - mobile data 5G compatible	0701HX6DP8Y	PORTUGAL-3GB-15D	7.99	0	01/07/2026 11:31:26 MEST		y	4			11				B0FRB4314T						8721438406319			0	DEFAULT	Migrated Template	Inactive		
Portugal eSIM 5GB 30Days	Portugal eSIM 5GB 30Days - high speed internet - mobile data 5G compatible	0701HX1DYFY	PORTUGAL-5GB-30D	8.99	0	01/07/2026 11:34:53 MEST		y	4			11				B0FRB4X799						8721438406333			0	DEFAULT	Migrated Template	Inactive		
Puerto Rico eSIM 3GB 15Days		0812HQB461B	PR_3_15	11.56	0	12/08/2026 17:39:28 MEST		y	1			11				B0FRB5MSF1						B0FRB5MSF1			0	DEFAULT	Migrated Template	Inactive		
Puerto Rico eSIM 5GB 30Days		0812HQEYA0G	PR_5_30	17.36	0	12/08/2026 17:40:31 MEST		y	1			11				B0FR9WMX9V						B0FR9WMX9V			0	DEFAULT	Migrated Template	Inactive		
Portugal eSIM 20GB 30Days		0325HS3XYIT	PT_20_30	21.04	0	25/03/2026 10:04:16 MET		y	1			11				B0FRB354KV						B0FRB354KV			0	DEFAULT	Migrated Template	Inactive		
Portugal eSIM 3GB 15Days		0325HSJFLY0	PT_3_15	6.33	0	25/03/2026 11:24:40 MET		y	1			11				B0FRB4314T						B0FRB4314T			0	DEFAULT	Migrated Template	Inactive		
Portugal eSIM 5GB 30Days		0325HRU0N1K	PT_5_30	5.75	0	25/03/2026 09:26:14 MET		y	1			11				B0FRB4X799						B0FRB4X799			0	DEFAULT	Migrated Template	Inactive		
Puerto Rico eSIM 3GB 15Days	Puerto Rico eSIM 3GB 15Days - high speed internet - mobile data 5G compatible	0701HYKA50B	PUERTO-RICO-3GB-15D	11.99	0	01/07/2026 18:55:00 MEST		y	4			11				B0FRB5MSF1						8721438406388			0	DEFAULT	Migrated Template	Inactive		
Puerto Rico eSIM 5GB 30Days	Puerto Rico eSIM 5GB 30Days - high speed internet - mobile data 5G compatible	0701HX8DAVV	PUERTO-RICO-5GB-30D	13.99	0	01/07/2026 11:46:30 MEST		y	4			11				B0FR9WMX9V						8721438406395			0	DEFAULT	Migrated Template	Inactive		
Paraguay eSIM 3GB 15Days		0812HQA4V5N	PY_3_15	17.94	0	12/08/2026 17:38:31 MEST		y	1			11				B0FRB3V7CS						B0FRB3V7CS			0	DEFAULT	Migrated Template	Inactive		
Qatar eSIM 20GB 30Days	Qatar eSIM 20GB 30Days - high speed internet - mobile data 5G compatible	0701HYRLZBI	QATAR-20GB-30D	30.99	0	01/07/2026 19:49:37 MEST		y	4			11				B0FR9X3QGM						8721438406449			0	DEFAULT	Migrated Template	Inactive		
Qatar eSIM 3GB 15Days	Qatar eSIM 3GB 15Days - high speed internet - mobile data 5G compatible	0701HYNK06C	QATAR-3GB-15D	10.99	0	01/07/2026 18:24:54 MEST		y	4			11				B0FR9NXH43						8721438406418			0	DEFAULT	Migrated Template	Inactive		
Qatar eSIM 5GB 30Days	Qatar eSIM 5GB 30Days - high speed internet - mobile data 5G compatible	0701HYKTG8S	QATAR-5GB-30D	17.99	0	01/07/2026 18:25:04 MEST		y	4			11				B0FR9X5KB1						8721438406432			0	DEFAULT	Migrated Template	Inactive		
Qatar eSIM 20GB 30Days		0812HQ9BI6S	QA_20_30	62.9	0	12/08/2026 17:36:52 MEST		y	1			11				B0FR9X3QGM						B0FR9X3QGM			0	DEFAULT	Migrated Template	Inactive		
Qatar eSIM 3GB 15Days		0812HQEB3BW	QA_3_15	14.46	0	12/08/2026 17:40:54 MEST		y	1			11				B0FR9NXH43						B0FR9NXH43			0	DEFAULT	Migrated Template	Inactive		
Qatar eSIM 5GB 30Days		0812HQASKB1	QA_5_30	22.78	0	12/08/2026 17:46:54 MEST		y	1			11				B0FR9X5KB1						B0FR9X5KB1			0	DEFAULT	Migrated Template	Inactive		
República del Congo eSIM 20GB 30Days	Republic of the Congo eSIM 20GB 30Days - high speed internet - mobile data 5G compatible	0630HU933HH	REPUBLIC-OF-THE-CONGO-20GB-30D	76.99	0	30/06/2026 19:46:06 MEST		y	4			11				B0H6MJ756Y						8721438409495			0	DEFAULT	Migrated Template	Inactive		
República del Congo eSIM 3GB 15Days	Republic of the Congo eSIM 3GB 15Days - high speed internet - mobile data 5G compatible	0630HUL2A5W	REPUBLIC-OF-THE-CONGO-3GB-15D	21.99	0	30/06/2026 19:39:48 MEST		y	4			11				B0H6MM6DKT						8721438409471			0	DEFAULT	Migrated Template	Inactive		
República del Congo eSIM 5GB 30Days	Republic of the Congo eSIM 5GB 30Days - high speed internet - mobile data 5G compatible	0630HU91X67	REPUBLIC-OF-THE-CONGO-5GB-30D	33.99	0	30/06/2026 19:42:48 MEST		y	4			11				B0H6MBXD3B						8721438409488			0	DEFAULT	Migrated Template	Inactive		
Reunion eSIM 3GB 15Days	Reunion eSIM 3GB 15Days - high speed internet - mobile data 5G compatible	0701HYWPK26	REUNION-3GB-15D	7.99	0	01/07/2026 22:10:11 MEST		y	4			11				B0FRB3KCNQ						8721438406470			0	DEFAULT	Migrated Template	Inactive		
Reunion eSIM 5GB 30Days	Reunion eSIM 5GB 30Days - high speed internet - mobile data 5G compatible	0701HYS4C7L	REUNION-5GB-30D	8.99	0	01/07/2026 20:39:42 MEST		y	4			11				B0FRB47TQW						8721438406487			0	DEFAULT	Migrated Template	Inactive		
Reunion eSIM 3GB 15Days		0812HQ9UPK2	RE_3_15	11.88	0	12/08/2026 17:42:08 MEST		y	1			11				B0FRB3KCNQ						B0FRB3KCNQ			0	DEFAULT	Migrated Template	Inactive		
Reunion eSIM 5GB 30Days		0812HQB0NT3	RE_5_30	17.36	0	12/08/2026 17:41:07 MEST		y	1			11				B0FRB47TQW						B0FRB47TQW			0	DEFAULT	Migrated Template	Inactive		
Rumania eSIM 20GB 30Days	Romania eSIM 20GB 30Days - high speed internet - mobile data 5G compatible	0630HUC7YEG	ROMANIA-20GB-30D	14.99	0	30/06/2026 19:56:02 MEST		y	4			11				B0H6MGRC1F						8721438409525			0	DEFAULT	Migrated Template	Inactive		
Rumania eSIM 3GB 15Days	Romania eSIM 3GB 15Days - high speed internet - mobile data 5G compatible	0630HUIXFU6	ROMANIA-3GB-15D	7.99	0	30/06/2026 19:49:23 MEST		y	4			11				B0H6MKQH2C						8721438409501			0	DEFAULT	Migrated Template	Inactive		
Rumania eSIM 5GB 30Days	Romania eSIM 5GB 30Days - high speed internet - mobile data 5G compatible	0630HU93Y0A	ROMANIA-5GB-30D	8.99	0	30/06/2026 19:52:44 MEST		y	4			11				B0H6MFVLCB						8721438409518			0	DEFAULT	Migrated Template	Inactive		
Serbia eSIM 20GB 30Days		0812HQ90VRO	RS_20_30	50.44	0	12/08/2026 17:37:38 MEST		y	1			11				B0FRB5K8JC						B0FRB5K8JC			0	DEFAULT	Migrated Template	Inactive		
Serbia eSIM 3GB 15Days		0812HQEW44K	RS_3_15	11.57	0	12/08/2026 17:46:09 MEST		y	1			11				B0FRB5TJV2						B0FRB5TJV2			0	DEFAULT	Migrated Template	Inactive		
Rusia eSIM 20GB 30Days	Russia eSIM 20GB 30Days - high speed internet - mobile data 5G compatible	0630HUI3DCL	RUSSIA-20GB-30D	22.99	0	30/06/2026 20:05:38 MEST		y	4			11				B0H6MDSLNC						8721438409556			0	DEFAULT	Migrated Template	Inactive		
Rusia eSIM 3GB 15Days	Russia eSIM 3GB 15Days - high speed internet - mobile data 5G compatible	0630HUHQH91	RUSSIA-3GB-15D	9.99	0	30/06/2026 19:59:00 MEST		y	4			11				B0H6MDNPC8						8721438409532			0	DEFAULT	Migrated Template	Inactive		
Rusia eSIM 5GB 30Days	Russia eSIM 5GB 30Days - high speed internet - mobile data 5G compatible	0630HUM4AT0	RUSSIA-5GB-30D	13.99	0	30/06/2026 20:02:21 MEST		y	4			11				B0H6MLHHB2						8721438409549			0	DEFAULT	Migrated Template	Inactive		
Ruanda eSIM 20GB 30Days	Rwanda eSIM 20GB 30Days - high speed internet - mobile data 5G compatible	0630HUKM94M	RWANDA-20GB-30D	97.99	0	30/06/2026 20:15:14 MEST		y	4			11				B0H6M66BWN						8721438409587			0	DEFAULT	Migrated Template	Inactive		
Ruanda eSIM 3GB 15Days	Rwanda eSIM 3GB 15Days - high speed internet - mobile data 5G compatible	0630HUMM2KI	RWANDA-3GB-15D	23.99	0	30/06/2026 20:08:56 MEST		y	4			11				B0H6MK2ZBQ						8721438409563			0	DEFAULT	Migrated Template	Inactive		
Ruanda eSIM 5GB 30Days	Rwanda eSIM 5GB 30Days - high speed internet - mobile data 5G compatible	0630HUFF3A2	RWANDA-5GB-30D	31.99	0	30/06/2026 20:12:17 MEST		y	4			11				B0H6MJZHP1						8721438409570			0	DEFAULT	Migrated Template	Inactive		
América del Sur eSIM 5GB 30Days		0812HQ9Y429	SA-18_5_30	33.26	0	12/08/2026 17:45:56 MEST		y	1			11				B0FRB8D7HC						B0FRB8D7HC			0	DEFAULT	Migrated Template	Inactive		
San Bartolomé eSIM 20GB 30Days	Saint Barthelemy eSIM 20GB 30Days - high speed internet - mobile data 5G compatible	0630HUMPEGF	SAINT-BARTHELEMY-20GB-30D	16.99	0	30/06/2026 20:25:01 MEST		y	4			11				B0H6MJHHNB						8721438409617			0	DEFAULT	Migrated Template	Inactive		
San Bartolomé eSIM 3GB 15Days	Saint Barthelemy eSIM 3GB 15Days - high speed internet - mobile data 5G compatible	0630HUCAXFV	SAINT-BARTHELEMY-3GB-15D	7.99	0	30/06/2026 20:18:43 MEST		y	4			11				B0H6MDMD63						8721438409594			0	DEFAULT	Migrated Template	Inactive		
San Bartolomé eSIM 5GB 30Days	Saint Barthelemy eSIM 5GB 30Days - high speed internet - mobile data 5G compatible	0630HUKNTU5	SAINT-BARTHELEMY-5GB-30D	8.99	0	30/06/2026 20:22:04 MEST		y	4			11				B0H6MBS246						8721438409600			0	DEFAULT	Migrated Template	Inactive		
Saint Kitts and Nevis eSIM 20GB 30Days	Saint Kitts and Nevis eSIM 20GB 30Days - high speed internet - mobile data 5G compatible	0630HUL75ON	SAINT-KITTS-AND-NEVIS-20GB-30D	102.99	0	30/06/2026 20:34:35 MEST		y	4			11				B0H6MJQSR4						8721438409648			0	DEFAULT	Migrated Template	Inactive		
Saint Kitts and Nevis eSIM 3GB 15Days	Saint Kitts and Nevis eSIM 3GB 15Days - high speed internet - mobile data 5G compatible	0630HUGU0C8	SAINT-KITTS-AND-NEVIS-3GB-15D	28.99	0	30/06/2026 20:28:29 MEST		y	4			11				B0H6MDHJ2B						8721438409624			0	DEFAULT	Migrated Template	Inactive		
Saint Kitts and Nevis eSIM 5GB 30Days	Saint Kitts and Nevis eSIM 5GB 30Days - high speed internet - mobile data 5G compatible	0630HUMZQI3	SAINT-KITTS-AND-NEVIS-5GB-30D	37.99	0	30/06/2026 20:31:07 MEST		y	4			11				B0H6MBK615						8721438409631			0	DEFAULT	Migrated Template	Inactive		
Santa Lucía eSIM 20GB 30Days	Saint Lucia eSIM 20GB 30Days - high speed internet - mobile data 5G compatible	0630HUPXI1G	SAINT-LUCIA-20GB-30D	102.99	0	30/06/2026 20:43:38 MEST		y	4			11				B0H6MDX8DY						8721438409679			0	DEFAULT	Migrated Template	Inactive		
Santa Lucía eSIM 3GB 15Days	Saint Lucia eSIM 3GB 15Days - high speed internet - mobile data 5G compatible	0630HUKXHIH	SAINT-LUCIA-3GB-15D	28.99	0	30/06/2026 20:37:52 MEST		y	4			11				B0H6M7Y1CD						8721438409655			0	DEFAULT	Migrated Template	Inactive		
Santa Lucía eSIM 5GB 30Days	Saint Lucia eSIM 5GB 30Days - high speed internet - mobile data 5G compatible	0630HUIGXBK	SAINT-LUCIA-5GB-30D	37.99	0	30/06/2026 20:41:03 MEST		y	4			11				B0H6MGBXNV						8721438409662			0	DEFAULT	Migrated Template	Inactive		
Saint Martin eSIM 20GB 30Days	Saint Martin eSIM 20GB 30Days - high speed internet - mobile data 5G compatible	0630HUQW4QE	SAINT-MARTIN-20GB-30D	16.99	0	30/06/2026 20:53:33 MEST		y	4			11				B0H6MF7K64						8721438409709			0	DEFAULT	Migrated Template	Inactive		
Saint Martin eSIM 3GB 15Days	Saint Martin eSIM 3GB 15Days - high speed internet - mobile data 5G compatible	0630HULL0C2	SAINT-MARTIN-3GB-15D	7.99	0	30/06/2026 20:47:06 MEST		y	4			11				B0H6MDB2CN						8721438409686			0	DEFAULT	Migrated Template	Inactive		
Saint Martin eSIM 5GB 30Days	Saint Martin eSIM 5GB 30Days - high speed internet - mobile data 5G compatible	0630HUQMEZT	SAINT-MARTIN-5GB-30D	8.99	0	30/06/2026 20:50:27 MEST		y	4			11				B0H6MC37Q1						8721438409693			0	DEFAULT	Migrated Template	Inactive		
San Vicente y Las Granadinas eSIM 3GB 15Days	Saint Vincent and the Grenadines eSIM 3GB 15Days - high speed internet - mobile data 5G compatible	0630HULODIG	SAINT-VINCENT-AND-THE-GRENADINES-3GB-15D	34.99	0	30/06/2026 20:57:02 MEST		y	4			11				B0H6MF3FWZ						8721438409716			0	DEFAULT	Migrated Template	Inactive		
San Vicente y Las Granadinas eSIM 5GB 30Days	Saint Vincent and the Grenadines eSIM 5GB 30Days - high speed internet - mobile data 5G compatible	0630HUPGTTT	SAINT-VINCENT-AND-THE-GRENADINES-5GB-30D	45.99	0	30/06/2026 21:00:12 MEST		y	4			11				B0H6MJXH8Z						8721438409723			0	DEFAULT	Migrated Template	Inactive		
Samoa eSIM 20GB 30Days	Samoa eSIM 20GB 30Days - high speed internet - mobile data 5G compatible	0630HUO9GT1	SAMOA-20GB-30D	294.99	0	30/06/2026 21:14:19 MEST		y	4			11				B0H6MJQDSM						8721438409761			0	DEFAULT	Migrated Template	Inactive		
Samoa eSIM 3GB 15Days	Samoa eSIM 3GB 15Days - high speed internet - mobile data 5G compatible	0630HUQ1GKI	SAMOA-3GB-15D	57.99	0	30/06/2026 21:07:52 MEST		y	4			11				B0H6MGJ45S						8721438409747			0	DEFAULT	Migrated Template	Inactive		
Samoa eSIM 5GB 30Days	Samoa eSIM 5GB 30Days - high speed internet - mobile data 5G compatible	0630HULQO2R	SAMOA-5GB-30D	79.99	0	30/06/2026 21:11:23 MEST		y	4			11				B0H6MFFZH1						8721438409754			0	DEFAULT	Migrated Template	Inactive		
San Marino eSIM 20GB 30Days	San Marino eSIM 20GB 30Days - high speed internet - mobile data 5G compatible	0630HUNUPZP	SAN-MARINO-20GB-30D	15.99	0	30/06/2026 21:24:05 MEST		y	4			11				B0H6MDHJFJ						8721438409792			0	DEFAULT	Migrated Template	Inactive		
San Marino eSIM 3GB 15Days	San Marino eSIM 3GB 15Days - high speed internet - mobile data 5G compatible	0630HURC243	SAN-MARINO-3GB-15D	7.99	0	30/06/2026 21:17:27 MEST		y	4			11				B0H6MG33GL						8721438409778			0	DEFAULT	Migrated Template	Inactive		
San Marino eSIM 5GB 30Days	San Marino eSIM 5GB 30Days - high speed internet - mobile data 5G compatible	0630HUQU42O	SAN-MARINO-5GB-30D	8.99	0	30/06/2026 21:20:58 MEST		y	4			11				B0H6ML6C38						8721438409785			0	DEFAULT	Migrated Template	Inactive		
Arabia Saudita eSIM 20GB 30Days	Saudi Arabia eSIM 20GB 30Days - high speed internet - mobile data 5G compatible	0701HXKAFUO	SAUDI-ARABIA-20GB-30D	33.99	0	01/07/2026 12:17:38 MEST		y	4			11				B0FRB5PZTS						8721438406548			0	DEFAULT	Migrated Template	Inactive		
Arabia Saudita eSIM 3GB 15Days	Saudi Arabia eSIM 3GB 15Days - high speed internet - mobile data 5G compatible	0701HYNPQCT	SAUDI-ARABIA-3GB-15D	11.99	0	01/07/2026 18:49:37 MEST		y	4			11				B0FRB3N2KL						8721438406500			0	DEFAULT	Migrated Template	Inactive		
Arabia Saudita eSIM 5GB 30Days	Saudi Arabia eSIM 5GB 30Days - high speed internet - mobile data 5G compatible	0701HXIFFGY	SAUDI-ARABIA-5GB-30D	13.99	0	01/07/2026 12:13:57 MEST		y	4			11				B0FRB1SRZY						8721438406524			0	DEFAULT	Migrated Template	Inactive		
Arabia Saudita eSIM 20GB 30Days		0812HQAC5FN	SA_20_30	50.12	0	12/08/2026 17:39:33 MEST		y	1			11				B0FRB5PZTS						B0FRB5PZTS			0	DEFAULT	Migrated Template	Inactive		
Arabia Saudita eSIM 3GB 15Days		0812HQEEQNN	SA_3_15	9.81	0	12/08/2026 17:43:48 MEST		y	1			11				B0FRB3N2KL						B0FRB3N2KL			0	DEFAULT	Migrated Template	Inactive		
Arabia Saudita eSIM 5GB 30Days		0812HQAPWH9	SA_5_30	16.2	0	12/08/2026 17:44:29 MEST		y	1			11				B0FRB1SRZY						B0FRB1SRZY			0	DEFAULT	Migrated Template	Inactive		
Seychelles eSIM 3GB 15Days		0812HQHNLHW	SC_3_15	17.94	0	12/08/2026 17:44:08 MEST		y	1			11				B0FRB55T3H						B0FRB55T3H			0	DEFAULT	Migrated Template	Inactive		
Seychelles eSIM 5GB 30Days		0812HQE4ER4	SC_5_30	27.47	0	12/08/2026 17:39:13 MEST		y	1			11				B0FR9P7N6M						B0FR9P7N6M			0	DEFAULT	Migrated Template	Inactive		
Sudán eSIM 3GB 15Days		0812HQ8WJUD	SD_3_15	42.57	0	12/08/2026 17:40:23 MEST		y	1			11				B0FRCKTXNQ						B0FRCKTXNQ			0	DEFAULT	Migrated Template	Inactive		
Sudán eSIM 5GB 30Days		0812HQAM8BU	SD_5_30	64.07	0	12/08/2026 17:45:49 MEST		y	1			11				B0FRC799N3						B0FRC799N3			0	DEFAULT	Migrated Template	Inactive		
Senegal eSIM 3GB 15Days	Senegal eSIM 3GB 15Days - high speed internet - mobile data 5G compatible	0701HXCP05G	SENEGAL-3GB-15D	15.99	0	01/07/2026 12:21:41 MEST		y	4			11				B0FRB4HX92						8721438406562			0	DEFAULT	Migrated Template	Inactive		
Senegal eSIM 5GB 30Days	Senegal eSIM 5GB 30Days - high speed internet - mobile data 5G compatible	0701HXKSERO	SENEGAL-5GB-30D	17.99	0	01/07/2026 12:25:37 MEST		y	4			11				B0FRB68H77						8721438406579			0	DEFAULT	Migrated Template	Inactive		
Serbia eSIM 20GB 30Days	Serbia eSIM 20GB 30Days - high speed internet - mobile data 5G compatible	0701HXFMKSD	SERBIA-20GB-30D	20.99	0	01/07/2026 12:33:23 MEST		y	4			11				B0FRB5K8JC						8721438406616			0	DEFAULT	Migrated Template	Inactive		
Serbia eSIM 3GB 15Days	Serbia eSIM 3GB 15Days - high speed internet - mobile data 5G compatible	0701HX9HCXO	SERBIA-3GB-15D	8.99	0	01/07/2026 12:29:28 MEST		y	4			11				B0FRB5TJV2						8721438406593			0	DEFAULT	Migrated Template	Inactive		
Seychelles eSIM 3GB 15Days	Seychelles eSIM 3GB 15Days - high speed internet - mobile data 5G compatible	0701HXLWS8J	SEYCHELLES-3GB-15D	16.99	0	01/07/2026 12:37:25 MEST		y	4			11				B0FRB55T3H						8721438406630			0	DEFAULT	Migrated Template	Inactive		
Seychelles eSIM 5GB 30Days	Seychelles eSIM 5GB 30Days - high speed internet - mobile data 5G compatible	0702H3FWMNR	SEYCHELLES-5GB-30D	27.99	0	02/07/2026 20:52:12 MEST		y	4			11				B0FR9P7N6M						8721438406647			0	DEFAULT	Migrated Template	Inactive		
Suecia eSIM 20GB 30Days		0812HQA9VH2	SE_20_30	17.68	0	12/08/2026 17:42:10 MEST		y	1			11				B0FRB7X5SP						B0FRB7X5SP			0	DEFAULT	Migrated Template	Inactive		
Suecia eSIM 3GB 15Days		0812HQARROB	SE_3_15	4.01	0	12/08/2026 17:37:17 MEST		y	1			11				B0FRCC6W9S						B0FRCC6W9S			0	DEFAULT	Migrated Template	Inactive		
Suecia eSIM 5GB 30Days		0812HQF0668	SE_5_30	6.23	0	12/08/2026 17:40:55 MEST		y	1			11				B0FRCS524D						B0FRCS524D			0	DEFAULT	Migrated Template	Inactive		
Singapur eSIM 20GB 30Days		0325HS5QG1Y	SG_20_30	17.94	0	25/03/2026 10:05:57 MET		y	1			11				B0FRB256K8						B0FRB256K8			0	DEFAULT	Migrated Template	Inactive		
Singapur eSIM 3GB 30 días | SIM de datos de pago por uso | Fácil configuración | SIM de viaje para turistas y negocios | Velocidades 3G/4G/5G		0325HRWROFX	SG_3_30	12.25	0	25/03/2026 09:23:16 MET		y	1			11				B0FRB3KY59						B0FRB3KY59			0	DEFAULT	Migrated Template	Inactive		
Singapur eSIM 5GB 30Days		0325HS2FCBF	SG_5_30	9.81	0	25/03/2026 09:19:28 MET		y	1			11				B0FR9X3Y3R						B0FR9X3Y3R			0	DEFAULT	Migrated Template	Inactive		
Sierra Leona eSIM 20GB 30Days	Sierra Leone eSIM 20GB 30Days - high speed internet - mobile data 5G compatible	0630HUOSC81	SIERRA-LEONE-20GB-30D	93.99	0	30/06/2026 21:34:02 MEST		y	4			11				B0H6ML1JW1						8721438409822			0	DEFAULT	Migrated Template	Inactive		
Sierra Leona eSIM 3GB 15Days	Sierra Leone eSIM 3GB 15Days - high speed internet - mobile data 5G compatible	0701HVA3358	SIERRA-LEONE-3GB-15D	26.99	0	01/07/2026 02:26:12 MEST		y	4			11				B0H6MHPWKP						8721438409808			0	DEFAULT	Migrated Template	Inactive		
Sierra Leona eSIM 5GB 30Days	Sierra Leone eSIM 5GB 30Days - high speed internet - mobile data 5G compatible	0630HUNAGP0	SIERRA-LEONE-5GB-30D	32.99	0	30/06/2026 21:30:56 MEST		y	4			11				B0H6MBK6HZ						8721438409815			0	DEFAULT	Migrated Template	Inactive		
Singapur eSIM 20GB 30Days	Singapore eSIM 20GB 30Days - high speed internet - mobile data 5G compatible	0701HXD37YQ	SINGAPORE-20GB-30D	14.99	0	01/07/2026 12:49:18 MEST		y	4			11				B0FRB256K8						8721438406692			0	DEFAULT	Migrated Template	Inactive		
Singapur eSIM 5GB 30Days	Singapore eSIM 5GB 30Days - high speed internet - mobile data 5G compatible	0701HX9ZFQ2	SINGAPORE-5GB-30D	8.99	0	01/07/2026 12:45:23 MEST		y	4			11				B0FR9X3Y3R						8721438406678			0	DEFAULT	Migrated Template	Inactive		
Eslovenia eSIM 20GB 30Days		0812HQASIDJ	SI_20_30	17.36	0	12/08/2026 17:40:58 MEST		y	1			11				B0FR9X15V2						B0FR9X15V2			0	DEFAULT	Migrated Template	Inactive		
Eslovenia eSIM 3GB 15Days		0812HQAHGUP	SI_3_15	4.01	0	12/08/2026 17:39:59 MEST		y	1			11				B0FR9XCF27						B0FR9XCF27			0	DEFAULT	Migrated Template	Inactive		
Eslovenia eSIM 5GB 30Days		0812HQBDTT1	SI_5_30	5.75	0	12/08/2026 17:40:08 MEST		y	1			11				B0FRB3SJMR						B0FRB3SJMR			0	DEFAULT	Migrated Template	Inactive		
Eslovaquia eSIM 20GB 30Days		0812HQB77W0	SK_20_30	17.36	0	12/08/2026 17:37:37 MEST		y	1			11				B0FRB14YYC						B0FRB14YYC			0	DEFAULT	Migrated Template	Inactive		
Eslovaquia eSIM 3GB 15Days		0812HQ80M4Y	SK_3_15	4.01	0	12/08/2026 17:45:47 MEST		y	1			11				B0FR9XC4BW						B0FR9XC4BW			0	DEFAULT	Migrated Template	Inactive		
Eslovaquia eSIM 5GB 30Days		0812HQALSWZ	SK_5_30	5.75	0	12/08/2026 17:42:16 MEST		y	1			11				B0FRB2X84M						B0FRB2X84M			0	DEFAULT	Migrated Template	Inactive		
Eslovaquia eSIM 20GB 30Days	Slovakia eSIM 20GB 30Days - high speed internet - mobile data 5G compatible	0701HXMBZ5V	SLOVAKIA-20GB-30D	14.99	0	01/07/2026 13:00:28 MEST		y	4			11				B0FRB14YYC						8721438406807			0	DEFAULT	Migrated Template	Inactive		
Eslovaquia eSIM 3GB 15Days	Slovakia eSIM 3GB 15Days - high speed internet - mobile data 5G compatible	0701HXA2MZE	SLOVAKIA-3GB-15D	7.99	0	01/07/2026 12:53:08 MEST		y	4			11				B0FR9XC4BW						8721438406760			0	DEFAULT	Migrated Template	Inactive		
Eslovaquia eSIM 5GB 30Days	Slovakia eSIM 5GB 30Days - high speed internet - mobile data 5G compatible	0701HXM06CB	SLOVAKIA-5GB-30D	8.99	0	01/07/2026 12:57:01 MEST		y	4			11				B0FRB2X84M						8721438406784			0	DEFAULT	Migrated Template	Inactive		
Eslovenia eSIM 20GB 30Days	Slovenia eSIM 20GB 30Days - high speed internet - mobile data 5G compatible	0701HXI4WY6	SLOVENIA-20GB-30D	14.99	0	01/07/2026 13:12:02 MEST		y	4			11				B0FR9X15V2						8721438406876			0	DEFAULT	Migrated Template	Inactive		
Eslovenia eSIM 3GB 15Days	Slovenia eSIM 3GB 15Days - high speed internet - mobile data 5G compatible	0701HXADQBV	SLOVENIA-3GB-15D	7.99	0	01/07/2026 13:04:28 MEST		y	4			11				B0FR9XCF27						8721438406838			0	DEFAULT	Migrated Template	Inactive		
Eslovenia eSIM 5GB 30Days	Slovenia eSIM 5GB 30Days - high speed internet - mobile data 5G compatible	0701HXGJMC7	SLOVENIA-5GB-30D	8.99	0	01/07/2026 13:08:21 MEST		y	4			11				B0FRB3SJMR						8721438406852			0	DEFAULT	Migrated Template	Inactive		
Senegal eSIM 3GB 15Days		0325HS0077M	SN_3_15	29.78	0	25/03/2026 10:04:13 MET		y	1			11				B0FRB4HX92						B0FRB4HX92			0	DEFAULT	Migrated Template	Inactive		
Senegal eSIM 5GB 30Days		0325HSOWJ6P	SN_5_30	43.72	0	25/03/2026 11:28:39 MET		y	1			11				B0FRB68H77						B0FRB68H77			0	DEFAULT	Migrated Template	Inactive		
Sudáfrica eSIM 5GB 30Days	South Africa eSIM 5GB 30Days - high speed internet - mobile data 5G compatible	0701HXLZ777	SOUTH-AFRICA-5GB-30D	14.99	0	01/07/2026 13:16:04 MEST		y	4			11				B0FRB3R6F3						8721438406913			0	DEFAULT	Migrated Template	Inactive		
América del Sur eSIM 5GB 30Days	South America eSIM 5GB 30Days - high speed internet - mobile data 5G compatible	0701HXAUP0R	SOUTH-AMERICA-5GB-30D	20.99	0	01/07/2026 13:20:19 MEST		y	4			11				B0FRB8D7HC						8721438406968			0	DEFAULT	Migrated Template	Inactive		
Corea del Sur eSIM 20GB 30Days	South Korea eSIM 20GB 30Days - high speed internet - mobile data 5G compatible	0701HXSLM6M	SOUTH-KOREA-20GB-30D	14.99	0	01/07/2026 13:32:11 MEST		y	4			11				B0FRC4P51Z						8721438407019			0	DEFAULT	Migrated Template	Inactive		
Corea del Sur eSIM 3GB 15Days	South Korea eSIM 3GB 15Days - high speed internet - mobile data 5G compatible	0702HZJZOQW	SOUTH-KOREA-3GB-15D	7.99	0	02/07/2026 02:14:38 MEST		y	4			11				B0FRC4RTDF						8721438406982			0	DEFAULT	Migrated Template	Inactive		
Corea del Sur eSIM 5GB 30Days	South Korea eSIM 5GB 30Days - high speed internet - mobile data 5G compatible	0707HNIN3BL	SOUTH-KOREA-5GB-30D	8.99	0	07/07/2026 12:54:43 MEST		y	4			11				B0FRD9LC4C						8721438406999			0	DEFAULT	Migrated Template	Inactive		
España eSIM 20GB 30Days	Spain eSIM 20GB 30Days - high speed internet - mobile data 5G compatible	0701HXMY7YL	SPAIN-20GB-30D	14.99	0	01/07/2026 13:44:15 MEST		y	4			11				B0FRCMPGPL						8721438407132			0	DEFAULT	Migrated Template	Inactive		
España eSIM 3GB 15Days	Spain eSIM 3GB 15Days - high speed internet - mobile data 5G compatible	0701HXMOQFA	SPAIN-3GB-15D	7.99	0	01/07/2026 13:36:13 MEST		y	4			11				B0FRCDHTZ7						8721438407095			0	DEFAULT	Migrated Template	Inactive		
España eSIM 5GB 30Days	Spain eSIM 5GB 30Days - high speed internet - mobile data 5G compatible	0701HXMX7BE	SPAIN-5GB-30D	8.99	0	01/07/2026 13:40:34 MEST		y	4			11				B0FRBQCLZN						8721438407118			0	DEFAULT	Migrated Template	Inactive		
Sri Lanka eSIM 20GB 30Days	Sri Lanka eSIM 20GB 30Days - high speed internet - mobile data 5G compatible	0701HXU58DJ	SRI-LANKA-20GB-30D	26.99	0	01/07/2026 13:55:28 MEST		y	4			11				B0FRC2DZN5						8721438407231			0	DEFAULT	Migrated Template	Inactive		
Sri Lanka eSIM 3GB 15Days	Sri Lanka eSIM 3GB 15Days - high speed internet - mobile data 5G compatible	0701HYIA7FO	SRI-LANKA-3GB-15D	9.99	0	01/07/2026 18:24:19 MEST		y	4			11				B0FRB7Z1NW						8721438407194			0	DEFAULT	Migrated Template	Inactive		
Sri Lanka eSIM 5GB 30Days	Sri Lanka eSIM 5GB 30Days - high speed internet - mobile data 5G compatible	0701HZ8DINX	SRI-LANKA-5GB-30D	11.99	0	01/07/2026 22:14:45 MEST		y	4			11				B0FRB64B8M						8721438407217			0	DEFAULT	Migrated Template	Inactive		
Sudán eSIM 3GB 15Days	Sudan eSIM 3GB 15Days - high speed internet - mobile data 5G compatible	0701HXVLK8U	SUDAN-3GB-15D	22.99	0	01/07/2026 13:59:29 MEST		y	4			11				B0FRCKTXNQ						8721438407316			0	DEFAULT	Migrated Template	Inactive		
Sudán eSIM 5GB 30Days	Sudan eSIM 5GB 30Days - high speed internet - mobile data 5G compatible	0702H3WV9H8	SUDAN-5GB-30D	29.99	0	02/07/2026 22:43:19 MEST		y	4			11				B0FRC799N3						8721438407323			0	DEFAULT	Migrated Template	Inactive		
Surinam eSIM 20GB 30Days	Suriname eSIM 20GB 30Days - high speed internet - mobile data 5G compatible	0630HUQBDUD	SURINAME-20GB-30D	73.99	0	30/06/2026 21:43:45 MEST		y	4			11				B0H6MNKY5H						8721438409853			0	DEFAULT	Migrated Template	Inactive		
Surinam eSIM 3GB 15Days	Suriname eSIM 3GB 15Days - high speed internet - mobile data 5G compatible	0630HURT8BG	SURINAME-3GB-15D	19.99	0	30/06/2026 21:37:29 MEST		y	4			11				B0H6MLWJMY						8721438409839			0	DEFAULT	Migrated Template	Inactive		
Surinam eSIM 5GB 30Days	Suriname eSIM 5GB 30Days - high speed internet - mobile data 5G compatible	0630HURAB0Z	SURINAME-5GB-30D	31.99	0	30/06/2026 21:40:39 MEST		y	4			11				B0H6MNS3N5						8721438409846			0	DEFAULT	Migrated Template	Inactive		
San Vicente y Las Granadinas eSIM 20GB 30Days	Saint Vincent and the Grenadines eSIM 20GB 30Days - high speed internet - mobile data 5G compatible	0630HUQ1SNA	SVG-20GB-30D	125.99	0	30/06/2026 21:03:50 MEST		y	4			11				B0H6MWF5B5						8721438409730			0	DEFAULT	Migrated Template	Inactive		
El Salvador eSIM 3GB 15Days		0812HQ1A8RE	SV_3_15	23.37	0	12/08/2026 15:25:39 MEST		y	1			11				B0FR9LJ7X4						B0FR9LJ7X4			0	DEFAULT	Migrated Template	Inactive		
Suecia eSIM 20GB 30Days	Sweden eSIM 20GB 30Days - high speed internet - mobile data 5G compatible	0701HXTCGKJ	SWEDEN-20GB-30D	14.99	0	01/07/2026 14:14:43 MEST		y	4			11				B0FRB7X5SP						8721438407408			0	DEFAULT	Migrated Template	Inactive		
Suecia eSIM 3GB 15Days	Sweden eSIM 3GB 15Days - high speed internet - mobile data 5G compatible	0702H3GLFH9	SWEDEN-3GB-15D	7.99	0	02/07/2026 22:12:51 MEST		y	4			11				B0FRCC6W9S						8721438407361			0	DEFAULT	Migrated Template	Inactive		
Suecia eSIM 5GB 30Days	Sweden eSIM 5GB 30Days - high speed internet - mobile data 5G compatible	0701HXQ98P4	SWEDEN-5GB-30D	8.99	0	01/07/2026 14:11:02 MEST		y	4			11				B0FRCS524D						8721438407385			0	DEFAULT	Migrated Template	Inactive		
Suiza eSIM 20GB 30Days	Switzerland eSIM 20GB 30Days - high speed internet - mobile data 5G compatible	0701HXZ2HZ2	SWITZERLAND-20GB-30D	14.99	0	01/07/2026 14:26:24 MEST		y	4			11				B0FRB6VY7S						8721438407460			0	DEFAULT	Migrated Template	Inactive		
Suiza eSIM 3GB 15Days	Switzerland eSIM 3GB 15Days - high speed internet - mobile data 5G compatible	0701HXPU2I8	SWITZERLAND-3GB-15D	7.99	0	01/07/2026 14:18:45 MEST		y	4			11				B0FRB5LFVC						8721438407422			0	DEFAULT	Migrated Template	Inactive		
Suiza eSIM 5GB 30Days	Switzerland eSIM 5GB 30Days - high speed internet - mobile data 5G compatible	0701HXU6BG7	SWITZERLAND-5GB-30D	8.99	0	01/07/2026 14:23:05 MEST		y	4			11				B0FRB7G4VW						8721438407446			0	DEFAULT	Migrated Template	Inactive		
Tayikistán eSIM 20GB 30Days	Tajikistan eSIM 20GB 30Days - high speed internet - mobile data 5G compatible	0630HUSFGE0	TAJIKISTAN-20GB-30D	41.99	0	30/06/2026 21:54:00 MEST		y	4			11				B0H6M85C77						8721438409884			0	DEFAULT	Migrated Template	Inactive		
Tayikistán eSIM 3GB 15Days	Tajikistan eSIM 3GB 15Days - high speed internet - mobile data 5G compatible	0630HURUJ76	TAJIKISTAN-3GB-15D	13.99	0	30/06/2026 21:47:13 MEST		y	4			11				B0H6M7XFN6						8721438409860			0	DEFAULT	Migrated Template	Inactive		
Tayikistán eSIM 5GB 30Days	Tajikistan eSIM 5GB 30Days - high speed internet - mobile data 5G compatible	0630HUQ40A2	TAJIKISTAN-5GB-30D	15.99	0	30/06/2026 21:50:53 MEST		y	4			11				B0H6MFYMXZ						8721438409877			0	DEFAULT	Migrated Template	Inactive		
Tanzania eSIM 3GB 15Days	Tanzania eSIM 3GB 15Days - high speed internet - mobile data 5G compatible	0701HXSUC6W	TANZANIA-3GB-15D	15.99	0	01/07/2026 14:30:27 MEST		y	4			11				B0FRC81NPJ						8721438407491			0	DEFAULT	Migrated Template	Inactive		
Chad eSIM 3GB 15Days		0812HQ3Q8GZ	TD_3_15	23.37	0	12/08/2026 15:27:06 MEST		y	1			11				B0FR9SG4MK						B0FR9SG4MK			0	DEFAULT	Migrated Template	Inactive		
Chad eSIM 5GB 30Days		0812HQ4MKNT	TD_5_30	33.28	0	12/08/2026 15:26:43 MEST		y	1			11				B0FR9L414C						B0FR9L414C			0	DEFAULT	Migrated Template	Inactive		
Tailandia eSIM 20GB 30Days	Thailand eSIM 20GB 30Days - high speed internet - mobile data 5G compatible	0701HXY13U5	THAILAND-20GB-30D	14.99	0	01/07/2026 14:42:19 MEST		y	4			11				B0FRCHW3MW						8721438407552			0	DEFAULT	Migrated Template	Inactive		
Tailandia eSIM 3GB 15Days	Thailand eSIM 3GB 15Days - high speed internet - mobile data 5G compatible	0701HXWN8QE	THAILAND-3GB-15D	7.99	0	01/07/2026 14:34:44 MEST		y	4			11				B0FRCDPJSH						8721438407514			0	DEFAULT	Migrated Template	Inactive		
Tailandia eSIM 5GB 30Days	Thailand eSIM 5GB 30Days - high speed internet - mobile data 5G compatible	0701HXW9S9G	THAILAND-5GB-30D	8.99	0	01/07/2026 14:38:38 MEST		y	4			11				B0FR9Q5D1J						8721438407538			0	DEFAULT	Migrated Template	Inactive		
Tailandia eSIM 20GB 30Days		0325HSLASXK	TH_20_30	17.94	0	25/03/2026 11:29:18 MET		y	1			11				B0FRCHW3MW						B0FRCHW3MW			0	DEFAULT	Migrated Template	Inactive		
Tailandia eSIM 3GB 15Days		0325HRX0SVF	TH_3_15	7.49	0	25/03/2026 09:14:40 MET		y	1			11				B0FRCDPJSH						B0FRCDPJSH			0	DEFAULT	Migrated Template	Inactive		
Tailandia eSIM 5GB 30Days		0325HS6TJ84	TH_5_30	4.59	0	25/03/2026 10:56:42 MET		y	1			11				B0FR9Q5D1J						B0FR9Q5D1J			0	DEFAULT	Migrated Template	Inactive		
Tunisia eSIM 10 GB 30 días | eSIM de viaje prepago | SIM digital de pago por uso | Fácil configuración | SIM de datos para turistas y negocios | Velocidades 3G/4G		0325HS0OJOW	TN_10_30	23.28	0	25/03/2026 09:27:41 MET		y	1			11				B0FRB85GLD						B0FRB85GLD			0	DEFAULT	Migrated Template	Inactive		
Tunisia eSIM 3 GB 30 días | eSIM de viaje prepago | SIM digital de pago por uso | Fácil configuración | SIM de datos para turistas y negocios | Velocidades 3G/4G		0325HS4928E	TN_3_30	11.63	0	25/03/2026 10:04:37 MET		y	1			11				B0FRCKZKVY						B0FRCKZKVY			0	DEFAULT	Migrated Template	Inactive		
Túnez eSIM 5GB 30Days		0325HS845NG	TN_5_30	14.46	0	25/03/2026 10:11:57 MET		y	1			11				B0FRB7Q96Z						B0FRB7Q96Z			0	DEFAULT	Migrated Template	Inactive		
Trinidad y Tobago eSIM 20GB 30Days	Trinidad and Tobago eSIM 20GB 30Days - high speed internet - mobile data 5G compatible	0630HUUVH5J	TRINIDAD-AND-TOBAGO-20GB-30D	95.99	0	30/06/2026 22:04:14 MEST		y	4			11				B0H6MF31VP						8721438409914			0	DEFAULT	Migrated Template	Inactive		
Trinidad y Tobago eSIM 3GB 15Days	Trinidad and Tobago eSIM 3GB 15Days - high speed internet - mobile data 5G compatible	0630HURM5PP	TRINIDAD-AND-TOBAGO-3GB-15D	22.99	0	30/06/2026 21:57:27 MEST		y	4			11				B0H6MJTHXK						8721438409891			0	DEFAULT	Migrated Template	Inactive		
Trinidad y Tobago eSIM 5GB 30Days	Trinidad and Tobago eSIM 5GB 30Days - high speed internet - mobile data 5G compatible	0630HUPJSER	TRINIDAD-AND-TOBAGO-5GB-30D	33.99	0	30/06/2026 22:00:58 MEST		y	4			11				B0H6MJTHY9						8721438409907			0	DEFAULT	Migrated Template	Inactive		
Turquía eSIM 20GB 30Days		0325HSK5OVD	TR_20_30	17.1	0	25/03/2026 12:25:02 MET		y	1			11				B0FRCYMWCX						B0FRCYMWCX			0	DEFAULT	Migrated Template	Inactive		
Turquía eSIM 3GB 15Days		0325HS5P7X4	TR_3_15	6.33	0	25/03/2026 09:58:44 MET		y	1			11				B0FRC2PSHM						B0FRC2PSHM			0	DEFAULT	Migrated Template	Inactive		
Turquía eSIM 5GB 30Days		0325HS3OKD1	TR_5_30	4.59	0	25/03/2026 10:12:14 MET		y	1			11				B0FRCBZ1BB						B0FRCBZ1BB			0	DEFAULT	Migrated Template	Inactive		
Túnez eSIM 5GB 30Days	Tunisia eSIM 5GB 30Days - high speed internet - mobile data 5G compatible	0701HXXINGR	TUNISIA-5GB-30D	10.99	0	01/07/2026 14:46:20 MEST		y	4			11				B0FRB7Q96Z						8721438407644			0	DEFAULT	Migrated Template	Inactive		
Turquía eSIM 20GB 30Days	Turkey eSIM 20GB 30Days - high speed internet - mobile data 5G compatible	0701HY938YV	TURKEY-20GB-30D	17.99	0	01/07/2026 14:59:47 MEST		y	4			11				B0FRCYMWCX						8721438407729			0	DEFAULT	Migrated Template	Inactive		
Turquía eSIM 3GB 15Days	Turkey eSIM 3GB 15Days - high speed internet - mobile data 5G compatible	0701HY338GR	TURKEY-3GB-15D	7.99	0	01/07/2026 14:50:35 MEST		y	4			11				B0FRC2PSHM						8721438407682			0	DEFAULT	Migrated Template	Inactive		
Turquía eSIM 5GB 30Days	Turkey eSIM 5GB 30Days - high speed internet - mobile data 5G compatible	0701HYC3ZQ8	TURKEY-5GB-30D	8.99	0	01/07/2026 14:54:30 MEST		y	4			11				B0FRCBZ1BB						8721438407705			0	DEFAULT	Migrated Template	Inactive		
Islas Turcas y Caicos eSIM 20GB 30Days	Turks and Caicos Islands eSIM 20GB 30Days - high speed internet - mobile data 5G compatible	0630HUUFV9K	TURKS-AND-CAICOS-ISLANDS-20GB-30D	89.99	0	30/06/2026 22:14:09 MEST		y	4			11				B0H6MLBGX7						8721438409945			0	DEFAULT	Migrated Template	Inactive		
Islas Turcas y Caicos eSIM 3GB 15Days	Turks and Caicos Islands eSIM 3GB 15Days - high speed internet - mobile data 5G compatible	0630HURUMVE	TURKS-AND-CAICOS-ISLANDS-3GB-15D	22.99	0	30/06/2026 22:07:32 MEST		y	4			11				B0H6MNNXGL						8721438409921			0	DEFAULT	Migrated Template	Inactive		
Islas Turcas y Caicos eSIM 5GB 30Days	Turks and Caicos Islands eSIM 5GB 30Days - high speed internet - mobile data 5G compatible	0630HUU6TI7	TURKS-AND-CAICOS-ISLANDS-5GB-30D	28.99	0	30/06/2026 22:11:03 MEST		y	4			11				B0H6MLH1KM						8721438409938			0	DEFAULT	Migrated Template	Inactive		
Tanzania eSIM 3GB 15Days		0325HRZXIKR	TZ_3_15	26.29	0	25/03/2026 10:06:43 MET		y	1			11				B0FRC81NPJ						B0FRC81NPJ			0	DEFAULT	Migrated Template	Inactive		
Ucrania eSIM 3GB 15Days		0812HQ9BIJB	UA_3_15	3.74	0	12/08/2026 17:40:55 MEST		y	1			11				B0FRB9SBFR						B0FRB9SBFR			0	DEFAULT	Migrated Template	Inactive		
Ucrania eSIM 5GB 30Days		0812HQIPC2J	UA_5_30	4.9	0	12/08/2026 17:39:46 MEST		y	1			11				B0FRC2NRKG						B0FRC2NRKG			0	DEFAULT	Migrated Template	Inactive		
Uganda eSIM 3GB 15Days	Uganda eSIM 3GB 15Days - high speed internet - mobile data 5G compatible	0701HXZFV9T	UGANDA-3GB-15D	17.99	0	01/07/2026 15:02:12 MEST		y	4			11				B0FRB7F7Z9						8721438407798			0	DEFAULT	Migrated Template	Inactive		
Uganda eSIM 3GB 15Days		0812HQEX5DL	UG_3_15	23.35	0	12/08/2026 17:40:03 MEST		y	1			11				B0FRB7F7Z9						B0FRB7F7Z9			0	DEFAULT	Migrated Template	Inactive		
Ucrania eSIM 3GB 15Days	Ukraine eSIM 3GB 15Days - high speed internet - mobile data 5G compatible	0701HY9KFS9	UKRAINE-3GB-15D	7.99	0	01/07/2026 15:06:06 MEST		y	4			11				B0FRB9SBFR						8721438407811			0	DEFAULT	Migrated Template	Inactive		
Ucrania eSIM 5GB 30Days	Ukraine eSIM 5GB 30Days - high speed internet - mobile data 5G compatible	0701HY2WSIG	UKRAINE-5GB-30D	8.99	0	01/07/2026 15:10:01 MEST		y	4			11				B0FRC2NRKG						8721438407835			0	DEFAULT	Migrated Template	Inactive		
Emiratos Árabes Unidos eSIM 20GB 30Days	United Arab Emirates eSIM 20GB 30Days - high speed internet - mobile data 5G compatible	0707HN86FDU	UNITED-ARAB-EMIRATES-20GB-30D	35.99	0	07/07/2026 12:55:06 MEST		y	4			11				B0FRB7TFJR						8721438407927			0	DEFAULT	Migrated Template	Inactive		
Emiratos Árabes Unidos eSIM 3GB 15Days	United Arab Emirates eSIM 3GB 15Days - high speed internet - mobile data 5G compatible	0701HY95M9J	UNITED-ARAB-EMIRATES-3GB-15D	12.99	0	01/07/2026 15:14:02 MEST		y	4			11				B0FRBBYBGH						8721438407873			0	DEFAULT	Migrated Template	Inactive		
Emiratos Árabes Unidos eSIM 5GB 30Days	United Arab Emirates eSIM 5GB 30Days - high speed internet - mobile data 5G compatible	0707HNHQ07N	UNITED-ARAB-EMIRATES-5GB-30D	14.99	0	07/07/2026 12:55:05 MEST		y	4			11				B0FRB89XHX						8721438407897			0	DEFAULT	Migrated Template	Inactive		
Reino Unido eSIM 20GB 30Days	United Kingdom eSIM 20GB 30Days - high speed internet - mobile data 5G compatible	0707HNJ2G00	UNITED-KINGDOM-20GB-30D	14.99	0	07/07/2026 12:55:08 MEST		y	4			11				B0FRDGCBTN						8721438408023			0	DEFAULT	Migrated Template	Inactive		
Reino Unido eSIM 3GB 15Days	United Kingdom eSIM 3GB 15Days - high speed internet - mobile data 5G compatible	0701HY2UT8R	UNITED-KINGDOM-3GB-15D	7.99	0	01/07/2026 15:26:07 MEST		y	4			11				B0FRCPD8TS						8721438407989			0	DEFAULT	Migrated Template	Inactive		
Reino Unido eSIM 5GB 30Days	United Kingdom eSIM 5GB 30Days - high speed internet - mobile data 5G compatible	0707HNELZXQ	UNITED-KINGDOM-5GB-30D	8.99	0	07/07/2026 12:55:08 MEST		y	4			11				B0FRDDRGJF						8721438408009			0	DEFAULT	Migrated Template	Inactive		
eSIM de Estados Unidos de 3 GB, 15 días	United States eSIM 3GB 15Days - high speed internet - mobile data 5G compatible	0701HY7K12V	UNITED-STATES-3GB-15D	8.99	0	01/07/2026 15:37:16 MEST		y	4			11				B0FRCFXK3V						8721438408092			0	DEFAULT	Migrated Template	Inactive		
Estados Unidos eSIM 5GB 30Days	United States eSIM 5GB 30Days - high speed internet - mobile data 5G compatible	0701HY7BJYZ	UNITED-STATES-5GB-30D	9.99	0	01/07/2026 15:41:11 MEST		y	4			11				B0FRC2PQ8H						8721438408139			0	DEFAULT	Migrated Template	Inactive		
Uruguay eSIM 3GB 15Days	Uruguay eSIM 3GB 15Days - high speed internet - mobile data 5G compatible	0701HYUB2AF	URUGUAY-3GB-15D	16.99	0	01/07/2026 23:13:01 MEST		y	4			11				B0FRB7LHGN						8721438408191			0	DEFAULT	Migrated Template	Inactive		
eSIM de Estados Unidos de 20 GB, 90 días, tarjeta SIM de datos de pago por uso, fácil configuración, tarjeta SIM de viaje de Estados Unidos para turistas y negocios, velocidades 3G/4G		0325HS7UMAF	US_20_90	26.78	0	25/03/2026 10:11:47 MET		y	1			11				B0FRB9JP2K						B0FRB9JP2K			0	DEFAULT	Migrated Template	Inactive		
eSIM de Estados Unidos de 3 GB, 15 días		0325HRYUCAW	US_3_15	7.49	0	25/03/2026 09:04:29 MET		y	1			11				B0FRCFXK3V						B0FRCFXK3V			0	DEFAULT	Migrated Template	Inactive		
Estados Unidos eSIM 5GB 30Days		0325HS3ZT3X	US_5_30	6.33	0	25/03/2026 10:04:25 MET		y	1			11				B0FRC2PQ8H						B0FRC2PQ8H			0	DEFAULT	Migrated Template	Inactive		
Uruguay eSIM 3GB 15Days		0812HQAKFOR	UY_3_15	17.94	0	12/08/2026 17:44:47 MEST		y	1			11				B0FRB7LHGN						B0FRB7LHGN			0	DEFAULT	Migrated Template	Inactive		
Uzbekistán eSIM 5GB 30Days	Uzbekistan eSIM 5GB 30Days - high speed internet - mobile data 5G compatible	0701HY7M31I	UZBEKISTAN-5GB-30D	8.99	0	01/07/2026 15:49:27 MEST		y	4			11				B0FRBWFZ6M						8721438408221			0	DEFAULT	Migrated Template	Inactive		
Uzbekistán eSIM 5GB 30Days		0812HQ94B3G	UZ_5_30	9.23	0	12/08/2026 17:45:51 MEST		y	1			11				B0FRBWFZ6M						B0FRBWFZ6M			0	DEFAULT	Migrated Template	Inactive		
Ciudad del Vaticano eSIM 20GB 30Days	Vatican City eSIM 20GB 30Days - high speed internet - mobile data 5G compatible	0630HUT2O4L	VATICAN-CITY-20GB-30D	14.99	0	30/06/2026 22:23:54 MEST		y	4			11				B0H6MDPLZ9						8721438409976			0	DEFAULT	Migrated Template	Inactive		
Ciudad del Vaticano eSIM 3GB 15Days	Vatican City eSIM 3GB 15Days - high speed internet - mobile data 5G compatible	0630HUTJRY5	VATICAN-CITY-3GB-15D	7.99	0	30/06/2026 22:17:27 MEST		y	4			11				B0H6MBMF8G						8721438409952			0	DEFAULT	Migrated Template	Inactive		
Ciudad del Vaticano eSIM 5GB 30Days	Vatican City eSIM 5GB 30Days - high speed internet - mobile data 5G compatible	0630HUYSWYK	VATICAN-CITY-5GB-30D	8.99	0	30/06/2026 22:20:37 MEST		y	4			11				B0H6M7YXNP						8721438409969			0	DEFAULT	Migrated Template	Inactive		
Vietnam eSIM 20GB 30Days	Vietnam eSIM 20GB 30Days - high speed internet - mobile data 5G compatible	0701HYAVJUG	VIETNAM-20GB-30D	21.99	0	01/07/2026 16:02:28 MEST		y	4			11				B0FRC2NKC4						8721438408283			0	DEFAULT	Migrated Template	Inactive		
Vietnam eSIM 3GB 15Days	Vietnam eSIM 3GB 15Days - high speed internet - mobile data 5G compatible	0701HY1DJKD	VIETNAM-3GB-15D	8.99	0	01/07/2026 15:53:42 MEST		y	4			11				B0FRBR2DHW						8721438408252			0	DEFAULT	Migrated Template	Inactive		
Vietnam eSIM 5GB 30Days	Vietnam eSIM 5GB 30Days - high speed internet - mobile data 5G compatible	0701HYJNNRT	VIETNAM-5GB-30D	9.99	0	01/07/2026 15:58:24 MEST		y	4			11				B0FRCBXRGV						8721438408269			0	DEFAULT	Migrated Template	Inactive		
Vietnam eSIM 20GB 30Days		0328H5UW4AJ	VN_20_30	30.37	0	28/03/2026 16:21:10 MET		y	1			11				B0FRC2NKC4						B0FRC2NKC4			0	DEFAULT	Migrated Template	Inactive		
Vietnam eSIM 3GB 15Days		0328H5Q9RYW	VN_3_15	9.81	0	28/03/2026 15:51:24 MET		y	1			11				B0FRBR2DHW						B0FRBR2DHW			0	DEFAULT	Migrated Template	Inactive		
Vietnam eSIM 5GB 30Days		0328H5W28SS	VN_5_30	14.46	0	28/03/2026 16:21:44 MET		y	1			11				B0FRCBXRGV						B0FRCBXRGV			0	DEFAULT	Migrated Template	Inactive		
Zambia eSIM 3GB 15Days	Zambia eSIM 3GB 15Days - high speed internet - mobile data 5G compatible	0701HY4IJLY	ZAMBIA-3GB-15D	16.99	0	01/07/2026 16:05:17 MEST		y	4			11				B0FRC2NSM2						8721438408344			0	DEFAULT	Migrated Template	Inactive		
Zambia eSIM 5GB 30Days	Zambia eSIM 5GB 30Days - high speed internet - mobile data 5G compatible	0701HYCCTFK	ZAMBIA-5GB-30D	27.99	0	01/07/2026 16:09:13 MEST		y	4			11				B0FRCL97L4						8721438408351			0	DEFAULT	Migrated Template	Inactive		
Sudáfrica eSIM 10 GB 30 días | eSIM de viaje prepago | SIM digital de pago por uso | Fácil configuración | SIM de datos para turistas y negocios | Velocidades 3G/4G		0325HS1MR9K	ZA_10_30	31.46	0	25/03/2026 09:31:32 MET		y	1			11				B0FRB4RSW2						B0FRB4RSW2			0	DEFAULT	Migrated Template	Inactive		
Sudáfrica eSIM 5GB 30Days		0325HRVPDC0	ZA_5_30	17.94	0	25/03/2026 08:51:23 MET		y	1			11				B0FRB3R6F3						B0FRB3R6F3			0	DEFAULT	Migrated Template	Inactive		
Zambia eSIM 3GB 15Days		0328H5Z7HO0	ZM_3_15	24.53	0	28/03/2026 16:21:11 MET		y	1			11				B0FRC2NSM2						B0FRC2NSM2			0	DEFAULT	Migrated Template	Inactive		
Zambia eSIM 5GB 30Days		0328H5V3S9H	ZM_5_30	34.44	0	28/03/2026 15:47:07 MET		y	1			11				B0FRCL97L4						B0FRCL97L4			0	DEFAULT	Migrated Template	Inactive		
Islas Aaland eSIM 3GB 15Days	Aaland Islands eSIM 3GB 15Days - high speed internet - mobile data 5G compatible	0630HUUMWB5	AALAND-ISLANDS-ESIM		0	30/06/2026 22:36:44 MEST		y	1			11				B0H73HGWRZ						B0H73HGWRZ			0	DEFAULT	Migrated Template	Incomplete		
África eSIM 5GB 30Days	Africa eSIM 5GB 30Days - high speed internet - mobile data 5G compatible	0630HUTSP1O	AFRICA-ESIM		0	30/06/2026 22:46:49 MEST		y	1			11				B0H73DTMBB						B0H73DTMBB			0	DEFAULT	Migrated Template	Incomplete		
Albania eSIM 5GB 30Days	Albania eSIM 5GB 30Days - high speed internet - mobile data 5G compatible	0630HUYXHFD	ALBANIA-ESIM		0	30/06/2026 22:50:29 MEST		y	1			11				B0H73BT9WD						B0H73BT9WD			0	DEFAULT	Migrated Template	Incomplete		
Argelia eSIM 5GB 30Days	Algeria eSIM 5GB 30Days - high speed internet - mobile data 5G compatible	0630HTLAXX7	ALGERIA-ESIM		0	30/06/2026 13:23:26 MEST		y	1			11				B0H71S2K2B						B0H71S2K2B			0	DEFAULT	Migrated Template	Incomplete		
Andorra eSIM 5GB 30Days	Andorra eSIM 5GB 30Days - high speed internet - mobile data 5G compatible	0630HTN8SGT	ANDORRA-ESIM		0	30/06/2026 13:35:29 MEST		y	1			11				B0H71WNCQ9						B0H71WNCQ9			0	DEFAULT	Migrated Template	Incomplete		
Angola eSIM 5GB 30Days	Angola eSIM 5GB 30Days - high speed internet - mobile data 5G compatible	0630HTHV7XE	ANGOLA-ESIM		0	30/06/2026 13:46:09 MEST		y	1			11				B0H721TH8W						B0H721TH8W			0	DEFAULT	Migrated Template	Incomplete		
Anguila eSIM 3GB 15Days	Anguilla eSIM 3GB 15Days - high speed internet - mobile data 5G compatible	0630HTG58LR	ANGUILLA-ESIM		0	30/06/2026 14:02:42 MEST		y	1			11				B0H71XD3Z6						B0H71XD3Z6			0	DEFAULT	Migrated Template	Incomplete		
Antigua y Barbuda eSIM 3GB 15Days	Antigua and Barbuda eSIM 3GB 15Days - high speed internet - mobile data 5G compatible	0630HTJAQ7X	ANTIGUA-AND-BARBUDA-ESIM		0	30/06/2026 14:13:38 MEST		y	1			11				B0H72CBH9C						B0H72CBH9C			0	DEFAULT	Migrated Template	Incomplete		
Argentina eSIM 3GB 15Days	Argentina eSIM 3GB 15Days - high speed internet - mobile data 5G compatible	0630HUZPMMJ	ARGENTINA-ESIM		0	30/06/2026 22:54:21 MEST		y	1			11				B0H73G5PCH						B0H73G5PCH			0	DEFAULT	Migrated Template	Incomplete		
Armenia eSIM 3GB 15Days	Armenia eSIM 3GB 15Days - high speed internet - mobile data 5G compatible	0630HUUPFX9	ARMENIA-ESIM		0	30/06/2026 23:01:09 MEST		y	1			11				B0H735T5WZ						B0H735T5WZ			0	DEFAULT	Migrated Template	Incomplete		
Asia-20 eSIM 3GB 15Days	Asia-20 eSIM 3GB 15Days - high speed internet - mobile data 5G compatible	0630HUZC8VH	ASIA-20-ESIM		0	30/06/2026 23:08:08 MEST		y	1			11				B0H73JJVJS						B0H73JJVJS			0	DEFAULT	Migrated Template	Incomplete		
Australia eSIM 5GB 30Days	Australia eSIM 5GB 30Days - high speed internet - mobile data 5G compatible	0630HUYXFUW	AUSTRALIA-ESIM		0	30/06/2026 23:16:03 MEST		y	1			11				B0H72XGQN9						B0H72XGQN9			0	DEFAULT	Migrated Template	Incomplete		
Austria eSIM 3GB 15Days	Austria eSIM 3GB 15Days - high speed internet - mobile data 5G compatible	0630HV2ESA9	AUSTRIA-ESIM		0	30/06/2026 23:27:07 MEST		y	1			11				B0H73D17TZ						B0H73D17TZ			0	DEFAULT	Migrated Template	Incomplete		
Azerbaiyán eSIM 3GB 15Days	Azerbaijan eSIM 3GB 15Days - high speed internet - mobile data 5G compatible	0630HUZ79C2	AZERBAIJAN-ESIM		0	30/06/2026 23:37:04 MEST		y	1			11				B0H72WLRK4						B0H72WLRK4			0	DEFAULT	Migrated Template	Incomplete		
Bahamas eSIM 3GB 15Days	Bahamas eSIM 3GB 15Days - high speed internet - mobile data 5G compatible	0630HTTMMC1	BAHAMAS-ESIM		0	30/06/2026 14:42:17 MEST		y	1			11				B0H721SGZ9						B0H721SGZ9			0	DEFAULT	Migrated Template	Incomplete		
Bahrein eSIM 3GB 15Days	Bahrain eSIM 3GB 15Days - high speed internet - mobile data 5G compatible	0630HUWK7YG	BAHRAIN-ESIM		0	30/06/2026 23:40:56 MEST		y	1			11				B0H72WLRMK						B0H72WLRMK			0	DEFAULT	Migrated Template	Incomplete		
Bangladesh eSIM 5GB 30Days	Bangladesh eSIM 5GB 30Days - high speed internet - mobile data 5G compatible	0630HV5N6V0	BANGLADESH-ESIM		0	30/06/2026 23:44:48 MEST		y	1			11				B0H72W4ZF6						B0H72W4ZF6			0	DEFAULT	Migrated Template	Incomplete		
Barbados eSIM 5GB 30Days	Barbados eSIM 5GB 30Days - high speed internet - mobile data 5G compatible	0630HTSIXJJ	BARBADOS-ESIM		0	30/06/2026 14:52:33 MEST		y	1			11				B0H72CJQ4R						B0H72CJQ4R			0	DEFAULT	Migrated Template	Incomplete		
Bielorrusia eSIM 3GB 15Days	Belarus eSIM 3GB 15Days - high speed internet - mobile data 5G compatible	0630HV35Q8Z	BELARUS-ESIM		0	30/06/2026 23:54:13 MEST		y	1			11				B0H72XFT6G						B0H72XFT6G			0	DEFAULT	Migrated Template	Incomplete		
Bélgica eSIM 3GB 15Days	Belgium eSIM 3GB 15Days - high speed internet - mobile data 5G compatible	0630HUWQV57	BELGIUM-ESIM		0	01/07/2026 00:01:02 MEST		y	1			11				B0H73GC1RT						B0H73GC1RT			0	DEFAULT	Migrated Template	Incomplete		
Belice eSIM 3GB 15Days	Belize eSIM 3GB 15Days - high speed internet - mobile data 5G compatible	0630HTSYJKX	BELIZE-ESIM		0	30/06/2026 15:02:50 MEST		y	1			11				B0H72K682M						B0H72K682M			0	DEFAULT	Migrated Template	Incomplete		
Benin eSIM 3GB 15Days	Benin eSIM 3GB 15Days - high speed internet - mobile data 5G compatible	0630HTTJASZ	BENIN-ESIM		0	30/06/2026 15:13:07 MEST		y	1			11				B0H72CKD4G						B0H72CKD4G			0	DEFAULT	Migrated Template	Incomplete		
Bermuda eSIM 3GB 15Days	Bermuda eSIM 3GB 15Days - high speed internet - mobile data 5G compatible	0630HTT7YUX	BERMUDA-ESIM		0	30/06/2026 15:22:58 MEST		y	1			11				B0H726P8DM						B0H726P8DM			0	DEFAULT	Migrated Template	Incomplete		
Bután eSIM 5GB 30Days	Bhutan eSIM 5GB 30Days - high speed internet - mobile data 5G compatible	0630HTUQ4NB	BHUTAN-ESIM		0	30/06/2026 15:33:54 MEST		y	1			11				B0H72BVKND						B0H72BVKND			0	DEFAULT	Migrated Template	Incomplete		
Bolivia eSIM 3GB 15Days	Bolivia eSIM 3GB 15Days - high speed internet - mobile data 5G compatible	0630HV283T2	BOLIVIA-ESIM		0	01/07/2026 00:12:16 MEST		y	1			11				B0H72WHND5						B0H72WHND5			0	DEFAULT	Migrated Template	Incomplete		
Bosnia y Herzegovina eSIM 3GB 15Days	Bosnia and Herzegovina eSIM 3GB 15Days - high speed internet - mobile data 5G compatible	0630HV8W79H	BOSNIA-AND-HERZEGOVINA-ESIM		0	01/07/2026 00:18:23 MEST		y	1			11				B0H738GNKN						B0H738GNKN			0	DEFAULT	Migrated Template	Incomplete		
Botswana eSIM 3GB 15Days	Botswana eSIM 3GB 15Days - high speed internet - mobile data 5G compatible	0630HV5VC65	BOTSWANA-ESIM		0	01/07/2026 00:22:04 MEST		y	1			11				B0H73HSZSW						B0H73HSZSW			0	DEFAULT	Migrated Template	Incomplete		
Brasil eSIM 3GB 15Days	Brazil eSIM 3GB 15Days - high speed internet - mobile data 5G compatible	0630HV80LNX	BRAZIL-ESIM		0	01/07/2026 00:25:34 MEST		y	1			11				B0H72X94S2						B0H72X94S2			0	DEFAULT	Migrated Template	Incomplete		
Brunei Darussalam eSIM 20GB 30Days	Brunei Darussalam eSIM 20GB 30Days - high speed internet - mobile data 5G compatible	0630HV8Y57U	BRUNEI-DARUSSALAM-ESIM		0	01/07/2026 00:31:42 MEST		y	1			11				B0H72WDJNN						B0H72WDJNN			0	DEFAULT	Migrated Template	Incomplete		
Bulgaria eSIM 3GB 15Days	Bulgaria eSIM 3GB 15Days - high speed internet - mobile data 5G compatible	0630HTOFMVT	BULGARIA-ESIM		0	30/06/2026 13:11:33 MEST		y	1			11				B0H7216Q19						B0H7216Q19			0	DEFAULT	Migrated Template	Incomplete		
Burkina Faso eSIM 3GB 15Days	Burkina Faso eSIM 3GB 15Days - high speed internet - mobile data 5G compatible	0630HV5K0C3	BURKINA-FASO-ESIM		0	01/07/2026 00:37:38 MEST		y	1			11				B0H732NCDN						B0H732NCDN			0	DEFAULT	Migrated Template	Incomplete		
Camboya eSIM 3GB 15Days	Cambodia eSIM 3GB 15Days - high speed internet - mobile data 5G compatible	0630HV9CTHP	CAMBODIA-ESIM		0	01/07/2026 01:20:47 MEST		y	1			11				B0H7385XQN						B0H7385XQN			0	DEFAULT	Migrated Template	Incomplete		
Camerún eSIM 3GB 15Days	Cameroon eSIM 3GB 15Days - high speed internet - mobile data 5G compatible	0630HV53OY9	CAMEROON-ESIM		0	01/07/2026 00:44:15 MEST		y	1			11				B0H739YDNG						B0H739YDNG			0	DEFAULT	Migrated Template	Incomplete		
Canada eSIM 5GB 30Days Premium	Canada eSIM 5GB 30Days Premium - high speed internet - mobile data 5G compatible	0630HUSVBOV	CANADA-PREMIUM-ESIM		0	30/06/2026 22:27:10 MEST		y	1			11				B0H72WS1XZ						B0H72WS1XZ			0	DEFAULT	Migrated Template	Incomplete		
Cabo Verde eSIM 3GB 15Days	Cape Verde eSIM 3GB 15Days - high speed internet - mobile data 5G compatible	0630HTY38CA	CAPE-VERDE-ESIM		0	30/06/2026 15:44:43 MEST		y	1			11				B0H726V2YP						B0H726V2YP			0	DEFAULT	Migrated Template	Incomplete		
Islas Caimán eSIM 5GB 30Days	Cayman Islands eSIM 5GB 30Days - high speed internet - mobile data 5G compatible	0630HTZN3YP	CAYMAN-ISLANDS-ESIM		0	30/06/2026 15:55:21 MEST		y	1			11				B0H72J567P						B0H72J567P			0	DEFAULT	Migrated Template	Incomplete		
República Centroafricana eSIM 3GB 15Days	Central African Republic eSIM 5GB 30Days - high speed internet - mobile data 5G compatible	0630HV6OLLM	CENTRAL-AFRICAN-REPUBLIC-ESIM		0	01/07/2026 00:48:16 MEST		y	1			11				B0H72XFJVM						B0H72XFJVM			0	DEFAULT	Migrated Template	Incomplete		
Chad eSIM 3GB 15Days	Chad eSIM 3GB 15Days - high speed internet - mobile data 5G compatible	0630HV3CIBF	CHAD-ESIM		0	01/07/2026 00:54:42 MEST		y	1			11				B0H739P6DR						B0H739P6DR			0	DEFAULT	Migrated Template	Incomplete		
Chile eSIM 3GB 15Days	Chile eSIM 3GB 15Days - high speed internet - mobile data 5G compatible	0630HV58YVB	CHILE-ESIM		0	01/07/2026 01:01:20 MEST		y	1			11				B0H72WHZP9						B0H72WHZP9			0	DEFAULT	Migrated Template	Incomplete		
China eSIM 5GB 30Days	China eSIM 5GB 30Days - high speed internet - mobile data 5G compatible	0630HVC1H2H	CHINA-ESIM		0	01/07/2026 01:05:34 MEST		y	1			11				B0H739M1D2						B0H739M1D2			0	DEFAULT	Migrated Template	Incomplete		
Colombia eSIM 3GB 15Days	Colombia eSIM 3GB 15Days - high speed internet - mobile data 5G compatible	0630HUXFU59	COLOMBIA-ESIM		0	01/07/2026 01:16:56 MEST		y	1			11				B0H73Q8QFR						B0H73Q8QFR			0	DEFAULT	Migrated Template	Incomplete		
Costa Rica eSIM 3GB 15Days	Costa Rica eSIM 3GB 15Days - high speed internet - mobile data 5G compatible	0630HV3PAOC	COSTA-RICA-ESIM		0	01/07/2026 01:27:45 MEST		y	1			11				B0H73FYJHX						B0H73FYJHX			0	DEFAULT	Migrated Template	Incomplete		
Costa de Marfil eSIM 3GB 15Days	Cote d'Ivoire eSIM 3GB 15Days - high speed internet - mobile data 5G compatible	0630HV3SNTR	COTE-D-IVOIRE-ESIM		0	01/07/2026 01:31:05 MEST		y	1			11				B0H73B9SKQ						B0H73B9SKQ			0	DEFAULT	Migrated Template	Incomplete		
Croacia eSIM 3GB 15Days	Croatia eSIM 3GB 15Days - high speed internet - mobile data 5G compatible	0630HVFEEZJ	CROATIA-ESIM		0	01/07/2026 01:38:46 MEST		y	1			11				B0H73KHCD7						B0H73KHCD7			0	DEFAULT	Migrated Template	Incomplete		
Curazao eSIM 5GB 30Days	Curacao eSIM 5GB 30Days - high speed internet - mobile data 5G compatible	0630HTZW1MT	CURACAO-ESIM		0	30/06/2026 16:05:37 MEST		y	1			11				B0H72G6F92						B0H72G6F92			0	DEFAULT	Migrated Template	Incomplete		
Chipre eSIM 3GB 15Days	Cyprus eSIM 3GB 15Days - high speed internet - mobile data 5G compatible	0630HV85J79	CYPRUS-ESIM		0	01/07/2026 01:47:48 MEST		y	1			11				B0H72WB38S						B0H72WB38S			0	DEFAULT	Migrated Template	Incomplete		
República Checa eSIM 3GB 15Days	Czech Republic eSIM 3GB 15Days - high speed internet - mobile data 5G compatible	0630HUXQIX8	CZECH-REPUBLIC-ESIM		0	01/07/2026 01:54:36 MEST		y	1			11				B0H72W78DF						B0H72W78DF			0	DEFAULT	Migrated Template	Incomplete		
República Democrática del Congo eSIM 5GB 30Days	Democratic Republic of the Congo eSIM 5GB 30Days - high speed internet - mobile data 5G compatible	0630HU0IR0J	DEMOCRATIC-REPUBLIC-OF-THE-CONGO-ESIM		0	30/06/2026 16:15:45 MEST		y	1			11				B0H72BB94G						B0H72BB94G			0	DEFAULT	Migrated Template	Incomplete		
Dinamarca eSIM 3GB 15Days	Denmark eSIM 3GB 15Days - high speed internet - mobile data 5G compatible	0701HV9JZ1K	DENMARK-ESIM		0	01/07/2026 02:04:20 MEST		y	1			11				B0H738C9N5						B0H738C9N5			0	DEFAULT	Migrated Template	Incomplete		
Dominica eSIM 3GB 15Days	Dominica eSIM 3GB 15Days - high speed internet - mobile data 5G compatible	0630HU0SZX5	DOMINICA-ESIM		0	30/06/2026 16:26:27 MEST		y	1			11				B0H728DP63						B0H728DP63			0	DEFAULT	Migrated Template	Incomplete		
República Dominicana eSIM 3GB 15Days	Dominican Republic eSIM 3GB 15Days - high speed internet - mobile data 5G compatible	0701HV744XG	DOMINICAN-REPUBLIC-ESIM		0	01/07/2026 02:14:03 MEST		y	1			11				B0H72VJK52						B0H72VJK52			0	DEFAULT	Migrated Template	Incomplete		
República Democrática del Congo eSIM 20GB 30Days	Democratic Republic of the Congo eSIM 20GB 30Days - high speed internet - mobile data 5G compatible	0630HU0KNU9	DR-CONGO-ESIM		0	30/06/2026 16:22:55 MEST		y	1			11				B0H72FFLDF						B0H72FFLDF			0	DEFAULT	Migrated Template	Incomplete		
Ecuador eSIM 3GB 15Days	Ecuador eSIM 3GB 15Days - high speed internet - mobile data 5G compatible	0701HV445G6	ECUADOR-ESIM		0	01/07/2026 02:22:55 MEST		y	1			11				B0H73FNT1X						B0H73FNT1X			0	DEFAULT	Migrated Template	Incomplete		
Egipto eSIM 3GB 15Days	Egypt eSIM 3GB 15Days - high speed internet - mobile data 5G compatible	0701HVBR7JL	EGYPT-ESIM		0	01/07/2026 02:27:09 MEST		y	1			11				B0H736342W						B0H736342W			0	DEFAULT	Migrated Template	Incomplete		
El Salvador eSIM 3GB 15Days	El Salvador eSIM 3GB 15Days - high speed internet - mobile data 5G compatible	0701HV7C6FN	EL-SALVADOR-ESIM		0	01/07/2026 02:36:35 MEST		y	1			11				B0H73G1R4K						B0H73G1R4K			0	DEFAULT	Migrated Template	Incomplete		
Estonia eSIM 3GB 15Days	Estonia eSIM 3GB 15Days - high speed internet - mobile data 5G compatible	0701HVAD78D	ESTONIA-ESIM		0	01/07/2026 02:40:28 MEST		y	1			11				B0H73FZ6VT						B0H73FZ6VT			0	DEFAULT	Migrated Template	Incomplete		
Europa (más de 40 áreas) eSIM 5GB 30Days	Europe(40+ areas) eSIM 5GB 30Days - high speed internet - mobile data 5G compatible	0701HV7EY3H	EUROPE-40-AREAS-ESIM		0	01/07/2026 02:49:00 MEST		y	1			11				B0H7376WLP						B0H7376WLP			0	DEFAULT	Migrated Template	Incomplete		
Islas Feroe eSIM 20GB 30Days	Faroe Islands eSIM 20GB 30Days - high speed internet - mobile data 5G compatible	0630HU77CRV	FAROE-ISLANDS-ESIM		0	30/06/2026 16:36:14 MEST		y	1			11				B0H728MWKX						B0H728MWKX			0	DEFAULT	Migrated Template	Incomplete		
Fiji eSIM 3GB 15Days	Fiji eSIM 3GB 15Days - high speed internet - mobile data 5G compatible	0630HU2V90E	FIJI-ESIM		0	30/06/2026 16:46:00 MEST		y	1			11				B0H725WMRH						B0H725WMRH			0	DEFAULT	Migrated Template	Incomplete		
Finlandia eSIM 3GB 15Days	Finland eSIM 3GB 15Days - high speed internet - mobile data 5G compatible	0701HVAKT9O	FINLAND-ESIM		0	01/07/2026 02:55:38 MEST		y	1			11				B0H73G4L8X						B0H73G4L8X			0	DEFAULT	Migrated Template	Incomplete		
Francia eSIM 3GB 15Days	France eSIM 3GB 15Days - high speed internet - mobile data 5G compatible	0701HV4CWQ4	FRANCE-ESIM		0	01/07/2026 03:02:59 MEST		y	1			11				B0H73DJ4JV						B0H73DJ4JV			0	DEFAULT	Migrated Template	Incomplete		
Guayana Francesa eSIM 20GB 30Days	French Guiana eSIM 20GB 30Days - high speed internet - mobile data 5G compatible	0630HU72U83	FRENCH-GUIANA-ESIM		0	30/06/2026 16:54:54 MEST		y	1			11				B0H72J43MG						B0H72J43MG			0	DEFAULT	Migrated Template	Incomplete		
Polinesia Francesa eSIM 5GB 30Days	French Polynesia eSIM 5GB 30Days - high speed internet - mobile data 5G compatible	0630HU7G974	FRENCH-POLYNESIA-ESIM		0	30/06/2026 17:04:31 MEST		y	1			11				B0H72H3BGB						B0H72H3BGB			0	DEFAULT	Migrated Template	Incomplete		
Gabón eSIM 3GB 15Days	Gabon eSIM 3GB 15Days - high speed internet - mobile data 5G compatible	0701HVAOXNS	GABON-ESIM		0	01/07/2026 03:13:51 MEST		y	1			11				B0H73K86Z2						B0H73K86Z2			0	DEFAULT	Migrated Template	Incomplete		
Gambia eSIM 3GB 15Days	Gambia eSIM 3GB 15Days - high speed internet - mobile data 5G compatible	0701HY1SQ67	GAMBIA-ESIM		0	01/07/2026 16:13:10 MEST		y	1			11				B0H765ZJMD						B0H765ZJMD			0	DEFAULT	Migrated Template	Incomplete		
Georgia eSIM 3GB 15Days	Georgia eSIM 3GB 15Days - high speed internet - mobile data 5G compatible	0701HV7P317	GEORGIA-ESIM		0	01/07/2026 03:17:32 MEST		y	1			11				B0H73H7MYZ						B0H73H7MYZ			0	DEFAULT	Migrated Template	Incomplete		
Alemania eSIM 3GB 15Days	Germany eSIM 3GB 15Days - high speed internet - mobile data 5G compatible	0701HV4NHZR	GERMANY-ESIM		0	01/07/2026 03:24:50 MEST		y	1			11				B0H73GT97V						B0H73GT97V			0	DEFAULT	Migrated Template	Incomplete		
Ghana eSIM 3GB 15Days	Ghana eSIM 3GB 15Days - high speed internet - mobile data 5G compatible	0630HUDLAV5	GHANA-ESIM		0	30/06/2026 17:14:36 MEST		y	1			11				B0H72F9WSY						B0H72F9WSY			0	DEFAULT	Migrated Template	Incomplete		
Gibraltar eSIM 3GB 15Days	Gibraltar eSIM 3GB 15Days - high speed internet - mobile data 5G compatible	0701HV7U8QP	GIBRALTAR-ESIM		0	01/07/2026 03:35:42 MEST		y	1			11				B0H73PY4TY						B0H73PY4TY			0	DEFAULT	Migrated Template	Incomplete		
Global139 eSIM 5GB 30Days	Global139 eSIM 5GB 30Days - high speed internet - mobile data 5G compatible	0701HVDPGMH	GLOBAL139-ESIM		0	01/07/2026 03:39:34 MEST		y	1			11				B0H73753Q9						B0H73753Q9			0	DEFAULT	Migrated Template	Incomplete		
Grecia eSIM 5GB 30Days	Greece eSIM 5GB 30Days - high speed internet - mobile data 5G compatible	0701HVFS92Q	GREECE-ESIM		0	01/07/2026 03:43:49 MEST		y	1			11				B0H7395MLG						B0H7395MLG			0	DEFAULT	Migrated Template	Incomplete		
Groenlandia eSIM 5GB 30Days	Greenland eSIM 5GB 30Days - high speed internet - mobile data 5G compatible	0630HUAL8ZP	GREENLAND-ESIM		0	30/06/2026 17:24:21 MEST		y	1			11				B0H72GDTL5						B0H72GDTL5			0	DEFAULT	Migrated Template	Incomplete		
Grenada eSIM 3GB 15Days	Grenada eSIM 3GB 15Days - high speed internet - mobile data 5G compatible	0630HU7QHMG	GRENADA-ESIM		0	30/06/2026 17:34:26 MEST		y	1			11				B0H72KXPWR						B0H72KXPWR			0	DEFAULT	Migrated Template	Incomplete		
Guadalupe eSIM 3GB 15Days	Guadeloupe eSIM 3GB 15Days - high speed internet - mobile data 5G compatible	0701HVGJB7K	GUADELOUPE-ESIM		0	01/07/2026 03:55:04 MEST		y	1			11				B0H73V2SLD						B0H73V2SLD			0	DEFAULT	Migrated Template	Incomplete		
Guam eSIM 3GB 15Days	Guam eSIM 3GB 15Days - high speed internet - mobile data 5G compatible	0701HVDJBFK	GUAM-ESIM		0	01/07/2026 04:01:40 MEST		y	1			11				B0H73SY74N						B0H73SY74N			0	DEFAULT	Migrated Template	Incomplete		
Guatemala eSIM 3GB 15Days	Guatemala eSIM 3GB 15Days - high speed internet - mobile data 5G compatible	0701HVI8H22	GUATEMALA-ESIM		0	01/07/2026 04:12:28 MEST		y	1			11				B0H73TTBCL						B0H73TTBCL			0	DEFAULT	Migrated Template	Incomplete		
Guernsey eSIM 3GB 15Days	Guernsey eSIM 3GB 15Days - high speed internet - mobile data 5G compatible	0701HVKCSAW	GUERNSEY-ESIM		0	01/07/2026 04:16:13 MEST		y	1			11				B0H73N3BQ2						B0H73N3BQ2			0	DEFAULT	Migrated Template	Incomplete		
Guinea-Bissau eSIM 5GB 30Days	Guinea-Bissau eSIM 5GB 30Days - high speed internet - mobile data 5G compatible	0630HUCZMQE	GUINEA-BISSAU-ESIM		0	30/06/2026 17:53:34 MEST		y	1			11				B0H728R3P5						B0H728R3P5			0	DEFAULT	Migrated Template	Incomplete		
Guinea eSIM 5GB 30Days	Guinea eSIM 5GB 30Days - high speed internet - mobile data 5G compatible	0630HU4CGLG	GUINEA-ESIM		0	30/06/2026 17:44:33 MEST		y	1			11				B0H72CMMCM						B0H72CMMCM			0	DEFAULT	Migrated Template	Incomplete		
Guyana eSIM 20GB 30Days	Guyana eSIM 20GB 30Days - high speed internet - mobile data 5G compatible	0630HUG1BDO	GUYANA-ESIM		0	30/06/2026 18:03:38 MEST		y	1			11				B0H72K851V						B0H72K851V			0	DEFAULT	Migrated Template	Incomplete		
Haití eSIM 3GB 15Days	Haiti eSIM 3GB 15Days - high speed internet - mobile data 5G compatible	0630HUE97ID	HAITI-ESIM		0	30/06/2026 18:13:44 MEST		y	1			11				B0H72M49WC						B0H72M49WC			0	DEFAULT	Migrated Template	Incomplete		
Hajjj Package Luxury eSIM | Datos de Viaje de Arabia Saudita | Guía de Viaje incluida | Velocidades 3G/4G/5G	Premium Islamic Hajj eSIM package with 10GB data valid for 30 days. Includes Hajj Luxury Travel Guide and exclusive Saudi Arabian travel guides. Instant QR activation for use across Saudi Arabia.	0630HTL8XBZ	HAJJ-LUXURY-ESIM		0	30/06/2026 13:08:26 MEST		y	1			11				B0H71WX2W4						B0H71WX2W4			0	DEFAULT	Migrated Template	Incomplete		
Honduras eSIM 3GB 15Days	Honduras eSIM 3GB 15Days - high speed internet - mobile data 5G compatible	0701HVM66RC	HONDURAS-ESIM		0	01/07/2026 04:26:39 MEST		y	1			11				B0H73MX4BV						B0H73MX4BV			0	DEFAULT	Migrated Template	Incomplete		
Hong Kong eSIM 20GB 30Days	Hong Kong eSIM 3GB 15Days - high speed internet - mobile data 5G compatible	0701HVKNVPZ	HONG-KONG-ESIM		0	01/07/2026 04:30:53 MEST		y	1			11				B0H73VGQ2L						B0H73VGQ2L			0	DEFAULT	Migrated Template	Incomplete		
Hungría eSIM 3GB 15Days	Hungary eSIM 3GB 15Days - high speed internet - mobile data 5G compatible	0701HVL8IY8	HUNGARY-ESIM		0	01/07/2026 04:41:13 MEST		y	1			11				B0H73SPK73						B0H73SPK73			0	DEFAULT	Migrated Template	Incomplete		
Islandia eSIM 3GB 15Days	Iceland eSIM 3GB 15Days - high speed internet - mobile data 5G compatible	0701HVLR7V4	ICELAND-ESIM		0	01/07/2026 04:51:27 MEST		y	1			11				B0H73PV1M9						B0H73PV1M9			0	DEFAULT	Migrated Template	Incomplete		
India eSIM 5GB 30Days	India eSIM 5GB 30Days - high speed internet - mobile data 5G compatible	0701HVLQCEP	INDIA-ESIM		0	01/07/2026 05:01:53 MEST		y	1			11				B0H73LBFL8						B0H73LBFL8			0	DEFAULT	Migrated Template	Incomplete		
Indonesia eSIM 20GB 30Days	Indonesia eSIM 20GB 30Days - high speed internet - mobile data 5G compatible	0701HVUXH6J	INDONESIA-ESIM		0	01/07/2026 05:13:31 MEST		y	1			11				B0H743LJ7D						B0H743LJ7D			0	DEFAULT	Migrated Template	Incomplete		
Irak eSIM 20GB 30Days	Iraq eSIM 20GB 30Days - high speed internet - mobile data 5G compatible	0630HUDY67B	IRAQ-ESIM		0	30/06/2026 18:23:30 MEST		y	1			11				B0H72H8XL2						B0H72H8XL2			0	DEFAULT	Migrated Template	Incomplete		
Irlanda eSIM 3GB 15Days	Ireland eSIM 3GB 15Days - high speed internet - mobile data 5G compatible	0701HVV4K9K	IRELAND-ESIM		0	01/07/2026 05:25:10 MEST		y	1			11				B0H73TKRRQ						B0H73TKRRQ			0	DEFAULT	Migrated Template	Incomplete		
Isla de Man eSIM 3GB 15Days	Isle of Man eSIM 3GB 15Days - high speed internet - mobile data 5G compatible	0701HVP1DCF	ISLE-OF-MAN-ESIM		0	01/07/2026 05:36:38 MEST		y	1			11				B0H7423D9N						B0H7423D9N			0	DEFAULT	Migrated Template	Incomplete		
Israel eSIM 3GB 15Days	Israel eSIM 3GB 15Days - high speed internet - mobile data 5G compatible	0701HW1J5EQ	ISRAEL-ESIM		0	01/07/2026 05:47:35 MEST		y	1			11				B0H73Y7487						B0H73Y7487			0	DEFAULT	Migrated Template	Incomplete		
Italia eSIM 5GB 30Days	Italy eSIM 5GB 30Days - high speed internet - mobile data 5G compatible	0701HW1D6HP	ITALY-ESIM		0	01/07/2026 05:58:13 MEST		y	1			11				B0H749LTTV						B0H749LTTV			0	DEFAULT	Migrated Template	Incomplete		
Jamaica eSIM 20GB 30Days	Jamaica eSIM 20GB 30Days - high speed internet - mobile data 5G compatible	0630HUJR2IA	JAMAICA-ESIM		0	30/06/2026 18:32:52 MEST		y	1			11				B0H72KWJ1M						B0H72KWJ1M			0	DEFAULT	Migrated Template	Incomplete		
Japón eSIM 3GB 15Days	Japan eSIM 3GB 15Days - high speed internet - mobile data 5G compatible	0701HW4LTPG	JAPAN-ESIM		0	01/07/2026 06:09:52 MEST		y	1			11				B0H744JFHG						B0H744JFHG			0	DEFAULT	Migrated Template	Incomplete		
Jersey eSIM 3GB 15Days	Jersey eSIM 3GB 15Days - high speed internet - mobile data 5G compatible	0701HW1HHM6	JERSEY-ESIM		0	01/07/2026 06:21:08 MEST		y	1			11				B0H74D8YT4						B0H74D8YT4			0	DEFAULT	Migrated Template	Incomplete		
Jordan eSIM 3GB 15Days	Jordan eSIM 3GB 15Days - high speed internet - mobile data 5G compatible	0701HW1NUOH	JORDAN-ESIM		0	01/07/2026 06:31:45 MEST		y	1			11				B0H74BLVN3						B0H74BLVN3			0	DEFAULT	Migrated Template	Incomplete		
Kazajstán eSIM 3GB 15Days	Kazakhstan eSIM 3GB 15Days - high speed internet - mobile data 5G compatible	0701HW2A9A8	KAZAKHSTAN-ESIM		0	01/07/2026 06:42:12 MEST		y	1			11				B0H74GFLQT						B0H74GFLQT			0	DEFAULT	Migrated Template	Incomplete		
Kenia eSIM 5GB 30Days	Kenya eSIM 5GB 30Days - high speed internet - mobile data 5G compatible	0701HW2GGHL	KENYA-ESIM		0	01/07/2026 06:52:28 MEST		y	1			11				B0H74JLNSG						B0H74JLNSG			0	DEFAULT	Migrated Template	Incomplete		
Kuwait eSIM 3GB 15Days	Kuwait eSIM 3GB 15Days - high speed internet - mobile data 5G compatible	0701HVQDYWT	KUWAIT-ESIM		0	01/07/2026 07:00:02 MEST		y	1			11				B0H74G22MQ						B0H74G22MQ			0	DEFAULT	Migrated Template	Incomplete		
Laos eSIM 5GB 30Days	Laos eSIM 5GB 30Days - high speed internet - mobile data 5G compatible	0630HU5FU6N	LAOS-ESIM		0	30/06/2026 18:42:15 MEST		y	1			11				B0H72FG4N1						B0H72FG4N1			0	DEFAULT	Migrated Template	Incomplete		
Letonia eSIM 3GB 15Days	Latvia eSIM 3GB 15Days - high speed internet - mobile data 5G compatible	0701HVZTS8H	LATVIA-ESIM		0	01/07/2026 07:16:57 MEST		y	1			11				B0H74M1P19						B0H74M1P19			0	DEFAULT	Migrated Template	Incomplete		
Liberia eSIM 3GB 15Days	Liberia eSIM 3GB 15Days - high speed internet - mobile data 5G compatible	0701HW2MI44	LIBERIA-ESIM		0	01/07/2026 07:26:21 MEST		y	1			11				B0H74KSYCB						B0H74KSYCB			0	DEFAULT	Migrated Template	Incomplete		
Libia eSIM 5GB 30Days	Libya eSIM 5GB 30Days - high speed internet - mobile data 5G compatible	0630HUEMRYW	LIBYA-ESIM		0	30/06/2026 18:51:10 MEST		y	1			11				B0H72K4LD7						B0H72K4LD7			0	DEFAULT	Migrated Template	Incomplete		
Liechtenstein eSIM 3GB 15Days	Liechtenstein eSIM 3GB 15Days - high speed internet - mobile data 5G compatible	0701HW7N5Q5	LIECHTENSTEIN-ESIM		0	01/07/2026 07:33:20 MEST		y	1			11				B0H747SKMX						B0H747SKMX			0	DEFAULT	Migrated Template	Incomplete		
Lituania eSIM 3GB 15Days	Lithuania eSIM 3GB 15Days - high speed internet - mobile data 5G compatible	0701HW5PT7P	LITHUANIA-ESIM		0	01/07/2026 07:37:21 MEST		y	1			11				B0H74685SM						B0H74685SM			0	DEFAULT	Migrated Template	Incomplete		
Luxemburgo eSIM 3GB 15Days	Luxembourg eSIM 3GB 15Days - high speed internet - mobile data 5G compatible	0701HW6PCL0	LUXEMBOURG-ESIM		0	01/07/2026 07:48:20 MEST		y	1			11				B0H74JNK8T						B0H74JNK8T			0	DEFAULT	Migrated Template	Incomplete		
Macao eSIM 3GB 15Days	Macao eSIM 3GB 15Days - high speed internet - mobile data 5G compatible	0701HW7VNEG	MACAO-ESIM		0	01/07/2026 07:57:54 MEST		y	1			11				B0H74GDXPP						B0H74GDXPP			0	DEFAULT	Migrated Template	Incomplete		
Madagascar eSIM 3GB 15Days	Madagascar eSIM 3GB 15Days - high speed internet - mobile data 5G compatible	0701HW8R33V	MADAGASCAR-ESIM		0	01/07/2026 08:07:50 MEST		y	1			11				B0H74QZNTW						B0H74QZNTW			0	DEFAULT	Migrated Template	Incomplete		
Malawi eSIM 3GB 15Days	Malawi eSIM 3GB 15Days - high speed internet - mobile data 5G compatible	0701HW9WQWO	MALAWI-ESIM		0	01/07/2026 08:11:11 MEST		y	1			11				B0H74NX2BD						B0H74NX2BD			0	DEFAULT	Migrated Template	Incomplete		
Malasia eSIM 20GB 30Days	Malaysia eSIM 20GB 30Days - high speed internet - mobile data 5G compatible	0701HW916FO	MALAYSIA-ESIM		0	01/07/2026 08:18:41 MEST		y	1			11				B0H74MG19X						B0H74MG19X			0	DEFAULT	Migrated Template	Incomplete		
Maldivas eSIM 20GB 30Days	Maldives eSIM 20GB 30Days - high speed internet - mobile data 5G compatible	0630HU5M91W	MALDIVES-ESIM		0	30/06/2026 19:00:32 MEST		y	1			11				B0H72G9GVH						B0H72G9GVH			0	DEFAULT	Migrated Template	Incomplete		
Mali eSIM 3GB 15Days	Mali eSIM 3GB 15Days - high speed internet - mobile data 5G compatible	0701HWB5Q5B	MALI-ESIM		0	01/07/2026 08:29:57 MEST		y	1			11				B0H74WCFRX						B0H74WCFRX			0	DEFAULT	Migrated Template	Incomplete		
Malta eSIM 3GB 15Days	Malta eSIM 3GB 15Days - high speed internet - mobile data 5G compatible	0701HWC9Y5Y	MALTA-ESIM		0	01/07/2026 08:34:09 MEST		y	1			11				B0H74Q32M8						B0H74Q32M8			0	DEFAULT	Migrated Template	Incomplete		
Martinica eSIM 5GB 30Days	Martinique eSIM 5GB 30Days - high speed internet - mobile data 5G compatible	0630HUM00R0	MARTINIQUE-ESIM		0	30/06/2026 19:10:38 MEST		y	1			11				B0H72JHZTW						B0H72JHZTW			0	DEFAULT	Migrated Template	Incomplete		
Mauricio eSIM 3GB 15Days	Mauritius eSIM 3GB 15Days - high speed internet - mobile data 5G compatible	0701HY4PY05	MAURITIUS-ESIM		0	01/07/2026 16:21:06 MEST		y	1			11				B0H76857L4						B0H76857L4			0	DEFAULT	Migrated Template	Incomplete		
Mayotte eSIM 3GB 15Days	Mayotte eSIM 3GB 15Days - high speed internet - mobile data 5G compatible	0630HUM19H4	MAYOTTE-ESIM		0	30/06/2026 19:19:41 MEST		y	1			11				B0H727L9P9						B0H727L9P9			0	DEFAULT	Migrated Template	Incomplete		
México eSIM 3GB 15Days	Mexico eSIM 3GB 15Days - high speed internet - mobile data 5G compatible	0701HWDFNZ2	MEXICO-ESIM		0	01/07/2026 08:44:57 MEST		y	1			11				B0H74BMK75						B0H74BMK75			0	DEFAULT	Migrated Template	Incomplete		
Oriente Medio eSIM 5GB 30Days	Middle East eSIM 5GB 30Days - high speed internet - mobile data 5G compatible	0701HWJB6DK	MIDDLE-EAST-ESIM		0	01/07/2026 08:55:33 MEST		y	1			11				B0H74PKKVY						B0H74PKKVY			0	DEFAULT	Migrated Template	Incomplete		
Moldavia eSIM 3GB 15Days	Moldova eSIM 3GB 15Days - high speed internet - mobile data 5G compatible	0701HWCJ0GJ	MOLDOVA-ESIM		0	01/07/2026 08:59:35 MEST		y	1			11				B0H74NVB9K						B0H74NVB9K			0	DEFAULT	Migrated Template	Incomplete		
Monaco eSIM 3GB 15Days	Monaco eSIM 3GB 15Days - high speed internet - mobile data 5G compatible	0701HWG25GW	MONACO-ESIM		0	01/07/2026 09:03:27 MEST		y	1			11				B0H74WSSRK						B0H74WSSRK			0	DEFAULT	Migrated Template	Incomplete		
Mongolia eSIM 3GB 15Days	Mongolia eSIM 3GB 15Days - high speed internet - mobile data 5G compatible	0701HWFOTHE	MONGOLIA-ESIM		0	01/07/2026 09:10:45 MEST		y	1			11				B0H74TXJSD						B0H74TXJSD			0	DEFAULT	Migrated Template	Incomplete		
Montserrat eSIM 5GB 30Days	Montserrat eSIM 5GB 30Days - high speed internet - mobile data 5G compatible	0630HU5ZBX6	MONTSERRAT-ESIM		0	30/06/2026 19:29:37 MEST		y	1			11				B0H72QHHRG						B0H72QHHRG			0	DEFAULT	Migrated Template	Incomplete		
Marruecos eSIM 3GB 15Days	Morocco eSIM 3GB 15Days - high speed internet - mobile data 5G compatible	0701HWPUXGI	MOROCCO-ESIM		0	01/07/2026 09:18:40 MEST		y	1			11				B0H75289VG						B0H75289VG			0	DEFAULT	Migrated Template	Incomplete		
Mozambique eSIM 3GB 15Days	Mozambique eSIM 3GB 15Days - high speed internet - mobile data 5G compatible	0701HWJIOEH	MOZAMBIQUE-ESIM		0	01/07/2026 09:30:16 MEST		y	1			11				B0H74W78DB						B0H74W78DB			0	DEFAULT	Migrated Template	Incomplete		
Nepal eSIM 3GB 15Days	Nepal eSIM 3GB 15Days - high speed internet - mobile data 5G compatible	0701HWGWM5O	NEPAL-ESIM		0	01/07/2026 09:37:46 MEST		y	1			11				B0H74WYLPX						B0H74WYLPX			0	DEFAULT	Migrated Template	Incomplete		
Países Bajos eSIM 3GB 15Days	Netherlands eSIM 3GB 15Days - high speed internet - mobile data 5G compatible	0701HWSWQ21	NETHERLANDS-ESIM		0	01/07/2026 09:41:59 MEST		y	1			11				B0H7535ZVC						B0H7535ZVC			0	DEFAULT	Migrated Template	Incomplete		
Nueva Zelanda eSIM 3GB 15Days	New Zealand eSIM 3GB 15Days - high speed internet - mobile data 5G compatible	0701HWVTCUL	NEW-ZEALAND-ESIM		0	01/07/2026 09:53:13 MEST		y	1			11				B0H74WZBFM						B0H74WZBFM			0	DEFAULT	Migrated Template	Incomplete		
Nicaragua eSIM 3GB 15Days	Nicaragua eSIM 3GB 15Days - high speed internet - mobile data 5G compatible	0701HWO3NQ0	NICARAGUA-ESIM		0	01/07/2026 10:03:18 MEST		y	1			11				B0H74ZVFDW						B0H74ZVFDW			0	DEFAULT	Migrated Template	Incomplete		
Níger eSIM 3GB 15Days	Niger eSIM 3GB 15Days - high speed internet - mobile data 5G compatible	0701HWO5SI5	NIGER-ESIM		0	01/07/2026 10:07:31 MEST		y	1			11				B0H74RLTKF						B0H74RLTKF			0	DEFAULT	Migrated Template	Incomplete		
Nigeria eSIM 3GB 15Days	Nigeria eSIM 3GB 15Days - high speed internet - mobile data 5G compatible	0701HWU9BUU	NIGERIA-ESIM		0	01/07/2026 10:11:46 MEST		y	1			11				B0H74WVQYZ						B0H74WVQYZ			0	DEFAULT	Migrated Template	Incomplete		
América del Norte eSIM 5GB 30Days	North America eSIM 5GB 30Days - high speed internet - mobile data 5G compatible	0701HWTI0GF	NORTH-AMERICA-ESIM		0	01/07/2026 10:16:00 MEST		y	1			11				B0H751CYF2						B0H751CYF2			0	DEFAULT	Migrated Template	Incomplete		
Macedonia del Norte eSIM 3GB 15Days	North Macedonia eSIM 3GB 15Days - high speed internet - mobile data 5G compatible	0701HWTS049	NORTH-MACEDONIA-ESIM		0	01/07/2026 10:20:14 MEST		y	1			11				B0H74ZT1Z7						B0H74ZT1Z7			0	DEFAULT	Migrated Template	Incomplete		
Noruega eSIM 3GB 15Days	Norway eSIM 3GB 15Days - high speed internet - mobile data 5G compatible	0701HX0ENSU	NORWAY-ESIM		0	01/07/2026 10:28:08 MEST		y	1			11				B0H753411J						B0H753411J			0	DEFAULT	Migrated Template	Incomplete		
Omán eSIM 3GB 15Days	Oman eSIM 3GB 15Days - high speed internet - mobile data 5G compatible	0701HWZP7N0	OMAN-ESIM		0	01/07/2026 10:39:41 MEST		y	1			11				B0H758996T						B0H758996T			0	DEFAULT	Migrated Template	Incomplete		
Pakistán eSIM 3GB 15Days	Pakistan eSIM 3GB 15Days - high speed internet - mobile data 5G compatible	0701HX2TJ08	PAKISTAN-ESIM		0	01/07/2026 10:47:37 MEST		y	1			11				B0H756TBKB						B0H756TBKB			0	DEFAULT	Migrated Template	Incomplete		
Panamá eSIM 3GB 15Days	Panama eSIM 3GB 15Days - high speed internet - mobile data 5G compatible	0701HWP3QWK	PANAMA-ESIM		0	01/07/2026 10:59:10 MEST		y	1			11				B0H755K4XJ						B0H755K4XJ			0	DEFAULT	Migrated Template	Incomplete		
Paraguay eSIM 3GB 15Days	Paraguay eSIM 3GB 15Days - high speed internet - mobile data 5G compatible	0701HWV7V1A	PARAGUAY-ESIM		0	01/07/2026 11:03:25 MEST		y	1			11				B0H75BCQB4						B0H75BCQB4			0	DEFAULT	Migrated Template	Incomplete		
Perú eSIM 20GB 30Days	Peru eSIM 20GB 30Days - high speed internet - mobile data 5G compatible	0630HTNKV39	PERU-ESIM		0	30/06/2026 13:15:55 MEST		y	1			11				B0H7212VH8						B0H7212VH8			0	DEFAULT	Migrated Template	Incomplete		
Filipinas eSIM 3GB 15Days	Philippines eSIM 3GB 15Days - high speed internet - mobile data 5G compatible	0701HX0I8UI	PHILIPPINES-ESIM		0	01/07/2026 11:07:41 MEST		y	1			11				B0H758FM9C						B0H758FM9C			0	DEFAULT	Migrated Template	Incomplete		
Polonia eSIM 20GB 30Days	Poland eSIM 20GB 30Days - high speed internet - mobile data 5G compatible	0701HX2AF60	POLAND-ESIM		0	01/07/2026 11:19:18 MEST		y	1			11				B0H75JMSKJ						B0H75JMSKJ			0	DEFAULT	Migrated Template	Incomplete		
Portugal eSIM 3GB 15Days	Portugal eSIM 3GB 15Days - high speed internet - mobile data 5G compatible	0701HX3IQ5R	PORTUGAL-ESIM		0	01/07/2026 11:30:55 MEST		y	1			11				B0H75GZLTQ						B0H75GZLTQ			0	DEFAULT	Migrated Template	Incomplete		
Puerto Rico eSIM 3GB 15Days	Puerto Rico eSIM 3GB 15Days - high speed internet - mobile data 5G compatible	0701HXEGYH6	PUERTO-RICO-ESIM		0	01/07/2026 11:42:32 MEST		y	1			11				B0H75DX3M5						B0H75DX3M5			0	DEFAULT	Migrated Template	Incomplete		
Qatar eSIM 5GB 30Days	Qatar eSIM 5GB 30Days - high speed internet - mobile data 5G compatible	0701HXB79KI	QATAR-ESIM		0	01/07/2026 11:50:28 MEST		y	1			11				B0H75BXXG7						B0H75BXXG7			0	DEFAULT	Migrated Template	Incomplete		
República del Congo eSIM 3GB 15Days	Republic of the Congo eSIM 3GB 15Days - high speed internet - mobile data 5G compatible	0630HU916ZC	REPUBLIC-OF-THE-CONGO-ESIM		0	30/06/2026 19:39:44 MEST		y	1			11				B0H72DJNP5						B0H72DJNP5			0	DEFAULT	Migrated Template	Incomplete		
Reunion eSIM 3GB 15Days	Reunion eSIM 3GB 15Days - high speed internet - mobile data 5G compatible	0701HX8P297	REUNION-ESIM		0	01/07/2026 12:02:04 MEST		y	1			11				B0H75HZ911						B0H75HZ911			0	DEFAULT	Migrated Template	Incomplete		
Rumania eSIM 3GB 15Days	Romania eSIM 3GB 15Days - high speed internet - mobile data 5G compatible	0630HUF52UN	ROMANIA-ESIM		0	30/06/2026 19:49:20 MEST		y	1			11				B0H72XMZHW						B0H72XMZHW			0	DEFAULT	Migrated Template	Incomplete		
Rusia eSIM 20GB 30Days	Russia eSIM 20GB 30Days - high speed internet - mobile data 5G compatible	0630HUIDJ12	RUSSIA-ESIM		0	30/06/2026 19:58:56 MEST		y	1			11				B0H732F5BG						B0H732F5BG			0	DEFAULT	Migrated Template	Incomplete		
Ruanda eSIM 5GB 30Days	Rwanda eSIM 5GB 30Days - high speed internet - mobile data 5G compatible	0630HUFFFNH	RWANDA-ESIM		0	30/06/2026 20:08:52 MEST		y	1			11				B0H72VBHTL						B0H72VBHTL			0	DEFAULT	Migrated Template	Incomplete		
San Bartolomé eSIM 3GB 15Days	Saint Barthelemy eSIM 3GB 15Days - high speed internet - mobile data 5G compatible	0630HUK0AI1	SAINT-BARTHELEMY-ESIM		0	30/06/2026 20:18:39 MEST		y	1			11				B0H732HLSW						B0H732HLSW			0	DEFAULT	Migrated Template	Incomplete		
Saint Kitts and Nevis eSIM 20GB 30Days	Saint Kitts and Nevis eSIM 3GB 15Days - high speed internet - mobile data 5G compatible	0630HUNGL4V	SAINT-KITTS-AND-NEVIS-ESIM		0	30/06/2026 20:28:26 MEST		y	1			11				B0H7386ZJ7						B0H7386ZJ7			0	DEFAULT	Migrated Template	Incomplete		
Santa Lucía eSIM 5GB 30Days	Saint Lucia eSIM 5GB 30Days - high speed internet - mobile data 5G compatible	0630HUIO0JK	SAINT-LUCIA-ESIM		0	30/06/2026 20:37:49 MEST		y	1			11				B0H732KJ5R						B0H732KJ5R			0	DEFAULT	Migrated Template	Incomplete		
Saint Martin eSIM 3GB 15Days	Saint Martin eSIM 3GB 15Days - high speed internet - mobile data 5G compatible	0630HUO5IWT	SAINT-MARTIN-ESIM		0	30/06/2026 20:47:02 MEST		y	1			11				B0H73BBVHN						B0H73BBVHN			0	DEFAULT	Migrated Template	Incomplete		
San Vicente y Las Granadinas eSIM 3GB 15Days	Saint Vincent and the Grenadines eSIM 3GB 15Days - high speed internet - mobile data 5G compatible	0630HUMK2H4	SAINT-VINCENT-AND-THE-GRENADINES-ESIM		0	30/06/2026 20:56:58 MEST		y	1			11				B0H738DNCV						B0H738DNCV			0	DEFAULT	Migrated Template	Incomplete		
Samoa eSIM 5GB 30Days	Samoa eSIM 5GB 30Days - high speed internet - mobile data 5G compatible	0630HUQQQO6	SAMOA-ESIM		0	30/06/2026 21:07:49 MEST		y	1			11				B0H72X16DN						B0H72X16DN			0	DEFAULT	Migrated Template	Incomplete		
San Marino eSIM 5GB 30Days	San Marino eSIM 5GB 30Days - high speed internet - mobile data 5G compatible	0630HUNKZJP	SAN-MARINO-ESIM		0	30/06/2026 21:17:23 MEST		y	1			11				B0H73W1XQF						B0H73W1XQF			0	DEFAULT	Migrated Template	Incomplete		
Arabia Saudita eSIM 3GB 15Days	Saudi Arabia eSIM 3GB 15Days - high speed internet - mobile data 5G compatible	0701HXCERCN	SAUDI-ARABIA-ESIM		0	01/07/2026 12:09:59 MEST		y	1			11				B0H75GPY92						B0H75GPY92			0	DEFAULT	Migrated Template	Incomplete		
Senegal eSIM 3GB 15Days	Senegal eSIM 3GB 15Days - high speed internet - mobile data 5G compatible	0701HXFNXXK	SENEGAL-ESIM		0	01/07/2026 12:21:37 MEST		y	1			11				B0H75FTT98						B0H75FTT98			0	DEFAULT	Migrated Template	Incomplete		
Serbia eSIM 3GB 15Days	Serbia eSIM 3GB 15Days - high speed internet - mobile data 5G compatible	0701HXILGHS	SERBIA-ESIM		0	01/07/2026 12:29:25 MEST		y	1			11				B0H75R9HSW						B0H75R9HSW			0	DEFAULT	Migrated Template	Incomplete		
Seychelles eSIM 3GB 15Days	Seychelles eSIM 3GB 15Days - high speed internet - mobile data 5G compatible	0701HXJ5FS1	SEYCHELLES-ESIM		0	01/07/2026 12:37:22 MEST		y	1			11				B0H75HX62V						B0H75HX62V			0	DEFAULT	Migrated Template	Incomplete		
Sierra Leona eSIM 5GB 30Days	Sierra Leone eSIM 5GB 30Days - high speed internet - mobile data 5G compatible	0630HURIHMZ	SIERRA-LEONE-ESIM		0	30/06/2026 21:27:40 MEST		y	1			11				B0H72VJCQ2						B0H72VJCQ2			0	DEFAULT	Migrated Template	Incomplete		
Singapur eSIM 5GB 30Days	Singapore eSIM 5GB 30Days - high speed internet - mobile data 5G compatible	0701HXCZ8CE	SINGAPORE-ESIM		0	01/07/2026 12:45:20 MEST		y	1			11				B0H75KFLNC						B0H75KFLNC			0	DEFAULT	Migrated Template	Incomplete		
Eslovaquia eSIM 3GB 15Days	Slovakia eSIM 3GB 15Days - high speed internet - mobile data 5G compatible	0701HXD1T69	SLOVAKIA-ESIM		0	01/07/2026 12:53:05 MEST		y	1			11				B0H75R6813						B0H75R6813			0	DEFAULT	Migrated Template	Incomplete		
Eslovenia eSIM 3GB 15Days	Slovenia eSIM 3GB 15Days - high speed internet - mobile data 5G compatible	0701HXP6NO3	SLOVENIA-ESIM		0	01/07/2026 13:04:24 MEST		y	1			11				B0H75QGPNL						B0H75QGPNL			0	DEFAULT	Migrated Template	Incomplete		
Sudáfrica eSIM 5GB 30Days	South Africa eSIM 5GB 30Days - high speed internet - mobile data 5G compatible	0701HXOTO1W	SOUTH-AFRICA-ESIM		0	01/07/2026 13:16:01 MEST		y	1			11				B0H75T1DDN						B0H75T1DDN			0	DEFAULT	Migrated Template	Incomplete		
América del Sur eSIM 5GB 30Days	South America eSIM 5GB 30Days - high speed internet - mobile data 5G compatible	0701HXJS0QO	SOUTH-AMERICA-ESIM		0	01/07/2026 13:20:16 MEST		y	1			11				B0H75M4LP1						B0H75M4LP1			0	DEFAULT	Migrated Template	Incomplete		
Corea del Sur eSIM 5GB 30Days	South Korea eSIM 5GB 30Days - high speed internet - mobile data 5G compatible	0701HXTR63R	SOUTH-KOREA-ESIM		0	01/07/2026 13:24:31 MEST		y	1			11				B0H75RZ1ZG						B0H75RZ1ZG			0	DEFAULT	Migrated Template	Incomplete		
España eSIM 3GB 15Days	Spain eSIM 3GB 15Days - high speed internet - mobile data 5G compatible	0701HXQGWQO	SPAIN-ESIM		0	01/07/2026 13:36:10 MEST		y	1			11				B0H75VTLK7						B0H75VTLK7			0	DEFAULT	Migrated Template	Incomplete		
Sri Lanka eSIM 3GB 15Days	Sri Lanka eSIM 3GB 15Days - high speed internet - mobile data 5G compatible	0701HXPHVIN	SRI-LANKA-ESIM		0	01/07/2026 13:47:50 MEST		y	1			11				B0H75TJ2X6						B0H75TJ2X6			0	DEFAULT	Migrated Template	Incomplete		
Sudán eSIM 3GB 15Days	Sudan eSIM 3GB 15Days - high speed internet - mobile data 5G compatible	0701HXUMOUP	SUDAN-ESIM		0	01/07/2026 13:59:26 MEST		y	1			11				B0H75XTR7C						B0H75XTR7C			0	DEFAULT	Migrated Template	Incomplete		
Surinam eSIM 3GB 15Days	Suriname eSIM 3GB 15Days - high speed internet - mobile data 5G compatible	0630HURW3QK	SURINAME-ESIM		0	30/06/2026 21:37:26 MEST		y	1			11				B0H73Q2MRG						B0H73Q2MRG			0	DEFAULT	Migrated Template	Incomplete		
San Vicente y Las Granadinas eSIM 20GB 30Days	Saint Vincent and the Grenadines eSIM 20GB 30Days - high speed internet - mobile data 5G compatible	0630HUOG2BO	SVG-ESIM		0	30/06/2026 21:03:46 MEST		y	1			11				B0H73JJGLM						B0H73JJGLM			0	DEFAULT	Migrated Template	Incomplete		
Suecia eSIM 3GB 15Days	Sweden eSIM 3GB 15Days - high speed internet - mobile data 5G compatible	0701HXS89MA	SWEDEN-ESIM		0	01/07/2026 14:07:01 MEST		y	1			11				B0H762P7SG						B0H762P7SG			0	DEFAULT	Migrated Template	Incomplete		
Suiza eSIM 3GB 15Days	Switzerland eSIM 3GB 15Days - high speed internet - mobile data 5G compatible	0701HXVH3K3	SWITZERLAND-ESIM		0	01/07/2026 14:18:42 MEST		y	1			11				B0H75NY3KY						B0H75NY3KY			0	DEFAULT	Migrated Template	Incomplete		
Tayikistán eSIM 20GB 30Days	Tajikistan eSIM 20GB 30Days - high speed internet - mobile data 5G compatible	0630HUPKSLT	TAJIKISTAN-ESIM		0	30/06/2026 21:47:09 MEST		y	1			11				B0H737Q2VZ						B0H737Q2VZ			0	DEFAULT	Migrated Template	Incomplete		
Tanzania eSIM 3GB 15Days	Tanzania eSIM 3GB 15Days - high speed internet - mobile data 5G compatible	0701HXWS2JP	TANZANIA-ESIM		0	01/07/2026 14:30:24 MEST		y	1			11				B0H75Y3TWL						B0H75Y3TWL			0	DEFAULT	Migrated Template	Incomplete		
Tailandia eSIM 3GB 15Days	Thailand eSIM 3GB 15Days - high speed internet - mobile data 5G compatible	0701HXXEVZ1	THAILAND-ESIM		0	01/07/2026 14:34:40 MEST		y	1			11				B0H75W45RY						B0H75W45RY			0	DEFAULT	Migrated Template	Incomplete		
Trinidad y Tobago eSIM 3GB 15Days	Trinidad and Tobago eSIM 3GB 15Days - high speed internet - mobile data 5G compatible	0630HUU23D9	TRINIDAD-AND-TOBAGO-ESIM		0	30/06/2026 21:57:23 MEST		y	1			11				B0H73CWFCW						B0H73CWFCW			0	DEFAULT	Migrated Template	Incomplete		
Túnez eSIM 5GB 30Days	Tunisia eSIM 5GB 30Days - high speed internet - mobile data 5G compatible	0701HY64PUN	TUNISIA-ESIM		0	01/07/2026 14:46:17 MEST		y	1			11				B0H75TLK1S						B0H75TLK1S			0	DEFAULT	Migrated Template	Incomplete		
Turquía eSIM 3GB 15Days	Turkey eSIM 3GB 15Days - high speed internet - mobile data 5G compatible	0701HY075QA	TURKEY-ESIM		0	01/07/2026 14:50:32 MEST		y	1			11				B0H75Y9PQN						B0H75Y9PQN			0	DEFAULT	Migrated Template	Incomplete		
Islas Turcas y Caicos eSIM 3GB 15Days	Turks and Caicos Islands eSIM 3GB 15Days - high speed internet - mobile data 5G compatible	0630HUS03DF	TURKS-AND-CAICOS-ISLANDS-ESIM		0	30/06/2026 22:07:28 MEST		y	1			11				B0H73CWR3G						B0H73CWR3G			0	DEFAULT	Migrated Template	Incomplete		
Uganda eSIM 3GB 15Days	Uganda eSIM 3GB 15Days - high speed internet - mobile data 5G compatible	0701HXZCOPJ	UGANDA-ESIM		0	01/07/2026 15:02:08 MEST		y	1			11				B0H75TNZCH						B0H75TNZCH			0	DEFAULT	Migrated Template	Incomplete		
Ucrania eSIM 3GB 15Days	Ukraine eSIM 3GB 15Days - high speed internet - mobile data 5G compatible	0701HY3BEWT	UKRAINE-ESIM		0	01/07/2026 15:06:03 MEST		y	1			11				B0H75ZRLJW						B0H75ZRLJW			0	DEFAULT	Migrated Template	Incomplete		
Emiratos Árabes Unidos eSIM 3GB 15Days	United Arab Emirates eSIM 3GB 15Days - high speed internet - mobile data 5G compatible	0701HY9RFC5	UNITED-ARAB-EMIRATES-ESIM		0	01/07/2026 15:13:59 MEST		y	1			11				B0H7635SCN						B0H7635SCN			0	DEFAULT	Migrated Template	Incomplete		
Reino Unido eSIM 3GB 15Days	United Kingdom eSIM 3GB 15Days - high speed internet - mobile data 5G compatible	0701HY7F7ZP	UNITED-KINGDOM-ESIM		0	01/07/2026 15:25:35 MEST		y	1			11				B0H762YX2D						B0H762YX2D			0	DEFAULT	Migrated Template	Incomplete		
eSIM de Estados Unidos de 3 GB, 15 días	United States eSIM 3GB 15Days - high speed internet - mobile data 5G compatible	0701HY0YC4U	UNITED-STATES-ESIM		0	01/07/2026 15:37:13 MEST		y	1			11				B0H761B8PM						B0H761B8PM			0	DEFAULT	Migrated Template	Incomplete		
Uruguay eSIM 3GB 15Days	Uruguay eSIM 3GB 15Days - high speed internet - mobile data 5G compatible	0701HY6I0OD	URUGUAY-ESIM		0	01/07/2026 15:45:08 MEST		y	1			11				B0H7662LMM						B0H7662LMM			0	DEFAULT	Migrated Template	Incomplete		
Uzbekistán eSIM 5GB 30Days	Uzbekistan eSIM 5GB 30Days - high speed internet - mobile data 5G compatible	0701HY4FQPP	UZBEKISTAN-ESIM		0	01/07/2026 15:49:24 MEST		y	1			11				B0H75WW4RV						B0H75WW4RV			0	DEFAULT	Migrated Template	Incomplete		
Ciudad del Vaticano eSIM 5GB 30Days	Vatican City eSIM 5GB 30Days - high speed internet - mobile data 5G compatible	0630HUUBLRC	VATICAN-CITY-ESIM		0	30/06/2026 22:17:23 MEST		y	1			11				B0H73PXLFC						B0H73PXLFC			0	DEFAULT	Migrated Template	Incomplete		
Vietnam eSIM 3GB 15Days	Vietnam eSIM 3GB 15Days - high speed internet - mobile data 5G compatible	0701HY1GUNK	VIETNAM-ESIM		0	01/07/2026 15:53:39 MEST		y	1			11				B0H75X83NG						B0H75X83NG			0	DEFAULT	Migrated Template	Incomplete		
Zambia eSIM 3GB 15Days	Zambia eSIM 3GB 15Days - high speed internet - mobile data 5G compatible	0701HY4OG65	ZAMBIA-ESIM		0	01/07/2026 16:05:14 MEST		y	1			11				B0H765DW33						B0H765DW33			0	DEFAULT	Migrated Template	Incomplete		
