item-name	listing-id	seller-sku	price	quantity	open-date	product-id-type	item-note	item-condition	will-ship-internationally	expedited-shipping	product-id	pending-quantity	fulfillment-channel	merchant-shipping-group	status	Minimum order quantity	Sell remainder
Aaland Islands eSIM 20 Go 30 Jours	0630HUT7XHC	AALAND-ISLANDS-20GB-30D	33.99		30/06/2026 22:42:34 MEST	4		11			8721438400041		AMAZON_EU	Migrated Template	Active		
Iles Aaland eSIM 3 Go 15 Jours	0630HUTTMI5	AALAND-ISLANDS-3GB-15D	9.99		30/06/2026 22:35:36 MEST	4		11			8721438400010		AMAZON_EU	Migrated Template	Active		
Aaland Islands eSIM 5 Go 30 Jours	0630HUTVF4K	AALAND-ISLANDS-5GB-30D	13.99		30/06/2026 22:39:18 MEST	4		11			8721438400034		AMAZON_EU	Migrated Template	Active		
Émirats Arabes Unis eSIM 20 Go 30 Jours	0325HRTYJAB	AE_20_30	42.07		25/03/2026 09:13:28 MET	1		11			B0FRB7TFJR		AMAZON_EU	Migrated Template	Active		
Émirats Arabes Unis eSIM 3 Go 15 Jours	0325HRZO1C4	AE_3_15	11.03		25/03/2026 09:44:24 MET	1		11			B0FRBBYBGH		AMAZON_EU	Migrated Template	Active		
Émirats Arabes Unis eSIM 5 Go 30 Jours	0325HRTELMO	AE_5_30	16.33		25/03/2026 08:42:20 MET	1		11			B0FRB89XHX		AMAZON_EU	Migrated Template	Active		
Africa eSIM 5 Go 30 Jours	0630HUV1SYH	AFRICA-5GB-30D	29.99		30/06/2026 22:45:52 MEST	4		11			8721438400072		AMAZON_EU	Migrated Template	Active		
Algérie eSIM 20 Go 30 Jours	0630HTUJPFX	ALGERIA-20GB-30D	26.99		30/06/2026 13:30:19 MEST	4		11			8721438408443		AMAZON_EU	Migrated Template	Active		
Algérie eSIM 3 Go 15 Jours	0630HTFCTCU	ALGERIA-3GB-15D	9.99		30/06/2026 13:22:28 MEST	4		11			8721438408429		AMAZON_EU	Migrated Template	Active		
Algérie eSIM 5 Go 30 Jours	0630HTC8QGN	ALGERIA-5GB-30D	11.99		30/06/2026 13:26:39 MEST	4		11			8721438408436		AMAZON_EU	Migrated Template	Active		
Andorre eSIM 20 Go 30 Jours	0630HTOZ2E8	ANDORRA-20GB-30D	44.99		30/06/2026 13:42:01 MEST	4		11			8721438408474		AMAZON_EU	Migrated Template	Active		
Andorre eSIM 3 Go 15 Jours	0630HTNDECE	ANDORRA-3GB-15D	15.99		30/06/2026 13:34:10 MEST	4		11			8721438408450		AMAZON_EU	Migrated Template	Active		
Andorre eSIM 5 Go 30 Jours	0630HTRITT6	ANDORRA-5GB-30D	16.99		30/06/2026 13:38:21 MEST	4		11			8721438408467		AMAZON_EU	Migrated Template	Active		
Angola eSIM 3 Go 15 Jours	0630HTLV7EP	ANGOLA-3GB-15D	35.99		30/06/2026 13:45:21 MEST	4		11			8721438408481		AMAZON_EU	Migrated Template	Active		
Angola eSIM 5 Go 30 Jours	0630HTOSPQ4	ANGOLA-5GB-30D	58.99		30/06/2026 13:49:11 MEST	4		11			8721438408498		AMAZON_EU	Migrated Template	Active		
Anguilla eSIM 20 Go 30 Jours	0630HTPDL8F	ANGUILLA-20GB-30D	87.99		30/06/2026 14:08:59 MEST	4		11			8721438408535		AMAZON_EU	Migrated Template	Active		
Anguilla eSIM 3 Go 15 Jours	0630HTCWHJD	ANGUILLA-3GB-15D	24.99		30/06/2026 14:01:55 MEST	4		11			8721438408511		AMAZON_EU	Migrated Template	Active		
Anguilla eSIM 5 Go 30 Jours	0630HTG3EJ7	ANGUILLA-5GB-30D	32.99		30/06/2026 14:05:27 MEST	4		11			8721438408528		AMAZON_EU	Migrated Template	Active		
Antigua-et-Barbuda eSIM 20 Go 30 Jours	0630HTDJ1FP	ANTIGUA-AND-BARBUDA-20GB-30D	99.99		30/06/2026 14:37:41 MEST	4		11			8721438408566		AMAZON_EU	Migrated Template	Active		
Antigua-et-Barbuda eSIM 3 Go 15 Jours	0630HTP7M4L	ANTIGUA-AND-BARBUDA-3GB-15D	26.99		30/06/2026 14:12:39 MEST	4		11			8721438408542		AMAZON_EU	Migrated Template	Active		
Antigua-et-Barbuda eSIM 5 Go 30 Jours	0630HTDI0JY	ANTIGUA-AND-BARBUDA-5GB-30D	35.99		30/06/2026 14:34:34 MEST	4		11			8721438408559		AMAZON_EU	Migrated Template	Active		
Argentine eSIM 20 Go 30 Jours	0630HUVGVMY	ARGENTINA-20GB-30D	37.99		30/06/2026 22:56:55 MEST	4		11			8721438400133		AMAZON_EU	Migrated Template	Active		
Argentine eSIM 3 Go 15 Jours	0630HUUWY0W	ARGENTINA-3GB-15D	12.99		30/06/2026 22:53:13 MEST	4		11			8721438400126		AMAZON_EU	Migrated Template	Active		
Armenia eSIM 20 Go 30 Jours	0630HUW5C9T	ARMENIA-20GB-30D	31.99		30/06/2026 23:03:43 MEST	4		11			8721438400188		AMAZON_EU	Migrated Template	Active		
Armenia eSIM 3 Go 15 Jours	0630HUUGJZH	ARMENIA-3GB-15D	9.99		30/06/2026 23:00:12 MEST	4		11			8721438400164		AMAZON_EU	Migrated Template	Active		
Australie eSIM 20 Go 30 Jours	0630HUZGAIB	AUSTRALIA-20GB-30D	15.99		30/06/2026 23:22:29 MEST	4		11			8721438400416		AMAZON_EU	Migrated Template	Active		
Australie eSIM 3 Go 15 Jours	0630HUZ468F	AUSTRALIA-3GB-15D	8.99		30/06/2026 23:14:43 MEST	4		11			8721438400386		AMAZON_EU	Migrated Template	Active		
Australie eSIM 5 Go 30 Jours	0630HUVSG8S	AUSTRALIA-5GB-30D	9.99		30/06/2026 23:18:48 MEST	4		11			8721438400393		AMAZON_EU	Migrated Template	Active		
Autriche eSIM 20 Go 30 Jours	0630HV1QRUR	AUSTRIA-20GB-30D	15.99		30/06/2026 23:32:17 MEST	4		11			8721438400539		AMAZON_EU	Migrated Template	Active		
Autriche eSIM 3 Go 15 Jours	0630HUWEQFX	AUSTRIA-3GB-15D	8.99		30/06/2026 23:26:10 MEST	4		11			8721438400492		AMAZON_EU	Migrated Template	Active		
Autriche eSIM 5 Go 30 Jours	0630HUZYW2H	AUSTRIA-5GB-30D	9.99		30/06/2026 23:29:31 MEST	4		11			8721438400515		AMAZON_EU	Migrated Template	Active		
Australie eSIM 20 Go 30 Jours	0325HSDH07T	AU_20_30	15.66		25/03/2026 10:07:32 MET	1		11			B0FR9G1ZQJ		AMAZON_EU	Migrated Template	Active		
Australie eSIM 3 Go 15 Jours	0325HS7F95S	AU_3_15	7.03		25/03/2026 10:06:48 MET	1		11			B0FR9SKY4D		AMAZON_EU	Migrated Template	Active		
Australie eSIM 5 Go 30 Jours	0325HRY2K42	AU_5_30	8.75		25/03/2026 09:46:05 MET	1		11			B0FR9JRB62		AMAZON_EU	Migrated Template	Active		
Azerbaïdjan eSIM 3 Go 15 Jours	0630HV000DQ	AZERBAIJAN-3GB-15D	12.99		30/06/2026 23:35:56 MEST	4		11			8721438400560		AMAZON_EU	Migrated Template	Active		
Bahamas eSIM 20 Go 30 Jours	0630HTRRUPE	BAHAMAS-20GB-30D	121.99		30/06/2026 14:47:47 MEST	4		11			8721438408597		AMAZON_EU	Migrated Template	Active		
Bahamas eSIM 3 Go 15 Jours	0630HTP9W1A	BAHAMAS-3GB-15D	32.99		30/06/2026 14:40:58 MEST	4		11			8721438408573		AMAZON_EU	Migrated Template	Active		
Bahamas eSIM 5 Go 30 Jours	0630HTUMDZQ	BAHAMAS-5GB-30D	43.99		30/06/2026 14:44:40 MEST	4		11			8721438408580		AMAZON_EU	Migrated Template	Active		
Bahreïn eSIM 3 Go 15 Jours	0630HV2ZE86	BAHRAIN-3GB-15D	10.99		30/06/2026 23:39:48 MEST	4		11			8721438400591		AMAZON_EU	Migrated Template	Active		
Bangladesh eSIM 20 Go 30 Jours	0630HV56FLX	BANGLADESH-20GB-30D	23.99		30/06/2026 23:50:50 MEST	4		11			8721438400683		AMAZON_EU	Migrated Template	Active		
Bangladesh eSIM 3 Go 15 Jours	0630HV2X793	BANGLADESH-3GB-15D	9.99		30/06/2026 23:43:40 MEST	4		11			8721438400669		AMAZON_EU	Migrated Template	Active		
Bangladesh eSIM 5 Go 30 Jours	0630HV8XU9S	BANGLADESH-5GB-30D	10.99		30/06/2026 23:47:22 MEST	4		11			8721438400676		AMAZON_EU	Migrated Template	Active		
Barbade eSIM 20 Go 30 Jours	0630HTRJ3R9	BARBADOS-20GB-30D	85.99		30/06/2026 14:58:24 MEST	4		11			8721438408627		AMAZON_EU	Migrated Template	Active		
Barbade eSIM 3 Go 15 Jours	0630HTTTBIT	BARBADOS-3GB-15D	23.99		30/06/2026 14:51:25 MEST	4		11			8721438408603		AMAZON_EU	Migrated Template	Active		
Barbade eSIM 5 Go 30 Jours	0630HTGPBWL	BARBADOS-5GB-30D	31.99		30/06/2026 14:55:18 MEST	4		11			8721438408610		AMAZON_EU	Migrated Template	Active		
Biélorussie eSIM 3 Go 15 Jours	0630HV5JJ1Y	BELARUS-3GB-15D	9.99		30/06/2026 23:53:26 MEST	4		11			8721438400706		AMAZON_EU	Migrated Template	Active		
Biélorussie eSIM 5 Go 30 Jours	0630HV345H6	BELARUS-5GB-30D	11.99		30/06/2026 23:56:36 MEST	4		11			8721438400713		AMAZON_EU	Migrated Template	Active		
Belgique eSIM 20 Go 30 Jours	0630HV6DO2Y	BELGIUM-20GB-30D	15.99		01/07/2026 00:07:29 MEST	4		11			8721438400775		AMAZON_EU	Migrated Template	Active		
Belgique eSIM 3 Go 15 Jours	0630HUWOU18	BELGIUM-3GB-15D	8.99		30/06/2026 23:59:43 MEST	4		11			8721438400737		AMAZON_EU	Migrated Template	Active		
Belgique eSIM 5 Go 30 Jours	0630HUWTVGW	BELGIUM-5GB-30D	9.99		01/07/2026 00:03:48 MEST	4		11			8721438400751		AMAZON_EU	Migrated Template	Active		
Belize eSIM 20 Go 30 Jours	0630HTQ4XAS	BELIZE-20GB-30D	145.99		30/06/2026 15:08:31 MEST	4		11			8721438408658		AMAZON_EU	Migrated Template	Active		
Belize eSIM 3 Go 15 Jours	0630HTW2FBT	BELIZE-3GB-15D	32.99		30/06/2026 15:01:42 MEST	4		11			8721438408634		AMAZON_EU	Migrated Template	Active		
Belize eSIM 5 Go 30 Jours	0630HTWWIS2	BELIZE-5GB-30D	53.99		30/06/2026 15:05:15 MEST	4		11			8721438408641		AMAZON_EU	Migrated Template	Active		
Bénin eSIM 20 Go 30 Jours	0630HTWTLAQ	BENIN-20GB-30D	77.99		30/06/2026 15:18:28 MEST	4		11			8721438408689		AMAZON_EU	Migrated Template	Active		
Bénin eSIM 3 Go 15 Jours	0630HTJVT1T	BENIN-3GB-15D	18.99		30/06/2026 15:11:59 MEST	4		11			8721438408665		AMAZON_EU	Migrated Template	Active		
Bénin eSIM 5 Go 30 Jours	0630HTV4VZL	BENIN-5GB-30D	31.99		30/06/2026 15:15:42 MEST	4		11			8721438408672		AMAZON_EU	Migrated Template	Active		
Bermuda eSIM 20 Go 30 Jours	0630HTQUC8L	BERMUDA-20GB-30D	101.99		30/06/2026 15:28:49 MEST	4		11			8721438408719		AMAZON_EU	Migrated Template	Active		
Bermuda eSIM 3 Go 15 Jours	0630HTXBL0J	BERMUDA-3GB-15D	25.99		30/06/2026 15:21:40 MEST	4		11			8721438408696		AMAZON_EU	Migrated Template	Active		
Bermuda eSIM 5 Go 30 Jours	0630HTYWRUW	BERMUDA-5GB-30D	33.99		30/06/2026 15:25:32 MEST	4		11			8721438408702		AMAZON_EU	Migrated Template	Active		
Belgique eSIM 20 Go 30 Jours	0325HSB1GIZ	BE_20_30	19.74		25/03/2026 10:05:47 MET	1		11			B0FR9BVRCH		AMAZON_EU	Migrated Template	Active		
Belgique eSIM 3 Go 15 Jours	0325HRYLREX	BE_3_15	7.61		25/03/2026 09:03:14 MET	1		11			B0FR9G432K		AMAZON_EU	Migrated Template	Active		
Belgique eSIM 5 Go 30 Jours	0325HSDJ3OW	BE_5_30	8.76		25/03/2026 10:18:00 MET	1		11			B0FR9SXCW6		AMAZON_EU	Migrated Template	Active		
Bhoutan eSIM 20 Go 30 Jours	0630HTWH0KL	BHUTAN-20GB-30D	58.99		30/06/2026 15:39:58 MEST	4		11			8721438408740		AMAZON_EU	Migrated Template	Active		
Bhoutan eSIM 3 Go 15 Jours	0630HTT3ADO	BHUTAN-3GB-15D	17.99		30/06/2026 15:32:36 MEST	4		11			8721438408726		AMAZON_EU	Migrated Template	Active		
Bhoutan eSIM 5 Go 30 Jours	0630HTXSGPW	BHUTAN-5GB-30D	19.99		30/06/2026 15:36:39 MEST	4		11			8721438408733		AMAZON_EU	Migrated Template	Active		
Bolivie eSIM 20 Go 30 Jours	0630HV6EA2M	BOLIVIA-20GB-30D	89.99		01/07/2026 00:14:39 MEST	4		11			8721438400829		AMAZON_EU	Migrated Template	Active		
Bolivie eSIM 3 Go 15 Jours	0630HUWSARO	BOLIVIA-3GB-15D	24.99		01/07/2026 00:11:09 MEST	4		11			8721438400812		AMAZON_EU	Migrated Template	Active		
Bosnie-Herzégovine eSIM 3 Go 15 Jours	0630HV84JAC	BOSNIA-AND-HERZEGOVINA-3GB-15D	11.99		01/07/2026 00:17:36 MEST	4		11			8721438400843		AMAZON_EU	Migrated Template	Active		
Botswana eSIM 3 Go 15 Jours	0630HV8W6KG	BOTSWANA-3GB-15D	23.99		01/07/2026 00:21:07 MEST	4		11			8721438400867		AMAZON_EU	Migrated Template	Active		
Brésil eSIM 20 Go 30 Jours	0630HV65Z63	BRAZIL-20GB-30D	33.99		01/07/2026 00:27:58 MEST	4		11			8721438400935		AMAZON_EU	Migrated Template	Active		
Brésil eSIM 3 Go 15 Jours	0630HV5WKJD	BRAZIL-3GB-15D	10.99		01/07/2026 00:24:37 MEST	4		11			8721438400898		AMAZON_EU	Migrated Template	Active		
Brunei Darussalam eSIM 20 Go 30 Jours	0630HV0E3YJ	BRUNEI-DARUSSALAM-20GB-30D	66.99		01/07/2026 00:33:55 MEST	4		11			8721438400997		AMAZON_EU	Migrated Template	Active		
Brunei Darussalam eSIM 3 Go 15 Jours	0630HV4T34U	BRUNEI-DARUSSALAM-3GB-15D	13.99		01/07/2026 00:30:55 MEST	4		11			8721438400980		AMAZON_EU	Migrated Template	Active		
Bulgarie eSIM 3 Go 15 Jours	0630HTKZUS8	BULGARIA-3GB-15D	8.99		30/06/2026 13:10:14 MEST	4		11			8721438401031		AMAZON_EU	Migrated Template	Active		
Burkina Faso eSIM 3 Go 15 Jours	0630HUWZQXT	BURKINA-FASO-3GB-15D	12.99		01/07/2026 00:36:41 MEST	4		11			8721438401086		AMAZON_EU	Migrated Template	Active		
Burkina Faso eSIM 5 Go 30 Jours	0630HV0G7HG	BURKINA-FASO-5GB-30D	29.99		01/07/2026 00:40:11 MEST	4		11			8721438401093		AMAZON_EU	Migrated Template	Active		
Cambodge eSIM 20 Go 30 Jours	0630HV6NG2H	CAMBODIA-20GB-30D	26.99		01/07/2026 01:23:10 MEST	4		11			8721438401710		AMAZON_EU	Migrated Template	Active		
Cambodge eSIM 3 Go 15 Jours	0630HV85OR1	CAMBODIA-3GB-15D	9.99		01/07/2026 01:19:39 MEST	4		11			8721438401697		AMAZON_EU	Migrated Template	Active		
Cameroun eSIM 3 Go 15 Jours	0630HV9M6I8	CAMEROON-3GB-15D	21.99		01/07/2026 00:43:17 MEST	4		11			8721438401116		AMAZON_EU	Migrated Template	Active		
Canada eSIM 20 Go 30 Jours Premium	0630HUUI8XO	CANADA-PREMIUM-20GB-30D	29.99		30/06/2026 22:32:30 MEST	4		11			8721438410606		AMAZON_EU	Migrated Template	Active		
Canada eSIM 3 Go 15 Jours Premium	0630HUUF482	CANADA-PREMIUM-3GB-15D	10.99		30/06/2026 22:26:13 MEST	4		11			8721438410583		AMAZON_EU	Migrated Template	Active		
Canada eSIM 5 Go 30 Jours Premium	0630HUSBQ10	CANADA-PREMIUM-5GB-30D	15.99		30/06/2026 22:29:33 MEST	4		11			8721438410590		AMAZON_EU	Migrated Template	Active		
Cap-Vert eSIM 20 Go 30 Jours	0630HTZVJJF	CAPE-VERDE-20GB-30D	163.99		30/06/2026 15:50:45 MEST	4		11			8721438408771		AMAZON_EU	Migrated Template	Active		
Cap-Vert eSIM 3 Go 15 Jours	0630HTSUU7R	CAPE-VERDE-3GB-15D	32.99		30/06/2026 15:43:25 MEST	4		11			8721438408757		AMAZON_EU	Migrated Template	Active		
Cap-Vert eSIM 5 Go 30 Jours	0630HTYEMPB	CAPE-VERDE-5GB-30D	54.99		30/06/2026 15:47:18 MEST	4		11			8721438408764		AMAZON_EU	Migrated Template	Active		
Iles Caïmans eSIM 20 Go 30 Jours	0630HTWYZQ2	CAYMAN-ISLANDS-20GB-30D	95.99		30/06/2026 16:01:02 MEST	4		11			8721438408801		AMAZON_EU	Migrated Template	Active		
Iles Caïmans eSIM 3 Go 15 Jours	0630HTYC4YI	CAYMAN-ISLANDS-3GB-15D	26.99		30/06/2026 15:54:23 MEST	4		11			8721438408788		AMAZON_EU	Migrated Template	Active		
Iles Caïmans eSIM 5 Go 30 Jours	0630HTYUUCW	CAYMAN-ISLANDS-5GB-30D	35.99		30/06/2026 15:57:45 MEST	4		11			8721438408795		AMAZON_EU	Migrated Template	Active		
République Centrafricaine eSIM 3 Go 15 Jours	0630HV925WJ	CENTRAL-AFRICAN-REPUBLIC-3GB-15D	21.99		01/07/2026 00:46:58 MEST	4		11			8721438401352		AMAZON_EU	Migrated Template	Active		
République Centrafricaine eSIM 5 Go 30 Jours	0630HUX672N	CENTRAL-AFRICAN-REPUBLIC-5GB-30D	33.99		01/07/2026 00:50:49 MEST	4		11			8721438401369		AMAZON_EU	Migrated Template	Active		
Tchad eSIM 3 Go 15 Jours	0630HV5U920	CHAD-3GB-15D	17.99		01/07/2026 00:53:34 MEST	4		11			8721438401420		AMAZON_EU	Migrated Template	Active		
Tchad eSIM 5 Go 30 Jours	0630HV34PUF	CHAD-5GB-30D	28.99		01/07/2026 00:57:05 MEST	4		11			8721438401437		AMAZON_EU	Migrated Template	Active		
China eSIM 3 Go 15 Jours	0630HUXCOFU	CHINA-3GB-15D	8.99		01/07/2026 01:04:15 MEST	4		11			8721438401574		AMAZON_EU	Migrated Template	Active		
China eSIM 5 Go 30 Jours	0630HV8C06X	CHINA-5GB-30D	9.99		01/07/2026 01:08:20 MEST	4		11			8721438401581		AMAZON_EU	Migrated Template	Active		
Suisse eSIM 3 Go 15 Jours	0325HRR4R4W	CH_3_15	6.47		25/03/2026 09:03:27 MET	1		11			B0FRB5LFVC		AMAZON_EU	Migrated Template	Active		
Suisse eSIM 5 Go 30 Jours	0325HS56XKH	CH_5_30	8.74		25/03/2026 10:05:15 MET	1		11			B0FRB7G4VW		AMAZON_EU	Migrated Template	Active		
China eSIM 3 Go 15 Jours	0325HS1SBJG	CN_3_15	7.61		25/03/2026 09:03:10 MET	1		11			B0FR9QZ578		AMAZON_EU	Migrated Template	Active		
China eSIM 5 Go 30 Jours	0325HS09NNA	CN_5_30	9.91		25/03/2026 09:04:13 MET	1		11			B0FR9HX7XH		AMAZON_EU	Migrated Template	Active		
Colombie eSIM 3 Go 15 Jours	0630HV96SIP	COLOMBIA-3GB-15D	14.99		01/07/2026 01:15:38 MEST	4		11			8721438401673		AMAZON_EU	Migrated Template	Active		
Costa Rica eSIM 3 Go 15 Jours	0630HUXGVOW	COSTA-RICA-3GB-15D	15.99		01/07/2026 01:26:38 MEST	4		11			8721438401765		AMAZON_EU	Migrated Template	Active		
Cote D'Ivoire eSIM 3 Go 15 Jours	0630HV3R9FR	COTE-D-IVOIRE-3GB-15D	24.99		01/07/2026 01:29:58 MEST	4		11			8721438401789		AMAZON_EU	Migrated Template	Active		
Cote D'Ivoire eSIM 5 Go 30 Jours	0630HUXKKM3	COTE-D-IVOIRE-5GB-30D	31.99		01/07/2026 01:33:49 MEST	4		11			8721438401796		AMAZON_EU	Migrated Template	Active		
Croatie eSIM 20 Go 30 Jours	0630HV0V57E	CROATIA-20GB-30D	17.99		01/07/2026 01:43:44 MEST	4		11			8721438401857		AMAZON_EU	Migrated Template	Active		
Croatie eSIM 3 Go 15 Jours	0630HV6HAGR	CROATIA-3GB-15D	8.99		01/07/2026 01:37:37 MEST	4		11			8721438401819		AMAZON_EU	Migrated Template	Active		
Croatie eSIM 5 Go 30 Jours	0630HV9ZFAB	CROATIA-5GB-30D	9.99		01/07/2026 01:41:20 MEST	4		11			8721438401833		AMAZON_EU	Migrated Template	Active		
Curaçao eSIM 20 Go 30 Jours	0630HU0RK0U	CURACAO-20GB-30D	79.99		30/06/2026 16:11:09 MEST	4		11			8721438408832		AMAZON_EU	Migrated Template	Active		
Curaçao eSIM 3 Go 15 Jours	0630HU0YD3W	CURACAO-3GB-15D	22.99		30/06/2026 16:04:19 MEST	4		11			8721438408818		AMAZON_EU	Migrated Template	Active		
Curaçao eSIM 5 Go 30 Jours	0630HU08P0Y	CURACAO-5GB-30D	29.99		30/06/2026 16:08:13 MEST	4		11			8721438408825		AMAZON_EU	Migrated Template	Active		
Chypre eSIM 3 Go 15 Jours	0630HUXOVX6	CYPRUS-3GB-15D	8.99		01/07/2026 01:46:50 MEST	4		11			8721438401888		AMAZON_EU	Migrated Template	Active		
Chypre eSIM 5 Go 30 Jours	0630HVA1C2O	CYPRUS-5GB-30D	9.99		01/07/2026 01:50:10 MEST	4		11			8721438401901		AMAZON_EU	Migrated Template	Active		
République tchèque eSIM 20 Go 30 Jours	0701HUXT87D	CZECH-REPUBLIC-20GB-30D	17.99		01/07/2026 02:00:16 MEST	4		11			8721438401987		AMAZON_EU	Migrated Template	Active		
République tchèque eSIM 3 Go 15 Jours	0630HVC5JGI	CZECH-REPUBLIC-3GB-15D	8.99		01/07/2026 01:53:27 MEST	4		11			8721438401949		AMAZON_EU	Migrated Template	Active		
République tchèque eSIM 5 Go 30 Jours	0630HV9ZLZ7	CZECH-REPUBLIC-5GB-30D	9.99		01/07/2026 01:57:09 MEST	4		11			8721438401963		AMAZON_EU	Migrated Template	Active		
République démocratique du Congo eSIM 3 Go 15 Jours	0630HU22GBP	DEMOCRATIC-REPUBLIC-OF-THE-CONGO-3GB-15D	14.99		30/06/2026 16:14:47 MEST	4		11			8721438408849		AMAZON_EU	Migrated Template	Active		
République démocratique du Congo eSIM 5 Go 30 Jours	0630HU1Z0M6	DEMOCRATIC-REPUBLIC-OF-THE-CONGO-5GB-30D	22.99		30/06/2026 16:18:30 MEST	4		11			8721438408856		AMAZON_EU	Migrated Template	Active		
Danemark eSIM 20 Go 30 Jours	0701HV74CPG	DENMARK-20GB-30D	15.99		01/07/2026 02:10:00 MEST	4		11			8721438402052		AMAZON_EU	Migrated Template	Active		
Danemark eSIM 3 Go 15 Jours	0701HVEKL80	DENMARK-3GB-15D	8.99		01/07/2026 02:03:02 MEST	4		11			8721438402014		AMAZON_EU	Migrated Template	Active		
Danemark eSIM 5 Go 30 Jours	0701HV9X1QG	DENMARK-5GB-30D	9.99		01/07/2026 02:06:54 MEST	4		11			8721438402038		AMAZON_EU	Migrated Template	Active		
Allemagne eSIM 20 Go 30 Jours	0325HS93F7J	DE_20_30	32.47		25/03/2026 10:48:27 MET	1		11			B0GSZP9H94		AMAZON_EU	Migrated Template	Active		
Allemagne eSIM 3 Go 15 Jours	0325HS4G4N8	DE_3_15	10.02		25/03/2026 09:37:12 MET	1		11			B0GSZBMLKV		AMAZON_EU	Migrated Template	Active		
Allemagne eSIM 5 Go 30 Jours	0325HSI8JOW	DE_5_30	11.75		25/03/2026 11:32:28 MET	1		11			B0GSZDYWLZ		AMAZON_EU	Migrated Template	Active		
Dominique eSIM 20 Go 30 Jours	0630HU6M3K4	DOMINICA-20GB-30D	87.99		30/06/2026 16:31:58 MEST	4		11			8721438408894		AMAZON_EU	Migrated Template	Active		
Dominique eSIM 3 Go 15 Jours	0630HU6D8DV	DOMINICA-3GB-15D	24.99		30/06/2026 16:25:30 MEST	4		11			8721438408870		AMAZON_EU	Migrated Template	Active		
Dominique eSIM 5 Go 30 Jours	0630HU2CWJT	DOMINICA-5GB-30D	32.99		30/06/2026 16:29:01 MEST	4		11			8721438408887		AMAZON_EU	Migrated Template	Active		
République Dominicaine eSIM 20 Go 30 Jours	0701HV9BY4K	DOMINICAN-REPUBLIC-20GB-30D	39.99		01/07/2026 02:19:12 MEST	4		11			8721438402106		AMAZON_EU	Migrated Template	Active		
République Dominicaine eSIM 3 Go 15 Jours	0701HV6WR4I	DOMINICAN-REPUBLIC-3GB-15D	12.99		01/07/2026 02:13:06 MEST	4		11			8721438402083		AMAZON_EU	Migrated Template	Active		
République Dominicaine eSIM 5 Go 30 Jours	0701HV12JOF	DOMINICAN-REPUBLIC-5GB-30D	15.99		01/07/2026 02:16:27 MEST	4		11			8721438402090		AMAZON_EU	Migrated Template	Active		
République démocratique du Congo eSIM 20 Go 30 Jours	0630HU24V9U	DRC-20GB-30D	59.99		30/06/2026 16:21:47 MEST	4		11			8721438408863		AMAZON_EU	Migrated Template	Active		
Ecuador eSIM 3 Go 15 Jours	0701HV5YX9Y	ECUADOR-3GB-15D	14.99		01/07/2026 02:22:08 MEST	4		11			8721438402120		AMAZON_EU	Migrated Template	Active		
Égypte eSIM 20 Go 30 Jours	0701HUY2NYF	EGYPT-20GB-30D	29.99		01/07/2026 02:32:09 MEST	4		11			8721438402182		AMAZON_EU	Migrated Template	Active		
Egypte eSIM 3 Go 15 Jours	0701HVC36OQ	EGYPT-3GB-15D	10.99		01/07/2026 02:25:50 MEST	4		11			8721438402144		AMAZON_EU	Migrated Template	Active		
Egypte eSIM 5 Go 30 Jours	0701HVF6L2P	EGYPT-5GB-30D	15.99		01/07/2026 02:29:44 MEST	4		11			8721438402168		AMAZON_EU	Migrated Template	Active		
Égypte eSIM 20 Go 30 Jours	0325HRZHFF1	EG_20_30	35.2		25/03/2026 09:32:51 MET	1		11			B0FR9GQBGL		AMAZON_EU	Migrated Template	Active		
Egypte eSIM 3 Go 15 Jours	0325HSKHCPR	EG_3_15	11.03		25/03/2026 10:39:13 MET	1		11			B0FR9C784N		AMAZON_EU	Migrated Template	Active		
El Salvador eSIM 3 Go 15 Jours	0701HVACDXW	EL-SALVADOR-3GB-15D	17.99		01/07/2026 02:35:48 MEST	4		11			8721438402236		AMAZON_EU	Migrated Template	Active		
Estonie eSIM 20 Go 30 Jours	0701HVBW260	ESTONIA-20GB-30D	15.99		01/07/2026 02:45:37 MEST	4		11			8721438402298		AMAZON_EU	Migrated Template	Active		
Estonie eSIM 3 Go 15 Jours	0701HVC8WYD	ESTONIA-3GB-15D	8.99		01/07/2026 02:39:30 MEST	4		11			8721438402250		AMAZON_EU	Migrated Template	Active		
Estonie eSIM 5 Go 30 Jours	0701HV8A07V	ESTONIA-5GB-30D	9.99		01/07/2026 02:42:52 MEST	4		11			8721438402274		AMAZON_EU	Migrated Template	Active		
Espagne eSIM 3 Go 15 Jours	0325HS7UJ72	ES_3_15	7.61		25/03/2026 10:04:58 MET	1		11			B0FRCDHTZ7		AMAZON_EU	Migrated Template	Active		
Espagne eSIM 5 Go 30 Jours	0325HRZ2Q9O	ES_5_30	9.9		25/03/2026 09:31:29 MET	1		11			B0FRBQCLZN		AMAZON_EU	Migrated Template	Active		
Europe (Plus de 40 Zones) eSIM 5 Go 30 Jours	0701HV1AYGV	EUROPE-40-AREAS-5GB-30D	9.99		01/07/2026 02:48:02 MEST	4		11			8721438402472		AMAZON_EU	Migrated Template	Active		
Iles Féroé eSIM 20 Go 30 Jours	0630HU69WDY	FAROE-ISLANDS-20GB-30D	29.99		30/06/2026 16:42:05 MEST	4		11			8721438408924		AMAZON_EU	Migrated Template	Active		
Iles Féroé eSIM 3 Go 15 Jours	0630HU1YJUV	FAROE-ISLANDS-3GB-15D	9.99		30/06/2026 16:35:26 MEST	4		11			8721438408900		AMAZON_EU	Migrated Template	Active		
Iles Féroé eSIM 5 Go 30 Jours	0630HU2TQ6W	FAROE-ISLANDS-5GB-30D	11.99		30/06/2026 16:38:48 MEST	4		11			8721438408917		AMAZON_EU	Migrated Template	Active		
Fiji eSIM 20 Go 30 Jours	0630HU3FXWZ	FIJI-20GB-30D	40.99		30/06/2026 16:51:10 MEST	4		11			8721438408955		AMAZON_EU	Migrated Template	Active		
Fiji eSIM 3 Go 15 Jours	0630HU704XJ	FIJI-3GB-15D	12.99		30/06/2026 16:45:03 MEST	4		11			8721438408931		AMAZON_EU	Migrated Template	Active		
Fiji eSIM 5 Go 30 Jours	0630HU686SB	FIJI-5GB-30D	14.99		30/06/2026 16:48:24 MEST	4		11			8721438408948		AMAZON_EU	Migrated Template	Active		
Finlande eSIM 3 Go 15 Jours	0701HV1E568	FINLAND-3GB-15D	8.99		01/07/2026 02:54:41 MEST	4		11			8721438402533		AMAZON_EU	Migrated Template	Active		
Finlande eSIM 5 Go 30 Jours	0701HV7H3AS	FINLAND-5GB-30D	9.99		01/07/2026 02:58:22 MEST	4		11			8721438402557		AMAZON_EU	Migrated Template	Active		
France eSIM 20 Go 30 Jours	0701HVENWWE	FRANCE-20GB-30D	15.99		01/07/2026 03:09:24 MEST	4		11			8721438402632		AMAZON_EU	Migrated Template	Active		
France eSIM 3 Go 15 Jours	0701HV70737	FRANCE-3GB-15D	8.99		01/07/2026 03:01:40 MEST	4		11			8721438402595		AMAZON_EU	Migrated Template	Active		
France eSIM 5 Go 30 Jours	0701HVF20E0	FRANCE-5GB-30D	9.99		01/07/2026 03:05:44 MEST	4		11			8721438402618		AMAZON_EU	Migrated Template	Active		
Guyane française eSIM 20 Go 30 Jours	0630HU6NG74	FRENCH-GUIANA-20GB-30D	17.99		30/06/2026 17:00:36 MEST	4		11			8721438408986		AMAZON_EU	Migrated Template	Active		
Guyane française eSIM 3 Go 15 Jours	0630HU7C7KY	FRENCH-GUIANA-3GB-15D	8.99		30/06/2026 16:54:06 MEST	4		11			8721438408962		AMAZON_EU	Migrated Template	Active		
Guyane française eSIM 5 Go 30 Jours	0630HU2PRA2	FRENCH-GUIANA-5GB-30D	9.99		30/06/2026 16:57:29 MEST	4		11			8721438408979		AMAZON_EU	Migrated Template	Active		
Polynésie française eSIM 20 Go 30 Jours	0630HU70DPT	FRENCH-POLYNESIA-20GB-30D	242.99		30/06/2026 17:10:01 MEST	4		11			8721438409013		AMAZON_EU	Migrated Template	Active		
Polynésie française eSIM 3 Go 15 Jours	0630HU9HVI2	FRENCH-POLYNESIA-3GB-15D	47.99		30/06/2026 17:03:44 MEST	4		11			8721438408993		AMAZON_EU	Migrated Template	Active		
Polynésie française eSIM 5 Go 30 Jours	0630HU3OSFR	FRENCH-POLYNESIA-5GB-30D	66.99		30/06/2026 17:07:05 MEST	4		11			8721438409006		AMAZON_EU	Migrated Template	Active		
France eSIM 20 Go 30 Jours	0328H5TOL51	FR_20_30	23.16		28/03/2026 15:47:07 MET	1		11			B0FR9GPMC5		AMAZON_EU	Migrated Template	Active		
France eSIM 3 Go 15 Jours	0328H5NHU2H	FR_3_15	8.76		28/03/2026 15:24:20 MET	1		11			B0FR9C5ZB6		AMAZON_EU	Migrated Template	Active		
France eSIM 5 Go 30 Jours	0417HI4EZ7G	FR_5_30	11.04		17/04/2026 18:10:23 MEST	1		11			B0FR9LMDW5		AMAZON_EU	Migrated Template	Active		
Gabon eSIM 3 Go 15 Jours	0701HVD0KV4	GABON-3GB-15D	17.99		01/07/2026 03:13:04 MEST	4		11			8721438402700		AMAZON_EU	Migrated Template	Active		
Gambie eSIM 3 Go 15 Jours	0701HYDSF2E	GAMBIA-3GB-15D	35.99		01/07/2026 16:11:51 MEST	4		11			8721438408368		AMAZON_EU	Migrated Template	Active		
Gambie eSIM 5 Go 30 Jours	0701HYAPNI1	GAMBIA-5GB-30D	57.99		01/07/2026 16:15:56 MEST	4		11			8721438408375		AMAZON_EU	Migrated Template	Active		
Royaume-Uni eSIM 20 Go 30 Jours	0325HSE5UCX	GB_20_30	16.92		25/03/2026 10:17:12 MET	1		11			B0FRDGCBTN		AMAZON_EU	Migrated Template	Active		
Royaume-Uni eSIM 3 Go 15 Jours	0325HS3J1XE	GB_3_15	5.3		25/03/2026 09:42:41 MET	1		11			B0FRCPD8TS		AMAZON_EU	Migrated Template	Active		
Royaume-Uni eSIM 5 Go 30 Jours	0325HRR6XSY	GB_5_30	6.46		25/03/2026 09:06:40 MET	1		11			B0FRDDRGJF		AMAZON_EU	Migrated Template	Active		
Georgia eSIM 20 Go 30 Jours	0701HV4LAPU	GEORGIA-20GB-30D	25.99		01/07/2026 03:20:06 MEST	4		11			8721438402748		AMAZON_EU	Migrated Template	Active		
Georgia eSIM 3 Go 15 Jours	0701HV4JGGV	GEORGIA-3GB-15D	9.99		01/07/2026 03:16:35 MEST	4		11			8721438402724		AMAZON_EU	Migrated Template	Active		
Allemagne eSIM 20 Go 30 Jours	0701HVDKQ38	GERMANY-20GB-30D	15.99		01/07/2026 03:31:17 MEST	4		11			8721438402809		AMAZON_EU	Migrated Template	Active		
Allemagne eSIM 3 Go 15 Jours	0701HV4L66P	GERMANY-3GB-15D	8.99		01/07/2026 03:23:32 MEST	4		11			8721438402762		AMAZON_EU	Migrated Template	Active		
Allemagne eSIM 5 Go 30 Jours	0701HVDMVQJ	GERMANY-5GB-30D	9.99		01/07/2026 03:27:37 MEST	4		11			8721438402786		AMAZON_EU	Migrated Template	Active		
Ghana eSIM 20 Go 30 Jours	0630HU7MW6Y	GHANA-20GB-30D	40.99		30/06/2026 17:19:56 MEST	4		11			8721438409044		AMAZON_EU	Migrated Template	Active		
Ghana eSIM 3 Go 15 Jours	0630HUFVJD1	GHANA-3GB-15D	12.99		30/06/2026 17:13:39 MEST	4		11			8721438409020		AMAZON_EU	Migrated Template	Active		
Ghana eSIM 5 Go 30 Jours	0630HU7EDAA	GHANA-5GB-30D	14.99		30/06/2026 17:17:09 MEST	4		11			8721438409037		AMAZON_EU	Migrated Template	Active		
Gibraltar eSIM 3 Go 15 Jours	0701HV4OXX0	GIBRALTAR-3GB-15D	8.99		01/07/2026 03:34:56 MEST	4		11			8721438402878		AMAZON_EU	Migrated Template	Active		
Grèce eSIM 20 Go 30 Jours	0701HVDHALE	GREECE-20GB-30D	17.99		01/07/2026 03:50:15 MEST	4		11			8721438403080		AMAZON_EU	Migrated Template	Active		
Grèce eSIM 3 Go 15 Jours	0701HVGOTYV	GREECE-3GB-15D	8.99		01/07/2026 03:42:29 MEST	4		11			8721438403042		AMAZON_EU	Migrated Template	Active		
Grèce eSIM 5 Go 30 Jours	0701HVDTCW7	GREECE-5GB-30D	9.99		01/07/2026 03:46:36 MEST	4		11			8721438403066		AMAZON_EU	Migrated Template	Active		
Greenland eSIM 20 Go 30 Jours	0630HU7QVKF	GREENLAND-20GB-30D	113.99		30/06/2026 17:29:51 MEST	4		11			8721438409075		AMAZON_EU	Migrated Template	Active		
Groenland eSIM 3 Go 15 Jours	0630HUAO7M5	GREENLAND-3GB-15D	28.99		30/06/2026 17:23:23 MEST	4		11			8721438409051		AMAZON_EU	Migrated Template	Active		
Greenland eSIM 5 Go 30 Jours	0630HU9OIPY	GREENLAND-5GB-30D	37.99		30/06/2026 17:26:45 MEST	4		11			8721438409068		AMAZON_EU	Migrated Template	Active		
Grenade eSIM 20 Go 30 Jours	0630HUDPAEP	GRENADA-20GB-30D	103.99		30/06/2026 17:40:07 MEST	4		11			8721438409105		AMAZON_EU	Migrated Template	Active		
Grenade eSIM 3 Go 15 Jours	0630HU7F8S0	GRENADA-3GB-15D	29.99		30/06/2026 17:33:29 MEST	4		11			8721438409082		AMAZON_EU	Migrated Template	Active		
Grenade eSIM 5 Go 30 Jours	0630HU3K9BR	GRENADA-5GB-30D	38.99		30/06/2026 17:36:50 MEST	4		11			8721438409099		AMAZON_EU	Migrated Template	Active		
Grèce eSIM 20 Go 30 Jours	0325HSFMLOE	GR_20_30	19.72		25/03/2026 10:54:53 MET	1		11			B0FR9KJGBG		AMAZON_EU	Migrated Template	Active		
Grèce eSIM 3 Go 15 Jours	0325HRQTQBU	GR_3_15	6.46		25/03/2026 08:47:59 MET	1		11			B0FR9L85F6		AMAZON_EU	Migrated Template	Active		
Grèce eSIM 5 Go 30 Jours	0325HS0YN24	GR_5_30	5.88		25/03/2026 09:29:27 MET	1		11			B0FR9C7SMF		AMAZON_EU	Migrated Template	Active		
Guadeloupe eSIM 20 Go 30 Jours	0701HVFJQBO	GUADELOUPE-20GB-30D	17.99		01/07/2026 03:57:37 MEST	4		11			8721438403127		AMAZON_EU	Migrated Template	Active		
Guadeloupe eSIM 3 Go 15 Jours	0701HVEMH9V	GUADELOUPE-3GB-15D	8.99		01/07/2026 03:54:06 MEST	4		11			8721438403110		AMAZON_EU	Migrated Template	Active		
Guam eSIM 20 Go 30 Jours	0701HVGQ56P	GUAM-20GB-30D	58.99		01/07/2026 04:07:31 MEST	4		11			8721438403189		AMAZON_EU	Migrated Template	Active		
Guam eSIM 3 Go 15 Jours	0701HVGCYEO	GUAM-3GB-15D	17.99		01/07/2026 04:00:53 MEST	4		11			8721438403141		AMAZON_EU	Migrated Template	Active		
Guam eSIM 5 Go 30 Jours	0701HVGMSJX	GUAM-5GB-30D	19.99		01/07/2026 04:04:15 MEST	4		11			8721438403165		AMAZON_EU	Migrated Template	Active		
Guatemala eSIM 3 Go 15 Jours	0701HVIBY40	GUATEMALA-3GB-15D	16.99		01/07/2026 04:11:09 MEST	4		11			8721438403202		AMAZON_EU	Migrated Template	Active		
Guernesey eSIM 20 Go 30 Jours	0701HVINBFG	GUERNSEY-20GB-30D	47.99		01/07/2026 04:21:54 MEST	4		11			8721438403257		AMAZON_EU	Migrated Template	Active		
Guernesey eSIM 3 Go 15 Jours	0701HVGKTX9	GUERNSEY-3GB-15D	14.99		01/07/2026 04:15:22 MEST	4		11			8721438403226		AMAZON_EU	Migrated Template	Active		
Guernesey eSIM 5 Go 30 Jours	0701HVHPHQJ	GUERNSEY-5GB-30D	21.99		01/07/2026 04:18:37 MEST	4		11			8721438403240		AMAZON_EU	Migrated Template	Active		
Guinée eSIM 20 Go 30 Jours	0630HUJ9JAA	GUINEA-20GB-30D	82.99		30/06/2026 17:49:51 MEST	4		11			8721438409136		AMAZON_EU	Migrated Template	Active		
Guinée eSIM 3 Go 15 Jours	0630HUAAP6R	GUINEA-3GB-15D	20.99		30/06/2026 17:43:35 MEST	4		11			8721438409112		AMAZON_EU	Migrated Template	Active		
Guinée eSIM 5 Go 30 Jours	0630HUA2Y9F	GUINEA-5GB-30D	33.99		30/06/2026 17:47:17 MEST	4		11			8721438409129		AMAZON_EU	Migrated Template	Active		
Guinée-Bissau eSIM 20 Go 30 Jours	0630HUE2TJH	GUINEA-BISSAU-20GB-30D	81.99		30/06/2026 17:59:14 MEST	4		11			8721438409167		AMAZON_EU	Migrated Template	Active		
Guinée-Bissau eSIM 3 Go 15 Jours	0630HU7YC2S	GUINEA-BISSAU-3GB-15D	20.99		30/06/2026 17:52:48 MEST	4		11			8721438409143		AMAZON_EU	Migrated Template	Active		
Guinée-Bissau eSIM 5 Go 30 Jours	0630HU4NQY6	GUINEA-BISSAU-5GB-30D	33.99		30/06/2026 17:55:48 MEST	4		11			8721438409150		AMAZON_EU	Migrated Template	Active		
Guyana eSIM 20 Go 30 Jours	0630HU85QH8	GUYANA-20GB-30D	91.99		30/06/2026 18:09:18 MEST	4		11			8721438409198		AMAZON_EU	Migrated Template	Active		
Guyana eSIM 3 Go 15 Jours	0630HUCMCF8	GUYANA-3GB-15D	20.99		30/06/2026 18:02:40 MEST	4		11			8721438409174		AMAZON_EU	Migrated Template	Active		
Guyana eSIM 5 Go 30 Jours	0630HUAFDAP	GUYANA-5GB-30D	32.99		30/06/2026 18:06:11 MEST	4		11			8721438409181		AMAZON_EU	Migrated Template	Active		
Haïti eSIM 20 Go 30 Jours	0630HU4YL4P	HAITI-20GB-30D	149.99		30/06/2026 18:19:24 MEST	4		11			8721438409228		AMAZON_EU	Migrated Template	Active		
Haiti eSIM 3 Go 15 Jours	0630HU4TNW7	HAITI-3GB-15D	30.99		30/06/2026 18:12:25 MEST	4		11			8721438409204		AMAZON_EU	Migrated Template	Active		
Haiti eSIM 5 Go 30 Jours	0630HUG5RQH	HAITI-5GB-30D	48.99		30/06/2026 18:16:18 MEST	4		11			8721438409211		AMAZON_EU	Migrated Template	Active		
Hong Kong eSIM 20 Go 30 Jours	0325HS2IBI0	HK_20_30	17.93		25/03/2026 09:40:16 MET	1		11			B0FR9GXZ6F		AMAZON_EU	Migrated Template	Active		
Hong Kong eSIM 3 Go 15 Jours	0325HRZB5LQ	HK_3_15	6.47		25/03/2026 09:29:25 MET	1		11			B0FR9CC6Q8		AMAZON_EU	Migrated Template	Active		
Hong Kong eSIM 5 Go 30 Jours	0325HS1N3M1	HK_5_30	3.01		25/03/2026 09:04:04 MET	1		11			B0FR9GXYYL		AMAZON_EU	Migrated Template	Active		
Honduras eSIM 3 Go 15 Jours	0701HVI523Z	HONDURAS-3GB-15D	14.99		01/07/2026 04:25:32 MEST	4		11			8721438403356		AMAZON_EU	Migrated Template	Active		
Hong Kong eSIM 20 Go 30 Jours	0701HVJT0AW	HONG-KONG-20GB-30D	15.99		01/07/2026 04:37:17 MEST	4		11			8721438403417		AMAZON_EU	Migrated Template	Active		
Hong Kong eSIM 3 Go 15 Jours	0701HVHWK6E	HONG-KONG-3GB-15D	8.99		01/07/2026 04:29:34 MEST	4		11			8721438403370		AMAZON_EU	Migrated Template	Active		
Hong Kong eSIM 5 Go 30 Jours	0701HVJ9RH3	HONG-KONG-5GB-30D	9.99		01/07/2026 04:33:37 MEST	4		11			8721438403394		AMAZON_EU	Migrated Template	Active		
Hongrie eSIM 20 Go 30 Jours	0701HVLRYAN	HUNGARY-20GB-30D	15.99		01/07/2026 04:47:02 MEST	4		11			8721438403523		AMAZON_EU	Migrated Template	Active		
Hongrie eSIM 3 Go 15 Jours	0701HVQWW3J	HUNGARY-3GB-15D	8.99		01/07/2026 04:39:55 MEST	4		11			8721438403486		AMAZON_EU	Migrated Template	Active		
Hongrie eSIM 5 Go 30 Jours	0701HVLCE7X	HUNGARY-5GB-30D	9.99		01/07/2026 04:43:46 MEST	4		11			8721438403509		AMAZON_EU	Migrated Template	Active		
Islande eSIM 20 Go 30 Jours	0701HVN1BZO	ICELAND-20GB-30D	17.99		01/07/2026 04:57:17 MEST	4		11			8721438403592		AMAZON_EU	Migrated Template	Active		
Islande eSIM 3 Go 15 Jours	0701HVL6SLP	ICELAND-3GB-15D	8.99		01/07/2026 04:50:19 MEST	4		11			8721438403554		AMAZON_EU	Migrated Template	Active		
Islande eSIM 5 Go 30 Jours	0701HVQYN02	ICELAND-5GB-30D	9.99		01/07/2026 04:53:49 MEST	4		11			8721438403578		AMAZON_EU	Migrated Template	Active		
Indonésie eSIM 20 Go 30 Jours	0325HS3HP4P	ID_20_30	16.79		25/03/2026 09:39:27 MET	1		11			B0FR9QXRDQ		AMAZON_EU	Migrated Template	Active		
Indonésie eSIM 3 Go 15 Jours	0325HS8FDYJ	ID_3_15	6.46		25/03/2026 10:06:27 MET	1		11			B0FR9T6QPZ		AMAZON_EU	Migrated Template	Active		
Indonésie eSIM 5 Go 30 Jours	0325HRYDAUW	ID_5_30	4.74		25/03/2026 08:46:57 MET	1		11			B0FR8XW5DR		AMAZON_EU	Migrated Template	Active		
Ireland eSIM 20 Go 30 Jours	0325HSFIV0T	IE_20_30	17.93		25/03/2026 10:47:02 MET	1		11			B0FR9SZG2Z		AMAZON_EU	Migrated Template	Active		
Ireland eSIM 3GB 15Days	0325HRYZQ9F	IE_3_15	6.46		25/03/2026 09:28:19 MET	1		11			B0FR8XV57F		AMAZON_EU	Migrated Template	Active		
Irlande eSIM 5 Go 30 Jours	0325HS16GDH	IE_5_30	5.88		25/03/2026 08:59:18 MET	1		11			B0FR9GYKQL		AMAZON_EU	Migrated Template	Active		
India eSIM 20 Go 30 Jours	0701HVRXKF0	INDIA-20GB-30D	42.99		01/07/2026 05:08:21 MEST	4		11			8721438403653		AMAZON_EU	Migrated Template	Active		
India eSIM 3 Go 15 Jours	0701HVLSUNK	INDIA-3GB-15D	14.99		01/07/2026 05:00:34 MEST	4		11			8721438403622		AMAZON_EU	Migrated Template	Active		
India eSIM 5 Go 30 Jours	0701HVNI6OV	INDIA-5GB-30D	15.99		01/07/2026 05:04:40 MEST	4		11			8721438403639		AMAZON_EU	Migrated Template	Active		
Indonésie eSIM 20 Go 30 Jours	0701HVX3GPP	INDONESIA-20GB-30D	15.99		01/07/2026 05:19:59 MEST	4		11			8721438403745		AMAZON_EU	Migrated Template	Active		
Indonésie eSIM 3 Go 15 Jours	0701HVUC7HA	INDONESIA-3GB-15D	8.99		01/07/2026 05:12:12 MEST	4		11			8721438403707		AMAZON_EU	Migrated Template	Active		
Indonésie eSIM 5 Go 30 Jours	0701HVRWWZT	INDONESIA-5GB-30D	9.99		01/07/2026 05:16:18 MEST	4		11			8721438403721		AMAZON_EU	Migrated Template	Active		
India eSIM 20 Go 30 Jours	0328H5W2M5O	IN_20_30	40.99		28/03/2026 15:49:07 MET	1		11			B0FR9DYMHX		AMAZON_EU	Migrated Template	Active		
India eSIM 3 Go 15 Jours	0325HS1MPDX	IN_3_15	12.17		25/03/2026 09:02:40 MET	1		11			B0FR9ZM116		AMAZON_EU	Migrated Template	Active		
India eSIM 5 Go 30 Jours	0325HS239OE	IN_5_30	16.79		25/03/2026 09:32:49 MET	1		11			B0FR9GXWN9		AMAZON_EU	Migrated Template	Active		
Irak eSIM 3 Go 15 Jours	0630HUAL8C1	IRAQ-3GB-15D	10.99		30/06/2026 18:22:22 MEST	4		11			8721438409235		AMAZON_EU	Migrated Template	Active		
Ireland eSIM 20 Go 30 Jours	0701HVOPVA5	IRELAND-20GB-30D	17.99		01/07/2026 05:31:39 MEST	4		11			8721438403905		AMAZON_EU	Migrated Template	Active		
Ireland eSIM 3GB 15Days	0701HVUXPCN	IRELAND-3GB-15D	8.99		01/07/2026 05:23:51 MEST	4		11			8721438403868		AMAZON_EU	Migrated Template	Active		
Irlande eSIM 5 Go 30 Jours	0701HVSACPS	IRELAND-5GB-30D	9.99		01/07/2026 05:27:58 MEST	4		11			8721438403882		AMAZON_EU	Migrated Template	Active		
Isle of Man eSIM 20 Go 30 Jours	0701HVP8PSH	ISLE-OF-MAN-20GB-30D	23.99		01/07/2026 05:42:39 MEST	4		11			8721438403974		AMAZON_EU	Migrated Template	Active		
Ile de Man eSIM 3 Go 15 Jours	0701HVY5HQT	ISLE-OF-MAN-3GB-15D	9.99		01/07/2026 05:35:30 MEST	4		11			8721438403943		AMAZON_EU	Migrated Template	Active		
Isle of Man eSIM 5 Go 30 Jours	0701HVUN1IG	ISLE-OF-MAN-5GB-30D	11.99		01/07/2026 05:39:11 MEST	4		11			8721438403967		AMAZON_EU	Migrated Template	Active		
Israël eSIM 20 Go 30 Jours	0701HVXGQWA	ISRAEL-20GB-30D	29.99		01/07/2026 05:53:05 MEST	4		11			8721438404032		AMAZON_EU	Migrated Template	Active		
Israël eSIM 3 Go 15 Jours	0701HVSHNFR	ISRAEL-3GB-15D	9.99		01/07/2026 05:46:16 MEST	4		11			8721438403998		AMAZON_EU	Migrated Template	Active		
Israël eSIM 5 Go 30 Jours	0701HVUGFFS	ISRAEL-5GB-30D	11.99		01/07/2026 05:50:08 MEST	4		11			8721438404018		AMAZON_EU	Migrated Template	Active		
Italie eSIM 20 Go 30 Jours	0701HVPG4ZV	ITALY-20GB-30D	15.99		01/07/2026 06:04:43 MEST	4		11			8721438404148		AMAZON_EU	Migrated Template	Active		
Italie eSIM 3 Go 15 Jours	0701HW3PG1X	ITALY-3GB-15D	8.99		01/07/2026 05:56:54 MEST	4		11			8721438404100		AMAZON_EU	Migrated Template	Active		
Italie eSIM 5 Go 30 Jours	0701HVX3TVI	ITALY-5GB-30D	9.99		01/07/2026 06:01:03 MEST	4		11			8721438404124		AMAZON_EU	Migrated Template	Active		
Italie eSIM 20 Go 30 Jours	0325HRZW08E	IT_20_30	16.79		25/03/2026 09:58:23 MET	1		11			B0FR9RNZV2		AMAZON_EU	Migrated Template	Active		
Italie eSIM 3 Go 15 Jours	0325HRU93DC	IT_3_15	6.47		25/03/2026 09:37:45 MET	1		11			B0FR9GXZ18		AMAZON_EU	Migrated Template	Active		
Italie eSIM 5 Go 30 Jours	0325HS4ZWZ6	IT_5_30	4.74		25/03/2026 09:52:40 MET	1		11			B0FR9ZR2TH		AMAZON_EU	Migrated Template	Active		
Jamaica eSIM 20 Go 30 Jours	0630HUDPY8S	JAMAICA-20GB-30D	87.99		30/06/2026 18:38:32 MEST	4		11			8721438409280		AMAZON_EU	Migrated Template	Active		
Jamaica eSIM 3 Go 15 Jours	0630HUAGR6B	JAMAICA-3GB-15D	24.99		30/06/2026 18:31:55 MEST	4		11			8721438409266		AMAZON_EU	Migrated Template	Active		
Jamaica eSIM 5 Go 30 Jours	0630HU5648V	JAMAICA-5GB-30D	31.99		30/06/2026 18:35:26 MEST	4		11			8721438409273		AMAZON_EU	Migrated Template	Active		
Japon eSIM 20 Go 30 Jours	0701HW7Q91G	JAPAN-20GB-30D	15.99		01/07/2026 06:16:19 MEST	4		11			8721438404254		AMAZON_EU	Migrated Template	Active		
Japon eSIM 3 Go 15 Jours	0701HVYVA1I	JAPAN-3GB-15D	8.99		01/07/2026 06:08:34 MEST	4		11			8721438404216		AMAZON_EU	Migrated Template	Active		
Japon eSIM 5 Go 30 Jours	0701HW3TX79	JAPAN-5GB-30D	9.99		01/07/2026 06:12:39 MEST	4		11			8721438404230		AMAZON_EU	Migrated Template	Active		
Jersey eSIM 20 Go 30 Jours	0701HVVW6HL	JERSEY-20GB-30D	15.99		01/07/2026 06:27:09 MEST	4		11			8721438404377		AMAZON_EU	Migrated Template	Active		
Jersey eSIM 3 Go 15 Jours	0701HW0TVX7	JERSEY-3GB-15D	8.99		01/07/2026 06:20:00 MEST	4		11			8721438404346		AMAZON_EU	Migrated Template	Active		
Jersey eSIM 5 Go 30 Jours	0701HVY0KK9	JERSEY-5GB-30D	9.99		01/07/2026 06:23:41 MEST	4		11			8721438404360		AMAZON_EU	Migrated Template	Active		
Jordan eSIM 20 Go 30 Jours	0701HVQ420I	JORDAN-20GB-30D	43.99		01/07/2026 06:37:57 MEST	4		11			8721438404438		AMAZON_EU	Migrated Template	Active		
Jordan eSIM 3 Go 15 Jours	0701HW834E5	JORDAN-3GB-15D	14.99		01/07/2026 06:30:38 MEST	4		11			8721438404391		AMAZON_EU	Migrated Template	Active		
Jordan eSIM 5 Go 30 Jours	0701HW1DZR3	JORDAN-5GB-30D	14.99		01/07/2026 06:34:30 MEST	4		11			8721438404414		AMAZON_EU	Migrated Template	Active		
Japon eSIM 20 Go 30 Jours	0325HRMVK4Q	JP_20_30	16.81		25/03/2026 09:02:52 MET	1		11			B0FR9RZKRB		AMAZON_EU	Migrated Template	Active		
Japon eSIM 3 Go 15 Jours	0325HRXGO0Y	JP_3_15	6.47		25/03/2026 09:03:19 MET	1		11			B0FR9LVZVQ		AMAZON_EU	Migrated Template	Active		
Japon eSIM 5 Go 30 Jours	0325HS3IAWB	JP_5_30	4.74		25/03/2026 09:33:38 MET	1		11			B0FR9TLXXH		AMAZON_EU	Migrated Template	Active		
Kazakhstan eSIM 20 Go 30 Jours	0701HVQ9EJ6	KAZAKHSTAN-20GB-30D	21.99		01/07/2026 06:47:31 MEST	4		11			8721438404483		AMAZON_EU	Migrated Template	Active		
Kazakhstan eSIM 3 Go 15 Jours	0701HW7RCAU	KAZAKHSTAN-3GB-15D	8.99		01/07/2026 06:40:53 MEST	4		11			8721438404452		AMAZON_EU	Migrated Template	Active		
Kazakhstan eSIM 5 Go 30 Jours	0701HVQBTIN	KAZAKHSTAN-5GB-30D	9.99		01/07/2026 06:44:24 MEST	4		11			8721438404469		AMAZON_EU	Migrated Template	Active		
Kenya eSIM 3 Go 15 Jours	0701HVYD4OH	KENYA-3GB-15D	14.99		01/07/2026 06:51:08 MEST	4		11			8721438404506		AMAZON_EU	Migrated Template	Active		
Kenya eSIM 5 Go 30 Jours	0701HW54MSS	KENYA-5GB-30D	15.99		01/07/2026 06:55:14 MEST	4		11			8721438404513		AMAZON_EU	Migrated Template	Active		
Kenya eSIM 3 Go 15 Jours	0325HS44AIF	KE_3_15	26.06		25/03/2026 09:55:16 MET	1		11			B0FR9GZ14G		AMAZON_EU	Migrated Template	Active		
Kenya eSIM 5 Go 30 Jours	0325HRZNVVE	KE_5_30	35.26		25/03/2026 09:41:52 MET	1		11			B0FR9T4DG6		AMAZON_EU	Migrated Template	Active		
Koweït eSIM 20 Go 30 Jours	0701HVTCM9V	KUWAIT-20GB-30D	29.99		01/07/2026 07:05:52 MEST	4		11			8721438404599		AMAZON_EU	Migrated Template	Active		
Koweït eSIM 3 Go 15 Jours	0701HW7YSJA	KUWAIT-3GB-15D	10.99		01/07/2026 06:58:54 MEST	4		11			8721438404568		AMAZON_EU	Migrated Template	Active		
Koweït eSIM 5 Go 30 Jours	0701HVYCDGG	KUWAIT-5GB-30D	16.99		01/07/2026 07:02:25 MEST	4		11			8721438404582		AMAZON_EU	Migrated Template	Active		
Kirghizistan eSIM 20 Go 30 Jours	0701HW6EUFF	KYRGYZSTAN-20GB-30D	19.99		01/07/2026 07:12:29 MEST	4		11			8721438404629		AMAZON_EU	Migrated Template	Active		
Kirghizistan eSIM 3 Go 15 Jours	0701HVTICY2	KYRGYZSTAN-3GB-15D	8.99		01/07/2026 07:08:58 MEST	4		11			8721438404612		AMAZON_EU	Migrated Template	Active		
Laos eSIM 20 Go 30 Jours	0630HUDYWSE	LAOS-20GB-30D	34.99		30/06/2026 18:47:15 MEST	4		11			8721438409310		AMAZON_EU	Migrated Template	Active		
Laos eSIM 3 Go 15 Jours	0630HUMR0GD	LAOS-3GB-15D	10.99		30/06/2026 18:41:08 MEST	4		11			8721438409297		AMAZON_EU	Migrated Template	Active		
Laos eSIM 5 Go 30 Jours	0630HUGAQT1	LAOS-5GB-30D	16.99		30/06/2026 18:44:39 MEST	4		11			8721438409303		AMAZON_EU	Migrated Template	Active		
Lettonie eSIM 20 Go 30 Jours	0701HVWG1E4	LATVIA-20GB-30D	15.99		01/07/2026 07:22:37 MEST	4		11			8721438404681		AMAZON_EU	Migrated Template	Active		
Lettonie eSIM 3 Go 15 Jours	0701HW2LSO1	LATVIA-3GB-15D	8.99		01/07/2026 07:15:59 MEST	4		11			8721438404643		AMAZON_EU	Migrated Template	Active		
Lettonie eSIM 5 Go 30 Jours	0701HVZMWRY	LATVIA-5GB-30D	9.99		01/07/2026 07:19:20 MEST	4		11			8721438404667		AMAZON_EU	Migrated Template	Active		
Liberia eSIM 3 Go 15 Jours	0701HXMZXPW	LIBERIA-3GB-15D	21.99		01/07/2026 13:56:49 MEST	4		11			8721438404711		AMAZON_EU	Migrated Template	Active		
Liberia eSIM 5 Go 30 Jours	0701HVTPT2D	LIBERIA-5GB-30D	33.99		01/07/2026 07:28:56 MEST	4		11			8721438404728		AMAZON_EU	Migrated Template	Active		
Libye eSIM 20 Go 30 Jours	0630HUET7E3	LIBYA-20GB-30D	125.99		30/06/2026 18:56:39 MEST	4		11			8721438409341		AMAZON_EU	Migrated Template	Active		
Libye eSIM 3 Go 15 Jours	0630HUH9B9W	LIBYA-3GB-15D	33.99		30/06/2026 18:50:22 MEST	4		11			8721438409327		AMAZON_EU	Migrated Template	Active		
Libye eSIM 5 Go 30 Jours	0630HU8NEQE	LIBYA-5GB-30D	44.99		30/06/2026 18:53:33 MEST	4		11			8721438409334		AMAZON_EU	Migrated Template	Active		
Liechtenstein eSIM 3 Go 15 Jours	0701HVZX0Q4	LIECHTENSTEIN-3GB-15D	8.99		01/07/2026 07:32:02 MEST	4		11			8721438404742		AMAZON_EU	Migrated Template	Active		
Lituanie eSIM 20 Go 30 Jours	0701HW5YPNE	LITHUANIA-20GB-30D	17.99		01/07/2026 07:43:23 MEST	4		11			8721438404810		AMAZON_EU	Migrated Template	Active		
Lituanie eSIM 3 Go 15 Jours	0701HW8I0AV	LITHUANIA-3GB-15D	8.99		01/07/2026 07:36:14 MEST	4		11			8721438404773		AMAZON_EU	Migrated Template	Active		
Lituanie eSIM 5 Go 30 Jours	0701HW5W14V	LITHUANIA-5GB-30D	9.99		01/07/2026 07:39:55 MEST	4		11			8721438404797		AMAZON_EU	Migrated Template	Active		
Luxembourg eSIM 20 Go 30 Jours	0701HW7Q0BE	LUXEMBOURG-20GB-30D	17.99		01/07/2026 07:53:50 MEST	4		11			8721438404889		AMAZON_EU	Migrated Template	Active		
Luxembourg eSIM 3 Go 15 Jours	0701HVTV4ZC	LUXEMBOURG-3GB-15D	8.99		01/07/2026 07:47:12 MEST	4		11			8721438404841		AMAZON_EU	Migrated Template	Active		
Luxembourg eSIM 5 Go 30 Jours	0701HW86UDK	LUXEMBOURG-5GB-30D	9.99		01/07/2026 07:50:44 MEST	4		11			8721438404865		AMAZON_EU	Migrated Template	Active		
Macao eSIM 20 Go 30 Jours	0701HW53TG3	MACAO-20GB-30D	15.99		01/07/2026 08:03:25 MEST	4		11			8721438404957		AMAZON_EU	Migrated Template	Active		
Macao eSIM 3 Go 15 Jours	0701HW847A1	MACAO-3GB-15D	8.99		01/07/2026 07:57:07 MEST	4		11			8721438404919		AMAZON_EU	Migrated Template	Active		
Macao eSIM 5 Go 30 Jours	0701HW0KLWX	MACAO-5GB-30D	9.99		01/07/2026 08:00:18 MEST	4		11			8721438404933		AMAZON_EU	Migrated Template	Active		
Madagascar eSIM 3 Go 15 Jours	0701HWAPLFS	MADAGASCAR-3GB-15D	25.99		01/07/2026 08:06:42 MEST	4		11			8721438404988		AMAZON_EU	Migrated Template	Active		
Malawi eSIM 3 Go 15 Jours	0701HW66HKW	MALAWI-3GB-15D	17.99		01/07/2026 08:10:24 MEST	4		11			8721438405008		AMAZON_EU	Migrated Template	Active		
Malawi eSIM 5 Go 30 Jours	0701HW58FRR	MALAWI-5GB-30D	28.99		01/07/2026 08:13:34 MEST	4		11			8721438405015		AMAZON_EU	Migrated Template	Active		
Malaisie eSIM 20 Go 30 Jours	0701HW9IA2K	MALAYSIA-20GB-30D	15.99		01/07/2026 08:25:08 MEST	4		11			8721438405060		AMAZON_EU	Migrated Template	Active		
Malaisie eSIM 3 Go 15 Jours	0701HWA9JL4	MALAYSIA-3GB-15D	8.99		01/07/2026 08:17:22 MEST	4		11			8721438405039		AMAZON_EU	Migrated Template	Active		
Malaisie eSIM 5 Go 30 Jours	0701HW7CJG2	MALAYSIA-5GB-30D	9.99		01/07/2026 08:21:27 MEST	4		11			8721438405046		AMAZON_EU	Migrated Template	Active		
Maldives eSIM 20 Go 30 Jours	0630HUBLX32	MALDIVES-20GB-30D	117.99		30/06/2026 19:06:02 MEST	4		11			8721438409372		AMAZON_EU	Migrated Template	Active		
Maldives eSIM 3 Go 15 Jours	0630HU5K70X	MALDIVES-3GB-15D	33.99		30/06/2026 18:59:45 MEST	4		11			8721438409358		AMAZON_EU	Migrated Template	Active		
Maldives eSIM 5 Go 30 Jours	0630HU5JQPS	MALDIVES-5GB-30D	44.99		30/06/2026 19:03:06 MEST	4		11			8721438409365		AMAZON_EU	Migrated Template	Active		
Mali eSIM 3 Go 15 Jours	0701HW9JHNL	MALI-3GB-15D	21.99		01/07/2026 08:28:49 MEST	4		11			8721438405121		AMAZON_EU	Migrated Template	Active		
Malte eSIM 20 Go 30 Jours	0701HWCDNSM	MALTA-20GB-30D	15.99		01/07/2026 08:40:10 MEST	4		11			8721438405183		AMAZON_EU	Migrated Template	Active		
Malte eSIM 3 Go 15 Jours	0701HW88IDM	MALTA-3GB-15D	8.99		01/07/2026 08:32:51 MEST	4		11			8721438405145		AMAZON_EU	Migrated Template	Active		
Malte eSIM 5 Go 30 Jours	0701HWCX66W	MALTA-5GB-30D	9.99		01/07/2026 08:36:42 MEST	4		11			8721438405169		AMAZON_EU	Migrated Template	Active		
Martinique eSIM 20 Go 30 Jours	0630HUBTWQ5	MARTINIQUE-20GB-30D	16.99		30/06/2026 19:15:37 MEST	4		11			8721438409402		AMAZON_EU	Migrated Template	Active		
Martinique eSIM 3 Go 15 Jours	0630HUBVNOW	MARTINIQUE-3GB-15D	8.99		30/06/2026 19:09:20 MEST	4		11			8721438409389		AMAZON_EU	Migrated Template	Active		
Martinique eSIM 5 Go 30 Jours	0630HUF0TD0	MARTINIQUE-5GB-30D	9.99		30/06/2026 19:12:51 MEST	4		11			8721438409396		AMAZON_EU	Migrated Template	Active		
Mauritius eSIM 3 Go 15 Jours	0701HY7ZDCX	MAURITIUS-3GB-15D	16.99		01/07/2026 16:19:47 MEST	4		11			8721438408382		AMAZON_EU	Migrated Template	Active		
Mauritius eSIM 5 Go 30 Jours	0701HYAUYXM	MAURITIUS-5GB-30D	17.99		01/07/2026 16:23:51 MEST	4		11			8721438408399		AMAZON_EU	Migrated Template	Active		
Mayotte eSIM 20 Go 30 Jours	0630HUI1NVF	MAYOTTE-20GB-30D	16.99		30/06/2026 19:25:22 MEST	4		11			8721438409433		AMAZON_EU	Migrated Template	Active		
Mayotte eSIM 3 Go 15 Jours	0630HUMHSI9	MAYOTTE-3GB-15D	8.99		30/06/2026 19:18:44 MEST	4		11			8721438409419		AMAZON_EU	Migrated Template	Active		
Mayotte eSIM 5 Go 30 Jours	0630HU5UVGV	MAYOTTE-5GB-30D	9.99		30/06/2026 19:22:04 MEST	4		11			8721438409426		AMAZON_EU	Migrated Template	Active		
Maroc eSIM 20 Go 30 Jours	0325HSDAU98	MA_20_30	29.51		25/03/2026 10:38:06 MET	1		11			B0FR9M57DY		AMAZON_EU	Migrated Template	Active		
Maroc eSIM 3 Go 15 Jours	0325HSGJ8FW	MA_3_15	8.75		25/03/2026 11:30:57 MET	1		11			B0FR9CFZQR		AMAZON_EU	Migrated Template	Active		
Maroc eSIM 5 Go 30 Jours	0325HRVCJP1	MA_5_30	9.34		25/03/2026 08:42:30 MET	1		11			B0FR9CDDQ8		AMAZON_EU	Migrated Template	Active		
Mexique eSIM 20 Go 30 Jours	0701HWG4NWM	MEXICO-20GB-30D	35.99		01/07/2026 08:51:09 MEST	4		11			8721438405244		AMAZON_EU	Migrated Template	Active		
Mexique eSIM 3 Go 15 Jours	0701HWDGBLT	MEXICO-3GB-15D	11.99		01/07/2026 08:43:39 MEST	4		11			8721438405220		AMAZON_EU	Migrated Template	Active		
Mexique eSIM 5 Go 30 Jours	0701HWESWKT	MEXICO-5GB-30D	14.99		01/07/2026 08:47:41 MEST	4		11			8721438405237		AMAZON_EU	Migrated Template	Active		
Moyen-Orient eSIM 5 Go 30 Jours	0701HWDZV50	MIDDLE-EAST-5GB-30D	36.99		01/07/2026 08:54:35 MEST	4		11			8721438405275		AMAZON_EU	Migrated Template	Active		
Moldova eSIM 3 Go 15 Jours	0701HWFQE34	MOLDOVA-3GB-15D	8.99		01/07/2026 08:58:17 MEST	4		11			8721438405299		AMAZON_EU	Migrated Template	Active		
Monaco eSIM 3 Go 15 Jours	0701HWEKC3F	MONACO-3GB-15D	63.99		01/07/2026 09:02:08 MEST	4		11			8721438405312		AMAZON_EU	Migrated Template	Active		
Monaco eSIM 5 Go 30 Jours	0701HWMVZLS	MONACO-5GB-30D	85.99		01/07/2026 09:06:10 MEST	4		11			8721438405329		AMAZON_EU	Migrated Template	Active		
Mongolie eSIM 3 Go 15 Jours	0701HWPD3PD	MONGOLIA-3GB-15D	16.99		01/07/2026 09:09:37 MEST	4		11			8721438405343		AMAZON_EU	Migrated Template	Active		
Monténégro eSIM 3GB 15Days	0701HWMTLUW	MONTENEGRO-3GB-15D	8.99		01/07/2026 09:12:24 MEST	4		11			8721438405367		AMAZON_EU	Migrated Template	Active		
Montserrat eSIM 20 Go 30 Jours	0630HUOA85Q	MONTSERRAT-20GB-30D	94.99		30/06/2026 19:35:19 MEST	4		11			8721438409464		AMAZON_EU	Migrated Template	Active		
Montserrat eSIM 3 Go 15 Jours	0630HUKD33Z	MONTSERRAT-3GB-15D	25.99		30/06/2026 19:28:49 MEST	4		11			8721438409440		AMAZON_EU	Migrated Template	Active		
Montserrat eSIM 5 Go 30 Jours	0630HUN21HR	MONTSERRAT-5GB-30D	33.99		30/06/2026 19:32:00 MEST	4		11			8721438409457		AMAZON_EU	Migrated Template	Active		
Maroc eSIM 20 Go 30 Jours	0701HWGO1OO	MOROCCO-20GB-30D	26.99		01/07/2026 09:25:07 MEST	4		11			8721438405428		AMAZON_EU	Migrated Template	Active		
Maroc eSIM 3 Go 15 Jours	0701HWGUGFQ	MOROCCO-3GB-15D	9.99		01/07/2026 09:17:21 MEST	4		11			8721438405381		AMAZON_EU	Migrated Template	Active		
Maroc eSIM 5 Go 30 Jours	0701HWPTY8A	MOROCCO-5GB-30D	14.99		01/07/2026 09:21:26 MEST	4		11			8721438405404		AMAZON_EU	Migrated Template	Active		
Mozambique eSIM 20 Go 30 Jours	0701HWM9879	MOZAMBIQUE-20GB-30D	75.99		01/07/2026 09:33:00 MEST	4		11			8721438405480		AMAZON_EU	Migrated Template	Active		
Mozambique eSIM 3 Go 15 Jours	0701HWT09SV	MOZAMBIQUE-3GB-15D	19.99		01/07/2026 09:28:58 MEST	4		11			8721438405473		AMAZON_EU	Migrated Template	Active		
Malaisie eSIM 20 Go 30 Jours	0325HS84RDR	MY_20_30	16.79		25/03/2026 10:05:37 MET	1		11			B0FR9VMWYD		AMAZON_EU	Migrated Template	Active		
Malaisie eSIM 3 Go 15 Jours	0325HSAG76I	MY_3_15	6.46		25/03/2026 10:06:17 MET	1		11			B0FR9H1Q65		AMAZON_EU	Migrated Template	Active		
Malaisie eSIM 5 Go 30 Jours	0325HRZN09J	MY_5_30	8.75		25/03/2026 09:39:21 MET	1		11			B0FR9LDGX8		AMAZON_EU	Migrated Template	Active		
Népal eSIM 3 Go 15 Jours	0701HWH34J4	NEPAL-3GB-15D	14.99		01/07/2026 09:36:38 MEST	4		11			8721438405503		AMAZON_EU	Migrated Template	Active		
Pays-Bas eSIM 20 Go 30 Jours	0701HWQSM42	NETHERLANDS-20GB-30D	16.99		01/07/2026 09:48:25 MEST	4		11			8721438405565		AMAZON_EU	Migrated Template	Active		
Pays-Bas eSIM 3 Go 15 Jours	0701HWQO207	NETHERLANDS-3GB-15D	8.99		01/07/2026 09:40:40 MEST	4		11			8721438405527		AMAZON_EU	Migrated Template	Active		
Netherlands eSIM 5 Go 30 Jours	0701HWKLPI6	NETHERLANDS-5GB-30D	9.99		01/07/2026 09:44:44 MEST	4		11			8721438405541		AMAZON_EU	Migrated Template	Active		
Nouvelle Zélande eSIM 20 Go 30 Jours	0701HWWZ9FJ	NEW-ZEALAND-20GB-30D	24.99		01/07/2026 09:58:53 MEST	4		11			8721438405626		AMAZON_EU	Migrated Template	Active		
Nouvelle-Zélande eSIM 3 Go 15 Jours	0701HWKSM75	NEW-ZEALAND-3GB-15D	9.99		01/07/2026 09:52:04 MEST	4		11			8721438405596		AMAZON_EU	Migrated Template	Active		
Nouvelle Zélande eSIM 5 Go 30 Jours	0701HWNZ9NB	NEW-ZEALAND-5GB-30D	11.99		01/07/2026 09:55:36 MEST	4		11			8721438405602		AMAZON_EU	Migrated Template	Active		
Nicaragua eSIM 3 Go 15 Jours	0701HWT7VOX	NICARAGUA-3GB-15D	14.99		01/07/2026 10:02:10 MEST	4		11			8721438405695		AMAZON_EU	Migrated Template	Active		
Niger eSIM 3 Go 15 Jours	0701HWHKGKF	NIGER-3GB-15D	17.99		01/07/2026 10:06:13 MEST	4		11			8721438405718		AMAZON_EU	Migrated Template	Active		
Nigeria eSIM 3 Go 15 Jours	0701HWO5NVY	NIGERIA-3GB-15D	14.99		01/07/2026 10:10:27 MEST	4		11			8721438405732		AMAZON_EU	Migrated Template	Active		
Pays-Bas eSIM 20 Go 30 Jours	0325HS32VJ5	NL_20_30	20.88		25/03/2026 09:42:00 MET	1		11			B0FR9NG7LB		AMAZON_EU	Migrated Template	Active		
Pays-Bas eSIM 3 Go 15 Jours	0325HSD90WK	NL_3_15	6.46		25/03/2026 10:18:01 MET	1		11			B0FRB5GNM2		AMAZON_EU	Migrated Template	Active		
Netherlands eSIM 5 Go 30 Jours	0325HS5G3OJ	NL_5_30	5.88		25/03/2026 09:48:56 MET	1		11			B0FR9NHP7Q		AMAZON_EU	Migrated Template	Active		
Amérique du Nord eSIM 5 Go 30 Jours	0701HWYWEX4	NORTH-AMERICA-5GB-30D	16.99		01/07/2026 10:14:41 MEST	4		11			8721438405794		AMAZON_EU	Migrated Template	Active		
Macédoine du Nord eSIM 3 Go 15 Jours	0701HWYH7HD	NORTH-MACEDONIA-3GB-15D	9.99		01/07/2026 10:18:56 MEST	4		11			8721438405862		AMAZON_EU	Migrated Template	Active		
Macédoine du Nord eSIM 5 Go 30 Jours	0701HWID8N2	NORTH-MACEDONIA-5GB-30D	14.99		01/07/2026 10:22:59 MEST	4		11			8721438405879		AMAZON_EU	Migrated Template	Active		
Norvège eSIM 3 Go 15 Jours	0701HWLB9ZF	NORWAY-3GB-15D	8.99		01/07/2026 10:26:49 MEST	4		11			8721438405893		AMAZON_EU	Migrated Template	Active		
Norvège eSIM 5 Go 30 Jours	0701HWLC16R	NORWAY-5GB-30D	9.99		01/07/2026 10:30:55 MEST	4		11			8721438405916		AMAZON_EU	Migrated Template	Active		
Oman eSIM 20 Go 30 Jours	0703H84G8M9	OMAN-20GB-30D	32.99		03/07/2026 15:39:25 MEST	4		11			8721438405992		AMAZON_EU	Migrated Template	Active		
Oman eSIM 3 Go 15 Jours	0701HWWAP7E	OMAN-3GB-15D	11.99		01/07/2026 10:38:22 MEST	4		11			8721438405978		AMAZON_EU	Migrated Template	Active		
Pakistan eSIM 20 Go 30 Jours	0701HWUX0MF	PAKISTAN-20GB-30D	22.99		01/07/2026 10:54:00 MEST	4		11			8721438406050		AMAZON_EU	Migrated Template	Active		
Pakistan eSIM 3 Go 15 Jours	0701HWU72QU	PAKISTAN-3GB-15D	8.99		01/07/2026 10:46:18 MEST	4		11			8721438406012		AMAZON_EU	Migrated Template	Active		
Pakistan eSIM 5 Go 30 Jours	0701HWOYEUY	PAKISTAN-5GB-30D	10.99		01/07/2026 10:50:22 MEST	4		11			8721438406036		AMAZON_EU	Migrated Template	Active		
Panama eSIM 3 Go 15 Jours	0701HWXLTV7	PANAMA-3GB-15D	17.99		01/07/2026 10:57:51 MEST	4		11			8721438406074		AMAZON_EU	Migrated Template	Active		
Paraguay eSIM 3 Go 15 Jours	0701HWZTGML	PARAGUAY-3GB-15D	14.99		01/07/2026 11:02:06 MEST	4		11			8721438406098		AMAZON_EU	Migrated Template	Active		
Pérou eSIM 20 Go 30 Jours	0630HTR2EFB	PERU-20GB-30D	42.99		30/06/2026 13:18:58 MEST	4		11			8721438406128		AMAZON_EU	Migrated Template	Active		
Pérou eSIM 3 Go 15 Jours	0630HTKSX1R	PERU-3GB-15D	14.99		30/06/2026 13:14:46 MEST	4		11			8721438406111		AMAZON_EU	Migrated Template	Active		
Philippines eSIM 20 Go 30 Jours	0701HWYOJF5	PHILIPPINES-20GB-30D	23.99		01/07/2026 11:14:32 MEST	4		11			8721438406173		AMAZON_EU	Migrated Template	Active		
Philippines eSIM 3 Go 15 Jours	0701HX040N7	PHILIPPINES-3GB-15D	8.99		01/07/2026 11:06:22 MEST	4		11			8721438406142		AMAZON_EU	Migrated Template	Active		
Philippines eSIM 5 Go 30 Jours	0701HWYFB1O	PHILIPPINES-5GB-30D	11.05		01/07/2026 11:10:28 MEST	4		11			8721438406159		AMAZON_EU	Migrated Template	Active		
Philippines eSIM 20 Go 30 Jours	0325HRUXF33	PH_20_30	34.12		25/03/2026 08:25:42 MET	1		11			B0FRB4K2D4		AMAZON_EU	Migrated Template	Active		
Philippines eSIM 3 Go 15 Jours	0325HRWQ6KQ	PH_3_15	9.9		25/03/2026 09:23:14 MET	1		11			B0FRB1GVXK		AMAZON_EU	Migrated Template	Active		
Philippines eSIM 5 Go 30 Jours	0325HRWM6AK	PH_5_30	13.36		25/03/2026 08:49:03 MET	1		11			B0FRB4VCKG		AMAZON_EU	Migrated Template	Active		
Pologne eSIM 20 Go 30 Jours	0325HRYM5EX	PL_20_30	16.79		25/03/2026 08:47:51 MET	1		11			B0FRB5HSK7		AMAZON_EU	Migrated Template	Active		
Pologne eSIM 3 Go 15 Jours	0325HSEJ60F	PL_3_15	6.46		25/03/2026 10:17:09 MET	1		11			B0FRB4JVKR		AMAZON_EU	Migrated Template	Active		
Pologne eSIM 5 Go 30 Jours	0325HRVVI6O	PL_5_30	4.74		25/03/2026 08:43:13 MET	1		11			B0FRBDPQ9J		AMAZON_EU	Migrated Template	Active		
Pologne eSIM 20 Go 30 Jours	0701HX69GVI	POLAND-20GB-30D	15.99		01/07/2026 11:26:33 MEST	4		11			8721438406289		AMAZON_EU	Migrated Template	Active		
Pologne eSIM 3 Go 15 Jours	0701HX4LH0F	POLAND-3GB-15D	8.99		01/07/2026 11:18:27 MEST	4		11			8721438406258		AMAZON_EU	Migrated Template	Active		
Pologne eSIM 5 Go 30 Jours	0701HX2SS1Z	POLAND-5GB-30D	9.99		01/07/2026 11:22:28 MEST	4		11			8721438406272		AMAZON_EU	Migrated Template	Active		
Portugal eSIM 20 Go 30 Jours	0701HX8050Z	PORTUGAL-20GB-30D	15.99		01/07/2026 11:37:22 MEST	4		11			8721438406357		AMAZON_EU	Migrated Template	Active		
Portugal eSIM 3 Go 15 Jours	0701HX6C7AX	PORTUGAL-3GB-15D	8.99		01/07/2026 11:29:36 MEST	4		11			8721438406319		AMAZON_EU	Migrated Template	Active		
Portugal eSIM 5 Go 30 Jours	0701HX7BYCY	PORTUGAL-5GB-30D	9.99		01/07/2026 11:33:41 MEST	4		11			8721438406333		AMAZON_EU	Migrated Template	Active		
Portugal eSIM 20 Go 30 Jours	0325HS7YMXW	PT_20_30	20.88		25/03/2026 10:01:14 MET	1		11			B0FRB354KV		AMAZON_EU	Migrated Template	Active		
Portugal eSIM 3 Go 15 Jours	0325HSFA2RU	PT_3_15	6.46		25/03/2026 10:40:44 MET	1		11			B0FRB4314T		AMAZON_EU	Migrated Template	Active		
Portugal eSIM 5 Go 30 Jours	0325HRWEECO	PT_5_30	5.88		25/03/2026 08:47:35 MET	1		11			B0FRB4X799		AMAZON_EU	Migrated Template	Active		
Puerto Rico eSIM 3 Go 15 Jours	0701HX64383	PUERTO-RICO-3GB-15D	12.99		01/07/2026 11:41:12 MEST	4		11			8721438406388		AMAZON_EU	Migrated Template	Active		
Porto Rico eSIM 5 Go 30 Jours	0701HZ2Z3IO	PUERTO-RICO-5GB-30D	14.99		01/07/2026 22:00:23 MEST	4		11			8721438406395		AMAZON_EU	Migrated Template	Active		
Qatar eSIM 20 Go 30 Jours	0701HXBJDTQ	QATAR-20GB-30D	31.99		01/07/2026 11:56:54 MEST	4		11			8721438406449		AMAZON_EU	Migrated Template	Active		
Qatar eSIM 3 Go 15 Jours	0703H853LNC	QATAR-3GB-15D	10.99		03/07/2026 16:14:48 MEST	4		11			8721438406418		AMAZON_EU	Migrated Template	Active		
Qatar eSIM 5 Go 30 Jours	0701HXBWJ5G	QATAR-5GB-30D	17.99		01/07/2026 11:53:13 MEST	4		11			8721438406432		AMAZON_EU	Migrated Template	Active		
République du Congo eSIM 20 Go 30 Jours	0630HU61SD3	REPUBLIC-OF-THE-CONGO-20GB-30D	78.99		30/06/2026 19:45:06 MEST	4		11			8721438409495		AMAZON_EU	Migrated Template	Active		
République du Congo eSIM 3 Go 15 Jours	0630HU8ZZQ1	REPUBLIC-OF-THE-CONGO-3GB-15D	22.99		30/06/2026 19:38:47 MEST	4		11			8721438409471		AMAZON_EU	Migrated Template	Active		
République du Congo eSIM 5 Go 30 Jours	0630HUJR2VH	REPUBLIC-OF-THE-CONGO-5GB-30D	33.99		30/06/2026 19:41:58 MEST	4		11			8721438409488		AMAZON_EU	Migrated Template	Active		
Roumanie eSIM 20 Go 30 Jours	0630HU98H9U	ROMANIA-20GB-30D	15.99		30/06/2026 19:55:12 MEST	4		11			8721438409525		AMAZON_EU	Migrated Template	Active		
Roumanie eSIM 3 Go 15 Jours	0630HUJBVEP	ROMANIA-3GB-15D	8.99		30/06/2026 19:48:33 MEST	4		11			8721438409501		AMAZON_EU	Migrated Template	Active		
Roumanie eSIM 5 Go 30 Jours	0630HUEU835	ROMANIA-5GB-30D	9.99		30/06/2026 19:51:44 MEST	4		11			8721438409518		AMAZON_EU	Migrated Template	Active		
Russie eSIM 20 Go 30 Jours	0630HU97HRU	RUSSIA-20GB-30D	23.99		30/06/2026 20:04:37 MEST	4		11			8721438409556		AMAZON_EU	Migrated Template	Active		
Russie eSIM 3 Go 15 Jours	0630HUKPSV6	RUSSIA-3GB-15D	9.99		30/06/2026 19:58:09 MEST	4		11			8721438409532		AMAZON_EU	Migrated Template	Active		
Russie eSIM 5 Go 30 Jours	0630HUHY9MA	RUSSIA-5GB-30D	13.99		30/06/2026 20:01:10 MEST	4		11			8721438409549		AMAZON_EU	Migrated Template	Active		
Rwanda eSIM 20 Go 30 Jours	0630HUM6UP8	RWANDA-20GB-30D	97.99		30/06/2026 20:14:13 MEST	4		11			8721438409587		AMAZON_EU	Migrated Template	Active		
Rwanda eSIM 3 Go 15 Jours	0630HUFG7QZ	RWANDA-3GB-15D	24.99		30/06/2026 20:07:44 MEST	4		11			8721438409563		AMAZON_EU	Migrated Template	Active		
Rwanda eSIM 5 Go 30 Jours	0630HUC95X6	RWANDA-5GB-30D	32.99		30/06/2026 20:11:16 MEST	4		11			8721438409570		AMAZON_EU	Migrated Template	Active		
Saint Barthélemy eSIM 20 Go 30 Jours	0630HUP7WI1	SAINT-BARTHELEMY-20GB-30D	16.99		30/06/2026 20:24:10 MEST	4		11			8721438409617		AMAZON_EU	Migrated Template	Active		
Saint Barthélemy eSIM 3 Go 15 Jours	0630HUFHGTB	SAINT-BARTHELEMY-3GB-15D	8.99		30/06/2026 20:17:42 MEST	4		11			8721438409594		AMAZON_EU	Migrated Template	Active		
Saint Barthélemy eSIM 5 Go 30 Jours	0630HUNZ76H	SAINT-BARTHELEMY-5GB-30D	9.99		30/06/2026 20:20:53 MEST	4		11			8721438409600		AMAZON_EU	Migrated Template	Active		
Saint-Kitts-et-Nevis eSIM 20GB 30Days	0630HUM55J7	SAINT-KITTS-AND-NEVIS-20GB-30D	103.99		30/06/2026 20:33:24 MEST	4		11			8721438409648		AMAZON_EU	Migrated Template	Active		
Saint-Kitts-et-Nevis eSIM 3GB 15Days	0630HULEP3X	SAINT-KITTS-AND-NEVIS-3GB-15D	29.99		30/06/2026 20:27:18 MEST	4		11			8721438409624		AMAZON_EU	Migrated Template	Active		
Saint-Kitts-et-Nevis eSIM 5 Go 30 Jours	0630HUKJQOU	SAINT-KITTS-AND-NEVIS-5GB-30D	38.99		30/06/2026 20:30:27 MEST	4		11			8721438409631		AMAZON_EU	Migrated Template	Active		
Sainte-Lucie eSIM 20 Go 30 Jours	0630HUMTI3A	SAINT-LUCIA-20GB-30D	103.99		30/06/2026 20:42:58 MEST	4		11			8721438409679		AMAZON_EU	Migrated Template	Active		
Sainte-Lucie eSIM 3 Go 15 Jours	0630HUNQMTH	SAINT-LUCIA-3GB-15D	29.99		30/06/2026 20:37:01 MEST	4		11			8721438409655		AMAZON_EU	Migrated Template	Active		
Sainte-Lucie eSIM 5 Go 30 Jours	0630HUKQJVU	SAINT-LUCIA-5GB-30D	38.99		30/06/2026 20:40:02 MEST	4		11			8721438409662		AMAZON_EU	Migrated Template	Active		
Saint Martin eSIM 20 Go 30 Jours	0630HUL4C3Z	SAINT-MARTIN-20GB-30D	16.99		30/06/2026 20:52:43 MEST	4		11			8721438409709		AMAZON_EU	Migrated Template	Active		
Saint Martin eSIM 3 Go 15 Jours	0630HUJ737F	SAINT-MARTIN-3GB-15D	8.99		30/06/2026 20:46:05 MEST	4		11			8721438409686		AMAZON_EU	Migrated Template	Active		
Saint Martin eSIM 5 Go 30 Jours	0630HUMZK1H	SAINT-MARTIN-5GB-30D	9.99		30/06/2026 20:49:26 MEST	4		11			8721438409693		AMAZON_EU	Migrated Template	Active		
Saint-Vincent-et-Les Grenadines eSIM 3 Go 15 Jours	0630HUJLZ5Y	SAINT-VINCENT-AND-THE-GRENADINES-3GB-15D	34.99		30/06/2026 20:55:50 MEST	4		11			8721438409716		AMAZON_EU	Migrated Template	Active		
Saint Vincent-et-Les Grenadines eSIM 5 Go 30 Jours	0630HUPRX3Z	SAINT-VINCENT-AND-THE-GRENADINES-5GB-30D	46.99		30/06/2026 20:59:32 MEST	4		11			8721438409723		AMAZON_EU	Migrated Template	Active		
Samoa eSIM 20 Go 30 Jours	0630HUOYVV5	SAMOA-20GB-30D	295.99		30/06/2026 21:13:29 MEST	4		11			8721438409761		AMAZON_EU	Migrated Template	Active		
Samoa eSIM 3 Go 15 Jours	0630HUQZIA9	SAMOA-3GB-15D	58.99		30/06/2026 21:06:30 MEST	4		11			8721438409747		AMAZON_EU	Migrated Template	Active		
Samoa eSIM 5 Go 30 Jours	0630HUMWB3X	SAMOA-5GB-30D	80.99		30/06/2026 21:10:22 MEST	4		11			8721438409754		AMAZON_EU	Migrated Template	Active		
Carte eSIM Saint-Marin 20 Go 30 Jours	0630HUP0811	SAN-MARINO-20GB-30D	16.99		30/06/2026 21:23:04 MEST	4		11			8721438409792		AMAZON_EU	Migrated Template	Active		
San Marino eSIM 3 Go 15 Jours	0630HURM90V	SAN-MARINO-3GB-15D	8.99		30/06/2026 21:16:36 MEST	4		11			8721438409778		AMAZON_EU	Migrated Template	Active		
San Marino eSIM 5 Go 30 Jours	0630HUP0LKB	SAN-MARINO-5GB-30D	9.99		30/06/2026 21:19:57 MEST	4		11			8721438409785		AMAZON_EU	Migrated Template	Active		
Arabie Saoudite eSIM 20 Go 30 Jours	0701HXET1WG	SAUDI-ARABIA-20GB-30D	33.99		01/07/2026 12:16:26 MEST	4		11			8721438406548		AMAZON_EU	Migrated Template	Active		
Arabie Saoudite eSIM 3 Go 15 Jours	0701HXHKF02	SAUDI-ARABIA-3GB-15D	11.99		01/07/2026 12:08:39 MEST	4		11			8721438406500		AMAZON_EU	Migrated Template	Active		
Arabie Saoudite eSIM 5 Go 30 Jours	0701HXFMZ08	SAUDI-ARABIA-5GB-30D	14.99		01/07/2026 12:12:45 MEST	4		11			8721438406524		AMAZON_EU	Migrated Template	Active		
Sénégal eSIM 3 Go 15 Jours	0701HXIP258	SENEGAL-3GB-15D	16.99		01/07/2026 12:20:17 MEST	4		11			8721438406562		AMAZON_EU	Migrated Template	Active		
Sénégal eSIM 5 Go 30 Jours	0701HXKFR0U	SENEGAL-5GB-30D	18.99		01/07/2026 12:24:24 MEST	4		11			8721438406579		AMAZON_EU	Migrated Template	Active		
Serbie eSIM 3 Go 15 Jours	0701HXLS9ND	SERBIA-3GB-15D	8.99		01/07/2026 12:28:05 MEST	4		11			8721438406593		AMAZON_EU	Migrated Template	Active		
Seychelles eSIM 3 Go 15 Jours	0701HX9KNN3	SEYCHELLES-3GB-15D	17.99		01/07/2026 12:36:03 MEST	4		11			8721438406630		AMAZON_EU	Migrated Template	Active		
Seychelles eSIM 5 Go 30 Jours	0701HXCVJ6Z	SEYCHELLES-5GB-30D	28.99		01/07/2026 12:40:09 MEST	4		11			8721438406647		AMAZON_EU	Migrated Template	Active		
Singapour eSIM 20 Go 30 Jours	0325HRTY7PO	SG_20_30	17.94		25/03/2026 09:14:10 MET	1		11			B0FRB256K8		AMAZON_EU	Migrated Template	Active		
Singapour eSIM 5 Go 30 Jours	0325HRTQ1BF	SG_5_30	9.89		25/03/2026 09:04:25 MET	1		11			B0FR9X3Y3R		AMAZON_EU	Migrated Template	Active		
Sierra Leone eSIM 20 Go 30 Jours	0630HUQ88RS	SIERRA-LEONE-20GB-30D	94.99		30/06/2026 21:33:11 MEST	4		11			8721438409822		AMAZON_EU	Migrated Template	Active		
Sierra Leone eSIM 3 Go 15 Jours	0630HUOUL5P	SIERRA-LEONE-3GB-15D	26.99		30/06/2026 21:26:32 MEST	4		11			8721438409808		AMAZON_EU	Migrated Template	Active		
Sierra Leone eSIM 5 Go 30 Jours	0630HUR0POE	SIERRA-LEONE-5GB-30D	33.99		30/06/2026 21:30:15 MEST	4		11			8721438409815		AMAZON_EU	Migrated Template	Active		
Singapour eSIM 20 Go 30 Jours	0701HXS76G3	SINGAPORE-20GB-30D	15.99		01/07/2026 12:48:06 MEST	4		11			8721438406692		AMAZON_EU	Migrated Template	Active		
Singapour eSIM 5 Go 30 Jours	0701HXA211R	SINGAPORE-5GB-30D	9.99		01/07/2026 12:44:00 MEST	4		11			8721438406678		AMAZON_EU	Migrated Template	Active		
Slovaquie eSIM 20 Go 30 Jours	0701HXJAJXV	SLOVAKIA-20GB-30D	15.99		01/07/2026 12:59:17 MEST	4		11			8721438406807		AMAZON_EU	Migrated Template	Active		
Slovaquie eSIM 3 Go 15 Jours	0701HXHJ5FC	SLOVAKIA-3GB-15D	8.99		01/07/2026 12:51:56 MEST	4		11			8721438406760		AMAZON_EU	Migrated Template	Active		
Slovaquie eSIM 5 Go 30 Jours	0701HXONLMS	SLOVAKIA-5GB-30D	9.99		01/07/2026 12:55:50 MEST	4		11			8721438406784		AMAZON_EU	Migrated Template	Active		
Slovénie eSIM 20 Go 30 Jours	0701HXMFG3F	SLOVENIA-20GB-30D	15.99		01/07/2026 13:10:49 MEST	4		11			8721438406876		AMAZON_EU	Migrated Template	Active		
Slovénie eSIM 3 Go 15 Jours	0701HXL0XCM	SLOVENIA-3GB-15D	8.99		01/07/2026 13:03:06 MEST	4		11			8721438406838		AMAZON_EU	Migrated Template	Active		
Slovénie eSIM 5 Go 30 Jours	0701HXGI76G	SLOVENIA-5GB-30D	9.99		01/07/2026 13:07:08 MEST	4		11			8721438406852		AMAZON_EU	Migrated Template	Active		
Sénégal eSIM 3 Go 15 Jours	0325HSD41Y5	SN_3_15	29.52		25/03/2026 09:49:49 MET	1		11			B0FRB4HX92		AMAZON_EU	Migrated Template	Active		
Sénégal eSIM 5 Go 30 Jours	0325HS6T36K	SN_5_30	43.3		25/03/2026 10:53:51 MET	1		11			B0FRB68H77		AMAZON_EU	Migrated Template	Active		
Afrique du Sud eSIM 5 Go 30 Jours	0701HXL5VCD	SOUTH-AFRICA-5GB-30D	15.99		01/07/2026 13:14:42 MEST	4		11			8721438406913		AMAZON_EU	Migrated Template	Active		
Amérique du Sud eSIM 5 Go 30 Jours	0701HXLVBNZ	SOUTH-AMERICA-5GB-30D	21.99		01/07/2026 13:18:58 MEST	4		11			8721438406968		AMAZON_EU	Migrated Template	Active		
Corée du Sud eSIM 3 Go 15 Jours	0701HXJVZZB	SOUTH-KOREA-3GB-15D	8.99		01/07/2026 13:23:12 MEST	4		11			8721438406982		AMAZON_EU	Migrated Template	Active		
Espagne eSIM 3 Go 15 Jours	0701HXMSRBB	SPAIN-3GB-15D	8.99		01/07/2026 13:34:51 MEST	4		11			8721438407095		AMAZON_EU	Migrated Template	Active		
Espagne eSIM 5 Go 30 Jours	0701HXDS1G0	SPAIN-5GB-30D	9.99		01/07/2026 13:38:58 MEST	4		11			8721438407118		AMAZON_EU	Migrated Template	Active		
Sri Lanka eSIM 20 Go 30 Jours	0701HXRWCM8	SRI-LANKA-20GB-30D	28.99		01/07/2026 13:54:17 MEST	4		11			8721438407231		AMAZON_EU	Migrated Template	Active		
Sri Lanka eSIM 3 Go 15 Jours	0701HXPXB10	SRI-LANKA-3GB-15D	10.99		01/07/2026 13:46:30 MEST	4		11			8721438407194		AMAZON_EU	Migrated Template	Active		
Sri Lanka eSIM 5 Go 30 Jours	0701HXN31RZ	SRI-LANKA-5GB-30D	12.99		01/07/2026 13:50:36 MEST	4		11			8721438407217		AMAZON_EU	Migrated Template	Active		
Soudan eSIM 3 Go 15 Jours	0701HXLC55F	SUDAN-3GB-15D	22.99		01/07/2026 13:58:07 MEST	4		11			8721438407316		AMAZON_EU	Migrated Template	Active		
Soudan eSIM 5 Go 30 Jours	0701HXO8LBS	SUDAN-5GB-30D	30.99		01/07/2026 14:01:51 MEST	4		11			8721438407323		AMAZON_EU	Migrated Template	Active		
Suriname eSIM 20 Go 30 Jours	0630HURXVMX	SURINAME-20GB-30D	74.99		30/06/2026 21:42:45 MEST	4		11			8721438409853		AMAZON_EU	Migrated Template	Active		
Suriname eSIM 3 Go 15 Jours	0630HUQYGYM	SURINAME-3GB-15D	19.99		30/06/2026 21:36:18 MEST	4		11			8721438409839		AMAZON_EU	Migrated Template	Active		
Suriname eSIM 5 Go 30 Jours	0630HUOS5MO	SURINAME-5GB-30D	32.99		30/06/2026 21:39:49 MEST	4		11			8721438409846		AMAZON_EU	Migrated Template	Active		
Saint-Vincent-et-Les Grenadines eSIM 20 Go 30 Jours	0630HUR5YEN	SVG-20GB-30D	125.99		30/06/2026 21:02:29 MEST	4		11			8721438409730		AMAZON_EU	Migrated Template	Active		
Suède eSIM 3 Go 15 Jours	0701HXQBOM8	SWEDEN-3GB-15D	8.99		01/07/2026 14:05:42 MEST	4		11			8721438407361		AMAZON_EU	Migrated Template	Active		
Suisse eSIM 3 Go 15 Jours	0701HXRX8YP	SWITZERLAND-3GB-15D	8.99		01/07/2026 14:17:23 MEST	4		11			8721438407422		AMAZON_EU	Migrated Template	Active		
Suisse eSIM 5 Go 30 Jours	0701HXWT2AE	SWITZERLAND-5GB-30D	9.99		01/07/2026 14:21:53 MEST	4		11			8721438407446		AMAZON_EU	Migrated Template	Active		
Tadjikistan eSIM 20 Go 30 Jours	0630HURR4A0	TAJIKISTAN-20GB-30D	41.99		30/06/2026 21:53:10 MEST	4		11			8721438409884		AMAZON_EU	Migrated Template	Active		
Tadjikistan eSIM 3 Go 15 Jours	0630HUPYKRB	TAJIKISTAN-3GB-15D	15.99		30/06/2026 21:46:12 MEST	4		11			8721438409860		AMAZON_EU	Migrated Template	Active		
Tadjikistan eSIM 5 Go 30 Jours	0630HUPVSC2	TAJIKISTAN-5GB-30D	16.99		30/06/2026 21:49:43 MEST	4		11			8721438409877		AMAZON_EU	Migrated Template	Active		
Tanzanie eSIM 3 Go 15 Jours	0701HXV8KVX	TANZANIA-3GB-15D	16.99		01/07/2026 14:29:04 MEST	4		11			8721438407491		AMAZON_EU	Migrated Template	Active		
Thaïlande eSIM 3 Go 15 Jours	0701HXV20SE	THAILAND-3GB-15D	8.99		01/07/2026 14:33:21 MEST	4		11			8721438407514		AMAZON_EU	Migrated Template	Active		
Thaïlande eSIM 5 Go 30 Jours	0701HY2VBE8	THAILAND-5GB-30D	9.99		01/07/2026 14:37:26 MEST	4		11			8721438407538		AMAZON_EU	Migrated Template	Active		
Thaïlande eSIM 3 Go 15 Jours	0325HSA6M9U	TH_3_15	7.61		25/03/2026 10:05:40 MET	1		11			B0FRCDPJSH		AMAZON_EU	Migrated Template	Active		
Thaïlande eSIM 5 Go 30 Jours	0325HS2IWEF	TH_5_30	4.74		25/03/2026 09:37:18 MET	1		11			B0FR9Q5D1J		AMAZON_EU	Migrated Template	Active		
Trinité-et-Tobago eSIM 20 Go 30 Jours	0630HURU4L9	TRINIDAD-AND-TOBAGO-20GB-30D	96.99		30/06/2026 22:03:03 MEST	4		11			8721438409914		AMAZON_EU	Migrated Template	Active		
Trinité-et-Tobago eSIM 3 Go 15 Jours	0630HUTXT1H	TRINIDAD-AND-TOBAGO-3GB-15D	22.99		30/06/2026 21:56:16 MEST	4		11			8721438409891		AMAZON_EU	Migrated Template	Active		
Trinité-et-Tobago eSIM 5 Go 30 Jours	0630HURJ8BD	TRINIDAD-AND-TOBAGO-5GB-30D	33.99		30/06/2026 21:59:47 MEST	4		11			8721438409907		AMAZON_EU	Migrated Template	Active		
Turquie eSIM 3 Go 15 Jours	0325HS450MK	TR_3_15	6.47		25/03/2026 09:47:46 MET	1		11			B0FRC2PSHM		AMAZON_EU	Migrated Template	Active		
Turquie eSIM 5 Go 30 Jours	0325HRYWPFK	TR_5_30	4.74		25/03/2026 09:03:16 MET	1		11			B0FRCBZ1BB		AMAZON_EU	Migrated Template	Active		
Turquie eSIM 3 Go 15 Jours	0701HXZCWH9	TURKEY-3GB-15D	8.99		01/07/2026 14:49:13 MEST	4		11			8721438407682		AMAZON_EU	Migrated Template	Active		
Turquie eSIM 5 Go 30 Jours	0701HY3JUDN	TURKEY-5GB-30D	8.99		01/07/2026 14:53:18 MEST	4		11			8721438407705		AMAZON_EU	Migrated Template	Active		
Iles Turques et Caïques eSIM 20 Go 30 Jours	0630HUSO2T0	TURKS-AND-CAICOS-ISLANDS-20GB-30D	90.99		30/06/2026 22:13:29 MEST	4		11			8721438409945		AMAZON_EU	Migrated Template	Active		
Iles Turques et Caïques eSIM 3 Go 15 Jours	0630HUSODH2	TURKS-AND-CAICOS-ISLANDS-3GB-15D	23.99		30/06/2026 22:06:41 MEST	4		11			8721438409921		AMAZON_EU	Migrated Template	Active		
Iles Turques et Caïques eSIM 5 Go 30 Jours	0630HUSWDM4	TURKS-AND-CAICOS-ISLANDS-5GB-30D	29.99		30/06/2026 22:09:52 MEST	4		11			8721438409938		AMAZON_EU	Migrated Template	Active		
Tanzanie eSIM 3 Go 15 Jours	0325HSHRLHI	TZ_3_15	26.1		25/03/2026 10:06:19 MET	1		11			B0FRC81NPJ		AMAZON_EU	Migrated Template	Active		
Uganda eSIM 3 Go 15 Jours	0701HY3RVMM	UGANDA-3GB-15D	18.99		01/07/2026 15:00:50 MEST	4		11			8721438407798		AMAZON_EU	Migrated Template	Active		
Ukraine eSIM 3 Go 15 Jours	0701HY6UW9X	UKRAINE-3GB-15D	8.99		01/07/2026 15:04:44 MEST	4		11			8721438407811		AMAZON_EU	Migrated Template	Active		
Émirats Arabes Unis eSIM 20 Go 30 Jours	0701HY6UMG8	UNITED-ARAB-EMIRATES-20GB-30D	36.99		01/07/2026 15:20:48 MEST	4		11			8721438407927		AMAZON_EU	Migrated Template	Active		
Émirats Arabes Unis eSIM 3 Go 15 Jours	0701HY3ID9K	UNITED-ARAB-EMIRATES-3GB-15D	12.99		01/07/2026 15:12:40 MEST	4		11			8721438407873		AMAZON_EU	Migrated Template	Active		
Émirats Arabes Unis eSIM 5 Go 30 Jours	0701HY6QC6D	UNITED-ARAB-EMIRATES-5GB-30D	15.99		01/07/2026 15:16:43 MEST	4		11			8721438407897		AMAZON_EU	Migrated Template	Active		
Royaume-Uni eSIM 20 Go 30 Jours	0701HY495TJ	UNITED-KINGDOM-20GB-30D	15.99		01/07/2026 15:32:03 MEST	4		11			8721438408023		AMAZON_EU	Migrated Template	Active		
Royaume-Uni eSIM 3 Go 15 Jours	0701HYFHDL0	UNITED-KINGDOM-3GB-15D	8.99		01/07/2026 15:24:15 MEST	4		11			8721438407989		AMAZON_EU	Migrated Template	Active		
Royaume-Uni eSIM 5 Go 30 Jours	0701HY44KQR	UNITED-KINGDOM-5GB-30D	9.99		01/07/2026 15:28:22 MEST	4		11			8721438408009		AMAZON_EU	Migrated Template	Active		
eSIM États-Unis 3 Go 15 Jours	0701HY12W6R	UNITED-STATES-3GB-15D	8.99		01/07/2026 15:36:49 MEST	4		11			8721438408092		AMAZON_EU	Migrated Template	Active		
eSIM États-Unis 5 Go 30 Jours	0701HY9VUNM	UNITED-STATES-5GB-30D	9.99		01/07/2026 15:39:59 MEST	4		11			8721438408139		AMAZON_EU	Migrated Template	Active		
Uruguay eSIM 3 Go 15 Jours	0701HY4712A	URUGUAY-3GB-15D	17.99		01/07/2026 15:43:49 MEST	4		11			8721438408191		AMAZON_EU	Migrated Template	Active		
eSIM États-Unis 3 Go 15 Jours	0325HS5MR4X	US_3_15	7.61		25/03/2026 09:56:43 MET	1		11			B0FRCFXK3V		AMAZON_EU	Migrated Template	Active		
eSIM États-Unis 5 Go 30 Jours	0325HSFAVTH	US_5_30	6.46		25/03/2026 10:47:36 MET	1		11			B0FRC2PQ8H		AMAZON_EU	Migrated Template	Active		
Uzbékistan eSIM 5 Go 30 Jours	0701HYDAVL2	UZBEKISTAN-5GB-30D	9.99		01/07/2026 15:48:04 MEST	4		11			8721438408221		AMAZON_EU	Migrated Template	Active		
eSIM Cité du Vatican 20 Go 30 Jours	0630HUSN0JK	VATICAN-CITY-20GB-30D	15.99		30/06/2026 22:22:43 MEST	4		11			8721438409976		AMAZON_EU	Migrated Template	Active		
Cité du Vatican eSIM 3 Go 15 Jours	0630HUT7Y9Y	VATICAN-CITY-3GB-15D	8.99		30/06/2026 22:16:15 MEST	4		11			8721438409952		AMAZON_EU	Migrated Template	Active		
Cité du Vatican eSIM 5 Go 30 Jours	0630HUQMC33	VATICAN-CITY-5GB-30D	9.99		30/06/2026 22:19:47 MEST	4		11			8721438409969		AMAZON_EU	Migrated Template	Active		
Vietnam eSIM 20 Go 30 Jours	0701HY1IWZV	VIETNAM-20GB-30D	22.99		01/07/2026 16:00:04 MEST	4		11			8721438408283		AMAZON_EU	Migrated Template	Active		
Vietnam eSIM 5 Go 30 Jours	0701HY1AO6H	VIETNAM-5GB-30D	10.99		01/07/2026 15:56:24 MEST	4		11			8721438408269		AMAZON_EU	Migrated Template	Active		
Zambie eSIM 3 Go 15 Jours	0701HYFUJC1	ZAMBIA-3GB-15D	17.99		01/07/2026 16:03:55 MEST	4		11			8721438408344		AMAZON_EU	Migrated Template	Active		
Zambie eSIM 5 Go 30 Jours	0701HYG4CMC	ZAMBIA-5GB-30D	28.99		01/07/2026 16:08:00 MEST	4		11			8721438408351		AMAZON_EU	Migrated Template	Active		
Afrique du Sud eSIM 5 Go 30 Jours	0325HRZDLRI	ZA_5_30	17.94		25/03/2026 09:26:35 MET	1		11			B0FRB3R6F3		AMAZON_EU	Migrated Template	Active		
Albanie eSIM 5 Go 30 Jours	0630HUYNLT1	ALBANIA-5GB-30D	10.99		30/06/2026 22:49:22 MEST	4		11			8721438400102		AMAZON_EU	Migrated Template	Inactive		
Asia-20 eSIM 3 Go 15 Jours	0630HV4V6TZ	ASIA-20-3GB-15D	12.99		30/06/2026 23:06:49 MEST	4		11			8721438400317		AMAZON_EU	Migrated Template	Inactive		
Asia-20 eSIM 5 Go 30 Jours	0630HUW10E5	ASIA-20-5GB-30D	13.99		30/06/2026 23:10:53 MEST	4		11			8721438400324		AMAZON_EU	Migrated Template	Inactive		
Canada eSIM 20 Go 30 jours | SIM de données Pay As You Go | Installation facile | SIM de voyage pour touristes et entreprises | Vitesses 3G/4G	0325HRWN301	CA_20_30	29.6		25/03/2026 09:03:39 MET	1		11			B0FR9BY42D		AMAZON_EU	Migrated Template	Inactive		
Canada eSIM 3 Go 15 jours | SIM de données Pay As You Go | Installation facile | SIM de voyage pour touristes et entreprises | Vitesses 3G/4G	0325HRYVM0C	CA_3_15	12.31		25/03/2026 09:02:55 MET	1		11			B0FR9RZLF3		AMAZON_EU	Migrated Template	Inactive		
Canada eSIM 5 Go 30 jours | SIM de données Pay As You Go | Installation facile | SIM de voyage pour touristes et entreprises | Vitesses 3G/4G	0325HS3VBWR	CA_5_30	15.77		25/03/2026 09:40:14 MET	1		11			B0FR9SYCBK		AMAZON_EU	Migrated Template	Inactive		
Chili eSIM 3 Go 15 Jours	0630HV6S5W1	CHILE-3GB-15D	14.99		01/07/2026 01:00:11 MEST	4		11			8721438401451		AMAZON_EU	Migrated Template	Inactive		
China eSIM 20 Go 30 Jours	0630HV0PQM6	CHINA-20GB-30D	18.99		01/07/2026 01:11:59 MEST	4		11			8721438401604		AMAZON_EU	Migrated Template	Inactive		
Suisse eSIM 20 Go 30 Jours	0325HS5RZHK	CH_20_30	16.82		25/03/2026 10:07:27 MET	1		11			B0FRB6VY7S		AMAZON_EU	Migrated Template	Inactive		
China eSIM 20 Go 30 Jours	0325HS93U8D	CN_20_30	19.68		25/03/2026 10:47:52 MET	1		11			B0FR9GD6X9		AMAZON_EU	Migrated Template	Inactive		
Carte SIM égyptienne 3 Go 30 jours | Carte SIM de données Pay As You Go | Installation facile | SIM de voyage pour les touristes et les entreprises | Vitesses 3G/4G	0325HRQUURK	EG_3_30	14.57		25/03/2026 09:04:19 MET	1		11			B0FR9GNL93		AMAZON_EU	Migrated Template	Inactive		
Espagne eSIM 20 Go 30 Jours	0325HRWNLQK	ES_20_30	17.93		25/03/2026 09:29:51 MET	1		11			B0FRCMPGPL		AMAZON_EU	Migrated Template	Inactive		
Europe (Plus de 40 Zones) eSIM 20 Go 30 Jours	0701HVBURCZ	EUROPE-40-AREAS-20GB-30D	19.99		01/07/2026 02:51:34 MEST	4		11			8721438402496		AMAZON_EU	Migrated Template	Inactive		
Global139 eSIM 5 Go 30 Jours	0701HVEOB0V	GLOBAL139-5GB-30D	42.99		01/07/2026 03:38:27 MEST	4		11			8721438403004		AMAZON_EU	Migrated Template	Inactive		
Hajjj Package Luxury 10 Go eSIM 30 Jours | Guide de Voyage Hajj Luxury + Guides de Voyage en Arabie Saoudite | 3G/4G/5G	0602HP99LQ2	HAJJ-LUX-10GB-30D	71.99		03/06/2026 00:24:33 MEST	1		11			B0H3L75HDS		AMAZON_EU	Migrated Template	Inactive		
Irak eSIM 20 Go 30 Jours	0630HUGGOBU	IRAQ-20GB-30D	32.99		30/06/2026 18:28:38 MEST	4		11			8721438409259		AMAZON_EU	Migrated Template	Inactive		
Irak eSIM 5 Go 30 Jours	0630HU8CTVJ	IRAQ-5GB-30D	16.99		30/06/2026 18:25:52 MEST	4		11			8721438409242		AMAZON_EU	Migrated Template	Inactive		
Norvège eSIM 20 Go 30 Jours	0701HX0G8FH	NORWAY-20GB-30D	15.99		01/07/2026 10:34:32 MEST	4		11			8721438405930		AMAZON_EU	Migrated Template	Inactive		
Reunion eSIM 3 Go 15 Jours	0701HXC77VK	REUNION-3GB-15D	8.99		01/07/2026 12:00:45 MEST	4		11			8721438406470		AMAZON_EU	Migrated Template	Inactive		
Reunion eSIM 5 Go 30 Jours	0701HYW9XEK	REUNION-5GB-30D	9.99		01/07/2026 21:19:55 MEST	4		11			8721438406487		AMAZON_EU	Migrated Template	Inactive		
Serbie eSIM 20 Go 30 Jours	0701HXHO6NG	SERBIA-20GB-30D	21.99		01/07/2026 12:32:11 MEST	4		11			8721438406616		AMAZON_EU	Migrated Template	Inactive		
Singapour eSIM 3 Go 30 jours | SIM de données Pay As You Go | Installation facile | SIM de voyage pour les touristes et les entreprises | Vitesses 3G/4G/5G	0325HRY2LZ6	SG_3_30	12.3		25/03/2026 08:47:09 MET	1		11			B0FRB3KY59		AMAZON_EU	Migrated Template	Inactive		
Corée du Sud eSIM 20 Go 30 Jours	0701HXUZ15D	SOUTH-KOREA-20GB-30D	15.99		01/07/2026 13:30:58 MEST	4		11			8721438407019		AMAZON_EU	Migrated Template	Inactive		
Corée du Sud eSIM 5 Go 30 Jours	0701HXTM9JP	SOUTH-KOREA-5GB-30D	9.99		01/07/2026 13:27:18 MEST	4		11			8721438406999		AMAZON_EU	Migrated Template	Inactive		
Espagne eSIM 20 Go 30 Jours	0701HXPS6BF	SPAIN-20GB-30D	15.99		01/07/2026 13:42:39 MEST	4		11			8721438407132		AMAZON_EU	Migrated Template	Inactive		
Suède eSIM 20 Go 30 Jours	0701HXUF2YR	SWEDEN-20GB-30D	15.99		01/07/2026 14:13:31 MEST	4		11			8721438407408		AMAZON_EU	Migrated Template	Inactive		
Suède eSIM 5 Go 30 Jours	0701HXRI0GI	SWEDEN-5GB-30D	9.99		01/07/2026 14:09:50 MEST	4		11			8721438407385		AMAZON_EU	Migrated Template	Inactive		
Suisse eSIM 20 Go 30 Jours	0701HXUWGDU	SWITZERLAND-20GB-30D	15.99		01/07/2026 14:25:12 MEST	4		11			8721438407460		AMAZON_EU	Migrated Template	Inactive		
Thaïlande eSIM 20 Go 30 Jours	0701HXXWEJ4	THAILAND-20GB-30D	15.99		01/07/2026 14:41:07 MEST	4		11			8721438407552		AMAZON_EU	Migrated Template	Inactive		
Thaïlande eSIM 20 Go 30 Jours	0325HRXUK6M	TH_20_30	17.95		25/03/2026 09:34:40 MET	1		11			B0FRCHW3MW		AMAZON_EU	Migrated Template	Inactive		
Tunisie eSIM 10 Go 30 jours | eSIM de voyage prépayée | SIM numérique Pay As You Go | Installation facile | SIM de données pour les touristes et les entreprises | Vitesses 3G/4G	0325HS2Q1L6	TN_10_30	23.27		25/03/2026 09:42:24 MET	1		11			B0FRB85GLD		AMAZON_EU	Migrated Template	Inactive		
Tunisie eSIM 3 Go 30 jours | eSIM de voyage prépayée | SIM numérique Pay As You Go | Installation facile | SIM de données pour les touristes et les entreprises | Vitesses 3G/4G	0325HS5C24N	TN_3_30	11.71		25/03/2026 10:02:02 MET	1		11			B0FRCKZKVY		AMAZON_EU	Migrated Template	Inactive		
Tunisie eSIM 5 Go 30 Jours	0325HRWPBK9	TN_5_30	14.51		25/03/2026 09:03:44 MET	1		11			B0FRB7Q96Z		AMAZON_EU	Migrated Template	Inactive		
Turquie eSIM 20 Go 30 Jours	0325HS5Z0RR	TR_20_30	16.76		25/03/2026 10:06:24 MET	1		11			B0FRCYMWCX		AMAZON_EU	Migrated Template	Inactive		
Tunisie eSIM 5 Go 30 Jours	0701HXTB893	TUNISIA-5GB-30D	11.99		01/07/2026 14:44:57 MEST	4		11			8721438407644		AMAZON_EU	Migrated Template	Inactive		
Turquie eSIM 20 Go 30 Jours	0701HXZ954T	TURKEY-20GB-30D	17.99		01/07/2026 14:56:58 MEST	4		11			8721438407729		AMAZON_EU	Migrated Template	Inactive		
Ukraine eSIM 5 Go 30 Jours	0702HZIGQ7E	UKRAINE-5GB-30D	9.99		02/07/2026 02:11:02 MEST	4		11			8721438407835		AMAZON_EU	Migrated Template	Inactive		
Carte SIM américaine eSIM 20 Go 90 jours | Pay As You Go Data SIM | Installation facile | SIM de voyage américaine pour touristes et entreprises | Vitesses 3G/4G	0325HS904BS	US_20_90	26.69		25/03/2026 10:39:01 MET	1		11			B0FRB9JP2K		AMAZON_EU	Migrated Template	Inactive		
Vietnam eSIM 3 Go 15 Jours	0701HY4E3P3	VIETNAM-3GB-15D	8.99		01/07/2026 15:52:19 MEST	4		11			8721438408252		AMAZON_EU	Migrated Template	Inactive		
Carte SIM 10 Go 30 jours d'Afrique du Sud | eSIM de voyage prépayée | SIM numérique Pay As You Go | Installation facile | SIM de données pour les touristes et les entreprises | Vitesses 3G/4G	0325HRVBL9S	ZA_10_30	31.32		25/03/2026 09:04:01 MET	1		11			B0FRB4RSW2		AMAZON_EU	Migrated Template	Inactive		
Iles Aaland eSIM 3 Go 15 Jours	0630HUU0UM8	AALAND-ISLANDS-ESIM		0	30/06/2026 22:35:33 MEST	1		11			B0H739DK29	0	DEFAULT	Migrated Template	Incomplete		
Africa eSIM 5 Go 30 Jours	0630HUTW45N	AFRICA-ESIM		0	30/06/2026 22:45:48 MEST	1		11			B0H73CDYV3	0	DEFAULT	Migrated Template	Incomplete		
Albanie eSIM 5 Go 30 Jours	0630HUYNYTS	ALBANIA-ESIM		0	30/06/2026 22:49:18 MEST	1		11			B0H73Q2ZJC	0	DEFAULT	Migrated Template	Incomplete		
Algérie eSIM 5 Go 30 Jours	0630HTFP7FD	ALGERIA-ESIM		0	30/06/2026 13:22:24 MEST	1		11			B0H71WQ56B	0	DEFAULT	Migrated Template	Incomplete		
Andorre eSIM 3 Go 15 Jours	0630HTRITWA	ANDORRA-ESIM		0	30/06/2026 13:34:06 MEST	1		11			B0H721ZDS1	0	DEFAULT	Migrated Template	Incomplete		
Angola eSIM 3 Go 15 Jours	0630HTP2OXF	ANGOLA-ESIM		0	30/06/2026 13:45:18 MEST	1		11			B0H71PPC7C	0	DEFAULT	Migrated Template	Incomplete		
Anguilla eSIM 3 Go 15 Jours	0630HTIU44Z	ANGUILLA-ESIM		0	30/06/2026 14:01:52 MEST	1		11			B0H71WYJW5	0	DEFAULT	Migrated Template	Incomplete		
Antigua-et-Barbuda eSIM 5 Go 30 Jours	0630HTR144R	ANTIGUA-AND-BARBUDA-ESIM		0	30/06/2026 14:12:36 MEST	1		11			B0H71RHSTD	0	DEFAULT	Migrated Template	Incomplete		
Argentine eSIM 3 Go 15 Jours	0630HUVGA04	ARGENTINA-ESIM		0	30/06/2026 22:53:10 MEST	1		11			B0H72VZKMP	0	DEFAULT	Migrated Template	Incomplete		
Armenia eSIM 3 Go 15 Jours	0630HUVW9BX	ARMENIA-ESIM		0	30/06/2026 23:00:08 MEST	1		11			B0H73FV9YZ	0	DEFAULT	Migrated Template	Incomplete		
Asia-20 eSIM 5 Go 30 Jours	0630HV2EJ51	ASIA-20-ESIM		0	30/06/2026 23:06:46 MEST	1		11			B0H738HK8S	0	DEFAULT	Migrated Template	Incomplete		
Autriche eSIM 20 Go 30 Jours	0630HV25Q9U	AUSTRIA-ESIM		0	30/06/2026 23:26:06 MEST	1		11			B0H72WVWPF	0	DEFAULT	Migrated Template	Incomplete		
Azerbaïdjan eSIM 3 Go 15 Jours	0630HUZY7M7	AZERBAIJAN-ESIM		0	30/06/2026 23:35:52 MEST	1		11			B0H73KK565	0	DEFAULT	Migrated Template	Incomplete		
Bahamas eSIM 20 Go 30 Jours	0630HTKL8R8	BAHAMAS-ESIM		0	30/06/2026 14:40:55 MEST	1		11			B0H71YS447	0	DEFAULT	Migrated Template	Incomplete		
Bahreïn eSIM 3 Go 15 Jours	0630HV4YIQS	BAHRAIN-ESIM		0	30/06/2026 23:39:45 MEST	1		11			B0H73CSZFB	0	DEFAULT	Migrated Template	Incomplete		
Bangladesh eSIM 3 Go 15 Jours	0630HV53HDH	BANGLADESH-ESIM		0	30/06/2026 23:43:37 MEST	1		11			B0H73JL4P2	0	DEFAULT	Migrated Template	Incomplete		
Barbade eSIM 3 Go 15 Jours	0630HTU8ZQZ	BARBADOS-ESIM		0	30/06/2026 14:51:22 MEST	1		11			B0H729LPDZ	0	DEFAULT	Migrated Template	Incomplete		
Biélorussie eSIM 3 Go 15 Jours	0630HUZG4VG	BELARUS-ESIM		0	30/06/2026 23:53:22 MEST	1		11			B0H73FHDGZ	0	DEFAULT	Migrated Template	Incomplete		
Belgique eSIM 5 Go 30 Jours	0630HVBQRTU	BELGIUM-ESIM		0	30/06/2026 23:59:39 MEST	1		11			B0H73CPKZX	0	DEFAULT	Migrated Template	Incomplete		
Belize eSIM 20 Go 30 Jours	0630HTMZFO4	BELIZE-ESIM		0	30/06/2026 15:01:38 MEST	1		11			B0H729L5Z3	0	DEFAULT	Migrated Template	Incomplete		
Bénin eSIM 20 Go 30 Jours	0630HTXCH2N	BENIN-ESIM		0	30/06/2026 15:11:55 MEST	1		11			B0H72HTMT6	0	DEFAULT	Migrated Template	Incomplete		
Bermuda eSIM 3 Go 15 Jours	0630HTT2MLT	BERMUDA-ESIM		0	30/06/2026 15:21:36 MEST	1		11			B0H72B4V6K	0	DEFAULT	Migrated Template	Incomplete		
Bhoutan eSIM 3 Go 15 Jours	0630HTWFSHE	BHUTAN-ESIM		0	30/06/2026 15:32:33 MEST	1		11			B0H728CFJY	0	DEFAULT	Migrated Template	Incomplete		
Bolivie eSIM 3 Go 15 Jours	0630HV4ZX7P	BOLIVIA-ESIM		0	01/07/2026 00:11:05 MEST	1		11			B0H73HQ5LY	0	DEFAULT	Migrated Template	Incomplete		
Bosnie-Herzégovine eSIM 3 Go 15 Jours	0630HV64LA7	BOSNIA-AND-HERZEGOVINA-ESIM		0	01/07/2026 00:17:33 MEST	1		11			B0H72VPJJL	0	DEFAULT	Migrated Template	Incomplete		
Botswana eSIM 3 Go 15 Jours	0630HV645QN	BOTSWANA-ESIM		0	01/07/2026 00:21:04 MEST	1		11			B0H73HM216	0	DEFAULT	Migrated Template	Incomplete		
Brésil eSIM 3 Go 15 Jours	0630HV8GIUX	BRAZIL-ESIM		0	01/07/2026 00:24:34 MEST	1		11			B0H73W1QS3	0	DEFAULT	Migrated Template	Incomplete		
Brunei Darussalam eSIM 3 Go 15 Jours	0630HV5B3D6	BRUNEI-DARUSSALAM-ESIM		0	01/07/2026 00:30:52 MEST	1		11			B0H73LV518	0	DEFAULT	Migrated Template	Incomplete		
Bulgarie eSIM 3 Go 15 Jours	0630HTIC47Z	BULGARIA-ESIM		0	30/06/2026 13:10:10 MEST	1		11			B0H71STGYV	0	DEFAULT	Migrated Template	Incomplete		
Burkina Faso eSIM 5 Go 30 Jours	0630HUX3NZL	BURKINA-FASO-ESIM		0	01/07/2026 00:36:38 MEST	1		11			B0H72WTZVM	0	DEFAULT	Migrated Template	Incomplete		
Cambodge eSIM 3 Go 15 Jours	0630HUXJD8X	CAMBODIA-ESIM		0	01/07/2026 01:19:36 MEST	1		11			B0H72X7LYY	0	DEFAULT	Migrated Template	Incomplete		
Cameroun eSIM 3 Go 15 Jours	0630HV3H4SZ	CAMEROON-ESIM		0	01/07/2026 00:43:14 MEST	1		11			B0H72VZMVF	0	DEFAULT	Migrated Template	Incomplete		
Canada eSIM 20 Go 30 Jours Premium	0630HURPZ5H	CANADA-PREMIUM-ESIM		0	30/06/2026 22:26:09 MEST	1		11			B0H732PTR1	0	DEFAULT	Migrated Template	Incomplete		
Cap-Vert eSIM 20 Go 30 Jours	0630HTYZRSF	CAPE-VERDE-ESIM		0	30/06/2026 15:43:22 MEST	1		11			B0H725WZDC	0	DEFAULT	Migrated Template	Incomplete		
Iles Caïmans eSIM 5 Go 30 Jours	0630HTSVYAY	CAYMAN-ISLANDS-ESIM		0	30/06/2026 15:54:20 MEST	1		11			B0H732QTJP	0	DEFAULT	Migrated Template	Incomplete		
République Centrafricaine eSIM 5 Go 30 Jours	0630HV3BJBE	CENTRAL-AFRICAN-REPUBLIC-ESIM		0	01/07/2026 00:46:54 MEST	1		11			B0H737P819	0	DEFAULT	Migrated Template	Incomplete		
Tchad eSIM 3 Go 15 Jours	0630HV35E98	CHAD-ESIM		0	01/07/2026 00:53:31 MEST	1		11			B0H72VVWFY	0	DEFAULT	Migrated Template	Incomplete		
Chili eSIM 3 Go 15 Jours	0630HV0NIHJ	CHILE-ESIM		0	01/07/2026 01:00:08 MEST	1		11			B0H73BXV3X	0	DEFAULT	Migrated Template	Incomplete		
China eSIM 3 Go 15 Jours	0630HV6TXCS	CHINA-ESIM		0	01/07/2026 01:04:11 MEST	1		11			B0H73BP159	0	DEFAULT	Migrated Template	Incomplete		
Colombie eSIM 3 Go 15 Jours	0630HV6LTDY	COLOMBIA-ESIM		0	01/07/2026 01:15:35 MEST	1		11			B0H73CZCVX	0	DEFAULT	Migrated Template	Incomplete		
Costa Rica eSIM 3 Go 15 Jours	0630HV391GE	COSTA-RICA-ESIM		0	01/07/2026 01:26:34 MEST	1		11			B0H73KLSP3	0	DEFAULT	Migrated Template	Incomplete		
Cote D'Ivoire eSIM 3 Go 15 Jours	0630HUXKS2B	COTE-D-IVOIRE-ESIM		0	01/07/2026 01:29:54 MEST	1		11			B0H73M92RN	0	DEFAULT	Migrated Template	Incomplete		
Croatie eSIM 3 Go 15 Jours	0630HVBSE7Q	CROATIA-ESIM		0	01/07/2026 01:37:34 MEST	1		11			B0H73B19Z8	0	DEFAULT	Migrated Template	Incomplete		
Curaçao eSIM 3 Go 15 Jours	0630HTYKLOD	CURACAO-ESIM		0	30/06/2026 16:04:16 MEST	1		11			B0H72CNCWH	0	DEFAULT	Migrated Template	Incomplete		
Chypre eSIM 3 Go 15 Jours	0630HV5MOH5	CYPRUS-ESIM		0	01/07/2026 01:46:47 MEST	1		11			B0H72X461F	0	DEFAULT	Migrated Template	Incomplete		
République tchèque eSIM 3 Go 15 Jours	0630HV6OZJV	CZECH-REPUBLIC-ESIM		0	01/07/2026 01:53:23 MEST	1		11			B0H73Q4CJG	0	DEFAULT	Migrated Template	Incomplete		
République démocratique du Congo eSIM 3 Go 15 Jours	0630HU2N1D9	DEMOCRATIC-REPUBLIC-OF-THE-CONGO-ESIM		0	30/06/2026 16:14:43 MEST	1		11			B0H72FG9SX	0	DEFAULT	Migrated Template	Incomplete		
Danemark eSIM 3 Go 15 Jours	0701HUXTNHO	DENMARK-ESIM		0	01/07/2026 02:02:58 MEST	1		11			B0H72W1BFZ	0	DEFAULT	Migrated Template	Incomplete		
Dominique eSIM 20 Go 30 Jours	0630HU0QYVT	DOMINICA-ESIM		0	30/06/2026 16:25:26 MEST	1		11			B0H727CMKN	0	DEFAULT	Migrated Template	Incomplete		
République Dominicaine eSIM 3 Go 15 Jours	0701HV41FYD	DOMINICAN-REPUBLIC-ESIM		0	01/07/2026 02:13:03 MEST	1		11			B0H72WST8N	0	DEFAULT	Migrated Template	Incomplete		
République démocratique du Congo eSIM 20 Go 30 Jours	0630HU0D7QE	DR-CONGO-ESIM		0	30/06/2026 16:21:44 MEST	1		11			B0H72D5XLY	0	DEFAULT	Migrated Template	Incomplete		
Ecuador eSIM 3 Go 15 Jours	0701HVAAZ1Z	ECUADOR-ESIM		0	01/07/2026 02:22:05 MEST	1		11			B0H73J44KT	0	DEFAULT	Migrated Template	Incomplete		
Egypte eSIM 5 Go 30 Jours	0701HV9UPN3	EGYPT-ESIM		0	01/07/2026 02:25:46 MEST	1		11			B0H735W6BJ	0	DEFAULT	Migrated Template	Incomplete		
El Salvador eSIM 3 Go 15 Jours	0701HVBM52P	EL-SALVADOR-ESIM		0	01/07/2026 02:35:45 MEST	1		11			B0H73D3VJ3	0	DEFAULT	Migrated Template	Incomplete		
Estonie eSIM 3 Go 15 Jours	0701HV8I5RM	ESTONIA-ESIM		0	01/07/2026 02:39:26 MEST	1		11			B0H73HBFGK	0	DEFAULT	Migrated Template	Incomplete		
Europe (Plus de 40 Zones) eSIM 5 Go 30 Jours	0701HVAGGNX	EUROPE-40-AREAS-ESIM		0	01/07/2026 02:47:59 MEST	1		11			B0H739Y5SR	0	DEFAULT	Migrated Template	Incomplete		
Iles Féroé eSIM 3 Go 15 Jours	0630HU28X71	FAROE-ISLANDS-ESIM		0	30/06/2026 16:35:22 MEST	1		11			B0H727BHK4	0	DEFAULT	Migrated Template	Incomplete		
Fiji eSIM 5 Go 30 Jours	0630HUD1QZI	FIJI-ESIM		0	30/06/2026 16:44:59 MEST	1		11			B0H72BSNV2	0	DEFAULT	Migrated Template	Incomplete		
Finlande eSIM 3 Go 15 Jours	0701HV993U4	FINLAND-ESIM		0	01/07/2026 02:54:38 MEST	1		11			B0H73K86BG	0	DEFAULT	Migrated Template	Incomplete		
France eSIM 3 Go 15 Jours	0701HVETN47	FRANCE-ESIM		0	01/07/2026 03:01:36 MEST	1		11			B0H73DDNM5	0	DEFAULT	Migrated Template	Incomplete		
Guyane française eSIM 5 Go 30 Jours	0630HU2NT7F	FRENCH-GUIANA-ESIM		0	30/06/2026 16:54:03 MEST	1		11			B0H72DMB42	0	DEFAULT	Migrated Template	Incomplete		
Polynésie française eSIM 20 Go 30 Jours	0630HU9WSPB	FRENCH-POLYNESIA-ESIM		0	30/06/2026 17:03:40 MEST	1		11			B0H72CB8NN	0	DEFAULT	Migrated Template	Incomplete		
Gabon eSIM 3 Go 15 Jours	0701HVERQ6B	GABON-ESIM		0	01/07/2026 03:13:00 MEST	1		11			B0H73F4L7C	0	DEFAULT	Migrated Template	Incomplete		
Gambie eSIM 3 Go 15 Jours	0701HYDURE3	GAMBIA-ESIM		0	01/07/2026 16:11:47 MEST	1		11			B0H763R154	0	DEFAULT	Migrated Template	Incomplete		
Georgia eSIM 3 Go 15 Jours	0701HVA9L4T	GEORGIA-ESIM		0	01/07/2026 03:16:31 MEST	1		11			B0H73B568P	0	DEFAULT	Migrated Template	Incomplete		
Allemagne eSIM 3 Go 15 Jours	0701HVFIM9K	GERMANY-ESIM		0	01/07/2026 03:23:29 MEST	1		11			B0H73D2C15	0	DEFAULT	Migrated Template	Incomplete		
Ghana eSIM 5 Go 30 Jours	0630HU9OCSU	GHANA-ESIM		0	30/06/2026 17:13:35 MEST	1		11			B0H72MH298	0	DEFAULT	Migrated Template	Incomplete		
Gibraltar eSIM 3 Go 15 Jours	0701HVD1TGK	GIBRALTAR-ESIM		0	01/07/2026 03:34:52 MEST	1		11			B0H72WDZC9	0	DEFAULT	Migrated Template	Incomplete		
Global139 eSIM 5 Go 30 Jours	0701HV4PPMH	GLOBAL139-ESIM		0	01/07/2026 03:38:23 MEST	1		11			B0H73Q87DN	0	DEFAULT	Migrated Template	Incomplete		
Grèce eSIM 3 Go 15 Jours	0701HVGEX6H	GREECE-ESIM		0	01/07/2026 03:42:26 MEST	1		11			B0H737458S	0	DEFAULT	Migrated Template	Incomplete		
Groenland eSIM 3 Go 15 Jours	0630HU7FBL3	GREENLAND-ESIM		0	30/06/2026 17:23:20 MEST	1		11			B0H728MQDT	0	DEFAULT	Migrated Template	Incomplete		
Grenade eSIM 3 Go 15 Jours	0630HUATI4D	GRENADA-ESIM		0	30/06/2026 17:33:26 MEST	1		11			B0H72HG7TC	0	DEFAULT	Migrated Template	Incomplete		
Guadeloupe eSIM 3 Go 15 Jours	0701HVDXA5H	GUADELOUPE-ESIM		0	01/07/2026 03:54:02 MEST	1		11			B0H73W47SW	0	DEFAULT	Migrated Template	Incomplete		
Guam eSIM 3 Go 15 Jours	0701HVE1L36	GUAM-ESIM		0	01/07/2026 04:00:50 MEST	1		11			B0H73QXXYF	0	DEFAULT	Migrated Template	Incomplete		
Guatemala eSIM 3 Go 15 Jours	0701HVFPMRZ	GUATEMALA-ESIM		0	01/07/2026 04:11:06 MEST	1		11			B0H73Y4CG9	0	DEFAULT	Migrated Template	Incomplete		
Guernesey eSIM 3 Go 15 Jours	0701HVIBDI9	GUERNSEY-ESIM		0	01/07/2026 04:15:18 MEST	1		11			B0H73YHWYG	0	DEFAULT	Migrated Template	Incomplete		
Guinée-Bissau eSIM 3 Go 15 Jours	0630HU8147Z	GUINEA-BISSAU-ESIM		0	30/06/2026 17:52:44 MEST	1		11			B0H728KQL5	0	DEFAULT	Migrated Template	Incomplete		
Guinée eSIM 3 Go 15 Jours	0630HUD66OF	GUINEA-ESIM		0	30/06/2026 17:43:32 MEST	1		11			B0H72GDN2X	0	DEFAULT	Migrated Template	Incomplete		
Guyana eSIM 3 Go 15 Jours	0630HU86Z94	GUYANA-ESIM		0	30/06/2026 18:02:37 MEST	1		11			B0H72Y92PQ	0	DEFAULT	Migrated Template	Incomplete		
Haiti eSIM 3 Go 15 Jours	0630HUG1XMY	HAITI-ESIM		0	30/06/2026 18:12:22 MEST	1		11			B0H727VDJC	0	DEFAULT	Migrated Template	Incomplete		
Hajjj Package Luxury eSIM | Données de Voyage en Arabie Saoudite | Guide de Voyage Inclus | Vitesses 3G/4G/5G	0630HTBP6D6	HAJJ-LUXURY-ESIM		0	30/06/2026 13:08:05 MEST	1		11			B0H71Y6CVM	0	DEFAULT	Migrated Template	Incomplete		
Honduras eSIM 3 Go 15 Jours	0701HVIZ0D7	HONDURAS-ESIM		0	01/07/2026 04:25:28 MEST	1		11			B0H73MLTJ6	0	DEFAULT	Migrated Template	Incomplete		
Hong Kong eSIM 20 Go 30 Jours	0701HVK7PXP	HONG-KONG-ESIM		0	01/07/2026 04:29:31 MEST	1		11			B0H73N18CH	0	DEFAULT	Migrated Template	Incomplete		
Hongrie eSIM 3 Go 15 Jours	0701HVKYT6X	HUNGARY-ESIM		0	01/07/2026 04:39:51 MEST	1		11			B0H73Y4Y6Q	0	DEFAULT	Migrated Template	Incomplete		
Islande eSIM 3 Go 15 Jours	0701HVNH7PT	ICELAND-ESIM		0	01/07/2026 04:50:15 MEST	1		11			B0H73XR357	0	DEFAULT	Migrated Template	Incomplete		
India eSIM 3 Go 15 Jours	0701HVX6M4M	INDIA-ESIM		0	01/07/2026 05:00:30 MEST	1		11			B0H7434J3R	0	DEFAULT	Migrated Template	Incomplete		
Indonésie eSIM 20 Go 30 Jours	0701HVRNKXA	INDONESIA-ESIM		0	01/07/2026 05:12:09 MEST	1		11			B0H73V2HMX	0	DEFAULT	Migrated Template	Incomplete		
Irak eSIM 3 Go 15 Jours	0630HUDNDPV	IRAQ-ESIM		0	30/06/2026 18:22:18 MEST	1		11			B0H72L69MS	0	DEFAULT	Migrated Template	Incomplete		
Ireland eSIM 3GB 15Days	0701HVOMF1V	IRELAND-ESIM		0	01/07/2026 05:23:47 MEST	1		11			B0H73Z4GXF	0	DEFAULT	Migrated Template	Incomplete		
Ile de Man eSIM 3 Go 15 Jours	0701HVXHNBA	ISLE-OF-MAN-ESIM		0	01/07/2026 05:35:26 MEST	1		11			B0H73VKND8	0	DEFAULT	Migrated Template	Incomplete		
Israël eSIM 3 Go 15 Jours	0701HVYN641	ISRAEL-ESIM		0	01/07/2026 05:46:13 MEST	1		11			B0H73X2KLW	0	DEFAULT	Migrated Template	Incomplete		
Italie eSIM 3 Go 15 Jours	0701HVV67OX	ITALY-ESIM		0	01/07/2026 05:56:50 MEST	1		11			B0H744TFLW	0	DEFAULT	Migrated Template	Incomplete		
Jamaica eSIM 3 Go 15 Jours	0630HUJ1C9G	JAMAICA-ESIM		0	30/06/2026 18:31:52 MEST	1		11			B0H72MMZJH	0	DEFAULT	Migrated Template	Incomplete		
Japon eSIM 3 Go 15 Jours	0701HVSQK5H	JAPAN-ESIM		0	01/07/2026 06:08:30 MEST	1		11			B0H73ZF559	0	DEFAULT	Migrated Template	Incomplete		
Jersey eSIM 3 Go 15 Jours	0701HVZ41PP	JERSEY-ESIM		0	01/07/2026 06:19:56 MEST	1		11			B0H74GFYR8	0	DEFAULT	Migrated Template	Incomplete		
Jordan eSIM 3 Go 15 Jours	0701HW45Z5B	JORDAN-ESIM		0	01/07/2026 06:30:34 MEST	1		11			B0H74BG12K	0	DEFAULT	Migrated Template	Incomplete		
Kazakhstan eSIM 3 Go 15 Jours	0701HVZCNIQ	KAZAKHSTAN-ESIM		0	01/07/2026 06:40:50 MEST	1		11			B0H74LFZYM	0	DEFAULT	Migrated Template	Incomplete		
Kenya eSIM 3 Go 15 Jours	0701HVQB5JB	KENYA-ESIM		0	01/07/2026 06:51:05 MEST	1		11			B0H747MS45	0	DEFAULT	Migrated Template	Incomplete		
Koweït eSIM 3 Go 15 Jours	0701HW2ABTA	KUWAIT-ESIM		0	01/07/2026 06:58:51 MEST	1		11			B0H74HVQNJ	0	DEFAULT	Migrated Template	Incomplete		
Kirghizistan eSIM 3 Go 15 Jours	0701HVQO3HF	KYRGYZSTAN-ESIM		0	01/07/2026 07:08:55 MEST	1		11			B0H74KPMKW	0	DEFAULT	Migrated Template	Incomplete		
Laos eSIM 20 Go 30 Jours	0630HUDM4QZ	LAOS-ESIM		0	30/06/2026 18:41:04 MEST	1		11			B0H72MFCGS	0	DEFAULT	Migrated Template	Incomplete		
Lettonie eSIM 3 Go 15 Jours	0701HW9QUP7	LATVIA-ESIM		0	01/07/2026 07:15:56 MEST	1		11			B0H748Q1HN	0	DEFAULT	Migrated Template	Incomplete		
Liberia eSIM 3 Go 15 Jours	0701HVWL1JL	LIBERIA-ESIM		0	01/07/2026 07:25:40 MEST	1		11			B0H74JJJ5N	0	DEFAULT	Migrated Template	Incomplete		
Libye eSIM 20 Go 30 Jours	0630HUJHHRU	LIBYA-ESIM		0	30/06/2026 18:50:19 MEST	1		11			B0H72K6TKN	0	DEFAULT	Migrated Template	Incomplete		
Liechtenstein eSIM 3 Go 15 Jours	0701HW8FPKV	LIECHTENSTEIN-ESIM		0	01/07/2026 07:31:59 MEST	1		11			B0H74LJ5ZM	0	DEFAULT	Migrated Template	Incomplete		
Lituanie eSIM 3 Go 15 Jours	0701HW41UG8	LITHUANIA-ESIM		0	01/07/2026 07:36:10 MEST	1		11			B0H74DH65D	0	DEFAULT	Migrated Template	Incomplete		
Luxembourg eSIM 3 Go 15 Jours	0701HW7K944	LUXEMBOURG-ESIM		0	01/07/2026 07:47:08 MEST	1		11			B0H74BZJXY	0	DEFAULT	Migrated Template	Incomplete		
Macao eSIM 3 Go 15 Jours	0701HW32ACR	MACAO-ESIM		0	01/07/2026 07:57:04 MEST	1		11			B0H74LBXC5	0	DEFAULT	Migrated Template	Incomplete		
Madagascar eSIM 3 Go 15 Jours	0701HW6A0TC	MADAGASCAR-ESIM		0	01/07/2026 08:06:38 MEST	1		11			B0H74WGJ8H	0	DEFAULT	Migrated Template	Incomplete		
Malawi eSIM 3 Go 15 Jours	0701HW9T3J5	MALAWI-ESIM		0	01/07/2026 08:10:20 MEST	1		11			B0H74H6C1C	0	DEFAULT	Migrated Template	Incomplete		
Malaisie eSIM 3 Go 15 Jours	0701HWCAHUJ	MALAYSIA-ESIM		0	01/07/2026 08:17:19 MEST	1		11			B0H74L2JJC	0	DEFAULT	Migrated Template	Incomplete		
Maldives eSIM 20 Go 30 Jours	0630HUGXAI0	MALDIVES-ESIM		0	30/06/2026 18:59:42 MEST	1		11			B0H72P5BCB	0	DEFAULT	Migrated Template	Incomplete		
Mali eSIM 3 Go 15 Jours	0701HWDLQGC	MALI-ESIM		0	01/07/2026 08:28:46 MEST	1		11			B0H74MP71J	0	DEFAULT	Migrated Template	Incomplete		
Malte eSIM 3 Go 15 Jours	0701HWAVXUI	MALTA-ESIM		0	01/07/2026 08:32:47 MEST	1		11			B0H74NDLJT	0	DEFAULT	Migrated Template	Incomplete		
Martinique eSIM 3 Go 15 Jours	0630HUEZ5PC	MARTINIQUE-ESIM		0	30/06/2026 19:09:16 MEST	1		11			B0H72PRYLT	0	DEFAULT	Migrated Template	Incomplete		
Mauritius eSIM 3 Go 15 Jours	0701HYFSB7C	MAURITIUS-ESIM		0	01/07/2026 16:19:43 MEST	1		11			B0H766KSVN	0	DEFAULT	Migrated Template	Incomplete		
Mayotte eSIM 3 Go 15 Jours	0630HUMY3I8	MAYOTTE-ESIM		0	30/06/2026 19:18:41 MEST	1		11			B0H72KZCMK	0	DEFAULT	Migrated Template	Incomplete		
Mexique eSIM 3 Go 15 Jours	0701HWEGIJX	MEXICO-ESIM		0	01/07/2026 08:43:35 MEST	1		11			B0H74T4YXR	0	DEFAULT	Migrated Template	Incomplete		
Moyen-Orient eSIM 5 Go 30 Jours	0701HWJRIR6	MIDDLE-EAST-ESIM		0	01/07/2026 08:54:32 MEST	1		11			B0H74W8V14	0	DEFAULT	Migrated Template	Incomplete		
Moldova eSIM 3 Go 15 Jours	0701HWM1IZO	MOLDOVA-ESIM		0	01/07/2026 08:58:13 MEST	1		11			B0H74WG6YS	0	DEFAULT	Migrated Template	Incomplete		
Monaco eSIM 3 Go 15 Jours	0701HWEZABF	MONACO-ESIM		0	01/07/2026 09:02:05 MEST	1		11			B0H74S6V99	0	DEFAULT	Migrated Template	Incomplete		
Mongolie eSIM 3 Go 15 Jours	0701HWJR3L7	MONGOLIA-ESIM		0	01/07/2026 09:09:34 MEST	1		11			B0H74V7VVQ	0	DEFAULT	Migrated Template	Incomplete		
Montserrat eSIM 3 Go 15 Jours	0630HUKNE12	MONTSERRAT-ESIM		0	30/06/2026 19:28:46 MEST	1		11			B0H72HSSRS	0	DEFAULT	Migrated Template	Incomplete		
Maroc eSIM 5 Go 30 Jours	0701HWPMGXC	MOROCCO-ESIM		0	01/07/2026 09:17:17 MEST	1		11			B0H74L5RD8	0	DEFAULT	Migrated Template	Incomplete		
Mozambique eSIM 3 Go 15 Jours	0701HWN0KFF	MOZAMBIQUE-ESIM		0	01/07/2026 09:28:54 MEST	1		11			B0H74HSN2H	0	DEFAULT	Migrated Template	Incomplete		
Népal eSIM 3 Go 15 Jours	0701HWVOQPY	NEPAL-ESIM		0	01/07/2026 09:36:35 MEST	1		11			B0H74T2ZCP	0	DEFAULT	Migrated Template	Incomplete		
Pays-Bas eSIM 3 Go 15 Jours	0701HWVYDOS	NETHERLANDS-ESIM		0	01/07/2026 09:40:37 MEST	1		11			B0H7556JQ3	0	DEFAULT	Migrated Template	Incomplete		
Nouvelle-Zélande eSIM 3 Go 15 Jours	0701HWNULHI	NEW-ZEALAND-ESIM		0	01/07/2026 09:52:01 MEST	1		11			B0H74YPCCY	0	DEFAULT	Migrated Template	Incomplete		
Nicaragua eSIM 3 Go 15 Jours	0701HWO48V8	NICARAGUA-ESIM		0	01/07/2026 10:02:07 MEST	1		11			B0H74XDCR6	0	DEFAULT	Migrated Template	Incomplete		
Niger eSIM 3 Go 15 Jours	0701HWHPJ44	NIGER-ESIM		0	01/07/2026 10:06:10 MEST	1		11			B0H74RC4LP	0	DEFAULT	Migrated Template	Incomplete		
Nigeria eSIM 3 Go 15 Jours	0701HWI2G6C	NIGERIA-ESIM		0	01/07/2026 10:10:23 MEST	1		11			B0H74XS5KD	0	DEFAULT	Migrated Template	Incomplete		
Amérique du Nord eSIM 5 Go 30 Jours	0701HWKUW5C	NORTH-AMERICA-ESIM		0	01/07/2026 10:14:38 MEST	1		11			B0H74W62GS	0	DEFAULT	Migrated Template	Incomplete		
Macédoine du Nord eSIM 3 Go 15 Jours	0701HWTRAZC	NORTH-MACEDONIA-ESIM		0	01/07/2026 10:18:52 MEST	1		11			B0H74VRRNW	0	DEFAULT	Migrated Template	Incomplete		
Norvège eSIM 3 Go 15 Jours	0701HWLHNLS	NORWAY-ESIM		0	01/07/2026 10:26:46 MEST	1		11			B0H753576J	0	DEFAULT	Migrated Template	Incomplete		
Oman eSIM 3 Go 15 Jours	0701HWXQAJN	OMAN-ESIM		0	01/07/2026 10:38:18 MEST	1		11			B0H74YSCCJ	0	DEFAULT	Migrated Template	Incomplete		
Pakistan eSIM 3 Go 15 Jours	0701HWVRAXE	PAKISTAN-ESIM		0	01/07/2026 10:46:15 MEST	1		11			B0H752NKN3	0	DEFAULT	Migrated Template	Incomplete		
Panama eSIM 3 Go 15 Jours	0701HWY8APH	PANAMA-ESIM		0	01/07/2026 10:57:47 MEST	1		11			B0H753VTNV	0	DEFAULT	Migrated Template	Incomplete		
Paraguay eSIM 3 Go 15 Jours	0701HX3BEJ5	PARAGUAY-ESIM		0	01/07/2026 11:02:02 MEST	1		11			B0H753RP33	0	DEFAULT	Migrated Template	Incomplete		
Pérou eSIM 3 Go 15 Jours	0630HTC6G6D	PERU-ESIM		0	30/06/2026 13:14:42 MEST	1		11			B0H71YKYGJ	0	DEFAULT	Migrated Template	Incomplete		
Philippines eSIM 3 Go 15 Jours	0701HX1TQS6	PHILIPPINES-ESIM		0	01/07/2026 11:06:19 MEST	1		11			B0H757DZQ1	0	DEFAULT	Migrated Template	Incomplete		
Pologne eSIM 3 Go 15 Jours	0701HX1JZUI	POLAND-ESIM		0	01/07/2026 11:17:56 MEST	1		11			B0H758VCYG	0	DEFAULT	Migrated Template	Incomplete		
Portugal eSIM 3 Go 15 Jours	0701HX6X51Y	PORTUGAL-ESIM		0	01/07/2026 11:29:33 MEST	1		11			B0H7566YF3	0	DEFAULT	Migrated Template	Incomplete		
Puerto Rico eSIM 3 Go 15 Jours	0701HX88DE0	PUERTO-RICO-ESIM		0	01/07/2026 11:41:08 MEST	1		11			B0H75DYGXF	0	DEFAULT	Migrated Template	Incomplete		
Qatar eSIM 5 Go 30 Jours	0701HXBLETJ	QATAR-ESIM		0	01/07/2026 11:49:06 MEST	1		11			B0H75J3Y7N	0	DEFAULT	Migrated Template	Incomplete		
République du Congo eSIM 20 Go 30 Jours	0630HUF608X	REPUBLIC-OF-THE-CONGO-ESIM		0	30/06/2026 19:38:43 MEST	1		11			B0H72Q2WNC	0	DEFAULT	Migrated Template	Incomplete		
Reunion eSIM 3 Go 15 Jours	0701HXHPZ5W	REUNION-ESIM		0	01/07/2026 12:00:41 MEST	1		11			B0H75FXNWR	0	DEFAULT	Migrated Template	Incomplete		
Roumanie eSIM 3 Go 15 Jours	0630HUC3KHE	ROMANIA-ESIM		0	30/06/2026 19:48:29 MEST	1		11			B0H72LLK5C	0	DEFAULT	Migrated Template	Incomplete		
Russie eSIM 5 Go 30 Jours	0630HUIC959	RUSSIA-ESIM		0	30/06/2026 19:58:05 MEST	1		11			B0H72YBFTR	0	DEFAULT	Migrated Template	Incomplete		
Rwanda eSIM 20 Go 30 Jours	0630HUC9IAD	RWANDA-ESIM		0	30/06/2026 20:07:41 MEST	1		11			B0H73824LG	0	DEFAULT	Migrated Template	Incomplete		
Saint Barthélemy eSIM 3 Go 15 Jours	0630HUMWHZ4	SAINT-BARTHELEMY-ESIM		0	30/06/2026 20:17:38 MEST	1		11			B0H735DTGF	0	DEFAULT	Migrated Template	Incomplete		
Saint-Kitts-et-Nevis eSIM 20GB 30Days	0630HUKTX8G	SAINT-KITTS-AND-NEVIS-ESIM		0	30/06/2026 20:27:14 MEST	1		11			B0H735BZJ5	0	DEFAULT	Migrated Template	Incomplete		
Sainte-Lucie eSIM 20 Go 30 Jours	0630HUQUBMB	SAINT-LUCIA-ESIM		0	30/06/2026 20:36:58 MEST	1		11			B0H735HTW5	0	DEFAULT	Migrated Template	Incomplete		
Saint Martin eSIM 3 Go 15 Jours	0630HUQNJHD	SAINT-MARTIN-ESIM		0	30/06/2026 20:46:01 MEST	1		11			B0H73CLHJ4	0	DEFAULT	Migrated Template	Incomplete		
Saint-Vincent-et-Les Grenadines eSIM 3 Go 15 Jours	0630HUOX41A	SAINT-VINCENT-AND-THE-GRENADINES-ESIM		0	30/06/2026 20:55:46 MEST	1		11			B0H73J8948	0	DEFAULT	Migrated Template	Incomplete		
Samoa eSIM 20 Go 30 Jours	0630HUPLESJ	SAMOA-ESIM		0	30/06/2026 21:06:27 MEST	1		11			B0H73TBY66	0	DEFAULT	Migrated Template	Incomplete		
San Marino eSIM 3 Go 15 Jours	0630HUPLXYC	SAN-MARINO-ESIM		0	30/06/2026 21:16:32 MEST	1		11			B0H73KKPHX	0	DEFAULT	Migrated Template	Incomplete		
Arabie Saoudite eSIM 3 Go 15 Jours	0701HXIAFU9	SAUDI-ARABIA-ESIM		0	01/07/2026 12:08:36 MEST	1		11			B0H75HLS6P	0	DEFAULT	Migrated Template	Incomplete		
Sénégal eSIM 3 Go 15 Jours	0701HXIRKP0	SENEGAL-ESIM		0	01/07/2026 12:20:14 MEST	1		11			B0H75KGC6F	0	DEFAULT	Migrated Template	Incomplete		
Serbie eSIM 3 Go 15 Jours	0701HX9F4EE	SERBIA-ESIM		0	01/07/2026 12:28:02 MEST	1		11			B0H75HGBNG	0	DEFAULT	Migrated Template	Incomplete		
Seychelles eSIM 5 Go 30 Jours	0701HXIX2A2	SEYCHELLES-ESIM		0	01/07/2026 12:36:00 MEST	1		11			B0H75R51NZ	0	DEFAULT	Migrated Template	Incomplete		
Sierra Leone eSIM 5 Go 30 Jours	0630HUO2EO1	SIERRA-LEONE-ESIM		0	30/06/2026 21:26:29 MEST	1		11			B0H732P5XL	0	DEFAULT	Migrated Template	Incomplete		
Singapour eSIM 5 Go 30 Jours	0701HXK8XP3	SINGAPORE-ESIM		0	01/07/2026 12:43:57 MEST	1		11			B0H75PBPYY	0	DEFAULT	Migrated Template	Incomplete		
Slovaquie eSIM 3 Go 15 Jours	0701HXJD5LT	SLOVAKIA-ESIM		0	01/07/2026 12:51:53 MEST	1		11			B0H75NGT49	0	DEFAULT	Migrated Template	Incomplete		
Slovénie eSIM 3 Go 15 Jours	0701HXALSJ0	SLOVENIA-ESIM		0	01/07/2026 13:03:02 MEST	1		11			B0H75KSBY7	0	DEFAULT	Migrated Template	Incomplete		
Afrique du Sud eSIM 5 Go 30 Jours	0701HXMKJMW	SOUTH-AFRICA-ESIM		0	01/07/2026 13:14:38 MEST	1		11			B0H75RKSFX	0	DEFAULT	Migrated Template	Incomplete		
Amérique du Sud eSIM 5 Go 30 Jours	0701HXKRKY0	SOUTH-AMERICA-ESIM		0	01/07/2026 13:18:54 MEST	1		11			B0H75Z3NFC	0	DEFAULT	Migrated Template	Incomplete		
Corée du Sud eSIM 5 Go 30 Jours	0701HXLZYVW	SOUTH-KOREA-ESIM		0	01/07/2026 13:23:09 MEST	1		11			B0H75T5KX4	0	DEFAULT	Migrated Template	Incomplete		
Espagne eSIM 3 Go 15 Jours	0701HXU9D4U	SPAIN-ESIM		0	01/07/2026 13:34:47 MEST	1		11			B0H75QP1HZ	0	DEFAULT	Migrated Template	Incomplete		
Sri Lanka eSIM 3 Go 15 Jours	0701HXJZ81Z	SRI-LANKA-ESIM		0	01/07/2026 13:46:27 MEST	1		11			B0H75WZQZG	0	DEFAULT	Migrated Template	Incomplete		
Soudan eSIM 3 Go 15 Jours	0701HXN5N8R	SUDAN-ESIM		0	01/07/2026 13:58:03 MEST	1		11			B0H75VVT64	0	DEFAULT	Migrated Template	Incomplete		
Suriname eSIM 3 Go 15 Jours	0630HUQBY00	SURINAME-ESIM		0	30/06/2026 21:36:15 MEST	1		11			B0H72WNKMP	0	DEFAULT	Migrated Template	Incomplete		
Saint-Vincent-et-Les Grenadines eSIM 20 Go 30 Jours	0630HUMX4II	SVG-ESIM		0	30/06/2026 21:02:25 MEST	1		11			B0H73611L5	0	DEFAULT	Migrated Template	Incomplete		
Suède eSIM 3 Go 15 Jours	0701HXLFQWV	SWEDEN-ESIM		0	01/07/2026 14:05:39 MEST	1		11			B0H75WBHSF	0	DEFAULT	Migrated Template	Incomplete		
Suisse eSIM 3 Go 15 Jours	0701HXXMIQZ	SWITZERLAND-ESIM		0	01/07/2026 14:17:19 MEST	1		11			B0H75TH654	0	DEFAULT	Migrated Template	Incomplete		
Tadjikistan eSIM 20 Go 30 Jours	0630HUNOX4X	TAJIKISTAN-ESIM		0	30/06/2026 21:46:08 MEST	1		11			B0H72X91X3	0	DEFAULT	Migrated Template	Incomplete		
Tanzanie eSIM 3 Go 15 Jours	0701HXXJ6DM	TANZANIA-ESIM		0	01/07/2026 14:29:00 MEST	1		11			B0H762T6HB	0	DEFAULT	Migrated Template	Incomplete		
Thaïlande eSIM 3 Go 15 Jours	0701HXVDAL8	THAILAND-ESIM		0	01/07/2026 14:33:18 MEST	1		11			B0H75ZY49R	0	DEFAULT	Migrated Template	Incomplete		
Trinité-et-Tobago eSIM 3 Go 15 Jours	0630HUSMX30	TRINIDAD-AND-TOBAGO-ESIM		0	30/06/2026 21:56:13 MEST	1		11			B0H73CLJVF	0	DEFAULT	Migrated Template	Incomplete		
Tunisie eSIM 5 Go 30 Jours	0701HY33CPT	TUNISIA-ESIM		0	01/07/2026 14:44:53 MEST	1		11			B0H75S4V78	0	DEFAULT	Migrated Template	Incomplete		
Turquie eSIM 3 Go 15 Jours	0701HXXHQ1X	TURKEY-ESIM		0	01/07/2026 14:49:10 MEST	1		11			B0H75V5RDG	0	DEFAULT	Migrated Template	Incomplete		
Iles Turques et Caïques eSIM 20 Go 30 Jours	0630HUTLDEF	TURKS-AND-CAICOS-ISLANDS-ESIM		0	30/06/2026 22:06:38 MEST	1		11			B0H738SK9D	0	DEFAULT	Migrated Template	Incomplete		
Uganda eSIM 3 Go 15 Jours	0701HXYT8UO	UGANDA-ESIM		0	01/07/2026 15:00:46 MEST	1		11			B0H75ZB4W8	0	DEFAULT	Migrated Template	Incomplete		
Ukraine eSIM 3 Go 15 Jours	0701HY6KSRJ	UKRAINE-ESIM		0	01/07/2026 15:04:40 MEST	1		11			B0H7665W6F	0	DEFAULT	Migrated Template	Incomplete		
Émirats Arabes Unis eSIM 3 Go 15 Jours	0701HY399IR	UNITED-ARAB-EMIRATES-ESIM		0	01/07/2026 15:12:36 MEST	1		11			B0H75Y14PS	0	DEFAULT	Migrated Template	Incomplete		
Royaume-Uni eSIM 3 Go 15 Jours	0701HY68WHI	UNITED-KINGDOM-ESIM		0	01/07/2026 15:24:12 MEST	1		11			B0H7629FX3	0	DEFAULT	Migrated Template	Incomplete		
eSIM États-Unis 3 Go 15 Jours	0701HY489JY	UNITED-STATES-ESIM		0	01/07/2026 15:35:50 MEST	1		11			B0H7641P2R	0	DEFAULT	Migrated Template	Incomplete		
Uruguay eSIM 3 Go 15 Jours	0701HYFEG2J	URUGUAY-ESIM		0	01/07/2026 15:43:46 MEST	1		11			B0H766K7X4	0	DEFAULT	Migrated Template	Incomplete		
Uzbékistan eSIM 5 Go 30 Jours	0701HYC4K9E	UZBEKISTAN-ESIM		0	01/07/2026 15:48:01 MEST	1		11			B0H75XRYL9	0	DEFAULT	Migrated Template	Incomplete		
Cité du Vatican eSIM 3 Go 15 Jours	0630HUUFHVD	VATICAN-CITY-ESIM		0	30/06/2026 22:16:11 MEST	1		11			B0H73W66YX	0	DEFAULT	Migrated Template	Incomplete		
Vietnam eSIM 3 Go 15 Jours	0701HYD2FIX	VIETNAM-ESIM		0	01/07/2026 15:52:16 MEST	1		11			B0H7662TF1	0	DEFAULT	Migrated Template	Incomplete		
Vietnam eSIM 20 Go 30 Jours	0328H5YHXSH	VN_20_30			28/03/2026 16:08:00 MET	1		11			B0FRC2NKC4		AMAZON_EU	Migrated Template	Incomplete		
Vietnam eSIM 3 Go 15 Jours	0328H5VZW6K	VN_3_15			28/03/2026 16:02:56 MET	1		11			B0FRBR2DHW		AMAZON_EU	Migrated Template	Incomplete		
Vietnam eSIM 5 Go 30 Jours	0328H5Z8GH4	VN_5_30			28/03/2026 16:09:51 MET	1		11			B0FRCBXRGV		AMAZON_EU	Migrated Template	Incomplete		
Zambie eSIM 3 Go 15 Jours	0701HY1HPMX	ZAMBIA-ESIM		0	01/07/2026 16:03:51 MEST	1		11			B0H765J89G	0	DEFAULT	Migrated Template	Incomplete		
Zambie eSIM 3 Go 15 Jours	0328H65RSWE	ZM_3_15			28/03/2026 17:14:58 MET	1		11			B0FRC2NSM2		AMAZON_EU	Migrated Template	Incomplete		
Zambie eSIM 5 Go 30 Jours	0328H68AC54	ZM_5_30			28/03/2026 17:16:53 MET	1		11			B0FRCL97L4		AMAZON_EU	Migrated Template	Incomplete		
