item-name	item-description	listing-id	seller-sku	price	quantity	open-date	image-url	item-is-marketplace	product-id-type	zshop-shipping-fee	item-note	item-condition	zshop-category1	zshop-browse-path	zshop-storefront-feature	asin1	asin2	asin3	will-ship-internationally	expedited-shipping	zshop-boldface	product-id	bid-for-featured-placement	add-delete	pending-quantity	fulfillment-channel	merchant-shipping-group	status	Minimum order quantity	Sell remainder
Australia eSIM 3GB 15Days	Australia eSIM 3GB 15Days - high speed internet - mobile data 5G compatible	0625HBRVNQ5	AUSTRALIA-3GB-15D	6.99		25/06/2026 16:43:41 BST		y	4			11				B0FR9SKY4D						8721438400386				AMAZON_EU	Migrated Template	Active		
Australia eSIM 5GB 30Days	Australia eSIM 5GB 30Days - high speed internet - mobile data 5G compatible	0625HBPT509	AUSTRALIA-5GB-30D	7.99		25/06/2026 16:44:07 BST		y	4			11				B0FR9JRB62						8721438400393				AMAZON_EU	Migrated Template	Active		
Australia eSIM 3GB 15Days	esim, esim card, esim Australia, Australia esim, sim card Australia, Australia sim card, prepaid sim card unlimited data, sim cards pay as you go, sim, sim card, simcard pay as you go, sim card for travel, best sim for holiday, pay as you go sim, sim cards, payg sim card, pre pay sim card, prepaid sim card, travel sim, data sim, sim card with data, pre loaded data sim cards, sim card prepaid, data only sim card roaming, prepaid sim card, prepaid data sim card, pay as you go simcard, pre paid sim cards, roaming data sim card, prepaid sim, travel sim, uk sim, prepaid sim card, international sim card, data sim card, preloaded sim card, e sim card, usa data sim	0916FFLEAI3	AU_3_15	5.49		16/09/2025 11:50:20 BST		y	4			11				B0FR9SKY4D						8721438400386				AMAZON_EU	Migrated Template	Active		
Australia eSIM 5GB 30Days	esim, esim card, esim Australia, Australia esim, sim card Australia, Australia sim card, prepaid sim card unlimited data, sim cards pay as you go, sim, sim card, simcard pay as you go, sim card for travel, best sim for holiday, pay as you go sim, sim cards, payg sim card, pre pay sim card, prepaid sim card, travel sim, data sim, sim card with data, pre loaded data sim cards, sim card prepaid, data only sim card roaming, prepaid sim card, prepaid data sim card, pay as you go simcard, pre paid sim cards, roaming data sim card, prepaid sim, travel sim, uk sim, prepaid sim card, international sim card, data sim card, preloaded sim card, e sim card, usa data sim	0916FFK56H4	AU_5_30	6.99		16/09/2025 11:50:20 BST		y	4			11				B0FR9JRB62						8721438400393				AMAZON_EU	Migrated Template	Active		
Belgium eSIM 20GB 30Days	Belgium eSIM 20GB 30Days - high speed internet - mobile data 5G compatible	0625HBR04X9	BELGIUM-20GB-30D	12.99		25/06/2026 16:50:25 BST		y	4			11				B0FR9BVRCH						8721438400775				AMAZON_EU	Migrated Template	Active		
Belgium eSIM 3GB 15Days	Belgium eSIM 3GB 15Days - high speed internet - mobile data 5G compatible	0625HBVQKA9	BELGIUM-3GB-15D	6.99		25/06/2026 16:49:34 BST		y	4			11				B0FR9G432K						8721438400737				AMAZON_EU	Migrated Template	Active		
Belgium eSIM 5GB 30Days	Belgium eSIM 5GB 30Days - high speed internet - mobile data 5G compatible	0625HBQ7QAF	BELGIUM-5GB-30D	7.99		25/06/2026 16:49:59 BST		y	4			11				B0FR9SXCW6						8721438400751				AMAZON_EU	Migrated Template	Active		
Belgium eSIM 20GB 30Days	esim, esim card, belgium esim, esim belgium, data sim belgium, belgium data sim, belgium sim card, sim card belgium, prepaid sim card unlimited data, sim cards pay as you go, sim, sim card, simcard pay as you go, sim card for travel, best sim for holiday, pay as you go sim, sim cards, payg sim card, pre pay sim card, prepaid sim card, travel sim, data sim, sim card with data, pre loaded data sim cards, sim card prepaid, data only sim card roaming, prepaid sim card, prepaid data sim card, pay as you go simcard, pre paid sim cards, roaming data sim card, prepaid sim, travel sim, uk sim, prepaid sim card, international sim card, data sim card, preloaded sim card, e sim card, usa data sim	0916FFQZTUD	BE_20_30	15.99		16/09/2025 12:11:43 BST		y	4			11				B0FR9BVRCH						8721438400775				AMAZON_EU	Migrated Template	Active		
Belgium eSIM 3GB 15Days	esim, esim card, belgium esim, esim belgium, data sim belgium, belgium data sim, belgium sim card, sim card belgium, prepaid sim card unlimited data, sim cards pay as you go, sim, sim card, simcard pay as you go, sim card for travel, best sim for holiday, pay as you go sim, sim cards, payg sim card, pre pay sim card, prepaid sim card, travel sim, data sim, sim card with data, pre loaded data sim cards, sim card prepaid, data only sim card roaming, prepaid sim card, prepaid data sim card, pay as you go simcard, pre paid sim cards, roaming data sim card, prepaid sim, travel sim, uk sim, prepaid sim card, international sim card, data sim card, preloaded sim card, e sim card, usa data sim	0916FFK4GYS	BE_3_15	5.99		16/09/2025 12:11:43 BST		y	4			11				B0FR9G432K						8721438400737				AMAZON_EU	Migrated Template	Active		
Belgium eSIM 5GB 30Days	esim, esim card, belgium esim, esim belgium, data sim belgium, belgium data sim, belgium sim card, sim card belgium, prepaid sim card unlimited data, sim cards pay as you go, sim, sim card, simcard pay as you go, sim card for travel, best sim for holiday, pay as you go sim, sim cards, payg sim card, pre pay sim card, prepaid sim card, travel sim, data sim, sim card with data, pre loaded data sim cards, sim card prepaid, data only sim card roaming, prepaid sim card, prepaid data sim card, pay as you go simcard, pre paid sim cards, roaming data sim card, prepaid sim, travel sim, uk sim, prepaid sim card, international sim card, data sim card, preloaded sim card, e sim card, usa data sim	0916FFT224W	BE_5_30	6.99		16/09/2025 12:11:43 BST		y	4			11				B0FR9SXCW6						8721438400751				AMAZON_EU	Migrated Template	Active		
Canada eSIM 20GB 30 Days | Pay As You Go Data SIM | Easy Setup | Travel SIM for Tourists & Business | 3G/4G Speeds | Free Travel Guide Included	esim, esim card, canada esim, esim canada, data sim canada, canada data sim, sim card canada, canada sim card, prepaid sim card unlimited data, sim cards pay as you go, sim, sim card, simcard pay as you go, sim card for travel, best sim for holiday, pay as you go sim, sim cards, payg sim card, pre pay sim card, prepaid sim card, travel sim, data sim, sim card with data, pre loaded data sim cards, sim card prepaid, data only sim card roaming, prepaid sim card, prepaid data sim card, pay as you go simcard, pre paid sim cards, roaming data sim card, prepaid sim, travel sim, prepaid sim card, international sim card, data sim card, preloaded sim card, e sim card	0623H3PJJTW	CA_20_30	22.49		23/06/2026 21:13:41 BST		y	4			11				B0FR9BY42D						8721438401215				AMAZON_EU	Migrated Template	Active		
Canada eSIM 3GB 15 Days | Pay As You Go Data SIM | Easy Setup | Travel SIM for Tourists & Business | 3G/4G Speeds | Free Travel Guide Included	esim, esim card, canada esim, esim canada, data sim canada, canada data sim, sim card canada, canada sim card, prepaid sim card unlimited data, sim cards pay as you go, sim, sim card, simcard pay as you go, sim card for travel, best sim for holiday, pay as you go sim, sim cards, payg sim card, pre pay sim card, prepaid sim card, travel sim, data sim, sim card with data, pre loaded data sim cards, sim card prepaid, data only sim card roaming, prepaid sim card, prepaid data sim card, pay as you go simcard, pre paid sim cards, roaming data sim card, prepaid sim, travel sim, prepaid sim card, international sim card, data sim card, preloaded sim card, e sim card	0623H3JKN0E	CA_3_15	6.99		23/06/2026 21:12:24 BST		y	4			11				B0FR9RZLF3						8721438401147				AMAZON_EU	Migrated Template	Active		
Canada eSIM 5GB 30 Days | Pay As You Go Data SIM | Easy Setup | Travel SIM for Tourists & Business | 3G/4G Speeds | Free Travel Guide Included	esim, esim card, canada esim, esim canada, data sim canada, canada data sim, sim card canada, canada sim card, prepaid sim card unlimited data, sim cards pay as you go, sim, sim card, simcard pay as you go, sim card for travel, best sim for holiday, pay as you go sim, sim cards, payg sim card, pre pay sim card, prepaid sim card, travel sim, data sim, sim card with data, pre loaded data sim cards, sim card prepaid, data only sim card roaming, prepaid sim card, prepaid data sim card, pay as you go simcard, pre paid sim cards, roaming data sim card, prepaid sim, travel sim, prepaid sim card, international sim card, data sim card, preloaded sim card, e sim card	0623H3MORHF	CA_5_30	9.99		23/06/2026 21:12:24 BST		y	4			11				B0FR9SYCBK						8721438401178				AMAZON_EU	Migrated Template	Active		
China eSIM 3GB 15Days	China eSIM 3GB 15Days - high speed internet - mobile data 5G compatible	0625HBRBH0B	CHINA-3GB-15D	6.99		25/06/2026 16:58:16 BST		y	4			11				B0FR9QZ578						8721438401574				AMAZON_EU	Migrated Template	Active		
China eSIM 5GB 30Days	China eSIM 5GB 30Days - high speed internet - mobile data 5G compatible	0625HBRU1LX	CHINA-5GB-30D	7.99		25/06/2026 16:58:42 BST		y	4			11				B0FR9HX7XH						8721438401581				AMAZON_EU	Migrated Template	Active		
China eSIM 3GB 15Days	esim, esim card, esim china, china esim, data sim china, china data sim, sim card china, china sim card, prepaid sim card unlimited data, sim cards pay as you go, sim, sim card, simcard pay as you go, sim card for travel, best sim for holiday, pay as you go sim, sim cards, payg sim card, pre pay sim card, prepaid sim card, travel sim, data sim, sim card with data, pre loaded data sim cards, sim card prepaid, data only sim card roaming, prepaid sim card, prepaid data sim card, pay as you go simcard, pre paid sim cards, roaming data sim card, prepaid sim, travel sim, prepaid sim card, international sim card, data sim card, preloaded sim card, e sim card	0916FFRFX0T	CN_3_15	5.99		16/09/2025 12:33:18 BST		y	4			11				B0FR9QZ578						8721438401574				AMAZON_EU	Migrated Template	Active		
China eSIM 5GB 30Days	esim, esim card, esim china, china esim, data sim china, china data sim, sim card china, china sim card, prepaid sim card unlimited data, sim cards pay as you go, sim, sim card, simcard pay as you go, sim card for travel, best sim for holiday, pay as you go sim, sim cards, payg sim card, pre pay sim card, prepaid sim card, travel sim, data sim, sim card with data, pre loaded data sim cards, sim card prepaid, data only sim card roaming, prepaid sim card, prepaid data sim card, pay as you go simcard, pre paid sim cards, roaming data sim card, prepaid sim, travel sim, prepaid sim card, international sim card, data sim card, preloaded sim card, e sim card	0916FF5LOVM	CN_5_30	7.99		16/09/2025 12:33:18 BST		y	4			11				B0FR9HX7XH						8721438401581				AMAZON_EU	Migrated Template	Active		
Egypt eSIM 20GB 30Days	Egypt eSIM 20GB 30Days - high speed internet - mobile data 5G compatible	0625HBOA9UR	EGYPT-20GB-30D	24.99		25/06/2026 17:09:56 BST		y	4			11				B0FR9GQBGL						8721438402182				AMAZON_EU	Migrated Template	Active		
Egypt eSIM 3GB 15Days	Egypt eSIM 3GB 15Days - high speed internet - mobile data 5G compatible	0625HBS58C0	EGYPT-3GB-15D	8.99		25/06/2026 17:09:06 BST		y	4			11				B0FR9C784N						8721438402144				AMAZON_EU	Migrated Template	Active		
Egypt eSIM 20GB 30Days	esim, esim card, prepaid sim card unlimited data, sim cards pay as you go, sim, sim card, simcard pay as you go, sim card for travel, best sim for holiday, pay as you go sim, sim cards, payg sim card, pre pay sim card, prepaid sim card, travel sim, data sim, sim card with data, pre loaded data sim cards, sim card prepaid, data only sim card roaming, prepaid sim card, prepaid data sim card, pay as you go simcard, pre paid sim cards, roaming data sim card, prepaid sim, travel sim, prepaid sim card, international sim card, data sim card, preloaded sim card, e sim card	0916FFN1TQ4	EG_20_30	29.99		16/09/2025 13:23:33 BST		y	4			11				B0FR9GQBGL						8721438402182				AMAZON_EU	Migrated Template	Active		
Egypt eSIM 3GB 15Days	esim, esim card, prepaid sim card unlimited data, sim cards pay as you go, sim, sim card, simcard pay as you go, sim card for travel, best sim for holiday, pay as you go sim, sim cards, payg sim card, pre pay sim card, prepaid sim card, travel sim, data sim, sim card with data, pre loaded data sim cards, sim card prepaid, data only sim card roaming, prepaid sim card, prepaid data sim card, pay as you go simcard, pre paid sim cards, roaming data sim card, prepaid sim, travel sim, prepaid sim card, international sim card, data sim card, preloaded sim card, e sim card	0916FFTUYBF	EG_3_15	8.99		16/09/2025 13:23:33 BST		y	4			11				B0FR9C784N						8721438402144				AMAZON_EU	Migrated Template	Active		
Spain eSIM 20GB 30 Days | Pay As You Go Data SIM | Easy Setup | Travel SIM for Tourists & Business | 3G/4G Speeds | Free Travel Guide Inlcuded	esim, esim card, spain esim, esim card spain, travel sim spain, data sim spain, spain data sim, prepaid sim card unlimited data, sim cards pay as you go, sim, sim card, simcard pay as you go, sim card for travel, best sim for holiday, pay as you go sim, sim cards, payg sim card, pre pay sim card, prepaid sim card, travel sim, data sim, sim card with data, pre loaded data sim cards, sim card prepaid, data only sim card roaming, prepaid sim card, prepaid data sim card, pay as you go simcard, pre paid sim cards, roaming data sim card, prepaid sim, travel sim, prepaid sim card, international sim card, data sim card, preloaded sim card, e sim card	0916FGPTOKV	ES_20_30	14.99		16/09/2025 21:04:49 BST		y	4			11				B0FRCMPGPL						8721438407132				AMAZON_EU	Migrated Template	Active		
Spain eSIM 3GB 15 Days | Pay As You Go Data SIM | Easy Setup | Travel SIM for Tourists & Business | 3G/4G/5G Speeds | Free Travel Guide Inlcuded	esim, esim card, spain esim, esim card spain, travel sim spain, data sim spain, spain data sim, prepaid sim card unlimited data, sim cards pay as you go, sim, sim card, simcard pay as you go, sim card for travel, best sim for holiday, pay as you go sim, sim cards, payg sim card, pre pay sim card, prepaid sim card, travel sim, data sim, sim card with data, pre loaded data sim cards, sim card prepaid, data only sim card roaming, prepaid sim card, prepaid data sim card, pay as you go simcard, pre paid sim cards, roaming data sim card, prepaid sim, travel sim, prepaid sim card, international sim card, data sim card, preloaded sim card, e sim card	0916FGNSZH4	ES_3_15	5.99		16/09/2025 21:04:49 BST		y	4			11				B0FRCDHTZ7						8721438407095				AMAZON_EU	Migrated Template	Active		
Spain eSIM 5GB 30 Days | Pay As You Go Data SIM | Easy Setup | Travel SIM for Tourists & Business | 3G/4G Speeds | Free Travel Guide Inlcuded	esim, esim card, spain esim, esim card spain, travel sim spain, data sim spain, spain data sim, prepaid sim card unlimited data, sim cards pay as you go, sim, sim card, simcard pay as you go, sim card for travel, best sim for holiday, pay as you go sim, sim cards, payg sim card, pre pay sim card, prepaid sim card, travel sim, data sim, sim card with data, pre loaded data sim cards, sim card prepaid, data only sim card roaming, prepaid sim card, prepaid data sim card, pay as you go simcard, pre paid sim cards, roaming data sim card, prepaid sim, travel sim, prepaid sim card, international sim card, data sim card, preloaded sim card, e sim card	0916FGJB4A2	ES_5_30	7.99		16/09/2025 21:04:49 BST		y	4			11				B0FRBQCLZN						8721438407118				AMAZON_EU	Migrated Template	Active		
France eSIM 20GB 30Days	France eSIM 20GB 30Days - high speed internet - mobile data 5G compatible	0625HBRLZWK	FRANCE-20GB-30D	12.99		25/06/2026 17:14:54 BST		y	4			11				B0FR9GPMC5						8721438402632				AMAZON_EU	Migrated Template	Active		
France eSIM 3GB 15Days	France eSIM 3GB 15Days - high speed internet - mobile data 5G compatible	0625HC1PVC6	FRANCE-3GB-15D	6.99		25/06/2026 17:14:03 BST		y	4			11				B0FR9C5ZB6						8721438402595				AMAZON_EU	Migrated Template	Active		
France eSIM 5GB 30Days	France eSIM 5GB 30Days - high speed internet - mobile data 5G compatible	0625HC4G6LG	FRANCE-5GB-30D	7.99		25/06/2026 17:14:28 BST		y	4			11				B0FR9LMDW5						8721438402618				AMAZON_EU	Migrated Template	Active		
France eSIM 20GB 30Days	esim, esim card, prepaid sim card unlimited data, sim cards pay as you go, sim, sim card, simcard pay as you go, sim card for travel, best sim for holiday, pay as you go sim, sim cards, payg sim card, pre pay sim card, prepaid sim card, travel sim, data sim, sim card with data, pre loaded data sim cards, sim card prepaid, data only sim card roaming, prepaid sim card, prepaid data sim card, pay as you go simcard, pre paid sim cards, roaming data sim card, prepaid sim, travel sim, prepaid sim card, international sim card, data sim card, preloaded sim card, e sim card	0916FFTUELN	FR_20_30	18.99		16/09/2025 13:30:48 BST		y	4			11				B0FR9GPMC5						8721438402632				AMAZON_EU	Migrated Template	Active		
France eSIM 3GB 15Days	esim, esim card, prepaid sim card unlimited data, sim cards pay as you go, sim, sim card, simcard pay as you go, sim card for travel, best sim for holiday, pay as you go sim, sim cards, payg sim card, pre pay sim card, prepaid sim card, travel sim, data sim, sim card with data, pre loaded data sim cards, sim card prepaid, data only sim card roaming, prepaid sim card, prepaid data sim card, pay as you go simcard, pre paid sim cards, roaming data sim card, prepaid sim, travel sim, prepaid sim card, international sim card, data sim card, preloaded sim card, e sim card	0916FFURIF6	FR_3_15	6.99		16/09/2025 13:30:48 BST		y	4			11				B0FR9C5ZB6						8721438402595				AMAZON_EU	Migrated Template	Active		
France eSIM 5GB 30Days	esim, esim card, prepaid sim card unlimited data, sim cards pay as you go, sim, sim card, simcard pay as you go, sim card for travel, best sim for holiday, pay as you go sim, sim cards, payg sim card, pre pay sim card, prepaid sim card, travel sim, data sim, sim card with data, pre loaded data sim cards, sim card prepaid, data only sim card roaming, prepaid sim card, prepaid data sim card, pay as you go simcard, pre paid sim cards, roaming data sim card, prepaid sim, travel sim, prepaid sim card, international sim card, data sim card, preloaded sim card, e sim card	0916FFUWXRA	FR_5_30	8.99		16/09/2025 13:30:48 BST		y	4			11				B0FR9LMDW5						8721438402618				AMAZON_EU	Migrated Template	Active		
Germany eSIM 20GB 30Days	Germany eSIM 20GB 30Days - high speed internet - mobile data 5G compatible	0625HBUOWYH	GERMANY-20GB-30D	12.99		25/06/2026 17:17:37 BST		y	4			11				B0GSZP9H94						8721438402809				AMAZON_EU	Migrated Template	Active		
Germany eSIM 3GB 15Days	Germany eSIM 3GB 15Days - high speed internet - mobile data 5G compatible	0625HBVZS5A	GERMANY-3GB-15D	6.99		25/06/2026 17:16:46 BST		y	4			11				B0GSZBMLKV						8721438402762				AMAZON_EU	Migrated Template	Active		
Germany eSIM 5GB 30Days	Germany eSIM 5GB 30Days - high speed internet - mobile data 5G compatible	0625HBSD3Y4	GERMANY-5GB-30D	7.99		25/06/2026 17:17:11 BST		y	4			11				B0GSZDYWLZ						8721438402786				AMAZON_EU	Migrated Template	Active		
Greece eSIM 20GB 30Days	Greece eSIM 20GB 30Days - high speed internet - mobile data 5G compatible	0625HBYL4FM	GREECE-20GB-30D	13.99		25/06/2026 17:19:54 BST		y	4			11				B0FR9KJGBG						8721438403080				AMAZON_EU	Migrated Template	Active		
Greece eSIM 3GB 15Days	Greece eSIM 3GB 15Days - high speed internet - mobile data 5G compatible	0625HC1UZG5	GREECE-3GB-15D	6.99		25/06/2026 17:19:03 BST		y	4			11				B0FR9L85F6						8721438403042				AMAZON_EU	Migrated Template	Active		
Greece eSIM 5GB 30Days	Greece eSIM 5GB 30Days - high speed internet - mobile data 5G compatible	0625HBSF2LE	GREECE-5GB-30D	7.99		25/06/2026 17:19:29 BST		y	4			11				B0FR9C7SMF						8721438403066				AMAZON_EU	Migrated Template	Active		
Greece eSIM 20GB 30Days	esim, esim card, prepaid sim card unlimited data, sim cards pay as you go, sim, sim card, simcard pay as you go, sim card for travel, best sim for holiday, pay as you go sim, sim cards, payg sim card, pre pay sim card, prepaid sim card, travel sim, data sim, sim card with data, pre loaded data sim cards, sim card prepaid, data only sim card roaming, prepaid sim card, prepaid data sim card, pay as you go simcard, pre paid sim cards, roaming data sim card, prepaid sim, travel sim, prepaid sim card, international sim card, data sim card, preloaded sim card, e sim card	0916FFVMXEX	GR_20_30	15.99		16/09/2025 13:32:06 BST		y	4			11				B0FR9KJGBG						8721438403080				AMAZON_EU	Migrated Template	Active		
Greece eSIM 3GB 15Days	esim, esim card, prepaid sim card unlimited data, sim cards pay as you go, sim, sim card, simcard pay as you go, sim card for travel, best sim for holiday, pay as you go sim, sim cards, payg sim card, pre pay sim card, prepaid sim card, travel sim, data sim, sim card with data, pre loaded data sim cards, sim card prepaid, data only sim card roaming, prepaid sim card, prepaid data sim card, pay as you go simcard, pre paid sim cards, roaming data sim card, prepaid sim, travel sim, prepaid sim card, international sim card, data sim card, preloaded sim card, e sim card	0916FFTDA11	GR_3_15	4.99		16/09/2025 13:32:06 BST		y	4			11				B0FR9L85F6						8721438403042				AMAZON_EU	Migrated Template	Active		
Greece eSIM 5GB 30Days	esim, esim card, prepaid sim card unlimited data, sim cards pay as you go, sim, sim card, simcard pay as you go, sim card for travel, best sim for holiday, pay as you go sim, sim cards, payg sim card, pre pay sim card, prepaid sim card, travel sim, data sim, sim card with data, pre loaded data sim cards, sim card prepaid, data only sim card roaming, prepaid sim card, prepaid data sim card, pay as you go simcard, pre paid sim cards, roaming data sim card, prepaid sim, travel sim, prepaid sim card, international sim card, data sim card, preloaded sim card, e sim card	0916FF68UKG	GR_5_30	4.49		16/09/2025 13:32:06 BST		y	4			11				B0FR9C7SMF						8721438403066				AMAZON_EU	Migrated Template	Active		
Hong Kong eSIM 20GB 30Days	Hong Kong eSIM 20GB 30Days - high speed internet - mobile data 5G compatible	0625HBW6JL8	HONG-KONG-20GB-30D	12.99		25/06/2026 17:25:45 BST		y	4			11				B0FR9GXZ6F						8721438403417				AMAZON_EU	Migrated Template	Active		
Hong Kong eSIM 3GB 15Days	Hong Kong eSIM 3GB 15Days - high speed internet - mobile data 5G compatible	0625HBSKQ8T	HONG-KONG-3GB-15D	5.99		25/06/2026 17:24:55 BST		y	4			11				B0FR9CC6Q8						8721438403370				AMAZON_EU	Migrated Template	Active		
Indonesia eSIM 20GB 30 Days | Prepaid Travel eSIM | Pay As You Go Data SIM | Instant QR Code Activation | 3G/4G/5G Speeds | Free Travel Guide Inlcuded	esim, esim card, prepaid sim card unlimited data, sim cards pay as you go, sim, sim card, simcard pay as you go, sim card for travel, best sim for holiday, pay as you go sim, sim cards, payg sim card, pre pay sim card, prepaid sim card, travel sim, data sim, sim card with data, pre loaded data sim cards, sim card prepaid, data only sim card roaming, prepaid sim card, prepaid data sim card, pay as you go simcard, pre paid sim cards, roaming data sim card, prepaid sim, travel sim, prepaid sim card, international sim card, data sim card, preloaded sim card, e sim card	0916FFV4AWC	ID_20_30	13.99		16/09/2025 13:52:27 BST		y	4			11				B0FR9QXRDQ						8721438403745				AMAZON_EU	Migrated Template	Active		
Indonesia eSIM 3GB 15 Days | Prepaid Travel eSIM | Pay As You Go Data SIM | Instant QR Code Activation | 3G/4G/5G Speeds | Free Travel Guide Inlcuded	esim, esim card, prepaid sim card unlimited data, sim cards pay as you go, sim, sim card, simcard pay as you go, sim card for travel, best sim for holiday, pay as you go sim, sim cards, payg sim card, pre pay sim card, prepaid sim card, travel sim, data sim, sim card with data, pre loaded data sim cards, sim card prepaid, data only sim card roaming, prepaid sim card, prepaid data sim card, pay as you go simcard, pre paid sim cards, roaming data sim card, prepaid sim, travel sim, prepaid sim card, international sim card, data sim card, preloaded sim card, e sim card	0916FFV4042	ID_3_15	4.99		16/09/2025 13:52:27 BST		y	4			11				B0FR9T6QPZ						8721438403707				AMAZON_EU	Migrated Template	Active		
Indonesia eSIM 5GB 30 Days | Prepaid Travel eSIM | Pay As You Go Data SIM | Instant QR Code Activation | 3G/4G/5G Speeds | Free Travel Guide Inlcuded	esim, esim card, prepaid sim card unlimited data, sim cards pay as you go, sim, sim card, simcard pay as you go, sim card for travel, best sim for holiday, pay as you go sim, sim cards, payg sim card, pre pay sim card, prepaid sim card, travel sim, data sim, sim card with data, pre loaded data sim cards, sim card prepaid, data only sim card roaming, prepaid sim card, prepaid data sim card, pay as you go simcard, pre paid sim cards, roaming data sim card, prepaid sim, travel sim, prepaid sim card, international sim card, data sim card, preloaded sim card, e sim card	0916FFN9KX9	ID_5_30	3.49		16/09/2025 13:52:27 BST		y	4			11				B0FR8XW5DR						8721438403721				AMAZON_EU	Migrated Template	Active		
Ireland eSIM 20GB 30 Days | Pay As You Go Data SIM | Easy Setup | Travel SIM for Tourists & Business | 3G/4G/5G Speeds | Prepaid eSIM for Ireland | Free Travel Guide Inlcuded	esim, esim card, ireland esim, esim card ireland, data sim ireland, ireland data sim card, ireland esim card, prepaid sim card unlimited data, sim cards pay as you go, sim, sim card, simcard pay as you go, sim card for travel, best sim for holiday, pay as you go sim, sim cards, payg sim card, pre pay sim card, prepaid sim card, travel sim, data sim, sim card with data, pre loaded data sim cards, sim card prepaid, data only sim card roaming, prepaid sim card, prepaid data sim card, pay as you go simcard, pre paid sim cards, roaming data sim card, prepaid sim, travel sim, prepaid sim card, international sim card, data sim card, preloaded sim card, e sim card	0916FG2VOEX	IE_20_30	14.99		16/09/2025 13:52:46 BST		y	4			11				B0FR9SZG2Z						8721438403905				AMAZON_EU	Migrated Template	Active		
Ireland eSIM 3GB 15 Days | Pay As You Go Data SIM | Easy Setup | Travel SIM for Tourists & Business | 3G/4G/5G Speeds | Prepaid eSIM for Ireland | Free Travel Guide Inlcuded	esim, esim card, ireland esim, esim card ireland, data sim ireland, ireland data sim card, ireland esim card, prepaid sim card unlimited data, sim cards pay as you go, sim, sim card, simcard pay as you go, sim card for travel, best sim for holiday, pay as you go sim, sim cards, payg sim card, pre pay sim card, prepaid sim card, travel sim, data sim, sim card with data, pre loaded data sim cards, sim card prepaid, data only sim card roaming, prepaid sim card, prepaid data sim card, pay as you go simcard, pre paid sim cards, roaming data sim card, prepaid sim, travel sim, prepaid sim card, international sim card, data sim card, preloaded sim card, e sim card	0916FFVJZ8G	IE_3_15	4.99		16/09/2025 13:52:46 BST		y	4			11				B0FR8XV57F						8721438403868				AMAZON_EU	Migrated Template	Active		
Ireland eSIM 5GB 30 Days | Pay As You Go Data SIM | Easy Setup | Travel SIM for Tourists & Business | 3G/4G Speeds | Prepaid eSIM for Ireland | Free Travel Guide Inlcuded	esim, esim card, ireland esim, esim card ireland, data sim ireland, ireland data sim card, ireland esim card, prepaid sim card unlimited data, sim cards pay as you go, sim, sim card, simcard pay as you go, sim card for travel, best sim for holiday, pay as you go sim, sim cards, payg sim card, pre pay sim card, prepaid sim card, travel sim, data sim, sim card with data, pre loaded data sim cards, sim card prepaid, data only sim card roaming, prepaid sim card, prepaid data sim card, pay as you go simcard, pre paid sim cards, roaming data sim card, prepaid sim, travel sim, prepaid sim card, international sim card, data sim card, preloaded sim card, e sim card	0916FF6IL7O	IE_5_30	4.49		16/09/2025 13:52:46 BST		y	4			11				B0FR9GYKQL						8721438403882				AMAZON_EU	Migrated Template	Active		
India eSIM 20GB 30Days	India eSIM 20GB 30Days - high speed internet - mobile data 5G compatible	0625HBY09RW	INDIA-20GB-30D	35.99		25/06/2026 17:29:45 BST		y	4			11				B0FR9DYMHX						8721438403653				AMAZON_EU	Migrated Template	Active		
India eSIM 3GB 15Days	India eSIM 3GB 15Days - high speed internet - mobile data 5G compatible	0625HBULNNW	INDIA-3GB-15D	11.99		25/06/2026 17:28:54 BST		y	4			11				B0FR9ZM116						8721438403622				AMAZON_EU	Migrated Template	Active		
India eSIM 5GB 30Days	India eSIM 5GB 30Days - high speed internet - mobile data 5G compatible	0625HBOHLPL	INDIA-5GB-30D	12.99		25/06/2026 17:29:19 BST		y	4			11				B0FR9GXWN9						8721438403639				AMAZON_EU	Migrated Template	Active		
Indonesia eSIM 20GB 30 Days | Prepaid Travel eSIM | Pay As You Go Data SIM | Instant QR Code Activation | 3G/4G/5G Speeds | Free Travel Guide Inlcuded	Indonesia eSIM 20GB 30Days - high speed internet - mobile data 5G compatible	0625HC1E3ZU	INDONESIA-20GB-30D	12.99		25/06/2026 17:31:05 BST		y	4			11				B0FR9QXRDQ						8721438403745				AMAZON_EU	Migrated Template	Active		
Indonesia eSIM 3GB 15 Days | Prepaid Travel eSIM | Pay As You Go Data SIM | Instant QR Code Activation | 3G/4G/5G Speeds | Free Travel Guide Inlcuded	Indonesia eSIM 3GB 15Days - high speed internet - mobile data 5G compatible	0625HBYUQ2C	INDONESIA-3GB-15D	6.99		25/06/2026 17:30:14 BST		y	4			11				B0FR9T6QPZ						8721438403707				AMAZON_EU	Migrated Template	Active		
Indonesia eSIM 5GB 30 Days | Prepaid Travel eSIM | Pay As You Go Data SIM | Instant QR Code Activation | 3G/4G/5G Speeds | Free Travel Guide Inlcuded	Indonesia eSIM 5GB 30Days - high speed internet - mobile data 5G compatible	0625HBYDSGS	INDONESIA-5GB-30D	7.99		25/06/2026 17:30:39 BST		y	4			11				B0FR8XW5DR						8721438403721				AMAZON_EU	Migrated Template	Active		
India eSIM 20GB 30Days	esim, esim card, india esim, esim card india, data sim india, india data sim, esim india, prepaid sim card unlimited data, sim cards pay as you go, sim, sim card, simcard pay as you go, sim card for travel, best sim for holiday, pay as you go sim, sim cards, payg sim card, pre pay sim card, prepaid sim card, travel sim, data sim, sim card with data, pre loaded data sim cards, sim card prepaid, data only sim card roaming, prepaid sim card, prepaid data sim card, pay as you go simcard, pre paid sim cards, roaming data sim card, prepaid sim, travel sim, prepaid sim card, international sim card, data sim card, preloaded sim card, e sim card	0916FFXQ5B3	IN_20_30	34.99		16/09/2025 13:52:18 BST		y	4			11				B0FR9DYMHX						8721438403653				AMAZON_EU	Migrated Template	Active		
India eSIM 3GB 15Days	esim, esim card, india esim, esim card india, data sim india, india data sim, esim india, prepaid sim card unlimited data, sim cards pay as you go, sim, sim card, simcard pay as you go, sim card for travel, best sim for holiday, pay as you go sim, sim cards, payg sim card, pre pay sim card, prepaid sim card, travel sim, data sim, sim card with data, pre loaded data sim cards, sim card prepaid, data only sim card roaming, prepaid sim card, prepaid data sim card, pay as you go simcard, pre paid sim cards, roaming data sim card, prepaid sim, travel sim, prepaid sim card, international sim card, data sim card, preloaded sim card, e sim card	0916FFNEJLM	IN_3_15	9.99		16/09/2025 13:52:18 BST		y	4			11				B0FR9ZM116						8721438403622				AMAZON_EU	Migrated Template	Active		
India eSIM 5GB 30Days	esim, esim card, india esim, esim card india, data sim india, india data sim, esim india, prepaid sim card unlimited data, sim cards pay as you go, sim, sim card, simcard pay as you go, sim card for travel, best sim for holiday, pay as you go sim, sim cards, payg sim card, pre pay sim card, prepaid sim card, travel sim, data sim, sim card with data, pre loaded data sim cards, sim card prepaid, data only sim card roaming, prepaid sim card, prepaid data sim card, pay as you go simcard, pre paid sim cards, roaming data sim card, prepaid sim, travel sim, prepaid sim card, international sim card, data sim card, preloaded sim card, e sim card	0916FF6I0XO	IN_5_30	13.99		16/09/2025 13:52:18 BST		y	4			11				B0FR9GXWN9						8721438403639				AMAZON_EU	Migrated Template	Active		
Ireland eSIM 20GB 30 Days | Pay As You Go Data SIM | Easy Setup | Travel SIM for Tourists & Business | 3G/4G/5G Speeds | Prepaid eSIM for Ireland | Free Travel Guide Inlcuded	Ireland eSIM 20GB 30Days - high speed internet - mobile data 5G compatible	0625HBW96T0	IRELAND-20GB-30D	13.99		25/06/2026 17:32:25 BST		y	4			11				B0FR9SZG2Z						8721438403905				AMAZON_EU	Migrated Template	Active		
Ireland eSIM 3GB 15 Days | Pay As You Go Data SIM | Easy Setup | Travel SIM for Tourists & Business | 3G/4G/5G Speeds | Prepaid eSIM for Ireland | Free Travel Guide Inlcuded	Ireland eSIM 3GB 15Days - high speed internet - mobile data 5G compatible	0625HBS7TPX	IRELAND-3GB-15D	6.99		25/06/2026 17:31:34 BST		y	4			11				B0FR8XV57F						8721438403868				AMAZON_EU	Migrated Template	Active		
Ireland eSIM 5GB 30 Days | Pay As You Go Data SIM | Easy Setup | Travel SIM for Tourists & Business | 3G/4G Speeds | Prepaid eSIM for Ireland | Free Travel Guide Inlcuded	Ireland eSIM 5GB 30Days - high speed internet - mobile data 5G compatible	0625HC4L3NK	IRELAND-5GB-30D	7.99		25/06/2026 17:31:59 BST		y	4			11				B0FR9GYKQL						8721438403882				AMAZON_EU	Migrated Template	Active		
Italy eSIM 20GB 30Days	Italy eSIM 20GB 30Days - high speed internet - mobile data 5G compatible	0625HBYWKOF	ITALY-20GB-30D	12.99		25/06/2026 17:36:25 BST		y	4			11				B0FR9RNZV2						8721438404148				AMAZON_EU	Migrated Template	Active		
Italy eSIM 3GB 15Days	Italy eSIM 3GB 15Days - high speed internet - mobile data 5G compatible	0625HBYOFJZ	ITALY-3GB-15D	6.99		25/06/2026 17:35:35 BST		y	4			11				B0FR9GXZ18						8721438404100				AMAZON_EU	Migrated Template	Active		
Italy eSIM 5GB 30Days	Italy eSIM 5GB 30Days - high speed internet - mobile data 5G compatible	0625HBOGRFX	ITALY-5GB-30D	7.99		25/06/2026 17:36:00 BST		y	4			11				B0FR9ZR2TH						8721438404124				AMAZON_EU	Migrated Template	Active		
Italy eSIM 20GB 30Days	esim, esim card, esim italy, sim card italy, data sim italty, italy esim, italy data sim, italy sim card, prepaid sim card unlimited data, sim cards pay as you go, sim, sim card, simcard pay as you go, sim card for travel, best sim for holiday, pay as you go sim, sim cards, payg sim card, pre pay sim card, prepaid sim card, travel sim, data sim, sim card with data, pre loaded data sim cards, sim card prepaid, data only sim card roaming, prepaid sim card, prepaid data sim card, pay as you go simcard, pre paid sim cards, roaming data sim card, prepaid sim, travel sim, prepaid sim card, international sim card, data sim card, preloaded sim card, e sim card	0916FFVW3DY	IT_20_30	13.99		16/09/2025 13:53:16 BST		y	4			11				B0FR9RNZV2						8721438404148				AMAZON_EU	Migrated Template	Active		
Italy eSIM 3GB 15Days	esim, esim card, esim italy, sim card italy, data sim italty, italy esim, italy data sim, italy sim card, prepaid sim card unlimited data, sim cards pay as you go, sim, sim card, simcard pay as you go, sim card for travel, best sim for holiday, pay as you go sim, sim cards, payg sim card, pre pay sim card, prepaid sim card, travel sim, data sim, sim card with data, pre loaded data sim cards, sim card prepaid, data only sim card roaming, prepaid sim card, prepaid data sim card, pay as you go simcard, pre paid sim cards, roaming data sim card, prepaid sim, travel sim, prepaid sim card, international sim card, data sim card, preloaded sim card, e sim card	0916FFY3WR3	IT_3_15	4.99		16/09/2025 13:53:16 BST		y	4			11				B0FR9GXZ18						8721438404100				AMAZON_EU	Migrated Template	Active		
Italy eSIM 5GB 30Days	esim, esim card, esim italy, sim card italy, data sim italty, italy esim, italy data sim, italy sim card, prepaid sim card unlimited data, sim cards pay as you go, sim, sim card, simcard pay as you go, sim card for travel, best sim for holiday, pay as you go sim, sim cards, payg sim card, pre pay sim card, prepaid sim card, travel sim, data sim, sim card with data, pre loaded data sim cards, sim card prepaid, data only sim card roaming, prepaid sim card, prepaid data sim card, pay as you go simcard, pre paid sim cards, roaming data sim card, prepaid sim, travel sim, prepaid sim card, international sim card, data sim card, preloaded sim card, e sim card	0916FFNFZ6N	IT_5_30	3.49		16/09/2025 13:53:16 BST		y	4			11				B0FR9ZR2TH						8721438404124				AMAZON_EU	Migrated Template	Active		
Japan eSIM 3GB 15Days	Japan eSIM 3GB 15Days - high speed internet - mobile data 5G compatible	0625HBOKI4W	JAPAN-3GB-15D	6.99		25/06/2026 17:36:54 BST		y	4			11				B0FR9LVZVQ						8721438404216				AMAZON_EU	Migrated Template	Active		
Japan eSIM 3GB 15Days	esim, esim card, esim japan, esim card japan, data sim japan, japan esim, japan data sim, japan esim card, japan sim card, prepaid sim card unlimited data, sim cards pay as you go, sim, sim card, simcard pay as you go, sim card for travel, best sim for holiday, pay as you go sim, sim cards, payg sim card, pre pay sim card, prepaid sim card, travel sim, data sim, sim card with data, pre loaded data sim cards, sim card prepaid, data only sim card roaming, prepaid sim card, prepaid data sim card, pay as you go simcard, pre paid sim cards, roaming data sim card, prepaid sim, travel sim, prepaid sim card, international sim card, data sim card, preloaded sim card, e sim card	0916FFUVF59	JP_3_15	4.99		16/09/2025 13:56:30 BST		y	4			11				B0FR9LVZVQ						8721438404216				AMAZON_EU	Migrated Template	Active		
Kenya eSIM 3GB 15Days	Kenya eSIM 3GB 15Days - high speed internet - mobile data 5G compatible	0625HBYLV47	KENYA-3GB-15D	11.99		25/06/2026 17:42:14 BST		y	4			11				B0FR9GZ14G						8721438404506				AMAZON_EU	Migrated Template	Active		
Kenya eSIM 5GB 30Days	Kenya eSIM 5GB 30Days - high speed internet - mobile data 5G compatible	0625HBVTXPM	KENYA-5GB-30D	12.99		25/06/2026 17:42:40 BST		y	4			11				B0FR9T4DG6						8721438404513				AMAZON_EU	Migrated Template	Active		
Kenya eSIM 3GB 15Days	esim, esim card, prepaid sim card unlimited data, sim cards pay as you go, sim, sim card, simcard pay as you go, sim card for travel, best sim for holiday, pay as you go sim, sim cards, payg sim card, pre pay sim card, prepaid sim card, travel sim, data sim, sim card with data, pre loaded data sim cards, sim card prepaid, data only sim card roaming, prepaid sim card, prepaid data sim card, pay as you go simcard, pre paid sim cards, roaming data sim card, prepaid sim, travel sim, prepaid sim card, international sim card, data sim card, preloaded sim card, e sim card	0916FFUTJVM	KE_3_15	21.99		16/09/2025 13:57:10 BST		y	4			11				B0FR9GZ14G						8721438404506				AMAZON_EU	Migrated Template	Active		
Kenya eSIM 5GB 30Days	esim, esim card, prepaid sim card unlimited data, sim cards pay as you go, sim, sim card, simcard pay as you go, sim card for travel, best sim for holiday, pay as you go sim, sim cards, payg sim card, pre pay sim card, prepaid sim card, travel sim, data sim, sim card with data, pre loaded data sim cards, sim card prepaid, data only sim card roaming, prepaid sim card, prepaid data sim card, pay as you go simcard, pre paid sim cards, roaming data sim card, prepaid sim, travel sim, prepaid sim card, international sim card, data sim card, preloaded sim card, e sim card	0916FG2O0TD	KE_5_30	29.99		16/09/2025 13:57:10 BST		y	4			11				B0FR9T4DG6						8721438404513				AMAZON_EU	Migrated Template	Active		
Malaysia eSIM 20GB 30Days	Malaysia eSIM 20GB 30Days - high speed internet - mobile data 5G compatible	0625HBT3AND	MALAYSIA-20GB-30D	12.99		25/06/2026 17:54:22 BST		y	4			11				B0FR9VMWYD						8721438405060				AMAZON_EU	Migrated Template	Active		
Malaysia eSIM 3GB 15Days	Malaysia eSIM 3GB 15Days - high speed internet - mobile data 5G compatible	0625HBVHYF4	MALAYSIA-3GB-15D	6.99		25/06/2026 17:53:31 BST		y	4			11				B0FR9H1Q65						8721438405039				AMAZON_EU	Migrated Template	Active		
Malaysia eSIM 5GB 30Days	Malaysia eSIM 5GB 30Days - high speed internet - mobile data 5G compatible	0625HC1ZHZF	MALAYSIA-5GB-30D	7.99		25/06/2026 17:53:56 BST		y	4			11				B0FR9LDGX8						8721438405046				AMAZON_EU	Migrated Template	Active		
Morocco eSIM 20GB 30 Days | Pay As You Go Data SIM | Easy Setup | Travel SIM for Tourists & Business | 3G/4G Speeds | Free Travel Guide Inlcuded	esim, esim card, prepaid sim card unlimited data, sim cards pay as you go, sim, sim card, simcard pay as you go, sim card for travel, best sim for holiday, pay as you go sim, sim cards, payg sim card, pre pay sim card, prepaid sim card, travel sim, data sim, sim card with data, pre loaded data sim cards, sim card prepaid, data only sim card roaming, prepaid sim card, prepaid data sim card, pay as you go simcard, pre paid sim cards, roaming data sim card, prepaid sim, travel sim, prepaid sim card, international sim card, data sim card, preloaded sim card, e sim card	0916FF6NTN4	MA_20_30	24.99		16/09/2025 14:17:28 BST		y	4			11				B0FR9M57DY						8721438405428				AMAZON_EU	Migrated Template	Active		
Morocco eSIM 3GB 15 Days | Pay As You Go Data SIM | Easy Setup | Travel SIM for Tourists & Business | 3G/4G Speeds | Free Travel Guide Inlcuded	esim, esim card, prepaid sim card unlimited data, sim cards pay as you go, sim, sim card, simcard pay as you go, sim card for travel, best sim for holiday, pay as you go sim, sim cards, payg sim card, pre pay sim card, prepaid sim card, travel sim, data sim, sim card with data, pre loaded data sim cards, sim card prepaid, data only sim card roaming, prepaid sim card, prepaid data sim card, pay as you go simcard, pre paid sim cards, roaming data sim card, prepaid sim, travel sim, prepaid sim card, international sim card, data sim card, preloaded sim card, e sim card	0916FFYCMOY	MA_3_15	6.99		16/09/2025 14:17:28 BST		y	4			11				B0FR9CFZQR						8721438405381				AMAZON_EU	Migrated Template	Active		
Morocco eSIM 20GB 30 Days | Pay As You Go Data SIM | Easy Setup | Travel SIM for Tourists & Business | 3G/4G Speeds | Free Travel Guide Inlcuded	Morocco eSIM 20GB 30Days - high speed internet - mobile data 5G compatible	0625HBT87G1	MOROCCO-20GB-30D	22.99		25/06/2026 18:01:40 BST		y	4			11				B0FR9M57DY						8721438405428				AMAZON_EU	Migrated Template	Active		
Morocco eSIM 3GB 15 Days | Pay As You Go Data SIM | Easy Setup | Travel SIM for Tourists & Business | 3G/4G Speeds | Free Travel Guide Inlcuded	Morocco eSIM 3GB 15Days - high speed internet - mobile data 5G compatible	0625HBT25C2	MOROCCO-3GB-15D	7.99		25/06/2026 18:00:49 BST		y	4			11				B0FR9CFZQR						8721438405381				AMAZON_EU	Migrated Template	Active		
Malaysia eSIM 20GB 30Days	esim, esim card, malaysia esim, esim card malaysia, data sim malaysia, prepaid sim card unlimited data, sim cards pay as you go, sim, sim card, simcard pay as you go, sim card for travel, best sim for holiday, pay as you go sim, sim cards, payg sim card, pre pay sim card, prepaid sim card, travel sim, data sim, sim card with data, pre loaded data sim cards, sim card prepaid, data only sim card roaming, prepaid sim card, prepaid data sim card, pay as you go simcard, pre paid sim cards, roaming data sim card, prepaid sim, travel sim, prepaid sim card, international sim card, data sim card, preloaded sim card, e sim card	0916FFZ0NZW	MY_20_30	13.99		16/09/2025 14:11:07 BST		y	4			11				B0FR9VMWYD						8721438405060				AMAZON_EU	Migrated Template	Active		
Malaysia eSIM 3GB 15Days	esim, esim card, malaysia esim, esim card malaysia, data sim malaysia, prepaid sim card unlimited data, sim cards pay as you go, sim, sim card, simcard pay as you go, sim card for travel, best sim for holiday, pay as you go sim, sim cards, payg sim card, pre pay sim card, prepaid sim card, travel sim, data sim, sim card with data, pre loaded data sim cards, sim card prepaid, data only sim card roaming, prepaid sim card, prepaid data sim card, pay as you go simcard, pre paid sim cards, roaming data sim card, prepaid sim, travel sim, prepaid sim card, international sim card, data sim card, preloaded sim card, e sim card	0916FG2HQQC	MY_3_15	4.99		16/09/2025 14:11:07 BST		y	4			11				B0FR9H1Q65						8721438405039				AMAZON_EU	Migrated Template	Active		
Malaysia eSIM 5GB 30Days	esim, esim card, malaysia esim, esim card malaysia, data sim malaysia, prepaid sim card unlimited data, sim cards pay as you go, sim, sim card, simcard pay as you go, sim card for travel, best sim for holiday, pay as you go sim, sim cards, payg sim card, pre pay sim card, prepaid sim card, travel sim, data sim, sim card with data, pre loaded data sim cards, sim card prepaid, data only sim card roaming, prepaid sim card, prepaid data sim card, pay as you go simcard, pre paid sim cards, roaming data sim card, prepaid sim, travel sim, prepaid sim card, international sim card, data sim card, preloaded sim card, e sim card	0916FF6J914	MY_5_30	6.99		16/09/2025 14:11:07 BST		y	4			11				B0FR9LDGX8						8721438405046				AMAZON_EU	Migrated Template	Active		
Netherlands eSIM 20GB 30Days	Netherlands eSIM 20GB 30Days - high speed internet - mobile data 5G compatible	0625HBWGTFX	NETHERLANDS-20GB-30D	13.99		25/06/2026 18:04:23 BST		y	4			11				B0FR9NG7LB						8721438405565				AMAZON_EU	Migrated Template	Active		
Netherlands eSIM 3GB 15Days	Netherlands eSIM 3GB 15Days - high speed internet - mobile data 5G compatible	0625HBOU2EK	NETHERLANDS-3GB-15D	6.99		25/06/2026 18:03:32 BST		y	4			11				B0FRB5GNM2						8721438405527				AMAZON_EU	Migrated Template	Active		
Netherlands eSIM 5GB 30Days	Netherlands eSIM 5GB 30Days - high speed internet - mobile data 5G compatible	0625HC2BCE3	NETHERLANDS-5GB-30D	7.99		25/06/2026 18:03:57 BST		y	4			11				B0FR9NHP7Q						8721438405541				AMAZON_EU	Migrated Template	Active		
Netherlands eSIM 20GB 30Days	esim, esim card, prepaid sim card unlimited data, sim cards pay as you go, sim, sim card, simcard pay as you go, sim card for travel, best sim for holiday, pay as you go sim, sim cards, payg sim card, pre pay sim card, prepaid sim card, travel sim, data sim, sim card with data, pre loaded data sim cards, sim card prepaid, data only sim card roaming, prepaid sim card, prepaid data sim card, pay as you go simcard, pre paid sim cards, roaming data sim card, prepaid sim, travel sim, prepaid sim card, international sim card, data sim card, preloaded sim card, e sim card	0916FFPE6NC	NL_20_30	16.99		16/09/2025 18:03:30 BST		y	4			11				B0FR9NG7LB						8721438405565				AMAZON_EU	Migrated Template	Active		
Netherlands eSIM 3GB 15Days	esim, esim card, prepaid sim card unlimited data, sim cards pay as you go, sim, sim card, simcard pay as you go, sim card for travel, best sim for holiday, pay as you go sim, sim cards, payg sim card, pre pay sim card, prepaid sim card, travel sim, data sim, sim card with data, pre loaded data sim cards, sim card prepaid, data only sim card roaming, prepaid sim card, prepaid data sim card, pay as you go simcard, pre paid sim cards, roaming data sim card, prepaid sim, travel sim, prepaid sim card, international sim card, data sim card, preloaded sim card, e sim card	0916FGDQQ8K	NL_3_15	4.99		16/09/2025 18:03:30 BST		y	4			11				B0FRB5GNM2						8721438405527				AMAZON_EU	Migrated Template	Active		
Netherlands eSIM 5GB 30Days	esim, esim card, prepaid sim card unlimited data, sim cards pay as you go, sim, sim card, simcard pay as you go, sim card for travel, best sim for holiday, pay as you go sim, sim cards, payg sim card, pre pay sim card, prepaid sim card, travel sim, data sim, sim card with data, pre loaded data sim cards, sim card prepaid, data only sim card roaming, prepaid sim card, prepaid data sim card, pay as you go simcard, pre paid sim cards, roaming data sim card, prepaid sim, travel sim, prepaid sim card, international sim card, data sim card, preloaded sim card, e sim card	0916FGE58Q2	NL_5_30	4.49		16/09/2025 18:03:30 BST		y	4			11				B0FR9NHP7Q						8721438405541				AMAZON_EU	Migrated Template	Active		
Philippines eSIM 20GB 30Days	Philippines eSIM 20GB 30Days - high speed internet - mobile data 5G compatible	0625HBTJWTV	PHILIPPINES-20GB-30D	19.99		25/06/2026 18:14:25 BST		y	4			11				B0FRB4K2D4						8721438406173				AMAZON_EU	Migrated Template	Active		
Philippines eSIM 3GB 15Days	Philippines eSIM 3GB 15Days - high speed internet - mobile data 5G compatible	0625HC4FGO9	PHILIPPINES-3GB-15D	6.99		25/06/2026 18:13:34 BST		y	4			11				B0FRB1GVXK						8721438406142				AMAZON_EU	Migrated Template	Active		
Philippines eSIM 5GB 30Days	Philippines eSIM 5GB 30Days - high speed internet - mobile data 5G compatible	0625HC8S03Z	PHILIPPINES-5GB-30D	8.99		25/06/2026 18:13:59 BST		y	4			11				B0FRB4VCKG						8721438406159				AMAZON_EU	Migrated Template	Active		
Philippines eSIM 20GB 30Days	esim, esim card, prepaid sim card unlimited data, sim cards pay as you go, sim, sim card, simcard pay as you go, sim card for travel, best sim for holiday, pay as you go sim, sim cards, payg sim card, pre pay sim card, prepaid sim card, travel sim, data sim, sim card with data, pre loaded data sim cards, sim card prepaid, data only sim card roaming, prepaid sim card, prepaid data sim card, pay as you go simcard, pre paid sim cards, roaming data sim card, prepaid sim, travel sim, prepaid sim card, international sim card, data sim card, preloaded sim card, e sim card	0916FGCV7ZJ	PH_20_30	28.99		16/09/2025 18:07:43 BST		y	4			11				B0FRB4K2D4						8721438406173				AMAZON_EU	Migrated Template	Active		
Philippines eSIM 3GB 15Days	esim, esim card, prepaid sim card unlimited data, sim cards pay as you go, sim, sim card, simcard pay as you go, sim card for travel, best sim for holiday, pay as you go sim, sim cards, payg sim card, pre pay sim card, prepaid sim card, travel sim, data sim, sim card with data, pre loaded data sim cards, sim card prepaid, data only sim card roaming, prepaid sim card, prepaid data sim card, pay as you go simcard, pre paid sim cards, roaming data sim card, prepaid sim, travel sim, prepaid sim card, international sim card, data sim card, preloaded sim card, e sim card	0916FGEAYUJ	PH_3_15	7.99		16/09/2025 18:07:43 BST		y	4			11				B0FRB1GVXK						8721438406142				AMAZON_EU	Migrated Template	Active		
Philippines eSIM 5GB 30Days	esim, esim card, prepaid sim card unlimited data, sim cards pay as you go, sim, sim card, simcard pay as you go, sim card for travel, best sim for holiday, pay as you go sim, sim cards, payg sim card, pre pay sim card, prepaid sim card, travel sim, data sim, sim card with data, pre loaded data sim cards, sim card prepaid, data only sim card roaming, prepaid sim card, prepaid data sim card, pay as you go simcard, pre paid sim cards, roaming data sim card, prepaid sim, travel sim, prepaid sim card, international sim card, data sim card, preloaded sim card, e sim card	0916FGCGVWK	PH_5_30	10.99		16/09/2025 18:07:43 BST		y	4			11				B0FRB4VCKG						8721438406159				AMAZON_EU	Migrated Template	Active		
Poland eSIM 20GB 30 Days | Pay As You Go Data SIM | Easy Setup | Travel SIM for Tourists & Business | 3G/4G/5G Speeds | Free Travel Guide Inlcuded	esim, esim card, prepaid sim card unlimited data, sim cards pay as you go, sim, sim card, simcard pay as you go, sim card for travel, best sim for holiday, pay as you go sim, sim cards, payg sim card, pre pay sim card, prepaid sim card, travel sim, data sim, sim card with data, pre loaded data sim cards, sim card prepaid, data only sim card roaming, prepaid sim card, prepaid data sim card, pay as you go simcard, pre paid sim cards, roaming data sim card, prepaid sim, travel sim, prepaid sim card, international sim card, data sim card, preloaded sim card, e sim card	0916FFPGVD1	PL_20_30	13.99		16/09/2025 18:07:52 BST		y	4			11				B0FRB5HSK7						8721438406289				AMAZON_EU	Migrated Template	Active		
Poland eSIM 3GB 15 Days | Pay As You Go Data SIM | Easy Setup | Travel SIM for Tourists & Business | 3G/4G/5G Speeds | Free Travel Guide Inlcuded	esim, esim card, prepaid sim card unlimited data, sim cards pay as you go, sim, sim card, simcard pay as you go, sim card for travel, best sim for holiday, pay as you go sim, sim cards, payg sim card, pre pay sim card, prepaid sim card, travel sim, data sim, sim card with data, pre loaded data sim cards, sim card prepaid, data only sim card roaming, prepaid sim card, prepaid data sim card, pay as you go simcard, pre paid sim cards, roaming data sim card, prepaid sim, travel sim, prepaid sim card, international sim card, data sim card, preloaded sim card, e sim card	0916FGCCYJQ	PL_3_15	4.99		16/09/2025 18:07:52 BST		y	4			11				B0FRB4JVKR						8721438406258				AMAZON_EU	Migrated Template	Active		
Poland eSIM 5GB 30 Days | Pay As You Go Data SIM | Easy Setup | Travel SIM for Tourists & Business | 3G/4G Speeds | Free Travel Guide Inlcuded	esim, esim card, prepaid sim card unlimited data, sim cards pay as you go, sim, sim card, simcard pay as you go, sim card for travel, best sim for holiday, pay as you go sim, sim cards, payg sim card, pre pay sim card, prepaid sim card, travel sim, data sim, sim card with data, pre loaded data sim cards, sim card prepaid, data only sim card roaming, prepaid sim card, prepaid data sim card, pay as you go simcard, pre paid sim cards, roaming data sim card, prepaid sim, travel sim, prepaid sim card, international sim card, data sim card, preloaded sim card, e sim card	0916FGEFTCX	PL_5_30	3.49		16/09/2025 18:07:52 BST		y	4			11				B0FRBDPQ9J						8721438406272				AMAZON_EU	Migrated Template	Active		
Poland eSIM 20GB 30 Days | Pay As You Go Data SIM | Easy Setup | Travel SIM for Tourists & Business | 3G/4G/5G Speeds | Free Travel Guide Inlcuded	Poland eSIM 20GB 30Days - high speed internet - mobile data 5G compatible	0625HBTCGQS	POLAND-20GB-30D	12.99		25/06/2026 18:15:45 BST		y	4			11				B0FRB5HSK7						8721438406289				AMAZON_EU	Migrated Template	Active		
Poland eSIM 3GB 15 Days | Pay As You Go Data SIM | Easy Setup | Travel SIM for Tourists & Business | 3G/4G/5G Speeds | Free Travel Guide Inlcuded	Poland eSIM 3GB 15Days - high speed internet - mobile data 5G compatible	0625HC1BU0C	POLAND-3GB-15D	6.99		25/06/2026 18:14:54 BST		y	4			11				B0FRB4JVKR						8721438406258				AMAZON_EU	Migrated Template	Active		
Poland eSIM 5GB 30 Days | Pay As You Go Data SIM | Easy Setup | Travel SIM for Tourists & Business | 3G/4G Speeds | Free Travel Guide Inlcuded	Poland eSIM 5GB 30Days - high speed internet - mobile data 5G compatible	0625HBTKDCR	POLAND-5GB-30D	7.99		25/06/2026 18:15:19 BST		y	4			11				B0FRBDPQ9J						8721438406272				AMAZON_EU	Migrated Template	Active		
Portugal eSIM 20GB 30Days	Portugal eSIM 20GB 30Days - high speed internet - mobile data 5G compatible	0625HC5BIL9	PORTUGAL-20GB-30D	12.99		25/06/2026 18:17:04 BST		y	4			11				B0FRB354KV						8721438406357				AMAZON_EU	Migrated Template	Active		
Portugal eSIM 3GB 15Days	Portugal eSIM 3GB 15Days - high speed internet - mobile data 5G compatible	0625HBZZ9LL	PORTUGAL-3GB-15D	6.99		25/06/2026 18:16:13 BST		y	4			11				B0FRB4314T						8721438406319				AMAZON_EU	Migrated Template	Active		
Portugal eSIM 5GB 30Days	Portugal eSIM 5GB 30Days - high speed internet - mobile data 5G compatible	0625HC4S5JM	PORTUGAL-5GB-30D	7.99		25/06/2026 18:16:39 BST		y	4			11				B0FRB4X799						8721438406333				AMAZON_EU	Migrated Template	Active		
Portugal eSIM 20GB 30Days	esim, esim card, prepaid sim card unlimited data, sim cards pay as you go, sim, sim card, simcard pay as you go, sim card for travel, best sim for holiday, pay as you go sim, sim cards, payg sim card, pre pay sim card, prepaid sim card, travel sim, data sim, sim card with data, pre loaded data sim cards, sim card prepaid, data only sim card roaming, prepaid sim card, prepaid data sim card, pay as you go simcard, pre paid sim cards, roaming data sim card, prepaid sim, travel sim, prepaid sim card, international sim card, data sim card, preloaded sim card, e sim card	0916FGE1KLM	PT_20_30	16.99		16/09/2025 18:08:32 BST		y	4			11				B0FRB354KV						8721438406357				AMAZON_EU	Migrated Template	Active		
Portugal eSIM 3GB 15Days	esim, esim card, prepaid sim card unlimited data, sim cards pay as you go, sim, sim card, simcard pay as you go, sim card for travel, best sim for holiday, pay as you go sim, sim cards, payg sim card, pre pay sim card, prepaid sim card, travel sim, data sim, sim card with data, pre loaded data sim cards, sim card prepaid, data only sim card roaming, prepaid sim card, prepaid data sim card, pay as you go simcard, pre paid sim cards, roaming data sim card, prepaid sim, travel sim, prepaid sim card, international sim card, data sim card, preloaded sim card, e sim card	0916FGH7EPC	PT_3_15	4.99		16/09/2025 18:08:32 BST		y	4			11				B0FRB4314T						8721438406319				AMAZON_EU	Migrated Template	Active		
Portugal eSIM 5GB 30Days	esim, esim card, prepaid sim card unlimited data, sim cards pay as you go, sim, sim card, simcard pay as you go, sim card for travel, best sim for holiday, pay as you go sim, sim cards, payg sim card, pre pay sim card, prepaid sim card, travel sim, data sim, sim card with data, pre loaded data sim cards, sim card prepaid, data only sim card roaming, prepaid sim card, prepaid data sim card, pay as you go simcard, pre paid sim cards, roaming data sim card, prepaid sim, travel sim, prepaid sim card, international sim card, data sim card, preloaded sim card, e sim card	0916FGEE4UB	PT_5_30	4.49		16/09/2025 18:08:32 BST		y	4			11				B0FRB4X799						8721438406333				AMAZON_EU	Migrated Template	Active		
Senegal eSIM 3GB 15Days	Senegal eSIM 3GB 15Days - high speed internet - mobile data 5G compatible	0625HC06I0A	SENEGAL-3GB-15D	13.99		25/06/2026 18:22:02 BST		y	4			11				B0FRB4HX92						8721438406562				AMAZON_EU	Migrated Template	Active		
Senegal eSIM 5GB 30Days	Senegal eSIM 5GB 30Days - high speed internet - mobile data 5G compatible	0625HBTNHWD	SENEGAL-5GB-30D	15.99		25/06/2026 18:22:28 BST		y	4			11				B0FRB68H77						8721438406579				AMAZON_EU	Migrated Template	Active		
Singapore eSIM 20GB 30 Days | Pay As You Go Data SIM | Easy Setup | Travel SIM for Tourists & Business | 3G/4G/5G Speeds | Free Travel Guide Inlcuded	esim, esim card, singapore esim, esim card singapore, data sim singapore, singapore data sim, travel sim singapore, prepaid sim card unlimited data, sim cards pay as you go, sim, sim card, simcard pay as you go, sim card for travel, best sim for holiday, pay as you go sim, sim cards, payg sim card, pre pay sim card, prepaid sim card, travel sim, data sim, sim card with data, pre loaded data sim cards, sim card prepaid, data only sim card roaming, prepaid sim card, prepaid data sim card, pay as you go simcard, pre paid sim cards, roaming data sim card, prepaid sim, travel sim, prepaid sim card, international sim card, data sim card, preloaded sim card, e sim card	0916FGE95FK	SG_20_30	14.99		16/09/2025 18:17:25 BST		y	4			11				B0FRB256K8						8721438406692				AMAZON_EU	Migrated Template	Active		
Singapore eSIM 5GB 30 Days | Pay As You Go Data SIM | Easy Setup | Travel SIM for Tourists & Business | 3G/4G/5G Speeds | Free Travel Guide Inlcuded	esim, esim card, singapore esim, esim card singapore, data sim singapore, singapore data sim, travel sim singapore, prepaid sim card unlimited data, sim cards pay as you go, sim, sim card, simcard pay as you go, sim card for travel, best sim for holiday, pay as you go sim, sim cards, payg sim card, pre pay sim card, prepaid sim card, travel sim, data sim, sim card with data, pre loaded data sim cards, sim card prepaid, data only sim card roaming, prepaid sim card, prepaid data sim card, pay as you go simcard, pre paid sim cards, roaming data sim card, prepaid sim, travel sim, prepaid sim card, international sim card, data sim card, preloaded sim card, e sim card	0916FFPGZVL	SG_5_30	7.99		16/09/2025 18:17:25 BST		y	4			11				B0FR9X3Y3R						8721438406678				AMAZON_EU	Migrated Template	Active		
Singapore eSIM 20GB 30 Days | Pay As You Go Data SIM | Easy Setup | Travel SIM for Tourists & Business | 3G/4G/5G Speeds | Free Travel Guide Inlcuded	Singapore eSIM 20GB 30Days - high speed internet - mobile data 5G compatible	0625HC00IQL	SINGAPORE-20GB-30D	12.99		25/06/2026 18:25:11 BST		y	4			11				B0FRB256K8						8721438406692				AMAZON_EU	Migrated Template	Active		
Singapore eSIM 5GB 30 Days | Pay As You Go Data SIM | Easy Setup | Travel SIM for Tourists & Business | 3G/4G/5G Speeds | Free Travel Guide Inlcuded	Singapore eSIM 5GB 30Days - high speed internet - mobile data 5G compatible	0625HC7VGY4	SINGAPORE-5GB-30D	7.99		25/06/2026 18:24:46 BST		y	4			11				B0FR9X3Y3R						8721438406678				AMAZON_EU	Migrated Template	Active		
Senegal eSIM 3GB 15Days	esim, esim card, prepaid sim card unlimited data, sim cards pay as you go, sim, sim card, simcard pay as you go, sim card for travel, best sim for holiday, pay as you go sim, sim cards, payg sim card, pre pay sim card, prepaid sim card, travel sim, data sim, sim card with data, pre loaded data sim cards, sim card prepaid, data only sim card roaming, prepaid sim card, prepaid data sim card, pay as you go simcard, pre paid sim cards, roaming data sim card, prepaid sim, travel sim, prepaid sim card, international sim card, data sim card, preloaded sim card, e sim card	0916FGE9RWY	SN_3_15	24.99		16/09/2025 18:13:36 BST		y	4			11				B0FRB4HX92						8721438406562				AMAZON_EU	Migrated Template	Active		
Senegal eSIM 5GB 30Days	esim, esim card, prepaid sim card unlimited data, sim cards pay as you go, sim, sim card, simcard pay as you go, sim card for travel, best sim for holiday, pay as you go sim, sim cards, payg sim card, pre pay sim card, prepaid sim card, travel sim, data sim, sim card with data, pre loaded data sim cards, sim card prepaid, data only sim card roaming, prepaid sim card, prepaid data sim card, pay as you go simcard, pre paid sim cards, roaming data sim card, prepaid sim, travel sim, prepaid sim card, international sim card, data sim card, preloaded sim card, e sim card	0916FGC9L63	SN_5_30	36.99		16/09/2025 18:13:36 BST		y	4			11				B0FRB68H77						8721438406579				AMAZON_EU	Migrated Template	Active		
South Africa eSIM 5GB 30Days	South Africa eSIM 5GB 30Days - high speed internet - mobile data 5G compatible	0625HBP2REP	SOUTH-AFRICA-5GB-30D	12.99		25/06/2026 18:28:19 BST		y	4			11				B0FRB3R6F3						8721438406913				AMAZON_EU	Migrated Template	Active		
Spain eSIM 20GB 30 Days | Pay As You Go Data SIM | Easy Setup | Travel SIM for Tourists & Business | 3G/4G Speeds | Free Travel Guide Inlcuded	Spain eSIM 20GB 30Days - high speed internet - mobile data 5G compatible	0625HC5WZOP	SPAIN-20GB-30D	12.99		25/06/2026 18:31:29 BST		y	4			11				B0FRCMPGPL						8721438407132				AMAZON_EU	Migrated Template	Active		
Spain eSIM 3GB 15 Days | Pay As You Go Data SIM | Easy Setup | Travel SIM for Tourists & Business | 3G/4G/5G Speeds | Free Travel Guide Inlcuded	Spain eSIM 3GB 15Days - high speed internet - mobile data 5G compatible	0625HC0ADKQ	SPAIN-3GB-15D	6.99		25/06/2026 18:30:38 BST		y	4			11				B0FRCDHTZ7						8721438407095				AMAZON_EU	Migrated Template	Active		
Spain eSIM 5GB 30 Days | Pay As You Go Data SIM | Easy Setup | Travel SIM for Tourists & Business | 3G/4G Speeds | Free Travel Guide Inlcuded	Spain eSIM 5GB 30Days - high speed internet - mobile data 5G compatible	0625HBZ0XGM	SPAIN-5GB-30D	7.99		25/06/2026 18:31:03 BST		y	4			11				B0FRBQCLZN						8721438407118				AMAZON_EU	Migrated Template	Active		
South Africa eSIM 10GB 30 Days | Prepaid Travel eSIM | Pay As You Go Digital SIM | Easy Setup | Data SIM for Tourists & Business | 3G/4G Speeds | Free Travel Guide Inlcuded	esim, esim card, prepaid sim card unlimited data, sim cards pay as you go, sim, sim card, simcard pay as you go, sim card for travel, best sim for holiday, pay as you go sim, sim cards, payg sim card, pre pay sim card, prepaid sim card, travel sim, data sim, sim card with data, pre loaded data sim cards, sim card prepaid, data only sim card roaming, prepaid sim card, prepaid data sim card, pay as you go simcard, pre paid sim cards, roaming data sim card, prepaid sim, travel sim, prepaid sim card, international sim card, data sim card, preloaded sim card, e sim card	0916FGH5CO9	ZA_10_30	23.99		16/09/2025 18:17:53 BST		y	4			11				B0FRB4RSW2						8721438406920				AMAZON_EU	Migrated Template	Active		
South Africa eSIM 5GB 30Days	esim, esim card, prepaid sim card unlimited data, sim cards pay as you go, sim, sim card, simcard pay as you go, sim card for travel, best sim for holiday, pay as you go sim, sim cards, payg sim card, pre pay sim card, prepaid sim card, travel sim, data sim, sim card with data, pre loaded data sim cards, sim card prepaid, data only sim card roaming, prepaid sim card, prepaid data sim card, pay as you go simcard, pre paid sim cards, roaming data sim card, prepaid sim, travel sim, prepaid sim card, international sim card, data sim card, preloaded sim card, e sim card	0916FGDY6FK	ZA_5_30	14.99		16/09/2025 18:17:53 BST		y	4			11				B0FRB3R6F3						8721438406913				AMAZON_EU	Migrated Template	Active		
Aaland Islands eSIM 20GB 30Days	Aaland Islands eSIM 20GB 30Days - high speed internet - mobile data 5G compatible	0625HBNXZI0	AALAND-ISLANDS-20GB-30D	28.99		25/06/2026 16:39:29 BST		y	4			11				B0FR39Q1KJ						8721438400041				AMAZON_EU	Migrated Template	Inactive		
Aaland Islands eSIM 3GB 15Days	Aaland Islands eSIM 3GB 15Days - high speed internet - mobile data 5G compatible	0625HBN2YV2	AALAND-ISLANDS-3GB-15D	7.99		25/06/2026 16:38:38 BST		y	4			11				B0FR3CCSMB						8721438400010				AMAZON_EU	Migrated Template	Inactive		
Aaland Islands eSIM 5GB 30Days	Aaland Islands eSIM 5GB 30Days - high speed internet - mobile data 5G compatible	0625HBNOF59	AALAND-ISLANDS-5GB-30D	11.99		25/06/2026 16:39:04 BST		y	4			11				B0FR3G6JWB						8721438400034				AMAZON_EU	Migrated Template	Inactive		
United Arab Emirates eSIM 20GB 30 Days | Pay As You Go Data SIM | Easy Setup | Travel SIM for Tourists & Business | 3G/4G Speeds | Free Travel Guide Inlcuded	esim, esim card, prepaid sim card unlimited data, sim cards pay as you go, sim, sim card, simcard pay as you go, sim card for travel, best sim for holiday, pay as you go sim, sim cards, payg sim card, pre pay sim card, prepaid sim card, travel sim, data sim, sim card with data, pre loaded data sim cards, sim card prepaid, data only sim card roaming, prepaid sim card, prepaid data sim card, pay as you go simcard, pre paid sim cards, roaming data sim card, prepaid sim, travel sim, prepaid sim card, international sim card, data sim card, preloaded sim card, e sim card	0916FGJ7P2G	AE_20_30	35.99		16/09/2025 21:11:09 BST		y	4			11				B0FRB7TFJR						8721438407927				AMAZON_EU	Migrated Template	Inactive		
United Arab Emirates eSIM 3GB 15 Days | Pay As You Go Data SIM | Easy Setup | Travel SIM for Tourists & Business | 3G/4G Speeds | Free Travel Guide Inlcuded	esim, esim card, prepaid sim card unlimited data, sim cards pay as you go, sim, sim card, simcard pay as you go, sim card for travel, best sim for holiday, pay as you go sim, sim cards, payg sim card, pre pay sim card, prepaid sim card, travel sim, data sim, sim card with data, pre loaded data sim cards, sim card prepaid, data only sim card roaming, prepaid sim card, prepaid data sim card, pay as you go simcard, pre paid sim cards, roaming data sim card, prepaid sim, travel sim, prepaid sim card, international sim card, data sim card, preloaded sim card, e sim card	0916FGNUKKI	AE_3_15	8.99		16/09/2025 21:11:09 BST		y	4			11				B0FRBBYBGH						8721438407873				AMAZON_EU	Migrated Template	Inactive		
United Arab Emirates eSIM 5GB 30 Days | Pay As You Go Data SIM | Easy Setup | Travel SIM for Tourists & Business | 3G/4G Speeds | Free Travel Guide Inlcuded	esim, esim card, prepaid sim card unlimited data, sim cards pay as you go, sim, sim card, simcard pay as you go, sim card for travel, best sim for holiday, pay as you go sim, sim cards, payg sim card, pre pay sim card, prepaid sim card, travel sim, data sim, sim card with data, pre loaded data sim cards, sim card prepaid, data only sim card roaming, prepaid sim card, prepaid data sim card, pay as you go simcard, pre paid sim cards, roaming data sim card, prepaid sim, travel sim, prepaid sim card, international sim card, data sim card, preloaded sim card, e sim card	0916FG1RRUU	AE_5_30	11.99		16/09/2025 21:11:09 BST		y	4			11				B0FRB89XHX						8721438407897				AMAZON_EU	Migrated Template	Inactive		
Africa (25+ areas) eSIM 5GB 30 Days | Pay As You Go Data SIM | Easy Setup | Travel SIM for Tourists & Business | 3G/4G Speeds	esim, esim card, prepaid sim card unlimited data, sim cards pay as you go, sim, sim card, simcard pay as you go, sim card for travel, best sim for holiday, pay as you go sim, sim cards, payg sim card, pre pay sim card, prepaid sim card, travel sim, data sim, sim card with data, pre loaded data sim cards, sim card prepaid, data only sim card roaming, prepaid sim card, prepaid data sim card, pay as you go simcard, pre paid sim cards, roaming data sim card, prepaid sim, travel sim, uk sim, prepaid sim card, international sim card, data sim card, preloaded sim card, e sim card, usa data sim	0914FA114TX	AF-29_5_30	27.99		14/09/2025 13:12:07 BST		y	4			11				B0FR3GK9Z7						8721438400072				AMAZON_EU	Migrated Template	Inactive		
Africa (25+ areas) eSIM 5GB 30 Days | Pay As You Go Data SIM | Easy Setup | Travel SIM for Tourists & Business | 3G/4G Speeds	Africa eSIM 5GB 30Days - high speed internet - mobile data 5G compatible	0625HBPNSHR	AFRICA-5GB-30D	24.99		25/06/2026 16:39:59 BST		y	4			11				B0FR3GK9Z7						8721438400072				AMAZON_EU	Migrated Template	Inactive		
Albania eSIM 5GB 30Days	Albania eSIM 5GB 30Days - high speed internet - mobile data 5G compatible	0625HBPW00H	ALBANIA-5GB-30D	8.99		25/06/2026 16:40:28 BST		y	4			11				B0FR4ZG3Z6						8721438400102				AMAZON_EU	Migrated Template	Inactive		
Algeria eSIM 20GB 30Days	Algeria eSIM 20GB 30Days - high speed internet - mobile data 5G compatible	0625HABTRHA	ALGERIA-20GB-30D	22.99		25/06/2026 09:30:09 BST		y	4			11				B0H6M5TDMD						8721438408443				AMAZON_EU	Migrated Template	Inactive		
Algeria eSIM 3GB 15Days	Algeria eSIM 3GB 15Days - high speed internet - mobile data 5G compatible	0625HA3FVIF	ALGERIA-3GB-15D	7.99		25/06/2026 09:29:17 BST		y	4			11				B0H6M9R3WH						8721438408429				AMAZON_EU	Migrated Template	Inactive		
Algeria eSIM 5GB 30Days	Algeria eSIM 5GB 30Days - high speed internet - mobile data 5G compatible	0625HA0LTQJ	ALGERIA-5GB-30D	9.99		25/06/2026 09:29:43 BST		y	4			11				B0H6MDYKG8						8721438408436				AMAZON_EU	Migrated Template	Inactive		
Albania eSIM 5GB 30Days	esim, esim card, prepaid sim card unlimited data, sim cards pay as you go, sim, sim card, simcard pay as you go, sim card for travel, best sim for holiday, pay as you go sim, sim cards, payg sim card, pre pay sim card, prepaid sim card, travel sim, data sim, sim card with data, pre loaded data sim cards, sim card prepaid, data only sim card roaming, prepaid sim card, prepaid data sim card, pay as you go simcard, pre paid sim cards, roaming data sim card, prepaid sim, travel sim, uk sim, prepaid sim card, international sim card, data sim card, preloaded sim card, e sim card, usa data sim	0915FBVRJ0Y	AL_5_30	11.99		15/09/2025 13:07:20 BST		y	4			11				B0FR4ZG3Z6						8721438400102				AMAZON_EU	Migrated Template	Inactive		
Armenia eSIM 20GB 30 Days | Pay As You Go Data SIM | Easy Setup | Travel SIM for Tourists & Business | 3G/4G Speeds	esim, esim card, prepaid sim card unlimited data, sim cards pay as you go, sim, sim card, simcard pay as you go, sim card for travel, best sim for holiday, pay as you go sim, sim cards, payg sim card, pre pay sim card, prepaid sim card, travel sim, data sim, sim card with data, pre loaded data sim cards, sim card prepaid, data only sim card roaming, prepaid sim card, prepaid data sim card, pay as you go simcard, pre paid sim cards, roaming data sim card, prepaid sim, travel sim, uk sim, prepaid sim card, international sim card, data sim card, preloaded sim card, e sim card, usa data sim	0915FCV6TWU	AM_20_30	50.49		15/09/2025 13:08:42 BST		y	4			11				B0FR4ZT5XT						8721438400188				AMAZON_EU	Migrated Template	Inactive		
Armenia eSIM 3GB 15 Days | Pay As You Go Data SIM | Easy Setup | Travel SIM for Tourists & Business | 3G/4G Speeds	esim, esim card, prepaid sim card unlimited data, sim cards pay as you go, sim, sim card, simcard pay as you go, sim card for travel, best sim for holiday, pay as you go sim, sim cards, payg sim card, pre pay sim card, prepaid sim card, travel sim, data sim, sim card with data, pre loaded data sim cards, sim card prepaid, data only sim card roaming, prepaid sim card, prepaid data sim card, pay as you go simcard, pre paid sim cards, roaming data sim card, prepaid sim, travel sim, uk sim, prepaid sim card, international sim card, data sim card, preloaded sim card, e sim card, usa data sim	0915FBVRWEH	AM_3_15	8.99		15/09/2025 13:08:42 BST		y	4			11				B0FR5BK9R4						8721438400164				AMAZON_EU	Migrated Template	Inactive		
Andorra eSIM 20GB 30Days	Andorra eSIM 20GB 30Days - high speed internet - mobile data 5G compatible	0625HABSMOE	ANDORRA-20GB-30D	36.99		25/06/2026 09:31:29 BST		y	4			11				B0H6MJ97WC						8721438408474				AMAZON_EU	Migrated Template	Inactive		
Andorra eSIM 3GB 15Days	Andorra eSIM 3GB 15Days - high speed internet - mobile data 5G compatible	0625HA4JNO3	ANDORRA-3GB-15D	12.99		25/06/2026 09:30:38 BST		y	4			11				B0H6MBPRYN						8721438408450				AMAZON_EU	Migrated Template	Inactive		
Andorra eSIM 5GB 30Days	Andorra eSIM 5GB 30Days - high speed internet - mobile data 5G compatible	0625HABURIA	ANDORRA-5GB-30D	13.99		25/06/2026 09:31:04 BST		y	4			11				B0H6M5P65S						8721438408467				AMAZON_EU	Migrated Template	Inactive		
Angola eSIM 3GB 15Days	Angola eSIM 3GB 15Days - high speed internet - mobile data 5G compatible	0625HA8JSH0	ANGOLA-3GB-15D	29.99		25/06/2026 09:31:58 BST		y	4			11				B0H6M5RWZH						8721438408481				AMAZON_EU	Migrated Template	Inactive		
Angola eSIM 5GB 30Days	Angola eSIM 5GB 30Days - high speed internet - mobile data 5G compatible	0625HABVQGB	ANGOLA-5GB-30D	48.99		25/06/2026 09:32:24 BST		y	4			11				B0H6MKZSB4						8721438408498				AMAZON_EU	Migrated Template	Inactive		
Anguilla eSIM 20GB 30Days	Anguilla eSIM 20GB 30Days - high speed internet - mobile data 5G compatible	0625HAEQ8K2	ANGUILLA-20GB-30D	73.99		25/06/2026 09:33:44 BST		y	4			11				B0H6MHMZY8						8721438408535				AMAZON_EU	Migrated Template	Inactive		
Anguilla eSIM 3GB 15Days	Anguilla eSIM 3GB 15Days - high speed internet - mobile data 5G compatible	0625HAHXZF9	ANGUILLA-3GB-15D	20.99		25/06/2026 09:32:53 BST		y	4			11				B0H6M7X7QY						8721438408511				AMAZON_EU	Migrated Template	Inactive		
Anguilla eSIM 5GB 30Days	Anguilla eSIM 5GB 30Days - high speed internet - mobile data 5G compatible	0625HAB2MLX	ANGUILLA-5GB-30D	26.99		25/06/2026 09:33:19 BST		y	4			11				B0H6MFJ63H						8721438408528				AMAZON_EU	Migrated Template	Inactive		
Antigua and Barbuda eSIM 20GB 30Days	Antigua and Barbuda eSIM 20GB 30Days - high speed internet - mobile data 5G compatible	0625HA3XK60	ANTIGUA-AND-BARBUDA-20GB-30D	84.99		25/06/2026 09:35:05 BST		y	4			11				B0H6M2MQJB						8721438408566				AMAZON_EU	Migrated Template	Inactive		
Antigua and Barbuda eSIM 3GB 15Days	Antigua and Barbuda eSIM 3GB 15Days - high speed internet - mobile data 5G compatible	0625HAEV7I8	ANTIGUA-AND-BARBUDA-3GB-15D	22.99		25/06/2026 09:34:14 BST		y	4			11				B0H6MBBFLQ						8721438408542				AMAZON_EU	Migrated Template	Inactive		
Antigua and Barbuda eSIM 5GB 30Days	Antigua and Barbuda eSIM 5GB 30Days - high speed internet - mobile data 5G compatible	0625HAAPSWE	ANTIGUA-AND-BARBUDA-5GB-30D	29.99		25/06/2026 09:34:39 BST		y	4			11				B0H6MCR5F9						8721438408559				AMAZON_EU	Migrated Template	Inactive		
Argentina eSIM 20GB 30Days	Argentina eSIM 20GB 30Days - high speed internet - mobile data 5G compatible	0625HBNIML5	ARGENTINA-20GB-30D	31.99		25/06/2026 16:41:23 BST		y	4			11				B0FR5DCH33						8721438400133				AMAZON_EU	Migrated Template	Inactive		
Argentina eSIM 3GB 15Days	Argentina eSIM 3GB 15Days - high speed internet - mobile data 5G compatible	0625HBVN5H2	ARGENTINA-3GB-15D	10.99		25/06/2026 16:40:58 BST		y	4			11				B0FR554SXN						8721438400126				AMAZON_EU	Migrated Template	Inactive		
Armenia eSIM 20GB 30 Days | Pay As You Go Data SIM | Easy Setup | Travel SIM for Tourists & Business | 3G/4G Speeds	Armenia eSIM 20GB 30Days - high speed internet - mobile data 5G compatible	0625HBXZOEH	ARMENIA-20GB-30D	26.99		25/06/2026 16:42:18 BST		y	4			11				B0FR4ZT5XT						8721438400188				AMAZON_EU	Migrated Template	Inactive		
Armenia eSIM 3GB 15 Days | Pay As You Go Data SIM | Easy Setup | Travel SIM for Tourists & Business | 3G/4G Speeds	Armenia eSIM 3GB 15Days - high speed internet - mobile data 5G compatible	0625HBNNMXT	ARMENIA-3GB-15D	7.99		25/06/2026 16:41:52 BST		y	4			11				B0FR5BK9R4						8721438400164				AMAZON_EU	Migrated Template	Inactive		
Argentina eSIM 20GB 30Days	esim, esim card, prepaid sim card unlimited data, sim cards pay as you go, sim, sim card, simcard pay as you go, sim card for travel, best sim for holiday, pay as you go sim, sim cards, payg sim card, pre pay sim card, prepaid sim card, travel sim, data sim, sim card with data, pre loaded data sim cards, sim card prepaid, data only sim card roaming, prepaid sim card, prepaid data sim card, pay as you go simcard, pre paid sim cards, roaming data sim card, prepaid sim, travel sim, uk sim, prepaid sim card, international sim card, data sim card, preloaded sim card, e sim card, usa data sim	0915FCTL8EE	AR_20_30	53.49		15/09/2025 13:07:30 BST		y	4			11				B0FR5DCH33						8721438400133				AMAZON_EU	Migrated Template	Inactive		
Argentina eSIM 3GB 15Days	esim, esim card, prepaid sim card unlimited data, sim cards pay as you go, sim, sim card, simcard pay as you go, sim card for travel, best sim for holiday, pay as you go sim, sim cards, payg sim card, pre pay sim card, prepaid sim card, travel sim, data sim, sim card with data, pre loaded data sim cards, sim card prepaid, data only sim card roaming, prepaid sim card, prepaid data sim card, pay as you go simcard, pre paid sim cards, roaming data sim card, prepaid sim, travel sim, uk sim, prepaid sim card, international sim card, data sim card, preloaded sim card, e sim card, usa data sim	0915FCTBFZJ	AR_3_15	11.99		15/09/2025 13:07:30 BST		y	4			11				B0FR554SXN						8721438400126				AMAZON_EU	Migrated Template	Inactive		
Asia (20 areas) eSIM 3GB 15 Days | Pay As You Go Data SIM | Easy Setup | Travel SIM for Tourists & Business | 3G/4G/5G Speeds	esim, esim card, prepaid sim card unlimited data, asia sim card, asia esim, esim asia, sim cards pay as you go, sim, sim card, simcard pay as you go, sim card for travel, best sim for holiday, pay as you go sim, sim cards, payg sim card, pre pay sim card, prepaid sim card, travel sim, data sim, sim card with data, pre loaded data sim cards, sim card prepaid, data only sim card roaming, prepaid sim card, prepaid data sim card, pay as you go simcard, pre paid sim cards, roaming data sim card, prepaid sim, travel sim, uk sim, prepaid sim card, international sim card, data sim card, preloaded sim card, e sim card, usa data sim	0916FFMT5L8	AS-20_3_15	11.99		16/09/2025 11:48:31 BST		y	4			11				B0FR9FZ4RF						8721438400317				AMAZON_EU	Migrated Template	Inactive		
Asia (20 areas) eSIM 5GB 30 Days | Pay As You Go Data SIM | Easy Setup | Travel SIM for Tourists & Business | 3G/4G/5G Speeds	esim, esim card, prepaid sim card unlimited data, asia sim card, asia esim, esim asia, sim cards pay as you go, sim, sim card, simcard pay as you go, sim card for travel, best sim for holiday, pay as you go sim, sim cards, payg sim card, pre pay sim card, prepaid sim card, travel sim, data sim, sim card with data, pre loaded data sim cards, sim card prepaid, data only sim card roaming, prepaid sim card, prepaid data sim card, pay as you go simcard, pre paid sim cards, roaming data sim card, prepaid sim, travel sim, uk sim, prepaid sim card, international sim card, data sim card, preloaded sim card, e sim card, usa data sim	0916FFM1850	AS-20_5_30	18.49		16/09/2025 11:48:31 BST		y	4			11				B0FR9BQNSV						8721438400324				AMAZON_EU	Migrated Template	Inactive		
Asia (20 areas) eSIM 3GB 15 Days | Pay As You Go Data SIM | Easy Setup | Travel SIM for Tourists & Business | 3G/4G/5G Speeds	Asia-20 eSIM 3GB 15Days - high speed internet - mobile data 5G compatible	0625HBRY2YD	ASIA-20-3GB-15D	10.99		25/06/2026 16:42:46 BST		y	4			11				B0FR9FZ4RF						8721438400317				AMAZON_EU	Migrated Template	Inactive		
Asia (20 areas) eSIM 5GB 30 Days | Pay As You Go Data SIM | Easy Setup | Travel SIM for Tourists & Business | 3G/4G/5G Speeds	Asia-20 eSIM 5GB 30Days - high speed internet - mobile data 5G compatible	0625HBQK9XB	ASIA-20-5GB-30D	11.99		25/06/2026 16:43:12 BST		y	4			11				B0FR9BQNSV						8721438400324				AMAZON_EU	Migrated Template	Inactive		
Austria eSIM 20GB 30 Days | Pay As You Go Data SIM | Easy Setup | Travel SIM for Tourists & Business | 3G/4G/5G Speeds	esim, esim card, austria esim, esim austria, sim card austria, austria sim card,prepaid sim card unlimited data, sim cards pay as you go, sim, sim card, simcard pay as you go, sim card for travel, best sim for holiday, pay as you go sim, sim cards, payg sim card, pre pay sim card, prepaid sim card, travel sim, data sim, sim card with data, pre loaded data sim cards, sim card prepaid, data only sim card roaming, prepaid sim card, prepaid data sim card, pay as you go simcard, pre paid sim cards, roaming data sim card, prepaid sim, travel sim, uk sim, prepaid sim card, international sim card, data sim card, preloaded sim card, e sim card, usa data sim	0916FFI60G0	AT_20_30	13.49		16/09/2025 11:51:43 BST		y	4			11				B0FR8XBSBP						8721438400539				AMAZON_EU	Migrated Template	Inactive		
Austria eSIM 3GB 15 Days | Pay As You Go Data SIM | Easy Setup | Travel SIM for Tourists & Business | 3G/4G/5G Speeds	esim, esim card, austria esim, esim austria, sim card austria, austria sim card,prepaid sim card unlimited data, sim cards pay as you go, sim, sim card, simcard pay as you go, sim card for travel, best sim for holiday, pay as you go sim, sim cards, payg sim card, pre pay sim card, prepaid sim card, travel sim, data sim, sim card with data, pre loaded data sim cards, sim card prepaid, data only sim card roaming, prepaid sim card, prepaid data sim card, pay as you go simcard, pre paid sim cards, roaming data sim card, prepaid sim, travel sim, uk sim, prepaid sim card, international sim card, data sim card, preloaded sim card, e sim card, usa data sim	0916FFHW859	AT_3_15	2.99		16/09/2025 11:51:43 BST		y	4			11				B0FR9QSMSP						8721438400492				AMAZON_EU	Migrated Template	Inactive		
Austria eSIM 5GB 30 Days | Pay As You Go Data SIM | Easy Setup | Travel SIM for Tourists & Business | 3G/4G/5G Speeds	esim, esim card, austria esim, esim austria, sim card austria, austria sim card,prepaid sim card unlimited data, sim cards pay as you go, sim, sim card, simcard pay as you go, sim card for travel, best sim for holiday, pay as you go sim, sim cards, payg sim card, pre pay sim card, prepaid sim card, travel sim, data sim, sim card with data, pre loaded data sim cards, sim card prepaid, data only sim card roaming, prepaid sim card, prepaid data sim card, pay as you go simcard, pre paid sim cards, roaming data sim card, prepaid sim, travel sim, uk sim, prepaid sim card, international sim card, data sim card, preloaded sim card, e sim card, usa data sim	0916FF552D4	AT_5_30	4.49		16/09/2025 11:51:43 BST		y	4			11				B0FR8XCH78						8721438400515				AMAZON_EU	Migrated Template	Inactive		
Australia eSIM 20GB 30Days	Australia eSIM 20GB 30Days - high speed internet - mobile data 5G compatible	0625HBRZBK8	AUSTRALIA-20GB-30D	12.99		25/06/2026 16:44:33 BST		y	4			11				B0FR9G1ZQJ						8721438400416				AMAZON_EU	Migrated Template	Inactive		
Austria eSIM 20GB 30 Days | Pay As You Go Data SIM | Easy Setup | Travel SIM for Tourists & Business | 3G/4G/5G Speeds	Austria eSIM 20GB 30Days - high speed internet - mobile data 5G compatible	0625HBQKA5G	AUSTRIA-20GB-30D	12.99		25/06/2026 16:45:53 BST		y	4			11				B0FR8XBSBP						8721438400539				AMAZON_EU	Migrated Template	Inactive		
Austria eSIM 3GB 15 Days | Pay As You Go Data SIM | Easy Setup | Travel SIM for Tourists & Business | 3G/4G/5G Speeds	Austria eSIM 3GB 15Days - high speed internet - mobile data 5G compatible	0625HBYG1NZ	AUSTRIA-3GB-15D	6.99		25/06/2026 16:45:02 BST		y	4			11				B0FR9QSMSP						8721438400492				AMAZON_EU	Migrated Template	Inactive		
Austria eSIM 5GB 30 Days | Pay As You Go Data SIM | Easy Setup | Travel SIM for Tourists & Business | 3G/4G/5G Speeds	Austria eSIM 5GB 30Days - high speed internet - mobile data 5G compatible	0625HBQDLJX	AUSTRIA-5GB-30D	7.99		25/06/2026 16:45:27 BST		y	4			11				B0FR8XCH78						8721438400515				AMAZON_EU	Migrated Template	Inactive		
Australia eSIM 20GB 30Days	esim, esim card, esim Australia, Australia esim, sim card Australia, Australia sim card, prepaid sim card unlimited data, sim cards pay as you go, sim, sim card, simcard pay as you go, sim card for travel, best sim for holiday, pay as you go sim, sim cards, payg sim card, pre pay sim card, prepaid sim card, travel sim, data sim, sim card with data, pre loaded data sim cards, sim card prepaid, data only sim card roaming, prepaid sim card, prepaid data sim card, pay as you go simcard, pre paid sim cards, roaming data sim card, prepaid sim, travel sim, uk sim, prepaid sim card, international sim card, data sim card, preloaded sim card, e sim card, usa data sim	0916FFQ8NQY	AU_20_30	12.99		16/09/2025 11:50:20 BST		y	4			11				B0FR9G1ZQJ						8721438400416				AMAZON_EU	Migrated Template	Inactive		
Aaland Islands eSIM 20GB 30Days	esim, esim card, prepaid sim card unlimited data, sim cards pay as you go, sim, sim card, simcard pay as you go, sim card for travel, best sim for holiday, pay as you go sim, sim cards, payg sim card, pre pay sim card, prepaid sim card, travel sim, data sim, sim card with data, pre loaded data sim cards, sim card prepaid, data only sim card roaming, prepaid sim card, prepaid data sim card, pay as you go simcard, pre paid sim cards, roaming data sim card, prepaid sim, travel sim, uk sim, prepaid sim card, international sim card, data sim card, preloaded sim card, e sim card, usa data sim	0914F9J34NZ	AX_20_30	26.49		14/09/2025 12:41:21 BST		y	4			11				B0FR39Q1KJ						8721438400041				AMAZON_EU	Migrated Template	Inactive		
Aaland Islands eSIM 3GB 15Days	esim, esim card, prepaid sim card unlimited data, sim cards pay as you go, sim, sim card, simcard pay as you go, sim card for travel, best sim for holiday, pay as you go sim, sim cards, payg sim card, pre pay sim card, prepaid sim card, travel sim, data sim, sim card with data, pre loaded data sim cards, sim card prepaid, data only sim card roaming, prepaid sim card, prepaid data sim card, pay as you go simcard, pre paid sim cards, roaming data sim card, prepaid sim, travel sim, uk sim, prepaid sim card, international sim card, data sim card, preloaded sim card, e sim card, usa data sim	0914F9YNDZ6	AX_3_15	4.49		14/09/2025 12:41:21 BST		y	4			11				B0FR3CCSMB						8721438400010				AMAZON_EU	Migrated Template	Inactive		
Aaland Islands eSIM 5GB 30Days	esim, esim card, prepaid sim card unlimited data, sim cards pay as you go, sim, sim card, simcard pay as you go, sim card for travel, best sim for holiday, pay as you go sim, sim cards, payg sim card, pre pay sim card, prepaid sim card, travel sim, data sim, sim card with data, pre loaded data sim cards, sim card prepaid, data only sim card roaming, prepaid sim card, prepaid data sim card, pay as you go simcard, pre paid sim cards, roaming data sim card, prepaid sim, travel sim, uk sim, prepaid sim card, international sim card, data sim card, preloaded sim card, e sim card, usa data sim	0914FA25IQB	AX_5_30	7.49		14/09/2025 12:41:21 BST		y	4			11				B0FR3G6JWB						8721438400034				AMAZON_EU	Migrated Template	Inactive		
Azerbaijan eSIM 3GB 15Days	Azerbaijan eSIM 3GB 15Days - high speed internet - mobile data 5G compatible	0625HBUQ0BS	AZERBAIJAN-3GB-15D	10.99		25/06/2026 16:46:22 BST		y	4			11				B0FR9BTC98						8721438400560				AMAZON_EU	Migrated Template	Inactive		
Azerbaijan eSIM 3GB 15Days	esim, esim card, prepaid sim card unlimited data, sim cards pay as you go, sim, sim card, simcard pay as you go, sim card for travel, best sim for holiday, pay as you go sim, sim cards, payg sim card, pre pay sim card, prepaid sim card, travel sim, data sim, sim card with data, pre loaded data sim cards, sim card prepaid, data only sim card roaming, prepaid sim card, prepaid data sim card, pay as you go simcard, pre paid sim cards, roaming data sim card, prepaid sim, travel sim, uk sim, prepaid sim card, international sim card, data sim card, preloaded sim card, e sim card, usa data sim	0916FF58IPP	AZ_3_15	23.49		16/09/2025 11:51:53 BST		y	4			11				B0FR9BTC98						8721438400560				AMAZON_EU	Migrated Template	Inactive		
Bahamas eSIM 20GB 30Days	Bahamas eSIM 20GB 30Days - high speed internet - mobile data 5G compatible	0625HA8I07Y	BAHAMAS-20GB-30D	103.99		25/06/2026 09:36:24 BST		y	4			11				B0H6MCPR9P						8721438408597				AMAZON_EU	Migrated Template	Inactive		
Bahamas eSIM 3GB 15Days	Bahamas eSIM 3GB 15Days - high speed internet - mobile data 5G compatible	0625HAKANYO	BAHAMAS-3GB-15D	27.99		25/06/2026 09:35:34 BST		y	4			11				B0H6MB828R						8721438408573				AMAZON_EU	Migrated Template	Inactive		
Bahamas eSIM 5GB 30Days	Bahamas eSIM 5GB 30Days - high speed internet - mobile data 5G compatible	0625HA4PUPN	BAHAMAS-5GB-30D	36.99		25/06/2026 09:35:59 BST		y	4			11				B0H6MFGH8P						8721438408580				AMAZON_EU	Migrated Template	Inactive		
Bahrain eSIM 3GB 15Days	Bahrain eSIM 3GB 15Days - high speed internet - mobile data 5G compatible	0625HBRIXA7	BAHRAIN-3GB-15D	8.99		25/06/2026 16:46:51 BST		y	4			11				B0FR9K64KF						8721438400591				AMAZON_EU	Migrated Template	Inactive		
Bangladesh eSIM 20GB 30Days	Bangladesh eSIM 20GB 30Days - high speed internet - mobile data 5G compatible	0625HBVH38S	BANGLADESH-20GB-30D	19.99		25/06/2026 16:48:11 BST		y	4			11				B0FR8FJ3HJ						8721438400683				AMAZON_EU	Migrated Template	Inactive		
Bangladesh eSIM 3GB 15Days	Bangladesh eSIM 3GB 15Days - high speed internet - mobile data 5G compatible	0625HBNNNVV	BANGLADESH-3GB-15D	7.99		25/06/2026 16:47:20 BST		y	4			11				B0FR9L7SG3						8721438400669				AMAZON_EU	Migrated Template	Inactive		
Bangladesh eSIM 5GB 30Days	Bangladesh eSIM 5GB 30Days - high speed internet - mobile data 5G compatible	0625HBNVD2H	BANGLADESH-5GB-30D	8.99		25/06/2026 16:47:45 BST		y	4			11				B0FR9BQFCM						8721438400676				AMAZON_EU	Migrated Template	Inactive		
Barbados eSIM 20GB 30Days	Barbados eSIM 20GB 30Days - high speed internet - mobile data 5G compatible	0625HABSXRB	BARBADOS-20GB-30D	72.99		25/06/2026 09:37:45 BST		y	4			11				B0H6MJ921X						8721438408627				AMAZON_EU	Migrated Template	Inactive		
Barbados eSIM 3GB 15Days	Barbados eSIM 3GB 15Days - high speed internet - mobile data 5G compatible	0625HAH8N3S	BARBADOS-3GB-15D	19.99		25/06/2026 09:36:53 BST		y	4			11				B0H6MCD72X						8721438408603				AMAZON_EU	Migrated Template	Inactive		
Barbados eSIM 5GB 30Days	Barbados eSIM 5GB 30Days - high speed internet - mobile data 5G compatible	0625HA8MVDO	BARBADOS-5GB-30D	26.99		25/06/2026 09:37:19 BST		y	4			11				B0H6MG6VYJ						8721438408610				AMAZON_EU	Migrated Template	Inactive		
Bosnia and Herzegovina eSIM 3GB 15 Days | Pay As You Go Data SIM | Easy Setup | Travel SIM for Tourists & Business | 3G/4G Speeds	esim, esim card, prepaid sim card unlimited data, sim cards pay as you go, sim, sim card, simcard pay as you go, sim card for travel, best sim for holiday, pay as you go sim, sim cards, payg sim card, pre pay sim card, prepaid sim card, travel sim, data sim, sim card with data, pre loaded data sim cards, sim card prepaid, data only sim card roaming, prepaid sim card, prepaid data sim card, pay as you go simcard, pre paid sim cards, roaming data sim card, prepaid sim, travel sim, prepaid sim card, international sim card, data sim card, preloaded sim card, e sim card	0916FFLWCRG	BA_3_15	6.99		16/09/2025 12:12:03 BST		y	4			11				B0FR9G8ZVK						8721438400843				AMAZON_EU	Migrated Template	Inactive		
Bangladesh eSIM 20GB 30Days	esim, esim card, prepaid sim card unlimited data, sim cards pay as you go, sim, sim card, simcard pay as you go, sim card for travel, best sim for holiday, pay as you go sim, sim cards, payg sim card, pre pay sim card, prepaid sim card, travel sim, data sim, sim card with data, pre loaded data sim cards, sim card prepaid, data only sim card roaming, prepaid sim card, prepaid data sim card, pay as you go simcard, pre paid sim cards, roaming data sim card, prepaid sim, travel sim, uk sim, prepaid sim card, international sim card, data sim card, preloaded sim card, e sim card, usa data sim	0916FF598J7	BD_20_30	42.49		16/09/2025 11:57:36 BST		y	4			11				B0FR8FJ3HJ						8721438400683				AMAZON_EU	Migrated Template	Inactive		
Bangladesh eSIM 3GB 15Days	esim, esim card, prepaid sim card unlimited data, sim cards pay as you go, sim, sim card, simcard pay as you go, sim card for travel, best sim for holiday, pay as you go sim, sim cards, payg sim card, pre pay sim card, prepaid sim card, travel sim, data sim, sim card with data, pre loaded data sim cards, sim card prepaid, data only sim card roaming, prepaid sim card, prepaid data sim card, pay as you go simcard, pre paid sim cards, roaming data sim card, prepaid sim, travel sim, uk sim, prepaid sim card, international sim card, data sim card, preloaded sim card, e sim card, usa data sim	0916FEWKSTX	BD_3_15	9.49		16/09/2025 11:57:36 BST		y	4			11				B0FR9L7SG3						8721438400669				AMAZON_EU	Migrated Template	Inactive		
Bangladesh eSIM 5GB 30Days	esim, esim card, prepaid sim card unlimited data, sim cards pay as you go, sim, sim card, simcard pay as you go, sim card for travel, best sim for holiday, pay as you go sim, sim cards, payg sim card, pre pay sim card, prepaid sim card, travel sim, data sim, sim card with data, pre loaded data sim cards, sim card prepaid, data only sim card roaming, prepaid sim card, prepaid data sim card, pay as you go simcard, pre paid sim cards, roaming data sim card, prepaid sim, travel sim, uk sim, prepaid sim card, international sim card, data sim card, preloaded sim card, e sim card, usa data sim	0916FFL61UH	BD_5_30	14.49		16/09/2025 11:57:36 BST		y	4			11				B0FR9BQFCM						8721438400676				AMAZON_EU	Migrated Template	Inactive		
Belarus eSIM 3GB 15Days	Belarus eSIM 3GB 15Days - high speed internet - mobile data 5G compatible	0625HBQZNNY	BELARUS-3GB-15D	7.99		25/06/2026 16:48:40 BST		y	4			11				B0FR9G3Z82						8721438400706				AMAZON_EU	Migrated Template	Inactive		
Belarus eSIM 5GB 30Days	Belarus eSIM 5GB 30Days - high speed internet - mobile data 5G compatible	0625HBRGAYD	BELARUS-5GB-30D	9.99		25/06/2026 16:49:05 BST		y	4			11				B0FR8FFT4D						8721438400713				AMAZON_EU	Migrated Template	Inactive		
Belize eSIM 20GB 30Days	Belize eSIM 20GB 30Days - high speed internet - mobile data 5G compatible	0625HA89QN5	BELIZE-20GB-30D	123.99		25/06/2026 09:39:05 BST		y	4			11				B0H6MBSQM8						8721438408658				AMAZON_EU	Migrated Template	Inactive		
Belize eSIM 3GB 15Days	Belize eSIM 3GB 15Days - high speed internet - mobile data 5G compatible	0625HA4S9ML	BELIZE-3GB-15D	26.99		25/06/2026 09:38:14 BST		y	4			11				B0H6MFPNTX						8721438408634				AMAZON_EU	Migrated Template	Inactive		
Belize eSIM 5GB 30Days	Belize eSIM 5GB 30Days - high speed internet - mobile data 5G compatible	0625HA4UPWQ	BELIZE-5GB-30D	44.99		25/06/2026 09:38:39 BST		y	4			11				B0H6MF1H4V						8721438408641				AMAZON_EU	Migrated Template	Inactive		
Benin eSIM 20GB 30Days	Benin eSIM 20GB 30Days - high speed internet - mobile data 5G compatible	0625HABCS90	BENIN-20GB-30D	64.99		25/06/2026 09:40:24 BST		y	4			11				B0H6M7VGSZ						8721438408689				AMAZON_EU	Migrated Template	Inactive		
Benin eSIM 3GB 15Days	Benin eSIM 3GB 15Days - high speed internet - mobile data 5G compatible	0625HABCS5C	BENIN-3GB-15D	15.99		25/06/2026 09:39:34 BST		y	4			11				B0H6M9YHDR						8721438408665				AMAZON_EU	Migrated Template	Inactive		
Benin eSIM 5GB 30Days	Benin eSIM 5GB 30Days - high speed internet - mobile data 5G compatible	0625HAE6C9M	BENIN-5GB-30D	26.99		25/06/2026 09:39:59 BST		y	4			11				B0H6MHRNBH						8721438408672				AMAZON_EU	Migrated Template	Inactive		
Bermuda eSIM 20GB 30Days	Bermuda eSIM 20GB 30Days - high speed internet - mobile data 5G compatible	0625HA5357S	BERMUDA-20GB-30D	85.99		25/06/2026 09:41:44 BST		y	4			11				B0H6MCGQ77						8721438408719				AMAZON_EU	Migrated Template	Inactive		
Bermuda eSIM 3GB 15Days	Bermuda eSIM 3GB 15Days - high speed internet - mobile data 5G compatible	0625HA0VURD	BERMUDA-3GB-15D	20.99		25/06/2026 09:40:53 BST		y	4			11				B0H6MDMTGH						8721438408696				AMAZON_EU	Migrated Template	Inactive		
Bermuda eSIM 5GB 30Days	Bermuda eSIM 5GB 30Days - high speed internet - mobile data 5G compatible	0625HAEVGQF	BERMUDA-5GB-30D	28.99		25/06/2026 09:41:19 BST		y	4			11				B0H6MFM5X4						8721438408702				AMAZON_EU	Migrated Template	Inactive		
Burkina Faso eSIM 3GB 15 Days | Prepaid Travel eSIM | Pay As You Go Data SIM | Easy QR Code Activation | 3G/4G Speeds	esim, esim card, prepaid sim card unlimited data, sim cards pay as you go, sim, sim card, simcard pay as you go, sim card for travel, best sim for holiday, pay as you go sim, sim cards, payg sim card, pre pay sim card, prepaid sim card, travel sim, data sim, sim card with data, pre loaded data sim cards, sim card prepaid, data only sim card roaming, prepaid sim card, prepaid data sim card, pay as you go simcard, pre paid sim cards, roaming data sim card, prepaid sim, travel sim, prepaid sim card, international sim card, data sim card, preloaded sim card, e sim card	0916FF5DHAW	BF_3_15	23.49		16/09/2025 12:13:08 BST		y	4			11				B0FR9HWFSK						8721438401086				AMAZON_EU	Migrated Template	Inactive		
Burkina Faso eSIM 5GB 30 Days | Prepaid Travel eSIM | Pay As You Go Data SIM | Quick QR Code Activation | 3G/4G Speeds	esim, esim card, prepaid sim card unlimited data, sim cards pay as you go, sim, sim card, simcard pay as you go, sim card for travel, best sim for holiday, pay as you go sim, sim cards, payg sim card, pre pay sim card, prepaid sim card, travel sim, data sim, sim card with data, pre loaded data sim cards, sim card prepaid, data only sim card roaming, prepaid sim card, prepaid data sim card, pay as you go simcard, pre paid sim cards, roaming data sim card, prepaid sim, travel sim, prepaid sim card, international sim card, data sim card, preloaded sim card, e sim card	0916FFMZ8I2	BF_5_30	34.49		16/09/2025 12:13:08 BST		y	4			11				B0FR9BWKSY						8721438401093				AMAZON_EU	Migrated Template	Inactive		
Bhutan eSIM 20GB 30Days	Bhutan eSIM 20GB 30Days - high speed internet - mobile data 5G compatible	0625HA8I15D	BHUTAN-20GB-30D	49.99		25/06/2026 09:43:05 BST		y	4			11				B0H6M5WDSH						8721438408740				AMAZON_EU	Migrated Template	Inactive		
Bhutan eSIM 3GB 15Days	Bhutan eSIM 3GB 15Days - high speed internet - mobile data 5G compatible	0625HABX12N	BHUTAN-3GB-15D	14.99		25/06/2026 09:42:14 BST		y	4			11				B0H6MJB588						8721438408726				AMAZON_EU	Migrated Template	Inactive		
Bhutan eSIM 5GB 30Days	Bhutan eSIM 5GB 30Days - high speed internet - mobile data 5G compatible	0625HAH6X7S	BHUTAN-5GB-30D	16.99		25/06/2026 09:42:39 BST		y	4			11				B0H6M9C23Q						8721438408733				AMAZON_EU	Migrated Template	Inactive		
Bahrain eSIM 3GB 15Days	esim, esim card, prepaid sim card unlimited data, sim cards pay as you go, sim, sim card, simcard pay as you go, sim card for travel, best sim for holiday, pay as you go sim, sim cards, payg sim card, pre pay sim card, prepaid sim card, travel sim, data sim, sim card with data, pre loaded data sim cards, sim card prepaid, data only sim card roaming, prepaid sim card, prepaid data sim card, pay as you go simcard, pre paid sim cards, roaming data sim card, prepaid sim, travel sim, uk sim, prepaid sim card, international sim card, data sim card, preloaded sim card, e sim card, usa data sim	0916FFQAJ6M	BH_3_15	8.49		16/09/2025 11:57:25 BST		y	4			11				B0FR9K64KF						8721438400591				AMAZON_EU	Migrated Template	Inactive		
Brunei Darussalam eSIM 20GB 30 Days | Prepaid Travel eSIM | Pay As You Go Data SIM | Easy QR Code Activation | 3G/4G Speeds	esim, esim card, prepaid sim card unlimited data, sim cards pay as you go, sim, sim card, simcard pay as you go, sim card for travel, best sim for holiday, pay as you go sim, sim cards, payg sim card, pre pay sim card, prepaid sim card, travel sim, data sim, sim card with data, pre loaded data sim cards, sim card prepaid, data only sim card roaming, prepaid sim card, prepaid data sim card, pay as you go simcard, pre paid sim cards, roaming data sim card, prepaid sim, travel sim, prepaid sim card, international sim card, data sim card, preloaded sim card, e sim card	0916FFRT1BR	BN_20_30	66.49		16/09/2025 12:12:34 BST		y	4			11				B0FR9F971C						8721438400997				AMAZON_EU	Migrated Template	Inactive		
Brunei Darussalam eSIM 3GB 15 Days | Prepaid Travel eSIM | Pay As You Go Data SIM | Easy Activation | 3G/4G Speeds	esim, esim card, prepaid sim card unlimited data, sim cards pay as you go, sim, sim card, simcard pay as you go, sim card for travel, best sim for holiday, pay as you go sim, sim cards, payg sim card, pre pay sim card, prepaid sim card, travel sim, data sim, sim card with data, pre loaded data sim cards, sim card prepaid, data only sim card roaming, prepaid sim card, prepaid data sim card, pay as you go simcard, pre paid sim cards, roaming data sim card, prepaid sim, travel sim, prepaid sim card, international sim card, data sim card, preloaded sim card, e sim card	0916FF5B3B9	BN_3_15	14.99		16/09/2025 12:12:34 BST		y	4			11				B0FR9KTJND						8721438400980				AMAZON_EU	Migrated Template	Inactive		
Bolivia eSIM 20GB 30Days	Bolivia eSIM 20GB 30Days - high speed internet - mobile data 5G compatible	0625HBULZRL	BOLIVIA-20GB-30D	76.99		25/06/2026 16:51:19 BST		y	4			11				B0FR9RH588						8721438400829				AMAZON_EU	Migrated Template	Inactive		
Bolivia eSIM 3GB 15Days	Bolivia eSIM 3GB 15Days - high speed internet - mobile data 5G compatible	0625HBR3SZ8	BOLIVIA-3GB-15D	20.99		25/06/2026 16:50:54 BST		y	4			11				B0FR8FKPKH						8721438400812				AMAZON_EU	Migrated Template	Inactive		
Bosnia and Herzegovina eSIM 3GB 15 Days | Pay As You Go Data SIM | Easy Setup | Travel SIM for Tourists & Business | 3G/4G Speeds	Bosnia and Herzegovina eSIM 3GB 15Days - high speed internet - mobile data 5G compatible	0625HBRFK4L	BOSNIA-AND-HERZEGOVINA-3GB-15D	9.99		25/06/2026 16:51:48 BST		y	4			11				B0FR9G8ZVK						8721438400843				AMAZON_EU	Migrated Template	Inactive		
Botswana eSIM 3GB 15Days	Botswana eSIM 3GB 15Days - high speed internet - mobile data 5G compatible	0625HBRLYEV	BOTSWANA-3GB-15D	18.99		25/06/2026 16:52:17 BST		y	4			11				B0FR9G7N2Q						8721438400867				AMAZON_EU	Migrated Template	Inactive		
Bolivia eSIM 20GB 30Days	esim, esim card, prepaid sim card unlimited data, sim cards pay as you go, sim, sim card, simcard pay as you go, sim card for travel, best sim for holiday, pay as you go sim, sim cards, payg sim card, pre pay sim card, prepaid sim card, travel sim, data sim, sim card with data, pre loaded data sim cards, sim card prepaid, data only sim card roaming, prepaid sim card, prepaid data sim card, pay as you go simcard, pre paid sim cards, roaming data sim card, prepaid sim, travel sim, prepaid sim card, international sim card, data sim card, preloaded sim card, e sim card,	0916FFI8IE0	BO_20_30	131.99		16/09/2025 12:11:53 BST		y	4			11				B0FR9RH588						8721438400829				AMAZON_EU	Migrated Template	Inactive		
Bolivia eSIM 3GB 15Days	esim, esim card, prepaid sim card unlimited data, sim cards pay as you go, sim, sim card, simcard pay as you go, sim card for travel, best sim for holiday, pay as you go sim, sim cards, payg sim card, pre pay sim card, prepaid sim card, travel sim, data sim, sim card with data, pre loaded data sim cards, sim card prepaid, data only sim card roaming, prepaid sim card, prepaid data sim card, pay as you go simcard, pre paid sim cards, roaming data sim card, prepaid sim, travel sim, prepaid sim card, international sim card, data sim card, preloaded sim card, e sim card,	0916FFI9GL7	BO_3_15	22.49		16/09/2025 12:11:53 BST		y	4			11				B0FR8FKPKH						8721438400812				AMAZON_EU	Migrated Template	Inactive		
Brazil eSIM 20GB 30Days	Brazil eSIM 20GB 30Days - high speed internet - mobile data 5G compatible	0625HBUK4J5	BRAZIL-20GB-30D	28.99		25/06/2026 16:53:12 BST		y	4			11				B0FR9KLZCR						8721438400935				AMAZON_EU	Migrated Template	Inactive		
Brazil eSIM 3GB 15Days	Brazil eSIM 3GB 15Days - high speed internet - mobile data 5G compatible	0625HBUQIYY	BRAZIL-3GB-15D	8.99		25/06/2026 16:52:46 BST		y	4			11				B0FR9G5LKV						8721438400898				AMAZON_EU	Migrated Template	Inactive		
Brunei Darussalam eSIM 20GB 30 Days | Prepaid Travel eSIM | Pay As You Go Data SIM | Easy QR Code Activation | 3G/4G Speeds	Brunei Darussalam eSIM 20GB 30Days - high speed internet - mobile data 5G compatible	0625HBXW9K2	BRUNEI-DARUSSALAM-20GB-30D	56.99		25/06/2026 16:54:06 BST		y	4			11				B0FR9F971C						8721438400997				AMAZON_EU	Migrated Template	Inactive		
Brunei Darussalam eSIM 3GB 15 Days | Prepaid Travel eSIM | Pay As You Go Data SIM | Easy Activation | 3G/4G Speeds	Brunei Darussalam eSIM 3GB 15Days - high speed internet - mobile data 5G compatible	0625HBV7RHB	BRUNEI-DARUSSALAM-3GB-15D	11.99		25/06/2026 16:53:40 BST		y	4			11				B0FR9KTJND						8721438400980				AMAZON_EU	Migrated Template	Inactive		
Brazil eSIM 20GB 30Days	esim, esim card, brazil esim, esim card brazil, data sim brazil, brazil data sim, sim card brazil, prepaid sim card unlimited data, sim cards pay as you go, sim, sim card, simcard pay as you go, sim card for travel, best sim for holiday, pay as you go sim, sim cards, payg sim card, pre pay sim card, prepaid sim card, travel sim, data sim, sim card with data, pre loaded data sim cards, sim card prepaid, data only sim card roaming, prepaid sim card, prepaid data sim card, pay as you go simcard, pre paid sim cards, roaming data sim card, prepaid sim, travel sim, prepaid sim card, international sim card, data sim card, preloaded sim card, e sim card	0916FFMY2QB	BR_20_30	33.49		16/09/2025 12:12:24 BST		y	4			11				B0FR9KLZCR						8721438400935				AMAZON_EU	Migrated Template	Inactive		
Brazil eSIM 3GB 15Days	esim, esim card, brazil esim, esim card brazil, data sim brazil, brazil data sim, sim card brazil, prepaid sim card unlimited data, sim cards pay as you go, sim, sim card, simcard pay as you go, sim card for travel, best sim for holiday, pay as you go sim, sim cards, payg sim card, pre pay sim card, prepaid sim card, travel sim, data sim, sim card with data, pre loaded data sim cards, sim card prepaid, data only sim card roaming, prepaid sim card, prepaid data sim card, pay as you go simcard, pre paid sim cards, roaming data sim card, prepaid sim, travel sim, prepaid sim card, international sim card, data sim card, preloaded sim card, e sim card	0916FFT31FJ	BR_3_15	7.49		16/09/2025 12:12:24 BST		y	4			11				B0FR9G5LKV						8721438400898				AMAZON_EU	Migrated Template	Inactive		
Bulgaria eSIM 3GB 15Days	Bulgaria eSIM 3GB 15Days - high speed internet - mobile data 5G compatible	0625HAHHGGN	BULGARIA-3GB-15D	6.99		25/06/2026 09:27:53 BST		y	4			11				B0H6MCT4Y5						8721438401031				AMAZON_EU	Migrated Template	Inactive		
Burkina Faso eSIM 3GB 15 Days | Prepaid Travel eSIM | Pay As You Go Data SIM | Easy QR Code Activation | 3G/4G Speeds	Burkina Faso eSIM 3GB 15Days - high speed internet - mobile data 5G compatible	0625HBRMXLK	BURKINA-FASO-3GB-15D	10.99		25/06/2026 16:54:35 BST		y	4			11				B0FR9HWFSK						8721438401086				AMAZON_EU	Migrated Template	Inactive		
Burkina Faso eSIM 5GB 30 Days | Prepaid Travel eSIM | Pay As You Go Data SIM | Quick QR Code Activation | 3G/4G Speeds	Burkina Faso eSIM 5GB 30Days - high speed internet - mobile data 5G compatible	0625HBRGZSW	BURKINA-FASO-5GB-30D	29.99		25/06/2026 16:55:00 BST		y	4			11				B0FR9BWKSY						8721438401093				AMAZON_EU	Migrated Template	Inactive		
Botswana eSIM 3GB 15Days	esim, esim card, prepaid sim card unlimited data, sim cards pay as you go, sim, sim card, simcard pay as you go, sim card for travel, best sim for holiday, pay as you go sim, sim cards, payg sim card, pre pay sim card, prepaid sim card, travel sim, data sim, sim card with data, pre loaded data sim cards, sim card prepaid, data only sim card roaming, prepaid sim card, prepaid data sim card, pay as you go simcard, pre paid sim cards, roaming data sim card, prepaid sim, travel sim, prepaid sim card, international sim card, data sim card, preloaded sim card, e sim card	0916FFIFO9L	BW_3_15	23.49		16/09/2025 12:12:13 BST		y	4			11				B0FR9G7N2Q						8721438400867				AMAZON_EU	Migrated Template	Inactive		
Belarus eSIM 3GB 15Days	esim, esim card, prepaid sim card unlimited data, sim cards pay as you go, sim, sim card, simcard pay as you go, sim card for travel, best sim for holiday, pay as you go sim, sim cards, payg sim card, pre pay sim card, prepaid sim card, travel sim, data sim, sim card with data, pre loaded data sim cards, sim card prepaid, data only sim card roaming, prepaid sim card, prepaid data sim card, pay as you go simcard, pre paid sim cards, roaming data sim card, prepaid sim, travel sim, uk sim, prepaid sim card, international sim card, data sim card, preloaded sim card, e sim card, usa data sim	0916FFM40MB	BY_3_15	8.49		16/09/2025 11:57:47 BST		y	4			11				B0FR9G3Z82						8721438400706				AMAZON_EU	Migrated Template	Inactive		
Belarus eSIM 5GB 30Days	esim, esim card, prepaid sim card unlimited data, sim cards pay as you go, sim, sim card, simcard pay as you go, sim card for travel, best sim for holiday, pay as you go sim, sim cards, payg sim card, pre pay sim card, prepaid sim card, travel sim, data sim, sim card with data, pre loaded data sim cards, sim card prepaid, data only sim card roaming, prepaid sim card, prepaid data sim card, pay as you go simcard, pre paid sim cards, roaming data sim card, prepaid sim, travel sim, uk sim, prepaid sim card, international sim card, data sim card, preloaded sim card, e sim card, usa data sim	0916FFM6EU1	BY_5_30	13.99		16/09/2025 11:57:47 BST		y	4			11				B0FR8FFT4D						8721438400713				AMAZON_EU	Migrated Template	Inactive		
Cambodia eSIM 20GB 30Days	Cambodia eSIM 20GB 30Days - high speed internet - mobile data 5G compatible	0625HBYHC21	CAMBODIA-20GB-30D	22.99		25/06/2026 17:00:31 BST		y	4			11				B0FR9GFJPL						8721438401710				AMAZON_EU	Migrated Template	Inactive		
Cambodia eSIM 3GB 15Days	Cambodia eSIM 3GB 15Days - high speed internet - mobile data 5G compatible	0625HBUJXCA	CAMBODIA-3GB-15D	7.99		25/06/2026 17:00:05 BST		y	4			11				B0FR8XKMJ4						8721438401697				AMAZON_EU	Migrated Template	Inactive		
Cameroon eSIM 3GB 15Days	Cameroon eSIM 3GB 15Days - high speed internet - mobile data 5G compatible	0625HBYVW17	CAMEROON-3GB-15D	17.99		25/06/2026 16:55:29 BST		y	4			11				B0FR9VJ1ZB						8721438401116				AMAZON_EU	Migrated Template	Inactive		
Canada eSIM 20GB 30Days Premium	Canada eSIM 20GB 30Days Premium - high speed internet - mobile data 5G compatible	0625HALNBAY	CANADA-PREMIUM-20GB-30D	24.99		25/06/2026 10:38:12 BST		y	4			11				B0H6MJ9N4Y						8721438410606				AMAZON_EU	Migrated Template	Inactive		
Canada eSIM 3GB 15Days Premium	Canada eSIM 3GB 15Days Premium - high speed internet - mobile data 5G compatible	0625HA69D5J	CANADA-PREMIUM-3GB-15D	8.99		25/06/2026 10:37:21 BST		y	4			11				B0H6MJ1HMJ						8721438410583				AMAZON_EU	Migrated Template	Inactive		
Canada eSIM 5GB 30Days Premium	Canada eSIM 5GB 30Days Premium - high speed internet - mobile data 5G compatible	0625HAM2QF3	CANADA-PREMIUM-5GB-30D	12.99		25/06/2026 10:37:47 BST		y	4			11				B0H6MPXGBN						8721438410590				AMAZON_EU	Migrated Template	Inactive		
Cape Verde eSIM 20GB 30Days	Cape Verde eSIM 20GB 30Days - high speed internet - mobile data 5G compatible	0625HA0YMP1	CAPE-VERDE-20GB-30D	138.99		25/06/2026 09:44:25 BST		y	4			11				B0H6M9VSPG						8721438408771				AMAZON_EU	Migrated Template	Inactive		
Cape Verde eSIM 3GB 15Days	Cape Verde eSIM 3GB 15Days - high speed internet - mobile data 5G compatible	0625HAF91JX	CAPE-VERDE-3GB-15D	27.99		25/06/2026 09:43:34 BST		y	4			11				B0H6M9R16H						8721438408757				AMAZON_EU	Migrated Template	Inactive		
Cape Verde eSIM 5GB 30Days	Cape Verde eSIM 5GB 30Days - high speed internet - mobile data 5G compatible	0625HABYH96	CAPE-VERDE-5GB-30D	46.99		25/06/2026 09:43:59 BST		y	4			11				B0H6MFG453						8721438408764				AMAZON_EU	Migrated Template	Inactive		
Cayman Islands eSIM 20GB 30Days	Cayman Islands eSIM 20GB 30Days - high speed internet - mobile data 5G compatible	0625HADUBAY	CAYMAN-ISLANDS-20GB-30D	80.99		25/06/2026 09:45:44 BST		y	4			11				B0H6MGXYNS						8721438408801				AMAZON_EU	Migrated Template	Inactive		
Cayman Islands eSIM 3GB 15Days	Cayman Islands eSIM 3GB 15Days - high speed internet - mobile data 5G compatible	0625HAF40GO	CAYMAN-ISLANDS-3GB-15D	22.99		25/06/2026 09:44:54 BST		y	4			11				B0H6MLHBD7						8721438408788				AMAZON_EU	Migrated Template	Inactive		
Cayman Islands eSIM 5GB 30Days	Cayman Islands eSIM 5GB 30Days - high speed internet - mobile data 5G compatible	0625HA4XF2A	CAYMAN-ISLANDS-5GB-30D	29.99		25/06/2026 09:45:19 BST		y	4			11				B0H6M55MKK						8721438408795				AMAZON_EU	Migrated Template	Inactive		
Central African Republic eSIM 3GB 15Days	Central African Republic eSIM 3GB 15Days - high speed internet - mobile data 5G compatible	0625HBVB7YO	CENTRAL-AFRICAN-REPUBLIC-3GB-15D	16.99		25/06/2026 16:55:58 BST		y	4			11				B0FR9RK8FP						8721438401352				AMAZON_EU	Migrated Template	Inactive		
Central African Republic eSIM 5GB 30Days	Central African Republic eSIM 5GB 30Days - high speed internet - mobile data 5G compatible	0625HBVMPVP	CENTRAL-AFRICAN-REPUBLIC-5GB-30D	28.99		25/06/2026 16:56:23 BST		y	4			11				B0FR9R3NMC						8721438401369				AMAZON_EU	Migrated Template	Inactive		
Central African Republic eSIM 3GB 15Days	esim, esim card, prepaid sim card unlimited data, sim cards pay as you go, sim, sim card, simcard pay as you go, sim card for travel, best sim for holiday, pay as you go sim, sim cards, payg sim card, pre pay sim card, prepaid sim card, travel sim, data sim, sim card with data, pre loaded data sim cards, sim card prepaid, data only sim card roaming, prepaid sim card, prepaid data sim card, pay as you go simcard, pre paid sim cards, roaming data sim card, prepaid sim, travel sim, prepaid sim card, international sim card, data sim card, preloaded sim card, e sim card	0916FFMD3A4	CF_3_15	23.49		16/09/2025 12:32:31 BST		y	4			11				B0FR9RK8FP						8721438401352				AMAZON_EU	Migrated Template	Inactive		
Central African Republic eSIM 5GB 30Days	esim, esim card, prepaid sim card unlimited data, sim cards pay as you go, sim, sim card, simcard pay as you go, sim card for travel, best sim for holiday, pay as you go sim, sim cards, payg sim card, pre pay sim card, prepaid sim card, travel sim, data sim, sim card with data, pre loaded data sim cards, sim card prepaid, data only sim card roaming, prepaid sim card, prepaid data sim card, pay as you go simcard, pre paid sim cards, roaming data sim card, prepaid sim, travel sim, prepaid sim card, international sim card, data sim card, preloaded sim card, e sim card	0916FFLFUO3	CF_5_30	34.49		16/09/2025 12:32:31 BST		y	4			11				B0FR9R3NMC						8721438401369				AMAZON_EU	Migrated Template	Inactive		
Chad eSIM 3GB 15Days	Chad eSIM 3GB 15Days - high speed internet - mobile data 5G compatible	0625HBRS18H	CHAD-3GB-15D	14.99		25/06/2026 16:56:52 BST		y	4			11				B0FR9SG4MK						8721438401420				AMAZON_EU	Migrated Template	Inactive		
Chad eSIM 5GB 30Days	Chad eSIM 5GB 30Days - high speed internet - mobile data 5G compatible	0625HBYSXUY	CHAD-5GB-30D	23.99		25/06/2026 16:57:18 BST		y	4			11				B0FR9L414C						8721438401437				AMAZON_EU	Migrated Template	Inactive		
Chile eSIM 3GB 15Days	Chile eSIM 3GB 15Days - high speed internet - mobile data 5G compatible	0625HBS29EK	CHILE-3GB-15D	11.99		25/06/2026 16:57:46 BST		y	4			11				B0FR9RY1RT						8721438401451				AMAZON_EU	Migrated Template	Inactive		
China eSIM 20GB 30Days	China eSIM 20GB 30Days - high speed internet - mobile data 5G compatible	0625HC19KNF	CHINA-20GB-30D	15.99		25/06/2026 16:59:07 BST		y	4			11				B0FR9GD6X9						8721438401604				AMAZON_EU	Migrated Template	Inactive		
Switzerland eSIM 20GB 30 Days | Pay As You Go Data SIM | Easy Setup | Travel SIM for Tourists & Business | 3G/4G/5G Speeds | Free Travel Guide Inlcuded	esim, esim card, prepaid sim card unlimited data, sim cards pay as you go, sim, sim card, simcard pay as you go, sim card for travel, best sim for holiday, pay as you go sim, sim cards, payg sim card, pre pay sim card, prepaid sim card, travel sim, data sim, sim card with data, pre loaded data sim cards, sim card prepaid, data only sim card roaming, prepaid sim card, prepaid data sim card, pay as you go simcard, pre paid sim cards, roaming data sim card, prepaid sim, travel sim, prepaid sim card, international sim card, data sim card, preloaded sim card, e sim card	0916FGN57U7	CH_20_30	13.99		16/09/2025 21:05:39 BST		y	4			11				B0FRB6VY7S						8721438407460				AMAZON_EU	Migrated Template	Inactive		
Switzerland eSIM 3GB 15 Days | Pay As You Go Data SIM | Easy Setup | Travel SIM for Tourists & Business | 3G/4G/5G Speeds | Free Travel Guide Inlcuded	esim, esim card, prepaid sim card unlimited data, sim cards pay as you go, sim, sim card, simcard pay as you go, sim card for travel, best sim for holiday, pay as you go sim, sim cards, payg sim card, pre pay sim card, prepaid sim card, travel sim, data sim, sim card with data, pre loaded data sim cards, sim card prepaid, data only sim card roaming, prepaid sim card, prepaid data sim card, pay as you go simcard, pre paid sim cards, roaming data sim card, prepaid sim, travel sim, prepaid sim card, international sim card, data sim card, preloaded sim card, e sim card	0916FGN7HTE	CH_3_15	4.99		16/09/2025 21:05:39 BST		y	4			11				B0FRB5LFVC						8721438407422				AMAZON_EU	Migrated Template	Inactive		
Switzerland eSIM 5GB 30 Days | Pay As You Go Data SIM | Easy Setup | Travel SIM for Tourists & Business | 3G/4G Speeds | Free Travel Guide Inlcuded	esim, esim card, prepaid sim card unlimited data, sim cards pay as you go, sim, sim card, simcard pay as you go, sim card for travel, best sim for holiday, pay as you go sim, sim cards, payg sim card, pre pay sim card, prepaid sim card, travel sim, data sim, sim card with data, pre loaded data sim cards, sim card prepaid, data only sim card roaming, prepaid sim card, prepaid data sim card, pay as you go simcard, pre paid sim cards, roaming data sim card, prepaid sim, travel sim, prepaid sim card, international sim card, data sim card, preloaded sim card, e sim card	0916FGNEWZR	CH_5_30	6.99		16/09/2025 21:05:39 BST		y	4			11				B0FRB7G4VW						8721438407446				AMAZON_EU	Migrated Template	Inactive		
Cote d'Ivoire eSIM 3GB 15 Days | Pay As You Go Data SIM | Easy Setup | Travel SIM for Tourists & Business | 3G/4G Speeds	esim, esim card, prepaid sim card unlimited data, sim cards pay as you go, sim, sim card, simcard pay as you go, sim card for travel, best sim for holiday, pay as you go sim, sim cards, payg sim card, pre pay sim card, prepaid sim card, travel sim, data sim, sim card with data, pre loaded data sim cards, sim card prepaid, data only sim card roaming, prepaid sim card, prepaid data sim card, pay as you go simcard, pre paid sim cards, roaming data sim card, prepaid sim, travel sim, prepaid sim card, international sim card, data sim card, preloaded sim card, e sim card	0916FFS1KKH	CI_3_15	23.49		16/09/2025 12:34:06 BST		y	4			11				B0FR9HW9DJ						8721438401789				AMAZON_EU	Migrated Template	Inactive		
Cote d'Ivoire eSIM 5GB 30 Days | Pay As You Go Data SIM | Easy Setup | Travel SIM for Tourists & Business | 3G/4G Speeds	esim, esim card, prepaid sim card unlimited data, sim cards pay as you go, sim, sim card, simcard pay as you go, sim card for travel, best sim for holiday, pay as you go sim, sim cards, payg sim card, pre pay sim card, prepaid sim card, travel sim, data sim, sim card with data, pre loaded data sim cards, sim card prepaid, data only sim card roaming, prepaid sim card, prepaid data sim card, pay as you go simcard, pre paid sim cards, roaming data sim card, prepaid sim, travel sim, prepaid sim card, international sim card, data sim card, preloaded sim card, e sim card	0916FFRNFJJ	CI_5_30	34.49		16/09/2025 12:34:06 BST		y	4			11				B0FR9V5LYJ						8721438401796				AMAZON_EU	Migrated Template	Inactive		
Chile eSIM 3GB 15Days	esim, esim card, prepaid sim card unlimited data, sim cards pay as you go, sim, sim card, simcard pay as you go, sim card for travel, best sim for holiday, pay as you go sim, sim cards, payg sim card, pre pay sim card, prepaid sim card, travel sim, data sim, sim card with data, pre loaded data sim cards, sim card prepaid, data only sim card roaming, prepaid sim card, prepaid data sim card, pay as you go simcard, pre paid sim cards, roaming data sim card, prepaid sim, travel sim, prepaid sim card, international sim card, data sim card, preloaded sim card, e sim card	0916FEWZ2GX	CL_3_15	18.99		16/09/2025 12:32:59 BST		y	4			11				B0FR9RY1RT						8721438401451				AMAZON_EU	Migrated Template	Inactive		
Cameroon eSIM 3GB 15Days	esim, esim card, prepaid sim card unlimited data, sim cards pay as you go, sim, sim card, simcard pay as you go, sim card for travel, best sim for holiday, pay as you go sim, sim cards, payg sim card, pre pay sim card, prepaid sim card, travel sim, data sim, sim card with data, pre loaded data sim cards, sim card prepaid, data only sim card roaming, prepaid sim card, prepaid data sim card, pay as you go simcard, pre paid sim cards, roaming data sim card, prepaid sim, travel sim, prepaid sim card, international sim card, data sim card, preloaded sim card, e sim card	0916FFIMJPE	CM_3_15	23.49		16/09/2025 12:32:03 BST		y	4			11				B0FR9VJ1ZB						8721438401116				AMAZON_EU	Migrated Template	Inactive		
China eSIM 20GB 30Days	esim, esim card, esim china, china esim, data sim china, china data sim, sim card china, china sim card, prepaid sim card unlimited data, sim cards pay as you go, sim, sim card, simcard pay as you go, sim card for travel, best sim for holiday, pay as you go sim, sim cards, payg sim card, pre pay sim card, prepaid sim card, travel sim, data sim, sim card with data, pre loaded data sim cards, sim card prepaid, data only sim card roaming, prepaid sim card, prepaid data sim card, pay as you go simcard, pre paid sim cards, roaming data sim card, prepaid sim, travel sim, prepaid sim card, international sim card, data sim card, preloaded sim card, e sim card	0916FFRAPZ9	CN_20_30	15.99		16/09/2025 12:33:18 BST		y	4			11				B0FR9GD6X9						8721438401604				AMAZON_EU	Migrated Template	Inactive		
Colombia eSIM 3GB 15Days	Colombia eSIM 3GB 15Days - high speed internet - mobile data 5G compatible	0625HBZ454K	COLOMBIA-3GB-15D	11.99		25/06/2026 16:59:36 BST		y	4			11				B0FR9RL8W5						8721438401673				AMAZON_EU	Migrated Template	Inactive		
Costa Rica eSIM 3GB 15Days	Costa Rica eSIM 3GB 15Days - high speed internet - mobile data 5G compatible	0625HBQUSBD	COSTA-RICA-3GB-15D	12.99		25/06/2026 17:00:59 BST		y	4			11				B0FR9LNRMN						8721438401765				AMAZON_EU	Migrated Template	Inactive		
Cote d'Ivoire eSIM 3GB 15 Days | Pay As You Go Data SIM | Easy Setup | Travel SIM for Tourists & Business | 3G/4G Speeds	Cote d'Ivoire eSIM 3GB 15Days - high speed internet - mobile data 5G compatible	0625HBNJ468	COTE-D-IVOIRE-3GB-15D	20.99		25/06/2026 17:01:28 BST		y	4			11				B0FR9HW9DJ						8721438401789				AMAZON_EU	Migrated Template	Inactive		
Cote d'Ivoire eSIM 5GB 30 Days | Pay As You Go Data SIM | Easy Setup | Travel SIM for Tourists & Business | 3G/4G Speeds	Cote d'Ivoire eSIM 5GB 30Days - high speed internet - mobile data 5G compatible	0625HBROPSN	COTE-D-IVOIRE-5GB-30D	26.99		25/06/2026 17:01:54 BST		y	4			11				B0FR9V5LYJ						8721438401796				AMAZON_EU	Migrated Template	Inactive		
Colombia eSIM 3GB 15Days	esim, esim card, prepaid sim card unlimited data, sim cards pay as you go, sim, sim card, simcard pay as you go, sim card for travel, best sim for holiday, pay as you go sim, sim cards, payg sim card, pre pay sim card, prepaid sim card, travel sim, data sim, sim card with data, pre loaded data sim cards, sim card prepaid, data only sim card roaming, prepaid sim card, prepaid data sim card, pay as you go simcard, pre paid sim cards, roaming data sim card, prepaid sim, travel sim, prepaid sim card, international sim card, data sim card, preloaded sim card, e sim card	0916FEX0YCN	CO_3_15	9.49		16/09/2025 12:33:28 BST		y	4			11				B0FR9RL8W5						8721438401673				AMAZON_EU	Migrated Template	Inactive		
Croatia eSIM 20GB 30Days	Croatia eSIM 20GB 30Days - high speed internet - mobile data 5G compatible	0625HC27TSN	CROATIA-20GB-30D	13.99		25/06/2026 17:03:14 BST		y	4			11				B0FR9TYCSL						8721438401857				AMAZON_EU	Migrated Template	Inactive		
Croatia eSIM 3GB 15Days	Croatia eSIM 3GB 15Days - high speed internet - mobile data 5G compatible	0625HBRMAV4	CROATIA-3GB-15D	6.99		25/06/2026 17:02:23 BST		y	4			11				B0FR9GDKT1						8721438401819				AMAZON_EU	Migrated Template	Inactive		
Croatia eSIM 5GB 30Days	Croatia eSIM 5GB 30Days - high speed internet - mobile data 5G compatible	0625HBQC2RA	CROATIA-5GB-30D	7.99		25/06/2026 17:02:49 BST		y	4			11				B0FR9BVV58						8721438401833				AMAZON_EU	Migrated Template	Inactive		
Costa Rica eSIM 3GB 15Days	esim, esim card, prepaid sim card unlimited data, sim cards pay as you go, sim, sim card, simcard pay as you go, sim card for travel, best sim for holiday, pay as you go sim, sim cards, payg sim card, pre pay sim card, prepaid sim card, travel sim, data sim, sim card with data, pre loaded data sim cards, sim card prepaid, data only sim card roaming, prepaid sim card, prepaid data sim card, pay as you go simcard, pre paid sim cards, roaming data sim card, prepaid sim, travel sim, prepaid sim card, international sim card, data sim card, preloaded sim card, e sim card	0916FEX1TJX	CR_3_15	14.99		16/09/2025 12:33:56 BST		y	4			11				B0FR9LNRMN						8721438401765				AMAZON_EU	Migrated Template	Inactive		
Curacao eSIM 20GB 30Days	Curacao eSIM 20GB 30Days - high speed internet - mobile data 5G compatible	0625HA10I9Z	CURACAO-20GB-30D	66.99		25/06/2026 09:47:05 BST		y	4			11				B0H6MF51WH						8721438408832				AMAZON_EU	Migrated Template	Inactive		
Curacao eSIM 3GB 15Days	Curacao eSIM 3GB 15Days - high speed internet - mobile data 5G compatible	0625HA7JZSJ	CURACAO-3GB-15D	18.99		25/06/2026 09:46:13 BST		y	4			11				B0H6M81JPM						8721438408818				AMAZON_EU	Migrated Template	Inactive		
Curacao eSIM 5GB 30Days	Curacao eSIM 5GB 30Days - high speed internet - mobile data 5G compatible	0625HAHJLGB	CURACAO-5GB-30D	24.99		25/06/2026 09:46:39 BST		y	4			11				B0H6MGZLBC						8721438408825				AMAZON_EU	Migrated Template	Inactive		
Cyprus eSIM 3GB 15Days	Cyprus eSIM 3GB 15Days - high speed internet - mobile data 5G compatible	0625HBNW6KY	CYPRUS-3GB-15D	6.99		25/06/2026 17:03:43 BST		y	4			11				B0FR8XJWWG						8721438401888				AMAZON_EU	Migrated Template	Inactive		
Cyprus eSIM 5GB 30Days	Cyprus eSIM 5GB 30Days - high speed internet - mobile data 5G compatible	0625HBS9UBC	CYPRUS-5GB-30D	7.99		25/06/2026 17:04:08 BST		y	4			11				B0FR8XHWZV						8721438401901				AMAZON_EU	Migrated Template	Inactive		
Cyprus eSIM 3GB 15Days	esim, esim card, prepaid sim card unlimited data, sim cards pay as you go, sim, sim card, simcard pay as you go, sim card for travel, best sim for holiday, pay as you go sim, sim cards, payg sim card, pre pay sim card, prepaid sim card, travel sim, data sim, sim card with data, pre loaded data sim cards, sim card prepaid, data only sim card roaming, prepaid sim card, prepaid data sim card, pay as you go simcard, pre paid sim cards, roaming data sim card, prepaid sim, travel sim, prepaid sim card, international sim card, data sim card, preloaded sim card, e sim card	0916FFIN6KU	CY_3_15	2.99		16/09/2025 12:34:26 BST		y	4			11				B0FR8XJWWG						8721438401888				AMAZON_EU	Migrated Template	Inactive		
Cyprus eSIM 5GB 30Days	esim, esim card, prepaid sim card unlimited data, sim cards pay as you go, sim, sim card, simcard pay as you go, sim card for travel, best sim for holiday, pay as you go sim, sim cards, payg sim card, pre pay sim card, prepaid sim card, travel sim, data sim, sim card with data, pre loaded data sim cards, sim card prepaid, data only sim card roaming, prepaid sim card, prepaid data sim card, pay as you go simcard, pre paid sim cards, roaming data sim card, prepaid sim, travel sim, prepaid sim card, international sim card, data sim card, preloaded sim card, e sim card	0916FFN0DV5	CY_5_30	4.49		16/09/2025 12:34:26 BST		y	4			11				B0FR8XHWZV						8721438401901				AMAZON_EU	Migrated Template	Inactive		
Czech Republic eSIM 20GB 30Days	Czech Republic eSIM 20GB 30Days - high speed internet - mobile data 5G compatible	0625HBRKDQJ	CZECH-REPUBLIC-20GB-30D	13.99		25/06/2026 17:05:28 BST		y	4			11				B0FR9SVN9H						8721438401987				AMAZON_EU	Migrated Template	Inactive		
Czech Republic eSIM 3GB 15Days	Czech Republic eSIM 3GB 15Days - high speed internet - mobile data 5G compatible	0625HBYBS4N	CZECH-REPUBLIC-3GB-15D	6.99		25/06/2026 17:04:37 BST		y	4			11				B0FR9SB2Q3						8721438401949				AMAZON_EU	Migrated Template	Inactive		
Czech Republic eSIM 5GB 30Days	Czech Republic eSIM 5GB 30Days - high speed internet - mobile data 5G compatible	0625HBUX3QY	CZECH-REPUBLIC-5GB-30D	7.99		25/06/2026 17:05:03 BST		y	4			11				B0FR9BY2LF						8721438401963				AMAZON_EU	Migrated Template	Inactive		
Czech Republic eSIM 20GB 30Days	esim, esim card, prepaid sim card unlimited data, sim cards pay as you go, sim, sim card, simcard pay as you go, sim card for travel, best sim for holiday, pay as you go sim, sim cards, payg sim card, pre pay sim card, prepaid sim card, travel sim, data sim, sim card with data, pre loaded data sim cards, sim card prepaid, data only sim card roaming, prepaid sim card, prepaid data sim card, pay as you go simcard, pre paid sim cards, roaming data sim card, prepaid sim, travel sim, prepaid sim card, international sim card, data sim card, preloaded sim card, e sim card	0916FFRDU5O	CZ_20_30	13.49		16/09/2025 12:34:35 BST		y	4			11				B0FR9SVN9H						8721438401987				AMAZON_EU	Migrated Template	Inactive		
Czech Republic eSIM 3GB 15Days	esim, esim card, prepaid sim card unlimited data, sim cards pay as you go, sim, sim card, simcard pay as you go, sim card for travel, best sim for holiday, pay as you go sim, sim cards, payg sim card, pre pay sim card, prepaid sim card, travel sim, data sim, sim card with data, pre loaded data sim cards, sim card prepaid, data only sim card roaming, prepaid sim card, prepaid data sim card, pay as you go simcard, pre paid sim cards, roaming data sim card, prepaid sim, travel sim, prepaid sim card, international sim card, data sim card, preloaded sim card, e sim card	0916FFIMNFD	CZ_3_15	2.99		16/09/2025 12:34:35 BST		y	4			11				B0FR9SB2Q3						8721438401949				AMAZON_EU	Migrated Template	Inactive		
Czech Republic eSIM 5GB 30Days	esim, esim card, prepaid sim card unlimited data, sim cards pay as you go, sim, sim card, simcard pay as you go, sim card for travel, best sim for holiday, pay as you go sim, sim cards, payg sim card, pre pay sim card, prepaid sim card, travel sim, data sim, sim card with data, pre loaded data sim cards, sim card prepaid, data only sim card roaming, prepaid sim card, prepaid data sim card, pay as you go simcard, pre paid sim cards, roaming data sim card, prepaid sim, travel sim, prepaid sim card, international sim card, data sim card, preloaded sim card, e sim card	0916FFTASSO	CZ_5_30	4.49		16/09/2025 12:34:35 BST		y	4			11				B0FR9BY2LF						8721438401963				AMAZON_EU	Migrated Template	Inactive		
Democratic Republic of the Congo eSIM 3GB 15Days	Democratic Republic of the Congo eSIM 3GB 15Days - high speed internet - mobile data 5G compatible	0625HAECM2H	DEMOCRATIC-REPUBLIC-OF-THE-CONGO-3GB-15D	11.99		25/06/2026 09:47:33 BST		y	4			11				B0H6LZL22Y						8721438408849				AMAZON_EU	Migrated Template	Inactive		
Democratic Republic of the Congo eSIM 5GB 30Days	Democratic Republic of the Congo eSIM 5GB 30Days - high speed internet - mobile data 5G compatible	0625HA50FJ2	DEMOCRATIC-REPUBLIC-OF-THE-CONGO-5GB-30D	18.99		25/06/2026 09:47:59 BST		y	4			11				B0H6M6L8Z8						8721438408856				AMAZON_EU	Migrated Template	Inactive		
Denmark eSIM 20GB 30Days	Denmark eSIM 20GB 30Days - high speed internet - mobile data 5G compatible	0625HBO8K1T	DENMARK-20GB-30D	12.99		25/06/2026 17:06:48 BST		y	4			11				B0FR9QPF45						8721438402052				AMAZON_EU	Migrated Template	Inactive		
Denmark eSIM 3GB 15Days	Denmark eSIM 3GB 15Days - high speed internet - mobile data 5G compatible	0625HBS7J52	DENMARK-3GB-15D	6.99		25/06/2026 17:05:57 BST		y	4			11				B0FR9GSNP4						8721438402014				AMAZON_EU	Migrated Template	Inactive		
Denmark eSIM 5GB 30Days	Denmark eSIM 5GB 30Days - high speed internet - mobile data 5G compatible	0625HBW01S2	DENMARK-5GB-30D	7.99		25/06/2026 17:06:23 BST		y	4			11				B0FR8XQYR4						8721438402038				AMAZON_EU	Migrated Template	Inactive		
Denmark eSIM 20GB 30Days	esim, esim card, prepaid sim card unlimited data, sim cards pay as you go, sim, sim card, simcard pay as you go, sim card for travel, best sim for holiday, pay as you go sim, sim cards, payg sim card, pre pay sim card, prepaid sim card, travel sim, data sim, sim card with data, pre loaded data sim cards, sim card prepaid, data only sim card roaming, prepaid sim card, prepaid data sim card, pay as you go simcard, pre paid sim cards, roaming data sim card, prepaid sim, travel sim, prepaid sim card, international sim card, data sim card, preloaded sim card, e sim card	0916FFR8ZHA	DK_20_30	12.99		16/09/2025 13:23:04 BST		y	4			11				B0FR9QPF45						8721438402052				AMAZON_EU	Migrated Template	Inactive		
Denmark eSIM 3GB 15Days	esim, esim card, prepaid sim card unlimited data, sim cards pay as you go, sim, sim card, simcard pay as you go, sim card for travel, best sim for holiday, pay as you go sim, sim cards, payg sim card, pre pay sim card, prepaid sim card, travel sim, data sim, sim card with data, pre loaded data sim cards, sim card prepaid, data only sim card roaming, prepaid sim card, prepaid data sim card, pay as you go simcard, pre paid sim cards, roaming data sim card, prepaid sim, travel sim, prepaid sim card, international sim card, data sim card, preloaded sim card, e sim card	0916FG2CKEC	DK_3_15	2.99		16/09/2025 13:23:04 BST		y	4			11				B0FR9GSNP4						8721438402014				AMAZON_EU	Migrated Template	Inactive		
Denmark eSIM 5GB 30Days	esim, esim card, prepaid sim card unlimited data, sim cards pay as you go, sim, sim card, simcard pay as you go, sim card for travel, best sim for holiday, pay as you go sim, sim cards, payg sim card, pre pay sim card, prepaid sim card, travel sim, data sim, sim card with data, pre loaded data sim cards, sim card prepaid, data only sim card roaming, prepaid sim card, prepaid data sim card, pay as you go simcard, pre paid sim cards, roaming data sim card, prepaid sim, travel sim, prepaid sim card, international sim card, data sim card, preloaded sim card, e sim card	0916FFSPF9X	DK_5_30	4.49		16/09/2025 13:23:04 BST		y	4			11				B0FR8XQYR4						8721438402038				AMAZON_EU	Migrated Template	Inactive		
Dominica eSIM 20GB 30Days	Dominica eSIM 20GB 30Days - high speed internet - mobile data 5G compatible	0625HAEWW0O	DOMINICA-20GB-30D	74.99		25/06/2026 09:49:20 BST		y	4			11				B0H6MK8XTJ						8721438408894				AMAZON_EU	Migrated Template	Inactive		
Dominica eSIM 3GB 15Days	Dominica eSIM 3GB 15Days - high speed internet - mobile data 5G compatible	0625HAB54SH	DOMINICA-3GB-15D	20.99		25/06/2026 09:48:29 BST		y	4			11				B0H6M9H54M						8721438408870				AMAZON_EU	Migrated Template	Inactive		
Dominica eSIM 5GB 30Days	Dominica eSIM 5GB 30Days - high speed internet - mobile data 5G compatible	0625HAHDKVO	DOMINICA-5GB-30D	27.99		25/06/2026 09:48:54 BST		y	4			11				B0H6M5HR32						8721438408887				AMAZON_EU	Migrated Template	Inactive		
Dominican Republic eSIM 20GB 30Days	Dominican Republic eSIM 20GB 30Days - high speed internet - mobile data 5G compatible	0625HBS7I9W	DOMINICAN-REPUBLIC-20GB-30D	33.99		25/06/2026 17:08:08 BST		y	4			11				B0FR9C6DJF						8721438402106				AMAZON_EU	Migrated Template	Inactive		
Dominican Republic eSIM 3GB 15Days	Dominican Republic eSIM 3GB 15Days - high speed internet - mobile data 5G compatible	0625HBYCBJR	DOMINICAN-REPUBLIC-3GB-15D	10.99		25/06/2026 17:07:17 BST		y	4			11				B0FR9GSKZF						8721438402083				AMAZON_EU	Migrated Template	Inactive		
Dominican Republic eSIM 5GB 30Days	Dominican Republic eSIM 5GB 30Days - high speed internet - mobile data 5G compatible	0625HBO6G9Q	DOMINICAN-REPUBLIC-5GB-30D	12.99		25/06/2026 17:07:42 BST		y	4			11				B0FR9GQKCM						8721438402090				AMAZON_EU	Migrated Template	Inactive		
Dominican Republic eSIM 20GB 30Days	esim, esim card, prepaid sim card unlimited data, sim cards pay as you go, sim, sim card, simcard pay as you go, sim card for travel, best sim for holiday, pay as you go sim, sim cards, payg sim card, pre pay sim card, prepaid sim card, travel sim, data sim, sim card with data, pre loaded data sim cards, sim card prepaid, data only sim card roaming, prepaid sim card, prepaid data sim card, pay as you go simcard, pre paid sim cards, roaming data sim card, prepaid sim, travel sim, prepaid sim card, international sim card, data sim card, preloaded sim card, e sim card	0916FFVOUUL	DO_20_30	83.99		16/09/2025 13:23:14 BST		y	4			11				B0FR9C6DJF						8721438402106				AMAZON_EU	Migrated Template	Inactive		
Dominican Republic eSIM 3GB 15Days	esim, esim card, prepaid sim card unlimited data, sim cards pay as you go, sim, sim card, simcard pay as you go, sim card for travel, best sim for holiday, pay as you go sim, sim cards, payg sim card, pre pay sim card, prepaid sim card, travel sim, data sim, sim card with data, pre loaded data sim cards, sim card prepaid, data only sim card roaming, prepaid sim card, prepaid data sim card, pay as you go simcard, pre paid sim cards, roaming data sim card, prepaid sim, travel sim, prepaid sim card, international sim card, data sim card, preloaded sim card, e sim card	0916FFVEQ57	DO_3_15	18.99		16/09/2025 13:23:14 BST		y	4			11				B0FR9GSKZF						8721438402083				AMAZON_EU	Migrated Template	Inactive		
Dominican Republic eSIM 5GB 30Days	esim, esim card, prepaid sim card unlimited data, sim cards pay as you go, sim, sim card, simcard pay as you go, sim card for travel, best sim for holiday, pay as you go sim, sim cards, payg sim card, pre pay sim card, prepaid sim card, travel sim, data sim, sim card with data, pre loaded data sim cards, sim card prepaid, data only sim card roaming, prepaid sim card, prepaid data sim card, pay as you go simcard, pre paid sim cards, roaming data sim card, prepaid sim, travel sim, prepaid sim card, international sim card, data sim card, preloaded sim card, e sim card	0916FFU4478	DO_5_30	27.99		16/09/2025 13:23:14 BST		y	4			11				B0FR9GQKCM						8721438402090				AMAZON_EU	Migrated Template	Inactive		
Democratic Republic of the Congo eSIM 20GB 30Days	Democratic Republic of the Congo eSIM 20GB 30Days - high speed internet - mobile data 5G compatible	0625HB5OGYS	DRC-20GB-30D	50.99		25/06/2026 13:28:59 BST		y	4			11				B0H6MZWFM7						8721438408863				AMAZON_EU	Migrated Template	Inactive		
Ecuador eSIM 3GB 15Days	Ecuador eSIM 3GB 15Days - high speed internet - mobile data 5G compatible	0625HBUPRRP	ECUADOR-3GB-15D	11.99		25/06/2026 17:08:37 BST		y	4			11				B0FR9RM6MP						8721438402120				AMAZON_EU	Migrated Template	Inactive		
Ecuador eSIM 3GB 15Days	esim, esim card, prepaid sim card unlimited data, sim cards pay as you go, sim, sim card, simcard pay as you go, sim card for travel, best sim for holiday, pay as you go sim, sim cards, payg sim card, pre pay sim card, prepaid sim card, travel sim, data sim, sim card with data, pre loaded data sim cards, sim card prepaid, data only sim card roaming, prepaid sim card, prepaid data sim card, pay as you go simcard, pre paid sim cards, roaming data sim card, prepaid sim, travel sim, prepaid sim card, international sim card, data sim card, preloaded sim card, e sim card	0916FFSF24M	EC_3_15	14.99		16/09/2025 13:23:23 BST		y	4			11				B0FR9RM6MP						8721438402120				AMAZON_EU	Migrated Template	Inactive		
Estonia eSIM 20GB 30 Days | Pay As You Go Data SIM | Easy Setup | Travel SIM for Tourists & Business | 3G/4G Speeds | Prepaid Data Plan for Estonia Travelers	esim, esim card, prepaid sim card unlimited data, sim cards pay as you go, sim, sim card, simcard pay as you go, sim card for travel, best sim for holiday, pay as you go sim, sim cards, payg sim card, pre pay sim card, prepaid sim card, travel sim, data sim, sim card with data, pre loaded data sim cards, sim card prepaid, data only sim card roaming, prepaid sim card, prepaid data sim card, pay as you go simcard, pre paid sim cards, roaming data sim card, prepaid sim, travel sim, prepaid sim card, international sim card, data sim card, preloaded sim card, e sim card	0916FFY6EDT	EE_20_30	14.49		16/09/2025 13:23:52 BST		y	4			11				B0FR9L527N						8721438402298				AMAZON_EU	Migrated Template	Inactive		
Estonia eSIM 3GB 15 Days | Pay As You Go Data SIM | Easy Setup | Travel SIM for Tourists & Business | 3G/4G/5G Speeds | Prepaid SIM for Estonia Travelers	esim, esim card, prepaid sim card unlimited data, sim cards pay as you go, sim, sim card, simcard pay as you go, sim card for travel, best sim for holiday, pay as you go sim, sim cards, payg sim card, pre pay sim card, prepaid sim card, travel sim, data sim, sim card with data, pre loaded data sim cards, sim card prepaid, data only sim card roaming, prepaid sim card, prepaid data sim card, pay as you go simcard, pre paid sim cards, roaming data sim card, prepaid sim, travel sim, prepaid sim card, international sim card, data sim card, preloaded sim card, e sim card	0916FFTUUX7	EE_3_15	2.99		16/09/2025 13:23:52 BST		y	4			11				B0FR9GST1S						8721438402250				AMAZON_EU	Migrated Template	Inactive		
Estonia eSIM 5GB 30 Days | Pay As You Go Data SIM | Easy Setup | Travel SIM for Tourists & Business | 3G/4G Speeds | Prepaid SIM for Estonia Visitors	esim, esim card, prepaid sim card unlimited data, sim cards pay as you go, sim, sim card, simcard pay as you go, sim card for travel, best sim for holiday, pay as you go sim, sim cards, payg sim card, pre pay sim card, prepaid sim card, travel sim, data sim, sim card with data, pre loaded data sim cards, sim card prepaid, data only sim card roaming, prepaid sim card, prepaid data sim card, pay as you go simcard, pre paid sim cards, roaming data sim card, prepaid sim, travel sim, prepaid sim card, international sim card, data sim card, preloaded sim card, e sim card	0916FFV4SZS	EE_5_30	4.49		16/09/2025 13:23:52 BST		y	4			11				B0FR9GQYKB						8721438402274				AMAZON_EU	Migrated Template	Inactive		
Egypt eSIM 5GB 30Days	Egypt eSIM 5GB 30Days - high speed internet - mobile data 5G compatible	0625HBVHIND	EGYPT-5GB-30D	12.99		25/06/2026 17:09:31 BST		y	4			11				B0FR9LR5KJ						8721438402168				AMAZON_EU	Migrated Template	Inactive		
Egypt eSIM 5GB 30Days	esim, esim card, prepaid sim card unlimited data, sim cards pay as you go, sim, sim card, simcard pay as you go, sim card for travel, best sim for holiday, pay as you go sim, sim cards, payg sim card, pre pay sim card, prepaid sim card, travel sim, data sim, sim card with data, pre loaded data sim cards, sim card prepaid, data only sim card roaming, prepaid sim card, prepaid data sim card, pay as you go simcard, pre paid sim cards, roaming data sim card, prepaid sim, travel sim, prepaid sim card, international sim card, data sim card, preloaded sim card, e sim card	0916FFTMQTK	EG_5_30	11.49		16/09/2025 13:23:33 BST		y	4			11				B0FR9LR5KJ						8721438402168				AMAZON_EU	Migrated Template	Inactive		
El Salvador eSIM 3GB 15Days	El Salvador eSIM 3GB 15Days - high speed internet - mobile data 5G compatible	0625HBSFQ1B	EL-SALVADOR-3GB-15D	14.99		25/06/2026 17:10:25 BST		y	4			11				B0FR9LJ7X4						8721438402236				AMAZON_EU	Migrated Template	Inactive		
Estonia eSIM 20GB 30 Days | Pay As You Go Data SIM | Easy Setup | Travel SIM for Tourists & Business | 3G/4G Speeds | Prepaid Data Plan for Estonia Travelers	Estonia eSIM 20GB 30Days - high speed internet - mobile data 5G compatible	0625HC1R8L2	ESTONIA-20GB-30D	12.99		25/06/2026 17:11:45 BST		y	4			11				B0FR9L527N						8721438402298				AMAZON_EU	Migrated Template	Inactive		
Estonia eSIM 3GB 15 Days | Pay As You Go Data SIM | Easy Setup | Travel SIM for Tourists & Business | 3G/4G/5G Speeds | Prepaid SIM for Estonia Travelers	Estonia eSIM 3GB 15Days - high speed internet - mobile data 5G compatible	0625HBVKUTZ	ESTONIA-3GB-15D	6.99		25/06/2026 17:10:54 BST		y	4			11				B0FR9GST1S						8721438402250				AMAZON_EU	Migrated Template	Inactive		
Estonia eSIM 5GB 30 Days | Pay As You Go Data SIM | Easy Setup | Travel SIM for Tourists & Business | 3G/4G Speeds | Prepaid SIM for Estonia Visitors	Estonia eSIM 5GB 30Days - high speed internet - mobile data 5G compatible	0625HBS9YQC	ESTONIA-5GB-30D	7.99		25/06/2026 17:11:20 BST		y	4			11				B0FR9GQYKB						8721438402274				AMAZON_EU	Migrated Template	Inactive		
Europe (40+ areas) eSIM 20GB 30 Days | Pay As You Go Data SIM | Easy Setup | Travel SIM for Tourists & Business | 3G/4G Speeds	esim, esim card, europe esim, esim card europe, data sim europe, europe data sim, sim card europe prepaid sim card unlimited data, sim cards pay as you go, sim, sim card, simcard pay as you go, sim card for travel, best sim for holiday, pay as you go sim, sim cards, payg sim card, pre pay sim card, prepaid sim card, travel sim, data sim, sim card with data, pre loaded data sim cards, sim card prepaid, data only sim card roaming, prepaid sim card, prepaid data sim card, pay as you go simcard, pre paid sim cards, roaming data sim card, prepaid sim, travel sim, prepaid sim card, international sim card, data sim card, preloaded sim card, e sim card	0916FFUGDWY	EU-42_20_30	42.49		16/09/2025 13:24:11 BST		y	4			11				B0FR9TNPV3						8721438402496				AMAZON_EU	Migrated Template	Inactive		
Europe (40+ areas) eSIM 5GB 30 Days | Pay As You Go Data SIM | Easy Setup | Travel SIM for Tourists & Business | 3G/4G/5G Speeds	esim, esim card, europe esim, esim card europe, data sim europe, europe data sim, sim card europe prepaid sim card unlimited data, sim cards pay as you go, sim, sim card, simcard pay as you go, sim card for travel, best sim for holiday, pay as you go sim, sim cards, payg sim card, pre pay sim card, prepaid sim card, travel sim, data sim, sim card with data, pre loaded data sim cards, sim card prepaid, data only sim card roaming, prepaid sim card, prepaid data sim card, pay as you go simcard, pre paid sim cards, roaming data sim card, prepaid sim, travel sim, prepaid sim card, international sim card, data sim card, preloaded sim card, e sim card	0916FFS160N	EU-42_5_30	14.49		16/09/2025 13:24:11 BST		y	4			11				B0FR9RYSSS						8721438402472				AMAZON_EU	Migrated Template	Inactive		
Europe (40+ areas) eSIM 20GB 30 Days | Pay As You Go Data SIM | Easy Setup | Travel SIM for Tourists & Business | 3G/4G Speeds	Europe(40+ areas) eSIM 20GB 30Days - high speed internet - mobile data 5G compatible	0625HBY2JHA	EUROPE-40-AREAS-20GB-30D	16.99		25/06/2026 17:12:39 BST		y	4			11				B0FR9TNPV3						8721438402496				AMAZON_EU	Migrated Template	Inactive		
Europe (40+ areas) eSIM 5GB 30 Days | Pay As You Go Data SIM | Easy Setup | Travel SIM for Tourists & Business | 3G/4G/5G Speeds	Europe(40+ areas) eSIM 5GB 30Days - high speed internet - mobile data 5G compatible	0625HBY8FNY	EUROPE-40-AREAS-5GB-30D	7.99		25/06/2026 17:12:14 BST		y	4			11				B0FR9RYSSS						8721438402472				AMAZON_EU	Migrated Template	Inactive		
Faroe Islands eSIM 20GB 30Days	Faroe Islands eSIM 20GB 30Days - high speed internet - mobile data 5G compatible	0625HA8Y61M	FAROE-ISLANDS-20GB-30D	24.99		25/06/2026 09:50:39 BST		y	4			11				B0H6MB82ZV						8721438408924				AMAZON_EU	Migrated Template	Inactive		
Faroe Islands eSIM 3GB 15Days	Faroe Islands eSIM 3GB 15Days - high speed internet - mobile data 5G compatible	0625HA0X3Q0	FAROE-ISLANDS-3GB-15D	7.99		25/06/2026 09:49:49 BST		y	4			11				B0H6ML935Q						8721438408900				AMAZON_EU	Migrated Template	Inactive		
Faroe Islands eSIM 5GB 30Days	Faroe Islands eSIM 5GB 30Days - high speed internet - mobile data 5G compatible	0625HAEFZ20	FAROE-ISLANDS-5GB-30D	9.99		25/06/2026 09:50:14 BST		y	4			11				B0H6MF2TVH						8721438408917				AMAZON_EU	Migrated Template	Inactive		
Fiji eSIM 20GB 30Days	Fiji eSIM 20GB 30Days - high speed internet - mobile data 5G compatible	0625HAHFWDL	FIJI-20GB-30D	33.99		25/06/2026 09:51:59 BST		y	4			11				B0H6MGBL3N						8721438408955				AMAZON_EU	Migrated Template	Inactive		
Fiji eSIM 3GB 15Days	Fiji eSIM 3GB 15Days - high speed internet - mobile data 5G compatible	0625HAF5PWS	FIJI-3GB-15D	10.99		25/06/2026 09:51:08 BST		y	4			11				B0H6MFLWYD						8721438408931				AMAZON_EU	Migrated Template	Inactive		
Fiji eSIM 5GB 30Days	Fiji eSIM 5GB 30Days - high speed internet - mobile data 5G compatible	0625HAI4GMA	FIJI-5GB-30D	11.99		25/06/2026 09:51:34 BST		y	4			11				B0H6MJ7GS6						8721438408948				AMAZON_EU	Migrated Template	Inactive		
Finland eSIM 3GB 15Days	Finland eSIM 3GB 15Days - high speed internet - mobile data 5G compatible	0625HBYMI43	FINLAND-3GB-15D	6.99		25/06/2026 17:13:08 BST		y	4			11				B0FR9GSND6						8721438402533				AMAZON_EU	Migrated Template	Inactive		
Finland eSIM 5GB 30Days	Finland eSIM 5GB 30Days - high speed internet - mobile data 5G compatible	0625HBZ5AT7	FINLAND-5GB-30D	7.99		25/06/2026 17:13:34 BST		y	4			11				B0FR9SB3BJ						8721438402557				AMAZON_EU	Migrated Template	Inactive		
Finland eSIM 3GB 15Days	esim, esim card, prepaid sim card unlimited data, sim cards pay as you go, sim, sim card, simcard pay as you go, sim card for travel, best sim for holiday, pay as you go sim, sim cards, payg sim card, pre pay sim card, prepaid sim card, travel sim, data sim, sim card with data, pre loaded data sim cards, sim card prepaid, data only sim card roaming, prepaid sim card, prepaid data sim card, pay as you go simcard, pre paid sim cards, roaming data sim card, prepaid sim, travel sim, prepaid sim card, international sim card, data sim card, preloaded sim card, e sim card	0916FFVGQTR	FI_3_15	2.49		16/09/2025 13:30:38 BST		y	4			11				B0FR9GSND6						8721438402533				AMAZON_EU	Migrated Template	Inactive		
Finland eSIM 5GB 30Days	esim, esim card, prepaid sim card unlimited data, sim cards pay as you go, sim, sim card, simcard pay as you go, sim card for travel, best sim for holiday, pay as you go sim, sim cards, payg sim card, pre pay sim card, prepaid sim card, travel sim, data sim, sim card with data, pre loaded data sim cards, sim card prepaid, data only sim card roaming, prepaid sim card, prepaid data sim card, pay as you go simcard, pre paid sim cards, roaming data sim card, prepaid sim, travel sim, prepaid sim card, international sim card, data sim card, preloaded sim card, e sim card	0916FFN5KQA	FI_5_30	3.49		16/09/2025 13:30:38 BST		y	4			11				B0FR9SB3BJ						8721438402557				AMAZON_EU	Migrated Template	Inactive		
French Guiana eSIM 20GB 30Days	French Guiana eSIM 20GB 30Days - high speed internet - mobile data 5G compatible	0625HAGYXOB	FRENCH-GUIANA-20GB-30D	13.99		25/06/2026 09:53:19 BST		y	4			11				B0H6MDNXJJ						8721438408986				AMAZON_EU	Migrated Template	Inactive		
French Guiana eSIM 3GB 15Days	French Guiana eSIM 3GB 15Days - high speed internet - mobile data 5G compatible	0625HAESH35	FRENCH-GUIANA-3GB-15D	6.99		25/06/2026 09:52:28 BST		y	4			11				B0H6MFD6Z3						8721438408962				AMAZON_EU	Migrated Template	Inactive		
French Guiana eSIM 5GB 30Days	French Guiana eSIM 5GB 30Days - high speed internet - mobile data 5G compatible	0625HA543BZ	FRENCH-GUIANA-5GB-30D	7.99		25/06/2026 09:52:54 BST		y	4			11				B0H6MGC352						8721438408979				AMAZON_EU	Migrated Template	Inactive		
French Polynesia eSIM 20GB 30Days	French Polynesia eSIM 20GB 30Days - high speed internet - mobile data 5G compatible	0625HAAPQ1M	FRENCH-POLYNESIA-20GB-30D	206.99		25/06/2026 09:54:39 BST		y	4			11				B0H6M59GH9						8721438409013				AMAZON_EU	Migrated Template	Inactive		
French Polynesia eSIM 3GB 15Days	French Polynesia eSIM 3GB 15Days - high speed internet - mobile data 5G compatible	0625HABYFAZ	FRENCH-POLYNESIA-3GB-15D	40.99		25/06/2026 09:53:48 BST		y	4			11				B0H6MF6GHP						8721438408993				AMAZON_EU	Migrated Template	Inactive		
French Polynesia eSIM 5GB 30Days	French Polynesia eSIM 5GB 30Days - high speed internet - mobile data 5G compatible	0625HAHG32F	FRENCH-POLYNESIA-5GB-30D	56.99		25/06/2026 09:54:13 BST		y	4			11				B0H6MD2GXY						8721438409006				AMAZON_EU	Migrated Template	Inactive		
Gabon eSIM 3GB 15Days	Gabon eSIM 3GB 15Days - high speed internet - mobile data 5G compatible	0625HBRT2OG	GABON-3GB-15D	14.99		25/06/2026 17:15:23 BST		y	4			11				B0FR9GPX9T						8721438402700				AMAZON_EU	Migrated Template	Inactive		
Gambia eSIM 3GB 15Days	Gambia eSIM 3GB 15Days - high speed internet - mobile data 5G compatible	0625HC6N409	GAMBIA-3GB-15D	29.99		25/06/2026 18:48:50 BST		y	4			11				B0H2FTMBBQ						8721438408368				AMAZON_EU	Migrated Template	Inactive		
Gambia eSIM 5GB 30Days	Gambia eSIM 5GB 30Days - high speed internet - mobile data 5G compatible	0625HBTR21T	GAMBIA-5GB-30D	48.99		25/06/2026 18:49:15 BST		y	4			11				B0H2FQ3QJ9						8721438408375				AMAZON_EU	Migrated Template	Inactive		
Gabon eSIM 3GB 15Days	esim, esim card, prepaid sim card unlimited data, sim cards pay as you go, sim, sim card, simcard pay as you go, sim card for travel, best sim for holiday, pay as you go sim, sim cards, payg sim card, pre pay sim card, prepaid sim card, travel sim, data sim, sim card with data, pre loaded data sim cards, sim card prepaid, data only sim card roaming, prepaid sim card, prepaid data sim card, pay as you go simcard, pre paid sim cards, roaming data sim card, prepaid sim, travel sim, prepaid sim card, international sim card, data sim card, preloaded sim card, e sim card	0916FFUOWR4	GA_3_15	14.99		16/09/2025 13:30:57 BST		y	4			11				B0FR9GPX9T						8721438402700				AMAZON_EU	Migrated Template	Inactive		
United Kingdom eSIM 20GB 30 Days | Pay As You Go Data SIM | Easy Setup | UK Travel SIM for Tourists & Business | 3G/4G Speeds	esim, esim card, uk sim, data sim uk, esim uk, uk esim card, esim card uk, sim card uk, uk sim card, uk data sim card, prepaid sim card unlimited data, sim cards pay as you go, sim, sim card, simcard pay as you go, sim card for travel, best sim for holiday, pay as you go sim, sim cards, payg sim card, pre pay sim card, prepaid sim card, travel sim, data sim, sim card with data, pre loaded data sim cards, sim card prepaid, data only sim card roaming, prepaid sim card, prepaid data sim card, pay as you go simcard, pre paid sim cards, roaming data sim card, prepaid sim, travel sim, prepaid sim card, international sim card, data sim card, preloaded sim card, e sim card	0916FGSU0NZ	GB_20_30	12.49		16/09/2025 23:11:31 BST		y	4			11				B0FRDGCBTN						8721438408023				AMAZON_EU	Migrated Template	Inactive		
United Kingdom eSIM 3GB 15 Days | Pay As You Go Data SIM | Easy Setup | UK Travel SIM for Tourists & Business | 3G/4G/5G Speeds	esim, esim card, uk sim, data sim uk, esim uk, uk esim card, esim card uk, sim card uk, uk sim card, uk data sim card, prepaid sim card unlimited data, sim cards pay as you go, sim, sim card, simcard pay as you go, sim card for travel, best sim for holiday, pay as you go sim, sim cards, payg sim card, pre pay sim card, prepaid sim card, travel sim, data sim, sim card with data, pre loaded data sim cards, sim card prepaid, data only sim card roaming, prepaid sim card, prepaid data sim card, pay as you go simcard, pre paid sim cards, roaming data sim card, prepaid sim, travel sim, prepaid sim card, international sim card, data sim card, preloaded sim card, e sim card	0916FGTYC7D	GB_3_15	3.99		16/09/2025 23:11:31 BST		y	4			11				B0FRCPD8TS						8721438407989				AMAZON_EU	Migrated Template	Inactive		
United Kingdom eSIM 5GB 30 Days | Pay As You Go Data SIM | Easy Setup | UK Travel SIM for Tourists & Business | 3G/4G Speeds	esim, esim card, uk sim, data sim uk, esim uk, uk esim card, esim card uk, sim card uk, uk sim card, uk data sim card, prepaid sim card unlimited data, sim cards pay as you go, sim, sim card, simcard pay as you go, sim card for travel, best sim for holiday, pay as you go sim, sim cards, payg sim card, pre pay sim card, prepaid sim card, travel sim, data sim, sim card with data, pre loaded data sim cards, sim card prepaid, data only sim card roaming, prepaid sim card, prepaid data sim card, pay as you go simcard, pre paid sim cards, roaming data sim card, prepaid sim, travel sim, prepaid sim card, international sim card, data sim card, preloaded sim card, e sim card	0916FGSC0ZW	GB_5_30	4.99		16/09/2025 23:11:31 BST		y	4			11				B0FRDDRGJF						8721438408009				AMAZON_EU	Migrated Template	Inactive		
Georgia eSIM 20GB 30Days	Georgia eSIM 20GB 30Days - high speed internet - mobile data 5G compatible	0625HBVWDPB	GEORGIA-20GB-30D	21.99		25/06/2026 17:16:17 BST		y	4			11				B0FR9C73NK						8721438402748				AMAZON_EU	Migrated Template	Inactive		
Georgia eSIM 3GB 15Days	Georgia eSIM 3GB 15Days - high speed internet - mobile data 5G compatible	0625HBRCU9J	GEORGIA-3GB-15D	7.99		25/06/2026 17:15:51 BST		y	4			11				B0FR9KMX2N						8721438402724				AMAZON_EU	Migrated Template	Inactive		
Georgia eSIM 20GB 30Days	esim, esim card, prepaid sim card unlimited data, sim cards pay as you go, sim, sim card, simcard pay as you go, sim card for travel, best sim for holiday, pay as you go sim, sim cards, payg sim card, pre pay sim card, prepaid sim card, travel sim, data sim, sim card with data, pre loaded data sim cards, sim card prepaid, data only sim card roaming, prepaid sim card, prepaid data sim card, pay as you go simcard, pre paid sim cards, roaming data sim card, prepaid sim, travel sim, prepaid sim card, international sim card, data sim card, preloaded sim card, e sim card	0916FFUVQCR	GE_20_30	22.49		16/09/2025 13:31:06 BST		y	4			11				B0FR9C73NK						8721438402748				AMAZON_EU	Migrated Template	Inactive		
Georgia eSIM 3GB 15Days	esim, esim card, prepaid sim card unlimited data, sim cards pay as you go, sim, sim card, simcard pay as you go, sim card for travel, best sim for holiday, pay as you go sim, sim cards, payg sim card, pre pay sim card, prepaid sim card, travel sim, data sim, sim card with data, pre loaded data sim cards, sim card prepaid, data only sim card roaming, prepaid sim card, prepaid data sim card, pay as you go simcard, pre paid sim cards, roaming data sim card, prepaid sim, travel sim, prepaid sim card, international sim card, data sim card, preloaded sim card, e sim card	0916FFTVW0J	GE_3_15	4.99		16/09/2025 13:31:06 BST		y	4			11				B0FR9KMX2N						8721438402724				AMAZON_EU	Migrated Template	Inactive		
Guernsey eSIM 20GB 30 Days | Pay As You Go Data SIM | Easy Setup | Travel SIM for Tourists & Business | 3G/4G Speeds	esim, esim card, prepaid sim card unlimited data, sim cards pay as you go, sim, sim card, simcard pay as you go, sim card for travel, best sim for holiday, pay as you go sim, sim cards, payg sim card, pre pay sim card, prepaid sim card, travel sim, data sim, sim card with data, pre loaded data sim cards, sim card prepaid, data only sim card roaming, prepaid sim card, prepaid data sim card, pay as you go simcard, pre paid sim cards, roaming data sim card, prepaid sim, travel sim, prepaid sim card, international sim card, data sim card, preloaded sim card, e sim card	0916FFTKKK2	GG_20_30	45.49		16/09/2025 13:32:44 BST		y	4			11				B0FR9LYWWY						8721438403257				AMAZON_EU	Migrated Template	Inactive		
Guernsey eSIM 3GB 15 Days | Pay As You Go Data SIM | Easy Setup | Travel SIM for Tourists & Business | 3G/4G Speeds	esim, esim card, prepaid sim card unlimited data, sim cards pay as you go, sim, sim card, simcard pay as you go, sim card for travel, best sim for holiday, pay as you go sim, sim cards, payg sim card, pre pay sim card, prepaid sim card, travel sim, data sim, sim card with data, pre loaded data sim cards, sim card prepaid, data only sim card roaming, prepaid sim card, prepaid data sim card, pay as you go simcard, pre paid sim cards, roaming data sim card, prepaid sim, travel sim, prepaid sim card, international sim card, data sim card, preloaded sim card, e sim card	0916FFRI868	GG_3_15	9.49		16/09/2025 13:32:44 BST		y	4			11				B0FR9SMWDN						8721438403226				AMAZON_EU	Migrated Template	Inactive		
Guernsey eSIM 5GB 30 Days | Pay As You Go Data SIM | Easy Setup | Travel SIM for Tourists & Business | 3G/4G Speeds	esim, esim card, prepaid sim card unlimited data, sim cards pay as you go, sim, sim card, simcard pay as you go, sim card for travel, best sim for holiday, pay as you go sim, sim cards, payg sim card, pre pay sim card, prepaid sim card, travel sim, data sim, sim card with data, pre loaded data sim cards, sim card prepaid, data only sim card roaming, prepaid sim card, prepaid data sim card, pay as you go simcard, pre paid sim cards, roaming data sim card, prepaid sim, travel sim, prepaid sim card, international sim card, data sim card, preloaded sim card, e sim card	0916FF6A3JZ	GG_5_30	15.49		16/09/2025 13:32:44 BST		y	4			11				B0FR9C5PXR						8721438403240				AMAZON_EU	Migrated Template	Inactive		
Ghana eSIM 20GB 30Days	Ghana eSIM 20GB 30Days - high speed internet - mobile data 5G compatible	0625HAHCEW6	GHANA-20GB-30D	34.99		25/06/2026 09:55:59 BST		y	4			11				B0H6M9CG3G						8721438409044				AMAZON_EU	Migrated Template	Inactive		
Ghana eSIM 3GB 15Days	Ghana eSIM 3GB 15Days - high speed internet - mobile data 5G compatible	0625HA8WYR6	GHANA-3GB-15D	10.99		25/06/2026 09:55:08 BST		y	4			11				B0H6M7CH6H						8721438409020				AMAZON_EU	Migrated Template	Inactive		
Ghana eSIM 5GB 30Days	Ghana eSIM 5GB 30Days - high speed internet - mobile data 5G compatible	0625HAEBAX5	GHANA-5GB-30D	11.99		25/06/2026 09:55:33 BST		y	4			11				B0H6MD48NZ						8721438409037				AMAZON_EU	Migrated Template	Inactive		
Gibraltar eSIM 3GB 15Days	Gibraltar eSIM 3GB 15Days - high speed internet - mobile data 5G compatible	0625HBSHTFY	GIBRALTAR-3GB-15D	6.99		25/06/2026 17:18:06 BST		y	4			11				B0FR8XSPMC						8721438402878				AMAZON_EU	Migrated Template	Inactive		
Gibraltar eSIM 3GB 15Days	esim, esim card, prepaid sim card unlimited data, sim cards pay as you go, sim, sim card, simcard pay as you go, sim card for travel, best sim for holiday, pay as you go sim, sim cards, payg sim card, pre pay sim card, prepaid sim card, travel sim, data sim, sim card with data, pre loaded data sim cards, sim card prepaid, data only sim card roaming, prepaid sim card, prepaid data sim card, pay as you go simcard, pre paid sim cards, roaming data sim card, prepaid sim, travel sim, prepaid sim card, international sim card, data sim card, preloaded sim card, e sim card	0916FFTSQYI	GI_3_15	9.49		16/09/2025 13:31:26 BST		y	4			11				B0FR8XSPMC						8721438402878				AMAZON_EU	Migrated Template	Inactive		
Global (130+ areas) eSIM 5GB 30 Days | Prepaid International Travel SIM | Pay As You Go Data SIM | Easy Setup | 3G/4G Speeds	esim, esim card, global esim, esim card global, data sim global, global data sim, sim card global, prepaid sim card unlimited data, sim cards pay as you go, sim, sim card, simcard pay as you go, sim card for travel, best sim for holiday, pay as you go sim, sim cards, payg sim card, pre pay sim card, prepaid sim card, travel sim, data sim, sim card with data, pre loaded data sim cards, sim card prepaid, data only sim card roaming, prepaid sim card, prepaid data sim card, pay as you go simcard, pre paid sim cards, roaming data sim card, prepaid sim, travel sim, prepaid sim card, international sim card, data sim card, preloaded sim card, e sim card	0916FFT58OQ	GL-139_5_30	39.49		16/09/2025 13:31:57 BST		y	4			11				B0FR9VNTLY						8721438403004				AMAZON_EU	Migrated Template	Inactive		
Global (130+ areas) eSIM 5GB 30 Days | Prepaid International Travel SIM | Pay As You Go Data SIM | Easy Setup | 3G/4G Speeds	Global139 eSIM 5GB 30Days - high speed internet - mobile data 5G compatible	0625HBYZ8S2	GLOBAL139-5GB-30D	34.99		25/06/2026 17:18:35 BST		y	4			11				B0FR9VNTLY						8721438403004				AMAZON_EU	Migrated Template	Inactive		
Guadeloupe eSIM 20GB 30 Days | Pay As You Go Data SIM | Easy Setup | Travel SIM for Tourists & Business | 3G/4G Speeds	esim, esim card, prepaid sim card unlimited data, sim cards pay as you go, sim, sim card, simcard pay as you go, sim card for travel, best sim for holiday, pay as you go sim, sim cards, payg sim card, pre pay sim card, prepaid sim card, travel sim, data sim, sim card with data, pre loaded data sim cards, sim card prepaid, data only sim card roaming, prepaid sim card, prepaid data sim card, pay as you go simcard, pre paid sim cards, roaming data sim card, prepaid sim, travel sim, prepaid sim card, international sim card, data sim card, preloaded sim card, e sim card	0916FFT9DU4	GP_20_30	42.49		16/09/2025 13:32:15 BST		y	4			11				B0FR8XTBF6						8721438403127				AMAZON_EU	Migrated Template	Inactive		
Guadeloupe eSIM 3GB 15 Days | Pay As You Go Data SIM | Easy Setup | Travel SIM for Tourists & Business | 3G/4G Speeds	esim, esim card, prepaid sim card unlimited data, sim cards pay as you go, sim, sim card, simcard pay as you go, sim card for travel, best sim for holiday, pay as you go sim, sim cards, payg sim card, pre pay sim card, prepaid sim card, travel sim, data sim, sim card with data, pre loaded data sim cards, sim card prepaid, data only sim card roaming, prepaid sim card, prepaid data sim card, pay as you go simcard, pre paid sim cards, roaming data sim card, prepaid sim, travel sim, prepaid sim card, international sim card, data sim card, preloaded sim card, e sim card	0916FFV5K19	GP_3_15	9.49		16/09/2025 13:32:15 BST		y	4			11				B0FR9TMVWK						8721438403110				AMAZON_EU	Migrated Template	Inactive		
Greenland eSIM 20GB 30Days	Greenland eSIM 20GB 30Days - high speed internet - mobile data 5G compatible	0625HAF7OOB	GREENLAND-20GB-30D	95.99		25/06/2026 09:57:19 BST		y	4			11				B0H6MBT3TW						8721438409075				AMAZON_EU	Migrated Template	Inactive		
Greenland eSIM 3GB 15Days	Greenland eSIM 3GB 15Days - high speed internet - mobile data 5G compatible	0625HA5BK5I	GREENLAND-3GB-15D	23.99		25/06/2026 09:56:28 BST		y	4			11				B0H6MLNBK2						8721438409051				AMAZON_EU	Migrated Template	Inactive		
Greenland eSIM 5GB 30Days	Greenland eSIM 5GB 30Days - high speed internet - mobile data 5G compatible	0625HAC3GJA	GREENLAND-5GB-30D	31.99		25/06/2026 09:56:53 BST		y	4			11				B0H6MFMLK9						8721438409068				AMAZON_EU	Migrated Template	Inactive		
Grenada eSIM 20GB 30Days	Grenada eSIM 20GB 30Days - high speed internet - mobile data 5G compatible	0625HAFDGKN	GRENADA-20GB-30D	87.99		25/06/2026 09:58:39 BST		y	4			11				B0H6MGRF37						8721438409105				AMAZON_EU	Migrated Template	Inactive		
Grenada eSIM 3GB 15Days	Grenada eSIM 3GB 15Days - high speed internet - mobile data 5G compatible	0625HAC33X0	GRENADA-3GB-15D	24.99		25/06/2026 09:57:48 BST		y	4			11				B0H6M8K37V						8721438409082				AMAZON_EU	Migrated Template	Inactive		
Grenada eSIM 5GB 30Days	Grenada eSIM 5GB 30Days - high speed internet - mobile data 5G compatible	0625HA596OG	GRENADA-5GB-30D	32.99		25/06/2026 09:58:13 BST		y	4			11				B0H6MLJR6Z						8721438409099				AMAZON_EU	Migrated Template	Inactive		
Guatemala eSIM 3GB 15 Days | Pay As You Go Data SIM | Easy Setup | Travel SIM for Tourists & Business | 3G/4G Speeds	esim, esim card, prepaid sim card unlimited data, sim cards pay as you go, sim, sim card, simcard pay as you go, sim card for travel, best sim for holiday, pay as you go sim, sim cards, payg sim card, pre pay sim card, prepaid sim card, travel sim, data sim, sim card with data, pre loaded data sim cards, sim card prepaid, data only sim card roaming, prepaid sim card, prepaid data sim card, pay as you go simcard, pre paid sim cards, roaming data sim card, prepaid sim, travel sim, prepaid sim card, international sim card, data sim card, preloaded sim card, e sim card	0916FF69ENK	GT_3_15	18.99		16/09/2025 13:32:35 BST		y	4			11				B0FR9VC6VD						8721438403202				AMAZON_EU	Migrated Template	Inactive		
Guadeloupe eSIM 20GB 30 Days | Pay As You Go Data SIM | Easy Setup | Travel SIM for Tourists & Business | 3G/4G Speeds	Guadeloupe eSIM 20GB 30Days - high speed internet - mobile data 5G compatible	0625HC4JZYS	GUADELOUPE-20GB-30D	13.99		25/06/2026 17:20:49 BST		y	4			11				B0FR8XTBF6						8721438403127				AMAZON_EU	Migrated Template	Inactive		
Guadeloupe eSIM 3GB 15 Days | Pay As You Go Data SIM | Easy Setup | Travel SIM for Tourists & Business | 3G/4G Speeds	Guadeloupe eSIM 3GB 15Days - high speed internet - mobile data 5G compatible	0625HBZ58HW	GUADELOUPE-3GB-15D	6.99		25/06/2026 17:20:23 BST		y	4			11				B0FR9TMVWK						8721438403110				AMAZON_EU	Migrated Template	Inactive		
Guam eSIM 20GB 30Days	Guam eSIM 20GB 30Days - high speed internet - mobile data 5G compatible	0625HBYQ1NT	GUAM-20GB-30D	49.99		25/06/2026 17:22:08 BST		y	4			11				B0FR9C7MGP						8721438403189				AMAZON_EU	Migrated Template	Inactive		
Guam eSIM 3GB 15Days	Guam eSIM 3GB 15Days - high speed internet - mobile data 5G compatible	0625HC1WTBT	GUAM-3GB-15D	14.99		25/06/2026 17:21:17 BST		y	4			11				B0FR9GVSSF						8721438403141				AMAZON_EU	Migrated Template	Inactive		
Guam eSIM 5GB 30Days	Guam eSIM 5GB 30Days - high speed internet - mobile data 5G compatible	0625HBOCQUN	GUAM-5GB-30D	16.99		25/06/2026 17:21:43 BST		y	4			11				B0FR9SVP8Y						8721438403165				AMAZON_EU	Migrated Template	Inactive		
Guatemala eSIM 3GB 15 Days | Pay As You Go Data SIM | Easy Setup | Travel SIM for Tourists & Business | 3G/4G Speeds	Guatemala eSIM 3GB 15Days - high speed internet - mobile data 5G compatible	0625HBSLCWZ	GUATEMALA-3GB-15D	13.99		25/06/2026 17:22:37 BST		y	4			11				B0FR9VC6VD						8721438403202				AMAZON_EU	Migrated Template	Inactive		
Guernsey eSIM 20GB 30 Days | Pay As You Go Data SIM | Easy Setup | Travel SIM for Tourists & Business | 3G/4G Speeds	Guernsey eSIM 20GB 30Days - high speed internet - mobile data 5G compatible	0625HBZI0QD	GUERNSEY-20GB-30D	39.99		25/06/2026 17:23:57 BST		y	4			11				B0FR9LYWWY						8721438403257				AMAZON_EU	Migrated Template	Inactive		
Guernsey eSIM 3GB 15 Days | Pay As You Go Data SIM | Easy Setup | Travel SIM for Tourists & Business | 3G/4G Speeds	Guernsey eSIM 3GB 15Days - high speed internet - mobile data 5G compatible	0625HBOE5IZ	GUERNSEY-3GB-15D	11.99		25/06/2026 17:23:06 BST		y	4			11				B0FR9SMWDN						8721438403226				AMAZON_EU	Migrated Template	Inactive		
Guernsey eSIM 5GB 30 Days | Pay As You Go Data SIM | Easy Setup | Travel SIM for Tourists & Business | 3G/4G Speeds	Guernsey eSIM 5GB 30Days - high speed internet - mobile data 5G compatible	0625HBVTBSJ	GUERNSEY-5GB-30D	16.99		25/06/2026 17:23:32 BST		y	4			11				B0FR9C5PXR						8721438403240				AMAZON_EU	Migrated Template	Inactive		
Guinea eSIM 20GB 30Days	Guinea eSIM 20GB 30Days - high speed internet - mobile data 5G compatible	0625HAI1MMW	GUINEA-20GB-30D	70.99		25/06/2026 09:59:59 BST		y	4			11				B0H6M7VHYP						8721438409136				AMAZON_EU	Migrated Template	Inactive		
Guinea eSIM 3GB 15Days	Guinea eSIM 3GB 15Days - high speed internet - mobile data 5G compatible	0625HAE3HLL	GUINEA-3GB-15D	17.99		25/06/2026 09:59:08 BST		y	4			11				B0H6MGZTF1						8721438409112				AMAZON_EU	Migrated Template	Inactive		
Guinea eSIM 5GB 30Days	Guinea eSIM 5GB 30Days - high speed internet - mobile data 5G compatible	0625HAEST33	GUINEA-5GB-30D	28.99		25/06/2026 09:59:33 BST		y	4			11				B0H6MFTVX6						8721438409129				AMAZON_EU	Migrated Template	Inactive		
Guinea-Bissau eSIM 20GB 30Days	Guinea-Bissau eSIM 20GB 30Days - high speed internet - mobile data 5G compatible	0625HA5AD0B	GUINEA-BISSAU-20GB-30D	69.99		25/06/2026 10:01:18 BST		y	4			11				B0H6MF1JJS						8721438409167				AMAZON_EU	Migrated Template	Inactive		
Guinea-Bissau eSIM 3GB 15Days	Guinea-Bissau eSIM 3GB 15Days - high speed internet - mobile data 5G compatible	0625HALGGW3	GUINEA-BISSAU-3GB-15D	16.99		25/06/2026 10:00:27 BST		y	4			11				B0H6MG6X8D						8721438409143				AMAZON_EU	Migrated Template	Inactive		
Guinea-Bissau eSIM 5GB 30Days	Guinea-Bissau eSIM 5GB 30Days - high speed internet - mobile data 5G compatible	0625HA91VP3	GUINEA-BISSAU-5GB-30D	28.99		25/06/2026 10:00:53 BST		y	4			11				B0H6MCJ4Y9						8721438409150				AMAZON_EU	Migrated Template	Inactive		
Guyana eSIM 20GB 30Days	Guyana eSIM 20GB 30Days - high speed internet - mobile data 5G compatible	0625HAHDLTA	GUYANA-20GB-30D	76.99		25/06/2026 10:02:39 BST		y	4			11				B0H6MD1PB7						8721438409198				AMAZON_EU	Migrated Template	Inactive		
Guyana eSIM 3GB 15Days	Guyana eSIM 3GB 15Days - high speed internet - mobile data 5G compatible	0625HAC6HNI	GUYANA-3GB-15D	17.99		25/06/2026 10:01:48 BST		y	4			11				B0H6MCG586						8721438409174				AMAZON_EU	Migrated Template	Inactive		
Guyana eSIM 5GB 30Days	Guyana eSIM 5GB 30Days - high speed internet - mobile data 5G compatible	0625HA14OKV	GUYANA-5GB-30D	27.99		25/06/2026 10:02:13 BST		y	4			11				B0H6MB3FHF						8721438409181				AMAZON_EU	Migrated Template	Inactive		
Guam eSIM 20GB 30Days	esim, esim card, prepaid sim card unlimited data, sim cards pay as you go, sim, sim card, simcard pay as you go, sim card for travel, best sim for holiday, pay as you go sim, sim cards, payg sim card, pre pay sim card, prepaid sim card, travel sim, data sim, sim card with data, pre loaded data sim cards, sim card prepaid, data only sim card roaming, prepaid sim card, prepaid data sim card, pay as you go simcard, pre paid sim cards, roaming data sim card, prepaid sim, travel sim, prepaid sim card, international sim card, data sim card, preloaded sim card, e sim card	0916FFN7GWG	GU_20_30	53.49		16/09/2025 13:32:25 BST		y	4			11				B0FR9C7MGP						8721438403189				AMAZON_EU	Migrated Template	Inactive		
Guam eSIM 3GB 15Days	esim, esim card, prepaid sim card unlimited data, sim cards pay as you go, sim, sim card, simcard pay as you go, sim card for travel, best sim for holiday, pay as you go sim, sim cards, payg sim card, pre pay sim card, prepaid sim card, travel sim, data sim, sim card with data, pre loaded data sim cards, sim card prepaid, data only sim card roaming, prepaid sim card, prepaid data sim card, pay as you go simcard, pre paid sim cards, roaming data sim card, prepaid sim, travel sim, prepaid sim card, international sim card, data sim card, preloaded sim card, e sim card	0916FFN5T8G	GU_3_15	11.99		16/09/2025 13:32:25 BST		y	4			11				B0FR9GVSSF						8721438403141				AMAZON_EU	Migrated Template	Inactive		
Guam eSIM 5GB 30Days	esim, esim card, prepaid sim card unlimited data, sim cards pay as you go, sim, sim card, simcard pay as you go, sim card for travel, best sim for holiday, pay as you go sim, sim cards, payg sim card, pre pay sim card, prepaid sim card, travel sim, data sim, sim card with data, pre loaded data sim cards, sim card prepaid, data only sim card roaming, prepaid sim card, prepaid data sim card, pay as you go simcard, pre paid sim cards, roaming data sim card, prepaid sim, travel sim, prepaid sim card, international sim card, data sim card, preloaded sim card, e sim card	0916FFUHLI9	GU_5_30	18.49		16/09/2025 13:32:25 BST		y	4			11				B0FR9SVP8Y						8721438403165				AMAZON_EU	Migrated Template	Inactive		
Haiti eSIM 20GB 30Days	Haiti eSIM 20GB 30Days - high speed internet - mobile data 5G compatible	0625HAESNN3	HAITI-20GB-30D	126.99		25/06/2026 10:03:59 BST		y	4			11				B0H6MBNF3Y						8721438409228				AMAZON_EU	Migrated Template	Inactive		
Haiti eSIM 3GB 15Days	Haiti eSIM 3GB 15Days - high speed internet - mobile data 5G compatible	0625HAHDLW2	HAITI-3GB-15D	24.99		25/06/2026 10:03:08 BST		y	4			11				B0H6M9YTL4						8721438409204				AMAZON_EU	Migrated Template	Inactive		
Haiti eSIM 5GB 30Days	Haiti eSIM 5GB 30Days - high speed internet - mobile data 5G compatible	0625HA5C06G	HAITI-5GB-30D	41.99		25/06/2026 10:03:33 BST		y	4			11				B0H6MDHPCV						8721438409211				AMAZON_EU	Migrated Template	Inactive		
Honduras eSIM 3GB 15 Days | Pay As You Go Data SIM | Easy Setup | Travel SIM for Tourists & Business | 3G/4G Speeds	esim, esim card, prepaid sim card unlimited data, sim cards pay as you go, sim, sim card, simcard pay as you go, sim card for travel, best sim for holiday, pay as you go sim, sim cards, payg sim card, pre pay sim card, prepaid sim card, travel sim, data sim, sim card with data, pre loaded data sim cards, sim card prepaid, data only sim card roaming, prepaid sim card, prepaid data sim card, pay as you go simcard, pre paid sim cards, roaming data sim card, prepaid sim, travel sim, prepaid sim card, international sim card, data sim card, preloaded sim card, e sim card	0916FG2FCPI	HN_3_15	14.99		16/09/2025 13:51:39 BST		y	4			11				B0FR9ZYV5G						8721438403356				AMAZON_EU	Migrated Template	Inactive		
Honduras eSIM 3GB 15 Days | Pay As You Go Data SIM | Easy Setup | Travel SIM for Tourists & Business | 3G/4G Speeds	Honduras eSIM 3GB 15Days - high speed internet - mobile data 5G compatible	0625HBW60HE	HONDURAS-3GB-15D	11.99		25/06/2026 17:24:26 BST		y	4			11				B0FR9ZYV5G						8721438403356				AMAZON_EU	Migrated Template	Inactive		
Hong Kong eSIM 5GB 30Days	Hong Kong eSIM 5GB 30Days - high speed internet - mobile data 5G compatible	0625HBVKQI5	HONG-KONG-5GB-30D	7.99		25/06/2026 17:25:20 BST		y	4			11				B0FR9GXYYL						8721438403394				AMAZON_EU	Migrated Template	Inactive		
Croatia eSIM 20GB 30Days	esim, esim card, prepaid sim card unlimited data, sim cards pay as you go, sim, sim card, simcard pay as you go, sim card for travel, best sim for holiday, pay as you go sim, sim cards, payg sim card, pre pay sim card, prepaid sim card, travel sim, data sim, sim card with data, pre loaded data sim cards, sim card prepaid, data only sim card roaming, prepaid sim card, prepaid data sim card, pay as you go simcard, pre paid sim cards, roaming data sim card, prepaid sim, travel sim, prepaid sim card, international sim card, data sim card, preloaded sim card, e sim card	0916FEX17AZ	HR_20_30	12.99		16/09/2025 12:34:15 BST		y	4			11				B0FR9TYCSL						8721438401857				AMAZON_EU	Migrated Template	Inactive		
Croatia eSIM 3GB 15Days	esim, esim card, prepaid sim card unlimited data, sim cards pay as you go, sim, sim card, simcard pay as you go, sim card for travel, best sim for holiday, pay as you go sim, sim cards, payg sim card, pre pay sim card, prepaid sim card, travel sim, data sim, sim card with data, pre loaded data sim cards, sim card prepaid, data only sim card roaming, prepaid sim card, prepaid data sim card, pay as you go simcard, pre paid sim cards, roaming data sim card, prepaid sim, travel sim, prepaid sim card, international sim card, data sim card, preloaded sim card, e sim card	0916FF5H30N	HR_3_15	2.99		16/09/2025 12:34:15 BST		y	4			11				B0FR9GDKT1						8721438401819				AMAZON_EU	Migrated Template	Inactive		
Croatia eSIM 5GB 30Days	esim, esim card, prepaid sim card unlimited data, sim cards pay as you go, sim, sim card, simcard pay as you go, sim card for travel, best sim for holiday, pay as you go sim, sim cards, payg sim card, pre pay sim card, prepaid sim card, travel sim, data sim, sim card with data, pre loaded data sim cards, sim card prepaid, data only sim card roaming, prepaid sim card, prepaid data sim card, pay as you go simcard, pre paid sim cards, roaming data sim card, prepaid sim, travel sim, prepaid sim card, international sim card, data sim card, preloaded sim card, e sim card	0916FEX13C1	HR_5_30	4.49		16/09/2025 12:34:15 BST		y	4			11				B0FR9BVV58						8721438401833				AMAZON_EU	Migrated Template	Inactive		
Hungary eSIM 20GB 30Days	Hungary eSIM 20GB 30Days - high speed internet - mobile data 5G compatible	0625HBVSBZG	HUNGARY-20GB-30D	12.99		25/06/2026 17:27:06 BST		y	4			11				B0FR9ZVYYQ						8721438403523				AMAZON_EU	Migrated Template	Inactive		
Hungary eSIM 3GB 15Days	Hungary eSIM 3GB 15Days - high speed internet - mobile data 5G compatible	0625HBYWWPW	HUNGARY-3GB-15D	6.99		25/06/2026 17:26:14 BST		y	4			11				B0FR9C9JVW						8721438403486				AMAZON_EU	Migrated Template	Inactive		
Hungary eSIM 5GB 30Days	Hungary eSIM 5GB 30Days - high speed internet - mobile data 5G compatible	0625HBOG942	HUNGARY-5GB-30D	7.99		25/06/2026 17:26:40 BST		y	4			11				B0FR9GY3R5						8721438403509				AMAZON_EU	Migrated Template	Inactive		
Hungary eSIM 20GB 30Days	esim, esim card, prepaid sim card unlimited data, sim cards pay as you go, sim, sim card, simcard pay as you go, sim card for travel, best sim for holiday, pay as you go sim, sim cards, payg sim card, pre pay sim card, prepaid sim card, travel sim, data sim, sim card with data, pre loaded data sim cards, sim card prepaid, data only sim card roaming, prepaid sim card, prepaid data sim card, pay as you go simcard, pre paid sim cards, roaming data sim card, prepaid sim, travel sim, prepaid sim card, international sim card, data sim card, preloaded sim card, e sim card	0916FF6E43B	HU_20_30	14.49		16/09/2025 13:51:50 BST		y	4			11				B0FR9ZVYYQ						8721438403523				AMAZON_EU	Migrated Template	Inactive		
Hungary eSIM 3GB 15Days	esim, esim card, prepaid sim card unlimited data, sim cards pay as you go, sim, sim card, simcard pay as you go, sim card for travel, best sim for holiday, pay as you go sim, sim cards, payg sim card, pre pay sim card, prepaid sim card, travel sim, data sim, sim card with data, pre loaded data sim cards, sim card prepaid, data only sim card roaming, prepaid sim card, prepaid data sim card, pay as you go simcard, pre paid sim cards, roaming data sim card, prepaid sim, travel sim, prepaid sim card, international sim card, data sim card, preloaded sim card, e sim card	0916FFVL13V	HU_3_15	2.99		16/09/2025 13:51:50 BST		y	4			11				B0FR9C9JVW						8721438403486				AMAZON_EU	Migrated Template	Inactive		
Hungary eSIM 5GB 30Days	esim, esim card, prepaid sim card unlimited data, sim cards pay as you go, sim, sim card, simcard pay as you go, sim card for travel, best sim for holiday, pay as you go sim, sim cards, payg sim card, pre pay sim card, prepaid sim card, travel sim, data sim, sim card with data, pre loaded data sim cards, sim card prepaid, data only sim card roaming, prepaid sim card, prepaid data sim card, pay as you go simcard, pre paid sim cards, roaming data sim card, prepaid sim, travel sim, prepaid sim card, international sim card, data sim card, preloaded sim card, e sim card	0916FF6G7W5	HU_5_30	4.49		16/09/2025 13:51:50 BST		y	4			11				B0FR9GY3R5						8721438403509				AMAZON_EU	Migrated Template	Inactive		
Iceland eSIM 20GB 30Days	Iceland eSIM 20GB 30Days - high speed internet - mobile data 5G compatible	0625HBYT59H	ICELAND-20GB-30D	13.99		25/06/2026 17:28:25 BST		y	4			11				B0FR9GX6LF						8721438403592				AMAZON_EU	Migrated Template	Inactive		
Iceland eSIM 3GB 15Days	Iceland eSIM 3GB 15Days - high speed internet - mobile data 5G compatible	0625HBOBCRA	ICELAND-3GB-15D	6.99		25/06/2026 17:27:34 BST		y	4			11				B0FR9TBBK1						8721438403554				AMAZON_EU	Migrated Template	Inactive		
Iceland eSIM 5GB 30Days	Iceland eSIM 5GB 30Days - high speed internet - mobile data 5G compatible	0625HBW1JKI	ICELAND-5GB-30D	7.99		25/06/2026 17:28:00 BST		y	4			11				B0FR9ZWQBD						8721438403578				AMAZON_EU	Migrated Template	Inactive		
Israel eSIM 20GB 30 Days | Pay As You Go Data SIM | Easy Setup | Travel SIM for Tourists & Business | 3G/4G/5G Speeds	esim, esim card, prepaid sim card unlimited data, sim cards pay as you go, sim, sim card, simcard pay as you go, sim card for travel, best sim for holiday, pay as you go sim, sim cards, payg sim card, pre pay sim card, prepaid sim card, travel sim, data sim, sim card with data, pre loaded data sim cards, sim card prepaid, data only sim card roaming, prepaid sim card, prepaid data sim card, pay as you go simcard, pre paid sim cards, roaming data sim card, prepaid sim, travel sim, prepaid sim card, international sim card, data sim card, preloaded sim card, e sim card	0916FFXW4WW	IL_20_30	22.49		16/09/2025 13:53:05 BST		y	4			11				B0FR9K8SQ1						8721438404032				AMAZON_EU	Migrated Template	Inactive		
Israel eSIM 3GB 15 Days | Pay As You Go Data SIM | Easy Setup | Travel SIM for Tourists & Business | 3G/4G/5G Speeds	esim, esim card, prepaid sim card unlimited data, sim cards pay as you go, sim, sim card, simcard pay as you go, sim card for travel, best sim for holiday, pay as you go sim, sim cards, payg sim card, pre pay sim card, prepaid sim card, travel sim, data sim, sim card with data, pre loaded data sim cards, sim card prepaid, data only sim card roaming, prepaid sim card, prepaid data sim card, pay as you go simcard, pre paid sim cards, roaming data sim card, prepaid sim, travel sim, prepaid sim card, international sim card, data sim card, preloaded sim card, e sim card	0916FFUC9YN	IL_3_15	4.99		16/09/2025 13:53:05 BST		y	4			11				B0FR9M11H1						8721438403998				AMAZON_EU	Migrated Template	Inactive		
Israel eSIM 5GB 30 Days | Pay As You Go Data SIM | Easy Setup | Travel SIM for Tourists & Business | 3G/4G/5G Speeds	esim, esim card, prepaid sim card unlimited data, sim cards pay as you go, sim, sim card, simcard pay as you go, sim card for travel, best sim for holiday, pay as you go sim, sim cards, payg sim card, pre pay sim card, prepaid sim card, travel sim, data sim, sim card with data, pre loaded data sim cards, sim card prepaid, data only sim card roaming, prepaid sim card, prepaid data sim card, pay as you go simcard, pre paid sim cards, roaming data sim card, prepaid sim, travel sim, prepaid sim card, international sim card, data sim card, preloaded sim card, e sim card	0916FF6HS5S	IL_5_30	7.49		16/09/2025 13:53:05 BST		y	4			11				B0FR8XVZZM						8721438404018				AMAZON_EU	Migrated Template	Inactive		
Isle of Man eSIM 20GB 30 Days | Pay As You Go Data SIM | Easy Setup | Travel SIM for Tourists & Business | 3G/4G/5G Speeds | Prepaid eSIM for Isle of Man	esim, esim card, prepaid sim card unlimited data, sim cards pay as you go, sim, sim card, simcard pay as you go, sim card for travel, best sim for holiday, pay as you go sim, sim cards, payg sim card, pre pay sim card, prepaid sim card, travel sim, data sim, sim card with data, pre loaded data sim cards, sim card prepaid, data only sim card roaming, prepaid sim card, prepaid data sim card, pay as you go simcard, pre paid sim cards, roaming data sim card, prepaid sim, travel sim, prepaid sim card, international sim card, data sim card, preloaded sim card, e sim card	0916FFXM9XE	IM_20_30	17.49		16/09/2025 13:52:55 BST		y	4			11				B0FR9CB5LK						8721438403974				AMAZON_EU	Migrated Template	Inactive		
Isle of Man eSIM 3GB 15 Days | Pay As You Go Data SIM | Easy Setup | Travel SIM for Tourists & Business | 3G/4G/5G Speeds | Prepaid eSIM for Isle of Man	esim, esim card, prepaid sim card unlimited data, sim cards pay as you go, sim, sim card, simcard pay as you go, sim card for travel, best sim for holiday, pay as you go sim, sim cards, payg sim card, pre pay sim card, prepaid sim card, travel sim, data sim, sim card with data, pre loaded data sim cards, sim card prepaid, data only sim card roaming, prepaid sim card, prepaid data sim card, pay as you go simcard, pre paid sim cards, roaming data sim card, prepaid sim, travel sim, prepaid sim card, international sim card, data sim card, preloaded sim card, e sim card	0916FFSVHRA	IM_3_15	3.49		16/09/2025 13:52:55 BST		y	4			11				B0FR9LZ7RL						8721438403943				AMAZON_EU	Migrated Template	Inactive		
Isle of Man eSIM 5GB 30 Days | Pay As You Go Data SIM | Easy Setup | Travel SIM for Tourists & Business | 3G/4G Speeds | Prepaid eSIM for Isle of Man	esim, esim card, prepaid sim card unlimited data, sim cards pay as you go, sim, sim card, simcard pay as you go, sim card for travel, best sim for holiday, pay as you go sim, sim cards, payg sim card, pre pay sim card, prepaid sim card, travel sim, data sim, sim card with data, pre loaded data sim cards, sim card prepaid, data only sim card roaming, prepaid sim card, prepaid data sim card, pay as you go simcard, pre paid sim cards, roaming data sim card, prepaid sim, travel sim, prepaid sim card, international sim card, data sim card, preloaded sim card, e sim card	0916FG2K331	IM_5_30	5.99		16/09/2025 13:52:55 BST		y	4			11				B0FR9M27XY						8721438403967				AMAZON_EU	Migrated Template	Inactive		
Iraq eSIM 20GB 30Days	Iraq eSIM 20GB 30Days - high speed internet - mobile data 5G compatible	0625HAKCKYU	IRAQ-20GB-30D	27.99		25/06/2026 10:05:19 BST		y	4			11				B0H6M956TN						8721438409259				AMAZON_EU	Migrated Template	Inactive		
Iraq eSIM 3GB 15Days	Iraq eSIM 3GB 15Days - high speed internet - mobile data 5G compatible	0625HACA6M5	IRAQ-3GB-15D	8.99		25/06/2026 10:04:28 BST		y	4			11				B0H6MGX6P7						8721438409235				AMAZON_EU	Migrated Template	Inactive		
Iraq eSIM 5GB 30Days	Iraq eSIM 5GB 30Days - high speed internet - mobile data 5G compatible	0625HA94KGM	IRAQ-5GB-30D	13.99		25/06/2026 10:04:53 BST		y	4			11				B0H6MFRHZN						8721438409242				AMAZON_EU	Migrated Template	Inactive		
Isle of Man eSIM 20GB 30 Days | Pay As You Go Data SIM | Easy Setup | Travel SIM for Tourists & Business | 3G/4G/5G Speeds | Prepaid eSIM for Isle of Man	Isle of Man eSIM 20GB 30Days - high speed internet - mobile data 5G compatible	0625HBVF5LA	ISLE-OF-MAN-20GB-30D	19.99		25/06/2026 17:33:45 BST		y	4			11				B0FR9CB5LK						8721438403974				AMAZON_EU	Migrated Template	Inactive		
Isle of Man eSIM 3GB 15 Days | Pay As You Go Data SIM | Easy Setup | Travel SIM for Tourists & Business | 3G/4G/5G Speeds | Prepaid eSIM for Isle of Man	Isle of Man eSIM 3GB 15Days - high speed internet - mobile data 5G compatible	0625HC1XY7T	ISLE-OF-MAN-3GB-15D	7.99		25/06/2026 17:32:54 BST		y	4			11				B0FR9LZ7RL						8721438403943				AMAZON_EU	Migrated Template	Inactive		
Isle of Man eSIM 5GB 30 Days | Pay As You Go Data SIM | Easy Setup | Travel SIM for Tourists & Business | 3G/4G Speeds | Prepaid eSIM for Isle of Man	Isle of Man eSIM 5GB 30Days - high speed internet - mobile data 5G compatible	0625HBYVAF9	ISLE-OF-MAN-5GB-30D	9.99		25/06/2026 17:33:19 BST		y	4			11				B0FR9M27XY						8721438403967				AMAZON_EU	Migrated Template	Inactive		
Israel eSIM 20GB 30 Days | Pay As You Go Data SIM | Easy Setup | Travel SIM for Tourists & Business | 3G/4G/5G Speeds	Israel eSIM 20GB 30Days - high speed internet - mobile data 5G compatible	0625HBZ2XV1	ISRAEL-20GB-30D	24.99		25/06/2026 17:35:06 BST		y	4			11				B0FR9K8SQ1						8721438404032				AMAZON_EU	Migrated Template	Inactive		
Israel eSIM 3GB 15 Days | Pay As You Go Data SIM | Easy Setup | Travel SIM for Tourists & Business | 3G/4G/5G Speeds	Israel eSIM 3GB 15Days - high speed internet - mobile data 5G compatible	0625HC29RRQ	ISRAEL-3GB-15D	7.99		25/06/2026 17:34:14 BST		y	4			11				B0FR9M11H1						8721438403998				AMAZON_EU	Migrated Template	Inactive		
Israel eSIM 5GB 30 Days | Pay As You Go Data SIM | Easy Setup | Travel SIM for Tourists & Business | 3G/4G/5G Speeds	Israel eSIM 5GB 30Days - high speed internet - mobile data 5G compatible	0625HBW5RVO	ISRAEL-5GB-30D	9.99		25/06/2026 17:34:39 BST		y	4			11				B0FR8XVZZM						8721438404018				AMAZON_EU	Migrated Template	Inactive		
Iceland eSIM 20GB 30Days	esim, esim card, prepaid sim card unlimited data, sim cards pay as you go, sim, sim card, simcard pay as you go, sim card for travel, best sim for holiday, pay as you go sim, sim cards, payg sim card, pre pay sim card, prepaid sim card, travel sim, data sim, sim card with data, pre loaded data sim cards, sim card prepaid, data only sim card roaming, prepaid sim card, prepaid data sim card, pay as you go simcard, pre paid sim cards, roaming data sim card, prepaid sim, travel sim, prepaid sim card, international sim card, data sim card, preloaded sim card, e sim card	0916FFYP8LM	IS_20_30	22.49		16/09/2025 13:52:09 BST		y	4			11				B0FR9GX6LF						8721438403592				AMAZON_EU	Migrated Template	Inactive		
Iceland eSIM 3GB 15Days	esim, esim card, prepaid sim card unlimited data, sim cards pay as you go, sim, sim card, simcard pay as you go, sim card for travel, best sim for holiday, pay as you go sim, sim cards, payg sim card, pre pay sim card, prepaid sim card, travel sim, data sim, sim card with data, pre loaded data sim cards, sim card prepaid, data only sim card roaming, prepaid sim card, prepaid data sim card, pay as you go simcard, pre paid sim cards, roaming data sim card, prepaid sim, travel sim, prepaid sim card, international sim card, data sim card, preloaded sim card, e sim card	0916FFY7WDA	IS_3_15	4.49		16/09/2025 13:52:09 BST		y	4			11				B0FR9TBBK1						8721438403554				AMAZON_EU	Migrated Template	Inactive		
Iceland eSIM 5GB 30Days	esim, esim card, prepaid sim card unlimited data, sim cards pay as you go, sim, sim card, simcard pay as you go, sim card for travel, best sim for holiday, pay as you go sim, sim cards, payg sim card, pre pay sim card, prepaid sim card, travel sim, data sim, sim card with data, pre loaded data sim cards, sim card prepaid, data only sim card roaming, prepaid sim card, prepaid data sim card, pay as you go simcard, pre paid sim cards, roaming data sim card, prepaid sim, travel sim, prepaid sim card, international sim card, data sim card, preloaded sim card, e sim card	0916FFY0X24	IS_5_30	7.49		16/09/2025 13:52:09 BST		y	4			11				B0FR9ZWQBD						8721438403578				AMAZON_EU	Migrated Template	Inactive		
Jamaica eSIM 20GB 30Days	Jamaica eSIM 20GB 30Days - high speed internet - mobile data 5G compatible	0625HA1APTU	JAMAICA-20GB-30D	74.99		25/06/2026 10:06:38 BST		y	4			11				B0H6MF52ZZ						8721438409280				AMAZON_EU	Migrated Template	Inactive		
Jamaica eSIM 3GB 15Days	Jamaica eSIM 3GB 15Days - high speed internet - mobile data 5G compatible	0625HAFG4VO	JAMAICA-3GB-15D	20.99		25/06/2026 10:05:47 BST		y	4			11				B0H6MF3PNQ						8721438409266				AMAZON_EU	Migrated Template	Inactive		
Jamaica eSIM 5GB 30Days	Jamaica eSIM 5GB 30Days - high speed internet - mobile data 5G compatible	0625HAEMOBO	JAMAICA-5GB-30D	25.99		25/06/2026 10:06:13 BST		y	4			11				B0H6MJQCMF						8721438409273				AMAZON_EU	Migrated Template	Inactive		
Japan eSIM 20GB 30Days	Japan eSIM 20GB 30Days - high speed internet - mobile data 5G compatible	0625HC2KYNA	JAPAN-20GB-30D	12.99		25/06/2026 17:37:45 BST		y	4			11				B0FR9RZKRB						8721438404254				AMAZON_EU	Migrated Template	Inactive		
Japan eSIM 5GB 30Days	Japan eSIM 5GB 30Days - high speed internet - mobile data 5G compatible	0625HBSRQU8	JAPAN-5GB-30D	7.99		25/06/2026 17:37:20 BST		y	4			11				B0FR9TLXXH						8721438404230				AMAZON_EU	Migrated Template	Inactive		
Jersey eSIM 20GB 30Days	Jersey eSIM 20GB 30Days - high speed internet - mobile data 5G compatible	0625HBW8W6F	JERSEY-20GB-30D	12.99		25/06/2026 17:39:06 BST		y	4			11				B0FR9CBQDH						8721438404377				AMAZON_EU	Migrated Template	Inactive		
Jersey eSIM 3GB 15Days	Jersey eSIM 3GB 15Days - high speed internet - mobile data 5G compatible	0625HBR4NA4	JERSEY-3GB-15D	6.99		25/06/2026 17:38:14 BST		y	4			11				B0FR9GYMR5						8721438404346				AMAZON_EU	Migrated Template	Inactive		
Jersey eSIM 5GB 30Days	Jersey eSIM 5GB 30Days - high speed internet - mobile data 5G compatible	0625HBSSNKM	JERSEY-5GB-30D	7.99		25/06/2026 17:38:40 BST		y	4			11				B0FR9M27GP						8721438404360				AMAZON_EU	Migrated Template	Inactive		
Jersey eSIM 20GB 30Days	esim, esim card, prepaid sim card unlimited data, sim cards pay as you go, sim, sim card, simcard pay as you go, sim card for travel, best sim for holiday, pay as you go sim, sim cards, payg sim card, pre pay sim card, prepaid sim card, travel sim, data sim, sim card with data, pre loaded data sim cards, sim card prepaid, data only sim card roaming, prepaid sim card, prepaid data sim card, pay as you go simcard, pre paid sim cards, roaming data sim card, prepaid sim, travel sim, prepaid sim card, international sim card, data sim card, preloaded sim card, e sim card	0916FFXR6DB	JE_20_30	10.99		16/09/2025 13:56:39 BST		y	4			11				B0FR9CBQDH						8721438404377				AMAZON_EU	Migrated Template	Inactive		
Jersey eSIM 3GB 15Days	esim, esim card, prepaid sim card unlimited data, sim cards pay as you go, sim, sim card, simcard pay as you go, sim card for travel, best sim for holiday, pay as you go sim, sim cards, payg sim card, pre pay sim card, prepaid sim card, travel sim, data sim, sim card with data, pre loaded data sim cards, sim card prepaid, data only sim card roaming, prepaid sim card, prepaid data sim card, pay as you go simcard, pre paid sim cards, roaming data sim card, prepaid sim, travel sim, prepaid sim card, international sim card, data sim card, preloaded sim card, e sim card	0916FFYHGYF	JE_3_15	2.49		16/09/2025 13:56:39 BST		y	4			11				B0FR9GYMR5						8721438404346				AMAZON_EU	Migrated Template	Inactive		
Jersey eSIM 5GB 30Days	esim, esim card, prepaid sim card unlimited data, sim cards pay as you go, sim, sim card, simcard pay as you go, sim card for travel, best sim for holiday, pay as you go sim, sim cards, payg sim card, pre pay sim card, prepaid sim card, travel sim, data sim, sim card with data, pre loaded data sim cards, sim card prepaid, data only sim card roaming, prepaid sim card, prepaid data sim card, pay as you go simcard, pre paid sim cards, roaming data sim card, prepaid sim, travel sim, prepaid sim card, international sim card, data sim card, preloaded sim card, e sim card	0916FFXYHE6	JE_5_30	3.49		16/09/2025 13:56:39 BST		y	4			11				B0FR9M27GP						8721438404360				AMAZON_EU	Migrated Template	Inactive		
Jordan eSIM 20GB 30Days	Jordan eSIM 20GB 30Days - high speed internet - mobile data 5G compatible	0625HBV8J2H	JORDAN-20GB-30D	36.99		25/06/2026 17:40:26 BST		y	4			11				B0FR9ST188						8721438404438				AMAZON_EU	Migrated Template	Inactive		
Jordan eSIM 3GB 15Days	Jordan eSIM 3GB 15Days - high speed internet - mobile data 5G compatible	0625HBYE7SB	JORDAN-3GB-15D	10.99		25/06/2026 17:39:35 BST		y	4			11				B0FR9M144Z						8721438404391				AMAZON_EU	Migrated Template	Inactive		
Jordan eSIM 5GB 30Days	Jordan eSIM 5GB 30Days - high speed internet - mobile data 5G compatible	0625HC1C3Z4	JORDAN-5GB-30D	11.99		25/06/2026 17:40:00 BST		y	4			11				B0FR9ZTZNK						8721438404414				AMAZON_EU	Migrated Template	Inactive		
Jordan eSIM 20GB 30Days	esim, esim card, prepaid sim card unlimited data, sim cards pay as you go, sim, sim card, simcard pay as you go, sim card for travel, best sim for holiday, pay as you go sim, sim cards, payg sim card, pre pay sim card, prepaid sim card, travel sim, data sim, sim card with data, pre loaded data sim cards, sim card prepaid, data only sim card roaming, prepaid sim card, prepaid data sim card, pay as you go simcard, pre paid sim cards, roaming data sim card, prepaid sim, travel sim, prepaid sim card, international sim card, data sim card, preloaded sim card, e sim card	0916FFY083K	JO_20_30	26.49		16/09/2025 13:56:51 BST		y	4			11				B0FR9ST188						8721438404438				AMAZON_EU	Migrated Template	Inactive		
Jordan eSIM 3GB 15Days	esim, esim card, prepaid sim card unlimited data, sim cards pay as you go, sim, sim card, simcard pay as you go, sim card for travel, best sim for holiday, pay as you go sim, sim cards, payg sim card, pre pay sim card, prepaid sim card, travel sim, data sim, sim card with data, pre loaded data sim cards, sim card prepaid, data only sim card roaming, prepaid sim card, prepaid data sim card, pay as you go simcard, pre paid sim cards, roaming data sim card, prepaid sim, travel sim, prepaid sim card, international sim card, data sim card, preloaded sim card, e sim card	0916FG2EX4W	JO_3_15	6.49		16/09/2025 13:56:51 BST		y	4			11				B0FR9M144Z						8721438404391				AMAZON_EU	Migrated Template	Inactive		
Jordan eSIM 5GB 30Days	esim, esim card, prepaid sim card unlimited data, sim cards pay as you go, sim, sim card, simcard pay as you go, sim card for travel, best sim for holiday, pay as you go sim, sim cards, payg sim card, pre pay sim card, prepaid sim card, travel sim, data sim, sim card with data, pre loaded data sim cards, sim card prepaid, data only sim card roaming, prepaid sim card, prepaid data sim card, pay as you go simcard, pre paid sim cards, roaming data sim card, prepaid sim, travel sim, prepaid sim card, international sim card, data sim card, preloaded sim card, e sim card	0916FG2O5VY	JO_5_30	9.49		16/09/2025 13:56:51 BST		y	4			11				B0FR9ZTZNK						8721438404414				AMAZON_EU	Migrated Template	Inactive		
Japan eSIM 20GB 30Days	esim, esim card, esim japan, esim card japan, data sim japan, japan esim, japan data sim, japan esim card, japan sim card, prepaid sim card unlimited data, sim cards pay as you go, sim, sim card, simcard pay as you go, sim card for travel, best sim for holiday, pay as you go sim, sim cards, payg sim card, pre pay sim card, prepaid sim card, travel sim, data sim, sim card with data, pre loaded data sim cards, sim card prepaid, data only sim card roaming, prepaid sim card, prepaid data sim card, pay as you go simcard, pre paid sim cards, roaming data sim card, prepaid sim, travel sim, prepaid sim card, international sim card, data sim card, preloaded sim card, e sim card	0916FG2HWTW	JP_20_30	13.99		16/09/2025 13:56:30 BST		y	4			11				B0FR9RZKRB						8721438404254				AMAZON_EU	Migrated Template	Inactive		
Japan eSIM 5GB 30Days	esim, esim card, esim japan, esim card japan, data sim japan, japan esim, japan data sim, japan esim card, japan sim card, prepaid sim card unlimited data, sim cards pay as you go, sim, sim card, simcard pay as you go, sim card for travel, best sim for holiday, pay as you go sim, sim cards, payg sim card, pre pay sim card, prepaid sim card, travel sim, data sim, sim card with data, pre loaded data sim cards, sim card prepaid, data only sim card roaming, prepaid sim card, prepaid data sim card, pay as you go simcard, pre paid sim cards, roaming data sim card, prepaid sim, travel sim, prepaid sim card, international sim card, data sim card, preloaded sim card, e sim card	0916FFNGZF5	JP_5_30	3.49		16/09/2025 13:56:30 BST		y	4			11				B0FR9TLXXH						8721438404230				AMAZON_EU	Migrated Template	Inactive		
Hajj Package Budget - 5GB - 30Days eSIM + Hajj Budget Travel Guide + extra Saudi Arabian travel guides	 "Hajj Package Budget – 5GB – 30 Days eSIM + Premium Travel Guide Bundle	0522HII60Z9	KA-73H6-28KP	19.95		22/05/2026 13:30:55 BST		y	4			11				B0H2MMQ2PD						8721438408405				AMAZON_EU	Migrated Template	Inactive		
Kazakhstan eSIM 20GB 30Days	Kazakhstan eSIM 20GB 30Days - high speed internet - mobile data 5G compatible	0625HBSDVU3	KAZAKHSTAN-20GB-30D	16.99		25/06/2026 17:41:45 BST		y	4			11				B0FR9TLNNW						8721438404483				AMAZON_EU	Migrated Template	Inactive		
Kazakhstan eSIM 3GB 15Days	Kazakhstan eSIM 3GB 15Days - high speed internet - mobile data 5G compatible	0625HBSSTM4	KAZAKHSTAN-3GB-15D	6.99		25/06/2026 17:40:54 BST		y	4			11				B0FR9T4DG2						8721438404452				AMAZON_EU	Migrated Template	Inactive		
Kazakhstan eSIM 5GB 30Days	Kazakhstan eSIM 5GB 30Days - high speed internet - mobile data 5G compatible	0625HBZMX8H	KAZAKHSTAN-5GB-30D	7.99		25/06/2026 17:41:20 BST		y	4			11				B0FR9ZMMSH						8721438404469				AMAZON_EU	Migrated Template	Inactive		
Kyrgyzstan eSIM 20GB 30 Days | Pay As You Go Data SIM | Easy Setup | Travel SIM for Tourists & Business | 3G/4G Speeds | Prepaid Data Plan for Kyrgyzstan	esim, esim card, prepaid sim card unlimited data, sim cards pay as you go, sim, sim card, simcard pay as you go, sim card for travel, best sim for holiday, pay as you go sim, sim cards, payg sim card, pre pay sim card, prepaid sim card, travel sim, data sim, sim card with data, pre loaded data sim cards, sim card prepaid, data only sim card roaming, prepaid sim card, prepaid data sim card, pay as you go simcard, pre paid sim cards, roaming data sim card, prepaid sim, travel sim, prepaid sim card, international sim card, data sim card, preloaded sim card, e sim card	0916FFU9YGB	KG_20_30	33.49		16/09/2025 14:01:22 BST		y	4			11				B0FR8XXBHM						8721438404629				AMAZON_EU	Migrated Template	Inactive		
Kyrgyzstan eSIM 3GB 15 Days | Pay As You Go Data SIM | Easy Setup | Travel SIM for Tourists & Business | 3G/4G Speeds | Prepaid Data Plan for Kyrgyzstan	esim, esim card, prepaid sim card unlimited data, sim cards pay as you go, sim, sim card, simcard pay as you go, sim card for travel, best sim for holiday, pay as you go sim, sim cards, payg sim card, pre pay sim card, prepaid sim card, travel sim, data sim, sim card with data, pre loaded data sim cards, sim card prepaid, data only sim card roaming, prepaid sim card, prepaid data sim card, pay as you go simcard, pre paid sim cards, roaming data sim card, prepaid sim, travel sim, prepaid sim card, international sim card, data sim card, preloaded sim card, e sim card	0916FFXXWT5	KG_3_15	7.49		16/09/2025 14:01:22 BST		y	4			11				B0FR9TVF4R						8721438404612				AMAZON_EU	Migrated Template	Inactive		
Cambodia eSIM 20GB 30Days	esim, esim card, prepaid sim card unlimited data, sim cards pay as you go, sim, sim card, simcard pay as you go, sim card for travel, best sim for holiday, pay as you go sim, sim cards, payg sim card, pre pay sim card, prepaid sim card, travel sim, data sim, sim card with data, pre loaded data sim cards, sim card prepaid, data only sim card roaming, prepaid sim card, prepaid data sim card, pay as you go simcard, pre paid sim cards, roaming data sim card, prepaid sim, travel sim, prepaid sim card, international sim card, data sim card, preloaded sim card, e sim card	0916FF5LRNS	KH_20_30	33.49		16/09/2025 12:33:38 BST		y	4			11				B0FR9GFJPL						8721438401710				AMAZON_EU	Migrated Template	Inactive		
Cambodia eSIM 3GB 15Days	esim, esim card, prepaid sim card unlimited data, sim cards pay as you go, sim, sim card, simcard pay as you go, sim card for travel, best sim for holiday, pay as you go sim, sim cards, payg sim card, pre pay sim card, prepaid sim card, travel sim, data sim, sim card with data, pre loaded data sim cards, sim card prepaid, data only sim card roaming, prepaid sim card, prepaid data sim card, pay as you go simcard, pre paid sim cards, roaming data sim card, prepaid sim, travel sim, prepaid sim card, international sim card, data sim card, preloaded sim card, e sim card	0916FFTL3PV	KH_3_15	7.49		16/09/2025 12:33:38 BST		y	4			11				B0FR8XKMJ4						8721438401697				AMAZON_EU	Migrated Template	Inactive		
South Korea eSIM 20GB 30 Days | Pay As You Go Data SIM | Easy Setup | Travel SIM for Tourists & Business | 3G/4G/5G Speeds	esim, esim card, prepaid sim card unlimited data, sim cards pay as you go, sim, sim card, simcard pay as you go, sim card for travel, best sim for holiday, pay as you go sim, sim cards, payg sim card, pre pay sim card, prepaid sim card, travel sim, data sim, sim card with data, pre loaded data sim cards, sim card prepaid, data only sim card roaming, prepaid sim card, prepaid data sim card, pay as you go simcard, pre paid sim cards, roaming data sim card, prepaid sim, travel sim, prepaid sim card, international sim card, data sim card, preloaded sim card, e sim card	0916FGOL6CY	KR_20_30	10.99		16/09/2025 23:00:35 BST		y	4			11				B0FRC4P51Z						8721438407019				AMAZON_EU	Migrated Template	Inactive		
South Korea eSIM 3GB 15 Days | Pay As You Go Data SIM | Easy Setup | Travel SIM for Tourists & Business | 3G/4G/5G Speeds	esim, esim card, prepaid sim card unlimited data, sim cards pay as you go, sim, sim card, simcard pay as you go, sim card for travel, best sim for holiday, pay as you go sim, sim cards, payg sim card, pre pay sim card, prepaid sim card, travel sim, data sim, sim card with data, pre loaded data sim cards, sim card prepaid, data only sim card roaming, prepaid sim card, prepaid data sim card, pay as you go simcard, pre paid sim cards, roaming data sim card, prepaid sim, travel sim, prepaid sim card, international sim card, data sim card, preloaded sim card, e sim card	0916FG27OK4	KR_3_15	2.49		16/09/2025 23:00:35 BST		y	4			11				B0FRC4RTDF						8721438406982				AMAZON_EU	Migrated Template	Inactive		
South Korea eSIM 5GB 30 Days | Pay As You Go Data SIM | Easy Setup | Travel SIM for Tourists & Business | 3G/4G/5G Speeds	esim, esim card, prepaid sim card unlimited data, sim cards pay as you go, sim, sim card, simcard pay as you go, sim card for travel, best sim for holiday, pay as you go sim, sim cards, payg sim card, pre pay sim card, prepaid sim card, travel sim, data sim, sim card with data, pre loaded data sim cards, sim card prepaid, data only sim card roaming, prepaid sim card, prepaid data sim card, pay as you go simcard, pre paid sim cards, roaming data sim card, prepaid sim, travel sim, prepaid sim card, international sim card, data sim card, preloaded sim card, e sim card	0916FGQV0QM	KR_5_30	3.49		16/09/2025 23:00:35 BST		y	4			11				B0FRD9LC4C						8721438406999				AMAZON_EU	Migrated Template	Inactive		
Kuwait eSIM 20GB 30Days	Kuwait eSIM 20GB 30Days - high speed internet - mobile data 5G compatible	0625HC1BYYF	KUWAIT-20GB-30D	29.99		25/06/2026 17:44:00 BST		y	4			11				B0FR9KBF4P						8721438404599				AMAZON_EU	Migrated Template	Inactive		
Kuwait eSIM 3GB 15Days	Kuwait eSIM 3GB 15Days - high speed internet - mobile data 5G compatible	0625HBW466Z	KUWAIT-3GB-15D	8.99		25/06/2026 17:43:09 BST		y	4			11				B0FR9LZJ3X						8721438404568				AMAZON_EU	Migrated Template	Inactive		
Kuwait eSIM 5GB 30Days	Kuwait eSIM 5GB 30Days - high speed internet - mobile data 5G compatible	0625HBSZA6E	KUWAIT-5GB-30D	13.99		25/06/2026 17:43:34 BST		y	4			11				B0FR9M2TXP						8721438404582				AMAZON_EU	Migrated Template	Inactive		
Kuwait eSIM 20GB 30Days	esim, esim card, prepaid sim card unlimited data, sim cards pay as you go, sim, sim card, simcard pay as you go, sim card for travel, best sim for holiday, pay as you go sim, sim cards, payg sim card, pre pay sim card, prepaid sim card, travel sim, data sim, sim card with data, pre loaded data sim cards, sim card prepaid, data only sim card roaming, prepaid sim card, prepaid data sim card, pay as you go simcard, pre paid sim cards, roaming data sim card, prepaid sim, travel sim, prepaid sim card, international sim card, data sim card, preloaded sim card, e sim card	0916FFVC4E0	KW_20_30	33.49		16/09/2025 14:01:11 BST		y	4			11				B0FR9KBF4P						8721438404599				AMAZON_EU	Migrated Template	Inactive		
Kuwait eSIM 3GB 15Days	esim, esim card, prepaid sim card unlimited data, sim cards pay as you go, sim, sim card, simcard pay as you go, sim card for travel, best sim for holiday, pay as you go sim, sim cards, payg sim card, pre pay sim card, prepaid sim card, travel sim, data sim, sim card with data, pre loaded data sim cards, sim card prepaid, data only sim card roaming, prepaid sim card, prepaid data sim card, pay as you go simcard, pre paid sim cards, roaming data sim card, prepaid sim, travel sim, prepaid sim card, international sim card, data sim card, preloaded sim card, e sim card	0916FFXE4X8	KW_3_15	7.49		16/09/2025 14:01:11 BST		y	4			11				B0FR9LZJ3X						8721438404568				AMAZON_EU	Migrated Template	Inactive		
Kuwait eSIM 5GB 30Days	esim, esim card, prepaid sim card unlimited data, sim cards pay as you go, sim, sim card, simcard pay as you go, sim card for travel, best sim for holiday, pay as you go sim, sim cards, payg sim card, pre pay sim card, prepaid sim card, travel sim, data sim, sim card with data, pre loaded data sim cards, sim card prepaid, data only sim card roaming, prepaid sim card, prepaid data sim card, pay as you go simcard, pre paid sim cards, roaming data sim card, prepaid sim, travel sim, prepaid sim card, international sim card, data sim card, preloaded sim card, e sim card	0916FFT0FR5	KW_5_30	11.49		16/09/2025 14:01:11 BST		y	4			11				B0FR9M2TXP						8721438404582				AMAZON_EU	Migrated Template	Inactive		
Kyrgyzstan eSIM 20GB 30 Days | Pay As You Go Data SIM | Easy Setup | Travel SIM for Tourists & Business | 3G/4G Speeds | Prepaid Data Plan for Kyrgyzstan	Kyrgyzstan eSIM 20GB 30Days - high speed internet - mobile data 5G compatible	0625HBZOI4X	KYRGYZSTAN-20GB-30D	16.99		25/06/2026 17:44:54 BST		y	4			11				B0FR8XXBHM						8721438404629				AMAZON_EU	Migrated Template	Inactive		
Kyrgyzstan eSIM 3GB 15 Days | Pay As You Go Data SIM | Easy Setup | Travel SIM for Tourists & Business | 3G/4G Speeds | Prepaid Data Plan for Kyrgyzstan	Kyrgyzstan eSIM 3GB 15Days - high speed internet - mobile data 5G compatible	0625HBWBMW1	KYRGYZSTAN-3GB-15D	6.99		25/06/2026 17:44:29 BST		y	4			11				B0FR9TVF4R						8721438404612				AMAZON_EU	Migrated Template	Inactive		
Kazakhstan eSIM 20GB 30Days	esim, esim card, prepaid sim card unlimited data, sim cards pay as you go, sim, sim card, simcard pay as you go, sim card for travel, best sim for holiday, pay as you go sim, sim cards, payg sim card, pre pay sim card, prepaid sim card, travel sim, data sim, sim card with data, pre loaded data sim cards, sim card prepaid, data only sim card roaming, prepaid sim card, prepaid data sim card, pay as you go simcard, pre paid sim cards, roaming data sim card, prepaid sim, travel sim, prepaid sim card, international sim card, data sim card, preloaded sim card, e sim card	0916FFVWI2G	KZ_20_30	22.49		16/09/2025 13:57:01 BST		y	4			11				B0FR9TLNNW						8721438404483				AMAZON_EU	Migrated Template	Inactive		
Kazakhstan eSIM 3GB 15Days	esim, esim card, prepaid sim card unlimited data, sim cards pay as you go, sim, sim card, simcard pay as you go, sim card for travel, best sim for holiday, pay as you go sim, sim cards, payg sim card, pre pay sim card, prepaid sim card, travel sim, data sim, sim card with data, pre loaded data sim cards, sim card prepaid, data only sim card roaming, prepaid sim card, prepaid data sim card, pay as you go simcard, pre paid sim cards, roaming data sim card, prepaid sim, travel sim, prepaid sim card, international sim card, data sim card, preloaded sim card, e sim card	0916FFXNSHW	KZ_3_15	4.99		16/09/2025 13:57:01 BST		y	4			11				B0FR9T4DG2						8721438404452				AMAZON_EU	Migrated Template	Inactive		
Kazakhstan eSIM 5GB 30Days	esim, esim card, prepaid sim card unlimited data, sim cards pay as you go, sim, sim card, simcard pay as you go, sim card for travel, best sim for holiday, pay as you go sim, sim cards, payg sim card, pre pay sim card, prepaid sim card, travel sim, data sim, sim card with data, pre loaded data sim cards, sim card prepaid, data only sim card roaming, prepaid sim card, prepaid data sim card, pay as you go simcard, pre paid sim cards, roaming data sim card, prepaid sim, travel sim, prepaid sim card, international sim card, data sim card, preloaded sim card, e sim card	0916FFVFE4G	KZ_5_30	7.49		16/09/2025 13:57:01 BST		y	4			11				B0FR9ZMMSH						8721438404469				AMAZON_EU	Migrated Template	Inactive		
Laos eSIM 20GB 30Days	Laos eSIM 20GB 30Days - high speed internet - mobile data 5G compatible	0625HAKSD0F	LAOS-20GB-30D	29.99		25/06/2026 10:07:59 BST		y	4			11				B0H6MBWGX1						8721438409310				AMAZON_EU	Migrated Template	Inactive		
Laos eSIM 3GB 15Days	Laos eSIM 3GB 15Days - high speed internet - mobile data 5G compatible	0625HA58GH9	LAOS-3GB-15D	8.99		25/06/2026 10:07:08 BST		y	4			11				B0H6M96WPB						8721438409297				AMAZON_EU	Migrated Template	Inactive		
Laos eSIM 5GB 30Days	Laos eSIM 5GB 30Days - high speed internet - mobile data 5G compatible	0625HAHYRHD	LAOS-5GB-30D	13.99		25/06/2026 10:07:34 BST		y	4			11				B0H6MBJN5B						8721438409303				AMAZON_EU	Migrated Template	Inactive		
Latvia eSIM 20GB 30Days	Latvia eSIM 20GB 30Days - high speed internet - mobile data 5G compatible	0625HBSE0C3	LATVIA-20GB-30D	12.99		25/06/2026 17:46:14 BST		y	4			11				B0FR9SWN6V						8721438404681				AMAZON_EU	Migrated Template	Inactive		
Latvia eSIM 3GB 15Days	Latvia eSIM 3GB 15Days - high speed internet - mobile data 5G compatible	0625HBSLXV3	LATVIA-3GB-15D	6.99		25/06/2026 17:45:23 BST		y	4			11				B0FR9VM4K6						8721438404643				AMAZON_EU	Migrated Template	Inactive		
Latvia eSIM 5GB 30Days	Latvia eSIM 5GB 30Days - high speed internet - mobile data 5G compatible	0625HBSXIAD	LATVIA-5GB-30D	7.99		25/06/2026 17:45:48 BST		y	4			11				B0FR9TR99S						8721438404667				AMAZON_EU	Migrated Template	Inactive		
Liberia eSIM 3GB 15Days	Liberia eSIM 3GB 15Days - high speed internet - mobile data 5G compatible	0625HBY96DD	LIBERIA-3GB-15D	16.99		25/06/2026 17:46:43 BST		y	4			11				B0FR9H18JQ						8721438404711				AMAZON_EU	Migrated Template	Inactive		
Liberia eSIM 5GB 30Days	Liberia eSIM 5GB 30Days - high speed internet - mobile data 5G compatible	0625HBW58UW	LIBERIA-5GB-30D	28.99		25/06/2026 17:47:08 BST		y	4			11				B0FR9SJ1YH						8721438404728				AMAZON_EU	Migrated Template	Inactive		
Libya eSIM 20GB 30Days	Libya eSIM 20GB 30Days - high speed internet - mobile data 5G compatible	0625HA1CZQI	LIBYA-20GB-30D	106.99		25/06/2026 10:09:19 BST		y	4			11				B0H6MFWD2Y						8721438409341				AMAZON_EU	Migrated Template	Inactive		
Libya eSIM 3GB 15Days	Libya eSIM 3GB 15Days - high speed internet - mobile data 5G compatible	0625HA1GNVK	LIBYA-3GB-15D	28.99		25/06/2026 10:08:28 BST		y	4			11				B0H6MBYGXZ						8721438409327				AMAZON_EU	Migrated Template	Inactive		
Libya eSIM 5GB 30Days	Libya eSIM 5GB 30Days - high speed internet - mobile data 5G compatible	0625HA9C18Y	LIBYA-5GB-30D	37.99		25/06/2026 10:08:53 BST		y	4			11				B0H6M5PVSB						8721438409334				AMAZON_EU	Migrated Template	Inactive		
Liechtenstein eSIM 3GB 15Days	Liechtenstein eSIM 3GB 15Days - high speed internet - mobile data 5G compatible	0625HBT0LSV	LIECHTENSTEIN-3GB-15D	6.99		25/06/2026 17:47:37 BST		y	4			11				B0FR9S35ZH						8721438404742				AMAZON_EU	Migrated Template	Inactive		
Lithuania eSIM 20GB 30Days	Lithuania eSIM 20GB 30Days - high speed internet - mobile data 5G compatible	0625HBOO7UD	LITHUANIA-20GB-30D	13.99		25/06/2026 17:48:57 BST		y	4			11				B0FR9TQN8N						8721438404810				AMAZON_EU	Migrated Template	Inactive		
Lithuania eSIM 3GB 15Days	Lithuania eSIM 3GB 15Days - high speed internet - mobile data 5G compatible	0625HC4GYT5	LITHUANIA-3GB-15D	6.99		25/06/2026 17:48:06 BST		y	4			11				B0FR9KS3P4						8721438404773				AMAZON_EU	Migrated Template	Inactive		
Lithuania eSIM 5GB 30Days	Lithuania eSIM 5GB 30Days - high speed internet - mobile data 5G compatible	0625HBOORZJ	LITHUANIA-5GB-30D	7.99		25/06/2026 17:48:31 BST		y	4			11				B0FR9R598C						8721438404797				AMAZON_EU	Migrated Template	Inactive		
Liechtenstein eSIM 3GB 15Days	esim, esim card, prepaid sim card unlimited data, sim cards pay as you go, sim, sim card, simcard pay as you go, sim card for travel, best sim for holiday, pay as you go sim, sim cards, payg sim card, pre pay sim card, prepaid sim card, travel sim, data sim, sim card with data, pre loaded data sim cards, sim card prepaid, data only sim card roaming, prepaid sim card, prepaid data sim card, pay as you go simcard, pre paid sim cards, roaming data sim card, prepaid sim, travel sim, prepaid sim card, international sim card, data sim card, preloaded sim card, e sim card	0916FG2O6YB	LI_3_15	4.49		16/09/2025 14:01:51 BST		y	4			11				B0FR9S35ZH						8721438404742				AMAZON_EU	Migrated Template	Inactive		
Sri Lanka eSIM 20GB 30 Days | Prepaid Travel eSIM | Pay As You Go Digital SIM | Easy Setup | Data SIM for Tourists & Business | 3G/4G/5G Speeds	esim, esim card, prepaid sim card unlimited data, sim cards pay as you go, sim, sim card, simcard pay as you go, sim card for travel, best sim for holiday, pay as you go sim, sim cards, payg sim card, pre pay sim card, prepaid sim card, travel sim, data sim, sim card with data, pre loaded data sim cards, sim card prepaid, data only sim card roaming, prepaid sim card, prepaid data sim card, pay as you go simcard, pre paid sim cards, roaming data sim card, prepaid sim, travel sim, prepaid sim card, international sim card, data sim card, preloaded sim card, e sim card	0916FGQLRY4	LK_20_30	35.99		16/09/2025 21:04:59 BST		y	4			11				B0FRC2DZN5						8721438407231				AMAZON_EU	Migrated Template	Inactive		
Sri Lanka eSIM 3GB 15 Days | Prepaid Travel eSIM | Pay As You Go Digital SIM | Easy Setup | Data SIM for Tourists & Business | 3G/4G/5G Speeds	esim, esim card, prepaid sim card unlimited data, sim cards pay as you go, sim, sim card, simcard pay as you go, sim card for travel, best sim for holiday, pay as you go sim, sim cards, payg sim card, pre pay sim card, prepaid sim card, travel sim, data sim, sim card with data, pre loaded data sim cards, sim card prepaid, data only sim card roaming, prepaid sim card, prepaid data sim card, pay as you go simcard, pre paid sim cards, roaming data sim card, prepaid sim, travel sim, prepaid sim card, international sim card, data sim card, preloaded sim card, e sim card	0916FGMUCNW	LK_3_15	5.49		16/09/2025 21:05:00 BST		y	4			11				B0FRB7Z1NW						8721438407194				AMAZON_EU	Migrated Template	Inactive		
Sri Lanka eSIM 5GB 30 Days | Prepaid Travel eSIM | Pay As You Go Digital SIM | Easy Setup | Data SIM for Tourists & Business | 3G/4G/5G Speeds	esim, esim card, prepaid sim card unlimited data, sim cards pay as you go, sim, sim card, simcard pay as you go, sim card for travel, best sim for holiday, pay as you go sim, sim cards, payg sim card, pre pay sim card, prepaid sim card, travel sim, data sim, sim card with data, pre loaded data sim cards, sim card prepaid, data only sim card roaming, prepaid sim card, prepaid data sim card, pay as you go simcard, pre paid sim cards, roaming data sim card, prepaid sim, travel sim, prepaid sim card, international sim card, data sim card, preloaded sim card, e sim card	0916FGGPWL1	LK_5_30	9.49		16/09/2025 21:04:59 BST		y	4			11				B0FRB64B8M						8721438407217				AMAZON_EU	Migrated Template	Inactive		
Liberia eSIM 3GB 15Days	esim, esim card, prepaid sim card unlimited data, sim cards pay as you go, sim, sim card, simcard pay as you go, sim card for travel, best sim for holiday, pay as you go sim, sim cards, payg sim card, pre pay sim card, prepaid sim card, travel sim, data sim, sim card with data, pre loaded data sim cards, sim card prepaid, data only sim card roaming, prepaid sim card, prepaid data sim card, pay as you go simcard, pre paid sim cards, roaming data sim card, prepaid sim, travel sim, prepaid sim card, international sim card, data sim card, preloaded sim card, e sim card	0916FFXSLRB	LR_3_15	18.99		16/09/2025 14:01:41 BST		y	4			11				B0FR9H18JQ						8721438404711				AMAZON_EU	Migrated Template	Inactive		
Liberia eSIM 5GB 30Days	esim, esim card, prepaid sim card unlimited data, sim cards pay as you go, sim, sim card, simcard pay as you go, sim card for travel, best sim for holiday, pay as you go sim, sim cards, payg sim card, pre pay sim card, prepaid sim card, travel sim, data sim, sim card with data, pre loaded data sim cards, sim card prepaid, data only sim card roaming, prepaid sim card, prepaid data sim card, pay as you go simcard, pre paid sim cards, roaming data sim card, prepaid sim, travel sim, prepaid sim card, international sim card, data sim card, preloaded sim card, e sim card	0916FG4BHM7	LR_5_30	27.99		16/09/2025 14:01:41 BST		y	4			11				B0FR9SJ1YH						8721438404728				AMAZON_EU	Migrated Template	Inactive		
Lithuania eSIM 20GB 30Days	esim, esim card, prepaid sim card unlimited data, sim cards pay as you go, sim, sim card, simcard pay as you go, sim card for travel, best sim for holiday, pay as you go sim, sim cards, payg sim card, pre pay sim card, prepaid sim card, travel sim, data sim, sim card with data, pre loaded data sim cards, sim card prepaid, data only sim card roaming, prepaid sim card, prepaid data sim card, pay as you go simcard, pre paid sim cards, roaming data sim card, prepaid sim, travel sim, prepaid sim card, international sim card, data sim card, preloaded sim card, e sim card	0916FFYK28B	LT_20_30	22.49		16/09/2025 14:02:01 BST		y	4			11				B0FR9TQN8N						8721438404810				AMAZON_EU	Migrated Template	Inactive		
Lithuania eSIM 3GB 15Days	esim, esim card, prepaid sim card unlimited data, sim cards pay as you go, sim, sim card, simcard pay as you go, sim card for travel, best sim for holiday, pay as you go sim, sim cards, payg sim card, pre pay sim card, prepaid sim card, travel sim, data sim, sim card with data, pre loaded data sim cards, sim card prepaid, data only sim card roaming, prepaid sim card, prepaid data sim card, pay as you go simcard, pre paid sim cards, roaming data sim card, prepaid sim, travel sim, prepaid sim card, international sim card, data sim card, preloaded sim card, e sim card	0916FFW92V7	LT_3_15	2.99		16/09/2025 14:02:01 BST		y	4			11				B0FR9KS3P4						8721438404773				AMAZON_EU	Migrated Template	Inactive		
Lithuania eSIM 5GB 30Days	esim, esim card, prepaid sim card unlimited data, sim cards pay as you go, sim, sim card, simcard pay as you go, sim card for travel, best sim for holiday, pay as you go sim, sim cards, payg sim card, pre pay sim card, prepaid sim card, travel sim, data sim, sim card with data, pre loaded data sim cards, sim card prepaid, data only sim card roaming, prepaid sim card, prepaid data sim card, pay as you go simcard, pre paid sim cards, roaming data sim card, prepaid sim, travel sim, prepaid sim card, international sim card, data sim card, preloaded sim card, e sim card	0916FFNHOJP	LT_5_30	4.49		16/09/2025 14:02:01 BST		y	4			11				B0FR9R598C						8721438404797				AMAZON_EU	Migrated Template	Inactive		
Luxembourg eSIM 20GB 30Days	Luxembourg eSIM 20GB 30Days - high speed internet - mobile data 5G compatible	0625HC1M424	LUXEMBOURG-20GB-30D	13.99		25/06/2026 17:50:19 BST		y	4			11				B0FR8XXXZB						8721438404889				AMAZON_EU	Migrated Template	Inactive		
Luxembourg eSIM 3GB 15Days	Luxembourg eSIM 3GB 15Days - high speed internet - mobile data 5G compatible	0625HBORUG2	LUXEMBOURG-3GB-15D	6.99		25/06/2026 17:49:26 BST		y	4			11				B0FR9SHRKM						8721438404841				AMAZON_EU	Migrated Template	Inactive		
Luxembourg eSIM 5GB 30Days	Luxembourg eSIM 5GB 30Days - high speed internet - mobile data 5G compatible	0625HBYUJYO	LUXEMBOURG-5GB-30D	7.99		25/06/2026 17:49:54 BST		y	4			11				B0FR9SB862						8721438404865				AMAZON_EU	Migrated Template	Inactive		
Luxembourg eSIM 20GB 30Days	esim, esim card, prepaid sim card unlimited data, sim cards pay as you go, sim, sim card, simcard pay as you go, sim card for travel, best sim for holiday, pay as you go sim, sim cards, payg sim card, pre pay sim card, prepaid sim card, travel sim, data sim, sim card with data, pre loaded data sim cards, sim card prepaid, data only sim card roaming, prepaid sim card, prepaid data sim card, pay as you go simcard, pre paid sim cards, roaming data sim card, prepaid sim, travel sim, prepaid sim card, international sim card, data sim card, preloaded sim card, e sim card	0916FFXCUZK	LU_20_30	14.49		16/09/2025 14:10:27 BST		y	4			11				B0FR8XXXZB						8721438404889				AMAZON_EU	Migrated Template	Inactive		
Luxembourg eSIM 3GB 15Days	esim, esim card, prepaid sim card unlimited data, sim cards pay as you go, sim, sim card, simcard pay as you go, sim card for travel, best sim for holiday, pay as you go sim, sim cards, payg sim card, pre pay sim card, prepaid sim card, travel sim, data sim, sim card with data, pre loaded data sim cards, sim card prepaid, data only sim card roaming, prepaid sim card, prepaid data sim card, pay as you go simcard, pre paid sim cards, roaming data sim card, prepaid sim, travel sim, prepaid sim card, international sim card, data sim card, preloaded sim card, e sim card	0916FFYZC51	LU_3_15	2.99		16/09/2025 14:10:27 BST		y	4			11				B0FR9SHRKM						8721438404841				AMAZON_EU	Migrated Template	Inactive		
Luxembourg eSIM 5GB 30Days	esim, esim card, prepaid sim card unlimited data, sim cards pay as you go, sim, sim card, simcard pay as you go, sim card for travel, best sim for holiday, pay as you go sim, sim cards, payg sim card, pre pay sim card, prepaid sim card, travel sim, data sim, sim card with data, pre loaded data sim cards, sim card prepaid, data only sim card roaming, prepaid sim card, prepaid data sim card, pay as you go simcard, pre paid sim cards, roaming data sim card, prepaid sim, travel sim, prepaid sim card, international sim card, data sim card, preloaded sim card, e sim card	0916FFXG2UB	LU_5_30	4.49		16/09/2025 14:10:27 BST		y	4			11				B0FR9SB862						8721438404865				AMAZON_EU	Migrated Template	Inactive		
Latvia eSIM 20GB 30Days	esim, esim card, prepaid sim card unlimited data, sim cards pay as you go, sim, sim card, simcard pay as you go, sim card for travel, best sim for holiday, pay as you go sim, sim cards, payg sim card, pre pay sim card, prepaid sim card, travel sim, data sim, sim card with data, pre loaded data sim cards, sim card prepaid, data only sim card roaming, prepaid sim card, prepaid data sim card, pay as you go simcard, pre paid sim cards, roaming data sim card, prepaid sim, travel sim, prepaid sim card, international sim card, data sim card, preloaded sim card, e sim card	0916FFWAXDE	LV_20_30	14.49		16/09/2025 14:01:31 BST		y	4			11				B0FR9SWN6V						8721438404681				AMAZON_EU	Migrated Template	Inactive		
Latvia eSIM 3GB 15Days	esim, esim card, prepaid sim card unlimited data, sim cards pay as you go, sim, sim card, simcard pay as you go, sim card for travel, best sim for holiday, pay as you go sim, sim cards, payg sim card, pre pay sim card, prepaid sim card, travel sim, data sim, sim card with data, pre loaded data sim cards, sim card prepaid, data only sim card roaming, prepaid sim card, prepaid data sim card, pay as you go simcard, pre paid sim cards, roaming data sim card, prepaid sim, travel sim, prepaid sim card, international sim card, data sim card, preloaded sim card, e sim card	0916FFV4UCS	LV_3_15	2.99		16/09/2025 14:01:31 BST		y	4			11				B0FR9VM4K6						8721438404643				AMAZON_EU	Migrated Template	Inactive		
Latvia eSIM 5GB 30Days	esim, esim card, prepaid sim card unlimited data, sim cards pay as you go, sim, sim card, simcard pay as you go, sim card for travel, best sim for holiday, pay as you go sim, sim cards, payg sim card, pre pay sim card, prepaid sim card, travel sim, data sim, sim card with data, pre loaded data sim cards, sim card prepaid, data only sim card roaming, prepaid sim card, prepaid data sim card, pay as you go simcard, pre paid sim cards, roaming data sim card, prepaid sim, travel sim, prepaid sim card, international sim card, data sim card, preloaded sim card, e sim card	0916FFWB376	LV_5_30	4.49		16/09/2025 14:01:31 BST		y	4			11				B0FR9TR99S						8721438404667				AMAZON_EU	Migrated Template	Inactive		
Macao eSIM 20GB 30Days	Macao eSIM 20GB 30Days - high speed internet - mobile data 5G compatible	0625HC5HLND	MACAO-20GB-30D	12.99		25/06/2026 17:51:39 BST		y	4			11				B0FR9CDBN2						8721438404957				AMAZON_EU	Migrated Template	Inactive		
Macao eSIM 3GB 15Days	Macao eSIM 3GB 15Days - high speed internet - mobile data 5G compatible	0625HC2OH5Q	MACAO-3GB-15D	6.99		25/06/2026 17:50:48 BST		y	4			11				B0FR9M485M						8721438404919				AMAZON_EU	Migrated Template	Inactive		
Macao eSIM 5GB 30Days	Macao eSIM 5GB 30Days - high speed internet - mobile data 5G compatible	0625HBYS0NJ	MACAO-5GB-30D	7.99		25/06/2026 17:51:13 BST		y	4			11				B0FR9L9624						8721438404933				AMAZON_EU	Migrated Template	Inactive		
Madagascar eSIM 3GB 15Days	Madagascar eSIM 3GB 15Days - high speed internet - mobile data 5G compatible	0625HBORN30	MADAGASCAR-3GB-15D	21.99		25/06/2026 17:52:08 BST		y	4			11				B0FR9H2NS1						8721438404988				AMAZON_EU	Migrated Template	Inactive		
Malawi eSIM 3GB 15Days	Malawi eSIM 3GB 15Days - high speed internet - mobile data 5G compatible	0625HC579ZY	MALAWI-3GB-15D	14.99		25/06/2026 17:52:36 BST		y	4			11				B0FR9H3JDK						8721438405008				AMAZON_EU	Migrated Template	Inactive		
Malawi eSIM 5GB 30Days	Malawi eSIM 5GB 30Days - high speed internet - mobile data 5G compatible	0625HC2FYPQ	MALAWI-5GB-30D	23.99		25/06/2026 17:53:02 BST		y	4			11				B0FR9GXY24						8721438405015				AMAZON_EU	Migrated Template	Inactive		
Maldives eSIM 20GB 30Days	Maldives eSIM 20GB 30Days - high speed internet - mobile data 5G compatible	0625HA5P8BU	MALDIVES-20GB-30D	99.99		25/06/2026 10:10:39 BST		y	4			11				B0H6MM5SCJ						8721438409372				AMAZON_EU	Migrated Template	Inactive		
Maldives eSIM 3GB 15Days	Maldives eSIM 3GB 15Days - high speed internet - mobile data 5G compatible	0625HAFKHNZ	MALDIVES-3GB-15D	27.99		25/06/2026 10:09:48 BST		y	4			11				B0H6MD6Y71						8721438409358				AMAZON_EU	Migrated Template	Inactive		
Maldives eSIM 5GB 30Days	Maldives eSIM 5GB 30Days - high speed internet - mobile data 5G compatible	0625HACF9JI	MALDIVES-5GB-30D	37.99		25/06/2026 10:10:13 BST		y	4			11				B0H6MJQZ8Y						8721438409365				AMAZON_EU	Migrated Template	Inactive		
Mali eSIM 3GB 15Days	Mali eSIM 3GB 15Days - high speed internet - mobile data 5G compatible	0625HBORGA5	MALI-3GB-15D	16.99		25/06/2026 17:54:51 BST		y	4			11				B0FR9TRDSY						8721438405121				AMAZON_EU	Migrated Template	Inactive		
Malta eSIM 20GB 30Days	Malta eSIM 20GB 30Days - high speed internet - mobile data 5G compatible	0625HBXY53F	MALTA-20GB-30D	12.99		25/06/2026 17:56:10 BST		y	4			11				B0FR9VL1Q9						8721438405183				AMAZON_EU	Migrated Template	Inactive		
Malta eSIM 3GB 15Days	Malta eSIM 3GB 15Days - high speed internet - mobile data 5G compatible	0625HC5ICE7	MALTA-3GB-15D	6.99		25/06/2026 17:55:19 BST		y	4			11				B0FR9M3PNR						8721438405145				AMAZON_EU	Migrated Template	Inactive		
Malta eSIM 5GB 30Days	Malta eSIM 5GB 30Days - high speed internet - mobile data 5G compatible	0625HBZTJ6J	MALTA-5GB-30D	7.99		25/06/2026 17:55:45 BST		y	4			11				B0FR9ZSMTC						8721438405169				AMAZON_EU	Migrated Template	Inactive		
Martinique eSIM 20GB 30Days	Martinique eSIM 20GB 30Days - high speed internet - mobile data 5G compatible	0625HAI7L29	MARTINIQUE-20GB-30D	13.99		25/06/2026 10:11:59 BST		y	4			11				B0H6MH94KV						8721438409402				AMAZON_EU	Migrated Template	Inactive		
Martinique eSIM 3GB 15Days	Martinique eSIM 3GB 15Days - high speed internet - mobile data 5G compatible	0625HAE3TZV	MARTINIQUE-3GB-15D	6.99		25/06/2026 10:11:08 BST		y	4			11				B0H6M7SBFQ						8721438409389				AMAZON_EU	Migrated Template	Inactive		
Martinique eSIM 5GB 30Days	Martinique eSIM 5GB 30Days - high speed internet - mobile data 5G compatible	0625HA9815O	MARTINIQUE-5GB-30D	7.99		25/06/2026 10:11:33 BST		y	4			11				B0H6MKCD1X						8721438409396				AMAZON_EU	Migrated Template	Inactive		
Mauritius eSIM 3GB 15Days	Mauritius eSIM 3GB 15Days - high speed internet - mobile data 5G compatible	0625HBU0PFQ	MAURITIUS-3GB-15D	13.99		25/06/2026 18:49:44 BST		y	4			11				B0H2FYRLRC						8721438408382				AMAZON_EU	Migrated Template	Inactive		
Mauritius eSIM 5GB 30Days	Mauritius eSIM 5GB 30Days - high speed internet - mobile data 5G compatible	0625HC36D09	MAURITIUS-5GB-30D	14.99		25/06/2026 18:50:09 BST		y	4			11				B0H2G2XMS3						8721438408399				AMAZON_EU	Migrated Template	Inactive		
Mayotte eSIM 20GB 30Days	Mayotte eSIM 20GB 30Days - high speed internet - mobile data 5G compatible	0625HA5O8DH	MAYOTTE-20GB-30D	13.99		25/06/2026 10:13:18 BST		y	4			11				B0H6M5L8MC						8721438409433				AMAZON_EU	Migrated Template	Inactive		
Mayotte eSIM 3GB 15Days	Mayotte eSIM 3GB 15Days - high speed internet - mobile data 5G compatible	0625HA5RVWC	MAYOTTE-3GB-15D	6.99		25/06/2026 10:12:27 BST		y	4			11				B0H6MFWP88						8721438409419				AMAZON_EU	Migrated Template	Inactive		
Mayotte eSIM 5GB 30Days	Mayotte eSIM 5GB 30Days - high speed internet - mobile data 5G compatible	0625HA9C1SD	MAYOTTE-5GB-30D	7.99		25/06/2026 10:12:53 BST		y	4			11				B0H6MD9C4Y						8721438409426				AMAZON_EU	Migrated Template	Inactive		
Morocco eSIM 5GB 30 Days | Pay As You Go Data SIM | Easy Setup | Travel SIM for Tourists & Business | 3G/4G Speeds | Free Travel Guide Inlcuded	esim, esim card, prepaid sim card unlimited data, sim cards pay as you go, sim, sim card, simcard pay as you go, sim card for travel, best sim for holiday, pay as you go sim, sim cards, payg sim card, pre pay sim card, prepaid sim card, travel sim, data sim, sim card with data, pre loaded data sim cards, sim card prepaid, data only sim card roaming, prepaid sim card, prepaid data sim card, pay as you go simcard, pre paid sim cards, roaming data sim card, prepaid sim, travel sim, prepaid sim card, international sim card, data sim card, preloaded sim card, e sim card	0916FFYFIMM	MA_5_30	7.49		16/09/2025 14:17:28 BST		y	4			11				B0FR9CDDQ8						8721438405404				AMAZON_EU	Migrated Template	Inactive		
Monaco eSIM 3GB 15 Days | Pay As You Go Data SIM | Easy Setup | Travel SIM for Tourists & Business | 3G/4G Speeds	esim, esim card, prepaid sim card unlimited data, sim cards pay as you go, sim, sim card, simcard pay as you go, sim card for travel, best sim for holiday, pay as you go sim, sim cards, payg sim card, pre pay sim card, prepaid sim card, travel sim, data sim, sim card with data, pre loaded data sim cards, sim card prepaid, data only sim card roaming, prepaid sim card, prepaid data sim card, pay as you go simcard, pre paid sim cards, roaming data sim card, prepaid sim, travel sim, prepaid sim card, international sim card, data sim card, preloaded sim card, e sim card	0916FF6KV4Z	MC_3_15	23.49		16/09/2025 14:12:31 BST		y	4			11				B0FR9ZS6GM						8721438405312				AMAZON_EU	Migrated Template	Inactive		
Monaco eSIM 5GB 30 Days | Pay As You Go Data SIM | Easy Setup | Travel SIM for Tourists & Business | 3G/4G Speeds	esim, esim card, prepaid sim card unlimited data, sim cards pay as you go, sim, sim card, simcard pay as you go, sim card for travel, best sim for holiday, pay as you go sim, sim cards, payg sim card, pre pay sim card, prepaid sim card, travel sim, data sim, sim card with data, pre loaded data sim cards, sim card prepaid, data only sim card roaming, prepaid sim card, prepaid data sim card, pay as you go simcard, pre paid sim cards, roaming data sim card, prepaid sim, travel sim, prepaid sim card, international sim card, data sim card, preloaded sim card, e sim card	0916FFNJ020	MC_5_30	34.49		16/09/2025 14:12:31 BST		y	4			11				B0FR9H1H4M						8721438405329				AMAZON_EU	Migrated Template	Inactive		
Moldova eSIM 3GB 15 Days | Pay As You Go Data SIM | Easy Setup | Travel SIM for Tourists & Business | 3G/4G Speeds	esim, esim card, prepaid sim card unlimited data, sim cards pay as you go, sim, sim card, simcard pay as you go, sim card for travel, best sim for holiday, pay as you go sim, sim cards, payg sim card, pre pay sim card, prepaid sim card, travel sim, data sim, sim card with data, pre loaded data sim cards, sim card prepaid, data only sim card roaming, prepaid sim card, prepaid data sim card, pay as you go simcard, pre paid sim cards, roaming data sim card, prepaid sim, travel sim, prepaid sim card, international sim card, data sim card, preloaded sim card, e sim card	0916FFWF246	MD_3_15	6.49		16/09/2025 14:12:22 BST		y	4			11				B0FR9CFQYY						8721438405299				AMAZON_EU	Migrated Template	Inactive		
Middle East eSIM 5GB 30 Days | Prepaid International Travel SIM | Pay As You Go Data SIM | Easy Setup | 3G/4G Speeds	esim, esim card, prepaid sim card unlimited data, sim cards pay as you go, sim, sim card, simcard pay as you go, sim card for travel, best sim for holiday, pay as you go sim, sim cards, payg sim card, pre pay sim card, prepaid sim card, travel sim, data sim, sim card with data, pre loaded data sim cards, sim card prepaid, data only sim card roaming, prepaid sim card, prepaid data sim card, pay as you go simcard, pre paid sim cards, roaming data sim card, prepaid sim, travel sim, prepaid sim card, international sim card, data sim card, preloaded sim card, e sim card	0916FG2DEPB	ME-13_5_30	34.49		16/09/2025 14:12:12 BST		y	4			11				B0FR9SYKP6						8721438405275				AMAZON_EU	Migrated Template	Inactive		
Mexico eSIM 20GB 30Days	Mexico eSIM 20GB 30Days - high speed internet - mobile data 5G compatible	0625HBT381K	MEXICO-20GB-30D	29.99		25/06/2026 17:57:30 BST		y	4			11				B0FR9VDSJX						8721438405244				AMAZON_EU	Migrated Template	Inactive		
Mexico eSIM 3GB 15Days	Mexico eSIM 3GB 15Days - high speed internet - mobile data 5G compatible	0625HBOPK95	MEXICO-3GB-15D	9.99		25/06/2026 17:56:39 BST		y	4			11				B0FR9SZSTG						8721438405220				AMAZON_EU	Migrated Template	Inactive		
Mexico eSIM 5GB 30Days	Mexico eSIM 5GB 30Days - high speed internet - mobile data 5G compatible	0625HBZ4IBF	MEXICO-5GB-30D	11.99		25/06/2026 17:57:05 BST		y	4			11				B0FR9H2K1C						8721438405237				AMAZON_EU	Migrated Template	Inactive		
Montenegro eSIM 3GB 15 Days | Pay As You Go Data SIM | Easy Setup | Travel SIM for Tourists & Business | 3G/4G Speeds	esim, esim card, prepaid sim card unlimited data, sim cards pay as you go, sim, sim card, simcard pay as you go, sim card for travel, best sim for holiday, pay as you go sim, sim cards, payg sim card, pre pay sim card, prepaid sim card, travel sim, data sim, sim card with data, pre loaded data sim cards, sim card prepaid, data only sim card roaming, prepaid sim card, prepaid data sim card, pay as you go simcard, pre paid sim cards, roaming data sim card, prepaid sim, travel sim, prepaid sim card, international sim card, data sim card, preloaded sim card, e sim card	0916FG2EANQ	ME_3_15	7.49		16/09/2025 14:15:45 BST		y	4			11				B0FR9R5HR7						8721438405367				AMAZON_EU	Migrated Template	Inactive		
Madagascar eSIM 3GB 15Days	esim, esim card, prepaid sim card unlimited data, sim cards pay as you go, sim, sim card, simcard pay as you go, sim card for travel, best sim for holiday, pay as you go sim, sim cards, payg sim card, pre pay sim card, prepaid sim card, travel sim, data sim, sim card with data, pre loaded data sim cards, sim card prepaid, data only sim card roaming, prepaid sim card, prepaid data sim card, pay as you go simcard, pre paid sim cards, roaming data sim card, prepaid sim, travel sim, prepaid sim card, international sim card, data sim card, preloaded sim card, e sim card	0916FFYEU66	MG_3_15	14.99		16/09/2025 14:10:48 BST		y	4			11				B0FR9H2NS1						8721438404988				AMAZON_EU	Migrated Template	Inactive		
Middle East eSIM 5GB 30 Days | Prepaid International Travel SIM | Pay As You Go Data SIM | Easy Setup | 3G/4G Speeds	Middle East eSIM 5GB 30Days - high speed internet - mobile data 5G compatible	0625HBYFAA9	MIDDLE-EAST-5GB-30D	30.99		25/06/2026 17:57:59 BST		y	4			11				B0FR9SYKP6						8721438405275				AMAZON_EU	Migrated Template	Inactive		
North Macedonia eSIM 3GB 15 Days | Pay As You Go Data SIM | Easy Setup | Travel SIM for Tourists & Business | 3G/4G Speeds	esim, esim card, prepaid sim card unlimited data, sim cards pay as you go, sim, sim card, simcard pay as you go, sim card for travel, best sim for holiday, pay as you go sim, sim cards, payg sim card, pre pay sim card, prepaid sim card, travel sim, data sim, sim card with data, pre loaded data sim cards, sim card prepaid, data only sim card roaming, prepaid sim card, prepaid data sim card, pay as you go simcard, pre paid sim cards, roaming data sim card, prepaid sim, travel sim, prepaid sim card, international sim card, data sim card, preloaded sim card, e sim card	0916FGDNJUD	MK_3_15	7.49		16/09/2025 18:04:30 BST		y	4			11				B0FRB59DJS						8721438405862				AMAZON_EU	Migrated Template	Inactive		
North Macedonia eSIM 5GB 30 Days | Pay As You Go Data SIM | Easy Setup | Travel SIM for Tourists & Business | 3G/4G Speeds	esim, esim card, prepaid sim card unlimited data, sim cards pay as you go, sim, sim card, simcard pay as you go, sim card for travel, best sim for holiday, pay as you go sim, sim cards, payg sim card, pre pay sim card, prepaid sim card, travel sim, data sim, sim card with data, pre loaded data sim cards, sim card prepaid, data only sim card roaming, prepaid sim card, prepaid data sim card, pay as you go simcard, pre paid sim cards, roaming data sim card, prepaid sim, travel sim, prepaid sim card, international sim card, data sim card, preloaded sim card, e sim card	0916FGDZCXB	MK_5_30	11.49		16/09/2025 18:04:30 BST		y	4			11				B0FR9WNHHX						8721438405879				AMAZON_EU	Migrated Template	Inactive		
Mali eSIM 3GB 15Days	esim, esim card, prepaid sim card unlimited data, sim cards pay as you go, sim, sim card, simcard pay as you go, sim card for travel, best sim for holiday, pay as you go sim, sim cards, payg sim card, pre pay sim card, prepaid sim card, travel sim, data sim, sim card with data, pre loaded data sim cards, sim card prepaid, data only sim card roaming, prepaid sim card, prepaid data sim card, pay as you go simcard, pre paid sim cards, roaming data sim card, prepaid sim, travel sim, prepaid sim card, international sim card, data sim card, preloaded sim card, e sim card	0916FG2IAIM	ML_3_15	23.49		16/09/2025 14:11:16 BST		y	4			11				B0FR9TRDSY						8721438405121				AMAZON_EU	Migrated Template	Inactive		
Mongolia eSIM 3GB 15 Days | Pay As You Go Data SIM | Easy Setup | Travel SIM for Tourists & Business | 3G/4G Speeds	esim, esim card, prepaid sim card unlimited data, sim cards pay as you go, sim, sim card, simcard pay as you go, sim card for travel, best sim for holiday, pay as you go sim, sim cards, payg sim card, pre pay sim card, prepaid sim card, travel sim, data sim, sim card with data, pre loaded data sim cards, sim card prepaid, data only sim card roaming, prepaid sim card, prepaid data sim card, pay as you go simcard, pre paid sim cards, roaming data sim card, prepaid sim, travel sim, prepaid sim card, international sim card, data sim card, preloaded sim card, e sim card	0916FFYLR99	MN_3_15	45.49		16/09/2025 14:12:41 BST		y	4			11				B0FR9LSYTX						8721438405343				AMAZON_EU	Migrated Template	Inactive		
Moldova eSIM 3GB 15 Days | Pay As You Go Data SIM | Easy Setup | Travel SIM for Tourists & Business | 3G/4G Speeds	Moldova eSIM 3GB 15Days - high speed internet - mobile data 5G compatible	0625HC2QAV9	MOLDOVA-3GB-15D	6.99		25/06/2026 17:58:28 BST		y	4			11				B0FR9CFQYY						8721438405299				AMAZON_EU	Migrated Template	Inactive		
Monaco eSIM 3GB 15 Days | Pay As You Go Data SIM | Easy Setup | Travel SIM for Tourists & Business | 3G/4G Speeds	Monaco eSIM 3GB 15Days - high speed internet - mobile data 5G compatible	0625HBOQ8VQ	MONACO-3GB-15D	52.99		25/06/2026 17:58:57 BST		y	4			11				B0FR9ZS6GM						8721438405312				AMAZON_EU	Migrated Template	Inactive		
Monaco eSIM 5GB 30 Days | Pay As You Go Data SIM | Easy Setup | Travel SIM for Tourists & Business | 3G/4G Speeds	Monaco eSIM 5GB 30Days - high speed internet - mobile data 5G compatible	0625HBT1M4L	MONACO-5GB-30D	72.99		25/06/2026 17:59:22 BST		y	4			11				B0FR9H1H4M						8721438405329				AMAZON_EU	Migrated Template	Inactive		
Mongolia eSIM 3GB 15 Days | Pay As You Go Data SIM | Easy Setup | Travel SIM for Tourists & Business | 3G/4G Speeds	Mongolia eSIM 3GB 15Days - high speed internet - mobile data 5G compatible	0625HC4UGFZ	MONGOLIA-3GB-15D	13.99		25/06/2026 17:59:51 BST		y	4			11				B0FR9LSYTX						8721438405343				AMAZON_EU	Migrated Template	Inactive		
Montenegro eSIM 3GB 15 Days | Pay As You Go Data SIM | Easy Setup | Travel SIM for Tourists & Business | 3G/4G Speeds	Montenegro eSIM 3GB 15Days - high speed internet - mobile data 5G compatible	0625HC5TLL8	MONTENEGRO-3GB-15D	6.99		25/06/2026 18:00:20 BST		y	4			11				B0FR9R5HR7						8721438405367				AMAZON_EU	Migrated Template	Inactive		
Montserrat eSIM 20GB 30Days	Montserrat eSIM 20GB 30Days - high speed internet - mobile data 5G compatible	0625HACI5LV	MONTSERRAT-20GB-30D	79.99		25/06/2026 10:14:38 BST		y	4			11				B0H6MG87HK						8721438409464				AMAZON_EU	Migrated Template	Inactive		
Montserrat eSIM 3GB 15Days	Montserrat eSIM 3GB 15Days - high speed internet - mobile data 5G compatible	0625HA9CCVF	MONTSERRAT-3GB-15D	21.99		25/06/2026 10:13:47 BST		y	4			11				B0H6MDJ2ZR						8721438409440				AMAZON_EU	Migrated Template	Inactive		
Montserrat eSIM 5GB 30Days	Montserrat eSIM 5GB 30Days - high speed internet - mobile data 5G compatible	0625HA9ERKO	MONTSERRAT-5GB-30D	28.99		25/06/2026 10:14:13 BST		y	4			11				B0H6MGQ1Y4						8721438409457				AMAZON_EU	Migrated Template	Inactive		
Morocco eSIM 5GB 30 Days | Pay As You Go Data SIM | Easy Setup | Travel SIM for Tourists & Business | 3G/4G Speeds | Free Travel Guide Inlcuded	Morocco eSIM 5GB 30Days - high speed internet - mobile data 5G compatible	0625HC5KCQE	MOROCCO-5GB-30D	11.99		25/06/2026 18:01:14 BST		y	4			11				B0FR9CDDQ8						8721438405404				AMAZON_EU	Migrated Template	Inactive		
Mozambique eSIM 20GB 30Days	Mozambique eSIM 20GB 30Days - high speed internet - mobile data 5G compatible	0625HC1Y81E	MOZAMBIQUE-20GB-30D	64.99		25/06/2026 18:02:34 BST		y	4			11				B0FR9CFLS7						8721438405480				AMAZON_EU	Migrated Template	Inactive		
Mozambique eSIM 3GB 15Days	Mozambique eSIM 3GB 15Days - high speed internet - mobile data 5G compatible	0625HBT5LNO	MOZAMBIQUE-3GB-15D	16.99		25/06/2026 18:02:09 BST		y	4			11				B0FRB1M6HK						8721438405473				AMAZON_EU	Migrated Template	Inactive		
Macao eSIM 20GB 30Days	esim, esim card, prepaid sim card unlimited data, sim cards pay as you go, sim, sim card, simcard pay as you go, sim card for travel, best sim for holiday, pay as you go sim, sim cards, payg sim card, pre pay sim card, prepaid sim card, travel sim, data sim, sim card with data, pre loaded data sim cards, sim card prepaid, data only sim card roaming, prepaid sim card, prepaid data sim card, pay as you go simcard, pre paid sim cards, roaming data sim card, prepaid sim, travel sim, prepaid sim card, international sim card, data sim card, preloaded sim card, e sim card	0916FG4RG6V	MO_20_30	10.99		16/09/2025 14:10:38 BST		y	4			11				B0FR9CDBN2						8721438404957				AMAZON_EU	Migrated Template	Inactive		
Macao eSIM 3GB 15Days	esim, esim card, prepaid sim card unlimited data, sim cards pay as you go, sim, sim card, simcard pay as you go, sim card for travel, best sim for holiday, pay as you go sim, sim cards, payg sim card, pre pay sim card, prepaid sim card, travel sim, data sim, sim card with data, pre loaded data sim cards, sim card prepaid, data only sim card roaming, prepaid sim card, prepaid data sim card, pay as you go simcard, pre paid sim cards, roaming data sim card, prepaid sim, travel sim, prepaid sim card, international sim card, data sim card, preloaded sim card, e sim card	0916FFNIM6J	MO_3_15	2.49		16/09/2025 14:10:38 BST		y	4			11				B0FR9M485M						8721438404919				AMAZON_EU	Migrated Template	Inactive		
Macao eSIM 5GB 30Days	esim, esim card, prepaid sim card unlimited data, sim cards pay as you go, sim, sim card, simcard pay as you go, sim card for travel, best sim for holiday, pay as you go sim, sim cards, payg sim card, pre pay sim card, prepaid sim card, travel sim, data sim, sim card with data, pre loaded data sim cards, sim card prepaid, data only sim card roaming, prepaid sim card, prepaid data sim card, pay as you go simcard, pre paid sim cards, roaming data sim card, prepaid sim, travel sim, prepaid sim card, international sim card, data sim card, preloaded sim card, e sim card	0916FFNI8JY	MO_5_30	3.49		16/09/2025 14:10:38 BST		y	4			11				B0FR9L9624						8721438404933				AMAZON_EU	Migrated Template	Inactive		
Malta eSIM 20GB 30Days	esim, esim card, prepaid sim card unlimited data, sim cards pay as you go, sim, sim card, simcard pay as you go, sim card for travel, best sim for holiday, pay as you go sim, sim cards, payg sim card, pre pay sim card, prepaid sim card, travel sim, data sim, sim card with data, pre loaded data sim cards, sim card prepaid, data only sim card roaming, prepaid sim card, prepaid data sim card, pay as you go simcard, pre paid sim cards, roaming data sim card, prepaid sim, travel sim, prepaid sim card, international sim card, data sim card, preloaded sim card, e sim card	0916FFWFCPA	MT_20_30	22.49		16/09/2025 14:11:25 BST		y	4			11				B0FR9VL1Q9						8721438405183				AMAZON_EU	Migrated Template	Inactive		
Malta eSIM 3GB 15Days	esim, esim card, prepaid sim card unlimited data, sim cards pay as you go, sim, sim card, simcard pay as you go, sim card for travel, best sim for holiday, pay as you go sim, sim cards, payg sim card, pre pay sim card, prepaid sim card, travel sim, data sim, sim card with data, pre loaded data sim cards, sim card prepaid, data only sim card roaming, prepaid sim card, prepaid data sim card, pay as you go simcard, pre paid sim cards, roaming data sim card, prepaid sim, travel sim, prepaid sim card, international sim card, data sim card, preloaded sim card, e sim card	0916FFXR7G0	MT_3_15	3.99		16/09/2025 14:11:25 BST		y	4			11				B0FR9M3PNR						8721438405145				AMAZON_EU	Migrated Template	Inactive		
Malta eSIM 5GB 30Days	esim, esim card, prepaid sim card unlimited data, sim cards pay as you go, sim, sim card, simcard pay as you go, sim card for travel, best sim for holiday, pay as you go sim, sim cards, payg sim card, pre pay sim card, prepaid sim card, travel sim, data sim, sim card with data, pre loaded data sim cards, sim card prepaid, data only sim card roaming, prepaid sim card, prepaid data sim card, pay as you go simcard, pre paid sim cards, roaming data sim card, prepaid sim, travel sim, prepaid sim card, international sim card, data sim card, preloaded sim card, e sim card	0916FF6NDS9	MT_5_30	7.49		16/09/2025 14:11:25 BST		y	4			11				B0FR9ZSMTC						8721438405169				AMAZON_EU	Migrated Template	Inactive		
Malawi eSIM 3GB 15Days	esim, esim card, prepaid sim card unlimited data, sim cards pay as you go, sim, sim card, simcard pay as you go, sim card for travel, best sim for holiday, pay as you go sim, sim cards, payg sim card, pre pay sim card, prepaid sim card, travel sim, data sim, sim card with data, pre loaded data sim cards, sim card prepaid, data only sim card roaming, prepaid sim card, prepaid data sim card, pay as you go simcard, pre paid sim cards, roaming data sim card, prepaid sim, travel sim, prepaid sim card, international sim card, data sim card, preloaded sim card, e sim card	0916FFYV94J	MW_3_15	18.99		16/09/2025 14:10:57 BST		y	4			11				B0FR9H3JDK						8721438405008				AMAZON_EU	Migrated Template	Inactive		
Malawi eSIM 5GB 30Days	esim, esim card, prepaid sim card unlimited data, sim cards pay as you go, sim, sim card, simcard pay as you go, sim card for travel, best sim for holiday, pay as you go sim, sim cards, payg sim card, pre pay sim card, prepaid sim card, travel sim, data sim, sim card with data, pre loaded data sim cards, sim card prepaid, data only sim card roaming, prepaid sim card, prepaid data sim card, pay as you go simcard, pre paid sim cards, roaming data sim card, prepaid sim, travel sim, prepaid sim card, international sim card, data sim card, preloaded sim card, e sim card	0916FFYSVDL	MW_5_30	27.99		16/09/2025 14:10:57 BST		y	4			11				B0FR9GXY24						8721438405015				AMAZON_EU	Migrated Template	Inactive		
Mexico eSIM 20GB 30Days	esim, esim card, mexico esim card, esim mexico, data sim mexico, mexico data sim, prepaid sim card unlimited data, sim cards pay as you go, sim, sim card, simcard pay as you go, sim card for travel, best sim for holiday, pay as you go sim, sim cards, payg sim card, pre pay sim card, prepaid sim card, travel sim, data sim, sim card with data, pre loaded data sim cards, sim card prepaid, data only sim card roaming, prepaid sim card, prepaid data sim card, pay as you go simcard, pre paid sim cards, roaming data sim card, prepaid sim, travel sim, prepaid sim card, international sim card, data sim card, preloaded sim card, e sim card	0916FFNH90F	MX_20_30	33.49		16/09/2025 14:11:45 BST		y	4			11				B0FR9VDSJX						8721438405244				AMAZON_EU	Migrated Template	Inactive		
Mexico eSIM 3GB 15Days	esim, esim card, mexico esim card, esim mexico, data sim mexico, mexico data sim, prepaid sim card unlimited data, sim cards pay as you go, sim, sim card, simcard pay as you go, sim card for travel, best sim for holiday, pay as you go sim, sim cards, payg sim card, pre pay sim card, prepaid sim card, travel sim, data sim, sim card with data, pre loaded data sim cards, sim card prepaid, data only sim card roaming, prepaid sim card, prepaid data sim card, pay as you go simcard, pre paid sim cards, roaming data sim card, prepaid sim, travel sim, prepaid sim card, international sim card, data sim card, preloaded sim card, e sim card	0916FFW9XBO	MX_3_15	7.49		16/09/2025 14:11:45 BST		y	4			11				B0FR9SZSTG						8721438405220				AMAZON_EU	Migrated Template	Inactive		
Mexico eSIM 5GB 30Days	esim, esim card, mexico esim card, esim mexico, data sim mexico, mexico data sim, prepaid sim card unlimited data, sim cards pay as you go, sim, sim card, simcard pay as you go, sim card for travel, best sim for holiday, pay as you go sim, sim cards, payg sim card, pre pay sim card, prepaid sim card, travel sim, data sim, sim card with data, pre loaded data sim cards, sim card prepaid, data only sim card roaming, prepaid sim card, prepaid data sim card, pay as you go simcard, pre paid sim cards, roaming data sim card, prepaid sim, travel sim, prepaid sim card, international sim card, data sim card, preloaded sim card, e sim card	0916FF6K0KA	MX_5_30	11.49		16/09/2025 14:11:45 BST		y	4			11				B0FR9H2K1C						8721438405237				AMAZON_EU	Migrated Template	Inactive		
Mozambique eSIM 20GB 30Days	esim, esim card, prepaid sim card unlimited data, sim cards pay as you go, sim, sim card, simcard pay as you go, sim card for travel, best sim for holiday, pay as you go sim, sim cards, payg sim card, pre pay sim card, prepaid sim card, travel sim, data sim, sim card with data, pre loaded data sim cards, sim card prepaid, data only sim card roaming, prepaid sim card, prepaid data sim card, pay as you go simcard, pre paid sim cards, roaming data sim card, prepaid sim, travel sim, prepaid sim card, international sim card, data sim card, preloaded sim card, e sim card	0916FF6NTO3	MZ_20_30	83.99		16/09/2025 14:17:38 BST		y	4			11				B0FR9CFLS7						8721438405480				AMAZON_EU	Migrated Template	Inactive		
Mozambique eSIM 3GB 15Days	esim, esim card, prepaid sim card unlimited data, sim cards pay as you go, sim, sim card, simcard pay as you go, sim card for travel, best sim for holiday, pay as you go sim, sim cards, payg sim card, pre pay sim card, prepaid sim card, travel sim, data sim, sim card with data, pre loaded data sim cards, sim card prepaid, data only sim card roaming, prepaid sim card, prepaid data sim card, pay as you go simcard, pre paid sim cards, roaming data sim card, prepaid sim, travel sim, prepaid sim card, international sim card, data sim card, preloaded sim card, e sim card	0916FFZ3Z76	MZ_3_15	18.99		16/09/2025 14:17:38 BST		y	4			11				B0FRB1M6HK						8721438405473				AMAZON_EU	Migrated Template	Inactive		
North America (3 areas) eSIM 1GB 30 Days | Prepaid International Travel SIM | Pay As You Go Data SIM | Easy Setup | 3G/4G Speeds	esim, esim card, north america esim, data sim card north america, esim north america, north america data sim, north america sim card, sim card north america, prepaid sim card unlimited data, sim cards pay as you go, sim, sim card, simcard pay as you go, sim card for travel, best sim for holiday, pay as you go sim, sim cards, payg sim card, pre pay sim card, prepaid sim card, travel sim, data sim, sim card with data, pre loaded data sim cards, sim card prepaid, data only sim card roaming, prepaid sim card, prepaid data sim card, pay as you go simcard, pre paid sim cards, roaming data sim card, prepaid sim, travel sim, prepaid sim card, international sim card, data sim card, preloaded sim card, e sim card	0916FGECU00	NA-3_1_30	3.49		16/09/2025 18:04:19 BST		y	4			11				B0FRBVJ97P						8721438405756				AMAZON_EU	Migrated Template	Inactive		
North America (3 areas) eSIM 5GB 30 Days | Prepaid International Travel SIM | Pay As You Go Data SIM | Easy Setup | 3G/4G Speeds	esim, esim card, north america esim, data sim card north america, esim north america, north america data sim, north america sim card, sim card north america, prepaid sim card unlimited data, sim cards pay as you go, sim, sim card, simcard pay as you go, sim card for travel, best sim for holiday, pay as you go sim, sim cards, payg sim card, pre pay sim card, prepaid sim card, travel sim, data sim, sim card with data, pre loaded data sim cards, sim card prepaid, data only sim card roaming, prepaid sim card, prepaid data sim card, pay as you go simcard, pre paid sim cards, roaming data sim card, prepaid sim, travel sim, prepaid sim card, international sim card, data sim card, preloaded sim card, e sim card	0916FGEDM2I	NA-3_5_30	11.49		16/09/2025 18:04:19 BST		y	4			11				B0FRBDQ8H5						8721438405794				AMAZON_EU	Migrated Template	Inactive		
Nepal eSIM 3GB 15Days	Nepal eSIM 3GB 15Days - high speed internet - mobile data 5G compatible	0625HBZTVCP	NEPAL-3GB-15D	11.99		25/06/2026 18:03:03 BST		y	4			11				B0FRB1TD7L						8721438405503				AMAZON_EU	Migrated Template	Inactive		
New Zealand eSIM 20GB 30Days	New Zealand eSIM 20GB 30Days - high speed internet - mobile data 5G compatible	0625HC4FN3U	NEW-ZEALAND-20GB-30D	20.99		25/06/2026 18:05:43 BST		y	4			11				B0FRB1TWT8						8721438405626				AMAZON_EU	Migrated Template	Inactive		
New Zealand eSIM 3GB 15Days	New Zealand eSIM 3GB 15Days - high speed internet - mobile data 5G compatible	0625HBZZ2Q7	NEW-ZEALAND-3GB-15D	7.99		25/06/2026 18:04:52 BST		y	4			11				B0FR9NKXF5						8721438405596				AMAZON_EU	Migrated Template	Inactive		
New Zealand eSIM 5GB 30Days	New Zealand eSIM 5GB 30Days - high speed internet - mobile data 5G compatible	0625HBZYJJA	NEW-ZEALAND-5GB-30D	9.99		25/06/2026 18:05:17 BST		y	4			11				B0FR9NHFWQ						8721438405602				AMAZON_EU	Migrated Template	Inactive		
Niger eSIM 3GB 15 Days | Pay As You Go Data SIM | Easy Setup | Travel SIM for Tourists & Business | 3G/4G Speeds	esim, esim card, prepaid sim card unlimited data, sim cards pay as you go, sim, sim card, simcard pay as you go, sim card for travel, best sim for holiday, pay as you go sim, sim cards, payg sim card, pre pay sim card, prepaid sim card, travel sim, data sim, sim card with data, pre loaded data sim cards, sim card prepaid, data only sim card roaming, prepaid sim card, prepaid data sim card, pay as you go simcard, pre paid sim cards, roaming data sim card, prepaid sim, travel sim, prepaid sim card, international sim card, data sim card, preloaded sim card, e sim card	0916FGCUV9H	NE_3_15	23.49		16/09/2025 18:04:00 BST		y	4			11				B0FR9NPT1H						8721438405718				AMAZON_EU	Migrated Template	Inactive		
Nigeria eSIM 3GB 15 Days | Pay As You Go Prepaid Data SIM | Easy Setup | Travel SIM for Tourists & Business | 3G/4G Speeds	esim, esim card, prepaid sim card unlimited data, sim cards pay as you go, sim, sim card, simcard pay as you go, sim card for travel, best sim for holiday, pay as you go sim, sim cards, payg sim card, pre pay sim card, prepaid sim card, travel sim, data sim, sim card with data, pre loaded data sim cards, sim card prepaid, data only sim card roaming, prepaid sim card, prepaid data sim card, pay as you go simcard, pre paid sim cards, roaming data sim card, prepaid sim, travel sim, prepaid sim card, international sim card, data sim card, preloaded sim card, e sim card	0916FGEVWGO	NG_3_15	14.99		16/09/2025 18:04:09 BST		y	4			11				B0FR9X17QY						8721438405732				AMAZON_EU	Migrated Template	Inactive		
Nicaragua eSIM 3GB 15Days	Nicaragua eSIM 3GB 15Days - high speed internet - mobile data 5G compatible	0625HBTB1H0	NICARAGUA-3GB-15D	11.99		25/06/2026 18:06:12 BST		y	4			11				B0FRB33MPG						8721438405695				AMAZON_EU	Migrated Template	Inactive		
Niger eSIM 3GB 15 Days | Pay As You Go Data SIM | Easy Setup | Travel SIM for Tourists & Business | 3G/4G Speeds	Niger eSIM 3GB 15Days - high speed internet - mobile data 5G compatible	0625HBTGLPU	NIGER-3GB-15D	14.99		25/06/2026 18:06:40 BST		y	4			11				B0FR9NPT1H						8721438405718				AMAZON_EU	Migrated Template	Inactive		
Nigeria eSIM 3GB 15 Days | Pay As You Go Prepaid Data SIM | Easy Setup | Travel SIM for Tourists & Business | 3G/4G Speeds	Nigeria eSIM 3GB 15Days - high speed internet - mobile data 5G compatible	0625HC4L21E	NIGERIA-3GB-15D	11.99		25/06/2026 18:07:10 BST		y	4			11				B0FR9X17QY						8721438405732				AMAZON_EU	Migrated Template	Inactive		
Nicaragua eSIM 3GB 15Days	esim, esim card, prepaid sim card unlimited data, sim cards pay as you go, sim, sim card, simcard pay as you go, sim card for travel, best sim for holiday, pay as you go sim, sim cards, payg sim card, pre pay sim card, prepaid sim card, travel sim, data sim, sim card with data, pre loaded data sim cards, sim card prepaid, data only sim card roaming, prepaid sim card, prepaid data sim card, pay as you go simcard, pre paid sim cards, roaming data sim card, prepaid sim, travel sim, prepaid sim card, international sim card, data sim card, preloaded sim card, e sim card	0916FFPF093	NI_3_15	14.99		16/09/2025 18:03:50 BST		y	4			11				B0FRB33MPG						8721438405695				AMAZON_EU	Migrated Template	Inactive		
North America (3 areas) eSIM 5GB 30 Days | Prepaid International Travel SIM | Pay As You Go Data SIM | Easy Setup | 3G/4G Speeds	North America eSIM 5GB 30Days - high speed internet - mobile data 5G compatible	0625HC1HY9H	NORTH-AMERICA-5GB-30D	12.99		25/06/2026 18:07:39 BST		y	4			11				B0FRBDQ8H5						8721438405794				AMAZON_EU	Migrated Template	Inactive		
North Macedonia eSIM 3GB 15 Days | Pay As You Go Data SIM | Easy Setup | Travel SIM for Tourists & Business | 3G/4G Speeds	North Macedonia eSIM 3GB 15Days - high speed internet - mobile data 5G compatible	0625HC276Y0	NORTH-MACEDONIA-3GB-15D	7.99		25/06/2026 18:08:08 BST		y	4			11				B0FRB59DJS						8721438405862				AMAZON_EU	Migrated Template	Inactive		
North Macedonia eSIM 5GB 30 Days | Pay As You Go Data SIM | Easy Setup | Travel SIM for Tourists & Business | 3G/4G Speeds	North Macedonia eSIM 5GB 30Days - high speed internet - mobile data 5G compatible	0625HC244SD	NORTH-MACEDONIA-5GB-30D	11.99		25/06/2026 18:08:33 BST		y	4			11				B0FR9WNHHX						8721438405879				AMAZON_EU	Migrated Template	Inactive		
Norway eSIM 20GB 30Days	Norway eSIM 20GB 30Days - high speed internet - mobile data 5G compatible	0625HC1KE86	NORWAY-20GB-30D	12.99		25/06/2026 18:09:53 BST		y	4			11				B0FRB572L8						8721438405930				AMAZON_EU	Migrated Template	Inactive		
Norway eSIM 3GB 15Days	Norway eSIM 3GB 15Days - high speed internet - mobile data 5G compatible	0625HBTDOV4	NORWAY-3GB-15D	6.99		25/06/2026 18:09:02 BST		y	4			11				B0FR9WNK2H						8721438405893				AMAZON_EU	Migrated Template	Inactive		
Norway eSIM 5GB 30Days	Norway eSIM 5GB 30Days - high speed internet - mobile data 5G compatible	0625HC2PMIR	NORWAY-5GB-30D	7.99		25/06/2026 18:09:28 BST		y	4			11				B0FRBNPZ9D						8721438405916				AMAZON_EU	Migrated Template	Inactive		
Norway eSIM 20GB 30Days	esim, esim card, prepaid sim card unlimited data, sim cards pay as you go, sim, sim card, simcard pay as you go, sim card for travel, best sim for holiday, pay as you go sim, sim cards, payg sim card, pre pay sim card, prepaid sim card, travel sim, data sim, sim card with data, pre loaded data sim cards, sim card prepaid, data only sim card roaming, prepaid sim card, prepaid data sim card, pay as you go simcard, pre paid sim cards, roaming data sim card, prepaid sim, travel sim, prepaid sim card, international sim card, data sim card, preloaded sim card, e sim card	0916FFPFU84	NO_20_30	10.99		16/09/2025 18:04:40 BST		y	4			11				B0FRB572L8						8721438405930				AMAZON_EU	Migrated Template	Inactive		
Norway eSIM 3GB 15Days	esim, esim card, prepaid sim card unlimited data, sim cards pay as you go, sim, sim card, simcard pay as you go, sim card for travel, best sim for holiday, pay as you go sim, sim cards, payg sim card, pre pay sim card, prepaid sim card, travel sim, data sim, sim card with data, pre loaded data sim cards, sim card prepaid, data only sim card roaming, prepaid sim card, prepaid data sim card, pay as you go simcard, pre paid sim cards, roaming data sim card, prepaid sim, travel sim, prepaid sim card, international sim card, data sim card, preloaded sim card, e sim card	0916FGCSG9Z	NO_3_15	2.49		16/09/2025 18:04:40 BST		y	4			11				B0FR9WNK2H						8721438405893				AMAZON_EU	Migrated Template	Inactive		
Norway eSIM 5GB 30Days	esim, esim card, prepaid sim card unlimited data, sim cards pay as you go, sim, sim card, simcard pay as you go, sim card for travel, best sim for holiday, pay as you go sim, sim cards, payg sim card, pre pay sim card, prepaid sim card, travel sim, data sim, sim card with data, pre loaded data sim cards, sim card prepaid, data only sim card roaming, prepaid sim card, prepaid data sim card, pay as you go simcard, pre paid sim cards, roaming data sim card, prepaid sim, travel sim, prepaid sim card, international sim card, data sim card, preloaded sim card, e sim card	0916FGBY0CD	NO_5_30	3.49		16/09/2025 18:04:40 BST		y	4			11				B0FRBNPZ9D						8721438405916				AMAZON_EU	Migrated Template	Inactive		
Nepal eSIM 3GB 15Days	esim, esim card, prepaid sim card unlimited data, sim cards pay as you go, sim, sim card, simcard pay as you go, sim card for travel, best sim for holiday, pay as you go sim, sim cards, payg sim card, pre pay sim card, prepaid sim card, travel sim, data sim, sim card with data, pre loaded data sim cards, sim card prepaid, data only sim card roaming, prepaid sim card, prepaid data sim card, pay as you go simcard, pre paid sim cards, roaming data sim card, prepaid sim, travel sim, prepaid sim card, international sim card, data sim card, preloaded sim card, e sim card	0916FGEU31I	NP_3_15	27.99		16/09/2025 18:03:20 BST		y	4			11				B0FRB1TD7L						8721438405503				AMAZON_EU	Migrated Template	Inactive		
New Zealand eSIM 20GB 30Days	esim, esim card, new zealnad esim, data sim new zealand, esim card new zealand, sim card new zealand, prepaid sim card unlimited data, sim cards pay as you go, sim, sim card, simcard pay as you go, sim card for travel, best sim for holiday, pay as you go sim, sim cards, payg sim card, pre pay sim card, prepaid sim card, travel sim, data sim, sim card with data, pre loaded data sim cards, sim card prepaid, data only sim card roaming, prepaid sim card, prepaid data sim card, pay as you go simcard, pre paid sim cards, roaming data sim card, prepaid sim, travel sim, prepaid sim card, international sim card, data sim card, preloaded sim card, e sim card	0916FFPGQLR	NZ_20_30	18.49		16/09/2025 18:03:41 BST		y	4			11				B0FRB1TWT8						8721438405626				AMAZON_EU	Migrated Template	Inactive		
New Zealand eSIM 3GB 15Days	esim, esim card, new zealnad esim, data sim new zealand, esim card new zealand, sim card new zealand, prepaid sim card unlimited data, sim cards pay as you go, sim, sim card, simcard pay as you go, sim card for travel, best sim for holiday, pay as you go sim, sim cards, payg sim card, pre pay sim card, prepaid sim card, travel sim, data sim, sim card with data, pre loaded data sim cards, sim card prepaid, data only sim card roaming, prepaid sim card, prepaid data sim card, pay as you go simcard, pre paid sim cards, roaming data sim card, prepaid sim, travel sim, prepaid sim card, international sim card, data sim card, preloaded sim card, e sim card	0916FGEYKR1	NZ_3_15	3.99		16/09/2025 18:03:41 BST		y	4			11				B0FR9NKXF5						8721438405596				AMAZON_EU	Migrated Template	Inactive		
New Zealand eSIM 5GB 30Days	esim, esim card, new zealnad esim, data sim new zealand, esim card new zealand, sim card new zealand, prepaid sim card unlimited data, sim cards pay as you go, sim, sim card, simcard pay as you go, sim card for travel, best sim for holiday, pay as you go sim, sim cards, payg sim card, pre pay sim card, prepaid sim card, travel sim, data sim, sim card with data, pre loaded data sim cards, sim card prepaid, data only sim card roaming, prepaid sim card, prepaid data sim card, pay as you go simcard, pre paid sim cards, roaming data sim card, prepaid sim, travel sim, prepaid sim card, international sim card, data sim card, preloaded sim card, e sim card	0916FFPGP4F	NZ_5_30	6.99		16/09/2025 18:03:41 BST		y	4			11				B0FR9NHFWQ						8721438405602				AMAZON_EU	Migrated Template	Inactive		
Oman eSIM 20GB 30Days	Oman eSIM 20GB 30Days - high speed internet - mobile data 5G compatible	0625HC010S8	OMAN-20GB-30D	27.99		25/06/2026 18:10:47 BST		y	4			11				B0FRB4R3FK						8721438405992				AMAZON_EU	Migrated Template	Inactive		
Oman eSIM 3GB 15Days	Oman eSIM 3GB 15Days - high speed internet - mobile data 5G compatible	0625HBWND4A	OMAN-3GB-15D	9.99		25/06/2026 18:10:22 BST		y	4			11				B0FRB4BL4W						8721438405978				AMAZON_EU	Migrated Template	Inactive		
Oman eSIM 20GB 30Days	esim, esim card, prepaid sim card unlimited data, sim cards pay as you go, sim, sim card, simcard pay as you go, sim card for travel, best sim for holiday, pay as you go sim, sim cards, payg sim card, pre pay sim card, prepaid sim card, travel sim, data sim, sim card with data, pre loaded data sim cards, sim card prepaid, data only sim card roaming, prepaid sim card, prepaid data sim card, pay as you go simcard, pre paid sim cards, roaming data sim card, prepaid sim, travel sim, prepaid sim card, international sim card, data sim card, preloaded sim card, e sim card	0916FG0Q6B8	OM_20_30	59.99		16/09/2025 18:06:53 BST		y	4			11				B0FRB4R3FK						8721438405992				AMAZON_EU	Migrated Template	Inactive		
Oman eSIM 3GB 15Days	esim, esim card, prepaid sim card unlimited data, sim cards pay as you go, sim, sim card, simcard pay as you go, sim card for travel, best sim for holiday, pay as you go sim, sim cards, payg sim card, pre pay sim card, prepaid sim card, travel sim, data sim, sim card with data, pre loaded data sim cards, sim card prepaid, data only sim card roaming, prepaid sim card, prepaid data sim card, pay as you go simcard, pre paid sim cards, roaming data sim card, prepaid sim, travel sim, prepaid sim card, international sim card, data sim card, preloaded sim card, e sim card	0916FFPFNH1	OM_3_15	11.49		16/09/2025 18:06:53 BST		y	4			11				B0FRB4BL4W						8721438405978				AMAZON_EU	Migrated Template	Inactive		
Pakistan eSIM 20GB 30Days	Pakistan eSIM 20GB 30Days - high speed internet - mobile data 5G compatible	0625HC2X3YS	PAKISTAN-20GB-30D	18.99		25/06/2026 18:12:07 BST		y	4			11				B0FRB691X8						8721438406050				AMAZON_EU	Migrated Template	Inactive		
Pakistan eSIM 3GB 15Days	Pakistan eSIM 3GB 15Days - high speed internet - mobile data 5G compatible	0625HBOZ4R9	PAKISTAN-3GB-15D	6.99		25/06/2026 18:11:16 BST		y	4			11				B0FRB4HL3B						8721438406012				AMAZON_EU	Migrated Template	Inactive		
Pakistan eSIM 5GB 30Days	Pakistan eSIM 5GB 30Days - high speed internet - mobile data 5G compatible	0625HBWNOG0	PAKISTAN-5GB-30D	8.99		25/06/2026 18:11:42 BST		y	4			11				B0FRB48QKZ						8721438406036				AMAZON_EU	Migrated Template	Inactive		
Panama eSIM 3GB 15Days	Panama eSIM 3GB 15Days - high speed internet - mobile data 5G compatible	0625HBTHYJA	PANAMA-3GB-15D	13.99		25/06/2026 18:12:36 BST		y	4			11				B0FRB3VFW6						8721438406074				AMAZON_EU	Migrated Template	Inactive		
Paraguay eSIM 3GB 15Days	Paraguay eSIM 3GB 15Days - high speed internet - mobile data 5G compatible	0625HBZ5HWQ	PARAGUAY-3GB-15D	11.99		25/06/2026 18:13:05 BST		y	4			11				B0FRB3V7CS						8721438406098				AMAZON_EU	Migrated Template	Inactive		
Panama eSIM 3GB 15Days	esim, esim card, prepaid sim card unlimited data, sim cards pay as you go, sim, sim card, simcard pay as you go, sim card for travel, best sim for holiday, pay as you go sim, sim cards, payg sim card, pre pay sim card, prepaid sim card, travel sim, data sim, sim card with data, pre loaded data sim cards, sim card prepaid, data only sim card roaming, prepaid sim card, prepaid data sim card, pay as you go simcard, pre paid sim cards, roaming data sim card, prepaid sim, travel sim, prepaid sim card, international sim card, data sim card, preloaded sim card, e sim card	0916FGEVWYI	PA_3_15	14.99		16/09/2025 18:07:14 BST		y	4			11				B0FRB3VFW6						8721438406074				AMAZON_EU	Migrated Template	Inactive		
Peru eSIM 20GB 30Days	Peru eSIM 20GB 30Days - high speed internet - mobile data 5G compatible	0625HA0NSVS	PERU-20GB-30D	35.99		25/06/2026 09:28:48 BST		y	4			11				B0H6M8BLBD						8721438406128				AMAZON_EU	Migrated Template	Inactive		
Peru eSIM 3GB 15Days	Peru eSIM 3GB 15Days - high speed internet - mobile data 5G compatible	0625HAKPAOO	PERU-3GB-15D	11.99		25/06/2026 09:28:22 BST		y	4			11				B0H6M5WW3B						8721438406111				AMAZON_EU	Migrated Template	Inactive		
Pakistan eSIM 20GB 30Days	esim, esim card, prepaid sim card unlimited data, sim cards pay as you go, sim, sim card, simcard pay as you go, sim card for travel, best sim for holiday, pay as you go sim, sim cards, payg sim card, pre pay sim card, prepaid sim card, travel sim, data sim, sim card with data, pre loaded data sim cards, sim card prepaid, data only sim card roaming, prepaid sim card, prepaid data sim card, pay as you go simcard, pre paid sim cards, roaming data sim card, prepaid sim, travel sim, prepaid sim card, international sim card, data sim card, preloaded sim card, e sim card	0916FG0P0A8	PK_20_30	26.49		16/09/2025 18:07:02 BST		y	4			11				B0FRB691X8						8721438406050				AMAZON_EU	Migrated Template	Inactive		
Pakistan eSIM 3GB 15Days	esim, esim card, prepaid sim card unlimited data, sim cards pay as you go, sim, sim card, simcard pay as you go, sim card for travel, best sim for holiday, pay as you go sim, sim cards, payg sim card, pre pay sim card, prepaid sim card, travel sim, data sim, sim card with data, pre loaded data sim cards, sim card prepaid, data only sim card roaming, prepaid sim card, prepaid data sim card, pay as you go simcard, pre paid sim cards, roaming data sim card, prepaid sim, travel sim, prepaid sim card, international sim card, data sim card, preloaded sim card, e sim card	0916FGF7MDI	PK_3_15	6.49		16/09/2025 18:07:02 BST		y	4			11				B0FRB4HL3B						8721438406012				AMAZON_EU	Migrated Template	Inactive		
Pakistan eSIM 5GB 30Days	esim, esim card, prepaid sim card unlimited data, sim cards pay as you go, sim, sim card, simcard pay as you go, sim card for travel, best sim for holiday, pay as you go sim, sim cards, payg sim card, pre pay sim card, prepaid sim card, travel sim, data sim, sim card with data, pre loaded data sim cards, sim card prepaid, data only sim card roaming, prepaid sim card, prepaid data sim card, pay as you go simcard, pre paid sim cards, roaming data sim card, prepaid sim, travel sim, prepaid sim card, international sim card, data sim card, preloaded sim card, e sim card	0916FGCXXNH	PK_5_30	9.49		16/09/2025 18:07:02 BST		y	4			11				B0FRB48QKZ						8721438406036				AMAZON_EU	Migrated Template	Inactive		
Puerto Rico eSIM 3GB 15 Days | Prepaid Travel eSIM | Pay As You Go Digital SIM | Easy Setup | Data SIM for Tourists & Business | 3G/4G Speeds	esim, esim card, prepaid sim card unlimited data, sim cards pay as you go, sim, sim card, simcard pay as you go, sim card for travel, best sim for holiday, pay as you go sim, sim cards, payg sim card, pre pay sim card, prepaid sim card, travel sim, data sim, sim card with data, pre loaded data sim cards, sim card prepaid, data only sim card roaming, prepaid sim card, prepaid data sim card, pay as you go simcard, pre paid sim cards, roaming data sim card, prepaid sim, travel sim, prepaid sim card, international sim card, data sim card, preloaded sim card, e sim card	0916FGEITIS	PR_3_15	9.49		16/09/2025 18:08:42 BST		y	4			11				B0FRB5MSF1						8721438406388				AMAZON_EU	Migrated Template	Inactive		
Puerto Rico eSIM 5GB 30 Days | Prepaid Travel eSIM | Pay As You Go Digital SIM | Easy Setup | Data SIM for Tourists & Business | 3G/4G Speeds	esim, esim card, prepaid sim card unlimited data, sim cards pay as you go, sim, sim card, simcard pay as you go, sim card for travel, best sim for holiday, pay as you go sim, sim cards, payg sim card, pre pay sim card, prepaid sim card, travel sim, data sim, sim card with data, pre loaded data sim cards, sim card prepaid, data only sim card roaming, prepaid sim card, prepaid data sim card, pay as you go simcard, pre paid sim cards, roaming data sim card, prepaid sim, travel sim, prepaid sim card, international sim card, data sim card, preloaded sim card, e sim card	0916FGEUMC8	PR_5_30	14.49		16/09/2025 18:08:42 BST		y	4			11				B0FR9WMX9V						8721438406395				AMAZON_EU	Migrated Template	Inactive		
Puerto Rico eSIM 3GB 15 Days | Prepaid Travel eSIM | Pay As You Go Digital SIM | Easy Setup | Data SIM for Tourists & Business | 3G/4G Speeds	Puerto Rico eSIM 3GB 15Days - high speed internet - mobile data 5G compatible	0625HBWMEQ6	PUERTO-RICO-3GB-15D	9.99		25/06/2026 18:17:33 BST		y	4			11				B0FRB5MSF1						8721438406388				AMAZON_EU	Migrated Template	Inactive		
Puerto Rico eSIM 5GB 30 Days | Prepaid Travel eSIM | Pay As You Go Digital SIM | Easy Setup | Data SIM for Tourists & Business | 3G/4G Speeds	Puerto Rico eSIM 5GB 30Days - high speed internet - mobile data 5G compatible	0625HBTHR2B	PUERTO-RICO-5GB-30D	11.99		25/06/2026 18:17:59 BST		y	4			11				B0FR9WMX9V						8721438406395				AMAZON_EU	Migrated Template	Inactive		
Paraguay eSIM 3GB 15Days	esim, esim card, prepaid sim card unlimited data, sim cards pay as you go, sim, sim card, simcard pay as you go, sim card for travel, best sim for holiday, pay as you go sim, sim cards, payg sim card, pre pay sim card, prepaid sim card, travel sim, data sim, sim card with data, pre loaded data sim cards, sim card prepaid, data only sim card roaming, prepaid sim card, prepaid data sim card, pay as you go simcard, pre paid sim cards, roaming data sim card, prepaid sim, travel sim, prepaid sim card, international sim card, data sim card, preloaded sim card, e sim card	0916FGF7MGS	PY_3_15	14.99		16/09/2025 18:07:24 BST		y	4			11				B0FRB3V7CS						8721438406098				AMAZON_EU	Migrated Template	Inactive		
Qatar eSIM 20GB 30Days	Qatar eSIM 20GB 30Days - high speed internet - mobile data 5G compatible	0625HC1DQKZ	QATAR-20GB-30D	26.99		25/06/2026 18:19:19 BST		y	4			11				B0FR9X3QGM						8721438406449				AMAZON_EU	Migrated Template	Inactive		
Qatar eSIM 3GB 15Days	Qatar eSIM 3GB 15Days - high speed internet - mobile data 5G compatible	0625HC192UM	QATAR-3GB-15D	8.99		25/06/2026 18:18:28 BST		y	4			11				B0FR9NXH43						8721438406418				AMAZON_EU	Migrated Template	Inactive		
Qatar eSIM 5GB 30Days	Qatar eSIM 5GB 30Days - high speed internet - mobile data 5G compatible	0625HC54K5K	QATAR-5GB-30D	14.99		25/06/2026 18:18:53 BST		y	4			11				B0FR9X5KB1						8721438406432				AMAZON_EU	Migrated Template	Inactive		
Qatar eSIM 20GB 30Days	esim, esim card, prepaid sim card unlimited data, sim cards pay as you go, sim, sim card, simcard pay as you go, sim card for travel, best sim for holiday, pay as you go sim, sim cards, payg sim card, pre pay sim card, prepaid sim card, travel sim, data sim, sim card with data, pre loaded data sim cards, sim card prepaid, data only sim card roaming, prepaid sim card, prepaid data sim card, pay as you go simcard, pre paid sim cards, roaming data sim card, prepaid sim, travel sim, prepaid sim card, international sim card, data sim card, preloaded sim card, e sim card	0916FGFM4UR	QA_20_30	53.49		16/09/2025 18:10:11 BST		y	4			11				B0FR9X3QGM						8721438406449				AMAZON_EU	Migrated Template	Inactive		
Qatar eSIM 3GB 15Days	esim, esim card, prepaid sim card unlimited data, sim cards pay as you go, sim, sim card, simcard pay as you go, sim card for travel, best sim for holiday, pay as you go sim, sim cards, payg sim card, pre pay sim card, prepaid sim card, travel sim, data sim, sim card with data, pre loaded data sim cards, sim card prepaid, data only sim card roaming, prepaid sim card, prepaid data sim card, pay as you go simcard, pre paid sim cards, roaming data sim card, prepaid sim, travel sim, prepaid sim card, international sim card, data sim card, preloaded sim card, e sim card	0916FFPEQ1F	QA_3_15	11.99		16/09/2025 18:10:11 BST		y	4			11				B0FR9NXH43						8721438406418				AMAZON_EU	Migrated Template	Inactive		
Qatar eSIM 5GB 30Days	esim, esim card, prepaid sim card unlimited data, sim cards pay as you go, sim, sim card, simcard pay as you go, sim card for travel, best sim for holiday, pay as you go sim, sim cards, payg sim card, pre pay sim card, prepaid sim card, travel sim, data sim, sim card with data, pre loaded data sim cards, sim card prepaid, data only sim card roaming, prepaid sim card, prepaid data sim card, pay as you go simcard, pre paid sim cards, roaming data sim card, prepaid sim, travel sim, prepaid sim card, international sim card, data sim card, preloaded sim card, e sim card	0916FGE9ZPN	QA_5_30	18.49		16/09/2025 18:10:11 BST		y	4			11				B0FR9X5KB1						8721438406432				AMAZON_EU	Migrated Template	Inactive		
Republic of the Congo eSIM 20GB 30Days	Republic of the Congo eSIM 20GB 30Days - high speed internet - mobile data 5G compatible	0625HAIO4WL	REPUBLIC-OF-THE-CONGO-20GB-30D	65.99		25/06/2026 10:15:58 BST		y	4			11				B0H6MJ756Y						8721438409495				AMAZON_EU	Migrated Template	Inactive		
Republic of the Congo eSIM 3GB 15Days	Republic of the Congo eSIM 3GB 15Days - high speed internet - mobile data 5G compatible	0625HA935C0	REPUBLIC-OF-THE-CONGO-3GB-15D	18.99		25/06/2026 10:15:07 BST		y	4			11				B0H6MM6DKT						8721438409471				AMAZON_EU	Migrated Template	Inactive		
Republic of the Congo eSIM 5GB 30Days	Republic of the Congo eSIM 5GB 30Days - high speed internet - mobile data 5G compatible	0625HA1GOUI	REPUBLIC-OF-THE-CONGO-5GB-30D	28.99		25/06/2026 10:15:33 BST		y	4			11				B0H6MBXD3B						8721438409488				AMAZON_EU	Migrated Template	Inactive		
Reunion eSIM 3GB 15Days	Reunion eSIM 3GB 15Days - high speed internet - mobile data 5G compatible	0625HBYJEWW	REUNION-3GB-15D	6.99		25/06/2026 18:19:48 BST		y	4			11				B0FRB3KCNQ						8721438406470				AMAZON_EU	Migrated Template	Inactive		
Reunion eSIM 5GB 30Days	Reunion eSIM 5GB 30Days - high speed internet - mobile data 5G compatible	0625HBTHGPU	REUNION-5GB-30D	7.99		25/06/2026 18:20:13 BST		y	4			11				B0FRB47TQW						8721438406487				AMAZON_EU	Migrated Template	Inactive		
Reunion eSIM 3GB 15Days	esim, esim card, prepaid sim card unlimited data, sim cards pay as you go, sim, sim card, simcard pay as you go, sim card for travel, best sim for holiday, pay as you go sim, sim cards, payg sim card, pre pay sim card, prepaid sim card, travel sim, data sim, sim card with data, pre loaded data sim cards, sim card prepaid, data only sim card roaming, prepaid sim card, prepaid data sim card, pay as you go simcard, pre paid sim cards, roaming data sim card, prepaid sim, travel sim, prepaid sim card, international sim card, data sim card, preloaded sim card, e sim card	0916FGDRSOL	RE_3_15	9.49		16/09/2025 18:10:21 BST		y	4			11				B0FRB3KCNQ						8721438406470				AMAZON_EU	Migrated Template	Inactive		
Reunion eSIM 5GB 30Days	esim, esim card, prepaid sim card unlimited data, sim cards pay as you go, sim, sim card, simcard pay as you go, sim card for travel, best sim for holiday, pay as you go sim, sim cards, payg sim card, pre pay sim card, prepaid sim card, travel sim, data sim, sim card with data, pre loaded data sim cards, sim card prepaid, data only sim card roaming, prepaid sim card, prepaid data sim card, pay as you go simcard, pre paid sim cards, roaming data sim card, prepaid sim, travel sim, prepaid sim card, international sim card, data sim card, preloaded sim card, e sim card	0916FGA94RU	RE_5_30	14.49		16/09/2025 18:10:21 BST		y	4			11				B0FRB47TQW						8721438406487				AMAZON_EU	Migrated Template	Inactive		
Romania eSIM 20GB 30Days	Romania eSIM 20GB 30Days - high speed internet - mobile data 5G compatible	0625HAL75GS	ROMANIA-20GB-30D	12.99		25/06/2026 10:17:18 BST		y	4			11				B0H6MGRC1F						8721438409525				AMAZON_EU	Migrated Template	Inactive		
Romania eSIM 3GB 15Days	Romania eSIM 3GB 15Days - high speed internet - mobile data 5G compatible	0625HAF1ZWK	ROMANIA-3GB-15D	6.99		25/06/2026 10:16:27 BST		y	4			11				B0H6MKQH2C						8721438409501				AMAZON_EU	Migrated Template	Inactive		
Romania eSIM 5GB 30Days	Romania eSIM 5GB 30Days - high speed internet - mobile data 5G compatible	0625HAHZNT3	ROMANIA-5GB-30D	7.99		25/06/2026 10:16:53 BST		y	4			11				B0H6MFVLCB						8721438409518				AMAZON_EU	Migrated Template	Inactive		
Serbia eSIM 20GB 30 Days | Pay As You Go Data SIM | Easy Setup | Travel SIM for Tourists & Business | 3G/4G Speeds	esim, esim card, prepaid sim card unlimited data, sim cards pay as you go, sim, sim card, simcard pay as you go, sim card for travel, best sim for holiday, pay as you go sim, sim cards, payg sim card, pre pay sim card, prepaid sim card, travel sim, data sim, sim card with data, pre loaded data sim cards, sim card prepaid, data only sim card roaming, prepaid sim card, prepaid data sim card, pay as you go simcard, pre paid sim cards, roaming data sim card, prepaid sim, travel sim, prepaid sim card, international sim card, data sim card, preloaded sim card, e sim card	0916FG0RV83	RS_20_30	42.49		16/09/2025 18:17:07 BST		y	4			11				B0FRB5K8JC						8721438406616				AMAZON_EU	Migrated Template	Inactive		
Serbia eSIM 3GB 15 Days | Pay As You Go Data SIM | Easy Setup | Travel SIM for Tourists & Business | 3G/4G Speeds	esim, esim card, prepaid sim card unlimited data, sim cards pay as you go, sim, sim card, simcard pay as you go, sim card for travel, best sim for holiday, pay as you go sim, sim cards, payg sim card, pre pay sim card, prepaid sim card, travel sim, data sim, sim card with data, pre loaded data sim cards, sim card prepaid, data only sim card roaming, prepaid sim card, prepaid data sim card, pay as you go simcard, pre paid sim cards, roaming data sim card, prepaid sim, travel sim, prepaid sim card, international sim card, data sim card, preloaded sim card, e sim card	0916FGEIQ9X	RS_3_15	9.49		16/09/2025 18:17:07 BST		y	4			11				B0FRB5TJV2						8721438406593				AMAZON_EU	Migrated Template	Inactive		
Russia eSIM 20GB 30Days	Russia eSIM 20GB 30Days - high speed internet - mobile data 5G compatible	0625HAFGGRF	RUSSIA-20GB-30D	19.99		25/06/2026 10:18:38 BST		y	4			11				B0H6MDSLNC						8721438409556				AMAZON_EU	Migrated Template	Inactive		
Russia eSIM 3GB 15Days	Russia eSIM 3GB 15Days - high speed internet - mobile data 5G compatible	0625HA5RWSF	RUSSIA-3GB-15D	7.99		25/06/2026 10:17:47 BST		y	4			11				B0H6MDNPC8						8721438409532				AMAZON_EU	Migrated Template	Inactive		
Russia eSIM 5GB 30Days	Russia eSIM 5GB 30Days - high speed internet - mobile data 5G compatible	0625HA1GZ2R	RUSSIA-5GB-30D	11.99		25/06/2026 10:18:13 BST		y	4			11				B0H6MLHHB2						8721438409549				AMAZON_EU	Migrated Template	Inactive		
Rwanda eSIM 20GB 30Days	Rwanda eSIM 20GB 30Days - high speed internet - mobile data 5G compatible	0625HA5YPG9	RWANDA-20GB-30D	83.99		25/06/2026 10:19:58 BST		y	4			11				B0H6M66BWN						8721438409587				AMAZON_EU	Migrated Template	Inactive		
Rwanda eSIM 3GB 15Days	Rwanda eSIM 3GB 15Days - high speed internet - mobile data 5G compatible	0625HAIPGWY	RWANDA-3GB-15D	20.99		25/06/2026 10:19:07 BST		y	4			11				B0H6MK2ZBQ						8721438409563				AMAZON_EU	Migrated Template	Inactive		
Rwanda eSIM 5GB 30Days	Rwanda eSIM 5GB 30Days - high speed internet - mobile data 5G compatible	0625HALOQ2X	RWANDA-5GB-30D	27.99		25/06/2026 10:19:33 BST		y	4			11				B0H6MJZHP1						8721438409570				AMAZON_EU	Migrated Template	Inactive		
South America (15+ areas) eSIM 5GB 30 Days | Prepaid International Travel SIM | Pay As You Go Data SIM | Easy Setup | 3G/4G Speeds	esim, esim card, prepaid sim card unlimited data, sim cards pay as you go, sim, sim card, simcard pay as you go, sim card for travel, best sim for holiday, pay as you go sim, sim cards, payg sim card, pre pay sim card, prepaid sim card, travel sim, data sim, sim card with data, pre loaded data sim cards, sim card prepaid, data only sim card roaming, prepaid sim card, prepaid data sim card, pay as you go simcard, pre paid sim cards, roaming data sim card, prepaid sim, travel sim, prepaid sim card, international sim card, data sim card, preloaded sim card, e sim card	0916FGJB69O	SA-18_5_30	27.99		16/09/2025 21:04:29 BST		y	4			11				B0FRB8D7HC						8721438406968				AMAZON_EU	Migrated Template	Inactive		
Saint Barthelemy eSIM 20GB 30Days	Saint Barthelemy eSIM 20GB 30Days - high speed internet - mobile data 5G compatible	0625HAIU4Z0	SAINT-BARTHELEMY-20GB-30D	13.99		25/06/2026 10:21:18 BST		y	4			11				B0H6MJHHNB						8721438409617				AMAZON_EU	Migrated Template	Inactive		
Saint Barthelemy eSIM 3GB 15Days	Saint Barthelemy eSIM 3GB 15Days - high speed internet - mobile data 5G compatible	0625HAKD64D	SAINT-BARTHELEMY-3GB-15D	6.99		25/06/2026 10:20:27 BST		y	4			11				B0H6MDMD63						8721438409594				AMAZON_EU	Migrated Template	Inactive		
Saint Barthelemy eSIM 5GB 30Days	Saint Barthelemy eSIM 5GB 30Days - high speed internet - mobile data 5G compatible	0625HA9J9X3	SAINT-BARTHELEMY-5GB-30D	7.99		25/06/2026 10:20:53 BST		y	4			11				B0H6MBS246						8721438409600				AMAZON_EU	Migrated Template	Inactive		
Saint Kitts and Nevis eSIM 20GB 30Days	Saint Kitts and Nevis eSIM 20GB 30Days - high speed internet - mobile data 5G compatible	0625HAL3J4B	SAINT-KITTS-AND-NEVIS-20GB-30D	87.99		25/06/2026 10:22:38 BST		y	4			11				B0H6MJQSR4						8721438409648				AMAZON_EU	Migrated Template	Inactive		
Saint Kitts and Nevis eSIM 3GB 15Days	Saint Kitts and Nevis eSIM 3GB 15Days - high speed internet - mobile data 5G compatible	0625HA9BW2X	SAINT-KITTS-AND-NEVIS-3GB-15D	24.99		25/06/2026 10:21:47 BST		y	4			11				B0H6MDHJ2B						8721438409624				AMAZON_EU	Migrated Template	Inactive		
Saint Kitts and Nevis eSIM 5GB 30Days	Saint Kitts and Nevis eSIM 5GB 30Days - high speed internet - mobile data 5G compatible	0625HA1JT3K	SAINT-KITTS-AND-NEVIS-5GB-30D	32.99		25/06/2026 10:22:13 BST		y	4			11				B0H6MBK615						8721438409631				AMAZON_EU	Migrated Template	Inactive		
Saint Lucia eSIM 20GB 30Days	Saint Lucia eSIM 20GB 30Days - high speed internet - mobile data 5G compatible	0625HA5XB94	SAINT-LUCIA-20GB-30D	87.99		25/06/2026 10:23:58 BST		y	4			11				B0H6MDX8DY						8721438409679				AMAZON_EU	Migrated Template	Inactive		
Saint Lucia eSIM 3GB 15Days	Saint Lucia eSIM 3GB 15Days - high speed internet - mobile data 5G compatible	0625HAFSBL9	SAINT-LUCIA-3GB-15D	24.99		25/06/2026 10:23:07 BST		y	4			11				B0H6M7Y1CD						8721438409655				AMAZON_EU	Migrated Template	Inactive		
Saint Lucia eSIM 5GB 30Days	Saint Lucia eSIM 5GB 30Days - high speed internet - mobile data 5G compatible	0625HALSHFZ	SAINT-LUCIA-5GB-30D	32.99		25/06/2026 10:23:33 BST		y	4			11				B0H6MGBXNV						8721438409662				AMAZON_EU	Migrated Template	Inactive		
Saint Martin eSIM 20GB 30Days	Saint Martin eSIM 20GB 30Days - high speed internet - mobile data 5G compatible	0625HAKVK9B	SAINT-MARTIN-20GB-30D	13.99		25/06/2026 10:25:18 BST		y	4			11				B0H6MF7K64						8721438409709				AMAZON_EU	Migrated Template	Inactive		
Saint Martin eSIM 3GB 15Days	Saint Martin eSIM 3GB 15Days - high speed internet - mobile data 5G compatible	0625HAKOXK0	SAINT-MARTIN-3GB-15D	6.99		25/06/2026 10:24:27 BST		y	4			11				B0H6MDB2CN						8721438409686				AMAZON_EU	Migrated Template	Inactive		
Saint Martin eSIM 5GB 30Days	Saint Martin eSIM 5GB 30Days - high speed internet - mobile data 5G compatible	0625HAKU7Y5	SAINT-MARTIN-5GB-30D	7.99		25/06/2026 10:24:52 BST		y	4			11				B0H6MC37Q1						8721438409693				AMAZON_EU	Migrated Template	Inactive		
Saint Vincent and the Grenadines eSIM 3GB 15Days	Saint Vincent and the Grenadines eSIM 3GB 15Days - high speed internet - mobile data 5G compatible	0625HA62L7F	SAINT-VINCENT-AND-THE-GRENADINES-3GB-15D	29.99		25/06/2026 10:25:47 BST		y	4			11				B0H6MF3FWZ						8721438409716				AMAZON_EU	Migrated Template	Inactive		
Saint Vincent and the Grenadines eSIM 5GB 30Days	Saint Vincent and the Grenadines eSIM 5GB 30Days - high speed internet - mobile data 5G compatible	0625HA9JDSP	SAINT-VINCENT-AND-THE-GRENADINES-5GB-30D	38.99		25/06/2026 10:26:12 BST		y	4			11				B0H6MJXH8Z						8721438409723				AMAZON_EU	Migrated Template	Inactive		
Samoa eSIM 20GB 30Days	Samoa eSIM 20GB 30Days - high speed internet - mobile data 5G compatible	0625HAFUFCM	SAMOA-20GB-30D	251.99		25/06/2026 10:27:33 BST		y	4			11				B0H6MJQDSM						8721438409761				AMAZON_EU	Migrated Template	Inactive		
Samoa eSIM 3GB 15Days	Samoa eSIM 3GB 15Days - high speed internet - mobile data 5G compatible	0625HA1M9QJ	SAMOA-3GB-15D	49.99		25/06/2026 10:26:42 BST		y	4			11				B0H6MGJ45S						8721438409747				AMAZON_EU	Migrated Template	Inactive		
Samoa eSIM 5GB 30Days	Samoa eSIM 5GB 30Days - high speed internet - mobile data 5G compatible	0625HA63SIU	SAMOA-5GB-30D	67.99		25/06/2026 10:27:07 BST		y	4			11				B0H6MFFZH1						8721438409754				AMAZON_EU	Migrated Template	Inactive		
San Marino eSIM 20GB 30Days	San Marino eSIM 20GB 30Days - high speed internet - mobile data 5G compatible	0625HACYLE3	SAN-MARINO-20GB-30D	13.99		25/06/2026 10:28:53 BST		y	4			11				B0H6MDHJFJ						8721438409792				AMAZON_EU	Migrated Template	Inactive		
San Marino eSIM 3GB 15Days	San Marino eSIM 3GB 15Days - high speed internet - mobile data 5G compatible	0625HA9GU22	SAN-MARINO-3GB-15D	6.99		25/06/2026 10:28:02 BST		y	4			11				B0H6MG33GL						8721438409778				AMAZON_EU	Migrated Template	Inactive		
San Marino eSIM 5GB 30Days	San Marino eSIM 5GB 30Days - high speed internet - mobile data 5G compatible	0625HAHFQ21	SAN-MARINO-5GB-30D	7.99		25/06/2026 10:28:27 BST		y	4			11				B0H6ML6C38						8721438409785				AMAZON_EU	Migrated Template	Inactive		
Saudi Arabia eSIM 20GB 30Days	Saudi Arabia eSIM 20GB 30Days - high speed internet - mobile data 5G compatible	0625HBZIFUT	SAUDI-ARABIA-20GB-30D	28.99		25/06/2026 18:21:33 BST		y	4			11				B0FRB5PZTS						8721438406548				AMAZON_EU	Migrated Template	Inactive		
Saudi Arabia eSIM 3GB 15Days	Saudi Arabia eSIM 3GB 15Days - high speed internet - mobile data 5G compatible	0625HBTK1MW	SAUDI-ARABIA-3GB-15D	9.99		25/06/2026 18:20:42 BST		y	4			11				B0FRB3N2KL						8721438406500				AMAZON_EU	Migrated Template	Inactive		
Saudi Arabia eSIM 5GB 30Days	Saudi Arabia eSIM 5GB 30Days - high speed internet - mobile data 5G compatible	0625HBWWJJU	SAUDI-ARABIA-5GB-30D	11.99		25/06/2026 18:21:08 BST		y	4			11				B0FRB1SRZY						8721438406524				AMAZON_EU	Migrated Template	Inactive		
Saudi Arabia eSIM 20GB 30Days	esim, esim card, prepaid sim card unlimited data, sim cards pay as you go, sim, sim card, simcard pay as you go, sim card for travel, best sim for holiday, pay as you go sim, sim cards, payg sim card, pre pay sim card, prepaid sim card, travel sim, data sim, sim card with data, pre loaded data sim cards, sim card prepaid, data only sim card roaming, prepaid sim card, prepaid data sim card, pay as you go simcard, pre paid sim cards, roaming data sim card, prepaid sim, travel sim, prepaid sim card, international sim card, data sim card, preloaded sim card, e sim card	0916FGDFX7L	SA_20_30	42.49		16/09/2025 18:13:26 BST		y	4			11				B0FRB5PZTS						8721438406548				AMAZON_EU	Migrated Template	Inactive		
Saudi Arabia eSIM 3GB 15Days	esim, esim card, prepaid sim card unlimited data, sim cards pay as you go, sim, sim card, simcard pay as you go, sim card for travel, best sim for holiday, pay as you go sim, sim cards, payg sim card, pre pay sim card, prepaid sim card, travel sim, data sim, sim card with data, pre loaded data sim cards, sim card prepaid, data only sim card roaming, prepaid sim card, prepaid data sim card, pay as you go simcard, pre paid sim cards, roaming data sim card, prepaid sim, travel sim, prepaid sim card, international sim card, data sim card, preloaded sim card, e sim card	0916FG0QPEJ	SA_3_15	7.99		16/09/2025 18:13:26 BST		y	4			11				B0FRB3N2KL						8721438406500				AMAZON_EU	Migrated Template	Inactive		
Saudi Arabia eSIM 5GB 30Days	esim, esim card, prepaid sim card unlimited data, sim cards pay as you go, sim, sim card, simcard pay as you go, sim card for travel, best sim for holiday, pay as you go sim, sim cards, payg sim card, pre pay sim card, prepaid sim card, travel sim, data sim, sim card with data, pre loaded data sim cards, sim card prepaid, data only sim card roaming, prepaid sim card, prepaid data sim card, pay as you go simcard, pre paid sim cards, roaming data sim card, prepaid sim, travel sim, prepaid sim card, international sim card, data sim card, preloaded sim card, e sim card	0916FFPG5GR	SA_5_30	13.49		16/09/2025 18:13:26 BST		y	4			11				B0FRB1SRZY						8721438406524				AMAZON_EU	Migrated Template	Inactive		
Seychelles eSIM 3GB 15 Days | Prepaid Travel eSIM | Pay As You Go Digital SIM | Easy Setup | Data SIM for Tourists & Business | 3G/4G Speeds	esim, esim card, prepaid sim card unlimited data, sim cards pay as you go, sim, sim card, simcard pay as you go, sim card for travel, best sim for holiday, pay as you go sim, sim cards, payg sim card, pre pay sim card, prepaid sim card, travel sim, data sim, sim card with data, pre loaded data sim cards, sim card prepaid, data only sim card roaming, prepaid sim card, prepaid data sim card, pay as you go simcard, pre paid sim cards, roaming data sim card, prepaid sim, travel sim, prepaid sim card, international sim card, data sim card, preloaded sim card, e sim card	0916FGBSVGH	SC_3_15	14.99		16/09/2025 18:17:16 BST		y	4			11				B0FRB55T3H						8721438406630				AMAZON_EU	Migrated Template	Inactive		
Seychelles eSIM 5GB 30 Days | Prepaid Travel eSIM | Pay As You Go Digital SIM | Easy Setup | Data SIM for Tourists & Business | 3G/4G Speeds	esim, esim card, prepaid sim card unlimited data, sim cards pay as you go, sim, sim card, simcard pay as you go, sim card for travel, best sim for holiday, pay as you go sim, sim cards, payg sim card, pre pay sim card, prepaid sim card, travel sim, data sim, sim card with data, pre loaded data sim cards, sim card prepaid, data only sim card roaming, prepaid sim card, prepaid data sim card, pay as you go simcard, pre paid sim cards, roaming data sim card, prepaid sim, travel sim, prepaid sim card, international sim card, data sim card, preloaded sim card, e sim card	0916FGFEETL	SC_5_30	22.99		16/09/2025 18:17:16 BST		y	4			11				B0FR9P7N6M						8721438406647				AMAZON_EU	Migrated Template	Inactive		
Sudan eSIM 3GB 15 Days | Prepaid Travel eSIM | Pay As You Go Digital SIM | Easy Setup | Data SIM for Tourists & Business | 3G/4G Speeds	esim, esim card, prepaid sim card unlimited data, sim cards pay as you go, sim, sim card, simcard pay as you go, sim card for travel, best sim for holiday, pay as you go sim, sim cards, payg sim card, pre pay sim card, prepaid sim card, travel sim, data sim, sim card with data, pre loaded data sim cards, sim card prepaid, data only sim card roaming, prepaid sim card, prepaid data sim card, pay as you go simcard, pre paid sim cards, roaming data sim card, prepaid sim, travel sim, prepaid sim card, international sim card, data sim card, preloaded sim card, e sim card	0916FGGQ5A2	SD_3_15	35.99		16/09/2025 21:05:10 BST		y	4			11				B0FRCKTXNQ						8721438407316				AMAZON_EU	Migrated Template	Inactive		
Sudan eSIM 5GB 30 Days | Prepaid Travel eSIM | Pay As You Go Digital SIM | Easy Setup | Data SIM for Tourists & Business | 3G/4G Speeds	esim, esim card, prepaid sim card unlimited data, sim cards pay as you go, sim, sim card, simcard pay as you go, sim card for travel, best sim for holiday, pay as you go sim, sim cards, payg sim card, pre pay sim card, prepaid sim card, travel sim, data sim, sim card with data, pre loaded data sim cards, sim card prepaid, data only sim card roaming, prepaid sim card, prepaid data sim card, pay as you go simcard, pre paid sim cards, roaming data sim card, prepaid sim, travel sim, prepaid sim card, international sim card, data sim card, preloaded sim card, e sim card	0916FGJA39Q	SD_5_30	54.49		16/09/2025 21:05:10 BST		y	4			11				B0FRC799N3						8721438407323				AMAZON_EU	Migrated Template	Inactive		
Serbia eSIM 20GB 30 Days | Pay As You Go Data SIM | Easy Setup | Travel SIM for Tourists & Business | 3G/4G Speeds	Serbia eSIM 20GB 30Days - high speed internet - mobile data 5G compatible	0625HBZAWRR	SERBIA-20GB-30D	17.99		25/06/2026 18:23:22 BST		y	4			11				B0FRB5K8JC						8721438406616				AMAZON_EU	Migrated Template	Inactive		
Serbia eSIM 3GB 15 Days | Pay As You Go Data SIM | Easy Setup | Travel SIM for Tourists & Business | 3G/4G Speeds	Serbia eSIM 3GB 15Days - high speed internet - mobile data 5G compatible	0625HC080DB	SERBIA-3GB-15D	6.99		25/06/2026 18:22:57 BST		y	4			11				B0FRB5TJV2						8721438406593				AMAZON_EU	Migrated Template	Inactive		
Seychelles eSIM 3GB 15 Days | Prepaid Travel eSIM | Pay As You Go Digital SIM | Easy Setup | Data SIM for Tourists & Business | 3G/4G Speeds	Seychelles eSIM 3GB 15Days - high speed internet - mobile data 5G compatible	0625HC16ATS	SEYCHELLES-3GB-15D	14.99		25/06/2026 18:23:51 BST		y	4			11				B0FRB55T3H						8721438406630				AMAZON_EU	Migrated Template	Inactive		
Seychelles eSIM 5GB 30 Days | Prepaid Travel eSIM | Pay As You Go Digital SIM | Easy Setup | Data SIM for Tourists & Business | 3G/4G Speeds	Seychelles eSIM 5GB 30Days - high speed internet - mobile data 5G compatible	0625HC01OLZ	SEYCHELLES-5GB-30D	23.99		25/06/2026 18:24:17 BST		y	4			11				B0FR9P7N6M						8721438406647				AMAZON_EU	Migrated Template	Inactive		
Sweden eSIM 20GB 30 Days | Pay As You Go Data SIM | Easy Setup | Travel SIM for Tourists & Business | 3G/4G/5G Speeds	esim, esim card, prepaid sim card unlimited data, sim cards pay as you go, sim, sim card, simcard pay as you go, sim card for travel, best sim for holiday, pay as you go sim, sim cards, payg sim card, pre pay sim card, prepaid sim card, travel sim, data sim, sim card with data, pre loaded data sim cards, sim card prepaid, data only sim card roaming, prepaid sim card, prepaid data sim card, pay as you go simcard, pre paid sim cards, roaming data sim card, prepaid sim, travel sim, prepaid sim card, international sim card, data sim card, preloaded sim card, e sim card	0916FGGRE1W	SE_20_30	14.49		16/09/2025 21:05:29 BST		y	4			11				B0FRB7X5SP						8721438407408				AMAZON_EU	Migrated Template	Inactive		
Sweden eSIM 3GB 15 Days | Pay As You Go Data SIM | Easy Setup | Travel SIM for Tourists & Business | 3G/4G/5G Speeds	esim, esim card, prepaid sim card unlimited data, sim cards pay as you go, sim, sim card, simcard pay as you go, sim card for travel, best sim for holiday, pay as you go sim, sim cards, payg sim card, pre pay sim card, prepaid sim card, travel sim, data sim, sim card with data, pre loaded data sim cards, sim card prepaid, data only sim card roaming, prepaid sim card, prepaid data sim card, pay as you go simcard, pre paid sim cards, roaming data sim card, prepaid sim, travel sim, prepaid sim card, international sim card, data sim card, preloaded sim card, e sim card	0916FGMTOXE	SE_3_15	2.99		16/09/2025 21:05:29 BST		y	4			11				B0FRCC6W9S						8721438407361				AMAZON_EU	Migrated Template	Inactive		
Sweden eSIM 5GB 30 Days | Pay As You Go Data SIM | Easy Setup | Travel SIM for Tourists & Business | 3G/4G Speeds	esim, esim card, prepaid sim card unlimited data, sim cards pay as you go, sim, sim card, simcard pay as you go, sim card for travel, best sim for holiday, pay as you go sim, sim cards, payg sim card, pre pay sim card, prepaid sim card, travel sim, data sim, sim card with data, pre loaded data sim cards, sim card prepaid, data only sim card roaming, prepaid sim card, prepaid data sim card, pay as you go simcard, pre paid sim cards, roaming data sim card, prepaid sim, travel sim, prepaid sim card, international sim card, data sim card, preloaded sim card, e sim card	0916FG1RJ28	SE_5_30	4.49		16/09/2025 21:05:29 BST		y	4			11				B0FRCS524D						8721438407385				AMAZON_EU	Migrated Template	Inactive		
Sierra Leone eSIM 20GB 30Days	Sierra Leone eSIM 20GB 30Days - high speed internet - mobile data 5G compatible	0625HA67WBM	SIERRA-LEONE-20GB-30D	79.99		25/06/2026 10:30:13 BST		y	4			11				B0H6ML1JW1						8721438409822				AMAZON_EU	Migrated Template	Inactive		
Sierra Leone eSIM 3GB 15Days	Sierra Leone eSIM 3GB 15Days - high speed internet - mobile data 5G compatible	0625HA6ADXL	SIERRA-LEONE-3GB-15D	22.99		25/06/2026 10:29:22 BST		y	4			11				B0H6MHPWKP						8721438409808				AMAZON_EU	Migrated Template	Inactive		
Sierra Leone eSIM 5GB 30Days	Sierra Leone eSIM 5GB 30Days - high speed internet - mobile data 5G compatible	0625HAJ00XT	SIERRA-LEONE-5GB-30D	28.99		25/06/2026 10:29:47 BST		y	4			11				B0H6MBK6HZ						8721438409815				AMAZON_EU	Migrated Template	Inactive		
Slovenia eSIM 20GB 30 Days | Pay As You Go Data SIM | Easy Setup | Travel SIM for Tourists & Business | 3G/4G/5G Speeds	esim, esim card, prepaid sim card unlimited data, sim cards pay as you go, sim, sim card, simcard pay as you go, sim card for travel, best sim for holiday, pay as you go sim, sim cards, payg sim card, pre pay sim card, prepaid sim card, travel sim, data sim, sim card with data, pre loaded data sim cards, sim card prepaid, data only sim card roaming, prepaid sim card, prepaid data sim card, pay as you go simcard, pre paid sim cards, roaming data sim card, prepaid sim, travel sim, prepaid sim card, international sim card, data sim card, preloaded sim card, e sim card	0916FGCKBIO	SI_20_30	14.49		16/09/2025 18:17:43 BST		y	4			11				B0FR9X15V2						8721438406876				AMAZON_EU	Migrated Template	Inactive		
Slovenia eSIM 3GB 15 Days | Pay As You Go Data SIM | Easy Setup | Travel SIM for Tourists & Business | 3G/4G/5G Speeds	esim, esim card, prepaid sim card unlimited data, sim cards pay as you go, sim, sim card, simcard pay as you go, sim card for travel, best sim for holiday, pay as you go sim, sim cards, payg sim card, pre pay sim card, prepaid sim card, travel sim, data sim, sim card with data, pre loaded data sim cards, sim card prepaid, data only sim card roaming, prepaid sim card, prepaid data sim card, pay as you go simcard, pre paid sim cards, roaming data sim card, prepaid sim, travel sim, prepaid sim card, international sim card, data sim card, preloaded sim card, e sim card	0916FFPJIG2	SI_3_15	2.99		16/09/2025 18:17:43 BST		y	4			11				B0FR9XCF27						8721438406838				AMAZON_EU	Migrated Template	Inactive		
Slovenia eSIM 5GB 30 Days | Pay As You Go Data SIM | Easy Setup | Travel SIM for Tourists & Business | 3G/4G Speeds	esim, esim card, prepaid sim card unlimited data, sim cards pay as you go, sim, sim card, simcard pay as you go, sim card for travel, best sim for holiday, pay as you go sim, sim cards, payg sim card, pre pay sim card, prepaid sim card, travel sim, data sim, sim card with data, pre loaded data sim cards, sim card prepaid, data only sim card roaming, prepaid sim card, prepaid data sim card, pay as you go simcard, pre paid sim cards, roaming data sim card, prepaid sim, travel sim, prepaid sim card, international sim card, data sim card, preloaded sim card, e sim card	0916FGE3EJS	SI_5_30	4.49		16/09/2025 18:17:43 BST		y	4			11				B0FRB3SJMR						8721438406852				AMAZON_EU	Migrated Template	Inactive		
Slovakia eSIM 20GB 30 Days | Pay As You Go Data SIM | Easy Setup | Travel SIM for Tourists & Business | 3G/4G/5G Speeds	esim, esim card, prepaid sim card unlimited data, sim cards pay as you go, sim, sim card, simcard pay as you go, sim card for travel, best sim for holiday, pay as you go sim, sim cards, payg sim card, pre pay sim card, prepaid sim card, travel sim, data sim, sim card with data, pre loaded data sim cards, sim card prepaid, data only sim card roaming, prepaid sim card, prepaid data sim card, pay as you go simcard, pre paid sim cards, roaming data sim card, prepaid sim, travel sim, prepaid sim card, international sim card, data sim card, preloaded sim card, e sim card	0916FGDSW85	SK_20_30	14.49		16/09/2025 18:17:35 BST		y	4			11				B0FRB14YYC						8721438406807				AMAZON_EU	Migrated Template	Inactive		
Slovakia eSIM 3GB 15 Days | Pay As You Go Data SIM | Easy Setup | Travel SIM for Tourists & Business | 3G/4G/5G Speeds	esim, esim card, prepaid sim card unlimited data, sim cards pay as you go, sim, sim card, simcard pay as you go, sim card for travel, best sim for holiday, pay as you go sim, sim cards, payg sim card, pre pay sim card, prepaid sim card, travel sim, data sim, sim card with data, pre loaded data sim cards, sim card prepaid, data only sim card roaming, prepaid sim card, prepaid data sim card, pay as you go simcard, pre paid sim cards, roaming data sim card, prepaid sim, travel sim, prepaid sim card, international sim card, data sim card, preloaded sim card, e sim card	0916FGCSXB7	SK_3_15	2.99		16/09/2025 18:17:35 BST		y	4			11				B0FR9XC4BW						8721438406760				AMAZON_EU	Migrated Template	Inactive		
Slovakia eSIM 5GB 30 Days | Pay As You Go Data SIM | Easy Setup | Travel SIM for Tourists & Business | 3G/4G Speeds	esim, esim card, prepaid sim card unlimited data, sim cards pay as you go, sim, sim card, simcard pay as you go, sim card for travel, best sim for holiday, pay as you go sim, sim cards, payg sim card, pre pay sim card, prepaid sim card, travel sim, data sim, sim card with data, pre loaded data sim cards, sim card prepaid, data only sim card roaming, prepaid sim card, prepaid data sim card, pay as you go simcard, pre paid sim cards, roaming data sim card, prepaid sim, travel sim, prepaid sim card, international sim card, data sim card, preloaded sim card, e sim card	0916FGDROFV	SK_5_30	4.49		16/09/2025 18:17:35 BST		y	4			11				B0FRB2X84M						8721438406784				AMAZON_EU	Migrated Template	Inactive		
Slovakia eSIM 20GB 30 Days | Pay As You Go Data SIM | Easy Setup | Travel SIM for Tourists & Business | 3G/4G/5G Speeds	Slovakia eSIM 20GB 30Days - high speed internet - mobile data 5G compatible	0625HC1AQFJ	SLOVAKIA-20GB-30D	12.99		25/06/2026 18:26:31 BST		y	4			11				B0FRB14YYC						8721438406807				AMAZON_EU	Migrated Template	Inactive		
Slovakia eSIM 3GB 15 Days | Pay As You Go Data SIM | Easy Setup | Travel SIM for Tourists & Business | 3G/4G/5G Speeds	Slovakia eSIM 3GB 15Days - high speed internet - mobile data 5G compatible	0625HBP2HIP	SLOVAKIA-3GB-15D	6.99		25/06/2026 18:25:40 BST		y	4			11				B0FR9XC4BW						8721438406760				AMAZON_EU	Migrated Template	Inactive		
Slovakia eSIM 5GB 30 Days | Pay As You Go Data SIM | Easy Setup | Travel SIM for Tourists & Business | 3G/4G Speeds	Slovakia eSIM 5GB 30Days - high speed internet - mobile data 5G compatible	0625HC32B9B	SLOVAKIA-5GB-30D	7.99		25/06/2026 18:26:06 BST		y	4			11				B0FRB2X84M						8721438406784				AMAZON_EU	Migrated Template	Inactive		
Slovenia eSIM 20GB 30 Days | Pay As You Go Data SIM | Easy Setup | Travel SIM for Tourists & Business | 3G/4G/5G Speeds	Slovenia eSIM 20GB 30Days - high speed internet - mobile data 5G compatible	0625HBOZYMU	SLOVENIA-20GB-30D	12.99		25/06/2026 18:27:51 BST		y	4			11				B0FR9X15V2						8721438406876				AMAZON_EU	Migrated Template	Inactive		
Slovenia eSIM 3GB 15 Days | Pay As You Go Data SIM | Easy Setup | Travel SIM for Tourists & Business | 3G/4G/5G Speeds	Slovenia eSIM 3GB 15Days - high speed internet - mobile data 5G compatible	0625HC55AGO	SLOVENIA-3GB-15D	6.99		25/06/2026 18:27:00 BST		y	4			11				B0FR9XCF27						8721438406838				AMAZON_EU	Migrated Template	Inactive		
Slovenia eSIM 5GB 30 Days | Pay As You Go Data SIM | Easy Setup | Travel SIM for Tourists & Business | 3G/4G Speeds	Slovenia eSIM 5GB 30Days - high speed internet - mobile data 5G compatible	0625HC8MMYR	SLOVENIA-5GB-30D	7.99		25/06/2026 18:27:26 BST		y	4			11				B0FRB3SJMR						8721438406852				AMAZON_EU	Migrated Template	Inactive		
South America (15+ areas) eSIM 5GB 30 Days | Prepaid International Travel SIM | Pay As You Go Data SIM | Easy Setup | 3G/4G Speeds	South America eSIM 5GB 30Days - high speed internet - mobile data 5G compatible	0625HBZ0D7H	SOUTH-AMERICA-5GB-30D	17.99		25/06/2026 18:28:48 BST		y	4			11				B0FRB8D7HC						8721438406968				AMAZON_EU	Migrated Template	Inactive		
South Korea eSIM 20GB 30 Days | Pay As You Go Data SIM | Easy Setup | Travel SIM for Tourists & Business | 3G/4G/5G Speeds	South Korea eSIM 20GB 30Days - high speed internet - mobile data 5G compatible	0625HC6FZ8H	SOUTH-KOREA-20GB-30D	12.99		25/06/2026 18:30:09 BST		y	4			11				B0FRC4P51Z						8721438407019				AMAZON_EU	Migrated Template	Inactive		
South Korea eSIM 3GB 15 Days | Pay As You Go Data SIM | Easy Setup | Travel SIM for Tourists & Business | 3G/4G/5G Speeds	South Korea eSIM 3GB 15Days - high speed internet - mobile data 5G compatible	0625HC32WFC	SOUTH-KOREA-3GB-15D	6.99		25/06/2026 18:29:17 BST		y	4			11				B0FRC4RTDF						8721438406982				AMAZON_EU	Migrated Template	Inactive		
South Korea eSIM 5GB 30 Days | Pay As You Go Data SIM | Easy Setup | Travel SIM for Tourists & Business | 3G/4G/5G Speeds	South Korea eSIM 5GB 30Days - high speed internet - mobile data 5G compatible	0625HBTSJE9	SOUTH-KOREA-5GB-30D	7.99		25/06/2026 18:29:43 BST		y	4			11				B0FRD9LC4C						8721438406999				AMAZON_EU	Migrated Template	Inactive		
Sri Lanka eSIM 20GB 30 Days | Prepaid Travel eSIM | Pay As You Go Digital SIM | Easy Setup | Data SIM for Tourists & Business | 3G/4G/5G Speeds	Sri Lanka eSIM 20GB 30Days - high speed internet - mobile data 5G compatible	0625HC5XJKO	SRI-LANKA-20GB-30D	22.99		25/06/2026 18:32:49 BST		y	4			11				B0FRC2DZN5						8721438407231				AMAZON_EU	Migrated Template	Inactive		
Sri Lanka eSIM 3GB 15 Days | Prepaid Travel eSIM | Pay As You Go Digital SIM | Easy Setup | Data SIM for Tourists & Business | 3G/4G/5G Speeds	Sri Lanka eSIM 3GB 15Days - high speed internet - mobile data 5G compatible	0625HC09IXS	SRI-LANKA-3GB-15D	8.99		25/06/2026 18:31:58 BST		y	4			11				B0FRB7Z1NW						8721438407194				AMAZON_EU	Migrated Template	Inactive		
Sri Lanka eSIM 5GB 30 Days | Prepaid Travel eSIM | Pay As You Go Digital SIM | Easy Setup | Data SIM for Tourists & Business | 3G/4G/5G Speeds	Sri Lanka eSIM 5GB 30Days - high speed internet - mobile data 5G compatible	0625HC52A34	SRI-LANKA-5GB-30D	10.99		25/06/2026 18:32:23 BST		y	4			11				B0FRB64B8M						8721438407217				AMAZON_EU	Migrated Template	Inactive		
Sudan eSIM 3GB 15 Days | Prepaid Travel eSIM | Pay As You Go Digital SIM | Easy Setup | Data SIM for Tourists & Business | 3G/4G Speeds	Sudan eSIM 3GB 15Days - high speed internet - mobile data 5G compatible	0625HC4Z6GI	SUDAN-3GB-15D	18.99		25/06/2026 18:33:17 BST		y	4			11				B0FRCKTXNQ						8721438407316				AMAZON_EU	Migrated Template	Inactive		
Sudan eSIM 5GB 30 Days | Prepaid Travel eSIM | Pay As You Go Digital SIM | Easy Setup | Data SIM for Tourists & Business | 3G/4G Speeds	Sudan eSIM 5GB 30Days - high speed internet - mobile data 5G compatible	0625HBTSUGP	SUDAN-5GB-30D	25.99		25/06/2026 18:33:43 BST		y	4			11				B0FRC799N3						8721438407323				AMAZON_EU	Migrated Template	Inactive		
Suriname eSIM 20GB 30Days	Suriname eSIM 20GB 30Days - high speed internet - mobile data 5G compatible	0625HAHT9KF	SURINAME-20GB-30D	63.99		25/06/2026 10:31:33 BST		y	4			11				B0H6MNKY5H						8721438409853				AMAZON_EU	Migrated Template	Inactive		
Suriname eSIM 3GB 15Days	Suriname eSIM 3GB 15Days - high speed internet - mobile data 5G compatible	0625HA66MYY	SURINAME-3GB-15D	16.99		25/06/2026 10:30:42 BST		y	4			11				B0H6MLWJMY						8721438409839				AMAZON_EU	Migrated Template	Inactive		
Suriname eSIM 5GB 30Days	Suriname eSIM 5GB 30Days - high speed internet - mobile data 5G compatible	0625HALI78R	SURINAME-5GB-30D	27.99		25/06/2026 10:31:08 BST		y	4			11				B0H6MNS3N5						8721438409846				AMAZON_EU	Migrated Template	Inactive		
Saint Vincent and the Grenadines eSIM 20GB 30Days	Saint Vincent and the Grenadines eSIM 20GB 30Days - high speed internet - mobile data 5G compatible	0625HAZC2YV	SVG-20GB-30D	106.99		25/06/2026 13:30:58 BST		y	4			11				B0H6MWF5B5						8721438409730				AMAZON_EU	Migrated Template	Inactive		
El Salvador eSIM 3GB 15Days	esim, esim card, prepaid sim card unlimited data, sim cards pay as you go, sim, sim card, simcard pay as you go, sim card for travel, best sim for holiday, pay as you go sim, sim cards, payg sim card, pre pay sim card, prepaid sim card, travel sim, data sim, sim card with data, pre loaded data sim cards, sim card prepaid, data only sim card roaming, prepaid sim card, prepaid data sim card, pay as you go simcard, pre paid sim cards, roaming data sim card, prepaid sim, travel sim, prepaid sim card, international sim card, data sim card, preloaded sim card, e sim card	0916FFU01Z9	SV_3_15	18.99		16/09/2025 13:23:42 BST		y	4			11				B0FR9LJ7X4						8721438402236				AMAZON_EU	Migrated Template	Inactive		
Sweden eSIM 20GB 30 Days | Pay As You Go Data SIM | Easy Setup | Travel SIM for Tourists & Business | 3G/4G/5G Speeds	Sweden eSIM 20GB 30Days - high speed internet - mobile data 5G compatible	0625HBP3025	SWEDEN-20GB-30D	12.99		25/06/2026 18:35:03 BST		y	4			11				B0FRB7X5SP						8721438407408				AMAZON_EU	Migrated Template	Inactive		
Sweden eSIM 3GB 15 Days | Pay As You Go Data SIM | Easy Setup | Travel SIM for Tourists & Business | 3G/4G/5G Speeds	Sweden eSIM 3GB 15Days - high speed internet - mobile data 5G compatible	0625HC7US4B	SWEDEN-3GB-15D	6.99		25/06/2026 18:34:12 BST		y	4			11				B0FRCC6W9S						8721438407361				AMAZON_EU	Migrated Template	Inactive		
Sweden eSIM 5GB 30 Days | Pay As You Go Data SIM | Easy Setup | Travel SIM for Tourists & Business | 3G/4G Speeds	Sweden eSIM 5GB 30Days - high speed internet - mobile data 5G compatible	0625HC50V95	SWEDEN-5GB-30D	7.99		25/06/2026 18:34:37 BST		y	4			11				B0FRCS524D						8721438407385				AMAZON_EU	Migrated Template	Inactive		
Switzerland eSIM 20GB 30 Days | Pay As You Go Data SIM | Easy Setup | Travel SIM for Tourists & Business | 3G/4G/5G Speeds | Free Travel Guide Inlcuded	Switzerland eSIM 20GB 30Days - high speed internet - mobile data 5G compatible	0625HC5J7JU	SWITZERLAND-20GB-30D	12.99		25/06/2026 18:36:23 BST		y	4			11				B0FRB6VY7S						8721438407460				AMAZON_EU	Migrated Template	Inactive		
Switzerland eSIM 3GB 15 Days | Pay As You Go Data SIM | Easy Setup | Travel SIM for Tourists & Business | 3G/4G/5G Speeds | Free Travel Guide Inlcuded	Switzerland eSIM 3GB 15Days - high speed internet - mobile data 5G compatible	0625HC33RZJ	SWITZERLAND-3GB-15D	6.99		25/06/2026 18:35:32 BST		y	4			11				B0FRB5LFVC						8721438407422				AMAZON_EU	Migrated Template	Inactive		
Switzerland eSIM 5GB 30 Days | Pay As You Go Data SIM | Easy Setup | Travel SIM for Tourists & Business | 3G/4G Speeds | Free Travel Guide Inlcuded	Switzerland eSIM 5GB 30Days - high speed internet - mobile data 5G compatible	0625HC6HJ78	SWITZERLAND-5GB-30D	7.99		25/06/2026 18:35:57 BST		y	4			11				B0FRB7G4VW						8721438407446				AMAZON_EU	Migrated Template	Inactive		
Tajikistan eSIM 20GB 30Days	Tajikistan eSIM 20GB 30Days - high speed internet - mobile data 5G compatible	0625HAIXP3Z	TAJIKISTAN-20GB-30D	35.99		25/06/2026 10:32:53 BST		y	4			11				B0H6M85C77						8721438409884				AMAZON_EU	Migrated Template	Inactive		
Tajikistan eSIM 3GB 15Days	Tajikistan eSIM 3GB 15Days - high speed internet - mobile data 5G compatible	0625HACTPDY	TAJIKISTAN-3GB-15D	11.99		25/06/2026 10:32:02 BST		y	4			11				B0H6M7XFN6						8721438409860				AMAZON_EU	Migrated Template	Inactive		
Tajikistan eSIM 5GB 30Days	Tajikistan eSIM 5GB 30Days - high speed internet - mobile data 5G compatible	0625HAKH7HP	TAJIKISTAN-5GB-30D	13.99		25/06/2026 10:32:27 BST		y	4			11				B0H6MFYMXZ						8721438409877				AMAZON_EU	Migrated Template	Inactive		
Tanzania eSIM 3GB 15Days	Tanzania eSIM 3GB 15Days - high speed internet - mobile data 5G compatible	0625HC5X1ZD	TANZANIA-3GB-15D	13.99		25/06/2026 18:36:52 BST		y	4			11				B0FRC81NPJ						8721438407491				AMAZON_EU	Migrated Template	Inactive		
Chad eSIM 3GB 15Days	esim, esim card, prepaid sim card unlimited data, sim cards pay as you go, sim, sim card, simcard pay as you go, sim card for travel, best sim for holiday, pay as you go sim, sim cards, payg sim card, pre pay sim card, prepaid sim card, travel sim, data sim, sim card with data, pre loaded data sim cards, sim card prepaid, data only sim card roaming, prepaid sim card, prepaid data sim card, pay as you go simcard, pre paid sim cards, roaming data sim card, prepaid sim, travel sim, prepaid sim card, international sim card, data sim card, preloaded sim card, e sim card	0916FFIO0JJ	TD_3_15	18.99		16/09/2025 12:32:49 BST		y	4			11				B0FR9SG4MK						8721438401420				AMAZON_EU	Migrated Template	Inactive		
Chad eSIM 5GB 30Days	esim, esim card, prepaid sim card unlimited data, sim cards pay as you go, sim, sim card, simcard pay as you go, sim card for travel, best sim for holiday, pay as you go sim, sim cards, payg sim card, pre pay sim card, prepaid sim card, travel sim, data sim, sim card with data, pre loaded data sim cards, sim card prepaid, data only sim card roaming, prepaid sim card, prepaid data sim card, pay as you go simcard, pre paid sim cards, roaming data sim card, prepaid sim, travel sim, prepaid sim card, international sim card, data sim card, preloaded sim card, e sim card	0916FFRBFHB	TD_5_30	27.99		16/09/2025 12:32:49 BST		y	4			11				B0FR9L414C						8721438401437				AMAZON_EU	Migrated Template	Inactive		
Thailand eSIM 20GB 30Days	Thailand eSIM 20GB 30Days - high speed internet - mobile data 5G compatible	0625HC6GSCY	THAILAND-20GB-30D	12.99		25/06/2026 18:38:11 BST		y	4			11				B0FRCHW3MW						8721438407552				AMAZON_EU	Migrated Template	Inactive		
Thailand eSIM 3GB 15Days	Thailand eSIM 3GB 15Days - high speed internet - mobile data 5G compatible	0625HC09MC6	THAILAND-3GB-15D	6.99		25/06/2026 18:37:20 BST		y	4			11				B0FRCDPJSH						8721438407514				AMAZON_EU	Migrated Template	Inactive		
Thailand eSIM 5GB 30Days	Thailand eSIM 5GB 30Days - high speed internet - mobile data 5G compatible	0625HC2UUE4	THAILAND-5GB-30D	7.99		25/06/2026 18:37:46 BST		y	4			11				B0FR9Q5D1J						8721438407538				AMAZON_EU	Migrated Template	Inactive		
Thailand eSIM 20GB 30Days	esim, esim card, esim card thailand, thailand data sim, data sim thailand, thailand esim card, prepaid sim card unlimited data, asia sim card, asia esim, esim asia, sim cards pay as you go, sim, sim card, simcard pay as you go, sim card for travel, best sim for holiday, pay as you go sim, sim cards, payg sim card, pre pay sim card, prepaid sim card, travel sim, data sim, sim card with data, pre loaded data sim cards, sim card prepaid, data only sim card roaming, prepaid sim card, prepaid data sim card, pay as you go simcard, pre paid sim cards, roaming data sim card, prepaid sim, travel sim, prepaid sim card, international sim card, data sim card, preloaded sim card, e sim card	0916FGMW7RX	TH_20_30	14.99		16/09/2025 21:10:17 BST		y	4			11				B0FRCHW3MW						8721438407552				AMAZON_EU	Migrated Template	Inactive		
Thailand eSIM 3GB 15Days	esim, esim card, esim card thailand, thailand data sim, data sim thailand, thailand esim card, prepaid sim card unlimited data, asia sim card, asia esim, esim asia, sim cards pay as you go, sim, sim card, simcard pay as you go, sim card for travel, best sim for holiday, pay as you go sim, sim cards, payg sim card, pre pay sim card, prepaid sim card, travel sim, data sim, sim card with data, pre loaded data sim cards, sim card prepaid, data only sim card roaming, prepaid sim card, prepaid data sim card, pay as you go simcard, pre paid sim cards, roaming data sim card, prepaid sim, travel sim, prepaid sim card, international sim card, data sim card, preloaded sim card, e sim card	0916FGNO164	TH_3_15	5.99		16/09/2025 21:10:17 BST		y	4			11				B0FRCDPJSH						8721438407514				AMAZON_EU	Migrated Template	Inactive		
Thailand eSIM 5GB 30Days	esim, esim card, esim card thailand, thailand data sim, data sim thailand, thailand esim card, prepaid sim card unlimited data, asia sim card, asia esim, esim asia, sim cards pay as you go, sim, sim card, simcard pay as you go, sim card for travel, best sim for holiday, pay as you go sim, sim cards, payg sim card, pre pay sim card, prepaid sim card, travel sim, data sim, sim card with data, pre loaded data sim cards, sim card prepaid, data only sim card roaming, prepaid sim card, prepaid data sim card, pay as you go simcard, pre paid sim cards, roaming data sim card, prepaid sim, travel sim, prepaid sim card, international sim card, data sim card, preloaded sim card, e sim card	0916FGQKRYR	TH_5_30	3.49		16/09/2025 21:10:17 BST		y	4			11				B0FR9Q5D1J						8721438407538				AMAZON_EU	Migrated Template	Inactive		
Tunisia eSIM 5GB 30 Days | Prepaid Travel eSIM | Pay As You Go Digital SIM | Easy Setup | Data SIM for Tourists & Business | 3G/4G Speeds | Free Travel Guide Inlcuded	esim, esim card, prepaid sim card unlimited data, sim cards pay as you go, sim, sim card, simcard pay as you go, sim card for travel, best sim for holiday, pay as you go sim, sim cards, payg sim card, pre pay sim card, prepaid sim card, travel sim, data sim, sim card with data, pre loaded data sim cards, sim card prepaid, data only sim card roaming, prepaid sim card, prepaid data sim card, pay as you go simcard, pre paid sim cards, roaming data sim card, prepaid sim, travel sim, prepaid sim card, international sim card, data sim card, preloaded sim card, e sim card	0916FGQ6LNE	TN_5_30	11.99		16/09/2025 21:10:28 BST		y	4			11				B0FRB7Q96Z						8721438407644				AMAZON_EU	Migrated Template	Inactive		
Trinidad and Tobago eSIM 20GB 30Days	Trinidad and Tobago eSIM 20GB 30Days - high speed internet - mobile data 5G compatible	0625HAEHX05	TRINIDAD-AND-TOBAGO-20GB-30D	81.99		25/06/2026 10:34:13 BST		y	4			11				B0H6MF31VP						8721438409914				AMAZON_EU	Migrated Template	Inactive		
Trinidad and Tobago eSIM 3GB 15Days	Trinidad and Tobago eSIM 3GB 15Days - high speed internet - mobile data 5G compatible	0625HACX5PT	TRINIDAD-AND-TOBAGO-3GB-15D	18.99		25/06/2026 10:33:22 BST		y	4			11				B0H6MJTHXK						8721438409891				AMAZON_EU	Migrated Template	Inactive		
Trinidad and Tobago eSIM 5GB 30Days	Trinidad and Tobago eSIM 5GB 30Days - high speed internet - mobile data 5G compatible	0625HALD1ZZ	TRINIDAD-AND-TOBAGO-5GB-30D	28.99		25/06/2026 10:33:47 BST		y	4			11				B0H6MJTHY9						8721438409907				AMAZON_EU	Migrated Template	Inactive		
Turkey eSIM 20GB 30 Days | Pay As You Go Data SIM | Easy Setup | Travel SIM for Tourists & Business | 3G/4G/5G Speeds | Free Travel Guide Inlcuded	esim, esim card, prepaid sim card unlimited data, sim cards pay as you go, sim, sim card, simcard pay as you go, sim card for travel, best sim for holiday, pay as you go sim, sim cards, payg sim card, pre pay sim card, prepaid sim card, travel sim, data sim, sim card with data, pre loaded data sim cards, sim card prepaid, data only sim card roaming, prepaid sim card, prepaid data sim card, pay as you go simcard, pre paid sim cards, roaming data sim card, prepaid sim, travel sim, prepaid sim card, international sim card, data sim card, preloaded sim card, e sim card	0916FG1SHI5	TR_20_30	13.99		16/09/2025 21:10:38 BST		y	4			11				B0FRCYMWCX						8721438407729				AMAZON_EU	Migrated Template	Inactive		
Turkey eSIM 3GB 15 Days | Pay As You Go Data SIM | Easy Setup | Travel SIM for Tourists & Business | 3G/4G/5G Speeds | Free Travel Guide Inlcuded	esim, esim card, prepaid sim card unlimited data, sim cards pay as you go, sim, sim card, simcard pay as you go, sim card for travel, best sim for holiday, pay as you go sim, sim cards, payg sim card, pre pay sim card, prepaid sim card, travel sim, data sim, sim card with data, pre loaded data sim cards, sim card prepaid, data only sim card roaming, prepaid sim card, prepaid data sim card, pay as you go simcard, pre paid sim cards, roaming data sim card, prepaid sim, travel sim, prepaid sim card, international sim card, data sim card, preloaded sim card, e sim card	0916FG1SEWJ	TR_3_15	4.99		16/09/2025 21:10:38 BST		y	4			11				B0FRC2PSHM						8721438407682				AMAZON_EU	Migrated Template	Inactive		
Turkey eSIM 5GB 30 Days | Pay As You Go Data SIM | Easy Setup | Travel SIM for Tourists & Business | 3G/4G/5G Speeds | Free Travel Guide Inlcuded	esim, esim card, prepaid sim card unlimited data, sim cards pay as you go, sim, sim card, simcard pay as you go, sim card for travel, best sim for holiday, pay as you go sim, sim cards, payg sim card, pre pay sim card, prepaid sim card, travel sim, data sim, sim card with data, pre loaded data sim cards, sim card prepaid, data only sim card roaming, prepaid sim card, prepaid data sim card, pay as you go simcard, pre paid sim cards, roaming data sim card, prepaid sim, travel sim, prepaid sim card, international sim card, data sim card, preloaded sim card, e sim card	0916FGQM2KZ	TR_5_30	3.49		16/09/2025 21:10:38 BST		y	4			11				B0FRCBZ1BB						8721438407705				AMAZON_EU	Migrated Template	Inactive		
Tunisia eSIM 5GB 30 Days | Prepaid Travel eSIM | Pay As You Go Digital SIM | Easy Setup | Data SIM for Tourists & Business | 3G/4G Speeds | Free Travel Guide Inlcuded	Tunisia eSIM 5GB 30Days - high speed internet - mobile data 5G compatible	0625HC2NJ6E	TUNISIA-5GB-30D	9.99		25/06/2026 18:38:40 BST		y	4			11				B0FRB7Q96Z						8721438407644				AMAZON_EU	Migrated Template	Inactive		
Turkey eSIM 20GB 30 Days | Pay As You Go Data SIM | Easy Setup | Travel SIM for Tourists & Business | 3G/4G/5G Speeds | Free Travel Guide Inlcuded	Turkey eSIM 20GB 30Days - high speed internet - mobile data 5G compatible	0625HC3706L	TURKEY-20GB-30D	14.99		25/06/2026 18:40:01 BST		y	4			11				B0FRCYMWCX						8721438407729				AMAZON_EU	Migrated Template	Inactive		
Turkey eSIM 3GB 15 Days | Pay As You Go Data SIM | Easy Setup | Travel SIM for Tourists & Business | 3G/4G/5G Speeds | Free Travel Guide Inlcuded	Turkey eSIM 3GB 15Days - high speed internet - mobile data 5G compatible	0625HC0B05S	TURKEY-3GB-15D	6.99		25/06/2026 18:39:09 BST		y	4			11				B0FRC2PSHM						8721438407682				AMAZON_EU	Migrated Template	Inactive		
Turkey eSIM 5GB 30 Days | Pay As You Go Data SIM | Easy Setup | Travel SIM for Tourists & Business | 3G/4G/5G Speeds | Free Travel Guide Inlcuded	Turkey eSIM 5GB 30Days - high speed internet - mobile data 5G compatible	0625HC64P6D	TURKEY-5GB-30D	6.99		25/06/2026 18:39:35 BST		y	4			11				B0FRCBZ1BB						8721438407705				AMAZON_EU	Migrated Template	Inactive		
Turks and Caicos Islands eSIM 20GB 30Days	Turks and Caicos Islands eSIM 20GB 30Days - high speed internet - mobile data 5G compatible	0625HA1PET9	TURKS-AND-CAICOS-ISLANDS-20GB-30D	76.99		25/06/2026 10:35:33 BST		y	4			11				B0H6MLBGX7						8721438409945				AMAZON_EU	Migrated Template	Inactive		
Turks and Caicos Islands eSIM 3GB 15Days	Turks and Caicos Islands eSIM 3GB 15Days - high speed internet - mobile data 5G compatible	0625HADYNG8	TURKS-AND-CAICOS-ISLANDS-3GB-15D	19.99		25/06/2026 10:34:42 BST		y	4			11				B0H6MNNXGL						8721438409921				AMAZON_EU	Migrated Template	Inactive		
Turks and Caicos Islands eSIM 5GB 30Days	Turks and Caicos Islands eSIM 5GB 30Days - high speed internet - mobile data 5G compatible	0625HAIZM8J	TURKS-AND-CAICOS-ISLANDS-5GB-30D	24.99		25/06/2026 10:35:07 BST		y	4			11				B0H6MLH1KM						8721438409938				AMAZON_EU	Migrated Template	Inactive		
Tanzania eSIM 3GB 15Days	esim, esim card, prepaid sim card unlimited data, sim cards pay as you go, sim, sim card, simcard pay as you go, sim card for travel, best sim for holiday, pay as you go sim, sim cards, payg sim card, pre pay sim card, prepaid sim card, travel sim, data sim, sim card with data, pre loaded data sim cards, sim card prepaid, data only sim card roaming, prepaid sim card, prepaid data sim card, pay as you go simcard, pre paid sim cards, roaming data sim card, prepaid sim, travel sim, prepaid sim card, international sim card, data sim card, preloaded sim card, e sim card	0916FGNL8GH	TZ_3_15	21.99		16/09/2025 21:10:08 BST		y	4			11				B0FRC81NPJ						8721438407491				AMAZON_EU	Migrated Template	Inactive		
Ukraine eSIM 3GB 15 Days | Pay As You Go Data SIM | Easy Setup | Travel SIM for Tourists & Business | 3G/4G/5G Speeds	esim, esim card, prepaid sim card unlimited data, sim cards pay as you go, sim, sim card, simcard pay as you go, sim card for travel, best sim for holiday, pay as you go sim, sim cards, payg sim card, pre pay sim card, prepaid sim card, travel sim, data sim, sim card with data, pre loaded data sim cards, sim card prepaid, data only sim card roaming, prepaid sim card, prepaid data sim card, pay as you go simcard, pre paid sim cards, roaming data sim card, prepaid sim, travel sim, prepaid sim card, international sim card, data sim card, preloaded sim card, e sim card	0916FGQL6U2	UA_3_15	2.49		16/09/2025 21:10:59 BST		y	4			11				B0FRB9SBFR						8721438407811				AMAZON_EU	Migrated Template	Inactive		
Ukraine eSIM 5GB 30 Days | Pay As You Go Data SIM | Easy Setup | Travel SIM for Tourists & Business | 3G/4G/5G Speeds	esim, esim card, prepaid sim card unlimited data, sim cards pay as you go, sim, sim card, simcard pay as you go, sim card for travel, best sim for holiday, pay as you go sim, sim cards, payg sim card, pre pay sim card, prepaid sim card, travel sim, data sim, sim card with data, pre loaded data sim cards, sim card prepaid, data only sim card roaming, prepaid sim card, prepaid data sim card, pay as you go simcard, pre paid sim cards, roaming data sim card, prepaid sim, travel sim, prepaid sim card, international sim card, data sim card, preloaded sim card, e sim card	0916FGJ9CLL	UA_5_30	3.49		16/09/2025 21:10:59 BST		y	4			11				B0FRC2NRKG						8721438407835				AMAZON_EU	Migrated Template	Inactive		
Uganda eSIM 3GB 15Days	Uganda eSIM 3GB 15Days - high speed internet - mobile data 5G compatible	0625HC7TMNL	UGANDA-3GB-15D	15.99		25/06/2026 18:40:29 BST		y	4			11				B0FRB7F7Z9						8721438407798				AMAZON_EU	Migrated Template	Inactive		
Uganda eSIM 3GB 15Days	esim, esim card, prepaid sim card unlimited data, sim cards pay as you go, sim, sim card, simcard pay as you go, sim card for travel, best sim for holiday, pay as you go sim, sim cards, payg sim card, pre pay sim card, prepaid sim card, travel sim, data sim, sim card with data, pre loaded data sim cards, sim card prepaid, data only sim card roaming, prepaid sim card, prepaid data sim card, pay as you go simcard, pre paid sim cards, roaming data sim card, prepaid sim, travel sim, prepaid sim card, international sim card, data sim card, preloaded sim card, e sim card	0916FG1S9SF	UG_3_15	18.99		16/09/2025 21:10:49 BST		y	4			11				B0FRB7F7Z9						8721438407798				AMAZON_EU	Migrated Template	Inactive		
Ukraine eSIM 3GB 15 Days | Pay As You Go Data SIM | Easy Setup | Travel SIM for Tourists & Business | 3G/4G/5G Speeds	Ukraine eSIM 3GB 15Days - high speed internet - mobile data 5G compatible	0625HBP50BP	UKRAINE-3GB-15D	6.99		25/06/2026 18:41:01 BST		y	4			11				B0FRB9SBFR						8721438407811				AMAZON_EU	Migrated Template	Inactive		
Ukraine eSIM 5GB 30 Days | Pay As You Go Data SIM | Easy Setup | Travel SIM for Tourists & Business | 3G/4G/5G Speeds	Ukraine eSIM 5GB 30Days - high speed internet - mobile data 5G compatible	0625HC0CWZI	UKRAINE-5GB-30D	7.99		25/06/2026 18:41:27 BST		y	4			11				B0FRC2NRKG						8721438407835				AMAZON_EU	Migrated Template	Inactive		
United Arab Emirates eSIM 20GB 30 Days | Pay As You Go Data SIM | Easy Setup | Travel SIM for Tourists & Business | 3G/4G Speeds | Free Travel Guide Inlcuded	United Arab Emirates eSIM 20GB 30Days - high speed internet - mobile data 5G compatible	0625HBP94M5	UNITED-ARAB-EMIRATES-20GB-30D	30.99		25/06/2026 18:42:46 BST		y	4			11				B0FRB7TFJR						8721438407927				AMAZON_EU	Migrated Template	Inactive		
United Arab Emirates eSIM 3GB 15 Days | Pay As You Go Data SIM | Easy Setup | Travel SIM for Tourists & Business | 3G/4G Speeds | Free Travel Guide Inlcuded	United Arab Emirates eSIM 3GB 15Days - high speed internet - mobile data 5G compatible	0625HBTPOD4	UNITED-ARAB-EMIRATES-3GB-15D	10.99		25/06/2026 18:41:56 BST		y	4			11				B0FRBBYBGH						8721438407873				AMAZON_EU	Migrated Template	Inactive		
United Arab Emirates eSIM 5GB 30 Days | Pay As You Go Data SIM | Easy Setup | Travel SIM for Tourists & Business | 3G/4G Speeds | Free Travel Guide Inlcuded	United Arab Emirates eSIM 5GB 30Days - high speed internet - mobile data 5G compatible	0625HC0BZNN	UNITED-ARAB-EMIRATES-5GB-30D	12.99		25/06/2026 18:42:21 BST		y	4			11				B0FRB89XHX						8721438407897				AMAZON_EU	Migrated Template	Inactive		
United Kingdom eSIM 20GB 30 Days | Pay As You Go Data SIM | Easy Setup | UK Travel SIM for Tourists & Business | 3G/4G Speeds	United Kingdom eSIM 20GB 30Days - high speed internet - mobile data 5G compatible	0625HC35TPA	UNITED-KINGDOM-20GB-30D	12.99		25/06/2026 18:44:11 BST		y	4			11				B0FRDGCBTN						8721438408023				AMAZON_EU	Migrated Template	Inactive		
United Kingdom eSIM 3GB 15 Days | Pay As You Go Data SIM | Easy Setup | UK Travel SIM for Tourists & Business | 3G/4G/5G Speeds	United Kingdom eSIM 3GB 15Days - high speed internet - mobile data 5G compatible	0625HC0D455	UNITED-KINGDOM-3GB-15D	6.99		25/06/2026 18:43:20 BST		y	4			11				B0FRCPD8TS						8721438407989				AMAZON_EU	Migrated Template	Inactive		
United Kingdom eSIM 5GB 30 Days | Pay As You Go Data SIM | Easy Setup | UK Travel SIM for Tourists & Business | 3G/4G Speeds	United Kingdom eSIM 5GB 30Days - high speed internet - mobile data 5G compatible	0625HC0DPEP	UNITED-KINGDOM-5GB-30D	7.99		25/06/2026 18:43:46 BST		y	4			11				B0FRDDRGJF						8721438408009				AMAZON_EU	Migrated Template	Inactive		
United States eSIM 3GB 15Days	United States eSIM 3GB 15Days - high speed internet - mobile data 5G compatible	0625HC39588	UNITED-STATES-3GB-15D	6.99		25/06/2026 18:44:40 BST		y	4			11				B0FRCFXK3V						8721438408092				AMAZON_EU	Migrated Template	Inactive		
United States eSIM 5GB 30Days	United States eSIM 5GB 30Days - high speed internet - mobile data 5G compatible	0625HC2B1A2	UNITED-STATES-5GB-30D	7.99		25/06/2026 18:45:06 BST		y	4			11				B0FRC2PQ8H						8721438408139				AMAZON_EU	Migrated Template	Inactive		
Uruguay eSIM 3GB 15Days	Uruguay eSIM 3GB 15Days - high speed internet - mobile data 5G compatible	0625HBX21QM	URUGUAY-3GB-15D	14.99		25/06/2026 18:45:35 BST		y	4			11				B0FRB7LHGN						8721438408191				AMAZON_EU	Migrated Template	Inactive		
United States eSIM 3GB 15Days	esim, esim card, usa sim card, usa travel sim, usa esim card, usa data sim, data sim card use, esim card usa, esim usa, prepaid sim card unlimited data, sim cards pay as you go, sim, sim card, simcard pay as you go, sim card for travel, best sim for holiday, pay as you go sim, sim cards, payg sim card, pre pay sim card, prepaid sim card, travel sim, data sim, sim card with data, pre loaded data sim cards, sim card prepaid, data only sim card roaming, prepaid sim card, prepaid data sim card, pay as you go simcard, pre paid sim cards, roaming data sim card, prepaid sim, travel sim, prepaid sim card, international sim card, data sim card, preloaded sim card, e sim card	0916FGPX6B5	US_3_15	5.99		16/09/2025 21:11:28 BST		y	4			11				B0FRCFXK3V						8721438408092				AMAZON_EU	Migrated Template	Inactive		
United States eSIM 5GB 30Days	esim, esim card, usa sim card, usa travel sim, usa esim card, usa data sim, data sim card use, esim card usa, esim usa, prepaid sim card unlimited data, sim cards pay as you go, sim, sim card, simcard pay as you go, sim card for travel, best sim for holiday, pay as you go sim, sim cards, payg sim card, pre pay sim card, prepaid sim card, travel sim, data sim, sim card with data, pre loaded data sim cards, sim card prepaid, data only sim card roaming, prepaid sim card, prepaid data sim card, pay as you go simcard, pre paid sim cards, roaming data sim card, prepaid sim, travel sim, prepaid sim card, international sim card, data sim card, preloaded sim card, e sim card	0916FGGPX61	US_5_30	4.99		16/09/2025 21:11:28 BST		y	4			11				B0FRC2PQ8H						8721438408139				AMAZON_EU	Migrated Template	Inactive		
Uruguay eSIM 3GB 15Days	esim, esim card, prepaid sim card unlimited data, sim cards pay as you go, sim, sim card, simcard pay as you go, sim card for travel, best sim for holiday, pay as you go sim, sim cards, payg sim card, pre pay sim card, prepaid sim card, travel sim, data sim, sim card with data, pre loaded data sim cards, sim card prepaid, data only sim card roaming, prepaid sim card, prepaid data sim card, pay as you go simcard, pre paid sim cards, roaming data sim card, prepaid sim, travel sim, prepaid sim card, international sim card, data sim card, preloaded sim card, e sim card	0916FGNKAZ2	UY_3_15	14.99		16/09/2025 21:11:38 BST		y	4			11				B0FRB7LHGN						8721438408191				AMAZON_EU	Migrated Template	Inactive		
Uzbekistan eSIM 5GB 30Days	Uzbekistan eSIM 5GB 30Days - high speed internet - mobile data 5G compatible	0625HBTYAOB	UZBEKISTAN-5GB-30D	7.99		25/06/2026 18:46:04 BST		y	4			11				B0FRBWFZ6M						8721438408221				AMAZON_EU	Migrated Template	Inactive		
Uzbekistan eSIM 5GB 30Days	esim, esim card, prepaid sim card unlimited data, sim cards pay as you go, sim, sim card, simcard pay as you go, sim card for travel, best sim for holiday, pay as you go sim, sim cards, payg sim card, pre pay sim card, prepaid sim card, travel sim, data sim, sim card with data, pre loaded data sim cards, sim card prepaid, data only sim card roaming, prepaid sim card, prepaid data sim card, pay as you go simcard, pre paid sim cards, roaming data sim card, prepaid sim, travel sim, prepaid sim card, international sim card, data sim card, preloaded sim card, e sim card	0916FGNAE5B	UZ_5_30	7.49		16/09/2025 21:12:55 BST		y	4			11				B0FRBWFZ6M						8721438408221				AMAZON_EU	Migrated Template	Inactive		
Vatican City eSIM 20GB 30Days	Vatican City eSIM 20GB 30Days - high speed internet - mobile data 5G compatible	0625HAFV5JA	VATICAN-CITY-20GB-30D	12.99		25/06/2026 10:36:53 BST		y	4			11				B0H6MDPLZ9						8721438409976				AMAZON_EU	Migrated Template	Inactive		
Vatican City eSIM 3GB 15Days	Vatican City eSIM 3GB 15Days - high speed internet - mobile data 5G compatible	0625HA6F9B0	VATICAN-CITY-3GB-15D	6.99		25/06/2026 10:36:02 BST		y	4			11				B0H6MBMF8G						8721438409952				AMAZON_EU	Migrated Template	Inactive		
Vatican City eSIM 5GB 30Days	Vatican City eSIM 5GB 30Days - high speed internet - mobile data 5G compatible	0625HA1O84C	VATICAN-CITY-5GB-30D	7.99		25/06/2026 10:36:27 BST		y	4			11				B0H6M7YXNP						8721438409969				AMAZON_EU	Migrated Template	Inactive		
Vietnam eSIM 20GB 30Days	Vietnam eSIM 20GB 30Days - high speed internet - mobile data 5G compatible	0625HBPB41K	VIETNAM-20GB-30D	18.99		25/06/2026 18:47:26 BST		y	4			11				B0FRC2NKC4						8721438408283				AMAZON_EU	Migrated Template	Inactive		
Vietnam eSIM 3GB 15Days	Vietnam eSIM 3GB 15Days - high speed internet - mobile data 5G compatible	0625HC2DTCC	VIETNAM-3GB-15D	6.99		25/06/2026 18:46:33 BST		y	4			11				B0FRBR2DHW						8721438408252				AMAZON_EU	Migrated Template	Inactive		
Vietnam eSIM 5GB 30Days	Vietnam eSIM 5GB 30Days - high speed internet - mobile data 5G compatible	0625HC7XX7D	VIETNAM-5GB-30D	8.99		25/06/2026 18:46:59 BST		y	4			11				B0FRCBXRGV						8721438408269				AMAZON_EU	Migrated Template	Inactive		
Vietnam eSIM 20GB 30Days	esim, esim card, prepaid sim card unlimited data, sim cards pay as you go, sim, sim card, simcard pay as you go, sim card for travel, best sim for holiday, pay as you go sim, sim cards, payg sim card, pre pay sim card, prepaid sim card, travel sim, data sim, sim card with data, pre loaded data sim cards, sim card prepaid, data only sim card roaming, prepaid sim card, prepaid data sim card, pay as you go simcard, pre paid sim cards, roaming data sim card, prepaid sim, travel sim, prepaid sim card, international sim card, data sim card, preloaded sim card, e sim card	0916FGPX4S3	VN_20_30	25.49		16/09/2025 21:13:03 BST		y	4			11				B0FRC2NKC4						8721438408283				AMAZON_EU	Migrated Template	Inactive		
Vietnam eSIM 3GB 15Days	esim, esim card, prepaid sim card unlimited data, sim cards pay as you go, sim, sim card, simcard pay as you go, sim card for travel, best sim for holiday, pay as you go sim, sim cards, payg sim card, pre pay sim card, prepaid sim card, travel sim, data sim, sim card with data, pre loaded data sim cards, sim card prepaid, data only sim card roaming, prepaid sim card, prepaid data sim card, pay as you go simcard, pre paid sim cards, roaming data sim card, prepaid sim, travel sim, prepaid sim card, international sim card, data sim card, preloaded sim card, e sim card	0916FGGRULG	VN_3_15	7.99		16/09/2025 21:13:03 BST		y	4			11				B0FRBR2DHW						8721438408252				AMAZON_EU	Migrated Template	Inactive		
Vietnam eSIM 5GB 30Days	esim, esim card, prepaid sim card unlimited data, sim cards pay as you go, sim, sim card, simcard pay as you go, sim card for travel, best sim for holiday, pay as you go sim, sim cards, payg sim card, pre pay sim card, prepaid sim card, travel sim, data sim, sim card with data, pre loaded data sim cards, sim card prepaid, data only sim card roaming, prepaid sim card, prepaid data sim card, pay as you go simcard, pre paid sim cards, roaming data sim card, prepaid sim, travel sim, prepaid sim card, international sim card, data sim card, preloaded sim card, e sim card	0916FGGTEHF	VN_5_30	11.99		16/09/2025 21:13:03 BST		y	4			11				B0FRCBXRGV						8721438408269				AMAZON_EU	Migrated Template	Inactive		
Zambia eSIM 3GB 15Days	Zambia eSIM 3GB 15Days - high speed internet - mobile data 5G compatible	0625HC4WL53	ZAMBIA-3GB-15D	14.99		25/06/2026 18:47:55 BST		y	4			11				B0FRC2NSM2						8721438408344				AMAZON_EU	Migrated Template	Inactive		
Zambia eSIM 5GB 30Days	Zambia eSIM 5GB 30Days - high speed internet - mobile data 5G compatible	0625HBX30W6	ZAMBIA-5GB-30D	23.99		25/06/2026 18:48:21 BST		y	4			11				B0FRCL97L4						8721438408351				AMAZON_EU	Migrated Template	Inactive		
Zambia eSIM 3GB 15Days	esim, esim card, prepaid sim card unlimited data, sim cards pay as you go, sim, sim card, simcard pay as you go, sim card for travel, best sim for holiday, pay as you go sim, sim cards, payg sim card, pre pay sim card, prepaid sim card, travel sim, data sim, sim card with data, pre loaded data sim cards, sim card prepaid, data only sim card roaming, prepaid sim card, prepaid data sim card, pay as you go simcard, pre paid sim cards, roaming data sim card, prepaid sim, travel sim, prepaid sim card, international sim card, data sim card, preloaded sim card, e sim card	0916FGIGXZS	ZM_3_15	19.99		16/09/2025 21:13:20 BST		y	4			11				B0FRC2NSM2						8721438408344				AMAZON_EU	Migrated Template	Inactive		
Zambia eSIM 5GB 30Days	esim, esim card, prepaid sim card unlimited data, sim cards pay as you go, sim, sim card, simcard pay as you go, sim card for travel, best sim for holiday, pay as you go sim, sim cards, payg sim card, pre pay sim card, prepaid sim card, travel sim, data sim, sim card with data, pre loaded data sim cards, sim card prepaid, data only sim card roaming, prepaid sim card, prepaid data sim card, pay as you go simcard, pre paid sim cards, roaming data sim card, prepaid sim, travel sim, prepaid sim card, international sim card, data sim card, preloaded sim card, e sim card	0916FGQW6DN	ZM_5_30	28.99		16/09/2025 21:13:20 BST		y	4			11				B0FRCL97L4						8721438408351				AMAZON_EU	Migrated Template	Inactive		
Aaland Islands eSIM 3GB 15Days	Aaland Islands eSIM 3GB 15Days - high speed internet - mobile data 5G compatible	0625HBRBBHH	AALAND-ISLANDS-ESIM		0	25/06/2026 16:38:34 BST		y	1			11				B0H6N6NL31						B0H6N6NL31			0	DEFAULT	Migrated Template	Incomplete		
Africa eSIM 5GB 30Days	Africa eSIM 5GB 30Days - high speed internet - mobile data 5G compatible	0625HBYA4A9	AFRICA-ESIM		0	25/06/2026 16:39:55 BST		y	1			11				B0H6N8MGDN						B0H6N8MGDN			0	DEFAULT	Migrated Template	Incomplete		
Albania eSIM 5GB 30Days	Albania eSIM 5GB 30Days - high speed internet - mobile data 5G compatible	0625HBRVQH9	ALBANIA-ESIM		0	25/06/2026 16:40:25 BST		y	1			11				B0H6N6QPH3						B0H6N6QPH3			0	DEFAULT	Migrated Template	Incomplete		
Algeria eSIM 3GB 15Days	Algeria eSIM 3GB 15Days - high speed internet - mobile data 5G compatible	0625HAEDN1R	ALGERIA-ESIM		0	25/06/2026 09:29:14 BST		y	1			11				B0H6MCVYRB						B0H6MCVYRB			0	DEFAULT	Migrated Template	Incomplete		
Andorra eSIM 20GB 30Days	Andorra eSIM 20GB 30Days - high speed internet - mobile data 5G compatible	0625HAH9ONM	ANDORRA-ESIM		0	25/06/2026 09:30:35 BST		y	1			11				B0H6M5SWJ9						B0H6M5SWJ9			0	DEFAULT	Migrated Template	Incomplete		
Angola eSIM 5GB 30Days	Angola eSIM 5GB 30Days - high speed internet - mobile data 5G compatible	0625HA8J6UZ	ANGOLA-ESIM		0	25/06/2026 09:31:55 BST		y	1			11				B0H6M8CHGX						B0H6M8CHGX			0	DEFAULT	Migrated Template	Incomplete		
Anguilla eSIM 5GB 30Days	Anguilla eSIM 5GB 30Days - high speed internet - mobile data 5G compatible	0625HAKAVJ5	ANGUILLA-ESIM		0	25/06/2026 09:32:50 BST		y	1			11				B0H6MDNLSB						B0H6MDNLSB			0	DEFAULT	Migrated Template	Incomplete		
Antigua and Barbuda eSIM 3GB 15Days	Antigua and Barbuda eSIM 3GB 15Days - high speed internet - mobile data 5G compatible	0625HAHILRQ	ANTIGUA-AND-BARBUDA-ESIM		0	25/06/2026 09:34:10 BST		y	1			11				B0H6MBXMJ2						B0H6MBXMJ2			0	DEFAULT	Migrated Template	Incomplete		
Argentina eSIM 3GB 15Days	Argentina eSIM 3GB 15Days - high speed internet - mobile data 5G compatible	0625HBNNWFL	ARGENTINA-ESIM		0	25/06/2026 16:40:54 BST		y	1			11				B0H6N6GB9C						B0H6N6GB9C			0	DEFAULT	Migrated Template	Incomplete		
Armenia eSIM 3GB 15Days	Armenia eSIM 3GB 15Days - high speed internet - mobile data 5G compatible	0625HBMF4V6	ARMENIA-ESIM		0	25/06/2026 16:41:49 BST		y	1			11				B0H6N4JHZX						B0H6N4JHZX			0	DEFAULT	Migrated Template	Incomplete		
Asia-20 eSIM 3GB 15Days	Asia-20 eSIM 3GB 15Days - high speed internet - mobile data 5G compatible	0625HBUPXNT	ASIA-20-ESIM		0	25/06/2026 16:42:43 BST		y	1			11				B0H6N6MVHC						B0H6N6MVHC			0	DEFAULT	Migrated Template	Incomplete		
Australia eSIM 3GB 15Days	Australia eSIM 3GB 15Days - high speed internet - mobile data 5G compatible	0625HBRQEM8	AUSTRALIA-ESIM		0	25/06/2026 16:43:38 BST		y	1			11				B0H6NC849Z						B0H6NC849Z			0	DEFAULT	Migrated Template	Incomplete		
Austria eSIM 3GB 15Days	Austria eSIM 3GB 15Days - high speed internet - mobile data 5G compatible	0625HBRTBC5	AUSTRIA-ESIM		0	25/06/2026 16:44:59 BST		y	1			11				B0H6N9HLS9						B0H6N9HLS9			0	DEFAULT	Migrated Template	Incomplete		
Azerbaijan eSIM 3GB 15Days	Azerbaijan eSIM 3GB 15Days - high speed internet - mobile data 5G compatible	0625HBNGU4O	AZERBAIJAN-ESIM		0	25/06/2026 16:46:18 BST		y	1			11				B0H6MYNTG6						B0H6MYNTG6			0	DEFAULT	Migrated Template	Incomplete		
Bahamas eSIM 20GB 30Days	Bahamas eSIM 20GB 30Days - high speed internet - mobile data 5G compatible	0625HA0RBJC	BAHAMAS-ESIM		0	25/06/2026 09:35:30 BST		y	1			11				B0H6MHZKZJ						B0H6MHZKZJ			0	DEFAULT	Migrated Template	Incomplete		
Bahrain eSIM 3GB 15Days	Bahrain eSIM 3GB 15Days - high speed internet - mobile data 5G compatible	0625HBR8GMD	BAHRAIN-ESIM		0	25/06/2026 16:46:48 BST		y	1			11				B0H6N1YGHF						B0H6N1YGHF			0	DEFAULT	Migrated Template	Incomplete		
Bangladesh eSIM 3GB 15Days	Bangladesh eSIM 3GB 15Days - high speed internet - mobile data 5G compatible	0625HBVJFMF	BANGLADESH-ESIM		0	25/06/2026 16:47:16 BST		y	1			11				B0H6N43BLC						B0H6N43BLC			0	DEFAULT	Migrated Template	Incomplete		
Barbados eSIM 3GB 15Days	Barbados eSIM 3GB 15Days - high speed internet - mobile data 5G compatible	0625HABS0BL	BARBADOS-ESIM		0	25/06/2026 09:36:50 BST		y	1			11				B0H6M5B4PV						B0H6M5B4PV			0	DEFAULT	Migrated Template	Incomplete		
Belarus eSIM 3GB 15Days	Belarus eSIM 3GB 15Days - high speed internet - mobile data 5G compatible	0625HBQPQA2	BELARUS-ESIM		0	25/06/2026 16:48:36 BST		y	1			11				B0H6NGTGVY						B0H6NGTGVY			0	DEFAULT	Migrated Template	Incomplete		
Belgium eSIM 3GB 15Days	Belgium eSIM 3GB 15Days - high speed internet - mobile data 5G compatible	0625HBNK7HY	BELGIUM-ESIM		0	25/06/2026 16:49:31 BST		y	1			11				B0H6N8NLLD						B0H6N8NLLD			0	DEFAULT	Migrated Template	Incomplete		
Belize eSIM 3GB 15Days	Belize eSIM 3GB 15Days - high speed internet - mobile data 5G compatible	0625HADQWFN	BELIZE-ESIM		0	25/06/2026 09:38:10 BST		y	1			11				B0H6M99KY5						B0H6M99KY5			0	DEFAULT	Migrated Template	Incomplete		
Benin eSIM 20GB 30Days	Benin eSIM 20GB 30Days - high speed internet - mobile data 5G compatible	0625HAELK7D	BENIN-ESIM		0	25/06/2026 09:39:30 BST		y	1			11				B0H6M6CDVM						B0H6M6CDVM			0	DEFAULT	Migrated Template	Incomplete		
Bermuda eSIM 3GB 15Days	Bermuda eSIM 3GB 15Days - high speed internet - mobile data 5G compatible	0625HA0VLJZ	BERMUDA-ESIM		0	25/06/2026 09:40:50 BST		y	1			11				B0H6MJ7G7N						B0H6MJ7G7N			0	DEFAULT	Migrated Template	Incomplete		
Bhutan eSIM 3GB 15Days	Bhutan eSIM 3GB 15Days - high speed internet - mobile data 5G compatible	0625HA7KD66	BHUTAN-ESIM		0	25/06/2026 09:42:10 BST		y	1			11				B0H6MCGM2D						B0H6MCGM2D			0	DEFAULT	Migrated Template	Incomplete		
Bolivia eSIM 3GB 15Days	Bolivia eSIM 3GB 15Days - high speed internet - mobile data 5G compatible	0625HBRFZ4F	BOLIVIA-ESIM		0	25/06/2026 16:50:50 BST		y	1			11				B0H6N6Q5XX						B0H6N6Q5XX			0	DEFAULT	Migrated Template	Incomplete		
Bosnia and Herzegovina eSIM 3GB 15Days	Bosnia and Herzegovina eSIM 3GB 15Days - high speed internet - mobile data 5G compatible	0625HBY5PAV	BOSNIA-AND-HERZEGOVINA-ESIM		0	25/06/2026 16:51:45 BST		y	1			11				B0H6N894S2						B0H6N894S2			0	DEFAULT	Migrated Template	Incomplete		
Botswana eSIM 3GB 15Days	Botswana eSIM 3GB 15Days - high speed internet - mobile data 5G compatible	0625HC1J4GH	BOTSWANA-ESIM		0	25/06/2026 16:52:14 BST		y	1			11				B0H6N7V9SC						B0H6N7V9SC			0	DEFAULT	Migrated Template	Incomplete		
Brazil eSIM 3GB 15Days	Brazil eSIM 3GB 15Days - high speed internet - mobile data 5G compatible	0625HBYSIO1	BRAZIL-ESIM		0	25/06/2026 16:52:42 BST		y	1			11				B0H6N921BB						B0H6N921BB			0	DEFAULT	Migrated Template	Incomplete		
Brunei Darussalam eSIM 3GB 15Days	Brunei Darussalam eSIM 3GB 15Days - high speed internet - mobile data 5G compatible	0625HBNYOBG	BRUNEI-DARUSSALAM-ESIM		0	25/06/2026 16:53:37 BST		y	1			11				B0H6N5YWJ7						B0H6N5YWJ7			0	DEFAULT	Migrated Template	Incomplete		
Bulgaria eSIM 3GB 15Days	Bulgaria eSIM 3GB 15Days - high speed internet - mobile data 5G compatible	0625HABODFL	BULGARIA-ESIM		0	25/06/2026 09:27:50 BST		y	1			11				B0H6MFQ1XQ						B0H6MFQ1XQ			0	DEFAULT	Migrated Template	Incomplete		
Burkina Faso eSIM 5GB 30Days	Burkina Faso eSIM 5GB 30Days - high speed internet - mobile data 5G compatible	0625HBRISL7	BURKINA-FASO-ESIM		0	25/06/2026 16:54:31 BST		y	1			11				B0H6N1XXLH						B0H6N1XXLH			0	DEFAULT	Migrated Template	Incomplete		
Cambodia eSIM 3GB 15Days	Cambodia eSIM 3GB 15Days - high speed internet - mobile data 5G compatible	0625HBREZKU	CAMBODIA-ESIM		0	25/06/2026 17:00:02 BST		y	1			11				B0H6NB2LQ1						B0H6NB2LQ1			0	DEFAULT	Migrated Template	Incomplete		
Cameroon eSIM 3GB 15Days	Cameroon eSIM 3GB 15Days - high speed internet - mobile data 5G compatible	0625HBMVYTK	CAMEROON-ESIM		0	25/06/2026 16:55:26 BST		y	1			11				B0H6N8CK56						B0H6N8CK56			0	DEFAULT	Migrated Template	Incomplete		
Canada eSIM 20GB 30Days Premium	Canada eSIM 20GB 30Days Premium - high speed internet - mobile data 5G compatible	0625HAJ51P0	CANADA-PREMIUM-ESIM		0	25/06/2026 10:37:18 BST		y	1			11				B0H6MFCSV2						B0H6MFCSV2			0	DEFAULT	Migrated Template	Incomplete		
Cape Verde eSIM 20GB 30Days	Cape Verde eSIM 20GB 30Days - high speed internet - mobile data 5G compatible	0625HA4F6SL	CAPE-VERDE-ESIM		0	25/06/2026 09:43:30 BST		y	1			11				B0H6M9N1NN						B0H6M9N1NN			0	DEFAULT	Migrated Template	Incomplete		
Cayman Islands eSIM 20GB 30Days	Cayman Islands eSIM 20GB 30Days - high speed internet - mobile data 5G compatible	0625HA52XL2	CAYMAN-ISLANDS-ESIM		0	25/06/2026 09:44:50 BST		y	1			11				B0H6MH7GN4						B0H6MH7GN4			0	DEFAULT	Migrated Template	Incomplete		
Central African Republic eSIM 5GB 30Days	Central African Republic eSIM 5GB 30Days - high speed internet - mobile data 5G compatible	0625HBV4HNB	CENTRAL-AFRICAN-REPUBLIC-ESIM		0	25/06/2026 16:55:54 BST		y	1			11				B0H6N5WHB2						B0H6N5WHB2			0	DEFAULT	Migrated Template	Incomplete		
Chad eSIM 3GB 15Days	Chad eSIM 3GB 15Days - high speed internet - mobile data 5G compatible	0625HBO5UEO	CHAD-ESIM		0	25/06/2026 16:56:49 BST		y	1			11				B0H6MYNXWW						B0H6MYNXWW			0	DEFAULT	Migrated Template	Incomplete		
Chile eSIM 3GB 15Days	Chile eSIM 3GB 15Days - high speed internet - mobile data 5G compatible	0625HBNBOBF	CHILE-ESIM		0	25/06/2026 16:57:43 BST		y	1			11				B0H6NJW3R6						B0H6NJW3R6			0	DEFAULT	Migrated Template	Incomplete		
China eSIM 3GB 15Days	China eSIM 3GB 15Days - high speed internet - mobile data 5G compatible	0625HBO5AL3	CHINA-ESIM		0	25/06/2026 16:58:13 BST		y	1			11				B0H6NB3PJ9						B0H6NB3PJ9			0	DEFAULT	Migrated Template	Incomplete		
Colombia eSIM 3GB 15Days	Colombia eSIM 3GB 15Days - high speed internet - mobile data 5G compatible	0625HBNXKTA	COLOMBIA-ESIM		0	25/06/2026 16:59:33 BST		y	1			11				B0H6N3RQF8						B0H6N3RQF8			0	DEFAULT	Migrated Template	Incomplete		
Costa Rica eSIM 3GB 15Days	Costa Rica eSIM 3GB 15Days - high speed internet - mobile data 5G compatible	0625HBNSMKV	COSTA-RICA-ESIM		0	25/06/2026 17:00:56 BST		y	1			11				B0H6N7F2Q4						B0H6N7F2Q4			0	DEFAULT	Migrated Template	Incomplete		
Cote d'Ivoire eSIM 3GB 15Days	Cote d'Ivoire eSIM 3GB 15Days - high speed internet - mobile data 5G compatible	0625HBXTV3L	COTE-D-IVOIRE-ESIM		0	25/06/2026 17:01:25 BST		y	1			11				B0H6N2JZGW						B0H6N2JZGW			0	DEFAULT	Migrated Template	Incomplete		
Croatia eSIM 3GB 15Days	Croatia eSIM 3GB 15Days - high speed internet - mobile data 5G compatible	0625HBQCRWJ	CROATIA-ESIM		0	25/06/2026 17:02:20 BST		y	1			11				B0H6N8YDDC						B0H6N8YDDC			0	DEFAULT	Migrated Template	Incomplete		
Curacao eSIM 20GB 30Days	Curacao eSIM 20GB 30Days - high speed internet - mobile data 5G compatible	0625HA105WL	CURACAO-ESIM		0	25/06/2026 09:46:10 BST		y	1			11				B0H6MDWDGZ						B0H6MDWDGZ			0	DEFAULT	Migrated Template	Incomplete		
Cyprus eSIM 3GB 15Days	Cyprus eSIM 3GB 15Days - high speed internet - mobile data 5G compatible	0625HC13TMO	CYPRUS-ESIM		0	25/06/2026 17:03:39 BST		y	1			11				B0H6N7Y4L3						B0H6N7Y4L3			0	DEFAULT	Migrated Template	Incomplete		
Czech Republic eSIM 3GB 15Days	Czech Republic eSIM 3GB 15Days - high speed internet - mobile data 5G compatible	0625HBVB6IA	CZECH-REPUBLIC-ESIM		0	25/06/2026 17:04:34 BST		y	1			11				B0H6N5HC5G						B0H6N5HC5G			0	DEFAULT	Migrated Template	Incomplete		
Democratic Republic of the Congo eSIM 3GB 15Days	Democratic Republic of the Congo eSIM 3GB 15Days - high speed internet - mobile data 5G compatible	0625HAL94U0	DEMOCRATIC-REPUBLIC-OF-THE-CONGO-ESIM		0	25/06/2026 09:47:30 BST		y	1			11				B0H6M5YDHL						B0H6M5YDHL			0	DEFAULT	Migrated Template	Incomplete		
Denmark eSIM 3GB 15Days	Denmark eSIM 3GB 15Days - high speed internet - mobile data 5G compatible	0625HBS9NSM	DENMARK-ESIM		0	25/06/2026 17:05:54 BST		y	1			11				B0H6ND2H23						B0H6ND2H23			0	DEFAULT	Migrated Template	Incomplete		
Dominica eSIM 20GB 30Days	Dominica eSIM 20GB 30Days - high speed internet - mobile data 5G compatible	0625HA8VH35	DOMINICA-ESIM		0	25/06/2026 09:48:25 BST		y	1			11				B0H6M9M8QF						B0H6M9M8QF			0	DEFAULT	Migrated Template	Incomplete		
Dominican Republic eSIM 3GB 15Days	Dominican Republic eSIM 3GB 15Days - high speed internet - mobile data 5G compatible	0625HBRUXAO	DOMINICAN-REPUBLIC-ESIM		0	25/06/2026 17:07:13 BST		y	1			11				B0H6N2XNQ9						B0H6N2XNQ9			0	DEFAULT	Migrated Template	Incomplete		
Democratic Republic of the Congo eSIM 20GB 30Days	Democratic Republic of the Congo eSIM 20GB 30Days - high speed internet - mobile data 5G compatible	0625HB961VO	DR-CONGO-ESIM		0	25/06/2026 13:28:55 BST		y	1			11				B0H6MS29CT						B0H6MS29CT			0	DEFAULT	Migrated Template	Incomplete		
Ecuador eSIM 3GB 15Days	Ecuador eSIM 3GB 15Days - high speed internet - mobile data 5G compatible	0625HBO6ZMS	ECUADOR-ESIM		0	25/06/2026 17:08:33 BST		y	1			11				B0H6ND3DNV						B0H6ND3DNV			0	DEFAULT	Migrated Template	Incomplete		
Egypt eSIM 5GB 30Days	Egypt eSIM 5GB 30Days - high speed internet - mobile data 5G compatible	0625HBSE5S6	EGYPT-ESIM		0	25/06/2026 17:09:02 BST		y	1			11				B0H6N7QXLQ						B0H6N7QXLQ			0	DEFAULT	Migrated Template	Incomplete		
El Salvador eSIM 3GB 15Days	El Salvador eSIM 3GB 15Days - high speed internet - mobile data 5G compatible	0625HBO90D1	EL-SALVADOR-ESIM		0	25/06/2026 17:10:22 BST		y	1			11				B0H6N9XNQB						B0H6N9XNQB			0	DEFAULT	Migrated Template	Incomplete		
Estonia eSIM 3GB 15Days	Estonia eSIM 3GB 15Days - high speed internet - mobile data 5G compatible	0625HBRN0N6	ESTONIA-ESIM		0	25/06/2026 17:10:51 BST		y	1			11				B0H6N4JJM4						B0H6N4JJM4			0	DEFAULT	Migrated Template	Incomplete		
Europe(40+ areas) eSIM 5GB 30Days	Europe(40+ areas) eSIM 5GB 30Days - high speed internet - mobile data 5G compatible	0625HBVLT64	EUROPE-40-AREAS-ESIM		0	25/06/2026 17:12:10 BST		y	1			11				B0H6N8BQ5Z						B0H6N8BQ5Z			0	DEFAULT	Migrated Template	Incomplete		
Faroe Islands eSIM 3GB 15Days	Faroe Islands eSIM 3GB 15Days - high speed internet - mobile data 5G compatible	0625HA8LQAP	FAROE-ISLANDS-ESIM		0	25/06/2026 09:49:45 BST		y	1			11				B0H6MG2BGG						B0H6MG2BGG			0	DEFAULT	Migrated Template	Incomplete		
Fiji eSIM 20GB 30Days	Fiji eSIM 20GB 30Days - high speed internet - mobile data 5G compatible	0625HALQZCH	FIJI-ESIM		0	25/06/2026 09:51:05 BST		y	1			11				B0H6MDDYLQ						B0H6MDDYLQ			0	DEFAULT	Migrated Template	Incomplete		
Finland eSIM 3GB 15Days	Finland eSIM 3GB 15Days - high speed internet - mobile data 5G compatible	0625HC1B53E	FINLAND-ESIM		0	25/06/2026 17:13:05 BST		y	1			11				B0H6NC38NC						B0H6NC38NC			0	DEFAULT	Migrated Template	Incomplete		
France eSIM 3GB 15Days	France eSIM 3GB 15Days - high speed internet - mobile data 5G compatible	0625HBVRMSF	FRANCE-ESIM		0	25/06/2026 17:13:59 BST		y	1			11				B0H6N8K944						B0H6N8K944			0	DEFAULT	Migrated Template	Incomplete		
French Guiana eSIM 20GB 30Days	French Guiana eSIM 20GB 30Days - high speed internet - mobile data 5G compatible	0625HAF9DG3	FRENCH-GUIANA-ESIM		0	25/06/2026 09:52:25 BST		y	1			11				B0H6MB7W2V						B0H6MB7W2V			0	DEFAULT	Migrated Template	Incomplete		
French Polynesia eSIM 20GB 30Days	French Polynesia eSIM 20GB 30Days - high speed internet - mobile data 5G compatible	0625HA4VLA1	FRENCH-POLYNESIA-ESIM		0	25/06/2026 09:53:45 BST		y	1			11				B0H6M5Z1DC						B0H6M5Z1DC			0	DEFAULT	Migrated Template	Incomplete		
Gabon eSIM 3GB 15Days	Gabon eSIM 3GB 15Days - high speed internet - mobile data 5G compatible	0625HBVUASG	GABON-ESIM		0	25/06/2026 17:15:19 BST		y	1			11				B0H6NDY9YG						B0H6NDY9YG			0	DEFAULT	Migrated Template	Incomplete		
Gambia eSIM 3GB 15Days	Gambia eSIM 3GB 15Days - high speed internet - mobile data 5G compatible	0625HBPCVHQ	GAMBIA-ESIM		0	25/06/2026 18:48:46 BST		y	1			11				B0H6N75PM2						B0H6N75PM2			0	DEFAULT	Migrated Template	Incomplete		
Georgia eSIM 3GB 15Days	Georgia eSIM 3GB 15Days - high speed internet - mobile data 5G compatible	0625HBRWY24	GEORGIA-ESIM		0	25/06/2026 17:15:48 BST		y	1			11				B0H6NF1CV5						B0H6NF1CV5			0	DEFAULT	Migrated Template	Incomplete		
Germany eSIM 3GB 15Days	Germany eSIM 3GB 15Days - high speed internet - mobile data 5G compatible	0625HBODFS8	GERMANY-ESIM		0	25/06/2026 17:16:42 BST		y	1			11				B0H6N89K99						B0H6N89K99			0	DEFAULT	Migrated Template	Incomplete		
Ghana eSIM 3GB 15Days	Ghana eSIM 3GB 15Days - high speed internet - mobile data 5G compatible	0625HA8VT3Z	GHANA-ESIM		0	25/06/2026 09:55:04 BST		y	1			11				B0H6M74KTG						B0H6M74KTG			0	DEFAULT	Migrated Template	Incomplete		
Gibraltar eSIM 3GB 15Days	Gibraltar eSIM 3GB 15Days - high speed internet - mobile data 5G compatible	0625HBULERE	GIBRALTAR-ESIM		0	25/06/2026 17:18:02 BST		y	1			11				B0H6ND5PL3						B0H6ND5PL3			0	DEFAULT	Migrated Template	Incomplete		
Global139 eSIM 5GB 30Days	Global139 eSIM 5GB 30Days - high speed internet - mobile data 5G compatible	0625HBYQM5M	GLOBAL139-ESIM		0	25/06/2026 17:18:31 BST		y	1			11				B0H6NM24Y9						B0H6NM24Y9			0	DEFAULT	Migrated Template	Incomplete		
Greece eSIM 20GB 30Days	Greece eSIM 20GB 30Days - high speed internet - mobile data 5G compatible	0625HBSCD7T	GREECE-ESIM		0	25/06/2026 17:19:00 BST		y	1			11				B0H6N7YFL4						B0H6N7YFL4			0	DEFAULT	Migrated Template	Incomplete		
Greenland eSIM 20GB 30Days	Greenland eSIM 20GB 30Days - high speed internet - mobile data 5G compatible	0625HACABIN	GREENLAND-ESIM		0	25/06/2026 09:56:24 BST		y	1			11				B0H6M87Y6F						B0H6M87Y6F			0	DEFAULT	Migrated Template	Incomplete		
Grenada eSIM 20GB 30Days	Grenada eSIM 20GB 30Days - high speed internet - mobile data 5G compatible	0625HABH4NI	GRENADA-ESIM		0	25/06/2026 09:57:44 BST		y	1			11				B0H6MFTNRQ						B0H6MFTNRQ			0	DEFAULT	Migrated Template	Incomplete		
Guadeloupe eSIM 3GB 15Days	Guadeloupe eSIM 3GB 15Days - high speed internet - mobile data 5G compatible	0625HBUVZ81	GUADELOUPE-ESIM		0	25/06/2026 17:20:20 BST		y	1			11				B0H6N94JMQ						B0H6N94JMQ			0	DEFAULT	Migrated Template	Incomplete		
Guam eSIM 3GB 15Days	Guam eSIM 3GB 15Days - high speed internet - mobile data 5G compatible	0625HC1HLIC	GUAM-ESIM		0	25/06/2026 17:21:14 BST		y	1			11				B0H6NBBR15						B0H6NBBR15			0	DEFAULT	Migrated Template	Incomplete		
Guatemala eSIM 3GB 15Days	Guatemala eSIM 3GB 15Days - high speed internet - mobile data 5G compatible	0625HBOFRYL	GUATEMALA-ESIM		0	25/06/2026 17:22:34 BST		y	1			11				B0H6NC8Z9L						B0H6NC8Z9L			0	DEFAULT	Migrated Template	Incomplete		
Guernsey eSIM 3GB 15Days	Guernsey eSIM 3GB 15Days - high speed internet - mobile data 5G compatible	0625HBY85OD	GUERNSEY-ESIM		0	25/06/2026 17:23:03 BST		y	1			11				B0H6N3W69L						B0H6N3W69L			0	DEFAULT	Migrated Template	Incomplete		
Guinea-Bissau eSIM 3GB 15Days	Guinea-Bissau eSIM 3GB 15Days - high speed internet - mobile data 5G compatible	0625HABI0O8	GUINEA-BISSAU-ESIM		0	25/06/2026 10:00:24 BST		y	1			11				B0H6M5H2Z7						B0H6M5H2Z7			0	DEFAULT	Migrated Template	Incomplete		
Guinea eSIM 3GB 15Days	Guinea eSIM 3GB 15Days - high speed internet - mobile data 5G compatible	0625HA5GU3B	GUINEA-ESIM		0	25/06/2026 09:59:04 BST		y	1			11				B0H6MB6P8K						B0H6MB6P8K			0	DEFAULT	Migrated Template	Incomplete		
Guyana eSIM 20GB 30Days	Guyana eSIM 20GB 30Days - high speed internet - mobile data 5G compatible	0625HANY0TD	GUYANA-ESIM		0	25/06/2026 10:01:45 BST		y	1			11				B0H6MCFRW8						B0H6MCFRW8			0	DEFAULT	Migrated Template	Incomplete		
Haiti eSIM 3GB 15Days	Haiti eSIM 3GB 15Days - high speed internet - mobile data 5G compatible	0625HAF08DD	HAITI-ESIM		0	25/06/2026 10:03:04 BST		y	1			11				B0H6MJ3QP9						B0H6MJ3QP9			0	DEFAULT	Migrated Template	Incomplete		
Hajjj Package Luxury eSIM | Saudi Arabia Travel Data | Travel Guide Included | 3G/4G/5G Speeds	Premium Islamic Hajj eSIM package with 10GB data valid for 30 days. Includes Hajj Luxury Travel Guide and exclusive Saudi Arabian travel guides. Instant QR activation for use across Saudi Arabia.	0610HJLQGMJ	HAJJ-LUXURY-ESIM		0	10/06/2026 07:00:51 BST		y	1			11				B0H4Q6N5RX						B0H4Q6N5RX			0	DEFAULT	Migrated Template	Incomplete		
Honduras eSIM 3GB 15Days	Honduras eSIM 3GB 15Days - high speed internet - mobile data 5G compatible	0625HBW6K1L	HONDURAS-ESIM		0	25/06/2026 17:24:22 BST		y	1			11				B0H6NH5MR3						B0H6NH5MR3			0	DEFAULT	Migrated Template	Incomplete		
Hong Kong eSIM 5GB 30Days	Hong Kong eSIM 5GB 30Days - high speed internet - mobile data 5G compatible	0625HBYTDQE	HONG-KONG-ESIM		0	25/06/2026 17:24:51 BST		y	1			11				B0H6NK54XV						B0H6NK54XV			0	DEFAULT	Migrated Template	Incomplete		
Hungary eSIM 3GB 15Days	Hungary eSIM 3GB 15Days - high speed internet - mobile data 5G compatible	0625HBRD7A6	HUNGARY-ESIM		0	25/06/2026 17:26:11 BST		y	1			11				B0H6N4Y8KM						B0H6N4Y8KM			0	DEFAULT	Migrated Template	Incomplete		
Iceland eSIM 3GB 15Days	Iceland eSIM 3GB 15Days - high speed internet - mobile data 5G compatible	0625HBOE183	ICELAND-ESIM		0	25/06/2026 17:27:31 BST		y	1			11				B0H6NCP4ZZ						B0H6NCP4ZZ			0	DEFAULT	Migrated Template	Incomplete		
India eSIM 3GB 15Days	India eSIM 3GB 15Days - high speed internet - mobile data 5G compatible	0625HBW1TLG	INDIA-ESIM		0	25/06/2026 17:28:51 BST		y	1			11				B0H6N8573K						B0H6N8573K			0	DEFAULT	Migrated Template	Incomplete		
Indonesia eSIM 3GB 15Days	Indonesia eSIM 3GB 15Days - high speed internet - mobile data 5G compatible	0625HBW0BAL	INDONESIA-ESIM		0	25/06/2026 17:30:10 BST		y	1			11				B0H6NFYZSL						B0H6NFYZSL			0	DEFAULT	Migrated Template	Incomplete		
Iraq eSIM 3GB 15Days	Iraq eSIM 3GB 15Days - high speed internet - mobile data 5G compatible	0625HAHRL94	IRAQ-ESIM		0	25/06/2026 10:04:24 BST		y	1			11				B0H6ML4WRS						B0H6ML4WRS			0	DEFAULT	Migrated Template	Incomplete		
Ireland eSIM 20GB 30Days	Ireland eSIM 20GB 30Days - high speed internet - mobile data 5G compatible	0625HBWBGO3	IRELAND-ESIM		0	25/06/2026 17:31:30 BST		y	1			11				B0H6N9YKYD						B0H6N9YKYD			0	DEFAULT	Migrated Template	Incomplete		
Isle of Man eSIM 3GB 15Days	Isle of Man eSIM 3GB 15Days - high speed internet - mobile data 5G compatible	0625HBV94TT	ISLE-OF-MAN-ESIM		0	25/06/2026 17:32:50 BST		y	1			11				B0H6N6XRZK						B0H6N6XRZK			0	DEFAULT	Migrated Template	Incomplete		
Israel eSIM 3GB 15Days	Israel eSIM 3GB 15Days - high speed internet - mobile data 5G compatible	0625HBY60X0	ISRAEL-ESIM		0	25/06/2026 17:34:10 BST		y	1			11				B0H6NLYRQZ						B0H6NLYRQZ			0	DEFAULT	Migrated Template	Incomplete		
Italy eSIM 3GB 15Days	Italy eSIM 3GB 15Days - high speed internet - mobile data 5G compatible	0625HBSSJ31	ITALY-ESIM		0	25/06/2026 17:35:31 BST		y	1			11				B0H6N8G8VT						B0H6N8G8VT			0	DEFAULT	Migrated Template	Incomplete		
Jamaica eSIM 5GB 30Days	Jamaica eSIM 5GB 30Days - high speed internet - mobile data 5G compatible	0625HA5EPY9	JAMAICA-ESIM		0	25/06/2026 10:05:44 BST		y	1			11				B0H6MNJLNR						B0H6MNJLNR			0	DEFAULT	Migrated Template	Incomplete		
Japan eSIM 3GB 15Days	Japan eSIM 3GB 15Days - high speed internet - mobile data 5G compatible	0625HBWBQJ0	JAPAN-ESIM		0	25/06/2026 17:36:51 BST		y	1			11				B0H6NL7T28						B0H6NL7T28			0	DEFAULT	Migrated Template	Incomplete		
Jersey eSIM 3GB 15Days	Jersey eSIM 3GB 15Days - high speed internet - mobile data 5G compatible	0625HC1BWWX	JERSEY-ESIM		0	25/06/2026 17:38:11 BST		y	1			11				B0H6N87Y1B						B0H6N87Y1B			0	DEFAULT	Migrated Template	Incomplete		
Jordan eSIM 3GB 15Days	Jordan eSIM 3GB 15Days - high speed internet - mobile data 5G compatible	0625HBSXM0O	JORDAN-ESIM		0	25/06/2026 17:39:31 BST		y	1			11				B0H6NCWVZM						B0H6NCWVZM			0	DEFAULT	Migrated Template	Incomplete		
Kazakhstan eSIM 3GB 15Days	Kazakhstan eSIM 3GB 15Days - high speed internet - mobile data 5G compatible	0625HC4L03U	KAZAKHSTAN-ESIM		0	25/06/2026 17:40:51 BST		y	1			11				B0H6NDGQW5						B0H6NDGQW5			0	DEFAULT	Migrated Template	Incomplete		
Kenya eSIM 3GB 15Days	Kenya eSIM 3GB 15Days - high speed internet - mobile data 5G compatible	0625HBOGMTI	KENYA-ESIM		0	25/06/2026 17:42:11 BST		y	1			11				B0H6N7739C						B0H6N7739C			0	DEFAULT	Migrated Template	Incomplete		
Kuwait eSIM 3GB 15Days	Kuwait eSIM 3GB 15Days - high speed internet - mobile data 5G compatible	0625HC5C6Z3	KUWAIT-ESIM		0	25/06/2026 17:43:06 BST		y	1			11				B0H6N6MX31						B0H6N6MX31			0	DEFAULT	Migrated Template	Incomplete		
Kyrgyzstan eSIM 3GB 15Days	Kyrgyzstan eSIM 3GB 15Days - high speed internet - mobile data 5G compatible	0625HBOMT4J	KYRGYZSTAN-ESIM		0	25/06/2026 17:44:25 BST		y	1			11				B0H6N8FZ39						B0H6N8FZ39			0	DEFAULT	Migrated Template	Incomplete		
Laos eSIM 3GB 15Days	Laos eSIM 3GB 15Days - high speed internet - mobile data 5G compatible	0625HA1BXZ8	LAOS-ESIM		0	25/06/2026 10:07:05 BST		y	1			11				B0H6MF4D8M						B0H6MF4D8M			0	DEFAULT	Migrated Template	Incomplete		
Latvia eSIM 3GB 15Days	Latvia eSIM 3GB 15Days - high speed internet - mobile data 5G compatible	0625HBZKT9U	LATVIA-ESIM		0	25/06/2026 17:45:20 BST		y	1			11				B0H6N5RBHS						B0H6N5RBHS			0	DEFAULT	Migrated Template	Incomplete		
Liberia eSIM 3GB 15Days	Liberia eSIM 3GB 15Days - high speed internet - mobile data 5G compatible	0625HC5PMDJ	LIBERIA-ESIM		0	25/06/2026 17:46:39 BST		y	1			11				B0H6N94RH6						B0H6N94RH6			0	DEFAULT	Migrated Template	Incomplete		
Libya eSIM 20GB 30Days	Libya eSIM 20GB 30Days - high speed internet - mobile data 5G compatible	0625HA1CLW1	LIBYA-ESIM		0	25/06/2026 10:08:25 BST		y	1			11				B0H6M7T4M9						B0H6M7T4M9			0	DEFAULT	Migrated Template	Incomplete		
Liechtenstein eSIM 3GB 15Days	Liechtenstein eSIM 3GB 15Days - high speed internet - mobile data 5G compatible	0625HC2NNJT	LIECHTENSTEIN-ESIM		0	25/06/2026 17:47:34 BST		y	1			11				B0H6NB6KF7						B0H6NB6KF7			0	DEFAULT	Migrated Template	Incomplete		
Lithuania eSIM 3GB 15Days	Lithuania eSIM 3GB 15Days - high speed internet - mobile data 5G compatible	0625HBOPIRX	LITHUANIA-ESIM		0	25/06/2026 17:48:02 BST		y	1			11				B0H6N8H96J						B0H6N8H96J			0	DEFAULT	Migrated Template	Incomplete		
Luxembourg eSIM 3GB 15Days	Luxembourg eSIM 3GB 15Days - high speed internet - mobile data 5G compatible	0625HC2O81F	LUXEMBOURG-ESIM		0	25/06/2026 17:49:22 BST		y	1			11				B0H6NB72G9						B0H6NB72G9			0	DEFAULT	Migrated Template	Incomplete		
Macao eSIM 3GB 15Days	Macao eSIM 3GB 15Days - high speed internet - mobile data 5G compatible	0625HC8E5Q6	MACAO-ESIM		0	25/06/2026 17:50:44 BST		y	1			11				B0H6N8H6BD						B0H6N8H6BD			0	DEFAULT	Migrated Template	Incomplete		
Madagascar eSIM 3GB 15Days	Madagascar eSIM 3GB 15Days - high speed internet - mobile data 5G compatible	0625HC594P5	MADAGASCAR-ESIM		0	25/06/2026 17:52:04 BST		y	1			11				B0H6NBTTWK						B0H6NBTTWK			0	DEFAULT	Migrated Template	Incomplete		
Malawi eSIM 3GB 15Days	Malawi eSIM 3GB 15Days - high speed internet - mobile data 5G compatible	0625HBT17W6	MALAWI-ESIM		0	25/06/2026 17:52:33 BST		y	1			11				B0H6NBMGLL						B0H6NBMGLL			0	DEFAULT	Migrated Template	Incomplete		
Malaysia eSIM 3GB 15Days	Malaysia eSIM 3GB 15Days - high speed internet - mobile data 5G compatible	0625HC1FHES	MALAYSIA-ESIM		0	25/06/2026 17:53:28 BST		y	1			11				B0H6N8S9VF						B0H6N8S9VF			0	DEFAULT	Migrated Template	Incomplete		
Maldives eSIM 20GB 30Days	Maldives eSIM 20GB 30Days - high speed internet - mobile data 5G compatible	0625HAF4OZE	MALDIVES-ESIM		0	25/06/2026 10:09:44 BST		y	1			11				B0H6M7VBCC						B0H6M7VBCC			0	DEFAULT	Migrated Template	Incomplete		
Mali eSIM 3GB 15Days	Mali eSIM 3GB 15Days - high speed internet - mobile data 5G compatible	0625HC228TK	MALI-ESIM		0	25/06/2026 17:54:47 BST		y	1			11				B0H6N9BY8N						B0H6N9BY8N			0	DEFAULT	Migrated Template	Incomplete		
Malta eSIM 3GB 15Days	Malta eSIM 3GB 15Days - high speed internet - mobile data 5G compatible	0625HC2SJ4O	MALTA-ESIM		0	25/06/2026 17:55:16 BST		y	1			11				B0H6NBDQH1						B0H6NBDQH1			0	DEFAULT	Migrated Template	Incomplete		
Martinique eSIM 3GB 15Days	Martinique eSIM 3GB 15Days - high speed internet - mobile data 5G compatible	0625HA5HWL0	MARTINIQUE-ESIM		0	25/06/2026 10:11:04 BST		y	1			11				B0H6M81ZS9						B0H6M81ZS9			0	DEFAULT	Migrated Template	Incomplete		
Mauritius eSIM 3GB 15Days	Mauritius eSIM 3GB 15Days - high speed internet - mobile data 5G compatible	0625HC06JMG	MAURITIUS-ESIM		0	25/06/2026 18:49:40 BST		y	1			11				B0H6NPKF3T						B0H6NPKF3T			0	DEFAULT	Migrated Template	Incomplete		
Mayotte eSIM 3GB 15Days	Mayotte eSIM 3GB 15Days - high speed internet - mobile data 5G compatible	0625HAFB9UV	MAYOTTE-ESIM		0	25/06/2026 10:12:24 BST		y	1			11				B0H6M5W634						B0H6M5W634			0	DEFAULT	Migrated Template	Incomplete		
Mexico eSIM 3GB 15Days	Mexico eSIM 3GB 15Days - high speed internet - mobile data 5G compatible	0625HBWIFOA	MEXICO-ESIM		0	25/06/2026 17:56:36 BST		y	1			11				B0H6NFW8QT						B0H6NFW8QT			0	DEFAULT	Migrated Template	Incomplete		
Middle East eSIM 5GB 30Days	Middle East eSIM 5GB 30Days - high speed internet - mobile data 5G compatible	0625HC8GSYK	MIDDLE-EAST-ESIM		0	25/06/2026 17:57:56 BST		y	1			11				B0H6N5XR72						B0H6N5XR72			0	DEFAULT	Migrated Template	Incomplete		
Moldova eSIM 3GB 15Days	Moldova eSIM 3GB 15Days - high speed internet - mobile data 5G compatible	0625HBTBHRO	MOLDOVA-ESIM		0	25/06/2026 17:58:25 BST		y	1			11				B0H6N61H5Z						B0H6N61H5Z			0	DEFAULT	Migrated Template	Incomplete		
Monaco eSIM 3GB 15Days	Monaco eSIM 3GB 15Days - high speed internet - mobile data 5G compatible	0625HBZ4J97	MONACO-ESIM		0	25/06/2026 17:58:53 BST		y	1			11				B0H6N9LD59						B0H6N9LD59			0	DEFAULT	Migrated Template	Incomplete		
Mongolia eSIM 3GB 15Days	Mongolia eSIM 3GB 15Days - high speed internet - mobile data 5G compatible	0625HBW1QA9	MONGOLIA-ESIM		0	25/06/2026 17:59:48 BST		y	1			11				B0H6N6VV6H						B0H6N6VV6H			0	DEFAULT	Migrated Template	Incomplete		
Montenegro eSIM 3GB 15Days	Montenegro eSIM 3GB 15Days - high speed internet - mobile data 5G compatible	0625HBOSE5A	MONTENEGRO-ESIM		0	25/06/2026 18:00:16 BST		y	1			11				B0H6N41GTS						B0H6N41GTS			0	DEFAULT	Migrated Template	Incomplete		
Montserrat eSIM 20GB 30Days	Montserrat eSIM 20GB 30Days - high speed internet - mobile data 5G compatible	0625HABOV3F	MONTSERRAT-ESIM		0	25/06/2026 10:13:44 BST		y	1			11				B0H6M5HH29						B0H6M5HH29			0	DEFAULT	Migrated Template	Incomplete		
Morocco eSIM 20GB 30Days	Morocco eSIM 20GB 30Days - high speed internet - mobile data 5G compatible	0625HBXZ3F9	MOROCCO-ESIM		0	25/06/2026 18:00:45 BST		y	1			11				B0H6NJSTNL						B0H6NJSTNL			0	DEFAULT	Migrated Template	Incomplete		
Mozambique eSIM 3GB 15Days	Mozambique eSIM 3GB 15Days - high speed internet - mobile data 5G compatible	0625HBVD1RQ	MOZAMBIQUE-ESIM		0	25/06/2026 18:02:05 BST		y	1			11				B0H6N7QPBM						B0H6N7QPBM			0	DEFAULT	Migrated Template	Incomplete		
Nepal eSIM 3GB 15Days	Nepal eSIM 3GB 15Days - high speed internet - mobile data 5G compatible	0625HBTCNVT	NEPAL-ESIM		0	25/06/2026 18:03:00 BST		y	1			11				B0H6NBC9RB						B0H6NBC9RB			0	DEFAULT	Migrated Template	Incomplete		
Netherlands eSIM 3GB 15Days	Netherlands eSIM 3GB 15Days - high speed internet - mobile data 5G compatible	0625HBT5MFA	NETHERLANDS-ESIM		0	25/06/2026 18:03:28 BST		y	1			11				B0H6N729C3						B0H6N729C3			0	DEFAULT	Migrated Template	Incomplete		
New Zealand eSIM 3GB 15Days	New Zealand eSIM 3GB 15Days - high speed internet - mobile data 5G compatible	0625HC1WRH7	NEW-ZEALAND-ESIM		0	25/06/2026 18:04:48 BST		y	1			11				B0H6N6W32Z						B0H6N6W32Z			0	DEFAULT	Migrated Template	Incomplete		
Nicaragua eSIM 3GB 15Days	Nicaragua eSIM 3GB 15Days - high speed internet - mobile data 5G compatible	0625HBXX9RH	NICARAGUA-ESIM		0	25/06/2026 18:06:08 BST		y	1			11				B0H6N8FDTC						B0H6N8FDTC			0	DEFAULT	Migrated Template	Incomplete		
Niger eSIM 3GB 15Days	Niger eSIM 3GB 15Days - high speed internet - mobile data 5G compatible	0625HC2BOGU	NIGER-ESIM		0	25/06/2026 18:06:37 BST		y	1			11				B0H6NKHLYG						B0H6NKHLYG			0	DEFAULT	Migrated Template	Incomplete		
Nigeria eSIM 3GB 15Days	Nigeria eSIM 3GB 15Days - high speed internet - mobile data 5G compatible	0625HBWK5X0	NIGERIA-ESIM		0	25/06/2026 18:07:07 BST		y	1			11				B0H6NHXJPX						B0H6NHXJPX			0	DEFAULT	Migrated Template	Incomplete		
North America eSIM 5GB 30Days	North America eSIM 5GB 30Days - high speed internet - mobile data 5G compatible	0625HC4MOP9	NORTH-AMERICA-ESIM		0	25/06/2026 18:07:35 BST		y	1			11				B0H6NBGFKR						B0H6NBGFKR			0	DEFAULT	Migrated Template	Incomplete		
North Macedonia eSIM 3GB 15Days	North Macedonia eSIM 3GB 15Days - high speed internet - mobile data 5G compatible	0625HC8TDNI	NORTH-MACEDONIA-ESIM		0	25/06/2026 18:08:04 BST		y	1			11				B0H6N8HHPR						B0H6N8HHPR			0	DEFAULT	Migrated Template	Incomplete		
Norway eSIM 3GB 15Days	Norway eSIM 3GB 15Days - high speed internet - mobile data 5G compatible	0625HC5SEIL	NORWAY-ESIM		0	25/06/2026 18:08:59 BST		y	1			11				B0H6NJMGDH						B0H6NJMGDH			0	DEFAULT	Migrated Template	Incomplete		
Oman eSIM 3GB 15Days	Oman eSIM 3GB 15Days - high speed internet - mobile data 5G compatible	0625HBTH3P7	OMAN-ESIM		0	25/06/2026 18:10:19 BST		y	1			11				B0H6N75L1G						B0H6N75L1G			0	DEFAULT	Migrated Template	Incomplete		
Pakistan eSIM 3GB 15Days	Pakistan eSIM 3GB 15Days - high speed internet - mobile data 5G compatible	0625HC57FGO	PAKISTAN-ESIM		0	25/06/2026 18:11:13 BST		y	1			11				B0H6NLYSKB						B0H6NLYSKB			0	DEFAULT	Migrated Template	Incomplete		
Panama eSIM 3GB 15Days	Panama eSIM 3GB 15Days - high speed internet - mobile data 5G compatible	0625HC2LDAG	PANAMA-ESIM		0	25/06/2026 18:12:33 BST		y	1			11				B0H6NJMGH2						B0H6NJMGH2			0	DEFAULT	Migrated Template	Incomplete		
Paraguay eSIM 3GB 15Days	Paraguay eSIM 3GB 15Days - high speed internet - mobile data 5G compatible	0625HBOVJU9	PARAGUAY-ESIM		0	25/06/2026 18:13:02 BST		y	1			11				B0H6N8G9S2						B0H6N8G9S2			0	DEFAULT	Migrated Template	Incomplete		
Peru eSIM 3GB 15Days	Peru eSIM 3GB 15Days - high speed internet - mobile data 5G compatible	0625HA77UFA	PERU-ESIM		0	25/06/2026 09:28:19 BST		y	1			11				B0H6MD1TVV						B0H6MD1TVV			0	DEFAULT	Migrated Template	Incomplete		
Philippines eSIM 3GB 15Days	Philippines eSIM 3GB 15Days - high speed internet - mobile data 5G compatible	0625HBOXUY3	PHILIPPINES-ESIM		0	25/06/2026 18:13:30 BST		y	1			11				B0H6NJNJBX						B0H6NJNJBX			0	DEFAULT	Migrated Template	Incomplete		
Poland eSIM 3GB 15Days	Poland eSIM 3GB 15Days - high speed internet - mobile data 5G compatible	0625HBTCN16	POLAND-ESIM		0	25/06/2026 18:14:50 BST		y	1			11				B0H6NB3WBQ						B0H6NB3WBQ			0	DEFAULT	Migrated Template	Incomplete		
Portugal eSIM 3GB 15Days	Portugal eSIM 3GB 15Days - high speed internet - mobile data 5G compatible	0625HC8585P	PORTUGAL-ESIM		0	25/06/2026 18:16:10 BST		y	1			11				B0H6N8F4C6						B0H6N8F4C6			0	DEFAULT	Migrated Template	Incomplete		
Puerto Rico eSIM 3GB 15Days	Puerto Rico eSIM 3GB 15Days - high speed internet - mobile data 5G compatible	0625HBP06NE	PUERTO-RICO-ESIM		0	25/06/2026 18:17:30 BST		y	1			11				B0H6ND61QG						B0H6ND61QG			0	DEFAULT	Migrated Template	Incomplete		
Qatar eSIM 5GB 30Days	Qatar eSIM 5GB 30Days - high speed internet - mobile data 5G compatible	0625HC1DQI1	QATAR-ESIM		0	25/06/2026 18:18:24 BST		y	1			11				B0H6NBS9YH						B0H6NBS9YH			0	DEFAULT	Migrated Template	Incomplete		
Republic of the Congo eSIM 20GB 30Days	Republic of the Congo eSIM 20GB 30Days - high speed internet - mobile data 5G compatible	0625HACFK24	REPUBLIC-OF-THE-CONGO-ESIM		0	25/06/2026 10:15:04 BST		y	1			11				B0H6MCYX2L						B0H6MCYX2L			0	DEFAULT	Migrated Template	Incomplete		
Reunion eSIM 3GB 15Days	Reunion eSIM 3GB 15Days - high speed internet - mobile data 5G compatible	0625HC2NDT7	REUNION-ESIM		0	25/06/2026 18:19:44 BST		y	1			11				B0H6NLMDN3						B0H6NLMDN3			0	DEFAULT	Migrated Template	Incomplete		
Romania eSIM 3GB 15Days	Romania eSIM 3GB 15Days - high speed internet - mobile data 5G compatible	0625HAFOL2C	ROMANIA-ESIM		0	25/06/2026 10:16:24 BST		y	1			11				B0H6MFFYR7						B0H6MFFYR7			0	DEFAULT	Migrated Template	Incomplete		
Russia eSIM 3GB 15Days	Russia eSIM 3GB 15Days - high speed internet - mobile data 5G compatible	0625HA5YKO8	RUSSIA-ESIM		0	25/06/2026 10:17:44 BST		y	1			11				B0H6MGPV89						B0H6MGPV89			0	DEFAULT	Migrated Template	Incomplete		
Rwanda eSIM 3GB 15Days	Rwanda eSIM 3GB 15Days - high speed internet - mobile data 5G compatible	0625HACKP5H	RWANDA-ESIM		0	25/06/2026 10:19:04 BST		y	1			11				B0H6MFDNCX						B0H6MFDNCX			0	DEFAULT	Migrated Template	Incomplete		
Saint Barthelemy eSIM 3GB 15Days	Saint Barthelemy eSIM 3GB 15Days - high speed internet - mobile data 5G compatible	0625HAIRFWL	SAINT-BARTHELEMY-ESIM		0	25/06/2026 10:20:24 BST		y	1			11				B0H6M7F71Q						B0H6M7F71Q			0	DEFAULT	Migrated Template	Incomplete		
Saint Kitts and Nevis eSIM 20GB 30Days	Saint Kitts and Nevis eSIM 20GB 30Days - high speed internet - mobile data 5G compatible	0625HA5UAZT	SAINT-KITTS-AND-NEVIS-ESIM		0	25/06/2026 10:21:44 BST		y	1			11				B0H6MJPPCH						B0H6MJPPCH			0	DEFAULT	Migrated Template	Incomplete		
Saint Lucia eSIM 20GB 30Days	Saint Lucia eSIM 20GB 30Days - high speed internet - mobile data 5G compatible	0625HAH7D6H	SAINT-LUCIA-ESIM		0	25/06/2026 10:23:04 BST		y	1			11				B0H6MDQNZ4						B0H6MDQNZ4			0	DEFAULT	Migrated Template	Incomplete		
Saint Martin eSIM 3GB 15Days	Saint Martin eSIM 3GB 15Days - high speed internet - mobile data 5G compatible	0625HAIVN4C	SAINT-MARTIN-ESIM		0	25/06/2026 10:24:24 BST		y	1			11				B0H6MM8WYQ						B0H6MM8WYQ			0	DEFAULT	Migrated Template	Incomplete		
Saint Vincent and the Grenadines eSIM 5GB 30Days	Saint Vincent and the Grenadines eSIM 5GB 30Days - high speed internet - mobile data 5G compatible	0625HA63TO0	SAINT-VINCENT-AND-THE-GRENADINES-ESIM		0	25/06/2026 10:25:43 BST		y	1			11				B0H6MB38V2						B0H6MB38V2			0	DEFAULT	Migrated Template	Incomplete		
Samoa eSIM 5GB 30Days	Samoa eSIM 5GB 30Days - high speed internet - mobile data 5G compatible	0625HA6BKC7	SAMOA-ESIM		0	25/06/2026 10:26:38 BST		y	1			11				B0H6MKW7S5						B0H6MKW7S5			0	DEFAULT	Migrated Template	Incomplete		
San Marino eSIM 3GB 15Days	San Marino eSIM 3GB 15Days - high speed internet - mobile data 5G compatible	0625HAIY2RD	SAN-MARINO-ESIM		0	25/06/2026 10:27:58 BST		y	1			11				B0H6M6P1HS						B0H6M6P1HS			0	DEFAULT	Migrated Template	Incomplete		
Saudi Arabia eSIM 3GB 15Days	Saudi Arabia eSIM 3GB 15Days - high speed internet - mobile data 5G compatible	0625HBWS7LS	SAUDI-ARABIA-ESIM		0	25/06/2026 18:20:39 BST		y	1			11				B0H6NJPK9W						B0H6NJPK9W			0	DEFAULT	Migrated Template	Incomplete		
Senegal eSIM 3GB 15Days	Senegal eSIM 3GB 15Days - high speed internet - mobile data 5G compatible	0625HBTGZN7	SENEGAL-ESIM		0	25/06/2026 18:21:59 BST		y	1			11				B0H6N8DFG9						B0H6N8DFG9			0	DEFAULT	Migrated Template	Incomplete		
Serbia eSIM 3GB 15Days	Serbia eSIM 3GB 15Days - high speed internet - mobile data 5G compatible	0625HBP4KUO	SERBIA-ESIM		0	25/06/2026 18:22:53 BST		y	1			11				B0H6N91W8D						B0H6N91W8D			0	DEFAULT	Migrated Template	Incomplete		
Seychelles eSIM 3GB 15Days	Seychelles eSIM 3GB 15Days - high speed internet - mobile data 5G compatible	0625HBTJYUP	SEYCHELLES-ESIM		0	25/06/2026 18:23:48 BST		y	1			11				B0H6N94L4D						B0H6N94L4D			0	DEFAULT	Migrated Template	Incomplete		
Sierra Leone eSIM 20GB 30Days	Sierra Leone eSIM 20GB 30Days - high speed internet - mobile data 5G compatible	0625HA1NUAS	SIERRA-LEONE-ESIM		0	25/06/2026 10:29:18 BST		y	1			11				B0H6MHYVHM						B0H6MHYVHM			0	DEFAULT	Migrated Template	Incomplete		
Singapore eSIM 5GB 30Days	Singapore eSIM 5GB 30Days - high speed internet - mobile data 5G compatible	0625HBTM61R	SINGAPORE-ESIM		0	25/06/2026 18:24:42 BST		y	1			11				B0H6NBFGB1						B0H6NBFGB1			0	DEFAULT	Migrated Template	Incomplete		
Slovakia eSIM 3GB 15Days	Slovakia eSIM 3GB 15Days - high speed internet - mobile data 5G compatible	0625HC16B05	SLOVAKIA-ESIM		0	25/06/2026 18:25:37 BST		y	1			11				B0H6NDXWWR						B0H6NDXWWR			0	DEFAULT	Migrated Template	Incomplete		
Slovenia eSIM 3GB 15Days	Slovenia eSIM 3GB 15Days - high speed internet - mobile data 5G compatible	0625HC06QGN	SLOVENIA-ESIM		0	25/06/2026 18:26:57 BST		y	1			11				B0H6N8LBFC						B0H6N8LBFC			0	DEFAULT	Migrated Template	Incomplete		
South Africa eSIM 5GB 30Days	South Africa eSIM 5GB 30Days - high speed internet - mobile data 5G compatible	0625HBTP6XR	SOUTH-AFRICA-ESIM		0	25/06/2026 18:28:16 BST		y	1			11				B0H6NDQ7JB						B0H6NDQ7JB			0	DEFAULT	Migrated Template	Incomplete		
South America eSIM 5GB 30Days	South America eSIM 5GB 30Days - high speed internet - mobile data 5G compatible	0625HC4NYMB	SOUTH-AMERICA-ESIM		0	25/06/2026 18:28:45 BST		y	1			11				B0H6NB5W6T						B0H6NB5W6T			0	DEFAULT	Migrated Template	Incomplete		
South Korea eSIM 5GB 30Days	South Korea eSIM 5GB 30Days - high speed internet - mobile data 5G compatible	0625HC6374J	SOUTH-KOREA-ESIM		0	25/06/2026 18:29:14 BST		y	1			11				B0H6N6X1LH						B0H6N6X1LH			0	DEFAULT	Migrated Template	Incomplete		
Spain eSIM 3GB 15Days	Spain eSIM 3GB 15Days - high speed internet - mobile data 5G compatible	0625HC6CPUN	SPAIN-ESIM		0	25/06/2026 18:30:35 BST		y	1			11				B0H6NK1SCP						B0H6NK1SCP			0	DEFAULT	Migrated Template	Incomplete		
Sri Lanka eSIM 3GB 15Days	Sri Lanka eSIM 3GB 15Days - high speed internet - mobile data 5G compatible	0625HBP3RDP	SRI-LANKA-ESIM		0	25/06/2026 18:31:54 BST		y	1			11				B0H6NFHY8M						B0H6NFHY8M			0	DEFAULT	Migrated Template	Incomplete		
Sudan eSIM 3GB 15Days	Sudan eSIM 3GB 15Days - high speed internet - mobile data 5G compatible	0625HBWUR12	SUDAN-ESIM		0	25/06/2026 18:33:14 BST		y	1			11				B0H6ND7CM5						B0H6ND7CM5			0	DEFAULT	Migrated Template	Incomplete		
Suriname eSIM 3GB 15Days	Suriname eSIM 3GB 15Days - high speed internet - mobile data 5G compatible	0625HAHT91C	SURINAME-ESIM		0	25/06/2026 10:30:39 BST		y	1			11				B0H6MBG19C						B0H6MBG19C			0	DEFAULT	Migrated Template	Incomplete		
Saint Vincent and the Grenadines eSIM 20GB 30Days	Saint Vincent and the Grenadines eSIM 20GB 30Days - high speed internet - mobile data 5G compatible	0625HAZFGAY	SVG-ESIM		0	25/06/2026 13:30:55 BST		y	1			11				B0H6MZZ26D						B0H6MZZ26D			0	DEFAULT	Migrated Template	Incomplete		
Sweden eSIM 3GB 15Days	Sweden eSIM 3GB 15Days - high speed internet - mobile data 5G compatible	0625HC2UZMZ	SWEDEN-ESIM		0	25/06/2026 18:34:09 BST		y	1			11				B0H6NNJJDV						B0H6NNJJDV			0	DEFAULT	Migrated Template	Incomplete		
Switzerland eSIM 3GB 15Days	Switzerland eSIM 3GB 15Days - high speed internet - mobile data 5G compatible	0625HC338CN	SWITZERLAND-ESIM		0	25/06/2026 18:35:28 BST		y	1			11				B0H6N9LH2D						B0H6N9LH2D			0	DEFAULT	Migrated Template	Incomplete		
Tajikistan eSIM 3GB 15Days	Tajikistan eSIM 3GB 15Days - high speed internet - mobile data 5G compatible	0625HAKAKXS	TAJIKISTAN-ESIM		0	25/06/2026 10:31:59 BST		y	1			11				B0H6MHKCMV						B0H6MHKCMV			0	DEFAULT	Migrated Template	Incomplete		
Tanzania eSIM 3GB 15Days	Tanzania eSIM 3GB 15Days - high speed internet - mobile data 5G compatible	0625HC079W3	TANZANIA-ESIM		0	25/06/2026 18:36:48 BST		y	1			11				B0H6NFHYCH						B0H6NFHYCH			0	DEFAULT	Migrated Template	Incomplete		
Thailand eSIM 3GB 15Days	Thailand eSIM 3GB 15Days - high speed internet - mobile data 5G compatible	0625HC2NUW0	THAILAND-ESIM		0	25/06/2026 18:37:17 BST		y	1			11				B0H6NH63FB						B0H6NH63FB			0	DEFAULT	Migrated Template	Incomplete		
Trinidad and Tobago eSIM 20GB 30Days	Trinidad and Tobago eSIM 20GB 30Days - high speed internet - mobile data 5G compatible	0625HAI9PF0	TRINIDAD-AND-TOBAGO-ESIM		0	25/06/2026 10:33:18 BST		y	1			11				B0H6MJW44M						B0H6MJW44M			0	DEFAULT	Migrated Template	Incomplete		
Tunisia eSIM 5GB 30Days	Tunisia eSIM 5GB 30Days - high speed internet - mobile data 5G compatible	0625HBTRTXS	TUNISIA-ESIM		0	25/06/2026 18:38:37 BST		y	1			11				B0H6NDV6J7						B0H6NDV6J7			0	DEFAULT	Migrated Template	Incomplete		
Turkey eSIM 3GB 15Days	Turkey eSIM 3GB 15Days - high speed internet - mobile data 5G compatible	0625HBTVKPA	TURKEY-ESIM		0	25/06/2026 18:39:06 BST		y	1			11				B0H6N72WXH						B0H6N72WXH			0	DEFAULT	Migrated Template	Incomplete		
Turks and Caicos Islands eSIM 20GB 30Days	Turks and Caicos Islands eSIM 20GB 30Days - high speed internet - mobile data 5G compatible	0625HAL0PL8	TURKS-AND-CAICOS-ISLANDS-ESIM		0	25/06/2026 10:34:38 BST		y	1			11				B0H6MLWN1R						B0H6MLWN1R			0	DEFAULT	Migrated Template	Incomplete		
Uganda eSIM 3GB 15Days	Uganda eSIM 3GB 15Days - high speed internet - mobile data 5G compatible	0625HC31JOE	UGANDA-ESIM		0	25/06/2026 18:40:26 BST		y	1			11				B0H6N74ZSB						B0H6N74ZSB			0	DEFAULT	Migrated Template	Incomplete		
Ukraine eSIM 3GB 15Days	Ukraine eSIM 3GB 15Days - high speed internet - mobile data 5G compatible	0625HC0AM3T	UKRAINE-ESIM		0	25/06/2026 18:40:58 BST		y	1			11				B0H6NF7J78						B0H6NF7J78			0	DEFAULT	Migrated Template	Incomplete		
United Arab Emirates eSIM 3GB 15Days	United Arab Emirates eSIM 3GB 15Days - high speed internet - mobile data 5G compatible	0625HBP9YBF	UNITED-ARAB-EMIRATES-ESIM		0	25/06/2026 18:41:52 BST		y	1			11				B0H6NCBTYB						B0H6NCBTYB			0	DEFAULT	Migrated Template	Incomplete		
United Kingdom eSIM 3GB 15Days	United Kingdom eSIM 3GB 15Days - high speed internet - mobile data 5G compatible	0625HC0EWAM	UNITED-KINGDOM-ESIM		0	25/06/2026 18:43:17 BST		y	1			11				B0H6N9YRDT						B0H6N9YRDT			0	DEFAULT	Migrated Template	Incomplete		
United States eSIM 3GB 15Days	United States eSIM 3GB 15Days - high speed internet - mobile data 5G compatible	0625HBX1072	UNITED-STATES-ESIM		0	25/06/2026 18:44:36 BST		y	1			11				B0H6NMMT9C						B0H6NMMT9C			0	DEFAULT	Migrated Template	Incomplete		
Uruguay eSIM 3GB 15Days	Uruguay eSIM 3GB 15Days - high speed internet - mobile data 5G compatible	0625HBTYH4F	URUGUAY-ESIM		0	25/06/2026 18:45:32 BST		y	1			11				B0H6NL3MJ3						B0H6NL3MJ3			0	DEFAULT	Migrated Template	Incomplete		
Uzbekistan eSIM 5GB 30Days	Uzbekistan eSIM 5GB 30Days - high speed internet - mobile data 5G compatible	0625HC39CJY	UZBEKISTAN-ESIM		0	25/06/2026 18:46:01 BST		y	1			11				B0H6N42BQP						B0H6N42BQP			0	DEFAULT	Migrated Template	Incomplete		
Vatican City eSIM 3GB 15Days	Vatican City eSIM 3GB 15Days - high speed internet - mobile data 5G compatible	0625HA6B6C5	VATICAN-CITY-ESIM		0	25/06/2026 10:35:58 BST		y	1			11				B0H6MH6VLB						B0H6MH6VLB			0	DEFAULT	Migrated Template	Incomplete		
Vietnam eSIM 3GB 15Days	Vietnam eSIM 3GB 15Days - high speed internet - mobile data 5G compatible	0625HC3DDXP	VIETNAM-ESIM		0	25/06/2026 18:46:30 BST		y	1			11				B0H6NDF61Y						B0H6NDF61Y			0	DEFAULT	Migrated Template	Incomplete		
Zambia eSIM 3GB 15Days	Zambia eSIM 3GB 15Days - high speed internet - mobile data 5G compatible	0625HC38LO9	ZAMBIA-ESIM		0	25/06/2026 18:47:52 BST		y	1			11				B0H6ND8CXP						B0H6ND8CXP			0	DEFAULT	Migrated Template	Incomplete		
