item-name	listing-id	seller-sku	price	quantity	open-date	product-id-type	item-note	item-condition	will-ship-internationally	expedited-shipping	product-id	pending-quantity	fulfillment-channel	merchant-shipping-group	status	Minimum order quantity	Sell remainder
Cote D'Ivoire eSIM 5 Go 30 Jours	0630HUXKKM3	COTE-D-IVOIRE-5GB-30D	31.99		01/07/2026 01:33:49 MEST	4		11			8721438401796		AMAZON_EU	Migrated Template	Active		
Croatie eSIM 20 Go 30 Jours	0630HV0V57E	CROATIA-20GB-30D	16.99		01/07/2026 01:43:44 MEST	4		11			8721438401857		AMAZON_EU	Migrated Template	Active		
Croatie eSIM 3 Go 15 Jours	0630HV6HAGR	CROATIA-3GB-15D	7.99		01/07/2026 01:37:37 MEST	4		11			8721438401819		AMAZON_EU	Migrated Template	Active		
Croatie eSIM 5 Go 30 Jours	0630HV9ZFAB	CROATIA-5GB-30D	8.99		01/07/2026 01:41:20 MEST	4		11			8721438401833		AMAZON_EU	Migrated Template	Active		
Chypre eSIM 3 Go 15 Jours	0630HUXOVX6	CYPRUS-3GB-15D	7.99		01/07/2026 01:46:50 MEST	4		11			8721438401888		AMAZON_EU	Migrated Template	Active		
Chypre eSIM 5 Go 30 Jours	0630HVA1C2O	CYPRUS-5GB-30D	8.99		01/07/2026 01:50:10 MEST	4		11			8721438401901		AMAZON_EU	Migrated Template	Active		
République tchèque eSIM 20 Go 30 Jours	0701HUXT87D	CZECH-REPUBLIC-20GB-30D	16.99		01/07/2026 02:00:16 MEST	4		11			8721438401987		AMAZON_EU	Migrated Template	Active		
République tchèque eSIM 3 Go 15 Jours	0630HVC5JGI	CZECH-REPUBLIC-3GB-15D	7.99		01/07/2026 01:53:27 MEST	4		11			8721438401949		AMAZON_EU	Migrated Template	Active		
République tchèque eSIM 5 Go 30 Jours	0630HV9ZLZ7	CZECH-REPUBLIC-5GB-30D	8.99		01/07/2026 01:57:09 MEST	4		11			8721438401963		AMAZON_EU	Migrated Template	Active		
Danemark eSIM 20 Go 30 Jours	0701HV74CPG	DENMARK-20GB-30D	14.99		01/07/2026 02:10:00 MEST	4		11			8721438402052		AMAZON_EU	Migrated Template	Active		
Danemark eSIM 3 Go 15 Jours	0701HVEKL80	DENMARK-3GB-15D	7.99		01/07/2026 02:03:02 MEST	4		11			8721438402014		AMAZON_EU	Migrated Template	Active		
Danemark eSIM 5 Go 30 Jours	0701HV9X1QG	DENMARK-5GB-30D	8.99		01/07/2026 02:06:54 MEST	4		11			8721438402038		AMAZON_EU	Migrated Template	Active		
République Dominicaine eSIM 20 Go 30 Jours	0701HV9BY4K	DOMINICAN-REPUBLIC-20GB-30D	38.99		01/07/2026 02:19:12 MEST	4		11			8721438402106		AMAZON_EU	Migrated Template	Active		
République Dominicaine eSIM 3 Go 15 Jours	0701HV6WR4I	DOMINICAN-REPUBLIC-3GB-15D	12.99		01/07/2026 02:13:06 MEST	4		11			8721438402083		AMAZON_EU	Migrated Template	Active		
République Dominicaine eSIM 5 Go 30 Jours	0701HV12JOF	DOMINICAN-REPUBLIC-5GB-30D	14.99		01/07/2026 02:16:27 MEST	4		11			8721438402090		AMAZON_EU	Migrated Template	Active		
Ecuador eSIM 3 Go 15 Jours	0701HV5YX9Y	ECUADOR-3GB-15D	13.99		01/07/2026 02:22:08 MEST	4		11			8721438402120		AMAZON_EU	Migrated Template	Active		
Égypte eSIM 20 Go 30 Jours	0701HUY2NYF	EGYPT-20GB-30D	29.99		01/07/2026 02:32:09 MEST	4		11			8721438402182		AMAZON_EU	Migrated Template	Active		
Egypte eSIM 3 Go 15 Jours	0701HVC36OQ	EGYPT-3GB-15D	9.99		01/07/2026 02:25:50 MEST	4		11			8721438402144		AMAZON_EU	Migrated Template	Active		
Egypte eSIM 5 Go 30 Jours	0701HVF6L2P	EGYPT-5GB-30D	14.99		01/07/2026 02:29:44 MEST	4		11			8721438402168		AMAZON_EU	Migrated Template	Active		
El Salvador eSIM 3 Go 15 Jours	0701HVACDXW	EL-SALVADOR-3GB-15D	17.99		01/07/2026 02:35:48 MEST	4		11			8721438402236		AMAZON_EU	Migrated Template	Active		
Estonie eSIM 20 Go 30 Jours	0701HVBW260	ESTONIA-20GB-30D	14.99		01/07/2026 02:45:37 MEST	4		11			8721438402298		AMAZON_EU	Migrated Template	Active		
Estonie eSIM 3 Go 15 Jours	0701HVC8WYD	ESTONIA-3GB-15D	7.99		01/07/2026 02:39:30 MEST	4		11			8721438402250		AMAZON_EU	Migrated Template	Active		
Estonie eSIM 5 Go 30 Jours	0701HV8A07V	ESTONIA-5GB-30D	8.99		01/07/2026 02:42:52 MEST	4		11			8721438402274		AMAZON_EU	Migrated Template	Active		
Europe (Plus de 40 Zones) eSIM 20 Go 30 Jours	0701HVBURCZ	EUROPE-40-AREAS-20GB-30D	18.99		01/07/2026 02:51:34 MEST	4		11			8721438402496		AMAZON_EU	Migrated Template	Active		
Europe (Plus de 40 Zones) eSIM 5 Go 30 Jours	0701HV1AYGV	EUROPE-40-AREAS-5GB-30D	8.99		01/07/2026 02:48:02 MEST	4		11			8721438402472		AMAZON_EU	Migrated Template	Active		
Finlande eSIM 3 Go 15 Jours	0701HV1E568	FINLAND-3GB-15D	7.99		01/07/2026 02:54:41 MEST	4		11			8721438402533		AMAZON_EU	Migrated Template	Active		
Finlande eSIM 5 Go 30 Jours	0701HV7H3AS	FINLAND-5GB-30D	8.99		01/07/2026 02:58:22 MEST	4		11			8721438402557		AMAZON_EU	Migrated Template	Active		
France eSIM 20 Go 30 Jours	0701HVENWWE	FRANCE-20GB-30D	14.99		01/07/2026 03:09:24 MEST	4		11			8721438402632		AMAZON_EU	Migrated Template	Active		
France eSIM 3 Go 15 Jours	0701HV70737	FRANCE-3GB-15D	7.99		01/07/2026 03:01:40 MEST	4		11			8721438402595		AMAZON_EU	Migrated Template	Active		
France eSIM 5 Go 30 Jours	0701HVF20E0	FRANCE-5GB-30D	8.99		01/07/2026 03:05:44 MEST	4		11			8721438402618		AMAZON_EU	Migrated Template	Active		
Gabon eSIM 3 Go 15 Jours	0701HVD0KV4	GABON-3GB-15D	16.99		01/07/2026 03:13:04 MEST	4		11			8721438402700		AMAZON_EU	Migrated Template	Active		
Georgia eSIM 20 Go 30 Jours	0701HV4LAPU	GEORGIA-20GB-30D	24.99		01/07/2026 03:20:06 MEST	4		11			8721438402748		AMAZON_EU	Migrated Template	Active		
Georgia eSIM 3 Go 15 Jours	0701HV4JGGV	GEORGIA-3GB-15D	8.99		01/07/2026 03:16:35 MEST	4		11			8721438402724		AMAZON_EU	Migrated Template	Active		
Allemagne eSIM 20 Go 30 Jours	0701HVDKQ38	GERMANY-20GB-30D	14.99		01/07/2026 03:31:17 MEST	4		11			8721438402809		AMAZON_EU	Migrated Template	Active		
Allemagne eSIM 3 Go 15 Jours	0701HV4L66P	GERMANY-3GB-15D	7.99		01/07/2026 03:23:32 MEST	4		11			8721438402762		AMAZON_EU	Migrated Template	Active		
Allemagne eSIM 5 Go 30 Jours	0701HVDMVQJ	GERMANY-5GB-30D	8.99		01/07/2026 03:27:37 MEST	4		11			8721438402786		AMAZON_EU	Migrated Template	Active		
Gibraltar eSIM 3 Go 15 Jours	0701HV4OXX0	GIBRALTAR-3GB-15D	7.99		01/07/2026 03:34:56 MEST	4		11			8721438402878		AMAZON_EU	Migrated Template	Active		
Global139 eSIM 5 Go 30 Jours	0701HVEOB0V	GLOBAL139-5GB-30D	40.99		01/07/2026 03:38:27 MEST	4		11			8721438403004		AMAZON_EU	Migrated Template	Active		
Grèce eSIM 20 Go 30 Jours	0701HVDHALE	GREECE-20GB-30D	16.99		01/07/2026 03:50:15 MEST	4		11			8721438403080		AMAZON_EU	Migrated Template	Active		
Grèce eSIM 5 Go 30 Jours	0701HVDTCW7	GREECE-5GB-30D	8.99		01/07/2026 03:46:36 MEST	4		11			8721438403066		AMAZON_EU	Migrated Template	Active		
Guadeloupe eSIM 20 Go 30 Jours	0701HVFJQBO	GUADELOUPE-20GB-30D	16.99		01/07/2026 03:57:37 MEST	4		11			8721438403127		AMAZON_EU	Migrated Template	Active		
Guadeloupe eSIM 3 Go 15 Jours	0701HVEMH9V	GUADELOUPE-3GB-15D	7.99		01/07/2026 03:54:06 MEST	4		11			8721438403110		AMAZON_EU	Migrated Template	Active		
Guam eSIM 20 Go 30 Jours	0701HVGQ56P	GUAM-20GB-30D	57.99		01/07/2026 04:07:31 MEST	4		11			8721438403189		AMAZON_EU	Migrated Template	Active		
Guam eSIM 3 Go 15 Jours	0701HVGCYEO	GUAM-3GB-15D	17.99		01/07/2026 04:00:53 MEST	4		11			8721438403141		AMAZON_EU	Migrated Template	Active		
Guam eSIM 5 Go 30 Jours	0701HVGMSJX	GUAM-5GB-30D	19.99		01/07/2026 04:04:15 MEST	4		11			8721438403165		AMAZON_EU	Migrated Template	Active		
Guatemala eSIM 3 Go 15 Jours	0701HVIBY40	GUATEMALA-3GB-15D	15.99		01/07/2026 04:11:09 MEST	4		11			8721438403202		AMAZON_EU	Migrated Template	Active		
Guernesey eSIM 20 Go 30 Jours	0701HVINBFG	GUERNSEY-20GB-30D	46.99		01/07/2026 04:21:54 MEST	4		11			8721438403257		AMAZON_EU	Migrated Template	Active		
Guernesey eSIM 3 Go 15 Jours	0701HVGKTX9	GUERNSEY-3GB-15D	13.99		01/07/2026 04:15:22 MEST	4		11			8721438403226		AMAZON_EU	Migrated Template	Active		
Guernesey eSIM 5 Go 30 Jours	0701HVHPHQJ	GUERNSEY-5GB-30D	19.99		01/07/2026 04:18:37 MEST	4		11			8721438403240		AMAZON_EU	Migrated Template	Active		
Honduras eSIM 3 Go 15 Jours	0701HVI523Z	HONDURAS-3GB-15D	13.99		01/07/2026 04:25:32 MEST	4		11			8721438403356		AMAZON_EU	Migrated Template	Active		
Hong Kong eSIM 20 Go 30 Jours	0701HVJT0AW	HONG-KONG-20GB-30D	14.99		01/07/2026 04:37:17 MEST	4		11			8721438403417		AMAZON_EU	Migrated Template	Active		
Hong Kong eSIM 3 Go 15 Jours	0701HVHWK6E	HONG-KONG-3GB-15D	7.99		01/07/2026 04:29:34 MEST	4		11			8721438403370		AMAZON_EU	Migrated Template	Active		
Hong Kong eSIM 5 Go 30 Jours	0701HVJ9RH3	HONG-KONG-5GB-30D	8.99		01/07/2026 04:33:37 MEST	4		11			8721438403394		AMAZON_EU	Migrated Template	Active		
Hongrie eSIM 20 Go 30 Jours	0701HVLRYAN	HUNGARY-20GB-30D	14.99		01/07/2026 04:47:02 MEST	4		11			8721438403523		AMAZON_EU	Migrated Template	Active		
Hongrie eSIM 3 Go 15 Jours	0701HVQWW3J	HUNGARY-3GB-15D	7.99		01/07/2026 04:39:55 MEST	4		11			8721438403486		AMAZON_EU	Migrated Template	Active		
Hongrie eSIM 5 Go 30 Jours	0701HVLCE7X	HUNGARY-5GB-30D	8.99		01/07/2026 04:43:46 MEST	4		11			8721438403509		AMAZON_EU	Migrated Template	Active		
Islande eSIM 20 Go 30 Jours	0701HVN1BZO	ICELAND-20GB-30D	16.99		01/07/2026 04:57:17 MEST	4		11			8721438403592		AMAZON_EU	Migrated Template	Active		
Islande eSIM 3 Go 15 Jours	0701HVL6SLP	ICELAND-3GB-15D	7.99		01/07/2026 04:50:19 MEST	4		11			8721438403554		AMAZON_EU	Migrated Template	Active		
Islande eSIM 5 Go 30 Jours	0701HVQYN02	ICELAND-5GB-30D	8.99		01/07/2026 04:53:49 MEST	4		11			8721438403578		AMAZON_EU	Migrated Template	Active		
India eSIM 20 Go 30 Jours	0701HVRXKF0	INDIA-20GB-30D	41.99		01/07/2026 05:08:21 MEST	4		11			8721438403653		AMAZON_EU	Migrated Template	Active		
India eSIM 3 Go 15 Jours	0701HVLSUNK	INDIA-3GB-15D	13.99		01/07/2026 05:00:34 MEST	4		11			8721438403622		AMAZON_EU	Migrated Template	Active		
India eSIM 5 Go 30 Jours	0701HVNI6OV	INDIA-5GB-30D	14.99		01/07/2026 05:04:40 MEST	4		11			8721438403639		AMAZON_EU	Migrated Template	Active		
Indonésie eSIM 20 Go 30 Jours	0701HVX3GPP	INDONESIA-20GB-30D	14.99		01/07/2026 05:19:59 MEST	4		11			8721438403745		AMAZON_EU	Migrated Template	Active		
Indonésie eSIM 5 Go 30 Jours	0701HVRWWZT	INDONESIA-5GB-30D	8.99		01/07/2026 05:16:18 MEST	4		11			8721438403721		AMAZON_EU	Migrated Template	Active		
Ireland eSIM 20 Go 30 Jours	0701HVOPVA5	IRELAND-20GB-30D	16.99		01/07/2026 05:31:39 MEST	4		11			8721438403905		AMAZON_EU	Migrated Template	Active		
Ireland eSIM 3GB 15Days	0701HVUXPCN	IRELAND-3GB-15D	7.99		01/07/2026 05:23:51 MEST	4		11			8721438403868		AMAZON_EU	Migrated Template	Active		
Irlande eSIM 5 Go 30 Jours	0701HVSACPS	IRELAND-5GB-30D	8.99		01/07/2026 05:27:58 MEST	4		11			8721438403882		AMAZON_EU	Migrated Template	Active		
Isle of Man eSIM 20 Go 30 Jours	0701HVP8PSH	ISLE-OF-MAN-20GB-30D	22.99		01/07/2026 05:42:39 MEST	4		11			8721438403974		AMAZON_EU	Migrated Template	Active		
Ile de Man eSIM 3 Go 15 Jours	0701HVY5HQT	ISLE-OF-MAN-3GB-15D	8.99		01/07/2026 05:35:30 MEST	4		11			8721438403943		AMAZON_EU	Migrated Template	Active		
Isle of Man eSIM 5 Go 30 Jours	0701HVUN1IG	ISLE-OF-MAN-5GB-30D	11.99		01/07/2026 05:39:11 MEST	4		11			8721438403967		AMAZON_EU	Migrated Template	Active		
Israël eSIM 20 Go 30 Jours	0701HVXGQWA	ISRAEL-20GB-30D	29.99		01/07/2026 05:53:05 MEST	4		11			8721438404032		AMAZON_EU	Migrated Template	Active		
Israël eSIM 3 Go 15 Jours	0701HVSHNFR	ISRAEL-3GB-15D	9.99		01/07/2026 05:46:16 MEST	4		11			8721438403998		AMAZON_EU	Migrated Template	Active		
Israël eSIM 5 Go 30 Jours	0701HVUGFFS	ISRAEL-5GB-30D	11.99		01/07/2026 05:50:08 MEST	4		11			8721438404018		AMAZON_EU	Migrated Template	Active		
Italie eSIM 20 Go 30 Jours	0701HVPG4ZV	ITALY-20GB-30D	14.99		01/07/2026 06:04:43 MEST	4		11			8721438404148		AMAZON_EU	Migrated Template	Active		
Italie eSIM 5 Go 30 Jours	0701HVX3TVI	ITALY-5GB-30D	8.99		01/07/2026 06:01:03 MEST	4		11			8721438404124		AMAZON_EU	Migrated Template	Active		
Japon eSIM 20 Go 30 Jours	0701HW7Q91G	JAPAN-20GB-30D	14.99		01/07/2026 06:16:19 MEST	4		11			8721438404254		AMAZON_EU	Migrated Template	Active		
Japon eSIM 3 Go 15 Jours	0701HVYVA1I	JAPAN-3GB-15D	7.99		01/07/2026 06:08:34 MEST	4		11			8721438404216		AMAZON_EU	Migrated Template	Active		
Japon eSIM 5 Go 30 Jours	0701HW3TX79	JAPAN-5GB-30D	8.99		01/07/2026 06:12:39 MEST	4		11			8721438404230		AMAZON_EU	Migrated Template	Active		
Jersey eSIM 20 Go 30 Jours	0701HVVW6HL	JERSEY-20GB-30D	14.99		01/07/2026 06:27:09 MEST	4		11			8721438404377		AMAZON_EU	Migrated Template	Active		
Jersey eSIM 3 Go 15 Jours	0701HW0TVX7	JERSEY-3GB-15D	7.99		01/07/2026 06:20:00 MEST	4		11			8721438404346		AMAZON_EU	Migrated Template	Active		
Jersey eSIM 5 Go 30 Jours	0701HVY0KK9	JERSEY-5GB-30D	8.99		01/07/2026 06:23:41 MEST	4		11			8721438404360		AMAZON_EU	Migrated Template	Active		
Aaland Islands eSIM 20 Go 30 Jours	0630HUT7XHC	AALAND-ISLANDS-20GB-30D	33.99	0	30/06/2026 22:42:34 MEST	4		11			8721438400041	0	DEFAULT	Migrated Template	Inactive		
Iles Aaland eSIM 3 Go 15 Jours	0630HUTTMI5	AALAND-ISLANDS-3GB-15D	8.99	0	30/06/2026 22:35:36 MEST	4		11			8721438400010	0	DEFAULT	Migrated Template	Inactive		
Aaland Islands eSIM 5 Go 30 Jours	0630HUTVF4K	AALAND-ISLANDS-5GB-30D	12.99	0	30/06/2026 22:39:18 MEST	4		11			8721438400034	0	DEFAULT	Migrated Template	Inactive		
Émirats Arabes Unis eSIM 20 Go 30 Jours	0325HRTYJAB	AE_20_30	42.3	0	25/03/2026 09:13:28 MET	1		11			B0FRB7TFJR	0	DEFAULT	Migrated Template	Inactive		
Émirats Arabes Unis eSIM 3 Go 15 Jours	0325HRZO1C4	AE_3_15	11.09	0	25/03/2026 09:44:24 MET	1		11			B0FRBBYBGH	0	DEFAULT	Migrated Template	Inactive		
Émirats Arabes Unis eSIM 5 Go 30 Jours	0325HRTELMO	AE_5_30	14.53	0	25/03/2026 08:42:20 MET	1		11			B0FRB89XHX	0	DEFAULT	Migrated Template	Inactive		
Africa eSIM 5 Go 30 Jours	0812HPU1HK5	AF-29_5_30	33.06	0	12/08/2026 15:29:10 MEST	1		11			B0FR3GK9Z7	0	DEFAULT	Migrated Template	Inactive		
Africa eSIM 5 Go 30 Jours	0630HUV1SYH	AFRICA-5GB-30D	29.99	0	30/06/2026 22:45:52 MEST	4		11			8721438400072	0	DEFAULT	Migrated Template	Inactive		
Albanie eSIM 5 Go 30 Jours	0630HUYNLT1	ALBANIA-5GB-30D	10.99	0	30/06/2026 22:49:22 MEST	4		11			8721438400102	0	DEFAULT	Migrated Template	Inactive		
Algérie eSIM 20 Go 30 Jours	0630HTUJPFX	ALGERIA-20GB-30D	26.99	0	30/06/2026 13:30:19 MEST	4		11			8721438408443	0	DEFAULT	Migrated Template	Inactive		
Algérie eSIM 3 Go 15 Jours	0630HTFCTCU	ALGERIA-3GB-15D	8.99	0	30/06/2026 13:22:28 MEST	4		11			8721438408429	0	DEFAULT	Migrated Template	Inactive		
Algérie eSIM 5 Go 30 Jours	0630HTC8QGN	ALGERIA-5GB-30D	11.99	0	30/06/2026 13:26:39 MEST	4		11			8721438408436	0	DEFAULT	Migrated Template	Inactive		
Albanie eSIM 5 Go 30 Jours	0812HPTWOVH	AL_5_30	14.54	0	12/08/2026 15:21:32 MEST	1		11			B0FR4ZG3Z6	0	DEFAULT	Migrated Template	Inactive		
Armenia eSIM 20 Go 30 Jours	0812HPVBWO6	AM_20_30	59.02	0	12/08/2026 15:26:53 MEST	1		11			B0FR4ZT5XT	0	DEFAULT	Migrated Template	Inactive		
Armenia eSIM 3 Go 15 Jours	0812HQ4686R	AM_3_15	11.08	0	12/08/2026 15:29:00 MEST	1		11			B0FR5BK9R4	0	DEFAULT	Migrated Template	Inactive		
Andorre eSIM 20 Go 30 Jours	0630HTOZ2E8	ANDORRA-20GB-30D	43.99	0	30/06/2026 13:42:01 MEST	4		11			8721438408474	0	DEFAULT	Migrated Template	Inactive		
Andorre eSIM 3 Go 15 Jours	0630HTNDECE	ANDORRA-3GB-15D	14.99	0	30/06/2026 13:34:10 MEST	4		11			8721438408450	0	DEFAULT	Migrated Template	Inactive		
Andorre eSIM 5 Go 30 Jours	0630HTRITT6	ANDORRA-5GB-30D	16.99	0	30/06/2026 13:38:21 MEST	4		11			8721438408467	0	DEFAULT	Migrated Template	Inactive		
Angola eSIM 3 Go 15 Jours	0630HTLV7EP	ANGOLA-3GB-15D	34.99	0	30/06/2026 13:45:21 MEST	4		11			8721438408481	0	DEFAULT	Migrated Template	Inactive		
Angola eSIM 5 Go 30 Jours	0630HTOSPQ4	ANGOLA-5GB-30D	57.99	0	30/06/2026 13:49:11 MEST	4		11			8721438408498	0	DEFAULT	Migrated Template	Inactive		
Anguilla eSIM 20 Go 30 Jours	0630HTPDL8F	ANGUILLA-20GB-30D	86.99	0	30/06/2026 14:08:59 MEST	4		11			8721438408535	0	DEFAULT	Migrated Template	Inactive		
Anguilla eSIM 3 Go 15 Jours	0630HTCWHJD	ANGUILLA-3GB-15D	23.99	0	30/06/2026 14:01:55 MEST	4		11			8721438408511	0	DEFAULT	Migrated Template	Inactive		
Anguilla eSIM 5 Go 30 Jours	0630HTG3EJ7	ANGUILLA-5GB-30D	31.99	0	30/06/2026 14:05:27 MEST	4		11			8721438408528	0	DEFAULT	Migrated Template	Inactive		
Antigua-et-Barbuda eSIM 20 Go 30 Jours	0630HTDJ1FP	ANTIGUA-AND-BARBUDA-20GB-30D	98.99	0	30/06/2026 14:37:41 MEST	4		11			8721438408566	0	DEFAULT	Migrated Template	Inactive		
Antigua-et-Barbuda eSIM 3 Go 15 Jours	0630HTP7M4L	ANTIGUA-AND-BARBUDA-3GB-15D	25.99	0	30/06/2026 14:12:39 MEST	4		11			8721438408542	0	DEFAULT	Migrated Template	Inactive		
Antigua-et-Barbuda eSIM 5 Go 30 Jours	0630HTDI0JY	ANTIGUA-AND-BARBUDA-5GB-30D	34.99	0	30/06/2026 14:34:34 MEST	4		11			8721438408559	0	DEFAULT	Migrated Template	Inactive		
Argentine eSIM 20 Go 30 Jours	0630HUVGVMY	ARGENTINA-20GB-30D	36.99	0	30/06/2026 22:56:55 MEST	4		11			8721438400133	0	DEFAULT	Migrated Template	Inactive		
Argentine eSIM 3 Go 15 Jours	0630HUUWY0W	ARGENTINA-3GB-15D	12.99	0	30/06/2026 22:53:13 MEST	4		11			8721438400126	0	DEFAULT	Migrated Template	Inactive		
Armenia eSIM 20 Go 30 Jours	0630HUW5C9T	ARMENIA-20GB-30D	30.99	0	30/06/2026 23:03:43 MEST	4		11			8721438400188	0	DEFAULT	Migrated Template	Inactive		
Armenia eSIM 3 Go 15 Jours	0630HUUGJZH	ARMENIA-3GB-15D	8.99	0	30/06/2026 23:00:12 MEST	4		11			8721438400164	0	DEFAULT	Migrated Template	Inactive		
Argentine eSIM 20 Go 30 Jours	0812HPX7NS7	AR_20_30	62.48	0	12/08/2026 15:27:26 MEST	1		11			B0FR5DCH33	0	DEFAULT	Migrated Template	Inactive		
Argentine eSIM 3 Go 15 Jours	0812HPZYAOY	AR_3_15	14.53	0	12/08/2026 15:28:02 MEST	1		11			B0FR554SXN	0	DEFAULT	Migrated Template	Inactive		
Asia-20 eSIM 3 Go 15 Jours	0812HQ49XPH	AS-20_3_15	14.53	0	12/08/2026 15:23:34 MEST	1		11			B0FR9FZ4RF	0	DEFAULT	Migrated Template	Inactive		
Asia-20 eSIM 5 Go 30 Jours	0812HPYZR97	AS-20_5_30	22.68	0	12/08/2026 15:23:05 MEST	1		11			B0FR9BQNSV	0	DEFAULT	Migrated Template	Inactive		
Asia-20 eSIM 3 Go 15 Jours	0630HV4V6TZ	ASIA-20-3GB-15D	11.99	0	30/06/2026 23:06:49 MEST	4		11			8721438400317	0	DEFAULT	Migrated Template	Inactive		
Asia-20 eSIM 5 Go 30 Jours	0630HUW10E5	ASIA-20-5GB-30D	13.99	0	30/06/2026 23:10:53 MEST	4		11			8721438400324	0	DEFAULT	Migrated Template	Inactive		
Autriche eSIM 20 Go 30 Jours	0812HPVD3BZ	AT_20_30	16.26	0	12/08/2026 15:28:37 MEST	1		11			B0FR8XBSBP	0	DEFAULT	Migrated Template	Inactive		
Autriche eSIM 3 Go 15 Jours	0812HQ0A822	AT_3_15	4.16	0	12/08/2026 15:23:01 MEST	1		11			B0FR9QSMSP	0	DEFAULT	Migrated Template	Inactive		
Autriche eSIM 5 Go 30 Jours	0812HPZNNGI	AT_5_30	5.89	0	12/08/2026 15:25:35 MEST	1		11			B0FR8XCH78	0	DEFAULT	Migrated Template	Inactive		
Australie eSIM 20 Go 30 Jours	0630HUZGAIB	AUSTRALIA-20GB-30D	14.99	0	30/06/2026 23:22:29 MEST	4		11			8721438400416	0	DEFAULT	Migrated Template	Inactive		
Australie eSIM 3 Go 15 Jours	0630HUZ468F	AUSTRALIA-3GB-15D	7.99	0	30/06/2026 23:14:43 MEST	4		11			8721438400386	0	DEFAULT	Migrated Template	Inactive		
Australie eSIM 5 Go 30 Jours	0630HUVSG8S	AUSTRALIA-5GB-30D	8.99	0	30/06/2026 23:18:48 MEST	4		11			8721438400393	0	DEFAULT	Migrated Template	Inactive		
Autriche eSIM 20 Go 30 Jours	0630HV1QRUR	AUSTRIA-20GB-30D	14.99	0	30/06/2026 23:32:17 MEST	4		11			8721438400539	0	DEFAULT	Migrated Template	Inactive		
Autriche eSIM 3 Go 15 Jours	0630HUWEQFX	AUSTRIA-3GB-15D	7.99	0	30/06/2026 23:26:10 MEST	4		11			8721438400492	0	DEFAULT	Migrated Template	Inactive		
Autriche eSIM 5 Go 30 Jours	0630HUZYW2H	AUSTRIA-5GB-30D	8.99	0	30/06/2026 23:29:31 MEST	4		11			8721438400515	0	DEFAULT	Migrated Template	Inactive		
Australie eSIM 20 Go 30 Jours	0325HSDH07T	AU_20_30	15.68	0	25/03/2026 10:07:32 MET	1		11			B0FR9G1ZQJ	0	DEFAULT	Migrated Template	Inactive		
Australie eSIM 3 Go 15 Jours	0325HS7F95S	AU_3_15	7.03	0	25/03/2026 10:06:48 MET	1		11			B0FR9SKY4D	0	DEFAULT	Migrated Template	Inactive		
Australie eSIM 5 Go 30 Jours	0325HRY2K42	AU_5_30	8.76	0	25/03/2026 09:46:05 MET	1		11			B0FR9JRB62	0	DEFAULT	Migrated Template	Inactive		
Aaland Islands eSIM 20 Go 30 Jours	0812HQ29C3N	AX_20_30	31.7	0	12/08/2026 15:27:00 MEST	1		11			B0FR39Q1KJ	0	DEFAULT	Migrated Template	Inactive		
Iles Aaland eSIM 3 Go 15 Jours	0812HQ2L07O	AX_3_15	5.89	0	12/08/2026 15:26:46 MEST	1		11			B0FR3CCSMB	0	DEFAULT	Migrated Template	Inactive		
Aaland Islands eSIM 5 Go 30 Jours	0812HPXWH2H	AX_5_30	9.35	0	12/08/2026 15:31:28 MEST	1		11			B0FR3G6JWB	0	DEFAULT	Migrated Template	Inactive		
Azerbaïdjan eSIM 3 Go 15 Jours	0630HV000DQ	AZERBAIJAN-3GB-15D	11.99	0	30/06/2026 23:35:56 MEST	4		11			8721438400560	0	DEFAULT	Migrated Template	Inactive		
Azerbaïdjan eSIM 3 Go 15 Jours	0812HQ089MJ	AZ_3_15	27.89	0	12/08/2026 15:21:50 MEST	1		11			B0FR9BTC98	0	DEFAULT	Migrated Template	Inactive		
Bahamas eSIM 20 Go 30 Jours	0630HTRRUPE	BAHAMAS-20GB-30D	121.99	0	30/06/2026 14:47:47 MEST	4		11			8721438408597	0	DEFAULT	Migrated Template	Inactive		
Bahamas eSIM 3 Go 15 Jours	0630HTP9W1A	BAHAMAS-3GB-15D	31.99	0	30/06/2026 14:40:58 MEST	4		11			8721438408573	0	DEFAULT	Migrated Template	Inactive		
Bahamas eSIM 5 Go 30 Jours	0630HTUMDZQ	BAHAMAS-5GB-30D	42.99	0	30/06/2026 14:44:40 MEST	4		11			8721438408580	0	DEFAULT	Migrated Template	Inactive		
Bahreïn eSIM 3 Go 15 Jours	0630HV2ZE86	BAHRAIN-3GB-15D	10.99	0	30/06/2026 23:39:48 MEST	4		11			8721438400591	0	DEFAULT	Migrated Template	Inactive		
Bangladesh eSIM 20 Go 30 Jours	0630HV56FLX	BANGLADESH-20GB-30D	22.99	0	30/06/2026 23:50:50 MEST	4		11			8721438400683	0	DEFAULT	Migrated Template	Inactive		
Bangladesh eSIM 3 Go 15 Jours	0630HV2X793	BANGLADESH-3GB-15D	8.99	0	30/06/2026 23:43:40 MEST	4		11			8721438400669	0	DEFAULT	Migrated Template	Inactive		
Bangladesh eSIM 5 Go 30 Jours	0630HV8XU9S	BANGLADESH-5GB-30D	10.99	0	30/06/2026 23:47:22 MEST	4		11			8721438400676	0	DEFAULT	Migrated Template	Inactive		
Barbade eSIM 20 Go 30 Jours	0630HTRJ3R9	BARBADOS-20GB-30D	84.99	0	30/06/2026 14:58:24 MEST	4		11			8721438408627	0	DEFAULT	Migrated Template	Inactive		
Barbade eSIM 3 Go 15 Jours	0630HTTTBIT	BARBADOS-3GB-15D	23.99	0	30/06/2026 14:51:25 MEST	4		11			8721438408603	0	DEFAULT	Migrated Template	Inactive		
Barbade eSIM 5 Go 30 Jours	0630HTGPBWL	BARBADOS-5GB-30D	30.99	0	30/06/2026 14:55:18 MEST	4		11			8721438408610	0	DEFAULT	Migrated Template	Inactive		
Bosnie-Herzégovine eSIM 3 Go 15 Jours	0812HPYST8Z	BA_3_15	8.77	0	12/08/2026 15:23:40 MEST	1		11			B0FR9G8ZVK	0	DEFAULT	Migrated Template	Inactive		
Bangladesh eSIM 20 Go 30 Jours	0812HQ1WCDJ	BD_20_30	49.76	0	12/08/2026 15:29:14 MEST	1		11			B0FR8FJ3HJ	0	DEFAULT	Migrated Template	Inactive		
Bangladesh eSIM 3 Go 15 Jours	0812HPZRSWG	BD_3_15	11.66	0	12/08/2026 15:23:39 MEST	1		11			B0FR9L7SG3	0	DEFAULT	Migrated Template	Inactive		
Bangladesh eSIM 5 Go 30 Jours	0812HPXEFVF	BD_5_30	17.42	0	12/08/2026 15:29:49 MEST	1		11			B0FR9BQFCM	0	DEFAULT	Migrated Template	Inactive		
Biélorussie eSIM 3 Go 15 Jours	0630HV5JJ1Y	BELARUS-3GB-15D	8.99	0	30/06/2026 23:53:26 MEST	4		11			8721438400706	0	DEFAULT	Migrated Template	Inactive		
Biélorussie eSIM 5 Go 30 Jours	0630HV345H6	BELARUS-5GB-30D	11.99	0	30/06/2026 23:56:36 MEST	4		11			8721438400713	0	DEFAULT	Migrated Template	Inactive		
Belgique eSIM 20 Go 30 Jours	0630HV6DO2Y	BELGIUM-20GB-30D	14.99	0	01/07/2026 00:07:29 MEST	4		11			8721438400775	0	DEFAULT	Migrated Template	Inactive		
Belgique eSIM 3 Go 15 Jours	0630HUWOU18	BELGIUM-3GB-15D	7.99	0	30/06/2026 23:59:43 MEST	4		11			8721438400737	0	DEFAULT	Migrated Template	Inactive		
Belgique eSIM 5 Go 30 Jours	0630HUWTVGW	BELGIUM-5GB-30D	8.99	0	01/07/2026 00:03:48 MEST	4		11			8721438400751	0	DEFAULT	Migrated Template	Inactive		
Belize eSIM 20 Go 30 Jours	0630HTQ4XAS	BELIZE-20GB-30D	144.99	0	30/06/2026 15:08:31 MEST	4		11			8721438408658	0	DEFAULT	Migrated Template	Inactive		
Belize eSIM 3 Go 15 Jours	0630HTW2FBT	BELIZE-3GB-15D	31.99	0	30/06/2026 15:01:42 MEST	4		11			8721438408634	0	DEFAULT	Migrated Template	Inactive		
Belize eSIM 5 Go 30 Jours	0630HTWWIS2	BELIZE-5GB-30D	52.99	0	30/06/2026 15:05:15 MEST	4		11			8721438408641	0	DEFAULT	Migrated Template	Inactive		
Bénin eSIM 20 Go 30 Jours	0630HTWTLAQ	BENIN-20GB-30D	75.99	0	30/06/2026 15:18:28 MEST	4		11			8721438408689	0	DEFAULT	Migrated Template	Inactive		
Bénin eSIM 3 Go 15 Jours	0630HTJVT1T	BENIN-3GB-15D	18.99	0	30/06/2026 15:11:59 MEST	4		11			8721438408665	0	DEFAULT	Migrated Template	Inactive		
Bénin eSIM 5 Go 30 Jours	0630HTV4VZL	BENIN-5GB-30D	30.99	0	30/06/2026 15:15:42 MEST	4		11			8721438408672	0	DEFAULT	Migrated Template	Inactive		
Bermuda eSIM 20 Go 30 Jours	0630HTQUC8L	BERMUDA-20GB-30D	100.99	0	30/06/2026 15:28:49 MEST	4		11			8721438408719	0	DEFAULT	Migrated Template	Inactive		
Bermuda eSIM 3 Go 15 Jours	0630HTXBL0J	BERMUDA-3GB-15D	24.99	0	30/06/2026 15:21:40 MEST	4		11			8721438408696	0	DEFAULT	Migrated Template	Inactive		
Bermuda eSIM 5 Go 30 Jours	0630HTYWRUW	BERMUDA-5GB-30D	32.99	0	30/06/2026 15:25:32 MEST	4		11			8721438408702	0	DEFAULT	Migrated Template	Inactive		
Belgique eSIM 20 Go 30 Jours	0325HSB1GIZ	BE_20_30	19.51	0	25/03/2026 10:05:47 MET	1		11			B0FR9BVRCH	0	DEFAULT	Migrated Template	Inactive		
Belgique eSIM 3 Go 15 Jours	0325HRYLREX	BE_3_15	7.62	0	25/03/2026 09:03:14 MET	1		11			B0FR9G432K	0	DEFAULT	Migrated Template	Inactive		
Belgique eSIM 5 Go 30 Jours	0325HSDJ3OW	BE_5_30	8.76	0	25/03/2026 10:18:00 MET	1		11			B0FR9SXCW6	0	DEFAULT	Migrated Template	Inactive		
Burkina Faso eSIM 3 Go 15 Jours	0812HQ2VM35	BF_3_15	27.89	0	12/08/2026 15:26:18 MEST	1		11			B0FR9HWFSK	0	DEFAULT	Migrated Template	Inactive		
Burkina Faso eSIM 5 Go 30 Jours	0812HPZY1W9	BF_5_30	40.57	0	12/08/2026 15:29:42 MEST	1		11			B0FR9BWKSY	0	DEFAULT	Migrated Template	Inactive		
Bhoutan eSIM 20 Go 30 Jours	0630HTWH0KL	BHUTAN-20GB-30D	57.99	0	30/06/2026 15:39:58 MEST	4		11			8721438408740	0	DEFAULT	Migrated Template	Inactive		
Bhoutan eSIM 3 Go 15 Jours	0630HTT3ADO	BHUTAN-3GB-15D	17.99	0	30/06/2026 15:32:36 MEST	4		11			8721438408726	0	DEFAULT	Migrated Template	Inactive		
Bhoutan eSIM 5 Go 30 Jours	0630HTXSGPW	BHUTAN-5GB-30D	19.99	0	30/06/2026 15:36:39 MEST	4		11			8721438408733	0	DEFAULT	Migrated Template	Inactive		
Bahreïn eSIM 3 Go 15 Jours	0812HPU1YGU	BH_3_15	10.5	0	12/08/2026 15:24:27 MEST	1		11			B0FR9K64KF	0	DEFAULT	Migrated Template	Inactive		
Brunei Darussalam eSIM 20 Go 30 Jours	0812HQ2QV0E	BN_20_30	77.48	0	12/08/2026 15:25:51 MEST	1		11			B0FR9F971C	0	DEFAULT	Migrated Template	Inactive		
Brunei Darussalam eSIM 3 Go 15 Jours	0812HPX9JN5	BN_3_15	17.99	0	12/08/2026 15:30:03 MEST	1		11			B0FR9KTJND	0	DEFAULT	Migrated Template	Inactive		
Bolivie eSIM 20 Go 30 Jours	0630HV6EA2M	BOLIVIA-20GB-30D	88.99	0	01/07/2026 00:14:39 MEST	4		11			8721438400829	0	DEFAULT	Migrated Template	Inactive		
Bolivie eSIM 3 Go 15 Jours	0630HUWSARO	BOLIVIA-3GB-15D	24.99	0	01/07/2026 00:11:09 MEST	4		11			8721438400812	0	DEFAULT	Migrated Template	Inactive		
Bosnie-Herzégovine eSIM 3 Go 15 Jours	0630HV84JAC	BOSNIA-AND-HERZEGOVINA-3GB-15D	10.99	0	01/07/2026 00:17:36 MEST	4		11			8721438400843	0	DEFAULT	Migrated Template	Inactive		
Botswana eSIM 3 Go 15 Jours	0630HV8W6KG	BOTSWANA-3GB-15D	22.99	0	01/07/2026 00:21:07 MEST	4		11			8721438400867	0	DEFAULT	Migrated Template	Inactive		
Bolivie eSIM 20 Go 30 Jours	0812HPZKJEF	BO_20_30	152.96	0	12/08/2026 15:24:44 MEST	1		11			B0FR9RH588	0	DEFAULT	Migrated Template	Inactive		
Bolivie eSIM 3 Go 15 Jours	0812HQ1VCQ7	BO_3_15	26.74	0	12/08/2026 15:25:57 MEST	1		11			B0FR8FKPKH	0	DEFAULT	Migrated Template	Inactive		
Brésil eSIM 20 Go 30 Jours	0630HV65Z63	BRAZIL-20GB-30D	32.99	0	01/07/2026 00:27:58 MEST	4		11			8721438400935	0	DEFAULT	Migrated Template	Inactive		
Brésil eSIM 3 Go 15 Jours	0630HV5WKJD	BRAZIL-3GB-15D	9.99	0	01/07/2026 00:24:37 MEST	4		11			8721438400898	0	DEFAULT	Migrated Template	Inactive		
Brunei Darussalam eSIM 20 Go 30 Jours	0630HV0E3YJ	BRUNEI-DARUSSALAM-20GB-30D	65.99	0	01/07/2026 00:33:55 MEST	4		11			8721438400997	0	DEFAULT	Migrated Template	Inactive		
Brunei Darussalam eSIM 3 Go 15 Jours	0630HV4T34U	BRUNEI-DARUSSALAM-3GB-15D	13.99	0	01/07/2026 00:30:55 MEST	4		11			8721438400980	0	DEFAULT	Migrated Template	Inactive		
Brésil eSIM 20 Go 30 Jours	0812HPU3KJF	BR_20_30	39.41	0	12/08/2026 15:30:27 MEST	1		11			B0FR9KLZCR	0	DEFAULT	Migrated Template	Inactive		
Brésil eSIM 3 Go 15 Jours	0812HPYZI3S	BR_3_15	9.35	0	12/08/2026 15:23:42 MEST	1		11			B0FR9G5LKV	0	DEFAULT	Migrated Template	Inactive		
Bulgarie eSIM 3 Go 15 Jours	0630HTKZUS8	BULGARIA-3GB-15D	7.99	0	30/06/2026 13:10:14 MEST	4		11			8721438401031	0	DEFAULT	Migrated Template	Inactive		
Burkina Faso eSIM 3 Go 15 Jours	0630HUWZQXT	BURKINA-FASO-3GB-15D	11.99	0	01/07/2026 00:36:41 MEST	4		11			8721438401086	0	DEFAULT	Migrated Template	Inactive		
Burkina Faso eSIM 5 Go 30 Jours	0630HV0G7HG	BURKINA-FASO-5GB-30D	34.99	0	01/07/2026 00:40:11 MEST	4		11			8721438401093	0	DEFAULT	Migrated Template	Inactive		
Botswana eSIM 3 Go 15 Jours	0812HQ3T4XS	BW_3_15	27.89	0	12/08/2026 15:29:57 MEST	1		11			B0FR9G7N2Q	0	DEFAULT	Migrated Template	Inactive		
Biélorussie eSIM 3 Go 15 Jours	0812HPTZMWU	BY_3_15	10.5	0	12/08/2026 15:30:39 MEST	1		11			B0FR9G3Z82	0	DEFAULT	Migrated Template	Inactive		
Biélorussie eSIM 5 Go 30 Jours	0812HPZRBDY	BY_5_30	16.85	0	12/08/2026 15:24:12 MEST	1		11			B0FR8FFT4D	0	DEFAULT	Migrated Template	Inactive		
Cambodge eSIM 20 Go 30 Jours	0630HV6NG2H	CAMBODIA-20GB-30D	25.99	0	01/07/2026 01:23:10 MEST	4		11			8721438401710	0	DEFAULT	Migrated Template	Inactive		
Cambodge eSIM 3 Go 15 Jours	0630HV85OR1	CAMBODIA-3GB-15D	8.99	0	01/07/2026 01:19:39 MEST	4		11			8721438401697	0	DEFAULT	Migrated Template	Inactive		
Cameroun eSIM 3 Go 15 Jours	0630HV9M6I8	CAMEROON-3GB-15D	20.99	0	01/07/2026 00:43:17 MEST	4		11			8721438401116	0	DEFAULT	Migrated Template	Inactive		
Canada eSIM 20 Go 30 Jours Premium	0630HUUI8XO	CANADA-PREMIUM-20GB-30D	29.99	0	30/06/2026 22:32:30 MEST	4		11			8721438410606	0	DEFAULT	Migrated Template	Inactive		
Canada eSIM 3 Go 15 Jours Premium	0630HUUF482	CANADA-PREMIUM-3GB-15D	9.99	0	30/06/2026 22:26:13 MEST	4		11			8721438410583	0	DEFAULT	Migrated Template	Inactive		
Canada eSIM 5 Go 30 Jours Premium	0630HUSBQ10	CANADA-PREMIUM-5GB-30D	14.99	0	30/06/2026 22:29:33 MEST	4		11			8721438410590	0	DEFAULT	Migrated Template	Inactive		
Cap-Vert eSIM 20 Go 30 Jours	0630HTZVJJF	CAPE-VERDE-20GB-30D	162.99	0	30/06/2026 15:50:45 MEST	4		11			8721438408771	0	DEFAULT	Migrated Template	Inactive		
Cap-Vert eSIM 3 Go 15 Jours	0630HTSUU7R	CAPE-VERDE-3GB-15D	32.99	0	30/06/2026 15:43:25 MEST	4		11			8721438408757	0	DEFAULT	Migrated Template	Inactive		
Cap-Vert eSIM 5 Go 30 Jours	0630HTYEMPB	CAPE-VERDE-5GB-30D	53.99	0	30/06/2026 15:47:18 MEST	4		11			8721438408764	0	DEFAULT	Migrated Template	Inactive		
Iles Caïmans eSIM 20 Go 30 Jours	0630HTWYZQ2	CAYMAN-ISLANDS-20GB-30D	94.99	0	30/06/2026 16:01:02 MEST	4		11			8721438408801	0	DEFAULT	Migrated Template	Inactive		
Iles Caïmans eSIM 3 Go 15 Jours	0630HTYC4YI	CAYMAN-ISLANDS-3GB-15D	26.99	0	30/06/2026 15:54:23 MEST	4		11			8721438408788	0	DEFAULT	Migrated Template	Inactive		
Iles Caïmans eSIM 5 Go 30 Jours	0630HTYUUCW	CAYMAN-ISLANDS-5GB-30D	34.99	0	30/06/2026 15:57:45 MEST	4		11			8721438408795	0	DEFAULT	Migrated Template	Inactive		
Canada eSIM 20 Go 30 jours | SIM de données Pay As You Go | Installation facile | SIM de voyage pour touristes et entreprises | Vitesses 3G/4G	0325HRWN301	CA_20_30	29.65	0	25/03/2026 09:03:39 MET	1		11			B0FR9BY42D	0	DEFAULT	Migrated Template	Inactive		
Canada eSIM 3 Go 15 jours | SIM de données Pay As You Go | Installation facile | SIM de voyage pour touristes et entreprises | Vitesses 3G/4G	0325HRYVM0C	CA_3_15	12.32	0	25/03/2026 09:02:55 MET	1		11			B0FR9RZLF3	0	DEFAULT	Migrated Template	Inactive		
Canada eSIM 5 Go 30 jours | SIM de données Pay As You Go | Installation facile | SIM de voyage pour touristes et entreprises | Vitesses 3G/4G	0325HS3VBWR	CA_5_30	15.78	0	25/03/2026 09:40:14 MET	1		11			B0FR9SYCBK	0	DEFAULT	Migrated Template	Inactive		
République Centrafricaine eSIM 3 Go 15 Jours	0630HV925WJ	CENTRAL-AFRICAN-REPUBLIC-3GB-15D	19.99	0	01/07/2026 00:46:58 MEST	4		11			8721438401352	0	DEFAULT	Migrated Template	Inactive		
République Centrafricaine eSIM 5 Go 30 Jours	0630HUX672N	CENTRAL-AFRICAN-REPUBLIC-5GB-30D	33.99	0	01/07/2026 00:50:49 MEST	4		11			8721438401369	0	DEFAULT	Migrated Template	Inactive		
République Centrafricaine eSIM 3 Go 15 Jours	0812HPY4JMS	CF_3_15	27.88	0	12/08/2026 15:27:58 MEST	1		11			B0FR9RK8FP	0	DEFAULT	Migrated Template	Inactive		
République Centrafricaine eSIM 5 Go 30 Jours	0812HQ2T4Y9	CF_5_30	40.55	0	12/08/2026 15:30:49 MEST	1		11			B0FR9R3NMC	0	DEFAULT	Migrated Template	Inactive		
Tchad eSIM 3 Go 15 Jours	0630HV5U920	CHAD-3GB-15D	16.99	0	01/07/2026 00:53:34 MEST	4		11			8721438401420	0	DEFAULT	Migrated Template	Inactive		
Tchad eSIM 5 Go 30 Jours	0630HV34PUF	CHAD-5GB-30D	27.99	0	01/07/2026 00:57:05 MEST	4		11			8721438401437	0	DEFAULT	Migrated Template	Inactive		
Chili eSIM 3 Go 15 Jours	0630HV6S5W1	CHILE-3GB-15D	12.99	0	01/07/2026 01:00:11 MEST	4		11			8721438401451	0	DEFAULT	Migrated Template	Inactive		
China eSIM 20 Go 30 Jours	0630HV0PQM6	CHINA-20GB-30D	17.99	0	01/07/2026 01:11:59 MEST	4		11			8721438401604	0	DEFAULT	Migrated Template	Inactive		
China eSIM 3 Go 15 Jours	0630HUXCOFU	CHINA-3GB-15D	7.99	0	01/07/2026 01:04:15 MEST	4		11			8721438401574	0	DEFAULT	Migrated Template	Inactive		
China eSIM 5 Go 30 Jours	0630HV8C06X	CHINA-5GB-30D	8.99	0	01/07/2026 01:08:20 MEST	4		11			8721438401581	0	DEFAULT	Migrated Template	Inactive		
Suisse eSIM 20 Go 30 Jours	0325HS5RZHK	CH_20_30	16.85	0	25/03/2026 10:07:27 MET	1		11			B0FRB6VY7S	0	DEFAULT	Migrated Template	Inactive		
Suisse eSIM 3 Go 15 Jours	0325HRR4R4W	CH_3_15	6.47	0	25/03/2026 09:03:27 MET	1		11			B0FRB5LFVC	0	DEFAULT	Migrated Template	Inactive		
Suisse eSIM 5 Go 30 Jours	0325HS56XKH	CH_5_30	8.77	0	25/03/2026 10:05:15 MET	1		11			B0FRB7G4VW	0	DEFAULT	Migrated Template	Inactive		
Cote D'Ivoire eSIM 3 Go 15 Jours	0812HPY4JDH	CI_3_15	27.9	0	12/08/2026 15:25:12 MEST	1		11			B0FR9HW9DJ	0	DEFAULT	Migrated Template	Inactive		
Cote D'Ivoire eSIM 5 Go 30 Jours	0812HQ1EIPP	CI_5_30	40.57	0	12/08/2026 15:29:39 MEST	1		11			B0FR9V5LYJ	0	DEFAULT	Migrated Template	Inactive		
Chili eSIM 3 Go 15 Jours	0812HQ0BYWJ	CL_3_15	23.24	0	12/08/2026 15:26:49 MEST	1		11			B0FR9RY1RT	0	DEFAULT	Migrated Template	Inactive		
Cameroun eSIM 3 Go 15 Jours	0812HQ0C168	CM_3_15	27.89	0	12/08/2026 15:25:54 MEST	1		11			B0FR9VJ1ZB	0	DEFAULT	Migrated Template	Inactive		
China eSIM 20 Go 30 Jours	0325HS93U8D	CN_20_30	19.79	0	25/03/2026 10:47:52 MET	1		11			B0FR9GD6X9	0	DEFAULT	Migrated Template	Inactive		
China eSIM 3 Go 15 Jours	0325HS1SBJG	CN_3_15	7.62	0	25/03/2026 09:03:10 MET	1		11			B0FR9QZ578	0	DEFAULT	Migrated Template	Inactive		
China eSIM 5 Go 30 Jours	0325HS09NNA	CN_5_30	9.92	0	25/03/2026 09:04:13 MET	1		11			B0FR9HX7XH	0	DEFAULT	Migrated Template	Inactive		
Colombie eSIM 3 Go 15 Jours	0630HV96SIP	COLOMBIA-3GB-15D	13.99	0	01/07/2026 01:15:38 MEST	4		11			8721438401673	0	DEFAULT	Migrated Template	Inactive		
Costa Rica eSIM 3 Go 15 Jours	0630HUXGVOW	COSTA-RICA-3GB-15D	14.99	0	01/07/2026 01:26:38 MEST	4		11			8721438401765	0	DEFAULT	Migrated Template	Inactive		
Cote D'Ivoire eSIM 3 Go 15 Jours	0630HV3R9FR	COTE-D-IVOIRE-3GB-15D	23.99	0	01/07/2026 01:29:58 MEST	4		11			8721438401789	0	DEFAULT	Migrated Template	Inactive		
Colombie eSIM 3 Go 15 Jours	0812HPX9TRD	CO_3_15	11.66	0	12/08/2026 15:26:23 MEST	1		11			B0FR9RL8W5	0	DEFAULT	Migrated Template	Inactive		
Costa Rica eSIM 3 Go 15 Jours	0812HQ3QTCX	CR_3_15	17.99	0	12/08/2026 15:27:26 MEST	1		11			B0FR9LNRMN	0	DEFAULT	Migrated Template	Inactive		
Curaçao eSIM 20 Go 30 Jours	0630HU0RK0U	CURACAO-20GB-30D	78.99	0	30/06/2026 16:11:09 MEST	4		11			8721438408832	0	DEFAULT	Migrated Template	Inactive		
Curaçao eSIM 3 Go 15 Jours	0630HU0YD3W	CURACAO-3GB-15D	21.99	0	30/06/2026 16:04:19 MEST	4		11			8721438408818	0	DEFAULT	Migrated Template	Inactive		
Curaçao eSIM 5 Go 30 Jours	0630HU08P0Y	CURACAO-5GB-30D	28.99	0	30/06/2026 16:08:13 MEST	4		11			8721438408825	0	DEFAULT	Migrated Template	Inactive		
Chypre eSIM 3 Go 15 Jours	0812HPU02UA	CY_3_15	4.16	0	12/08/2026 15:23:10 MEST	1		11			B0FR8XJWWG	0	DEFAULT	Migrated Template	Inactive		
Chypre eSIM 5 Go 30 Jours	0812HQ0GZJ7	CY_5_30	5.88	0	12/08/2026 15:31:33 MEST	1		11			B0FR8XHWZV	0	DEFAULT	Migrated Template	Inactive		
République tchèque eSIM 20 Go 30 Jours	0812HQ188PR	CZ_20_30	16.27	0	12/08/2026 15:25:57 MEST	1		11			B0FR9SVN9H	0	DEFAULT	Migrated Template	Inactive		
République tchèque eSIM 5 Go 30 Jours	0812HPTX6HR	CZ_5_30	5.89	0	12/08/2026 15:26:20 MEST	1		11			B0FR9BY2LF	0	DEFAULT	Migrated Template	Inactive		
République démocratique du Congo eSIM 3 Go 15 Jours	0630HU22GBP	DEMOCRATIC-REPUBLIC-OF-THE-CONGO-3GB-15D	13.99	0	30/06/2026 16:14:47 MEST	4		11			8721438408849	0	DEFAULT	Migrated Template	Inactive		
République démocratique du Congo eSIM 5 Go 30 Jours	0630HU1Z0M6	DEMOCRATIC-REPUBLIC-OF-THE-CONGO-5GB-30D	21.99	0	30/06/2026 16:18:30 MEST	4		11			8721438408856	0	DEFAULT	Migrated Template	Inactive		
Allemagne eSIM 20 Go 30 Jours	0325HS93F7J	DE_20_30	32.47	0	25/03/2026 10:48:27 MET	1		11			B0GSZP9H94	0	DEFAULT	Migrated Template	Inactive		
Allemagne eSIM 3 Go 15 Jours	0325HS4G4N8	DE_3_15	10.02	0	25/03/2026 09:37:12 MET	1		11			B0GSZBMLKV	0	DEFAULT	Migrated Template	Inactive		
Allemagne eSIM 5 Go 30 Jours	0325HSI8JOW	DE_5_30	11.75	0	25/03/2026 11:32:28 MET	1		11			B0GSZDYWLZ	0	DEFAULT	Migrated Template	Inactive		
Danemark eSIM 20 Go 30 Jours	0812HPZ8YOD	DK_20_30	15.7	0	12/08/2026 15:24:00 MEST	1		11			B0FR9QPF45	0	DEFAULT	Migrated Template	Inactive		
Danemark eSIM 3 Go 15 Jours	0812HQ05YQD	DK_3_15	4.16	0	12/08/2026 15:27:44 MEST	1		11			B0FR9GSNP4	0	DEFAULT	Migrated Template	Inactive		
Danemark eSIM 5 Go 30 Jours	0812HPXCSQZ	DK_5_30	5.89	0	12/08/2026 15:30:21 MEST	1		11			B0FR8XQYR4	0	DEFAULT	Migrated Template	Inactive		
Dominique eSIM 20 Go 30 Jours	0630HU6M3K4	DOMINICA-20GB-30D	87.99	0	30/06/2026 16:31:58 MEST	4		11			8721438408894	0	DEFAULT	Migrated Template	Inactive		
Dominique eSIM 3 Go 15 Jours	0630HU6D8DV	DOMINICA-3GB-15D	23.99	0	30/06/2026 16:25:30 MEST	4		11			8721438408870	0	DEFAULT	Migrated Template	Inactive		
Dominique eSIM 5 Go 30 Jours	0630HU2CWJT	DOMINICA-5GB-30D	31.99	0	30/06/2026 16:29:01 MEST	4		11			8721438408887	0	DEFAULT	Migrated Template	Inactive		
République Dominicaine eSIM 20 Go 30 Jours	0812HQ3WURV	DO_20_30	97.58	0	12/08/2026 15:29:21 MEST	1		11			B0FR9C6DJF	0	DEFAULT	Migrated Template	Inactive		
République Dominicaine eSIM 3 Go 15 Jours	0812HQ1JORJ	DO_3_15	23.24	0	12/08/2026 15:26:31 MEST	1		11			B0FR9GSKZF	0	DEFAULT	Migrated Template	Inactive		
République Dominicaine eSIM 5 Go 30 Jours	0812HPX5WQS	DO_5_30	33.07	0	12/08/2026 15:22:36 MEST	1		11			B0FR9GQKCM	0	DEFAULT	Migrated Template	Inactive		
République démocratique du Congo eSIM 20 Go 30 Jours	0630HU24V9U	DRC-20GB-30D	58.99	0	30/06/2026 16:21:47 MEST	4		11			8721438408863	0	DEFAULT	Migrated Template	Inactive		
Ecuador eSIM 3 Go 15 Jours	0812HPZ4RX8	EC_3_15	18	0	12/08/2026 15:22:21 MEST	1		11			B0FR9RM6MP	0	DEFAULT	Migrated Template	Inactive		
Estonie eSIM 20 Go 30 Jours	0812HPTWZZM	EE_20_30	17.41	0	12/08/2026 15:28:11 MEST	1		11			B0FR9L527N	0	DEFAULT	Migrated Template	Inactive		
Estonie eSIM 3 Go 15 Jours	0812HQ1LL32	EE_3_15	4.16	0	12/08/2026 15:23:04 MEST	1		11			B0FR9GST1S	0	DEFAULT	Migrated Template	Inactive		
Estonie eSIM 5 Go 30 Jours	0812HQ0DACC	EE_5_30	5.89	0	12/08/2026 15:25:58 MEST	1		11			B0FR9GQYKB	0	DEFAULT	Migrated Template	Inactive		
Égypte eSIM 20 Go 30 Jours	0325HRZHFF1	EG_20_30	35.36	0	25/03/2026 09:32:51 MET	1		11			B0FR9GQBGL	0	DEFAULT	Migrated Template	Inactive		
Egypte eSIM 3 Go 15 Jours	0325HSKHCPR	EG_3_15	11.08	0	25/03/2026 10:39:13 MET	1		11			B0FR9C784N	0	DEFAULT	Migrated Template	Inactive		
Carte SIM égyptienne 3 Go 30 jours | Carte SIM de données Pay As You Go | Installation facile | SIM de voyage pour les touristes et les entreprises | Vitesses 3G/4G	0325HRQUURK	EG_3_30	14.57	0	25/03/2026 09:04:19 MET	1		11			B0FR9GNL93	0	DEFAULT	Migrated Template	Inactive		
Egypte eSIM 5 Go 30 Jours	0812HQ3ZV59	EG_5_30	14.32	0	12/08/2026 15:26:25 MEST	1		11			B0FR9LR5KJ	0	DEFAULT	Migrated Template	Inactive		
Espagne eSIM 20 Go 30 Jours	0325HRWNLQK	ES_20_30	18.31	0	25/03/2026 09:29:51 MET	1		11			B0FRCMPGPL	0	DEFAULT	Migrated Template	Inactive		
Espagne eSIM 3 Go 15 Jours	0325HS7UJ72	ES_3_15	7.62	0	25/03/2026 10:04:58 MET	1		11			B0FRCDHTZ7	0	DEFAULT	Migrated Template	Inactive		
Espagne eSIM 5 Go 30 Jours	0325HRZ2Q9O	ES_5_30	9.92	0	25/03/2026 09:31:29 MET	1		11			B0FRBQCLZN	0	DEFAULT	Migrated Template	Inactive		
Europe (Plus de 40 Zones) eSIM 20 Go 30 Jours	0812HQ0CPBO	EU-42_20_30	49.81	0	12/08/2026 15:26:24 MEST	1		11			B0FR9TNPV3	0	DEFAULT	Migrated Template	Inactive		
Europe (Plus de 40 Zones) eSIM 5 Go 30 Jours	0812HQ2EGW9	EU-42_5_30	17.36	0	12/08/2026 15:28:57 MEST	1		11			B0FR9RYSSS	0	DEFAULT	Migrated Template	Inactive		
Iles Féroé eSIM 20 Go 30 Jours	0630HU69WDY	FAROE-ISLANDS-20GB-30D	28.99	0	30/06/2026 16:42:05 MEST	4		11			8721438408924	0	DEFAULT	Migrated Template	Inactive		
Iles Féroé eSIM 3 Go 15 Jours	0630HU1YJUV	FAROE-ISLANDS-3GB-15D	8.99	0	30/06/2026 16:35:26 MEST	4		11			8721438408900	0	DEFAULT	Migrated Template	Inactive		
Iles Féroé eSIM 5 Go 30 Jours	0630HU2TQ6W	FAROE-ISLANDS-5GB-30D	11.99	0	30/06/2026 16:38:48 MEST	4		11			8721438408917	0	DEFAULT	Migrated Template	Inactive		
Fiji eSIM 20 Go 30 Jours	0630HU3FXWZ	FIJI-20GB-30D	39.99	0	30/06/2026 16:51:10 MEST	4		11			8721438408955	0	DEFAULT	Migrated Template	Inactive		
Fiji eSIM 3 Go 15 Jours	0630HU704XJ	FIJI-3GB-15D	11.99	0	30/06/2026 16:45:03 MEST	4		11			8721438408931	0	DEFAULT	Migrated Template	Inactive		
Fiji eSIM 5 Go 30 Jours	0630HU686SB	FIJI-5GB-30D	13.99	0	30/06/2026 16:48:24 MEST	4		11			8721438408948	0	DEFAULT	Migrated Template	Inactive		
Finlande eSIM 3 Go 15 Jours	0812HPZOYQN	FI_3_15	3.59	0	12/08/2026 15:28:59 MEST	1		11			B0FR9GSND6	0	DEFAULT	Migrated Template	Inactive		
Finlande eSIM 5 Go 30 Jours	0812HQ2NMS0	FI_5_30	4.74	0	12/08/2026 15:23:21 MEST	1		11			B0FR9SB3BJ	0	DEFAULT	Migrated Template	Inactive		
Guyane française eSIM 20 Go 30 Jours	0630HU6NG74	FRENCH-GUIANA-20GB-30D	16.99	0	30/06/2026 17:00:36 MEST	4		11			8721438408986	0	DEFAULT	Migrated Template	Inactive		
Guyane française eSIM 3 Go 15 Jours	0630HU7C7KY	FRENCH-GUIANA-3GB-15D	7.99	0	30/06/2026 16:54:06 MEST	4		11			8721438408962	0	DEFAULT	Migrated Template	Inactive		
Guyane française eSIM 5 Go 30 Jours	0630HU2PRA2	FRENCH-GUIANA-5GB-30D	8.99	0	30/06/2026 16:57:29 MEST	4		11			8721438408979	0	DEFAULT	Migrated Template	Inactive		
Polynésie française eSIM 20 Go 30 Jours	0630HU70DPT	FRENCH-POLYNESIA-20GB-30D	241.99	0	30/06/2026 17:10:01 MEST	4		11			8721438409013	0	DEFAULT	Migrated Template	Inactive		
Polynésie française eSIM 3 Go 15 Jours	0630HU9HVI2	FRENCH-POLYNESIA-3GB-15D	47.99	0	30/06/2026 17:03:44 MEST	4		11			8721438408993	0	DEFAULT	Migrated Template	Inactive		
Polynésie française eSIM 5 Go 30 Jours	0630HU3OSFR	FRENCH-POLYNESIA-5GB-30D	66.99	0	30/06/2026 17:07:05 MEST	4		11			8721438409006	0	DEFAULT	Migrated Template	Inactive		
France eSIM 20 Go 30 Jours	0328H5TOL51	FR_20_30	23.22	0	28/03/2026 15:47:07 MET	1		11			B0FR9GPMC5	0	DEFAULT	Migrated Template	Inactive		
France eSIM 3 Go 15 Jours	0328H5NHU2H	FR_3_15	8.76	0	28/03/2026 15:24:20 MET	1		11			B0FR9C5ZB6	0	DEFAULT	Migrated Template	Inactive		
France eSIM 5 Go 30 Jours	0417HI4EZ7G	FR_5_30	11.08	0	17/04/2026 18:10:23 MEST	1		11			B0FR9LMDW5	0	DEFAULT	Migrated Template	Inactive		
Gambie eSIM 3 Go 15 Jours	0701HYDSF2E	GAMBIA-3GB-15D	34.99	0	01/07/2026 16:11:51 MEST	4		11			8721438408368	0	DEFAULT	Migrated Template	Inactive		
Gambie eSIM 5 Go 30 Jours	0701HYAPNI1	GAMBIA-5GB-30D	57.99	0	01/07/2026 16:15:56 MEST	4		11			8721438408375	0	DEFAULT	Migrated Template	Inactive		
Gabon eSIM 3 Go 15 Jours	0812HPXD89F	GA_3_15	17.99	0	12/08/2026 15:29:39 MEST	1		11			B0FR9GPX9T	0	DEFAULT	Migrated Template	Inactive		
Royaume-Uni eSIM 20 Go 30 Jours	0325HSE5UCX	GB_20_30	15.11	0	25/03/2026 10:17:12 MET	1		11			B0FRDGCBTN	0	DEFAULT	Migrated Template	Inactive		
Royaume-Uni eSIM 3 Go 15 Jours	0325HS3J1XE	GB_3_15	5.32	0	25/03/2026 09:42:41 MET	1		11			B0FRCPD8TS	0	DEFAULT	Migrated Template	Inactive		
Royaume-Uni eSIM 5 Go 30 Jours	0325HRR6XSY	GB_5_30	6.48	0	25/03/2026 09:06:40 MET	1		11			B0FRDDRGJF	0	DEFAULT	Migrated Template	Inactive		
Georgia eSIM 20 Go 30 Jours	0812HQ2IPOU	GE_20_30	26.75	0	12/08/2026 15:26:39 MEST	1		11			B0FR9C73NK	0	DEFAULT	Migrated Template	Inactive		
Georgia eSIM 3 Go 15 Jours	0812HQ098HA	GE_3_15	6.47	0	12/08/2026 15:26:52 MEST	1		11			B0FR9KMX2N	0	DEFAULT	Migrated Template	Inactive		
Guernesey eSIM 20 Go 30 Jours	0812HPWG7UQ	GG_20_30	53.27	0	12/08/2026 15:24:12 MEST	1		11			B0FR9LYWWY	0	DEFAULT	Migrated Template	Inactive		
Guernesey eSIM 3 Go 15 Jours	0812HPZQ7LB	GG_3_15	11.65	0	12/08/2026 15:28:19 MEST	1		11			B0FR9SMWDN	0	DEFAULT	Migrated Template	Inactive		
Guernesey eSIM 5 Go 30 Jours	0812HPZ4HBE	GG_5_30	18.56	0	12/08/2026 15:30:22 MEST	1		11			B0FR9C5PXR	0	DEFAULT	Migrated Template	Inactive		
Ghana eSIM 20 Go 30 Jours	0630HU7MW6Y	GHANA-20GB-30D	40.99	0	30/06/2026 17:19:56 MEST	4		11			8721438409044	0	DEFAULT	Migrated Template	Inactive		
Ghana eSIM 3 Go 15 Jours	0630HUFVJD1	GHANA-3GB-15D	12.99	0	30/06/2026 17:13:39 MEST	4		11			8721438409020	0	DEFAULT	Migrated Template	Inactive		
Ghana eSIM 5 Go 30 Jours	0630HU7EDAA	GHANA-5GB-30D	13.99	0	30/06/2026 17:17:09 MEST	4		11			8721438409037	0	DEFAULT	Migrated Template	Inactive		
Gibraltar eSIM 3 Go 15 Jours	0812HPTZFCA	GI_3_15	11.66	0	12/08/2026 15:26:34 MEST	1		11			B0FR8XSPMC	0	DEFAULT	Migrated Template	Inactive		
Global139 eSIM 5 Go 30 Jours	0812HPTY8A4	GL-139_5_30	46.36	0	12/08/2026 15:25:18 MEST	1		11			B0FR9VNTLY	0	DEFAULT	Migrated Template	Inactive		
Guadeloupe eSIM 20 Go 30 Jours	0812HPYA7XK	GP_20_30	49.78	0	12/08/2026 15:28:48 MEST	1		11			B0FR8XTBF6	0	DEFAULT	Migrated Template	Inactive		
Guadeloupe eSIM 3 Go 15 Jours	0812HQ45G29	GP_3_15	11.66	0	12/08/2026 15:26:43 MEST	1		11			B0FR9TMVWK	0	DEFAULT	Migrated Template	Inactive		
Grèce eSIM 3 Go 15 Jours	0701HVGOTYV	GREECE-3GB-15D	7.99	0	01/07/2026 03:42:29 MEST	4		11			8721438403042	0	DEFAULT	Migrated Template	Inactive		
Greenland eSIM 20 Go 30 Jours	0630HU7QVKF	GREENLAND-20GB-30D	112.99	0	30/06/2026 17:29:51 MEST	4		11			8721438409075	0	DEFAULT	Migrated Template	Inactive		
Groenland eSIM 3 Go 15 Jours	0630HUAO7M5	GREENLAND-3GB-15D	27.99	0	30/06/2026 17:23:23 MEST	4		11			8721438409051	0	DEFAULT	Migrated Template	Inactive		
Greenland eSIM 5 Go 30 Jours	0630HU9OIPY	GREENLAND-5GB-30D	36.99	0	30/06/2026 17:26:45 MEST	4		11			8721438409068	0	DEFAULT	Migrated Template	Inactive		
Grenade eSIM 20 Go 30 Jours	0630HUDPAEP	GRENADA-20GB-30D	102.99	0	30/06/2026 17:40:07 MEST	4		11			8721438409105	0	DEFAULT	Migrated Template	Inactive		
Grenade eSIM 3 Go 15 Jours	0630HU7F8S0	GRENADA-3GB-15D	28.99	0	30/06/2026 17:33:29 MEST	4		11			8721438409082	0	DEFAULT	Migrated Template	Inactive		
Grenade eSIM 5 Go 30 Jours	0630HU3K9BR	GRENADA-5GB-30D	37.99	0	30/06/2026 17:36:50 MEST	4		11			8721438409099	0	DEFAULT	Migrated Template	Inactive		
Grèce eSIM 20 Go 30 Jours	0325HSFMLOE	GR_20_30	19.85	0	25/03/2026 10:54:53 MET	1		11			B0FR9KJGBG	0	DEFAULT	Migrated Template	Inactive		
Grèce eSIM 3 Go 15 Jours	0325HRQTQBU	GR_3_15	6.84	0	25/03/2026 08:47:59 MET	1		11			B0FR9L85F6	0	DEFAULT	Migrated Template	Inactive		
Grèce eSIM 5 Go 30 Jours	0325HS0YN24	GR_5_30	6.26	0	25/03/2026 09:29:27 MET	1		11			B0FR9C7SMF	0	DEFAULT	Migrated Template	Inactive		
Guatemala eSIM 3 Go 15 Jours	0812HQ4E0H3	GT_3_15	23.24	0	12/08/2026 15:24:51 MEST	1		11			B0FR9VC6VD	0	DEFAULT	Migrated Template	Inactive		
Guinée eSIM 20 Go 30 Jours	0630HUJ9JAA	GUINEA-20GB-30D	81.99	0	30/06/2026 17:49:51 MEST	4		11			8721438409136	0	DEFAULT	Migrated Template	Inactive		
Guinée eSIM 3 Go 15 Jours	0630HUAAP6R	GUINEA-3GB-15D	20.99	0	30/06/2026 17:43:35 MEST	4		11			8721438409112	0	DEFAULT	Migrated Template	Inactive		
Guinée eSIM 5 Go 30 Jours	0630HUA2Y9F	GUINEA-5GB-30D	33.99	0	30/06/2026 17:47:17 MEST	4		11			8721438409129	0	DEFAULT	Migrated Template	Inactive		
Guinée-Bissau eSIM 20 Go 30 Jours	0630HUE2TJH	GUINEA-BISSAU-20GB-30D	81.99	0	30/06/2026 17:59:14 MEST	4		11			8721438409167	0	DEFAULT	Migrated Template	Inactive		
Guinée-Bissau eSIM 3 Go 15 Jours	0630HU7YC2S	GUINEA-BISSAU-3GB-15D	19.99	0	30/06/2026 17:52:48 MEST	4		11			8721438409143	0	DEFAULT	Migrated Template	Inactive		
Guinée-Bissau eSIM 5 Go 30 Jours	0630HU4NQY6	GUINEA-BISSAU-5GB-30D	33.99	0	30/06/2026 17:55:48 MEST	4		11			8721438409150	0	DEFAULT	Migrated Template	Inactive		
Guyana eSIM 20 Go 30 Jours	0630HU85QH8	GUYANA-20GB-30D	89.99	0	30/06/2026 18:09:18 MEST	4		11			8721438409198	0	DEFAULT	Migrated Template	Inactive		
Guyana eSIM 3 Go 15 Jours	0630HUCMCF8	GUYANA-3GB-15D	20.99	0	30/06/2026 18:02:40 MEST	4		11			8721438409174	0	DEFAULT	Migrated Template	Inactive		
Guyana eSIM 5 Go 30 Jours	0630HUAFDAP	GUYANA-5GB-30D	31.99	0	30/06/2026 18:06:11 MEST	4		11			8721438409181	0	DEFAULT	Migrated Template	Inactive		
Guam eSIM 20 Go 30 Jours	0812HPYGK6R	GU_20_30	62.45	0	12/08/2026 15:31:48 MEST	1		11			B0FR9C7MGP	0	DEFAULT	Migrated Template	Inactive		
Guam eSIM 3 Go 15 Jours	0812HPX7RP7	GU_3_15	14.53	0	12/08/2026 15:24:16 MEST	1		11			B0FR9GVSSF	0	DEFAULT	Migrated Template	Inactive		
Guam eSIM 5 Go 30 Jours	0812HPWLCC7	GU_5_30	22.67	0	12/08/2026 15:23:01 MEST	1		11			B0FR9SVP8Y	0	DEFAULT	Migrated Template	Inactive		
Haïti eSIM 20 Go 30 Jours	0630HU4YL4P	HAITI-20GB-30D	147.99	0	30/06/2026 18:19:24 MEST	4		11			8721438409228	0	DEFAULT	Migrated Template	Inactive		
Haiti eSIM 3 Go 15 Jours	0630HU4TNW7	HAITI-3GB-15D	29.99	0	30/06/2026 18:12:25 MEST	4		11			8721438409204	0	DEFAULT	Migrated Template	Inactive		
Haiti eSIM 5 Go 30 Jours	0630HUG5RQH	HAITI-5GB-30D	48.99	0	30/06/2026 18:16:18 MEST	4		11			8721438409211	0	DEFAULT	Migrated Template	Inactive		
Hajjj Package Luxury 10 Go eSIM 30 Jours | Guide de Voyage Hajj Luxury + Guides de Voyage en Arabie Saoudite | 3G/4G/5G	0602HP99LQ2	HAJJ-LUX-10GB-30D	70.99	0	03/06/2026 00:24:33 MEST	1		11			B0H3L75HDS	0	DEFAULT	Migrated Template	Inactive		
Hong Kong eSIM 20 Go 30 Jours	0325HS2IBI0	HK_20_30	17.93	0	25/03/2026 09:40:16 MET	1		11			B0FR9GXZ6F	0	DEFAULT	Migrated Template	Inactive		
Hong Kong eSIM 3 Go 15 Jours	0325HRZB5LQ	HK_3_15	6.47	0	25/03/2026 09:29:25 MET	1		11			B0FR9CC6Q8	0	DEFAULT	Migrated Template	Inactive		
Hong Kong eSIM 5 Go 30 Jours	0325HS1N3M1	HK_5_30	3.01	0	25/03/2026 09:04:04 MET	1		11			B0FR9GXYYL	0	DEFAULT	Migrated Template	Inactive		
Honduras eSIM 3 Go 15 Jours	0812HPU3RV8	HN_3_15	17.99	0	12/08/2026 15:28:13 MEST	1		11			B0FR9ZYV5G	0	DEFAULT	Migrated Template	Inactive		
Croatie eSIM 20 Go 30 Jours	0812HQ2FFB2	HR_20_30	16.06	0	12/08/2026 15:29:05 MEST	1		11			B0FR9TYCSL	0	DEFAULT	Migrated Template	Inactive		
Croatie eSIM 3 Go 15 Jours	0812HPVD6UA	HR_3_15	4.16	0	12/08/2026 15:27:31 MEST	1		11			B0FR9GDKT1	0	DEFAULT	Migrated Template	Inactive		
Croatie eSIM 5 Go 30 Jours	0812HPU094B	HR_5_30	5.89	0	12/08/2026 15:24:10 MEST	1		11			B0FR9BVV58	0	DEFAULT	Migrated Template	Inactive		
Hongrie eSIM 20 Go 30 Jours	0812HPX9EG9	HU_20_30	17.41	0	12/08/2026 15:27:58 MEST	1		11			B0FR9ZVYYQ	0	DEFAULT	Migrated Template	Inactive		
Hongrie eSIM 3 Go 15 Jours	0812HQ2BA7V	HU_3_15	4.16	0	12/08/2026 15:30:24 MEST	1		11			B0FR9C9JVW	0	DEFAULT	Migrated Template	Inactive		
Hongrie eSIM 5 Go 30 Jours	0812HPYHCZW	HU_5_30	5.89	0	12/08/2026 15:24:28 MEST	1		11			B0FR9GY3R5	0	DEFAULT	Migrated Template	Inactive		
Indonésie eSIM 20 Go 30 Jours	0325HS3HP4P	ID_20_30	16.79	0	25/03/2026 09:39:27 MET	1		11			B0FR9QXRDQ	0	DEFAULT	Migrated Template	Inactive		
Indonésie eSIM 3 Go 15 Jours	0325HS8FDYJ	ID_3_15	6.42	0	25/03/2026 10:06:27 MET	1		11			B0FR9T6QPZ	0	DEFAULT	Migrated Template	Inactive		
Indonésie eSIM 5 Go 30 Jours	0325HRYDAUW	ID_5_30	4.69	0	25/03/2026 08:46:57 MET	1		11			B0FR8XW5DR	0	DEFAULT	Migrated Template	Inactive		
Ireland eSIM 20 Go 30 Jours	0325HSFIV0T	IE_20_30	17.99	0	25/03/2026 10:47:02 MET	1		11			B0FR9SZG2Z	0	DEFAULT	Migrated Template	Inactive		
Ireland eSIM 3GB 15Days	0325HRYZQ9F	IE_3_15	6.42	0	25/03/2026 09:28:19 MET	1		11			B0FR8XV57F	0	DEFAULT	Migrated Template	Inactive		
Irlande eSIM 5 Go 30 Jours	0325HS16GDH	IE_5_30	5.89	0	25/03/2026 08:59:18 MET	1		11			B0FR9GYKQL	0	DEFAULT	Migrated Template	Inactive		
Israël eSIM 20 Go 30 Jours	0812HPZE0R1	IL_20_30	26.65	0	12/08/2026 15:26:09 MEST	1		11			B0FR9K8SQ1	0	DEFAULT	Migrated Template	Inactive		
Israël eSIM 3 Go 15 Jours	0812HPZPKKI	IL_3_15	6.46	0	12/08/2026 15:29:24 MEST	1		11			B0FR9M11H1	0	DEFAULT	Migrated Template	Inactive		
Israël eSIM 5 Go 30 Jours	0812HQ6EZLC	IL_5_30	9.32	0	12/08/2026 15:28:22 MEST	1		11			B0FR8XVZZM	0	DEFAULT	Migrated Template	Inactive		
Isle of Man eSIM 20 Go 30 Jours	0812HQ4LQF6	IM_20_30	21.5	0	12/08/2026 15:28:31 MEST	1		11			B0FR9CB5LK	0	DEFAULT	Migrated Template	Inactive		
Ile de Man eSIM 3 Go 15 Jours	0812HPWX6OL	IM_3_15	4.74	0	12/08/2026 15:27:16 MEST	1		11			B0FR9LZ7RL	0	DEFAULT	Migrated Template	Inactive		
Isle of Man eSIM 5 Go 30 Jours	0812HQ04N73	IM_5_30	7.61	0	12/08/2026 15:26:59 MEST	1		11			B0FR9M27XY	0	DEFAULT	Migrated Template	Inactive		
Indonésie eSIM 3 Go 15 Jours	0701HVUC7HA	INDONESIA-3GB-15D	7.99	0	01/07/2026 05:12:12 MEST	4		11			8721438403707	0	DEFAULT	Migrated Template	Inactive		
India eSIM 20 Go 30 Jours	0328H5W2M5O	IN_20_30	41.12	0	28/03/2026 15:49:07 MET	1		11			B0FR9DYMHX	0	DEFAULT	Migrated Template	Inactive		
India eSIM 3 Go 15 Jours	0325HS1MPDX	IN_3_15	12.18	0	25/03/2026 09:02:40 MET	1		11			B0FR9ZM116	0	DEFAULT	Migrated Template	Inactive		
India eSIM 5 Go 30 Jours	0325HS239OE	IN_5_30	16.79	0	25/03/2026 09:32:49 MET	1		11			B0FR9GXWN9	0	DEFAULT	Migrated Template	Inactive		
Irak eSIM 20 Go 30 Jours	0630HUGGOBU	IRAQ-20GB-30D	31.99	0	30/06/2026 18:28:38 MEST	4		11			8721438409259	0	DEFAULT	Migrated Template	Inactive		
Irak eSIM 3 Go 15 Jours	0630HUAL8C1	IRAQ-3GB-15D	9.99	0	30/06/2026 18:22:22 MEST	4		11			8721438409235	0	DEFAULT	Migrated Template	Inactive		
Irak eSIM 5 Go 30 Jours	0630HU8CTVJ	IRAQ-5GB-30D	15.99	0	30/06/2026 18:25:52 MEST	4		11			8721438409242	0	DEFAULT	Migrated Template	Inactive		
Islande eSIM 20 Go 30 Jours	0812HQ2HYRF	IS_20_30	26.74	0	12/08/2026 15:22:16 MEST	1		11			B0FR9GX6LF	0	DEFAULT	Migrated Template	Inactive		
Islande eSIM 3 Go 15 Jours	0812HQ0227D	IS_3_15	5.89	0	12/08/2026 15:23:40 MEST	1		11			B0FR9TBBK1	0	DEFAULT	Migrated Template	Inactive		
Islande eSIM 5 Go 30 Jours	0812HPW7XSI	IS_5_30	9.35	0	12/08/2026 15:29:35 MEST	1		11			B0FR9ZWQBD	0	DEFAULT	Migrated Template	Inactive		
Italie eSIM 3 Go 15 Jours	0701HW3PG1X	ITALY-3GB-15D	7.99	0	01/07/2026 05:56:54 MEST	4		11			8721438404100	0	DEFAULT	Migrated Template	Inactive		
Italie eSIM 20 Go 30 Jours	0325HRZW08E	IT_20_30	16.84	0	25/03/2026 09:58:23 MET	1		11			B0FR9RNZV2	0	DEFAULT	Migrated Template	Inactive		
Italie eSIM 3 Go 15 Jours	0325HRU93DC	IT_3_15	6.47	0	25/03/2026 09:37:45 MET	1		11			B0FR9GXZ18	0	DEFAULT	Migrated Template	Inactive		
Italie eSIM 5 Go 30 Jours	0325HS4ZWZ6	IT_5_30	4.74	0	25/03/2026 09:52:40 MET	1		11			B0FR9ZR2TH	0	DEFAULT	Migrated Template	Inactive		
Jamaica eSIM 20 Go 30 Jours	0630HUDPY8S	JAMAICA-20GB-30D	86.99	0	30/06/2026 18:38:32 MEST	4		11			8721438409280	0	DEFAULT	Migrated Template	Inactive		
Jamaica eSIM 3 Go 15 Jours	0630HUAGR6B	JAMAICA-3GB-15D	24.99	0	30/06/2026 18:31:55 MEST	4		11			8721438409266	0	DEFAULT	Migrated Template	Inactive		
Jamaica eSIM 5 Go 30 Jours	0630HU5648V	JAMAICA-5GB-30D	30.99	0	30/06/2026 18:35:26 MEST	4		11			8721438409273	0	DEFAULT	Migrated Template	Inactive		
Jersey eSIM 20 Go 30 Jours	0812HPW8WHG	JE_20_30	13.34	0	12/08/2026 15:26:11 MEST	1		11			B0FR9CBQDH	0	DEFAULT	Migrated Template	Inactive		
Jersey eSIM 3 Go 15 Jours	0812HPYYO95	JE_3_15	3.58	0	12/08/2026 15:26:23 MEST	1		11			B0FR9GYMR5	0	DEFAULT	Migrated Template	Inactive		
Jersey eSIM 5 Go 30 Jours	0812HQ0EE8V	JE_5_30	4.74	0	12/08/2026 15:28:13 MEST	1		11			B0FR9M27GP	0	DEFAULT	Migrated Template	Inactive		
Jordan eSIM 20 Go 30 Jours	0701HVQ420I	JORDAN-20GB-30D	42.99	0	01/07/2026 06:37:57 MEST	4		11			8721438404438	0	DEFAULT	Migrated Template	Inactive		
Jordan eSIM 3 Go 15 Jours	0701HW834E5	JORDAN-3GB-15D	12.99	0	01/07/2026 06:30:38 MEST	4		11			8721438404391	0	DEFAULT	Migrated Template	Inactive		
Jordan eSIM 5 Go 30 Jours	0701HW1DZR3	JORDAN-5GB-30D	13.99	0	01/07/2026 06:34:30 MEST	4		11			8721438404414	0	DEFAULT	Migrated Template	Inactive		
Jordan eSIM 20 Go 30 Jours	0812HQ28P6G	JO_20_30	31.24	0	12/08/2026 15:21:40 MEST	1		11			B0FR9ST188	0	DEFAULT	Migrated Template	Inactive		
Jordan eSIM 3 Go 15 Jours	0812HPU0REN	JO_3_15	8.18	0	12/08/2026 15:27:57 MEST	1		11			B0FR9M144Z	0	DEFAULT	Migrated Template	Inactive		
Jordan eSIM 5 Go 30 Jours	0812HPVW6M3	JO_5_30	11.66	0	12/08/2026 15:22:35 MEST	1		11			B0FR9ZTZNK	0	DEFAULT	Migrated Template	Inactive		
Japon eSIM 20 Go 30 Jours	0325HRMVK4Q	JP_20_30	16.85	0	25/03/2026 09:02:52 MET	1		11			B0FR9RZKRB	0	DEFAULT	Migrated Template	Inactive		
Japon eSIM 3 Go 15 Jours	0325HRXGO0Y	JP_3_15	6.47	0	25/03/2026 09:03:19 MET	1		11			B0FR9LVZVQ	0	DEFAULT	Migrated Template	Inactive		
Japon eSIM 5 Go 30 Jours	0325HS3IAWB	JP_5_30	4.74	0	25/03/2026 09:33:38 MET	1		11			B0FR9TLXXH	0	DEFAULT	Migrated Template	Inactive		
Kazakhstan eSIM 20 Go 30 Jours	0701HVQ9EJ6	KAZAKHSTAN-20GB-30D	19.99	0	01/07/2026 06:47:31 MEST	4		11			8721438404483	0	DEFAULT	Migrated Template	Inactive		
Kazakhstan eSIM 3 Go 15 Jours	0701HW7RCAU	KAZAKHSTAN-3GB-15D	7.99	0	01/07/2026 06:40:53 MEST	4		11			8721438404452	0	DEFAULT	Migrated Template	Inactive		
Kazakhstan eSIM 5 Go 30 Jours	0701HVQBTIN	KAZAKHSTAN-5GB-30D	9.99	0	01/07/2026 06:44:24 MEST	4		11			8721438404469	0	DEFAULT	Migrated Template	Inactive		
Kenya eSIM 3 Go 15 Jours	0701HVYD4OH	KENYA-3GB-15D	13.99	0	01/07/2026 06:51:08 MEST	4		11			8721438404506	0	DEFAULT	Migrated Template	Inactive		
Kenya eSIM 5 Go 30 Jours	0701HW54MSS	KENYA-5GB-30D	14.99	0	01/07/2026 06:55:14 MEST	4		11			8721438404513	0	DEFAULT	Migrated Template	Inactive		
Kenya eSIM 3 Go 15 Jours	0325HS44AIF	KE_3_15	26.14	0	25/03/2026 09:55:16 MET	1		11			B0FR9GZ14G	0	DEFAULT	Migrated Template	Inactive		
Kenya eSIM 5 Go 30 Jours	0325HRZNVVE	KE_5_30	35.36	0	25/03/2026 09:41:52 MET	1		11			B0FR9T4DG6	0	DEFAULT	Migrated Template	Inactive		
Kirghizistan eSIM 20 Go 30 Jours	0812HQ06QWC	KG_20_30	39.43	0	12/08/2026 15:24:16 MEST	1		11			B0FR8XXBHM	0	DEFAULT	Migrated Template	Inactive		
Kirghizistan eSIM 3 Go 15 Jours	0812HPYO8GN	KG_3_15	9.32	0	12/08/2026 15:25:03 MEST	1		11			B0FR9TVF4R	0	DEFAULT	Migrated Template	Inactive		
Cambodge eSIM 20 Go 30 Jours	0812HQ6EZGS	KH_20_30	39.43	0	12/08/2026 15:26:58 MEST	1		11			B0FR9GFJPL	0	DEFAULT	Migrated Template	Inactive		
Cambodge eSIM 3 Go 15 Jours	0812HQ3TREX	KH_3_15	9.35	0	12/08/2026 15:24:08 MEST	1		11			B0FR8XKMJ4	0	DEFAULT	Migrated Template	Inactive		
Corée du Sud eSIM 20 Go 30 Jours	0812HQBDU9B	KR_20_30	12.86	0	12/08/2026 17:45:00 MEST	1		11			B0FRC4P51Z	0	DEFAULT	Migrated Template	Inactive		
Corée du Sud eSIM 3 Go 15 Jours	0812HQASBQY	KR_3_15	3.59	0	12/08/2026 17:40:37 MEST	1		11			B0FRC4RTDF	0	DEFAULT	Migrated Template	Inactive		
Corée du Sud eSIM 5 Go 30 Jours	0812HQF5GRP	KR_5_30	4.74	0	12/08/2026 17:46:38 MEST	1		11			B0FRD9LC4C	0	DEFAULT	Migrated Template	Inactive		
Koweït eSIM 20 Go 30 Jours	0701HVTCM9V	KUWAIT-20GB-30D	35.99	0	01/07/2026 07:05:52 MEST	4		11			8721438404599	0	DEFAULT	Migrated Template	Inactive		
Koweït eSIM 3 Go 15 Jours	0701HW7YSJA	KUWAIT-3GB-15D	9.99	0	01/07/2026 06:58:54 MEST	4		11			8721438404568	0	DEFAULT	Migrated Template	Inactive		
Koweït eSIM 5 Go 30 Jours	0701HVYCDGG	KUWAIT-5GB-30D	15.99	0	01/07/2026 07:02:25 MEST	4		11			8721438404582	0	DEFAULT	Migrated Template	Inactive		
Koweït eSIM 20 Go 30 Jours	0812HQ2AJXZ	KW_20_30	39.36	0	12/08/2026 15:30:23 MEST	1		11			B0FR9KBF4P	0	DEFAULT	Migrated Template	Inactive		
Koweït eSIM 3 Go 15 Jours	0812HQ39U3P	KW_3_15	9.32	0	12/08/2026 15:30:39 MEST	1		11			B0FR9LZJ3X	0	DEFAULT	Migrated Template	Inactive		
Koweït eSIM 5 Go 30 Jours	0812HPY0ZF5	KW_5_30	13.92	0	12/08/2026 15:25:10 MEST	1		11			B0FR9M2TXP	0	DEFAULT	Migrated Template	Inactive		
Kirghizistan eSIM 20 Go 30 Jours	0701HW6EUFF	KYRGYZSTAN-20GB-30D	18.99	0	01/07/2026 07:12:29 MEST	4		11			8721438404629	0	DEFAULT	Migrated Template	Inactive		
Kirghizistan eSIM 3 Go 15 Jours	0701HVTICY2	KYRGYZSTAN-3GB-15D	7.99	0	01/07/2026 07:08:58 MEST	4		11			8721438404612	0	DEFAULT	Migrated Template	Inactive		
Kazakhstan eSIM 20 Go 30 Jours	0812HQ3SJDY	KZ_20_30	26.72	0	12/08/2026 15:30:29 MEST	1		11			B0FR9TLNNW	0	DEFAULT	Migrated Template	Inactive		
Kazakhstan eSIM 3 Go 15 Jours	0812HPU0LSG	KZ_3_15	6.46	0	12/08/2026 15:26:49 MEST	1		11			B0FR9T4DG2	0	DEFAULT	Migrated Template	Inactive		
Kazakhstan eSIM 5 Go 30 Jours	0812HQ4C2WA	KZ_5_30	9.35	0	12/08/2026 15:27:45 MEST	1		11			B0FR9ZMMSH	0	DEFAULT	Migrated Template	Inactive		
Laos eSIM 20 Go 30 Jours	0630HUDYWSE	LAOS-20GB-30D	34.99	0	30/06/2026 18:47:15 MEST	4		11			8721438409310	0	DEFAULT	Migrated Template	Inactive		
Laos eSIM 3 Go 15 Jours	0630HUMR0GD	LAOS-3GB-15D	9.99	0	30/06/2026 18:41:08 MEST	4		11			8721438409297	0	DEFAULT	Migrated Template	Inactive		
Laos eSIM 5 Go 30 Jours	0630HUGAQT1	LAOS-5GB-30D	15.99	0	30/06/2026 18:44:39 MEST	4		11			8721438409303	0	DEFAULT	Migrated Template	Inactive		
Lettonie eSIM 20 Go 30 Jours	0701HVWG1E4	LATVIA-20GB-30D	14.99	0	01/07/2026 07:22:37 MEST	4		11			8721438404681	0	DEFAULT	Migrated Template	Inactive		
Lettonie eSIM 3 Go 15 Jours	0701HW2LSO1	LATVIA-3GB-15D	7.99	0	01/07/2026 07:15:59 MEST	4		11			8721438404643	0	DEFAULT	Migrated Template	Inactive		
Lettonie eSIM 5 Go 30 Jours	0701HVZMWRY	LATVIA-5GB-30D	8.99	0	01/07/2026 07:19:20 MEST	4		11			8721438404667	0	DEFAULT	Migrated Template	Inactive		
Liberia eSIM 3 Go 15 Jours	0701HXMZXPW	LIBERIA-3GB-15D	19.99	0	01/07/2026 13:56:49 MEST	4		11			8721438404711	0	DEFAULT	Migrated Template	Inactive		
Liberia eSIM 5 Go 30 Jours	0701HVTPT2D	LIBERIA-5GB-30D	33.99	0	01/07/2026 07:28:56 MEST	4		11			8721438404728	0	DEFAULT	Migrated Template	Inactive		
Libye eSIM 20 Go 30 Jours	0630HUET7E3	LIBYA-20GB-30D	125.99	0	30/06/2026 18:56:39 MEST	4		11			8721438409341	0	DEFAULT	Migrated Template	Inactive		
Libye eSIM 3 Go 15 Jours	0630HUH9B9W	LIBYA-3GB-15D	32.99	0	30/06/2026 18:50:22 MEST	4		11			8721438409327	0	DEFAULT	Migrated Template	Inactive		
Libye eSIM 5 Go 30 Jours	0630HU8NEQE	LIBYA-5GB-30D	43.99	0	30/06/2026 18:53:33 MEST	4		11			8721438409334	0	DEFAULT	Migrated Template	Inactive		
Liechtenstein eSIM 3 Go 15 Jours	0701HVZX0Q4	LIECHTENSTEIN-3GB-15D	7.99	0	01/07/2026 07:32:02 MEST	4		11			8721438404742	0	DEFAULT	Migrated Template	Inactive		
Lituanie eSIM 20 Go 30 Jours	0701HW5YPNE	LITHUANIA-20GB-30D	16.99	0	01/07/2026 07:43:23 MEST	4		11			8721438404810	0	DEFAULT	Migrated Template	Inactive		
Lituanie eSIM 3 Go 15 Jours	0701HW8I0AV	LITHUANIA-3GB-15D	7.99	0	01/07/2026 07:36:14 MEST	4		11			8721438404773	0	DEFAULT	Migrated Template	Inactive		
Lituanie eSIM 5 Go 30 Jours	0701HW5W14V	LITHUANIA-5GB-30D	8.99	0	01/07/2026 07:39:55 MEST	4		11			8721438404797	0	DEFAULT	Migrated Template	Inactive		
Liechtenstein eSIM 3 Go 15 Jours	0812HQ16FZV	LI_3_15	5.88	0	12/08/2026 15:26:01 MEST	1		11			B0FR9S35ZH	0	DEFAULT	Migrated Template	Inactive		
Sri Lanka eSIM 20 Go 30 Jours	0812HQARKA9	LK_20_30	42.28	0	12/08/2026 17:38:16 MEST	1		11			B0FRC2DZN5	0	DEFAULT	Migrated Template	Inactive		
Sri Lanka eSIM 3 Go 15 Jours	0812HQEZ9HT	LK_3_15	7.04	0	12/08/2026 17:41:03 MEST	1		11			B0FRB7Z1NW	0	DEFAULT	Migrated Template	Inactive		
Sri Lanka eSIM 5 Go 30 Jours	0812HQBGLE1	LK_5_30	11.65	0	12/08/2026 17:46:18 MEST	1		11			B0FRB64B8M	0	DEFAULT	Migrated Template	Inactive		
Liberia eSIM 3 Go 15 Jours	0812HPX51SL	LR_3_15	23.16	0	12/08/2026 15:21:26 MEST	1		11			B0FR9H18JQ	0	DEFAULT	Migrated Template	Inactive		
Liberia eSIM 5 Go 30 Jours	0812HPZWUEI	LR_5_30	32.96	0	12/08/2026 15:30:23 MEST	1		11			B0FR9SJ1YH	0	DEFAULT	Migrated Template	Inactive		
Lituanie eSIM 20 Go 30 Jours	0812HQ6QX2E	LT_20_30	26.72	0	12/08/2026 15:26:53 MEST	1		11			B0FR9TQN8N	0	DEFAULT	Migrated Template	Inactive		
Lituanie eSIM 3 Go 15 Jours	0812HQ467OE	LT_3_15	4.16	0	12/08/2026 15:24:28 MEST	1		11			B0FR9KS3P4	0	DEFAULT	Migrated Template	Inactive		
Lituanie eSIM 5 Go 30 Jours	0812HPXC0W4	LT_5_30	5.89	0	12/08/2026 15:28:44 MEST	1		11			B0FR9R598C	0	DEFAULT	Migrated Template	Inactive		
Luxembourg eSIM 20 Go 30 Jours	0701HW7Q0BE	LUXEMBOURG-20GB-30D	16.99	0	01/07/2026 07:53:50 MEST	4		11			8721438404889	0	DEFAULT	Migrated Template	Inactive		
Luxembourg eSIM 3 Go 15 Jours	0701HVTV4ZC	LUXEMBOURG-3GB-15D	7.99	0	01/07/2026 07:47:12 MEST	4		11			8721438404841	0	DEFAULT	Migrated Template	Inactive		
Luxembourg eSIM 5 Go 30 Jours	0701HW86UDK	LUXEMBOURG-5GB-30D	8.99	0	01/07/2026 07:50:44 MEST	4		11			8721438404865	0	DEFAULT	Migrated Template	Inactive		
Luxembourg eSIM 20 Go 30 Jours	0812HQ1B9EN	LU_20_30	17.36	0	12/08/2026 15:30:43 MEST	1		11			B0FR8XXXZB	0	DEFAULT	Migrated Template	Inactive		
Luxembourg eSIM 3 Go 15 Jours	0812HPTYQC9	LU_3_15	4.16	0	12/08/2026 15:25:47 MEST	1		11			B0FR9SHRKM	0	DEFAULT	Migrated Template	Inactive		
Luxembourg eSIM 5 Go 30 Jours	0812HPX7BH2	LU_5_30	5.89	0	12/08/2026 15:24:57 MEST	1		11			B0FR9SB862	0	DEFAULT	Migrated Template	Inactive		
Lettonie eSIM 20 Go 30 Jours	0812HPWY4EY	LV_20_30	17.41	0	12/08/2026 15:23:42 MEST	1		11			B0FR9SWN6V	0	DEFAULT	Migrated Template	Inactive		
Lettonie eSIM 3 Go 15 Jours	0812HQ64PDP	LV_3_15	4.16	0	12/08/2026 15:29:06 MEST	1		11			B0FR9VM4K6	0	DEFAULT	Migrated Template	Inactive		
Lettonie eSIM 5 Go 30 Jours	0812HQ25OB3	LV_5_30	5.89	0	12/08/2026 15:24:26 MEST	1		11			B0FR9TR99S	0	DEFAULT	Migrated Template	Inactive		
Macao eSIM 20 Go 30 Jours	0701HW53TG3	MACAO-20GB-30D	14.99	0	01/07/2026 08:03:25 MEST	4		11			8721438404957	0	DEFAULT	Migrated Template	Inactive		
Macao eSIM 3 Go 15 Jours	0701HW847A1	MACAO-3GB-15D	7.99	0	01/07/2026 07:57:07 MEST	4		11			8721438404919	0	DEFAULT	Migrated Template	Inactive		
Macao eSIM 5 Go 30 Jours	0701HW0KLWX	MACAO-5GB-30D	8.99	0	01/07/2026 08:00:18 MEST	4		11			8721438404933	0	DEFAULT	Migrated Template	Inactive		
Madagascar eSIM 3 Go 15 Jours	0701HWAPLFS	MADAGASCAR-3GB-15D	25.99	0	01/07/2026 08:06:42 MEST	4		11			8721438404988	0	DEFAULT	Migrated Template	Inactive		
Malawi eSIM 3 Go 15 Jours	0701HW66HKW	MALAWI-3GB-15D	16.99	0	01/07/2026 08:10:24 MEST	4		11			8721438405008	0	DEFAULT	Migrated Template	Inactive		
Malawi eSIM 5 Go 30 Jours	0701HW58FRR	MALAWI-5GB-30D	27.99	0	01/07/2026 08:13:34 MEST	4		11			8721438405015	0	DEFAULT	Migrated Template	Inactive		
Malaisie eSIM 20 Go 30 Jours	0701HW9IA2K	MALAYSIA-20GB-30D	14.99	0	01/07/2026 08:25:08 MEST	4		11			8721438405060	0	DEFAULT	Migrated Template	Inactive		
Malaisie eSIM 3 Go 15 Jours	0701HWA9JL4	MALAYSIA-3GB-15D	7.99	0	01/07/2026 08:17:22 MEST	4		11			8721438405039	0	DEFAULT	Migrated Template	Inactive		
Malaisie eSIM 5 Go 30 Jours	0701HW7CJG2	MALAYSIA-5GB-30D	8.99	0	01/07/2026 08:21:27 MEST	4		11			8721438405046	0	DEFAULT	Migrated Template	Inactive		
Maldives eSIM 20 Go 30 Jours	0630HUBLX32	MALDIVES-20GB-30D	116.99	0	30/06/2026 19:06:02 MEST	4		11			8721438409372	0	DEFAULT	Migrated Template	Inactive		
Maldives eSIM 3 Go 15 Jours	0630HU5K70X	MALDIVES-3GB-15D	32.99	0	30/06/2026 18:59:45 MEST	4		11			8721438409358	0	DEFAULT	Migrated Template	Inactive		
Maldives eSIM 5 Go 30 Jours	0630HU5JQPS	MALDIVES-5GB-30D	43.99	0	30/06/2026 19:03:06 MEST	4		11			8721438409365	0	DEFAULT	Migrated Template	Inactive		
Mali eSIM 3 Go 15 Jours	0701HW9JHNL	MALI-3GB-15D	19.99	0	01/07/2026 08:28:49 MEST	4		11			8721438405121	0	DEFAULT	Migrated Template	Inactive		
Malte eSIM 20 Go 30 Jours	0701HWCDNSM	MALTA-20GB-30D	14.99	0	01/07/2026 08:40:10 MEST	4		11			8721438405183	0	DEFAULT	Migrated Template	Inactive		
Malte eSIM 3 Go 15 Jours	0701HW88IDM	MALTA-3GB-15D	7.99	0	01/07/2026 08:32:51 MEST	4		11			8721438405145	0	DEFAULT	Migrated Template	Inactive		
Malte eSIM 5 Go 30 Jours	0701HWCX66W	MALTA-5GB-30D	8.99	0	01/07/2026 08:36:42 MEST	4		11			8721438405169	0	DEFAULT	Migrated Template	Inactive		
Martinique eSIM 20 Go 30 Jours	0630HUBTWQ5	MARTINIQUE-20GB-30D	16.99	0	30/06/2026 19:15:37 MEST	4		11			8721438409402	0	DEFAULT	Migrated Template	Inactive		
Martinique eSIM 3 Go 15 Jours	0630HUBVNOW	MARTINIQUE-3GB-15D	7.99	0	30/06/2026 19:09:20 MEST	4		11			8721438409389	0	DEFAULT	Migrated Template	Inactive		
Martinique eSIM 5 Go 30 Jours	0630HUF0TD0	MARTINIQUE-5GB-30D	8.99	0	30/06/2026 19:12:51 MEST	4		11			8721438409396	0	DEFAULT	Migrated Template	Inactive		
Mauritius eSIM 3 Go 15 Jours	0701HY7ZDCX	MAURITIUS-3GB-15D	15.99	0	01/07/2026 16:19:47 MEST	4		11			8721438408382	0	DEFAULT	Migrated Template	Inactive		
Mauritius eSIM 5 Go 30 Jours	0701HYAUYXM	MAURITIUS-5GB-30D	17.99	0	01/07/2026 16:23:51 MEST	4		11			8721438408399	0	DEFAULT	Migrated Template	Inactive		
Mayotte eSIM 20 Go 30 Jours	0630HUI1NVF	MAYOTTE-20GB-30D	16.99	0	30/06/2026 19:25:22 MEST	4		11			8721438409433	0	DEFAULT	Migrated Template	Inactive		
Mayotte eSIM 3 Go 15 Jours	0630HUMHSI9	MAYOTTE-3GB-15D	7.99	0	30/06/2026 19:18:44 MEST	4		11			8721438409419	0	DEFAULT	Migrated Template	Inactive		
Mayotte eSIM 5 Go 30 Jours	0630HU5UVGV	MAYOTTE-5GB-30D	8.99	0	30/06/2026 19:22:04 MEST	4		11			8721438409426	0	DEFAULT	Migrated Template	Inactive		
Maroc eSIM 20 Go 30 Jours	0325HSDAU98	MA_20_30	29.59	0	25/03/2026 10:38:06 MET	1		11			B0FR9M57DY	0	DEFAULT	Migrated Template	Inactive		
Maroc eSIM 3 Go 15 Jours	0325HSGJ8FW	MA_3_15	8.76	0	25/03/2026 11:30:57 MET	1		11			B0FR9CFZQR	0	DEFAULT	Migrated Template	Inactive		
Maroc eSIM 5 Go 30 Jours	0325HRVCJP1	MA_5_30	9.35	0	25/03/2026 08:42:30 MET	1		11			B0FR9CDDQ8	0	DEFAULT	Migrated Template	Inactive		
Monaco eSIM 3 Go 15 Jours	0812HQ2E4AI	MC_3_15	27.88	0	12/08/2026 15:23:42 MEST	1		11			B0FR9ZS6GM	0	DEFAULT	Migrated Template	Inactive		
Monaco eSIM 5 Go 30 Jours	0812HQ182YV	MC_5_30	40.57	0	12/08/2026 15:30:22 MEST	1		11			B0FR9H1H4M	0	DEFAULT	Migrated Template	Inactive		
Moldova eSIM 3 Go 15 Jours	0812HPZ1S9B	MD_3_15	8.16	0	12/08/2026 15:29:06 MEST	1		11			B0FR9CFQYY	0	DEFAULT	Migrated Template	Inactive		
Moyen-Orient eSIM 5 Go 30 Jours	0812HPX9E4Q	ME-13_5_30	40.51	0	12/08/2026 15:24:07 MEST	1		11			B0FR9SYKP6	0	DEFAULT	Migrated Template	Inactive		
Mexique eSIM 20 Go 30 Jours	0701HWG4NWM	MEXICO-20GB-30D	34.99	0	01/07/2026 08:51:09 MEST	4		11			8721438405244	0	DEFAULT	Migrated Template	Inactive		
Mexique eSIM 3 Go 15 Jours	0701HWDGBLT	MEXICO-3GB-15D	11.99	0	01/07/2026 08:43:39 MEST	4		11			8721438405220	0	DEFAULT	Migrated Template	Inactive		
Mexique eSIM 5 Go 30 Jours	0701HWESWKT	MEXICO-5GB-30D	13.99	0	01/07/2026 08:47:41 MEST	4		11			8721438405237	0	DEFAULT	Migrated Template	Inactive		
Monténégro eSIM 3GB 15Days	0812HQ0BQRD	ME_3_15	9.35	0	12/08/2026 15:29:03 MEST	1		11			B0FR9R5HR7	0	DEFAULT	Migrated Template	Inactive		
Madagascar eSIM 3 Go 15 Jours	0812HPVOEIW	MG_3_15	17.94	0	12/08/2026 15:23:25 MEST	1		11			B0FR9H2NS1	0	DEFAULT	Migrated Template	Inactive		
Moyen-Orient eSIM 5 Go 30 Jours	0701HWDZV50	MIDDLE-EAST-5GB-30D	35.99	0	01/07/2026 08:54:35 MEST	4		11			8721438405275	0	DEFAULT	Migrated Template	Inactive		
Macédoine du Nord eSIM 3 Go 15 Jours	0812HQB1M7E	MK_3_15	9.35	0	12/08/2026 17:44:33 MEST	1		11			B0FRB59DJS	0	DEFAULT	Migrated Template	Inactive		
Macédoine du Nord eSIM 5 Go 30 Jours	0812HQEJQIL	MK_5_30	13.96	0	12/08/2026 17:43:15 MEST	1		11			B0FR9WNHHX	0	DEFAULT	Migrated Template	Inactive		
Mali eSIM 3 Go 15 Jours	0812HPY5NWJ	ML_3_15	27.79	0	12/08/2026 15:23:56 MEST	1		11			B0FR9TRDSY	0	DEFAULT	Migrated Template	Inactive		
Mongolie eSIM 3 Go 15 Jours	0812HQ45TQQ	MN_3_15	53.23	0	12/08/2026 15:24:49 MEST	1		11			B0FR9LSYTX	0	DEFAULT	Migrated Template	Inactive		
Moldova eSIM 3 Go 15 Jours	0701HWFQE34	MOLDOVA-3GB-15D	7.99	0	01/07/2026 08:58:17 MEST	4		11			8721438405299	0	DEFAULT	Migrated Template	Inactive		
Monaco eSIM 3 Go 15 Jours	0701HWEKC3F	MONACO-3GB-15D	61.99	0	01/07/2026 09:02:08 MEST	4		11			8721438405312	0	DEFAULT	Migrated Template	Inactive		
Monaco eSIM 5 Go 30 Jours	0701HWMVZLS	MONACO-5GB-30D	84.99	0	01/07/2026 09:06:10 MEST	4		11			8721438405329	0	DEFAULT	Migrated Template	Inactive		
Mongolie eSIM 3 Go 15 Jours	0701HWPD3PD	MONGOLIA-3GB-15D	15.99	0	01/07/2026 09:09:37 MEST	4		11			8721438405343	0	DEFAULT	Migrated Template	Inactive		
Monténégro eSIM 3GB 15Days	0701HWMTLUW	MONTENEGRO-3GB-15D	8.99	0	01/07/2026 09:12:24 MEST	4		11			8721438405367	0	DEFAULT	Migrated Template	Inactive		
Montserrat eSIM 20 Go 30 Jours	0630HUOA85Q	MONTSERRAT-20GB-30D	93.99	0	30/06/2026 19:35:19 MEST	4		11			8721438409464	0	DEFAULT	Migrated Template	Inactive		
Montserrat eSIM 3 Go 15 Jours	0630HUKD33Z	MONTSERRAT-3GB-15D	24.99	0	30/06/2026 19:28:49 MEST	4		11			8721438409440	0	DEFAULT	Migrated Template	Inactive		
Montserrat eSIM 5 Go 30 Jours	0630HUN21HR	MONTSERRAT-5GB-30D	32.99	0	30/06/2026 19:32:00 MEST	4		11			8721438409457	0	DEFAULT	Migrated Template	Inactive		
Maroc eSIM 20 Go 30 Jours	0701HWGO1OO	MOROCCO-20GB-30D	26.99	0	01/07/2026 09:25:07 MEST	4		11			8721438405428	0	DEFAULT	Migrated Template	Inactive		
Maroc eSIM 3 Go 15 Jours	0701HWGUGFQ	MOROCCO-3GB-15D	9.99	0	01/07/2026 09:17:21 MEST	4		11			8721438405381	0	DEFAULT	Migrated Template	Inactive		
Maroc eSIM 5 Go 30 Jours	0701HWPTY8A	MOROCCO-5GB-30D	13.99	0	01/07/2026 09:21:26 MEST	4		11			8721438405404	0	DEFAULT	Migrated Template	Inactive		
Mozambique eSIM 20 Go 30 Jours	0701HWM9879	MOZAMBIQUE-20GB-30D	75.99	0	01/07/2026 09:33:00 MEST	4		11			8721438405480	0	DEFAULT	Migrated Template	Inactive		
Mozambique eSIM 3 Go 15 Jours	0701HWT09SV	MOZAMBIQUE-3GB-15D	19.99	0	01/07/2026 09:28:58 MEST	4		11			8721438405473	0	DEFAULT	Migrated Template	Inactive		
Macao eSIM 20 Go 30 Jours	0812HPZ2XFX	MO_20_30	13.34	0	12/08/2026 15:32:00 MEST	1		11			B0FR9CDBN2	0	DEFAULT	Migrated Template	Inactive		
Macao eSIM 3 Go 15 Jours	0812HPU3M6V	MO_3_15	3.59	0	12/08/2026 15:27:31 MEST	1		11			B0FR9M485M	0	DEFAULT	Migrated Template	Inactive		
Macao eSIM 5 Go 30 Jours	0812HQ3NX8C	MO_5_30	4.74	0	12/08/2026 15:30:09 MEST	1		11			B0FR9L9624	0	DEFAULT	Migrated Template	Inactive		
Malte eSIM 20 Go 30 Jours	0812HPU36QR	MT_20_30	26.72	0	12/08/2026 15:29:13 MEST	1		11			B0FR9VL1Q9	0	DEFAULT	Migrated Template	Inactive		
Malte eSIM 3 Go 15 Jours	0812HQ036Q3	MT_3_15	5.32	0	12/08/2026 15:28:49 MEST	1		11			B0FR9M3PNR	0	DEFAULT	Migrated Template	Inactive		
Malte eSIM 5 Go 30 Jours	0812HQ3I4WQ	MT_5_30	9.35	0	12/08/2026 15:25:53 MEST	1		11			B0FR9ZSMTC	0	DEFAULT	Migrated Template	Inactive		
Malawi eSIM 3 Go 15 Jours	0812HPU274H	MW_3_15	23.24	0	12/08/2026 15:25:13 MEST	1		11			B0FR9H3JDK	0	DEFAULT	Migrated Template	Inactive		
Malawi eSIM 5 Go 30 Jours	0812HQ1YENH	MW_5_30	32.96	0	12/08/2026 15:22:13 MEST	1		11			B0FR9GXY24	0	DEFAULT	Migrated Template	Inactive		
Mexique eSIM 20 Go 30 Jours	0812HPXB37R	MX_20_30	39.36	0	12/08/2026 15:24:42 MEST	1		11			B0FR9VDSJX	0	DEFAULT	Migrated Template	Inactive		
Mexique eSIM 3 Go 15 Jours	0812HPX5UTD	MX_3_15	9.35	0	12/08/2026 15:25:08 MEST	1		11			B0FR9SZSTG	0	DEFAULT	Migrated Template	Inactive		
Mexique eSIM 5 Go 30 Jours	0812HPW6DPD	MX_5_30	13.96	0	12/08/2026 15:29:06 MEST	1		11			B0FR9H2K1C	0	DEFAULT	Migrated Template	Inactive		
Malaisie eSIM 20 Go 30 Jours	0325HS84RDR	MY_20_30	16.84	0	25/03/2026 10:05:37 MET	1		11			B0FR9VMWYD	0	DEFAULT	Migrated Template	Inactive		
Malaisie eSIM 3 Go 15 Jours	0325HSAG76I	MY_3_15	6.42	0	25/03/2026 10:06:17 MET	1		11			B0FR9H1Q65	0	DEFAULT	Migrated Template	Inactive		
Malaisie eSIM 5 Go 30 Jours	0325HRZN09J	MY_5_30	8.72	0	25/03/2026 09:39:21 MET	1		11			B0FR9LDGX8	0	DEFAULT	Migrated Template	Inactive		
Mozambique eSIM 20 Go 30 Jours	0812HPXWGWG	MZ_20_30	97.58	0	12/08/2026 15:29:45 MEST	1		11			B0FR9CFLS7	0	DEFAULT	Migrated Template	Inactive		
Mozambique eSIM 3 Go 15 Jours	0812HQ0DHOL	MZ_3_15	23.23	0	12/08/2026 15:25:58 MEST	1		11			B0FRB1M6HK	0	DEFAULT	Migrated Template	Inactive		
Amérique du Nord eSIM 5 Go 30 Jours	0812HQHKQMK	NA-3_5_30	13.94	0	12/08/2026 17:43:12 MEST	1		11			B0FRBDQ8H5	0	DEFAULT	Migrated Template	Inactive		
Népal eSIM 3 Go 15 Jours	0701HWH34J4	NEPAL-3GB-15D	13.99	0	01/07/2026 09:36:38 MEST	4		11			8721438405503	0	DEFAULT	Migrated Template	Inactive		
Pays-Bas eSIM 20 Go 30 Jours	0701HWQSM42	NETHERLANDS-20GB-30D	15.99	0	01/07/2026 09:48:25 MEST	4		11			8721438405565	0	DEFAULT	Migrated Template	Inactive		
Pays-Bas eSIM 3 Go 15 Jours	0701HWQO207	NETHERLANDS-3GB-15D	7.99	0	01/07/2026 09:40:40 MEST	4		11			8721438405527	0	DEFAULT	Migrated Template	Inactive		
Netherlands eSIM 5 Go 30 Jours	0701HWKLPI6	NETHERLANDS-5GB-30D	8.99	0	01/07/2026 09:44:44 MEST	4		11			8721438405541	0	DEFAULT	Migrated Template	Inactive		
Nouvelle Zélande eSIM 20 Go 30 Jours	0701HWWZ9FJ	NEW-ZEALAND-20GB-30D	24.99	0	01/07/2026 09:58:53 MEST	4		11			8721438405626	0	DEFAULT	Migrated Template	Inactive		
Nouvelle-Zélande eSIM 3 Go 15 Jours	0701HWKSM75	NEW-ZEALAND-3GB-15D	8.99	0	01/07/2026 09:52:04 MEST	4		11			8721438405596	0	DEFAULT	Migrated Template	Inactive		
Nouvelle Zélande eSIM 5 Go 30 Jours	0701HWNZ9NB	NEW-ZEALAND-5GB-30D	10.99	0	01/07/2026 09:55:36 MEST	4		11			8721438405602	0	DEFAULT	Migrated Template	Inactive		
Niger eSIM 3 Go 15 Jours	0812HPXA9ZR	NE_3_15	27.79	0	12/08/2026 15:30:35 MEST	1		11			B0FR9NPT1H	0	DEFAULT	Migrated Template	Inactive		
Nigeria eSIM 3 Go 15 Jours	0812HQ9XHBF	NG_3_15	17.99	0	12/08/2026 17:38:17 MEST	1		11			B0FR9X17QY	0	DEFAULT	Migrated Template	Inactive		
Nicaragua eSIM 3 Go 15 Jours	0701HWT7VOX	NICARAGUA-3GB-15D	13.99	0	01/07/2026 10:02:10 MEST	4		11			8721438405695	0	DEFAULT	Migrated Template	Inactive		
Niger eSIM 3 Go 15 Jours	0701HWHKGKF	NIGER-3GB-15D	16.99	0	01/07/2026 10:06:13 MEST	4		11			8721438405718	0	DEFAULT	Migrated Template	Inactive		
Nigeria eSIM 3 Go 15 Jours	0701HWO5NVY	NIGERIA-3GB-15D	13.99	0	01/07/2026 10:10:27 MEST	4		11			8721438405732	0	DEFAULT	Migrated Template	Inactive		
Nicaragua eSIM 3 Go 15 Jours	0812HPZ0FZD	NI_3_15	17.94	0	12/08/2026 15:23:55 MEST	1		11			B0FRB33MPG	0	DEFAULT	Migrated Template	Inactive		
Pays-Bas eSIM 20 Go 30 Jours	0325HS32VJ5	NL_20_30	20.88	0	25/03/2026 09:42:00 MET	1		11			B0FR9NG7LB	0	DEFAULT	Migrated Template	Inactive		
Pays-Bas eSIM 3 Go 15 Jours	0325HSD90WK	NL_3_15	6.47	0	25/03/2026 10:18:01 MET	1		11			B0FRB5GNM2	0	DEFAULT	Migrated Template	Inactive		
Netherlands eSIM 5 Go 30 Jours	0325HS5G3OJ	NL_5_30	5.89	0	25/03/2026 09:48:56 MET	1		11			B0FR9NHP7Q	0	DEFAULT	Migrated Template	Inactive		
Amérique du Nord eSIM 5 Go 30 Jours	0701HWYWEX4	NORTH-AMERICA-5GB-30D	15.99	0	01/07/2026 10:14:41 MEST	4		11			8721438405794	0	DEFAULT	Migrated Template	Inactive		
Macédoine du Nord eSIM 3 Go 15 Jours	0701HWYH7HD	NORTH-MACEDONIA-3GB-15D	8.99	0	01/07/2026 10:18:56 MEST	4		11			8721438405862	0	DEFAULT	Migrated Template	Inactive		
Macédoine du Nord eSIM 5 Go 30 Jours	0701HWID8N2	NORTH-MACEDONIA-5GB-30D	13.99	0	01/07/2026 10:22:59 MEST	4		11			8721438405879	0	DEFAULT	Migrated Template	Inactive		
Norvège eSIM 20 Go 30 Jours	0701HX0G8FH	NORWAY-20GB-30D	14.99	0	01/07/2026 10:34:32 MEST	4		11			8721438405930	0	DEFAULT	Migrated Template	Inactive		
Norvège eSIM 3 Go 15 Jours	0701HWLB9ZF	NORWAY-3GB-15D	7.99	0	01/07/2026 10:26:49 MEST	4		11			8721438405893	0	DEFAULT	Migrated Template	Inactive		
Norvège eSIM 5 Go 30 Jours	0701HWLC16R	NORWAY-5GB-30D	8.99	0	01/07/2026 10:30:55 MEST	4		11			8721438405916	0	DEFAULT	Migrated Template	Inactive		
Norvège eSIM 20 Go 30 Jours	0812HQI4XLW	NO_20_30	13.7	0	12/08/2026 17:44:00 MEST	1		11			B0FRB572L8	0	DEFAULT	Migrated Template	Inactive		
Norvège eSIM 3 Go 15 Jours	0812HQHMCNX	NO_3_15	3.59	0	12/08/2026 17:40:32 MEST	1		11			B0FR9WNK2H	0	DEFAULT	Migrated Template	Inactive		
Norvège eSIM 5 Go 30 Jours	0812HQB3CYJ	NO_5_30	4.74	0	12/08/2026 17:41:26 MEST	1		11			B0FRBNPZ9D	0	DEFAULT	Migrated Template	Inactive		
Népal eSIM 3 Go 15 Jours	0812HQ271RT	NP_3_15	33.07	0	12/08/2026 15:31:18 MEST	1		11			B0FRB1TD7L	0	DEFAULT	Migrated Template	Inactive		
Nouvelle Zélande eSIM 20 Go 30 Jours	0812HPU2VAW	NZ_20_30	22.67	0	12/08/2026 15:30:19 MEST	1		11			B0FRB1TWT8	0	DEFAULT	Migrated Template	Inactive		
Nouvelle-Zélande eSIM 3 Go 15 Jours	0812HPZNK8X	NZ_3_15	5.32	0	12/08/2026 15:30:27 MEST	1		11			B0FR9NKXF5	0	DEFAULT	Migrated Template	Inactive		
Nouvelle Zélande eSIM 5 Go 30 Jours	0812HPX9W0Y	NZ_5_30	8.75	0	12/08/2026 15:29:02 MEST	1		11			B0FR9NHFWQ	0	DEFAULT	Migrated Template	Inactive		
Oman eSIM 20 Go 30 Jours	0703H84G8M9	OMAN-20GB-30D	32.99	0	03/07/2026 15:39:25 MEST	4		11			8721438405992	0	DEFAULT	Migrated Template	Inactive		
Oman eSIM 3 Go 15 Jours	0701HWWAP7E	OMAN-3GB-15D	10.99	0	01/07/2026 10:38:22 MEST	4		11			8721438405978	0	DEFAULT	Migrated Template	Inactive		
Oman eSIM 20 Go 30 Jours	0812HQARWX7	OM_20_30	69.94	0	12/08/2026 17:38:57 MEST	1		11			B0FRB4R3FK	0	DEFAULT	Migrated Template	Inactive		
Oman eSIM 3 Go 15 Jours	0812HQEP5FT	OM_3_15	13.96	0	12/08/2026 17:42:58 MEST	1		11			B0FRB4BL4W	0	DEFAULT	Migrated Template	Inactive		
Pakistan eSIM 20 Go 30 Jours	0701HWUX0MF	PAKISTAN-20GB-30D	21.99	0	01/07/2026 10:54:00 MEST	4		11			8721438406050	0	DEFAULT	Migrated Template	Inactive		
Pakistan eSIM 3 Go 15 Jours	0701HWU72QU	PAKISTAN-3GB-15D	8.99	0	01/07/2026 10:46:18 MEST	4		11			8721438406012	0	DEFAULT	Migrated Template	Inactive		
Pakistan eSIM 5 Go 30 Jours	0701HWOYEUY	PAKISTAN-5GB-30D	9.99	0	01/07/2026 10:50:22 MEST	4		11			8721438406036	0	DEFAULT	Migrated Template	Inactive		
Panama eSIM 3 Go 15 Jours	0701HWXLTV7	PANAMA-3GB-15D	16.99	0	01/07/2026 10:57:51 MEST	4		11			8721438406074	0	DEFAULT	Migrated Template	Inactive		
Paraguay eSIM 3 Go 15 Jours	0701HWZTGML	PARAGUAY-3GB-15D	13.99	0	01/07/2026 11:02:06 MEST	4		11			8721438406098	0	DEFAULT	Migrated Template	Inactive		
Panama eSIM 3 Go 15 Jours	0812HQ8GMEK	PA_3_15	17.99	0	12/08/2026 17:39:30 MEST	1		11			B0FRB3VFW6	0	DEFAULT	Migrated Template	Inactive		
Pérou eSIM 20 Go 30 Jours	0630HTR2EFB	PERU-20GB-30D	41.99	0	30/06/2026 13:18:58 MEST	4		11			8721438406128	0	DEFAULT	Migrated Template	Inactive		
Pérou eSIM 3 Go 15 Jours	0630HTKSX1R	PERU-3GB-15D	13.99	0	30/06/2026 13:14:46 MEST	4		11			8721438406111	0	DEFAULT	Migrated Template	Inactive		
Philippines eSIM 20 Go 30 Jours	0701HWYOJF5	PHILIPPINES-20GB-30D	22.99	0	01/07/2026 11:14:32 MEST	4		11			8721438406173	0	DEFAULT	Migrated Template	Inactive		
Philippines eSIM 3 Go 15 Jours	0701HX040N7	PHILIPPINES-3GB-15D	8.99	0	01/07/2026 11:06:22 MEST	4		11			8721438406142	0	DEFAULT	Migrated Template	Inactive		
Philippines eSIM 5 Go 30 Jours	0701HWYFB1O	PHILIPPINES-5GB-30D	9.99	0	01/07/2026 11:10:28 MEST	4		11			8721438406159	0	DEFAULT	Migrated Template	Inactive		
Philippines eSIM 20 Go 30 Jours	0325HRUXF33	PH_20_30	34.21	0	25/03/2026 08:25:42 MET	1		11			B0FRB4K2D4	0	DEFAULT	Migrated Template	Inactive		
Philippines eSIM 3 Go 15 Jours	0325HRWQ6KQ	PH_3_15	9.92	0	25/03/2026 09:23:14 MET	1		11			B0FRB1GVXK	0	DEFAULT	Migrated Template	Inactive		
Philippines eSIM 5 Go 30 Jours	0325HRWM6AK	PH_5_30	13.38	0	25/03/2026 08:49:03 MET	1		11			B0FRB4VCKG	0	DEFAULT	Migrated Template	Inactive		
Pakistan eSIM 20 Go 30 Jours	0812HQ8V9ZU	PK_20_30	31.33	0	12/08/2026 17:39:51 MEST	1		11			B0FRB691X8	0	DEFAULT	Migrated Template	Inactive		
Pakistan eSIM 3 Go 15 Jours	0812HQBDJ0G	PK_3_15	8.2	0	12/08/2026 17:47:45 MEST	1		11			B0FRB4HL3B	0	DEFAULT	Migrated Template	Inactive		
Pakistan eSIM 5 Go 30 Jours	0812HQAWV70	PK_5_30	11.65	0	12/08/2026 17:38:31 MEST	1		11			B0FRB48QKZ	0	DEFAULT	Migrated Template	Inactive		
Pologne eSIM 20 Go 30 Jours	0325HRYM5EX	PL_20_30	16.84	0	25/03/2026 08:47:51 MET	1		11			B0FRB5HSK7	0	DEFAULT	Migrated Template	Inactive		
Pologne eSIM 3 Go 15 Jours	0325HSEJ60F	PL_3_15	6.47	0	25/03/2026 10:17:09 MET	1		11			B0FRB4JVKR	0	DEFAULT	Migrated Template	Inactive		
Pologne eSIM 5 Go 30 Jours	0325HRVVI6O	PL_5_30	4.74	0	25/03/2026 08:43:13 MET	1		11			B0FRBDPQ9J	0	DEFAULT	Migrated Template	Inactive		
Pologne eSIM 20 Go 30 Jours	0701HX69GVI	POLAND-20GB-30D	14.99	0	01/07/2026 11:26:33 MEST	4		11			8721438406289	0	DEFAULT	Migrated Template	Inactive		
Pologne eSIM 3 Go 15 Jours	0701HX4LH0F	POLAND-3GB-15D	7.99	0	01/07/2026 11:18:27 MEST	4		11			8721438406258	0	DEFAULT	Migrated Template	Inactive		
Pologne eSIM 5 Go 30 Jours	0701HX2SS1Z	POLAND-5GB-30D	8.99	0	01/07/2026 11:22:28 MEST	4		11			8721438406272	0	DEFAULT	Migrated Template	Inactive		
Portugal eSIM 20 Go 30 Jours	0701HX8050Z	PORTUGAL-20GB-30D	14.99	0	01/07/2026 11:37:22 MEST	4		11			8721438406357	0	DEFAULT	Migrated Template	Inactive		
Portugal eSIM 3 Go 15 Jours	0701HX6C7AX	PORTUGAL-3GB-15D	7.99	0	01/07/2026 11:29:36 MEST	4		11			8721438406319	0	DEFAULT	Migrated Template	Inactive		
Portugal eSIM 5 Go 30 Jours	0701HX7BYCY	PORTUGAL-5GB-30D	8.99	0	01/07/2026 11:33:41 MEST	4		11			8721438406333	0	DEFAULT	Migrated Template	Inactive		
Puerto Rico eSIM 3 Go 15 Jours	0812HQEDBW4	PR_3_15	11.65	0	12/08/2026 17:39:28 MEST	1		11			B0FRB5MSF1	0	DEFAULT	Migrated Template	Inactive		
Porto Rico eSIM 5 Go 30 Jours	0812HQB03R2	PR_5_30	17.41	0	12/08/2026 17:40:31 MEST	1		11			B0FR9WMX9V	0	DEFAULT	Migrated Template	Inactive		
Portugal eSIM 20 Go 30 Jours	0325HS7YMXW	PT_20_30	20.93	0	25/03/2026 10:01:14 MET	1		11			B0FRB354KV	0	DEFAULT	Migrated Template	Inactive		
Portugal eSIM 3 Go 15 Jours	0325HSFA2RU	PT_3_15	6.47	0	25/03/2026 10:40:44 MET	1		11			B0FRB4314T	0	DEFAULT	Migrated Template	Inactive		
Portugal eSIM 5 Go 30 Jours	0325HRWEECO	PT_5_30	5.89	0	25/03/2026 08:47:35 MET	1		11			B0FRB4X799	0	DEFAULT	Migrated Template	Inactive		
Puerto Rico eSIM 3 Go 15 Jours	0701HX64383	PUERTO-RICO-3GB-15D	11.99	0	01/07/2026 11:41:12 MEST	4		11			8721438406388	0	DEFAULT	Migrated Template	Inactive		
Porto Rico eSIM 5 Go 30 Jours	0701HZ2Z3IO	PUERTO-RICO-5GB-30D	13.99	0	01/07/2026 22:00:23 MEST	4		11			8721438406395	0	DEFAULT	Migrated Template	Inactive		
Paraguay eSIM 3 Go 15 Jours	0812HQAWV6Q	PY_3_15	17.99	0	12/08/2026 17:38:31 MEST	1		11			B0FRB3V7CS	0	DEFAULT	Migrated Template	Inactive		
Qatar eSIM 20 Go 30 Jours	0701HXBJDTQ	QATAR-20GB-30D	30.99	0	01/07/2026 11:56:54 MEST	4		11			8721438406449	0	DEFAULT	Migrated Template	Inactive		
Qatar eSIM 3 Go 15 Jours	0703H853LNC	QATAR-3GB-15D	10.99	0	03/07/2026 16:14:48 MEST	4		11			8721438406418	0	DEFAULT	Migrated Template	Inactive		
Qatar eSIM 5 Go 30 Jours	0701HXBWJ5G	QATAR-5GB-30D	17.99	0	01/07/2026 11:53:13 MEST	4		11			8721438406432	0	DEFAULT	Migrated Template	Inactive		
Qatar eSIM 20 Go 30 Jours	0812HQ9TWNA	QA_20_30	62.44	0	12/08/2026 17:36:52 MEST	1		11			B0FR9X3QGM	0	DEFAULT	Migrated Template	Inactive		
Qatar eSIM 3 Go 15 Jours	0812HQ942XZ	QA_3_15	14.53	0	12/08/2026 17:40:54 MEST	1		11			B0FR9NXH43	0	DEFAULT	Migrated Template	Inactive		
Qatar eSIM 5 Go 30 Jours	0812HQI1N7G	QA_5_30	22.67	0	12/08/2026 17:46:54 MEST	1		11			B0FR9X5KB1	0	DEFAULT	Migrated Template	Inactive		
République du Congo eSIM 20 Go 30 Jours	0630HU61SD3	REPUBLIC-OF-THE-CONGO-20GB-30D	76.99	0	30/06/2026 19:45:06 MEST	4		11			8721438409495	0	DEFAULT	Migrated Template	Inactive		
République du Congo eSIM 3 Go 15 Jours	0630HU8ZZQ1	REPUBLIC-OF-THE-CONGO-3GB-15D	21.99	0	30/06/2026 19:38:47 MEST	4		11			8721438409471	0	DEFAULT	Migrated Template	Inactive		
République du Congo eSIM 5 Go 30 Jours	0630HUJR2VH	REPUBLIC-OF-THE-CONGO-5GB-30D	33.99	0	30/06/2026 19:41:58 MEST	4		11			8721438409488	0	DEFAULT	Migrated Template	Inactive		
Reunion eSIM 3 Go 15 Jours	0701HXC77VK	REUNION-3GB-15D	7.99	0	01/07/2026 12:00:45 MEST	4		11			8721438406470	0	DEFAULT	Migrated Template	Inactive		
Reunion eSIM 5 Go 30 Jours	0701HYW9XEK	REUNION-5GB-30D	8.99	0	01/07/2026 21:19:55 MEST	4		11			8721438406487	0	DEFAULT	Migrated Template	Inactive		
Reunion eSIM 3 Go 15 Jours	0812HQBCXGK	RE_3_15	11.11	0	12/08/2026 17:42:08 MEST	1		11			B0FRB3KCNQ	0	DEFAULT	Migrated Template	Inactive		
Reunion eSIM 5 Go 30 Jours	0812HQEYJO2	RE_5_30	17.42	0	12/08/2026 17:41:07 MEST	1		11			B0FRB47TQW	0	DEFAULT	Migrated Template	Inactive		
Roumanie eSIM 20 Go 30 Jours	0630HU98H9U	ROMANIA-20GB-30D	14.99	0	30/06/2026 19:55:12 MEST	4		11			8721438409525	0	DEFAULT	Migrated Template	Inactive		
Roumanie eSIM 3 Go 15 Jours	0630HUJBVEP	ROMANIA-3GB-15D	7.99	0	30/06/2026 19:48:33 MEST	4		11			8721438409501	0	DEFAULT	Migrated Template	Inactive		
Roumanie eSIM 5 Go 30 Jours	0630HUEU835	ROMANIA-5GB-30D	8.99	0	30/06/2026 19:51:44 MEST	4		11			8721438409518	0	DEFAULT	Migrated Template	Inactive		
Serbie eSIM 20 Go 30 Jours	0812HQHNE3E	RS_20_30	49.82	0	12/08/2026 17:37:38 MEST	1		11			B0FRB5K8JC	0	DEFAULT	Migrated Template	Inactive		
Serbie eSIM 3 Go 15 Jours	0812HQ86UGC	RS_3_15	11.65	0	12/08/2026 17:46:09 MEST	1		11			B0FRB5TJV2	0	DEFAULT	Migrated Template	Inactive		
Russie eSIM 20 Go 30 Jours	0630HU97HRU	RUSSIA-20GB-30D	22.99	0	30/06/2026 20:04:37 MEST	4		11			8721438409556	0	DEFAULT	Migrated Template	Inactive		
Russie eSIM 3 Go 15 Jours	0630HUKPSV6	RUSSIA-3GB-15D	9.99	0	30/06/2026 19:58:09 MEST	4		11			8721438409532	0	DEFAULT	Migrated Template	Inactive		
Russie eSIM 5 Go 30 Jours	0630HUHY9MA	RUSSIA-5GB-30D	13.99	0	30/06/2026 20:01:10 MEST	4		11			8721438409549	0	DEFAULT	Migrated Template	Inactive		
Rwanda eSIM 20 Go 30 Jours	0630HUM6UP8	RWANDA-20GB-30D	97.99	0	30/06/2026 20:14:13 MEST	4		11			8721438409587	0	DEFAULT	Migrated Template	Inactive		
Rwanda eSIM 3 Go 15 Jours	0630HUFG7QZ	RWANDA-3GB-15D	23.99	0	30/06/2026 20:07:44 MEST	4		11			8721438409563	0	DEFAULT	Migrated Template	Inactive		
Rwanda eSIM 5 Go 30 Jours	0630HUC95X6	RWANDA-5GB-30D	31.99	0	30/06/2026 20:11:16 MEST	4		11			8721438409570	0	DEFAULT	Migrated Template	Inactive		
Amérique du Sud eSIM 5 Go 30 Jours	0812HQ9HPUT	SA-18_5_30	33.06	0	12/08/2026 17:45:56 MEST	1		11			B0FRB8D7HC	0	DEFAULT	Migrated Template	Inactive		
Saint Barthélemy eSIM 20 Go 30 Jours	0630HUP7WI1	SAINT-BARTHELEMY-20GB-30D	16.99	0	30/06/2026 20:24:10 MEST	4		11			8721438409617	0	DEFAULT	Migrated Template	Inactive		
Saint Barthélemy eSIM 3 Go 15 Jours	0630HUFHGTB	SAINT-BARTHELEMY-3GB-15D	7.99	0	30/06/2026 20:17:42 MEST	4		11			8721438409594	0	DEFAULT	Migrated Template	Inactive		
Saint Barthélemy eSIM 5 Go 30 Jours	0630HUNZ76H	SAINT-BARTHELEMY-5GB-30D	8.99	0	30/06/2026 20:20:53 MEST	4		11			8721438409600	0	DEFAULT	Migrated Template	Inactive		
Saint-Kitts-et-Nevis eSIM 20GB 30Days	0630HUM55J7	SAINT-KITTS-AND-NEVIS-20GB-30D	102.99	0	30/06/2026 20:33:24 MEST	4		11			8721438409648	0	DEFAULT	Migrated Template	Inactive		
Saint-Kitts-et-Nevis eSIM 3GB 15Days	0630HULEP3X	SAINT-KITTS-AND-NEVIS-3GB-15D	28.99	0	30/06/2026 20:27:18 MEST	4		11			8721438409624	0	DEFAULT	Migrated Template	Inactive		
Saint-Kitts-et-Nevis eSIM 5 Go 30 Jours	0630HUKJQOU	SAINT-KITTS-AND-NEVIS-5GB-30D	37.99	0	30/06/2026 20:30:27 MEST	4		11			8721438409631	0	DEFAULT	Migrated Template	Inactive		
Sainte-Lucie eSIM 20 Go 30 Jours	0630HUMTI3A	SAINT-LUCIA-20GB-30D	102.99	0	30/06/2026 20:42:58 MEST	4		11			8721438409679	0	DEFAULT	Migrated Template	Inactive		
Sainte-Lucie eSIM 3 Go 15 Jours	0630HUNQMTH	SAINT-LUCIA-3GB-15D	28.99	0	30/06/2026 20:37:01 MEST	4		11			8721438409655	0	DEFAULT	Migrated Template	Inactive		
Sainte-Lucie eSIM 5 Go 30 Jours	0630HUKQJVU	SAINT-LUCIA-5GB-30D	37.99	0	30/06/2026 20:40:02 MEST	4		11			8721438409662	0	DEFAULT	Migrated Template	Inactive		
Saint Martin eSIM 20 Go 30 Jours	0630HUL4C3Z	SAINT-MARTIN-20GB-30D	16.99	0	30/06/2026 20:52:43 MEST	4		11			8721438409709	0	DEFAULT	Migrated Template	Inactive		
Saint Martin eSIM 3 Go 15 Jours	0630HUJ737F	SAINT-MARTIN-3GB-15D	7.99	0	30/06/2026 20:46:05 MEST	4		11			8721438409686	0	DEFAULT	Migrated Template	Inactive		
Saint Martin eSIM 5 Go 30 Jours	0630HUMZK1H	SAINT-MARTIN-5GB-30D	8.99	0	30/06/2026 20:49:26 MEST	4		11			8721438409693	0	DEFAULT	Migrated Template	Inactive		
Saint-Vincent-et-Les Grenadines eSIM 3 Go 15 Jours	0630HUJLZ5Y	SAINT-VINCENT-AND-THE-GRENADINES-3GB-15D	34.99	0	30/06/2026 20:55:50 MEST	4		11			8721438409716	0	DEFAULT	Migrated Template	Inactive		
Saint Vincent-et-Les Grenadines eSIM 5 Go 30 Jours	0630HUPRX3Z	SAINT-VINCENT-AND-THE-GRENADINES-5GB-30D	45.99	0	30/06/2026 20:59:32 MEST	4		11			8721438409723	0	DEFAULT	Migrated Template	Inactive		
Samoa eSIM 20 Go 30 Jours	0630HUOYVV5	SAMOA-20GB-30D	294.99	0	30/06/2026 21:13:29 MEST	4		11			8721438409761	0	DEFAULT	Migrated Template	Inactive		
Samoa eSIM 3 Go 15 Jours	0630HUQZIA9	SAMOA-3GB-15D	57.99	0	30/06/2026 21:06:30 MEST	4		11			8721438409747	0	DEFAULT	Migrated Template	Inactive		
Samoa eSIM 5 Go 30 Jours	0630HUMWB3X	SAMOA-5GB-30D	79.99	0	30/06/2026 21:10:22 MEST	4		11			8721438409754	0	DEFAULT	Migrated Template	Inactive		
Carte eSIM Saint-Marin 20 Go 30 Jours	0630HUP0811	SAN-MARINO-20GB-30D	15.99	0	30/06/2026 21:23:04 MEST	4		11			8721438409792	0	DEFAULT	Migrated Template	Inactive		
San Marino eSIM 3 Go 15 Jours	0630HURM90V	SAN-MARINO-3GB-15D	7.99	0	30/06/2026 21:16:36 MEST	4		11			8721438409778	0	DEFAULT	Migrated Template	Inactive		
San Marino eSIM 5 Go 30 Jours	0630HUP0LKB	SAN-MARINO-5GB-30D	8.99	0	30/06/2026 21:19:57 MEST	4		11			8721438409785	0	DEFAULT	Migrated Template	Inactive		
Arabie Saoudite eSIM 20 Go 30 Jours	0701HXET1WG	SAUDI-ARABIA-20GB-30D	33.99	0	01/07/2026 12:16:26 MEST	4		11			8721438406548	0	DEFAULT	Migrated Template	Inactive		
Arabie Saoudite eSIM 3 Go 15 Jours	0701HXHKF02	SAUDI-ARABIA-3GB-15D	11.99	0	01/07/2026 12:08:39 MEST	4		11			8721438406500	0	DEFAULT	Migrated Template	Inactive		
Arabie Saoudite eSIM 5 Go 30 Jours	0701HXFMZ08	SAUDI-ARABIA-5GB-30D	13.99	0	01/07/2026 12:12:45 MEST	4		11			8721438406524	0	DEFAULT	Migrated Template	Inactive		
Arabie Saoudite eSIM 20 Go 30 Jours	0812HQEMYMD	SA_20_30	49.78	0	12/08/2026 17:39:33 MEST	1		11			B0FRB5PZTS	0	DEFAULT	Migrated Template	Inactive		
Arabie Saoudite eSIM 3 Go 15 Jours	0812HQEOX8C	SA_3_15	9.92	0	12/08/2026 17:43:48 MEST	1		11			B0FRB3N2KL	0	DEFAULT	Migrated Template	Inactive		
Arabie Saoudite eSIM 5 Go 30 Jours	0812HQE8RSF	SA_5_30	16.26	0	12/08/2026 17:44:29 MEST	1		11			B0FRB1SRZY	0	DEFAULT	Migrated Template	Inactive		
Seychelles eSIM 3 Go 15 Jours	0812HQ9T121	SC_3_15	17.99	0	12/08/2026 17:44:08 MEST	1		11			B0FRB55T3H	0	DEFAULT	Migrated Template	Inactive		
Seychelles eSIM 5 Go 30 Jours	0812HQEKYVF	SC_5_30	27.31	0	12/08/2026 17:39:13 MEST	1		11			B0FR9P7N6M	0	DEFAULT	Migrated Template	Inactive		
Soudan eSIM 3 Go 15 Jours	0812HQF4YB0	SD_3_15	42.28	0	12/08/2026 17:40:23 MEST	1		11			B0FRCKTXNQ	0	DEFAULT	Migrated Template	Inactive		
Soudan eSIM 5 Go 30 Jours	0812HQBKDUJ	SD_5_30	63.6	0	12/08/2026 17:45:49 MEST	1		11			B0FRC799N3	0	DEFAULT	Migrated Template	Inactive		
Sénégal eSIM 3 Go 15 Jours	0701HXIP258	SENEGAL-3GB-15D	15.99	0	01/07/2026 12:20:17 MEST	4		11			8721438406562	0	DEFAULT	Migrated Template	Inactive		
Sénégal eSIM 5 Go 30 Jours	0701HXKFR0U	SENEGAL-5GB-30D	17.99	0	01/07/2026 12:24:24 MEST	4		11			8721438406579	0	DEFAULT	Migrated Template	Inactive		
Serbie eSIM 20 Go 30 Jours	0701HXHO6NG	SERBIA-20GB-30D	20.99	0	01/07/2026 12:32:11 MEST	4		11			8721438406616	0	DEFAULT	Migrated Template	Inactive		
Serbie eSIM 3 Go 15 Jours	0701HXLS9ND	SERBIA-3GB-15D	8.99	0	01/07/2026 12:28:05 MEST	4		11			8721438406593	0	DEFAULT	Migrated Template	Inactive		
Seychelles eSIM 3 Go 15 Jours	0701HX9KNN3	SEYCHELLES-3GB-15D	16.99	0	01/07/2026 12:36:03 MEST	4		11			8721438406630	0	DEFAULT	Migrated Template	Inactive		
Seychelles eSIM 5 Go 30 Jours	0701HXCVJ6Z	SEYCHELLES-5GB-30D	27.99	0	01/07/2026 12:40:09 MEST	4		11			8721438406647	0	DEFAULT	Migrated Template	Inactive		
Suède eSIM 20 Go 30 Jours	0812HQAAABG	SE_20_30	17.75	0	12/08/2026 17:42:10 MEST	1		11			B0FRB7X5SP	0	DEFAULT	Migrated Template	Inactive		
Suède eSIM 3 Go 15 Jours	0812HQ910AS	SE_3_15	4.16	0	12/08/2026 17:37:17 MEST	1		11			B0FRCC6W9S	0	DEFAULT	Migrated Template	Inactive		
Suède eSIM 5 Go 30 Jours	0812HQE5G1E	SE_5_30	6.22	0	12/08/2026 17:40:55 MEST	1		11			B0FRCS524D	0	DEFAULT	Migrated Template	Inactive		
Singapour eSIM 20 Go 30 Jours	0325HRTY7PO	SG_20_30	17.99	0	25/03/2026 09:14:10 MET	1		11			B0FRB256K8	0	DEFAULT	Migrated Template	Inactive		
Singapour eSIM 3 Go 30 jours | SIM de données Pay As You Go | Installation facile | SIM de voyage pour les touristes et les entreprises | Vitesses 3G/4G/5G	0325HRY2LZ6	SG_3_30	12.3	0	25/03/2026 08:47:09 MET	1		11			B0FRB3KY59	0	DEFAULT	Migrated Template	Inactive		
Singapour eSIM 5 Go 30 Jours	0325HRTQ1BF	SG_5_30	9.92	0	25/03/2026 09:04:25 MET	1		11			B0FR9X3Y3R	0	DEFAULT	Migrated Template	Inactive		
Sierra Leone eSIM 20 Go 30 Jours	0630HUQ88RS	SIERRA-LEONE-20GB-30D	93.99	0	30/06/2026 21:33:11 MEST	4		11			8721438409822	0	DEFAULT	Migrated Template	Inactive		
Sierra Leone eSIM 3 Go 15 Jours	0630HUOUL5P	SIERRA-LEONE-3GB-15D	26.99	0	30/06/2026 21:26:32 MEST	4		11			8721438409808	0	DEFAULT	Migrated Template	Inactive		
Sierra Leone eSIM 5 Go 30 Jours	0630HUR0POE	SIERRA-LEONE-5GB-30D	32.99	0	30/06/2026 21:30:15 MEST	4		11			8721438409815	0	DEFAULT	Migrated Template	Inactive		
Singapour eSIM 20 Go 30 Jours	0701HXS76G3	SINGAPORE-20GB-30D	14.99	0	01/07/2026 12:48:06 MEST	4		11			8721438406692	0	DEFAULT	Migrated Template	Inactive		
Singapour eSIM 5 Go 30 Jours	0701HXA211R	SINGAPORE-5GB-30D	8.99	0	01/07/2026 12:44:00 MEST	4		11			8721438406678	0	DEFAULT	Migrated Template	Inactive		
Slovénie eSIM 20 Go 30 Jours	0812HQE7JRV	SI_20_30	17.41	0	12/08/2026 17:40:58 MEST	1		11			B0FR9X15V2	0	DEFAULT	Migrated Template	Inactive		
Slovénie eSIM 3 Go 15 Jours	0812HQBBZIU	SI_3_15	4.16	0	12/08/2026 17:39:59 MEST	1		11			B0FR9XCF27	0	DEFAULT	Migrated Template	Inactive		
Slovénie eSIM 5 Go 30 Jours	0812HQAPW4F	SI_5_30	5.89	0	12/08/2026 17:40:08 MEST	1		11			B0FRB3SJMR	0	DEFAULT	Migrated Template	Inactive		
Slovaquie eSIM 20 Go 30 Jours	0812HQB7R9O	SK_20_30	17.41	0	12/08/2026 17:37:37 MEST	1		11			B0FRB14YYC	0	DEFAULT	Migrated Template	Inactive		
Slovaquie eSIM 3 Go 15 Jours	0812HQHP26Q	SK_3_15	4.16	0	12/08/2026 17:45:47 MEST	1		11			B0FR9XC4BW	0	DEFAULT	Migrated Template	Inactive		
Slovaquie eSIM 5 Go 30 Jours	0812HQEH32W	SK_5_30	5.89	0	12/08/2026 17:42:16 MEST	1		11			B0FRB2X84M	0	DEFAULT	Migrated Template	Inactive		
Slovaquie eSIM 20 Go 30 Jours	0701HXJAJXV	SLOVAKIA-20GB-30D	14.99	0	01/07/2026 12:59:17 MEST	4		11			8721438406807	0	DEFAULT	Migrated Template	Inactive		
Slovaquie eSIM 3 Go 15 Jours	0701HXHJ5FC	SLOVAKIA-3GB-15D	7.99	0	01/07/2026 12:51:56 MEST	4		11			8721438406760	0	DEFAULT	Migrated Template	Inactive		
Slovaquie eSIM 5 Go 30 Jours	0701HXONLMS	SLOVAKIA-5GB-30D	8.99	0	01/07/2026 12:55:50 MEST	4		11			8721438406784	0	DEFAULT	Migrated Template	Inactive		
Slovénie eSIM 20 Go 30 Jours	0701HXMFG3F	SLOVENIA-20GB-30D	14.99	0	01/07/2026 13:10:49 MEST	4		11			8721438406876	0	DEFAULT	Migrated Template	Inactive		
Slovénie eSIM 3 Go 15 Jours	0701HXL0XCM	SLOVENIA-3GB-15D	7.99	0	01/07/2026 13:03:06 MEST	4		11			8721438406838	0	DEFAULT	Migrated Template	Inactive		
Slovénie eSIM 5 Go 30 Jours	0701HXGI76G	SLOVENIA-5GB-30D	8.99	0	01/07/2026 13:07:08 MEST	4		11			8721438406852	0	DEFAULT	Migrated Template	Inactive		
Sénégal eSIM 3 Go 15 Jours	0325HSD41Y5	SN_3_15	29.59	0	25/03/2026 09:49:49 MET	1		11			B0FRB4HX92	0	DEFAULT	Migrated Template	Inactive		
Sénégal eSIM 5 Go 30 Jours	0325HS6T36K	SN_5_30	43.42	0	25/03/2026 10:53:51 MET	1		11			B0FRB68H77	0	DEFAULT	Migrated Template	Inactive		
Afrique du Sud eSIM 5 Go 30 Jours	0701HXL5VCD	SOUTH-AFRICA-5GB-30D	14.99	0	01/07/2026 13:14:42 MEST	4		11			8721438406913	0	DEFAULT	Migrated Template	Inactive		
Amérique du Sud eSIM 5 Go 30 Jours	0701HXLVBNZ	SOUTH-AMERICA-5GB-30D	20.99	0	01/07/2026 13:18:58 MEST	4		11			8721438406968	0	DEFAULT	Migrated Template	Inactive		
Corée du Sud eSIM 20 Go 30 Jours	0701HXUZ15D	SOUTH-KOREA-20GB-30D	14.99	0	01/07/2026 13:30:58 MEST	4		11			8721438407019	0	DEFAULT	Migrated Template	Inactive		
Corée du Sud eSIM 3 Go 15 Jours	0701HXJVZZB	SOUTH-KOREA-3GB-15D	7.99	0	01/07/2026 13:23:12 MEST	4		11			8721438406982	0	DEFAULT	Migrated Template	Inactive		
Corée du Sud eSIM 5 Go 30 Jours	0701HXTM9JP	SOUTH-KOREA-5GB-30D	8.99	0	01/07/2026 13:27:18 MEST	4		11			8721438406999	0	DEFAULT	Migrated Template	Inactive		
Espagne eSIM 20 Go 30 Jours	0701HXPS6BF	SPAIN-20GB-30D	14.99	0	01/07/2026 13:42:39 MEST	4		11			8721438407132	0	DEFAULT	Migrated Template	Inactive		
Espagne eSIM 3 Go 15 Jours	0701HXMSRBB	SPAIN-3GB-15D	7.99	0	01/07/2026 13:34:51 MEST	4		11			8721438407095	0	DEFAULT	Migrated Template	Inactive		
Espagne eSIM 5 Go 30 Jours	0701HXDS1G0	SPAIN-5GB-30D	8.99	0	01/07/2026 13:38:58 MEST	4		11			8721438407118	0	DEFAULT	Migrated Template	Inactive		
Sri Lanka eSIM 20 Go 30 Jours	0701HXRWCM8	SRI-LANKA-20GB-30D	26.99	0	01/07/2026 13:54:17 MEST	4		11			8721438407231	0	DEFAULT	Migrated Template	Inactive		
Sri Lanka eSIM 3 Go 15 Jours	0701HXPXB10	SRI-LANKA-3GB-15D	9.99	0	01/07/2026 13:46:30 MEST	4		11			8721438407194	0	DEFAULT	Migrated Template	Inactive		
Sri Lanka eSIM 5 Go 30 Jours	0701HXN31RZ	SRI-LANKA-5GB-30D	11.99	0	01/07/2026 13:50:36 MEST	4		11			8721438407217	0	DEFAULT	Migrated Template	Inactive		
Soudan eSIM 3 Go 15 Jours	0701HXLC55F	SUDAN-3GB-15D	22.99	0	01/07/2026 13:58:07 MEST	4		11			8721438407316	0	DEFAULT	Migrated Template	Inactive		
Soudan eSIM 5 Go 30 Jours	0701HXO8LBS	SUDAN-5GB-30D	29.99	0	01/07/2026 14:01:51 MEST	4		11			8721438407323	0	DEFAULT	Migrated Template	Inactive		
Suriname eSIM 20 Go 30 Jours	0630HURXVMX	SURINAME-20GB-30D	73.99	0	30/06/2026 21:42:45 MEST	4		11			8721438409853	0	DEFAULT	Migrated Template	Inactive		
Suriname eSIM 3 Go 15 Jours	0630HUQYGYM	SURINAME-3GB-15D	19.99	0	30/06/2026 21:36:18 MEST	4		11			8721438409839	0	DEFAULT	Migrated Template	Inactive		
Suriname eSIM 5 Go 30 Jours	0630HUOS5MO	SURINAME-5GB-30D	31.99	0	30/06/2026 21:39:49 MEST	4		11			8721438409846	0	DEFAULT	Migrated Template	Inactive		
Saint-Vincent-et-Les Grenadines eSIM 20 Go 30 Jours	0630HUR5YEN	SVG-20GB-30D	125.99	0	30/06/2026 21:02:29 MEST	4		11			8721438409730	0	DEFAULT	Migrated Template	Inactive		
El Salvador eSIM 3 Go 15 Jours	0812HQ4C2O9	SV_3_15	23.24	0	12/08/2026 15:25:39 MEST	1		11			B0FR9LJ7X4	0	DEFAULT	Migrated Template	Inactive		
Suède eSIM 20 Go 30 Jours	0701HXUF2YR	SWEDEN-20GB-30D	14.99	0	01/07/2026 14:13:31 MEST	4		11			8721438407408	0	DEFAULT	Migrated Template	Inactive		
Suède eSIM 3 Go 15 Jours	0701HXQBOM8	SWEDEN-3GB-15D	7.99	0	01/07/2026 14:05:42 MEST	4		11			8721438407361	0	DEFAULT	Migrated Template	Inactive		
Suède eSIM 5 Go 30 Jours	0701HXRI0GI	SWEDEN-5GB-30D	8.99	0	01/07/2026 14:09:50 MEST	4		11			8721438407385	0	DEFAULT	Migrated Template	Inactive		
Suisse eSIM 20 Go 30 Jours	0701HXUWGDU	SWITZERLAND-20GB-30D	14.99	0	01/07/2026 14:25:12 MEST	4		11			8721438407460	0	DEFAULT	Migrated Template	Inactive		
Suisse eSIM 3 Go 15 Jours	0701HXRX8YP	SWITZERLAND-3GB-15D	7.99	0	01/07/2026 14:17:23 MEST	4		11			8721438407422	0	DEFAULT	Migrated Template	Inactive		
Suisse eSIM 5 Go 30 Jours	0701HXWT2AE	SWITZERLAND-5GB-30D	8.99	0	01/07/2026 14:21:53 MEST	4		11			8721438407446	0	DEFAULT	Migrated Template	Inactive		
Tadjikistan eSIM 20 Go 30 Jours	0630HURR4A0	TAJIKISTAN-20GB-30D	41.99	0	30/06/2026 21:53:10 MEST	4		11			8721438409884	0	DEFAULT	Migrated Template	Inactive		
Tadjikistan eSIM 3 Go 15 Jours	0630HUPYKRB	TAJIKISTAN-3GB-15D	13.99	0	30/06/2026 21:46:12 MEST	4		11			8721438409860	0	DEFAULT	Migrated Template	Inactive		
Tadjikistan eSIM 5 Go 30 Jours	0630HUPVSC2	TAJIKISTAN-5GB-30D	15.99	0	30/06/2026 21:49:43 MEST	4		11			8721438409877	0	DEFAULT	Migrated Template	Inactive		
Tanzanie eSIM 3 Go 15 Jours	0701HXV8KVX	TANZANIA-3GB-15D	15.99	0	01/07/2026 14:29:04 MEST	4		11			8721438407491	0	DEFAULT	Migrated Template	Inactive		
Tchad eSIM 3 Go 15 Jours	0812HPYMVPJ	TD_3_15	23.24	0	12/08/2026 15:27:06 MEST	1		11			B0FR9SG4MK	0	DEFAULT	Migrated Template	Inactive		
Tchad eSIM 5 Go 30 Jours	0812HPX5LQX	TD_5_30	33.07	0	12/08/2026 15:26:43 MEST	1		11			B0FR9L414C	0	DEFAULT	Migrated Template	Inactive		
Thaïlande eSIM 20 Go 30 Jours	0701HXXWEJ4	THAILAND-20GB-30D	14.99	0	01/07/2026 14:41:07 MEST	4		11			8721438407552	0	DEFAULT	Migrated Template	Inactive		
Thaïlande eSIM 3 Go 15 Jours	0701HXV20SE	THAILAND-3GB-15D	7.99	0	01/07/2026 14:33:21 MEST	4		11			8721438407514	0	DEFAULT	Migrated Template	Inactive		
Thaïlande eSIM 5 Go 30 Jours	0701HY2VBE8	THAILAND-5GB-30D	8.99	0	01/07/2026 14:37:26 MEST	4		11			8721438407538	0	DEFAULT	Migrated Template	Inactive		
Thaïlande eSIM 20 Go 30 Jours	0325HRXUK6M	TH_20_30	17.99	0	25/03/2026 09:34:40 MET	1		11			B0FRCHW3MW	0	DEFAULT	Migrated Template	Inactive		
Thaïlande eSIM 3 Go 15 Jours	0325HSA6M9U	TH_3_15	7.62	0	25/03/2026 10:05:40 MET	1		11			B0FRCDPJSH	0	DEFAULT	Migrated Template	Inactive		
Thaïlande eSIM 5 Go 30 Jours	0325HS2IWEF	TH_5_30	4.74	0	25/03/2026 09:37:18 MET	1		11			B0FR9Q5D1J	0	DEFAULT	Migrated Template	Inactive		
Tunisie eSIM 10 Go 30 jours | eSIM de voyage prépayée | SIM numérique Pay As You Go | Installation facile | SIM de données pour les touristes et les entreprises | Vitesses 3G/4G	0325HS2Q1L6	TN_10_30	23.27	0	25/03/2026 09:42:24 MET	1		11			B0FRB85GLD	0	DEFAULT	Migrated Template	Inactive		
Tunisie eSIM 3 Go 30 jours | eSIM de voyage prépayée | SIM numérique Pay As You Go | Installation facile | SIM de données pour les touristes et les entreprises | Vitesses 3G/4G	0325HS5C24N	TN_3_30	11.71	0	25/03/2026 10:02:02 MET	1		11			B0FRCKZKVY	0	DEFAULT	Migrated Template	Inactive		
Tunisie eSIM 5 Go 30 Jours	0325HRWPBK9	TN_5_30	14.54	0	25/03/2026 09:03:44 MET	1		11			B0FRB7Q96Z	0	DEFAULT	Migrated Template	Inactive		
Trinité-et-Tobago eSIM 20 Go 30 Jours	0630HURU4L9	TRINIDAD-AND-TOBAGO-20GB-30D	95.99	0	30/06/2026 22:03:03 MEST	4		11			8721438409914	0	DEFAULT	Migrated Template	Inactive		
Trinité-et-Tobago eSIM 3 Go 15 Jours	0630HUTXT1H	TRINIDAD-AND-TOBAGO-3GB-15D	22.99	0	30/06/2026 21:56:16 MEST	4		11			8721438409891	0	DEFAULT	Migrated Template	Inactive		
Trinité-et-Tobago eSIM 5 Go 30 Jours	0630HURJ8BD	TRINIDAD-AND-TOBAGO-5GB-30D	33.99	0	30/06/2026 21:59:47 MEST	4		11			8721438409907	0	DEFAULT	Migrated Template	Inactive		
Turquie eSIM 20 Go 30 Jours	0325HS5Z0RR	TR_20_30	17.17	0	25/03/2026 10:06:24 MET	1		11			B0FRCYMWCX	0	DEFAULT	Migrated Template	Inactive		
Turquie eSIM 3 Go 15 Jours	0325HS450MK	TR_3_15	6.47	0	25/03/2026 09:47:46 MET	1		11			B0FRC2PSHM	0	DEFAULT	Migrated Template	Inactive		
Turquie eSIM 5 Go 30 Jours	0325HRYWPFK	TR_5_30	4.74	0	25/03/2026 09:03:16 MET	1		11			B0FRCBZ1BB	0	DEFAULT	Migrated Template	Inactive		
Tunisie eSIM 5 Go 30 Jours	0701HXTB893	TUNISIA-5GB-30D	10.99	0	01/07/2026 14:44:57 MEST	4		11			8721438407644	0	DEFAULT	Migrated Template	Inactive		
Turquie eSIM 20 Go 30 Jours	0701HXZ954T	TURKEY-20GB-30D	17.99	0	01/07/2026 14:56:58 MEST	4		11			8721438407729	0	DEFAULT	Migrated Template	Inactive		
Turquie eSIM 3 Go 15 Jours	0701HXZCWH9	TURKEY-3GB-15D	7.99	0	01/07/2026 14:49:13 MEST	4		11			8721438407682	0	DEFAULT	Migrated Template	Inactive		
Turquie eSIM 5 Go 30 Jours	0701HY3JUDN	TURKEY-5GB-30D	8.99	0	01/07/2026 14:53:18 MEST	4		11			8721438407705	0	DEFAULT	Migrated Template	Inactive		
Iles Turques et Caïques eSIM 20 Go 30 Jours	0630HUSO2T0	TURKS-AND-CAICOS-ISLANDS-20GB-30D	89.99	0	30/06/2026 22:13:29 MEST	4		11			8721438409945	0	DEFAULT	Migrated Template	Inactive		
Iles Turques et Caïques eSIM 3 Go 15 Jours	0630HUSODH2	TURKS-AND-CAICOS-ISLANDS-3GB-15D	22.99	0	30/06/2026 22:06:41 MEST	4		11			8721438409921	0	DEFAULT	Migrated Template	Inactive		
Iles Turques et Caïques eSIM 5 Go 30 Jours	0630HUSWDM4	TURKS-AND-CAICOS-ISLANDS-5GB-30D	28.99	0	30/06/2026 22:09:52 MEST	4		11			8721438409938	0	DEFAULT	Migrated Template	Inactive		
Tanzanie eSIM 3 Go 15 Jours	0325HSHRLHI	TZ_3_15	26.17	0	25/03/2026 10:06:19 MET	1		11			B0FRC81NPJ	0	DEFAULT	Migrated Template	Inactive		
Ukraine eSIM 3 Go 15 Jours	0812HQEM9L2	UA_3_15	3.91	0	12/08/2026 17:40:55 MEST	1		11			B0FRB9SBFR	0	DEFAULT	Migrated Template	Inactive		
Ukraine eSIM 5 Go 30 Jours	0812HQEJCYG	UA_5_30	5.06	0	12/08/2026 17:39:46 MEST	1		11			B0FRC2NRKG	0	DEFAULT	Migrated Template	Inactive		
Uganda eSIM 3 Go 15 Jours	0701HY3RVMM	UGANDA-3GB-15D	17.99	0	01/07/2026 15:00:50 MEST	4		11			8721438407798	0	DEFAULT	Migrated Template	Inactive		
Uganda eSIM 3 Go 15 Jours	0812HQAEZIL	UG_3_15	23.23	0	12/08/2026 17:40:03 MEST	1		11			B0FRB7F7Z9	0	DEFAULT	Migrated Template	Inactive		
Ukraine eSIM 3 Go 15 Jours	0701HY6UW9X	UKRAINE-3GB-15D	7.99	0	01/07/2026 15:04:44 MEST	4		11			8721438407811	0	DEFAULT	Migrated Template	Inactive		
Ukraine eSIM 5 Go 30 Jours	0702HZIGQ7E	UKRAINE-5GB-30D	8.99	0	02/07/2026 02:11:02 MEST	4		11			8721438407835	0	DEFAULT	Migrated Template	Inactive		
Émirats Arabes Unis eSIM 20 Go 30 Jours	0701HY6UMG8	UNITED-ARAB-EMIRATES-20GB-30D	35.99	0	01/07/2026 15:20:48 MEST	4		11			8721438407927	0	DEFAULT	Migrated Template	Inactive		
Émirats Arabes Unis eSIM 3 Go 15 Jours	0701HY3ID9K	UNITED-ARAB-EMIRATES-3GB-15D	12.99	0	01/07/2026 15:12:40 MEST	4		11			8721438407873	0	DEFAULT	Migrated Template	Inactive		
Émirats Arabes Unis eSIM 5 Go 30 Jours	0701HY6QC6D	UNITED-ARAB-EMIRATES-5GB-30D	14.99	0	01/07/2026 15:16:43 MEST	4		11			8721438407897	0	DEFAULT	Migrated Template	Inactive		
Royaume-Uni eSIM 20 Go 30 Jours	0701HY495TJ	UNITED-KINGDOM-20GB-30D	14.99	0	01/07/2026 15:32:03 MEST	4		11			8721438408023	0	DEFAULT	Migrated Template	Inactive		
Royaume-Uni eSIM 3 Go 15 Jours	0701HYFHDL0	UNITED-KINGDOM-3GB-15D	7.99	0	01/07/2026 15:24:15 MEST	4		11			8721438407989	0	DEFAULT	Migrated Template	Inactive		
Royaume-Uni eSIM 5 Go 30 Jours	0701HY44KQR	UNITED-KINGDOM-5GB-30D	8.99	0	01/07/2026 15:28:22 MEST	4		11			8721438408009	0	DEFAULT	Migrated Template	Inactive		
eSIM États-Unis 3 Go 15 Jours	0701HY12W6R	UNITED-STATES-3GB-15D	8.99	0	01/07/2026 15:36:49 MEST	4		11			8721438408092	0	DEFAULT	Migrated Template	Inactive		
eSIM États-Unis 5 Go 30 Jours	0701HY9VUNM	UNITED-STATES-5GB-30D	9.99	0	01/07/2026 15:39:59 MEST	4		11			8721438408139	0	DEFAULT	Migrated Template	Inactive		
Uruguay eSIM 3 Go 15 Jours	0701HY4712A	URUGUAY-3GB-15D	16.99	0	01/07/2026 15:43:49 MEST	4		11			8721438408191	0	DEFAULT	Migrated Template	Inactive		
Carte SIM américaine eSIM 20 Go 90 jours | Pay As You Go Data SIM | Installation facile | SIM de voyage américaine pour touristes et entreprises | Vitesses 3G/4G	0325HS904BS	US_20_90	26.69	0	25/03/2026 10:39:01 MET	1		11			B0FRB9JP2K	0	DEFAULT	Migrated Template	Inactive		
eSIM États-Unis 3 Go 15 Jours	0325HS5MR4X	US_3_15	7.62	0	25/03/2026 09:56:43 MET	1		11			B0FRCFXK3V	0	DEFAULT	Migrated Template	Inactive		
eSIM États-Unis 5 Go 30 Jours	0325HSFAVTH	US_5_30	6.47	0	25/03/2026 10:47:36 MET	1		11			B0FRC2PQ8H	0	DEFAULT	Migrated Template	Inactive		
Uruguay eSIM 3 Go 15 Jours	0812HQEU3M5	UY_3_15	17.99	0	12/08/2026 17:44:47 MEST	1		11			B0FRB7LHGN	0	DEFAULT	Migrated Template	Inactive		
Uzbékistan eSIM 5 Go 30 Jours	0701HYDAVL2	UZBEKISTAN-5GB-30D	8.99	0	01/07/2026 15:48:04 MEST	4		11			8721438408221	0	DEFAULT	Migrated Template	Inactive		
Uzbékistan eSIM 5 Go 30 Jours	0812HQ9UTY6	UZ_5_30	9.35	0	12/08/2026 17:45:51 MEST	1		11			B0FRBWFZ6M	0	DEFAULT	Migrated Template	Inactive		
eSIM Cité du Vatican 20 Go 30 Jours	0630HUSN0JK	VATICAN-CITY-20GB-30D	14.99	0	30/06/2026 22:22:43 MEST	4		11			8721438409976	0	DEFAULT	Migrated Template	Inactive		
Cité du Vatican eSIM 3 Go 15 Jours	0630HUT7Y9Y	VATICAN-CITY-3GB-15D	7.99	0	30/06/2026 22:16:15 MEST	4		11			8721438409952	0	DEFAULT	Migrated Template	Inactive		
Cité du Vatican eSIM 5 Go 30 Jours	0630HUQMC33	VATICAN-CITY-5GB-30D	8.99	0	30/06/2026 22:19:47 MEST	4		11			8721438409969	0	DEFAULT	Migrated Template	Inactive		
Vietnam eSIM 20 Go 30 Jours	0701HY1IWZV	VIETNAM-20GB-30D	21.99	0	01/07/2026 16:00:04 MEST	4		11			8721438408283	0	DEFAULT	Migrated Template	Inactive		
Vietnam eSIM 3 Go 15 Jours	0701HY4E3P3	VIETNAM-3GB-15D	8.99	0	01/07/2026 15:52:19 MEST	4		11			8721438408252	0	DEFAULT	Migrated Template	Inactive		
Vietnam eSIM 5 Go 30 Jours	0701HY1AO6H	VIETNAM-5GB-30D	9.99	0	01/07/2026 15:56:24 MEST	4		11			8721438408269	0	DEFAULT	Migrated Template	Inactive		
Vietnam eSIM 20 Go 30 Jours	0328H5YHXSH	VN_20_30	30.18	0	28/03/2026 16:08:00 MET	1		11			B0FRC2NKC4	0	DEFAULT	Migrated Template	Inactive		
Vietnam eSIM 3 Go 15 Jours	0328H5VZW6K	VN_3_15	9.92	0	28/03/2026 16:02:56 MET	1		11			B0FRBR2DHW	0	DEFAULT	Migrated Template	Inactive		
Vietnam eSIM 5 Go 30 Jours	0328H5Z8GH4	VN_5_30	14.53	0	28/03/2026 16:09:51 MET	1		11			B0FRCBXRGV	0	DEFAULT	Migrated Template	Inactive		
Zambie eSIM 3 Go 15 Jours	0701HYFUJC1	ZAMBIA-3GB-15D	16.99	0	01/07/2026 16:03:55 MEST	4		11			8721438408344	0	DEFAULT	Migrated Template	Inactive		
Zambie eSIM 5 Go 30 Jours	0701HYG4CMC	ZAMBIA-5GB-30D	27.99	0	01/07/2026 16:08:00 MEST	4		11			8721438408351	0	DEFAULT	Migrated Template	Inactive		
Carte SIM 10 Go 30 jours d'Afrique du Sud | eSIM de voyage prépayée | SIM numérique Pay As You Go | Installation facile | SIM de données pour les touristes et les entreprises | Vitesses 3G/4G	0325HRVBL9S	ZA_10_30	31.38	0	25/03/2026 09:04:01 MET	1		11			B0FRB4RSW2	0	DEFAULT	Migrated Template	Inactive		
Afrique du Sud eSIM 5 Go 30 Jours	0325HRZDLRI	ZA_5_30	17.99	0	25/03/2026 09:26:35 MET	1		11			B0FRB3R6F3	0	DEFAULT	Migrated Template	Inactive		
Zambie eSIM 3 Go 15 Jours	0328H65RSWE	ZM_3_15	24.4	0	28/03/2026 17:14:58 MET	1		11			B0FRC2NSM2	0	DEFAULT	Migrated Template	Inactive		
Zambie eSIM 5 Go 30 Jours	0328H68AC54	ZM_5_30	34.22	0	28/03/2026 17:16:53 MET	1		11			B0FRCL97L4	0	DEFAULT	Migrated Template	Inactive		
Iles Aaland eSIM 3 Go 15 Jours	0630HUU0UM8	AALAND-ISLANDS-ESIM		0	30/06/2026 22:35:33 MEST	1		11			B0H739DK29	0	DEFAULT	Migrated Template	Incomplete		
Africa eSIM 5 Go 30 Jours	0630HUTW45N	AFRICA-ESIM		0	30/06/2026 22:45:48 MEST	1		11			B0H73CDYV3	0	DEFAULT	Migrated Template	Incomplete		
Albanie eSIM 5 Go 30 Jours	0630HUYNYTS	ALBANIA-ESIM		0	30/06/2026 22:49:18 MEST	1		11			B0H73Q2ZJC	0	DEFAULT	Migrated Template	Incomplete		
Algérie eSIM 5 Go 30 Jours	0630HTFP7FD	ALGERIA-ESIM		0	30/06/2026 13:22:24 MEST	1		11			B0H71WQ56B	0	DEFAULT	Migrated Template	Incomplete		
Andorre eSIM 3 Go 15 Jours	0630HTRITWA	ANDORRA-ESIM		0	30/06/2026 13:34:06 MEST	1		11			B0H721ZDS1	0	DEFAULT	Migrated Template	Incomplete		
Angola eSIM 3 Go 15 Jours	0630HTP2OXF	ANGOLA-ESIM		0	30/06/2026 13:45:18 MEST	1		11			B0H71PPC7C	0	DEFAULT	Migrated Template	Incomplete		
Anguilla eSIM 20 Go 30 Jours	0630HTIU44Z	ANGUILLA-ESIM		0	30/06/2026 14:01:52 MEST	1		11			B0H71WYJW5	0	DEFAULT	Migrated Template	Incomplete		
Antigua-et-Barbuda eSIM 3 Go 15 Jours	0630HTR144R	ANTIGUA-AND-BARBUDA-ESIM		0	30/06/2026 14:12:36 MEST	1		11			B0H71RHSTD	0	DEFAULT	Migrated Template	Incomplete		
Argentine eSIM 20 Go 30 Jours	0630HUVGA04	ARGENTINA-ESIM		0	30/06/2026 22:53:10 MEST	1		11			B0H72VZKMP	0	DEFAULT	Migrated Template	Incomplete		
Armenia eSIM 3 Go 15 Jours	0630HUVW9BX	ARMENIA-ESIM		0	30/06/2026 23:00:08 MEST	1		11			B0H73FV9YZ	0	DEFAULT	Migrated Template	Incomplete		
Asia-20 eSIM 3 Go 15 Jours	0630HV2EJ51	ASIA-20-ESIM		0	30/06/2026 23:06:46 MEST	1		11			B0H738HK8S	0	DEFAULT	Migrated Template	Incomplete		
Autriche eSIM 20 Go 30 Jours	0630HV25Q9U	AUSTRIA-ESIM		0	30/06/2026 23:26:06 MEST	1		11			B0H72WVWPF	0	DEFAULT	Migrated Template	Incomplete		
Azerbaïdjan eSIM 3 Go 15 Jours	0630HUZY7M7	AZERBAIJAN-ESIM		0	30/06/2026 23:35:52 MEST	1		11			B0H73KK565	0	DEFAULT	Migrated Template	Incomplete		
Bahamas eSIM 3 Go 15 Jours	0630HTKL8R8	BAHAMAS-ESIM		0	30/06/2026 14:40:55 MEST	1		11			B0H71YS447	0	DEFAULT	Migrated Template	Incomplete		
Bahreïn eSIM 3 Go 15 Jours	0630HV4YIQS	BAHRAIN-ESIM		0	30/06/2026 23:39:45 MEST	1		11			B0H73CSZFB	0	DEFAULT	Migrated Template	Incomplete		
Bangladesh eSIM 3 Go 15 Jours	0630HV53HDH	BANGLADESH-ESIM		0	30/06/2026 23:43:37 MEST	1		11			B0H73JL4P2	0	DEFAULT	Migrated Template	Incomplete		
Barbade eSIM 5 Go 30 Jours	0630HTU8ZQZ	BARBADOS-ESIM		0	30/06/2026 14:51:22 MEST	1		11			B0H729LPDZ	0	DEFAULT	Migrated Template	Incomplete		
Biélorussie eSIM 3 Go 15 Jours	0630HUZG4VG	BELARUS-ESIM		0	30/06/2026 23:53:22 MEST	1		11			B0H73FHDGZ	0	DEFAULT	Migrated Template	Incomplete		
Belgique eSIM 5 Go 30 Jours	0630HVBQRTU	BELGIUM-ESIM		0	30/06/2026 23:59:39 MEST	1		11			B0H73CPKZX	0	DEFAULT	Migrated Template	Incomplete		
Belize eSIM 20 Go 30 Jours	0630HTMZFO4	BELIZE-ESIM		0	30/06/2026 15:01:38 MEST	1		11			B0H729L5Z3	0	DEFAULT	Migrated Template	Incomplete		
Bénin eSIM 20 Go 30 Jours	0630HTXCH2N	BENIN-ESIM		0	30/06/2026 15:11:55 MEST	1		11			B0H72HTMT6	0	DEFAULT	Migrated Template	Incomplete		
Bermuda eSIM 5 Go 30 Jours	0630HTT2MLT	BERMUDA-ESIM		0	30/06/2026 15:21:36 MEST	1		11			B0H72B4V6K	0	DEFAULT	Migrated Template	Incomplete		
Bhoutan eSIM 20 Go 30 Jours	0630HTWFSHE	BHUTAN-ESIM		0	30/06/2026 15:32:33 MEST	1		11			B0H728CFJY	0	DEFAULT	Migrated Template	Incomplete		
Bolivie eSIM 20 Go 30 Jours	0630HV4ZX7P	BOLIVIA-ESIM		0	01/07/2026 00:11:05 MEST	1		11			B0H73HQ5LY	0	DEFAULT	Migrated Template	Incomplete		
Bosnie-Herzégovine eSIM 3 Go 15 Jours	0630HV64LA7	BOSNIA-AND-HERZEGOVINA-ESIM		0	01/07/2026 00:17:33 MEST	1		11			B0H72VPJJL	0	DEFAULT	Migrated Template	Incomplete		
Botswana eSIM 3 Go 15 Jours	0630HV645QN	BOTSWANA-ESIM		0	01/07/2026 00:21:04 MEST	1		11			B0H73HM216	0	DEFAULT	Migrated Template	Incomplete		
Brésil eSIM 3 Go 15 Jours	0630HV8GIUX	BRAZIL-ESIM		0	01/07/2026 00:24:34 MEST	1		11			B0H73W1QS3	0	DEFAULT	Migrated Template	Incomplete		
Brunei Darussalam eSIM 3 Go 15 Jours	0630HV5B3D6	BRUNEI-DARUSSALAM-ESIM		0	01/07/2026 00:30:52 MEST	1		11			B0H73LV518	0	DEFAULT	Migrated Template	Incomplete		
Bulgarie eSIM 3 Go 15 Jours	0630HTIC47Z	BULGARIA-ESIM		0	30/06/2026 13:10:10 MEST	1		11			B0H71STGYV	0	DEFAULT	Migrated Template	Incomplete		
Burkina Faso eSIM 5 Go 30 Jours	0630HUX3NZL	BURKINA-FASO-ESIM		0	01/07/2026 00:36:38 MEST	1		11			B0H72WTZVM	0	DEFAULT	Migrated Template	Incomplete		
Cambodge eSIM 3 Go 15 Jours	0630HUXJD8X	CAMBODIA-ESIM		0	01/07/2026 01:19:36 MEST	1		11			B0H72X7LYY	0	DEFAULT	Migrated Template	Incomplete		
Cameroun eSIM 3 Go 15 Jours	0630HV3H4SZ	CAMEROON-ESIM		0	01/07/2026 00:43:14 MEST	1		11			B0H72VZMVF	0	DEFAULT	Migrated Template	Incomplete		
Canada eSIM 3 Go 15 Jours Premium	0630HURPZ5H	CANADA-PREMIUM-ESIM		0	30/06/2026 22:26:09 MEST	1		11			B0H732PTR1	0	DEFAULT	Migrated Template	Incomplete		
Cap-Vert eSIM 5 Go 30 Jours	0630HTYZRSF	CAPE-VERDE-ESIM		0	30/06/2026 15:43:22 MEST	1		11			B0H725WZDC	0	DEFAULT	Migrated Template	Incomplete		
Iles Caïmans eSIM 5 Go 30 Jours	0630HTSVYAY	CAYMAN-ISLANDS-ESIM		0	30/06/2026 15:54:20 MEST	1		11			B0H732QTJP	0	DEFAULT	Migrated Template	Incomplete		
République Centrafricaine eSIM 5 Go 30 Jours	0630HV3BJBE	CENTRAL-AFRICAN-REPUBLIC-ESIM		0	01/07/2026 00:46:54 MEST	1		11			B0H737P819	0	DEFAULT	Migrated Template	Incomplete		
Tchad eSIM 3 Go 15 Jours	0630HV35E98	CHAD-ESIM		0	01/07/2026 00:53:31 MEST	1		11			B0H72VVWFY	0	DEFAULT	Migrated Template	Incomplete		
Chili eSIM 3 Go 15 Jours	0630HV0NIHJ	CHILE-ESIM		0	01/07/2026 01:00:08 MEST	1		11			B0H73BXV3X	0	DEFAULT	Migrated Template	Incomplete		
China eSIM 3 Go 15 Jours	0630HV6TXCS	CHINA-ESIM		0	01/07/2026 01:04:11 MEST	1		11			B0H73BP159	0	DEFAULT	Migrated Template	Incomplete		
Colombie eSIM 3 Go 15 Jours	0630HV6LTDY	COLOMBIA-ESIM		0	01/07/2026 01:15:35 MEST	1		11			B0H73CZCVX	0	DEFAULT	Migrated Template	Incomplete		
Costa Rica eSIM 3 Go 15 Jours	0630HV391GE	COSTA-RICA-ESIM		0	01/07/2026 01:26:34 MEST	1		11			B0H73KLSP3	0	DEFAULT	Migrated Template	Incomplete		
Cote D'Ivoire eSIM 3 Go 15 Jours	0630HUXKS2B	COTE-D-IVOIRE-ESIM		0	01/07/2026 01:29:54 MEST	1		11			B0H73M92RN	0	DEFAULT	Migrated Template	Incomplete		
Croatie eSIM 3 Go 15 Jours	0630HVBSE7Q	CROATIA-ESIM		0	01/07/2026 01:37:34 MEST	1		11			B0H73B19Z8	0	DEFAULT	Migrated Template	Incomplete		
Curaçao eSIM 3 Go 15 Jours	0630HTYKLOD	CURACAO-ESIM		0	30/06/2026 16:04:16 MEST	1		11			B0H72CNCWH	0	DEFAULT	Migrated Template	Incomplete		
Chypre eSIM 3 Go 15 Jours	0630HV5MOH5	CYPRUS-ESIM		0	01/07/2026 01:46:47 MEST	1		11			B0H72X461F	0	DEFAULT	Migrated Template	Incomplete		
République tchèque eSIM 3 Go 15 Jours	0630HV6OZJV	CZECH-REPUBLIC-ESIM		0	01/07/2026 01:53:23 MEST	1		11			B0H73Q4CJG	0	DEFAULT	Migrated Template	Incomplete		
République démocratique du Congo eSIM 5 Go 30 Jours	0630HU2N1D9	DEMOCRATIC-REPUBLIC-OF-THE-CONGO-ESIM		0	30/06/2026 16:14:43 MEST	1		11			B0H72FG9SX	0	DEFAULT	Migrated Template	Incomplete		
Danemark eSIM 3 Go 15 Jours	0701HUXTNHO	DENMARK-ESIM		0	01/07/2026 02:02:58 MEST	1		11			B0H72W1BFZ	0	DEFAULT	Migrated Template	Incomplete		
Dominique eSIM 5 Go 30 Jours	0630HU0QYVT	DOMINICA-ESIM		0	30/06/2026 16:25:26 MEST	1		11			B0H727CMKN	0	DEFAULT	Migrated Template	Incomplete		
République Dominicaine eSIM 3 Go 15 Jours	0701HV41FYD	DOMINICAN-REPUBLIC-ESIM		0	01/07/2026 02:13:03 MEST	1		11			B0H72WST8N	0	DEFAULT	Migrated Template	Incomplete		
République démocratique du Congo eSIM 20 Go 30 Jours	0630HU0D7QE	DR-CONGO-ESIM		0	30/06/2026 16:21:44 MEST	1		11			B0H72D5XLY	0	DEFAULT	Migrated Template	Incomplete		
Ecuador eSIM 3 Go 15 Jours	0701HVAAZ1Z	ECUADOR-ESIM		0	01/07/2026 02:22:05 MEST	1		11			B0H73J44KT	0	DEFAULT	Migrated Template	Incomplete		
Egypte eSIM 5 Go 30 Jours	0701HV9UPN3	EGYPT-ESIM		0	01/07/2026 02:25:46 MEST	1		11			B0H735W6BJ	0	DEFAULT	Migrated Template	Incomplete		
El Salvador eSIM 3 Go 15 Jours	0701HVBM52P	EL-SALVADOR-ESIM		0	01/07/2026 02:35:45 MEST	1		11			B0H73D3VJ3	0	DEFAULT	Migrated Template	Incomplete		
Estonie eSIM 3 Go 15 Jours	0701HV8I5RM	ESTONIA-ESIM		0	01/07/2026 02:39:26 MEST	1		11			B0H73HBFGK	0	DEFAULT	Migrated Template	Incomplete		
Europe (Plus de 40 Zones) eSIM 5 Go 30 Jours	0701HVAGGNX	EUROPE-40-AREAS-ESIM		0	01/07/2026 02:47:59 MEST	1		11			B0H739Y5SR	0	DEFAULT	Migrated Template	Incomplete		
Iles Féroé eSIM 3 Go 15 Jours	0630HU28X71	FAROE-ISLANDS-ESIM		0	30/06/2026 16:35:22 MEST	1		11			B0H727BHK4	0	DEFAULT	Migrated Template	Incomplete		
Fiji eSIM 3 Go 15 Jours	0630HUD1QZI	FIJI-ESIM		0	30/06/2026 16:44:59 MEST	1		11			B0H72BSNV2	0	DEFAULT	Migrated Template	Incomplete		
Finlande eSIM 3 Go 15 Jours	0701HV993U4	FINLAND-ESIM		0	01/07/2026 02:54:38 MEST	1		11			B0H73K86BG	0	DEFAULT	Migrated Template	Incomplete		
France eSIM 3 Go 15 Jours	0701HVETN47	FRANCE-ESIM		0	01/07/2026 03:01:36 MEST	1		11			B0H73DDNM5	0	DEFAULT	Migrated Template	Incomplete		
Guyane française eSIM 5 Go 30 Jours	0630HU2NT7F	FRENCH-GUIANA-ESIM		0	30/06/2026 16:54:03 MEST	1		11			B0H72DMB42	0	DEFAULT	Migrated Template	Incomplete		
Polynésie française eSIM 20 Go 30 Jours	0630HU9WSPB	FRENCH-POLYNESIA-ESIM		0	30/06/2026 17:03:40 MEST	1		11			B0H72CB8NN	0	DEFAULT	Migrated Template	Incomplete		
Gabon eSIM 3 Go 15 Jours	0701HVERQ6B	GABON-ESIM		0	01/07/2026 03:13:00 MEST	1		11			B0H73F4L7C	0	DEFAULT	Migrated Template	Incomplete		
Gambie eSIM 3 Go 15 Jours	0701HYDURE3	GAMBIA-ESIM		0	01/07/2026 16:11:47 MEST	1		11			B0H763R154	0	DEFAULT	Migrated Template	Incomplete		
Georgia eSIM 3 Go 15 Jours	0701HVA9L4T	GEORGIA-ESIM		0	01/07/2026 03:16:31 MEST	1		11			B0H73B568P	0	DEFAULT	Migrated Template	Incomplete		
Allemagne eSIM 3 Go 15 Jours	0701HVFIM9K	GERMANY-ESIM		0	01/07/2026 03:23:29 MEST	1		11			B0H73D2C15	0	DEFAULT	Migrated Template	Incomplete		
Ghana eSIM 5 Go 30 Jours	0630HU9OCSU	GHANA-ESIM		0	30/06/2026 17:13:35 MEST	1		11			B0H72MH298	0	DEFAULT	Migrated Template	Incomplete		
Gibraltar eSIM 3 Go 15 Jours	0701HVD1TGK	GIBRALTAR-ESIM		0	01/07/2026 03:34:52 MEST	1		11			B0H72WDZC9	0	DEFAULT	Migrated Template	Incomplete		
Global139 eSIM 5 Go 30 Jours	0701HV4PPMH	GLOBAL139-ESIM		0	01/07/2026 03:38:23 MEST	1		11			B0H73Q87DN	0	DEFAULT	Migrated Template	Incomplete		
Grèce eSIM 3 Go 15 Jours	0701HVGEX6H	GREECE-ESIM		0	01/07/2026 03:42:26 MEST	1		11			B0H737458S	0	DEFAULT	Migrated Template	Incomplete		
Greenland eSIM 5 Go 30 Jours	0630HU7FBL3	GREENLAND-ESIM		0	30/06/2026 17:23:20 MEST	1		11			B0H728MQDT	0	DEFAULT	Migrated Template	Incomplete		
Grenade eSIM 3 Go 15 Jours	0630HUATI4D	GRENADA-ESIM		0	30/06/2026 17:33:26 MEST	1		11			B0H72HG7TC	0	DEFAULT	Migrated Template	Incomplete		
Guadeloupe eSIM 3 Go 15 Jours	0701HVDXA5H	GUADELOUPE-ESIM		0	01/07/2026 03:54:02 MEST	1		11			B0H73W47SW	0	DEFAULT	Migrated Template	Incomplete		
Guam eSIM 3 Go 15 Jours	0701HVE1L36	GUAM-ESIM		0	01/07/2026 04:00:50 MEST	1		11			B0H73QXXYF	0	DEFAULT	Migrated Template	Incomplete		
Guatemala eSIM 3 Go 15 Jours	0701HVFPMRZ	GUATEMALA-ESIM		0	01/07/2026 04:11:06 MEST	1		11			B0H73Y4CG9	0	DEFAULT	Migrated Template	Incomplete		
Guernesey eSIM 3 Go 15 Jours	0701HVIBDI9	GUERNSEY-ESIM		0	01/07/2026 04:15:18 MEST	1		11			B0H73YHWYG	0	DEFAULT	Migrated Template	Incomplete		
Guinée-Bissau eSIM 3 Go 15 Jours	0630HU8147Z	GUINEA-BISSAU-ESIM		0	30/06/2026 17:52:44 MEST	1		11			B0H728KQL5	0	DEFAULT	Migrated Template	Incomplete		
Guinée eSIM 20 Go 30 Jours	0630HUD66OF	GUINEA-ESIM		0	30/06/2026 17:43:32 MEST	1		11			B0H72GDN2X	0	DEFAULT	Migrated Template	Incomplete		
Guyana eSIM 20 Go 30 Jours	0630HU86Z94	GUYANA-ESIM		0	30/06/2026 18:02:37 MEST	1		11			B0H72Y92PQ	0	DEFAULT	Migrated Template	Incomplete		
Haïti eSIM 20 Go 30 Jours	0630HUG1XMY	HAITI-ESIM		0	30/06/2026 18:12:22 MEST	1		11			B0H727VDJC	0	DEFAULT	Migrated Template	Incomplete		
Hajjj Package Luxury eSIM | Données de Voyage en Arabie Saoudite | Guide de Voyage Inclus | Vitesses 3G/4G/5G	0630HTBP6D6	HAJJ-LUXURY-ESIM		0	30/06/2026 13:08:05 MEST	1		11			B0H71Y6CVM	0	DEFAULT	Migrated Template	Incomplete		
Honduras eSIM 3 Go 15 Jours	0701HVIZ0D7	HONDURAS-ESIM		0	01/07/2026 04:25:28 MEST	1		11			B0H73MLTJ6	0	DEFAULT	Migrated Template	Incomplete		
Hong Kong eSIM 3 Go 15 Jours	0701HVK7PXP	HONG-KONG-ESIM		0	01/07/2026 04:29:31 MEST	1		11			B0H73N18CH	0	DEFAULT	Migrated Template	Incomplete		
Hongrie eSIM 3 Go 15 Jours	0701HVKYT6X	HUNGARY-ESIM		0	01/07/2026 04:39:51 MEST	1		11			B0H73Y4Y6Q	0	DEFAULT	Migrated Template	Incomplete		
Islande eSIM 3 Go 15 Jours	0701HVNH7PT	ICELAND-ESIM		0	01/07/2026 04:50:15 MEST	1		11			B0H73XR357	0	DEFAULT	Migrated Template	Incomplete		
India eSIM 3 Go 15 Jours	0701HVX6M4M	INDIA-ESIM		0	01/07/2026 05:00:30 MEST	1		11			B0H7434J3R	0	DEFAULT	Migrated Template	Incomplete		
Indonésie eSIM 3 Go 15 Jours	0701HVRNKXA	INDONESIA-ESIM		0	01/07/2026 05:12:09 MEST	1		11			B0H73V2HMX	0	DEFAULT	Migrated Template	Incomplete		
Irak eSIM 5 Go 30 Jours	0630HUDNDPV	IRAQ-ESIM		0	30/06/2026 18:22:18 MEST	1		11			B0H72L69MS	0	DEFAULT	Migrated Template	Incomplete		
Ireland eSIM 3GB 15Days	0701HVOMF1V	IRELAND-ESIM		0	01/07/2026 05:23:47 MEST	1		11			B0H73Z4GXF	0	DEFAULT	Migrated Template	Incomplete		
Ile de Man eSIM 3 Go 15 Jours	0701HVXHNBA	ISLE-OF-MAN-ESIM		0	01/07/2026 05:35:26 MEST	1		11			B0H73VKND8	0	DEFAULT	Migrated Template	Incomplete		
Israël eSIM 3 Go 15 Jours	0701HVYN641	ISRAEL-ESIM		0	01/07/2026 05:46:13 MEST	1		11			B0H73X2KLW	0	DEFAULT	Migrated Template	Incomplete		
Italie eSIM 3 Go 15 Jours	0701HVV67OX	ITALY-ESIM		0	01/07/2026 05:56:50 MEST	1		11			B0H744TFLW	0	DEFAULT	Migrated Template	Incomplete		
Jamaica eSIM 20 Go 30 Jours	0630HUJ1C9G	JAMAICA-ESIM		0	30/06/2026 18:31:52 MEST	1		11			B0H72MMZJH	0	DEFAULT	Migrated Template	Incomplete		
Japon eSIM 3 Go 15 Jours	0701HVSQK5H	JAPAN-ESIM		0	01/07/2026 06:08:30 MEST	1		11			B0H73ZF559	0	DEFAULT	Migrated Template	Incomplete		
Jersey eSIM 3 Go 15 Jours	0701HVZ41PP	JERSEY-ESIM		0	01/07/2026 06:19:56 MEST	1		11			B0H74GFYR8	0	DEFAULT	Migrated Template	Incomplete		
Jordan eSIM 3 Go 15 Jours	0701HW45Z5B	JORDAN-ESIM		0	01/07/2026 06:30:34 MEST	1		11			B0H74BG12K	0	DEFAULT	Migrated Template	Incomplete		
Kazakhstan eSIM 3 Go 15 Jours	0701HVZCNIQ	KAZAKHSTAN-ESIM		0	01/07/2026 06:40:50 MEST	1		11			B0H74LFZYM	0	DEFAULT	Migrated Template	Incomplete		
Kenya eSIM 5 Go 30 Jours	0701HVQB5JB	KENYA-ESIM		0	01/07/2026 06:51:05 MEST	1		11			B0H747MS45	0	DEFAULT	Migrated Template	Incomplete		
Koweït eSIM 3 Go 15 Jours	0701HW2ABTA	KUWAIT-ESIM		0	01/07/2026 06:58:51 MEST	1		11			B0H74HVQNJ	0	DEFAULT	Migrated Template	Incomplete		
Kirghizistan eSIM 3 Go 15 Jours	0701HVQO3HF	KYRGYZSTAN-ESIM		0	01/07/2026 07:08:55 MEST	1		11			B0H74KPMKW	0	DEFAULT	Migrated Template	Incomplete		
Laos eSIM 3 Go 15 Jours	0630HUDM4QZ	LAOS-ESIM		0	30/06/2026 18:41:04 MEST	1		11			B0H72MFCGS	0	DEFAULT	Migrated Template	Incomplete		
Lettonie eSIM 3 Go 15 Jours	0701HW9QUP7	LATVIA-ESIM		0	01/07/2026 07:15:56 MEST	1		11			B0H748Q1HN	0	DEFAULT	Migrated Template	Incomplete		
Liberia eSIM 3 Go 15 Jours	0701HVWL1JL	LIBERIA-ESIM		0	01/07/2026 07:25:40 MEST	1		11			B0H74JJJ5N	0	DEFAULT	Migrated Template	Incomplete		
Libye eSIM 3 Go 15 Jours	0630HUJHHRU	LIBYA-ESIM		0	30/06/2026 18:50:19 MEST	1		11			B0H72K6TKN	0	DEFAULT	Migrated Template	Incomplete		
Liechtenstein eSIM 3 Go 15 Jours	0701HW8FPKV	LIECHTENSTEIN-ESIM		0	01/07/2026 07:31:59 MEST	1		11			B0H74LJ5ZM	0	DEFAULT	Migrated Template	Incomplete		
Lituanie eSIM 3 Go 15 Jours	0701HW41UG8	LITHUANIA-ESIM		0	01/07/2026 07:36:10 MEST	1		11			B0H74DH65D	0	DEFAULT	Migrated Template	Incomplete		
Luxembourg eSIM 3 Go 15 Jours	0701HW7K944	LUXEMBOURG-ESIM		0	01/07/2026 07:47:08 MEST	1		11			B0H74BZJXY	0	DEFAULT	Migrated Template	Incomplete		
Macao eSIM 3 Go 15 Jours	0701HW32ACR	MACAO-ESIM		0	01/07/2026 07:57:04 MEST	1		11			B0H74LBXC5	0	DEFAULT	Migrated Template	Incomplete		
Madagascar eSIM 3 Go 15 Jours	0701HW6A0TC	MADAGASCAR-ESIM		0	01/07/2026 08:06:38 MEST	1		11			B0H74WGJ8H	0	DEFAULT	Migrated Template	Incomplete		
Malawi eSIM 3 Go 15 Jours	0701HW9T3J5	MALAWI-ESIM		0	01/07/2026 08:10:20 MEST	1		11			B0H74H6C1C	0	DEFAULT	Migrated Template	Incomplete		
Malaisie eSIM 3 Go 15 Jours	0701HWCAHUJ	MALAYSIA-ESIM		0	01/07/2026 08:17:19 MEST	1		11			B0H74L2JJC	0	DEFAULT	Migrated Template	Incomplete		
Maldives eSIM 20 Go 30 Jours	0630HUGXAI0	MALDIVES-ESIM		0	30/06/2026 18:59:42 MEST	1		11			B0H72P5BCB	0	DEFAULT	Migrated Template	Incomplete		
Mali eSIM 3 Go 15 Jours	0701HWDLQGC	MALI-ESIM		0	01/07/2026 08:28:46 MEST	1		11			B0H74MP71J	0	DEFAULT	Migrated Template	Incomplete		
Malte eSIM 3 Go 15 Jours	0701HWAVXUI	MALTA-ESIM		0	01/07/2026 08:32:47 MEST	1		11			B0H74NDLJT	0	DEFAULT	Migrated Template	Incomplete		
Martinique eSIM 3 Go 15 Jours	0630HUEZ5PC	MARTINIQUE-ESIM		0	30/06/2026 19:09:16 MEST	1		11			B0H72PRYLT	0	DEFAULT	Migrated Template	Incomplete		
Mauritius eSIM 3 Go 15 Jours	0701HYFSB7C	MAURITIUS-ESIM		0	01/07/2026 16:19:43 MEST	1		11			B0H766KSVN	0	DEFAULT	Migrated Template	Incomplete		
Mayotte eSIM 3 Go 15 Jours	0630HUMY3I8	MAYOTTE-ESIM		0	30/06/2026 19:18:41 MEST	1		11			B0H72KZCMK	0	DEFAULT	Migrated Template	Incomplete		
Mexique eSIM 3 Go 15 Jours	0701HWEGIJX	MEXICO-ESIM		0	01/07/2026 08:43:35 MEST	1		11			B0H74T4YXR	0	DEFAULT	Migrated Template	Incomplete		
Moyen-Orient eSIM 5 Go 30 Jours	0701HWJRIR6	MIDDLE-EAST-ESIM		0	01/07/2026 08:54:32 MEST	1		11			B0H74W8V14	0	DEFAULT	Migrated Template	Incomplete		
Moldova eSIM 3 Go 15 Jours	0701HWM1IZO	MOLDOVA-ESIM		0	01/07/2026 08:58:13 MEST	1		11			B0H74WG6YS	0	DEFAULT	Migrated Template	Incomplete		
Monaco eSIM 3 Go 15 Jours	0701HWEZABF	MONACO-ESIM		0	01/07/2026 09:02:05 MEST	1		11			B0H74S6V99	0	DEFAULT	Migrated Template	Incomplete		
Mongolie eSIM 3 Go 15 Jours	0701HWJR3L7	MONGOLIA-ESIM		0	01/07/2026 09:09:34 MEST	1		11			B0H74V7VVQ	0	DEFAULT	Migrated Template	Incomplete		
Montserrat eSIM 3 Go 15 Jours	0630HUKNE12	MONTSERRAT-ESIM		0	30/06/2026 19:28:46 MEST	1		11			B0H72HSSRS	0	DEFAULT	Migrated Template	Incomplete		
Maroc eSIM 5 Go 30 Jours	0701HWPMGXC	MOROCCO-ESIM		0	01/07/2026 09:17:17 MEST	1		11			B0H74L5RD8	0	DEFAULT	Migrated Template	Incomplete		
Mozambique eSIM 3 Go 15 Jours	0701HWN0KFF	MOZAMBIQUE-ESIM		0	01/07/2026 09:28:54 MEST	1		11			B0H74HSN2H	0	DEFAULT	Migrated Template	Incomplete		
Népal eSIM 3 Go 15 Jours	0701HWVOQPY	NEPAL-ESIM		0	01/07/2026 09:36:35 MEST	1		11			B0H74T2ZCP	0	DEFAULT	Migrated Template	Incomplete		
Pays-Bas eSIM 3 Go 15 Jours	0701HWVYDOS	NETHERLANDS-ESIM		0	01/07/2026 09:40:37 MEST	1		11			B0H7556JQ3	0	DEFAULT	Migrated Template	Incomplete		
Nouvelle-Zélande eSIM 3 Go 15 Jours	0701HWNULHI	NEW-ZEALAND-ESIM		0	01/07/2026 09:52:01 MEST	1		11			B0H74YPCCY	0	DEFAULT	Migrated Template	Incomplete		
Nicaragua eSIM 3 Go 15 Jours	0701HWO48V8	NICARAGUA-ESIM		0	01/07/2026 10:02:07 MEST	1		11			B0H74XDCR6	0	DEFAULT	Migrated Template	Incomplete		
Niger eSIM 3 Go 15 Jours	0701HWHPJ44	NIGER-ESIM		0	01/07/2026 10:06:10 MEST	1		11			B0H74RC4LP	0	DEFAULT	Migrated Template	Incomplete		
Nigeria eSIM 3 Go 15 Jours	0701HWI2G6C	NIGERIA-ESIM		0	01/07/2026 10:10:23 MEST	1		11			B0H74XS5KD	0	DEFAULT	Migrated Template	Incomplete		
Amérique du Nord eSIM 5 Go 30 Jours	0701HWKUW5C	NORTH-AMERICA-ESIM		0	01/07/2026 10:14:38 MEST	1		11			B0H74W62GS	0	DEFAULT	Migrated Template	Incomplete		
Macédoine du Nord eSIM 3 Go 15 Jours	0701HWTRAZC	NORTH-MACEDONIA-ESIM		0	01/07/2026 10:18:52 MEST	1		11			B0H74VRRNW	0	DEFAULT	Migrated Template	Incomplete		
Norvège eSIM 3 Go 15 Jours	0701HWLHNLS	NORWAY-ESIM		0	01/07/2026 10:26:46 MEST	1		11			B0H753576J	0	DEFAULT	Migrated Template	Incomplete		
Oman eSIM 3 Go 15 Jours	0701HWXQAJN	OMAN-ESIM		0	01/07/2026 10:38:18 MEST	1		11			B0H74YSCCJ	0	DEFAULT	Migrated Template	Incomplete		
Pakistan eSIM 3 Go 15 Jours	0701HWVRAXE	PAKISTAN-ESIM		0	01/07/2026 10:46:15 MEST	1		11			B0H752NKN3	0	DEFAULT	Migrated Template	Incomplete		
Panama eSIM 3 Go 15 Jours	0701HWY8APH	PANAMA-ESIM		0	01/07/2026 10:57:47 MEST	1		11			B0H753VTNV	0	DEFAULT	Migrated Template	Incomplete		
Paraguay eSIM 3 Go 15 Jours	0701HX3BEJ5	PARAGUAY-ESIM		0	01/07/2026 11:02:02 MEST	1		11			B0H753RP33	0	DEFAULT	Migrated Template	Incomplete		
Pérou eSIM 3 Go 15 Jours	0630HTC6G6D	PERU-ESIM		0	30/06/2026 13:14:42 MEST	1		11			B0H71YKYGJ	0	DEFAULT	Migrated Template	Incomplete		
Philippines eSIM 3 Go 15 Jours	0701HX1TQS6	PHILIPPINES-ESIM		0	01/07/2026 11:06:19 MEST	1		11			B0H757DZQ1	0	DEFAULT	Migrated Template	Incomplete		
Pologne eSIM 3 Go 15 Jours	0701HX1JZUI	POLAND-ESIM		0	01/07/2026 11:17:56 MEST	1		11			B0H758VCYG	0	DEFAULT	Migrated Template	Incomplete		
Portugal eSIM 3 Go 15 Jours	0701HX6X51Y	PORTUGAL-ESIM		0	01/07/2026 11:29:33 MEST	1		11			B0H7566YF3	0	DEFAULT	Migrated Template	Incomplete		
Puerto Rico eSIM 3 Go 15 Jours	0701HX88DE0	PUERTO-RICO-ESIM		0	01/07/2026 11:41:08 MEST	1		11			B0H75DYGXF	0	DEFAULT	Migrated Template	Incomplete		
Qatar eSIM 5 Go 30 Jours	0701HXBLETJ	QATAR-ESIM		0	01/07/2026 11:49:06 MEST	1		11			B0H75J3Y7N	0	DEFAULT	Migrated Template	Incomplete		
République du Congo eSIM 20 Go 30 Jours	0630HUF608X	REPUBLIC-OF-THE-CONGO-ESIM		0	30/06/2026 19:38:43 MEST	1		11			B0H72Q2WNC	0	DEFAULT	Migrated Template	Incomplete		
Reunion eSIM 3 Go 15 Jours	0701HXHPZ5W	REUNION-ESIM		0	01/07/2026 12:00:41 MEST	1		11			B0H75FXNWR	0	DEFAULT	Migrated Template	Incomplete		
Roumanie eSIM 3 Go 15 Jours	0630HUC3KHE	ROMANIA-ESIM		0	30/06/2026 19:48:29 MEST	1		11			B0H72LLK5C	0	DEFAULT	Migrated Template	Incomplete		
Russie eSIM 5 Go 30 Jours	0630HUIC959	RUSSIA-ESIM		0	30/06/2026 19:58:05 MEST	1		11			B0H72YBFTR	0	DEFAULT	Migrated Template	Incomplete		
Rwanda eSIM 3 Go 15 Jours	0630HUC9IAD	RWANDA-ESIM		0	30/06/2026 20:07:41 MEST	1		11			B0H73824LG	0	DEFAULT	Migrated Template	Incomplete		
Saint Barthélemy eSIM 3 Go 15 Jours	0630HUMWHZ4	SAINT-BARTHELEMY-ESIM		0	30/06/2026 20:17:38 MEST	1		11			B0H735DTGF	0	DEFAULT	Migrated Template	Incomplete		
Saint-Kitts-et-Nevis eSIM 3GB 15Days	0630HUKTX8G	SAINT-KITTS-AND-NEVIS-ESIM		0	30/06/2026 20:27:14 MEST	1		11			B0H735BZJ5	0	DEFAULT	Migrated Template	Incomplete		
Sainte-Lucie eSIM 3 Go 15 Jours	0630HUQUBMB	SAINT-LUCIA-ESIM		0	30/06/2026 20:36:58 MEST	1		11			B0H735HTW5	0	DEFAULT	Migrated Template	Incomplete		
Saint Martin eSIM 3 Go 15 Jours	0630HUQNJHD	SAINT-MARTIN-ESIM		0	30/06/2026 20:46:01 MEST	1		11			B0H73CLHJ4	0	DEFAULT	Migrated Template	Incomplete		
Saint-Vincent-et-Les Grenadines eSIM 3 Go 15 Jours	0630HUOX41A	SAINT-VINCENT-AND-THE-GRENADINES-ESIM		0	30/06/2026 20:55:46 MEST	1		11			B0H73J8948	0	DEFAULT	Migrated Template	Incomplete		
Samoa eSIM 3 Go 15 Jours	0630HUPLESJ	SAMOA-ESIM		0	30/06/2026 21:06:27 MEST	1		11			B0H73TBY66	0	DEFAULT	Migrated Template	Incomplete		
San Marino eSIM 3 Go 15 Jours	0630HUPLXYC	SAN-MARINO-ESIM		0	30/06/2026 21:16:32 MEST	1		11			B0H73KKPHX	0	DEFAULT	Migrated Template	Incomplete		
Arabie Saoudite eSIM 3 Go 15 Jours	0701HXIAFU9	SAUDI-ARABIA-ESIM		0	01/07/2026 12:08:36 MEST	1		11			B0H75HLS6P	0	DEFAULT	Migrated Template	Incomplete		
Sénégal eSIM 3 Go 15 Jours	0701HXIRKP0	SENEGAL-ESIM		0	01/07/2026 12:20:14 MEST	1		11			B0H75KGC6F	0	DEFAULT	Migrated Template	Incomplete		
Serbie eSIM 3 Go 15 Jours	0701HX9F4EE	SERBIA-ESIM		0	01/07/2026 12:28:02 MEST	1		11			B0H75HGBNG	0	DEFAULT	Migrated Template	Incomplete		
Seychelles eSIM 3 Go 15 Jours	0701HXIX2A2	SEYCHELLES-ESIM		0	01/07/2026 12:36:00 MEST	1		11			B0H75R51NZ	0	DEFAULT	Migrated Template	Incomplete		
Sierra Leone eSIM 5 Go 30 Jours	0630HUO2EO1	SIERRA-LEONE-ESIM		0	30/06/2026 21:26:29 MEST	1		11			B0H732P5XL	0	DEFAULT	Migrated Template	Incomplete		
Singapour eSIM 5 Go 30 Jours	0701HXK8XP3	SINGAPORE-ESIM		0	01/07/2026 12:43:57 MEST	1		11			B0H75PBPYY	0	DEFAULT	Migrated Template	Incomplete		
Slovaquie eSIM 3 Go 15 Jours	0701HXJD5LT	SLOVAKIA-ESIM		0	01/07/2026 12:51:53 MEST	1		11			B0H75NGT49	0	DEFAULT	Migrated Template	Incomplete		
Slovénie eSIM 3 Go 15 Jours	0701HXALSJ0	SLOVENIA-ESIM		0	01/07/2026 13:03:02 MEST	1		11			B0H75KSBY7	0	DEFAULT	Migrated Template	Incomplete		
Afrique du Sud eSIM 5 Go 30 Jours	0701HXMKJMW	SOUTH-AFRICA-ESIM		0	01/07/2026 13:14:38 MEST	1		11			B0H75RKSFX	0	DEFAULT	Migrated Template	Incomplete		
Amérique du Sud eSIM 5 Go 30 Jours	0701HXKRKY0	SOUTH-AMERICA-ESIM		0	01/07/2026 13:18:54 MEST	1		11			B0H75Z3NFC	0	DEFAULT	Migrated Template	Incomplete		
Corée du Sud eSIM 5 Go 30 Jours	0701HXLZYVW	SOUTH-KOREA-ESIM		0	01/07/2026 13:23:09 MEST	1		11			B0H75T5KX4	0	DEFAULT	Migrated Template	Incomplete		
Espagne eSIM 3 Go 15 Jours	0701HXU9D4U	SPAIN-ESIM		0	01/07/2026 13:34:47 MEST	1		11			B0H75QP1HZ	0	DEFAULT	Migrated Template	Incomplete		
Sri Lanka eSIM 3 Go 15 Jours	0701HXJZ81Z	SRI-LANKA-ESIM		0	01/07/2026 13:46:27 MEST	1		11			B0H75WZQZG	0	DEFAULT	Migrated Template	Incomplete		
Soudan eSIM 3 Go 15 Jours	0701HXN5N8R	SUDAN-ESIM		0	01/07/2026 13:58:03 MEST	1		11			B0H75VVT64	0	DEFAULT	Migrated Template	Incomplete		
Suriname eSIM 5 Go 30 Jours	0630HUQBY00	SURINAME-ESIM		0	30/06/2026 21:36:15 MEST	1		11			B0H72WNKMP	0	DEFAULT	Migrated Template	Incomplete		
Saint-Vincent-et-Les Grenadines eSIM 20 Go 30 Jours	0630HUMX4II	SVG-ESIM		0	30/06/2026 21:02:25 MEST	1		11			B0H73611L5	0	DEFAULT	Migrated Template	Incomplete		
Suède eSIM 3 Go 15 Jours	0701HXLFQWV	SWEDEN-ESIM		0	01/07/2026 14:05:39 MEST	1		11			B0H75WBHSF	0	DEFAULT	Migrated Template	Incomplete		
Suisse eSIM 3 Go 15 Jours	0701HXXMIQZ	SWITZERLAND-ESIM		0	01/07/2026 14:17:19 MEST	1		11			B0H75TH654	0	DEFAULT	Migrated Template	Incomplete		
Tadjikistan eSIM 3 Go 15 Jours	0630HUNOX4X	TAJIKISTAN-ESIM		0	30/06/2026 21:46:08 MEST	1		11			B0H72X91X3	0	DEFAULT	Migrated Template	Incomplete		
Tanzanie eSIM 3 Go 15 Jours	0701HXXJ6DM	TANZANIA-ESIM		0	01/07/2026 14:29:00 MEST	1		11			B0H762T6HB	0	DEFAULT	Migrated Template	Incomplete		
Thaïlande eSIM 3 Go 15 Jours	0701HXVDAL8	THAILAND-ESIM		0	01/07/2026 14:33:18 MEST	1		11			B0H75ZY49R	0	DEFAULT	Migrated Template	Incomplete		
Trinité-et-Tobago eSIM 20 Go 30 Jours	0630HUSMX30	TRINIDAD-AND-TOBAGO-ESIM		0	30/06/2026 21:56:13 MEST	1		11			B0H73CLJVF	0	DEFAULT	Migrated Template	Incomplete		
Tunisie eSIM 5 Go 30 Jours	0701HY33CPT	TUNISIA-ESIM		0	01/07/2026 14:44:53 MEST	1		11			B0H75S4V78	0	DEFAULT	Migrated Template	Incomplete		
Turquie eSIM 3 Go 15 Jours	0701HXXHQ1X	TURKEY-ESIM		0	01/07/2026 14:49:10 MEST	1		11			B0H75V5RDG	0	DEFAULT	Migrated Template	Incomplete		
Iles Turques et Caïques eSIM 20 Go 30 Jours	0630HUTLDEF	TURKS-AND-CAICOS-ISLANDS-ESIM		0	30/06/2026 22:06:38 MEST	1		11			B0H738SK9D	0	DEFAULT	Migrated Template	Incomplete		
Uganda eSIM 3 Go 15 Jours	0701HXYT8UO	UGANDA-ESIM		0	01/07/2026 15:00:46 MEST	1		11			B0H75ZB4W8	0	DEFAULT	Migrated Template	Incomplete		
Ukraine eSIM 3 Go 15 Jours	0701HY6KSRJ	UKRAINE-ESIM		0	01/07/2026 15:04:40 MEST	1		11			B0H7665W6F	0	DEFAULT	Migrated Template	Incomplete		
Émirats Arabes Unis eSIM 3 Go 15 Jours	0701HY399IR	UNITED-ARAB-EMIRATES-ESIM		0	01/07/2026 15:12:36 MEST	1		11			B0H75Y14PS	0	DEFAULT	Migrated Template	Incomplete		
Royaume-Uni eSIM 3 Go 15 Jours	0701HY68WHI	UNITED-KINGDOM-ESIM		0	01/07/2026 15:24:12 MEST	1		11			B0H7629FX3	0	DEFAULT	Migrated Template	Incomplete		
eSIM États-Unis 3 Go 15 Jours	0701HY489JY	UNITED-STATES-ESIM		0	01/07/2026 15:35:50 MEST	1		11			B0H7641P2R	0	DEFAULT	Migrated Template	Incomplete		
Uruguay eSIM 3 Go 15 Jours	0701HYFEG2J	URUGUAY-ESIM		0	01/07/2026 15:43:46 MEST	1		11			B0H766K7X4	0	DEFAULT	Migrated Template	Incomplete		
Uzbékistan eSIM 5 Go 30 Jours	0701HYC4K9E	UZBEKISTAN-ESIM		0	01/07/2026 15:48:01 MEST	1		11			B0H75XRYL9	0	DEFAULT	Migrated Template	Incomplete		
Cité du Vatican eSIM 3 Go 15 Jours	0630HUUFHVD	VATICAN-CITY-ESIM		0	30/06/2026 22:16:11 MEST	1		11			B0H73W66YX	0	DEFAULT	Migrated Template	Incomplete		
Vietnam eSIM 3 Go 15 Jours	0701HYD2FIX	VIETNAM-ESIM		0	01/07/2026 15:52:16 MEST	1		11			B0H7662TF1	0	DEFAULT	Migrated Template	Incomplete		
Zambie eSIM 3 Go 15 Jours	0701HY1HPMX	ZAMBIA-ESIM		0	01/07/2026 16:03:51 MEST	1		11			B0H765J89G	0	DEFAULT	Migrated Template	Incomplete		
