item-name	item-description	listing-id	seller-sku	price	quantity	open-date	image-url	item-is-marketplace	product-id-type	zshop-shipping-fee	item-note	item-condition	zshop-category1	zshop-browse-path	zshop-storefront-feature	asin1	asin2	asin3	will-ship-internationally	expedited-shipping	zshop-boldface	product-id	bid-for-featured-placement	add-delete	pending-quantity	fulfillment-channel	status
Cote d'Ivoire eSIM 5GB 30Days	Cote d'Ivoire eSIM 5GB 30Days - high speed internet - mobile data 5G compatible	0630HUXNBDM	COTE-D-IVOIRE-5GB-30D	31.99		2026-07-01 00:33:25 IST		y	4			11				B0FR9V5LYJ						8721438401796				AMAZON_EU	Active
Croatia eSIM 20GB 30Days	Croatia eSIM 20GB 30Days - high speed internet - mobile data 5G compatible	0630HV6VIOR	CROATIA-20GB-30D	16.99		2026-07-01 00:43:31 IST		y	4			11				B0FR9TYCSL						8721438401857				AMAZON_EU	Active
Croatia eSIM 3GB 15Days	Croatia eSIM 3GB 15Days - high speed internet - mobile data 5G compatible	0630HV5I8PW	CROATIA-3GB-15D	7.99		2026-07-01 00:37:10 IST		y	4			11				B0FR9GDKT1						8721438401819				AMAZON_EU	Active
Croatia eSIM 5GB 30Days	Croatia eSIM 5GB 30Days - high speed internet - mobile data 5G compatible	0630HVENFVH	CROATIA-5GB-30D	8.99		2026-07-01 00:41:06 IST		y	4			11				B0FR9BVV58						8721438401833				AMAZON_EU	Active
Cyprus eSIM 3GB 15Days	Cyprus eSIM 3GB 15Days - high speed internet - mobile data 5G compatible	0630HV0WOUQ	CYPRUS-3GB-15D	7.99		2026-07-01 00:46:34 IST		y	4			11				B0FR8XJWWG						8721438401888				AMAZON_EU	Active
Cyprus eSIM 5GB 30Days	Cyprus eSIM 5GB 30Days - high speed internet - mobile data 5G compatible	0630HVBCEWQ	CYPRUS-5GB-30D	8.99		2026-07-01 00:49:47 IST		y	4			11				B0FR8XHWZV						8721438401901				AMAZON_EU	Active
Czech Republic eSIM 20GB 30Days	Czech Republic eSIM 20GB 30Days - high speed internet - mobile data 5G compatible	0701HV9KIWC	CZECH-REPUBLIC-20GB-30D	16.99		2026-07-01 01:00:02 IST		y	4			11				B0FR9SVN9H						8721438401987				AMAZON_EU	Active
Czech Republic eSIM 3GB 15Days	Czech Republic eSIM 3GB 15Days - high speed internet - mobile data 5G compatible	0630HV90YVE	CZECH-REPUBLIC-3GB-15D	7.99		2026-07-01 00:53:10 IST		y	4			11				B0FR9SB2Q3						8721438401949				AMAZON_EU	Active
Czech Republic eSIM 5GB 30Days	Czech Republic eSIM 5GB 30Days - high speed internet - mobile data 5G compatible	0630HV8V2W8	CZECH-REPUBLIC-5GB-30D	8.99		2026-07-01 00:56:56 IST		y	4			11				B0FR9BY2LF						8721438401963				AMAZON_EU	Active
Denmark eSIM 20GB 30Days	Denmark eSIM 20GB 30Days - high speed internet - mobile data 5G compatible	0701HV11RQ0	DENMARK-20GB-30D	14.99		2026-07-01 01:09:47 IST		y	4			11				B0FR9QPF45						8721438402052				AMAZON_EU	Active
Denmark eSIM 3GB 15Days	Denmark eSIM 3GB 15Days - high speed internet - mobile data 5G compatible	0701HV73M5Q	DENMARK-3GB-15D	7.99		2026-07-01 01:02:45 IST		y	4			11				B0FR9GSNP4						8721438402014				AMAZON_EU	Active
Denmark eSIM 5GB 30Days	Denmark eSIM 5GB 30Days - high speed internet - mobile data 5G compatible	0701HVCL61B	DENMARK-5GB-30D	8.99		2026-07-01 01:06:41 IST		y	4			11				B0FR8XQYR4						8721438402038				AMAZON_EU	Active
Dominican Republic eSIM 20GB 30Days	Dominican Republic eSIM 20GB 30Days - high speed internet - mobile data 5G compatible	0701HV89X8L	DOMINICAN-REPUBLIC-20GB-30D	38.99		2026-07-01 01:18:59 IST		y	4			11				B0FR9C6DJF						8721438402106				AMAZON_EU	Active
Dominican Republic eSIM 3GB 15Days	Dominican Republic eSIM 3GB 15Days - high speed internet - mobile data 5G compatible	0701HV98YF7	DOMINICAN-REPUBLIC-3GB-15D	12.99		2026-07-01 01:12:49 IST		y	4			11				B0FR9GSKZF						8721438402083				AMAZON_EU	Active
Dominican Republic eSIM 5GB 30Days	Dominican Republic eSIM 5GB 30Days - high speed internet - mobile data 5G compatible	0701HUY1Q96	DOMINICAN-REPUBLIC-5GB-30D	14.99		2026-07-01 01:16:13 IST		y	4			11				B0FR9GQKCM						8721438402090				AMAZON_EU	Active
Ecuador eSIM 3GB 15Days	Ecuador eSIM 3GB 15Days - high speed internet - mobile data 5G compatible	0701HVCAA1Y	ECUADOR-3GB-15D	13.99		2026-07-01 01:21:51 IST		y	4			11				B0FR9RM6MP						8721438402120				AMAZON_EU	Active
Egypt eSIM 20GB 30Days	Egypt eSIM 20GB 30Days - high speed internet - mobile data 5G compatible	0701HVC75QZ	EGYPT-20GB-30D	29.99		2026-07-01 01:31:45 IST		y	4			11				B0FR9GQBGL						8721438402182				AMAZON_EU	Active
Egypt eSIM 3GB 15Days	Egypt eSIM 3GB 15Days - high speed internet - mobile data 5G compatible	0701HV6VHRS	EGYPT-3GB-15D	9.99		2026-07-01 01:25:22 IST		y	4			11				B0FR9C784N						8721438402144				AMAZON_EU	Active
Egypt eSIM 5GB 30Days	Egypt eSIM 5GB 30Days - high speed internet - mobile data 5G compatible	0701HUY5S17	EGYPT-5GB-30D	14.99		2026-07-01 01:29:30 IST		y	4			11				B0FR9LR5KJ						8721438402168				AMAZON_EU	Active
El Salvador eSIM 3GB 15Days	El Salvador eSIM 3GB 15Days - high speed internet - mobile data 5G compatible	0701HUY873A	EL-SALVADOR-3GB-15D	17.99		2026-07-01 01:35:32 IST		y	4			11				B0FR9LJ7X4						8721438402236				AMAZON_EU	Active
Estonia eSIM 20GB 30Days	Estonia eSIM 20GB 30Days - high speed internet - mobile data 5G compatible	0701HVAH8DK	ESTONIA-20GB-30D	14.99		2026-07-01 01:45:13 IST		y	4			11				B0FR9L527N						8721438402298				AMAZON_EU	Active
Estonia eSIM 3GB 15Days	Estonia eSIM 3GB 15Days - high speed internet - mobile data 5G compatible	0701HV19B9L	ESTONIA-3GB-15D	7.99		2026-07-01 01:39:03 IST		y	4			11				B0FR9GST1S						8721438402250				AMAZON_EU	Active
Estonia eSIM 5GB 30Days	Estonia eSIM 5GB 30Days - high speed internet - mobile data 5G compatible	0701HVAGX4D	ESTONIA-5GB-30D	8.99		2026-07-01 01:42:38 IST		y	4			11				B0FR9GQYKB						8721438402274				AMAZON_EU	Active
Europe(40+ areas) eSIM 20GB 30Days	Europe(40+ areas) eSIM 20GB 30Days - high speed internet - mobile data 5G compatible	0701HV1D07G	EUROPE-40-AREAS-20GB-30D	18.99		2026-07-01 01:51:21 IST		y	4			11				B0FR9TNPV3						8721438402496				AMAZON_EU	Active
Europe(40+ areas) eSIM 5GB 30Days	Europe(40+ areas) eSIM 5GB 30Days - high speed internet - mobile data 5G compatible	0701HV7ECEE	EUROPE-40-AREAS-5GB-30D	8.99		2026-07-01 01:47:45 IST		y	4			11				B0FR9RYSSS						8721438402472				AMAZON_EU	Active
Finland eSIM 3GB 15Days	Finland eSIM 3GB 15Days - high speed internet - mobile data 5G compatible	0701HVC25VW	FINLAND-3GB-15D	7.99		2026-07-01 01:54:24 IST		y	4			11				B0FR9GSND6						8721438402533				AMAZON_EU	Active
Finland eSIM 5GB 30Days	Finland eSIM 5GB 30Days - high speed internet - mobile data 5G compatible	0701HVCI31T	FINLAND-5GB-30D	8.99		2026-07-01 01:57:59 IST		y	4			11				B0FR9SB3BJ						8721438402557				AMAZON_EU	Active
France eSIM 20GB 30Days	France eSIM 20GB 30Days - high speed internet - mobile data 5G compatible	0701HVDINUP	FRANCE-20GB-30D	14.99		2026-07-01 02:09:00 IST		y	4			11				B0FR9GPMC5						8721438402632				AMAZON_EU	Active
France eSIM 3GB 15Days	France eSIM 3GB 15Days - high speed internet - mobile data 5G compatible	0701HV9MA75	FRANCE-3GB-15D	7.99		2026-07-01 02:01:12 IST		y	4			11				B0FR9C5ZB6						8721438402595				AMAZON_EU	Active
France eSIM 5GB 30Days	France eSIM 5GB 30Days - high speed internet - mobile data 5G compatible	0701HVALIUX	FRANCE-5GB-30D	8.99		2026-07-01 02:05:21 IST		y	4			11				B0FR9LMDW5						8721438402618				AMAZON_EU	Active
Gabon eSIM 3GB 15Days	Gabon eSIM 3GB 15Days - high speed internet - mobile data 5G compatible	0701HV4IO9I	GABON-3GB-15D	16.99		2026-07-01 02:12:47 IST		y	4			11				B0FR9GPX9T						8721438402700				AMAZON_EU	Active
Georgia eSIM 20GB 30Days	Georgia eSIM 20GB 30Days - high speed internet - mobile data 5G compatible	0701HVEPSJD	GEORGIA-20GB-30D	24.99		2026-07-01 02:19:52 IST		y	4			11				B0FR9C73NK						8721438402748				AMAZON_EU	Active
Georgia eSIM 3GB 15Days	Georgia eSIM 3GB 15Days - high speed internet - mobile data 5G compatible	0701HVGLPQA	GEORGIA-3GB-15D	8.99		2026-07-01 02:16:18 IST		y	4			11				B0FR9KMX2N						8721438402724				AMAZON_EU	Active
Germany eSIM 20GB 30Days	Germany eSIM 20GB 30Days - high speed internet - mobile data 5G compatible	0701HVEDKCV	GERMANY-20GB-30D	14.99		2026-07-01 02:30:53 IST		y	4			11				B0GSZP9H94						8721438402809				AMAZON_EU	Active
Germany eSIM 3GB 15Days	Germany eSIM 3GB 15Days - high speed internet - mobile data 5G compatible	0701HVDCET0	GERMANY-3GB-15D	7.99		2026-07-01 02:23:05 IST		y	4			11				B0GSZBMLKV						8721438402762				AMAZON_EU	Active
Germany eSIM 5GB 30Days	Germany eSIM 5GB 30Days - high speed internet - mobile data 5G compatible	0701HVC2CY6	GERMANY-5GB-30D	8.99		2026-07-01 02:27:13 IST		y	4			11				B0GSZDYWLZ						8721438402786				AMAZON_EU	Active
Gibraltar eSIM 3GB 15Days	Gibraltar eSIM 3GB 15Days - high speed internet - mobile data 5G compatible	0701HVD4DOV	GIBRALTAR-3GB-15D	7.99		2026-07-01 02:34:39 IST		y	4			11				B0FR8XSPMC						8721438402878				AMAZON_EU	Active
Global139 eSIM 5GB 30Days	Global139 eSIM 5GB 30Days - high speed internet - mobile data 5G compatible	0701HVHX0DA	GLOBAL139-5GB-30D	40.99		2026-07-01 02:38:10 IST		y	4			11				B0FR9VNTLY						8721438403004				AMAZON_EU	Active
Greece eSIM 20GB 30Days	Greece eSIM 20GB 30Days - high speed internet - mobile data 5G compatible	0701HVGG2RF	GREECE-20GB-30D	16.99		2026-07-01 02:49:52 IST		y	4			11				B0FR9KJGBG						8721438403080				AMAZON_EU	Active
Greece eSIM 5GB 30Days	Greece eSIM 5GB 30Days - high speed internet - mobile data 5G compatible	0701HVGBA4M	GREECE-5GB-30D	8.99		2026-07-01 02:46:12 IST		y	4			11				B0FR9C7SMF						8721438403066				AMAZON_EU	Active
Guadeloupe eSIM 20GB 30Days	Guadeloupe eSIM 20GB 30Days - high speed internet - mobile data 5G compatible	0701HVFH82F	GUADELOUPE-20GB-30D	16.99		2026-07-01 02:57:24 IST		y	4			11				B0FR8XTBF6						8721438403127				AMAZON_EU	Active
Guadeloupe eSIM 3GB 15Days	Guadeloupe eSIM 3GB 15Days - high speed internet - mobile data 5G compatible	0701HVG38XI	GUADELOUPE-3GB-15D	7.99		2026-07-01 02:53:39 IST		y	4			11				B0FR9TMVWK						8721438403110				AMAZON_EU	Active
Guam eSIM 20GB 30Days	Guam eSIM 20GB 30Days - high speed internet - mobile data 5G compatible	0701HVE18WR	GUAM-20GB-30D	57.99		2026-07-01 03:07:07 IST		y	4			11				B0FR9C7MGP						8721438403189				AMAZON_EU	Active
Guam eSIM 3GB 15Days	Guam eSIM 3GB 15Days - high speed internet - mobile data 5G compatible	0701HVI7BL2	GUAM-3GB-15D	17.99		2026-07-01 03:00:37 IST		y	4			11				B0FR9GVSSF						8721438403141				AMAZON_EU	Active
Guam eSIM 5GB 30Days	Guam eSIM 5GB 30Days - high speed internet - mobile data 5G compatible	0701HVHMYEU	GUAM-5GB-30D	19.99		2026-07-01 03:03:51 IST		y	4			11				B0FR9SVP8Y						8721438403165				AMAZON_EU	Active
Guatemala eSIM 3GB 15Days	Guatemala eSIM 3GB 15Days - high speed internet - mobile data 5G compatible	0701HVIGL9K	GUATEMALA-3GB-15D	15.99		2026-07-01 03:10:42 IST		y	4			11				B0FR9VC6VD						8721438403202				AMAZON_EU	Active
Guernsey eSIM 20GB 30Days	Guernsey eSIM 20GB 30Days - high speed internet - mobile data 5G compatible	0701HVIYTTQ	GUERNSEY-20GB-30D	46.99		2026-07-01 03:21:30 IST		y	4			11				B0FR9LYWWY						8721438403257				AMAZON_EU	Active
Guernsey eSIM 3GB 15Days	Guernsey eSIM 3GB 15Days - high speed internet - mobile data 5G compatible	0701HVHIDL3	GUERNSEY-3GB-15D	13.99		2026-07-01 03:14:55 IST		y	4			11				B0FR9SMWDN						8721438403226				AMAZON_EU	Active
Guernsey eSIM 5GB 30Days	Guernsey eSIM 5GB 30Days - high speed internet - mobile data 5G compatible	0701HVJJ037	GUERNSEY-5GB-30D	19.99		2026-07-01 03:18:13 IST		y	4			11				B0FR9C5PXR						8721438403240				AMAZON_EU	Active
Honduras eSIM 3GB 15Days	Honduras eSIM 3GB 15Days - high speed internet - mobile data 5G compatible	0701HVKU8RD	HONDURAS-3GB-15D	13.99		2026-07-01 03:25:04 IST		y	4			11				B0FR9ZYV5G						8721438403356				AMAZON_EU	Active
Hong Kong eSIM 20GB 30Days	Hong Kong eSIM 20GB 30Days - high speed internet - mobile data 5G compatible	0701HVKG4QA	HONG-KONG-20GB-30D	14.99		2026-07-01 03:36:53 IST		y	4			11				B0FR9GXZ6F						8721438403417				AMAZON_EU	Active
Hong Kong eSIM 3GB 15Days	Hong Kong eSIM 3GB 15Days - high speed internet - mobile data 5G compatible	0701HVM7O5K	HONG-KONG-3GB-15D	7.99		2026-07-01 03:29:07 IST		y	4			11				B0FR9CC6Q8						8721438403370				AMAZON_EU	Active
Hong Kong eSIM 5GB 30Days	Hong Kong eSIM 5GB 30Days - high speed internet - mobile data 5G compatible	0701HVKW1NQ	HONG-KONG-5GB-30D	8.99		2026-07-01 03:33:14 IST		y	4			11				B0FR9GXYYL						8721438403394				AMAZON_EU	Active
Hungary eSIM 20GB 30Days	Hungary eSIM 20GB 30Days - high speed internet - mobile data 5G compatible	0701HVQZVHR	HUNGARY-20GB-30D	14.99		2026-07-01 03:46:49 IST		y	4			11				B0FR9ZVYYQ						8721438403523				AMAZON_EU	Active
Hungary eSIM 3GB 15Days	Hungary eSIM 3GB 15Days - high speed internet - mobile data 5G compatible	0701HVLZBF7	HUNGARY-3GB-15D	7.99		2026-07-01 03:39:38 IST		y	4			11				B0FR9C9JVW						8721438403486				AMAZON_EU	Active
Hungary eSIM 5GB 30Days	Hungary eSIM 5GB 30Days - high speed internet - mobile data 5G compatible	0701HVMPFOV	HUNGARY-5GB-30D	8.99		2026-07-01 03:43:32 IST		y	4			11				B0FR9GY3R5						8721438403509				AMAZON_EU	Active
Iceland eSIM 20GB 30Days	Iceland eSIM 20GB 30Days - high speed internet - mobile data 5G compatible	0701HVLHSZD	ICELAND-20GB-30D	16.99		2026-07-01 03:57:03 IST		y	4			11				B0FR9GX6LF						8721438403592				AMAZON_EU	Active
Iceland eSIM 3GB 15Days	Iceland eSIM 3GB 15Days - high speed internet - mobile data 5G compatible	0701HVM147E	ICELAND-3GB-15D	7.99		2026-07-01 03:50:02 IST		y	4			11				B0FR9TBBK1						8721438403554				AMAZON_EU	Active
Iceland eSIM 5GB 30Days	Iceland eSIM 5GB 30Days - high speed internet - mobile data 5G compatible	0701HVR61O6	ICELAND-5GB-30D	8.99		2026-07-01 03:53:36 IST		y	4			11				B0FR9ZWQBD						8721438403578				AMAZON_EU	Active
India eSIM 20GB 30Days	India eSIM 20GB 30Days - high speed internet - mobile data 5G compatible	0701HVNFQPA	INDIA-20GB-30D	41.99		2026-07-01 04:07:57 IST		y	4			11				B0FR9DYMHX						8721438403653				AMAZON_EU	Active
India eSIM 3GB 15Days	India eSIM 3GB 15Days - high speed internet - mobile data 5G compatible	0701HVRDTOO	INDIA-3GB-15D	13.99		2026-07-01 04:00:06 IST		y	4			11				B0FR9ZM116						8721438403622				AMAZON_EU	Active
India eSIM 5GB 30Days	India eSIM 5GB 30Days - high speed internet - mobile data 5G compatible	0701HVUNGFG	INDIA-5GB-30D	14.99		2026-07-01 04:04:16 IST		y	4			11				B0FR9GXWN9						8721438403639				AMAZON_EU	Active
Indonesia eSIM 20GB 30Days	Indonesia eSIM 20GB 30Days - high speed internet - mobile data 5G compatible	0701HVONXXJ	INDONESIA-20GB-30D	14.99		2026-07-01 04:19:35 IST		y	4			11				B0FR9QXRDQ						8721438403745				AMAZON_EU	Active
Indonesia eSIM 5GB 30Days	Indonesia eSIM 5GB 30Days - high speed internet - mobile data 5G compatible	0701HVNNFZC	INDONESIA-5GB-30D	8.99		2026-07-01 04:15:54 IST		y	4			11				B0FR8XW5DR						8721438403721				AMAZON_EU	Active
Ireland eSIM 20GB 30Days	Ireland eSIM 20GB 30Days - high speed internet - mobile data 5G compatible	0701HVUA7J4	IRELAND-20GB-30D	16.99		2026-07-01 04:31:15 IST		y	4			11				B0FR9SZG2Z						8721438403905				AMAZON_EU	Active
Ireland eSIM 3GB 15Days	Ireland eSIM 3GB 15Days - high speed internet - mobile data 5G compatible	0701HVV6NGG	IRELAND-3GB-15D	7.99		2026-07-01 04:23:23 IST		y	4			11				B0FR8XV57F						8721438403868				AMAZON_EU	Active
Ireland eSIM 5GB 30Days	Ireland eSIM 5GB 30Days - high speed internet - mobile data 5G compatible	0701HVXOOW3	IRELAND-5GB-30D	8.99		2026-07-01 04:27:34 IST		y	4			11				B0FR9GYKQL						8721438403882				AMAZON_EU	Active
Isle of Man eSIM 20GB 30Days	Isle of Man eSIM 20GB 30Days - high speed internet - mobile data 5G compatible	0701HVU20YX	ISLE-OF-MAN-20GB-30D	22.99		2026-07-01 04:42:15 IST		y	4			11				B0FR9CB5LK						8721438403974				AMAZON_EU	Active
Isle of Man eSIM 3GB 15Days	Isle of Man eSIM 3GB 15Days - high speed internet - mobile data 5G compatible	0701HW09HZD	ISLE-OF-MAN-3GB-15D	8.99		2026-07-01 04:35:03 IST		y	4			11				B0FR9LZ7RL						8721438403943				AMAZON_EU	Active
Isle of Man eSIM 5GB 30Days	Isle of Man eSIM 5GB 30Days - high speed internet - mobile data 5G compatible	0701HVQSBG0	ISLE-OF-MAN-5GB-30D	11.99		2026-07-01 04:38:57 IST		y	4			11				B0FR9M27XY						8721438403967				AMAZON_EU	Active
Israel eSIM 20GB 30Days	Israel eSIM 20GB 30Days - high speed internet - mobile data 5G compatible	0701HVPCSLP	ISRAEL-20GB-30D	29.99		2026-07-01 04:52:51 IST		y	4			11				B0FR9K8SQ1						8721438404032				AMAZON_EU	Active
Israel eSIM 3GB 15Days	Israel eSIM 3GB 15Days - high speed internet - mobile data 5G compatible	0701HVP0OMV	ISRAEL-3GB-15D	9.99		2026-07-01 04:45:49 IST		y	4			11				B0FR9M11H1						8721438403998				AMAZON_EU	Active
Israel eSIM 5GB 30Days	Israel eSIM 5GB 30Days - high speed internet - mobile data 5G compatible	0701HVY7EH6	ISRAEL-5GB-30D	11.99		2026-07-01 04:49:55 IST		y	4			11				B0FR8XVZZM						8721438404018				AMAZON_EU	Active
Italy eSIM 20GB 30Days	Italy eSIM 20GB 30Days - high speed internet - mobile data 5G compatible	0701HVV9X2V	ITALY-20GB-30D	14.99		2026-07-01 05:04:19 IST		y	4			11				B0FR9RNZV2						8721438404148				AMAZON_EU	Active
Italy eSIM 5GB 30Days	Italy eSIM 5GB 30Days - high speed internet - mobile data 5G compatible	0701HW1DX2R	ITALY-5GB-30D	8.99		2026-07-01 05:00:39 IST		y	4			11				B0FR9ZR2TH						8721438404124				AMAZON_EU	Active
Japan eSIM 20GB 30Days	Japan eSIM 20GB 30Days - high speed internet - mobile data 5G compatible	0701HVSR7J8	JAPAN-20GB-30D	14.99		2026-07-01 05:15:55 IST		y	4			11				B0FR9RZKRB						8721438404254				AMAZON_EU	Active
Japan eSIM 3GB 15Days	Japan eSIM 3GB 15Days - high speed internet - mobile data 5G compatible	0701HVYVOQU	JAPAN-3GB-15D	7.99		2026-07-01 05:08:06 IST		y	4			11				B0FR9LVZVQ						8721438404216				AMAZON_EU	Active
Japan eSIM 5GB 30Days	Japan eSIM 5GB 30Days - high speed internet - mobile data 5G compatible	0701HW7WLW2	JAPAN-5GB-30D	8.99		2026-07-01 05:12:15 IST		y	4			11				B0FR9TLXXH						8721438404230				AMAZON_EU	Active
Jersey eSIM 20GB 30Days	Jersey eSIM 20GB 30Days - high speed internet - mobile data 5G compatible	0701HVVZT9Z	JERSEY-20GB-30D	14.99		2026-07-01 05:26:55 IST		y	4			11				B0FR9CBQDH						8721438404377				AMAZON_EU	Active
Jersey eSIM 3GB 15Days	Jersey eSIM 3GB 15Days - high speed internet - mobile data 5G compatible	0701HVSX25T	JERSEY-3GB-15D	7.99		2026-07-01 05:19:43 IST		y	4			11				B0FR9GYMR5						8721438404346				AMAZON_EU	Active
Jersey eSIM 5GB 30Days	Jersey eSIM 5GB 30Days - high speed internet - mobile data 5G compatible	0701HW7OS4A	JERSEY-5GB-30D	8.99		2026-07-01 05:23:28 IST		y	4			11				B0FR9M27GP						8721438404360				AMAZON_EU	Active
Jordan eSIM 5GB 30Days	Jordan eSIM 5GB 30Days - high speed internet - mobile data 5G compatible	0701HW1GOBT	JORDAN-5GB-30D	13.99		2026-07-01 05:34:06 IST		y	4			11				B0FR9ZTZNK						8721438404414				AMAZON_EU	Active
Aaland Islands eSIM 20GB 30Days	Aaland Islands eSIM 20GB 30Days - high speed internet - mobile data 5G compatible	0630HUYT1ZN	AALAND-ISLANDS-20GB-30D	33.99	0	2026-06-30 21:42:21 IST		y	4			11				B0FR39Q1KJ						8721438400041			0	DEFAULT	Inactive
Aaland Islands eSIM 3GB 15Days	Aaland Islands eSIM 3GB 15Days - high speed internet - mobile data 5G compatible	0630HUU3R6M	AALAND-ISLANDS-3GB-15D	8.99	0	2026-06-30 21:35:20 IST		y	4			11				B0FR3CCSMB						8721438400010			0	DEFAULT	Inactive
Aaland Islands eSIM 5GB 30Days	Aaland Islands eSIM 5GB 30Days - high speed internet - mobile data 5G compatible	0630HUTJ7FE	AALAND-ISLANDS-5GB-30D	12.99	0	2026-06-30 21:39:04 IST		y	4			11				B0FR3G6JWB						8721438400034			0	DEFAULT	Inactive
United Arab Emirates eSIM 20GB 30Days		0325HSGFVAV	AE_20_30	42.31	0	2026-03-25 10:45:26 GMT		y	1			11				B0FRB7TFJR						B0FRB7TFJR			0	DEFAULT	Inactive
United Arab Emirates eSIM 3GB 15Days		0325HRWRDHW	AE_3_15	10.97	0	2026-03-25 08:08:19 GMT		y	1			11				B0FRBBYBGH						B0FRBBYBGH			0	DEFAULT	Inactive
United Arab Emirates eSIM 5GB 30Days		0325HS3EHVI	AE_5_30	14.51	0	2026-03-25 09:01:26 GMT		y	1			11				B0FRB89XHX						B0FRB89XHX			0	DEFAULT	Inactive
Africa eSIM 5GB 30Days		0812HQ1IIJN	AF-29_5_30	32.37	0	2026-08-12 14:29:10 IST		y	1			11				B0FR3GK9Z7						B0FR3GK9Z7			0	DEFAULT	Inactive
Africa eSIM 5GB 30Days	Africa eSIM 5GB 30Days - high speed internet - mobile data 5G compatible	0630HUTQQGT	AFRICA-5GB-30D	29.99	0	2026-06-30 21:45:35 IST		y	4			11				B0FR3GK9Z7						8721438400072			0	DEFAULT	Inactive
Albania eSIM 5GB 30Days	Albania eSIM 5GB 30Days - high speed internet - mobile data 5G compatible	0630HUYYBCJ	ALBANIA-5GB-30D	10.99	0	2026-06-30 21:49:05 IST		y	4			11				B0FR4ZG3Z6						8721438400102			0	DEFAULT	Inactive
Algeria eSIM 20GB 30Days	Algeria eSIM 20GB 30Days - high speed internet - mobile data 5G compatible	0630HTKYUZX	ALGERIA-20GB-30D	26.99	0	2026-06-30 12:29:55 IST		y	4			11				B0H6M5TDMD						8721438408443			0	DEFAULT	Inactive
Algeria eSIM 3GB 15Days	Algeria eSIM 3GB 15Days - high speed internet - mobile data 5G compatible	0630HTII96N	ALGERIA-3GB-15D	8.99	0	2026-06-30 12:22:00 IST		y	4			11				B0H6M9R3WH						8721438408429			0	DEFAULT	Inactive
Algeria eSIM 5GB 30Days	Algeria eSIM 5GB 30Days - high speed internet - mobile data 5G compatible	0630HTNMA4I	ALGERIA-5GB-30D	11.99	0	2026-06-30 12:26:16 IST		y	4			11				B0H6MDYKG8						8721438408436			0	DEFAULT	Inactive
Albania eSIM 5GB 30Days		0812HQ671KY	AL_5_30	14.03	0	2026-08-12 14:21:32 IST		y	1			11				B0FR4ZG3Z6						B0FR4ZG3Z6			0	DEFAULT	Inactive
Armenia eSIM 20GB 30Days		0812HQ0B6QS	AM_20_30	59.42	0	2026-08-12 14:26:53 IST		y	1			11				B0FR4ZT5XT						B0FR4ZT5XT			0	DEFAULT	Inactive
Armenia eSIM 3GB 15Days		0812HQ2U1A0	AM_3_15	10.97	0	2026-08-12 14:29:00 IST		y	1			11				B0FR5BK9R4						B0FR5BK9R4			0	DEFAULT	Inactive
Andorra eSIM 20GB 30Days	Andorra eSIM 20GB 30Days - high speed internet - mobile data 5G compatible	0630HTQO3IS	ANDORRA-20GB-30D	43.99	0	2026-06-30 12:41:37 IST		y	4			11				B0H6MJ97WC						8721438408474			0	DEFAULT	Inactive
Andorra eSIM 3GB 15Days	Andorra eSIM 3GB 15Days - high speed internet - mobile data 5G compatible	0630HTFPTL3	ANDORRA-3GB-15D	14.99	0	2026-06-30 12:33:53 IST		y	4			11				B0H6MBPRYN						8721438408450			0	DEFAULT	Inactive
Andorra eSIM 5GB 30Days	Andorra eSIM 5GB 30Days - high speed internet - mobile data 5G compatible	0630HTQQABL	ANDORRA-5GB-30D	16.99	0	2026-06-30 12:38:08 IST		y	4			11				B0H6M5P65S						8721438408467			0	DEFAULT	Inactive
Angola eSIM 3GB 15Days	Angola eSIM 3GB 15Days - high speed internet - mobile data 5G compatible	0630HTFY4K6	ANGOLA-3GB-15D	34.99	0	2026-06-30 12:45:04 IST		y	4			11				B0H6M5RWZH						8721438408481			0	DEFAULT	Inactive
Angola eSIM 5GB 30Days	Angola eSIM 5GB 30Days - high speed internet - mobile data 5G compatible	0630HTR3DI5	ANGOLA-5GB-30D	57.99	0	2026-06-30 12:48:57 IST		y	4			11				B0H6MKZSB4						8721438408498			0	DEFAULT	Inactive
Anguilla eSIM 20GB 30Days	Anguilla eSIM 20GB 30Days - high speed internet - mobile data 5G compatible	0630HTJ8BFH	ANGUILLA-20GB-30D	86.99	0	2026-06-30 13:08:45 IST		y	4			11				B0H6MHMZY8						8721438408535			0	DEFAULT	Inactive
Anguilla eSIM 3GB 15Days	Anguilla eSIM 3GB 15Days - high speed internet - mobile data 5G compatible	0630HTG6SM7	ANGUILLA-3GB-15D	23.99	0	2026-06-30 13:01:39 IST		y	4			11				B0H6M7X7QY						8721438408511			0	DEFAULT	Inactive
Anguilla eSIM 5GB 30Days	Anguilla eSIM 5GB 30Days - high speed internet - mobile data 5G compatible	0630HTG9BNJ	ANGUILLA-5GB-30D	31.99	0	2026-06-30 13:05:03 IST		y	4			11				B0H6MFJ63H						8721438408528			0	DEFAULT	Inactive
Antigua and Barbuda eSIM 20GB 30Days	Antigua and Barbuda eSIM 20GB 30Days - high speed internet - mobile data 5G compatible	0630HTOJ63V	ANTIGUA-AND-BARBUDA-20GB-30D	98.99	0	2026-06-30 13:37:27 IST		y	4			11				B0H6M2MQJB						8721438408566			0	DEFAULT	Inactive
Antigua and Barbuda eSIM 3GB 15Days	Antigua and Barbuda eSIM 3GB 15Days - high speed internet - mobile data 5G compatible	0630HTD1G4R	ANTIGUA-AND-BARBUDA-3GB-15D	25.99	0	2026-06-30 13:12:22 IST		y	4			11				B0H6MBBFLQ						8721438408542			0	DEFAULT	Inactive
Antigua and Barbuda eSIM 5GB 30Days	Antigua and Barbuda eSIM 5GB 30Days - high speed internet - mobile data 5G compatible	0630HTGFRQ8	ANTIGUA-AND-BARBUDA-5GB-30D	34.99	0	2026-06-30 13:34:10 IST		y	4			11				B0H6MCR5F9						8721438408559			0	DEFAULT	Inactive
Argentina eSIM 20GB 30Days	Argentina eSIM 20GB 30Days - high speed internet - mobile data 5G compatible	0630HUV5G0W	ARGENTINA-20GB-30D	36.99	0	2026-06-30 21:56:41 IST		y	4			11				B0FR5DCH33						8721438400133			0	DEFAULT	Inactive
Argentina eSIM 3GB 15Days	Argentina eSIM 3GB 15Days - high speed internet - mobile data 5G compatible	0630HUV01OK	ARGENTINA-3GB-15D	12.99	0	2026-06-30 21:52:57 IST		y	4			11				B0FR554SXN						8721438400126			0	DEFAULT	Inactive
Armenia eSIM 20GB 30Days	Armenia eSIM 20GB 30Days - high speed internet - mobile data 5G compatible	0630HUW2HC2	ARMENIA-20GB-30D	30.99	0	2026-06-30 22:03:30 IST		y	4			11				B0FR4ZT5XT						8721438400188			0	DEFAULT	Inactive
Armenia eSIM 3GB 15Days	Armenia eSIM 3GB 15Days - high speed internet - mobile data 5G compatible	0630HUZB709	ARMENIA-3GB-15D	8.99	0	2026-06-30 21:59:55 IST		y	4			11				B0FR5BK9R4						8721438400164			0	DEFAULT	Inactive
Argentina eSIM 20GB 30Days		0812HQ0E9GD	AR_20_30	62.51	0	2026-08-12 14:27:26 IST		y	1			11				B0FR5DCH33						B0FR5DCH33			0	DEFAULT	Inactive
Argentina eSIM 3GB 15Days		0812HQ2020F	AR_3_15	14.03	0	2026-08-12 14:28:02 IST		y	1			11				B0FR554SXN						B0FR554SXN			0	DEFAULT	Inactive
Asia-20 eSIM 3GB 15Days		0812HPZOVQ8	AS-20_3_15	14.51	0	2026-08-12 14:23:34 IST		y	1			11				B0FR9FZ4RF						B0FR9FZ4RF			0	DEFAULT	Inactive
Asia-20 eSIM 5GB 30Days		0812HQ077Q3	AS-20_5_30	22.19	0	2026-08-12 14:23:05 IST		y	1			11				B0FR9BQNSV						B0FR9BQNSV			0	DEFAULT	Inactive
Asia-20 eSIM 3GB 15Days	Asia-20 eSIM 3GB 15Days - high speed internet - mobile data 5G compatible	0630HUVGMU6	ASIA-20-3GB-15D	11.99	0	2026-06-30 22:06:32 IST		y	4			11				B0FR9FZ4RF						8721438400317			0	DEFAULT	Inactive
Asia-20 eSIM 5GB 30Days	Asia-20 eSIM 5GB 30Days - high speed internet - mobile data 5G compatible	0630HUZ10IB	ASIA-20-5GB-30D	13.99	0	2026-06-30 22:10:29 IST		y	4			11				B0FR9BQNSV						8721438400324			0	DEFAULT	Inactive
Austria eSIM 20GB 30Days		0812HQ4DWTK	AT_20_30	16.3	0	2026-08-12 14:28:37 IST		y	1			11				B0FR8XBSBP						B0FR8XBSBP			0	DEFAULT	Inactive
Austria eSIM 3GB 15Days		0812HPYIZYC	AT_3_15	3.89	0	2026-08-12 14:23:01 IST		y	1			11				B0FR9QSMSP						B0FR9QSMSP			0	DEFAULT	Inactive
Austria eSIM 5GB 30Days		0812HPTIQ4Z	AT_5_30	5.66	0	2026-08-12 14:25:32 IST		y	1			11				B0FR8XCH78						B0FR8XCH78			0	DEFAULT	Inactive
Australia eSIM 20GB 30Days	Australia eSIM 20GB 30Days - high speed internet - mobile data 5G compatible	0630HUVWGJB	AUSTRALIA-20GB-30D	14.99	0	2026-06-30 22:22:05 IST		y	4			11				B0FR9G1ZQJ						8721438400416			0	DEFAULT	Inactive
Australia eSIM 3GB 15Days	Australia eSIM 3GB 15Days - high speed internet - mobile data 5G compatible	0630HV25H7G	AUSTRALIA-3GB-15D	7.99	0	2026-06-30 22:14:16 IST		y	4			11				B0FR9SKY4D						8721438400386			0	DEFAULT	Inactive
Australia eSIM 5GB 30Days	Australia eSIM 5GB 30Days - high speed internet - mobile data 5G compatible	0630HUWBM20	AUSTRALIA-5GB-30D	8.99	0	2026-06-30 22:18:24 IST		y	4			11				B0FR9JRB62						8721438400393			0	DEFAULT	Inactive
Austria eSIM 20GB 30Days	Austria eSIM 20GB 30Days - high speed internet - mobile data 5G compatible	0630HUZCBB2	AUSTRIA-20GB-30D	14.99	0	2026-06-30 22:32:04 IST		y	4			11				B0FR8XBSBP						8721438400539			0	DEFAULT	Inactive
Austria eSIM 3GB 15Days	Austria eSIM 3GB 15Days - high speed internet - mobile data 5G compatible	0630HV1YA26	AUSTRIA-3GB-15D	7.99	0	2026-06-30 22:25:52 IST		y	4			11				B0FR9QSMSP						8721438400492			0	DEFAULT	Inactive
Austria eSIM 5GB 30Days	Austria eSIM 5GB 30Days - high speed internet - mobile data 5G compatible	0630HUZJ1SE	AUSTRIA-5GB-30D	8.99	0	2026-06-30 22:29:17 IST		y	4			11				B0FR8XCH78						8721438400515			0	DEFAULT	Inactive
Australia eSIM 20GB 30Days		0325HS7X3ME	AU_20_30	15.71	0	2026-03-25 09:08:44 GMT		y	1			11				B0FR9G1ZQJ						B0FR9G1ZQJ			0	DEFAULT	Inactive
Australia eSIM 3GB 15Days		0325HSLJPYW	AU_3_15	6.83	0	2026-03-25 10:44:22 GMT		y	1			11				B0FR9SKY4D						B0FR9SKY4D			0	DEFAULT	Inactive
Australia eSIM 5GB 30Days		0325HSD723W	AU_5_30	8.6	0	2026-03-25 09:07:18 GMT		y	1			11				B0FR9JRB62						B0FR9JRB62			0	DEFAULT	Inactive
Aaland Islands eSIM 20GB 30Days		0812HQ15BJ8	AX_20_30	30.6	0	2026-08-12 14:27:00 IST		y	1			11				B0FR39Q1KJ						B0FR39Q1KJ			0	DEFAULT	Inactive
Aaland Islands eSIM 3GB 15Days		0812HQ6DRD4	AX_3_15	5.17	0	2026-08-12 14:26:46 IST		y	1			11				B0FR3CCSMB						B0FR3CCSMB			0	DEFAULT	Inactive
Aaland Islands eSIM 5GB 30Days		0812HQ09230	AX_5_30	8.71	0	2026-08-12 14:31:28 IST		y	1			11				B0FR3G6JWB						B0FR3G6JWB			0	DEFAULT	Inactive
Azerbaijan eSIM 3GB 15Days	Azerbaijan eSIM 3GB 15Days - high speed internet - mobile data 5G compatible	0630HV1XT8Z	AZERBAIJAN-3GB-15D	11.99	0	2026-06-30 22:35:39 IST		y	4			11				B0FR9BTC98						8721438400560			0	DEFAULT	Inactive
Azerbaijan eSIM 3GB 15Days		0812HPWTZNW	AZ_3_15	27.05	0	2026-08-12 14:21:50 IST		y	1			11				B0FR9BTC98						B0FR9BTC98			0	DEFAULT	Inactive
Bahamas eSIM 20GB 30Days	Bahamas eSIM 20GB 30Days - high speed internet - mobile data 5G compatible	0630HTUE25Y	BAHAMAS-20GB-30D	121.99	0	2026-06-30 13:47:34 IST		y	4			11				B0H6MCPR9P						8721438408597			0	DEFAULT	Inactive
Bahamas eSIM 3GB 15Days	Bahamas eSIM 3GB 15Days - high speed internet - mobile data 5G compatible	0630HTQND47	BAHAMAS-3GB-15D	31.99	0	2026-06-30 13:40:41 IST		y	4			11				B0H6MB828R						8721438408573			0	DEFAULT	Inactive
Bahamas eSIM 5GB 30Days	Bahamas eSIM 5GB 30Days - high speed internet - mobile data 5G compatible	0630HTP5GI7	BAHAMAS-5GB-30D	42.99	0	2026-06-30 13:44:27 IST		y	4			11				B0H6MFGH8P						8721438408580			0	DEFAULT	Inactive
Bahrain eSIM 3GB 15Days	Bahrain eSIM 3GB 15Days - high speed internet - mobile data 5G compatible	0630HV5OWNX	BAHRAIN-3GB-15D	10.99	0	2026-06-30 22:39:32 IST		y	4			11				B0FR9K64KF						8721438400591			0	DEFAULT	Inactive
Bangladesh eSIM 20GB 30Days	Bangladesh eSIM 20GB 30Days - high speed internet - mobile data 5G compatible	0630HV3629M	BANGLADESH-20GB-30D	22.99	0	2026-06-30 22:50:37 IST		y	4			11				B0FR8FJ3HJ						8721438400683			0	DEFAULT	Inactive
Bangladesh eSIM 3GB 15Days	Bangladesh eSIM 3GB 15Days - high speed internet - mobile data 5G compatible	0630HV304KP	BANGLADESH-3GB-15D	8.99	0	2026-06-30 22:43:23 IST		y	4			11				B0FR9L7SG3						8721438400669			0	DEFAULT	Inactive
Bangladesh eSIM 5GB 30Days	Bangladesh eSIM 5GB 30Days - high speed internet - mobile data 5G compatible	0630HV67X2S	BANGLADESH-5GB-30D	10.99	0	2026-06-30 22:47:09 IST		y	4			11				B0FR9BQFCM						8721438400676			0	DEFAULT	Inactive
Barbados eSIM 20GB 30Days	Barbados eSIM 20GB 30Days - high speed internet - mobile data 5G compatible	0630HTTJC4Y	BARBADOS-20GB-30D	84.99	0	2026-06-30 13:58:11 IST		y	4			11				B0H6MJ921X						8721438408627			0	DEFAULT	Inactive
Barbados eSIM 3GB 15Days	Barbados eSIM 3GB 15Days - high speed internet - mobile data 5G compatible	0630HTMGMVP	BARBADOS-3GB-15D	23.99	0	2026-06-30 13:50:58 IST		y	4			11				B0H6MCD72X						8721438408603			0	DEFAULT	Inactive
Barbados eSIM 5GB 30Days	Barbados eSIM 5GB 30Days - high speed internet - mobile data 5G compatible	0630HTGRP7Q	BARBADOS-5GB-30D	30.99	0	2026-06-30 13:54:54 IST		y	4			11				B0H6MG6VYJ						8721438408610			0	DEFAULT	Inactive
Bosnia and Herzegovina eSIM 3GB 15Days		0812HPTZCZG	BA_3_15	8.61	0	2026-08-12 14:23:40 IST		y	1			11				B0FR9G8ZVK						B0FR9G8ZVK			0	DEFAULT	Inactive
Bangladesh eSIM 20GB 30Days		0812HQ0B6WL	BD_20_30	49.52	0	2026-08-12 14:29:14 IST		y	1			11				B0FR8FJ3HJ						B0FR8FJ3HJ			0	DEFAULT	Inactive
Bangladesh eSIM 3GB 15Days		0812HPX57NW	BD_3_15	11.08	0	2026-08-12 14:23:39 IST		y	1			11				B0FR9L7SG3						B0FR9L7SG3			0	DEFAULT	Inactive
Bangladesh eSIM 5GB 30Days		0812HQ3U78U	BD_5_30	16.97	0	2026-08-12 14:29:49 IST		y	1			11				B0FR9BQFCM						B0FR9BQFCM			0	DEFAULT	Inactive
Belarus eSIM 3GB 15Days	Belarus eSIM 3GB 15Days - high speed internet - mobile data 5G compatible	0630HUZMY5M	BELARUS-3GB-15D	8.99	0	2026-06-30 22:53:09 IST		y	4			11				B0FR9G3Z82						8721438400706			0	DEFAULT	Inactive
Belarus eSIM 5GB 30Days	Belarus eSIM 5GB 30Days - high speed internet - mobile data 5G compatible	0630HV0579S	BELARUS-5GB-30D	11.99	0	2026-06-30 22:56:23 IST		y	4			11				B0FR8FFT4D						8721438400713			0	DEFAULT	Inactive
Belgium eSIM 20GB 30Days	Belgium eSIM 20GB 30Days - high speed internet - mobile data 5G compatible	0630HUWU42T	BELGIUM-20GB-30D	14.99	0	2026-06-30 23:07:04 IST		y	4			11				B0FR9BVRCH						8721438400775			0	DEFAULT	Inactive
Belgium eSIM 3GB 15Days	Belgium eSIM 3GB 15Days - high speed internet - mobile data 5G compatible	0630HUWS3EL	BELGIUM-3GB-15D	7.99	0	2026-06-30 22:59:15 IST		y	4			11				B0FR9G432K						8721438400737			0	DEFAULT	Inactive
Belgium eSIM 5GB 30Days	Belgium eSIM 5GB 30Days - high speed internet - mobile data 5G compatible	0630HUWM28Y	BELGIUM-5GB-30D	8.99	0	2026-06-30 23:03:24 IST		y	4			11				B0FR9SXCW6						8721438400751			0	DEFAULT	Inactive
Belize eSIM 20GB 30Days	Belize eSIM 20GB 30Days - high speed internet - mobile data 5G compatible	0630HTJU4D9	BELIZE-20GB-30D	144.99	0	2026-06-30 14:08:18 IST		y	4			11				B0H6MBSQM8						8721438408658			0	DEFAULT	Inactive
Belize eSIM 3GB 15Days	Belize eSIM 3GB 15Days - high speed internet - mobile data 5G compatible	0630HTJTS83	BELIZE-3GB-15D	31.99	0	2026-06-30 14:01:14 IST		y	4			11				B0H6MFPNTX						8721438408634			0	DEFAULT	Inactive
Belize eSIM 5GB 30Days	Belize eSIM 5GB 30Days - high speed internet - mobile data 5G compatible	0630HTSPVE0	BELIZE-5GB-30D	52.99	0	2026-06-30 14:05:01 IST		y	4			11				B0H6MF1H4V						8721438408641			0	DEFAULT	Inactive
Benin eSIM 20GB 30Days	Benin eSIM 20GB 30Days - high speed internet - mobile data 5G compatible	0630HTVZFJH	BENIN-20GB-30D	75.99	0	2026-06-30 14:18:15 IST		y	4			11				B0H6M7VGSZ						8721438408689			0	DEFAULT	Inactive
Benin eSIM 3GB 15Days	Benin eSIM 3GB 15Days - high speed internet - mobile data 5G compatible	0630HTORT0D	BENIN-3GB-15D	18.99	0	2026-06-30 14:11:42 IST		y	4			11				B0H6M9YHDR						8721438408665			0	DEFAULT	Inactive
Benin eSIM 5GB 30Days	Benin eSIM 5GB 30Days - high speed internet - mobile data 5G compatible	0630HTSZ6FQ	BENIN-5GB-30D	30.99	0	2026-06-30 14:15:19 IST		y	4			11				B0H6MHRNBH						8721438408672			0	DEFAULT	Inactive
Bermuda eSIM 20GB 30Days	Bermuda eSIM 20GB 30Days - high speed internet - mobile data 5G compatible	0630HTWE74H	BERMUDA-20GB-30D	100.99	0	2026-06-30 14:28:36 IST		y	4			11				B0H6MCGQ77						8721438408719			0	DEFAULT	Inactive
Bermuda eSIM 3GB 15Days	Bermuda eSIM 3GB 15Days - high speed internet - mobile data 5G compatible	0630HTXDXCO	BERMUDA-3GB-15D	24.99	0	2026-06-30 14:21:23 IST		y	4			11				B0H6MDMTGH						8721438408696			0	DEFAULT	Inactive
Bermuda eSIM 5GB 30Days	Bermuda eSIM 5GB 30Days - high speed internet - mobile data 5G compatible	0630HTWVQTD	BERMUDA-5GB-30D	32.99	0	2026-06-30 14:25:18 IST		y	4			11				B0H6MFM5X4						8721438408702			0	DEFAULT	Inactive
Belgium eSIM 20GB 30Days		0325HST21XR	BE_20_30	19.29	0	2026-03-25 11:23:21 GMT		y	1			11				B0FR9BVRCH						B0FR9BVRCH			0	DEFAULT	Inactive
Belgium eSIM 3GB 15Days		0327H04IM8L	BE_3_15	7.43	0	2026-03-27 08:18:25 GMT		y	1			11				B0FR9G432K						B0FR9G432K			0	DEFAULT	Inactive
Belgium eSIM 5GB 30Days		0325HS7MMNQ	BE_5_30	8.6	0	2026-03-25 08:47:39 GMT		y	1			11				B0FR9SXCW6						B0FR9SXCW6			0	DEFAULT	Inactive
Burkina Faso eSIM 3GB 15Days		0812HPU30A8	BF_3_15	27.54	0	2026-08-12 14:26:16 IST		y	1			11				B0FR9HWFSK						B0FR9HWFSK			0	DEFAULT	Inactive
Burkina Faso eSIM 5GB 30Days		0812HQ1AERV	BF_5_30	40.55	0	2026-08-12 14:29:42 IST		y	1			11				B0FR9BWKSY						B0FR9BWKSY			0	DEFAULT	Inactive
Bhutan eSIM 20GB 30Days	Bhutan eSIM 20GB 30Days - high speed internet - mobile data 5G compatible	0630HTZ0KKT	BHUTAN-20GB-30D	57.99	0	2026-06-30 14:39:44 IST		y	4			11				B0H6M5WDSH						8721438408740			0	DEFAULT	Inactive
Bhutan eSIM 3GB 15Days	Bhutan eSIM 3GB 15Days - high speed internet - mobile data 5G compatible	0630HTX61FG	BHUTAN-3GB-15D	17.99	0	2026-06-30 14:32:09 IST		y	4			11				B0H6MJB588						8721438408726			0	DEFAULT	Inactive
Bhutan eSIM 5GB 30Days	Bhutan eSIM 5GB 30Days - high speed internet - mobile data 5G compatible	0630HTX69XG	BHUTAN-5GB-30D	19.99	0	2026-06-30 14:36:16 IST		y	4			11				B0H6M9C23Q						8721438408733			0	DEFAULT	Inactive
Bahrain eSIM 3GB 15Days		0812HPU15V4	BH_3_15	9.89	0	2026-08-12 14:24:27 IST		y	1			11				B0FR9K64KF						B0FR9K64KF			0	DEFAULT	Inactive
Brunei Darussalam eSIM 20GB 30Days		0812HPW4AOQ	BN_20_30	78.33	0	2026-08-12 14:25:51 IST		y	1			11				B0FR9F971C						B0FR9F971C			0	DEFAULT	Inactive
Brunei Darussalam eSIM 3GB 15Days		0812HQ4F7YT	BN_3_15	18.07	0	2026-08-12 14:30:03 IST		y	1			11				B0FR9KTJND						B0FR9KTJND			0	DEFAULT	Inactive
Bolivia eSIM 20GB 30Days	Bolivia eSIM 20GB 30Days - high speed internet - mobile data 5G compatible	0630HV07RQ5	BOLIVIA-20GB-30D	88.99	0	2026-06-30 23:14:26 IST		y	4			11				B0FR9RH588						8721438400829			0	DEFAULT	Inactive
Bolivia eSIM 3GB 15Days	Bolivia eSIM 3GB 15Days - high speed internet - mobile data 5G compatible	0630HV2MW3K	BOLIVIA-3GB-15D	24.99	0	2026-06-30 23:10:52 IST		y	4			11				B0FR8FKPKH						8721438400812			0	DEFAULT	Inactive
Bosnia and Herzegovina eSIM 3GB 15Days	Bosnia and Herzegovina eSIM 3GB 15Days - high speed internet - mobile data 5G compatible	0630HV87IKZ	BOSNIA-AND-HERZEGOVINA-3GB-15D	10.99	0	2026-06-30 23:17:19 IST		y	4			11				B0FR9G8ZVK						8721438400843			0	DEFAULT	Inactive
Botswana eSIM 3GB 15Days	Botswana eSIM 3GB 15Days - high speed internet - mobile data 5G compatible	0630HV8V8SB	BOTSWANA-3GB-15D	22.99	0	2026-06-30 23:20:50 IST		y	4			11				B0FR9G7N2Q						8721438400867			0	DEFAULT	Inactive
Bolivia eSIM 20GB 30Days		0812HQ33BAU	BO_20_30	155.28	0	2026-08-12 14:24:44 IST		y	1			11				B0FR9RH588						B0FR9RH588			0	DEFAULT	Inactive
Bolivia eSIM 3GB 15Days		0812HQ6HO2G	BO_3_15	25.88	0	2026-08-12 14:25:57 IST		y	1			11				B0FR8FKPKH						B0FR8FKPKH			0	DEFAULT	Inactive
Brazil eSIM 20GB 30Days	Brazil eSIM 20GB 30Days - high speed internet - mobile data 5G compatible	0630HV8V92Y	BRAZIL-20GB-30D	32.99	0	2026-06-30 23:27:45 IST		y	4			11				B0FR9KLZCR						8721438400935			0	DEFAULT	Inactive
Brazil eSIM 3GB 15Days	Brazil eSIM 3GB 15Days - high speed internet - mobile data 5G compatible	0630HV2F4RV	BRAZIL-3GB-15D	9.99	0	2026-06-30 23:24:20 IST		y	4			11				B0FR9G5LKV						8721438400898			0	DEFAULT	Inactive
Brunei Darussalam eSIM 20GB 30Days	Brunei Darussalam eSIM 20GB 30Days - high speed internet - mobile data 5G compatible	0630HUWZQ73	BRUNEI-DARUSSALAM-20GB-30D	65.99	0	2026-06-30 23:33:41 IST		y	4			11				B0FR9F971C						8721438400997			0	DEFAULT	Inactive
Brunei Darussalam eSIM 3GB 15Days	Brunei Darussalam eSIM 3GB 15Days - high speed internet - mobile data 5G compatible	0630HUX2D95	BRUNEI-DARUSSALAM-3GB-15D	13.99	0	2026-06-30 23:30:38 IST		y	4			11				B0FR9KTJND						8721438400980			0	DEFAULT	Inactive
Brazil eSIM 20GB 30Days		0812HPZR3XO	BR_20_30	38.88	0	2026-08-12 14:30:27 IST		y	1			11				B0FR9KLZCR						B0FR9KLZCR			0	DEFAULT	Inactive
Brazil eSIM 3GB 15Days		0812HPV6HMA	BR_3_15	8.71	0	2026-08-12 14:23:43 IST		y	1			11				B0FR9G5LKV						B0FR9G5LKV			0	DEFAULT	Inactive
Bulgaria eSIM 3GB 15Days	Bulgaria eSIM 3GB 15Days - high speed internet - mobile data 5G compatible	0630HTO21RN	BULGARIA-3GB-15D	7.99	0	2026-06-30 12:09:46 IST		y	4			11				B0H6MCT4Y5						8721438401031			0	DEFAULT	Inactive
Burkina Faso eSIM 3GB 15Days	Burkina Faso eSIM 3GB 15Days - high speed internet - mobile data 5G compatible	0630HV99EK5	BURKINA-FASO-3GB-15D	11.99	0	2026-06-30 23:36:25 IST		y	4			11				B0FR9HWFSK						8721438401086			0	DEFAULT	Inactive
Burkina Faso eSIM 5GB 30Days	Burkina Faso eSIM 5GB 30Days - high speed internet - mobile data 5G compatible	0630HV97QM3	BURKINA-FASO-5GB-30D	34.99	0	2026-06-30 23:39:58 IST		y	4			11				B0FR9BWKSY						8721438401093			0	DEFAULT	Inactive
Botswana eSIM 3GB 15Days		0812HQ480MV	BW_3_15	27.06	0	2026-08-12 14:29:57 IST		y	1			11				B0FR9G7N2Q						B0FR9G7N2Q			0	DEFAULT	Inactive
Belarus eSIM 3GB 15Days		0812HPZSSX6	BY_3_15	9.89	0	2026-08-12 14:30:39 IST		y	1			11				B0FR9G3Z82						B0FR9G3Z82			0	DEFAULT	Inactive
Belarus eSIM 5GB 30Days		0812HQ2AE52	BY_5_30	16.4	0	2026-08-12 14:24:12 IST		y	1			11				B0FR8FFT4D						B0FR8FFT4D			0	DEFAULT	Inactive
Cambodia eSIM 20GB 30Days	Cambodia eSIM 20GB 30Days - high speed internet - mobile data 5G compatible	0630HV8I0KF	CAMBODIA-20GB-30D	25.99	0	2026-07-01 00:22:57 IST		y	4			11				B0FR9GFJPL						8721438401710			0	DEFAULT	Inactive
Cambodia eSIM 3GB 15Days	Cambodia eSIM 3GB 15Days - high speed internet - mobile data 5G compatible	0630HV8W57Q	CAMBODIA-3GB-15D	8.99	0	2026-07-01 00:19:23 IST		y	4			11				B0FR8XKMJ4						8721438401697			0	DEFAULT	Inactive
Cameroon eSIM 3GB 15Days	Cameroon eSIM 3GB 15Days - high speed internet - mobile data 5G compatible	0630HV3IPMH	CAMEROON-3GB-15D	20.99	0	2026-06-30 23:43:00 IST		y	4			11				B0FR9VJ1ZB						8721438401116			0	DEFAULT	Inactive
Canada eSIM 20GB 30Days Premium	Canada eSIM 20GB 30Days Premium - high speed internet - mobile data 5G compatible	0630HUV5JXG	CANADA-PREMIUM-20GB-30D	29.99	0	2026-06-30 21:32:17 IST		y	4			11				B0H6MJ9N4Y						8721438410606			0	DEFAULT	Inactive
Canada eSIM 3GB 15Days Premium	Canada eSIM 3GB 15Days Premium - high speed internet - mobile data 5G compatible	0630HUT8MFY	CANADA-PREMIUM-3GB-15D	9.99	0	2026-06-30 21:25:55 IST		y	4			11				B0H6MJ1HMJ						8721438410583			0	DEFAULT	Inactive
Canada eSIM 5GB 30Days Premium	Canada eSIM 5GB 30Days Premium - high speed internet - mobile data 5G compatible	0630HUSU8O0	CANADA-PREMIUM-5GB-30D	14.99	0	2026-06-30 21:29:20 IST		y	4			11				B0H6MPXGBN						8721438410590			0	DEFAULT	Inactive
Cape Verde eSIM 20GB 30Days	Cape Verde eSIM 20GB 30Days - high speed internet - mobile data 5G compatible	0630HTTFFXB	CAPE-VERDE-20GB-30D	162.99	0	2026-06-30 14:50:22 IST		y	4			11				B0H6M9VSPG						8721438408771			0	DEFAULT	Inactive
Cape Verde eSIM 3GB 15Days	Cape Verde eSIM 3GB 15Days - high speed internet - mobile data 5G compatible	0630HTYWSUI	CAPE-VERDE-3GB-15D	32.99	0	2026-06-30 14:43:08 IST		y	4			11				B0H6M9R16H						8721438408757			0	DEFAULT	Inactive
Cape Verde eSIM 5GB 30Days	Cape Verde eSIM 5GB 30Days - high speed internet - mobile data 5G compatible	0630HTZ7SU1	CAPE-VERDE-5GB-30D	53.99	0	2026-06-30 14:47:04 IST		y	4			11				B0H6MFG453						8721438408764			0	DEFAULT	Inactive
Cayman Islands eSIM 20GB 30Days	Cayman Islands eSIM 20GB 30Days - high speed internet - mobile data 5G compatible	0630HTYBGXO	CAYMAN-ISLANDS-20GB-30D	94.99	0	2026-06-30 15:00:49 IST		y	4			11				B0H6MGXYNS						8721438408801			0	DEFAULT	Inactive
Cayman Islands eSIM 3GB 15Days	Cayman Islands eSIM 3GB 15Days - high speed internet - mobile data 5G compatible	0630HTXR40H	CAYMAN-ISLANDS-3GB-15D	26.99	0	2026-06-30 14:54:06 IST		y	4			11				B0H6MLHBD7						8721438408788			0	DEFAULT	Inactive
Cayman Islands eSIM 5GB 30Days	Cayman Islands eSIM 5GB 30Days - high speed internet - mobile data 5G compatible	0630HTZ3UCX	CAYMAN-ISLANDS-5GB-30D	34.99	0	2026-06-30 14:57:32 IST		y	4			11				B0H6M55MKK						8721438408795			0	DEFAULT	Inactive
Canada eSIM 20GB 30 Days | Pay As You Go Data SIM | Easy Setup | Travel SIM for Tourists & Business | 3G/4G Speeds		0325HSDADJV	CA_20_30	26.36	0	2026-03-25 09:08:13 GMT		y	1			11				B0FR9BY42D						B0FR9BY42D			0	DEFAULT	Inactive
Canada eSIM 3GB 15 Days | Pay As You Go Data SIM | Easy Setup | Travel SIM for Tourists & Business | 3G/4G Speeds		0325HS5WW1F	CA_3_15	8.6	0	2026-03-25 09:08:24 GMT		y	1			11				B0FR9RZLF3						B0FR9RZLF3			0	DEFAULT	Inactive
Canada eSIM 5GB 30 Days | Pay As You Go Data SIM | Easy Setup | Travel SIM for Tourists & Business | 3G/4G Speeds		0325HS9J2CU	CA_5_30	12.14	0	2026-03-25 10:06:15 GMT		y	1			11				B0FR9SYCBK						B0FR9SYCBK			0	DEFAULT	Inactive
Central African Republic eSIM 3GB 15Days	Central African Republic eSIM 3GB 15Days - high speed internet - mobile data 5G compatible	0630HV0GY9K	CENTRAL-AFRICAN-REPUBLIC-3GB-15D	19.99	0	2026-06-30 23:46:41 IST		y	4			11				B0FR9RK8FP						8721438401352			0	DEFAULT	Inactive
Central African Republic eSIM 5GB 30Days	Central African Republic eSIM 5GB 30Days - high speed internet - mobile data 5G compatible	0630HV4ZR3G	CENTRAL-AFRICAN-REPUBLIC-5GB-30D	33.99	0	2026-06-30 23:50:36 IST		y	4			11				B0FR9R3NMC						8721438401369			0	DEFAULT	Inactive
Central African Republic eSIM 3GB 15Days		0812HQ1SVO5	CF_3_15	27.06	0	2026-08-12 14:27:58 IST		y	1			11				B0FR9RK8FP						B0FR9RK8FP			0	DEFAULT	Inactive
Central African Republic eSIM 5GB 30Days		0812HQ3SYQV	CF_5_30	40.06	0	2026-08-12 14:30:49 IST		y	1			11				B0FR9R3NMC						B0FR9R3NMC			0	DEFAULT	Inactive
Chad eSIM 3GB 15Days	Chad eSIM 3GB 15Days - high speed internet - mobile data 5G compatible	0630HV812MU	CHAD-3GB-15D	16.99	0	2026-06-30 23:53:18 IST		y	4			11				B0FR9SG4MK						8721438401420			0	DEFAULT	Inactive
Chad eSIM 5GB 30Days	Chad eSIM 5GB 30Days - high speed internet - mobile data 5G compatible	0630HV5OOAE	CHAD-5GB-30D	27.99	0	2026-06-30 23:56:51 IST		y	4			11				B0FR9L414C						8721438401437			0	DEFAULT	Inactive
Chile eSIM 3GB 15Days	Chile eSIM 3GB 15Days - high speed internet - mobile data 5G compatible	0630HV61HY4	CHILE-3GB-15D	12.99	0	2026-06-30 23:59:55 IST		y	4			11				B0FR9RY1RT						8721438401451			0	DEFAULT	Inactive
China eSIM 20GB 30Days	China eSIM 20GB 30Days - high speed internet - mobile data 5G compatible	0630HV6HDB7	CHINA-20GB-30D	17.99	0	2026-07-01 00:11:35 IST		y	4			11				B0FR9GD6X9						8721438401604			0	DEFAULT	Inactive
China eSIM 3GB 15Days	China eSIM 3GB 15Days - high speed internet - mobile data 5G compatible	0630HV0LR5O	CHINA-3GB-15D	7.99	0	2026-07-01 00:03:47 IST		y	4			11				B0FR9QZ578						8721438401574			0	DEFAULT	Inactive
China eSIM 5GB 30Days	China eSIM 5GB 30Days - high speed internet - mobile data 5G compatible	0630HV5VI9F	CHINA-5GB-30D	8.99	0	2026-07-01 00:07:56 IST		y	4			11				B0FR9HX7XH						8721438401581			0	DEFAULT	Inactive
Switzerland eSIM 20GB 30Days		0325HS9Z9E1	CH_20_30	16.89	0	2026-03-25 10:43:50 GMT		y	1			11				B0FRB6VY7S						B0FRB6VY7S			0	DEFAULT	Inactive
Switzerland eSIM 3GB 15Days		0325HSDQF6V	CH_3_15	6.25	0	2026-03-25 10:02:22 GMT		y	1			11				B0FRB5LFVC						B0FRB5LFVC			0	DEFAULT	Inactive
Switzerland eSIM 5GB 30Days		0325HS3ENJV	CH_5_30	8.61	0	2026-03-25 09:04:00 GMT		y	1			11				B0FRB7G4VW						B0FRB7G4VW			0	DEFAULT	Inactive
Cote d'Ivoire eSIM 3GB 15Days		0812HQ2S3EV	CI_3_15	27.54	0	2026-08-12 14:25:15 IST		y	1			11				B0FR9HW9DJ						B0FR9HW9DJ			0	DEFAULT	Inactive
Cote d'Ivoire eSIM 5GB 30Days		0812HQ06RAZ	CI_5_30	40.55	0	2026-08-12 14:29:39 IST		y	1			11				B0FR9V5LYJ						B0FR9V5LYJ			0	DEFAULT	Inactive
Chile eSIM 3GB 15Days		0812HPX98SO	CL_3_15	22.29	0	2026-08-12 14:26:49 IST		y	1			11				B0FR9RY1RT						B0FR9RY1RT			0	DEFAULT	Inactive
Cameroon eSIM 3GB 15Days		0812HQ3S4WO	CM_3_15	27.05	0	2026-08-12 14:25:54 IST		y	1			11				B0FR9VJ1ZB						B0FR9VJ1ZB			0	DEFAULT	Inactive
China eSIM 20GB 30Days		0325HS7Z6OG	CN_20_30	19.24	0	2026-03-25 09:07:29 GMT		y	1			11				B0FR9GD6X9						B0FR9GD6X9			0	DEFAULT	Inactive
China eSIM 3GB 15Days		0325HT2ZXOB	CN_3_15	7.43	0	2026-03-25 15:49:52 GMT		y	1			11				B0FR9QZ578						B0FR9QZ578			0	DEFAULT	Inactive
China eSIM 5GB 30Days		0325HRXSZ75	CN_5_30	9.79	0	2026-03-25 08:06:23 GMT		y	1			11				B0FR9HX7XH						B0FR9HX7XH			0	DEFAULT	Inactive
Colombia eSIM 3GB 15Days	Colombia eSIM 3GB 15Days - high speed internet - mobile data 5G compatible	0630HV0PXPE	COLOMBIA-3GB-15D	13.99	0	2026-07-01 00:15:22 IST		y	4			11				B0FR9RL8W5						8721438401673			0	DEFAULT	Inactive
Costa Rica eSIM 3GB 15Days	Costa Rica eSIM 3GB 15Days - high speed internet - mobile data 5G compatible	0630HV6Z782	COSTA-RICA-3GB-15D	14.99	0	2026-07-01 00:26:21 IST		y	4			11				B0FR9LNRMN						8721438401765			0	DEFAULT	Inactive
Cote d'Ivoire eSIM 3GB 15Days	Cote d'Ivoire eSIM 3GB 15Days - high speed internet - mobile data 5G compatible	0630HV5UFHR	COTE-D-IVOIRE-3GB-15D	23.99	0	2026-07-01 00:29:41 IST		y	4			11				B0FR9HW9DJ						8721438401789			0	DEFAULT	Inactive
Colombia eSIM 3GB 15Days		0812HQ1EDBM	CO_3_15	11.08	0	2026-08-12 14:26:23 IST		y	1			11				B0FR9RL8W5						B0FR9RL8W5			0	DEFAULT	Inactive
Costa Rica eSIM 3GB 15Days		0812HPU363U	CR_3_15	17.56	0	2026-08-12 14:27:26 IST		y	1			11				B0FR9LNRMN						B0FR9LNRMN			0	DEFAULT	Inactive
Curacao eSIM 20GB 30Days	Curacao eSIM 20GB 30Days - high speed internet - mobile data 5G compatible	0630HTWNNW8	CURACAO-20GB-30D	78.99	0	2026-06-30 15:10:56 IST		y	4			11				B0H6MF51WH						8721438408832			0	DEFAULT	Inactive
Curacao eSIM 3GB 15Days	Curacao eSIM 3GB 15Days - high speed internet - mobile data 5G compatible	0630HTYMJD9	CURACAO-3GB-15D	21.99	0	2026-06-30 15:03:52 IST		y	4			11				B0H6M81JPM						8721438408818			0	DEFAULT	Inactive
Curacao eSIM 5GB 30Days	Curacao eSIM 5GB 30Days - high speed internet - mobile data 5G compatible	0630HU05WL3	CURACAO-5GB-30D	28.99	0	2026-06-30 15:08:00 IST		y	4			11				B0H6MGZLBC						8721438408825			0	DEFAULT	Inactive
Cyprus eSIM 3GB 15Days		0812HQ0BCPG	CY_3_15	3.39	0	2026-08-12 14:23:10 IST		y	1			11				B0FR8XJWWG						B0FR8XJWWG			0	DEFAULT	Inactive
Cyprus eSIM 5GB 30Days		0812HPYLPX8	CY_5_30	5.17	0	2026-08-12 14:31:33 IST		y	1			11				B0FR8XHWZV						B0FR8XHWZV			0	DEFAULT	Inactive
Czech Republic eSIM 20GB 30Days		0812HPTXC49	CZ_20_30	15.81	0	2026-08-12 14:25:57 IST		y	1			11				B0FR9SVN9H						B0FR9SVN9H			0	DEFAULT	Inactive
Czech Republic eSIM 5GB 30Days		0812HQ1UIN2	CZ_5_30	5.17	0	2026-08-12 14:26:18 IST		y	1			11				B0FR9BY2LF						B0FR9BY2LF			0	DEFAULT	Inactive
Democratic Republic of the Congo eSIM 3GB 15Days	Democratic Republic of the Congo eSIM 3GB 15Days - high speed internet - mobile data 5G compatible	0630HTXRA0C	DEMOCRATIC-REPUBLIC-OF-THE-CONGO-3GB-15D	13.99	0	2026-06-30 15:14:30 IST		y	4			11				B0H6LZL22Y						8721438408849			0	DEFAULT	Inactive
Democratic Republic of the Congo eSIM 5GB 30Days	Democratic Republic of the Congo eSIM 5GB 30Days - high speed internet - mobile data 5G compatible	0630HU15WFD	DEMOCRATIC-REPUBLIC-OF-THE-CONGO-5GB-30D	21.99	0	2026-06-30 15:18:06 IST		y	4			11				B0H6M6L8Z8						8721438408856			0	DEFAULT	Inactive
Germany eSIM 20GB 30Days		0325HRR6PZ1	DE_20_30	29.16	0	2026-03-25 08:11:23 GMT		y	1			11				B0GSZP9H94						B0GSZP9H94			0	DEFAULT	Inactive
Germany eSIM 3GB 15Days		0325HS4UQ9M	DE_3_15	6.24	0	2026-03-25 09:00:37 GMT		y	1			11				B0GSZBMLKV						B0GSZBMLKV			0	DEFAULT	Inactive
Germany eSIM 5GB 30Days		0327H0HS88I	DE_5_30	8.01	0	2026-03-27 09:22:11 GMT		y	1			11				B0GSZDYWLZ						B0GSZDYWLZ			0	DEFAULT	Inactive
Denmark eSIM 20GB 30Days		0812HQ23LIR	DK_20_30	15.2	0	2026-08-12 14:24:00 IST		y	1			11				B0FR9QPF45						B0FR9QPF45			0	DEFAULT	Inactive
Denmark eSIM 3GB 15Days		0812HQ74WM1	DK_3_15	3.39	0	2026-08-12 14:27:44 IST		y	1			11				B0FR9GSNP4						B0FR9GSNP4			0	DEFAULT	Inactive
Denmark eSIM 5GB 30Days		0812HPYD2O4	DK_5_30	5.17	0	2026-08-12 14:30:21 IST		y	1			11				B0FR8XQYR4						B0FR8XQYR4			0	DEFAULT	Inactive
Dominica eSIM 20GB 30Days	Dominica eSIM 20GB 30Days - high speed internet - mobile data 5G compatible	0630HU2STMZ	DOMINICA-20GB-30D	87.99	0	2026-06-30 15:31:45 IST		y	4			11				B0H6MK8XTJ						8721438408894			0	DEFAULT	Inactive
Dominica eSIM 3GB 15Days	Dominica eSIM 3GB 15Days - high speed internet - mobile data 5G compatible	0630HU2X2G1	DOMINICA-3GB-15D	23.99	0	2026-06-30 15:25:13 IST		y	4			11				B0H6M9H54M						8721438408870			0	DEFAULT	Inactive
Dominica eSIM 5GB 30Days	Dominica eSIM 5GB 30Days - high speed internet - mobile data 5G compatible	0630HU1D4FE	DOMINICA-5GB-30D	31.99	0	2026-06-30 15:28:48 IST		y	4			11				B0H6M5HR32						8721438408887			0	DEFAULT	Inactive
Dominican Republic eSIM 20GB 30Days		0812HQ2U1AN	DO_20_30	98.49	0	2026-08-12 14:29:21 IST		y	1			11				B0FR9C6DJF						B0FR9C6DJF			0	DEFAULT	Inactive
Dominican Republic eSIM 3GB 15Days		0812HQ2L072	DO_3_15	22.29	0	2026-08-12 14:26:31 IST		y	1			11				B0FR9GSKZF						B0FR9GSKZF			0	DEFAULT	Inactive
Dominican Republic eSIM 5GB 30Days		0812HQ09FYY	DO_5_30	32.37	0	2026-08-12 14:22:36 IST		y	1			11				B0FR9GQKCM						B0FR9GQKCM			0	DEFAULT	Inactive
Democratic Republic of the Congo eSIM 20GB 30Days	Democratic Republic of the Congo eSIM 20GB 30Days - high speed internet - mobile data 5G compatible	0630HTZTWZ6	DRC-20GB-30D	58.99	0	2026-06-30 15:21:30 IST		y	4			11				B0H6MZWFM7						8721438408863			0	DEFAULT	Inactive
Ecuador eSIM 3GB 15Days		0812HPTX44L	EC_3_15	17.58	0	2026-08-12 14:22:21 IST		y	1			11				B0FR9RM6MP						B0FR9RM6MP			0	DEFAULT	Inactive
Estonia eSIM 20GB 30Days		0812HPX7Q45	EE_20_30	17.47	0	2026-08-12 14:28:11 IST		y	1			11				B0FR9L527N						B0FR9L527N			0	DEFAULT	Inactive
Estonia eSIM 3GB 15Days		0812HQ0A82X	EE_3_15	3.89	0	2026-08-12 14:23:04 IST		y	1			11				B0FR9GST1S						B0FR9GST1S			0	DEFAULT	Inactive
Estonia eSIM 5GB 30Days		0812HPYZIBC	EE_5_30	5.66	0	2026-08-12 14:25:58 IST		y	1			11				B0FR9GQYKB						B0FR9GQYKB			0	DEFAULT	Inactive
Egypt eSIM 20GB 30Days		0327H0P4J0V	EG_20_30	35.21	0	2026-03-27 09:36:54 GMT		y	1			11				B0FR9GQBGL						B0FR9GQBGL			0	DEFAULT	Inactive
Egypt eSIM 3GB 15Days		0325HSE721D	EG_3_15	10.97	0	2026-03-25 09:22:24 GMT		y	1			11				B0FR9C784N						B0FR9C784N			0	DEFAULT	Inactive
Egypt eSIM 3GB 30 Days | Pay As You Go Data SIM | Easy Setup | Travel SIM for Tourists & Business | 3G/4G Speeds		0325HSISMEX	EG_3_30	10.96	0	2026-03-25 11:22:09 GMT		y	1			11				B0FR9GNL93						B0FR9GNL93			0	DEFAULT	Inactive
Egypt eSIM 5GB 30Days		0812HQ1MSMC	EG_5_30	13.43	0	2026-08-12 14:26:30 IST		y	1			11				B0FR9LR5KJ						B0FR9LR5KJ			0	DEFAULT	Inactive
Spain eSIM 20GB 30Days		0325HS54J5J	ES_20_30	18.06	0	2026-03-25 08:45:42 GMT		y	1			11				B0FRCMPGPL						B0FRCMPGPL			0	DEFAULT	Inactive
Spain eSIM 3GB 15Days		0325HSJ9A0S	ES_3_15	7.43	0	2026-03-25 10:20:15 GMT		y	1			11				B0FRCDHTZ7						B0FRCDHTZ7			0	DEFAULT	Inactive
Spain eSIM 5GB 30Days		0325HSKP81B	ES_5_30	9.79	0	2026-03-25 09:35:21 GMT		y	1			11				B0FRBQCLZN						B0FRBQCLZN			0	DEFAULT	Inactive
Europe(40+ areas) eSIM 20GB 30Days		0812HQ49JO9	EU-42_20_30	49.52	0	2026-08-12 14:26:24 IST		y	1			11				B0FR9TNPV3						B0FR9TNPV3			0	DEFAULT	Inactive
Europe(40+ areas) eSIM 5GB 30Days		0812HQ2TU2S	EU-42_5_30	16.97	0	2026-08-12 14:28:57 IST		y	1			11				B0FR9RYSSS						B0FR9RYSSS			0	DEFAULT	Inactive
Faroe Islands eSIM 20GB 30Days	Faroe Islands eSIM 20GB 30Days - high speed internet - mobile data 5G compatible	0630HU6CDUO	FAROE-ISLANDS-20GB-30D	28.99	0	2026-06-30 15:41:51 IST		y	4			11				B0H6MB82ZV						8721438408924			0	DEFAULT	Inactive
Faroe Islands eSIM 3GB 15Days	Faroe Islands eSIM 3GB 15Days - high speed internet - mobile data 5G compatible	0630HU0MSOM	FAROE-ISLANDS-3GB-15D	8.99	0	2026-06-30 15:35:09 IST		y	4			11				B0H6ML935Q						8721438408900			0	DEFAULT	Inactive
Faroe Islands eSIM 5GB 30Days	Faroe Islands eSIM 5GB 30Days - high speed internet - mobile data 5G compatible	0630HU0Z20E	FAROE-ISLANDS-5GB-30D	11.99	0	2026-06-30 15:38:34 IST		y	4			11				B0H6MF2TVH						8721438408917			0	DEFAULT	Inactive
Fiji eSIM 20GB 30Days	Fiji eSIM 20GB 30Days - high speed internet - mobile data 5G compatible	0630HU6ZLD4	FIJI-20GB-30D	39.99	0	2026-06-30 15:50:57 IST		y	4			11				B0H6MGBL3N						8721438408955			0	DEFAULT	Inactive
Fiji eSIM 3GB 15Days	Fiji eSIM 3GB 15Days - high speed internet - mobile data 5G compatible	0630HU6K3OH	FIJI-3GB-15D	11.99	0	2026-06-30 15:44:46 IST		y	4			11				B0H6MFLWYD						8721438408931			0	DEFAULT	Inactive
Fiji eSIM 5GB 30Days	Fiji eSIM 5GB 30Days - high speed internet - mobile data 5G compatible	0630HU3ECMO	FIJI-5GB-30D	13.99	0	2026-06-30 15:48:10 IST		y	4			11				B0H6MJ7GS6						8721438408948			0	DEFAULT	Inactive
Finland eSIM 3GB 15Days		0812HQ1VCX5	FI_3_15	2.8	0	2026-08-12 14:28:59 IST		y	1			11				B0FR9GSND6						B0FR9GSND6			0	DEFAULT	Inactive
Finland eSIM 5GB 30Days		0812HPX9F20	FI_5_30	3.99	0	2026-08-12 14:23:21 IST		y	1			11				B0FR9SB3BJ						B0FR9SB3BJ			0	DEFAULT	Inactive
French Guiana eSIM 20GB 30Days	French Guiana eSIM 20GB 30Days - high speed internet - mobile data 5G compatible	0630HU6H0NW	FRENCH-GUIANA-20GB-30D	16.99	0	2026-06-30 16:00:22 IST		y	4			11				B0H6MDNXJJ						8721438408986			0	DEFAULT	Inactive
French Guiana eSIM 3GB 15Days	French Guiana eSIM 3GB 15Days - high speed internet - mobile data 5G compatible	0630HU2PR0L	FRENCH-GUIANA-3GB-15D	7.99	0	2026-06-30 15:53:50 IST		y	4			11				B0H6MFD6Z3						8721438408962			0	DEFAULT	Inactive
French Guiana eSIM 5GB 30Days	French Guiana eSIM 5GB 30Days - high speed internet - mobile data 5G compatible	0630HU2QDII	FRENCH-GUIANA-5GB-30D	8.99	0	2026-06-30 15:57:16 IST		y	4			11				B0H6MGC352						8721438408979			0	DEFAULT	Inactive
French Polynesia eSIM 20GB 30Days	French Polynesia eSIM 20GB 30Days - high speed internet - mobile data 5G compatible	0630HUG7FKR	FRENCH-POLYNESIA-20GB-30D	241.99	0	2026-06-30 16:09:47 IST		y	4			11				B0H6M59GH9						8721438409013			0	DEFAULT	Inactive
French Polynesia eSIM 3GB 15Days	French Polynesia eSIM 3GB 15Days - high speed internet - mobile data 5G compatible	0630HU7ERWG	FRENCH-POLYNESIA-3GB-15D	47.99	0	2026-06-30 16:03:27 IST		y	4			11				B0H6MF6GHP						8721438408993			0	DEFAULT	Inactive
French Polynesia eSIM 5GB 30Days	French Polynesia eSIM 5GB 30Days - high speed internet - mobile data 5G compatible	0630HUAN3HR	FRENCH-POLYNESIA-5GB-30D	66.99	0	2026-06-30 16:06:41 IST		y	4			11				B0H6MD2GXY						8721438409006			0	DEFAULT	Inactive
France eSIM 20GB 30Days		0328H620YAV	FR_20_30	22.28	0	2026-03-28 18:23:45 GMT		y	1			11				B0FR9GPMC5						B0FR9GPMC5			0	DEFAULT	Inactive
France eSIM 3GB 15Days		0328H6IO0FK	FR_3_15	8.6	0	2026-03-28 20:25:23 GMT		y	1			11				B0FR9C5ZB6						B0FR9C5ZB6			0	DEFAULT	Inactive
France eSIM 5GB 30Days		0412HUL1UU0	FR_5_30	10.97	0	2026-04-12 12:27:02 IST		y	1			11				B0FR9LMDW5						B0FR9LMDW5			0	DEFAULT	Inactive
Gambia eSIM 3GB 15Days	Gambia eSIM 3GB 15Days - high speed internet - mobile data 5G compatible	0701HYATI67	GAMBIA-3GB-15D	34.99	0	2026-07-01 15:11:23 IST		y	4			11				B0H2FTMBBQ						8721438408368			0	DEFAULT	Inactive
Gambia eSIM 5GB 30Days	Gambia eSIM 5GB 30Days - high speed internet - mobile data 5G compatible	0701HYAXBLC	GAMBIA-5GB-30D	57.99	0	2026-07-01 15:15:32 IST		y	4			11				B0H2FQ3QJ9						8721438408375			0	DEFAULT	Inactive
Gabon eSIM 3GB 15Days		0812HQ2524W	GA_3_15	17.58	0	2026-08-12 14:29:39 IST		y	1			11				B0FR9GPX9T						B0FR9GPX9T			0	DEFAULT	Inactive
United Kingdom eSIM 20GB 30Days		0325HSDG15V	GB_20_30	15.12	0	2026-03-25 09:26:47 GMT		y	1			11				B0FRDGCBTN						B0FRDGCBTN			0	DEFAULT	Inactive
United Kingdom eSIM 3GB 15Days		0325HS87EES	GB_3_15	5.07	0	2026-03-25 09:07:59 GMT		y	1			11				B0FRCPD8TS						B0FRCPD8TS			0	DEFAULT	Inactive
United Kingdom eSIM 5GB 30Days		0325HSCILK2	GB_5_30	6.25	0	2026-03-25 10:44:42 GMT		y	1			11				B0FRDDRGJF						B0FRDDRGJF			0	DEFAULT	Inactive
Georgia eSIM 20GB 30Days		0812HPX9ECI	GE_20_30	25.87	0	2026-08-12 14:26:39 IST		y	1			11				B0FR9C73NK						B0FR9C73NK			0	DEFAULT	Inactive
Georgia eSIM 3GB 15Days		0812HQ2HQ7D	GE_3_15	5.76	0	2026-08-12 14:26:52 IST		y	1			11				B0FR9KMX2N						B0FR9KMX2N			0	DEFAULT	Inactive
Guernsey eSIM 20GB 30Days		0812HQ1LS5U	GG_20_30	53.55	0	2026-08-12 14:24:12 IST		y	1			11				B0FR9LYWWY						B0FR9LYWWY			0	DEFAULT	Inactive
Guernsey eSIM 3GB 15Days		0812HQ4AI1M	GG_3_15	11.57	0	2026-08-12 14:28:19 IST		y	1			11				B0FR9SMWDN						B0FR9SMWDN			0	DEFAULT	Inactive
Guernsey eSIM 5GB 30Days		0812HPY8VRX	GG_5_30	18.66	0	2026-08-12 14:30:22 IST		y	1			11				B0FR9C5PXR						B0FR9C5PXR			0	DEFAULT	Inactive
Ghana eSIM 20GB 30Days	Ghana eSIM 20GB 30Days - high speed internet - mobile data 5G compatible	0630HU4215O	GHANA-20GB-30D	40.99	0	2026-06-30 16:19:42 IST		y	4			11				B0H6M9CG3G						8721438409044			0	DEFAULT	Inactive
Ghana eSIM 3GB 15Days	Ghana eSIM 3GB 15Days - high speed internet - mobile data 5G compatible	0630HUACFLX	GHANA-3GB-15D	12.99	0	2026-06-30 16:13:22 IST		y	4			11				B0H6M7CH6H						8721438409020			0	DEFAULT	Inactive
Ghana eSIM 5GB 30Days	Ghana eSIM 5GB 30Days - high speed internet - mobile data 5G compatible	0630HUCOJZM	GHANA-5GB-30D	13.99	0	2026-06-30 16:16:56 IST		y	4			11				B0H6MD48NZ						8721438409037			0	DEFAULT	Inactive
Gibraltar eSIM 3GB 15Days		0812HQ08FCD	GI_3_15	11.08	0	2026-08-12 14:26:34 IST		y	1			11				B0FR8XSPMC						B0FR8XSPMC			0	DEFAULT	Inactive
Global139 eSIM 5GB 30Days		0812HQ2SV34	GL-139_5_30	45.95	0	2026-08-12 14:25:18 IST		y	1			11				B0FR9VNTLY						B0FR9VNTLY			0	DEFAULT	Inactive
Guadeloupe eSIM 20GB 30Days		0812HQ15JNO	GP_20_30	50.01	0	2026-08-12 14:28:48 IST		y	1			11				B0FR8XTBF6						B0FR8XTBF6			0	DEFAULT	Inactive
Guadeloupe eSIM 3GB 15Days		0812HQ3T3OR	GP_3_15	11.57	0	2026-08-12 14:26:43 IST		y	1			11				B0FR9TMVWK						B0FR9TMVWK			0	DEFAULT	Inactive
Greece eSIM 3GB 15Days	Greece eSIM 3GB 15Days - high speed internet - mobile data 5G compatible	0701HV4PDFX	GREECE-3GB-15D	7.99	0	2026-07-01 02:42:02 IST		y	4			11				B0FR9L85F6						8721438403042			0	DEFAULT	Inactive
Greenland eSIM 20GB 30Days	Greenland eSIM 20GB 30Days - high speed internet - mobile data 5G compatible	0630HUARJ22	GREENLAND-20GB-30D	112.99	0	2026-06-30 16:29:38 IST		y	4			11				B0H6MBT3TW						8721438409075			0	DEFAULT	Inactive
Greenland eSIM 3GB 15Days	Greenland eSIM 3GB 15Days - high speed internet - mobile data 5G compatible	0630HU9NZQ9	GREENLAND-3GB-15D	27.99	0	2026-06-30 16:23:06 IST		y	4			11				B0H6MLNBK2						8721438409051			0	DEFAULT	Inactive
Greenland eSIM 5GB 30Days	Greenland eSIM 5GB 30Days - high speed internet - mobile data 5G compatible	0630HUDP5YT	GREENLAND-5GB-30D	36.99	0	2026-06-30 16:26:21 IST		y	4			11				B0H6MFMLK9						8721438409068			0	DEFAULT	Inactive
Grenada eSIM 20GB 30Days	Grenada eSIM 20GB 30Days - high speed internet - mobile data 5G compatible	0630HUE170I	GRENADA-20GB-30D	102.99	0	2026-06-30 16:39:54 IST		y	4			11				B0H6MGRF37						8721438409105			0	DEFAULT	Inactive
Grenada eSIM 3GB 15Days	Grenada eSIM 3GB 15Days - high speed internet - mobile data 5G compatible	0630HUDNCAA	GRENADA-3GB-15D	28.99	0	2026-06-30 16:33:12 IST		y	4			11				B0H6M8K37V						8721438409082			0	DEFAULT	Inactive
Grenada eSIM 5GB 30Days	Grenada eSIM 5GB 30Days - high speed internet - mobile data 5G compatible	0630HUAVNIL	GRENADA-5GB-30D	37.99	0	2026-06-30 16:36:36 IST		y	4			11				B0H6MLJR6Z						8721438409099			0	DEFAULT	Inactive
Greece eSIM 20GB 30Days		0325HRMTAS7	GR_20_30	19.22	0	2026-03-25 08:05:06 GMT		y	1			11				B0FR9KJGBG						B0FR9KJGBG			0	DEFAULT	Inactive
Greece eSIM 3GB 15Days		0325HSIQ7O9	GR_3_15	6.3	0	2026-03-25 10:02:06 GMT		y	1			11				B0FR9L85F6						B0FR9L85F6			0	DEFAULT	Inactive
Greece eSIM 5GB 30Days		0327H04G88X	GR_5_30	5.71	0	2026-03-27 08:02:26 GMT		y	1			11				B0FR9C7SMF						B0FR9C7SMF			0	DEFAULT	Inactive
Guatemala eSIM 3GB 15Days		0812HPYLUK2	GT_3_15	22.3	0	2026-08-12 14:24:51 IST		y	1			11				B0FR9VC6VD						B0FR9VC6VD			0	DEFAULT	Inactive
Guinea eSIM 20GB 30Days	Guinea eSIM 20GB 30Days - high speed internet - mobile data 5G compatible	0630HUH8KS6	GUINEA-20GB-30D	81.99	0	2026-06-30 16:49:38 IST		y	4			11				B0H6M7VHYP						8721438409136			0	DEFAULT	Inactive
Guinea eSIM 3GB 15Days	Guinea eSIM 3GB 15Days - high speed internet - mobile data 5G compatible	0630HUFT9ZO	GUINEA-3GB-15D	20.99	0	2026-06-30 16:43:08 IST		y	4			11				B0H6MGZTF1						8721438409112			0	DEFAULT	Inactive
Guinea eSIM 5GB 30Days	Guinea eSIM 5GB 30Days - high speed internet - mobile data 5G compatible	0630HUG97J3	GUINEA-5GB-30D	33.99	0	2026-06-30 16:46:53 IST		y	4			11				B0H6MFTVX6						8721438409129			0	DEFAULT	Inactive
Guinea-Bissau eSIM 20GB 30Days	Guinea-Bissau eSIM 20GB 30Days - high speed internet - mobile data 5G compatible	0630HUE4SPF	GUINEA-BISSAU-20GB-30D	81.99	0	2026-06-30 16:59:01 IST		y	4			11				B0H6MF1JJS						8721438409167			0	DEFAULT	Inactive
Guinea-Bissau eSIM 3GB 15Days	Guinea-Bissau eSIM 3GB 15Days - high speed internet - mobile data 5G compatible	0630HU7DBNK	GUINEA-BISSAU-3GB-15D	19.99	0	2026-06-30 16:52:31 IST		y	4			11				B0H6MG6X8D						8721438409143			0	DEFAULT	Inactive
Guinea-Bissau eSIM 5GB 30Days	Guinea-Bissau eSIM 5GB 30Days - high speed internet - mobile data 5G compatible	0630HUALH90	GUINEA-BISSAU-5GB-30D	33.99	0	2026-06-30 16:55:34 IST		y	4			11				B0H6MCJ4Y9						8721438409150			0	DEFAULT	Inactive
Guyana eSIM 20GB 30Days	Guyana eSIM 20GB 30Days - high speed internet - mobile data 5G compatible	0630HUEBEZY	GUYANA-20GB-30D	89.99	0	2026-06-30 17:09:05 IST		y	4			11				B0H6MD1PB7						8721438409198			0	DEFAULT	Inactive
Guyana eSIM 3GB 15Days	Guyana eSIM 3GB 15Days - high speed internet - mobile data 5G compatible	0630HUB2XYF	GUYANA-3GB-15D	20.99	0	2026-06-30 17:02:24 IST		y	4			11				B0H6MCG586						8721438409174			0	DEFAULT	Inactive
Guyana eSIM 5GB 30Days	Guyana eSIM 5GB 30Days - high speed internet - mobile data 5G compatible	0630HU4M64N	GUYANA-5GB-30D	31.99	0	2026-06-30 17:05:58 IST		y	4			11				B0H6MB3FHF						8721438409181			0	DEFAULT	Inactive
Guam eSIM 20GB 30Days		0812HQ3N0GV	GU_20_30	62.51	0	2026-08-12 14:31:48 IST		y	1			11				B0FR9C7MGP						B0FR9C7MGP			0	DEFAULT	Inactive
Guam eSIM 3GB 15Days		0812HQ3E7HW	GU_3_15	14.03	0	2026-08-12 14:24:16 IST		y	1			11				B0FR9GVSSF						B0FR9GVSSF			0	DEFAULT	Inactive
Guam eSIM 5GB 30Days		0812HPX5UMF	GU_5_30	21.71	0	2026-08-12 14:23:01 IST		y	1			11				B0FR9SVP8Y						B0FR9SVP8Y			0	DEFAULT	Inactive
Haiti eSIM 20GB 30Days	Haiti eSIM 20GB 30Days - high speed internet - mobile data 5G compatible	0630HUCXR0J	HAITI-20GB-30D	147.99	0	2026-06-30 17:19:10 IST		y	4			11				B0H6MBNF3Y						8721438409228			0	DEFAULT	Inactive
Haiti eSIM 3GB 15Days	Haiti eSIM 3GB 15Days - high speed internet - mobile data 5G compatible	0630HUB8BNJ	HAITI-3GB-15D	29.99	0	2026-06-30 17:11:58 IST		y	4			11				B0H6M9YTL4						8721438409204			0	DEFAULT	Inactive
Haiti eSIM 5GB 30Days	Haiti eSIM 5GB 30Days - high speed internet - mobile data 5G compatible	0630HUFYU4N	HAITI-5GB-30D	48.99	0	2026-06-30 17:15:54 IST		y	4			11				B0H6MDHPCV						8721438409211			0	DEFAULT	Inactive
Hajjj Package Luxury 10GB 30 Days eSIM | Hajj Luxury Travel Guide + Saudi Arabia Travel Guides | 3G/4G/5G	Premium Islamic Hajj eSIM package with 10GB data valid for 30 days. Includes Hajj Luxury Travel Guide and exclusive Saudi Arabian travel guides. Instant QR activation for use across Saudi Arabia.	0630HTF9G3G	HAJJ-LUX-10GB-30D	70.99	0	2026-06-30 12:07:41 IST		y	1			11				B0H3L75HDS						B0H3L75HDS			0	DEFAULT	Inactive
Hong Kong eSIM 20GB 30Days		0327H0K46VI	HK_20_30	17.99	0	2026-03-27 09:21:04 GMT		y	1			11				B0FR9GXZ6F						B0FR9GXZ6F			0	DEFAULT	Inactive
Hong Kong eSIM 3GB 15Days		0325HRXVAUM	HK_3_15	6.25	0	2026-03-25 08:30:23 GMT		y	1			11				B0FR9CC6Q8						B0FR9CC6Q8			0	DEFAULT	Inactive
Hong Kong eSIM 5GB 30Days		0325HSQDJCD	HK_5_30	2.71	0	2026-03-25 11:54:58 GMT		y	1			11				B0FR9GXYYL						B0FR9GXYYL			0	DEFAULT	Inactive
Honduras eSIM 3GB 15Days		0812HQ33BO6	HN_3_15	18.07	0	2026-08-12 14:28:13 IST		y	1			11				B0FR9ZYV5G						B0FR9ZYV5G			0	DEFAULT	Inactive
Croatia eSIM 20GB 30Days		0812HPYSAZQ	HR_20_30	15.2	0	2026-08-12 14:29:05 IST		y	1			11				B0FR9TYCSL						B0FR9TYCSL			0	DEFAULT	Inactive
Croatia eSIM 3GB 15Days		0812HQ0BSCP	HR_3_15	3.39	0	2026-08-12 14:27:31 IST		y	1			11				B0FR9GDKT1						B0FR9GDKT1			0	DEFAULT	Inactive
Croatia eSIM 5GB 30Days		0812HQ0958G	HR_5_30	5.17	0	2026-08-12 14:24:10 IST		y	1			11				B0FR9BVV58						B0FR9BVV58			0	DEFAULT	Inactive
Hungary eSIM 20GB 30Days		0812HPYTMB0	HU_20_30	16.97	0	2026-08-12 14:27:58 IST		y	1			11				B0FR9ZVYYQ						B0FR9ZVYYQ			0	DEFAULT	Inactive
Hungary eSIM 3GB 15Days		0812HPZF9KH	HU_3_15	3.39	0	2026-08-12 14:30:24 IST		y	1			11				B0FR9C9JVW						B0FR9C9JVW			0	DEFAULT	Inactive
Hungary eSIM 5GB 30Days		0812HPYZ2X4	HU_5_30	5.17	0	2026-08-12 14:24:26 IST		y	1			11				B0FR9GY3R5						B0FR9GY3R5			0	DEFAULT	Inactive
Indonesia eSIM 20GB 30Days		0325HSM7KZW	ID_20_30	16.79	0	2026-03-25 10:40:50 GMT		y	1			11				B0FR9QXRDQ						B0FR9QXRDQ			0	DEFAULT	Inactive
Indonesia eSIM 3GB 15Days		0325HS8WN4F	ID_3_15	6.16	0	2026-03-25 09:30:58 GMT		y	1			11				B0FR9T6QPZ						B0FR9T6QPZ			0	DEFAULT	Inactive
Indonesia eSIM 5GB 30Days		0325HSAR35Q	ID_5_30	4.39	0	2026-03-25 09:24:22 GMT		y	1			11				B0FR8XW5DR						B0FR8XW5DR			0	DEFAULT	Inactive
Ireland eSIM 20GB 30Days		0327H0WMYVM	IE_20_30	18.06	0	2026-03-27 10:48:56 GMT		y	1			11				B0FR9SZG2Z						B0FR9SZG2Z			0	DEFAULT	Inactive
Ireland eSIM 3GB 15Days		0327H0HX1LJ	IE_3_15	6.16	0	2026-03-27 09:22:46 GMT		y	1			11				B0FR8XV57F						B0FR8XV57F			0	DEFAULT	Inactive
Ireland eSIM 5GB 30Days		0325HSFT448	IE_5_30	5.66	0	2026-03-25 10:01:47 GMT		y	1			11				B0FR9GYKQL						B0FR9GYKQL			0	DEFAULT	Inactive
Israel eSIM 20GB 30Days		0812HQ1I6AD	IL_20_30	26.37	0	2026-08-12 14:26:09 IST		y	1			11				B0FR9K8SQ1						B0FR9K8SQ1			0	DEFAULT	Inactive
Israel eSIM 3GB 15Days		0812HPZEGJF	IL_3_15	6.25	0	2026-08-12 14:29:24 IST		y	1			11				B0FR9M11H1						B0FR9M11H1			0	DEFAULT	Inactive
Israel eSIM 5GB 30Days		0812HPZXVP2	IL_5_30	9.2	0	2026-08-12 14:28:22 IST		y	1			11				B0FR8XVZZM						B0FR8XVZZM			0	DEFAULT	Inactive
Isle of Man eSIM 20GB 30Days		0812HPYRJ97	IM_20_30	21.02	0	2026-08-12 14:28:31 IST		y	1			11				B0FR9CB5LK						B0FR9CB5LK			0	DEFAULT	Inactive
Isle of Man eSIM 3GB 15Days		0812HQ22QIS	IM_3_15	4.48	0	2026-08-12 14:27:16 IST		y	1			11				B0FR9LZ7RL						B0FR9LZ7RL			0	DEFAULT	Inactive
Isle of Man eSIM 5GB 30Days		0812HQ07VGQ	IM_5_30	7.43	0	2026-08-12 14:26:59 IST		y	1			11				B0FR9M27XY						B0FR9M27XY			0	DEFAULT	Inactive
Indonesia eSIM 3GB 15Days	Indonesia eSIM 3GB 15Days - high speed internet - mobile data 5G compatible	0701HVTWKP0	INDONESIA-3GB-15D	7.99	0	2026-07-01 04:11:45 IST		y	4			11				B0FR9T6QPZ						8721438403707			0	DEFAULT	Inactive
India eSIM 20GB 30Days		0328H6CT06V	IN_20_30	40.63	0	2026-03-28 18:13:27 GMT		y	1			11				B0FR9DYMHX						B0FR9DYMHX			0	DEFAULT	Inactive
India eSIM 3GB 15Days		0325HSG3AVW	IN_3_15	12.07	0	2026-03-25 10:22:30 GMT		y	1			11				B0FR9ZM116						B0FR9ZM116			0	DEFAULT	Inactive
India eSIM 5GB 30Days		0325HSOWW3M	IN_5_30	16.79	0	2026-03-25 10:42:34 GMT		y	1			11				B0FR9GXWN9						B0FR9GXWN9			0	DEFAULT	Inactive
Iraq eSIM 20GB 30Days	Iraq eSIM 20GB 30Days - high speed internet - mobile data 5G compatible	0630HU56X73	IRAQ-20GB-30D	31.99	0	2026-06-30 17:28:25 IST		y	4			11				B0H6M956TN						8721438409259			0	DEFAULT	Inactive
Iraq eSIM 3GB 15Days	Iraq eSIM 3GB 15Days - high speed internet - mobile data 5G compatible	0630HUGVG9V	IRAQ-3GB-15D	9.99	0	2026-06-30 17:22:05 IST		y	4			11				B0H6MGX6P7						8721438409235			0	DEFAULT	Inactive
Iraq eSIM 5GB 30Days	Iraq eSIM 5GB 30Days - high speed internet - mobile data 5G compatible	0630HUHK1T6	IRAQ-5GB-30D	15.99	0	2026-06-30 17:25:39 IST		y	4			11				B0H6MFRHZN						8721438409242			0	DEFAULT	Inactive
Iceland eSIM 20GB 30Days		0812HPYHNM3	IS_20_30	25.88	0	2026-08-12 14:22:16 IST		y	1			11				B0FR9GX6LF						B0FR9GX6LF			0	DEFAULT	Inactive
Iceland eSIM 3GB 15Days		0812HPVVPJ7	IS_3_15	5.17	0	2026-08-12 14:23:40 IST		y	1			11				B0FR9TBBK1						B0FR9TBBK1			0	DEFAULT	Inactive
Iceland eSIM 5GB 30Days		0812HPTKCDW	IS_5_30	8.71	0	2026-08-12 14:29:35 IST		y	1			11				B0FR9ZWQBD						B0FR9ZWQBD			0	DEFAULT	Inactive
Italy eSIM 3GB 15Days	Italy eSIM 3GB 15Days - high speed internet - mobile data 5G compatible	0701HW0WTC4	ITALY-3GB-15D	7.99	0	2026-07-01 04:56:26 IST		y	4			11				B0FR9GXZ18						8721438404100			0	DEFAULT	Inactive
Italy eSIM 20GB 30Days		0325HSKQOVE	IT_20_30	16.88	0	2026-03-25 09:27:47 GMT		y	1			11				B0FR9RNZV2						B0FR9RNZV2			0	DEFAULT	Inactive
Italy eSIM 3GB 15Days		0325HSMUOAB	IT_3_15	6.25	0	2026-03-25 11:31:16 GMT		y	1			11				B0FR9GXZ18						B0FR9GXZ18			0	DEFAULT	Inactive
Italy eSIM 5GB 30Days		0325HS7Q88V	IT_5_30	4.48	0	2026-03-25 09:07:39 GMT		y	1			11				B0FR9ZR2TH						B0FR9ZR2TH			0	DEFAULT	Inactive
Jamaica eSIM 20GB 30Days	Jamaica eSIM 20GB 30Days - high speed internet - mobile data 5G compatible	0630HUGTTL9	JAMAICA-20GB-30D	86.99	0	2026-06-30 17:38:08 IST		y	4			11				B0H6MF52ZZ						8721438409280			0	DEFAULT	Inactive
Jamaica eSIM 3GB 15Days	Jamaica eSIM 3GB 15Days - high speed internet - mobile data 5G compatible	0630HUJJLBS	JAMAICA-3GB-15D	24.99	0	2026-06-30 17:31:38 IST		y	4			11				B0H6MF3PNQ						8721438409266			0	DEFAULT	Inactive
Jamaica eSIM 5GB 30Days	Jamaica eSIM 5GB 30Days - high speed internet - mobile data 5G compatible	0630HUD6YF3	JAMAICA-5GB-30D	30.99	0	2026-06-30 17:35:12 IST		y	4			11				B0H6MJQCMF						8721438409273			0	DEFAULT	Inactive
Jersey eSIM 20GB 30Days		0812HPX8M0E	JE_20_30	12.85	0	2026-08-12 14:26:11 IST		y	1			11				B0FR9CBQDH						B0FR9CBQDH			0	DEFAULT	Inactive
Jersey eSIM 3GB 15Days		0812HPRD6QV	JE_3_15	2.8	0	2026-08-12 14:26:23 IST		y	1			11				B0FR9GYMR5						B0FR9GYMR5			0	DEFAULT	Inactive
Jersey eSIM 5GB 30Days		0812HPZHAPT	JE_5_30	3.99	0	2026-08-12 14:28:13 IST		y	1			11				B0FR9M27GP						B0FR9M27GP			0	DEFAULT	Inactive
Jordan eSIM 20GB 30Days	Jordan eSIM 20GB 30Days - high speed internet - mobile data 5G compatible	0701HVYLXOF	JORDAN-20GB-30D	42.99	0	2026-07-01 05:37:33 IST		y	4			11				B0FR9ST188						8721438404438			0	DEFAULT	Inactive
Jordan eSIM 3GB 15Days	Jordan eSIM 3GB 15Days - high speed internet - mobile data 5G compatible	0701HVT0ZUH	JORDAN-3GB-15D	12.99	0	2026-07-01 05:30:21 IST		y	4			11				B0FR9M144Z						8721438404391			0	DEFAULT	Inactive
Jordan eSIM 20GB 30Days		0812HQ03LCU	JO_20_30	30.6	0	2026-08-12 14:21:40 IST		y	1			11				B0FR9ST188						B0FR9ST188			0	DEFAULT	Inactive
Jordan eSIM 3GB 15Days		0812HPX6RB6	JO_3_15	7.54	0	2026-08-12 14:27:57 IST		y	1			11				B0FR9M144Z						B0FR9M144Z			0	DEFAULT	Inactive
Jordan eSIM 5GB 30Days		0812HPYCLH5	JO_5_30	11.08	0	2026-08-12 14:22:35 IST		y	1			11				B0FR9ZTZNK						B0FR9ZTZNK			0	DEFAULT	Inactive
Japan eSIM 20GB 30Days		0327H13R92V	JP_20_30	16.9	0	2026-03-27 10:56:04 GMT		y	1			11				B0FR9RZKRB						B0FR9RZKRB			0	DEFAULT	Inactive
Japan eSIM 3GB 15Days		0325HRU0TV6	JP_3_15	6.25	0	2026-03-25 08:20:59 GMT		y	1			11				B0FR9LVZVQ						B0FR9LVZVQ			0	DEFAULT	Inactive
Japan eSIM 5GB 30Days		0325HSGFPXK	JP_5_30	4.48	0	2026-03-25 10:46:13 GMT		y	1			11				B0FR9TLXXH						B0FR9TLXXH			0	DEFAULT	Inactive
Kazakhstan eSIM 20GB 30Days	Kazakhstan eSIM 20GB 30Days - high speed internet - mobile data 5G compatible	0701HVYGF5L	KAZAKHSTAN-20GB-30D	19.99	0	2026-07-01 05:47:17 IST		y	4			11				B0FR9TLNNW						8721438404483			0	DEFAULT	Inactive
Kazakhstan eSIM 3GB 15Days	Kazakhstan eSIM 3GB 15Days - high speed internet - mobile data 5G compatible	0701HVW4L40	KAZAKHSTAN-3GB-15D	7.99	0	2026-07-01 05:40:36 IST		y	4			11				B0FR9T4DG2						8721438404452			0	DEFAULT	Inactive
Kazakhstan eSIM 5GB 30Days	Kazakhstan eSIM 5GB 30Days - high speed internet - mobile data 5G compatible	0701HVW61DM	KAZAKHSTAN-5GB-30D	9.99	0	2026-07-01 05:44:11 IST		y	4			11				B0FR9ZMMSH						8721438404469			0	DEFAULT	Inactive
Kenya eSIM 3GB 15Days	Kenya eSIM 3GB 15Days - high speed internet - mobile data 5G compatible	0701HVW7F6B	KENYA-3GB-15D	13.99	0	2026-07-01 05:50:41 IST		y	4			11				B0FR9GZ14G						8721438404506			0	DEFAULT	Inactive
Kenya eSIM 5GB 30Days	Kenya eSIM 5GB 30Days - high speed internet - mobile data 5G compatible	0701HW6FSJH	KENYA-5GB-30D	14.99	0	2026-07-01 05:54:50 IST		y	4			11				B0FR9T4DG6						8721438404513			0	DEFAULT	Inactive
Kenya eSIM 3GB 15Days		0325HSRTNZK	KE_3_15	25.76	0	2026-03-25 11:05:40 GMT		y	1			11				B0FR9GZ14G						B0FR9GZ14G			0	DEFAULT	Inactive
Kenya eSIM 5GB 30Days		0325HSCNYDQ	KE_5_30	35.21	0	2026-03-25 10:43:53 GMT		y	1			11				B0FR9T4DG6						B0FR9T4DG6			0	DEFAULT	Inactive
Kyrgyzstan eSIM 20GB 30Days		0812HQ1EONB	KG_20_30	39.37	0	2026-08-12 14:24:16 IST		y	1			11				B0FR8XXBHM						B0FR8XXBHM			0	DEFAULT	Inactive
Kyrgyzstan eSIM 3GB 15Days		0812HPU338W	KG_3_15	9.2	0	2026-08-12 14:25:03 IST		y	1			11				B0FR9TVF4R						B0FR9TVF4R			0	DEFAULT	Inactive
Cambodia eSIM 20GB 30Days		0812HPX6R8S	KH_20_30	38.87	0	2026-08-12 14:26:58 IST		y	1			11				B0FR9GFJPL						B0FR9GFJPL			0	DEFAULT	Inactive
Cambodia eSIM 3GB 15Days		0812HPYLW1V	KH_3_15	8.71	0	2026-08-12 14:24:08 IST		y	1			11				B0FR8XKMJ4						B0FR8XKMJ4			0	DEFAULT	Inactive
South Korea eSIM 20GB 30Days		0812HQEF47H	KR_20_30	13.35	0	2026-08-12 16:45:00 IST		y	1			11				B0FRC4P51Z						B0FRC4P51Z			0	DEFAULT	Inactive
South Korea eSIM 3GB 15Days		0812HQELVJK	KR_3_15	3.3	0	2026-08-12 16:40:37 IST		y	1			11				B0FRC4RTDF						B0FRC4RTDF			0	DEFAULT	Inactive
South Korea eSIM 5GB 30Days		0812HQA7FNC	KR_5_30	4.48	0	2026-08-12 16:46:38 IST		y	1			11				B0FRD9LC4C						B0FRD9LC4C			0	DEFAULT	Inactive
Kuwait eSIM 20GB 30Days	Kuwait eSIM 20GB 30Days - high speed internet - mobile data 5G compatible	0701HW7MSLY	KUWAIT-20GB-30D	35.99	0	2026-07-01 06:05:28 IST		y	4			11				B0FR9KBF4P						8721438404599			0	DEFAULT	Inactive
Kuwait eSIM 3GB 15Days	Kuwait eSIM 3GB 15Days - high speed internet - mobile data 5G compatible	0701HW6NWTA	KUWAIT-3GB-15D	9.99	0	2026-07-01 05:58:37 IST		y	4			11				B0FR9LZJ3X						8721438404568			0	DEFAULT	Inactive
Kuwait eSIM 5GB 30Days	Kuwait eSIM 5GB 30Days - high speed internet - mobile data 5G compatible	0701HW7BJ12	KUWAIT-5GB-30D	15.99	0	2026-07-01 06:02:11 IST		y	4			11				B0FR9M2TXP						8721438404582			0	DEFAULT	Inactive
Kuwait eSIM 20GB 30Days		0812HPU3XUA	KW_20_30	38.88	0	2026-08-12 14:30:23 IST		y	1			11				B0FR9KBF4P						B0FR9KBF4P			0	DEFAULT	Inactive
Kuwait eSIM 3GB 15Days		0812HPU0TFG	KW_3_15	8.71	0	2026-08-12 14:30:39 IST		y	1			11				B0FR9LZJ3X						B0FR9LZJ3X			0	DEFAULT	Inactive
Kuwait eSIM 5GB 30Days		0812HQ1HS2D	KW_5_30	13.43	0	2026-08-12 14:25:10 IST		y	1			11				B0FR9M2TXP						B0FR9M2TXP			0	DEFAULT	Inactive
Kyrgyzstan eSIM 20GB 30Days	Kyrgyzstan eSIM 20GB 30Days - high speed internet - mobile data 5G compatible	0701HVQJQRN	KYRGYZSTAN-20GB-30D	18.99	0	2026-07-01 06:12:16 IST		y	4			11				B0FR8XXBHM						8721438404629			0	DEFAULT	Inactive
Kyrgyzstan eSIM 3GB 15Days	Kyrgyzstan eSIM 3GB 15Days - high speed internet - mobile data 5G compatible	0701HVYE2IH	KYRGYZSTAN-3GB-15D	7.99	0	2026-07-01 06:08:41 IST		y	4			11				B0FR9TVF4R						8721438404612			0	DEFAULT	Inactive
Kazakhstan eSIM 20GB 30Days		0812HPWXAVG	KZ_20_30	25.87	0	2026-08-12 14:30:29 IST		y	1			11				B0FR9TLNNW						B0FR9TLNNW			0	DEFAULT	Inactive
Kazakhstan eSIM 3GB 15Days		0812HPX7PZ8	KZ_3_15	5.76	0	2026-08-12 14:26:49 IST		y	1			11				B0FR9T4DG2						B0FR9T4DG2			0	DEFAULT	Inactive
Kazakhstan eSIM 5GB 30Days		0812HQ4QB88	KZ_5_30	8.71	0	2026-08-12 14:27:45 IST		y	1			11				B0FR9ZMMSH						B0FR9ZMMSH			0	DEFAULT	Inactive
Laos eSIM 20GB 30Days	Laos eSIM 20GB 30Days - high speed internet - mobile data 5G compatible	0630HUER2SH	LAOS-20GB-30D	34.99	0	2026-06-30 17:47:01 IST		y	4			11				B0H6MBWGX1						8721438409310			0	DEFAULT	Inactive
Laos eSIM 3GB 15Days	Laos eSIM 3GB 15Days - high speed internet - mobile data 5G compatible	0630HU5FL1W	LAOS-3GB-15D	9.99	0	2026-06-30 17:40:51 IST		y	4			11				B0H6M96WPB						8721438409297			0	DEFAULT	Inactive
Laos eSIM 5GB 30Days	Laos eSIM 5GB 30Days - high speed internet - mobile data 5G compatible	0630HU8LQOC	LAOS-5GB-30D	15.99	0	2026-06-30 17:44:25 IST		y	4			11				B0H6MBJN5B						8721438409303			0	DEFAULT	Inactive
Latvia eSIM 20GB 30Days	Latvia eSIM 20GB 30Days - high speed internet - mobile data 5G compatible	0701HVZS1RY	LATVIA-20GB-30D	14.99	0	2026-07-01 06:22:23 IST		y	4			11				B0FR9SWN6V						8721438404681			0	DEFAULT	Inactive
Latvia eSIM 3GB 15Days	Latvia eSIM 3GB 15Days - high speed internet - mobile data 5G compatible	0701HW5BOC6	LATVIA-3GB-15D	7.99	0	2026-07-01 06:15:32 IST		y	4			11				B0FR9VM4K6						8721438404643			0	DEFAULT	Inactive
Latvia eSIM 5GB 30Days	Latvia eSIM 5GB 30Days - high speed internet - mobile data 5G compatible	0701HW6LUE9	LATVIA-5GB-30D	8.99	0	2026-07-01 06:19:07 IST		y	4			11				B0FR9TR99S						8721438404667			0	DEFAULT	Inactive
Liberia eSIM 3GB 15Days	Liberia eSIM 3GB 15Days - high speed internet - mobile data 5G compatible	0701HW5QIK2	LIBERIA-3GB-15D	19.99	0	2026-07-01 06:25:44 IST		y	4			11				B0FR9H18JQ						8721438404711			0	DEFAULT	Inactive
Liberia eSIM 5GB 30Days	Liberia eSIM 5GB 30Days - high speed internet - mobile data 5G compatible	0701HW3YS44	LIBERIA-5GB-30D	33.99	0	2026-07-01 06:28:32 IST		y	4			11				B0FR9SJ1YH						8721438404728			0	DEFAULT	Inactive
Libya eSIM 20GB 30Days	Libya eSIM 20GB 30Days - high speed internet - mobile data 5G compatible	0630HUD7P9F	LIBYA-20GB-30D	125.99	0	2026-06-30 17:56:16 IST		y	4			11				B0H6MFWD2Y						8721438409341			0	DEFAULT	Inactive
Libya eSIM 3GB 15Days	Libya eSIM 3GB 15Days - high speed internet - mobile data 5G compatible	0630HUHIZ5A	LIBYA-3GB-15D	32.99	0	2026-06-30 17:50:05 IST		y	4			11				B0H6MBYGXZ						8721438409327			0	DEFAULT	Inactive
Libya eSIM 5GB 30Days	Libya eSIM 5GB 30Days - high speed internet - mobile data 5G compatible	0630HUBC9KH	LIBYA-5GB-30D	43.99	0	2026-06-30 17:53:19 IST		y	4			11				B0H6M5PVSB						8721438409334			0	DEFAULT	Inactive
Liechtenstein eSIM 3GB 15Days	Liechtenstein eSIM 3GB 15Days - high speed internet - mobile data 5G compatible	0701HVWKMN7	LIECHTENSTEIN-3GB-15D	7.99	0	2026-07-01 06:31:46 IST		y	4			11				B0FR9S35ZH						8721438404742			0	DEFAULT	Inactive
Lithuania eSIM 20GB 30Days	Lithuania eSIM 20GB 30Days - high speed internet - mobile data 5G compatible	0701HW7UQPL	LITHUANIA-20GB-30D	16.99	0	2026-07-01 06:42:59 IST		y	4			11				B0FR9TQN8N						8721438404810			0	DEFAULT	Inactive
Lithuania eSIM 3GB 15Days	Lithuania eSIM 3GB 15Days - high speed internet - mobile data 5G compatible	0701HVZWGTT	LITHUANIA-3GB-15D	7.99	0	2026-07-01 06:35:47 IST		y	4			11				B0FR9KS3P4						8721438404773			0	DEFAULT	Inactive
Lithuania eSIM 5GB 30Days	Lithuania eSIM 5GB 30Days - high speed internet - mobile data 5G compatible	0701HW1VSP6	LITHUANIA-5GB-30D	8.99	0	2026-07-01 06:39:42 IST		y	4			11				B0FR9R598C						8721438404797			0	DEFAULT	Inactive
Liechtenstein eSIM 3GB 15Days		0812HQ3NWYB	LI_3_15	5.17	0	2026-08-12 14:26:01 IST		y	1			11				B0FR9S35ZH						B0FR9S35ZH			0	DEFAULT	Inactive
Sri Lanka eSIM 20GB 30Days		0812HQ8NLHP	LK_20_30	42.32	0	2026-08-12 16:38:16 IST		y	1			11				B0FRC2DZN5						B0FRC2DZN5			0	DEFAULT	Inactive
Sri Lanka eSIM 3GB 15Days		0812HQAY3DA	LK_3_15	6.84	0	2026-08-12 16:41:03 IST		y	1			11				B0FRB7Z1NW						B0FRB7Z1NW			0	DEFAULT	Inactive
Sri Lanka eSIM 5GB 30Days		0812HQ9EO84	LK_5_30	11.08	0	2026-08-12 16:46:18 IST		y	1			11				B0FRB64B8M						B0FRB64B8M			0	DEFAULT	Inactive
Liberia eSIM 3GB 15Days		0812HQ671KS	LR_3_15	22.29	0	2026-08-12 14:21:26 IST		y	1			11				B0FR9H18JQ						B0FR9H18JQ			0	DEFAULT	Inactive
Liberia eSIM 5GB 30Days		0812HQ1TYFJ	LR_5_30	32.37	0	2026-08-12 14:30:23 IST		y	1			11				B0FR9SJ1YH						B0FR9SJ1YH			0	DEFAULT	Inactive
Lithuania eSIM 20GB 30Days		0812HQ3B9DY	LT_20_30	25.88	0	2026-08-12 14:26:53 IST		y	1			11				B0FR9TQN8N						B0FR9TQN8N			0	DEFAULT	Inactive
Lithuania eSIM 3GB 15Days		0812HPV6C95	LT_3_15	3.39	0	2026-08-12 14:24:28 IST		y	1			11				B0FR9KS3P4						B0FR9KS3P4			0	DEFAULT	Inactive
Lithuania eSIM 5GB 30Days		0812HPYDD80	LT_5_30	5.17	0	2026-08-12 14:28:44 IST		y	1			11				B0FR9R598C						B0FR9R598C			0	DEFAULT	Inactive
Luxembourg eSIM 20GB 30Days	Luxembourg eSIM 20GB 30Days - high speed internet - mobile data 5G compatible	0701HW64DNK	LUXEMBOURG-20GB-30D	16.99	0	2026-07-01 06:53:37 IST		y	4			11				B0FR8XXXZB						8721438404889			0	DEFAULT	Inactive
Luxembourg eSIM 3GB 15Days	Luxembourg eSIM 3GB 15Days - high speed internet - mobile data 5G compatible	0701HW026JM	LUXEMBOURG-3GB-15D	7.99	0	2026-07-01 06:46:44 IST		y	4			11				B0FR9SHRKM						8721438404841			0	DEFAULT	Inactive
Luxembourg eSIM 5GB 30Days	Luxembourg eSIM 5GB 30Days - high speed internet - mobile data 5G compatible	0701HW35AM0	LUXEMBOURG-5GB-30D	8.99	0	2026-07-01 06:50:31 IST		y	4			11				B0FR9SB862						8721438404865			0	DEFAULT	Inactive
Luxembourg eSIM 20GB 30Days		0812HQ09CNM	LU_20_30	16.97	0	2026-08-12 14:30:43 IST		y	1			11				B0FR8XXXZB						B0FR8XXXZB			0	DEFAULT	Inactive
Luxembourg eSIM 3GB 15Days		0812HPXAF51	LU_3_15	3.39	0	2026-08-12 14:25:47 IST		y	1			11				B0FR9SHRKM						B0FR9SHRKM			0	DEFAULT	Inactive
Luxembourg eSIM 5GB 30Days		0812HPYVRIT	LU_5_30	5.17	0	2026-08-12 14:24:56 IST		y	1			11				B0FR9SB862						B0FR9SB862			0	DEFAULT	Inactive
Latvia eSIM 20GB 30Days		0812HPTX7S1	LV_20_30	16.97	0	2026-08-12 14:23:42 IST		y	1			11				B0FR9SWN6V						B0FR9SWN6V			0	DEFAULT	Inactive
Latvia eSIM 3GB 15Days		0812HQ2AJ02	LV_3_15	3.39	0	2026-08-12 14:29:06 IST		y	1			11				B0FR9VM4K6						B0FR9VM4K6			0	DEFAULT	Inactive
Latvia eSIM 5GB 30Days		0812HQ049SX	LV_5_30	5.17	0	2026-08-12 14:24:28 IST		y	1			11				B0FR9TR99S						B0FR9TR99S			0	DEFAULT	Inactive
Macao eSIM 20GB 30Days	Macao eSIM 20GB 30Days - high speed internet - mobile data 5G compatible	0701HW7UTGK	MACAO-20GB-30D	14.99	0	2026-07-01 07:03:12 IST		y	4			11				B0FR9CDBN2						8721438404957			0	DEFAULT	Inactive
Macao eSIM 3GB 15Days	Macao eSIM 3GB 15Days - high speed internet - mobile data 5G compatible	0701HW97SFD	MACAO-3GB-15D	7.99	0	2026-07-01 06:56:50 IST		y	4			11				B0FR9M485M						8721438404919			0	DEFAULT	Inactive
Macao eSIM 5GB 30Days	Macao eSIM 5GB 30Days - high speed internet - mobile data 5G compatible	0701HW63XUE	MACAO-5GB-30D	8.99	0	2026-07-01 07:00:05 IST		y	4			11				B0FR9L9624						8721438404933			0	DEFAULT	Inactive
Madagascar eSIM 3GB 15Days	Madagascar eSIM 3GB 15Days - high speed internet - mobile data 5G compatible	0701HWC4PHP	MADAGASCAR-3GB-15D	25.99	0	2026-07-01 07:06:25 IST		y	4			11				B0FR9H2NS1						8721438404988			0	DEFAULT	Inactive
Malawi eSIM 3GB 15Days	Malawi eSIM 3GB 15Days - high speed internet - mobile data 5G compatible	0701HWCDEZL	MALAWI-3GB-15D	16.99	0	2026-07-01 07:10:07 IST		y	4			11				B0FR9H3JDK						8721438405008			0	DEFAULT	Inactive
Malawi eSIM 5GB 30Days	Malawi eSIM 5GB 30Days - high speed internet - mobile data 5G compatible	0701HW9HHV0	MALAWI-5GB-30D	27.99	0	2026-07-01 07:13:20 IST		y	4			11				B0FR9GXY24						8721438405015			0	DEFAULT	Inactive
Malaysia eSIM 20GB 30Days	Malaysia eSIM 20GB 30Days - high speed internet - mobile data 5G compatible	0701HW84EFI	MALAYSIA-20GB-30D	14.99	0	2026-07-01 07:24:44 IST		y	4			11				B0FR9VMWYD						8721438405060			0	DEFAULT	Inactive
Malaysia eSIM 3GB 15Days	Malaysia eSIM 3GB 15Days - high speed internet - mobile data 5G compatible	0701HW732MC	MALAYSIA-3GB-15D	7.99	0	2026-07-01 07:16:55 IST		y	4			11				B0FR9H1Q65						8721438405039			0	DEFAULT	Inactive
Malaysia eSIM 5GB 30Days	Malaysia eSIM 5GB 30Days - high speed internet - mobile data 5G compatible	0701HW6NZCY	MALAYSIA-5GB-30D	8.99	0	2026-07-01 07:21:03 IST		y	4			11				B0FR9LDGX8						8721438405046			0	DEFAULT	Inactive
Maldives eSIM 20GB 30Days	Maldives eSIM 20GB 30Days - high speed internet - mobile data 5G compatible	0630HU5N8GH	MALDIVES-20GB-30D	116.99	0	2026-06-30 18:05:39 IST		y	4			11				B0H6MM5SCJ						8721438409372			0	DEFAULT	Inactive
Maldives eSIM 3GB 15Days	Maldives eSIM 3GB 15Days - high speed internet - mobile data 5G compatible	0630HUM3TE3	MALDIVES-3GB-15D	32.99	0	2026-06-30 17:59:28 IST		y	4			11				B0H6MD6Y71						8721438409358			0	DEFAULT	Inactive
Maldives eSIM 5GB 30Days	Maldives eSIM 5GB 30Days - high speed internet - mobile data 5G compatible	0630HUEPAF5	MALDIVES-5GB-30D	43.99	0	2026-06-30 18:02:52 IST		y	4			11				B0H6MJQZ8Y						8721438409365			0	DEFAULT	Inactive
Mali eSIM 3GB 15Days	Mali eSIM 3GB 15Days - high speed internet - mobile data 5G compatible	0701HWCAULE	MALI-3GB-15D	19.99	0	2026-07-01 07:28:32 IST		y	4			11				B0FR9TRDSY						8721438405121			0	DEFAULT	Inactive
Malta eSIM 20GB 30Days	Malta eSIM 20GB 30Days - high speed internet - mobile data 5G compatible	0701HWCC4RX	MALTA-20GB-30D	14.99	0	2026-07-01 07:39:57 IST		y	4			11				B0FR9VL1Q9						8721438405183			0	DEFAULT	Inactive
Malta eSIM 3GB 15Days	Malta eSIM 3GB 15Days - high speed internet - mobile data 5G compatible	0701HWCANK9	MALTA-3GB-15D	7.99	0	2026-07-01 07:32:24 IST		y	4			11				B0FR9M3PNR						8721438405145			0	DEFAULT	Inactive
Malta eSIM 5GB 30Days	Malta eSIM 5GB 30Days - high speed internet - mobile data 5G compatible	0701HWBTGV9	MALTA-5GB-30D	8.99	0	2026-07-01 07:36:29 IST		y	4			11				B0FR9ZSMTC						8721438405169			0	DEFAULT	Inactive
Martinique eSIM 20GB 30Days	Martinique eSIM 20GB 30Days - high speed internet - mobile data 5G compatible	0630HUKUOM1	MARTINIQUE-20GB-30D	16.99	0	2026-06-30 18:15:24 IST		y	4			11				B0H6MH94KV						8721438409402			0	DEFAULT	Inactive
Martinique eSIM 3GB 15Days	Martinique eSIM 3GB 15Days - high speed internet - mobile data 5G compatible	0630HUKH7GF	MARTINIQUE-3GB-15D	7.99	0	2026-06-30 18:08:53 IST		y	4			11				B0H6M7SBFQ						8721438409389			0	DEFAULT	Inactive
Martinique eSIM 5GB 30Days	Martinique eSIM 5GB 30Days - high speed internet - mobile data 5G compatible	0630HU5HGH2	MARTINIQUE-5GB-30D	8.99	0	2026-06-30 18:12:37 IST		y	4			11				B0H6MKCD1X						8721438409396			0	DEFAULT	Inactive
Mauritius eSIM 3GB 15Days	Mauritius eSIM 3GB 15Days - high speed internet - mobile data 5G compatible	0701HYB2KUX	MAURITIUS-3GB-15D	15.99	0	2026-07-01 15:19:19 IST		y	4			11				B0H2FYRLRC						8721438408382			0	DEFAULT	Inactive
Mauritius eSIM 5GB 30Days	Mauritius eSIM 5GB 30Days - high speed internet - mobile data 5G compatible	0701HYB4H79	MAURITIUS-5GB-30D	17.99	0	2026-07-01 15:23:27 IST		y	4			11				B0H2G2XMS3						8721438408399			0	DEFAULT	Inactive
Mayotte eSIM 20GB 30Days	Mayotte eSIM 20GB 30Days - high speed internet - mobile data 5G compatible	0630HUHY9GJ	MAYOTTE-20GB-30D	16.99	0	2026-06-30 18:25:09 IST		y	4			11				B0H6M5L8MC						8721438409433			0	DEFAULT	Inactive
Mayotte eSIM 3GB 15Days	Mayotte eSIM 3GB 15Days - high speed internet - mobile data 5G compatible	0630HUKYB7S	MAYOTTE-3GB-15D	7.99	0	2026-06-30 18:18:27 IST		y	4			11				B0H6MFWP88						8721438409419			0	DEFAULT	Inactive
Mayotte eSIM 5GB 30Days	Mayotte eSIM 5GB 30Days - high speed internet - mobile data 5G compatible	0630HUKAXQ8	MAYOTTE-5GB-30D	8.99	0	2026-06-30 18:21:51 IST		y	4			11				B0H6MD9C4Y						8721438409426			0	DEFAULT	Inactive
Morocco eSIM 20GB 30Days		0325HSA3LB1	MA_20_30	29.3	0	2026-03-25 10:42:08 GMT		y	1			11				B0FR9M57DY						B0FR9M57DY			0	DEFAULT	Inactive
Morocco eSIM 3GB 15Days		0325HSGFDL2	MA_3_15	8.6	0	2026-03-25 10:42:06 GMT		y	1			11				B0FR9CFZQR						B0FR9CFZQR			0	DEFAULT	Inactive
Morocco eSIM 5GB 30Days		0327H06QOS8	MA_5_30	9.2	0	2026-03-27 08:09:29 GMT		y	1			11				B0FR9CDDQ8						B0FR9CDDQ8			0	DEFAULT	Inactive
Monaco eSIM 3GB 15Days		0812HPU2P88	MC_3_15	27.54	0	2026-08-12 14:23:42 IST		y	1			11				B0FR9ZS6GM						B0FR9ZS6GM			0	DEFAULT	Inactive
Monaco eSIM 5GB 30Days		0812HPZP85Q	MC_5_30	40.54	0	2026-08-12 14:30:22 IST		y	1			11				B0FR9H1H4M						B0FR9H1H4M			0	DEFAULT	Inactive
Moldova eSIM 3GB 15Days		0812HPWR61E	MD_3_15	8.02	0	2026-08-12 14:29:06 IST		y	1			11				B0FR9CFQYY						B0FR9CFQYY			0	DEFAULT	Inactive
Middle East eSIM 5GB 30Days		0812HPZ4R64	ME-13_5_30	40.55	0	2026-08-12 14:24:07 IST		y	1			11				B0FR9SYKP6						B0FR9SYKP6			0	DEFAULT	Inactive
Mexico eSIM 20GB 30Days	Mexico eSIM 20GB 30Days - high speed internet - mobile data 5G compatible	0701HWFA1DQ	MEXICO-20GB-30D	34.99	0	2026-07-01 07:50:45 IST		y	4			11				B0FR9VDSJX						8721438405244			0	DEFAULT	Inactive
Mexico eSIM 3GB 15Days	Mexico eSIM 3GB 15Days - high speed internet - mobile data 5G compatible	0701HWE058M	MEXICO-3GB-15D	11.99	0	2026-07-01 07:43:22 IST		y	4			11				B0FR9SZSTG						8721438405220			0	DEFAULT	Inactive
Mexico eSIM 5GB 30Days	Mexico eSIM 5GB 30Days - high speed internet - mobile data 5G compatible	0701HWDKAXV	MEXICO-5GB-30D	13.99	0	2026-07-01 07:47:17 IST		y	4			11				B0FR9H2K1C						8721438405237			0	DEFAULT	Inactive
Montenegro eSIM 3GB 15Days		0812HQ444KC	ME_3_15	9.2	0	2026-08-12 14:29:03 IST		y	1			11				B0FR9R5HR7						B0FR9R5HR7			0	DEFAULT	Inactive
Madagascar eSIM 3GB 15Days		0812HPX6TM2	MG_3_15	17.58	0	2026-08-12 14:23:25 IST		y	1			11				B0FR9H2NS1						B0FR9H2NS1			0	DEFAULT	Inactive
Middle East eSIM 5GB 30Days	Middle East eSIM 5GB 30Days - high speed internet - mobile data 5G compatible	0701HWENL8W	MIDDLE-EAST-5GB-30D	35.99	0	2026-07-01 07:54:18 IST		y	4			11				B0FR9SYKP6						8721438405275			0	DEFAULT	Inactive
North Macedonia eSIM 3GB 15Days		0812HQHSVFF	MK_3_15	9.2	0	2026-08-12 16:44:33 IST		y	1			11				B0FRB59DJS						B0FRB59DJS			0	DEFAULT	Inactive
North Macedonia eSIM 5GB 30Days		0812HQFC9GR	MK_5_30	13.92	0	2026-08-12 16:43:15 IST		y	1			11				B0FR9WNHHX						B0FR9WNHHX			0	DEFAULT	Inactive
Mali eSIM 3GB 15Days		0812HPX6Q9T	ML_3_15	27.05	0	2026-08-12 14:23:56 IST		y	1			11				B0FR9TRDSY						B0FR9TRDSY			0	DEFAULT	Inactive
Mongolia eSIM 3GB 15Days		0812HQ0DJIM	MN_3_15	53.55	0	2026-08-12 14:24:49 IST		y	1			11				B0FR9LSYTX						B0FR9LSYTX			0	DEFAULT	Inactive
Moldova eSIM 3GB 15Days	Moldova eSIM 3GB 15Days - high speed internet - mobile data 5G compatible	0701HWENXPR	MOLDOVA-3GB-15D	7.99	0	2026-07-01 07:57:50 IST		y	4			11				B0FR9CFQYY						8721438405299			0	DEFAULT	Inactive
Monaco eSIM 3GB 15Days	Monaco eSIM 3GB 15Days - high speed internet - mobile data 5G compatible	0701HWFORY5	MONACO-3GB-15D	61.99	0	2026-07-01 08:01:41 IST		y	4			11				B0FR9ZS6GM						8721438405312			0	DEFAULT	Inactive
Monaco eSIM 5GB 30Days	Monaco eSIM 5GB 30Days - high speed internet - mobile data 5G compatible	0701HWFJ46C	MONACO-5GB-30D	84.99	0	2026-07-01 08:05:46 IST		y	4			11				B0FR9H1H4M						8721438405329			0	DEFAULT	Inactive
Mongolia eSIM 3GB 15Days	Mongolia eSIM 3GB 15Days - high speed internet - mobile data 5G compatible	0701HWGEHJK	MONGOLIA-3GB-15D	15.99	0	2026-07-01 08:09:21 IST		y	4			11				B0FR9LSYTX						8721438405343			0	DEFAULT	Inactive
Montenegro eSIM 3GB 15Days	Montenegro eSIM 3GB 15Days - high speed internet - mobile data 5G compatible	0701HWGFM26	MONTENEGRO-3GB-15D	8.99	0	2026-07-01 08:13:02 IST		y	4			11				B0FR9R5HR7						8721438405367			0	DEFAULT	Inactive
Montserrat eSIM 20GB 30Days	Montserrat eSIM 20GB 30Days - high speed internet - mobile data 5G compatible	0630HU5ZSYH	MONTSERRAT-20GB-30D	93.99	0	2026-06-30 18:35:06 IST		y	4			11				B0H6MG87HK						8721438409464			0	DEFAULT	Inactive
Montserrat eSIM 3GB 15Days	Montserrat eSIM 3GB 15Days - high speed internet - mobile data 5G compatible	0630HV3RZ5K	MONTSERRAT-3GB-15D	24.99	0	2026-07-01 00:34:01 IST		y	4			11				B0H6MDJ2ZR						8721438409440			0	DEFAULT	Inactive
Montserrat eSIM 5GB 30Days	Montserrat eSIM 5GB 30Days - high speed internet - mobile data 5G compatible	0630HU8VHWE	MONTSERRAT-5GB-30D	32.99	0	2026-06-30 18:31:46 IST		y	4			11				B0H6MGQ1Y4						8721438409457			0	DEFAULT	Inactive
Morocco eSIM 20GB 30Days	Morocco eSIM 20GB 30Days - high speed internet - mobile data 5G compatible	0701HWGKJES	MOROCCO-20GB-30D	26.99	0	2026-07-01 08:24:43 IST		y	4			11				B0FR9M57DY						8721438405428			0	DEFAULT	Inactive
Morocco eSIM 3GB 15Days	Morocco eSIM 3GB 15Days - high speed internet - mobile data 5G compatible	0701HWN8HB0	MOROCCO-3GB-15D	9.99	0	2026-07-01 08:16:53 IST		y	4			11				B0FR9CFZQR						8721438405381			0	DEFAULT	Inactive
Morocco eSIM 5GB 30Days	Morocco eSIM 5GB 30Days - high speed internet - mobile data 5G compatible	0701HWK1R0C	MOROCCO-5GB-30D	13.99	0	2026-07-01 08:21:02 IST		y	4			11				B0FR9CDDQ8						8721438405404			0	DEFAULT	Inactive
Mozambique eSIM 20GB 30Days	Mozambique eSIM 20GB 30Days - high speed internet - mobile data 5G compatible	0701HWWKBOO	MOZAMBIQUE-20GB-30D	75.99	0	2026-07-01 08:32:36 IST		y	4			11				B0FR9CFLS7						8721438405480			0	DEFAULT	Inactive
Mozambique eSIM 3GB 15Days	Mozambique eSIM 3GB 15Days - high speed internet - mobile data 5G compatible	0701HWP6M5I	MOZAMBIQUE-3GB-15D	19.99	0	2026-07-01 08:28:31 IST		y	4			11				B0FRB1M6HK						8721438405473			0	DEFAULT	Inactive
Macao eSIM 20GB 30Days		0812HQ20SDM	MO_20_30	12.85	0	2026-08-12 14:32:00 IST		y	1			11				B0FR9CDBN2						B0FR9CDBN2			0	DEFAULT	Inactive
Macao eSIM 3GB 15Days		0812HQ20XPL	MO_3_15	2.8	0	2026-08-12 14:27:31 IST		y	1			11				B0FR9M485M						B0FR9M485M			0	DEFAULT	Inactive
Macao eSIM 5GB 30Days		0812HPZA9QE	MO_5_30	3.99	0	2026-08-12 14:30:09 IST		y	1			11				B0FR9L9624						B0FR9L9624			0	DEFAULT	Inactive
Malta eSIM 20GB 30Days		0812HQ0CRB7	MT_20_30	25.87	0	2026-08-12 14:29:13 IST		y	1			11				B0FR9VL1Q9						B0FR9VL1Q9			0	DEFAULT	Inactive
Malta eSIM 3GB 15Days		0812HQ442IU	MT_3_15	4.58	0	2026-08-12 14:28:49 IST		y	1			11				B0FR9M3PNR						B0FR9M3PNR			0	DEFAULT	Inactive
Malta eSIM 5GB 30Days		0812HPU3YVI	MT_5_30	8.71	0	2026-08-12 14:25:53 IST		y	1			11				B0FR9ZSMTC						B0FR9ZSMTC			0	DEFAULT	Inactive
Malawi eSIM 3GB 15Days		0812HQ2YG9D	MW_3_15	22.3	0	2026-08-12 14:25:13 IST		y	1			11				B0FR9H3JDK						B0FR9H3JDK			0	DEFAULT	Inactive
Malawi eSIM 5GB 30Days		0812HPYM8B3	MW_5_30	32.37	0	2026-08-12 14:22:13 IST		y	1			11				B0FR9GXY24						B0FR9GXY24			0	DEFAULT	Inactive
Mexico eSIM 20GB 30Days		0812HPX7KRS	MX_20_30	38.88	0	2026-08-12 14:24:45 IST		y	1			11				B0FR9VDSJX						B0FR9VDSJX			0	DEFAULT	Inactive
Mexico eSIM 3GB 15Days		0812HQ4KKWX	MX_3_15	8.71	0	2026-08-12 14:25:08 IST		y	1			11				B0FR9SZSTG						B0FR9SZSTG			0	DEFAULT	Inactive
Mexico eSIM 5GB 30Days		0812HQ2CTCN	MX_5_30	13.43	0	2026-08-12 14:29:06 IST		y	1			11				B0FR9H2K1C						B0FR9H2K1C			0	DEFAULT	Inactive
Malaysia eSIM 20GB 30Days		0325HTIDLMF	MY_20_30	16.88	0	2026-03-25 16:11:08 GMT		y	1			11				B0FR9VMWYD						B0FR9VMWYD			0	DEFAULT	Inactive
Malaysia eSIM 3GB 15Days		0325HTARCLU	MY_3_15	6.16	0	2026-03-25 14:17:10 GMT		y	1			11				B0FR9H1Q65						B0FR9H1Q65			0	DEFAULT	Inactive
Malaysia eSIM 5GB 30Days		0325HS7F9XU	MY_5_30	8.52	0	2026-03-25 09:09:10 GMT		y	1			11				B0FR9LDGX8						B0FR9LDGX8			0	DEFAULT	Inactive
Mozambique eSIM 20GB 30Days		0812HPZENWZ	MZ_20_30	98.51	0	2026-08-12 14:29:45 IST		y	1			11				B0FR9CFLS7						B0FR9CFLS7			0	DEFAULT	Inactive
Mozambique eSIM 3GB 15Days		0812HQ39TT6	MZ_3_15	22.29	0	2026-08-12 14:25:58 IST		y	1			11				B0FRB1M6HK						B0FRB1M6HK			0	DEFAULT	Inactive
North America eSIM 5GB 30Days		0812HQE8IKX	NA-3_5_30	13.92	0	2026-08-12 16:43:12 IST		y	1			11				B0FRBDQ8H5						B0FRBDQ8H5			0	DEFAULT	Inactive
Nepal eSIM 3GB 15Days	Nepal eSIM 3GB 15Days - high speed internet - mobile data 5G compatible	0701HWNC7UY	NEPAL-3GB-15D	13.99	0	2026-07-01 08:36:21 IST		y	4			11				B0FRB1TD7L						8721438405503			0	DEFAULT	Inactive
Netherlands eSIM 20GB 30Days	Netherlands eSIM 20GB 30Days - high speed internet - mobile data 5G compatible	0701HWHB865	NETHERLANDS-20GB-30D	15.99	0	2026-07-01 08:48:01 IST		y	4			11				B0FR9NG7LB						8721438405565			0	DEFAULT	Inactive
Netherlands eSIM 3GB 15Days	Netherlands eSIM 3GB 15Days - high speed internet - mobile data 5G compatible	0701HWZ9W7V	NETHERLANDS-3GB-15D	7.99	0	2026-07-01 08:40:13 IST		y	4			11				B0FRB5GNM2						8721438405527			0	DEFAULT	Inactive
Netherlands eSIM 5GB 30Days	Netherlands eSIM 5GB 30Days - high speed internet - mobile data 5G compatible	0701HWQCU73	NETHERLANDS-5GB-30D	8.99	0	2026-07-01 08:44:20 IST		y	4			11				B0FR9NHP7Q						8721438405541			0	DEFAULT	Inactive
New Zealand eSIM 20GB 30Days	New Zealand eSIM 20GB 30Days - high speed internet - mobile data 5G compatible	0701HWQQFPL	NEW-ZEALAND-20GB-30D	24.99	0	2026-07-01 08:58:40 IST		y	4			11				B0FRB1TWT8						8721438405626			0	DEFAULT	Inactive
New Zealand eSIM 3GB 15Days	New Zealand eSIM 3GB 15Days - high speed internet - mobile data 5G compatible	0701HWYWMDU	NEW-ZEALAND-3GB-15D	8.99	0	2026-07-01 08:51:48 IST		y	4			11				B0FR9NKXF5						8721438405596			0	DEFAULT	Inactive
New Zealand eSIM 5GB 30Days	New Zealand eSIM 5GB 30Days - high speed internet - mobile data 5G compatible	0701HWTU0ST	NEW-ZEALAND-5GB-30D	10.99	0	2026-07-01 08:55:23 IST		y	4			11				B0FR9NHFWQ						8721438405602			0	DEFAULT	Inactive
Niger eSIM 3GB 15Days		0812HPY6M16	NE_3_15	27.54	0	2026-08-12 14:30:35 IST		y	1			11				B0FR9NPT1H						B0FR9NPT1H			0	DEFAULT	Inactive
Nigeria eSIM 3GB 15Days		0812HQACTWC	NG_3_15	18.06	0	2026-08-12 16:38:17 IST		y	1			11				B0FR9X17QY						B0FR9X17QY			0	DEFAULT	Inactive
Nicaragua eSIM 3GB 15Days	Nicaragua eSIM 3GB 15Days - high speed internet - mobile data 5G compatible	0701HWKX1K6	NICARAGUA-3GB-15D	13.99	0	2026-07-01 09:01:53 IST		y	4			11				B0FRB33MPG						8721438405695			0	DEFAULT	Inactive
Niger eSIM 3GB 15Days	Niger eSIM 3GB 15Days - high speed internet - mobile data 5G compatible	0701HWHITWT	NIGER-3GB-15D	16.99	0	2026-07-01 09:05:46 IST		y	4			11				B0FR9NPT1H						8721438405718			0	DEFAULT	Inactive
Nigeria eSIM 3GB 15Days	Nigeria eSIM 3GB 15Days - high speed internet - mobile data 5G compatible	0701HWSSKLI	NIGERIA-3GB-15D	13.99	0	2026-07-01 09:09:59 IST		y	4			11				B0FR9X17QY						8721438405732			0	DEFAULT	Inactive
Nicaragua eSIM 3GB 15Days		0812HQ00R53	NI_3_15	17.56	0	2026-08-12 14:23:55 IST		y	1			11				B0FRB33MPG						B0FRB33MPG			0	DEFAULT	Inactive
Netherlands eSIM 20GB 30Days		0325HSPAGF7	NL_20_30	20.33	0	2026-03-25 10:43:53 GMT		y	1			11				B0FR9NG7LB						B0FR9NG7LB			0	DEFAULT	Inactive
Netherlands eSIM 3GB 15Days		0325HSINK12	NL_3_15	6.25	0	2026-03-25 10:02:12 GMT		y	1			11				B0FRB5GNM2						B0FRB5GNM2			0	DEFAULT	Inactive
Netherlands eSIM 5GB 30Days		0325HS56AL0	NL_5_30	5.66	0	2026-03-25 09:07:33 GMT		y	1			11				B0FR9NHP7Q						B0FR9NHP7Q			0	DEFAULT	Inactive
North America eSIM 5GB 30Days	North America eSIM 5GB 30Days - high speed internet - mobile data 5G compatible	0701HWTMPRG	NORTH-AMERICA-5GB-30D	15.99	0	2026-07-01 09:14:14 IST		y	4			11				B0FRBDQ8H5						8721438405794			0	DEFAULT	Inactive
North Macedonia eSIM 3GB 15Days	North Macedonia eSIM 3GB 15Days - high speed internet - mobile data 5G compatible	0701HWVP2T6	NORTH-MACEDONIA-3GB-15D	8.99	0	2026-07-01 09:18:29 IST		y	4			11				B0FRB59DJS						8721438405862			0	DEFAULT	Inactive
North Macedonia eSIM 5GB 30Days	North Macedonia eSIM 5GB 30Days - high speed internet - mobile data 5G compatible	0701HWW6MTD	NORTH-MACEDONIA-5GB-30D	13.99	0	2026-07-01 09:22:36 IST		y	4			11				B0FR9WNHHX						8721438405879			0	DEFAULT	Inactive
Norway eSIM 20GB 30Days	Norway eSIM 20GB 30Days - high speed internet - mobile data 5G compatible	0701HWIP0YJ	NORWAY-20GB-30D	14.99	0	2026-07-01 09:34:08 IST		y	4			11				B0FRB572L8						8721438405930			0	DEFAULT	Inactive
Norway eSIM 3GB 15Days	Norway eSIM 3GB 15Days - high speed internet - mobile data 5G compatible	0701HWWVS88	NORWAY-3GB-15D	7.99	0	2026-07-01 09:26:22 IST		y	4			11				B0FR9WNK2H						8721438405893			0	DEFAULT	Inactive
Norway eSIM 5GB 30Days	Norway eSIM 5GB 30Days - high speed internet - mobile data 5G compatible	0701HWXOYD4	NORWAY-5GB-30D	8.99	0	2026-07-01 09:30:31 IST		y	4			11				B0FRBNPZ9D						8721438405916			0	DEFAULT	Inactive
Norway eSIM 20GB 30Days		0812HQ9AR7O	NO_20_30	12.84	0	2026-08-12 16:44:00 IST		y	1			11				B0FRB572L8						B0FRB572L8			0	DEFAULT	Inactive
Norway eSIM 3GB 15Days		0812HQHPSYL	NO_3_15	2.8	0	2026-08-12 16:40:32 IST		y	1			11				B0FR9WNK2H						B0FR9WNK2H			0	DEFAULT	Inactive
Norway eSIM 5GB 30Days		0812HQBDRTG	NO_5_30	3.99	0	2026-08-12 16:41:26 IST		y	1			11				B0FRBNPZ9D						B0FRBNPZ9D			0	DEFAULT	Inactive
Nepal eSIM 3GB 15Days		0812HQ2PSHH	NP_3_15	32.37	0	2026-08-12 14:31:18 IST		y	1			11				B0FRB1TD7L						B0FRB1TD7L			0	DEFAULT	Inactive
New Zealand eSIM 20GB 30Days		0812HPX6SSO	NZ_20_30	21.71	0	2026-08-12 14:30:19 IST		y	1			11				B0FRB1TWT8						B0FRB1TWT8			0	DEFAULT	Inactive
New Zealand eSIM 3GB 15Days		0812HPXBAYE	NZ_3_15	4.58	0	2026-08-12 14:30:27 IST		y	1			11				B0FR9NKXF5						B0FR9NKXF5			0	DEFAULT	Inactive
New Zealand eSIM 5GB 30Days		0812HPU0O9I	NZ_5_30	8.12	0	2026-08-12 14:29:02 IST		y	1			11				B0FR9NHFWQ						B0FR9NHFWQ			0	DEFAULT	Inactive
Oman eSIM 20GB 30Days	Oman eSIM 20GB 30Days - high speed internet - mobile data 5G compatible	0701HX1TKND	OMAN-20GB-30D	32.99	0	2026-07-01 09:42:03 IST		y	4			11				B0FRB4R3FK						8721438405992			0	DEFAULT	Inactive
Oman eSIM 3GB 15Days	Oman eSIM 3GB 15Days - high speed internet - mobile data 5G compatible	0701HWOMTRX	OMAN-3GB-15D	10.99	0	2026-07-01 09:37:54 IST		y	4			11				B0FRB4BL4W						8721438405978			0	DEFAULT	Inactive
Oman eSIM 20GB 30Days		0812HQ9MYQN	OM_20_30	70.2	0	2026-08-12 16:38:57 IST		y	1			11				B0FRB4R3FK						B0FRB4R3FK			0	DEFAULT	Inactive
Oman eSIM 3GB 15Days		0812HQEPDZW	OM_3_15	13.43	0	2026-08-12 16:42:58 IST		y	1			11				B0FRB4BL4W						B0FRB4BL4W			0	DEFAULT	Inactive
Pakistan eSIM 20GB 30Days	Pakistan eSIM 20GB 30Days - high speed internet - mobile data 5G compatible	0701HWLYRNE	PAKISTAN-20GB-30D	21.99	0	2026-07-01 09:53:37 IST		y	4			11				B0FRB691X8						8721438406050			0	DEFAULT	Inactive
Pakistan eSIM 3GB 15Days	Pakistan eSIM 3GB 15Days - high speed internet - mobile data 5G compatible	0701HWUUAL8	PAKISTAN-3GB-15D	8.99	0	2026-07-01 09:45:51 IST		y	4			11				B0FRB4HL3B						8721438406012			0	DEFAULT	Inactive
Pakistan eSIM 5GB 30Days	Pakistan eSIM 5GB 30Days - high speed internet - mobile data 5G compatible	0701HWS1QG5	PAKISTAN-5GB-30D	9.99	0	2026-07-01 09:49:58 IST		y	4			11				B0FRB48QKZ						8721438406036			0	DEFAULT	Inactive
Panama eSIM 3GB 15Days	Panama eSIM 3GB 15Days - high speed internet - mobile data 5G compatible	0701HX0SC33	PANAMA-3GB-15D	16.99	0	2026-07-01 09:57:23 IST		y	4			11				B0FRB3VFW6						8721438406074			0	DEFAULT	Inactive
Paraguay eSIM 3GB 15Days	Paraguay eSIM 3GB 15Days - high speed internet - mobile data 5G compatible	0701HX10OAU	PARAGUAY-3GB-15D	13.99	0	2026-07-01 10:01:38 IST		y	4			11				B0FRB3V7CS						8721438406098			0	DEFAULT	Inactive
Panama eSIM 3GB 15Days		0812HQFI75K	PA_3_15	17.56	0	2026-08-12 16:39:30 IST		y	1			11				B0FRB3VFW6						B0FRB3VFW6			0	DEFAULT	Inactive
Peru eSIM 20GB 30Days	Peru eSIM 20GB 30Days - high speed internet - mobile data 5G compatible	0630HTLAU60	PERU-20GB-30D	41.99	0	2026-06-30 12:18:34 IST		y	4			11				B0H6M8BLBD						8721438406128			0	DEFAULT	Inactive
Peru eSIM 3GB 15Days	Peru eSIM 3GB 15Days - high speed internet - mobile data 5G compatible	0630HTQBA09	PERU-3GB-15D	13.99	0	2026-06-30 12:14:29 IST		y	4			11				B0H6M5WW3B						8721438406111			0	DEFAULT	Inactive
Philippines eSIM 20GB 30Days	Philippines eSIM 20GB 30Days - high speed internet - mobile data 5G compatible	0701HX39JV0	PHILIPPINES-20GB-30D	22.99	0	2026-07-01 10:13:44 IST		y	4			11				B0FRB4K2D4						8721438406173			0	DEFAULT	Inactive
Philippines eSIM 3GB 15Days	Philippines eSIM 3GB 15Days - high speed internet - mobile data 5G compatible	0701HWV9J5W	PHILIPPINES-3GB-15D	8.99	0	2026-07-01 10:05:54 IST		y	4			11				B0FRB1GVXK						8721438406142			0	DEFAULT	Inactive
Philippines eSIM 5GB 30Days	Philippines eSIM 5GB 30Days - high speed internet - mobile data 5G compatible	0701HWZXSTR	PHILIPPINES-5GB-30D	9.99	0	2026-07-01 10:10:04 IST		y	4			11				B0FRB4VCKG						8721438406159			0	DEFAULT	Inactive
Philippines eSIM 20GB 30Days		0325HS2CX6S	PH_20_30	34.03	0	2026-03-25 08:08:51 GMT		y	1			11				B0FRB4K2D4						B0FRB4K2D4			0	DEFAULT	Inactive
Philippines eSIM 3GB 15Days		0325HSBDUBE	PH_3_15	9.79	0	2026-03-25 09:25:26 GMT		y	1			11				B0FRB1GVXK						B0FRB1GVXK			0	DEFAULT	Inactive
Philippines eSIM 5GB 30Days		0325HSGL7AS	PH_5_30	13.33	0	2026-03-25 10:43:28 GMT		y	1			11				B0FRB4VCKG						B0FRB4VCKG			0	DEFAULT	Inactive
Pakistan eSIM 20GB 30Days		0812HQHV2BX	PK_20_30	30.6	0	2026-08-12 16:39:51 IST		y	1			11				B0FRB691X8						B0FRB691X8			0	DEFAULT	Inactive
Pakistan eSIM 3GB 15Days		0812HQAKDJT	PK_3_15	7.53	0	2026-08-12 16:47:45 IST		y	1			11				B0FRB4HL3B						B0FRB4HL3B			0	DEFAULT	Inactive
Pakistan eSIM 5GB 30Days		0812HQAF0P4	PK_5_30	11.07	0	2026-08-12 16:38:31 IST		y	1			11				B0FRB48QKZ						B0FRB48QKZ			0	DEFAULT	Inactive
Poland eSIM 20GB 30Days		0325HSJ7BMI	PL_20_30	16.88	0	2026-03-25 10:15:34 GMT		y	1			11				B0FRB5HSK7						B0FRB5HSK7			0	DEFAULT	Inactive
Poland eSIM 3GB 15Days		0327H0J6RFE	PL_3_15	6.25	0	2026-03-27 08:13:05 GMT		y	1			11				B0FRB4JVKR						B0FRB4JVKR			0	DEFAULT	Inactive
Poland eSIM 5GB 30Days		0325HS6AW3J	PL_5_30	4.48	0	2026-03-25 09:24:13 GMT		y	1			11				B0FRBDPQ9J						B0FRBDPQ9J			0	DEFAULT	Inactive
Poland eSIM 20GB 30Days	Poland eSIM 20GB 30Days - high speed internet - mobile data 5G compatible	0701HX4L1AG	POLAND-20GB-30D	14.99	0	2026-07-01 10:25:21 IST		y	4			11				B0FRB5HSK7						8721438406289			0	DEFAULT	Inactive
Poland eSIM 3GB 15Days	Poland eSIM 3GB 15Days - high speed internet - mobile data 5G compatible	0701HX4EVV5	POLAND-3GB-15D	7.99	0	2026-07-01 10:17:32 IST		y	4			11				B0FRB4JVKR						8721438406258			0	DEFAULT	Inactive
Poland eSIM 5GB 30Days	Poland eSIM 5GB 30Days - high speed internet - mobile data 5G compatible	0701HWZTND0	POLAND-5GB-30D	8.99	0	2026-07-01 10:21:40 IST		y	4			11				B0FRBDPQ9J						8721438406272			0	DEFAULT	Inactive
Portugal eSIM 20GB 30Days	Portugal eSIM 20GB 30Days - high speed internet - mobile data 5G compatible	0701HX76U44	PORTUGAL-20GB-30D	14.99	0	2026-07-01 10:36:58 IST		y	4			11				B0FRB354KV						8721438406357			0	DEFAULT	Inactive
Portugal eSIM 3GB 15Days	Portugal eSIM 3GB 15Days - high speed internet - mobile data 5G compatible	0701HX5KDBZ	PORTUGAL-3GB-15D	7.99	0	2026-07-01 10:29:08 IST		y	4			11				B0FRB4314T						8721438406319			0	DEFAULT	Inactive
Portugal eSIM 5GB 30Days	Portugal eSIM 5GB 30Days - high speed internet - mobile data 5G compatible	0701HX1YXNB	PORTUGAL-5GB-30D	8.99	0	2026-07-01 10:33:17 IST		y	4			11				B0FRB4X799						8721438406333			0	DEFAULT	Inactive
Puerto Rico eSIM 3GB 15Days		0812HQABZ5U	PR_3_15	11.56	0	2026-08-12 16:39:28 IST		y	1			11				B0FRB5MSF1						B0FRB5MSF1			0	DEFAULT	Inactive
Puerto Rico eSIM 5GB 30Days		0812HQEBVV2	PR_5_30	17.47	0	2026-08-12 16:40:31 IST		y	1			11				B0FR9WMX9V						B0FR9WMX9V			0	DEFAULT	Inactive
Portugal eSIM 20GB 30Days		0325HSNVE77	PT_20_30	20.42	0	2026-03-25 10:41:04 GMT		y	1			11				B0FRB354KV						B0FRB354KV			0	DEFAULT	Inactive
Portugal eSIM 3GB 15Days		0325HSPEJY1	PT_3_15	6.25	0	2026-03-25 10:43:23 GMT		y	1			11				B0FRB4314T						B0FRB4314T			0	DEFAULT	Inactive
Portugal eSIM 5GB 30Days		0325HS8NIUB	PT_5_30	5.66	0	2026-03-25 09:41:13 GMT		y	1			11				B0FRB4X799						B0FRB4X799			0	DEFAULT	Inactive
Puerto Rico eSIM 3GB 15Days	Puerto Rico eSIM 3GB 15Days - high speed internet - mobile data 5G compatible	0701HX7TTG2	PUERTO-RICO-3GB-15D	11.99	0	2026-07-01 10:40:44 IST		y	4			11				B0FRB5MSF1						8721438406388			0	DEFAULT	Inactive
Puerto Rico eSIM 5GB 30Days	Puerto Rico eSIM 5GB 30Days - high speed internet - mobile data 5G compatible	0701HXI12NW	PUERTO-RICO-5GB-30D	13.99	0	2026-07-01 10:44:55 IST		y	4			11				B0FR9WMX9V						8721438406395			0	DEFAULT	Inactive
Paraguay eSIM 3GB 15Days		0812HQEG8IR	PY_3_15	17.58	0	2026-08-12 16:38:31 IST		y	1			11				B0FRB3V7CS						B0FRB3V7CS			0	DEFAULT	Inactive
Qatar eSIM 20GB 30Days	Qatar eSIM 20GB 30Days - high speed internet - mobile data 5G compatible	0701HX7UBQL	QATAR-20GB-30D	30.99	0	2026-07-01 10:56:30 IST		y	4			11				B0FR9X3QGM						8721438406449			0	DEFAULT	Inactive
Qatar eSIM 3GB 15Days	Qatar eSIM 3GB 15Days - high speed internet - mobile data 5G compatible	0701HXHA1W6	QATAR-3GB-15D	10.99	0	2026-07-01 10:48:42 IST		y	4			11				B0FR9NXH43						8721438406418			0	DEFAULT	Inactive
Qatar eSIM 5GB 30Days	Qatar eSIM 5GB 30Days - high speed internet - mobile data 5G compatible	0701HXH4L7U	QATAR-5GB-30D	17.99	0	2026-07-01 10:52:49 IST		y	4			11				B0FR9X5KB1						8721438406432			0	DEFAULT	Inactive
Qatar eSIM 20GB 30Days		0812HQF0ZVS	QA_20_30	62.47	0	2026-08-12 16:36:52 IST		y	1			11				B0FR9X3QGM						B0FR9X3QGM			0	DEFAULT	Inactive
Qatar eSIM 3GB 15Days		0812HQALAAX	QA_3_15	14.03	0	2026-08-12 16:40:54 IST		y	1			11				B0FR9NXH43						B0FR9NXH43			0	DEFAULT	Inactive
Qatar eSIM 5GB 30Days		0812HQ8VRA8	QA_5_30	21.7	0	2026-08-12 16:46:54 IST		y	1			11				B0FR9X5KB1						B0FR9X5KB1			0	DEFAULT	Inactive
Republic of the Congo eSIM 20GB 30Days	Republic of the Congo eSIM 20GB 30Days - high speed internet - mobile data 5G compatible	0630HUI8OYW	REPUBLIC-OF-THE-CONGO-20GB-30D	76.99	0	2026-06-30 18:44:52 IST		y	4			11				B0H6MJ756Y						8721438409495			0	DEFAULT	Inactive
Republic of the Congo eSIM 3GB 15Days	Republic of the Congo eSIM 3GB 15Days - high speed internet - mobile data 5G compatible	0630HUC0WON	REPUBLIC-OF-THE-CONGO-3GB-15D	21.99	0	2026-06-30 18:38:30 IST		y	4			11				B0H6MM6DKT						8721438409471			0	DEFAULT	Inactive
Republic of the Congo eSIM 5GB 30Days	Republic of the Congo eSIM 5GB 30Days - high speed internet - mobile data 5G compatible	0630HUK7XGU	REPUBLIC-OF-THE-CONGO-5GB-30D	33.99	0	2026-06-30 18:41:44 IST		y	4			11				B0H6MBXD3B						8721438409488			0	DEFAULT	Inactive
Reunion eSIM 3GB 15Days	Reunion eSIM 3GB 15Days - high speed internet - mobile data 5G compatible	0701HXNS5W2	REUNION-3GB-15D	7.99	0	2026-07-01 11:00:17 IST		y	4			11				B0FRB3KCNQ						8721438406470			0	DEFAULT	Inactive
Reunion eSIM 5GB 30Days	Reunion eSIM 5GB 30Days - high speed internet - mobile data 5G compatible	0701HXNGNGW	REUNION-5GB-30D	8.99	0	2026-07-01 11:04:25 IST		y	4			11				B0FRB47TQW						8721438406487			0	DEFAULT	Inactive
Reunion eSIM 3GB 15Days		0812HQE86QT	RE_3_15	11.08	0	2026-08-12 16:42:08 IST		y	1			11				B0FRB3KCNQ						B0FRB3KCNQ			0	DEFAULT	Inactive
Reunion eSIM 5GB 30Days		0812HQAOMH6	RE_5_30	16.97	0	2026-08-12 16:41:07 IST		y	1			11				B0FRB47TQW						B0FRB47TQW			0	DEFAULT	Inactive
Romania eSIM 20GB 30Days	Romania eSIM 20GB 30Days - high speed internet - mobile data 5G compatible	0630HUL8MID	ROMANIA-20GB-30D	14.99	0	2026-06-30 18:54:48 IST		y	4			11				B0H6MGRC1F						8721438409525			0	DEFAULT	Inactive
Romania eSIM 3GB 15Days	Romania eSIM 3GB 15Days - high speed internet - mobile data 5G compatible	0630HUME84B	ROMANIA-3GB-15D	7.99	0	2026-06-30 18:48:16 IST		y	4			11				B0H6MKQH2C						8721438409501			0	DEFAULT	Inactive
Romania eSIM 5GB 30Days	Romania eSIM 5GB 30Days - high speed internet - mobile data 5G compatible	0630HUG8ZHS	ROMANIA-5GB-30D	8.99	0	2026-06-30 18:51:30 IST		y	4			11				B0H6MFVLCB						8721438409518			0	DEFAULT	Inactive
Serbia eSIM 20GB 30Days		0812HQESQPE	RS_20_30	50.01	0	2026-08-12 16:37:38 IST		y	1			11				B0FRB5K8JC						B0FRB5K8JC			0	DEFAULT	Inactive
Serbia eSIM 3GB 15Days		0812HQ9UTYZ	RS_3_15	11.57	0	2026-08-12 16:46:09 IST		y	1			11				B0FRB5TJV2						B0FRB5TJV2			0	DEFAULT	Inactive
Russia eSIM 20GB 30Days	Russia eSIM 20GB 30Days - high speed internet - mobile data 5G compatible	0630HU97E7O	RUSSIA-20GB-30D	22.99	0	2026-06-30 19:04:24 IST		y	4			11				B0H6MDSLNC						8721438409556			0	DEFAULT	Inactive
Russia eSIM 3GB 15Days	Russia eSIM 3GB 15Days - high speed internet - mobile data 5G compatible	0630HUIAR3U	RUSSIA-3GB-15D	9.99	0	2026-06-30 18:57:52 IST		y	4			11				B0H6MDNPC8						8721438409532			0	DEFAULT	Inactive
Russia eSIM 5GB 30Days	Russia eSIM 5GB 30Days - high speed internet - mobile data 5G compatible	0630HUNRX0N	RUSSIA-5GB-30D	13.99	0	2026-06-30 19:00:56 IST		y	4			11				B0H6MLHHB2						8721438409549			0	DEFAULT	Inactive
Rwanda eSIM 20GB 30Days	Rwanda eSIM 20GB 30Days - high speed internet - mobile data 5G compatible	0630HUFG18I	RWANDA-20GB-30D	97.99	0	2026-06-30 19:14:00 IST		y	4			11				B0H6M66BWN						8721438409587			0	DEFAULT	Inactive
Rwanda eSIM 3GB 15Days	Rwanda eSIM 3GB 15Days - high speed internet - mobile data 5G compatible	0630HUMM2GR	RWANDA-3GB-15D	23.99	0	2026-06-30 19:07:27 IST		y	4			11				B0H6MK2ZBQ						8721438409563			0	DEFAULT	Inactive
Rwanda eSIM 5GB 30Days	Rwanda eSIM 5GB 30Days - high speed internet - mobile data 5G compatible	0630HUICOUC	RWANDA-5GB-30D	31.99	0	2026-06-30 19:11:03 IST		y	4			11				B0H6MJZHP1						8721438409570			0	DEFAULT	Inactive
South America eSIM 5GB 30Days		0812HQB3D9V	SA-18_5_30	32.36	0	2026-08-12 16:45:56 IST		y	1			11				B0FRB8D7HC						B0FRB8D7HC			0	DEFAULT	Inactive
Saint Barthelemy eSIM 20GB 30Days	Saint Barthelemy eSIM 20GB 30Days - high speed internet - mobile data 5G compatible	0630HU9ASQQ	SAINT-BARTHELEMY-20GB-30D	16.99	0	2026-06-30 19:23:57 IST		y	4			11				B0H6MJHHNB						8721438409617			0	DEFAULT	Inactive
Saint Barthelemy eSIM 3GB 15Days	Saint Barthelemy eSIM 3GB 15Days - high speed internet - mobile data 5G compatible	0630HUMPO46	SAINT-BARTHELEMY-3GB-15D	7.99	0	2026-06-30 19:17:25 IST		y	4			11				B0H6MDMD63						8721438409594			0	DEFAULT	Inactive
Saint Barthelemy eSIM 5GB 30Days	Saint Barthelemy eSIM 5GB 30Days - high speed internet - mobile data 5G compatible	0630HUIJ5XV	SAINT-BARTHELEMY-5GB-30D	8.99	0	2026-06-30 19:20:40 IST		y	4			11				B0H6MBS246						8721438409600			0	DEFAULT	Inactive
Saint Kitts and Nevis eSIM 20GB 30Days	Saint Kitts and Nevis eSIM 20GB 30Days - high speed internet - mobile data 5G compatible	0630HUINMNF	SAINT-KITTS-AND-NEVIS-20GB-30D	102.99	0	2026-06-30 19:33:10 IST		y	4			11				B0H6MJQSR4						8721438409648			0	DEFAULT	Inactive
Saint Kitts and Nevis eSIM 3GB 15Days	Saint Kitts and Nevis eSIM 3GB 15Days - high speed internet - mobile data 5G compatible	0630HUMWIJS	SAINT-KITTS-AND-NEVIS-3GB-15D	28.99	0	2026-06-30 19:27:01 IST		y	4			11				B0H6MDHJ2B						8721438409624			0	DEFAULT	Inactive
Saint Kitts and Nevis eSIM 5GB 30Days	Saint Kitts and Nevis eSIM 5GB 30Days - high speed internet - mobile data 5G compatible	0630HUCGDGG	SAINT-KITTS-AND-NEVIS-5GB-30D	37.99	0	2026-06-30 19:30:14 IST		y	4			11				B0H6MBK615						8721438409631			0	DEFAULT	Inactive
Saint Lucia eSIM 20GB 30Days	Saint Lucia eSIM 20GB 30Days - high speed internet - mobile data 5G compatible	0630HUOFWUE	SAINT-LUCIA-20GB-30D	102.99	0	2026-06-30 19:42:45 IST		y	4			11				B0H6MDX8DY						8721438409679			0	DEFAULT	Inactive
Saint Lucia eSIM 3GB 15Days	Saint Lucia eSIM 3GB 15Days - high speed internet - mobile data 5G compatible	0630HUO6KZN	SAINT-LUCIA-3GB-15D	28.99	0	2026-06-30 19:36:45 IST		y	4			11				B0H6M7Y1CD						8721438409655			0	DEFAULT	Inactive
Saint Lucia eSIM 5GB 30Days	Saint Lucia eSIM 5GB 30Days - high speed internet - mobile data 5G compatible	0630HUNMOST	SAINT-LUCIA-5GB-30D	37.99	0	2026-06-30 19:39:49 IST		y	4			11				B0H6MGBXNV						8721438409662			0	DEFAULT	Inactive
Saint Martin eSIM 20GB 30Days	Saint Martin eSIM 20GB 30Days - high speed internet - mobile data 5G compatible	0630HUIRF0U	SAINT-MARTIN-20GB-30D	16.99	0	2026-06-30 19:52:29 IST		y	4			11				B0H6MF7K64						8721438409709			0	DEFAULT	Inactive
Saint Martin eSIM 3GB 15Days	Saint Martin eSIM 3GB 15Days - high speed internet - mobile data 5G compatible	0630HUNOEGE	SAINT-MARTIN-3GB-15D	7.99	0	2026-06-30 19:45:48 IST		y	4			11				B0H6MDB2CN						8721438409686			0	DEFAULT	Inactive
Saint Martin eSIM 5GB 30Days	Saint Martin eSIM 5GB 30Days - high speed internet - mobile data 5G compatible	0630HUNQIIX	SAINT-MARTIN-5GB-30D	8.99	0	2026-06-30 19:49:13 IST		y	4			11				B0H6MC37Q1						8721438409693			0	DEFAULT	Inactive
Saint Vincent and the Grenadines eSIM 3GB 15Days	Saint Vincent and the Grenadines eSIM 3GB 15Days - high speed internet - mobile data 5G compatible	0630HUPONS6	SAINT-VINCENT-AND-THE-GRENADINES-3GB-15D	34.99	0	2026-06-30 19:55:33 IST		y	4			11				B0H6MF3FWZ						8721438409716			0	DEFAULT	Inactive
Saint Vincent and the Grenadines eSIM 5GB 30Days	Saint Vincent and the Grenadines eSIM 5GB 30Days - high speed internet - mobile data 5G compatible	0630HUN8324	SAINT-VINCENT-AND-THE-GRENADINES-5GB-30D	45.99	0	2026-06-30 19:59:08 IST		y	4			11				B0H6MJXH8Z						8721438409723			0	DEFAULT	Inactive
Samoa eSIM 20GB 30Days	Samoa eSIM 20GB 30Days - high speed internet - mobile data 5G compatible	0630HURG3BV	SAMOA-20GB-30D	294.99	0	2026-06-30 20:13:15 IST		y	4			11				B0H6MJQDSM						8721438409761			0	DEFAULT	Inactive
Samoa eSIM 3GB 15Days	Samoa eSIM 3GB 15Days - high speed internet - mobile data 5G compatible	0630HUOSW6M	SAMOA-3GB-15D	57.99	0	2026-06-30 20:06:03 IST		y	4			11				B0H6MGJ45S						8721438409747			0	DEFAULT	Inactive
Samoa eSIM 5GB 30Days	Samoa eSIM 5GB 30Days - high speed internet - mobile data 5G compatible	0630HUPBLNN	SAMOA-5GB-30D	79.99	0	2026-06-30 20:10:09 IST		y	4			11				B0H6MFFZH1						8721438409754			0	DEFAULT	Inactive
San Marino eSIM 20GB 30Days	San Marino eSIM 20GB 30Days - high speed internet - mobile data 5G compatible	0630HUNM2VZ	SAN-MARINO-20GB-30D	15.99	0	2026-06-30 20:22:51 IST		y	4			11				B0H6MDHJFJ						8721438409792			0	DEFAULT	Inactive
San Marino eSIM 3GB 15Days	San Marino eSIM 3GB 15Days - high speed internet - mobile data 5G compatible	0630HUQ4947	SAN-MARINO-3GB-15D	7.99	0	2026-06-30 20:16:19 IST		y	4			11				B0H6MG33GL						8721438409778			0	DEFAULT	Inactive
San Marino eSIM 5GB 30Days	San Marino eSIM 5GB 30Days - high speed internet - mobile data 5G compatible	0630HUPR3D1	SAN-MARINO-5GB-30D	8.99	0	2026-06-30 20:19:44 IST		y	4			11				B0H6ML6C38						8721438409785			0	DEFAULT	Inactive
Saudi Arabia eSIM 20GB 30Days	Saudi Arabia eSIM 20GB 30Days - high speed internet - mobile data 5G compatible	0701HXON5G7	SAUDI-ARABIA-20GB-30D	33.99	0	2026-07-01 11:16:03 IST		y	4			11				B0FRB5PZTS						8721438406548			0	DEFAULT	Inactive
Saudi Arabia eSIM 3GB 15Days	Saudi Arabia eSIM 3GB 15Days - high speed internet - mobile data 5G compatible	0701HXHXXP5	SAUDI-ARABIA-3GB-15D	11.99	0	2026-07-01 11:08:12 IST		y	4			11				B0FRB3N2KL						8721438406500			0	DEFAULT	Inactive
Saudi Arabia eSIM 5GB 30Days	Saudi Arabia eSIM 5GB 30Days - high speed internet - mobile data 5G compatible	0701HX90FFE	SAUDI-ARABIA-5GB-30D	13.99	0	2026-07-01 11:12:21 IST		y	4			11				B0FRB1SRZY						8721438406524			0	DEFAULT	Inactive
Saudi Arabia eSIM 20GB 30Days		0812HQAGR85	SA_20_30	49.52	0	2026-08-12 16:39:33 IST		y	1			11				B0FRB5PZTS						B0FRB5PZTS			0	DEFAULT	Inactive
Saudi Arabia eSIM 3GB 15Days		0812HQB3JC2	SA_3_15	9.31	0	2026-08-12 16:43:48 IST		y	1			11				B0FRB3N2KL						B0FRB3N2KL			0	DEFAULT	Inactive
Saudi Arabia eSIM 5GB 30Days		0812HQ9SNWW	SA_5_30	15.81	0	2026-08-12 16:44:29 IST		y	1			11				B0FRB1SRZY						B0FRB1SRZY			0	DEFAULT	Inactive
Seychelles eSIM 3GB 15Days		0812HQEFPA3	SC_3_15	17.58	0	2026-08-12 16:44:08 IST		y	1			11				B0FRB55T3H						B0FRB55T3H			0	DEFAULT	Inactive
Seychelles eSIM 5GB 30Days		0812HQ9KS65	SC_5_30	26.48	0	2026-08-12 16:39:13 IST		y	1			11				B0FR9P7N6M						B0FR9P7N6M			0	DEFAULT	Inactive
Sudan eSIM 3GB 15Days		0812HQELEFL	SD_3_15	42.32	0	2026-08-12 16:40:23 IST		y	1			11				B0FRCKTXNQ						B0FRCKTXNQ			0	DEFAULT	Inactive
Sudan eSIM 5GB 30Days		0812HQBD2KQ	SD_5_30	64.16	0	2026-08-12 16:45:49 IST		y	1			11				B0FRC799N3						B0FRC799N3			0	DEFAULT	Inactive
Senegal eSIM 3GB 15Days	Senegal eSIM 3GB 15Days - high speed internet - mobile data 5G compatible	0701HXKYMGS	SENEGAL-3GB-15D	15.99	0	2026-07-01 11:19:50 IST		y	4			11				B0FRB4HX92						8721438406562			0	DEFAULT	Inactive
Senegal eSIM 5GB 30Days	Senegal eSIM 5GB 30Days - high speed internet - mobile data 5G compatible	0701HXNAXGV	SENEGAL-5GB-30D	17.99	0	2026-07-01 11:24:00 IST		y	4			11				B0FRB68H77						8721438406579			0	DEFAULT	Inactive
Serbia eSIM 20GB 30Days	Serbia eSIM 20GB 30Days - high speed internet - mobile data 5G compatible	0701HXFQ04F	SERBIA-20GB-30D	20.99	0	2026-07-01 11:31:47 IST		y	4			11				B0FRB5K8JC						8721438406616			0	DEFAULT	Inactive
Serbia eSIM 3GB 15Days	Serbia eSIM 3GB 15Days - high speed internet - mobile data 5G compatible	0701HXIS2VL	SERBIA-3GB-15D	8.99	0	2026-07-01 11:27:48 IST		y	4			11				B0FRB5TJV2						8721438406593			0	DEFAULT	Inactive
Seychelles eSIM 3GB 15Days	Seychelles eSIM 3GB 15Days - high speed internet - mobile data 5G compatible	0701HXR77LT	SEYCHELLES-3GB-15D	16.99	0	2026-07-01 11:35:35 IST		y	4			11				B0FRB55T3H						8721438406630			0	DEFAULT	Inactive
Seychelles eSIM 5GB 30Days	Seychelles eSIM 5GB 30Days - high speed internet - mobile data 5G compatible	0701HXI2LSO	SEYCHELLES-5GB-30D	27.99	0	2026-07-01 11:39:45 IST		y	4			11				B0FR9P7N6M						8721438406647			0	DEFAULT	Inactive
Sweden eSIM 20GB 30Days		0812HQEMZKX	SE_20_30	17.47	0	2026-08-12 16:42:10 IST		y	1			11				B0FRB7X5SP						B0FRB7X5SP			0	DEFAULT	Inactive
Sweden eSIM 3GB 15Days		0812HQA4Q0L	SE_3_15	3.89	0	2026-08-12 16:37:17 IST		y	1			11				B0FRCC6W9S						B0FRCC6W9S			0	DEFAULT	Inactive
Sweden eSIM 5GB 30Days		0812HQF1E9N	SE_5_30	5.66	0	2026-08-12 16:40:55 IST		y	1			11				B0FRCS524D						B0FRCS524D			0	DEFAULT	Inactive
Singapore eSIM 20GB 30Days		0325HSAREF6	SG_20_30	17.56	0	2026-03-25 09:07:15 GMT		y	1			11				B0FRB256K8						B0FRB256K8			0	DEFAULT	Inactive
Singapore eSIM 3GB 30 Days | Pay As You Go Data SIM | Easy Setup | Travel SIM for Tourists & Business | 3G/4G/5G Speeds		0325HSB4UMQ	SG_3_30	8.6	0	2026-03-25 09:01:53 GMT		y	1			11				B0FRB3KY59						B0FRB3KY59			0	DEFAULT	Inactive
Singapore eSIM 5GB 30Days		0325HRYJS63	SG_5_30	9.79	0	2026-03-25 08:18:00 GMT		y	1			11				B0FR9X3Y3R						B0FR9X3Y3R			0	DEFAULT	Inactive
Sierra Leone eSIM 20GB 30Days	Sierra Leone eSIM 20GB 30Days - high speed internet - mobile data 5G compatible	0630HUQQWK2	SIERRA-LEONE-20GB-30D	93.99	0	2026-06-30 20:32:48 IST		y	4			11				B0H6ML1JW1						8721438409822			0	DEFAULT	Inactive
Sierra Leone eSIM 3GB 15Days	Sierra Leone eSIM 3GB 15Days - high speed internet - mobile data 5G compatible	0630HURIUXS	SIERRA-LEONE-3GB-15D	26.99	0	2026-06-30 20:26:15 IST		y	4			11				B0H6MHPWKP						8721438409808			0	DEFAULT	Inactive
Sierra Leone eSIM 5GB 30Days	Sierra Leone eSIM 5GB 30Days - high speed internet - mobile data 5G compatible	0630HUQZ9MB	SIERRA-LEONE-5GB-30D	32.99	0	2026-06-30 20:30:02 IST		y	4			11				B0H6MBK6HZ						8721438409815			0	DEFAULT	Inactive
Singapore eSIM 20GB 30Days	Singapore eSIM 20GB 30Days - high speed internet - mobile data 5G compatible	0701HXCXV8M	SINGAPORE-20GB-30D	14.99	0	2026-07-01 11:47:42 IST		y	4			11				B0FRB256K8						8721438406692			0	DEFAULT	Inactive
Singapore eSIM 5GB 30Days	Singapore eSIM 5GB 30Days - high speed internet - mobile data 5G compatible	0701HXITD1D	SINGAPORE-5GB-30D	8.99	0	2026-07-01 11:43:33 IST		y	4			11				B0FR9X3Y3R						8721438406678			0	DEFAULT	Inactive
Slovenia eSIM 20GB 30Days		0812HQFCJ4E	SI_20_30	17.47	0	2026-08-12 16:40:58 IST		y	1			11				B0FR9X15V2						B0FR9X15V2			0	DEFAULT	Inactive
Slovenia eSIM 3GB 15Days		0812HQAIJVA	SI_3_15	3.89	0	2026-08-12 16:39:59 IST		y	1			11				B0FR9XCF27						B0FR9XCF27			0	DEFAULT	Inactive
Slovenia eSIM 5GB 30Days		0812HQ8KBWI	SI_5_30	5.66	0	2026-08-12 16:40:08 IST		y	1			11				B0FRB3SJMR						B0FRB3SJMR			0	DEFAULT	Inactive
Slovakia eSIM 20GB 30Days		0812HQB0IJ3	SK_20_30	17.47	0	2026-08-12 16:37:37 IST		y	1			11				B0FRB14YYC						B0FRB14YYC			0	DEFAULT	Inactive
Slovakia eSIM 3GB 15Days		0812HQF5ZOX	SK_3_15	3.89	0	2026-08-12 16:45:47 IST		y	1			11				B0FR9XC4BW						B0FR9XC4BW			0	DEFAULT	Inactive
Slovakia eSIM 5GB 30Days		0812HQAKD6C	SK_5_30	5.66	0	2026-08-12 16:42:16 IST		y	1			11				B0FRB2X84M						B0FRB2X84M			0	DEFAULT	Inactive
Slovakia eSIM 20GB 30Days	Slovakia eSIM 20GB 30Days - high speed internet - mobile data 5G compatible	0701HXGBHOP	SLOVAKIA-20GB-30D	14.99	0	2026-07-01 11:59:04 IST		y	4			11				B0FRB14YYC						8721438406807			0	DEFAULT	Inactive
Slovakia eSIM 3GB 15Days	Slovakia eSIM 3GB 15Days - high speed internet - mobile data 5G compatible	0701HXITE5O	SLOVAKIA-3GB-15D	7.99	0	2026-07-01 11:51:29 IST		y	4			11				B0FR9XC4BW						8721438406760			0	DEFAULT	Inactive
Slovakia eSIM 5GB 30Days	Slovakia eSIM 5GB 30Days - high speed internet - mobile data 5G compatible	0701HXJ3KO3	SLOVAKIA-5GB-30D	8.99	0	2026-07-01 11:55:26 IST		y	4			11				B0FRB2X84M						8721438406784			0	DEFAULT	Inactive
Slovenia eSIM 20GB 30Days	Slovenia eSIM 20GB 30Days - high speed internet - mobile data 5G compatible	0701HXAF49E	SLOVENIA-20GB-30D	14.99	0	2026-07-01 12:10:25 IST		y	4			11				B0FR9X15V2						8721438406876			0	DEFAULT	Inactive
Slovenia eSIM 3GB 15Days	Slovenia eSIM 3GB 15Days - high speed internet - mobile data 5G compatible	0701HXD80V3	SLOVENIA-3GB-15D	7.99	0	2026-07-01 12:02:38 IST		y	4			11				B0FR9XCF27						8721438406838			0	DEFAULT	Inactive
Slovenia eSIM 5GB 30Days	Slovenia eSIM 5GB 30Days - high speed internet - mobile data 5G compatible	0701HXD96GA	SLOVENIA-5GB-30D	8.99	0	2026-07-01 12:06:44 IST		y	4			11				B0FRB3SJMR						8721438406852			0	DEFAULT	Inactive
Senegal eSIM 3GB 15Days		0325HSBE8AA	SN_3_15	29.3	0	2026-03-25 09:23:45 GMT		y	1			11				B0FRB4HX92						B0FRB4HX92			0	DEFAULT	Inactive
Senegal eSIM 5GB 30Days		0325HSEVXJ3	SN_5_30	43.47	0	2026-03-25 09:34:03 GMT		y	1			11				B0FRB68H77						B0FRB68H77			0	DEFAULT	Inactive
South Africa eSIM 5GB 30Days	South Africa eSIM 5GB 30Days - high speed internet - mobile data 5G compatible	0701HXGMYIK	SOUTH-AFRICA-5GB-30D	14.99	0	2026-07-01 12:14:15 IST		y	4			11				B0FRB3R6F3						8721438406913			0	DEFAULT	Inactive
South America eSIM 5GB 30Days	South America eSIM 5GB 30Days - high speed internet - mobile data 5G compatible	0701HXAQI12	SOUTH-AMERICA-5GB-30D	20.99	0	2026-07-01 12:18:30 IST		y	4			11				B0FRB8D7HC						8721438406968			0	DEFAULT	Inactive
South Korea eSIM 20GB 30Days	South Korea eSIM 20GB 30Days - high speed internet - mobile data 5G compatible	0701HXDSP9T	SOUTH-KOREA-20GB-30D	14.99	0	2026-07-01 12:30:34 IST		y	4			11				B0FRC4P51Z						8721438407019			0	DEFAULT	Inactive
South Korea eSIM 3GB 15Days	South Korea eSIM 3GB 15Days - high speed internet - mobile data 5G compatible	0701HXJO018	SOUTH-KOREA-3GB-15D	7.99	0	2026-07-01 12:22:45 IST		y	4			11				B0FRC4RTDF						8721438406982			0	DEFAULT	Inactive
South Korea eSIM 5GB 30Days	South Korea eSIM 5GB 30Days - high speed internet - mobile data 5G compatible	0701HXGRJ2P	SOUTH-KOREA-5GB-30D	8.99	0	2026-07-01 12:26:54 IST		y	4			11				B0FRD9LC4C						8721438406999			0	DEFAULT	Inactive
Spain eSIM 20GB 30Days	Spain eSIM 20GB 30Days - high speed internet - mobile data 5G compatible	0701HXK2R5Y	SPAIN-20GB-30D	14.99	0	2026-07-01 12:42:15 IST		y	4			11				B0FRCMPGPL						8721438407132			0	DEFAULT	Inactive
Spain eSIM 3GB 15Days	Spain eSIM 3GB 15Days - high speed internet - mobile data 5G compatible	0701HXPWDHF	SPAIN-3GB-15D	7.99	0	2026-07-01 12:34:23 IST		y	4			11				B0FRCDHTZ7						8721438407095			0	DEFAULT	Inactive
Spain eSIM 5GB 30Days	Spain eSIM 5GB 30Days - high speed internet - mobile data 5G compatible	0701HXLJ5OW	SPAIN-5GB-30D	8.99	0	2026-07-01 12:38:34 IST		y	4			11				B0FRBQCLZN						8721438407118			0	DEFAULT	Inactive
Sri Lanka eSIM 20GB 30Days	Sri Lanka eSIM 20GB 30Days - high speed internet - mobile data 5G compatible	0701HXSSLAE	SRI-LANKA-20GB-30D	26.99	0	2026-07-01 12:53:53 IST		y	4			11				B0FRC2DZN5						8721438407231			0	DEFAULT	Inactive
Sri Lanka eSIM 3GB 15Days	Sri Lanka eSIM 3GB 15Days - high speed internet - mobile data 5G compatible	0701HXQWJS4	SRI-LANKA-3GB-15D	9.99	0	2026-07-01 12:46:03 IST		y	4			11				B0FRB7Z1NW						8721438407194			0	DEFAULT	Inactive
Sri Lanka eSIM 5GB 30Days	Sri Lanka eSIM 5GB 30Days - high speed internet - mobile data 5G compatible	0701HXK1JSP	SRI-LANKA-5GB-30D	11.99	0	2026-07-01 12:50:12 IST		y	4			11				B0FRB64B8M						8721438407217			0	DEFAULT	Inactive
Sudan eSIM 3GB 15Days	Sudan eSIM 3GB 15Days - high speed internet - mobile data 5G compatible	0701HXV9I5F	SUDAN-3GB-15D	22.99	0	2026-07-01 12:57:40 IST		y	4			11				B0FRCKTXNQ						8721438407316			0	DEFAULT	Inactive
Sudan eSIM 5GB 30Days	Sudan eSIM 5GB 30Days - high speed internet - mobile data 5G compatible	0701HZ1WIII	SUDAN-5GB-30D	29.99	0	2026-07-01 20:33:25 IST		y	4			11				B0FRC799N3						8721438407323			0	DEFAULT	Inactive
Suriname eSIM 20GB 30Days	Suriname eSIM 20GB 30Days - high speed internet - mobile data 5G compatible	0630HUORNAT	SURINAME-20GB-30D	73.99	0	2026-06-30 20:42:31 IST		y	4			11				B0H6MNKY5H						8721438409853			0	DEFAULT	Inactive
Suriname eSIM 3GB 15Days	Suriname eSIM 3GB 15Days - high speed internet - mobile data 5G compatible	0630HUO3ID0	SURINAME-3GB-15D	19.99	0	2026-06-30 20:36:01 IST		y	4			11				B0H6MLWJMY						8721438409839			0	DEFAULT	Inactive
Suriname eSIM 5GB 30Days	Suriname eSIM 5GB 30Days - high speed internet - mobile data 5G compatible	0630HUOU95C	SURINAME-5GB-30D	31.99	0	2026-06-30 20:39:35 IST		y	4			11				B0H6MNS3N5						8721438409846			0	DEFAULT	Inactive
Saint Vincent and the Grenadines eSIM 20GB 30Days	Saint Vincent and the Grenadines eSIM 20GB 30Days - high speed internet - mobile data 5G compatible	0630HUMSZ7G	SVG-20GB-30D	125.99	0	2026-06-30 20:02:12 IST		y	4			11				B0H6MWF5B5						8721438409730			0	DEFAULT	Inactive
El Salvador eSIM 3GB 15Days		0812HPTX7X9	SV_3_15	22.29	0	2026-08-12 14:25:39 IST		y	1			11				B0FR9LJ7X4						B0FR9LJ7X4			0	DEFAULT	Inactive
Sweden eSIM 20GB 30Days	Sweden eSIM 20GB 30Days - high speed internet - mobile data 5G compatible	0701HXV7VUW	SWEDEN-20GB-30D	14.99	0	2026-07-01 13:13:07 IST		y	4			11				B0FRB7X5SP						8721438407408			0	DEFAULT	Inactive
Sweden eSIM 3GB 15Days	Sweden eSIM 3GB 15Days - high speed internet - mobile data 5G compatible	0701HXSGLT3	SWEDEN-3GB-15D	7.99	0	2026-07-01 13:05:14 IST		y	4			11				B0FRCC6W9S						8721438407361			0	DEFAULT	Inactive
Sweden eSIM 5GB 30Days	Sweden eSIM 5GB 30Days - high speed internet - mobile data 5G compatible	0701HXRKCAY	SWEDEN-5GB-30D	8.99	0	2026-07-01 13:09:26 IST		y	4			11				B0FRCS524D						8721438407385			0	DEFAULT	Inactive
Switzerland eSIM 20GB 30Days	Switzerland eSIM 20GB 30Days - high speed internet - mobile data 5G compatible	0701HXXBSEC	SWITZERLAND-20GB-30D	14.99	0	2026-07-01 13:24:48 IST		y	4			11				B0FRB6VY7S						8721438407460			0	DEFAULT	Inactive
Switzerland eSIM 3GB 15Days	Switzerland eSIM 3GB 15Days - high speed internet - mobile data 5G compatible	0701HXQBGOC	SWITZERLAND-3GB-15D	7.99	0	2026-07-01 13:16:55 IST		y	4			11				B0FRB5LFVC						8721438407422			0	DEFAULT	Inactive
Switzerland eSIM 5GB 30Days	Switzerland eSIM 5GB 30Days - high speed internet - mobile data 5G compatible	0701HXVGMH2	SWITZERLAND-5GB-30D	8.99	0	2026-07-01 13:21:04 IST		y	4			11				B0FRB7G4VW						8721438407446			0	DEFAULT	Inactive
Tajikistan eSIM 20GB 30Days	Tajikistan eSIM 20GB 30Days - high speed internet - mobile data 5G compatible	0630HUQCDDC	TAJIKISTAN-20GB-30D	41.99	0	2026-06-30 20:52:56 IST		y	4			11				B0H6M85C77						8721438409884			0	DEFAULT	Inactive
Tajikistan eSIM 3GB 15Days	Tajikistan eSIM 3GB 15Days - high speed internet - mobile data 5G compatible	0630HURZYII	TAJIKISTAN-3GB-15D	13.99	0	2026-06-30 20:45:55 IST		y	4			11				B0H6M7XFN6						8721438409860			0	DEFAULT	Inactive
Tajikistan eSIM 5GB 30Days	Tajikistan eSIM 5GB 30Days - high speed internet - mobile data 5G compatible	0630HUSE82D	TAJIKISTAN-5GB-30D	15.99	0	2026-06-30 20:49:29 IST		y	4			11				B0H6MFYMXZ						8721438409877			0	DEFAULT	Inactive
Tanzania eSIM 3GB 15Days	Tanzania eSIM 3GB 15Days - high speed internet - mobile data 5G compatible	0701HXW4TOB	TANZANIA-3GB-15D	15.99	0	2026-07-01 13:28:36 IST		y	4			11				B0FRC81NPJ						8721438407491			0	DEFAULT	Inactive
Chad eSIM 3GB 15Days		0812HPZATRP	TD_3_15	22.3	0	2026-08-12 14:27:06 IST		y	1			11				B0FR9SG4MK						B0FR9SG4MK			0	DEFAULT	Inactive
Chad eSIM 5GB 30Days		0812HPYLYJ4	TD_5_30	32.37	0	2026-08-12 14:26:43 IST		y	1			11				B0FR9L414C						B0FR9L414C			0	DEFAULT	Inactive
Thailand eSIM 20GB 30Days	Thailand eSIM 20GB 30Days - high speed internet - mobile data 5G compatible	0701HXW3UDV	THAILAND-20GB-30D	14.99	0	2026-07-01 13:40:43 IST		y	4			11				B0FRCHW3MW						8721438407552			0	DEFAULT	Inactive
Thailand eSIM 3GB 15Days	Thailand eSIM 3GB 15Days - high speed internet - mobile data 5G compatible	0701HXWTYHS	THAILAND-3GB-15D	7.99	0	2026-07-01 13:32:54 IST		y	4			11				B0FRCDPJSH						8721438407514			0	DEFAULT	Inactive
Thailand eSIM 5GB 30Days	Thailand eSIM 5GB 30Days - high speed internet - mobile data 5G compatible	0701HXVVH6K	THAILAND-5GB-30D	8.99	0	2026-07-01 13:37:02 IST		y	4			11				B0FR9Q5D1J						8721438407538			0	DEFAULT	Inactive
Thailand eSIM 20GB 30Days		0325HSFOLKW	TH_20_30	18.06	0	2026-03-25 10:09:40 GMT		y	1			11				B0FRCHW3MW						B0FRCHW3MW			0	DEFAULT	Inactive
Thailand eSIM 3GB 15Days		0325HS7OFWL	TH_3_15	7.43	0	2026-03-25 09:07:36 GMT		y	1			11				B0FRCDPJSH						B0FRCDPJSH			0	DEFAULT	Inactive
Thailand eSIM 5GB 30Days		0325HSKN6NR	TH_5_30	4.48	0	2026-03-25 10:21:25 GMT		y	1			11				B0FR9Q5D1J						B0FR9Q5D1J			0	DEFAULT	Inactive
Tunisia eSIM 10GB 30 Days | Prepaid Travel eSIM | Pay As You Go Digital SIM | Easy Setup | Data SIM for Tourists & Business | 3G/4G Speeds		0325HSAE955	TN_10_30	19.88	0	2026-03-25 09:07:58 GMT		y	1			11				B0FRB85GLD						B0FRB85GLD			0	DEFAULT	Inactive
Tunisia eSIM 3GB 30 Days | Prepaid Travel eSIM | Pay As You Go Digital SIM | Easy Setup | Data SIM for Tourists & Business | 3G/4G Speeds		0325HRTXV4D	TN_3_30	8.03	0	2026-03-25 08:17:08 GMT		y	1			11				B0FRCKZKVY						B0FRCKZKVY			0	DEFAULT	Inactive
Tunisia eSIM 5GB 30Days		0325HSAKPB0	TN_5_30	14.51	0	2026-03-25 09:01:28 GMT		y	1			11				B0FRB7Q96Z						B0FRB7Q96Z			0	DEFAULT	Inactive
Trinidad and Tobago eSIM 20GB 30Days	Trinidad and Tobago eSIM 20GB 30Days - high speed internet - mobile data 5G compatible	0630HUQ8C00	TRINIDAD-AND-TOBAGO-20GB-30D	95.99	0	2026-06-30 21:02:50 IST		y	4			11				B0H6MF31VP						8721438409914			0	DEFAULT	Inactive
Trinidad and Tobago eSIM 3GB 15Days	Trinidad and Tobago eSIM 3GB 15Days - high speed internet - mobile data 5G compatible	0630HURGZO5	TRINIDAD-AND-TOBAGO-3GB-15D	22.99	0	2026-06-30 20:55:59 IST		y	4			11				B0H6MJTHXK						8721438409891			0	DEFAULT	Inactive
Trinidad and Tobago eSIM 5GB 30Days	Trinidad and Tobago eSIM 5GB 30Days - high speed internet - mobile data 5G compatible	0630HUSDOS5	TRINIDAD-AND-TOBAGO-5GB-30D	33.99	0	2026-06-30 20:59:33 IST		y	4			11				B0H6MJTHY9						8721438409907			0	DEFAULT	Inactive
Turkey eSIM 20GB 30Days		0325HR9IMNX	TR_20_30	16.89	0	2026-03-25 05:33:25 GMT		y	1			11				B0FRCYMWCX						B0FRCYMWCX			0	DEFAULT	Inactive
Turkey eSIM 3GB 15Days		0325HSAZ32O	TR_3_15	6.25	0	2026-03-25 09:08:15 GMT		y	1			11				B0FRC2PSHM						B0FRC2PSHM			0	DEFAULT	Inactive
Turkey eSIM 5GB 30Days		0325HS8EF1A	TR_5_30	4.48	0	2026-03-25 09:27:08 GMT		y	1			11				B0FRCBZ1BB						B0FRCBZ1BB			0	DEFAULT	Inactive
Tunisia eSIM 5GB 30Days	Tunisia eSIM 5GB 30Days - high speed internet - mobile data 5G compatible	0701HXOTZUG	TUNISIA-5GB-30D	10.99	0	2026-07-01 13:44:29 IST		y	4			11				B0FRB7Q96Z						8721438407644			0	DEFAULT	Inactive
Turkey eSIM 20GB 30Days	Turkey eSIM 20GB 30Days - high speed internet - mobile data 5G compatible	0701HY6R4N3	TURKEY-20GB-30D	17.99	0	2026-07-01 13:56:34 IST		y	4			11				B0FRCYMWCX						8721438407729			0	DEFAULT	Inactive
Turkey eSIM 3GB 15Days	Turkey eSIM 3GB 15Days - high speed internet - mobile data 5G compatible	0701HXY2VB2	TURKEY-3GB-15D	7.99	0	2026-07-01 13:48:46 IST		y	4			11				B0FRC2PSHM						8721438407682			0	DEFAULT	Inactive
Turkey eSIM 5GB 30Days	Turkey eSIM 5GB 30Days - high speed internet - mobile data 5G compatible	0701HXWOMGA	TURKEY-5GB-30D	8.99	0	2026-07-01 13:52:54 IST		y	4			11				B0FRCBZ1BB						8721438407705			0	DEFAULT	Inactive
Turks and Caicos Islands eSIM 20GB 30Days	Turks and Caicos Islands eSIM 20GB 30Days - high speed internet - mobile data 5G compatible	0630HUONFC1	TURKS-AND-CAICOS-ISLANDS-20GB-30D	89.99	0	2026-06-30 21:13:06 IST		y	4			11				B0H6MLBGX7						8721438409945			0	DEFAULT	Inactive
Turks and Caicos Islands eSIM 3GB 15Days	Turks and Caicos Islands eSIM 3GB 15Days - high speed internet - mobile data 5G compatible	0630HUT7774	TURKS-AND-CAICOS-ISLANDS-3GB-15D	22.99	0	2026-06-30 21:06:24 IST		y	4			11				B0H6MNNXGL						8721438409921			0	DEFAULT	Inactive
Turks and Caicos Islands eSIM 5GB 30Days	Turks and Caicos Islands eSIM 5GB 30Days - high speed internet - mobile data 5G compatible	0630HUNTQ7X	TURKS-AND-CAICOS-ISLANDS-5GB-30D	28.99	0	2026-06-30 21:09:38 IST		y	4			11				B0H6MLH1KM						8721438409938			0	DEFAULT	Inactive
Tanzania eSIM 3GB 15Days		0325HS9USV7	TZ_3_15	25.77	0	2026-03-25 10:21:31 GMT		y	1			11				B0FRC81NPJ						B0FRC81NPJ			0	DEFAULT	Inactive
Ukraine eSIM 3GB 15Days		0812HQHH9H1	UA_3_15	3.3	0	2026-08-12 16:40:55 IST		y	1			11				B0FRB9SBFR						B0FRB9SBFR			0	DEFAULT	Inactive
Ukraine eSIM 5GB 30Days		0812HQF5G8N	UA_5_30	4.48	0	2026-08-12 16:39:46 IST		y	1			11				B0FRC2NRKG						B0FRC2NRKG			0	DEFAULT	Inactive
Uganda eSIM 3GB 15Days	Uganda eSIM 3GB 15Days - high speed internet - mobile data 5G compatible	0701HXZQBS6	UGANDA-3GB-15D	17.99	0	2026-07-01 14:00:22 IST		y	4			11				B0FRB7F7Z9						8721438407798			0	DEFAULT	Inactive
Uganda eSIM 3GB 15Days		0812HQETX4S	UG_3_15	22.3	0	2026-08-12 16:40:03 IST		y	1			11				B0FRB7F7Z9						B0FRB7F7Z9			0	DEFAULT	Inactive
Ukraine eSIM 3GB 15Days	Ukraine eSIM 3GB 15Days - high speed internet - mobile data 5G compatible	0701HY3W4P3	UKRAINE-3GB-15D	7.99	0	2026-07-01 14:04:16 IST		y	4			11				B0FRB9SBFR						8721438407811			0	DEFAULT	Inactive
Ukraine eSIM 5GB 30Days	Ukraine eSIM 5GB 30Days - high speed internet - mobile data 5G compatible	0701HY3MFJ4	UKRAINE-5GB-30D	8.99	0	2026-07-01 14:08:26 IST		y	4			11				B0FRC2NRKG						8721438407835			0	DEFAULT	Inactive
United Arab Emirates eSIM 20GB 30Days	United Arab Emirates eSIM 20GB 30Days - high speed internet - mobile data 5G compatible	0701HYCDLJH	UNITED-ARAB-EMIRATES-20GB-30D	35.99	0	2026-07-01 14:20:00 IST		y	4			11				B0FRB7TFJR						8721438407927			0	DEFAULT	Inactive
United Arab Emirates eSIM 3GB 15Days	United Arab Emirates eSIM 3GB 15Days - high speed internet - mobile data 5G compatible	0701HY0C0UM	UNITED-ARAB-EMIRATES-3GB-15D	12.99	0	2026-07-01 14:12:12 IST		y	4			11				B0FRBBYBGH						8721438407873			0	DEFAULT	Inactive
United Arab Emirates eSIM 5GB 30Days	United Arab Emirates eSIM 5GB 30Days - high speed internet - mobile data 5G compatible	0701HY65H4O	UNITED-ARAB-EMIRATES-5GB-30D	14.99	0	2026-07-01 14:16:19 IST		y	4			11				B0FRB89XHX						8721438407897			0	DEFAULT	Inactive
United Kingdom eSIM 20GB 30Days	United Kingdom eSIM 20GB 30Days - high speed internet - mobile data 5G compatible	0701HY469NH	UNITED-KINGDOM-20GB-30D	14.99	0	2026-07-01 14:31:39 IST		y	4			11				B0FRDGCBTN						8721438408023			0	DEFAULT	Inactive
United Kingdom eSIM 3GB 15Days	United Kingdom eSIM 3GB 15Days - high speed internet - mobile data 5G compatible	0701HY6Q02P	UNITED-KINGDOM-3GB-15D	7.99	0	2026-07-01 14:23:48 IST		y	4			11				B0FRCPD8TS						8721438407989			0	DEFAULT	Inactive
United Kingdom eSIM 5GB 30Days	United Kingdom eSIM 5GB 30Days - high speed internet - mobile data 5G compatible	0701HY42M0G	UNITED-KINGDOM-5GB-30D	8.99	0	2026-07-01 14:27:57 IST		y	4			11				B0FRDDRGJF						8721438408009			0	DEFAULT	Inactive
United States eSIM 3GB 15Days	United States eSIM 3GB 15Days - high speed internet - mobile data 5G compatible	0701HY47DSH	UNITED-STATES-3GB-15D	8.99	0	2026-07-01 14:35:26 IST		y	4			11				B0FRCFXK3V						8721438408092			0	DEFAULT	Inactive
United States eSIM 5GB 30Days	United States eSIM 5GB 30Days - high speed internet - mobile data 5G compatible	0701HY0XWNR	UNITED-STATES-5GB-30D	9.99	0	2026-07-01 14:39:35 IST		y	4			11				B0FRC2PQ8H						8721438408139			0	DEFAULT	Inactive
Uruguay eSIM 3GB 15Days	Uruguay eSIM 3GB 15Days - high speed internet - mobile data 5G compatible	0701HY12YR4	URUGUAY-3GB-15D	16.99	0	2026-07-01 14:43:22 IST		y	4			11				B0FRB7LHGN						8721438408191			0	DEFAULT	Inactive
United States eSIM 20GB 90 Days | Pay As You Go Data SIM | Easy Setup | USA Travel SIM for Tourists & Business | 3G/4G Speeds		0325HSHK3KM	US_20_90	23.43	0	2026-03-25 09:31:43 GMT		y	1			11				B0FRB9JP2K						B0FRB9JP2K			0	DEFAULT	Inactive
United States eSIM 3GB 15Days		0325HSEONZA	US_3_15	7.43	0	2026-03-25 09:17:31 GMT		y	1			11				B0FRCFXK3V						B0FRCFXK3V			0	DEFAULT	Inactive
United States eSIM 5GB 30Days		0325HT4IJ9V	US_5_30	6.25	0	2026-03-25 13:06:40 GMT		y	1			11				B0FRC2PQ8H						B0FRC2PQ8H			0	DEFAULT	Inactive
Uruguay eSIM 3GB 15Days		0812HQEGUVX	UY_3_15	17.58	0	2026-08-12 16:44:47 IST		y	1			11				B0FRB7LHGN						B0FRB7LHGN			0	DEFAULT	Inactive
Uzbekistan eSIM 5GB 30Days	Uzbekistan eSIM 5GB 30Days - high speed internet - mobile data 5G compatible	0701HYAJ8MU	UZBEKISTAN-5GB-30D	8.99	0	2026-07-01 14:47:37 IST		y	4			11				B0FRBWFZ6M						8721438408221			0	DEFAULT	Inactive
Uzbekistan eSIM 5GB 30Days		0812HQBGS33	UZ_5_30	8.71	0	2026-08-12 16:45:51 IST		y	1			11				B0FRBWFZ6M						B0FRBWFZ6M			0	DEFAULT	Inactive
Vatican City eSIM 20GB 30Days	Vatican City eSIM 20GB 30Days - high speed internet - mobile data 5G compatible	0630HUOOEON	VATICAN-CITY-20GB-30D	14.99	0	2026-06-30 21:22:30 IST		y	4			11				B0H6MDPLZ9						8721438409976			0	DEFAULT	Inactive
Vatican City eSIM 3GB 15Days	Vatican City eSIM 3GB 15Days - high speed internet - mobile data 5G compatible	0630HUU2F89	VATICAN-CITY-3GB-15D	7.99	0	2026-06-30 21:15:48 IST		y	4			11				B0H6MBMF8G						8721438409952			0	DEFAULT	Inactive
Vatican City eSIM 5GB 30Days	Vatican City eSIM 5GB 30Days - high speed internet - mobile data 5G compatible	0630HUV4VU2	VATICAN-CITY-5GB-30D	8.99	0	2026-06-30 21:19:33 IST		y	4			11				B0H6M7YXNP						8721438409969			0	DEFAULT	Inactive
Vietnam eSIM 20GB 30Days	Vietnam eSIM 20GB 30Days - high speed internet - mobile data 5G compatible	0701HY1ASCB	VIETNAM-20GB-30D	21.99	0	2026-07-01 14:59:40 IST		y	4			11				B0FRC2NKC4						8721438408283			0	DEFAULT	Inactive
Vietnam eSIM 3GB 15Days	Vietnam eSIM 3GB 15Days - high speed internet - mobile data 5G compatible	0701HYD5MOH	VIETNAM-3GB-15D	8.99	0	2026-07-01 14:51:52 IST		y	4			11				B0FRBR2DHW						8721438408252			0	DEFAULT	Inactive
Vietnam eSIM 5GB 30Days	Vietnam eSIM 5GB 30Days - high speed internet - mobile data 5G compatible	0701HY6YCWU	VIETNAM-5GB-30D	9.99	0	2026-07-01 14:56:00 IST		y	4			11				B0FRCBXRGV						8721438408269			0	DEFAULT	Inactive
Vietnam eSIM 20GB 30Days		0328H6F7CWA	VN_20_30	29.42	0	2026-03-28 19:00:46 GMT		y	1			11				B0FRC2NKC4						B0FRC2NKC4			0	DEFAULT	Inactive
Vietnam eSIM 3GB 15Days		0328H6C5RAT	VN_3_15	9.3	0	2026-03-28 18:55:20 GMT		y	1			11				B0FRBR2DHW						B0FRBR2DHW			0	DEFAULT	Inactive
Vietnam eSIM 5GB 30Days		0328H6AXUE4	VN_5_30	14.02	0	2026-03-28 19:23:30 GMT		y	1			11				B0FRCBXRGV						B0FRCBXRGV			0	DEFAULT	Inactive
Zambia eSIM 3GB 15Days	Zambia eSIM 3GB 15Days - high speed internet - mobile data 5G compatible	0701HYIZ2JX	ZAMBIA-3GB-15D	16.99	0	2026-07-01 15:03:27 IST		y	4			11				B0FRC2NSM2						8721438408344			0	DEFAULT	Inactive
Zambia eSIM 5GB 30Days	Zambia eSIM 5GB 30Days - high speed internet - mobile data 5G compatible	0701HY4J6HE	ZAMBIA-5GB-30D	27.99	0	2026-07-01 15:07:36 IST		y	4			11				B0FRCL97L4						8721438408351			0	DEFAULT	Inactive
South Africa eSIM 10GB 30 Days | Prepaid Travel eSIM | Pay As You Go Digital SIM | Easy Setup | Data SIM for Tourists & Business | 3G/4G Speeds		0325HSGBWXQ	ZA_10_30	28.13	0	2026-03-25 10:30:11 GMT		y	1			11				B0FRB4RSW2						B0FRB4RSW2			0	DEFAULT	Inactive
South Africa eSIM 5GB 30Days		0325HS0EYXF	ZA_5_30	18.06	0	2026-03-25 08:41:59 GMT		y	1			11				B0FRB3R6F3						B0FRB3R6F3			0	DEFAULT	Inactive
Zambia eSIM 3GB 15Days		0328H6I9UHU	ZM_3_15	23.48	0	2026-03-28 19:57:39 GMT		y	1			11				B0FRC2NSM2						B0FRC2NSM2			0	DEFAULT	Inactive
Zambia eSIM 5GB 30Days		0328H6CR9MT	ZM_5_30	33.55	0	2026-03-28 19:09:02 GMT		y	1			11				B0FRCL97L4						B0FRCL97L4			0	DEFAULT	Inactive
Aaland Islands eSIM 3GB 15Days	Aaland Islands eSIM 3GB 15Days - high speed internet - mobile data 5G compatible	0630HURKV83	AALAND-ISLANDS-ESIM		0	2026-06-30 21:35:16 IST		y	1			11				B0H73FDJ75						B0H73FDJ75			0	DEFAULT	Incomplete
Africa eSIM 5GB 30Days	Africa eSIM 5GB 30Days - high speed internet - mobile data 5G compatible	0630HUYKV1B	AFRICA-ESIM		0	2026-06-30 21:45:32 IST		y	1			11				B0H73756BC						B0H73756BC			0	DEFAULT	Incomplete
Albania eSIM 5GB 30Days	Albania eSIM 5GB 30Days - high speed internet - mobile data 5G compatible	0630HUUTRHC	ALBANIA-ESIM		0	2026-06-30 21:49:02 IST		y	1			11				B0H73G19H1						B0H73G19H1			0	DEFAULT	Incomplete
Algeria eSIM 3GB 15Days	Algeria eSIM 3GB 15Days - high speed internet - mobile data 5G compatible	0630HTCC5AK	ALGERIA-ESIM		0	2026-06-30 12:21:57 IST		y	1			11				B0H71T8VX5						B0H71T8VX5			0	DEFAULT	Incomplete
Andorra eSIM 3GB 15Days	Andorra eSIM 3GB 15Days - high speed internet - mobile data 5G compatible	0630HTR75LL	ANDORRA-ESIM		0	2026-06-30 12:33:49 IST		y	1			11				B0H71ZRV2C						B0H71ZRV2C			0	DEFAULT	Incomplete
Angola eSIM 3GB 15Days	Angola eSIM 3GB 15Days - high speed internet - mobile data 5G compatible	0630HTOE9HA	ANGOLA-ESIM		0	2026-06-30 12:45:00 IST		y	1			11				B0H71YL13F						B0H71YL13F			0	DEFAULT	Incomplete
Anguilla eSIM 3GB 15Days	Anguilla eSIM 3GB 15Days - high speed internet - mobile data 5G compatible	0630HTJ2SBU	ANGUILLA-ESIM		0	2026-06-30 13:01:35 IST		y	1			11				B0H7246H73						B0H7246H73			0	DEFAULT	Incomplete
Antigua and Barbuda eSIM 3GB 15Days	Antigua and Barbuda eSIM 3GB 15Days - high speed internet - mobile data 5G compatible	0630HTJAYQY	ANTIGUA-AND-BARBUDA-ESIM		0	2026-06-30 13:12:19 IST		y	1			11				B0H72526DD						B0H72526DD			0	DEFAULT	Incomplete
Argentina eSIM 20GB 30Days	Argentina eSIM 20GB 30Days - high speed internet - mobile data 5G compatible	0630HUURSMA	ARGENTINA-ESIM		0	2026-06-30 21:52:53 IST		y	1			11				B0H73KFCGK						B0H73KFCGK			0	DEFAULT	Incomplete
Armenia eSIM 3GB 15Days	Armenia eSIM 3GB 15Days - high speed internet - mobile data 5G compatible	0630HV1XKJ3	ARMENIA-ESIM		0	2026-06-30 21:59:52 IST		y	1			11				B0H73BGPH1						B0H73BGPH1			0	DEFAULT	Incomplete
Asia-20 eSIM 3GB 15Days	Asia-20 eSIM 3GB 15Days - high speed internet - mobile data 5G compatible	0630HUW1CCS	ASIA-20-ESIM		0	2026-06-30 22:06:29 IST		y	1			11				B0H73B84ZN						B0H73B84ZN			0	DEFAULT	Incomplete
Austria eSIM 3GB 15Days	Austria eSIM 3GB 15Days - high speed internet - mobile data 5G compatible	0630HUWF1S7	AUSTRIA-ESIM		0	2026-06-30 22:25:49 IST		y	1			11				B0H73DG3L6						B0H73DG3L6			0	DEFAULT	Incomplete
Azerbaijan eSIM 3GB 15Days	Azerbaijan eSIM 3GB 15Days - high speed internet - mobile data 5G compatible	0630HV2AQMV	AZERBAIJAN-ESIM		0	2026-06-30 22:35:35 IST		y	1			11				B0H73Q99GQ						B0H73Q99GQ			0	DEFAULT	Incomplete
Bahamas eSIM 3GB 15Days	Bahamas eSIM 3GB 15Days - high speed internet - mobile data 5G compatible	0630HTMOECX	BAHAMAS-ESIM		0	2026-06-30 13:40:38 IST		y	1			11				B0H724K63J						B0H724K63J			0	DEFAULT	Incomplete
Bahrain eSIM 3GB 15Days	Bahrain eSIM 3GB 15Days - high speed internet - mobile data 5G compatible	0630HV03Y5M	BAHRAIN-ESIM		0	2026-06-30 22:39:28 IST		y	1			11				B0H739N6P2						B0H739N6P2			0	DEFAULT	Incomplete
Bangladesh eSIM 3GB 15Days	Bangladesh eSIM 3GB 15Days - high speed internet - mobile data 5G compatible	0630HV34FQI	BANGLADESH-ESIM		0	2026-06-30 22:43:20 IST		y	1			11				B0H7378Y9C						B0H7378Y9C			0	DEFAULT	Incomplete
Barbados eSIM 5GB 30Days	Barbados eSIM 5GB 30Days - high speed internet - mobile data 5G compatible	0630HTJN2N8	BARBADOS-ESIM		0	2026-06-30 13:50:55 IST		y	1			11				B0H724K6GB						B0H724K6GB			0	DEFAULT	Incomplete
Belarus eSIM 3GB 15Days	Belarus eSIM 3GB 15Days - high speed internet - mobile data 5G compatible	0630HUWP18L	BELARUS-ESIM		0	2026-06-30 22:53:05 IST		y	1			11				B0H73DR47Q						B0H73DR47Q			0	DEFAULT	Incomplete
Belgium eSIM 3GB 15Days	Belgium eSIM 3GB 15Days - high speed internet - mobile data 5G compatible	0630HV2QX4R	BELGIUM-ESIM		0	2026-06-30 22:59:12 IST		y	1			11				B0H72WNNDP						B0H72WNNDP			0	DEFAULT	Incomplete
Belize eSIM 20GB 30Days	Belize eSIM 20GB 30Days - high speed internet - mobile data 5G compatible	0630HTSV7A7	BELIZE-ESIM		0	2026-06-30 14:01:11 IST		y	1			11				B0H729SH9W						B0H729SH9W			0	DEFAULT	Incomplete
Benin eSIM 20GB 30Days	Benin eSIM 20GB 30Days - high speed internet - mobile data 5G compatible	0630HTV57DP	BENIN-ESIM		0	2026-06-30 14:11:39 IST		y	1			11				B0H72F8GNM						B0H72F8GNM			0	DEFAULT	Incomplete
Bermuda eSIM 5GB 30Days	Bermuda eSIM 5GB 30Days - high speed internet - mobile data 5G compatible	0630HTULABI	BERMUDA-ESIM		0	2026-06-30 14:21:19 IST		y	1			11				B0H72CGVL4						B0H72CGVL4			0	DEFAULT	Incomplete
Bhutan eSIM 20GB 30Days	Bhutan eSIM 20GB 30Days - high speed internet - mobile data 5G compatible	0630HTXTQLW	BHUTAN-ESIM		0	2026-06-30 14:32:06 IST		y	1			11				B0H725P1S3						B0H725P1S3			0	DEFAULT	Incomplete
Bolivia eSIM 20GB 30Days	Bolivia eSIM 20GB 30Days - high speed internet - mobile data 5G compatible	0630HV2RP9W	BOLIVIA-ESIM		0	2026-06-30 23:10:49 IST		y	1			11				B0H72WVB3M						B0H72WVB3M			0	DEFAULT	Incomplete
Bosnia and Herzegovina eSIM 3GB 15Days	Bosnia and Herzegovina eSIM 3GB 15Days - high speed internet - mobile data 5G compatible	0630HV8W778	BOSNIA-AND-HERZEGOVINA-ESIM		0	2026-06-30 23:17:16 IST		y	1			11				B0H73HRFF3						B0H73HRFF3			0	DEFAULT	Incomplete
Botswana eSIM 3GB 15Days	Botswana eSIM 3GB 15Days - high speed internet - mobile data 5G compatible	0630HV67635	BOTSWANA-ESIM		0	2026-06-30 23:20:47 IST		y	1			11				B0H73PYX2Z						B0H73PYX2Z			0	DEFAULT	Incomplete
Brazil eSIM 3GB 15Days	Brazil eSIM 3GB 15Days - high speed internet - mobile data 5G compatible	0630HUWZ22N	BRAZIL-ESIM		0	2026-06-30 23:24:17 IST		y	1			11				B0H7396F1Z						B0H7396F1Z			0	DEFAULT	Incomplete
Brunei Darussalam eSIM 3GB 15Days	Brunei Darussalam eSIM 3GB 15Days - high speed internet - mobile data 5G compatible	0630HV1T6ZV	BRUNEI-DARUSSALAM-ESIM		0	2026-06-30 23:30:35 IST		y	1			11				B0H73K7G8Y						B0H73K7G8Y			0	DEFAULT	Incomplete
Bulgaria eSIM 3GB 15Days	Bulgaria eSIM 3GB 15Days - high speed internet - mobile data 5G compatible	0630HTBMTA8	BULGARIA-ESIM		0	2026-06-30 12:09:43 IST		y	1			11				B0H71RJ7V5						B0H71RJ7V5			0	DEFAULT	Incomplete
Burkina Faso eSIM 5GB 30Days	Burkina Faso eSIM 5GB 30Days - high speed internet - mobile data 5G compatible	0630HV65E0J	BURKINA-FASO-ESIM		0	2026-06-30 23:36:21 IST		y	1			11				B0H738ZS54						B0H738ZS54			0	DEFAULT	Incomplete
Cambodia eSIM 3GB 15Days	Cambodia eSIM 3GB 15Days - high speed internet - mobile data 5G compatible	0630HUXG3Y9	CAMBODIA-ESIM		0	2026-07-01 00:19:19 IST		y	1			11				B0H737KT2N						B0H737KT2N			0	DEFAULT	Incomplete
Cameroon eSIM 3GB 15Days	Cameroon eSIM 3GB 15Days - high speed internet - mobile data 5G compatible	0630HUX5FJ8	CAMEROON-ESIM		0	2026-06-30 23:42:57 IST		y	1			11				B0H73H8RD6						B0H73H8RD6			0	DEFAULT	Incomplete
Canada eSIM 3GB 15Days Premium	Canada eSIM 3GB 15Days Premium - high speed internet - mobile data 5G compatible	0630HUSLVVA	CANADA-PREMIUM-ESIM		0	2026-06-30 21:25:51 IST		y	1			11				B0H72X7HP2						B0H72X7HP2			0	DEFAULT	Incomplete
Cape Verde eSIM 5GB 30Days	Cape Verde eSIM 5GB 30Days - high speed internet - mobile data 5G compatible	0630HTTDS54	CAPE-VERDE-ESIM		0	2026-06-30 14:43:05 IST		y	1			11				B0H72BD9BQ						B0H72BD9BQ			0	DEFAULT	Incomplete
Cayman Islands eSIM 5GB 30Days	Cayman Islands eSIM 5GB 30Days - high speed internet - mobile data 5G compatible	0630HTZHWYN	CAYMAN-ISLANDS-ESIM		0	2026-06-30 14:54:03 IST		y	1			11				B0H728CG8W						B0H728CG8W			0	DEFAULT	Incomplete
Central African Republic eSIM 5GB 30Days	Central African Republic eSIM 5GB 30Days - high speed internet - mobile data 5G compatible	0630HV62IPE	CENTRAL-AFRICAN-REPUBLIC-ESIM		0	2026-06-30 23:46:38 IST		y	1			11				B0H739CPVY						B0H739CPVY			0	DEFAULT	Incomplete
Chad eSIM 3GB 15Days	Chad eSIM 3GB 15Days - high speed internet - mobile data 5G compatible	0630HV7YLY1	CHAD-ESIM		0	2026-06-30 23:53:14 IST		y	1			11				B0H73KJWKQ						B0H73KJWKQ			0	DEFAULT	Incomplete
Chile eSIM 3GB 15Days	Chile eSIM 3GB 15Days - high speed internet - mobile data 5G compatible	0630HV2GCXU	CHILE-ESIM		0	2026-06-30 23:59:51 IST		y	1			11				B0H73K7GV5						B0H73K7GV5			0	DEFAULT	Incomplete
China eSIM 3GB 15Days	China eSIM 3GB 15Days - high speed internet - mobile data 5G compatible	0630HV869FS	CHINA-ESIM		0	2026-07-01 00:03:44 IST		y	1			11				B0H738L3P3						B0H738L3P3			0	DEFAULT	Incomplete
Colombia eSIM 3GB 15Days	Colombia eSIM 3GB 15Days - high speed internet - mobile data 5G compatible	0630HUXF761	COLOMBIA-ESIM		0	2026-07-01 00:15:18 IST		y	1			11				B0H73C1NQ3						B0H73C1NQ3			0	DEFAULT	Incomplete
Costa Rica eSIM 3GB 15Days	Costa Rica eSIM 3GB 15Days - high speed internet - mobile data 5G compatible	0630HV6VO1O	COSTA-RICA-ESIM		0	2026-07-01 00:26:17 IST		y	1			11				B0H73FKMSK						B0H73FKMSK			0	DEFAULT	Incomplete
Cote d'Ivoire eSIM 3GB 15Days	Cote d'Ivoire eSIM 3GB 15Days - high speed internet - mobile data 5G compatible	0630HV9V5F3	COTE-D-IVOIRE-ESIM		0	2026-07-01 00:29:37 IST		y	1			11				B0H739652Z						B0H739652Z			0	DEFAULT	Incomplete
Croatia eSIM 3GB 15Days	Croatia eSIM 3GB 15Days - high speed internet - mobile data 5G compatible	0630HVBGMWP	CROATIA-ESIM		0	2026-07-01 00:37:07 IST		y	1			11				B0H73B45HR						B0H73B45HR			0	DEFAULT	Incomplete
Curacao eSIM 3GB 15Days	Curacao eSIM 3GB 15Days - high speed internet - mobile data 5G compatible	0630HU1R954	CURACAO-ESIM		0	2026-06-30 15:03:49 IST		y	1			11				B0H72FWWXC						B0H72FWWXC			0	DEFAULT	Incomplete
Cyprus eSIM 3GB 15Days	Cyprus eSIM 3GB 15Days - high speed internet - mobile data 5G compatible	0630HVA26GA	CYPRUS-ESIM		0	2026-07-01 00:46:30 IST		y	1			11				B0H72W8TF8						B0H72W8TF8			0	DEFAULT	Incomplete
Czech Republic eSIM 3GB 15Days	Czech Republic eSIM 3GB 15Days - high speed internet - mobile data 5G compatible	0630HV8IU1Z	CZECH-REPUBLIC-ESIM		0	2026-07-01 00:53:07 IST		y	1			11				B0H73TC4Q5						B0H73TC4Q5			0	DEFAULT	Incomplete
Democratic Republic of the Congo eSIM 5GB 30Days	Democratic Republic of the Congo eSIM 5GB 30Days - high speed internet - mobile data 5G compatible	0630HU0PCJ0	DEMOCRATIC-REPUBLIC-OF-THE-CONGO-ESIM		0	2026-06-30 15:14:26 IST		y	1			11				B0H72K5D2K						B0H72K5D2K			0	DEFAULT	Incomplete
Denmark eSIM 3GB 15Days	Denmark eSIM 3GB 15Days - high speed internet - mobile data 5G compatible	0701HV9W3IG	DENMARK-ESIM		0	2026-07-01 01:02:42 IST		y	1			11				B0H739821R						B0H739821R			0	DEFAULT	Incomplete
Dominica eSIM 5GB 30Days	Dominica eSIM 5GB 30Days - high speed internet - mobile data 5G compatible	0630HU214EF	DOMINICA-ESIM		0	2026-06-30 15:25:09 IST		y	1			11				B0H7289XCC						B0H7289XCC			0	DEFAULT	Incomplete
Dominican Republic eSIM 3GB 15Days	Dominican Republic eSIM 3GB 15Days - high speed internet - mobile data 5G compatible	0701HVA24JS	DOMINICAN-REPUBLIC-ESIM		0	2026-07-01 01:12:46 IST		y	1			11				B0H737DSM9						B0H737DSM9			0	DEFAULT	Incomplete
Democratic Republic of the Congo eSIM 20GB 30Days	Democratic Republic of the Congo eSIM 20GB 30Days - high speed internet - mobile data 5G compatible	0630HU2FGTZ	DR-CONGO-ESIM		0	2026-06-30 15:21:27 IST		y	1			11				B0H72DLCBJ						B0H72DLCBJ			0	DEFAULT	Incomplete
Ecuador eSIM 3GB 15Days	Ecuador eSIM 3GB 15Days - high speed internet - mobile data 5G compatible	0701HVA8NXU	ECUADOR-ESIM		0	2026-07-01 01:21:48 IST		y	1			11				B0H73B88XY						B0H73B88XY			0	DEFAULT	Incomplete
Egypt eSIM 5GB 30Days	Egypt eSIM 5GB 30Days - high speed internet - mobile data 5G compatible	0701HV9VNC6	EGYPT-ESIM		0	2026-07-01 01:25:18 IST		y	1			11				B0H72XB5TF						B0H72XB5TF			0	DEFAULT	Incomplete
El Salvador eSIM 3GB 15Days	El Salvador eSIM 3GB 15Days - high speed internet - mobile data 5G compatible	0701HV19FC9	EL-SALVADOR-ESIM		0	2026-07-01 01:35:28 IST		y	1			11				B0H73DN5DW						B0H73DN5DW			0	DEFAULT	Incomplete
Estonia eSIM 3GB 15Days	Estonia eSIM 3GB 15Days - high speed internet - mobile data 5G compatible	0701HV9Y095	ESTONIA-ESIM		0	2026-07-01 01:38:59 IST		y	1			11				B0H73LWH5X						B0H73LWH5X			0	DEFAULT	Incomplete
Europe(40+ areas) eSIM 5GB 30Days	Europe(40+ areas) eSIM 5GB 30Days - high speed internet - mobile data 5G compatible	0701HVFBBPD	EUROPE-40-AREAS-ESIM		0	2026-07-01 01:47:42 IST		y	1			11				B0H72VL4G6						B0H72VL4G6			0	DEFAULT	Incomplete
Faroe Islands eSIM 3GB 15Days	Faroe Islands eSIM 3GB 15Days - high speed internet - mobile data 5G compatible	0630HU36NRS	FAROE-ISLANDS-ESIM		0	2026-06-30 15:35:05 IST		y	1			11				B0H72699VP						B0H72699VP			0	DEFAULT	Incomplete
Fiji eSIM 3GB 15Days	Fiji eSIM 3GB 15Days - high speed internet - mobile data 5G compatible	0630HU2DRID	FIJI-ESIM		0	2026-06-30 15:44:42 IST		y	1			11				B0H72HWWRY						B0H72HWWRY			0	DEFAULT	Incomplete
Finland eSIM 3GB 15Days	Finland eSIM 3GB 15Days - high speed internet - mobile data 5G compatible	0701HV8USZU	FINLAND-ESIM		0	2026-07-01 01:54:21 IST		y	1			11				B0H73H8K8V						B0H73H8K8V			0	DEFAULT	Incomplete
France eSIM 3GB 15Days	France eSIM 3GB 15Days - high speed internet - mobile data 5G compatible	0701HV9PEMV	FRANCE-ESIM		0	2026-07-01 02:01:08 IST		y	1			11				B0H73HRV87						B0H73HRV87			0	DEFAULT	Incomplete
French Guiana eSIM 3GB 15Days	French Guiana eSIM 3GB 15Days - high speed internet - mobile data 5G compatible	0630HU329UR	FRENCH-GUIANA-ESIM		0	2026-06-30 15:53:46 IST		y	1			11				B0H72J9NKR						B0H72J9NKR			0	DEFAULT	Incomplete
French Polynesia eSIM 20GB 30Days	French Polynesia eSIM 20GB 30Days - high speed internet - mobile data 5G compatible	0630HUA1GMJ	FRENCH-POLYNESIA-ESIM		0	2026-06-30 16:03:24 IST		y	1			11				B0H72LTC6B						B0H72LTC6B			0	DEFAULT	Incomplete
Gabon eSIM 3GB 15Days	Gabon eSIM 3GB 15Days - high speed internet - mobile data 5G compatible	0701HV1GSUO	GABON-ESIM		0	2026-07-01 02:12:43 IST		y	1			11				B0H737JN5R						B0H737JN5R			0	DEFAULT	Incomplete
Gambia eSIM 3GB 15Days	Gambia eSIM 3GB 15Days - high speed internet - mobile data 5G compatible	0701HY1JJRT	GAMBIA-ESIM		0	2026-07-01 15:11:20 IST		y	1			11				B0H764LW9D						B0H764LW9D			0	DEFAULT	Incomplete
Georgia eSIM 3GB 15Days	Georgia eSIM 3GB 15Days - high speed internet - mobile data 5G compatible	0701HVB8BV8	GEORGIA-ESIM		0	2026-07-01 02:16:15 IST		y	1			11				B0H73W1K72						B0H73W1K72			0	DEFAULT	Incomplete
Germany eSIM 3GB 15Days	Germany eSIM 3GB 15Days - high speed internet - mobile data 5G compatible	0701HVDKA0O	GERMANY-ESIM		0	2026-07-01 02:23:01 IST		y	1			11				B0H73Q8JKR						B0H73Q8JKR			0	DEFAULT	Incomplete
Ghana eSIM 5GB 30Days	Ghana eSIM 5GB 30Days - high speed internet - mobile data 5G compatible	0630HU70926	GHANA-ESIM		0	2026-06-30 16:13:18 IST		y	1			11				B0H72CD6FT						B0H72CD6FT			0	DEFAULT	Incomplete
Gibraltar eSIM 3GB 15Days	Gibraltar eSIM 3GB 15Days - high speed internet - mobile data 5G compatible	0701HVDP0L5	GIBRALTAR-ESIM		0	2026-07-01 02:34:35 IST		y	1			11				B0H72X492D						B0H72X492D			0	DEFAULT	Incomplete
Global139 eSIM 5GB 30Days	Global139 eSIM 5GB 30Days - high speed internet - mobile data 5G compatible	0701HVDQX6R	GLOBAL139-ESIM		0	2026-07-01 02:38:06 IST		y	1			11				B0H73GLDHC						B0H73GLDHC			0	DEFAULT	Incomplete
Greece eSIM 3GB 15Days	Greece eSIM 3GB 15Days - high speed internet - mobile data 5G compatible	0701HV4RGHO	GREECE-ESIM		0	2026-07-01 02:41:58 IST		y	1			11				B0H7376Y68						B0H7376Y68			0	DEFAULT	Incomplete
Greenland eSIM 5GB 30Days	Greenland eSIM 5GB 30Days - high speed internet - mobile data 5G compatible	0630HU3UZCX	GREENLAND-ESIM		0	2026-06-30 16:23:03 IST		y	1			11				B0H727KQ29						B0H727KQ29			0	DEFAULT	Incomplete
Grenada eSIM 3GB 15Days	Grenada eSIM 3GB 15Days - high speed internet - mobile data 5G compatible	0630HUGKA5F	GRENADA-ESIM		0	2026-06-30 16:33:09 IST		y	1			11				B0H728LMRM						B0H728LMRM			0	DEFAULT	Incomplete
Guadeloupe eSIM 3GB 15Days	Guadeloupe eSIM 3GB 15Days - high speed internet - mobile data 5G compatible	0701HVB0TIM	GUADELOUPE-ESIM		0	2026-07-01 02:53:35 IST		y	1			11				B0H73QZKX4						B0H73QZKX4			0	DEFAULT	Incomplete
Guam eSIM 3GB 15Days	Guam eSIM 3GB 15Days - high speed internet - mobile data 5G compatible	0701HVFZE3X	GUAM-ESIM		0	2026-07-01 03:00:33 IST		y	1			11				B0H73TVQ5H						B0H73TVQ5H			0	DEFAULT	Incomplete
Guatemala eSIM 3GB 15Days	Guatemala eSIM 3GB 15Days - high speed internet - mobile data 5G compatible	0701HVENYBP	GUATEMALA-ESIM		0	2026-07-01 03:10:38 IST		y	1			11				B0H73MYV4T						B0H73MYV4T			0	DEFAULT	Incomplete
Guernsey eSIM 3GB 15Days	Guernsey eSIM 3GB 15Days - high speed internet - mobile data 5G compatible	0701HVJ7JYB	GUERNSEY-ESIM		0	2026-07-01 03:14:51 IST		y	1			11				B0H73RK7SF						B0H73RK7SF			0	DEFAULT	Incomplete
Guinea-Bissau eSIM 3GB 15Days	Guinea-Bissau eSIM 3GB 15Days - high speed internet - mobile data 5G compatible	0630HUE08RT	GUINEA-BISSAU-ESIM		0	2026-06-30 16:52:27 IST		y	1			11				B0H72G1GYN						B0H72G1GYN			0	DEFAULT	Incomplete
Guinea eSIM 20GB 30Days	Guinea eSIM 20GB 30Days - high speed internet - mobile data 5G compatible	0630HU4EFUD	GUINEA-ESIM		0	2026-06-30 16:43:05 IST		y	1			11				B0H72K529C						B0H72K529C			0	DEFAULT	Incomplete
Guyana eSIM 20GB 30Days	Guyana eSIM 20GB 30Days - high speed internet - mobile data 5G compatible	0630HU4M53R	GUYANA-ESIM		0	2026-06-30 17:02:20 IST		y	1			11				B0H72BXRW6						B0H72BXRW6			0	DEFAULT	Incomplete
Haiti eSIM 20GB 30Days	Haiti eSIM 20GB 30Days - high speed internet - mobile data 5G compatible	0630HUJDCKH	HAITI-ESIM		0	2026-06-30 17:11:54 IST		y	1			11				B0H72KJQ4W						B0H72KJQ4W			0	DEFAULT	Incomplete
Hajjj Package Luxury eSIM | Saudi Arabia Travel Data | Travel Guide Included | 3G/4G/5G Speeds	Premium Islamic Hajj eSIM package with 10GB data valid for 30 days. Includes Hajj Luxury Travel Guide and exclusive Saudi Arabian travel guides. Instant QR activation for use across Saudi Arabia.	0630HTBEHPG	HAJJ-LUXURY-ESIM		0	2026-06-30 12:07:37 IST		y	1			11				B0H721CDS9						B0H721CDS9			0	DEFAULT	Incomplete
Honduras eSIM 3GB 15Days	Honduras eSIM 3GB 15Days - high speed internet - mobile data 5G compatible	0701HVJC63I	HONDURAS-ESIM		0	2026-07-01 03:25:01 IST		y	1			11				B0H73N892F						B0H73N892F			0	DEFAULT	Incomplete
Hong Kong eSIM 3GB 15Days	Hong Kong eSIM 3GB 15Days - high speed internet - mobile data 5G compatible	0701HVIYH19	HONG-KONG-ESIM		0	2026-07-01 03:29:03 IST		y	1			11				B0H73S161N						B0H73S161N			0	DEFAULT	Incomplete
Hungary eSIM 3GB 15Days	Hungary eSIM 3GB 15Days - high speed internet - mobile data 5G compatible	0701HVLUZFE	HUNGARY-ESIM		0	2026-07-01 03:39:34 IST		y	1			11				B0H73N89KP						B0H73N89KP			0	DEFAULT	Incomplete
Iceland eSIM 3GB 15Days	Iceland eSIM 3GB 15Days - high speed internet - mobile data 5G compatible	0701HVLGR5H	ICELAND-ESIM		0	2026-07-01 03:49:58 IST		y	1			11				B0H73PJ13X						B0H73PJ13X			0	DEFAULT	Incomplete
India eSIM 3GB 15Days	India eSIM 3GB 15Days - high speed internet - mobile data 5G compatible	0701HVRIUH6	INDIA-ESIM		0	2026-07-01 04:00:03 IST		y	1			11				B0H741WXRH						B0H741WXRH			0	DEFAULT	Incomplete
Indonesia eSIM 3GB 15Days	Indonesia eSIM 3GB 15Days - high speed internet - mobile data 5G compatible	0701HVXAS4A	INDONESIA-ESIM		0	2026-07-01 04:11:41 IST		y	1			11				B0H73STBRG						B0H73STBRG			0	DEFAULT	Incomplete
Iraq eSIM 5GB 30Days	Iraq eSIM 5GB 30Days - high speed internet - mobile data 5G compatible	0630HUBA04S	IRAQ-ESIM		0	2026-06-30 17:22:02 IST		y	1			11				B0H72J5HYW						B0H72J5HYW			0	DEFAULT	Incomplete
Ireland eSIM 3GB 15Days	Ireland eSIM 3GB 15Days - high speed internet - mobile data 5G compatible	0701HVV72SU	IRELAND-ESIM		0	2026-07-01 04:23:20 IST		y	1			11				B0H73XDGJ4						B0H73XDGJ4			0	DEFAULT	Incomplete
Isle of Man eSIM 3GB 15Days	Isle of Man eSIM 3GB 15Days - high speed internet - mobile data 5G compatible	0701HVYIW9K	ISLE-OF-MAN-ESIM		0	2026-07-01 04:34:59 IST		y	1			11				B0H741W91B						B0H741W91B			0	DEFAULT	Incomplete
Israel eSIM 3GB 15Days	Israel eSIM 3GB 15Days - high speed internet - mobile data 5G compatible	0701HVU2AJ8	ISRAEL-ESIM		0	2026-07-01 04:45:45 IST		y	1			11				B0H743F22X						B0H743F22X			0	DEFAULT	Incomplete
Italy eSIM 3GB 15Days	Italy eSIM 3GB 15Days - high speed internet - mobile data 5G compatible	0701HW7BT2V	ITALY-ESIM		0	2026-07-01 04:56:23 IST		y	1			11				B0H73WF7MD						B0H73WF7MD			0	DEFAULT	Incomplete
Jamaica eSIM 20GB 30Days	Jamaica eSIM 20GB 30Days - high speed internet - mobile data 5G compatible	0630HUEKY7R	JAMAICA-ESIM		0	2026-06-30 17:31:35 IST		y	1			11				B0H72GTV26						B0H72GTV26			0	DEFAULT	Incomplete
Japan eSIM 3GB 15Days	Japan eSIM 3GB 15Days - high speed internet - mobile data 5G compatible	0701HVX0L4Z	JAPAN-ESIM		0	2026-07-01 05:08:03 IST		y	1			11				B0H74BCRHS						B0H74BCRHS			0	DEFAULT	Incomplete
Jersey eSIM 3GB 15Days	Jersey eSIM 3GB 15Days - high speed internet - mobile data 5G compatible	0701HVVTBDC	JERSEY-ESIM		0	2026-07-01 05:19:39 IST		y	1			11				B0H73YD7BS						B0H73YD7BS			0	DEFAULT	Incomplete
Jordan eSIM 3GB 15Days	Jordan eSIM 3GB 15Days - high speed internet - mobile data 5G compatible	0701HVVHM63	JORDAN-ESIM		0	2026-07-01 05:30:17 IST		y	1			11				B0H74HDJ5S						B0H74HDJ5S			0	DEFAULT	Incomplete
Kazakhstan eSIM 3GB 15Days	Kazakhstan eSIM 3GB 15Days - high speed internet - mobile data 5G compatible	0701HW3VP3X	KAZAKHSTAN-ESIM		0	2026-07-01 05:40:33 IST		y	1			11				B0H74KL7VB						B0H74KL7VB			0	DEFAULT	Incomplete
Kenya eSIM 5GB 30Days	Kenya eSIM 5GB 30Days - high speed internet - mobile data 5G compatible	0701HVQGI0X	KENYA-ESIM		0	2026-07-01 05:50:38 IST		y	1			11				B0H74JK648						B0H74JK648			0	DEFAULT	Incomplete
Kuwait eSIM 3GB 15Days	Kuwait eSIM 3GB 15Days - high speed internet - mobile data 5G compatible	0701HW229Y6	KUWAIT-ESIM		0	2026-07-01 05:58:34 IST		y	1			11				B0H74FVFCS						B0H74FVFCS			0	DEFAULT	Incomplete
Kyrgyzstan eSIM 3GB 15Days	Kyrgyzstan eSIM 3GB 15Days - high speed internet - mobile data 5G compatible	0701HW4CNO6	KYRGYZSTAN-ESIM		0	2026-07-01 06:08:38 IST		y	1			11				B0H74G28SS						B0H74G28SS			0	DEFAULT	Incomplete
Laos eSIM 3GB 15Days	Laos eSIM 3GB 15Days - high speed internet - mobile data 5G compatible	0630HUDIQ15	LAOS-ESIM		0	2026-06-30 17:40:48 IST		y	1			11				B0H72855JZ						B0H72855JZ			0	DEFAULT	Incomplete
Latvia eSIM 3GB 15Days	Latvia eSIM 3GB 15Days - high speed internet - mobile data 5G compatible	0701HVZQ6FP	LATVIA-ESIM		0	2026-07-01 06:15:29 IST		y	1			11				B0H748YBDJ						B0H748YBDJ			0	DEFAULT	Incomplete
Liberia eSIM 3GB 15Days	Liberia eSIM 3GB 15Days - high speed internet - mobile data 5G compatible	0701HVW589M	LIBERIA-ESIM		0	2026-07-01 06:25:34 IST		y	1			11				B0H747RGXP						B0H747RGXP			0	DEFAULT	Incomplete
Libya eSIM 3GB 15Days	Libya eSIM 3GB 15Days - high speed internet - mobile data 5G compatible	0630HUHQE0O	LIBYA-ESIM		0	2026-06-30 17:50:02 IST		y	1			11				B0H729C4CG						B0H729C4CG			0	DEFAULT	Incomplete
Liechtenstein eSIM 3GB 15Days	Liechtenstein eSIM 3GB 15Days - high speed internet - mobile data 5G compatible	0701HW5CDCI	LIECHTENSTEIN-ESIM		0	2026-07-01 06:31:42 IST		y	1			11				B0H747Z1L7						B0H747Z1L7			0	DEFAULT	Incomplete
Lithuania eSIM 3GB 15Days	Lithuania eSIM 3GB 15Days - high speed internet - mobile data 5G compatible	0701HVWPADZ	LITHUANIA-ESIM		0	2026-07-01 06:35:43 IST		y	1			11				B0H74JVJ5C						B0H74JVJ5C			0	DEFAULT	Incomplete
Luxembourg eSIM 3GB 15Days	Luxembourg eSIM 3GB 15Days - high speed internet - mobile data 5G compatible	0701HW01WEV	LUXEMBOURG-ESIM		0	2026-07-01 06:46:41 IST		y	1			11				B0H74HQ2XN						B0H74HQ2XN			0	DEFAULT	Incomplete
Macao eSIM 3GB 15Days	Macao eSIM 3GB 15Days - high speed internet - mobile data 5G compatible	0701HWAH1AF	MACAO-ESIM		0	2026-07-01 06:56:47 IST		y	1			11				B0H74HS98P						B0H74HS98P			0	DEFAULT	Incomplete
Madagascar eSIM 3GB 15Days	Madagascar eSIM 3GB 15Days - high speed internet - mobile data 5G compatible	0701HWA48HT	MADAGASCAR-ESIM		0	2026-07-01 07:06:21 IST		y	1			11				B0H74BJFR3						B0H74BJFR3			0	DEFAULT	Incomplete
Malawi eSIM 3GB 15Days	Malawi eSIM 3GB 15Days - high speed internet - mobile data 5G compatible	0701HW8Y9QS	MALAWI-ESIM		0	2026-07-01 07:10:03 IST		y	1			11				B0H74PHZZ8						B0H74PHZZ8			0	DEFAULT	Incomplete
Malaysia eSIM 3GB 15Days	Malaysia eSIM 3GB 15Days - high speed internet - mobile data 5G compatible	0701HW8YQLR	MALAYSIA-ESIM		0	2026-07-01 07:16:51 IST		y	1			11				B0H74P8RKV						B0H74P8RKV			0	DEFAULT	Incomplete
Maldives eSIM 20GB 30Days	Maldives eSIM 20GB 30Days - high speed internet - mobile data 5G compatible	0630HU8OT8P	MALDIVES-ESIM		0	2026-06-30 17:59:25 IST		y	1			11				B0H72JGNQM						B0H72JGNQM			0	DEFAULT	Incomplete
Mali eSIM 3GB 15Days	Mali eSIM 3GB 15Days - high speed internet - mobile data 5G compatible	0701HWB7HWC	MALI-ESIM		0	2026-07-01 07:28:29 IST		y	1			11				B0H74RDYBZ						B0H74RDYBZ			0	DEFAULT	Incomplete
Malta eSIM 3GB 15Days	Malta eSIM 3GB 15Days - high speed internet - mobile data 5G compatible	0701HWCW3VQ	MALTA-ESIM		0	2026-07-01 07:32:20 IST		y	1			11				B0H74BJ56J						B0H74BJ56J			0	DEFAULT	Incomplete
Martinique eSIM 3GB 15Days	Martinique eSIM 3GB 15Days - high speed internet - mobile data 5G compatible	0630HUF0LRF	MARTINIQUE-ESIM		0	2026-06-30 18:08:49 IST		y	1			11				B0H72KXKP9						B0H72KXKP9			0	DEFAULT	Incomplete
Mauritius eSIM 3GB 15Days	Mauritius eSIM 3GB 15Days - high speed internet - mobile data 5G compatible	0701HY7TQOL	MAURITIUS-ESIM		0	2026-07-01 15:19:15 IST		y	1			11				B0H75WVN5T						B0H75WVN5T			0	DEFAULT	Incomplete
Mayotte eSIM 3GB 15Days	Mayotte eSIM 3GB 15Days - high speed internet - mobile data 5G compatible	0630HUH1I64	MAYOTTE-ESIM		0	2026-06-30 18:18:24 IST		y	1			11				B0H72KX4RC						B0H72KX4RC			0	DEFAULT	Incomplete
Mexico eSIM 3GB 15Days	Mexico eSIM 3GB 15Days - high speed internet - mobile data 5G compatible	0701HWCGC18	MEXICO-ESIM		0	2026-07-01 07:43:19 IST		y	1			11				B0H74VYC4C						B0H74VYC4C			0	DEFAULT	Incomplete
Middle East eSIM 5GB 30Days	Middle East eSIM 5GB 30Days - high speed internet - mobile data 5G compatible	0701HWB3Q0Q	MIDDLE-EAST-ESIM		0	2026-07-01 07:54:15 IST		y	1			11				B0H74XB9QT						B0H74XB9QT			0	DEFAULT	Incomplete
Moldova eSIM 3GB 15Days	Moldova eSIM 3GB 15Days - high speed internet - mobile data 5G compatible	0701HWP9C7D	MOLDOVA-ESIM		0	2026-07-01 07:57:46 IST		y	1			11				B0H74S8YG2						B0H74S8YG2			0	DEFAULT	Incomplete
Monaco eSIM 3GB 15Days	Monaco eSIM 3GB 15Days - high speed internet - mobile data 5G compatible	0701HWMI9DA	MONACO-ESIM		0	2026-07-01 08:01:38 IST		y	1			11				B0H74Q8VT9						B0H74Q8VT9			0	DEFAULT	Incomplete
Mongolia eSIM 3GB 15Days	Mongolia eSIM 3GB 15Days - high speed internet - mobile data 5G compatible	0701HWDZDHL	MONGOLIA-ESIM		0	2026-07-01 08:09:17 IST		y	1			11				B0H74HH9R8						B0H74HH9R8			0	DEFAULT	Incomplete
Montenegro eSIM 3GB 15Days	Montenegro eSIM 3GB 15Days - high speed internet - mobile data 5G compatible	0701HWSNQCP	MONTENEGRO-ESIM		0	2026-07-01 08:12:58 IST		y	1			11				B0H74X6R14						B0H74X6R14			0	DEFAULT	Incomplete
Montserrat eSIM 3GB 15Days	Montserrat eSIM 3GB 15Days - high speed internet - mobile data 5G compatible	0630HUI5O7G	MONTSERRAT-ESIM		0	2026-06-30 18:28:19 IST		y	1			11				B0H72P2LVK						B0H72P2LVK			0	DEFAULT	Incomplete
Morocco eSIM 5GB 30Days	Morocco eSIM 5GB 30Days - high speed internet - mobile data 5G compatible	0701HWM8349	MOROCCO-ESIM		0	2026-07-01 08:16:49 IST		y	1			11				B0H74RRNB1						B0H74RRNB1			0	DEFAULT	Incomplete
Mozambique eSIM 3GB 15Days	Mozambique eSIM 3GB 15Days - high speed internet - mobile data 5G compatible	0701HWQH0DV	MOZAMBIQUE-ESIM		0	2026-07-01 08:28:27 IST		y	1			11				B0H74SFWY3						B0H74SFWY3			0	DEFAULT	Incomplete
Nepal eSIM 3GB 15Days	Nepal eSIM 3GB 15Days - high speed internet - mobile data 5G compatible	0701HWQ41EI	NEPAL-ESIM		0	2026-07-01 08:36:18 IST		y	1			11				B0H751ZWNC						B0H751ZWNC			0	DEFAULT	Incomplete
Netherlands eSIM 3GB 15Days	Netherlands eSIM 3GB 15Days - high speed internet - mobile data 5G compatible	0701HWM21N2	NETHERLANDS-ESIM		0	2026-07-01 08:40:10 IST		y	1			11				B0H74VLQF9						B0H74VLQF9			0	DEFAULT	Incomplete
New Zealand eSIM 3GB 15Days	New Zealand eSIM 3GB 15Days - high speed internet - mobile data 5G compatible	0701HWHL46O	NEW-ZEALAND-ESIM		0	2026-07-01 08:51:44 IST		y	1			11				B0H752R7W1						B0H752R7W1			0	DEFAULT	Incomplete
Nicaragua eSIM 3GB 15Days	Nicaragua eSIM 3GB 15Days - high speed internet - mobile data 5G compatible	0701HWT3KNK	NICARAGUA-ESIM		0	2026-07-01 09:01:50 IST		y	1			11				B0H75391PS						B0H75391PS			0	DEFAULT	Incomplete
Niger eSIM 3GB 15Days	Niger eSIM 3GB 15Days - high speed internet - mobile data 5G compatible	0701HWQXHTD	NIGER-ESIM		0	2026-07-01 09:05:43 IST		y	1			11				B0H74Y1GZC						B0H74Y1GZC			0	DEFAULT	Incomplete
Nigeria eSIM 3GB 15Days	Nigeria eSIM 3GB 15Days - high speed internet - mobile data 5G compatible	0701HWHRFK6	NIGERIA-ESIM		0	2026-07-01 09:09:56 IST		y	1			11				B0H74WX5MJ						B0H74WX5MJ			0	DEFAULT	Incomplete
North America eSIM 5GB 30Days	North America eSIM 5GB 30Days - high speed internet - mobile data 5G compatible	0701HWX5D45	NORTH-AMERICA-ESIM		0	2026-07-01 09:14:10 IST		y	1			11				B0H75426P5						B0H75426P5			0	DEFAULT	Incomplete
North Macedonia eSIM 3GB 15Days	North Macedonia eSIM 3GB 15Days - high speed internet - mobile data 5G compatible	0701HWSSC6H	NORTH-MACEDONIA-ESIM		0	2026-07-01 09:18:25 IST		y	1			11				B0H753Z2RV						B0H753Z2RV			0	DEFAULT	Incomplete
Norway eSIM 3GB 15Days	Norway eSIM 3GB 15Days - high speed internet - mobile data 5G compatible	0701HWRKGEO	NORWAY-ESIM		0	2026-07-01 09:26:19 IST		y	1			11				B0H754VD9H						B0H754VD9H			0	DEFAULT	Incomplete
Oman eSIM 3GB 15Days	Oman eSIM 3GB 15Days - high speed internet - mobile data 5G compatible	0701HWRPTT6	OMAN-ESIM		0	2026-07-01 09:37:50 IST		y	1			11				B0H755QLL6						B0H755QLL6			0	DEFAULT	Incomplete
Pakistan eSIM 3GB 15Days	Pakistan eSIM 3GB 15Days - high speed internet - mobile data 5G compatible	0701HWLTKTJ	PAKISTAN-ESIM		0	2026-07-01 09:45:47 IST		y	1			11				B0H751MW93						B0H751MW93			0	DEFAULT	Incomplete
Panama eSIM 3GB 15Days	Panama eSIM 3GB 15Days - high speed internet - mobile data 5G compatible	0701HX1ZBDI	PANAMA-ESIM		0	2026-07-01 09:57:20 IST		y	1			11				B0H75398JJ						B0H75398JJ			0	DEFAULT	Incomplete
Paraguay eSIM 3GB 15Days	Paraguay eSIM 3GB 15Days - high speed internet - mobile data 5G compatible	0701HYYX8IY	PARAGUAY-ESIM		0	2026-07-01 19:59:36 IST		y	1			11				B0H778KSLN						B0H778KSLN			0	DEFAULT	Incomplete
Peru eSIM 3GB 15Days	Peru eSIM 3GB 15Days - high speed internet - mobile data 5G compatible	0630HTHO7NY	PERU-ESIM		0	2026-06-30 12:14:25 IST		y	1			11				B0H71SCZMN						B0H71SCZMN			0	DEFAULT	Incomplete
Philippines eSIM 5GB 30Days	Philippines eSIM 5GB 30Days - high speed internet - mobile data 5G compatible	0701HWYZDFZ	PHILIPPINES-ESIM		0	2026-07-01 10:05:51 IST		y	1			11				B0H7591Q71						B0H7591Q71			0	DEFAULT	Incomplete
Poland eSIM 3GB 15Days	Poland eSIM 3GB 15Days - high speed internet - mobile data 5G compatible	0701HX3YYM6	POLAND-ESIM		0	2026-07-01 10:17:28 IST		y	1			11				B0H756L1W4						B0H756L1W4			0	DEFAULT	Incomplete
Portugal eSIM 3GB 15Days	Portugal eSIM 3GB 15Days - high speed internet - mobile data 5G compatible	0701HX5QI4Z	PORTUGAL-ESIM		0	2026-07-01 10:29:05 IST		y	1			11				B0H757VNLW						B0H757VNLW			0	DEFAULT	Incomplete
Puerto Rico eSIM 3GB 15Days	Puerto Rico eSIM 3GB 15Days - high speed internet - mobile data 5G compatible	0701HX7W9HK	PUERTO-RICO-ESIM		0	2026-07-01 10:40:41 IST		y	1			11				B0H75GMCR5						B0H75GMCR5			0	DEFAULT	Incomplete
Qatar eSIM 5GB 30Days	Qatar eSIM 5GB 30Days - high speed internet - mobile data 5G compatible	0701HX7CIZ7	QATAR-ESIM		0	2026-07-01 10:48:38 IST		y	1			11				B0H75M7XWJ						B0H75M7XWJ			0	DEFAULT	Incomplete
Republic of the Congo eSIM 20GB 30Days	Republic of the Congo eSIM 20GB 30Days - high speed internet - mobile data 5G compatible	0630HU9231D	REPUBLIC-OF-THE-CONGO-ESIM		0	2026-06-30 18:38:26 IST		y	1			11				B0H72XPL7V						B0H72XPL7V			0	DEFAULT	Incomplete
Reunion eSIM 3GB 15Days	Reunion eSIM 3GB 15Days - high speed internet - mobile data 5G compatible	0701HX7X2ZI	REUNION-ESIM		0	2026-07-01 11:00:14 IST		y	1			11				B0H75BKK5H						B0H75BKK5H			0	DEFAULT	Incomplete
Romania eSIM 3GB 15Days	Romania eSIM 3GB 15Days - high speed internet - mobile data 5G compatible	0630HUF9MFS	ROMANIA-ESIM		0	2026-06-30 18:48:12 IST		y	1			11				B0H72MWT25						B0H72MWT25			0	DEFAULT	Incomplete
Russia eSIM 5GB 30Days	Russia eSIM 5GB 30Days - high speed internet - mobile data 5G compatible	0630HUL7VXY	RUSSIA-ESIM		0	2026-06-30 18:57:49 IST		y	1			11				B0H72JXZ4X						B0H72JXZ4X			0	DEFAULT	Incomplete
Rwanda eSIM 3GB 15Days	Rwanda eSIM 3GB 15Days - high speed internet - mobile data 5G compatible	0630HUKAQM9	RWANDA-ESIM		0	2026-06-30 19:07:24 IST		y	1			11				B0H73819JX						B0H73819JX			0	DEFAULT	Incomplete
Saint Barthelemy eSIM 3GB 15Days	Saint Barthelemy eSIM 3GB 15Days - high speed internet - mobile data 5G compatible	0630HUI54CI	SAINT-BARTHELEMY-ESIM		0	2026-06-30 19:17:22 IST		y	1			11				B0H735FPGG						B0H735FPGG			0	DEFAULT	Incomplete
Saint Kitts and Nevis eSIM 3GB 15Days	Saint Kitts and Nevis eSIM 3GB 15Days - high speed internet - mobile data 5G compatible	0630HUKRHER	SAINT-KITTS-AND-NEVIS-ESIM		0	2026-06-30 19:26:57 IST		y	1			11				B0H7342RPX						B0H7342RPX			0	DEFAULT	Incomplete
Saint Lucia eSIM 3GB 15Days	Saint Lucia eSIM 3GB 15Days - high speed internet - mobile data 5G compatible	0630HUMU6X6	SAINT-LUCIA-ESIM		0	2026-06-30 19:36:41 IST		y	1			11				B0H7342XYR						B0H7342XYR			0	DEFAULT	Incomplete
Saint Martin eSIM 3GB 15Days	Saint Martin eSIM 3GB 15Days - high speed internet - mobile data 5G compatible	0630HULFQT6	SAINT-MARTIN-ESIM		0	2026-06-30 19:45:44 IST		y	1			11				B0H732GRD8						B0H732GRD8			0	DEFAULT	Incomplete
Saint Vincent and the Grenadines eSIM 3GB 15Days	Saint Vincent and the Grenadines eSIM 3GB 15Days - high speed internet - mobile data 5G compatible	0630HUO3FQC	SAINT-VINCENT-AND-THE-GRENADINES-ESIM		0	2026-06-30 19:55:30 IST		y	1			11				B0H73HQZ7M						B0H73HQZ7M			0	DEFAULT	Incomplete
Samoa eSIM 3GB 15Days	Samoa eSIM 3GB 15Days - high speed internet - mobile data 5G compatible	0630HUOEOZZ	SAMOA-ESIM		0	2026-06-30 20:05:59 IST		y	1			11				B0H73FX3SZ						B0H73FX3SZ			0	DEFAULT	Incomplete
San Marino eSIM 3GB 15Days	San Marino eSIM 3GB 15Days - high speed internet - mobile data 5G compatible	0630HUJHD64	SAN-MARINO-ESIM		0	2026-06-30 20:16:15 IST		y	1			11				B0H735PZBX						B0H735PZBX			0	DEFAULT	Incomplete
Saudi Arabia eSIM 3GB 15Days	Saudi Arabia eSIM 3GB 15Days - high speed internet - mobile data 5G compatible	0701HXEA0UN	SAUDI-ARABIA-ESIM		0	2026-07-01 11:08:09 IST		y	1			11				B0H75GBR3P						B0H75GBR3P			0	DEFAULT	Incomplete
Senegal eSIM 3GB 15Days	Senegal eSIM 3GB 15Days - high speed internet - mobile data 5G compatible	0701HXILPKG	SENEGAL-ESIM		0	2026-07-01 11:19:46 IST		y	1			11				B0H75M1G2J						B0H75M1G2J			0	DEFAULT	Incomplete
Serbia eSIM 3GB 15Days	Serbia eSIM 3GB 15Days - high speed internet - mobile data 5G compatible	0701HXHLJNI	SERBIA-ESIM		0	2026-07-01 11:27:45 IST		y	1			11				B0H75F3J7D						B0H75F3J7D			0	DEFAULT	Incomplete
Seychelles eSIM 3GB 15Days	Seychelles eSIM 3GB 15Days - high speed internet - mobile data 5G compatible	0701HXNG4IK	SEYCHELLES-ESIM		0	2026-07-01 11:35:32 IST		y	1			11				B0H75VNLC6						B0H75VNLC6			0	DEFAULT	Incomplete
Sierra Leone eSIM 5GB 30Days	Sierra Leone eSIM 5GB 30Days - high speed internet - mobile data 5G compatible	0630HUN50CQ	SIERRA-LEONE-ESIM		0	2026-06-30 20:26:11 IST		y	1			11				B0H73F5LQT						B0H73F5LQT			0	DEFAULT	Incomplete
Singapore eSIM 5GB 30Days	Singapore eSIM 5GB 30Days - high speed internet - mobile data 5G compatible	0701HXHNRYZ	SINGAPORE-ESIM		0	2026-07-01 11:43:29 IST		y	1			11				B0H75J4ZHB						B0H75J4ZHB			0	DEFAULT	Incomplete
Slovakia eSIM 3GB 15Days	Slovakia eSIM 3GB 15Days - high speed internet - mobile data 5G compatible	0701HXA62D4	SLOVAKIA-ESIM		0	2026-07-01 11:51:25 IST		y	1			11				B0H75LCD5X						B0H75LCD5X			0	DEFAULT	Incomplete
Slovenia eSIM 3GB 15Days	Slovenia eSIM 3GB 15Days - high speed internet - mobile data 5G compatible	0701HXKL2NW	SLOVENIA-ESIM		0	2026-07-01 12:02:35 IST		y	1			11				B0H75M62RQ						B0H75M62RQ			0	DEFAULT	Incomplete
South Africa eSIM 5GB 30Days	South Africa eSIM 5GB 30Days - high speed internet - mobile data 5G compatible	0701HXPHEA0	SOUTH-AFRICA-ESIM		0	2026-07-01 12:14:11 IST		y	1			11				B0H75PDYL9						B0H75PDYL9			0	DEFAULT	Incomplete
South America eSIM 5GB 30Days	South America eSIM 5GB 30Days - high speed internet - mobile data 5G compatible	0701HXMIZZP	SOUTH-AMERICA-ESIM		0	2026-07-01 12:18:26 IST		y	1			11				B0H75N9M8N						B0H75N9M8N			0	DEFAULT	Incomplete
South Korea eSIM 5GB 30Days	South Korea eSIM 5GB 30Days - high speed internet - mobile data 5G compatible	0701HXGLSUD	SOUTH-KOREA-ESIM		0	2026-07-01 12:22:41 IST		y	1			11				B0H75Y2PX9						B0H75Y2PX9			0	DEFAULT	Incomplete
Spain eSIM 3GB 15Days	Spain eSIM 3GB 15Days - high speed internet - mobile data 5G compatible	0701HXGY79B	SPAIN-ESIM		0	2026-07-01 12:34:19 IST		y	1			11				B0H75TZCZQ						B0H75TZCZQ			0	DEFAULT	Incomplete
Sri Lanka eSIM 3GB 15Days	Sri Lanka eSIM 3GB 15Days - high speed internet - mobile data 5G compatible	0701HXMXBQT	SRI-LANKA-ESIM		0	2026-07-01 12:45:59 IST		y	1			11				B0H75VL1T5						B0H75VL1T5			0	DEFAULT	Incomplete
Sudan eSIM 3GB 15Days	Sudan eSIM 3GB 15Days - high speed internet - mobile data 5G compatible	0701HXR5RE3	SUDAN-ESIM		0	2026-07-01 12:57:36 IST		y	1			11				B0H75TCP5N						B0H75TCP5N			0	DEFAULT	Incomplete
Suriname eSIM 5GB 30Days	Suriname eSIM 5GB 30Days - high speed internet - mobile data 5G compatible	0630HUQK7GH	SURINAME-ESIM		0	2026-06-30 20:35:58 IST		y	1			11				B0H72VRMTF						B0H72VRMTF			0	DEFAULT	Incomplete
Saint Vincent and the Grenadines eSIM 20GB 30Days	Saint Vincent and the Grenadines eSIM 20GB 30Days - high speed internet - mobile data 5G compatible	0630HUPVK9K	SVG-ESIM		0	2026-06-30 20:02:08 IST		y	1			11				B0H73DXPMT						B0H73DXPMT			0	DEFAULT	Incomplete
Sweden eSIM 3GB 15Days	Sweden eSIM 3GB 15Days - high speed internet - mobile data 5G compatible	0701HXTB9T6	SWEDEN-ESIM		0	2026-07-01 13:05:11 IST		y	1			11				B0H75WS4T1						B0H75WS4T1			0	DEFAULT	Incomplete
Switzerland eSIM 3GB 15Days	Switzerland eSIM 3GB 15Days - high speed internet - mobile data 5G compatible	0701HXQBC57	SWITZERLAND-ESIM		0	2026-07-01 13:16:51 IST		y	1			11				B0H75W1GCM						B0H75W1GCM			0	DEFAULT	Incomplete
Tajikistan eSIM 3GB 15Days	Tajikistan eSIM 3GB 15Days - high speed internet - mobile data 5G compatible	0630HURYFQK	TAJIKISTAN-ESIM		0	2026-06-30 20:45:51 IST		y	1			11				B0H73FVL1P						B0H73FVL1P			0	DEFAULT	Incomplete
Tanzania eSIM 3GB 15Days	Tanzania eSIM 3GB 15Days - high speed internet - mobile data 5G compatible	0701HXX0WY1	TANZANIA-ESIM		0	2026-07-01 13:28:32 IST		y	1			11				B0H75ZBWBL						B0H75ZBWBL			0	DEFAULT	Incomplete
Thailand eSIM 3GB 15Days	Thailand eSIM 3GB 15Days - high speed internet - mobile data 5G compatible	0701HXVF76B	THAILAND-ESIM		0	2026-07-01 13:32:50 IST		y	1			11				B0H75M6L8S						B0H75M6L8S			0	DEFAULT	Incomplete
Trinidad and Tobago eSIM 20GB 30Days	Trinidad and Tobago eSIM 20GB 30Days - high speed internet - mobile data 5G compatible	0630HUORB3G	TRINIDAD-AND-TOBAGO-ESIM		0	2026-06-30 20:55:56 IST		y	1			11				B0H73CGHHC						B0H73CGHHC			0	DEFAULT	Incomplete
Tunisia eSIM 5GB 30Days	Tunisia eSIM 5GB 30Days - high speed internet - mobile data 5G compatible	0701HXWL0T4	TUNISIA-ESIM		0	2026-07-01 13:44:26 IST		y	1			11				B0H75P7DLJ						B0H75P7DLJ			0	DEFAULT	Incomplete
Turkey eSIM 3GB 15Days	Turkey eSIM 3GB 15Days - high speed internet - mobile data 5G compatible	0701HY35YND	TURKEY-ESIM		0	2026-07-01 13:48:42 IST		y	1			11				B0H75WBVPP						B0H75WBVPP			0	DEFAULT	Incomplete
Turks and Caicos Islands eSIM 20GB 30Days	Turks and Caicos Islands eSIM 20GB 30Days - high speed internet - mobile data 5G compatible	0630HURLNK7	TURKS-AND-CAICOS-ISLANDS-ESIM		0	2026-06-30 21:06:21 IST		y	1			11				B0H7373L9L						B0H7373L9L			0	DEFAULT	Incomplete
Uganda eSIM 3GB 15Days	Uganda eSIM 3GB 15Days - high speed internet - mobile data 5G compatible	0701HXZADC3	UGANDA-ESIM		0	2026-07-01 14:00:18 IST		y	1			11				B0H7669G7R						B0H7669G7R			0	DEFAULT	Incomplete
Ukraine eSIM 3GB 15Days	Ukraine eSIM 3GB 15Days - high speed internet - mobile data 5G compatible	0701HXYRTZ0	UKRAINE-ESIM		0	2026-07-01 14:04:13 IST		y	1			11				B0H75Y67LB						B0H75Y67LB			0	DEFAULT	Incomplete
United Arab Emirates eSIM 3GB 15Days	United Arab Emirates eSIM 3GB 15Days - high speed internet - mobile data 5G compatible	0701HXYM8ZM	UNITED-ARAB-EMIRATES-ESIM		0	2026-07-01 14:12:09 IST		y	1			11				B0H75YL2V8						B0H75YL2V8			0	DEFAULT	Incomplete
United Kingdom eSIM 3GB 15Days	United Kingdom eSIM 3GB 15Days - high speed internet - mobile data 5G compatible	0701HY60BAL	UNITED-KINGDOM-ESIM		0	2026-07-01 14:23:44 IST		y	1			11				B0H75S2NHQ						B0H75S2NHQ			0	DEFAULT	Incomplete
United States eSIM 3GB 15Days	United States eSIM 3GB 15Days - high speed internet - mobile data 5G compatible	0701HYCFZVX	UNITED-STATES-ESIM		0	2026-07-01 14:35:23 IST		y	1			11				B0H7615C4X						B0H7615C4X			0	DEFAULT	Incomplete
Uruguay eSIM 3GB 15Days	Uruguay eSIM 3GB 15Days - high speed internet - mobile data 5G compatible	0701HYAJALT	URUGUAY-ESIM		0	2026-07-01 14:43:19 IST		y	1			11				B0H75YZG6L						B0H75YZG6L			0	DEFAULT	Incomplete
Uzbekistan eSIM 5GB 30Days	Uzbekistan eSIM 5GB 30Days - high speed internet - mobile data 5G compatible	0701HY12E48	UZBEKISTAN-ESIM		0	2026-07-01 14:47:34 IST		y	1			11				B0H75W71PK						B0H75W71PK			0	DEFAULT	Incomplete
Vatican City eSIM 3GB 15Days	Vatican City eSIM 3GB 15Days - high speed internet - mobile data 5G compatible	0630HUSEV7F	VATICAN-CITY-ESIM		0	2026-06-30 21:15:44 IST		y	1			11				B0H73DBX2J						B0H73DBX2J			0	DEFAULT	Incomplete
Vietnam eSIM 3GB 15Days	Vietnam eSIM 3GB 15Days - high speed internet - mobile data 5G compatible	0701HYCEGHZ	VIETNAM-ESIM		0	2026-07-01 14:51:48 IST		y	1			11				B0H761L7DW						B0H761L7DW			0	DEFAULT	Incomplete
Zambia eSIM 3GB 15Days	Zambia eSIM 3GB 15Days - high speed internet - mobile data 5G compatible	0701HYDS3QO	ZAMBIA-ESIM		0	2026-07-01 15:03:24 IST		y	1			11				B0H766ZKNL						B0H766ZKNL			0	DEFAULT	Incomplete
