item-name	item-description	listing-id	seller-sku	price	quantity	open-date	image-url	item-is-marketplace	product-id-type	zshop-shipping-fee	item-note	item-condition	zshop-category1	zshop-browse-path	zshop-storefront-feature	asin1	asin2	asin3	will-ship-internationally	expedited-shipping	zshop-boldface	product-id	bid-for-featured-placement	add-delete	pending-quantity	fulfillment-channel	status
Aaland Islands eSIM 3GB 15Days	Aaland Islands eSIM 3GB 15Days - high speed internet - mobile data 5G compatible	0630HUTIQPQ	AALAND-ISLANDS-3GB-15D	102.99		2026-06-30 22:38:09 CEST		y	4			11				B0FR3CCSMB						8721438400010				AMAZON_EU	Active
Förenade Arabemiraten eSIM 20 GB 30 dagar | Betala när du går data SIM | Enkel installation | Rese-SIM för turister och företag | 3G/4G-hastigheter		0325HS0XVWF	AE_20_30	493.88		2026-03-25 09:21:19 CET		y	1			11				B0FRB7TFJR						B0FRB7TFJR				AMAZON_EU	Active
Förenade Arabemiraten eSIM 3 GB 15 dagar | Betala när du går data SIM | Enkel installation | Rese-SIM för turister och företag | 3G/4G-hastigheter		0325HSD1ELZ	AE_3_15	132.23		2026-03-25 10:12:51 CET		y	1			11				B0FRBBYBGH						B0FRBBYBGH				AMAZON_EU	Active
Algeria eSIM 20GB 30Days	Algeria eSIM 20GB 30Days - high speed internet - mobile data 5G compatible	0630HTFSD1K	ALGERIA-20GB-30D	293.99		2026-06-30 13:32:42 CEST		y	4			11				B0H6M5TDMD						8721438408443				AMAZON_EU	Active
Algeria eSIM 3GB 15Days	Algeria eSIM 3GB 15Days - high speed internet - mobile data 5G compatible	0630HTTHU4H	ALGERIA-3GB-15D	102.99		2026-06-30 13:24:52 CEST		y	4			11				B0H6M9R3WH						8721438408429				AMAZON_EU	Active
Algeria eSIM 5GB 30Days	Algeria eSIM 5GB 30Days - high speed internet - mobile data 5G compatible	0630HTQLV4R	ALGERIA-5GB-30D	127.99		2026-06-30 13:28:52 CEST		y	4			11				B0H6MDYKG8						8721438408436				AMAZON_EU	Active
Andorra eSIM 20GB 30Days	Andorra eSIM 20GB 30Days - high speed internet - mobile data 5G compatible	0630HTP1ZQ1	ANDORRA-20GB-30D	485.99		2026-06-30 13:44:03 CEST		y	4			11				B0H6MJ97WC						8721438408474				AMAZON_EU	Active
Anguilla eSIM 20GB 30Days	Anguilla eSIM 20GB 30Days - high speed internet - mobile data 5G compatible	0630HTGHJ2C	ANGUILLA-20GB-30D	958.99		2026-06-30 14:31:53 CEST		y	4			11				B0H6MHMZY8						8721438408535				AMAZON_EU	Active
Anguilla eSIM 5GB 30Days	Anguilla eSIM 5GB 30Days - high speed internet - mobile data 5G compatible	0630HTPRDXP	ANGUILLA-5GB-30D	357.99		2026-06-30 14:31:22 CEST		y	4			11				B0H6MFJ63H						8721438408528				AMAZON_EU	Active
Antigua and Barbuda eSIM 3GB 15Days	Antigua and Barbuda eSIM 3GB 15Days - high speed internet - mobile data 5G compatible	0630HTLMAT7	ANTIGUA-AND-BARBUDA-3GB-15D	293.99		2026-06-30 14:33:14 CEST		y	4			11				B0H6MBBFLQ						8721438408542				AMAZON_EU	Active
Antigua and Barbuda eSIM 5GB 30Days	Antigua and Barbuda eSIM 5GB 30Days - high speed internet - mobile data 5G compatible	0630HTPT0QI	ANTIGUA-AND-BARBUDA-5GB-30D	383.99		2026-06-30 14:36:36 CEST		y	4			11				B0H6MCR5F9						8721438408559				AMAZON_EU	Active
Armenia eSIM 20GB 30Days	Armenia eSIM 20GB 30Days - high speed internet - mobile data 5G compatible	0630HUVYC7C	ARMENIA-20GB-30D	344.99		2026-06-30 23:05:34 CEST		y	4			11				B0FR4ZT5XT						8721438400188				AMAZON_EU	Active
Armenia eSIM 3GB 15Days	Armenia eSIM 3GB 15Days - high speed internet - mobile data 5G compatible	0630HUVESKD	ARMENIA-3GB-15D	102.99		2026-06-30 23:02:34 CEST		y	4			11				B0FR5BK9R4						8721438400164				AMAZON_EU	Active
Australia eSIM 3GB 15Days	Australia eSIM 3GB 15Days - high speed internet - mobile data 5G compatible	0630HUW1YIO	AUSTRALIA-3GB-15D	89.99		2026-06-30 23:17:29 CEST		y	4			11				B0FR9SKY4D						8721438400386				AMAZON_EU	Active
Australia eSIM 5GB 30Days	Australia eSIM 5GB 30Days - high speed internet - mobile data 5G compatible	0630HV5D2YK	AUSTRALIA-5GB-30D	102.99		2026-06-30 23:21:13 CEST		y	4			11				B0FR9JRB62						8721438400393				AMAZON_EU	Active
Austria eSIM 3GB 15Days	Austria eSIM 3GB 15Days - high speed internet - mobile data 5G compatible	0630HUVJILN	AUSTRIA-3GB-15D	89.99		2026-06-30 23:28:21 CEST		y	4			11				B0FR9QSMSP						8721438400492				AMAZON_EU	Active
Austria eSIM 5GB 30Days	Austria eSIM 5GB 30Days - high speed internet - mobile data 5G compatible	0630HV2X361	AUSTRIA-5GB-30D	102.99		2026-06-30 23:31:11 CEST		y	4			11				B0FR8XCH78						8721438400515				AMAZON_EU	Active
Australia eSIM 3GB 15Days		0327H0LU50J	AU_3_15	85.28		2026-03-27 10:52:31 CET		y	1			11				B0FR9SKY4D						B0FR9SKY4D				AMAZON_EU	Active
Australia eSIM 5GB 30Days		0325HSDNFBA	AU_5_30	105.3		2026-03-25 10:21:07 CET		y	1			11				B0FR9JRB62						B0FR9JRB62				AMAZON_EU	Active
Bahrain eSIM 3GB 15Days	Bahrain eSIM 3GB 15Days - high speed internet - mobile data 5G compatible	0630HV7Y5SG	BAHRAIN-3GB-15D	114.99		2026-06-30 23:42:21 CEST		y	4			11				B0FR9K64KF						8721438400591				AMAZON_EU	Active
Bangladesh eSIM 20GB 30Days	Bangladesh eSIM 20GB 30Days - high speed internet - mobile data 5G compatible	0630HV01D7B	BANGLADESH-20GB-30D	255.99		2026-06-30 23:52:10 CEST		y	4			11				B0FR8FJ3HJ						8721438400683				AMAZON_EU	Active
Bangladesh eSIM 3GB 15Days	Bangladesh eSIM 3GB 15Days - high speed internet - mobile data 5G compatible	0630HV52N2H	BANGLADESH-3GB-15D	102.99		2026-06-30 23:46:13 CEST		y	4			11				B0FR9L7SG3						8721438400669				AMAZON_EU	Active
Bangladesh eSIM 5GB 30Days	Bangladesh eSIM 5GB 30Days - high speed internet - mobile data 5G compatible	0630HV2WK5R	BANGLADESH-5GB-30D	114.99		2026-06-30 23:49:45 CEST		y	4			11				B0FR9BQFCM						8721438400676				AMAZON_EU	Active
Barbados eSIM 3GB 15Days	Barbados eSIM 3GB 15Days - high speed internet - mobile data 5G compatible	0630HTSLL7U	BARBADOS-3GB-15D	255.99		2026-06-30 14:53:59 CEST		y	4			11				B0H6MCD72X						8721438408603				AMAZON_EU	Active
Barbados eSIM 5GB 30Days	Barbados eSIM 5GB 30Days - high speed internet - mobile data 5G compatible	0630HTM5AI7	BARBADOS-5GB-30D	345.99		2026-06-30 14:57:19 CEST		y	4			11				B0H6MG6VYJ						8721438408610				AMAZON_EU	Active
Belarus eSIM 3GB 15Days	Belarus eSIM 3GB 15Days - high speed internet - mobile data 5G compatible	0630HUWOYHN	BELARUS-3GB-15D	102.99		2026-06-30 23:55:28 CEST		y	4			11				B0FR9G3Z82						8721438400706				AMAZON_EU	Active
Belarus eSIM 5GB 30Days	Belarus eSIM 5GB 30Days - high speed internet - mobile data 5G compatible	0630HV2IJ4K	BELARUS-5GB-30D	127.99		2026-06-30 23:58:17 CEST		y	4			11				B0FR8FFT4D						8721438400713				AMAZON_EU	Active
Belgium eSIM 20GB 30Days	Belgium eSIM 20GB 30Days - high speed internet - mobile data 5G compatible	0630HV39V45	BELGIUM-20GB-30D	165.99		2026-07-01 00:09:53 CEST		y	4			11				B0FR9BVRCH						8721438400775				AMAZON_EU	Active
Belgium eSIM 3GB 15Days	Belgium eSIM 3GB 15Days - high speed internet - mobile data 5G compatible	0630HV67EU7	BELGIUM-3GB-15D	89.99		2026-07-01 00:02:28 CEST		y	4			11				B0FR9G432K						8721438400737				AMAZON_EU	Active
Belgium eSIM 5GB 30Days	Belgium eSIM 5GB 30Days - high speed internet - mobile data 5G compatible	0630HV81U3M	BELGIUM-5GB-30D	102.99		2026-07-01 00:06:11 CEST		y	4			11				B0FR9SXCW6						8721438400751				AMAZON_EU	Active
Belize eSIM 20GB 30Days	Belize eSIM 20GB 30Days - high speed internet - mobile data 5G compatible	0630HTROQPV	BELIZE-20GB-30D	1598.99		2026-06-30 15:10:43 CEST		y	4			11				B0H6MBSQM8						8721438408658				AMAZON_EU	Active
Belize eSIM 5GB 30Days	Belize eSIM 5GB 30Days - high speed internet - mobile data 5G compatible	0630HTGR4IT	BELIZE-5GB-30D	588.99		2026-06-30 15:07:26 CEST		y	4			11				B0H6MF1H4V						8721438408641				AMAZON_EU	Active
Benin eSIM 20GB 30Days	Benin eSIM 20GB 30Days - high speed internet - mobile data 5G compatible	0630HTUQN1P	BENIN-20GB-30D	843.99		2026-06-30 15:20:24 CEST		y	4			11				B0H6M7VGSZ						8721438408689				AMAZON_EU	Active
Benin eSIM 3GB 15Days	Benin eSIM 3GB 15Days - high speed internet - mobile data 5G compatible	0630HTR6GIZ	BENIN-3GB-15D	204.99		2026-06-30 15:14:22 CEST		y	4			11				B0H6M9YHDR						8721438408665				AMAZON_EU	Active
Belgium eSIM 20GB 30Days		0327H1A6EVP	BE_20_30	225.3		2026-03-27 13:26:39 CET		y	1			11				B0FR9BVRCH						B0FR9BVRCH				AMAZON_EU	Active
Belgium eSIM 3GB 15Days		0327H0OX68C	BE_3_15	92.08		2026-03-27 10:13:05 CET		y	1			11				B0FR9G432K						B0FR9G432K				AMAZON_EU	Active
Belgium eSIM 5GB 30Days		0327H0HUO8X	BE_5_30	105.18		2026-03-27 10:23:53 CET		y	1			11				B0FR9SXCW6						B0FR9SXCW6				AMAZON_EU	Active
Bhutan eSIM 5GB 30Days	Bhutan eSIM 5GB 30Days - high speed internet - mobile data 5G compatible	0630HTX048L	BHUTAN-5GB-30D	217.99		2026-06-30 15:38:52 CEST		y	4			11				B0H6M9C23Q						8721438408733				AMAZON_EU	Active
Bolivia eSIM 20GB 30Days	Bolivia eSIM 20GB 30Days - high speed internet - mobile data 5G compatible	0630HV5YONC	BOLIVIA-20GB-30D	983.99		2026-07-01 00:16:20 CEST		y	4			11				B0FR9RH588						8721438400829				AMAZON_EU	Active
Bolivia eSIM 3GB 15Days	Bolivia eSIM 3GB 15Days - high speed internet - mobile data 5G compatible	0630HV2967F	BOLIVIA-3GB-15D	268.99		2026-07-01 00:13:31 CEST		y	4			11				B0FR8FKPKH						8721438400812				AMAZON_EU	Active
Bosnia and Herzegovina eSIM 3GB 15Days	Bosnia and Herzegovina eSIM 3GB 15Days - high speed internet - mobile data 5G compatible	0630HUWWFWX	BOSNIA-AND-HERZEGOVINA-3GB-15D	127.99		2026-07-01 00:19:48 CEST		y	4			11				B0FR9G8ZVK						8721438400843				AMAZON_EU	Active
Botswana eSIM 3GB 15Days	Botswana eSIM 3GB 15Days - high speed internet - mobile data 5G compatible	0630HV36XGP	BOTSWANA-3GB-15D	255.99		2026-07-01 00:23:18 CEST		y	4			11				B0FR9G7N2Q						8721438400867				AMAZON_EU	Active
Brunei Darussalam eSIM 20GB 30Days	Brunei Darussalam eSIM 20GB 30Days - high speed internet - mobile data 5G compatible	0630HV1W4BQ	BRUNEI-DARUSSALAM-20GB-30D	727.99		2026-07-01 00:35:25 CEST		y	4			11				B0FR9F971C						8721438400997				AMAZON_EU	Active
Brunei Darussalam eSIM 3GB 15Days	Brunei Darussalam eSIM 3GB 15Days - high speed internet - mobile data 5G compatible	0630HUX411S	BRUNEI-DARUSSALAM-3GB-15D	153.99		2026-07-01 00:32:56 CEST		y	4			11				B0FR9KTJND						8721438400980				AMAZON_EU	Active
Bulgaria eSIM 3GB 15Days	Bulgaria eSIM 3GB 15Days - high speed internet - mobile data 5G compatible	0630HTIHA9K	BULGARIA-3GB-15D	89.99		2026-06-30 13:12:58 CEST		y	4			11				B0H6MCT4Y5						8721438401031				AMAZON_EU	Active
Burkina Faso eSIM 3GB 15Days	Burkina Faso eSIM 3GB 15Days - high speed internet - mobile data 5G compatible	0630HV0IQBR	BURKINA-FASO-3GB-15D	140.99		2026-07-01 00:39:03 CEST		y	4			11				B0FR9HWFSK						8721438401086				AMAZON_EU	Active
Burkina Faso eSIM 5GB 30Days	Burkina Faso eSIM 5GB 30Days - high speed internet - mobile data 5G compatible	0630HV5K9O5	BURKINA-FASO-5GB-30D	319.99		2026-07-01 00:42:02 CEST		y	4			11				B0FR9BWKSY						8721438401093				AMAZON_EU	Active
Cambodia eSIM 3GB 15Days	Cambodia eSIM 3GB 15Days - high speed internet - mobile data 5G compatible	0630HUXI8IR	CAMBODIA-3GB-15D	102.99		2026-07-01 01:22:01 CEST		y	4			11				B0FR8XKMJ4						8721438401697				AMAZON_EU	Active
Cameroon eSIM 3GB 15Days	Cameroon eSIM 3GB 15Days - high speed internet - mobile data 5G compatible	0630HUX75XG	CAMEROON-3GB-15D	230.99		2026-07-01 00:45:39 CEST		y	4			11				B0FR9VJ1ZB						8721438401116				AMAZON_EU	Active
Cape Verde eSIM 5GB 30Days	Cape Verde eSIM 5GB 30Days - high speed internet - mobile data 5G compatible	0630HTXUBNY	CAPE-VERDE-5GB-30D	600.99		2026-06-30 15:49:30 CEST		y	4			11				B0H6MFG453						8721438408764				AMAZON_EU	Active
Cayman Islands eSIM 20GB 30Days	Cayman Islands eSIM 20GB 30Days - high speed internet - mobile data 5G compatible	0630HTZF1VF	CAYMAN-ISLANDS-20GB-30D	1048.99		2026-06-30 16:02:53 CEST		y	4			11				B0H6MGXYNS						8721438408801				AMAZON_EU	Active
Cayman Islands eSIM 3GB 15Days	Cayman Islands eSIM 3GB 15Days - high speed internet - mobile data 5G compatible	0630HTYN3M1	CAYMAN-ISLANDS-3GB-15D	293.99		2026-06-30 15:56:36 CEST		y	4			11				B0H6MLHBD7						8721438408788				AMAZON_EU	Active
Cayman Islands eSIM 5GB 30Days	Cayman Islands eSIM 5GB 30Days - high speed internet - mobile data 5G compatible	0630HTWP97Z	CAYMAN-ISLANDS-5GB-30D	383.99		2026-06-30 15:59:57 CEST		y	4			11				B0H6M55MKK						8721438408795				AMAZON_EU	Active
Central African Republic eSIM 5GB 30Days	Central African Republic eSIM 5GB 30Days - high speed internet - mobile data 5G compatible	0630HV4STEP	CENTRAL-AFRICAN-REPUBLIC-5GB-30D	370.99		2026-07-01 00:52:30 CEST		y	4			11				B0FR9R3NMC						8721438401369				AMAZON_EU	Active
Chad eSIM 3GB 15Days	Chad eSIM 3GB 15Days - high speed internet - mobile data 5G compatible	0630HV6NBLU	CHAD-3GB-15D	191.99		2026-07-01 00:55:56 CEST		y	4			11				B0FR9SG4MK						8721438401420				AMAZON_EU	Active
Chad eSIM 5GB 30Days	Chad eSIM 5GB 30Days - high speed internet - mobile data 5G compatible	0630HV8ZIJI	CHAD-5GB-30D	306.99		2026-07-01 00:58:56 CEST		y	4			11				B0FR9L414C						8721438401437				AMAZON_EU	Active
China eSIM 3GB 15Days	China eSIM 3GB 15Days - high speed internet - mobile data 5G compatible	0630HVB9NQU	CHINA-3GB-15D	89.99		2026-07-01 01:07:00 CEST		y	4			11				B0FR9QZ578						8721438401574				AMAZON_EU	Active
China eSIM 5GB 30Days	China eSIM 5GB 30Days - high speed internet - mobile data 5G compatible	0630HV6EGCT	CHINA-5GB-30D	102.99		2026-07-01 01:10:43 CEST		y	4			11				B0FR9HX7XH						8721438401581				AMAZON_EU	Active
Switzerland eSIM 3GB 15Days		0325HSHCUHK	CH_3_15	78.84		2026-03-25 10:16:13 CET		y	1			11				B0FRB5LFVC						B0FRB5LFVC				AMAZON_EU	Active
China eSIM 3GB 15Days		0325HS87R7G	CN_3_15	91.98		2026-03-25 10:12:22 CET		y	1			11				B0FR9QZ578						B0FR9QZ578				AMAZON_EU	Active
China eSIM 5GB 30Days		0325HRXUUHA	CN_5_30	118.84		2026-03-25 09:13:35 CET		y	1			11				B0FR9HX7XH						B0FR9HX7XH				AMAZON_EU	Active
Cote d'Ivoire eSIM 5GB 30Days	Cote d'Ivoire eSIM 5GB 30Days - high speed internet - mobile data 5G compatible	0630HV805ZD	COTE-D-IVOIRE-5GB-30D	345.99		2026-07-01 01:36:11 CEST		y	4			11				B0FR9V5LYJ						8721438401796				AMAZON_EU	Active
Croatia eSIM 3GB 15Days	Croatia eSIM 3GB 15Days - high speed internet - mobile data 5G compatible	0630HVC2O28	CROATIA-3GB-15D	89.99		2026-07-01 01:40:11 CEST		y	4			11				B0FR9GDKT1						8721438401819				AMAZON_EU	Active
Croatia eSIM 5GB 30Days	Croatia eSIM 5GB 30Days - high speed internet - mobile data 5G compatible	0630HV7Y53S	CROATIA-5GB-30D	102.99		2026-07-01 01:42:50 CEST		y	4			11				B0FR9BVV58						8721438401833				AMAZON_EU	Active
Curacao eSIM 3GB 15Days	Curacao eSIM 3GB 15Days - high speed internet - mobile data 5G compatible	0630HTZKA9K	CURACAO-3GB-15D	242.99		2026-06-30 16:07:04 CEST		y	4			11				B0H6M81JPM						8721438408818				AMAZON_EU	Active
Curacao eSIM 5GB 30Days	Curacao eSIM 5GB 30Days - high speed internet - mobile data 5G compatible	0630HU0KGZT	CURACAO-5GB-30D	319.99		2026-06-30 16:10:04 CEST		y	4			11				B0H6MGZLBC						8721438408825				AMAZON_EU	Active
Cyprus eSIM 3GB 15Days	Cyprus eSIM 3GB 15Days - high speed internet - mobile data 5G compatible	0630HUXO8VB	CYPRUS-3GB-15D	89.99		2026-07-01 01:48:52 CEST		y	4			11				B0FR8XJWWG						8721438401888				AMAZON_EU	Active
Cyprus eSIM 5GB 30Days	Cyprus eSIM 5GB 30Days - high speed internet - mobile data 5G compatible	0630HV0WXQ0	CYPRUS-5GB-30D	102.99		2026-07-01 01:52:12 CEST		y	4			11				B0FR8XHWZV						8721438401901				AMAZON_EU	Active
Czech Republic eSIM 20GB 30Days	Czech Republic eSIM 20GB 30Days - high speed internet - mobile data 5G compatible	0701HUXTMJ3	CZECH-REPUBLIC-20GB-30D	191.99		2026-07-01 02:01:46 CEST		y	4			11				B0FR9SVN9H						8721438401987				AMAZON_EU	Active
Czech Republic eSIM 3GB 15Days	Czech Republic eSIM 3GB 15Days - high speed internet - mobile data 5G compatible	0630HV742W4	CZECH-REPUBLIC-3GB-15D	89.99		2026-07-01 01:56:01 CEST		y	4			11				B0FR9SB2Q3						8721438401949				AMAZON_EU	Active
Czech Republic eSIM 5GB 30Days	Czech Republic eSIM 5GB 30Days - high speed internet - mobile data 5G compatible	0630HV3S7Z8	CZECH-REPUBLIC-5GB-30D	102.99		2026-07-01 01:59:11 CEST		y	4			11				B0FR9BY2LF						8721438401963				AMAZON_EU	Active
Denmark eSIM 3GB 15Days	Denmark eSIM 3GB 15Days - high speed internet - mobile data 5G compatible	0701HV9O7MM	DENMARK-3GB-15D	89.99		2026-07-01 02:05:45 CEST		y	4			11				B0FR9GSNP4						8721438402014				AMAZON_EU	Active
Denmark eSIM 5GB 30Days	Denmark eSIM 5GB 30Days - high speed internet - mobile data 5G compatible	0701HV0X1IT	DENMARK-5GB-30D	102.99		2026-07-01 02:08:56 CEST		y	4			11				B0FR8XQYR4						8721438402038				AMAZON_EU	Active
Dominica eSIM 20GB 30Days	Dominica eSIM 20GB 30Days - high speed internet - mobile data 5G compatible	0630HU17HTZ	DOMINICA-20GB-30D	958.99		2026-06-30 16:34:10 CEST		y	4			11				B0H6MK8XTJ						8721438408894				AMAZON_EU	Active
Dominica eSIM 3GB 15Days	Dominica eSIM 3GB 15Days - high speed internet - mobile data 5G compatible	0630HU13HTK	DOMINICA-3GB-15D	268.99		2026-06-30 16:27:52 CEST		y	4			11				B0H6M9H54M						8721438408870				AMAZON_EU	Active
Dominican Republic eSIM 3GB 15Days	Dominican Republic eSIM 3GB 15Days - high speed internet - mobile data 5G compatible	0701HV95KEL	DOMINICAN-REPUBLIC-3GB-15D	140.99		2026-07-01 02:15:18 CEST		y	4			11				B0FR9GSKZF						8721438402083				AMAZON_EU	Active
Dominican Republic eSIM 5GB 30Days	Dominican Republic eSIM 5GB 30Days - high speed internet - mobile data 5G compatible	0701HVBF0Q9	DOMINICAN-REPUBLIC-5GB-30D	166.99		2026-07-01 02:18:08 CEST		y	4			11				B0FR9GQKCM						8721438402090				AMAZON_EU	Active
Ecuador eSIM 3GB 15Days	Ecuador eSIM 3GB 15Days - high speed internet - mobile data 5G compatible	0701HVB5WJ7	ECUADOR-3GB-15D	153.99		2026-07-01 02:24:20 CEST		y	4			11				B0FR9RM6MP						8721438402120				AMAZON_EU	Active
Egypt eSIM 3GB 15Days	Egypt eSIM 3GB 15Days - high speed internet - mobile data 5G compatible	0701HUY51QI	EGYPT-3GB-15D	114.99		2026-07-01 02:28:35 CEST		y	4			11				B0FR9C784N						8721438402144				AMAZON_EU	Active
Egypt eSIM 3GB 15Days		0327H0VWST1	EG_3_15	132.23		2026-03-27 11:00:17 CET		y	1			11				B0FR9C784N						B0FR9C784N				AMAZON_EU	Active
El Salvador eSIM 3GB 15Days	El Salvador eSIM 3GB 15Days - high speed internet - mobile data 5G compatible	0701HVCOYLD	EL-SALVADOR-3GB-15D	191.99		2026-07-01 02:38:01 CEST		y	4			11				B0FR9LJ7X4						8721438402236				AMAZON_EU	Active
Estonia eSIM 20GB 30Days	Estonia eSIM 20GB 30Days - high speed internet - mobile data 5G compatible	0701HV7H0W8	ESTONIA-20GB-30D	166.99		2026-07-01 02:47:07 CEST		y	4			11				B0FR9L527N						8721438402298				AMAZON_EU	Active
Estonia eSIM 3GB 15Days	Estonia eSIM 3GB 15Days - high speed internet - mobile data 5G compatible	0701HV7FKIF	ESTONIA-3GB-15D	89.99		2026-07-01 02:41:42 CEST		y	4			11				B0FR9GST1S						8721438402250				AMAZON_EU	Active
Estonia eSIM 5GB 30Days	Estonia eSIM 5GB 30Days - high speed internet - mobile data 5G compatible	0701HVBCN6Q	ESTONIA-5GB-30D	102.99		2026-07-01 02:44:32 CEST		y	4			11				B0FR9GQYKB						8721438402274				AMAZON_EU	Active
Spain eSIM 3GB 15Days		0327H1FI21O	ES_3_15	92.01		2026-03-27 14:05:27 CET		y	1			11				B0FRCDHTZ7						B0FRCDHTZ7				AMAZON_EU	Active
Spain eSIM 5GB 30Days		0325HRR8HB3	ES_5_30	118.73		2026-03-25 09:07:43 CET		y	1			11				B0FRBQCLZN						B0FRBQCLZN				AMAZON_EU	Active
Faroe Islands eSIM 20GB 30Days	Faroe Islands eSIM 20GB 30Days - high speed internet - mobile data 5G compatible	0630HU3A5QV	FAROE-ISLANDS-20GB-30D	319.99		2026-06-30 16:43:47 CEST		y	4			11				B0H6MB82ZV						8721438408924				AMAZON_EU	Active
Faroe Islands eSIM 3GB 15Days	Faroe Islands eSIM 3GB 15Days - high speed internet - mobile data 5G compatible	0630HU29K0U	FAROE-ISLANDS-3GB-15D	102.99		2026-06-30 16:37:39 CEST		y	4			11				B0H6ML935Q						8721438408900				AMAZON_EU	Active
Faroe Islands eSIM 5GB 30Days	Faroe Islands eSIM 5GB 30Days - high speed internet - mobile data 5G compatible	0630HU22LYM	FAROE-ISLANDS-5GB-30D	127.99		2026-06-30 16:40:59 CEST		y	4			11				B0H6MF2TVH						8721438408917				AMAZON_EU	Active
Fiji eSIM 5GB 30Days	Fiji eSIM 5GB 30Days - high speed internet - mobile data 5G compatible	0630HU0FNCS	FIJI-5GB-30D	153.99		2026-06-30 16:50:05 CEST		y	4			11				B0H6MJ7GS6						8721438408948				AMAZON_EU	Active
Finland eSIM 3GB 15Days	Finland eSIM 3GB 15Days - high speed internet - mobile data 5G compatible	0701HV4C6BG	FINLAND-3GB-15D	89.99		2026-07-01 02:57:03 CEST		y	4			11				B0FR9GSND6						8721438402533				AMAZON_EU	Active
Finland eSIM 5GB 30Days	Finland eSIM 5GB 30Days - high speed internet - mobile data 5G compatible	0701HVB9LY5	FINLAND-5GB-30D	102.99		2026-07-01 03:00:13 CEST		y	4			11				B0FR9SB3BJ						8721438402557				AMAZON_EU	Active
France eSIM 3GB 15Days	France eSIM 3GB 15Days - high speed internet - mobile data 5G compatible	0701HV4CEZU	FRANCE-3GB-15D	89.99		2026-07-01 03:04:25 CEST		y	4			11				B0FR9C5ZB6						8721438402595				AMAZON_EU	Active
France eSIM 5GB 30Days	France eSIM 5GB 30Days - high speed internet - mobile data 5G compatible	0701HVALPME	FRANCE-5GB-30D	102.99		2026-07-01 03:08:08 CEST		y	4			11				B0FR9LMDW5						8721438402618				AMAZON_EU	Active
French Guiana eSIM 3GB 15Days	French Guiana eSIM 3GB 15Days - high speed internet - mobile data 5G compatible	0630HU6D54Q	FRENCH-GUIANA-3GB-15D	89.99		2026-06-30 16:56:20 CEST		y	4			11				B0H6MFD6Z3						8721438408962				AMAZON_EU	Active
French Guiana eSIM 5GB 30Days	French Guiana eSIM 5GB 30Days - high speed internet - mobile data 5G compatible	0630HU1ZK4C	FRENCH-GUIANA-5GB-30D	102.99		2026-06-30 16:59:30 CEST		y	4			11				B0H6MGC352						8721438408979				AMAZON_EU	Active
French Polynesia eSIM 3GB 15Days	French Polynesia eSIM 3GB 15Days - high speed internet - mobile data 5G compatible	0630HU6SBKC	FRENCH-POLYNESIA-3GB-15D	524.99		2026-06-30 17:05:46 CEST		y	4			11				B0H6MF6GHP						8721438408993				AMAZON_EU	Active
French Polynesia eSIM 5GB 30Days	French Polynesia eSIM 5GB 30Days - high speed internet - mobile data 5G compatible	0630HU9PPEQ	FRENCH-POLYNESIA-5GB-30D	728.99		2026-06-30 17:08:56 CEST		y	4			11				B0H6MD2GXY						8721438409006				AMAZON_EU	Active
France eSIM 3GB 15Days		0325HR8S4K7	FR_3_15	105.23		2026-03-25 06:04:37 CET		y	1			11				B0FR9C5ZB6						B0FR9C5ZB6				AMAZON_EU	Active
France eSIM 5GB 30Days		0412HUO1XTN	FR_5_30	131.95		2026-04-12 13:27:02 CEST		y	1			11				B0FR9LMDW5						B0FR9LMDW5				AMAZON_EU	Active
Gabon eSIM 3GB 15Days	Gabon eSIM 3GB 15Days - high speed internet - mobile data 5G compatible	0701HVEEB8C	GABON-3GB-15D	191.99		2026-07-01 03:15:16 CEST		y	4			11				B0FR9GPX9T						8721438402700				AMAZON_EU	Active
Gambia eSIM 3GB 15Days	Gambia eSIM 3GB 15Days - high speed internet - mobile data 5G compatible	0701HYDCR2K	GAMBIA-3GB-15D	383.99		2026-07-01 16:14:36 CEST		y	4			11				B0H2FTMBBQ						8721438408368				AMAZON_EU	Active
Georgia eSIM 20GB 30Days	Georgia eSIM 20GB 30Days - high speed internet - mobile data 5G compatible	0701HV8MZA2	GEORGIA-20GB-30D	281.99		2026-07-01 03:22:07 CEST		y	4			11				B0FR9C73NK						8721438402748				AMAZON_EU	Active
Georgia eSIM 3GB 15Days	Georgia eSIM 3GB 15Days - high speed internet - mobile data 5G compatible	0701HV7OWOQ	GEORGIA-3GB-15D	102.99		2026-07-01 03:18:57 CEST		y	4			11				B0FR9KMX2N						8721438402724				AMAZON_EU	Active
Greece eSIM 20GB 30Days	Greece eSIM 20GB 30Days - high speed internet - mobile data 5G compatible	0701HVGLKWS	GREECE-20GB-30D	191.99		2026-07-01 03:52:40 CEST		y	4			11				B0FR9KJGBG						8721438403080				AMAZON_EU	Active
Greece eSIM 3GB 15Days	Greece eSIM 3GB 15Days - high speed internet - mobile data 5G compatible	0701HVEQWP3	GREECE-3GB-15D	89.99		2026-07-01 03:45:16 CEST		y	4			11				B0FR9L85F6						8721438403042				AMAZON_EU	Active
Greece eSIM 5GB 30Days	Greece eSIM 5GB 30Days - high speed internet - mobile data 5G compatible	0701HVCWN47	GREECE-5GB-30D	102.99		2026-07-01 03:48:59 CEST		y	4			11				B0FR9C7SMF						8721438403066				AMAZON_EU	Active
Greenland eSIM 20GB 30Days	Greenland eSIM 20GB 30Days - high speed internet - mobile data 5G compatible	0630HU444RR	GREENLAND-20GB-30D	1240.99		2026-06-30 17:32:13 CEST		y	4			11				B0H6MBT3TW						8721438409075				AMAZON_EU	Active
Grenada eSIM 20GB 30Days	Grenada eSIM 20GB 30Days - high speed internet - mobile data 5G compatible	0630HU7VY5A	GRENADA-20GB-30D	1137.99		2026-06-30 17:42:09 CEST		y	4			11				B0H6MGRF37						8721438409105				AMAZON_EU	Active
Grenada eSIM 3GB 15Days	Grenada eSIM 3GB 15Days - high speed internet - mobile data 5G compatible	0630HUAIE9G	GRENADA-3GB-15D	319.99		2026-06-30 17:35:41 CEST		y	4			11				B0H6M8K37V						8721438409082				AMAZON_EU	Active
Greece eSIM 20GB 30Days		0325HRTROCB	GR_20_30	225.08		2026-03-25 09:14:05 CET		y	1			11				B0FR9KJGBG						B0FR9KJGBG				AMAZON_EU	Active
Greece eSIM 3GB 15Days		0325HSERLP3	GR_3_15	78.76		2026-03-25 10:31:03 CET		y	1			11				B0FR9L85F6						B0FR9L85F6				AMAZON_EU	Active
Greece eSIM 5GB 30Days		0327H0PT3MF	GR_5_30	72.05		2026-03-27 10:20:28 CET		y	1			11				B0FR9C7SMF						B0FR9C7SMF				AMAZON_EU	Active
Guadeloupe eSIM 3GB 15Days	Guadeloupe eSIM 3GB 15Days - high speed internet - mobile data 5G compatible	0701HVDLF59	GUADELOUPE-3GB-15D	89.99		2026-07-01 03:56:29 CEST		y	4			11				B0FR9TMVWK						8721438403110				AMAZON_EU	Active
Guatemala eSIM 3GB 15Days	Guatemala eSIM 3GB 15Days - high speed internet - mobile data 5G compatible	0701HVDVSKQ	GUATEMALA-3GB-15D	178.99		2026-07-01 04:13:53 CEST		y	4			11				B0FR9VC6VD						8721438403202				AMAZON_EU	Active
Guernsey eSIM 20GB 30Days	Guernsey eSIM 20GB 30Days - high speed internet - mobile data 5G compatible	0701HVI8R7W	GUERNSEY-20GB-30D	524.99		2026-07-01 04:24:06 CEST		y	4			11				B0FR9LYWWY						8721438403257				AMAZON_EU	Active
Guernsey eSIM 3GB 15Days	Guernsey eSIM 3GB 15Days - high speed internet - mobile data 5G compatible	0701HVHKSGF	GUERNSEY-3GB-15D	153.99		2026-07-01 04:17:18 CEST		y	4			11				B0FR9SMWDN						8721438403226				AMAZON_EU	Active
Guernsey eSIM 5GB 30Days	Guernsey eSIM 5GB 30Days - high speed internet - mobile data 5G compatible	0701HVJXTS8	GUERNSEY-5GB-30D	230.99		2026-07-01 04:20:38 CEST		y	4			11				B0FR9C5PXR						8721438403240				AMAZON_EU	Active
Guinea eSIM 3GB 15Days	Guinea eSIM 3GB 15Days - high speed internet - mobile data 5G compatible	0630HU4B3FC	GUINEA-3GB-15D	230.99		2026-06-30 17:45:58 CEST		y	4			11				B0H6MGZTF1						8721438409112				AMAZON_EU	Active
Guinea-Bissau eSIM 20GB 30Days	Guinea-Bissau eSIM 20GB 30Days - high speed internet - mobile data 5G compatible	0630HUB2WGT	GUINEA-BISSAU-20GB-30D	894.99		2026-06-30 18:01:25 CEST		y	4			11				B0H6MF1JJS						8721438409167				AMAZON_EU	Active
Guinea-Bissau eSIM 3GB 15Days	Guinea-Bissau eSIM 3GB 15Days - high speed internet - mobile data 5G compatible	0630HUAZWRT	GUINEA-BISSAU-3GB-15D	230.99		2026-06-30 17:54:49 CEST		y	4			11				B0H6MG6X8D						8721438409143				AMAZON_EU	Active
Guinea-Bissau eSIM 5GB 30Days	Guinea-Bissau eSIM 5GB 30Days - high speed internet - mobile data 5G compatible	0630HUB0AW9	GUINEA-BISSAU-5GB-30D	370.99		2026-06-30 17:58:09 CEST		y	4			11				B0H6MCJ4Y9						8721438409150				AMAZON_EU	Active
Guyana eSIM 20GB 30Days	Guyana eSIM 20GB 30Days - high speed internet - mobile data 5G compatible	0630HUBB69V	GUYANA-20GB-30D	997.99		2026-06-30 18:10:59 CEST		y	4			11				B0H6MD1PB7						8721438409198				AMAZON_EU	Active
Guyana eSIM 3GB 15Days	Guyana eSIM 3GB 15Days - high speed internet - mobile data 5G compatible	0630HU845V7	GUYANA-3GB-15D	230.99		2026-06-30 18:05:02 CEST		y	4			11				B0H6MCG586						8721438409174				AMAZON_EU	Active
Guyana eSIM 5GB 30Days	Guyana eSIM 5GB 30Days - high speed internet - mobile data 5G compatible	0630HUIWYKB	GUYANA-5GB-30D	357.99		2026-06-30 18:08:13 CEST		y	4			11				B0H6MB3FHF						8721438409181				AMAZON_EU	Active
Haiti eSIM 20GB 30Days	Haiti eSIM 20GB 30Days - high speed internet - mobile data 5G compatible	0630HUFVINK	HAITI-20GB-30D	1623.99		2026-06-30 18:21:05 CEST		y	4			11				B0H6MBNF3Y						8721438409228				AMAZON_EU	Active
Haiti eSIM 5GB 30Days	Haiti eSIM 5GB 30Days - high speed internet - mobile data 5G compatible	0630HUE60Q6	HAITI-5GB-30D	536.99		2026-06-30 18:18:29 CEST		y	4			11				B0H6MDHPCV						8721438409211				AMAZON_EU	Active
Hong Kong eSIM 3GB 15Days		0325HSTQ2G9	HK_3_15	78.69		2026-03-25 13:13:20 CET		y	1			11				B0FR9CC6Q8						B0FR9CC6Q8				AMAZON_EU	Active
Hong Kong eSIM 5GB 30Days		0325HS260D0	HK_5_30	38.83		2026-03-25 09:06:08 CET		y	1			11				B0FR9GXYYL						B0FR9GXYYL				AMAZON_EU	Active
Hong Kong eSIM 3GB 15Days	Hong Kong eSIM 3GB 15Days - high speed internet - mobile data 5G compatible	0701HVJUB44	HONG-KONG-3GB-15D	89.99		2026-07-01 04:32:19 CEST		y	4			11				B0FR9CC6Q8						8721438403370				AMAZON_EU	Active
Hong Kong eSIM 5GB 30Days	Hong Kong eSIM 5GB 30Days - high speed internet - mobile data 5G compatible	0701HVN2IVL	HONG-KONG-5GB-30D	102.99		2026-07-01 04:36:01 CEST		y	4			11				B0FR9GXYYL						8721438403394				AMAZON_EU	Active
Hungary eSIM 3GB 15Days	Hungary eSIM 3GB 15Days - high speed internet - mobile data 5G compatible	0701HVKZ3IY	HUNGARY-3GB-15D	89.99		2026-07-01 04:42:37 CEST		y	4			11				B0FR9C9JVW						8721438403486				AMAZON_EU	Active
Hungary eSIM 5GB 30Days	Hungary eSIM 5GB 30Days - high speed internet - mobile data 5G compatible	0701HVLIWKZ	HUNGARY-5GB-30D	102.99		2026-07-01 04:45:58 CEST		y	4			11				B0FR9GY3R5						8721438403509				AMAZON_EU	Active
Iceland eSIM 3GB 15Days	Iceland eSIM 3GB 15Days - high speed internet - mobile data 5G compatible	0701HVN0TTW	ICELAND-3GB-15D	89.99		2026-07-01 04:52:41 CEST		y	4			11				B0FR9TBBK1						8721438403554				AMAZON_EU	Active
Iceland eSIM 5GB 30Days	Iceland eSIM 5GB 30Days - high speed internet - mobile data 5G compatible	0701HVMMLHA	ICELAND-5GB-30D	102.99		2026-07-01 04:56:12 CEST		y	4			11				B0FR9ZWQBD						8721438403578				AMAZON_EU	Active
Indonesia eSIM 3GB 15Days		0327H0QU0UF	ID_3_15	78.76		2026-03-27 10:19:49 CET		y	1			11				B0FR9T6QPZ						B0FR9T6QPZ				AMAZON_EU	Active
Indonesia eSIM 5GB 30Days		0327H0YHM3G	ID_5_30	58.79		2026-03-27 12:26:16 CET		y	1			11				B0FR8XW5DR						B0FR8XW5DR				AMAZON_EU	Active
Ireland eSIM 3GB 15Days		0327H0RHVAX	IE_3_15	78.76		2026-03-27 10:38:25 CET		y	1			11				B0FR8XV57F						B0FR8XV57F				AMAZON_EU	Active
Ireland eSIM 5GB 30Days		0325HSI6RGD	IE_5_30	72.05		2026-03-25 10:29:51 CET		y	1			11				B0FR9GYKQL						B0FR9GYKQL				AMAZON_EU	Active
Indonesia eSIM 3GB 15Days	Indonesia eSIM 3GB 15Days - high speed internet - mobile data 5G compatible	0701HVXCNKJ	INDONESIA-3GB-15D	89.99		2026-07-01 05:14:57 CEST		y	4			11				B0FR9T6QPZ						8721438403707				AMAZON_EU	Active
Indonesia eSIM 5GB 30Days	Indonesia eSIM 5GB 30Days - high speed internet - mobile data 5G compatible	0701HVS42VF	INDONESIA-5GB-30D	102.99		2026-07-01 05:18:41 CEST		y	4			11				B0FR8XW5DR						8721438403721				AMAZON_EU	Active
Ireland eSIM 3GB 15Days	Ireland eSIM 3GB 15Days - high speed internet - mobile data 5G compatible	0701HVUQOCZ	IRELAND-3GB-15D	89.99		2026-07-01 05:26:36 CEST		y	4			11				B0FR8XV57F						8721438403868				AMAZON_EU	Active
Ireland eSIM 5GB 30Days	Ireland eSIM 5GB 30Days - high speed internet - mobile data 5G compatible	0701HVUNY1Y	IRELAND-5GB-30D	102.99		2026-07-01 05:30:23 CEST		y	4			11				B0FR9GYKQL						8721438403882				AMAZON_EU	Active
Isle of Man eSIM 3GB 15Days	Isle of Man eSIM 3GB 15Days - high speed internet - mobile data 5G compatible	0701HVSB25S	ISLE-OF-MAN-3GB-15D	102.99		2026-07-01 05:38:03 CEST		y	4			11				B0FR9LZ7RL						8721438403943				AMAZON_EU	Active
Isle of Man eSIM 5GB 30Days	Isle of Man eSIM 5GB 30Days - high speed internet - mobile data 5G compatible	0701HVP36FW	ISLE-OF-MAN-5GB-30D	127.99		2026-07-01 05:41:23 CEST		y	4			11				B0FR9M27XY						8721438403967				AMAZON_EU	Active
Israel eSIM 20GB 30Days	Israel eSIM 20GB 30Days - high speed internet - mobile data 5G compatible	0701HVY6HQ3	ISRAEL-20GB-30D	319.99		2026-07-01 05:55:27 CEST		y	4			11				B0FR9K8SQ1						8721438404032				AMAZON_EU	Active
Israel eSIM 3GB 15Days	Israel eSIM 3GB 15Days - high speed internet - mobile data 5G compatible	0701HVPBK3Y	ISRAEL-3GB-15D	102.99		2026-07-01 05:49:00 CEST		y	4			11				B0FR9M11H1						8721438403998				AMAZON_EU	Active
Israel eSIM 5GB 30Days	Israel eSIM 5GB 30Days - high speed internet - mobile data 5G compatible	0701HVS3J6R	ISRAEL-5GB-30D	127.99		2026-07-01 05:52:00 CEST		y	4			11				B0FR8XVZZM						8721438404018				AMAZON_EU	Active
Italy eSIM 20GB 30Days	Italy eSIM 20GB 30Days - high speed internet - mobile data 5G compatible	0701HW1QY0G	ITALY-20GB-30D	166.99		2026-07-01 06:07:07 CEST		y	4			11				B0FR9RNZV2						8721438404148				AMAZON_EU	Active
Italy eSIM 3GB 15Days	Italy eSIM 3GB 15Days - high speed internet - mobile data 5G compatible	0701HVPBXUK	ITALY-3GB-15D	89.99		2026-07-01 05:59:39 CEST		y	4			11				B0FR9GXZ18						8721438404100				AMAZON_EU	Active
Italy eSIM 5GB 30Days	Italy eSIM 5GB 30Days - high speed internet - mobile data 5G compatible	0701HVPFRGL	ITALY-5GB-30D	102.99		2026-07-01 06:03:27 CEST		y	4			11				B0FR9ZR2TH						8721438404124				AMAZON_EU	Active
Italy eSIM 20GB 30Days		0325HSE05BB	IT_20_30	198.6		2026-03-25 10:16:33 CET		y	1			11				B0FR9RNZV2						B0FR9RNZV2				AMAZON_EU	Active
Italy eSIM 3GB 15Days		0325HS5YZF9	IT_3_15	78.83		2026-03-25 10:15:27 CET		y	1			11				B0FR9GXZ18						B0FR9GXZ18				AMAZON_EU	Active
Italy eSIM 5GB 30Days		0325HS8KNM2	IT_5_30	58.79		2026-03-25 10:08:18 CET		y	1			11				B0FR9ZR2TH						B0FR9ZR2TH				AMAZON_EU	Active
Jamaica eSIM 20GB 30Days	Jamaica eSIM 20GB 30Days - high speed internet - mobile data 5G compatible	0630HUHEMP4	JAMAICA-20GB-30D	958.99		2026-06-30 18:40:13 CEST		y	4			11				B0H6MF52ZZ						8721438409280				AMAZON_EU	Active
Japan eSIM 3GB 15Days	Japan eSIM 3GB 15Days - high speed internet - mobile data 5G compatible	0701HVPTTNT	JAPAN-3GB-15D	89.99		2026-07-01 06:11:19 CEST		y	4			11				B0FR9LVZVQ						8721438404216				AMAZON_EU	Active
Japan eSIM 5GB 30Days	Japan eSIM 5GB 30Days - high speed internet - mobile data 5G compatible	0701HW6O0WO	JAPAN-5GB-30D	102.99		2026-07-01 06:15:03 CEST		y	4			11				B0FR9TLXXH						8721438404230				AMAZON_EU	Active
Jersey eSIM 20GB 30Days	Jersey eSIM 20GB 30Days - high speed internet - mobile data 5G compatible	0701HVPVY12	JERSEY-20GB-30D	166.99		2026-07-01 06:29:22 CEST		y	4			11				B0FR9CBQDH						8721438404377				AMAZON_EU	Active
Jersey eSIM 3GB 15Days	Jersey eSIM 3GB 15Days - high speed internet - mobile data 5G compatible	0701HW0IBUX	JERSEY-3GB-15D	89.99		2026-07-01 06:22:33 CEST		y	4			11				B0FR9GYMR5						8721438404346				AMAZON_EU	Active
Jersey eSIM 5GB 30Days	Jersey eSIM 5GB 30Days - high speed internet - mobile data 5G compatible	0701HVPVRM5	JERSEY-5GB-30D	102.99		2026-07-01 06:26:04 CEST		y	4			11				B0FR9M27GP						8721438404360				AMAZON_EU	Active
Japan eSIM 3GB 15Days		0325HS64GYP	JP_3_15	78.73		2026-03-25 10:15:28 CET		y	1			11				B0FR9LVZVQ						B0FR9LVZVQ				AMAZON_EU	Active
Japan eSIM 5GB 30Days		0325HSBMLWX	JP_5_30	58.83		2026-03-25 10:44:19 CET		y	1			11				B0FR9TLXXH						B0FR9TLXXH				AMAZON_EU	Active
Kazakhstan eSIM 20GB 30Days	Kazakhstan eSIM 20GB 30Days - high speed internet - mobile data 5G compatible	0701HW44BQV	KAZAKHSTAN-20GB-30D	230.99		2026-07-01 06:49:53 CEST		y	4			11				B0FR9TLNNW						8721438404483				AMAZON_EU	Active
Kazakhstan eSIM 3GB 15Days	Kazakhstan eSIM 3GB 15Days - high speed internet - mobile data 5G compatible	0701HVQ3MI7	KAZAKHSTAN-3GB-15D	89.99		2026-07-01 06:43:16 CEST		y	4			11				B0FR9T4DG2						8721438404452				AMAZON_EU	Active
Kazakhstan eSIM 5GB 30Days	Kazakhstan eSIM 5GB 30Days - high speed internet - mobile data 5G compatible	0701HW57YAE	KAZAKHSTAN-5GB-30D	102.99		2026-07-01 06:46:26 CEST		y	4			11				B0FR9ZMMSH						8721438404469				AMAZON_EU	Active
Kenya eSIM 3GB 15Days	Kenya eSIM 3GB 15Days - high speed internet - mobile data 5G compatible	0701HVW8QPU	KENYA-3GB-15D	153.99		2026-07-01 06:53:54 CEST		y	4			11				B0FR9GZ14G						8721438404506				AMAZON_EU	Active
Kenya eSIM 5GB 30Days	Kenya eSIM 5GB 30Days - high speed internet - mobile data 5G compatible	0701HW27VBX	KENYA-5GB-30D	166.99		2026-07-01 06:57:38 CEST		y	4			11				B0FR9T4DG6						8721438404513				AMAZON_EU	Active
Kenya eSIM 3GB 15Days		0325HSOZ4JI	KE_3_15	304.61		2026-03-25 12:00:32 CET		y	1			11				B0FR9GZ14G						B0FR9GZ14G				AMAZON_EU	Active
Kenya eSIM 5GB 30Days		0327H1GJXAG	KE_5_30	411.15		2026-03-27 14:28:19 CET		y	1			11				B0FR9T4DG6						B0FR9T4DG6				AMAZON_EU	Active
Kuwait eSIM 3GB 15Days	Kuwait eSIM 3GB 15Days - high speed internet - mobile data 5G compatible	0701HW5DK3J	KUWAIT-3GB-15D	114.99		2026-07-01 07:01:16 CEST		y	4			11				B0FR9LZJ3X						8721438404568				AMAZON_EU	Active
Kyrgyzstan eSIM 20GB 30Days	Kyrgyzstan eSIM 20GB 30Days - high speed internet - mobile data 5G compatible	0701HW5KI31	KYRGYZSTAN-20GB-30D	217.99		2026-07-01 07:14:42 CEST		y	4			11				B0FR8XXBHM						8721438404629				AMAZON_EU	Active
Kyrgyzstan eSIM 3GB 15Days	Kyrgyzstan eSIM 3GB 15Days - high speed internet - mobile data 5G compatible	0701HVW8EDU	KYRGYZSTAN-3GB-15D	89.99		2026-07-01 07:11:21 CEST		y	4			11				B0FR9TVF4R						8721438404612				AMAZON_EU	Active
Laos eSIM 20GB 30Days	Laos eSIM 20GB 30Days - high speed internet - mobile data 5G compatible	0630HUH4MIB	LAOS-20GB-30D	383.99		2026-06-30 18:49:06 CEST		y	4			11				B0H6MBWGX1						8721438409310				AMAZON_EU	Active
Laos eSIM 3GB 15Days	Laos eSIM 3GB 15Days - high speed internet - mobile data 5G compatible	0630HU5AOB8	LAOS-3GB-15D	114.99		2026-06-30 18:43:40 CEST		y	4			11				B0H6M96WPB						8721438409297				AMAZON_EU	Active
Laos eSIM 5GB 30Days	Laos eSIM 5GB 30Days - high speed internet - mobile data 5G compatible	0630HUHP3WK	LAOS-5GB-30D	178.99		2026-06-30 18:46:30 CEST		y	4			11				B0H6MBJN5B						8721438409303				AMAZON_EU	Active
Latvia eSIM 20GB 30Days	Latvia eSIM 20GB 30Days - high speed internet - mobile data 5G compatible	0701HW3QMJ5	LATVIA-20GB-30D	166.99		2026-07-01 07:24:39 CEST		y	4			11				B0FR9SWN6V						8721438404681				AMAZON_EU	Active
Latvia eSIM 3GB 15Days	Latvia eSIM 3GB 15Days - high speed internet - mobile data 5G compatible	0701HW4STH7	LATVIA-3GB-15D	89.99		2026-07-01 07:18:22 CEST		y	4			11				B0FR9VM4K6						8721438404643				AMAZON_EU	Active
Latvia eSIM 5GB 30Days	Latvia eSIM 5GB 30Days - high speed internet - mobile data 5G compatible	0701HW4EQ3M	LATVIA-5GB-30D	102.99		2026-07-01 07:21:32 CEST		y	4			11				B0FR9TR99S						8721438404667				AMAZON_EU	Active
Liberia eSIM 3GB 15Days	Liberia eSIM 3GB 15Days - high speed internet - mobile data 5G compatible	0701HW2SMXR	LIBERIA-3GB-15D	230.99		2026-07-01 07:27:37 CEST		y	4			11				B0FR9H18JQ						8721438404711				AMAZON_EU	Active
Liberia eSIM 5GB 30Days	Liberia eSIM 5GB 30Days - high speed internet - mobile data 5G compatible	0701HVZWCXN	LIBERIA-5GB-30D	370.99		2026-07-01 07:30:47 CEST		y	4			11				B0FR9SJ1YH						8721438404728				AMAZON_EU	Active
Libya eSIM 20GB 30Days	Libya eSIM 20GB 30Days - high speed internet - mobile data 5G compatible	0630HUKMNA0	LIBYA-20GB-30D	1380.99		2026-06-30 18:58:40 CEST		y	4			11				B0H6MFWD2Y						8721438409341				AMAZON_EU	Active
Libya eSIM 5GB 30Days	Libya eSIM 5GB 30Days - high speed internet - mobile data 5G compatible	0630HUHTWC4	LIBYA-5GB-30D	485.99		2026-06-30 18:55:34 CEST		y	4			11				B0H6M5PVSB						8721438409334				AMAZON_EU	Active
Liechtenstein eSIM 3GB 15Days	Liechtenstein eSIM 3GB 15Days - high speed internet - mobile data 5G compatible	0701HW8RUMM	LIECHTENSTEIN-3GB-15D	89.99		2026-07-01 07:34:45 CEST		y	4			11				B0FR9S35ZH						8721438404742				AMAZON_EU	Active
Lithuania eSIM 3GB 15Days	Lithuania eSIM 3GB 15Days - high speed internet - mobile data 5G compatible	0701HVTU01E	LITHUANIA-3GB-15D	89.99		2026-07-01 07:38:47 CEST		y	4			11				B0FR9KS3P4						8721438404773				AMAZON_EU	Active
Lithuania eSIM 5GB 30Days	Lithuania eSIM 5GB 30Days - high speed internet - mobile data 5G compatible	0701HW5Z8VK	LITHUANIA-5GB-30D	102.99		2026-07-01 07:42:08 CEST		y	4			11				B0FR9R598C						8721438404797				AMAZON_EU	Active
Luxembourg eSIM 20GB 30Days	Luxembourg eSIM 20GB 30Days - high speed internet - mobile data 5G compatible	0701HW629CZ	LUXEMBOURG-20GB-30D	191.99		2026-07-01 07:55:52 CEST		y	4			11				B0FR8XXXZB						8721438404889				AMAZON_EU	Active
Luxembourg eSIM 3GB 15Days	Luxembourg eSIM 3GB 15Days - high speed internet - mobile data 5G compatible	0701HVWUIQK	LUXEMBOURG-3GB-15D	89.99		2026-07-01 07:49:35 CEST		y	4			11				B0FR9SHRKM						8721438404841				AMAZON_EU	Active
Luxembourg eSIM 5GB 30Days	Luxembourg eSIM 5GB 30Days - high speed internet - mobile data 5G compatible	0701HW6P0KZ	LUXEMBOURG-5GB-30D	102.99		2026-07-01 07:52:46 CEST		y	4			11				B0FR9SB862						8721438404865				AMAZON_EU	Active
Macao eSIM 3GB 15Days	Macao eSIM 3GB 15Days - high speed internet - mobile data 5G compatible	0701HWA5XFL	MACAO-3GB-15D	89.99		2026-07-01 07:59:20 CEST		y	4			11				B0FR9M485M						8721438404919				AMAZON_EU	Active
Macao eSIM 5GB 30Days	Macao eSIM 5GB 30Days - high speed internet - mobile data 5G compatible	0701HW76HYW	MACAO-5GB-30D	102.99		2026-07-01 08:02:20 CEST		y	4			11				B0FR9L9624						8721438404933				AMAZON_EU	Active
Madagascar eSIM 3GB 15Days	Madagascar eSIM 3GB 15Days - high speed internet - mobile data 5G compatible	0701HW37L97	MADAGASCAR-3GB-15D	281.99		2026-07-01 08:09:05 CEST		y	4			11				B0FR9H2NS1						8721438404988				AMAZON_EU	Active
Malawi eSIM 3GB 15Days	Malawi eSIM 3GB 15Days - high speed internet - mobile data 5G compatible	0701HW8ALLY	MALAWI-3GB-15D	191.99		2026-07-01 08:12:36 CEST		y	4			11				B0FR9H3JDK						8721438405008				AMAZON_EU	Active
Malaysia eSIM 3GB 15Days	Malaysia eSIM 3GB 15Days - high speed internet - mobile data 5G compatible	0701HWAGBAI	MALAYSIA-3GB-15D	89.99		2026-07-01 08:20:07 CEST		y	4			11				B0FR9H1Q65						8721438405039				AMAZON_EU	Active
Malaysia eSIM 5GB 30Days	Malaysia eSIM 5GB 30Days - high speed internet - mobile data 5G compatible	0701HWBDE9B	MALAYSIA-5GB-30D	102.99		2026-07-01 08:23:52 CEST		y	4			11				B0FR9LDGX8						8721438405046				AMAZON_EU	Active
Maldives eSIM 5GB 30Days	Maldives eSIM 5GB 30Days - high speed internet - mobile data 5G compatible	0630HUHBJEO	MALDIVES-5GB-30D	485.99		2026-06-30 19:04:46 CEST		y	4			11				B0H6MJQZ8Y						8721438409365				AMAZON_EU	Active
Mali eSIM 3GB 15Days	Mali eSIM 3GB 15Days - high speed internet - mobile data 5G compatible	0701HWBK921	MALI-3GB-15D	230.99		2026-07-01 08:31:22 CEST		y	4			11				B0FR9TRDSY						8721438405121				AMAZON_EU	Active
Malta eSIM 3GB 15Days	Malta eSIM 3GB 15Days - high speed internet - mobile data 5G compatible	0701HWDO04G	MALTA-3GB-15D	89.99		2026-07-01 08:35:34 CEST		y	4			11				B0FR9M3PNR						8721438405145				AMAZON_EU	Active
Malta eSIM 5GB 30Days	Malta eSIM 5GB 30Days - high speed internet - mobile data 5G compatible	0701HWEMI48	MALTA-5GB-30D	102.99		2026-07-01 08:39:05 CEST		y	4			11				B0FR9ZSMTC						8721438405169				AMAZON_EU	Active
Martinique eSIM 20GB 30Days	Martinique eSIM 20GB 30Days - high speed internet - mobile data 5G compatible	0630HUJV2NP	MARTINIQUE-20GB-30D	178.99		2026-06-30 19:17:28 CEST		y	4			11				B0H6MH94KV						8721438409402				AMAZON_EU	Active
Martinique eSIM 3GB 15Days	Martinique eSIM 3GB 15Days - high speed internet - mobile data 5G compatible	0630HUKH7PF	MARTINIQUE-3GB-15D	89.99		2026-06-30 19:11:42 CEST		y	4			11				B0H6M7SBFQ						8721438409389				AMAZON_EU	Active
Martinique eSIM 5GB 30Days	Martinique eSIM 5GB 30Days - high speed internet - mobile data 5G compatible	0630HUJS71T	MARTINIQUE-5GB-30D	102.99		2026-06-30 19:14:32 CEST		y	4			11				B0H6MKCD1X						8721438409396				AMAZON_EU	Active
Mauritius eSIM 3GB 15Days	Mauritius eSIM 3GB 15Days - high speed internet - mobile data 5G compatible	0701HY4UW8X	MAURITIUS-3GB-15D	178.99		2026-07-01 16:22:59 CEST		y	4			11				B0H2FYRLRC						8721438408382				AMAZON_EU	Active
Mayotte eSIM 3GB 15Days	Mayotte eSIM 3GB 15Days - high speed internet - mobile data 5G compatible	0630HUKXCBD	MAYOTTE-3GB-15D	89.99		2026-06-30 19:20:56 CEST		y	4			11				B0H6MFWP88						8721438409419				AMAZON_EU	Active
Mayotte eSIM 5GB 30Days	Mayotte eSIM 5GB 30Days - high speed internet - mobile data 5G compatible	0630HUF534G	MAYOTTE-5GB-30D	102.99		2026-06-30 19:24:16 CEST		y	4			11				B0H6MD9C4Y						8721438409426				AMAZON_EU	Active
Morocco eSIM 3GB 15Days		0325HSDUPZ1	MA_3_15	105.28		2026-03-25 10:10:23 CET		y	1			11				B0FR9CFZQR						B0FR9CFZQR				AMAZON_EU	Active
Mexico eSIM 5GB 30Days	Mexico eSIM 5GB 30Days - high speed internet - mobile data 5G compatible	0701HWJJO20	MEXICO-5GB-30D	153.99		2026-07-01 08:49:53 CEST		y	4			11				B0FR9H2K1C						8721438405237				AMAZON_EU	Active
Moldova eSIM 3GB 15Days	Moldova eSIM 3GB 15Days - high speed internet - mobile data 5G compatible	0701HWFK5V1	MOLDOVA-3GB-15D	89.99		2026-07-01 09:00:50 CEST		y	4			11				B0FR9CFQYY						8721438405299				AMAZON_EU	Active
Monaco eSIM 3GB 15Days	Monaco eSIM 3GB 15Days - high speed internet - mobile data 5G compatible	0701HWFFAX8	MONACO-3GB-15D	690.99		2026-07-01 09:04:52 CEST		y	4			11				B0FR9ZS6GM						8721438405312				AMAZON_EU	Active
Monaco eSIM 5GB 30Days	Monaco eSIM 5GB 30Days - high speed internet - mobile data 5G compatible	0701HWFH6O3	MONACO-5GB-30D	933.99		2026-07-01 09:08:22 CEST		y	4			11				B0FR9H1H4M						8721438405329				AMAZON_EU	Active
Mongolia eSIM 3GB 15Days	Mongolia eSIM 3GB 15Days - high speed internet - mobile data 5G compatible	0701HWMOQI8	MONGOLIA-3GB-15D	178.99		2026-07-01 09:12:00 CEST		y	4			11				B0FR9LSYTX						8721438405343				AMAZON_EU	Active
Montenegro eSIM 3GB 15Days	Montenegro eSIM 3GB 15Days - high speed internet - mobile data 5G compatible	0701HWGILS7	MONTENEGRO-3GB-15D	89.99		2026-07-01 09:15:51 CEST		y	4			11				B0FR9R5HR7						8721438405367				AMAZON_EU	Active
Morocco eSIM 3GB 15Days	Morocco eSIM 3GB 15Days - high speed internet - mobile data 5G compatible	0701HWPA72N	MOROCCO-3GB-15D	102.99		2026-07-01 09:20:06 CEST		y	4			11				B0FR9CFZQR						8721438405381				AMAZON_EU	Active
Mozambique eSIM 20GB 30Days	Mozambique eSIM 20GB 30Days - high speed internet - mobile data 5G compatible	0701HWNMSFB	MOZAMBIQUE-20GB-30D	830.99		2026-07-01 09:35:23 CEST		y	4			11				B0FR9CFLS7						8721438405480				AMAZON_EU	Active
Malaysia eSIM 3GB 15Days		0327H0LF0WE	MY_3_15	78.76		2026-03-27 11:03:20 CET		y	1			11				B0FR9H1Q65						B0FR9H1Q65				AMAZON_EU	Active
Malaysia eSIM 5GB 30Days		0327H0NUZON	MY_5_30	105.28		2026-03-27 11:08:22 CET		y	1			11				B0FR9LDGX8						B0FR9LDGX8				AMAZON_EU	Active
Netherlands eSIM 20GB 30Days	Netherlands eSIM 20GB 30Days - high speed internet - mobile data 5G compatible	0701HWKS3EI	NETHERLANDS-20GB-30D	178.99		2026-07-01 09:50:49 CEST		y	4			11				B0FR9NG7LB						8721438405565				AMAZON_EU	Active
Netherlands eSIM 3GB 15Days	Netherlands eSIM 3GB 15Days - high speed internet - mobile data 5G compatible	0701HWH8NFZ	NETHERLANDS-3GB-15D	89.99		2026-07-01 09:43:25 CEST		y	4			11				B0FRB5GNM2						8721438405527				AMAZON_EU	Active
Netherlands eSIM 5GB 30Days	Netherlands eSIM 5GB 30Days - high speed internet - mobile data 5G compatible	0701HWTAYUH	NETHERLANDS-5GB-30D	102.99		2026-07-01 09:47:08 CEST		y	4			11				B0FR9NHP7Q						8721438405541				AMAZON_EU	Active
New Zealand eSIM 20GB 30Days	New Zealand eSIM 20GB 30Days - high speed internet - mobile data 5G compatible	0701HWKVPVV	NEW-ZEALAND-20GB-30D	268.99		2026-07-01 10:00:55 CEST		y	4			11				B0FRB1TWT8						8721438405626				AMAZON_EU	Active
New Zealand eSIM 3GB 15Days	New Zealand eSIM 3GB 15Days - high speed internet - mobile data 5G compatible	0701HWVXLM8	NEW-ZEALAND-3GB-15D	102.99		2026-07-01 09:54:27 CEST		y	4			11				B0FR9NKXF5						8721438405596				AMAZON_EU	Active
New Zealand eSIM 5GB 30Days	New Zealand eSIM 5GB 30Days - high speed internet - mobile data 5G compatible	0701HWNVWQO	NEW-ZEALAND-5GB-30D	127.99		2026-07-01 09:57:48 CEST		y	4			11				B0FR9NHFWQ						8721438405602				AMAZON_EU	Active
Niger eSIM 3GB 15Days	Niger eSIM 3GB 15Days - high speed internet - mobile data 5G compatible	0701HWNGY3K	NIGER-3GB-15D	191.99		2026-07-01 10:08:57 CEST		y	4			11				B0FR9NPT1H						8721438405718				AMAZON_EU	Active
Nigeria eSIM 3GB 15Days	Nigeria eSIM 3GB 15Days - high speed internet - mobile data 5G compatible	0701HX2OV3K	NIGERIA-3GB-15D	153.99		2026-07-01 10:13:12 CEST		y	4			11				B0FR9X17QY						8721438405732				AMAZON_EU	Active
Netherlands eSIM 20GB 30Days		0325HSK6VFQ	NL_20_30	244.48		2026-03-25 12:19:00 CET		y	1			11				B0FR9NG7LB						B0FR9NG7LB				AMAZON_EU	Active
Netherlands eSIM 3GB 15Days		0325HSHU1ZU	NL_3_15	78.78		2026-03-25 10:17:51 CET		y	1			11				B0FRB5GNM2						B0FRB5GNM2				AMAZON_EU	Active
Netherlands eSIM 5GB 30Days		0327H0EWITV	NL_5_30	72.06		2026-03-27 10:14:56 CET		y	1			11				B0FR9NHP7Q						B0FR9NHP7Q				AMAZON_EU	Active
North Macedonia eSIM 3GB 15Days	North Macedonia eSIM 3GB 15Days - high speed internet - mobile data 5G compatible	0701HWU01MY	NORTH-MACEDONIA-3GB-15D	102.99		2026-07-01 10:21:40 CEST		y	4			11				B0FRB59DJS						8721438405862				AMAZON_EU	Active
Norway eSIM 3GB 15Days	Norway eSIM 3GB 15Days - high speed internet - mobile data 5G compatible	0701HWXNXFA	NORWAY-3GB-15D	89.99		2026-07-01 10:30:03 CEST		y	4			11				B0FR9WNK2H						8721438405893				AMAZON_EU	Active
Norway eSIM 5GB 30Days	Norway eSIM 5GB 30Days - high speed internet - mobile data 5G compatible	0701HWUHABR	NORWAY-5GB-30D	102.99		2026-07-01 10:33:17 CEST		y	4			11				B0FRBNPZ9D						8721438405916				AMAZON_EU	Active
Oman eSIM 3GB 15Days	Oman eSIM 3GB 15Days - high speed internet - mobile data 5G compatible	0701HWIUKQA	OMAN-3GB-15D	127.99		2026-07-01 10:41:07 CEST		y	4			11				B0FRB4BL4W						8721438405978				AMAZON_EU	Active
Pakistan eSIM 3GB 15Days	Pakistan eSIM 3GB 15Days - high speed internet - mobile data 5G compatible	0701HWRXFYH	PAKISTAN-3GB-15D	89.99		2026-07-01 10:49:03 CEST		y	4			11				B0FRB4HL3B						8721438406012				AMAZON_EU	Active
Pakistan eSIM 5GB 30Days	Pakistan eSIM 5GB 30Days - high speed internet - mobile data 5G compatible	0701HWLTNNG	PAKISTAN-5GB-30D	114.99		2026-07-01 10:52:45 CEST		y	4			11				B0FRB48QKZ						8721438406036				AMAZON_EU	Active
Paraguay eSIM 3GB 15Days	Paraguay eSIM 3GB 15Days - high speed internet - mobile data 5G compatible	0701HX01Q47	PARAGUAY-3GB-15D	153.99		2026-07-01 11:04:52 CEST		y	4			11				B0FRB3V7CS						8721438406098				AMAZON_EU	Active
Philippines eSIM 3GB 15Days	Philippines eSIM 3GB 15Days - high speed internet - mobile data 5G compatible	0701HX1D0VX	PHILIPPINES-3GB-15D	89.99		2026-07-01 11:09:08 CEST		y	4			11				B0FRB1GVXK						8721438406142				AMAZON_EU	Active
Philippines eSIM 3GB 15Days		0327H1A8OPG	PH_3_15	118.73		2026-03-27 13:31:50 CET		y	1			11				B0FRB1GVXK						B0FRB1GVXK				AMAZON_EU	Active
Poland eSIM 3GB 15Days		0327H0Q63JR	PL_3_15	78.78		2026-03-27 10:22:16 CET		y	1			11				B0FRB4JVKR						B0FRB4JVKR				AMAZON_EU	Active
Poland eSIM 5GB 30Days		0327H095T8C	PL_5_30	58.8		2026-03-27 09:19:52 CET		y	1			11				B0FRBDPQ9J						B0FRBDPQ9J				AMAZON_EU	Active
Poland eSIM 3GB 15Days	Poland eSIM 3GB 15Days - high speed internet - mobile data 5G compatible	0701HX6GHC5	POLAND-3GB-15D	89.99		2026-07-01 11:20:44 CEST		y	4			11				B0FRB4JVKR						8721438406258				AMAZON_EU	Active
Poland eSIM 5GB 30Days	Poland eSIM 5GB 30Days - high speed internet - mobile data 5G compatible	0701HX2DI6I	POLAND-5GB-30D	102.99		2026-07-01 11:24:28 CEST		y	4			11				B0FRBDPQ9J						8721438406272				AMAZON_EU	Active
Portugal eSIM 3GB 15Days	Portugal eSIM 3GB 15Days - high speed internet - mobile data 5G compatible	0701HX3G5VP	PORTUGAL-3GB-15D	89.99		2026-07-01 11:32:49 CEST		y	4			11				B0FRB4314T						8721438406319				AMAZON_EU	Active
Portugal eSIM 5GB 30Days	Portugal eSIM 5GB 30Days - high speed internet - mobile data 5G compatible	0701HX63RSJ	PORTUGAL-5GB-30D	102.99		2026-07-01 11:36:29 CEST		y	4			11				B0FRB4X799						8721438406333				AMAZON_EU	Active
Portugal eSIM 3GB 15Days		0327H104CUT	PT_3_15	78.76		2026-03-27 11:11:50 CET		y	1			11				B0FRB4314T						B0FRB4314T				AMAZON_EU	Active
Portugal eSIM 5GB 30Days		0325HS957P2	PT_5_30	72.05		2026-03-25 10:43:06 CET		y	1			11				B0FRB4X799						B0FRB4X799				AMAZON_EU	Active
Qatar eSIM 3GB 15Days	Qatar eSIM 3GB 15Days - high speed internet - mobile data 5G compatible	0701HXBEUWZ	QATAR-3GB-15D	114.99		2026-07-01 11:51:53 CEST		y	4			11				B0FR9NXH43						8721438406418				AMAZON_EU	Active
Republic of the Congo eSIM 20GB 30Days	Republic of the Congo eSIM 20GB 30Days - high speed internet - mobile data 5G compatible	0630HUNNTUT	REPUBLIC-OF-THE-CONGO-20GB-30D	843.99		2026-06-30 19:47:17 CEST		y	4			11				B0H6MJ756Y						8721438409495				AMAZON_EU	Active
Republic of the Congo eSIM 5GB 30Days	Republic of the Congo eSIM 5GB 30Days - high speed internet - mobile data 5G compatible	0630HUFAVHY	REPUBLIC-OF-THE-CONGO-5GB-30D	370.99		2026-06-30 19:44:00 CEST		y	4			11				B0H6MBXD3B						8721438409488				AMAZON_EU	Active
Romania eSIM 3GB 15Days	Romania eSIM 3GB 15Days - high speed internet - mobile data 5G compatible	0630HU63MMW	ROMANIA-3GB-15D	89.99		2026-06-30 19:50:35 CEST		y	4			11				B0H6MKQH2C						8721438409501				AMAZON_EU	Active
Romania eSIM 5GB 30Days	Romania eSIM 5GB 30Days - high speed internet - mobile data 5G compatible	0630HUKPEGM	ROMANIA-5GB-30D	102.99		2026-06-30 19:53:56 CEST		y	4			11				B0H6MFVLCB						8721438409518				AMAZON_EU	Active
Russia eSIM 3GB 15Days	Russia eSIM 3GB 15Days - high speed internet - mobile data 5G compatible	0630HUGG7HC	RUSSIA-3GB-15D	102.99		2026-06-30 20:00:00 CEST		y	4			11				B0H6MDNPC8						8721438409532				AMAZON_EU	Active
Rwanda eSIM 3GB 15Days	Rwanda eSIM 3GB 15Days - high speed internet - mobile data 5G compatible	0630HUKP5FO	RWANDA-3GB-15D	268.99		2026-06-30 20:10:07 CEST		y	4			11				B0H6MK2ZBQ						8721438409563				AMAZON_EU	Active
Rwanda eSIM 5GB 30Days	Rwanda eSIM 5GB 30Days - high speed internet - mobile data 5G compatible	0630HUKFXGT	RWANDA-5GB-30D	357.99		2026-06-30 20:13:08 CEST		y	4			11				B0H6MJZHP1						8721438409570				AMAZON_EU	Active
Saint Barthelemy eSIM 20GB 30Days	Saint Barthelemy eSIM 20GB 30Days - high speed internet - mobile data 5G compatible	0630HUFCON1	SAINT-BARTHELEMY-20GB-30D	178.99		2026-06-30 20:26:02 CEST		y	4			11				B0H6MJHHNB						8721438409617				AMAZON_EU	Active
Saint Barthelemy eSIM 3GB 15Days	Saint Barthelemy eSIM 3GB 15Days - high speed internet - mobile data 5G compatible	0630HUJXNK7	SAINT-BARTHELEMY-3GB-15D	89.99		2026-06-30 20:19:44 CEST		y	4			11				B0H6MDMD63						8721438409594				AMAZON_EU	Active
Saint Barthelemy eSIM 5GB 30Days	Saint Barthelemy eSIM 5GB 30Days - high speed internet - mobile data 5G compatible	0630HUNL8KX	SAINT-BARTHELEMY-5GB-30D	102.99		2026-06-30 20:23:15 CEST		y	4			11				B0H6MBS246						8721438409600				AMAZON_EU	Active
Saint Kitts and Nevis eSIM 5GB 30Days	Saint Kitts and Nevis eSIM 5GB 30Days - high speed internet - mobile data 5G compatible	0630HUIAVKO	SAINT-KITTS-AND-NEVIS-5GB-30D	421.99		2026-06-30 20:32:19 CEST		y	4			11				B0H6MBK615						8721438409631				AMAZON_EU	Active
Saint Lucia eSIM 3GB 15Days	Saint Lucia eSIM 3GB 15Days - high speed internet - mobile data 5G compatible	0630HULD37F	SAINT-LUCIA-3GB-15D	319.99		2026-06-30 20:39:04 CEST		y	4			11				B0H6M7Y1CD						8721438409655				AMAZON_EU	Active
Saint Martin eSIM 20GB 30Days	Saint Martin eSIM 20GB 30Days - high speed internet - mobile data 5G compatible	0630HUOOZPA	SAINT-MARTIN-20GB-30D	178.99		2026-06-30 20:54:34 CEST		y	4			11				B0H6MF7K64						8721438409709				AMAZON_EU	Active
Saint Martin eSIM 3GB 15Days	Saint Martin eSIM 3GB 15Days - high speed internet - mobile data 5G compatible	0630HUQ6AIL	SAINT-MARTIN-3GB-15D	89.99		2026-06-30 20:48:17 CEST		y	4			11				B0H6MDB2CN						8721438409686				AMAZON_EU	Active
Saint Martin eSIM 5GB 30Days	Saint Martin eSIM 5GB 30Days - high speed internet - mobile data 5G compatible	0630HUPE74X	SAINT-MARTIN-5GB-30D	102.99		2026-06-30 20:51:38 CEST		y	4			11				B0H6MC37Q1						8721438409693				AMAZON_EU	Active
Saint Vincent and the Grenadines eSIM 3GB 15Days	Saint Vincent and the Grenadines eSIM 3GB 15Days - high speed internet - mobile data 5G compatible	0630HUIFNDX	SAINT-VINCENT-AND-THE-GRENADINES-3GB-15D	383.99		2026-06-30 20:58:13 CEST		y	4			11				B0H6MF3FWZ						8721438409716				AMAZON_EU	Active
Saint Vincent and the Grenadines eSIM 5GB 30Days	Saint Vincent and the Grenadines eSIM 5GB 30Days - high speed internet - mobile data 5G compatible	0630HUO1FMY	SAINT-VINCENT-AND-THE-GRENADINES-5GB-30D	511.99		2026-06-30 21:01:13 CEST		y	4			11				B0H6MJXH8Z						8721438409723				AMAZON_EU	Active
Samoa eSIM 20GB 30Days	Samoa eSIM 20GB 30Days - high speed internet - mobile data 5G compatible	0630HUP0W33	SAMOA-20GB-30D	3231.99		2026-06-30 21:15:20 CEST		y	4			11				B0H6MJQDSM						8721438409761				AMAZON_EU	Active
Samoa eSIM 3GB 15Days	Samoa eSIM 3GB 15Days - high speed internet - mobile data 5G compatible	0630HUOTWY0	SAMOA-3GB-15D	638.99		2026-06-30 21:09:14 CEST		y	4			11				B0H6MGJ45S						8721438409747				AMAZON_EU	Active
Samoa eSIM 5GB 30Days	Samoa eSIM 5GB 30Days - high speed internet - mobile data 5G compatible	0630HUOXBVN	SAMOA-5GB-30D	881.99		2026-06-30 21:12:34 CEST		y	4			11				B0H6MFFZH1						8721438409754				AMAZON_EU	Active
San Marino eSIM 3GB 15Days	San Marino eSIM 3GB 15Days - high speed internet - mobile data 5G compatible	0630HUOXL4Y	SAN-MARINO-3GB-15D	89.99		2026-06-30 21:18:48 CEST		y	4			11				B0H6MG33GL						8721438409778				AMAZON_EU	Active
San Marino eSIM 5GB 30Days	San Marino eSIM 5GB 30Days - high speed internet - mobile data 5G compatible	0630HUNX63T	SAN-MARINO-5GB-30D	102.99		2026-06-30 21:21:59 CEST		y	4			11				B0H6ML6C38						8721438409785				AMAZON_EU	Active
Saudi Arabia eSIM 3GB 15Days	Saudi Arabia eSIM 3GB 15Days - high speed internet - mobile data 5G compatible	0701HXE69VM	SAUDI-ARABIA-3GB-15D	127.99		2026-07-01 12:11:25 CEST		y	4			11				B0FRB3N2KL						8721438406500				AMAZON_EU	Active
Senegal eSIM 5GB 30Days	Senegal eSIM 5GB 30Days - high speed internet - mobile data 5G compatible	0701HXKL006	SENEGAL-5GB-30D	204.99		2026-07-01 12:26:49 CEST		y	4			11				B0FRB68H77						8721438406579				AMAZON_EU	Active
Serbia eSIM 3GB 15Days	Serbia eSIM 3GB 15Days - high speed internet - mobile data 5G compatible	0701HXINQR0	SERBIA-3GB-15D	89.99		2026-07-01 12:30:51 CEST		y	4			11				B0FRB5TJV2						8721438406593				AMAZON_EU	Active
Singapore eSIM 5GB 30Days		0327H0FTKE1	SG_5_30	118.93		2026-03-27 10:24:13 CET		y	1			11				B0FR9X3Y3R						B0FR9X3Y3R				AMAZON_EU	Active
Sierra Leone eSIM 20GB 30Days	Sierra Leone eSIM 20GB 30Days - high speed internet - mobile data 5G compatible	0630HURRDS1	SIERRA-LEONE-20GB-30D	1035.99		2026-06-30 21:35:02 CEST		y	4			11				B0H6ML1JW1						8721438409822				AMAZON_EU	Active
Sierra Leone eSIM 5GB 30Days	Sierra Leone eSIM 5GB 30Days - high speed internet - mobile data 5G compatible	0630HULTN52	SIERRA-LEONE-5GB-30D	370.99		2026-06-30 21:31:56 CEST		y	4			11				B0H6MBK6HZ						8721438409815				AMAZON_EU	Active
Singapore eSIM 5GB 30Days	Singapore eSIM 5GB 30Days - high speed internet - mobile data 5G compatible	0701HXOAJE6	SINGAPORE-5GB-30D	102.99		2026-07-01 12:47:13 CEST		y	4			11				B0FR9X3Y3R						8721438406678				AMAZON_EU	Active
Slovakia eSIM 3GB 15Days	Slovakia eSIM 3GB 15Days - high speed internet - mobile data 5G compatible	0701HXJDL95	SLOVAKIA-3GB-15D	89.99		2026-07-01 12:54:30 CEST		y	4			11				B0FR9XC4BW						8721438406760				AMAZON_EU	Active
Slovakia eSIM 5GB 30Days	Slovakia eSIM 5GB 30Days - high speed internet - mobile data 5G compatible	0701HXA9RCH	SLOVAKIA-5GB-30D	102.99		2026-07-01 12:58:12 CEST		y	4			11				B0FRB2X84M						8721438406784				AMAZON_EU	Active
Slovenia eSIM 20GB 30Days	Slovenia eSIM 20GB 30Days - high speed internet - mobile data 5G compatible	0701HXPFOSB	SLOVENIA-20GB-30D	166.99		2026-07-01 13:13:14 CEST		y	4			11				B0FR9X15V2						8721438406876				AMAZON_EU	Active
Slovenia eSIM 3GB 15Days	Slovenia eSIM 3GB 15Days - high speed internet - mobile data 5G compatible	0701HXOG7NZ	SLOVENIA-3GB-15D	89.99		2026-07-01 13:05:50 CEST		y	4			11				B0FR9XCF27						8721438406838				AMAZON_EU	Active
Slovenia eSIM 5GB 30Days	Slovenia eSIM 5GB 30Days - high speed internet - mobile data 5G compatible	0701HXUAHON	SLOVENIA-5GB-30D	102.99		2026-07-01 13:09:33 CEST		y	4			11				B0FRB3SJMR						8721438406852				AMAZON_EU	Active
Senegal eSIM 5GB 30Days		0325HRMGMH7	SN_5_30	504.48		2026-03-25 08:41:20 CET		y	1			11				B0FRB68H77						B0FRB68H77				AMAZON_EU	Active
South Korea eSIM 3GB 15Days	South Korea eSIM 3GB 15Days - high speed internet - mobile data 5G compatible	0701HXRUOVV	SOUTH-KOREA-3GB-15D	89.99		2026-07-01 13:25:58 CEST		y	4			11				B0FRC4RTDF						8721438406982				AMAZON_EU	Active
Spain eSIM 3GB 15Days	Spain eSIM 3GB 15Days - high speed internet - mobile data 5G compatible	0701HXK1YIT	SPAIN-3GB-15D	89.99		2026-07-01 13:37:36 CEST		y	4			11				B0FRCDHTZ7						8721438407095				AMAZON_EU	Active
Spain eSIM 5GB 30Days	Spain eSIM 5GB 30Days - high speed internet - mobile data 5G compatible	0701HXGVXN5	SPAIN-5GB-30D	102.99		2026-07-01 13:41:46 CEST		y	4			11				B0FRBQCLZN						8721438407118				AMAZON_EU	Active
Sri Lanka eSIM 3GB 15Days	Sri Lanka eSIM 3GB 15Days - high speed internet - mobile data 5G compatible	0701HXU4OQ9	SRI-LANKA-3GB-15D	114.99		2026-07-01 13:49:44 CEST		y	4			11				B0FRB7Z1NW						8721438407194				AMAZON_EU	Active
Sri Lanka eSIM 5GB 30Days	Sri Lanka eSIM 5GB 30Days - high speed internet - mobile data 5G compatible	0701HXQZI7R	SRI-LANKA-5GB-30D	140.99		2026-07-01 13:53:25 CEST		y	4			11				B0FRB64B8M						8721438407217				AMAZON_EU	Active
Sudan eSIM 3GB 15Days	Sudan eSIM 3GB 15Days - high speed internet - mobile data 5G compatible	0701HXPUT25	SUDAN-3GB-15D	242.99		2026-07-01 14:00:52 CEST		y	4			11				B0FRCKTXNQ						8721438407316				AMAZON_EU	Active
Sudan eSIM 5GB 30Days	Sudan eSIM 5GB 30Days - high speed internet - mobile data 5G compatible	0701HXRGINE	SUDAN-5GB-30D	332.99		2026-07-01 14:04:15 CEST		y	4			11				B0FRC799N3						8721438407323				AMAZON_EU	Active
Suriname eSIM 3GB 15Days	Suriname eSIM 3GB 15Days - high speed internet - mobile data 5G compatible	0630HUQAWNK	SURINAME-3GB-15D	217.99		2026-06-30 21:38:40 CEST		y	4			11				B0H6MLWJMY						8721438409839				AMAZON_EU	Active
Sweden eSIM 3GB 15Days	Sweden eSIM 3GB 15Days - high speed internet - mobile data 5G compatible	0701HXQ7B9I	SWEDEN-3GB-15D	89.99		2026-07-01 14:08:58 CEST		y	4			11				B0FRCC6W9S						8721438407361				AMAZON_EU	Active
Switzerland eSIM 3GB 15Days	Switzerland eSIM 3GB 15Days - high speed internet - mobile data 5G compatible	0701HXWDGN9	SWITZERLAND-3GB-15D	89.99		2026-07-01 14:20:08 CEST		y	4			11				B0FRB5LFVC						8721438407422				AMAZON_EU	Active
Switzerland eSIM 5GB 30Days	Switzerland eSIM 5GB 30Days - high speed internet - mobile data 5G compatible	0701HXYC48M	SWITZERLAND-5GB-30D	102.99		2026-07-01 14:23:53 CEST		y	4			11				B0FRB7G4VW						8721438407446				AMAZON_EU	Active
Thailand eSIM 3GB 15Days	Thailand eSIM 3GB 15Days - high speed internet - mobile data 5G compatible	0701HXY89KK	THAILAND-3GB-15D	89.99		2026-07-01 14:36:07 CEST		y	4			11				B0FRCDPJSH						8721438407514				AMAZON_EU	Active
Thailand eSIM 5GB 30Days	Thailand eSIM 5GB 30Days - high speed internet - mobile data 5G compatible	0701HXUX8KZ	THAILAND-5GB-30D	102.99		2026-07-01 14:39:50 CEST		y	4			11				B0FR9Q5D1J						8721438407538				AMAZON_EU	Active
Thailand eSIM 5GB 30Days		0325HSAFTGW	TH_5_30	58.8		2026-03-25 10:25:56 CET		y	1			11				B0FR9Q5D1J						B0FR9Q5D1J				AMAZON_EU	Active
Trinidad and Tobago eSIM 20GB 30Days	Trinidad and Tobago eSIM 20GB 30Days - high speed internet - mobile data 5G compatible	0630HUQU82M	TRINIDAD-AND-TOBAGO-20GB-30D	1061.99		2026-06-30 22:05:25 CEST		y	4			11				B0H6MF31VP						8721438409914				AMAZON_EU	Active
Turkey eSIM 3GB 15Days	Turkey eSIM 3GB 15Days - high speed internet - mobile data 5G compatible	0701HY064Q2	TURKEY-3GB-15D	89.99		2026-07-01 14:52:26 CEST		y	4			11				B0FRC2PSHM						8721438407682				AMAZON_EU	Active
Turkey eSIM 5GB 30Days	Turkey eSIM 5GB 30Days - high speed internet - mobile data 5G compatible	0701HXYBUOS	TURKEY-5GB-30D	89.99		2026-07-01 14:56:07 CEST		y	4			11				B0FRCBZ1BB						8721438407705				AMAZON_EU	Active
Turks and Caicos Islands eSIM 5GB 30Days	Turks and Caicos Islands eSIM 5GB 30Days - high speed internet - mobile data 5G compatible	0630HUSMXSL	TURKS-AND-CAICOS-ISLANDS-5GB-30D	319.99		2026-06-30 22:12:14 CEST		y	4			11				B0H6MLH1KM						8721438409938				AMAZON_EU	Active
Ukraine eSIM 3GB 15Days	Ukraine eSIM 3GB 15Days - high speed internet - mobile data 5G compatible	0701HY03XZI	UKRAINE-3GB-15D	89.99		2026-07-01 15:07:57 CEST		y	4			11				B0FRB9SBFR						8721438407811				AMAZON_EU	Active
USA eSIM 3 GB 15 dagar | Betala när du går data SIM | Enkel installation | USA rese-SIM för turister och företag | 3G/4G-hastigheter		0325HSB0NGJ	US_3_15	92.04		2026-03-25 10:12:51 CET		y	1			11				B0FRCFXK3V						B0FRCFXK3V				AMAZON_EU	Active
USA eSIM 5 GB 30 dagar | Betala när du går data SIM | Enkel installation | USA rese-SIM för turister och företag | 3G/4G-hastigheter		0325HSE7WT8	US_5_30	79.03		2026-03-25 10:15:58 CET		y	1			11				B0FRC2PQ8H						B0FRC2PQ8H				AMAZON_EU	Active
Uzbekistan eSIM 5GB 30Days	Uzbekistan eSIM 5GB 30Days - high speed internet - mobile data 5G compatible	0701HY3S9T1	UZBEKISTAN-5GB-30D	102.99		2026-07-01 15:51:16 CEST		y	4			11				B0FRBWFZ6M						8721438408221				AMAZON_EU	Active
Vatican City eSIM 3GB 15Days	Vatican City eSIM 3GB 15Days - high speed internet - mobile data 5G compatible	0630HUSL189	VATICAN-CITY-3GB-15D	89.99		2026-06-30 22:18:38 CEST		y	4			11				B0H6MBMF8G						8721438409952				AMAZON_EU	Active
Vatican City eSIM 5GB 30Days	Vatican City eSIM 5GB 30Days - high speed internet - mobile data 5G compatible	0630HUSZCA6	VATICAN-CITY-5GB-30D	102.99		2026-06-30 22:21:38 CEST		y	4			11				B0H6M7YXNP						8721438409969				AMAZON_EU	Active
Vietnam eSIM 5GB 30Days	Vietnam eSIM 5GB 30Days - high speed internet - mobile data 5G compatible	0701HYA6ZLA	VIETNAM-5GB-30D	114.99		2026-07-01 15:58:48 CEST		y	4			11				B0FRCBXRGV						8721438408269				AMAZON_EU	Active
Zambia eSIM 3GB 15Days	Zambia eSIM 3GB 15Days - high speed internet - mobile data 5G compatible	0701HY1L3R2	ZAMBIA-3GB-15D	191.99		2026-07-01 16:06:40 CEST		y	4			11				B0FRC2NSM2						8721438408344				AMAZON_EU	Active
Sydafrika eSIM 5 GB 30 dagar | Förbetalda resor eSIM | Betala när du går digitalt SIM | Enkel installation | Data SIM för turister och företag | 3G/4G-hastigheter		0325HS8BDS3	ZA_5_30	211.89		2026-03-25 10:16:18 CET		y	1			11				B0FRB3R6F3						B0FRB3R6F3				AMAZON_EU	Active
Aaland Islands eSIM 20GB 30Days	Aaland Islands eSIM 20GB 30Days - high speed internet - mobile data 5G compatible	0630HUVMSIX	AALAND-ISLANDS-20GB-30D	370.99		2026-06-30 22:44:36 CEST		y	4			11				B0FR39Q1KJ						8721438400041				AMAZON_EU	Inactive
Aaland Islands eSIM 5GB 30Days	Aaland Islands eSIM 5GB 30Days - high speed internet - mobile data 5G compatible	0630HUVS2GS	AALAND-ISLANDS-5GB-30D	153.99		2026-06-30 22:41:30 CEST		y	4			11				B0FR3G6JWB						8721438400034				AMAZON_EU	Inactive
Africa eSIM 5GB 30Days	Africa eSIM 5GB 30Days - high speed internet - mobile data 5G compatible	0630HUVWM06	AFRICA-5GB-30D	319.99		2026-06-30 22:48:14 CEST		y	4			11				B0FR3GK9Z7						8721438400072				AMAZON_EU	Inactive
Albania eSIM 5GB 30Days	Albania eSIM 5GB 30Days - high speed internet - mobile data 5G compatible	0630HUTKJCZ	ALBANIA-5GB-30D	114.99		2026-06-30 22:51:54 CEST		y	4			11				B0FR4ZG3Z6						8721438400102				AMAZON_EU	Inactive
Andorra eSIM 3GB 15Days	Andorra eSIM 3GB 15Days - high speed internet - mobile data 5G compatible	0630HTFV28P	ANDORRA-3GB-15D	166.99		2026-06-30 13:36:45 CEST		y	4			11				B0H6MBPRYN						8721438408450				AMAZON_EU	Inactive
Andorra eSIM 5GB 30Days	Andorra eSIM 5GB 30Days - high speed internet - mobile data 5G compatible	0630HTOOY02	ANDORRA-5GB-30D	178.99		2026-06-30 13:40:33 CEST		y	4			11				B0H6M5P65S						8721438408467				AMAZON_EU	Inactive
Angola eSIM 3GB 15Days	Angola eSIM 3GB 15Days - high speed internet - mobile data 5G compatible	0630HTO3UO9	ANGOLA-3GB-15D	383.99		2026-06-30 13:47:34 CEST		y	4			11				B0H6M5RWZH						8721438408481				AMAZON_EU	Inactive
Angola eSIM 5GB 30Days	Angola eSIM 5GB 30Days - high speed internet - mobile data 5G compatible	0630HTDB62S	ANGOLA-5GB-30D	639.99		2026-06-30 14:29:45 CEST		y	4			11				B0H6MKZSB4						8721438408498				AMAZON_EU	Inactive
Anguilla eSIM 3GB 15Days	Anguilla eSIM 3GB 15Days - high speed internet - mobile data 5G compatible	0630HTPPEZ3	ANGUILLA-3GB-15D	268.99		2026-06-30 14:30:45 CEST		y	4			11				B0H6M7X7QY						8721438408511				AMAZON_EU	Inactive
Antigua and Barbuda eSIM 20GB 30Days	Antigua and Barbuda eSIM 20GB 30Days - high speed internet - mobile data 5G compatible	0630HTRX22J	ANTIGUA-AND-BARBUDA-20GB-30D	1086.99		2026-06-30 14:39:53 CEST		y	4			11				B0H6M2MQJB						8721438408566				AMAZON_EU	Inactive
Argentina eSIM 20GB 30Days	Argentina eSIM 20GB 30Days - high speed internet - mobile data 5G compatible	0630HUV6UUJ	ARGENTINA-20GB-30D	409.99		2026-06-30 22:58:57 CEST		y	4			11				B0FR5DCH33						8721438400133				AMAZON_EU	Inactive
Argentina eSIM 3GB 15Days	Argentina eSIM 3GB 15Days - high speed internet - mobile data 5G compatible	0630HUV9717	ARGENTINA-3GB-15D	140.99		2026-06-30 22:55:46 CEST		y	4			11				B0FR554SXN						8721438400126				AMAZON_EU	Inactive
Asia-20 eSIM 3GB 15Days	Asia-20 eSIM 3GB 15Days - high speed internet - mobile data 5G compatible	0630HUW6ZO7	ASIA-20-3GB-15D	140.99		2026-06-30 23:09:33 CEST		y	4			11				B0FR9FZ4RF						8721438400317				AMAZON_EU	Inactive
Asia-20 eSIM 5GB 30Days	Asia-20 eSIM 5GB 30Days - high speed internet - mobile data 5G compatible	0630HUYJP7F	ASIA-20-5GB-30D	153.99		2026-06-30 23:13:41 CEST		y	4			11				B0FR9BQNSV						8721438400324				AMAZON_EU	Inactive
Australia eSIM 20GB 30Days	Australia eSIM 20GB 30Days - high speed internet - mobile data 5G compatible	0630HV1P788	AUSTRALIA-20GB-30D	166.99		2026-06-30 23:24:53 CEST		y	4			11				B0FR9G1ZQJ						8721438400416				AMAZON_EU	Inactive
Austria eSIM 20GB 30Days	Austria eSIM 20GB 30Days - high speed internet - mobile data 5G compatible	0630HV1ZS7C	AUSTRIA-20GB-30D	165.99		2026-06-30 23:34:39 CEST		y	4			11				B0FR8XBSBP						8721438400539				AMAZON_EU	Inactive
Australia eSIM 20GB 30Days		0327H0JMAMG	AU_20_30	217.99		2026-03-27 10:20:47 CET		y	1			11				B0FR9G1ZQJ						B0FR9G1ZQJ				AMAZON_EU	Inactive
Azerbaijan eSIM 3GB 15Days	Azerbaijan eSIM 3GB 15Days - high speed internet - mobile data 5G compatible	0630HUZWAU0	AZERBAIJAN-3GB-15D	140.99		2026-06-30 23:38:28 CEST		y	4			11				B0FR9BTC98						8721438400560				AMAZON_EU	Inactive
Bahamas eSIM 20GB 30Days	Bahamas eSIM 20GB 30Days - high speed internet - mobile data 5G compatible	0630HTSSA4A	BAHAMAS-20GB-30D	1329.99		2026-06-30 14:49:59 CEST		y	4			11				B0H6MCPR9P						8721438408597				AMAZON_EU	Inactive
Bahamas eSIM 3GB 15Days	Bahamas eSIM 3GB 15Days - high speed internet - mobile data 5G compatible	0630HTX4AEI	BAHAMAS-3GB-15D	357.99		2026-06-30 14:43:32 CEST		y	4			11				B0H6MB828R						8721438408573				AMAZON_EU	Inactive
Bahamas eSIM 5GB 30Days	Bahamas eSIM 5GB 30Days - high speed internet - mobile data 5G compatible	0630HTTPNF4	BAHAMAS-5GB-30D	472.99		2026-06-30 14:46:42 CEST		y	4			11				B0H6MFGH8P						8721438408580				AMAZON_EU	Inactive
Barbados eSIM 20GB 30Days	Barbados eSIM 20GB 30Days - high speed internet - mobile data 5G compatible	0630HTPZU1Q	BARBADOS-20GB-30D	933.99		2026-06-30 15:00:15 CEST		y	4			11				B0H6MJ921X						8721438408627				AMAZON_EU	Inactive
Belize eSIM 3GB 15Days	Belize eSIM 3GB 15Days - high speed internet - mobile data 5G compatible	0630HTMZ900	BELIZE-3GB-15D	357.99		2026-06-30 15:04:05 CEST		y	4			11				B0H6MFPNTX						8721438408634				AMAZON_EU	Inactive
Benin eSIM 5GB 30Days	Benin eSIM 5GB 30Days - high speed internet - mobile data 5G compatible	0630HTSZX5X	BENIN-5GB-30D	345.99		2026-06-30 15:17:33 CEST		y	4			11				B0H6MHRNBH						8721438408672				AMAZON_EU	Inactive
Bermuda eSIM 20GB 30Days	Bermuda eSIM 20GB 30Days - high speed internet - mobile data 5G compatible	0630HTWDN03	BERMUDA-20GB-30D	1112.99		2026-06-30 15:31:11 CEST		y	4			11				B0H6MCGQ77						8721438408719				AMAZON_EU	Inactive
Bermuda eSIM 3GB 15Days	Bermuda eSIM 3GB 15Days - high speed internet - mobile data 5G compatible	0630HTVB9XH	BERMUDA-3GB-15D	281.99		2026-06-30 15:24:23 CEST		y	4			11				B0H6MDMTGH						8721438408696				AMAZON_EU	Inactive
Bermuda eSIM 5GB 30Days	Bermuda eSIM 5GB 30Days - high speed internet - mobile data 5G compatible	0630HTZ7EFF	BERMUDA-5GB-30D	370.99		2026-06-30 15:27:44 CEST		y	4			11				B0H6MFM5X4						8721438408702				AMAZON_EU	Inactive
Bhutan eSIM 20GB 30Days	Bhutan eSIM 20GB 30Days - high speed internet - mobile data 5G compatible	0630HTYUCUL	BHUTAN-20GB-30D	639.99		2026-06-30 15:42:09 CEST		y	4			11				B0H6M5WDSH						8721438408740				AMAZON_EU	Inactive
Bhutan eSIM 3GB 15Days	Bhutan eSIM 3GB 15Days - high speed internet - mobile data 5G compatible	0630HTY7NRP	BHUTAN-3GB-15D	191.99		2026-06-30 15:35:20 CEST		y	4			11				B0H6MJB588						8721438408726				AMAZON_EU	Inactive
Brazil eSIM 20GB 30Days	Brazil eSIM 20GB 30Days - high speed internet - mobile data 5G compatible	0630HUX1RF9	BRAZIL-20GB-30D	370.99		2026-07-01 00:29:39 CEST		y	4			11				B0FR9KLZCR						8721438400935				AMAZON_EU	Inactive
Brazil eSIM 3GB 15Days	Brazil eSIM 3GB 15Days - high speed internet - mobile data 5G compatible	0630HV24GO9	BRAZIL-3GB-15D	114.99		2026-07-01 00:26:50 CEST		y	4			11				B0FR9G5LKV						8721438400898				AMAZON_EU	Inactive
Cambodia eSIM 20GB 30Days	Cambodia eSIM 20GB 30Days - high speed internet - mobile data 5G compatible	0630HV0R51H	CAMBODIA-20GB-30D	293.99		2026-07-01 01:25:22 CEST		y	4			11				B0FR9GFJPL						8721438401710				AMAZON_EU	Inactive
Canada eSIM 20GB 30Days Premium	Canada eSIM 20GB 30Days Premium - high speed internet - mobile data 5G compatible	0630HUYQZ0A	CANADA-PREMIUM-20GB-30D	319.99		2026-06-30 22:34:21 CEST		y	4			11				B0H6MJ9N4Y						8721438410606				AMAZON_EU	Inactive
Canada eSIM 3GB 15Days Premium	Canada eSIM 3GB 15Days Premium - high speed internet - mobile data 5G compatible	0630HUU88G6	CANADA-PREMIUM-3GB-15D	114.99		2026-06-30 22:28:25 CEST		y	4			11				B0H6MJ1HMJ						8721438410583				AMAZON_EU	Inactive
Canada eSIM 5GB 30Days Premium	Canada eSIM 5GB 30Days Premium - high speed internet - mobile data 5G compatible	0630HUUOVKO	CANADA-PREMIUM-5GB-30D	165.99		2026-06-30 22:31:35 CEST		y	4			11				B0H6MPXGBN						8721438410590				AMAZON_EU	Inactive
Cape Verde eSIM 20GB 30Days	Cape Verde eSIM 20GB 30Days - high speed internet - mobile data 5G compatible	0630HTWEBJ4	CAPE-VERDE-20GB-30D	1789.99		2026-06-30 15:53:08 CEST		y	4			11				B0H6M9VSPG						8721438408771				AMAZON_EU	Inactive
Cape Verde eSIM 3GB 15Days	Cape Verde eSIM 3GB 15Days - high speed internet - mobile data 5G compatible	0630HTYBQNT	CAPE-VERDE-3GB-15D	357.99		2026-06-30 15:46:09 CEST		y	4			11				B0H6M9R16H						8721438408757				AMAZON_EU	Inactive
Kanada eSIM 20 GB 30 dagar | Betala när du går data SIM | Enkel installation | Rese-SIM för turister och företag | 3G/4G-hastigheter		0327H0KWUZ0	CA_20_30	337.34		2026-03-27 10:31:42 CET		y	1			11				B0FR9BY42D						B0FR9BY42D				AMAZON_EU	Inactive
Kanada eSIM 3 GB 15 dagar | Betala när du går data SIM | Enkel installation | Rese-SIM för turister och företag | 3G/4G-hastigheter		0327H1C5Y05	CA_3_15	136.29		2026-03-27 13:48:10 CET		y	1			11				B0FR9RZLF3						B0FR9RZLF3				AMAZON_EU	Inactive
Kanada eSIM 5 GB 30 dagar | Betala när du går data SIM | Enkel installation | Rese-SIM för turister och företag | 3G/4G-hastigheter		0327H145G1V	CA_5_30	176.56		2026-03-27 12:16:36 CET		y	1			11				B0FR9SYCBK						B0FR9SYCBK				AMAZON_EU	Inactive
Central African Republic eSIM 3GB 15Days	Central African Republic eSIM 3GB 15Days - high speed internet - mobile data 5G compatible	0630HV0JQ3Y	CENTRAL-AFRICAN-REPUBLIC-3GB-15D	230.99		2026-07-01 00:49:40 CEST		y	4			11				B0FR9RK8FP						8721438401352				AMAZON_EU	Inactive
Chile eSIM 3GB 15Days	Chile eSIM 3GB 15Days - high speed internet - mobile data 5G compatible	0630HV5QKLM	CHILE-3GB-15D	153.99		2026-07-01 01:02:45 CEST		y	4			11				B0FR9RY1RT						8721438401451				AMAZON_EU	Inactive
China eSIM 20GB 30Days	China eSIM 20GB 30Days - high speed internet - mobile data 5G compatible	0630HV7YOZ0	CHINA-20GB-30D	204.99		2026-07-01 01:14:22 CEST		y	4			11				B0FR9GD6X9						8721438401604				AMAZON_EU	Inactive
China eSIM 20GB 30Days		0327H0S4G30	CN_20_30	257.26		2026-03-27 11:00:32 CET		y	1			11				B0FR9GD6X9						B0FR9GD6X9				AMAZON_EU	Inactive
Colombia eSIM 3GB 15Days	Colombia eSIM 3GB 15Days - high speed internet - mobile data 5G compatible	0630HV8YCZ6	COLOMBIA-3GB-15D	153.99		2026-07-01 01:18:21 CEST		y	4			11				B0FR9RL8W5						8721438401673				AMAZON_EU	Inactive
Costa Rica eSIM 3GB 15Days	Costa Rica eSIM 3GB 15Days - high speed internet - mobile data 5G compatible	0630HUXLZ44	COSTA-RICA-3GB-15D	166.99		2026-07-01 01:28:49 CEST		y	4			11				B0FR9LNRMN						8721438401765				AMAZON_EU	Inactive
Cote d'Ivoire eSIM 3GB 15Days	Cote d'Ivoire eSIM 3GB 15Days - high speed internet - mobile data 5G compatible	0630HV6XW20	COTE-D-IVOIRE-3GB-15D	268.99		2026-07-01 01:32:30 CEST		y	4			11				B0FR9HW9DJ						8721438401789				AMAZON_EU	Inactive
Croatia eSIM 20GB 30Days	Croatia eSIM 20GB 30Days - high speed internet - mobile data 5G compatible	0630HVCENNQ	CROATIA-20GB-30D	191.99		2026-07-01 01:45:45 CEST		y	4			11				B0FR9TYCSL						8721438401857				AMAZON_EU	Inactive
Curacao eSIM 20GB 30Days	Curacao eSIM 20GB 30Days - high speed internet - mobile data 5G compatible	0630HU13TVX	CURACAO-20GB-30D	869.99		2026-06-30 16:13:31 CEST		y	4			11				B0H6MF51WH						8721438408832				AMAZON_EU	Inactive
Democratic Republic of the Congo eSIM 3GB 15Days	Democratic Republic of the Congo eSIM 3GB 15Days - high speed internet - mobile data 5G compatible	0630HTZR4AL	DEMOCRATIC-REPUBLIC-OF-THE-CONGO-3GB-15D	153.99		2026-06-30 16:17:10 CEST		y	4			11				B0H6LZL22Y						8721438408849				AMAZON_EU	Inactive
Democratic Republic of the Congo eSIM 5GB 30Days	Democratic Republic of the Congo eSIM 5GB 30Days - high speed internet - mobile data 5G compatible	0630HU1A0CL	DEMOCRATIC-REPUBLIC-OF-THE-CONGO-5GB-30D	242.99		2026-06-30 16:20:32 CEST		y	4			11				B0H6M6L8Z8						8721438408856				AMAZON_EU	Inactive
Denmark eSIM 20GB 30Days	Denmark eSIM 20GB 30Days - high speed internet - mobile data 5G compatible	0701HV10GMJ	DENMARK-20GB-30D	166.99		2026-07-01 02:11:51 CEST		y	4			11				B0FR9QPF45						8721438402052				AMAZON_EU	Inactive
Germany eSIM 20GB 30Days		0327H12A0N0	DE_20_30	369.76		2026-03-27 13:00:10 CET		y	1			11				B0GSZP9H94						B0GSZP9H94				AMAZON_EU	Inactive
Germany eSIM 3GB 15Days		0327H13GF3I	DE_3_15	109.76		2026-03-27 12:06:32 CET		y	1			11				B0GSZBMLKV						B0GSZBMLKV				AMAZON_EU	Inactive
Germany eSIM 5GB 30Days		0327H0FKJOC	DE_5_30	129.74		2026-03-27 10:26:10 CET		y	1			11				B0GSZDYWLZ						B0GSZDYWLZ				AMAZON_EU	Inactive
Dominica eSIM 5GB 30Days	Dominica eSIM 5GB 30Days - high speed internet - mobile data 5G compatible	0630HU1XMAJ	DOMINICA-5GB-30D	357.99		2026-06-30 16:30:53 CEST		y	4			11				B0H6M5HR32						8721438408887				AMAZON_EU	Inactive
Dominican Republic eSIM 20GB 30Days	Dominican Republic eSIM 20GB 30Days - high speed internet - mobile data 5G compatible	0701HV6LL1D	DOMINICAN-REPUBLIC-20GB-30D	434.99		2026-07-01 02:21:03 CEST		y	4			11				B0FR9C6DJF						8721438402106				AMAZON_EU	Inactive
Democratic Republic of the Congo eSIM 20GB 30Days	Democratic Republic of the Congo eSIM 20GB 30Days - high speed internet - mobile data 5G compatible	0630HU2AC7A	DRC-20GB-30D	651.99		2026-06-30 16:24:10 CEST		y	4			11				B0H6MZWFM7						8721438408863				AMAZON_EU	Inactive
Egypt eSIM 20GB 30Days	Egypt eSIM 20GB 30Days - high speed internet - mobile data 5G compatible	0701HV44MJJ	EGYPT-20GB-30D	319.99		2026-07-01 02:34:33 CEST		y	4			11				B0FR9GQBGL						8721438402182				AMAZON_EU	Inactive
Egypt eSIM 5GB 30Days	Egypt eSIM 5GB 30Days - high speed internet - mobile data 5G compatible	0701HVB32DR	EGYPT-5GB-30D	166.99		2026-07-01 02:31:14 CEST		y	4			11				B0FR9LR5KJ						8721438402168				AMAZON_EU	Inactive
Egypt eSIM 20GB 30Days		0327H14CQ0T	EG_20_30	437.3		2026-03-27 12:24:54 CET		y	1			11				B0FR9GQBGL						B0FR9GQBGL				AMAZON_EU	Inactive
Egypten eSIM 3 GB 30 dagar | Betala när du går data SIM | Enkel installation | Rese-SIM för turister och företag | 3G/4G-hastigheter		0327H0IJUF3	EG_3_30	160.59		2026-03-27 11:00:07 CET		y	1			11				B0FR9GNL93						B0FR9GNL93				AMAZON_EU	Inactive
Spain eSIM 20GB 30Days		0327H0KJD3N	ES_20_30	242.88		2026-03-27 10:16:15 CET		y	1			11				B0FRCMPGPL						B0FRCMPGPL				AMAZON_EU	Inactive
Europe(40+ areas) eSIM 20GB 30Days	Europe(40+ areas) eSIM 20GB 30Days - high speed internet - mobile data 5G compatible	0701HUYD74K	EUROPE-40-AREAS-20GB-30D	217.99		2026-07-01 02:53:26 CEST		y	4			11				B0FR9TNPV3						8721438402496				AMAZON_EU	Inactive
Europe(40+ areas) eSIM 5GB 30Days	Europe(40+ areas) eSIM 5GB 30Days - high speed internet - mobile data 5G compatible	0701HV7FXI3	EUROPE-40-AREAS-5GB-30D	102.99		2026-07-01 02:50:25 CEST		y	4			11				B0FR9RYSSS						8721438402472				AMAZON_EU	Inactive
Fiji eSIM 20GB 30Days	Fiji eSIM 20GB 30Days - high speed internet - mobile data 5G compatible	0630HU2CEGU	FIJI-20GB-30D	447.99		2026-06-30 16:52:51 CEST		y	4			11				B0H6MGBL3N						8721438408955				AMAZON_EU	Inactive
Fiji eSIM 3GB 15Days	Fiji eSIM 3GB 15Days - high speed internet - mobile data 5G compatible	0630HU3IM8J	FIJI-3GB-15D	140.99		2026-06-30 16:47:15 CEST		y	4			11				B0H6MFLWYD						8721438408931				AMAZON_EU	Inactive
France eSIM 20GB 30Days	France eSIM 20GB 30Days - high speed internet - mobile data 5G compatible	0701HVAMXK2	FRANCE-20GB-30D	166.99		2026-07-01 03:11:48 CEST		y	4			11				B0FR9GPMC5						8721438402632				AMAZON_EU	Inactive
French Guiana eSIM 20GB 30Days	French Guiana eSIM 20GB 30Days - high speed internet - mobile data 5G compatible	0630HU2PPMO	FRENCH-GUIANA-20GB-30D	191.99		2026-06-30 17:02:27 CEST		y	4			11				B0H6MDNXJJ						8721438408986				AMAZON_EU	Inactive
French Polynesia eSIM 20GB 30Days	French Polynesia eSIM 20GB 30Days - high speed internet - mobile data 5G compatible	0630HU3RBV0	FRENCH-POLYNESIA-20GB-30D	2659.99		2026-06-30 17:12:23 CEST		y	4			11				B0H6M59GH9						8721438409013				AMAZON_EU	Inactive
France eSIM 20GB 30Days		0325HR9B0EV	FR_20_30	296.1		2026-03-25 06:22:30 CET		y	1			11				B0FR9GPMC5						B0FR9GPMC5				AMAZON_EU	Inactive
Gambia eSIM 5GB 30Days	Gambia eSIM 5GB 30Days - high speed internet - mobile data 5G compatible	0701HYAQFU9	GAMBIA-5GB-30D	626.99		2026-07-01 16:18:20 CEST		y	4			11				B0H2FQ3QJ9						8721438408375				AMAZON_EU	Inactive
Germany eSIM 20GB 30Days	Germany eSIM 20GB 30Days - high speed internet - mobile data 5G compatible	0701HVCKD53	GERMANY-20GB-30D	166.99		2026-07-01 03:33:40 CEST		y	4			11				B0GSZP9H94						8721438402809				AMAZON_EU	Inactive
Germany eSIM 3GB 15Days	Germany eSIM 3GB 15Days - high speed internet - mobile data 5G compatible	0701HVFT5WT	GERMANY-3GB-15D	89.99		2026-07-01 03:26:16 CEST		y	4			11				B0GSZBMLKV						8721438402762				AMAZON_EU	Inactive
Germany eSIM 5GB 30Days	Germany eSIM 5GB 30Days - high speed internet - mobile data 5G compatible	0701HV7USNT	GERMANY-5GB-30D	102.99		2026-07-01 03:30:01 CEST		y	4			11				B0GSZDYWLZ						8721438402786				AMAZON_EU	Inactive
Ghana eSIM 20GB 30Days	Ghana eSIM 20GB 30Days - high speed internet - mobile data 5G compatible	0630HUAKAK2	GHANA-20GB-30D	447.99		2026-06-30 17:22:07 CEST		y	4			11				B0H6M9CG3G						8721438409044				AMAZON_EU	Inactive
Ghana eSIM 3GB 15Days	Ghana eSIM 3GB 15Days - high speed internet - mobile data 5G compatible	0630HU9MD23	GHANA-3GB-15D	140.99		2026-06-30 17:16:01 CEST		y	4			11				B0H6M7CH6H						8721438409020				AMAZON_EU	Inactive
Ghana eSIM 5GB 30Days	Ghana eSIM 5GB 30Days - high speed internet - mobile data 5G compatible	0630HUDQ2O7	GHANA-5GB-30D	153.99		2026-06-30 17:18:50 CEST		y	4			11				B0H6MD48NZ						8721438409037				AMAZON_EU	Inactive
Gibraltar eSIM 3GB 15Days	Gibraltar eSIM 3GB 15Days - high speed internet - mobile data 5G compatible	0701HVEIS6V	GIBRALTAR-3GB-15D	89.99		2026-07-01 03:37:07 CEST		y	4			11				B0FR8XSPMC						8721438402878				AMAZON_EU	Inactive
Global139 eSIM 5GB 30Days	Global139 eSIM 5GB 30Days - high speed internet - mobile data 5G compatible	0701HVELWV9	GLOBAL139-5GB-30D	460.99		2026-07-01 03:41:00 CEST		y	4			11				B0FR9VNTLY						8721438403004				AMAZON_EU	Inactive
Greenland eSIM 3GB 15Days	Greenland eSIM 3GB 15Days - high speed internet - mobile data 5G compatible	0630HU7S9XU	GREENLAND-3GB-15D	306.99		2026-06-30 17:25:36 CEST		y	4			11				B0H6MLNBK2						8721438409051				AMAZON_EU	Inactive
Greenland eSIM 5GB 30Days	Greenland eSIM 5GB 30Days - high speed internet - mobile data 5G compatible	0630HU6RB27	GREENLAND-5GB-30D	409.99		2026-06-30 17:28:46 CEST		y	4			11				B0H6MFMLK9						8721438409068				AMAZON_EU	Inactive
Grenada eSIM 5GB 30Days	Grenada eSIM 5GB 30Days - high speed internet - mobile data 5G compatible	0630HU4A3Q5	GRENADA-5GB-30D	421.99		2026-06-30 17:39:02 CEST		y	4			11				B0H6MLJR6Z						8721438409099				AMAZON_EU	Inactive
Guadeloupe eSIM 20GB 30Days	Guadeloupe eSIM 20GB 30Days - high speed internet - mobile data 5G compatible	0701HVI0EN7	GUADELOUPE-20GB-30D	191.99		2026-07-01 03:59:39 CEST		y	4			11				B0FR8XTBF6						8721438403127				AMAZON_EU	Inactive
Guam eSIM 20GB 30Days	Guam eSIM 20GB 30Days - high speed internet - mobile data 5G compatible	0701HVI89G5	GUAM-20GB-30D	639.99		2026-07-01 04:09:43 CEST		y	4			11				B0FR9C7MGP						8721438403189				AMAZON_EU	Inactive
Guam eSIM 3GB 15Days	Guam eSIM 3GB 15Days - high speed internet - mobile data 5G compatible	0701HVDZW98	GUAM-3GB-15D	191.99		2026-07-01 04:02:56 CEST		y	4			11				B0FR9GVSSF						8721438403141				AMAZON_EU	Inactive
Guam eSIM 5GB 30Days	Guam eSIM 5GB 30Days - high speed internet - mobile data 5G compatible	0701HVE38CN	GUAM-5GB-30D	217.99		2026-07-01 04:06:16 CEST		y	4			11				B0FR9SVP8Y						8721438403165				AMAZON_EU	Inactive
Guinea eSIM 20GB 30Days	Guinea eSIM 20GB 30Days - high speed internet - mobile data 5G compatible	0630HUAT609	GUINEA-20GB-30D	907.99		2026-06-30 17:51:32 CEST		y	4			11				B0H6M7VHYP						8721438409136				AMAZON_EU	Inactive
Guinea eSIM 5GB 30Days	Guinea eSIM 5GB 30Days - high speed internet - mobile data 5G compatible	0630HUFWFC6	GUINEA-5GB-30D	370.99		2026-06-30 17:48:57 CEST		y	4			11				B0H6MFTVX6						8721438409129				AMAZON_EU	Inactive
Haiti eSIM 3GB 15Days	Haiti eSIM 3GB 15Days - high speed internet - mobile data 5G compatible	0630HUDCG0G	HAITI-3GB-15D	319.99		2026-06-30 18:15:09 CEST		y	4			11				B0H6M9YTL4						8721438409204				AMAZON_EU	Inactive
Hajjj Package Luxury 10GB 30 Days eSIM | Hajj Luxury Travel Guide + Saudi Arabia Travel Guides | 3G/4G/5G	Premium Islamic Hajj eSIM package with 10GB data valid for 30 days. Includes Hajj Luxury Travel Guide and exclusive Saudi Arabian travel guides. Instant QR activation for use across Saudi Arabia.	0610HL4TWNB	HAJJ-LUX-10GB-30D	779.99		2026-06-10 12:32:58 CEST		y	1			11				B0H3L75HDS						B0H3L75HDS				AMAZON_EU	Inactive
Hong Kong eSIM 20GB 30Days		0327H196R5Q	HK_20_30	242.88		2026-03-27 13:43:52 CET		y	1			11				B0FR9GXZ6F						B0FR9GXZ6F				AMAZON_EU	Inactive
Honduras eSIM 3GB 15Days	Honduras eSIM 3GB 15Days - high speed internet - mobile data 5G compatible	0701HVIHKLP	HONDURAS-3GB-15D	153.99		2026-07-01 04:28:05 CEST		y	4			11				B0FR9ZYV5G						8721438403356				AMAZON_EU	Inactive
Hong Kong eSIM 20GB 30Days	Hong Kong eSIM 20GB 30Days - high speed internet - mobile data 5G compatible	0701HVLWAR1	HONG-KONG-20GB-30D	166.99		2026-07-01 04:39:20 CEST		y	4			11				B0FR9GXZ6F						8721438403417				AMAZON_EU	Inactive
Hungary eSIM 20GB 30Days	Hungary eSIM 20GB 30Days - high speed internet - mobile data 5G compatible	0701HVMLR28	HUNGARY-20GB-30D	166.99		2026-07-01 04:49:04 CEST		y	4			11				B0FR9ZVYYQ						8721438403523				AMAZON_EU	Inactive
Iceland eSIM 20GB 30Days	Iceland eSIM 20GB 30Days - high speed internet - mobile data 5G compatible	0701HVXGLJE	ICELAND-20GB-30D	191.99		2026-07-01 04:59:18 CEST		y	4			11				B0FR9GX6LF						8721438403592				AMAZON_EU	Inactive
Indonesia eSIM 20GB 30Days		0327H1N80R6	ID_20_30	229.61		2026-03-27 15:44:37 CET		y	1			11				B0FR9QXRDQ						B0FR9QXRDQ				AMAZON_EU	Inactive
Ireland eSIM 20GB 30Days		0327H0XQ5VI	IE_20_30	242.88		2026-03-27 12:04:17 CET		y	1			11				B0FR9SZG2Z						B0FR9SZG2Z				AMAZON_EU	Inactive
India eSIM 20GB 30Days	India eSIM 20GB 30Days - high speed internet - mobile data 5G compatible	0701HVUXC8D	INDIA-20GB-30D	460.99		2026-07-01 05:10:45 CEST		y	4			11				B0FR9DYMHX						8721438403653				AMAZON_EU	Inactive
India eSIM 3GB 15Days	India eSIM 3GB 15Days - high speed internet - mobile data 5G compatible	0701HVQRFIH	INDIA-3GB-15D	153.99		2026-07-01 05:03:18 CEST		y	4			11				B0FR9ZM116						8721438403622				AMAZON_EU	Inactive
India eSIM 5GB 30Days	India eSIM 5GB 30Days - high speed internet - mobile data 5G compatible	0701HVNM2NN	INDIA-5GB-30D	166.99		2026-07-01 05:07:04 CEST		y	4			11				B0FR9GXWN9						8721438403639				AMAZON_EU	Inactive
Indonesia eSIM 20GB 30Days	Indonesia eSIM 20GB 30Days - high speed internet - mobile data 5G compatible	0701HVUJJ0V	INDONESIA-20GB-30D	166.99		2026-07-01 05:22:23 CEST		y	4			11				B0FR9QXRDQ						8721438403745				AMAZON_EU	Inactive
India eSIM 20GB 30Days		0325HR45G5A	IN_20_30	503.05		2026-03-25 06:19:33 CET		y	1			11				B0FR9DYMHX						B0FR9DYMHX				AMAZON_EU	Inactive
India eSIM 3GB 15Days		0327H0XUC1W	IN_3_15	176.48		2026-03-27 12:12:08 CET		y	1			11				B0FR9ZM116						B0FR9ZM116				AMAZON_EU	Inactive
India eSIM 5GB 30Days		0325HSDFYRU	IN_5_30	230.1		2026-03-25 10:21:48 CET		y	1			11				B0FR9GXWN9						B0FR9GXWN9				AMAZON_EU	Inactive
Iraq eSIM 20GB 30Days	Iraq eSIM 20GB 30Days - high speed internet - mobile data 5G compatible	0630HU8CUC9	IRAQ-20GB-30D	357.99		2026-06-30 18:30:39 CEST		y	4			11				B0H6M956TN						8721438409259				AMAZON_EU	Inactive
Iraq eSIM 3GB 15Days	Iraq eSIM 3GB 15Days - high speed internet - mobile data 5G compatible	0630HUEECZB	IRAQ-3GB-15D	114.99		2026-06-30 18:24:44 CEST		y	4			11				B0H6MGX6P7						8721438409235				AMAZON_EU	Inactive
Iraq eSIM 5GB 30Days	Iraq eSIM 5GB 30Days - high speed internet - mobile data 5G compatible	0630HU553XV	IRAQ-5GB-30D	178.99		2026-06-30 18:27:43 CEST		y	4			11				B0H6MFRHZN						8721438409242				AMAZON_EU	Inactive
Ireland eSIM 20GB 30Days	Ireland eSIM 20GB 30Days - high speed internet - mobile data 5G compatible	0701HVY70TO	IRELAND-20GB-30D	191.99		2026-07-01 05:34:03 CEST		y	4			11				B0FR9SZG2Z						8721438403905				AMAZON_EU	Inactive
Isle of Man eSIM 20GB 30Days	Isle of Man eSIM 20GB 30Days - high speed internet - mobile data 5G compatible	0701HVY3UYA	ISLE-OF-MAN-20GB-30D	255.99		2026-07-01 05:44:50 CEST		y	4			11				B0FR9CB5LK						8721438403974				AMAZON_EU	Inactive
Jamaica eSIM 3GB 15Days	Jamaica eSIM 3GB 15Days - high speed internet - mobile data 5G compatible	0630HUEJ9ZN	JAMAICA-3GB-15D	268.99		2026-06-30 18:34:17 CEST		y	4			11				B0H6MF3PNQ						8721438409266				AMAZON_EU	Inactive
Jamaica eSIM 5GB 30Days	Jamaica eSIM 5GB 30Days - high speed internet - mobile data 5G compatible	0630HU57LBQ	JAMAICA-5GB-30D	345.99		2026-06-30 18:37:17 CEST		y	4			11				B0H6MJQCMF						8721438409273				AMAZON_EU	Inactive
Japan eSIM 20GB 30Days	Japan eSIM 20GB 30Days - high speed internet - mobile data 5G compatible	0701HW3CG0M	JAPAN-20GB-30D	166.99		2026-07-01 06:18:44 CEST		y	4			11				B0FR9RZKRB						8721438404254				AMAZON_EU	Inactive
Jordan eSIM 20GB 30Days	Jordan eSIM 20GB 30Days - high speed internet - mobile data 5G compatible	0701HVW2ZOV	JORDAN-20GB-30D	472.99		2026-07-01 06:39:37 CEST		y	4			11				B0FR9ST188						8721438404438				AMAZON_EU	Inactive
Jordan eSIM 3GB 15Days	Jordan eSIM 3GB 15Days - high speed internet - mobile data 5G compatible	0701HW27G6B	JORDAN-3GB-15D	153.99		2026-07-01 06:33:11 CEST		y	4			11				B0FR9M144Z						8721438404391				AMAZON_EU	Inactive
Jordan eSIM 5GB 30Days	Jordan eSIM 5GB 30Days - high speed internet - mobile data 5G compatible	0701HW3JDDB	JORDAN-5GB-30D	153.99		2026-07-01 06:36:41 CEST		y	4			11				B0FR9ZTZNK						8721438404414				AMAZON_EU	Inactive
Japan eSIM 20GB 30Days		0325HSHVW0Z	JP_20_30	232.36		2026-03-25 10:15:32 CET		y	1			11				B0FR9RZKRB						B0FR9RZKRB				AMAZON_EU	Inactive
Kuwait eSIM 20GB 30Days	Kuwait eSIM 20GB 30Days - high speed internet - mobile data 5G compatible	0701HW1NM14	KUWAIT-20GB-30D	319.99		2026-07-01 07:07:53 CEST		y	4			11				B0FR9KBF4P						8721438404599				AMAZON_EU	Inactive
Kuwait eSIM 5GB 30Days	Kuwait eSIM 5GB 30Days - high speed internet - mobile data 5G compatible	0701HVZKATV	KUWAIT-5GB-30D	178.99		2026-07-01 07:04:37 CEST		y	4			11				B0FR9M2TXP						8721438404582				AMAZON_EU	Inactive
Libya eSIM 3GB 15Days	Libya eSIM 3GB 15Days - high speed internet - mobile data 5G compatible	0630HUHPX7J	LIBYA-3GB-15D	370.99		2026-06-30 18:52:24 CEST		y	4			11				B0H6MBYGXZ						8721438409327				AMAZON_EU	Inactive
Lithuania eSIM 20GB 30Days	Lithuania eSIM 20GB 30Days - high speed internet - mobile data 5G compatible	0701HW01R6P	LITHUANIA-20GB-30D	191.99		2026-07-01 07:45:46 CEST		y	4			11				B0FR9TQN8N						8721438404810				AMAZON_EU	Inactive
Macao eSIM 20GB 30Days	Macao eSIM 20GB 30Days - high speed internet - mobile data 5G compatible	0701HW6OOPU	MACAO-20GB-30D	166.99		2026-07-01 08:05:26 CEST		y	4			11				B0FR9CDBN2						8721438404957				AMAZON_EU	Inactive
Malawi eSIM 5GB 30Days	Malawi eSIM 5GB 30Days - high speed internet - mobile data 5G compatible	0701HW8W075	MALAWI-5GB-30D	306.99		2026-07-01 08:15:56 CEST		y	4			11				B0FR9GXY24						8721438405015				AMAZON_EU	Inactive
Malaysia eSIM 20GB 30Days	Malaysia eSIM 20GB 30Days - high speed internet - mobile data 5G compatible	0701HWCNTBT	MALAYSIA-20GB-30D	166.99		2026-07-01 08:27:33 CEST		y	4			11				B0FR9VMWYD						8721438405060				AMAZON_EU	Inactive
Maldives eSIM 20GB 30Days	Maldives eSIM 20GB 30Days - high speed internet - mobile data 5G compatible	0630HUEUCFB	MALDIVES-20GB-30D	1291.99		2026-06-30 19:07:54 CEST		y	4			11				B0H6MM5SCJ						8721438409372				AMAZON_EU	Inactive
Maldives eSIM 3GB 15Days	Maldives eSIM 3GB 15Days - high speed internet - mobile data 5G compatible	0630HU5GR8A	MALDIVES-3GB-15D	370.99		2026-06-30 19:01:57 CEST		y	4			11				B0H6MD6Y71						8721438409358				AMAZON_EU	Inactive
Malta eSIM 20GB 30Days	Malta eSIM 20GB 30Days - high speed internet - mobile data 5G compatible	0701HWE84HB	MALTA-20GB-30D	166.99		2026-07-01 08:42:47 CEST		y	4			11				B0FR9VL1Q9						8721438405183				AMAZON_EU	Inactive
Mauritius eSIM 5GB 30Days	Mauritius eSIM 5GB 30Days - high speed internet - mobile data 5G compatible	0701HYD8OTT	MAURITIUS-5GB-30D	191.99		2026-07-01 16:26:15 CEST		y	4			11				B0H2G2XMS3						8721438408399				AMAZON_EU	Inactive
Mayotte eSIM 20GB 30Days	Mayotte eSIM 20GB 30Days - high speed internet - mobile data 5G compatible	0630HUBYGQX	MAYOTTE-20GB-30D	178.99		2026-06-30 19:27:24 CEST		y	4			11				B0H6M5L8MC						8721438409433				AMAZON_EU	Inactive
Morocco eSIM 20GB 30Days		0327H0KDJA3	MA_20_30	369.76		2026-03-27 10:25:07 CET		y	1			11				B0FR9M57DY						B0FR9M57DY				AMAZON_EU	Inactive
Morocco eSIM 5GB 30Days		0327H0OCD6W	MA_5_30	142.75		2026-03-27 11:21:04 CET		y	1			11				B0FR9CDDQ8						B0FR9CDDQ8				AMAZON_EU	Inactive
Mexico eSIM 20GB 30Days	Mexico eSIM 20GB 30Days - high speed internet - mobile data 5G compatible	0701HWFCQDY	MEXICO-20GB-30D	383.99		2026-07-01 08:53:20 CEST		y	4			11				B0FR9VDSJX						8721438405244				AMAZON_EU	Inactive
Mexico eSIM 3GB 15Days	Mexico eSIM 3GB 15Days - high speed internet - mobile data 5G compatible	0701HWJJF3X	MEXICO-3GB-15D	127.99		2026-07-01 08:46:22 CEST		y	4			11				B0FR9SZSTG						8721438405220				AMAZON_EU	Inactive
Middle East eSIM 5GB 30Days	Middle East eSIM 5GB 30Days - high speed internet - mobile data 5G compatible	0701HWFN0CW	MIDDLE-EAST-5GB-30D	396.99		2026-07-01 08:56:47 CEST		y	4			11				B0FR9SYKP6						8721438405275				AMAZON_EU	Inactive
Montserrat eSIM 20GB 30Days	Montserrat eSIM 20GB 30Days - high speed internet - mobile data 5G compatible	0630HUJRYXB	MONTSERRAT-20GB-30D	1035.99		2026-06-30 19:37:31 CEST		y	4			11				B0H6MG87HK						8721438409464				AMAZON_EU	Inactive
Montserrat eSIM 3GB 15Days	Montserrat eSIM 3GB 15Days - high speed internet - mobile data 5G compatible	0630HU5Z3H0	MONTSERRAT-3GB-15D	281.99		2026-06-30 19:30:51 CEST		y	4			11				B0H6MDJ2ZR						8721438409440				AMAZON_EU	Inactive
Montserrat eSIM 5GB 30Days	Montserrat eSIM 5GB 30Days - high speed internet - mobile data 5G compatible	0630HU8Z91M	MONTSERRAT-5GB-30D	370.99		2026-06-30 19:34:14 CEST		y	4			11				B0H6MGQ1Y4						8721438409457				AMAZON_EU	Inactive
Morocco eSIM 20GB 30Days	Morocco eSIM 20GB 30Days - high speed internet - mobile data 5G compatible	0701HWPT9X8	MOROCCO-20GB-30D	293.99		2026-07-01 09:27:31 CEST		y	4			11				B0FR9M57DY						8721438405428				AMAZON_EU	Inactive
Morocco eSIM 5GB 30Days	Morocco eSIM 5GB 30Days - high speed internet - mobile data 5G compatible	0701HWMWSHB	MOROCCO-5GB-30D	153.99		2026-07-01 09:23:50 CEST		y	4			11				B0FR9CDDQ8						8721438405404				AMAZON_EU	Inactive
Mozambique eSIM 3GB 15Days	Mozambique eSIM 3GB 15Days - high speed internet - mobile data 5G compatible	0701HWWAX8M	MOZAMBIQUE-3GB-15D	217.99		2026-07-01 09:31:42 CEST		y	4			11				B0FRB1M6HK						8721438405473				AMAZON_EU	Inactive
Malaysia eSIM 20GB 30Days		0327H0OWM8I	MY_20_30	229.61		2026-03-27 10:18:16 CET		y	1			11				B0FR9VMWYD						B0FR9VMWYD				AMAZON_EU	Inactive
Nepal eSIM 3GB 15Days	Nepal eSIM 3GB 15Days - high speed internet - mobile data 5G compatible	0701HWT5KTV	NEPAL-3GB-15D	153.99		2026-07-01 09:39:11 CEST		y	4			11				B0FRB1TD7L						8721438405503				AMAZON_EU	Inactive
Nicaragua eSIM 3GB 15Days	Nicaragua eSIM 3GB 15Days - high speed internet - mobile data 5G compatible	0701HWZRS50	NICARAGUA-3GB-15D	153.99		2026-07-01 10:04:42 CEST		y	4			11				B0FRB33MPG						8721438405695				AMAZON_EU	Inactive
North America eSIM 5GB 30Days	North America eSIM 5GB 30Days - high speed internet - mobile data 5G compatible	0701HWOA4EU	NORTH-AMERICA-5GB-30D	178.99		2026-07-01 10:17:26 CEST		y	4			11				B0FRBDQ8H5						8721438405794				AMAZON_EU	Inactive
North Macedonia eSIM 5GB 30Days	North Macedonia eSIM 5GB 30Days - high speed internet - mobile data 5G compatible	0701HWT8PVY	NORTH-MACEDONIA-5GB-30D	153.99		2026-07-01 10:25:23 CEST		y	4			11				B0FR9WNHHX						8721438405879				AMAZON_EU	Inactive
Norway eSIM 20GB 30Days	Norway eSIM 20GB 30Days - high speed internet - mobile data 5G compatible	0701HWULZQ4	NORWAY-20GB-30D	166.99		2026-07-01 10:36:55 CEST		y	4			11				B0FRB572L8						8721438405930				AMAZON_EU	Inactive
Oman eSIM 20GB 30Days	Oman eSIM 20GB 30Days - high speed internet - mobile data 5G compatible	0701HWLPD7K	OMAN-20GB-30D	357.99		2026-07-01 10:45:15 CEST		y	4			11				B0FRB4R3FK						8721438405992				AMAZON_EU	Inactive
Pakistan eSIM 20GB 30Days	Pakistan eSIM 20GB 30Days - high speed internet - mobile data 5G compatible	0701HWVFJ1N	PAKISTAN-20GB-30D	242.99		2026-07-01 10:56:24 CEST		y	4			11				B0FRB691X8						8721438406050				AMAZON_EU	Inactive
Panama eSIM 3GB 15Days	Panama eSIM 3GB 15Days - high speed internet - mobile data 5G compatible	0701HWV27WG	PANAMA-3GB-15D	191.99		2026-07-01 11:00:36 CEST		y	4			11				B0FRB3VFW6						8721438406074				AMAZON_EU	Inactive
Peru eSIM 20GB 30Days	Peru eSIM 20GB 30Days - high speed internet - mobile data 5G compatible	0630HTC6A0F	PERU-20GB-30D	460.99		2026-06-30 13:21:00 CEST		y	4			11				B0H6M8BLBD						8721438406128				AMAZON_EU	Inactive
Peru eSIM 3GB 15Days	Peru eSIM 3GB 15Days - high speed internet - mobile data 5G compatible	0630HTFLKGK	PERU-3GB-15D	153.99		2026-06-30 13:17:11 CEST		y	4			11				B0H6M5WW3B						8721438406111				AMAZON_EU	Inactive
Philippines eSIM 20GB 30Days	Philippines eSIM 20GB 30Days - high speed internet - mobile data 5G compatible	0701HWY9BJZ	PHILIPPINES-20GB-30D	255.99		2026-07-01 11:16:57 CEST		y	4			11				B0FRB4K2D4						8721438406173				AMAZON_EU	Inactive
Philippines eSIM 5GB 30Days	Philippines eSIM 5GB 30Days - high speed internet - mobile data 5G compatible	0701HX4FODX	PHILIPPINES-5GB-30D	114.99		2026-07-01 11:13:16 CEST		y	4			11				B0FRB4VCKG						8721438406159				AMAZON_EU	Inactive
Philippines eSIM 20GB 30Days		0327H0RN5AY	PH_20_30	423.15		2026-03-27 11:04:53 CET		y	1			11				B0FRB4K2D4						B0FRB4K2D4				AMAZON_EU	Inactive
Philippines eSIM 5GB 30Days		0327H0MQB3A	PH_5_30	190.04		2026-03-27 10:13:11 CET		y	1			11				B0FRB4VCKG						B0FRB4VCKG				AMAZON_EU	Inactive
Poland eSIM 20GB 30Days		0325HSBB3VO	PL_20_30	229.61		2026-03-25 10:23:38 CET		y	1			11				B0FRB5HSK7						B0FRB5HSK7				AMAZON_EU	Inactive
Poland eSIM 20GB 30Days	Poland eSIM 20GB 30Days - high speed internet - mobile data 5G compatible	0701HXB7DS1	POLAND-20GB-30D	166.99		2026-07-01 11:28:33 CEST		y	4			11				B0FRB5HSK7						8721438406289				AMAZON_EU	Inactive
Portugal eSIM 20GB 30Days	Portugal eSIM 20GB 30Days - high speed internet - mobile data 5G compatible	0701HX5PPJN	PORTUGAL-20GB-30D	166.99		2026-07-01 11:39:45 CEST		y	4			11				B0FRB354KV						8721438406357				AMAZON_EU	Inactive
Portugal eSIM 20GB 30Days		0327H08EGVP	PT_20_30	269.58		2026-03-27 10:18:35 CET		y	1			11				B0FRB354KV						B0FRB354KV				AMAZON_EU	Inactive
Puerto Rico eSIM 3GB 15Days	Puerto Rico eSIM 3GB 15Days - high speed internet - mobile data 5G compatible	0701HX6LKHI	PUERTO-RICO-3GB-15D	140.99		2026-07-01 11:44:26 CEST		y	4			11				B0FRB5MSF1						8721438406388				AMAZON_EU	Inactive
Puerto Rico eSIM 5GB 30Days	Puerto Rico eSIM 5GB 30Days - high speed internet - mobile data 5G compatible	0701HX8F9TM	PUERTO-RICO-5GB-30D	153.99		2026-07-01 11:47:43 CEST		y	4			11				B0FR9WMX9V						8721438406395				AMAZON_EU	Inactive
Qatar eSIM 20GB 30Days	Qatar eSIM 20GB 30Days - high speed internet - mobile data 5G compatible	0701HXBO9FH	QATAR-20GB-30D	345.99		2026-07-01 11:59:18 CEST		y	4			11				B0FR9X3QGM						8721438406449				AMAZON_EU	Inactive
Qatar eSIM 5GB 30Days	Qatar eSIM 5GB 30Days - high speed internet - mobile data 5G compatible	0701HXCCXPO	QATAR-5GB-30D	191.99		2026-07-01 11:56:02 CEST		y	4			11				B0FR9X5KB1						8721438406432				AMAZON_EU	Inactive
Republic of the Congo eSIM 3GB 15Days	Republic of the Congo eSIM 3GB 15Days - high speed internet - mobile data 5G compatible	0630HUBZTJJ	REPUBLIC-OF-THE-CONGO-3GB-15D	242.99		2026-06-30 19:40:49 CEST		y	4			11				B0H6MM6DKT						8721438409471				AMAZON_EU	Inactive
Reunion eSIM 3GB 15Days	Reunion eSIM 3GB 15Days - high speed internet - mobile data 5G compatible	0701HXHFKPB	REUNION-3GB-15D	89.99		2026-07-01 12:03:57 CEST		y	4			11				B0FRB3KCNQ						8721438406470				AMAZON_EU	Inactive
Reunion eSIM 5GB 30Days	Reunion eSIM 5GB 30Days - high speed internet - mobile data 5G compatible	0701HX8RMPG	REUNION-5GB-30D	102.99		2026-07-01 12:07:38 CEST		y	4			11				B0FRB47TQW						8721438406487				AMAZON_EU	Inactive
Romania eSIM 20GB 30Days	Romania eSIM 20GB 30Days - high speed internet - mobile data 5G compatible	0630HUJFJZA	ROMANIA-20GB-30D	166.99		2026-06-30 19:57:03 CEST		y	4			11				B0H6MGRC1F						8721438409525				AMAZON_EU	Inactive
Russia eSIM 20GB 30Days	Russia eSIM 20GB 30Days - high speed internet - mobile data 5G compatible	0630HUMSYLT	RUSSIA-20GB-30D	255.99		2026-06-30 20:06:29 CEST		y	4			11				B0H6MDSLNC						8721438409556				AMAZON_EU	Inactive
Russia eSIM 5GB 30Days	Russia eSIM 5GB 30Days - high speed internet - mobile data 5G compatible	0630HUIE8FJ	RUSSIA-5GB-30D	153.99		2026-06-30 20:03:32 CEST		y	4			11				B0H6MLHHB2						8721438409549				AMAZON_EU	Inactive
Rwanda eSIM 20GB 30Days	Rwanda eSIM 20GB 30Days - high speed internet - mobile data 5G compatible	0630HUJ5UTF	RWANDA-20GB-30D	1073.99		2026-06-30 20:16:26 CEST		y	4			11				B0H6M66BWN						8721438409587				AMAZON_EU	Inactive
Saint Kitts and Nevis eSIM 20GB 30Days	Saint Kitts and Nevis eSIM 20GB 30Days - high speed internet - mobile data 5G compatible	0630HUILJZ6	SAINT-KITTS-AND-NEVIS-20GB-30D	1137.99		2026-06-30 20:35:46 CEST		y	4			11				B0H6MJQSR4						8721438409648				AMAZON_EU	Inactive
Saint Kitts and Nevis eSIM 3GB 15Days	Saint Kitts and Nevis eSIM 3GB 15Days - high speed internet - mobile data 5G compatible	0630HUFJHIE	SAINT-KITTS-AND-NEVIS-3GB-15D	319.99		2026-06-30 20:29:30 CEST		y	4			11				B0H6MDHJ2B						8721438409624				AMAZON_EU	Inactive
Saint Lucia eSIM 20GB 30Days	Saint Lucia eSIM 20GB 30Days - high speed internet - mobile data 5G compatible	0630HUIG8OC	SAINT-LUCIA-20GB-30D	1137.99		2026-06-30 20:44:49 CEST		y	4			11				B0H6MDX8DY						8721438409679				AMAZON_EU	Inactive
Saint Lucia eSIM 5GB 30Days	Saint Lucia eSIM 5GB 30Days - high speed internet - mobile data 5G compatible	0630HUQG1C1	SAINT-LUCIA-5GB-30D	421.99		2026-06-30 20:41:53 CEST		y	4			11				B0H6MGBXNV						8721438409662				AMAZON_EU	Inactive
San Marino eSIM 20GB 30Days	San Marino eSIM 20GB 30Days - high speed internet - mobile data 5G compatible	0630HUM5KPS	SAN-MARINO-20GB-30D	178.99		2026-06-30 21:25:16 CEST		y	4			11				B0H6MDHJFJ						8721438409792				AMAZON_EU	Inactive
Saudi Arabia eSIM 20GB 30Days	Saudi Arabia eSIM 20GB 30Days - high speed internet - mobile data 5G compatible	0701HXKBCCJ	SAUDI-ARABIA-20GB-30D	370.99		2026-07-01 12:18:50 CEST		y	4			11				B0FRB5PZTS						8721438406548				AMAZON_EU	Inactive
Saudi Arabia eSIM 5GB 30Days	Saudi Arabia eSIM 5GB 30Days - high speed internet - mobile data 5G compatible	0701HX95FNE	SAUDI-ARABIA-5GB-30D	153.99		2026-07-01 12:15:10 CEST		y	4			11				B0FRB1SRZY						8721438406524				AMAZON_EU	Inactive
Senegal eSIM 3GB 15Days	Senegal eSIM 3GB 15Days - high speed internet - mobile data 5G compatible	0701HX99BX3	SENEGAL-3GB-15D	178.99		2026-07-01 12:23:04 CEST		y	4			11				B0FRB4HX92						8721438406562				AMAZON_EU	Inactive
Serbia eSIM 20GB 30Days	Serbia eSIM 20GB 30Days - high speed internet - mobile data 5G compatible	0701HXFENE9	SERBIA-20GB-30D	230.99		2026-07-01 12:34:35 CEST		y	4			11				B0FRB5K8JC						8721438406616				AMAZON_EU	Inactive
Seychelles eSIM 3GB 15Days	Seychelles eSIM 3GB 15Days - high speed internet - mobile data 5G compatible	0701HXLYWSQ	SEYCHELLES-3GB-15D	191.99		2026-07-01 12:38:49 CEST		y	4			11				B0FRB55T3H						8721438406630				AMAZON_EU	Inactive
Seychelles eSIM 5GB 30Days	Seychelles eSIM 5GB 30Days - high speed internet - mobile data 5G compatible	0701HX9PWCL	SEYCHELLES-5GB-30D	306.99		2026-07-01 12:42:33 CEST		y	4			11				B0FR9P7N6M						8721438406647				AMAZON_EU	Inactive
Singapore eSIM 20GB 30Days		0327H0O1R8U	SG_20_30	242.88		2026-03-27 11:04:26 CET		y	1			11				B0FRB256K8						B0FRB256K8				AMAZON_EU	Inactive
Singapore eSIM 3 GB 30 dagar | Betala när du går data SIM | Enkel installation | Travel SIM för turister och företag | 3G/4G/5G-hastigheter		0327H0GEKHN	SG_3_30	136.5		2026-03-27 09:32:29 CET		y	1			11				B0FRB3KY59						B0FRB3KY59				AMAZON_EU	Inactive
Sierra Leone eSIM 3GB 15Days	Sierra Leone eSIM 3GB 15Days - high speed internet - mobile data 5G compatible	0630HUR15N1	SIERRA-LEONE-3GB-15D	293.99		2026-06-30 21:29:34 CEST		y	4			11				B0H6MHPWKP						8721438409808				AMAZON_EU	Inactive
Singapore eSIM 20GB 30Days	Singapore eSIM 20GB 30Days - high speed internet - mobile data 5G compatible	0701HXM4EP6	SINGAPORE-20GB-30D	166.99		2026-07-01 12:50:30 CEST		y	4			11				B0FRB256K8						8721438406692				AMAZON_EU	Inactive
Slovakia eSIM 20GB 30Days	Slovakia eSIM 20GB 30Days - high speed internet - mobile data 5G compatible	0701HXP9F60	SLOVAKIA-20GB-30D	166.99		2026-07-01 13:01:40 CEST		y	4			11				B0FRB14YYC						8721438406807				AMAZON_EU	Inactive
Senegal eSIM 3GB 15Days		0325HS79BDZ	SN_3_15	370.68		2026-03-25 10:14:18 CET		y	1			11				B0FRB4HX92						B0FRB4HX92				AMAZON_EU	Inactive
South America eSIM 5GB 30Days	South America eSIM 5GB 30Days - high speed internet - mobile data 5G compatible	0701HXR0E2T	SOUTH-AMERICA-5GB-30D	230.99		2026-07-01 13:21:42 CEST		y	4			11				B0FRB8D7HC						8721438406968				AMAZON_EU	Inactive
South Korea eSIM 20GB 30Days	South Korea eSIM 20GB 30Days - high speed internet - mobile data 5G compatible	0701HXDPIP4	SOUTH-KOREA-20GB-30D	166.99		2026-07-01 13:33:47 CEST		y	4			11				B0FRC4P51Z						8721438407019				AMAZON_EU	Inactive
South Korea eSIM 5GB 30Days	South Korea eSIM 5GB 30Days - high speed internet - mobile data 5G compatible	0701HXO5LLV	SOUTH-KOREA-5GB-30D	102.99		2026-07-01 13:29:43 CEST		y	4			11				B0FRD9LC4C						8721438406999				AMAZON_EU	Inactive
Spain eSIM 20GB 30Days	Spain eSIM 20GB 30Days - high speed internet - mobile data 5G compatible	0701HXPPTKJ	SPAIN-20GB-30D	166.99		2026-07-01 13:45:27 CEST		y	4			11				B0FRCMPGPL						8721438407132				AMAZON_EU	Inactive
Sri Lanka eSIM 20GB 30Days	Sri Lanka eSIM 20GB 30Days - high speed internet - mobile data 5G compatible	0701HXPTYXN	SRI-LANKA-20GB-30D	306.99		2026-07-01 13:56:41 CEST		y	4			11				B0FRC2DZN5						8721438407231				AMAZON_EU	Inactive
Suriname eSIM 20GB 30Days	Suriname eSIM 20GB 30Days - high speed internet - mobile data 5G compatible	0630HUNXQC5	SURINAME-20GB-30D	818.99		2026-06-30 21:44:56 CEST		y	4			11				B0H6MNKY5H						8721438409853				AMAZON_EU	Inactive
Suriname eSIM 5GB 30Days	Suriname eSIM 5GB 30Days - high speed internet - mobile data 5G compatible	0630HUOQ54A	SURINAME-5GB-30D	357.99		2026-06-30 21:41:40 CEST		y	4			11				B0H6MNS3N5						8721438409846				AMAZON_EU	Inactive
Saint Vincent and the Grenadines eSIM 20GB 30Days	Saint Vincent and the Grenadines eSIM 20GB 30Days - high speed internet - mobile data 5G compatible	0630HUO45Z7	SVG-20GB-30D	1380.99		2026-06-30 21:05:01 CEST		y	4			11				B0H6MWF5B5						8721438409730				AMAZON_EU	Inactive
Sweden eSIM 20GB 30Days	Sweden eSIM 20GB 30Days - high speed internet - mobile data 5G compatible	0701HXQ92E8	SWEDEN-20GB-30D	166.99		2026-07-01 14:16:19 CEST		y	4			11				B0FRB7X5SP						8721438407408				AMAZON_EU	Inactive
Sweden eSIM 5GB 30Days	Sweden eSIM 5GB 30Days - high speed internet - mobile data 5G compatible	0701HXUL2V4	SWEDEN-5GB-30D	102.99		2026-07-01 14:12:14 CEST		y	4			11				B0FRCS524D						8721438407385				AMAZON_EU	Inactive
Switzerland eSIM 20GB 30Days	Switzerland eSIM 20GB 30Days - high speed internet - mobile data 5G compatible	0701HXX1LJF	SWITZERLAND-20GB-30D	166.99		2026-07-01 14:28:01 CEST		y	4			11				B0FRB6VY7S						8721438407460				AMAZON_EU	Inactive
Tajikistan eSIM 20GB 30Days	Tajikistan eSIM 20GB 30Days - high speed internet - mobile data 5G compatible	0630HUSMUVC	TAJIKISTAN-20GB-30D	460.99		2026-06-30 21:55:00 CEST		y	4			11				B0H6M85C77						8721438409884				AMAZON_EU	Inactive
Tajikistan eSIM 3GB 15Days	Tajikistan eSIM 3GB 15Days - high speed internet - mobile data 5G compatible	0630HUR3KQZ	TAJIKISTAN-3GB-15D	166.99		2026-06-30 21:48:34 CEST		y	4			11				B0H6M7XFN6						8721438409860				AMAZON_EU	Inactive
Tajikistan eSIM 5GB 30Days	Tajikistan eSIM 5GB 30Days - high speed internet - mobile data 5G compatible	0630HUSBBF9	TAJIKISTAN-5GB-30D	178.99		2026-06-30 21:52:05 CEST		y	4			11				B0H6MFYMXZ						8721438409877				AMAZON_EU	Inactive
Tanzania eSIM 3GB 15Days	Tanzania eSIM 3GB 15Days - high speed internet - mobile data 5G compatible	0701HXXSC9A	TANZANIA-3GB-15D	178.99		2026-07-01 14:31:50 CEST		y	4			11				B0FRC81NPJ						8721438407491				AMAZON_EU	Inactive
Thailand eSIM 20GB 30Days	Thailand eSIM 20GB 30Days - high speed internet - mobile data 5G compatible	0701HXYEAY5	THAILAND-20GB-30D	166.99		2026-07-01 14:43:31 CEST		y	4			11				B0FRCHW3MW						8721438407552				AMAZON_EU	Inactive
Thailand eSIM 20GB 30Days		0325HS1OMJ6	TH_20_30	186.25		2026-03-25 09:21:15 CET		y	1			11				B0FRCHW3MW						B0FRCHW3MW				AMAZON_EU	Inactive
Tunisien eSIM 10 GB 30 dagar | Förbetald resa eSIM | Betala när du går digitalt SIM | Enkel installation | Data SIM för turister och företag | 3G/4G-hastigheter		0325HT5NRYQ	TN_10_30	257.81		2026-03-25 15:21:03 CET		y	1			11				B0FRB85GLD						B0FRB85GLD				AMAZON_EU	Inactive
Tunisien eSIM 3 GB 30 dagar | Förbetalda resor eSIM | Betala när du går digitalt SIM | Enkel installation | Data SIM för turister och företag | 3G/4G-hastigheter		0325HSH58C5	TN_3_30	127.66		2026-03-25 11:53:29 CET		y	1			11				B0FRCKZKVY						B0FRCKZKVY				AMAZON_EU	Inactive
Tunisia eSIM 5GB 30Days		0325HSDKRI4	TN_5_30	171.96		2026-03-25 10:21:16 CET		y	1			11				B0FRB7Q96Z						B0FRB7Q96Z				AMAZON_EU	Inactive
Trinidad and Tobago eSIM 3GB 15Days	Trinidad and Tobago eSIM 3GB 15Days - high speed internet - mobile data 5G compatible	0630HUROZJA	TRINIDAD-AND-TOBAGO-3GB-15D	242.99		2026-06-30 21:58:38 CEST		y	4			11				B0H6MJTHXK						8721438409891				AMAZON_EU	Inactive
Trinidad and Tobago eSIM 5GB 30Days	Trinidad and Tobago eSIM 5GB 30Days - high speed internet - mobile data 5G compatible	0630HUQUCXN	TRINIDAD-AND-TOBAGO-5GB-30D	370.99		2026-06-30 22:01:58 CEST		y	4			11				B0H6MJTHY9						8721438409907				AMAZON_EU	Inactive
Tunisia eSIM 5GB 30Days	Tunisia eSIM 5GB 30Days - high speed internet - mobile data 5G compatible	0701HXXYQQK	TUNISIA-5GB-30D	127.99		2026-07-01 14:47:43 CEST		y	4			11				B0FRB7Q96Z						8721438407644				AMAZON_EU	Inactive
Turkey eSIM 20GB 30Days	Turkey eSIM 20GB 30Days - high speed internet - mobile data 5G compatible	0701HXZKH9Z	TURKEY-20GB-30D	191.99		2026-07-01 14:59:47 CEST		y	4			11				B0FRCYMWCX						8721438407729				AMAZON_EU	Inactive
Turks and Caicos Islands eSIM 20GB 30Days	Turks and Caicos Islands eSIM 20GB 30Days - high speed internet - mobile data 5G compatible	0630HUT6FC4	TURKS-AND-CAICOS-ISLANDS-20GB-30D	997.99		2026-06-30 22:15:00 CEST		y	4			11				B0H6MLBGX7						8721438409945				AMAZON_EU	Inactive
Turks and Caicos Islands eSIM 3GB 15Days	Turks and Caicos Islands eSIM 3GB 15Days - high speed internet - mobile data 5G compatible	0630HUS7WXW	TURKS-AND-CAICOS-ISLANDS-3GB-15D	255.99		2026-06-30 22:08:43 CEST		y	4			11				B0H6MNNXGL						8721438409921				AMAZON_EU	Inactive
Uganda eSIM 3GB 15Days	Uganda eSIM 3GB 15Days - high speed internet - mobile data 5G compatible	0701HXXRIKM	UGANDA-3GB-15D	204.99		2026-07-01 15:03:13 CEST		y	4			11				B0FRB7F7Z9						8721438407798				AMAZON_EU	Inactive
Ukraine eSIM 5GB 30Days	Ukraine eSIM 5GB 30Days - high speed internet - mobile data 5G compatible	0701HY9KB2X	UKRAINE-5GB-30D	102.99		2026-07-01 15:11:38 CEST		y	4			11				B0FRC2NRKG						8721438407835				AMAZON_EU	Inactive
Uruguay eSIM 3GB 15Days	Uruguay eSIM 3GB 15Days - high speed internet - mobile data 5G compatible	0701HY3MWOL	URUGUAY-3GB-15D	191.99		2026-07-01 15:47:02 CEST		y	4			11				B0FRB7LHGN						8721438408191				AMAZON_EU	Inactive
USA eSIM 20 GB 90 dagar | Betala när du går data SIM | Enkel installation | USA rese-SIM för turister och företag | 3G/4G-hastigheter		0325HSJDDS8	US_20_90	311.85		2026-03-25 11:29:39 CET		y	1			11				B0FRB9JP2K						B0FRB9JP2K				AMAZON_EU	Inactive
Vatican City eSIM 20GB 30Days	Vatican City eSIM 20GB 30Days - high speed internet - mobile data 5G compatible	0630HUTLC5C	VATICAN-CITY-20GB-30D	165.99		2026-06-30 22:24:55 CEST		y	4			11				B0H6MDPLZ9						8721438409976				AMAZON_EU	Inactive
Vietnam eSIM 20GB 30Days	Vietnam eSIM 20GB 30Days - high speed internet - mobile data 5G compatible	0701HY1D3A2	VIETNAM-20GB-30D	242.99		2026-07-01 16:02:28 CEST		y	4			11				B0FRC2NKC4						8721438408283				AMAZON_EU	Inactive
Vietnam eSIM 3GB 15Days	Vietnam eSIM 3GB 15Days - high speed internet - mobile data 5G compatible	0701HYAR3YQ	VIETNAM-3GB-15D	89.99		2026-07-01 15:55:05 CEST		y	4			11				B0FRBR2DHW						8721438408252				AMAZON_EU	Inactive
Zambia eSIM 5GB 30Days	Zambia eSIM 5GB 30Days - high speed internet - mobile data 5G compatible	0701HYB09J5	ZAMBIA-5GB-30D	306.99		2026-07-01 16:10:48 CEST		y	4			11				B0FRCL97L4						8721438408351				AMAZON_EU	Inactive
Sydafrika eSIM 10 GB 30 dagar | Förbetalda resor eSIM | Betala när du går digitalt SIM | Enkel installation | Data SIM för turister och företag | 3G/4G-hastigheter		0325HSFGT1I	ZA_10_30	356.5		2026-03-25 10:49:38 CET		y	1			11				B0FRB4RSW2						B0FRB4RSW2				AMAZON_EU	Inactive
Aaland Islands eSIM 3GB 15Days	Aaland Islands eSIM 3GB 15Days - high speed internet - mobile data 5G compatible	0630HUU4PI4	AALAND-ISLANDS-ESIM		0	2026-06-30 22:38:06 CEST		y	1			11				B0H739GR1G						B0H739GR1G			0	DEFAULT	Incomplete
Förenade Arabemiraten eSIM 5 GB 30 dagar | Betala när du går data SIM | Enkel installation | Rese-SIM för turister och företag | 3G/4G-hastigheter		0325HR3OT0I	AE_5_30			2026-03-25 06:05:51 CET		y	1			11				B0FRB89XHX						B0FRB89XHX				AMAZON_EU	Incomplete
Africa eSIM 5GB 30Days	Africa eSIM 5GB 30Days - high speed internet - mobile data 5G compatible	0630HUURC1Q	AFRICA-ESIM		0	2026-06-30 22:48:10 CEST		y	1			11				B0H72WCJQB						B0H72WCJQB			0	DEFAULT	Incomplete
Albania eSIM 5GB 30Days	Albania eSIM 5GB 30Days - high speed internet - mobile data 5G compatible	0630HUVIJ70	ALBANIA-ESIM		0	2026-06-30 22:51:51 CEST		y	1			11				B0H73CD1NR						B0H73CD1NR			0	DEFAULT	Incomplete
Algeria eSIM 20GB 30Days	Algeria eSIM 20GB 30Days - high speed internet - mobile data 5G compatible	0630HTIM0BS	ALGERIA-ESIM		0	2026-06-30 13:24:48 CEST		y	1			11				B0H71N4C23						B0H71N4C23			0	DEFAULT	Incomplete
Andorra eSIM 3GB 15Days	Andorra eSIM 3GB 15Days - high speed internet - mobile data 5G compatible	0630HTQJKKS	ANDORRA-ESIM		0	2026-06-30 13:36:41 CEST		y	1			11				B0H71ZQX6L						B0H71ZQX6L			0	DEFAULT	Incomplete
Angola eSIM 3GB 15Days	Angola eSIM 3GB 15Days - high speed internet - mobile data 5G compatible	0630HTOH9UJ	ANGOLA-ESIM		0	2026-06-30 13:47:31 CEST		y	1			11				B0H71T93GY						B0H71T93GY			0	DEFAULT	Incomplete
Anguilla eSIM 3GB 15Days	Anguilla eSIM 3GB 15Days - high speed internet - mobile data 5G compatible	0630HTS0S7S	ANGUILLA-ESIM		0	2026-06-30 14:30:41 CEST		y	1			11				B0H71YLV2C						B0H71YLV2C			0	DEFAULT	Incomplete
Antigua and Barbuda eSIM 20GB 30Days	Antigua and Barbuda eSIM 20GB 30Days - high speed internet - mobile data 5G compatible	0630HTDIN4B	ANTIGUA-AND-BARBUDA-ESIM		0	2026-06-30 14:33:11 CEST		y	1			11				B0H722PSWK						B0H722PSWK			0	DEFAULT	Incomplete
Argentina eSIM 3GB 15Days	Argentina eSIM 3GB 15Days - high speed internet - mobile data 5G compatible	0630HUZAX3E	ARGENTINA-ESIM		0	2026-06-30 22:55:43 CEST		y	1			11				B0H73TC1B3						B0H73TC1B3			0	DEFAULT	Incomplete
Armenia eSIM 20GB 30Days	Armenia eSIM 20GB 30Days - high speed internet - mobile data 5G compatible	0630HUUP8SF	ARMENIA-ESIM		0	2026-06-30 23:02:31 CEST		y	1			11				B0H7395QN9						B0H7395QN9			0	DEFAULT	Incomplete
Asia-20 eSIM 3GB 15Days	Asia-20 eSIM 3GB 15Days - high speed internet - mobile data 5G compatible	0630HUW3KIT	ASIA-20-ESIM		0	2026-06-30 23:09:30 CEST		y	1			11				B0H73W4Z38						B0H73W4Z38			0	DEFAULT	Incomplete
Australia eSIM 20GB 30Days	Australia eSIM 20GB 30Days - high speed internet - mobile data 5G compatible	0630HUVO3VA	AUSTRALIA-ESIM		0	2026-06-30 23:17:26 CEST		y	1			11				B0H72XDV67						B0H72XDV67			0	DEFAULT	Incomplete
Austria eSIM 20GB 30Days	Austria eSIM 20GB 30Days - high speed internet - mobile data 5G compatible	0630HV2X2XR	AUSTRIA-ESIM		0	2026-06-30 23:28:18 CEST		y	1			11				B0H72WHMK8						B0H72WHMK8			0	DEFAULT	Incomplete
Azerbaijan eSIM 3GB 15Days	Azerbaijan eSIM 3GB 15Days - high speed internet - mobile data 5G compatible	0630HV03N2X	AZERBAIJAN-ESIM		0	2026-06-30 23:38:25 CEST		y	1			11				B0H7393W1F						B0H7393W1F			0	DEFAULT	Incomplete
Bahamas eSIM 3GB 15Days	Bahamas eSIM 3GB 15Days - high speed internet - mobile data 5G compatible	0630HTSO102	BAHAMAS-ESIM		0	2026-06-30 14:43:28 CEST		y	1			11				B0H72HLZ5V						B0H72HLZ5V			0	DEFAULT	Incomplete
Bahrain eSIM 3GB 15Days	Bahrain eSIM 3GB 15Days - high speed internet - mobile data 5G compatible	0630HV35RA8	BAHRAIN-ESIM		0	2026-06-30 23:42:18 CEST		y	1			11				B0H73BT1P3						B0H73BT1P3			0	DEFAULT	Incomplete
Bangladesh eSIM 5GB 30Days	Bangladesh eSIM 5GB 30Days - high speed internet - mobile data 5G compatible	0630HV1PPI8	BANGLADESH-ESIM		0	2026-06-30 23:46:10 CEST		y	1			11				B0H73W59SG						B0H73W59SG			0	DEFAULT	Incomplete
Barbados eSIM 5GB 30Days	Barbados eSIM 5GB 30Days - high speed internet - mobile data 5G compatible	0630HTGSADM	BARBADOS-ESIM		0	2026-06-30 14:53:55 CEST		y	1			11				B0H71YQ8CD						B0H71YQ8CD			0	DEFAULT	Incomplete
Belarus eSIM 5GB 30Days	Belarus eSIM 5GB 30Days - high speed internet - mobile data 5G compatible	0630HV05Y1S	BELARUS-ESIM		0	2026-06-30 23:55:24 CEST		y	1			11				B0H73JH15K						B0H73JH15K			0	DEFAULT	Incomplete
Belgium eSIM 20GB 30Days	Belgium eSIM 20GB 30Days - high speed internet - mobile data 5G compatible	0630HV07BMN	BELGIUM-ESIM		0	2026-07-01 00:02:25 CEST		y	1			11				B0H72WMDP9						B0H72WMDP9			0	DEFAULT	Incomplete
Belize eSIM 3GB 15Days	Belize eSIM 3GB 15Days - high speed internet - mobile data 5G compatible	0630HTQ16MC	BELIZE-ESIM		0	2026-06-30 15:04:02 CEST		y	1			11				B0H72HS9GC						B0H72HS9GC			0	DEFAULT	Incomplete
Benin eSIM 5GB 30Days	Benin eSIM 5GB 30Days - high speed internet - mobile data 5G compatible	0630HTSR79B	BENIN-ESIM		0	2026-06-30 15:14:19 CEST		y	1			11				B0H725Y6CT						B0H725Y6CT			0	DEFAULT	Incomplete
Bermuda eSIM 3GB 15Days	Bermuda eSIM 3GB 15Days - high speed internet - mobile data 5G compatible	0630HTZ201P	BERMUDA-ESIM		0	2026-06-30 15:24:20 CEST		y	1			11				B0H727TYJF						B0H727TYJF			0	DEFAULT	Incomplete
Bhutan eSIM 3GB 15Days	Bhutan eSIM 3GB 15Days - high speed internet - mobile data 5G compatible	0630HTW3FRI	BHUTAN-ESIM		0	2026-06-30 15:35:17 CEST		y	1			11				B0H7278KFD						B0H7278KFD			0	DEFAULT	Incomplete
Bolivia eSIM 20GB 30Days	Bolivia eSIM 20GB 30Days - high speed internet - mobile data 5G compatible	0630HV359YR	BOLIVIA-ESIM		0	2026-07-01 00:13:27 CEST		y	1			11				B0H73CWTHM						B0H73CWTHM			0	DEFAULT	Incomplete
Bosnia and Herzegovina eSIM 3GB 15Days	Bosnia and Herzegovina eSIM 3GB 15Days - high speed internet - mobile data 5G compatible	0630HV82C1P	BOSNIA-AND-HERZEGOVINA-ESIM		0	2026-07-01 00:19:45 CEST		y	1			11				B0H73DMFWF						B0H73DMFWF			0	DEFAULT	Incomplete
Botswana eSIM 3GB 15Days	Botswana eSIM 3GB 15Days - high speed internet - mobile data 5G compatible	0630HUWXGTI	BOTSWANA-ESIM		0	2026-07-01 00:23:15 CEST		y	1			11				B0H72WKV8K						B0H72WKV8K			0	DEFAULT	Incomplete
Brazil eSIM 3GB 15Days	Brazil eSIM 3GB 15Days - high speed internet - mobile data 5G compatible	0630HV0D203	BRAZIL-ESIM		0	2026-07-01 00:26:46 CEST		y	1			11				B0H737RQLR						B0H737RQLR			0	DEFAULT	Incomplete
Brunei Darussalam eSIM 20GB 30Days	Brunei Darussalam eSIM 20GB 30Days - high speed internet - mobile data 5G compatible	0630HV0FJN7	BRUNEI-DARUSSALAM-ESIM		0	2026-07-01 00:32:53 CEST		y	1			11				B0H73B18L4						B0H73B18L4			0	DEFAULT	Incomplete
Bulgaria eSIM 3GB 15Days	Bulgaria eSIM 3GB 15Days - high speed internet - mobile data 5G compatible	0630HTL8R0P	BULGARIA-ESIM		0	2026-06-30 13:12:55 CEST		y	1			11				B0H71RT3KH						B0H71RT3KH			0	DEFAULT	Incomplete
Burkina Faso eSIM 5GB 30Days	Burkina Faso eSIM 5GB 30Days - high speed internet - mobile data 5G compatible	0630HV6DTRA	BURKINA-FASO-ESIM		0	2026-07-01 00:39:00 CEST		y	1			11				B0H73B9G2Z						B0H73B9G2Z			0	DEFAULT	Incomplete
Cambodia eSIM 3GB 15Days	Cambodia eSIM 3GB 15Days - high speed internet - mobile data 5G compatible	0630HV9RDTV	CAMBODIA-ESIM		0	2026-07-01 01:21:58 CEST		y	1			11				B0H735SMR9						B0H735SMR9			0	DEFAULT	Incomplete
Cameroon eSIM 3GB 15Days	Cameroon eSIM 3GB 15Days - high speed internet - mobile data 5G compatible	0630HUX6EYS	CAMEROON-ESIM		0	2026-07-01 00:45:36 CEST		y	1			11				B0H73F5QMZ						B0H73F5QMZ			0	DEFAULT	Incomplete
Canada eSIM 3GB 15Days Premium	Canada eSIM 3GB 15Days Premium - high speed internet - mobile data 5G compatible	0630HUUOVD7	CANADA-PREMIUM-ESIM		0	2026-06-30 22:28:21 CEST		y	1			11				B0H73MCSHS						B0H73MCSHS			0	DEFAULT	Incomplete
Cape Verde eSIM 3GB 15Days	Cape Verde eSIM 3GB 15Days - high speed internet - mobile data 5G compatible	0630HTY31IP	CAPE-VERDE-ESIM		0	2026-06-30 15:46:05 CEST		y	1			11				B0H7287RJH						B0H7287RJH			0	DEFAULT	Incomplete
Cayman Islands eSIM 20GB 30Days	Cayman Islands eSIM 20GB 30Days - high speed internet - mobile data 5G compatible	0630HTZ3A5J	CAYMAN-ISLANDS-ESIM		0	2026-06-30 15:56:33 CEST		y	1			11				B0H725W378						B0H725W378			0	DEFAULT	Incomplete
Central African Republic eSIM 3GB 15Days	Central African Republic eSIM 3GB 15Days - high speed internet - mobile data 5G compatible	0630HV8MP1V	CENTRAL-AFRICAN-REPUBLIC-ESIM		0	2026-07-01 00:49:37 CEST		y	1			11				B0H73J6K3D						B0H73J6K3D			0	DEFAULT	Incomplete
Chad eSIM 3GB 15Days	Chad eSIM 3GB 15Days - high speed internet - mobile data 5G compatible	0630HV9LMZZ	CHAD-ESIM		0	2026-07-01 00:55:53 CEST		y	1			11				B0H72VW6TK						B0H72VW6TK			0	DEFAULT	Incomplete
Chile eSIM 3GB 15Days	Chile eSIM 3GB 15Days - high speed internet - mobile data 5G compatible	0630HV0NXRE	CHILE-ESIM		0	2026-07-01 01:02:41 CEST		y	1			11				B0H739N8F8						B0H739N8F8			0	DEFAULT	Incomplete
China eSIM 20GB 30Days	China eSIM 20GB 30Days - high speed internet - mobile data 5G compatible	0630HV1WYXL	CHINA-ESIM		0	2026-07-01 01:06:56 CEST		y	1			11				B0H73HDJPF						B0H73HDJPF			0	DEFAULT	Incomplete
Switzerland eSIM 20GB 30Days		0325HR5KGNT	CH_20_30			2026-03-25 06:10:17 CET		y	1			11				B0FRB6VY7S						B0FRB6VY7S				AMAZON_EU	Incomplete
Switzerland eSIM 5GB 30Days		0325HRAS44U	CH_5_30			2026-03-25 06:13:54 CET		y	1			11				B0FRB7G4VW						B0FRB7G4VW				AMAZON_EU	Incomplete
Colombia eSIM 3GB 15Days	Colombia eSIM 3GB 15Days - high speed internet - mobile data 5G compatible	0630HV0PUCC	COLOMBIA-ESIM		0	2026-07-01 01:18:17 CEST		y	1			11				B0H734BHBP						B0H734BHBP			0	DEFAULT	Incomplete
Costa Rica eSIM 3GB 15Days	Costa Rica eSIM 3GB 15Days - high speed internet - mobile data 5G compatible	0630HUXHAG3	COSTA-RICA-ESIM		0	2026-07-01 01:28:46 CEST		y	1			11				B0H7385XWF						B0H7385XWF			0	DEFAULT	Incomplete
Cote d'Ivoire eSIM 3GB 15Days	Cote d'Ivoire eSIM 3GB 15Days - high speed internet - mobile data 5G compatible	0630HV5TCMG	COTE-D-IVOIRE-ESIM		0	2026-07-01 01:32:27 CEST		y	1			11				B0H739ZNWX						B0H739ZNWX			0	DEFAULT	Incomplete
Croatia eSIM 3GB 15Days	Croatia eSIM 3GB 15Days - high speed internet - mobile data 5G compatible	0630HVCAXLB	CROATIA-ESIM		0	2026-07-01 01:40:07 CEST		y	1			11				B0H739M252						B0H739M252			0	DEFAULT	Incomplete
Curacao eSIM 20GB 30Days	Curacao eSIM 20GB 30Days - high speed internet - mobile data 5G compatible	0630HTTEH3B	CURACAO-ESIM		0	2026-06-30 16:07:00 CEST		y	1			11				B0H72DBLHD						B0H72DBLHD			0	DEFAULT	Incomplete
Cyprus eSIM 3GB 15Days	Cyprus eSIM 3GB 15Days - high speed internet - mobile data 5G compatible	0630HV0YHCX	CYPRUS-ESIM		0	2026-07-01 01:48:49 CEST		y	1			11				B0H73FY7N1						B0H73FY7N1			0	DEFAULT	Incomplete
Czech Republic eSIM 3GB 15Days	Czech Republic eSIM 3GB 15Days - high speed internet - mobile data 5G compatible	0630HVEDH7Y	CZECH-REPUBLIC-ESIM		0	2026-07-01 01:55:57 CEST		y	1			11				B0H73K42ZS						B0H73K42ZS			0	DEFAULT	Incomplete
Democratic Republic of the Congo eSIM 5GB 30Days	Democratic Republic of the Congo eSIM 5GB 30Days - high speed internet - mobile data 5G compatible	0630HTZI5P9	DEMOCRATIC-REPUBLIC-OF-THE-CONGO-ESIM		0	2026-06-30 16:17:07 CEST		y	1			11				B0H728F9YR						B0H728F9YR			0	DEFAULT	Incomplete
Denmark eSIM 3GB 15Days	Denmark eSIM 3GB 15Days - high speed internet - mobile data 5G compatible	0701HUXXN52	DENMARK-ESIM		0	2026-07-01 02:05:42 CEST		y	1			11				B0H73HRSR9						B0H73HRSR9			0	DEFAULT	Incomplete
Dominica eSIM 5GB 30Days	Dominica eSIM 5GB 30Days - high speed internet - mobile data 5G compatible	0630HU29W2U	DOMINICA-ESIM		0	2026-06-30 16:27:49 CEST		y	1			11				B0H72DYW55						B0H72DYW55			0	DEFAULT	Incomplete
Dominican Republic eSIM 3GB 15Days	Dominican Republic eSIM 3GB 15Days - high speed internet - mobile data 5G compatible	0701HVBQ58U	DOMINICAN-REPUBLIC-ESIM		0	2026-07-01 02:15:15 CEST		y	1			11				B0H73HNZNY						B0H73HNZNY			0	DEFAULT	Incomplete
Democratic Republic of the Congo eSIM 20GB 30Days	Democratic Republic of the Congo eSIM 20GB 30Days - high speed internet - mobile data 5G compatible	0630HU0MDGX	DR-CONGO-ESIM		0	2026-06-30 16:24:07 CEST		y	1			11				B0H727P678						B0H727P678			0	DEFAULT	Incomplete
Ecuador eSIM 3GB 15Days	Ecuador eSIM 3GB 15Days - high speed internet - mobile data 5G compatible	0701HV97BG6	ECUADOR-ESIM		0	2026-07-01 02:24:17 CEST		y	1			11				B0H73FWDC9						B0H73FWDC9			0	DEFAULT	Incomplete
Egypt eSIM 5GB 30Days	Egypt eSIM 5GB 30Days - high speed internet - mobile data 5G compatible	0701HV8OYXT	EGYPT-ESIM		0	2026-07-01 02:28:31 CEST		y	1			11				B0H72WWYPB						B0H72WWYPB			0	DEFAULT	Incomplete
El Salvador eSIM 3GB 15Days	El Salvador eSIM 3GB 15Days - high speed internet - mobile data 5G compatible	0701HV18YRQ	EL-SALVADOR-ESIM		0	2026-07-01 02:37:57 CEST		y	1			11				B0H73RQNGH						B0H73RQNGH			0	DEFAULT	Incomplete
Estonia eSIM 3GB 15Days	Estonia eSIM 3GB 15Days - high speed internet - mobile data 5G compatible	0701HVBJSUS	ESTONIA-ESIM		0	2026-07-01 02:41:39 CEST		y	1			11				B0H73LSCLC						B0H73LSCLC			0	DEFAULT	Incomplete
Europe(40+ areas) eSIM 5GB 30Days	Europe(40+ areas) eSIM 5GB 30Days - high speed internet - mobile data 5G compatible	0701HVA7LPK	EUROPE-40-AREAS-ESIM		0	2026-07-01 02:50:22 CEST		y	1			11				B0H73JLWMF						B0H73JLWMF			0	DEFAULT	Incomplete
Faroe Islands eSIM 5GB 30Days	Faroe Islands eSIM 5GB 30Days - high speed internet - mobile data 5G compatible	0630HU11J4E	FAROE-ISLANDS-ESIM		0	2026-06-30 16:37:35 CEST		y	1			11				B0H72NK2FX						B0H72NK2FX			0	DEFAULT	Incomplete
Fiji eSIM 3GB 15Days	Fiji eSIM 3GB 15Days - high speed internet - mobile data 5G compatible	0630HU1MPIV	FIJI-ESIM		0	2026-06-30 16:47:11 CEST		y	1			11				B0H72CLP1H						B0H72CLP1H			0	DEFAULT	Incomplete
Finland eSIM 3GB 15Days	Finland eSIM 3GB 15Days - high speed internet - mobile data 5G compatible	0701HVBSQ1E	FINLAND-ESIM		0	2026-07-01 02:56:59 CEST		y	1			11				B0H73GLCFL						B0H73GLCFL			0	DEFAULT	Incomplete
France eSIM 20GB 30Days	France eSIM 20GB 30Days - high speed internet - mobile data 5G compatible	0701HVAL327	FRANCE-ESIM		0	2026-07-01 03:04:21 CEST		y	1			11				B0H738RJGX						B0H738RJGX			0	DEFAULT	Incomplete
French Guiana eSIM 20GB 30Days	French Guiana eSIM 20GB 30Days - high speed internet - mobile data 5G compatible	0630HU0FNQD	FRENCH-GUIANA-ESIM		0	2026-06-30 16:56:17 CEST		y	1			11				B0H72627QN						B0H72627QN			0	DEFAULT	Incomplete
French Polynesia eSIM 3GB 15Days	French Polynesia eSIM 3GB 15Days - high speed internet - mobile data 5G compatible	0630HU3M5KQ	FRENCH-POLYNESIA-ESIM		0	2026-06-30 17:05:42 CEST		y	1			11				B0H728SYQG						B0H728SYQG			0	DEFAULT	Incomplete
Gabon eSIM 3GB 15Days	Gabon eSIM 3GB 15Days - high speed internet - mobile data 5G compatible	0701HVEE9MO	GABON-ESIM		0	2026-07-01 03:15:13 CEST		y	1			11				B0H738BFKF						B0H738BFKF			0	DEFAULT	Incomplete
Gambia eSIM 3GB 15Days	Gambia eSIM 3GB 15Days - high speed internet - mobile data 5G compatible	0701HY1RAEC	GAMBIA-ESIM		0	2026-07-01 16:14:33 CEST		y	1			11				B0H763DG9B						B0H763DG9B			0	DEFAULT	Incomplete
Storbritannien eSIM 20 GB 30 dagar | Betala när du går data SIM | Enkel installation | UK rese-SIM för turister och företag | 3G/4G-hastigheter		0325HR8X3UH	GB_20_30			2026-03-25 06:05:28 CET		y	1			11				B0FRDGCBTN						B0FRDGCBTN				AMAZON_EU	Incomplete
Storbritannien eSIM 3 GB 15 dagar | Betala när du går data SIM | Enkel installation | UK rese-SIM för turister och företag | 3G/4G/5G-hastigheter		0325HR97AG3	GB_3_15			2026-03-25 06:12:44 CET		y	1			11				B0FRCPD8TS						B0FRCPD8TS				AMAZON_EU	Incomplete
Storbritannien eSIM 5 GB 30 dagar | Betala när du går data SIM | Enkel installation | UK rese-SIM för turister och företag | 3G/4G-hastigheter		0325HR452FO	GB_5_30			2026-03-25 06:17:23 CET		y	1			11				B0FRDDRGJF						B0FRDDRGJF				AMAZON_EU	Incomplete
Georgia eSIM 3GB 15Days	Georgia eSIM 3GB 15Days - high speed internet - mobile data 5G compatible	0701HVD62WR	GEORGIA-ESIM		0	2026-07-01 03:18:54 CEST		y	1			11				B0H737LVB9						B0H737LVB9			0	DEFAULT	Incomplete
Germany eSIM 3GB 15Days	Germany eSIM 3GB 15Days - high speed internet - mobile data 5G compatible	0701HVDK5E9	GERMANY-ESIM		0	2026-07-01 03:26:13 CEST		y	1			11				B0H73W3WY2						B0H73W3WY2			0	DEFAULT	Incomplete
Ghana eSIM 3GB 15Days	Ghana eSIM 3GB 15Days - high speed internet - mobile data 5G compatible	0630HU9KJJA	GHANA-ESIM		0	2026-06-30 17:15:58 CEST		y	1			11				B0H728XHMQ						B0H728XHMQ			0	DEFAULT	Incomplete
Gibraltar eSIM 3GB 15Days	Gibraltar eSIM 3GB 15Days - high speed internet - mobile data 5G compatible	0701HVDMVH5	GIBRALTAR-ESIM		0	2026-07-01 03:37:04 CEST		y	1			11				B0H73GW1PQ						B0H73GW1PQ			0	DEFAULT	Incomplete
Global139 eSIM 5GB 30Days	Global139 eSIM 5GB 30Days - high speed internet - mobile data 5G compatible	0701HVI56XV	GLOBAL139-ESIM		0	2026-07-01 03:40:56 CEST		y	1			11				B0H73M1Z5N						B0H73M1Z5N			0	DEFAULT	Incomplete
Greece eSIM 20GB 30Days	Greece eSIM 20GB 30Days - high speed internet - mobile data 5G compatible	0701HVDS22V	GREECE-ESIM		0	2026-07-01 03:45:12 CEST		y	1			11				B0H73888R9						B0H73888R9			0	DEFAULT	Incomplete
Greenland eSIM 3GB 15Days	Greenland eSIM 3GB 15Days - high speed internet - mobile data 5G compatible	0630HU9QQCO	GREENLAND-ESIM		0	2026-06-30 17:25:33 CEST		y	1			11				B0H72GGNDR						B0H72GGNDR			0	DEFAULT	Incomplete
Grenada eSIM 5GB 30Days	Grenada eSIM 5GB 30Days - high speed internet - mobile data 5G compatible	0630HUGY5OS	GRENADA-ESIM		0	2026-06-30 17:35:38 CEST		y	1			11				B0H72LXYLS						B0H72LXYLS			0	DEFAULT	Incomplete
Guadeloupe eSIM 3GB 15Days	Guadeloupe eSIM 3GB 15Days - high speed internet - mobile data 5G compatible	0701HVB08P4	GUADELOUPE-ESIM		0	2026-07-01 03:56:25 CEST		y	1			11				B0H73P24BM						B0H73P24BM			0	DEFAULT	Incomplete
Guam eSIM 3GB 15Days	Guam eSIM 3GB 15Days - high speed internet - mobile data 5G compatible	0701HVGCLU5	GUAM-ESIM		0	2026-07-01 04:02:52 CEST		y	1			11				B0H73N48BD						B0H73N48BD			0	DEFAULT	Incomplete
Guatemala eSIM 3GB 15Days	Guatemala eSIM 3GB 15Days - high speed internet - mobile data 5G compatible	0701HVJGV7T	GUATEMALA-ESIM		0	2026-07-01 04:13:49 CEST		y	1			11				B0H73TNC6K						B0H73TNC6K			0	DEFAULT	Incomplete
Guernsey eSIM 3GB 15Days	Guernsey eSIM 3GB 15Days - high speed internet - mobile data 5G compatible	0701HVJ8KZ6	GUERNSEY-ESIM		0	2026-07-01 04:17:14 CEST		y	1			11				B0H73S88FZ						B0H73S88FZ			0	DEFAULT	Incomplete
Guinea-Bissau eSIM 3GB 15Days	Guinea-Bissau eSIM 3GB 15Days - high speed internet - mobile data 5G compatible	0630HUAZ3XY	GUINEA-BISSAU-ESIM		0	2026-06-30 17:54:46 CEST		y	1			11				B0H72LWHH9						B0H72LWHH9			0	DEFAULT	Incomplete
Guinea eSIM 3GB 15Days	Guinea eSIM 3GB 15Days - high speed internet - mobile data 5G compatible	0630HU4HZ8H	GUINEA-ESIM		0	2026-06-30 17:45:54 CEST		y	1			11				B0H7274KHR						B0H7274KHR			0	DEFAULT	Incomplete
Guyana eSIM 3GB 15Days	Guyana eSIM 3GB 15Days - high speed internet - mobile data 5G compatible	0630HU86ZFI	GUYANA-ESIM		0	2026-06-30 18:04:59 CEST		y	1			11				B0H72DF6R7						B0H72DF6R7			0	DEFAULT	Incomplete
Haiti eSIM 3GB 15Days	Haiti eSIM 3GB 15Days - high speed internet - mobile data 5G compatible	0630HUE3RH9	HAITI-ESIM		0	2026-06-30 18:15:05 CEST		y	1			11				B0H72F12ZG						B0H72F12ZG			0	DEFAULT	Incomplete
Hajjj Package Luxury eSIM | Saudi Arabia Travel Data | Travel Guide Included | 3G/4G/5G Speeds	Premium Islamic Hajj eSIM package with 10GB data valid for 30 days. Includes Hajj Luxury Travel Guide and exclusive Saudi Arabian travel guides. Instant QR activation for use across Saudi Arabia.	0630HTFF1VU	HAJJ-LUXURY-ESIM		0	2026-06-30 13:08:49 CEST		y	1			11				B0H71TYTXD						B0H71TYTXD			0	DEFAULT	Incomplete
Honduras eSIM 3GB 15Days	Honduras eSIM 3GB 15Days - high speed internet - mobile data 5G compatible	0701HVMM0IN	HONDURAS-ESIM		0	2026-07-01 04:28:01 CEST		y	1			11				B0H73NYZBZ						B0H73NYZBZ			0	DEFAULT	Incomplete
Hong Kong eSIM 20GB 30Days	Hong Kong eSIM 20GB 30Days - high speed internet - mobile data 5G compatible	0701HVMSFO3	HONG-KONG-ESIM		0	2026-07-01 04:32:15 CEST		y	1			11				B0H73YDX5Q						B0H73YDX5Q			0	DEFAULT	Incomplete
Hungary eSIM 3GB 15Days	Hungary eSIM 3GB 15Days - high speed internet - mobile data 5G compatible	0701HVMKBGY	HUNGARY-ESIM		0	2026-07-01 04:42:34 CEST		y	1			11				B0H73JRX5P						B0H73JRX5P			0	DEFAULT	Incomplete
Iceland eSIM 3GB 15Days	Iceland eSIM 3GB 15Days - high speed internet - mobile data 5G compatible	0701HVR9B82	ICELAND-ESIM		0	2026-07-01 04:52:38 CEST		y	1			11				B0H73WSGPQ						B0H73WSGPQ			0	DEFAULT	Incomplete
India eSIM 5GB 30Days	India eSIM 5GB 30Days - high speed internet - mobile data 5G compatible	0701HVN0VNP	INDIA-ESIM		0	2026-07-01 05:03:15 CEST		y	1			11				B0H73R2J4H						B0H73R2J4H			0	DEFAULT	Incomplete
Indonesia eSIM 20GB 30Days	Indonesia eSIM 20GB 30Days - high speed internet - mobile data 5G compatible	0701HVRHP2U	INDONESIA-ESIM		0	2026-07-01 05:14:54 CEST		y	1			11				B0H73XX73J						B0H73XX73J			0	DEFAULT	Incomplete
Iraq eSIM 3GB 15Days	Iraq eSIM 3GB 15Days - high speed internet - mobile data 5G compatible	0630HU8D3YZ	IRAQ-ESIM		0	2026-06-30 18:24:41 CEST		y	1			11				B0H72DKM4M						B0H72DKM4M			0	DEFAULT	Incomplete
Ireland eSIM 20GB 30Days	Ireland eSIM 20GB 30Days - high speed internet - mobile data 5G compatible	0701HVY9XS4	IRELAND-ESIM		0	2026-07-01 05:26:32 CEST		y	1			11				B0H73XTH7P						B0H73XTH7P			0	DEFAULT	Incomplete
Isle of Man eSIM 3GB 15Days	Isle of Man eSIM 3GB 15Days - high speed internet - mobile data 5G compatible	0701HVU53C5	ISLE-OF-MAN-ESIM		0	2026-07-01 05:37:59 CEST		y	1			11				B0H73X81D6						B0H73X81D6			0	DEFAULT	Incomplete
Israel eSIM 3GB 15Days	Israel eSIM 3GB 15Days - high speed internet - mobile data 5G compatible	0701HVX2782	ISRAEL-ESIM		0	2026-07-01 05:48:56 CEST		y	1			11				B0H73VFH1D						B0H73VFH1D			0	DEFAULT	Incomplete
Italy eSIM 20GB 30Days	Italy eSIM 20GB 30Days - high speed internet - mobile data 5G compatible	0701HW4ACIY	ITALY-ESIM		0	2026-07-01 05:59:36 CEST		y	1			11				B0H73T38JC						B0H73T38JC			0	DEFAULT	Incomplete
Jamaica eSIM 3GB 15Days	Jamaica eSIM 3GB 15Days - high speed internet - mobile data 5G compatible	0630HUMJJNT	JAMAICA-ESIM		0	2026-06-30 18:34:14 CEST		y	1			11				B0H72FDD9Q						B0H72FDD9Q			0	DEFAULT	Incomplete
Japan eSIM 20GB 30Days	Japan eSIM 20GB 30Days - high speed internet - mobile data 5G compatible	0701HW3A568	JAPAN-ESIM		0	2026-07-01 06:11:15 CEST		y	1			11				B0H744MLM9						B0H744MLM9			0	DEFAULT	Incomplete
Jersey eSIM 3GB 15Days	Jersey eSIM 3GB 15Days - high speed internet - mobile data 5G compatible	0701HW44UPC	JERSEY-ESIM		0	2026-07-01 06:22:30 CEST		y	1			11				B0H74HZK2V						B0H74HZK2V			0	DEFAULT	Incomplete
Jordan eSIM 3GB 15Days	Jordan eSIM 3GB 15Days - high speed internet - mobile data 5G compatible	0701HVVYV24	JORDAN-ESIM		0	2026-07-01 06:33:07 CEST		y	1			11				B0H74M13HM						B0H74M13HM			0	DEFAULT	Incomplete
Kazakhstan eSIM 3GB 15Days	Kazakhstan eSIM 3GB 15Days - high speed internet - mobile data 5G compatible	0701HW4PKS7	KAZAKHSTAN-ESIM		0	2026-07-01 06:43:12 CEST		y	1			11				B0H745XMJP						B0H745XMJP			0	DEFAULT	Incomplete
Kenya eSIM 5GB 30Days	Kenya eSIM 5GB 30Days - high speed internet - mobile data 5G compatible	0701HVZG8K6	KENYA-ESIM		0	2026-07-01 06:53:51 CEST		y	1			11				B0H74D391X						B0H74D391X			0	DEFAULT	Incomplete
Kuwait eSIM 3GB 15Days	Kuwait eSIM 3GB 15Days - high speed internet - mobile data 5G compatible	0701HW4VARJ	KUWAIT-ESIM		0	2026-07-01 07:01:13 CEST		y	1			11				B0H74N5DS7						B0H74N5DS7			0	DEFAULT	Incomplete
Kyrgyzstan eSIM 3GB 15Days	Kyrgyzstan eSIM 3GB 15Days - high speed internet - mobile data 5G compatible	0701HW4CFAT	KYRGYZSTAN-ESIM		0	2026-07-01 07:11:17 CEST		y	1			11				B0H74652RB						B0H74652RB			0	DEFAULT	Incomplete
Laos eSIM 3GB 15Days	Laos eSIM 3GB 15Days - high speed internet - mobile data 5G compatible	0630HUHORJB	LAOS-ESIM		0	2026-06-30 18:43:37 CEST		y	1			11				B0H728NF37						B0H728NF37			0	DEFAULT	Incomplete
Latvia eSIM 3GB 15Days	Latvia eSIM 3GB 15Days - high speed internet - mobile data 5G compatible	0701HW2O8A8	LATVIA-ESIM		0	2026-07-01 07:18:19 CEST		y	1			11				B0H74KVHT3						B0H74KVHT3			0	DEFAULT	Incomplete
Liberia eSIM 3GB 15Days	Liberia eSIM 3GB 15Days - high speed internet - mobile data 5G compatible	0701HW2RZRV	LIBERIA-ESIM		0	2026-07-01 07:27:33 CEST		y	1			11				B0H748HWYN						B0H748HWYN			0	DEFAULT	Incomplete
Libya eSIM 3GB 15Days	Libya eSIM 3GB 15Days - high speed internet - mobile data 5G compatible	0630HUBICQG	LIBYA-ESIM		0	2026-06-30 18:52:21 CEST		y	1			11				B0H72G2GDD						B0H72G2GDD			0	DEFAULT	Incomplete
Liechtenstein eSIM 3GB 15Days	Liechtenstein eSIM 3GB 15Days - high speed internet - mobile data 5G compatible	0701HVTT5XU	LIECHTENSTEIN-ESIM		0	2026-07-01 07:34:41 CEST		y	1			11				B0H74NZ9M6						B0H74NZ9M6			0	DEFAULT	Incomplete
Lithuania eSIM 3GB 15Days	Lithuania eSIM 3GB 15Days - high speed internet - mobile data 5G compatible	0701HW3DA83	LITHUANIA-ESIM		0	2026-07-01 07:38:43 CEST		y	1			11				B0H74JSJGN						B0H74JSJGN			0	DEFAULT	Incomplete
Luxembourg eSIM 3GB 15Days	Luxembourg eSIM 3GB 15Days - high speed internet - mobile data 5G compatible	0701HW3MUHD	LUXEMBOURG-ESIM		0	2026-07-01 07:49:32 CEST		y	1			11				B0H74JPFTF						B0H74JPFTF			0	DEFAULT	Incomplete
Macao eSIM 3GB 15Days	Macao eSIM 3GB 15Days - high speed internet - mobile data 5G compatible	0701HW7LAC3	MACAO-ESIM		0	2026-07-01 07:59:17 CEST		y	1			11				B0H74L7MBL						B0H74L7MBL			0	DEFAULT	Incomplete
Madagascar eSIM 3GB 15Days	Madagascar eSIM 3GB 15Days - high speed internet - mobile data 5G compatible	0701HW6XGKC	MADAGASCAR-ESIM		0	2026-07-01 08:09:01 CEST		y	1			11				B0H74M96M3						B0H74M96M3			0	DEFAULT	Incomplete
Malawi eSIM 3GB 15Days	Malawi eSIM 3GB 15Days - high speed internet - mobile data 5G compatible	0701HW99FH1	MALAWI-ESIM		0	2026-07-01 08:12:32 CEST		y	1			11				B0H74ZFNFW						B0H74ZFNFW			0	DEFAULT	Incomplete
Malaysia eSIM 20GB 30Days	Malaysia eSIM 20GB 30Days - high speed internet - mobile data 5G compatible	0701HW9466B	MALAYSIA-ESIM		0	2026-07-01 08:20:04 CEST		y	1			11				B0H74LQN7R						B0H74LQN7R			0	DEFAULT	Incomplete
Maldives eSIM 3GB 15Days	Maldives eSIM 3GB 15Days - high speed internet - mobile data 5G compatible	0630HUHSI7K	MALDIVES-ESIM		0	2026-06-30 19:01:54 CEST		y	1			11				B0H72H8YJH						B0H72H8YJH			0	DEFAULT	Incomplete
Mali eSIM 3GB 15Days	Mali eSIM 3GB 15Days - high speed internet - mobile data 5G compatible	0701HWCV1GE	MALI-ESIM		0	2026-07-01 08:31:19 CEST		y	1			11				B0H74GC8NT						B0H74GC8NT			0	DEFAULT	Incomplete
Malta eSIM 3GB 15Days	Malta eSIM 3GB 15Days - high speed internet - mobile data 5G compatible	0701HWE8Q83	MALTA-ESIM		0	2026-07-01 08:35:31 CEST		y	1			11				B0H74PLJ6R						B0H74PLJ6R			0	DEFAULT	Incomplete
Martinique eSIM 20GB 30Days	Martinique eSIM 20GB 30Days - high speed internet - mobile data 5G compatible	0630HU8Q47T	MARTINIQUE-ESIM		0	2026-06-30 19:11:38 CEST		y	1			11				B0H72QB5WG						B0H72QB5WG			0	DEFAULT	Incomplete
Mauritius eSIM 3GB 15Days	Mauritius eSIM 3GB 15Days - high speed internet - mobile data 5G compatible	0701HYDYQMQ	MAURITIUS-ESIM		0	2026-07-01 16:22:28 CEST		y	1			11				B0H764HZHJ						B0H764HZHJ			0	DEFAULT	Incomplete
Mayotte eSIM 20GB 30Days	Mayotte eSIM 20GB 30Days - high speed internet - mobile data 5G compatible	0630HUJI2TF	MAYOTTE-ESIM		0	2026-06-30 19:20:52 CEST		y	1			11				B0H72P6JKS						B0H72P6JKS			0	DEFAULT	Incomplete
Mexico eSIM 3GB 15Days	Mexico eSIM 3GB 15Days - high speed internet - mobile data 5G compatible	0701HWG01WS	MEXICO-ESIM		0	2026-07-01 08:46:18 CEST		y	1			11				B0H74WSRXP						B0H74WSRXP			0	DEFAULT	Incomplete
Middle East eSIM 5GB 30Days	Middle East eSIM 5GB 30Days - high speed internet - mobile data 5G compatible	0701HWEQQTU	MIDDLE-EAST-ESIM		0	2026-07-01 08:56:44 CEST		y	1			11				B0H74VD8JC						B0H74VD8JC			0	DEFAULT	Incomplete
Moldova eSIM 3GB 15Days	Moldova eSIM 3GB 15Days - high speed internet - mobile data 5G compatible	0701HWE45WK	MOLDOVA-ESIM		0	2026-07-01 09:00:46 CEST		y	1			11				B0H74VZL4S						B0H74VZL4S			0	DEFAULT	Incomplete
Monaco eSIM 3GB 15Days	Monaco eSIM 3GB 15Days - high speed internet - mobile data 5G compatible	0701HWJH1LZ	MONACO-ESIM		0	2026-07-01 09:04:48 CEST		y	1			11				B0H74Q554G						B0H74Q554G			0	DEFAULT	Incomplete
Mongolia eSIM 3GB 15Days	Mongolia eSIM 3GB 15Days - high speed internet - mobile data 5G compatible	0701HWJ15H3	MONGOLIA-ESIM		0	2026-07-01 09:11:56 CEST		y	1			11				B0H74QPM6Z						B0H74QPM6Z			0	DEFAULT	Incomplete
Montenegro eSIM 3GB 15Days	Montenegro eSIM 3GB 15Days - high speed internet - mobile data 5G compatible	0701HWJCJCZ	MONTENEGRO-ESIM		0	2026-07-01 09:15:48 CEST		y	1			11				B0H74WCXTB						B0H74WCXTB			0	DEFAULT	Incomplete
Montserrat eSIM 3GB 15Days	Montserrat eSIM 3GB 15Days - high speed internet - mobile data 5G compatible	0630HUBZLSU	MONTSERRAT-ESIM		0	2026-06-30 19:30:48 CEST		y	1			11				B0H72R4TL1						B0H72R4TL1			0	DEFAULT	Incomplete
Morocco eSIM 20GB 30Days	Morocco eSIM 20GB 30Days - high speed internet - mobile data 5G compatible	0701HWPPO5O	MOROCCO-ESIM		0	2026-07-01 09:20:02 CEST		y	1			11				B0H74TSDB2						B0H74TSDB2			0	DEFAULT	Incomplete
Mozambique eSIM 3GB 15Days	Mozambique eSIM 3GB 15Days - high speed internet - mobile data 5G compatible	0701HWPM64M	MOZAMBIQUE-ESIM		0	2026-07-01 09:31:38 CEST		y	1			11				B0H74XWRQC						B0H74XWRQC			0	DEFAULT	Incomplete
Nepal eSIM 3GB 15Days	Nepal eSIM 3GB 15Days - high speed internet - mobile data 5G compatible	0701HWWG7LU	NEPAL-ESIM		0	2026-07-01 09:39:07 CEST		y	1			11				B0H74T5RWY						B0H74T5RWY			0	DEFAULT	Incomplete
Netherlands eSIM 20GB 30Days	Netherlands eSIM 20GB 30Days - high speed internet - mobile data 5G compatible	0701HWKQONZ	NETHERLANDS-ESIM		0	2026-07-01 09:43:21 CEST		y	1			11				B0H751PMP2						B0H751PMP2			0	DEFAULT	Incomplete
New Zealand eSIM 3GB 15Days	New Zealand eSIM 3GB 15Days - high speed internet - mobile data 5G compatible	0701HWQWPZS	NEW-ZEALAND-ESIM		0	2026-07-01 09:54:24 CEST		y	1			11				B0H753RBY1						B0H753RBY1			0	DEFAULT	Incomplete
Nicaragua eSIM 3GB 15Days	Nicaragua eSIM 3GB 15Days - high speed internet - mobile data 5G compatible	0701HWVD3AM	NICARAGUA-ESIM		0	2026-07-01 10:04:39 CEST		y	1			11				B0H751KLBY						B0H751KLBY			0	DEFAULT	Incomplete
Niger eSIM 3GB 15Days	Niger eSIM 3GB 15Days - high speed internet - mobile data 5G compatible	0701HWWVJ8D	NIGER-ESIM		0	2026-07-01 10:08:53 CEST		y	1			11				B0H74XBGH3						B0H74XBGH3			0	DEFAULT	Incomplete
Nigeria eSIM 3GB 15Days	Nigeria eSIM 3GB 15Days - high speed internet - mobile data 5G compatible	0701HWPVUNK	NIGERIA-ESIM		0	2026-07-01 10:13:08 CEST		y	1			11				B0H74XY6WK						B0H74XY6WK			0	DEFAULT	Incomplete
North America eSIM 5GB 30Days	North America eSIM 5GB 30Days - high speed internet - mobile data 5G compatible	0701HWTFMDB	NORTH-AMERICA-ESIM		0	2026-07-01 10:17:22 CEST		y	1			11				B0H7567VQV						B0H7567VQV			0	DEFAULT	Incomplete
North Macedonia eSIM 3GB 15Days	North Macedonia eSIM 3GB 15Days - high speed internet - mobile data 5G compatible	0701HWUDP3O	NORTH-MACEDONIA-ESIM		0	2026-07-01 10:21:37 CEST		y	1			11				B0H74Z674K						B0H74Z674K			0	DEFAULT	Incomplete
Norway eSIM 3GB 15Days	Norway eSIM 3GB 15Days - high speed internet - mobile data 5G compatible	0701HWIHVYY	NORWAY-ESIM		0	2026-07-01 10:29:32 CEST		y	1			11				B0H751QFMC						B0H751QFMC			0	DEFAULT	Incomplete
Oman eSIM 3GB 15Days	Oman eSIM 3GB 15Days - high speed internet - mobile data 5G compatible	0701HX2D220	OMAN-ESIM		0	2026-07-01 10:41:04 CEST		y	1			11				B0H74XRV1F						B0H74XRV1F			0	DEFAULT	Incomplete
Pakistan eSIM 3GB 15Days	Pakistan eSIM 3GB 15Days - high speed internet - mobile data 5G compatible	0701HWOTQ8R	PAKISTAN-ESIM		0	2026-07-01 10:48:59 CEST		y	1			11				B0H756DTLP						B0H756DTLP			0	DEFAULT	Incomplete
Panama eSIM 3GB 15Days	Panama eSIM 3GB 15Days - high speed internet - mobile data 5G compatible	0701HX0GA7Y	PANAMA-ESIM		0	2026-07-01 11:00:32 CEST		y	1			11				B0H75CW9DG						B0H75CW9DG			0	DEFAULT	Incomplete
Paraguay eSIM 3GB 15Days	Paraguay eSIM 3GB 15Days - high speed internet - mobile data 5G compatible	0701HX4D7NB	PARAGUAY-ESIM		0	2026-07-01 11:04:48 CEST		y	1			11				B0H754LJFJ						B0H754LJFJ			0	DEFAULT	Incomplete
Peru eSIM 3GB 15Days	Peru eSIM 3GB 15Days - high speed internet - mobile data 5G compatible	0630HTNGDA7	PERU-ESIM		0	2026-06-30 13:17:07 CEST		y	1			11				B0H71W1GWJ						B0H71W1GWJ			0	DEFAULT	Incomplete
Philippines eSIM 5GB 30Days	Philippines eSIM 5GB 30Days - high speed internet - mobile data 5G compatible	0701HX1GHVB	PHILIPPINES-ESIM		0	2026-07-01 11:09:04 CEST		y	1			11				B0H757HB4S						B0H757HB4S			0	DEFAULT	Incomplete
Poland eSIM 20GB 30Days	Poland eSIM 20GB 30Days - high speed internet - mobile data 5G compatible	0701HX69HGU	POLAND-ESIM		0	2026-07-01 11:20:41 CEST		y	1			11				B0H75438NM						B0H75438NM			0	DEFAULT	Incomplete
Portugal eSIM 20GB 30Days	Portugal eSIM 20GB 30Days - high speed internet - mobile data 5G compatible	0701HX7L8T6	PORTUGAL-ESIM		0	2026-07-01 11:32:18 CEST		y	1			11				B0H75JF8MW						B0H75JF8MW			0	DEFAULT	Incomplete
Puerto Rico eSIM 3GB 15Days	Puerto Rico eSIM 3GB 15Days - high speed internet - mobile data 5G compatible	0701HX7GNPW	PUERTO-RICO-ESIM		0	2026-07-01 11:43:55 CEST		y	1			11				B0H75FXGDS						B0H75FXGDS			0	DEFAULT	Incomplete
Qatar eSIM 5GB 30Days	Qatar eSIM 5GB 30Days - high speed internet - mobile data 5G compatible	0701HXHZLK3	QATAR-ESIM		0	2026-07-01 11:51:50 CEST		y	1			11				B0H75DM4TW						B0H75DM4TW			0	DEFAULT	Incomplete
Republic of the Congo eSIM 3GB 15Days	Republic of the Congo eSIM 3GB 15Days - high speed internet - mobile data 5G compatible	0630HUJ9P2Q	REPUBLIC-OF-THE-CONGO-ESIM		0	2026-06-30 19:40:45 CEST		y	1			11				B0H72MP3RH						B0H72MP3RH			0	DEFAULT	Incomplete
Reunion eSIM 3GB 15Days	Reunion eSIM 3GB 15Days - high speed internet - mobile data 5G compatible	0701HXI8ROL	REUNION-ESIM		0	2026-07-01 12:03:27 CEST		y	1			11				B0H75K4LRF						B0H75K4LRF			0	DEFAULT	Incomplete
Romania eSIM 20GB 30Days	Romania eSIM 20GB 30Days - high speed internet - mobile data 5G compatible	0630HUC5YSP	ROMANIA-ESIM		0	2026-06-30 19:50:32 CEST		y	1			11				B0H72SJW2X						B0H72SJW2X			0	DEFAULT	Incomplete
Russia eSIM 20GB 30Days	Russia eSIM 20GB 30Days - high speed internet - mobile data 5G compatible	0630HUISRKM	RUSSIA-ESIM		0	2026-06-30 19:59:57 CEST		y	1			11				B0H72V8TG9						B0H72V8TG9			0	DEFAULT	Incomplete
Rwanda eSIM 20GB 30Days	Rwanda eSIM 20GB 30Days - high speed internet - mobile data 5G compatible	0630HUCB1LW	RWANDA-ESIM		0	2026-06-30 20:10:04 CEST		y	1			11				B0H732HZMW						B0H732HZMW			0	DEFAULT	Incomplete
Saint Barthelemy eSIM 20GB 30Days	Saint Barthelemy eSIM 20GB 30Days - high speed internet - mobile data 5G compatible	0630HULYAPB	SAINT-BARTHELEMY-ESIM		0	2026-06-30 20:19:40 CEST		y	1			11				B0H72VB8YD						B0H72VB8YD			0	DEFAULT	Incomplete
Saint Kitts and Nevis eSIM 3GB 15Days	Saint Kitts and Nevis eSIM 3GB 15Days - high speed internet - mobile data 5G compatible	0630HUM65EH	SAINT-KITTS-AND-NEVIS-ESIM		0	2026-06-30 20:29:26 CEST		y	1			11				B0H732GT1H						B0H732GT1H			0	DEFAULT	Incomplete
Saint Lucia eSIM 5GB 30Days	Saint Lucia eSIM 5GB 30Days - high speed internet - mobile data 5G compatible	0630HUMMMB2	SAINT-LUCIA-ESIM		0	2026-06-30 20:39:00 CEST		y	1			11				B0H7341Y1B						B0H7341Y1B			0	DEFAULT	Incomplete
Saint Martin eSIM 20GB 30Days	Saint Martin eSIM 20GB 30Days - high speed internet - mobile data 5G compatible	0630HUMAHEI	SAINT-MARTIN-ESIM		0	2026-06-30 20:48:14 CEST		y	1			11				B0H734322X						B0H734322X			0	DEFAULT	Incomplete
Saint Vincent and the Grenadines eSIM 5GB 30Days	Saint Vincent and the Grenadines eSIM 5GB 30Days - high speed internet - mobile data 5G compatible	0630HUNCR9G	SAINT-VINCENT-AND-THE-GRENADINES-ESIM		0	2026-06-30 20:58:10 CEST		y	1			11				B0H73HZGYL						B0H73HZGYL			0	DEFAULT	Incomplete
Samoa eSIM 3GB 15Days	Samoa eSIM 3GB 15Days - high speed internet - mobile data 5G compatible	0630HUPA9S5	SAMOA-ESIM		0	2026-06-30 21:09:10 CEST		y	1			11				B0H73G6VX2						B0H73G6VX2			0	DEFAULT	Incomplete
San Marino eSIM 20GB 30Days	San Marino eSIM 20GB 30Days - high speed internet - mobile data 5G compatible	0630HUQPASB	SAN-MARINO-ESIM		0	2026-06-30 21:18:45 CEST		y	1			11				B0H72WXPLC						B0H72WXPLC			0	DEFAULT	Incomplete
Saudi Arabia eSIM 3GB 15Days	Saudi Arabia eSIM 3GB 15Days - high speed internet - mobile data 5G compatible	0701HXLH19Q	SAUDI-ARABIA-ESIM		0	2026-07-01 12:11:22 CEST		y	1			11				B0H75GNBQP						B0H75GNBQP			0	DEFAULT	Incomplete
Senegal eSIM 3GB 15Days	Senegal eSIM 3GB 15Days - high speed internet - mobile data 5G compatible	0701HX9EDYB	SENEGAL-ESIM		0	2026-07-01 12:23:00 CEST		y	1			11				B0H75G3WKK						B0H75G3WKK			0	DEFAULT	Incomplete
Serbia eSIM 3GB 15Days	Serbia eSIM 3GB 15Days - high speed internet - mobile data 5G compatible	0701HX977R2	SERBIA-ESIM		0	2026-07-01 12:30:47 CEST		y	1			11				B0H75P35J6						B0H75P35J6			0	DEFAULT	Incomplete
Seychelles eSIM 3GB 15Days	Seychelles eSIM 3GB 15Days - high speed internet - mobile data 5G compatible	0701HXD1KLV	SEYCHELLES-ESIM		0	2026-07-01 12:38:46 CEST		y	1			11				B0H75F6JR9						B0H75F6JR9			0	DEFAULT	Incomplete
Sierra Leone eSIM 3GB 15Days	Sierra Leone eSIM 3GB 15Days - high speed internet - mobile data 5G compatible	0630HUQG6B4	SIERRA-LEONE-ESIM		0	2026-06-30 21:29:03 CEST		y	1			11				B0H72WWRP1						B0H72WWRP1			0	DEFAULT	Incomplete
Singapore eSIM 20GB 30Days	Singapore eSIM 20GB 30Days - high speed internet - mobile data 5G compatible	0701HXQT6KU	SINGAPORE-ESIM		0	2026-07-01 12:46:42 CEST		y	1			11				B0H75HH56H						B0H75HH56H			0	DEFAULT	Incomplete
Slovakia eSIM 3GB 15Days	Slovakia eSIM 3GB 15Days - high speed internet - mobile data 5G compatible	0701HXOLIYY	SLOVAKIA-ESIM		0	2026-07-01 12:54:27 CEST		y	1			11				B0H75KPKB4						B0H75KPKB4			0	DEFAULT	Incomplete
Slovenia eSIM 3GB 15Days	Slovenia eSIM 3GB 15Days - high speed internet - mobile data 5G compatible	0701HXOL9HD	SLOVENIA-ESIM		0	2026-07-01 13:05:46 CEST		y	1			11				B0H75HSLDC						B0H75HSLDC			0	DEFAULT	Incomplete
South Africa eSIM 5GB 30Days	South Africa eSIM 5GB 30Days - high speed internet - mobile data 5G compatible	0701HXATVIB	SOUTH-AFRICA-ESIM		0	2026-07-01 13:17:23 CEST		y	1			11				B0H75P4WMJ						B0H75P4WMJ			0	DEFAULT	Incomplete
South America eSIM 5GB 30Days	South America eSIM 5GB 30Days - high speed internet - mobile data 5G compatible	0701HXSOQEG	SOUTH-AMERICA-ESIM		0	2026-07-01 13:21:38 CEST		y	1			11				B0H75SMZQT						B0H75SMZQT			0	DEFAULT	Incomplete
South Korea eSIM 5GB 30Days	South Korea eSIM 5GB 30Days - high speed internet - mobile data 5G compatible	0701HXGTA13	SOUTH-KOREA-ESIM		0	2026-07-01 13:25:54 CEST		y	1			11				B0H75RL46Z						B0H75RL46Z			0	DEFAULT	Incomplete
Spain eSIM 20GB 30Days	Spain eSIM 20GB 30Days - high speed internet - mobile data 5G compatible	0701HXSFBMV	SPAIN-ESIM		0	2026-07-01 13:37:32 CEST		y	1			11				B0H75M4FP3						B0H75M4FP3			0	DEFAULT	Incomplete
Sri Lanka eSIM 3GB 15Days	Sri Lanka eSIM 3GB 15Days - high speed internet - mobile data 5G compatible	0701HXOXHUX	SRI-LANKA-ESIM		0	2026-07-01 13:49:13 CEST		y	1			11				B0H75TR42B						B0H75TR42B			0	DEFAULT	Incomplete
Sudan eSIM 3GB 15Days	Sudan eSIM 3GB 15Days - high speed internet - mobile data 5G compatible	0701HXN9XSR	SUDAN-ESIM		0	2026-07-01 14:00:49 CEST		y	1			11				B0H75WY8TB						B0H75WY8TB			0	DEFAULT	Incomplete
Suriname eSIM 20GB 30Days	Suriname eSIM 20GB 30Days - high speed internet - mobile data 5G compatible	0630HUPDN4V	SURINAME-ESIM		0	2026-06-30 21:38:37 CEST		y	1			11				B0H73D2QX3						B0H73D2QX3			0	DEFAULT	Incomplete
Saint Vincent and the Grenadines eSIM 20GB 30Days	Saint Vincent and the Grenadines eSIM 20GB 30Days - high speed internet - mobile data 5G compatible	0630HUPHNMZ	SVG-ESIM		0	2026-06-30 21:04:57 CEST		y	1			11				B0H73M12GC						B0H73M12GC			0	DEFAULT	Incomplete
Sweden eSIM 3GB 15Days	Sweden eSIM 3GB 15Days - high speed internet - mobile data 5G compatible	0701HXW1VK9	SWEDEN-ESIM		0	2026-07-01 14:08:25 CEST		y	1			11				B0H75R7XXY						B0H75R7XXY			0	DEFAULT	Incomplete
Switzerland eSIM 3GB 15Days	Switzerland eSIM 3GB 15Days - high speed internet - mobile data 5G compatible	0701HXTZQLY	SWITZERLAND-ESIM		0	2026-07-01 14:20:05 CEST		y	1			11				B0H75VCSCB						B0H75VCSCB			0	DEFAULT	Incomplete
Tajikistan eSIM 3GB 15Days	Tajikistan eSIM 3GB 15Days - high speed internet - mobile data 5G compatible	0630HUMHO19	TAJIKISTAN-ESIM		0	2026-06-30 21:48:31 CEST		y	1			11				B0H73THDD2						B0H73THDD2			0	DEFAULT	Incomplete
Tanzania eSIM 3GB 15Days	Tanzania eSIM 3GB 15Days - high speed internet - mobile data 5G compatible	0701HXWRRT6	TANZANIA-ESIM		0	2026-07-01 14:31:46 CEST		y	1			11				B0H75S31RR						B0H75S31RR			0	DEFAULT	Incomplete
Thailand eSIM 3GB 15Days	Thailand eSIM 3GB 15Days - high speed internet - mobile data 5G compatible	0701HXY4Q79	THAILAND-ESIM		0	2026-07-01 14:36:03 CEST		y	1			11				B0H76546WD						B0H76546WD			0	DEFAULT	Incomplete
Thailand eSIM 3GB 15Days		0325HRAL12H	TH_3_15			2026-03-25 06:20:35 CET		y	1			11				B0FRCDPJSH						B0FRCDPJSH				AMAZON_EU	Incomplete
Trinidad and Tobago eSIM 3GB 15Days	Trinidad and Tobago eSIM 3GB 15Days - high speed internet - mobile data 5G compatible	0630HUS9SGU	TRINIDAD-AND-TOBAGO-ESIM		0	2026-06-30 21:58:35 CEST		y	1			11				B0H73HW3QZ						B0H73HW3QZ			0	DEFAULT	Incomplete
Turkey eSIM 20GB 30Days		0325HR7882X	TR_20_30			2026-03-25 06:17:49 CET		y	1			11				B0FRCYMWCX						B0FRCYMWCX				AMAZON_EU	Incomplete
Turkey eSIM 3GB 15Days		0325HR9DRWY	TR_3_15			2026-03-25 06:18:27 CET		y	1			11				B0FRC2PSHM						B0FRC2PSHM				AMAZON_EU	Incomplete
Turkey eSIM 5GB 30Days		0325HR9EQYS	TR_5_30			2026-03-25 06:25:28 CET		y	1			11				B0FRCBZ1BB						B0FRCBZ1BB				AMAZON_EU	Incomplete
Tunisia eSIM 5GB 30Days	Tunisia eSIM 5GB 30Days - high speed internet - mobile data 5G compatible	0701HXZXMNF	TUNISIA-ESIM		0	2026-07-01 14:47:39 CEST		y	1			11				B0H75TQ735						B0H75TQ735			0	DEFAULT	Incomplete
Turkey eSIM 3GB 15Days	Turkey eSIM 3GB 15Days - high speed internet - mobile data 5G compatible	0701HXXXCPT	TURKEY-ESIM		0	2026-07-01 14:51:55 CEST		y	1			11				B0H75YB1FW						B0H75YB1FW			0	DEFAULT	Incomplete
Turks and Caicos Islands eSIM 3GB 15Days	Turks and Caicos Islands eSIM 3GB 15Days - high speed internet - mobile data 5G compatible	0630HURUBVZ	TURKS-AND-CAICOS-ISLANDS-ESIM		0	2026-06-30 22:08:40 CEST		y	1			11				B0H737P54Z						B0H737P54Z			0	DEFAULT	Incomplete
Tanzania eSIM 3GB 15Days		0325HR6RF18	TZ_3_15			2026-03-25 06:11:54 CET		y	1			11				B0FRC81NPJ						B0FRC81NPJ				AMAZON_EU	Incomplete
Uganda eSIM 3GB 15Days	Uganda eSIM 3GB 15Days - high speed internet - mobile data 5G compatible	0701HY06XB7	UGANDA-ESIM		0	2026-07-01 15:03:10 CEST		y	1			11				B0H75ZS3WM						B0H75ZS3WM			0	DEFAULT	Incomplete
Ukraine eSIM 3GB 15Days	Ukraine eSIM 3GB 15Days - high speed internet - mobile data 5G compatible	0701HY025WZ	UKRAINE-ESIM		0	2026-07-01 15:07:26 CEST		y	1			11				B0H75TXQ1K						B0H75TXQ1K			0	DEFAULT	Incomplete
United Arab Emirates eSIM 3GB 15Days	United Arab Emirates eSIM 3GB 15Days - high speed internet - mobile data 5G compatible	0701HY0ILFD	UNITED-ARAB-EMIRATES-ESIM		0	2026-07-01 15:15:21 CEST		y	1			11				B0H75VNPZT						B0H75VNPZT			0	DEFAULT	Incomplete
United Kingdom eSIM 3GB 15Days	United Kingdom eSIM 3GB 15Days - high speed internet - mobile data 5G compatible	0701HYDECYM	UNITED-KINGDOM-ESIM		0	2026-07-01 15:26:58 CEST		y	1			11				B0H75ZZ9KR						B0H75ZZ9KR			0	DEFAULT	Incomplete
United States eSIM 3GB 15Days	United States eSIM 3GB 15Days - high speed internet - mobile data 5G compatible	0701HYD0D3S	UNITED-STATES-ESIM		0	2026-07-01 15:38:35 CEST		y	1			11				B0H76119CW						B0H76119CW			0	DEFAULT	Incomplete
Uruguay eSIM 3GB 15Days	Uruguay eSIM 3GB 15Days - high speed internet - mobile data 5G compatible	0701HYAV0M5	URUGUAY-ESIM		0	2026-07-01 15:46:31 CEST		y	1			11				B0H766NCL6						B0H766NCL6			0	DEFAULT	Incomplete
Uzbekistan eSIM 5GB 30Days	Uzbekistan eSIM 5GB 30Days - high speed internet - mobile data 5G compatible	0701HY6J0U1	UZBEKISTAN-ESIM		0	2026-07-01 15:50:46 CEST		y	1			11				B0H766C768						B0H766C768			0	DEFAULT	Incomplete
Vatican City eSIM 20GB 30Days	Vatican City eSIM 20GB 30Days - high speed internet - mobile data 5G compatible	0630HUU4GPJ	VATICAN-CITY-ESIM		0	2026-06-30 22:18:35 CEST		y	1			11				B0H739N58P						B0H739N58P			0	DEFAULT	Incomplete
Vietnam eSIM 3GB 15Days	Vietnam eSIM 3GB 15Days - high speed internet - mobile data 5G compatible	0701HY4L84P	VIETNAM-ESIM		0	2026-07-01 15:55:02 CEST		y	1			11				B0H76372WK						B0H76372WK			0	DEFAULT	Incomplete
Vietnam eSIM 20GB 30Days		0325HRC4V3V	VN_20_30			2026-03-25 06:16:27 CET		y	1			11				B0FRC2NKC4						B0FRC2NKC4				AMAZON_EU	Incomplete
Vietnam eSIM 3GB 15Days		0328H6AU0EF	VN_3_15			2026-03-28 20:04:36 CET		y	1			11				B0FRBR2DHW						B0FRBR2DHW				AMAZON_EU	Incomplete
Vietnam eSIM 5GB 30Days		0328H6ERA0K	VN_5_30			2026-03-28 20:53:07 CET		y	1			11				B0FRCBXRGV						B0FRCBXRGV				AMAZON_EU	Incomplete
Zambia eSIM 3GB 15Days	Zambia eSIM 3GB 15Days - high speed internet - mobile data 5G compatible	0701HY1QNE4	ZAMBIA-ESIM		0	2026-07-01 16:06:37 CEST		y	1			11				B0H7614NRC						B0H7614NRC			0	DEFAULT	Incomplete
Zambia eSIM 3GB 15Days		0328H6K6ACK	ZM_3_15			2026-03-28 21:00:55 CET		y	1			11				B0FRC2NSM2						B0FRC2NSM2				AMAZON_EU	Incomplete
Zambia eSIM 5GB 30Days		0328H6AXJ8C	ZM_5_30			2026-03-28 20:26:09 CET		y	1			11				B0FRCL97L4						B0FRCL97L4				AMAZON_EU	Incomplete
