item-name	item-description	listing-id	seller-sku	price	quantity	open-date	image-url	item-is-marketplace	product-id-type	zshop-shipping-fee	item-note	item-condition	zshop-category1	zshop-browse-path	zshop-storefront-feature	asin1	asin2	asin3	will-ship-internationally	expedited-shipping	zshop-boldface	product-id	bid-for-featured-placement	add-delete	pending-quantity	fulfillment-channel	status
Cote d'Ivoire eSIM 5GB 30Days	Cote d'Ivoire eSIM 5GB 30Days - high speed internet - mobile data 5G compatible	0630HV3Q57F	COTE-D-IVOIRE-5GB-30D	31.99		2026-07-01 01:35:48 CEST		y	4			11				B0FR9V5LYJ						8721438401796				AMAZON_EU	Active
Croatia eSIM 20GB 30Days	Croatia eSIM 20GB 30Days - high speed internet - mobile data 5G compatible	0630HV64COD	CROATIA-20GB-30D	16.99		2026-07-01 01:45:22 CEST		y	4			11				B0FR9TYCSL						8721438401857				AMAZON_EU	Active
Croatia eSIM 3GB 15Days	Croatia eSIM 3GB 15Days - high speed internet - mobile data 5G compatible	0630HV3UILA	CROATIA-3GB-15D	7.99		2026-07-01 01:39:44 CEST		y	4			11				B0FR9GDKT1						8721438401819				AMAZON_EU	Active
Croatia eSIM 5GB 30Days	Croatia eSIM 5GB 30Days - high speed internet - mobile data 5G compatible	0630HV3VZ0B	CROATIA-5GB-30D	8.99		2026-07-01 01:42:37 CEST		y	4			11				B0FR9BVV58						8721438401833				AMAZON_EU	Active
Cyprus eSIM 3GB 15Days	Cyprus eSIM 3GB 15Days - high speed internet - mobile data 5G compatible	0630HV3V558	CYPRUS-3GB-15D	7.99		2026-07-01 01:48:25 CEST		y	4			11				B0FR8XJWWG						8721438401888				AMAZON_EU	Active
Cyprus eSIM 5GB 30Days	Cyprus eSIM 5GB 30Days - high speed internet - mobile data 5G compatible	0630HV0YDIQ	CYPRUS-5GB-30D	8.99		2026-07-01 01:51:48 CEST		y	4			11				B0FR8XHWZV						8721438401901				AMAZON_EU	Active
Czech Republic eSIM 20GB 30Days	Czech Republic eSIM 20GB 30Days - high speed internet - mobile data 5G compatible	0701HV0YX37	CZECH-REPUBLIC-20GB-30D	16.99		2026-07-01 02:01:33 CEST		y	4			11				B0FR9SVN9H						8721438401987				AMAZON_EU	Active
Czech Republic eSIM 3GB 15Days	Czech Republic eSIM 3GB 15Days - high speed internet - mobile data 5G compatible	0630HV748DQ	CZECH-REPUBLIC-3GB-15D	7.99		2026-07-01 01:55:34 CEST		y	4			11				B0FR9SB2Q3						8721438401949				AMAZON_EU	Active
Czech Republic eSIM 5GB 30Days	Czech Republic eSIM 5GB 30Days - high speed internet - mobile data 5G compatible	0630HUXTQF3	CZECH-REPUBLIC-5GB-30D	8.99		2026-07-01 01:58:47 CEST		y	4			11				B0FR9BY2LF						8721438401963				AMAZON_EU	Active
Denmark eSIM 20GB 30Days	Denmark eSIM 20GB 30Days - high speed internet - mobile data 5G compatible	0701HV90AI2	DENMARK-20GB-30D	14.99		2026-07-01 02:11:27 CEST		y	4			11				B0FR9QPF45						8721438402052				AMAZON_EU	Active
Denmark eSIM 3GB 15Days	Denmark eSIM 3GB 15Days - high speed internet - mobile data 5G compatible	0701HV76USW	DENMARK-3GB-15D	7.99		2026-07-01 02:05:18 CEST		y	4			11				B0FR9GSNP4						8721438402014				AMAZON_EU	Active
Denmark eSIM 5GB 30Days	Denmark eSIM 5GB 30Days - high speed internet - mobile data 5G compatible	0701HUXX1R1	DENMARK-5GB-30D	8.99		2026-07-01 02:08:32 CEST		y	4			11				B0FR8XQYR4						8721438402038				AMAZON_EU	Active
Dominican Republic eSIM 20GB 30Days	Dominican Republic eSIM 20GB 30Days - high speed internet - mobile data 5G compatible	0701HVA6E1O	DOMINICAN-REPUBLIC-20GB-30D	38.99		2026-07-01 02:20:40 CEST		y	4			11				B0FR9C6DJF						8721438402106				AMAZON_EU	Active
Dominican Republic eSIM 3GB 15Days	Dominican Republic eSIM 3GB 15Days - high speed internet - mobile data 5G compatible	0701HVBILRD	DOMINICAN-REPUBLIC-3GB-15D	12.99		2026-07-01 02:15:01 CEST		y	4			11				B0FR9GSKZF						8721438402083				AMAZON_EU	Active
Dominican Republic eSIM 5GB 30Days	Dominican Republic eSIM 5GB 30Days - high speed internet - mobile data 5G compatible	0701HV42EYO	DOMINICAN-REPUBLIC-5GB-30D	14.99		2026-07-01 02:17:44 CEST		y	4			11				B0FR9GQKCM						8721438402090				AMAZON_EU	Active
Ecuador eSIM 3GB 15Days	Ecuador eSIM 3GB 15Days - high speed internet - mobile data 5G compatible	0701HVCYXJ0	ECUADOR-3GB-15D	13.99		2026-07-01 02:23:53 CEST		y	4			11				B0FR9RM6MP						8721438402120				AMAZON_EU	Active
Egypt eSIM 20GB 30Days	Egypt eSIM 20GB 30Days - high speed internet - mobile data 5G compatible	0701HVEXFM2	EGYPT-20GB-30D	29.99		2026-07-01 02:34:09 CEST		y	4			11				B0FR9GQBGL						8721438402182				AMAZON_EU	Active
Egypt eSIM 3GB 15Days	Egypt eSIM 3GB 15Days - high speed internet - mobile data 5G compatible	0701HVD3ENM	EGYPT-3GB-15D	9.99		2026-07-01 02:28:07 CEST		y	4			11				B0FR9C784N						8721438402144				AMAZON_EU	Active
Egypt eSIM 5GB 30Days	Egypt eSIM 5GB 30Days - high speed internet - mobile data 5G compatible	0701HVHCL0U	EGYPT-5GB-30D	14.99		2026-07-01 02:30:50 CEST		y	4			11				B0FR9LR5KJ						8721438402168				AMAZON_EU	Active
El Salvador eSIM 3GB 15Days	El Salvador eSIM 3GB 15Days - high speed internet - mobile data 5G compatible	0701HVB3MTQ	EL-SALVADOR-3GB-15D	17.99		2026-07-01 02:37:33 CEST		y	4			11				B0FR9LJ7X4						8721438402236				AMAZON_EU	Active
Estonia eSIM 20GB 30Days	Estonia eSIM 20GB 30Days - high speed internet - mobile data 5G compatible	0701HV1AYUT	ESTONIA-20GB-30D	14.99		2026-07-01 02:46:53 CEST		y	4			11				B0FR9L527N						8721438402298				AMAZON_EU	Active
Estonia eSIM 3GB 15Days	Estonia eSIM 3GB 15Days - high speed internet - mobile data 5G compatible	0701HV47F8J	ESTONIA-3GB-15D	7.99		2026-07-01 02:41:15 CEST		y	4			11				B0FR9GST1S						8721438402250				AMAZON_EU	Active
Estonia eSIM 5GB 30Days	Estonia eSIM 5GB 30Days - high speed internet - mobile data 5G compatible	0701HV7FDVK	ESTONIA-5GB-30D	8.99		2026-07-01 02:44:08 CEST		y	4			11				B0FR9GQYKB						8721438402274				AMAZON_EU	Active
Europe(40+ areas) eSIM 20GB 30Days	Europe(40+ areas) eSIM 20GB 30Days - high speed internet - mobile data 5G compatible	0701HVBWKSQ	EUROPE-40-AREAS-20GB-30D	18.99		2026-07-01 02:53:02 CEST		y	4			11				B0FR9TNPV3						8721438402496				AMAZON_EU	Active
Europe(40+ areas) eSIM 5GB 30Days	Europe(40+ areas) eSIM 5GB 30Days - high speed internet - mobile data 5G compatible	0701HUYE1BV	EUROPE-40-AREAS-5GB-30D	8.99		2026-07-01 02:49:58 CEST		y	4			11				B0FR9RYSSS						8721438402472				AMAZON_EU	Active
Finland eSIM 3GB 15Days	Finland eSIM 3GB 15Days - high speed internet - mobile data 5G compatible	0701HV1DWJ3	FINLAND-3GB-15D	7.99		2026-07-01 02:56:36 CEST		y	4			11				B0FR9GSND6						8721438402533				AMAZON_EU	Active
Finland eSIM 5GB 30Days	Finland eSIM 5GB 30Days - high speed internet - mobile data 5G compatible	0701HVBK3N2	FINLAND-5GB-30D	8.99		2026-07-01 03:00:00 CEST		y	4			11				B0FR9SB3BJ						8721438402557				AMAZON_EU	Active
France eSIM 20GB 30Days	France eSIM 20GB 30Days - high speed internet - mobile data 5G compatible	0701HVES476	FRANCE-20GB-30D	14.99		2026-07-01 03:11:24 CEST		y	4			11				B0FR9GPMC5						8721438402632				AMAZON_EU	Active
France eSIM 3GB 15Days	France eSIM 3GB 15Days - high speed internet - mobile data 5G compatible	0701HVDDYVX	FRANCE-3GB-15D	7.99		2026-07-01 03:03:57 CEST		y	4			11				B0FR9C5ZB6						8721438402595				AMAZON_EU	Active
France eSIM 5GB 30Days	France eSIM 5GB 30Days - high speed internet - mobile data 5G compatible	0701HV1ICDE	FRANCE-5GB-30D	8.99		2026-07-01 03:07:44 CEST		y	4			11				B0FR9LMDW5						8721438402618				AMAZON_EU	Active
Gabon eSIM 3GB 15Days	Gabon eSIM 3GB 15Days - high speed internet - mobile data 5G compatible	0701HVDA5YL	GABON-3GB-15D	16.99		2026-07-01 03:14:49 CEST		y	4			11				B0FR9GPX9T						8721438402700				AMAZON_EU	Active
Georgia eSIM 20GB 30Days	Georgia eSIM 20GB 30Days - high speed internet - mobile data 5G compatible	0701HVAO1CR	GEORGIA-20GB-30D	24.99		2026-07-01 03:21:43 CEST		y	4			11				B0FR9C73NK						8721438402748				AMAZON_EU	Active
Georgia eSIM 3GB 15Days	Georgia eSIM 3GB 15Days - high speed internet - mobile data 5G compatible	0701HV9WUU7	GEORGIA-3GB-15D	8.99		2026-07-01 03:18:30 CEST		y	4			11				B0FR9KMX2N						8721438402724				AMAZON_EU	Active
Germany eSIM 20GB 30Days	Germany eSIM 20GB 30Days - high speed internet - mobile data 5G compatible	0701HVEEJ25	GERMANY-20GB-30D	14.99		2026-07-01 03:33:16 CEST		y	4			11				B0GSZP9H94						8721438402809				AMAZON_EU	Active
Germany eSIM 3GB 15Days	Germany eSIM 3GB 15Days - high speed internet - mobile data 5G compatible	0701HV1MC7W	GERMANY-3GB-15D	7.99		2026-07-01 03:25:49 CEST		y	4			11				B0GSZBMLKV						8721438402762				AMAZON_EU	Active
Germany eSIM 5GB 30Days	Germany eSIM 5GB 30Days - high speed internet - mobile data 5G compatible	0701HVGR9KD	GERMANY-5GB-30D	8.99		2026-07-01 03:29:36 CEST		y	4			11				B0GSZDYWLZ						8721438402786				AMAZON_EU	Active
Gibraltar eSIM 3GB 15Days	Gibraltar eSIM 3GB 15Days - high speed internet - mobile data 5G compatible	0701HVDBSQU	GIBRALTAR-3GB-15D	7.99		2026-07-01 03:36:40 CEST		y	4			11				B0FR8XSPMC						8721438402878				AMAZON_EU	Active
Global139 eSIM 5GB 30Days	Global139 eSIM 5GB 30Days - high speed internet - mobile data 5G compatible	0701HVABJMT	GLOBAL139-5GB-30D	40.99		2026-07-01 03:40:32 CEST		y	4			11				B0FR9VNTLY						8721438403004				AMAZON_EU	Active
Greece eSIM 20GB 30Days	Greece eSIM 20GB 30Days - high speed internet - mobile data 5G compatible	0701HVIJT8W	GREECE-20GB-30D	16.99		2026-07-01 03:52:16 CEST		y	4			11				B0FR9KJGBG						8721438403080				AMAZON_EU	Active
Greece eSIM 5GB 30Days	Greece eSIM 5GB 30Days - high speed internet - mobile data 5G compatible	0701HVAOAWO	GREECE-5GB-30D	8.99		2026-07-01 03:48:35 CEST		y	4			11				B0FR9C7SMF						8721438403066				AMAZON_EU	Active
Guadeloupe eSIM 20GB 30Days	Guadeloupe eSIM 20GB 30Days - high speed internet - mobile data 5G compatible	0701HVI5L1M	GUADELOUPE-20GB-30D	16.99		2026-07-01 03:59:14 CEST		y	4			11				B0FR8XTBF6						8721438403127				AMAZON_EU	Active
Guadeloupe eSIM 3GB 15Days	Guadeloupe eSIM 3GB 15Days - high speed internet - mobile data 5G compatible	0701HVAYXRF	GUADELOUPE-3GB-15D	7.99		2026-07-01 03:56:01 CEST		y	4			11				B0FR9TMVWK						8721438403110				AMAZON_EU	Active
Guam eSIM 20GB 30Days	Guam eSIM 20GB 30Days - high speed internet - mobile data 5G compatible	0701HVIEYOA	GUAM-20GB-30D	57.99		2026-07-01 04:09:19 CEST		y	4			11				B0FR9C7MGP						8721438403189				AMAZON_EU	Active
Guam eSIM 3GB 15Days	Guam eSIM 3GB 15Days - high speed internet - mobile data 5G compatible	0701HVEP1D1	GUAM-3GB-15D	17.99		2026-07-01 04:02:28 CEST		y	4			11				B0FR9GVSSF						8721438403141				AMAZON_EU	Active
Guam eSIM 5GB 30Days	Guam eSIM 5GB 30Days - high speed internet - mobile data 5G compatible	0701HVGAZVQ	GUAM-5GB-30D	19.99		2026-07-01 04:05:53 CEST		y	4			11				B0FR9SVP8Y						8721438403165				AMAZON_EU	Active
Guatemala eSIM 3GB 15Days	Guatemala eSIM 3GB 15Days - high speed internet - mobile data 5G compatible	0701HVGX1S6	GUATEMALA-3GB-15D	15.99		2026-07-01 04:13:26 CEST		y	4			11				B0FR9VC6VD						8721438403202				AMAZON_EU	Active
Guernsey eSIM 20GB 30Days	Guernsey eSIM 20GB 30Days - high speed internet - mobile data 5G compatible	0701HVJFBI7	GUERNSEY-20GB-30D	46.99		2026-07-01 04:23:43 CEST		y	4			11				B0FR9LYWWY						8721438403257				AMAZON_EU	Active
Guernsey eSIM 3GB 15Days	Guernsey eSIM 3GB 15Days - high speed internet - mobile data 5G compatible	0701HVGJSSO	GUERNSEY-3GB-15D	13.99		2026-07-01 04:17:01 CEST		y	4			11				B0FR9SMWDN						8721438403226				AMAZON_EU	Active
Guernsey eSIM 5GB 30Days	Guernsey eSIM 5GB 30Days - high speed internet - mobile data 5G compatible	0701HVH6UK7	GUERNSEY-5GB-30D	19.99		2026-07-01 04:20:25 CEST		y	4			11				B0FR9C5PXR						8721438403240				AMAZON_EU	Active
Honduras eSIM 3GB 15Days	Honduras eSIM 3GB 15Days - high speed internet - mobile data 5G compatible	0701HVN087J	HONDURAS-3GB-15D	13.99		2026-07-01 04:27:38 CEST		y	4			11				B0FR9ZYV5G						8721438403356				AMAZON_EU	Active
Hong Kong eSIM 20GB 30Days	Hong Kong eSIM 20GB 30Days - high speed internet - mobile data 5G compatible	0701HVLGJRT	HONG-KONG-20GB-30D	14.99		2026-07-01 04:39:17 CEST		y	4			11				B0FR9GXZ6F						8721438403417				AMAZON_EU	Active
Hong Kong eSIM 3GB 15Days	Hong Kong eSIM 3GB 15Days - high speed internet - mobile data 5G compatible	0701HVISF5T	HONG-KONG-3GB-15D	7.99		2026-07-01 04:31:51 CEST		y	4			11				B0FR9CC6Q8						8721438403370				AMAZON_EU	Active
Hong Kong eSIM 5GB 30Days	Hong Kong eSIM 5GB 30Days - high speed internet - mobile data 5G compatible	0701HVMFKFH	HONG-KONG-5GB-30D	8.99		2026-07-01 04:35:37 CEST		y	4			11				B0FR9GXYYL						8721438403394				AMAZON_EU	Active
Hungary eSIM 20GB 30Days	Hungary eSIM 20GB 30Days - high speed internet - mobile data 5G compatible	0701HVLPP5P	HUNGARY-20GB-30D	14.99		2026-07-01 04:48:50 CEST		y	4			11				B0FR9ZVYYQ						8721438403523				AMAZON_EU	Active
Hungary eSIM 3GB 15Days	Hungary eSIM 3GB 15Days - high speed internet - mobile data 5G compatible	0701HVKYW83	HUNGARY-3GB-15D	7.99		2026-07-01 04:42:10 CEST		y	4			11				B0FR9C9JVW						8721438403486				AMAZON_EU	Active
Hungary eSIM 5GB 30Days	Hungary eSIM 5GB 30Days - high speed internet - mobile data 5G compatible	0701HVM9YTI	HUNGARY-5GB-30D	8.99		2026-07-01 04:45:34 CEST		y	4			11				B0FR9GY3R5						8721438403509				AMAZON_EU	Active
Iceland eSIM 20GB 30Days	Iceland eSIM 20GB 30Days - high speed internet - mobile data 5G compatible	0701HVMDCPO	ICELAND-20GB-30D	16.99		2026-07-01 04:58:54 CEST		y	4			11				B0FR9GX6LF						8721438403592				AMAZON_EU	Active
Iceland eSIM 3GB 15Days	Iceland eSIM 3GB 15Days - high speed internet - mobile data 5G compatible	0701HVQYMTT	ICELAND-3GB-15D	7.99		2026-07-01 04:52:14 CEST		y	4			11				B0FR9TBBK1						8721438403554				AMAZON_EU	Active
Iceland eSIM 5GB 30Days	Iceland eSIM 5GB 30Days - high speed internet - mobile data 5G compatible	0701HVU5HK5	ICELAND-5GB-30D	8.99		2026-07-01 04:55:48 CEST		y	4			11				B0FR9ZWQBD						8721438403578				AMAZON_EU	Active
India eSIM 20GB 30Days	India eSIM 20GB 30Days - high speed internet - mobile data 5G compatible	0701HVUZZGD	INDIA-20GB-30D	41.99		2026-07-01 05:10:21 CEST		y	4			11				B0FR9DYMHX						8721438403653				AMAZON_EU	Active
India eSIM 3GB 15Days	India eSIM 3GB 15Days - high speed internet - mobile data 5G compatible	0701HVUXACD	INDIA-3GB-15D	13.99		2026-07-01 05:02:51 CEST		y	4			11				B0FR9ZM116						8721438403622				AMAZON_EU	Active
India eSIM 5GB 30Days	India eSIM 5GB 30Days - high speed internet - mobile data 5G compatible	0701HVY2IIC	INDIA-5GB-30D	14.99		2026-07-01 05:06:40 CEST		y	4			11				B0FR9GXWN9						8721438403639				AMAZON_EU	Active
Indonesia eSIM 20GB 30Days	Indonesia eSIM 20GB 30Days - high speed internet - mobile data 5G compatible	0701HVY7BJB	INDONESIA-20GB-30D	14.99		2026-07-01 05:21:59 CEST		y	4			11				B0FR9QXRDQ						8721438403745				AMAZON_EU	Active
Indonesia eSIM 5GB 30Days	Indonesia eSIM 5GB 30Days - high speed internet - mobile data 5G compatible	0701HVXG4OY	INDONESIA-5GB-30D	8.99		2026-07-01 05:18:17 CEST		y	4			11				B0FR8XW5DR						8721438403721				AMAZON_EU	Active
Ireland eSIM 20GB 30Days	Ireland eSIM 20GB 30Days - high speed internet - mobile data 5G compatible	0701HVYG8FF	IRELAND-20GB-30D	16.99		2026-07-01 05:33:40 CEST		y	4			11				B0FR9SZG2Z						8721438403905				AMAZON_EU	Active
Ireland eSIM 3GB 15Days	Ireland eSIM 3GB 15Days - high speed internet - mobile data 5G compatible	0701HVO8UOU	IRELAND-3GB-15D	7.99		2026-07-01 05:26:08 CEST		y	4			11				B0FR8XV57F						8721438403868				AMAZON_EU	Active
Ireland eSIM 5GB 30Days	Ireland eSIM 5GB 30Days - high speed internet - mobile data 5G compatible	0701HVOX3AM	IRELAND-5GB-30D	8.99		2026-07-01 05:29:58 CEST		y	4			11				B0FR9GYKQL						8721438403882				AMAZON_EU	Active
Isle of Man eSIM 20GB 30Days	Isle of Man eSIM 20GB 30Days - high speed internet - mobile data 5G compatible	0701HVP548L	ISLE-OF-MAN-20GB-30D	22.99		2026-07-01 05:44:27 CEST		y	4			11				B0FR9CB5LK						8721438403974				AMAZON_EU	Active
Isle of Man eSIM 3GB 15Days	Isle of Man eSIM 3GB 15Days - high speed internet - mobile data 5G compatible	0701HVSC1MQ	ISLE-OF-MAN-3GB-15D	8.99		2026-07-01 05:37:36 CEST		y	4			11				B0FR9LZ7RL						8721438403943				AMAZON_EU	Active
Isle of Man eSIM 5GB 30Days	Isle of Man eSIM 5GB 30Days - high speed internet - mobile data 5G compatible	0701HVSE0E1	ISLE-OF-MAN-5GB-30D	11.99		2026-07-01 05:41:00 CEST		y	4			11				B0FR9M27XY						8721438403967				AMAZON_EU	Active
Israel eSIM 20GB 30Days	Israel eSIM 20GB 30Days - high speed internet - mobile data 5G compatible	0701HW06NM6	ISRAEL-20GB-30D	29.99		2026-07-01 05:55:04 CEST		y	4			11				B0FR9K8SQ1						8721438404032				AMAZON_EU	Active
Israel eSIM 3GB 15Days	Israel eSIM 3GB 15Days - high speed internet - mobile data 5G compatible	0701HVY9GCH	ISRAEL-3GB-15D	9.99		2026-07-01 05:48:32 CEST		y	4			11				B0FR9M11H1						8721438403998				AMAZON_EU	Active
Israel eSIM 5GB 30Days	Israel eSIM 5GB 30Days - high speed internet - mobile data 5G compatible	0701HVYQ4B6	ISRAEL-5GB-30D	11.99		2026-07-01 05:51:36 CEST		y	4			11				B0FR8XVZZM						8721438404018				AMAZON_EU	Active
Italy eSIM 20GB 30Days	Italy eSIM 20GB 30Days - high speed internet - mobile data 5G compatible	0701HW0V9GD	ITALY-20GB-30D	14.99		2026-07-01 06:06:43 CEST		y	4			11				B0FR9RNZV2						8721438404148				AMAZON_EU	Active
Italy eSIM 5GB 30Days	Italy eSIM 5GB 30Days - high speed internet - mobile data 5G compatible	0701HVVMMLH	ITALY-5GB-30D	8.99		2026-07-01 06:03:02 CEST		y	4			11				B0FR9ZR2TH						8721438404124				AMAZON_EU	Active
Japan eSIM 20GB 30Days	Japan eSIM 20GB 30Days - high speed internet - mobile data 5G compatible	0701HVSWHDM	JAPAN-20GB-30D	14.99		2026-07-01 06:18:20 CEST		y	4			11				B0FR9RZKRB						8721438404254				AMAZON_EU	Active
Japan eSIM 3GB 15Days	Japan eSIM 3GB 15Days - high speed internet - mobile data 5G compatible	0701HVSUO0G	JAPAN-3GB-15D	7.99		2026-07-01 06:10:51 CEST		y	4			11				B0FR9LVZVQ						8721438404216				AMAZON_EU	Active
Japan eSIM 5GB 30Days	Japan eSIM 5GB 30Days - high speed internet - mobile data 5G compatible	0701HVPM0UV	JAPAN-5GB-30D	8.99		2026-07-01 06:14:39 CEST		y	4			11				B0FR9TLXXH						8721438404230				AMAZON_EU	Active
Jersey eSIM 20GB 30Days	Jersey eSIM 20GB 30Days - high speed internet - mobile data 5G compatible	0701HW49EOF	JERSEY-20GB-30D	14.99		2026-07-01 06:28:58 CEST		y	4			11				B0FR9CBQDH						8721438404377				AMAZON_EU	Active
Jersey eSIM 3GB 15Days	Jersey eSIM 3GB 15Days - high speed internet - mobile data 5G compatible	0701HW1I43M	JERSEY-3GB-15D	7.99		2026-07-01 06:22:06 CEST		y	4			11				B0FR9GYMR5						8721438404346				AMAZON_EU	Active
Jersey eSIM 5GB 30Days	Jersey eSIM 5GB 30Days - high speed internet - mobile data 5G compatible	0701HVSXVLE	JERSEY-5GB-30D	8.99		2026-07-01 06:25:40 CEST		y	4			11				B0FR9M27GP						8721438404360				AMAZON_EU	Active
Jordan eSIM 20GB 30Days	Jordan eSIM 20GB 30Days - high speed internet - mobile data 5G compatible	0701HVW414S	JORDAN-20GB-30D	42.99		2026-07-01 06:39:14 CEST		y	4			11				B0FR9ST188						8721438404438				AMAZON_EU	Active
Jordan eSIM 3GB 15Days	Jordan eSIM 3GB 15Days - high speed internet - mobile data 5G compatible	0701HVQ2Z6K	JORDAN-3GB-15D	12.99		2026-07-01 06:32:43 CEST		y	4			11				B0FR9M144Z						8721438404391				AMAZON_EU	Active
Jordan eSIM 5GB 30Days	Jordan eSIM 5GB 30Days - high speed internet - mobile data 5G compatible	0701HVZC0UC	JORDAN-5GB-30D	13.99		2026-07-01 06:36:18 CEST		y	4			11				B0FR9ZTZNK						8721438404414				AMAZON_EU	Active
Kazakhstan eSIM 20GB 30Days	Kazakhstan eSIM 20GB 30Days - high speed internet - mobile data 5G compatible	0701HVZERZS	KAZAKHSTAN-20GB-30D	19.99		2026-07-01 06:49:29 CEST		y	4			11				B0FR9TLNNW						8721438404483				AMAZON_EU	Active
Kazakhstan eSIM 3GB 15Days	Kazakhstan eSIM 3GB 15Days - high speed internet - mobile data 5G compatible	0701HVVWDK4	KAZAKHSTAN-3GB-15D	7.99		2026-07-01 06:42:49 CEST		y	4			11				B0FR9T4DG2						8721438404452				AMAZON_EU	Active
Kazakhstan eSIM 5GB 30Days	Kazakhstan eSIM 5GB 30Days - high speed internet - mobile data 5G compatible	0701HVT894S	KAZAKHSTAN-5GB-30D	9.99		2026-07-01 06:46:13 CEST		y	4			11				B0FR9ZMMSH						8721438404469				AMAZON_EU	Active
Aaland Islands eSIM 20GB 30Days	Aaland Islands eSIM 20GB 30Days - high speed internet - mobile data 5G compatible	0630HUYLYTG	AALAND-ISLANDS-20GB-30D	33.99	0	2026-06-30 22:44:12 CEST		y	4			11				B0FR39Q1KJ						8721438400041			0	DEFAULT	Inactive
Aaland Islands eSIM 3GB 15Days	Aaland Islands eSIM 3GB 15Days - high speed internet - mobile data 5G compatible	0630HUZESOK	AALAND-ISLANDS-3GB-15D	8.99	0	2026-06-30 22:37:42 CEST		y	4			11				B0FR3CCSMB						8721438400010			0	DEFAULT	Inactive
Aaland Islands eSIM 5GB 30Days	Aaland Islands eSIM 5GB 30Days - high speed internet - mobile data 5G compatible	0630HUYZ1GJ	AALAND-ISLANDS-5GB-30D	12.99	0	2026-06-30 22:41:17 CEST		y	4			11				B0FR3G6JWB						8721438400034			0	DEFAULT	Inactive
United Arab Emirates eSIM 20GB 30Days		0325HRU46BP	AE_20_30	42.48	0	2026-03-25 09:31:17 CET		y	1			11				B0FRB7TFJR						B0FRB7TFJR			0	DEFAULT	Inactive
United Arab Emirates eSIM 3GB 15Days		0325HS1ZWBS	AE_3_15	10.61	0	2026-03-25 09:39:14 CET		y	1			11				B0FRBBYBGH						B0FRBBYBGH			0	DEFAULT	Inactive
United Arab Emirates eSIM 5GB 30Days		0325HR58JGT	AE_5_30	14.15	0	2026-03-25 06:11:08 CET		y	1			11				B0FRB89XHX						B0FRB89XHX			0	DEFAULT	Inactive
Africa eSIM 5GB 30Days		0812HQ38A0V	AF-29_5_30	33.03	0	2026-08-12 15:29:10 CEST		y	1			11				B0FR3GK9Z7						B0FR3GK9Z7			0	DEFAULT	Inactive
Africa eSIM 5GB 30Days	Africa eSIM 5GB 30Days - high speed internet - mobile data 5G compatible	0630HUUL454	AFRICA-5GB-30D	29.99	0	2026-06-30 22:47:47 CEST		y	4			11				B0FR3GK9Z7						8721438400072			0	DEFAULT	Inactive
Albania eSIM 5GB 30Days	Albania eSIM 5GB 30Days - high speed internet - mobile data 5G compatible	0630HUZA9CF	ALBANIA-5GB-30D	10.99	0	2026-06-30 22:51:27 CEST		y	4			11				B0FR4ZG3Z6						8721438400102			0	DEFAULT	Inactive
Algeria eSIM 20GB 30Days	Algeria eSIM 20GB 30Days - high speed internet - mobile data 5G compatible	0630HTLFJKO	ALGERIA-20GB-30D	26.99	0	2026-06-30 13:32:18 CEST		y	4			11				B0H6M5TDMD						8721438408443			0	DEFAULT	Inactive
Algeria eSIM 3GB 15Days	Algeria eSIM 3GB 15Days - high speed internet - mobile data 5G compatible	0630HTIGAB2	ALGERIA-3GB-15D	8.99	0	2026-06-30 13:24:24 CEST		y	4			11				B0H6M9R3WH						8721438408429			0	DEFAULT	Inactive
Algeria eSIM 5GB 30Days	Algeria eSIM 5GB 30Days - high speed internet - mobile data 5G compatible	0630HTNUVK6	ALGERIA-5GB-30D	11.99	0	2026-06-30 13:28:28 CEST		y	4			11				B0H6MDYKG8						8721438408436			0	DEFAULT	Inactive
Albania eSIM 5GB 30Days		0812HPTVUC1	AL_5_30	14.15	0	2026-08-12 15:21:32 CEST		y	1			11				B0FR4ZG3Z6						B0FR4ZG3Z6			0	DEFAULT	Inactive
Armenia eSIM 20GB 30Days		0812HQ24GGD	AM_20_30	59.59	0	2026-08-12 15:26:53 CEST		y	1			11				B0FR4ZT5XT						B0FR4ZT5XT			0	DEFAULT	Inactive
Armenia eSIM 3GB 15Days		0812HQ4DG7F	AM_3_15	10.61	0	2026-08-12 15:29:00 CEST		y	1			11				B0FR5BK9R4						B0FR5BK9R4			0	DEFAULT	Inactive
Andorra eSIM 20GB 30Days	Andorra eSIM 20GB 30Days - high speed internet - mobile data 5G compatible	0630HTIUPE7	ANDORRA-20GB-30D	43.99	0	2026-06-30 13:43:39 CEST		y	4			11				B0H6MJ97WC						8721438408474			0	DEFAULT	Inactive
Andorra eSIM 3GB 15Days	Andorra eSIM 3GB 15Days - high speed internet - mobile data 5G compatible	0630HTLNRMU	ANDORRA-3GB-15D	14.99	0	2026-06-30 13:36:17 CEST		y	4			11				B0H6MBPRYN						8721438408450			0	DEFAULT	Inactive
Andorra eSIM 5GB 30Days	Andorra eSIM 5GB 30Days - high speed internet - mobile data 5G compatible	0630HTRDAYS	ANDORRA-5GB-30D	16.99	0	2026-06-30 13:40:10 CEST		y	4			11				B0H6M5P65S						8721438408467			0	DEFAULT	Inactive
Angola eSIM 3GB 15Days	Angola eSIM 3GB 15Days - high speed internet - mobile data 5G compatible	0630HTU6KQY	ANGOLA-3GB-15D	34.99	0	2026-06-30 13:47:07 CEST		y	4			11				B0H6M5RWZH						8721438408481			0	DEFAULT	Inactive
Angola eSIM 5GB 30Days	Angola eSIM 5GB 30Days - high speed internet - mobile data 5G compatible	0630HTDCIT8	ANGOLA-5GB-30D	57.99	0	2026-06-30 14:29:39 CEST		y	4			11				B0H6MKZSB4						8721438408498			0	DEFAULT	Inactive
Anguilla eSIM 20GB 30Days	Anguilla eSIM 20GB 30Days - high speed internet - mobile data 5G compatible	0630HTMADIA	ANGUILLA-20GB-30D	86.99	0	2026-06-30 14:31:47 CEST		y	4			11				B0H6MHMZY8						8721438408535			0	DEFAULT	Inactive
Anguilla eSIM 3GB 15Days	Anguilla eSIM 3GB 15Days - high speed internet - mobile data 5G compatible	0630HTQRYMW	ANGUILLA-3GB-15D	23.99	0	2026-06-30 14:30:38 CEST		y	4			11				B0H6M7X7QY						8721438408511			0	DEFAULT	Inactive
Anguilla eSIM 5GB 30Days	Anguilla eSIM 5GB 30Days - high speed internet - mobile data 5G compatible	0630HTUH60K	ANGUILLA-5GB-30D	31.99	0	2026-06-30 14:31:22 CEST		y	4			11				B0H6MFJ63H						8721438408528			0	DEFAULT	Inactive
Antigua and Barbuda eSIM 20GB 30Days	Antigua and Barbuda eSIM 20GB 30Days - high speed internet - mobile data 5G compatible	0630HTXEAAM	ANTIGUA-AND-BARBUDA-20GB-30D	98.99	0	2026-06-30 14:39:29 CEST		y	4			11				B0H6M2MQJB						8721438408566			0	DEFAULT	Inactive
Antigua and Barbuda eSIM 3GB 15Days	Antigua and Barbuda eSIM 3GB 15Days - high speed internet - mobile data 5G compatible	0630HTL3YAT	ANTIGUA-AND-BARBUDA-3GB-15D	25.99	0	2026-06-30 14:32:47 CEST		y	4			11				B0H6MBBFLQ						8721438408542			0	DEFAULT	Inactive
Antigua and Barbuda eSIM 5GB 30Days	Antigua and Barbuda eSIM 5GB 30Days - high speed internet - mobile data 5G compatible	0630HTSD4VJ	ANTIGUA-AND-BARBUDA-5GB-30D	34.99	0	2026-06-30 14:36:12 CEST		y	4			11				B0H6MCR5F9						8721438408559			0	DEFAULT	Inactive
Argentina eSIM 20GB 30Days	Argentina eSIM 20GB 30Days - high speed internet - mobile data 5G compatible	0630HV5FSIY	ARGENTINA-20GB-30D	36.99	0	2026-06-30 22:58:33 CEST		y	4			11				B0FR5DCH33						8721438400133			0	DEFAULT	Inactive
Argentina eSIM 3GB 15Days	Argentina eSIM 3GB 15Days - high speed internet - mobile data 5G compatible	0630HUVTGVV	ARGENTINA-3GB-15D	12.99	0	2026-06-30 22:55:19 CEST		y	4			11				B0FR554SXN						8721438400126			0	DEFAULT	Inactive
Armenia eSIM 20GB 30Days	Armenia eSIM 20GB 30Days - high speed internet - mobile data 5G compatible	0630HUYJ68M	ARMENIA-20GB-30D	30.99	0	2026-06-30 23:05:20 CEST		y	4			11				B0FR4ZT5XT						8721438400188			0	DEFAULT	Inactive
Armenia eSIM 3GB 15Days	Armenia eSIM 3GB 15Days - high speed internet - mobile data 5G compatible	0630HUVKZKR	ARMENIA-3GB-15D	8.99	0	2026-06-30 23:02:07 CEST		y	4			11				B0FR5BK9R4						8721438400164			0	DEFAULT	Inactive
Argentina eSIM 20GB 30Days		0812HQ222Y1	AR_20_30	63.13	0	2026-08-12 15:27:26 CEST		y	1			11				B0FR5DCH33						B0FR5DCH33			0	DEFAULT	Inactive
Argentina eSIM 3GB 15Days		0812HQ45G8T	AR_3_15	14.15	0	2026-08-12 15:28:02 CEST		y	1			11				B0FR554SXN						B0FR554SXN			0	DEFAULT	Inactive
Asia-20 eSIM 3GB 15Days		0812HPYZ1XL	AS-20_3_15	14.15	0	2026-08-12 15:23:34 CEST		y	1			11				B0FR9FZ4RF						B0FR9FZ4RF			0	DEFAULT	Inactive
Asia-20 eSIM 5GB 30Days		0812HPY6LD1	AS-20_5_30	21.82	0	2026-08-12 15:23:05 CEST		y	1			11				B0FR9BQNSV						B0FR9BQNSV			0	DEFAULT	Inactive
Asia-20 eSIM 3GB 15Days	Asia-20 eSIM 3GB 15Days - high speed internet - mobile data 5G compatible	0630HUW38D2	ASIA-20-3GB-15D	11.99	0	2026-06-30 23:09:06 CEST		y	4			11				B0FR9FZ4RF						8721438400317			0	DEFAULT	Inactive
Asia-20 eSIM 5GB 30Days	Asia-20 eSIM 5GB 30Days - high speed internet - mobile data 5G compatible	0630HUUWRUS	ASIA-20-5GB-30D	13.99	0	2026-06-30 23:13:41 CEST		y	4			11				B0FR9BQNSV						8721438400324			0	DEFAULT	Inactive
Austria eSIM 20GB 30Days		0812HQ36CNI	AT_20_30	19.89	0	2026-08-12 15:28:26 CEST		y	1			11				B0FR8XBSBP						B0FR8XBSBP			0	DEFAULT	Inactive
Austria eSIM 3GB 15Days		0812HQ20NQ0	AT_3_15	3.53	0	2026-08-12 15:23:01 CEST		y	1			11				B0FR9QSMSP						B0FR9QSMSP			0	DEFAULT	Inactive
Austria eSIM 5GB 30Days		0812HQ3TGNH	AT_5_30	5.3	0	2026-08-12 15:25:32 CEST		y	1			11				B0FR8XCH78						B0FR8XCH78			0	DEFAULT	Inactive
Australia eSIM 20GB 30Days	Australia eSIM 20GB 30Days - high speed internet - mobile data 5G compatible	0630HUVZA7Y	AUSTRALIA-20GB-30D	14.99	0	2026-06-30 23:24:28 CEST		y	4			11				B0FR9G1ZQJ						8721438400416			0	DEFAULT	Inactive
Australia eSIM 3GB 15Days	Australia eSIM 3GB 15Days - high speed internet - mobile data 5G compatible	0630HUW8F91	AUSTRALIA-3GB-15D	7.99	0	2026-06-30 23:17:01 CEST		y	4			11				B0FR9SKY4D						8721438400386			0	DEFAULT	Inactive
Australia eSIM 5GB 30Days	Australia eSIM 5GB 30Days - high speed internet - mobile data 5G compatible	0630HUVYRS2	AUSTRALIA-5GB-30D	8.99	0	2026-06-30 23:20:49 CEST		y	4			11				B0FR9JRB62						8721438400393			0	DEFAULT	Inactive
Austria eSIM 20GB 30Days	Austria eSIM 20GB 30Days - high speed internet - mobile data 5G compatible	0630HV55GFS	AUSTRIA-20GB-30D	14.99	0	2026-06-30 23:34:16 CEST		y	4			11				B0FR8XBSBP						8721438400539			0	DEFAULT	Inactive
Austria eSIM 3GB 15Days	Austria eSIM 3GB 15Days - high speed internet - mobile data 5G compatible	0630HUW8FZA	AUSTRIA-3GB-15D	7.99	0	2026-06-30 23:27:54 CEST		y	4			11				B0FR9QSMSP						8721438400492			0	DEFAULT	Inactive
Austria eSIM 5GB 30Days	Austria eSIM 5GB 30Days - high speed internet - mobile data 5G compatible	0630HUZLXO6	AUSTRIA-5GB-30D	8.99	0	2026-06-30 23:30:58 CEST		y	4			11				B0FR8XCH78						8721438400515			0	DEFAULT	Inactive
Australia eSIM 20GB 30Days		0327H05AQRZ	AU_20_30	15.33	0	2026-03-27 09:36:02 CET		y	1			11				B0FR9G1ZQJ						B0FR9G1ZQJ			0	DEFAULT	Inactive
Australia eSIM 3GB 15Days		0327H0UQ4ZV	AU_3_15	6.48	0	2026-03-27 11:48:20 CET		y	1			11				B0FR9SKY4D						B0FR9SKY4D			0	DEFAULT	Inactive
Australia eSIM 5GB 30Days		0325HSEK7MS	AU_5_30	8.25	0	2026-03-25 10:13:06 CET		y	1			11				B0FR9JRB62						B0FR9JRB62			0	DEFAULT	Inactive
Aaland Islands eSIM 20GB 30Days		0812HQ1AKOF	AX_20_30	30.76	0	2026-08-12 15:27:00 CEST		y	1			11				B0FR39Q1KJ						B0FR39Q1KJ			0	DEFAULT	Inactive
Aaland Islands eSIM 3GB 15Days		0812HQ0ADJ2	AX_3_15	5.3	0	2026-08-12 15:26:46 CEST		y	1			11				B0FR3CCSMB						B0FR3CCSMB			0	DEFAULT	Inactive
Aaland Islands eSIM 5GB 30Days		0812HQ2AA2S	AX_5_30	8.84	0	2026-08-12 15:31:28 CEST		y	1			11				B0FR3G6JWB						B0FR3G6JWB			0	DEFAULT	Inactive
Azerbaijan eSIM 3GB 15Days	Azerbaijan eSIM 3GB 15Days - high speed internet - mobile data 5G compatible	0630HV5B1WG	AZERBAIJAN-3GB-15D	11.99	0	2026-06-30 23:38:01 CEST		y	4			11				B0FR9BTC98						8721438400560			0	DEFAULT	Inactive
Azerbaijan eSIM 3GB 15Days		0812HPZO7PE	AZ_3_15	27.72	0	2026-08-12 15:21:50 CEST		y	1			11				B0FR9BTC98						B0FR9BTC98			0	DEFAULT	Inactive
Bahamas eSIM 20GB 30Days	Bahamas eSIM 20GB 30Days - high speed internet - mobile data 5G compatible	0630HTSBFGS	BAHAMAS-20GB-30D	121.99	0	2026-06-30 14:49:35 CEST		y	4			11				B0H6MCPR9P						8721438408597			0	DEFAULT	Inactive
Bahamas eSIM 3GB 15Days	Bahamas eSIM 3GB 15Days - high speed internet - mobile data 5G compatible	0630HTVGAHI	BAHAMAS-3GB-15D	31.99	0	2026-06-30 14:43:04 CEST		y	4			11				B0H6MB828R						8721438408573			0	DEFAULT	Inactive
Bahamas eSIM 5GB 30Days	Bahamas eSIM 5GB 30Days - high speed internet - mobile data 5G compatible	0630HTQWAMP	BAHAMAS-5GB-30D	42.99	0	2026-06-30 14:46:18 CEST		y	4			11				B0H6MFGH8P						8721438408580			0	DEFAULT	Inactive
Bahrain eSIM 3GB 15Days	Bahrain eSIM 3GB 15Days - high speed internet - mobile data 5G compatible	0630HUWEY7B	BAHRAIN-3GB-15D	10.99	0	2026-06-30 23:41:54 CEST		y	4			11				B0FR9K64KF						8721438400591			0	DEFAULT	Inactive
Bangladesh eSIM 20GB 30Days	Bangladesh eSIM 20GB 30Days - high speed internet - mobile data 5G compatible	0630HUW4U4U	BANGLADESH-20GB-30D	22.99	0	2026-06-30 23:51:57 CEST		y	4			11				B0FR8FJ3HJ						8721438400683			0	DEFAULT	Inactive
Bangladesh eSIM 3GB 15Days	Bangladesh eSIM 3GB 15Days - high speed internet - mobile data 5G compatible	0630HV4TM6O	BANGLADESH-3GB-15D	8.99	0	2026-06-30 23:45:46 CEST		y	4			11				B0FR9L7SG3						8721438400669			0	DEFAULT	Inactive
Bangladesh eSIM 5GB 30Days	Bangladesh eSIM 5GB 30Days - high speed internet - mobile data 5G compatible	0630HV03NMB	BANGLADESH-5GB-30D	10.99	0	2026-06-30 23:49:21 CEST		y	4			11				B0FR9BQFCM						8721438400676			0	DEFAULT	Inactive
Barbados eSIM 20GB 30Days	Barbados eSIM 20GB 30Days - high speed internet - mobile data 5G compatible	0630HTV3DLD	BARBADOS-20GB-30D	84.99	0	2026-06-30 14:59:51 CEST		y	4			11				B0H6MJ921X						8721438408627			0	DEFAULT	Inactive
Barbados eSIM 3GB 15Days	Barbados eSIM 3GB 15Days - high speed internet - mobile data 5G compatible	0630HTNXW60	BARBADOS-3GB-15D	23.99	0	2026-06-30 14:53:31 CEST		y	4			11				B0H6MCD72X						8721438408603			0	DEFAULT	Inactive
Barbados eSIM 5GB 30Days	Barbados eSIM 5GB 30Days - high speed internet - mobile data 5G compatible	0630HTXQD1E	BARBADOS-5GB-30D	30.99	0	2026-06-30 14:57:06 CEST		y	4			11				B0H6MG6VYJ						8721438408610			0	DEFAULT	Inactive
Bosnia and Herzegovina eSIM 3GB 15Days		0812HPX5DFU	BA_3_15	8.25	0	2026-08-12 15:23:40 CEST		y	1			11				B0FR9G8ZVK						B0FR9G8ZVK			0	DEFAULT	Inactive
Bangladesh eSIM 20GB 30Days		0812HPVD710	BD_20_30	50.15	0	2026-08-12 15:29:14 CEST		y	1			11				B0FR8FJ3HJ						B0FR8FJ3HJ			0	DEFAULT	Inactive
Bangladesh eSIM 3GB 15Days		0812HPZB3FN	BD_3_15	11.2	0	2026-08-12 15:23:39 CEST		y	1			11				B0FR9L7SG3						B0FR9L7SG3			0	DEFAULT	Inactive
Bangladesh eSIM 5GB 30Days		0812HPWMR44	BD_5_30	17.1	0	2026-08-12 15:29:49 CEST		y	1			11				B0FR9BQFCM						B0FR9BQFCM			0	DEFAULT	Inactive
Belarus eSIM 3GB 15Days	Belarus eSIM 3GB 15Days - high speed internet - mobile data 5G compatible	0630HUWO9PI	BELARUS-3GB-15D	8.99	0	2026-06-30 23:55:00 CEST		y	4			11				B0FR9G3Z82						8721438400706			0	DEFAULT	Inactive
Belarus eSIM 5GB 30Days	Belarus eSIM 5GB 30Days - high speed internet - mobile data 5G compatible	0630HV6BFVX	BELARUS-5GB-30D	11.99	0	2026-06-30 23:57:53 CEST		y	4			11				B0FR8FFT4D						8721438400713			0	DEFAULT	Inactive
Belgium eSIM 20GB 30Days	Belgium eSIM 20GB 30Days - high speed internet - mobile data 5G compatible	0630HV096CM	BELGIUM-20GB-30D	14.99	0	2026-07-01 00:09:29 CEST		y	4			11				B0FR9BVRCH						8721438400775			0	DEFAULT	Inactive
Belgium eSIM 3GB 15Days	Belgium eSIM 3GB 15Days - high speed internet - mobile data 5G compatible	0630HV5BVX0	BELGIUM-3GB-15D	7.99	0	2026-07-01 00:02:00 CEST		y	4			11				B0FR9G432K						8721438400737			0	DEFAULT	Inactive
Belgium eSIM 5GB 30Days	Belgium eSIM 5GB 30Days - high speed internet - mobile data 5G compatible	0630HV67E86	BELGIUM-5GB-30D	8.99	0	2026-07-01 00:05:48 CEST		y	4			11				B0FR9SXCW6						8721438400751			0	DEFAULT	Inactive
Belize eSIM 20GB 30Days	Belize eSIM 20GB 30Days - high speed internet - mobile data 5G compatible	0630HTN3UJJ	BELIZE-20GB-30D	144.99	0	2026-06-30 15:10:19 CEST		y	4			11				B0H6MBSQM8						8721438408658			0	DEFAULT	Inactive
Belize eSIM 3GB 15Days	Belize eSIM 3GB 15Days - high speed internet - mobile data 5G compatible	0630HTRRAH1	BELIZE-3GB-15D	31.99	0	2026-06-30 15:03:48 CEST		y	4			11				B0H6MFPNTX						8721438408634			0	DEFAULT	Inactive
Belize eSIM 5GB 30Days	Belize eSIM 5GB 30Days - high speed internet - mobile data 5G compatible	0630HTSVIUJ	BELIZE-5GB-30D	52.99	0	2026-06-30 15:07:03 CEST		y	4			11				B0H6MF1H4V						8721438408641			0	DEFAULT	Inactive
Benin eSIM 20GB 30Days	Benin eSIM 20GB 30Days - high speed internet - mobile data 5G compatible	0630HTT45F5	BENIN-20GB-30D	75.99	0	2026-06-30 15:20:00 CEST		y	4			11				B0H6M7VGSZ						8721438408689			0	DEFAULT	Inactive
Benin eSIM 3GB 15Days	Benin eSIM 3GB 15Days - high speed internet - mobile data 5G compatible	0630HTSUMSZ	BENIN-3GB-15D	18.99	0	2026-06-30 15:13:55 CEST		y	4			11				B0H6M9YHDR						8721438408665			0	DEFAULT	Inactive
Benin eSIM 5GB 30Days	Benin eSIM 5GB 30Days - high speed internet - mobile data 5G compatible	0630HTVZ2ZR	BENIN-5GB-30D	30.99	0	2026-06-30 15:17:10 CEST		y	4			11				B0H6MHRNBH						8721438408672			0	DEFAULT	Inactive
Bermuda eSIM 20GB 30Days	Bermuda eSIM 20GB 30Days - high speed internet - mobile data 5G compatible	0630HTYG6VZ	BERMUDA-20GB-30D	100.99	0	2026-06-30 15:30:47 CEST		y	4			11				B0H6MCGQ77						8721438408719			0	DEFAULT	Inactive
Bermuda eSIM 3GB 15Days	Bermuda eSIM 3GB 15Days - high speed internet - mobile data 5G compatible	0630HTX9317	BERMUDA-3GB-15D	24.99	0	2026-06-30 15:23:56 CEST		y	4			11				B0H6MDMTGH						8721438408696			0	DEFAULT	Inactive
Bermuda eSIM 5GB 30Days	Bermuda eSIM 5GB 30Days - high speed internet - mobile data 5G compatible	0630HTUNJ81	BERMUDA-5GB-30D	32.99	0	2026-06-30 15:27:20 CEST		y	4			11				B0H6MFM5X4						8721438408702			0	DEFAULT	Inactive
Belgium eSIM 20GB 30Days		0327H0X2JBD	BE_20_30	18.87	0	2026-03-27 11:51:15 CET		y	1			11				B0FR9BVRCH						B0FR9BVRCH			0	DEFAULT	Inactive
Belgium eSIM 3GB 15Days		0327H0FQGBF	BE_3_15	7.07	0	2026-03-27 09:43:33 CET		y	1			11				B0FR9G432K						B0FR9G432K			0	DEFAULT	Inactive
Belgium eSIM 5GB 30Days		0327H1152B8	BE_5_30	8.25	0	2026-03-27 12:01:46 CET		y	1			11				B0FR9SXCW6						B0FR9SXCW6			0	DEFAULT	Inactive
Burkina Faso eSIM 3GB 15Days		0812HQ1UIMY	BF_3_15	27.72	0	2026-08-12 15:26:16 CEST		y	1			11				B0FR9HWFSK						B0FR9HWFSK			0	DEFAULT	Inactive
Burkina Faso eSIM 5GB 30Days		0812HPX9UF6	BF_5_30	40.71	0	2026-08-12 15:29:42 CEST		y	1			11				B0FR9BWKSY						B0FR9BWKSY			0	DEFAULT	Inactive
Bhutan eSIM 20GB 30Days	Bhutan eSIM 20GB 30Days - high speed internet - mobile data 5G compatible	0630HTW24QE	BHUTAN-20GB-30D	57.99	0	2026-06-30 15:41:46 CEST		y	4			11				B0H6M5WDSH						8721438408740			0	DEFAULT	Inactive
Bhutan eSIM 3GB 15Days	Bhutan eSIM 3GB 15Days - high speed internet - mobile data 5G compatible	0630HTVOJOK	BHUTAN-3GB-15D	17.99	0	2026-06-30 15:34:53 CEST		y	4			11				B0H6MJB588						8721438408726			0	DEFAULT	Inactive
Bhutan eSIM 5GB 30Days	Bhutan eSIM 5GB 30Days - high speed internet - mobile data 5G compatible	0630HTW8NI2	BHUTAN-5GB-30D	19.99	0	2026-06-30 15:38:28 CEST		y	4			11				B0H6M9C23Q						8721438408733			0	DEFAULT	Inactive
Bahrain eSIM 3GB 15Days		0812HPU2K8I	BH_3_15	10.02	0	2026-08-12 15:24:30 CEST		y	1			11				B0FR9K64KF						B0FR9K64KF			0	DEFAULT	Inactive
Brunei Darussalam eSIM 20GB 30Days		0812HPYJOZ5	BN_20_30	78.47	0	2026-08-12 15:25:51 CEST		y	1			11				B0FR9F971C						B0FR9F971C			0	DEFAULT	Inactive
Brunei Darussalam eSIM 3GB 15Days		0812HPW7XTV	BN_3_15	17.69	0	2026-08-12 15:30:03 CEST		y	1			11				B0FR9KTJND						B0FR9KTJND			0	DEFAULT	Inactive
Bolivia eSIM 20GB 30Days	Bolivia eSIM 20GB 30Days - high speed internet - mobile data 5G compatible	0630HV2T21L	BOLIVIA-20GB-30D	88.99	0	2026-07-01 00:15:56 CEST		y	4			11				B0FR9RH588						8721438400829			0	DEFAULT	Inactive
Bolivia eSIM 3GB 15Days	Bolivia eSIM 3GB 15Days - high speed internet - mobile data 5G compatible	0630HUWRNZ8	BOLIVIA-3GB-15D	24.99	0	2026-07-01 00:13:04 CEST		y	4			11				B0FR8FKPKH						8721438400812			0	DEFAULT	Inactive
Bosnia and Herzegovina eSIM 3GB 15Days	Bosnia and Herzegovina eSIM 3GB 15Days - high speed internet - mobile data 5G compatible	0630HV29KCK	BOSNIA-AND-HERZEGOVINA-3GB-15D	10.99	0	2026-07-01 00:19:21 CEST		y	4			11				B0FR9G8ZVK						8721438400843			0	DEFAULT	Inactive
Botswana eSIM 3GB 15Days	Botswana eSIM 3GB 15Days - high speed internet - mobile data 5G compatible	0630HV2G36J	BOTSWANA-3GB-15D	22.99	0	2026-07-01 00:22:51 CEST		y	4			11				B0FR9G7N2Q						8721438400867			0	DEFAULT	Inactive
Bolivia eSIM 20GB 30Days		0812HQ2WE8I	BO_20_30	155.78	0	2026-08-12 15:24:47 CEST		y	1			11				B0FR9RH588						B0FR9RH588			0	DEFAULT	Inactive
Bolivia eSIM 3GB 15Days		0812HPW0EV6	BO_3_15	26.54	0	2026-08-12 15:25:57 CEST		y	1			11				B0FR8FKPKH						B0FR8FKPKH			0	DEFAULT	Inactive
Brazil eSIM 20GB 30Days	Brazil eSIM 20GB 30Days - high speed internet - mobile data 5G compatible	0630HV2A9N8	BRAZIL-20GB-30D	32.99	0	2026-07-01 00:29:15 CEST		y	4			11				B0FR9KLZCR						8721438400935			0	DEFAULT	Inactive
Brazil eSIM 3GB 15Days	Brazil eSIM 3GB 15Days - high speed internet - mobile data 5G compatible	0630HV6IMC1	BRAZIL-3GB-15D	9.99	0	2026-07-01 00:26:23 CEST		y	4			11				B0FR9G5LKV						8721438400898			0	DEFAULT	Inactive
Brunei Darussalam eSIM 20GB 30Days	Brunei Darussalam eSIM 20GB 30Days - high speed internet - mobile data 5G compatible	0630HV8L9BY	BRUNEI-DARUSSALAM-20GB-30D	65.99	0	2026-07-01 00:35:12 CEST		y	4			11				B0FR9F971C						8721438400997			0	DEFAULT	Inactive
Brunei Darussalam eSIM 3GB 15Days	Brunei Darussalam eSIM 3GB 15Days - high speed internet - mobile data 5G compatible	0630HUWYKPC	BRUNEI-DARUSSALAM-3GB-15D	13.99	0	2026-07-01 00:32:29 CEST		y	4			11				B0FR9KTJND						8721438400980			0	DEFAULT	Inactive
Brazil eSIM 20GB 30Days		0812HPXDXGE	BR_20_30	39.53	0	2026-08-12 15:30:27 CEST		y	1			11				B0FR9KLZCR						B0FR9KLZCR			0	DEFAULT	Inactive
Brazil eSIM 3GB 15Days		0812HQ157L3	BR_3_15	8.84	0	2026-08-12 15:23:43 CEST		y	1			11				B0FR9G5LKV						B0FR9G5LKV			0	DEFAULT	Inactive
Bulgaria eSIM 3GB 15Days	Bulgaria eSIM 3GB 15Days - high speed internet - mobile data 5G compatible	0630HTFMI7W	BULGARIA-3GB-15D	7.99	0	2026-06-30 13:12:31 CEST		y	4			11				B0H6MCT4Y5						8721438401031			0	DEFAULT	Inactive
Burkina Faso eSIM 3GB 15Days	Burkina Faso eSIM 3GB 15Days - high speed internet - mobile data 5G compatible	0630HV8IWN1	BURKINA-FASO-3GB-15D	11.99	0	2026-07-01 00:38:36 CEST		y	4			11				B0FR9HWFSK						8721438401086			0	DEFAULT	Inactive
Burkina Faso eSIM 5GB 30Days	Burkina Faso eSIM 5GB 30Days - high speed internet - mobile data 5G compatible	0630HV0JDUA	BURKINA-FASO-5GB-30D	34.99	0	2026-07-01 00:41:38 CEST		y	4			11				B0FR9BWKSY						8721438401093			0	DEFAULT	Inactive
Botswana eSIM 3GB 15Days		0812HQ06W9R	BW_3_15	27.72	0	2026-08-12 15:29:57 CEST		y	1			11				B0FR9G7N2Q						B0FR9G7N2Q			0	DEFAULT	Inactive
Belarus eSIM 3GB 15Days		0812HPX8I5D	BY_3_15	10.02	0	2026-08-12 15:30:39 CEST		y	1			11				B0FR9G3Z82						B0FR9G3Z82			0	DEFAULT	Inactive
Belarus eSIM 5GB 30Days		0812HPU2UCI	BY_5_30	16.51	0	2026-08-12 15:24:12 CEST		y	1			11				B0FR8FFT4D						B0FR8FFT4D			0	DEFAULT	Inactive
Cambodia eSIM 20GB 30Days	Cambodia eSIM 20GB 30Days - high speed internet - mobile data 5G compatible	0630HV3PCC7	CAMBODIA-20GB-30D	25.99	0	2026-07-01 01:24:59 CEST		y	4			11				B0FR9GFJPL						8721438401710			0	DEFAULT	Inactive
Cambodia eSIM 3GB 15Days	Cambodia eSIM 3GB 15Days - high speed internet - mobile data 5G compatible	0630HV6KBHE	CAMBODIA-3GB-15D	8.99	0	2026-07-01 01:21:34 CEST		y	4			11				B0FR8XKMJ4						8721438401697			0	DEFAULT	Inactive
Cameroon eSIM 3GB 15Days	Cameroon eSIM 3GB 15Days - high speed internet - mobile data 5G compatible	0630HV0E9OE	CAMEROON-3GB-15D	20.99	0	2026-07-01 00:45:12 CEST		y	4			11				B0FR9VJ1ZB						8721438401116			0	DEFAULT	Inactive
Canada eSIM 20GB 30Days Premium	Canada eSIM 20GB 30Days Premium - high speed internet - mobile data 5G compatible	0630HUULCB6	CANADA-PREMIUM-20GB-30D	29.99	0	2026-06-30 22:34:08 CEST		y	4			11				B0H6MJ9N4Y						8721438410606			0	DEFAULT	Inactive
Canada eSIM 3GB 15Days Premium	Canada eSIM 3GB 15Days Premium - high speed internet - mobile data 5G compatible	0630HUV2I96	CANADA-PREMIUM-3GB-15D	9.99	0	2026-06-30 22:27:58 CEST		y	4			11				B0H6MJ1HMJ						8721438410583			0	DEFAULT	Inactive
Canada eSIM 5GB 30Days Premium	Canada eSIM 5GB 30Days Premium - high speed internet - mobile data 5G compatible	0630HUSPK31	CANADA-PREMIUM-5GB-30D	14.99	0	2026-06-30 22:31:11 CEST		y	4			11				B0H6MPXGBN						8721438410590			0	DEFAULT	Inactive
Cape Verde eSIM 20GB 30Days	Cape Verde eSIM 20GB 30Days - high speed internet - mobile data 5G compatible	0630HTQAXWK	CAPE-VERDE-20GB-30D	162.99	0	2026-06-30 15:52:44 CEST		y	4			11				B0H6M9VSPG						8721438408771			0	DEFAULT	Inactive
Cape Verde eSIM 3GB 15Days	Cape Verde eSIM 3GB 15Days - high speed internet - mobile data 5G compatible	0630HTXD7ZW	CAPE-VERDE-3GB-15D	32.99	0	2026-06-30 15:45:41 CEST		y	4			11				B0H6M9R16H						8721438408757			0	DEFAULT	Inactive
Cape Verde eSIM 5GB 30Days	Cape Verde eSIM 5GB 30Days - high speed internet - mobile data 5G compatible	0630HTULKNV	CAPE-VERDE-5GB-30D	53.99	0	2026-06-30 15:49:06 CEST		y	4			11				B0H6MFG453						8721438408764			0	DEFAULT	Inactive
Cayman Islands eSIM 20GB 30Days	Cayman Islands eSIM 20GB 30Days - high speed internet - mobile data 5G compatible	0630HTZQ9UH	CAYMAN-ISLANDS-20GB-30D	94.99	0	2026-06-30 16:02:30 CEST		y	4			11				B0H6MGXYNS						8721438408801			0	DEFAULT	Inactive
Cayman Islands eSIM 3GB 15Days	Cayman Islands eSIM 3GB 15Days - high speed internet - mobile data 5G compatible	0630HTZWNTI	CAYMAN-ISLANDS-3GB-15D	26.99	0	2026-06-30 15:56:09 CEST		y	4			11				B0H6MLHBD7						8721438408788			0	DEFAULT	Inactive
Cayman Islands eSIM 5GB 30Days	Cayman Islands eSIM 5GB 30Days - high speed internet - mobile data 5G compatible	0630HTWYH42	CAYMAN-ISLANDS-5GB-30D	34.99	0	2026-06-30 15:59:33 CEST		y	4			11				B0H6M55MKK						8721438408795			0	DEFAULT	Inactive
Canada eSIM 20 Go 30 jours | SIM de données Pay As You Go | Installation facile | SIM de voyage pour touristes et entreprises | Vitesses 3G/4G		0327H0AYM9F	CA_20_30	29.8	0	2026-03-27 09:37:32 CET		y	1			11				B0FR9BY42D						B0FR9BY42D			0	DEFAULT	Inactive
Canada eSIM 3 Go 15 jours | SIM de données Pay As You Go | Installation facile | SIM de voyage pour touristes et entreprises | Vitesses 3G/4G		0327H0TJ5I9	CA_3_15	12.33	0	2026-03-27 11:42:10 CET		y	1			11				B0FR9RZLF3						B0FR9RZLF3			0	DEFAULT	Inactive
Canada eSIM 5 Go 30 jours | SIM de données Pay As You Go | Installation facile | SIM de voyage pour touristes et entreprises | Vitesses 3G/4G		0327H0BU6Y1	CA_5_30	15.81	0	2026-03-27 09:45:29 CET		y	1			11				B0FR9SYCBK						B0FR9SYCBK			0	DEFAULT	Inactive
Central African Republic eSIM 3GB 15Days	Central African Republic eSIM 3GB 15Days - high speed internet - mobile data 5G compatible	0630HV2SWOF	CENTRAL-AFRICAN-REPUBLIC-3GB-15D	19.99	0	2026-07-01 00:49:13 CEST		y	4			11				B0FR9RK8FP						8721438401352			0	DEFAULT	Inactive
Central African Republic eSIM 5GB 30Days	Central African Republic eSIM 5GB 30Days - high speed internet - mobile data 5G compatible	0630HUX9IAM	CENTRAL-AFRICAN-REPUBLIC-5GB-30D	33.99	0	2026-07-01 00:52:16 CEST		y	4			11				B0FR9R3NMC						8721438401369			0	DEFAULT	Inactive
Central African Republic eSIM 3GB 15Days		0812HPU12FA	CF_3_15	27.72	0	2026-08-12 15:27:58 CEST		y	1			11				B0FR9RK8FP						B0FR9RK8FP			0	DEFAULT	Inactive
Central African Republic eSIM 5GB 30Days		0812HQ46JRG	CF_5_30	40.71	0	2026-08-12 15:30:49 CEST		y	1			11				B0FR9R3NMC						B0FR9R3NMC			0	DEFAULT	Inactive
Chad eSIM 3GB 15Days	Chad eSIM 3GB 15Days - high speed internet - mobile data 5G compatible	0630HV6IWWU	CHAD-3GB-15D	16.99	0	2026-07-01 00:55:29 CEST		y	4			11				B0FR9SG4MK						8721438401420			0	DEFAULT	Inactive
Chad eSIM 5GB 30Days	Chad eSIM 5GB 30Days - high speed internet - mobile data 5G compatible	0630HV1UENV	CHAD-5GB-30D	27.99	0	2026-07-01 00:58:32 CEST		y	4			11				B0FR9L414C						8721438401437			0	DEFAULT	Inactive
Chile eSIM 3GB 15Days	Chile eSIM 3GB 15Days - high speed internet - mobile data 5G compatible	0630HV8UNJL	CHILE-3GB-15D	12.99	0	2026-07-01 01:02:18 CEST		y	4			11				B0FR9RY1RT						8721438401451			0	DEFAULT	Inactive
China eSIM 20GB 30Days	China eSIM 20GB 30Days - high speed internet - mobile data 5G compatible	0630HV5RHOT	CHINA-20GB-30D	17.99	0	2026-07-01 01:13:58 CEST		y	4			11				B0FR9GD6X9						8721438401604			0	DEFAULT	Inactive
China eSIM 3GB 15Days	China eSIM 3GB 15Days - high speed internet - mobile data 5G compatible	0630HV4W4JV	CHINA-3GB-15D	7.99	0	2026-07-01 01:06:32 CEST		y	4			11				B0FR9QZ578						8721438401574			0	DEFAULT	Inactive
China eSIM 5GB 30Days	China eSIM 5GB 30Days - high speed internet - mobile data 5G compatible	0630HV6AN4Q	CHINA-5GB-30D	8.99	0	2026-07-01 01:10:19 CEST		y	4			11				B0FR9HX7XH						8721438401581			0	DEFAULT	Inactive
Switzerland eSIM 20GB 30Days		0325HRAXQM7	CH_20_30	16.29	0	2026-03-25 06:14:05 CET		y	1			11				B0FRB6VY7S						B0FRB6VY7S			0	DEFAULT	Inactive
Switzerland eSIM 3GB 15Days		0325HSAJFNY	CH_3_15	5.83	0	2026-03-25 10:11:55 CET		y	1			11				B0FRB5LFVC						B0FRB5LFVC			0	DEFAULT	Inactive
Switzerland eSIM 5GB 30Days		0325HRCEEL7	CH_5_30	8.14	0	2026-03-25 06:16:49 CET		y	1			11				B0FRB7G4VW						B0FRB7G4VW			0	DEFAULT	Inactive
Cote d'Ivoire eSIM 3GB 15Days		0812HQ15BDI	CI_3_15	27.72	0	2026-08-12 15:25:12 CEST		y	1			11				B0FR9HW9DJ						B0FR9HW9DJ			0	DEFAULT	Inactive
Cote d'Ivoire eSIM 5GB 30Days		0812HPU3Q6J	CI_5_30	40.71	0	2026-08-12 15:29:39 CEST		y	1			11				B0FR9V5LYJ						B0FR9V5LYJ			0	DEFAULT	Inactive
Chile eSIM 3GB 15Days		0812HQ3DNWO	CL_3_15	22.41	0	2026-08-12 15:26:49 CEST		y	1			11				B0FR9RY1RT						B0FR9RY1RT			0	DEFAULT	Inactive
Cameroon eSIM 3GB 15Days		0812HQ27BJ4	CM_3_15	27.72	0	2026-08-12 15:25:54 CEST		y	1			11				B0FR9VJ1ZB						B0FR9VJ1ZB			0	DEFAULT	Inactive
China eSIM 20GB 30Days		0327H0LFDCA	CN_20_30	18.87	0	2026-03-27 10:59:30 CET		y	1			11				B0FR9GD6X9						B0FR9GD6X9			0	DEFAULT	Inactive
China eSIM 3GB 15Days		0325HS7E0KQ	CN_3_15	7.07	0	2026-03-25 10:05:22 CET		y	1			11				B0FR9QZ578						B0FR9QZ578			0	DEFAULT	Inactive
China eSIM 5GB 30Days		0325HSAYDT7	CN_5_30	9.43	0	2026-03-25 10:13:16 CET		y	1			11				B0FR9HX7XH						B0FR9HX7XH			0	DEFAULT	Inactive
Colombia eSIM 3GB 15Days	Colombia eSIM 3GB 15Days - high speed internet - mobile data 5G compatible	0630HV5RWWP	COLOMBIA-3GB-15D	13.99	0	2026-07-01 01:17:53 CEST		y	4			11				B0FR9RL8W5						8721438401673			0	DEFAULT	Inactive
Costa Rica eSIM 3GB 15Days	Costa Rica eSIM 3GB 15Days - high speed internet - mobile data 5G compatible	0630HV6AQQU	COSTA-RICA-3GB-15D	14.99	0	2026-07-01 01:28:22 CEST		y	4			11				B0FR9LNRMN						8721438401765			0	DEFAULT	Inactive
Cote d'Ivoire eSIM 3GB 15Days	Cote d'Ivoire eSIM 3GB 15Days - high speed internet - mobile data 5G compatible	0630HV9LQCS	COTE-D-IVOIRE-3GB-15D	23.99	0	2026-07-01 01:32:03 CEST		y	4			11				B0FR9HW9DJ						8721438401789			0	DEFAULT	Inactive
Colombia eSIM 3GB 15Days		0812HPZQXEM	CO_3_15	11.2	0	2026-08-12 15:26:23 CEST		y	1			11				B0FR9RL8W5						B0FR9RL8W5			0	DEFAULT	Inactive
Costa Rica eSIM 3GB 15Days		0812HPX28NA	CR_3_15	17.69	0	2026-08-12 15:27:26 CEST		y	1			11				B0FR9LNRMN						B0FR9LNRMN			0	DEFAULT	Inactive
Curacao eSIM 20GB 30Days	Curacao eSIM 20GB 30Days - high speed internet - mobile data 5G compatible	0630HTZWKCE	CURACAO-20GB-30D	78.99	0	2026-06-30 16:13:08 CEST		y	4			11				B0H6MF51WH						8721438408832			0	DEFAULT	Inactive
Curacao eSIM 3GB 15Days	Curacao eSIM 3GB 15Days - high speed internet - mobile data 5G compatible	0630HTY3PQK	CURACAO-3GB-15D	21.99	0	2026-06-30 16:06:36 CEST		y	4			11				B0H6M81JPM						8721438408818			0	DEFAULT	Inactive
Curacao eSIM 5GB 30Days	Curacao eSIM 5GB 30Days - high speed internet - mobile data 5G compatible	0630HU03W0X	CURACAO-5GB-30D	28.99	0	2026-06-30 16:09:41 CEST		y	4			11				B0H6MGZLBC						8721438408825			0	DEFAULT	Inactive
Cyprus eSIM 3GB 15Days		0812HQ1MW97	CY_3_15	3.53	0	2026-08-12 15:23:10 CEST		y	1			11				B0FR8XJWWG						B0FR8XJWWG			0	DEFAULT	Inactive
Cyprus eSIM 5GB 30Days		0812HPWWWH3	CY_5_30	5.3	0	2026-08-12 15:31:33 CEST		y	1			11				B0FR8XHWZV						B0FR8XHWZV			0	DEFAULT	Inactive
Czech Republic eSIM 20GB 30Days		0812HQ1EIBV	CZ_20_30	19.89	0	2026-08-12 15:25:53 CEST		y	1			11				B0FR9SVN9H						B0FR9SVN9H			0	DEFAULT	Inactive
Czech Republic eSIM 5GB 30Days		0812HPZ23IT	CZ_5_30	5.3	0	2026-08-12 15:26:18 CEST		y	1			11				B0FR9BY2LF						B0FR9BY2LF			0	DEFAULT	Inactive
Democratic Republic of the Congo eSIM 3GB 15Days	Democratic Republic of the Congo eSIM 3GB 15Days - high speed internet - mobile data 5G compatible	0630HTZG37H	DEMOCRATIC-REPUBLIC-OF-THE-CONGO-3GB-15D	13.99	0	2026-06-30 16:16:43 CEST		y	4			11				B0H6LZL22Y						8721438408849			0	DEFAULT	Inactive
Democratic Republic of the Congo eSIM 5GB 30Days	Democratic Republic of the Congo eSIM 5GB 30Days - high speed internet - mobile data 5G compatible	0630HU34LZS	DEMOCRATIC-REPUBLIC-OF-THE-CONGO-5GB-30D	21.99	0	2026-06-30 16:20:08 CEST		y	4			11				B0H6M6L8Z8						8721438408856			0	DEFAULT	Inactive
Germany eSIM 20GB 30Days		0327H0RSTO1	DE_20_30	32.66	0	2026-03-27 11:16:35 CET		y	1			11				B0GSZP9H94						B0GSZP9H94			0	DEFAULT	Inactive
Germany eSIM 3GB 15Days		0327H0SSMIK	DE_3_15	10.01	0	2026-03-27 11:17:08 CET		y	1			11				B0GSZBMLKV						B0GSZBMLKV			0	DEFAULT	Inactive
Germany eSIM 5GB 30Days		0327H0IHG0H	DE_5_30	11.75	0	2026-03-27 10:54:02 CET		y	1			11				B0GSZDYWLZ						B0GSZDYWLZ			0	DEFAULT	Inactive
Denmark eSIM 20GB 30Days		0812HQ3LT0Q	DK_20_30	15.33	0	2026-08-12 15:24:00 CEST		y	1			11				B0FR9QPF45						B0FR9QPF45			0	DEFAULT	Inactive
Denmark eSIM 3GB 15Days		0812HPX7WWY	DK_3_15	3.53	0	2026-08-12 15:27:44 CEST		y	1			11				B0FR9GSNP4						B0FR9GSNP4			0	DEFAULT	Inactive
Denmark eSIM 5GB 30Days		0812HQ1V4QC	DK_5_30	5.3	0	2026-08-12 15:30:21 CEST		y	1			11				B0FR8XQYR4						B0FR8XQYR4			0	DEFAULT	Inactive
Dominica eSIM 20GB 30Days	Dominica eSIM 20GB 30Days - high speed internet - mobile data 5G compatible	0630HU1G0YR	DOMINICA-20GB-30D	87.99	0	2026-06-30 16:33:46 CEST		y	4			11				B0H6MK8XTJ						8721438408894			0	DEFAULT	Inactive
Dominica eSIM 3GB 15Days	Dominica eSIM 3GB 15Days - high speed internet - mobile data 5G compatible	0630HU36YNS	DOMINICA-3GB-15D	23.99	0	2026-06-30 16:27:25 CEST		y	4			11				B0H6M9H54M						8721438408870			0	DEFAULT	Inactive
Dominica eSIM 5GB 30Days	Dominica eSIM 5GB 30Days - high speed internet - mobile data 5G compatible	0630HU1BJGI	DOMINICA-5GB-30D	31.99	0	2026-06-30 16:30:29 CEST		y	4			11				B0H6M5HR32						8721438408887			0	DEFAULT	Inactive
Dominican Republic eSIM 20GB 30Days		0812HQ4M1W1	DO_20_30	99.13	0	2026-08-12 15:29:21 CEST		y	1			11				B0FR9C6DJF						B0FR9C6DJF			0	DEFAULT	Inactive
Dominican Republic eSIM 3GB 15Days		0812HQ1UCE8	DO_3_15	22.41	0	2026-08-12 15:26:31 CEST		y	1			11				B0FR9GSKZF						B0FR9GSKZF			0	DEFAULT	Inactive
Dominican Republic eSIM 5GB 30Days		0812HPTZQPA	DO_5_30	33.03	0	2026-08-12 15:22:36 CEST		y	1			11				B0FR9GQKCM						B0FR9GQKCM			0	DEFAULT	Inactive
Democratic Republic of the Congo eSIM 20GB 30Days	Democratic Republic of the Congo eSIM 20GB 30Days - high speed internet - mobile data 5G compatible	0630HU1CKAW	DRC-20GB-30D	58.99	0	2026-06-30 16:23:43 CEST		y	4			11				B0H6MZWFM7						8721438408863			0	DEFAULT	Inactive
Ecuador eSIM 3GB 15Days		0812HPX674T	EC_3_15	17.69	0	2026-08-12 15:22:21 CEST		y	1			11				B0FR9RM6MP						B0FR9RM6MP			0	DEFAULT	Inactive
Estonia eSIM 20GB 30Days		0812HQ0BC9V	EE_20_30	17.1	0	2026-08-12 15:28:11 CEST		y	1			11				B0FR9L527N						B0FR9L527N			0	DEFAULT	Inactive
Estonia eSIM 3GB 15Days		0812HPTWIDO	EE_3_15	3.53	0	2026-08-12 15:23:04 CEST		y	1			11				B0FR9GST1S						B0FR9GST1S			0	DEFAULT	Inactive
Estonia eSIM 5GB 30Days		0812HPY5O5M	EE_5_30	5.3	0	2026-08-12 15:25:58 CEST		y	1			11				B0FR9GQYKB						B0FR9GQYKB			0	DEFAULT	Inactive
Egypt eSIM 20GB 30Days		0327H0RU7WG	EG_20_30	35.39	0	2026-03-27 10:59:19 CET		y	1			11				B0FR9GQBGL						B0FR9GQBGL			0	DEFAULT	Inactive
Egypt eSIM 3GB 15Days		0327H0XNMET	EG_3_15	10.61	0	2026-03-27 11:42:58 CET		y	1			11				B0FR9C784N						B0FR9C784N			0	DEFAULT	Inactive
Carte SIM égyptienne 3 Go 30 jours | Carte SIM de données Pay As You Go | Installation facile | SIM de voyage pour les touristes et les entreprises | Vitesses 3G/4G		0327H0W2LPS	EG_3_30	14.59	0	2026-03-27 11:53:45 CET		y	1			11				B0FR9GNL93						B0FR9GNL93			0	DEFAULT	Inactive
Egypt eSIM 5GB 30Days		0812HPU0YAH	EG_5_30	17.68	0	2026-08-12 15:26:25 CEST		y	1			11				B0FR9LR5KJ						B0FR9LR5KJ			0	DEFAULT	Inactive
Spain eSIM 20GB 30Days		0327H0UN7KJ	ES_20_30	17.69	0	2026-03-27 11:39:18 CET		y	1			11				B0FRCMPGPL						B0FRCMPGPL			0	DEFAULT	Inactive
Spain eSIM 3GB 15Days		0325HSHLEJI	ES_3_15	7.07	0	2026-03-25 10:09:38 CET		y	1			11				B0FRCDHTZ7						B0FRCDHTZ7			0	DEFAULT	Inactive
Spain eSIM 5GB 30Days		0325HSXGXLA	ES_5_30	9.43	0	2026-03-25 13:27:15 CET		y	1			11				B0FRBQCLZN						B0FRBQCLZN			0	DEFAULT	Inactive
Europe(40+ areas) eSIM 20GB 30Days		0812HQ3NUES	EU-42_20_30	50.15	0	2026-08-12 15:26:24 CEST		y	1			11				B0FR9TNPV3						B0FR9TNPV3			0	DEFAULT	Inactive
Europe(40+ areas) eSIM 5GB 30Days		0812HQ08GOH	EU-42_5_30	17.1	0	2026-08-12 15:28:57 CEST		y	1			11				B0FR9RYSSS						B0FR9RYSSS			0	DEFAULT	Inactive
Faroe Islands eSIM 20GB 30Days	Faroe Islands eSIM 20GB 30Days - high speed internet - mobile data 5G compatible	0630HTYV76I	FAROE-ISLANDS-20GB-30D	28.99	0	2026-06-30 16:43:23 CEST		y	4			11				B0H6MB82ZV						8721438408924			0	DEFAULT	Inactive
Faroe Islands eSIM 3GB 15Days	Faroe Islands eSIM 3GB 15Days - high speed internet - mobile data 5G compatible	0630HU1TE8O	FAROE-ISLANDS-3GB-15D	8.99	0	2026-06-30 16:37:11 CEST		y	4			11				B0H6ML935Q						8721438408900			0	DEFAULT	Inactive
Faroe Islands eSIM 5GB 30Days	Faroe Islands eSIM 5GB 30Days - high speed internet - mobile data 5G compatible	0630HU2EY5V	FAROE-ISLANDS-5GB-30D	11.99	0	2026-06-30 16:40:35 CEST		y	4			11				B0H6MF2TVH						8721438408917			0	DEFAULT	Inactive
Fiji eSIM 20GB 30Days	Fiji eSIM 20GB 30Days - high speed internet - mobile data 5G compatible	0630HUCTM7M	FIJI-20GB-30D	39.99	0	2026-06-30 16:52:27 CEST		y	4			11				B0H6MGBL3N						8721438408955			0	DEFAULT	Inactive
Fiji eSIM 3GB 15Days	Fiji eSIM 3GB 15Days - high speed internet - mobile data 5G compatible	0630HU2UG99	FIJI-3GB-15D	11.99	0	2026-06-30 16:46:48 CEST		y	4			11				B0H6MFLWYD						8721438408931			0	DEFAULT	Inactive
Fiji eSIM 5GB 30Days	Fiji eSIM 5GB 30Days - high speed internet - mobile data 5G compatible	0630HU7CBQO	FIJI-5GB-30D	13.99	0	2026-06-30 16:49:51 CEST		y	4			11				B0H6MJ7GS6						8721438408948			0	DEFAULT	Inactive
Finland eSIM 3GB 15Days		0812HPTZEEY	FI_3_15	2.72	0	2026-08-12 15:28:59 CEST		y	1			11				B0FR9GSND6						B0FR9GSND6			0	DEFAULT	Inactive
Finland eSIM 5GB 30Days		0812HPTYWB2	FI_5_30	4.12	0	2026-08-12 15:23:21 CEST		y	1			11				B0FR9SB3BJ						B0FR9SB3BJ			0	DEFAULT	Inactive
French Guiana eSIM 20GB 30Days	French Guiana eSIM 20GB 30Days - high speed internet - mobile data 5G compatible	0630HU67B1R	FRENCH-GUIANA-20GB-30D	16.99	0	2026-06-30 17:02:13 CEST		y	4			11				B0H6MDNXJJ						8721438408986			0	DEFAULT	Inactive
French Guiana eSIM 3GB 15Days	French Guiana eSIM 3GB 15Days - high speed internet - mobile data 5G compatible	0630HUA3ZYY	FRENCH-GUIANA-3GB-15D	7.99	0	2026-06-30 16:55:53 CEST		y	4			11				B0H6MFD6Z3						8721438408962			0	DEFAULT	Inactive
French Guiana eSIM 5GB 30Days	French Guiana eSIM 5GB 30Days - high speed internet - mobile data 5G compatible	0630HU34L41	FRENCH-GUIANA-5GB-30D	8.99	0	2026-06-30 16:59:07 CEST		y	4			11				B0H6MGC352						8721438408979			0	DEFAULT	Inactive
French Polynesia eSIM 20GB 30Days	French Polynesia eSIM 20GB 30Days - high speed internet - mobile data 5G compatible	0630HU422FG	FRENCH-POLYNESIA-20GB-30D	241.99	0	2026-06-30 17:11:59 CEST		y	4			11				B0H6M59GH9						8721438409013			0	DEFAULT	Inactive
French Polynesia eSIM 3GB 15Days	French Polynesia eSIM 3GB 15Days - high speed internet - mobile data 5G compatible	0630HU3EWMH	FRENCH-POLYNESIA-3GB-15D	47.99	0	2026-06-30 17:05:18 CEST		y	4			11				B0H6MF6GHP						8721438408993			0	DEFAULT	Inactive
French Polynesia eSIM 5GB 30Days	French Polynesia eSIM 5GB 30Days - high speed internet - mobile data 5G compatible	0630HU7J6U4	FRENCH-POLYNESIA-5GB-30D	66.99	0	2026-06-30 17:08:32 CEST		y	4			11				B0H6MD2GXY						8721438409006			0	DEFAULT	Inactive
France eSIM 20GB 30Days		0328H6BBUUV	FR_20_30	22.41	0	2026-03-28 19:03:28 CET		y	1			11				B0FR9GPMC5						B0FR9GPMC5			0	DEFAULT	Inactive
France eSIM 3GB 15Days		0325HR1FZC2	FR_3_15	8.25	0	2026-03-25 06:08:23 CET		y	1			11				B0FR9C5ZB6						B0FR9C5ZB6			0	DEFAULT	Inactive
France eSIM 5GB 30Days		0412HUKXQ2D	FR_5_30	10.61	0	2026-04-12 13:27:51 CEST		y	1			11				B0FR9LMDW5						B0FR9LMDW5			0	DEFAULT	Inactive
Gambia eSIM 3GB 15Days	Gambia eSIM 3GB 15Days - high speed internet - mobile data 5G compatible	0701HYJE955	GAMBIA-3GB-15D	34.99	0	2026-07-01 16:14:09 CEST		y	4			11				B0H2FTMBBQ						8721438408368			0	DEFAULT	Inactive
Gambia eSIM 5GB 30Days	Gambia eSIM 5GB 30Days - high speed internet - mobile data 5G compatible	0701HY1SYF9	GAMBIA-5GB-30D	57.99	0	2026-07-01 16:17:56 CEST		y	4			11				B0H2FQ3QJ9						8721438408375			0	DEFAULT	Inactive
Gabon eSIM 3GB 15Days		0812HPTZJ1D	GA_3_15	17.69	0	2026-08-12 15:29:39 CEST		y	1			11				B0FR9GPX9T						B0FR9GPX9T			0	DEFAULT	Inactive
Carte SIM Royaume-Uni eSIM 20 Go 30 jours | Carte SIM de données Pay As You Go | Installation facile | SIM de voyage britannique pour touristes et entreprises | Vitesses 3G/4G		0325HR7X2MF	GB_20_30	14.74	0	2026-03-25 06:09:40 CET		y	1			11				B0FRDGCBTN						B0FRDGCBTN			0	DEFAULT	Inactive
Carte SIM Royaume-Uni 3 Go 15 jours | Carte SIM de données Pay As You Go | Installation facile | SIM de voyage britannique pour touristes et entreprises | Vitesses 3G/4G/5G		0325HRCQ5H7	GB_3_15	4.71	0	2026-03-25 06:15:47 CET		y	1			11				B0FRCPD8TS						B0FRCPD8TS			0	DEFAULT	Inactive
Royaume-Uni eSIM 5 Go 30 jours | SIM de données Pay As You Go | Installation facile | SIM de voyage britannique pour touristes et entreprises | Vitesses 3G/4G		0325HRBGZJI	GB_5_30	5.89	0	2026-03-25 06:22:12 CET		y	1			11				B0FRDDRGJF						B0FRDDRGJF			0	DEFAULT	Inactive
Georgia eSIM 20GB 30Days		0812HQ04XLU	GE_20_30	26.27	0	2026-08-12 15:26:39 CEST		y	1			11				B0FR9C73NK						B0FR9C73NK			0	DEFAULT	Inactive
Georgia eSIM 3GB 15Days		0812HPYPNQ2	GE_3_15	10.14	0	2026-08-12 15:26:52 CEST		y	1			11				B0FR9KMX2N						B0FR9KMX2N			0	DEFAULT	Inactive
Guernsey eSIM 20GB 30Days		0812HQ4QAWZ	GG_20_30	53.69	0	2026-08-12 15:24:12 CEST		y	1			11				B0FR9LYWWY						B0FR9LYWWY			0	DEFAULT	Inactive
Guernsey eSIM 3GB 15Days		0812HQ2G7ZA	GG_3_15	11.2	0	2026-08-12 15:28:19 CEST		y	1			11				B0FR9SMWDN						B0FR9SMWDN			0	DEFAULT	Inactive
Guernsey eSIM 5GB 30Days		0812HQ0BMYL	GG_5_30	17.82	0	2026-08-12 15:30:22 CEST		y	1			11				B0FR9C5PXR						B0FR9C5PXR			0	DEFAULT	Inactive
Ghana eSIM 20GB 30Days	Ghana eSIM 20GB 30Days - high speed internet - mobile data 5G compatible	0630HU7NE6O	GHANA-20GB-30D	40.99	0	2026-06-30 17:21:44 CEST		y	4			11				B0H6M9CG3G						8721438409044			0	DEFAULT	Inactive
Ghana eSIM 3GB 15Days	Ghana eSIM 3GB 15Days - high speed internet - mobile data 5G compatible	0630HU6J7R9	GHANA-3GB-15D	12.99	0	2026-06-30 17:15:34 CEST		y	4			11				B0H6M7CH6H						8721438409020			0	DEFAULT	Inactive
Ghana eSIM 5GB 30Days	Ghana eSIM 5GB 30Days - high speed internet - mobile data 5G compatible	0630HU3AISQ	GHANA-5GB-30D	13.99	0	2026-06-30 17:18:26 CEST		y	4			11				B0H6MD48NZ						8721438409037			0	DEFAULT	Inactive
Gibraltar eSIM 3GB 15Days		0812HPZGGJF	GI_3_15	11.2	0	2026-08-12 15:26:34 CEST		y	1			11				B0FR8XSPMC						B0FR8XSPMC			0	DEFAULT	Inactive
Global139 eSIM 5GB 30Days		0812HQ1AG0H	GL-139_5_30	46.04	0	2026-08-12 15:25:18 CEST		y	1			11				B0FR9VNTLY						B0FR9VNTLY			0	DEFAULT	Inactive
Guadeloupe eSIM 20GB 30Days		0812HQ6JXAA	GP_20_30	50.15	0	2026-08-12 15:28:48 CEST		y	1			11				B0FR8XTBF6						B0FR8XTBF6			0	DEFAULT	Inactive
Guadeloupe eSIM 3GB 15Days		0812HPXC491	GP_3_15	11.2	0	2026-08-12 15:26:43 CEST		y	1			11				B0FR9TMVWK						B0FR9TMVWK			0	DEFAULT	Inactive
Greece eSIM 3GB 15Days	Greece eSIM 3GB 15Days - high speed internet - mobile data 5G compatible	0701HVDT0IM	GREECE-3GB-15D	7.99	0	2026-07-01 03:44:48 CEST		y	4			11				B0FR9L85F6						8721438403042			0	DEFAULT	Inactive
Greenland eSIM 20GB 30Days	Greenland eSIM 20GB 30Days - high speed internet - mobile data 5G compatible	0630HUFNS3I	GREENLAND-20GB-30D	112.99	0	2026-06-30 17:31:50 CEST		y	4			11				B0H6MBT3TW						8721438409075			0	DEFAULT	Inactive
Greenland eSIM 3GB 15Days	Greenland eSIM 3GB 15Days - high speed internet - mobile data 5G compatible	0630HUDW5WH	GREENLAND-3GB-15D	27.99	0	2026-06-30 17:25:09 CEST		y	4			11				B0H6MLNBK2						8721438409051			0	DEFAULT	Inactive
Greenland eSIM 5GB 30Days	Greenland eSIM 5GB 30Days - high speed internet - mobile data 5G compatible	0630HUA7UH0	GREENLAND-5GB-30D	36.99	0	2026-06-30 17:28:22 CEST		y	4			11				B0H6MFMLK9						8721438409068			0	DEFAULT	Inactive
Grenada eSIM 20GB 30Days	Grenada eSIM 20GB 30Days - high speed internet - mobile data 5G compatible	0630HU9UQ0L	GRENADA-20GB-30D	102.99	0	2026-06-30 17:41:46 CEST		y	4			11				B0H6MGRF37						8721438409105			0	DEFAULT	Inactive
Grenada eSIM 3GB 15Days	Grenada eSIM 3GB 15Days - high speed internet - mobile data 5G compatible	0630HU7U2QV	GRENADA-3GB-15D	28.99	0	2026-06-30 17:35:14 CEST		y	4			11				B0H6M8K37V						8721438409082			0	DEFAULT	Inactive
Grenada eSIM 5GB 30Days	Grenada eSIM 5GB 30Days - high speed internet - mobile data 5G compatible	0630HU3MY4A	GRENADA-5GB-30D	37.99	0	2026-06-30 17:38:39 CEST		y	4			11				B0H6MLJR6Z						8721438409099			0	DEFAULT	Inactive
Greece eSIM 20GB 30Days		0325HRZB958	GR_20_30	18.87	0	2026-03-25 09:22:30 CET		y	1			11				B0FR9KJGBG						B0FR9KJGBG			0	DEFAULT	Inactive
Greece eSIM 3GB 15Days		0325HSEFX0C	GR_3_15	5.89	0	2026-03-25 10:23:31 CET		y	1			11				B0FR9L85F6						B0FR9L85F6			0	DEFAULT	Inactive
Greece eSIM 5GB 30Days		0327H0NIJDL	GR_5_30	5.3	0	2026-03-27 11:22:50 CET		y	1			11				B0FR9C7SMF						B0FR9C7SMF			0	DEFAULT	Inactive
Guatemala eSIM 3GB 15Days		0812HQ3C3WN	GT_3_15	22.41	0	2026-08-12 15:24:46 CEST		y	1			11				B0FR9VC6VD						B0FR9VC6VD			0	DEFAULT	Inactive
Guinea eSIM 20GB 30Days	Guinea eSIM 20GB 30Days - high speed internet - mobile data 5G compatible	0630HUFVVQ3	GUINEA-20GB-30D	81.99	0	2026-06-30 17:51:09 CEST		y	4			11				B0H6M7VHYP						8721438409136			0	DEFAULT	Inactive
Guinea eSIM 3GB 15Days	Guinea eSIM 3GB 15Days - high speed internet - mobile data 5G compatible	0630HU4C62O	GUINEA-3GB-15D	20.99	0	2026-06-30 17:45:31 CEST		y	4			11				B0H6MGZTF1						8721438409112			0	DEFAULT	Inactive
Guinea eSIM 5GB 30Days	Guinea eSIM 5GB 30Days - high speed internet - mobile data 5G compatible	0630HUD61SV	GUINEA-5GB-30D	33.99	0	2026-06-30 17:48:33 CEST		y	4			11				B0H6MFTVX6						8721438409129			0	DEFAULT	Inactive
Guinea-Bissau eSIM 20GB 30Days	Guinea-Bissau eSIM 20GB 30Days - high speed internet - mobile data 5G compatible	0630HU4NLD2	GUINEA-BISSAU-20GB-30D	81.99	0	2026-06-30 18:01:02 CEST		y	4			11				B0H6MF1JJS						8721438409167			0	DEFAULT	Inactive
Guinea-Bissau eSIM 3GB 15Days	Guinea-Bissau eSIM 3GB 15Days - high speed internet - mobile data 5G compatible	0630HU4P25C	GUINEA-BISSAU-3GB-15D	19.99	0	2026-06-30 17:54:22 CEST		y	4			11				B0H6MG6X8D						8721438409143			0	DEFAULT	Inactive
Guinea-Bissau eSIM 5GB 30Days	Guinea-Bissau eSIM 5GB 30Days - high speed internet - mobile data 5G compatible	0630HU4M4S3	GUINEA-BISSAU-5GB-30D	33.99	0	2026-06-30 17:57:46 CEST		y	4			11				B0H6MCJ4Y9						8721438409150			0	DEFAULT	Inactive
Guyana eSIM 20GB 30Days	Guyana eSIM 20GB 30Days - high speed internet - mobile data 5G compatible	0630HUB08ZL	GUYANA-20GB-30D	89.99	0	2026-06-30 18:10:46 CEST		y	4			11				B0H6MD1PB7						8721438409198			0	DEFAULT	Inactive
Guyana eSIM 3GB 15Days	Guyana eSIM 3GB 15Days - high speed internet - mobile data 5G compatible	0630HU9Z3P4	GUYANA-3GB-15D	20.99	0	2026-06-30 18:04:35 CEST		y	4			11				B0H6MCG586						8721438409174			0	DEFAULT	Inactive
Guyana eSIM 5GB 30Days	Guyana eSIM 5GB 30Days - high speed internet - mobile data 5G compatible	0630HUE3ZVC	GUYANA-5GB-30D	31.99	0	2026-06-30 18:07:49 CEST		y	4			11				B0H6MB3FHF						8721438409181			0	DEFAULT	Inactive
Guam eSIM 20GB 30Days		0812HQ2D25H	GU_20_30	63.13	0	2026-08-12 15:31:48 CEST		y	1			11				B0FR9C7MGP						B0FR9C7MGP			0	DEFAULT	Inactive
Guam eSIM 3GB 15Days		0812HQ1DSGV	GU_3_15	14.15	0	2026-08-12 15:24:16 CEST		y	1			11				B0FR9GVSSF						B0FR9GVSSF			0	DEFAULT	Inactive
Guam eSIM 5GB 30Days		0812HPW5JZL	GU_5_30	21.82	0	2026-08-12 15:23:01 CEST		y	1			11				B0FR9SVP8Y						B0FR9SVP8Y			0	DEFAULT	Inactive
Haiti eSIM 20GB 30Days	Haiti eSIM 20GB 30Days - high speed internet - mobile data 5G compatible	0630HUE5R3J	HAITI-20GB-30D	147.99	0	2026-06-30 18:20:41 CEST		y	4			11				B0H6MBNF3Y						8721438409228			0	DEFAULT	Inactive
Haiti eSIM 3GB 15Days	Haiti eSIM 3GB 15Days - high speed internet - mobile data 5G compatible	0630HU4YXPL	HAITI-3GB-15D	29.99	0	2026-06-30 18:14:41 CEST		y	4			11				B0H6M9YTL4						8721438409204			0	DEFAULT	Inactive
Haiti eSIM 5GB 30Days	Haiti eSIM 5GB 30Days - high speed internet - mobile data 5G compatible	0630HUDW3LR	HAITI-5GB-30D	48.99	0	2026-06-30 18:18:06 CEST		y	4			11				B0H6MDHPCV						8721438409211			0	DEFAULT	Inactive
Hajjj Package Luxury 10GB 30 Days eSIM | Hajj Luxury Travel Guide + Saudi Arabia Travel Guides | 3G/4G/5G	Premium Islamic Hajj eSIM package with 10GB data valid for 30 days. Includes Hajj Luxury Travel Guide and exclusive Saudi Arabian travel guides. Instant QR activation for use across Saudi Arabia.	0610HL3TOVO	HAJJ-LUX-10GB-30D	70.99	0	2026-06-10 12:32:58 CEST		y	1			11				B0H3L75HDS						B0H3L75HDS			0	DEFAULT	Inactive
Hong Kong eSIM 20GB 30Days		0327H0D7DII	HK_20_30	17.39	0	2026-03-27 09:47:20 CET		y	1			11				B0FR9GXZ6F						B0FR9GXZ6F			0	DEFAULT	Inactive
Hong Kong eSIM 3GB 15Days		0325HSUTH7B	HK_3_15	5.83	0	2026-03-25 13:23:57 CET		y	1			11				B0FR9CC6Q8						B0FR9CC6Q8			0	DEFAULT	Inactive
Hong Kong eSIM 5GB 30Days		0325HSO21OK	HK_5_30	2.35	0	2026-03-25 11:31:04 CET		y	1			11				B0FR9GXYYL						B0FR9GXYYL			0	DEFAULT	Inactive
Honduras eSIM 3GB 15Days		0812HPXAQAL	HN_3_15	17.69	0	2026-08-12 15:28:13 CEST		y	1			11				B0FR9ZYV5G						B0FR9ZYV5G			0	DEFAULT	Inactive
Croatia eSIM 20GB 30Days		0812HPZB9US	HR_20_30	15.33	0	2026-08-12 15:29:05 CEST		y	1			11				B0FR9TYCSL						B0FR9TYCSL			0	DEFAULT	Inactive
Croatia eSIM 3GB 15Days		0812HPX67JA	HR_3_15	3.51	0	2026-08-12 15:27:31 CEST		y	1			11				B0FR9GDKT1						B0FR9GDKT1			0	DEFAULT	Inactive
Croatia eSIM 5GB 30Days		0812HPZN764	HR_5_30	5.3	0	2026-08-12 15:24:10 CEST		y	1			11				B0FR9BVV58						B0FR9BVV58			0	DEFAULT	Inactive
Hungary eSIM 20GB 30Days		0812HQ0EBH8	HU_20_30	17.1	0	2026-08-12 15:27:58 CEST		y	1			11				B0FR9ZVYYQ						B0FR9ZVYYQ			0	DEFAULT	Inactive
Hungary eSIM 3GB 15Days		0812HQ1FSCB	HU_3_15	3.53	0	2026-08-12 15:30:24 CEST		y	1			11				B0FR9C9JVW						B0FR9C9JVW			0	DEFAULT	Inactive
Hungary eSIM 5GB 30Days		0812HQ08VJV	HU_5_30	5.3	0	2026-08-12 15:24:26 CEST		y	1			11				B0FR9GY3R5						B0FR9GY3R5			0	DEFAULT	Inactive
Indonesia eSIM 20GB 30Days		0327H135CYI	ID_20_30	16.51	0	2026-03-27 11:32:05 CET		y	1			11				B0FR9QXRDQ						B0FR9QXRDQ			0	DEFAULT	Inactive
Indonesia eSIM 3GB 15Days		0327H153T0L	ID_3_15	5.89	0	2026-03-27 13:19:55 CET		y	1			11				B0FR9T6QPZ						B0FR9T6QPZ			0	DEFAULT	Inactive
Indonesia eSIM 5GB 30Days		0327H0CDEDO	ID_5_30	4.05	0	2026-03-27 09:58:06 CET		y	1			11				B0FR8XW5DR						B0FR8XW5DR			0	DEFAULT	Inactive
Ireland eSIM 20GB 30Days		0327H0WRS3G	IE_20_30	17.69	0	2026-03-27 11:53:40 CET		y	1			11				B0FR9SZG2Z						B0FR9SZG2Z			0	DEFAULT	Inactive
Ireland eSIM 3GB 15Days		0327H0HZLNE	IE_3_15	5.89	0	2026-03-27 10:27:42 CET		y	1			11				B0FR8XV57F						B0FR8XV57F			0	DEFAULT	Inactive
Ireland eSIM 5GB 30Days		0325HSHYE0C	IE_5_30	5.25	0	2026-03-25 10:41:30 CET		y	1			11				B0FR9GYKQL						B0FR9GYKQL			0	DEFAULT	Inactive
Israel eSIM 20GB 30Days		0812HQ69W99	IL_20_30	26.54	0	2026-08-12 15:26:12 CEST		y	1			11				B0FR9K8SQ1						B0FR9K8SQ1			0	DEFAULT	Inactive
Israel eSIM 3GB 15Days		0812HPU566C	IL_3_15	5.8	0	2026-08-12 15:29:24 CEST		y	1			11				B0FR9M11H1						B0FR9M11H1			0	DEFAULT	Inactive
Israel eSIM 5GB 30Days		0812HQ3TYQ4	IL_5_30	8.71	0	2026-08-12 15:28:22 CEST		y	1			11				B0FR8XVZZM						B0FR8XVZZM			0	DEFAULT	Inactive
Isle of Man eSIM 20GB 30Days		0812HPYGHIH	IM_20_30	20.64	0	2026-08-12 15:28:31 CEST		y	1			11				B0FR9CB5LK						B0FR9CB5LK			0	DEFAULT	Inactive
Isle of Man eSIM 3GB 15Days		0812HQ099LZ	IM_3_15	4.09	0	2026-08-12 15:27:18 CEST		y	1			11				B0FR9LZ7RL						B0FR9LZ7RL			0	DEFAULT	Inactive
Isle of Man eSIM 5GB 30Days		0812HQ05RIG	IM_5_30	7.07	0	2026-08-12 15:26:59 CEST		y	1			11				B0FR9M27XY						B0FR9M27XY			0	DEFAULT	Inactive
Indonesia eSIM 3GB 15Days	Indonesia eSIM 3GB 15Days - high speed internet - mobile data 5G compatible	0701HVRS13T	INDONESIA-3GB-15D	7.99	0	2026-07-01 05:14:30 CEST		y	4			11				B0FR9T6QPZ						8721438403707			0	DEFAULT	Inactive
India eSIM 20GB 30Days		0325HRBPQSO	IN_20_30	41.3	0	2026-03-25 06:14:13 CET		y	1			11				B0FR9DYMHX						B0FR9DYMHX			0	DEFAULT	Inactive
India eSIM 3GB 15Days		0327H0RC9RI	IN_3_15	11.6	0	2026-03-27 10:38:19 CET		y	1			11				B0FR9ZM116						B0FR9ZM116			0	DEFAULT	Inactive
India eSIM 5GB 30Days		0327H12JTXI	IN_5_30	16.51	0	2026-03-27 13:26:49 CET		y	1			11				B0FR9GXWN9						B0FR9GXWN9			0	DEFAULT	Inactive
Iraq eSIM 20GB 30Days	Iraq eSIM 20GB 30Days - high speed internet - mobile data 5G compatible	0630HU56YV6	IRAQ-20GB-30D	31.99	0	2026-06-30 18:30:16 CEST		y	4			11				B0H6M956TN						8721438409259			0	DEFAULT	Inactive
Iraq eSIM 3GB 15Days	Iraq eSIM 3GB 15Days - high speed internet - mobile data 5G compatible	0630HU883U9	IRAQ-3GB-15D	9.99	0	2026-06-30 18:24:17 CEST		y	4			11				B0H6MGX6P7						8721438409235			0	DEFAULT	Inactive
Iraq eSIM 5GB 30Days	Iraq eSIM 5GB 30Days - high speed internet - mobile data 5G compatible	0630HUGGO65	IRAQ-5GB-30D	15.99	0	2026-06-30 18:27:20 CEST		y	4			11				B0H6MFRHZN						8721438409242			0	DEFAULT	Inactive
Iceland eSIM 20GB 30Days		0812HQ62OY8	IS_20_30	26.54	0	2026-08-12 15:22:16 CEST		y	1			11				B0FR9GX6LF						B0FR9GX6LF			0	DEFAULT	Inactive
Iceland eSIM 3GB 15Days		0812HPZ5I6F	IS_3_15	5.3	0	2026-08-12 15:23:40 CEST		y	1			11				B0FR9TBBK1						B0FR9TBBK1			0	DEFAULT	Inactive
Iceland eSIM 5GB 30Days		0812HQ6EZNI	IS_5_30	8.84	0	2026-08-12 15:29:35 CEST		y	1			11				B0FR9ZWQBD						B0FR9ZWQBD			0	DEFAULT	Inactive
Italy eSIM 3GB 15Days	Italy eSIM 3GB 15Days - high speed internet - mobile data 5G compatible	0701HVRMTZS	ITALY-3GB-15D	7.99	0	2026-07-01 05:59:11 CEST		y	4			11				B0FR9GXZ18						8721438404100			0	DEFAULT	Inactive
Italy eSIM 20GB 30Days		0325HS7PBJI	IT_20_30	16.51	0	2026-03-25 09:41:04 CET		y	1			11				B0FR9RNZV2						B0FR9RNZV2			0	DEFAULT	Inactive
Italy eSIM 3GB 15Days		0325HT0B7PX	IT_3_15	5.89	0	2026-03-25 13:49:00 CET		y	1			11				B0FR9GXZ18						B0FR9GXZ18			0	DEFAULT	Inactive
Italy eSIM 5GB 30Days		0325HS0FPY8	IT_5_30	4.12	0	2026-03-25 09:24:22 CET		y	1			11				B0FR9ZR2TH						B0FR9ZR2TH			0	DEFAULT	Inactive
Jamaica eSIM 20GB 30Days	Jamaica eSIM 20GB 30Days - high speed internet - mobile data 5G compatible	0630HUFN4YU	JAMAICA-20GB-30D	86.99	0	2026-06-30 18:39:49 CEST		y	4			11				B0H6MF52ZZ						8721438409280			0	DEFAULT	Inactive
Jamaica eSIM 3GB 15Days	Jamaica eSIM 3GB 15Days - high speed internet - mobile data 5G compatible	0630HU8HHYB	JAMAICA-3GB-15D	24.99	0	2026-06-30 18:33:50 CEST		y	4			11				B0H6MF3PNQ						8721438409266			0	DEFAULT	Inactive
Jamaica eSIM 5GB 30Days	Jamaica eSIM 5GB 30Days - high speed internet - mobile data 5G compatible	0630HU59ZHG	JAMAICA-5GB-30D	30.99	0	2026-06-30 18:37:04 CEST		y	4			11				B0H6MJQCMF						8721438409273			0	DEFAULT	Inactive
Jersey eSIM 20GB 30Days		0812HPU2QG0	JE_20_30	12.97	0	2026-08-12 15:26:14 CEST		y	1			11				B0FR9CBQDH						B0FR9CBQDH			0	DEFAULT	Inactive
Jersey eSIM 3GB 15Days		0812HQ3XBGM	JE_3_15	2.92	0	2026-08-12 15:26:23 CEST		y	1			11				B0FR9GYMR5						B0FR9GYMR5			0	DEFAULT	Inactive
Jersey eSIM 5GB 30Days		0812HPZMCAP	JE_5_30	4.09	0	2026-08-12 15:28:13 CEST		y	1			11				B0FR9M27GP						B0FR9M27GP			0	DEFAULT	Inactive
Jordan eSIM 20GB 30Days		0812HPZBT12	JO_20_30	30.79	0	2026-08-12 15:21:40 CEST		y	1			11				B0FR9ST188						B0FR9ST188			0	DEFAULT	Inactive
Jordan eSIM 3GB 15Days		0812HPU1ENE	JO_3_15	7.66	0	2026-08-12 15:27:57 CEST		y	1			11				B0FR9M144Z						B0FR9M144Z			0	DEFAULT	Inactive
Jordan eSIM 5GB 30Days		0812HPZMLG2	JO_5_30	11.2	0	2026-08-12 15:22:35 CEST		y	1			11				B0FR9ZTZNK						B0FR9ZTZNK			0	DEFAULT	Inactive
Japan eSIM 20GB 30Days		0325HSC4ML6	JP_20_30	16.51	0	2026-03-25 11:07:25 CET		y	1			11				B0FR9RZKRB						B0FR9RZKRB			0	DEFAULT	Inactive
Japan eSIM 3GB 15Days		0325HSEZ0Z0	JP_3_15	5.83	0	2026-03-25 10:43:13 CET		y	1			11				B0FR9LVZVQ						B0FR9LVZVQ			0	DEFAULT	Inactive
Japan eSIM 5GB 30Days		0325HS7NBBV	JP_5_30	4.12	0	2026-03-25 10:04:10 CET		y	1			11				B0FR9TLXXH						B0FR9TLXXH			0	DEFAULT	Inactive
Kenya eSIM 3GB 15Days	Kenya eSIM 3GB 15Days - high speed internet - mobile data 5G compatible	0701HVQG0MO	KENYA-3GB-15D	13.99	0	2026-07-01 06:53:27 CEST		y	4			11				B0FR9GZ14G						8721438404506			0	DEFAULT	Inactive
Kenya eSIM 5GB 30Days	Kenya eSIM 5GB 30Days - high speed internet - mobile data 5G compatible	0701HVWB0HD	KENYA-5GB-30D	14.99	0	2026-07-01 06:57:14 CEST		y	4			11				B0FR9T4DG6						8721438404513			0	DEFAULT	Inactive
Kenya eSIM 3GB 15Days		0325HS80QIP	KE_3_15	25.65	0	2026-03-25 10:06:26 CET		y	1			11				B0FR9GZ14G						B0FR9GZ14G			0	DEFAULT	Inactive
Kenya eSIM 5GB 30Days		0327H0TXP66	KE_5_30	35.39	0	2026-03-27 10:53:55 CET		y	1			11				B0FR9T4DG6						B0FR9T4DG6			0	DEFAULT	Inactive
Kyrgyzstan eSIM 20GB 30Days		0812HPVMS1O	KG_20_30	39.53	0	2026-08-12 15:24:18 CEST		y	1			11				B0FR8XXBHM						B0FR8XXBHM			0	DEFAULT	Inactive
Kyrgyzstan eSIM 3GB 15Days		0812HQ008E1	KG_3_15	8.84	0	2026-08-12 15:25:03 CEST		y	1			11				B0FR9TVF4R						B0FR9TVF4R			0	DEFAULT	Inactive
Cambodia eSIM 20GB 30Days		0812HQ1HNGB	KH_20_30	39.53	0	2026-08-12 15:26:58 CEST		y	1			11				B0FR9GFJPL						B0FR9GFJPL			0	DEFAULT	Inactive
Cambodia eSIM 3GB 15Days		0812HPZB1WN	KH_3_15	8.84	0	2026-08-12 15:24:08 CEST		y	1			11				B0FR8XKMJ4						B0FR8XKMJ4			0	DEFAULT	Inactive
South Korea eSIM 20GB 30Days		0812HQANFHA	KR_20_30	12.8	0	2026-08-12 17:45:00 CEST		y	1			11				B0FRC4P51Z						B0FRC4P51Z			0	DEFAULT	Inactive
South Korea eSIM 3GB 15Days		0812HQACZDG	KR_3_15	2.94	0	2026-08-12 17:40:37 CEST		y	1			11				B0FRC4RTDF						B0FRC4RTDF			0	DEFAULT	Inactive
South Korea eSIM 5GB 30Days		0812HQAER59	KR_5_30	4.12	0	2026-08-12 17:46:38 CEST		y	1			11				B0FRD9LC4C						B0FRD9LC4C			0	DEFAULT	Inactive
Kuwait eSIM 20GB 30Days	Kuwait eSIM 20GB 30Days - high speed internet - mobile data 5G compatible	0701HW2KJ4W	KUWAIT-20GB-30D	35.99	0	2026-07-01 07:07:29 CEST		y	4			11				B0FR9KBF4P						8721438404599			0	DEFAULT	Inactive
Kuwait eSIM 3GB 15Days	Kuwait eSIM 3GB 15Days - high speed internet - mobile data 5G compatible	0701HVQK4FI	KUWAIT-3GB-15D	9.99	0	2026-07-01 07:00:49 CEST		y	4			11				B0FR9LZJ3X						8721438404568			0	DEFAULT	Inactive
Kuwait eSIM 5GB 30Days	Kuwait eSIM 5GB 30Days - high speed internet - mobile data 5G compatible	0701HW4E5E4	KUWAIT-5GB-30D	15.99	0	2026-07-01 07:04:13 CEST		y	4			11				B0FR9M2TXP						8721438404582			0	DEFAULT	Inactive
Kuwait eSIM 20GB 30Days		0812HQ0D6PW	KW_20_30	39.53	0	2026-08-12 15:30:23 CEST		y	1			11				B0FR9KBF4P						B0FR9KBF4P			0	DEFAULT	Inactive
Kuwait eSIM 3GB 15Days		0812HQ058NF	KW_3_15	8.84	0	2026-08-12 15:30:39 CEST		y	1			11				B0FR9LZJ3X						B0FR9LZJ3X			0	DEFAULT	Inactive
Kuwait eSIM 5GB 30Days		0812HPXBJFZ	KW_5_30	13.56	0	2026-08-12 15:25:10 CEST		y	1			11				B0FR9M2TXP						B0FR9M2TXP			0	DEFAULT	Inactive
Kyrgyzstan eSIM 20GB 30Days	Kyrgyzstan eSIM 20GB 30Days - high speed internet - mobile data 5G compatible	0701HVTIBN8	KYRGYZSTAN-20GB-30D	18.99	0	2026-07-01 07:14:18 CEST		y	4			11				B0FR8XXBHM						8721438404629			0	DEFAULT	Inactive
Kyrgyzstan eSIM 3GB 15Days	Kyrgyzstan eSIM 3GB 15Days - high speed internet - mobile data 5G compatible	0701HVWELY4	KYRGYZSTAN-3GB-15D	7.99	0	2026-07-01 07:10:53 CEST		y	4			11				B0FR9TVF4R						8721438404612			0	DEFAULT	Inactive
Kazakhstan eSIM 20GB 30Days		0812HPU1EJ7	KZ_20_30	26.54	0	2026-08-12 15:30:29 CEST		y	1			11				B0FR9TLNNW						B0FR9TLNNW			0	DEFAULT	Inactive
Kazakhstan eSIM 3GB 15Days		0812HPSWO76	KZ_3_15	5.89	0	2026-08-12 15:26:42 CEST		y	1			11				B0FR9T4DG2						B0FR9T4DG2			0	DEFAULT	Inactive
Kazakhstan eSIM 5GB 30Days		0812HQ2TTZD	KZ_5_30	8.84	0	2026-08-12 15:27:45 CEST		y	1			11				B0FR9ZMMSH						B0FR9ZMMSH			0	DEFAULT	Inactive
Laos eSIM 20GB 30Days	Laos eSIM 20GB 30Days - high speed internet - mobile data 5G compatible	0630HUEP3LO	LAOS-20GB-30D	34.99	0	2026-06-30 18:48:42 CEST		y	4			11				B0H6MBWGX1						8721438409310			0	DEFAULT	Inactive
Laos eSIM 3GB 15Days	Laos eSIM 3GB 15Days - high speed internet - mobile data 5G compatible	0630HUEPRWN	LAOS-3GB-15D	9.99	0	2026-06-30 18:43:13 CEST		y	4			11				B0H6M96WPB						8721438409297			0	DEFAULT	Inactive
Laos eSIM 5GB 30Days	Laos eSIM 5GB 30Days - high speed internet - mobile data 5G compatible	0630HUFR7TY	LAOS-5GB-30D	15.99	0	2026-06-30 18:46:06 CEST		y	4			11				B0H6MBJN5B						8721438409303			0	DEFAULT	Inactive
Latvia eSIM 20GB 30Days	Latvia eSIM 20GB 30Days - high speed internet - mobile data 5G compatible	0701HVTLP0U	LATVIA-20GB-30D	14.99	0	2026-07-01 07:24:15 CEST		y	4			11				B0FR9SWN6V						8721438404681			0	DEFAULT	Inactive
Latvia eSIM 3GB 15Days	Latvia eSIM 3GB 15Days - high speed internet - mobile data 5G compatible	0701HVWGZOE	LATVIA-3GB-15D	7.99	0	2026-07-01 07:17:55 CEST		y	4			11				B0FR9VM4K6						8721438404643			0	DEFAULT	Inactive
Latvia eSIM 5GB 30Days	Latvia eSIM 5GB 30Days - high speed internet - mobile data 5G compatible	0701HVZQ5P7	LATVIA-5GB-30D	8.99	0	2026-07-01 07:21:08 CEST		y	4			11				B0FR9TR99S						8721438404667			0	DEFAULT	Inactive
Liberia eSIM 3GB 15Days	Liberia eSIM 3GB 15Days - high speed internet - mobile data 5G compatible	0701HVWO4I4	LIBERIA-3GB-15D	19.99	0	2026-07-01 07:27:09 CEST		y	4			11				B0FR9H18JQ						8721438404711			0	DEFAULT	Inactive
Liberia eSIM 5GB 30Days	Liberia eSIM 5GB 30Days - high speed internet - mobile data 5G compatible	0701HVWLLA4	LIBERIA-5GB-30D	33.99	0	2026-07-01 07:30:23 CEST		y	4			11				B0FR9SJ1YH						8721438404728			0	DEFAULT	Inactive
Libya eSIM 20GB 30Days	Libya eSIM 20GB 30Days - high speed internet - mobile data 5G compatible	0630HUK67I4	LIBYA-20GB-30D	125.99	0	2026-06-30 18:58:17 CEST		y	4			11				B0H6MFWD2Y						8721438409341			0	DEFAULT	Inactive
Libya eSIM 3GB 15Days	Libya eSIM 3GB 15Days - high speed internet - mobile data 5G compatible	0630HUBNP41	LIBYA-3GB-15D	32.99	0	2026-06-30 18:51:57 CEST		y	4			11				B0H6MBYGXZ						8721438409327			0	DEFAULT	Inactive
Libya eSIM 5GB 30Days	Libya eSIM 5GB 30Days - high speed internet - mobile data 5G compatible	0630HUESXJO	LIBYA-5GB-30D	43.99	0	2026-06-30 18:55:21 CEST		y	4			11				B0H6M5PVSB						8721438409334			0	DEFAULT	Inactive
Liechtenstein eSIM 3GB 15Days	Liechtenstein eSIM 3GB 15Days - high speed internet - mobile data 5G compatible	0701HW9X4QE	LIECHTENSTEIN-3GB-15D	7.99	0	2026-07-01 07:34:18 CEST		y	4			11				B0FR9S35ZH						8721438404742			0	DEFAULT	Inactive
Lithuania eSIM 20GB 30Days	Lithuania eSIM 20GB 30Days - high speed internet - mobile data 5G compatible	0701HW46UWC	LITHUANIA-20GB-30D	16.99	0	2026-07-01 07:45:21 CEST		y	4			11				B0FR9TQN8N						8721438404810			0	DEFAULT	Inactive
Lithuania eSIM 3GB 15Days	Lithuania eSIM 3GB 15Days - high speed internet - mobile data 5G compatible	0701HVTSNIQ	LITHUANIA-3GB-15D	7.99	0	2026-07-01 07:38:19 CEST		y	4			11				B0FR9KS3P4						8721438404773			0	DEFAULT	Inactive
Lithuania eSIM 5GB 30Days	Lithuania eSIM 5GB 30Days - high speed internet - mobile data 5G compatible	0701HW5G51S	LITHUANIA-5GB-30D	8.99	0	2026-07-01 07:41:44 CEST		y	4			11				B0FR9R598C						8721438404797			0	DEFAULT	Inactive
Liechtenstein eSIM 3GB 15Days		0812HQ4L5NZ	LI_3_15	5.3	0	2026-08-12 15:26:01 CEST		y	1			11				B0FR9S35ZH						B0FR9S35ZH			0	DEFAULT	Inactive
Sri Lanka eSIM 20GB 30Days		0812HQBE73Y	LK_20_30	42.48	0	2026-08-12 17:38:16 CEST		y	1			11				B0FRC2DZN5						B0FRC2DZN5			0	DEFAULT	Inactive
Sri Lanka eSIM 3GB 15Days		0812HQASJUA	LK_3_15	6.48	0	2026-08-12 17:41:03 CEST		y	1			11				B0FRB7Z1NW						B0FRB7Z1NW			0	DEFAULT	Inactive
Sri Lanka eSIM 5GB 30Days		0812HQB21S9	LK_5_30	11.2	0	2026-08-12 17:46:18 CEST		y	1			11				B0FRB64B8M						B0FRB64B8M			0	DEFAULT	Inactive
Liberia eSIM 3GB 15Days		0812HPZK2OV	LR_3_15	22.41	0	2026-08-12 15:21:26 CEST		y	1			11				B0FR9H18JQ						B0FR9H18JQ			0	DEFAULT	Inactive
Liberia eSIM 5GB 30Days		0812HQ0BSKC	LR_5_30	33.03	0	2026-08-12 15:30:23 CEST		y	1			11				B0FR9SJ1YH						B0FR9SJ1YH			0	DEFAULT	Inactive
Lithuania eSIM 20GB 30Days		0812HPX8Y74	LT_20_30	26.54	0	2026-08-12 15:26:53 CEST		y	1			11				B0FR9TQN8N						B0FR9TQN8N			0	DEFAULT	Inactive
Lithuania eSIM 3GB 15Days		0812HPZTYHC	LT_3_15	3.53	0	2026-08-12 15:24:28 CEST		y	1			11				B0FR9KS3P4						B0FR9KS3P4			0	DEFAULT	Inactive
Lithuania eSIM 5GB 30Days		0812HQ46WUF	LT_5_30	5.3	0	2026-08-12 15:28:44 CEST		y	1			11				B0FR9R598C						B0FR9R598C			0	DEFAULT	Inactive
Luxembourg eSIM 20GB 30Days	Luxembourg eSIM 20GB 30Days - high speed internet - mobile data 5G compatible	0701HW8IEDB	LUXEMBOURG-20GB-30D	16.99	0	2026-07-01 07:55:28 CEST		y	4			11				B0FR8XXXZB						8721438404889			0	DEFAULT	Inactive
Luxembourg eSIM 3GB 15Days	Luxembourg eSIM 3GB 15Days - high speed internet - mobile data 5G compatible	0701HW85HQF	LUXEMBOURG-3GB-15D	7.99	0	2026-07-01 07:49:08 CEST		y	4			11				B0FR9SHRKM						8721438404841			0	DEFAULT	Inactive
Luxembourg eSIM 5GB 30Days	Luxembourg eSIM 5GB 30Days - high speed internet - mobile data 5G compatible	0701HW92IBG	LUXEMBOURG-5GB-30D	8.99	0	2026-07-01 07:52:22 CEST		y	4			11				B0FR9SB862						8721438404865			0	DEFAULT	Inactive
Luxembourg eSIM 20GB 30Days		0812HPU66MD	LU_20_30	17.1	0	2026-08-12 15:30:43 CEST		y	1			11				B0FR8XXXZB						B0FR8XXXZB			0	DEFAULT	Inactive
Luxembourg eSIM 3GB 15Days		0812HPZS38X	LU_3_15	3.53	0	2026-08-12 15:25:47 CEST		y	1			11				B0FR9SHRKM						B0FR9SHRKM			0	DEFAULT	Inactive
Luxembourg eSIM 5GB 30Days		0812HPTZYII	LU_5_30	5.3	0	2026-08-12 15:24:56 CEST		y	1			11				B0FR9SB862						B0FR9SB862			0	DEFAULT	Inactive
Latvia eSIM 20GB 30Days		0812HQ1WBUG	LV_20_30	17.1	0	2026-08-12 15:23:42 CEST		y	1			11				B0FR9SWN6V						B0FR9SWN6V			0	DEFAULT	Inactive
Latvia eSIM 3GB 15Days		0812HQ0ACMK	LV_3_15	3.53	0	2026-08-12 15:29:06 CEST		y	1			11				B0FR9VM4K6						B0FR9VM4K6			0	DEFAULT	Inactive
Latvia eSIM 5GB 30Days		0812HQ3JJN9	LV_5_30	5.3	0	2026-08-12 15:24:28 CEST		y	1			11				B0FR9TR99S						B0FR9TR99S			0	DEFAULT	Inactive
Macao eSIM 20GB 30Days	Macao eSIM 20GB 30Days - high speed internet - mobile data 5G compatible	0701HW4X9UV	MACAO-20GB-30D	14.99	0	2026-07-01 08:05:03 CEST		y	4			11				B0FR9CDBN2						8721438404957			0	DEFAULT	Inactive
Macao eSIM 3GB 15Days	Macao eSIM 3GB 15Days - high speed internet - mobile data 5G compatible	0701HW8N2P3	MACAO-3GB-15D	7.99	0	2026-07-01 07:58:53 CEST		y	4			11				B0FR9M485M						8721438404919			0	DEFAULT	Inactive
Macao eSIM 5GB 30Days	Macao eSIM 5GB 30Days - high speed internet - mobile data 5G compatible	0701HW7CYGU	MACAO-5GB-30D	8.99	0	2026-07-01 08:01:56 CEST		y	4			11				B0FR9L9624						8721438404933			0	DEFAULT	Inactive
Madagascar eSIM 3GB 15Days	Madagascar eSIM 3GB 15Days - high speed internet - mobile data 5G compatible	0701HW81NW4	MADAGASCAR-3GB-15D	25.99	0	2026-07-01 08:08:37 CEST		y	4			11				B0FR9H2NS1						8721438404988			0	DEFAULT	Inactive
Malawi eSIM 3GB 15Days	Malawi eSIM 3GB 15Days - high speed internet - mobile data 5G compatible	0701HWC0WAT	MALAWI-3GB-15D	16.99	0	2026-07-01 08:12:09 CEST		y	4			11				B0FR9H3JDK						8721438405008			0	DEFAULT	Inactive
Malawi eSIM 5GB 30Days	Malawi eSIM 5GB 30Days - high speed internet - mobile data 5G compatible	0701HW8DX7Y	MALAWI-5GB-30D	27.99	0	2026-07-01 08:15:32 CEST		y	4			11				B0FR9GXY24						8721438405015			0	DEFAULT	Inactive
Malaysia eSIM 20GB 30Days	Malaysia eSIM 20GB 30Days - high speed internet - mobile data 5G compatible	0701HWB0WOV	MALAYSIA-20GB-30D	14.99	0	2026-07-01 08:27:09 CEST		y	4			11				B0FR9VMWYD						8721438405060			0	DEFAULT	Inactive
Malaysia eSIM 3GB 15Days	Malaysia eSIM 3GB 15Days - high speed internet - mobile data 5G compatible	0701HWBVS0W	MALAYSIA-3GB-15D	7.99	0	2026-07-01 08:19:40 CEST		y	4			11				B0FR9H1Q65						8721438405039			0	DEFAULT	Inactive
Malaysia eSIM 5GB 30Days	Malaysia eSIM 5GB 30Days - high speed internet - mobile data 5G compatible	0701HWCGAIZ	MALAYSIA-5GB-30D	8.99	0	2026-07-01 08:23:27 CEST		y	4			11				B0FR9LDGX8						8721438405046			0	DEFAULT	Inactive
Maldives eSIM 20GB 30Days	Maldives eSIM 20GB 30Days - high speed internet - mobile data 5G compatible	0630HU5NLO6	MALDIVES-20GB-30D	116.99	0	2026-06-30 19:07:30 CEST		y	4			11				B0H6MM5SCJ						8721438409372			0	DEFAULT	Inactive
Maldives eSIM 3GB 15Days	Maldives eSIM 3GB 15Days - high speed internet - mobile data 5G compatible	0630HUBQL7U	MALDIVES-3GB-15D	32.99	0	2026-06-30 19:01:30 CEST		y	4			11				B0H6MD6Y71						8721438409358			0	DEFAULT	Inactive
Maldives eSIM 5GB 30Days	Maldives eSIM 5GB 30Days - high speed internet - mobile data 5G compatible	0630HUHE3O8	MALDIVES-5GB-30D	43.99	0	2026-06-30 19:04:22 CEST		y	4			11				B0H6MJQZ8Y						8721438409365			0	DEFAULT	Inactive
Mali eSIM 3GB 15Days	Mali eSIM 3GB 15Days - high speed internet - mobile data 5G compatible	0701HWDIGOC	MALI-3GB-15D	19.99	0	2026-07-01 08:30:55 CEST		y	4			11				B0FR9TRDSY						8721438405121			0	DEFAULT	Inactive
Malta eSIM 20GB 30Days	Malta eSIM 20GB 30Days - high speed internet - mobile data 5G compatible	0701HWFJPG6	MALTA-20GB-30D	14.99	0	2026-07-01 08:41:59 CEST		y	4			11				B0FR9VL1Q9						8721438405183			0	DEFAULT	Inactive
Malta eSIM 3GB 15Days	Malta eSIM 3GB 15Days - high speed internet - mobile data 5G compatible	0701HWCJXMG	MALTA-3GB-15D	7.99	0	2026-07-01 08:35:07 CEST		y	4			11				B0FR9M3PNR						8721438405145			0	DEFAULT	Inactive
Malta eSIM 5GB 30Days	Malta eSIM 5GB 30Days - high speed internet - mobile data 5G compatible	0701HWDWD6J	MALTA-5GB-30D	8.99	0	2026-07-01 08:38:41 CEST		y	4			11				B0FR9ZSMTC						8721438405169			0	DEFAULT	Inactive
Martinique eSIM 20GB 30Days	Martinique eSIM 20GB 30Days - high speed internet - mobile data 5G compatible	0630HU5S0HY	MARTINIQUE-20GB-30D	16.99	0	2026-06-30 19:17:05 CEST		y	4			11				B0H6MH94KV						8721438409402			0	DEFAULT	Inactive
Martinique eSIM 3GB 15Days	Martinique eSIM 3GB 15Days - high speed internet - mobile data 5G compatible	0630HU8RNJT	MARTINIQUE-3GB-15D	7.99	0	2026-06-30 19:11:25 CEST		y	4			11				B0H6M7SBFQ						8721438409389			0	DEFAULT	Inactive
Martinique eSIM 5GB 30Days	Martinique eSIM 5GB 30Days - high speed internet - mobile data 5G compatible	0630HU5U9UV	MARTINIQUE-5GB-30D	8.99	0	2026-06-30 19:14:08 CEST		y	4			11				B0H6MKCD1X						8721438409396			0	DEFAULT	Inactive
Mauritius eSIM 3GB 15Days	Mauritius eSIM 3GB 15Days - high speed internet - mobile data 5G compatible	0701HY4WBDG	MAURITIUS-3GB-15D	15.99	0	2026-07-01 16:22:04 CEST		y	4			11				B0H2FYRLRC						8721438408382			0	DEFAULT	Inactive
Mauritius eSIM 5GB 30Days	Mauritius eSIM 5GB 30Days - high speed internet - mobile data 5G compatible	0701HYFOJFT	MAURITIUS-5GB-30D	17.99	0	2026-07-01 16:25:51 CEST		y	4			11				B0H2G2XMS3						8721438408399			0	DEFAULT	Inactive
Mayotte eSIM 20GB 30Days	Mayotte eSIM 20GB 30Days - high speed internet - mobile data 5G compatible	0630HU5VPOK	MAYOTTE-20GB-30D	16.99	0	2026-06-30 19:27:00 CEST		y	4			11				B0H6M5L8MC						8721438409433			0	DEFAULT	Inactive
Mayotte eSIM 3GB 15Days	Mayotte eSIM 3GB 15Days - high speed internet - mobile data 5G compatible	0630HU5SK87	MAYOTTE-3GB-15D	7.99	0	2026-06-30 19:20:29 CEST		y	4			11				B0H6MFWP88						8721438409419			0	DEFAULT	Inactive
Mayotte eSIM 5GB 30Days	Mayotte eSIM 5GB 30Days - high speed internet - mobile data 5G compatible	0630HUMYXKX	MAYOTTE-5GB-30D	8.99	0	2026-06-30 19:23:53 CEST		y	4			11				B0H6MD9C4Y						8721438409426			0	DEFAULT	Inactive
Morocco eSIM 20GB 30Days		0327H0E9L1S	MA_20_30	29.49	0	2026-03-27 09:42:43 CET		y	1			11				B0FR9M57DY						B0FR9M57DY			0	DEFAULT	Inactive
Morocco eSIM 3GB 15Days		0327H13WM9Z	MA_3_15	8.25	0	2026-03-27 11:49:27 CET		y	1			11				B0FR9CFZQR						B0FR9CFZQR			0	DEFAULT	Inactive
Morocco eSIM 5GB 30Days		0327H0DUKFY	MA_5_30	8.74	0	2026-03-27 09:34:20 CET		y	1			11				B0FR9CDDQ8						B0FR9CDDQ8			0	DEFAULT	Inactive
Monaco eSIM 3GB 15Days		0812HQ2DSY8	MC_3_15	27.72	0	2026-08-12 15:23:42 CEST		y	1			11				B0FR9ZS6GM						B0FR9ZS6GM			0	DEFAULT	Inactive
Monaco eSIM 5GB 30Days		0812HQ3KA91	MC_5_30	40.71	0	2026-08-12 15:30:22 CEST		y	1			11				B0FR9H1H4M						B0FR9H1H4M			0	DEFAULT	Inactive
Moldova eSIM 3GB 15Days		0812HPZATYO	MD_3_15	7.66	0	2026-08-12 15:29:06 CEST		y	1			11				B0FR9CFQYY						B0FR9CFQYY			0	DEFAULT	Inactive
Middle East eSIM 5GB 30Days		0812HQ4JOTF	ME-13_5_30	40.71	0	2026-08-12 15:24:07 CEST		y	1			11				B0FR9SYKP6						B0FR9SYKP6			0	DEFAULT	Inactive
Mexico eSIM 20GB 30Days	Mexico eSIM 20GB 30Days - high speed internet - mobile data 5G compatible	0701HWFCQBV	MEXICO-20GB-30D	34.99	0	2026-07-01 08:52:57 CEST		y	4			11				B0FR9VDSJX						8721438405244			0	DEFAULT	Inactive
Mexico eSIM 3GB 15Days	Mexico eSIM 3GB 15Days - high speed internet - mobile data 5G compatible	0701HWIXLG5	MEXICO-3GB-15D	11.99	0	2026-07-01 08:45:55 CEST		y	4			11				B0FR9SZSTG						8721438405220			0	DEFAULT	Inactive
Mexico eSIM 5GB 30Days	Mexico eSIM 5GB 30Days - high speed internet - mobile data 5G compatible	0701HWEE67D	MEXICO-5GB-30D	13.99	0	2026-07-01 08:49:29 CEST		y	4			11				B0FR9H2K1C						8721438405237			0	DEFAULT	Inactive
Montenegro eSIM 3GB 15Days		0812HQ0CRAQ	ME_3_15	8.84	0	2026-08-12 15:29:03 CEST		y	1			11				B0FR9R5HR7						B0FR9R5HR7			0	DEFAULT	Inactive
Madagascar eSIM 3GB 15Days		0812HQ26DN6	MG_3_15	17.69	0	2026-08-12 15:23:25 CEST		y	1			11				B0FR9H2NS1						B0FR9H2NS1			0	DEFAULT	Inactive
Middle East eSIM 5GB 30Days	Middle East eSIM 5GB 30Days - high speed internet - mobile data 5G compatible	0701HWDU5S1	MIDDLE-EAST-5GB-30D	35.99	0	2026-07-01 08:56:20 CEST		y	4			11				B0FR9SYKP6						8721438405275			0	DEFAULT	Inactive
North Macedonia eSIM 3GB 15Days		0812HQB2BCB	MK_3_15	8.84	0	2026-08-12 17:44:33 CEST		y	1			11				B0FRB59DJS						B0FRB59DJS			0	DEFAULT	Inactive
North Macedonia eSIM 5GB 30Days		0812HQELACK	MK_5_30	13.56	0	2026-08-12 17:43:15 CEST		y	1			11				B0FR9WNHHX						B0FR9WNHHX			0	DEFAULT	Inactive
Mali eSIM 3GB 15Days		0812HQ467MD	ML_3_15	27.72	0	2026-08-12 15:23:56 CEST		y	1			11				B0FR9TRDSY						B0FR9TRDSY			0	DEFAULT	Inactive
Mongolia eSIM 3GB 15Days		0812HQ163VS	MN_3_15	53.69	0	2026-08-12 15:24:49 CEST		y	1			11				B0FR9LSYTX						B0FR9LSYTX			0	DEFAULT	Inactive
Moldova eSIM 3GB 15Days	Moldova eSIM 3GB 15Days - high speed internet - mobile data 5G compatible	0701HWFSWC0	MOLDOVA-3GB-15D	7.99	0	2026-07-01 09:00:23 CEST		y	4			11				B0FR9CFQYY						8721438405299			0	DEFAULT	Inactive
Monaco eSIM 3GB 15Days	Monaco eSIM 3GB 15Days - high speed internet - mobile data 5G compatible	0701HWDLTTM	MONACO-3GB-15D	61.99	0	2026-07-01 09:04:24 CEST		y	4			11				B0FR9ZS6GM						8721438405312			0	DEFAULT	Inactive
Monaco eSIM 5GB 30Days	Monaco eSIM 5GB 30Days - high speed internet - mobile data 5G compatible	0701HWP4INZ	MONACO-5GB-30D	84.99	0	2026-07-01 09:07:58 CEST		y	4			11				B0FR9H1H4M						8721438405329			0	DEFAULT	Inactive
Mongolia eSIM 3GB 15Days	Mongolia eSIM 3GB 15Days - high speed internet - mobile data 5G compatible	0701HWPL92C	MONGOLIA-3GB-15D	15.99	0	2026-07-01 09:11:43 CEST		y	4			11				B0FR9LSYTX						8721438405343			0	DEFAULT	Inactive
Montenegro eSIM 3GB 15Days	Montenegro eSIM 3GB 15Days - high speed internet - mobile data 5G compatible	0701HWGMH4E	MONTENEGRO-3GB-15D	8.99	0	2026-07-01 09:15:24 CEST		y	4			11				B0FR9R5HR7						8721438405367			0	DEFAULT	Inactive
Montserrat eSIM 20GB 30Days	Montserrat eSIM 20GB 30Days - high speed internet - mobile data 5G compatible	0630HU91SNK	MONTSERRAT-20GB-30D	93.99	0	2026-06-30 19:37:07 CEST		y	4			11				B0H6MG87HK						8721438409464			0	DEFAULT	Inactive
Montserrat eSIM 3GB 15Days	Montserrat eSIM 3GB 15Days - high speed internet - mobile data 5G compatible	0630HUF3KXP	MONTSERRAT-3GB-15D	24.99	0	2026-06-30 19:30:34 CEST		y	4			11				B0H6MDJ2ZR						8721438409440			0	DEFAULT	Inactive
Montserrat eSIM 5GB 30Days	Montserrat eSIM 5GB 30Days - high speed internet - mobile data 5G compatible	0630HUF4SLD	MONTSERRAT-5GB-30D	32.99	0	2026-06-30 19:33:50 CEST		y	4			11				B0H6MGQ1Y4						8721438409457			0	DEFAULT	Inactive
Morocco eSIM 20GB 30Days	Morocco eSIM 20GB 30Days - high speed internet - mobile data 5G compatible	0701HWFHNWD	MOROCCO-20GB-30D	26.99	0	2026-07-01 09:27:07 CEST		y	4			11				B0FR9M57DY						8721438405428			0	DEFAULT	Inactive
Morocco eSIM 3GB 15Days	Morocco eSIM 3GB 15Days - high speed internet - mobile data 5G compatible	0701HWK0PPC	MOROCCO-3GB-15D	9.99	0	2026-07-01 09:19:38 CEST		y	4			11				B0FR9CFZQR						8721438405381			0	DEFAULT	Inactive
Morocco eSIM 5GB 30Days	Morocco eSIM 5GB 30Days - high speed internet - mobile data 5G compatible	0701HWNAOP5	MOROCCO-5GB-30D	13.99	0	2026-07-01 09:23:26 CEST		y	4			11				B0FR9CDDQ8						8721438405404			0	DEFAULT	Inactive
Mozambique eSIM 20GB 30Days	Mozambique eSIM 20GB 30Days - high speed internet - mobile data 5G compatible	0701HWQPNFF	MOZAMBIQUE-20GB-30D	75.99	0	2026-07-01 09:34:59 CEST		y	4			11				B0FR9CFLS7						8721438405480			0	DEFAULT	Inactive
Mozambique eSIM 3GB 15Days	Mozambique eSIM 3GB 15Days - high speed internet - mobile data 5G compatible	0701HWH0MT8	MOZAMBIQUE-3GB-15D	19.99	0	2026-07-01 09:31:14 CEST		y	4			11				B0FRB1M6HK						8721438405473			0	DEFAULT	Inactive
Macao eSIM 20GB 30Days		0812HPYS20J	MO_20_30	12.97	0	2026-08-12 15:32:00 CEST		y	1			11				B0FR9CDBN2						B0FR9CDBN2			0	DEFAULT	Inactive
Macao eSIM 3GB 15Days		0812HQ28TPR	MO_3_15	2.94	0	2026-08-12 15:27:31 CEST		y	1			11				B0FR9M485M						B0FR9M485M			0	DEFAULT	Inactive
Macao eSIM 5GB 30Days		0812HQ3ON2K	MO_5_30	4.12	0	2026-08-12 15:30:09 CEST		y	1			11				B0FR9L9624						B0FR9L9624			0	DEFAULT	Inactive
Malta eSIM 20GB 30Days		0812HPX8B5Z	MT_20_30	26.54	0	2026-08-12 15:29:13 CEST		y	1			11				B0FR9VL1Q9						B0FR9VL1Q9			0	DEFAULT	Inactive
Malta eSIM 3GB 15Days		0812HQ6N6SY	MT_3_15	4.71	0	2026-08-12 15:28:49 CEST		y	1			11				B0FR9M3PNR						B0FR9M3PNR			0	DEFAULT	Inactive
Malta eSIM 5GB 30Days		0812HQ1V4EJ	MT_5_30	8.84	0	2026-08-12 15:25:53 CEST		y	1			11				B0FR9ZSMTC						B0FR9ZSMTC			0	DEFAULT	Inactive
Malawi eSIM 3GB 15Days		0812HQ08LGY	MW_3_15	22.41	0	2026-08-12 15:25:13 CEST		y	1			11				B0FR9H3JDK						B0FR9H3JDK			0	DEFAULT	Inactive
Malawi eSIM 5GB 30Days		0812HQ1Q0X5	MW_5_30	33.03	0	2026-08-12 15:22:13 CEST		y	1			11				B0FR9GXY24						B0FR9GXY24			0	DEFAULT	Inactive
Mexico eSIM 20GB 30Days		0812HPWZHTT	MX_20_30	39.53	0	2026-08-12 15:24:45 CEST		y	1			11				B0FR9VDSJX						B0FR9VDSJX			0	DEFAULT	Inactive
Mexico eSIM 3GB 15Days		0812HPYO8GR	MX_3_15	8.84	0	2026-08-12 15:25:08 CEST		y	1			11				B0FR9SZSTG						B0FR9SZSTG			0	DEFAULT	Inactive
Mexico eSIM 5GB 30Days		0812HQ17PDT	MX_5_30	13.56	0	2026-08-12 15:29:06 CEST		y	1			11				B0FR9H2K1C						B0FR9H2K1C			0	DEFAULT	Inactive
Malaysia eSIM 20GB 30Days		0327H0RZMZY	MY_20_30	16.29	0	2026-03-27 11:07:07 CET		y	1			11				B0FR9VMWYD						B0FR9VMWYD			0	DEFAULT	Inactive
Malaysia eSIM 3GB 15Days		0327H1SVKX1	MY_3_15	5.89	0	2026-03-27 15:41:27 CET		y	1			11				B0FR9H1Q65						B0FR9H1Q65			0	DEFAULT	Inactive
Malaysia eSIM 5GB 30Days		0327H0SNQO7	MY_5_30	8.25	0	2026-03-27 11:30:28 CET		y	1			11				B0FR9LDGX8						B0FR9LDGX8			0	DEFAULT	Inactive
Mozambique eSIM 20GB 30Days		0812HQ2J9XB	MZ_20_30	99.13	0	2026-08-12 15:29:45 CEST		y	1			11				B0FR9CFLS7						B0FR9CFLS7			0	DEFAULT	Inactive
Mozambique eSIM 3GB 15Days		0812HPZ8JSU	MZ_3_15	22.69	0	2026-08-12 15:26:04 CEST		y	1			11				B0FRB1M6HK						B0FRB1M6HK			0	DEFAULT	Inactive
North America eSIM 5GB 30Days		0812HQE8I9B	NA-3_5_30	13.56	0	2026-08-12 17:43:12 CEST		y	1			11				B0FRBDQ8H5						B0FRBDQ8H5			0	DEFAULT	Inactive
Nepal eSIM 3GB 15Days	Nepal eSIM 3GB 15Days - high speed internet - mobile data 5G compatible	0701HWSVWQO	NEPAL-3GB-15D	13.99	0	2026-07-01 09:38:43 CEST		y	4			11				B0FRB1TD7L						8721438405503			0	DEFAULT	Inactive
Netherlands eSIM 20GB 30Days	Netherlands eSIM 20GB 30Days - high speed internet - mobile data 5G compatible	0701HWHFIM8	NETHERLANDS-20GB-30D	15.99	0	2026-07-01 09:50:25 CEST		y	4			11				B0FR9NG7LB						8721438405565			0	DEFAULT	Inactive
Netherlands eSIM 3GB 15Days	Netherlands eSIM 3GB 15Days - high speed internet - mobile data 5G compatible	0701HWWID1T	NETHERLANDS-3GB-15D	7.99	0	2026-07-01 09:42:57 CEST		y	4			11				B0FRB5GNM2						8721438405527			0	DEFAULT	Inactive
Netherlands eSIM 5GB 30Days	Netherlands eSIM 5GB 30Days - high speed internet - mobile data 5G compatible	0701HWM4VUB	NETHERLANDS-5GB-30D	8.99	0	2026-07-01 09:46:44 CEST		y	4			11				B0FR9NHP7Q						8721438405541			0	DEFAULT	Inactive
New Zealand eSIM 20GB 30Days	New Zealand eSIM 20GB 30Days - high speed internet - mobile data 5G compatible	0701HWVRFZL	NEW-ZEALAND-20GB-30D	24.99	0	2026-07-01 10:00:31 CEST		y	4			11				B0FRB1TWT8						8721438405626			0	DEFAULT	Inactive
New Zealand eSIM 3GB 15Days	New Zealand eSIM 3GB 15Days - high speed internet - mobile data 5G compatible	0701HWWDXST	NEW-ZEALAND-3GB-15D	8.99	0	2026-07-01 09:54:10 CEST		y	4			11				B0FR9NKXF5						8721438405596			0	DEFAULT	Inactive
New Zealand eSIM 5GB 30Days	New Zealand eSIM 5GB 30Days - high speed internet - mobile data 5G compatible	0701HWR08NX	NEW-ZEALAND-5GB-30D	10.99	0	2026-07-01 09:57:24 CEST		y	4			11				B0FR9NHFWQ						8721438405602			0	DEFAULT	Inactive
Niger eSIM 3GB 15Days		0812HPXCZ6H	NE_3_15	27.72	0	2026-08-12 15:30:35 CEST		y	1			11				B0FR9NPT1H						B0FR9NPT1H			0	DEFAULT	Inactive
Nigeria eSIM 3GB 15Days		0812HQ8X8X4	NG_3_15	17.69	0	2026-08-12 17:38:17 CEST		y	1			11				B0FR9X17QY						B0FR9X17QY			0	DEFAULT	Inactive
Nicaragua eSIM 3GB 15Days	Nicaragua eSIM 3GB 15Days - high speed internet - mobile data 5G compatible	0701HWTWP3B	NICARAGUA-3GB-15D	13.99	0	2026-07-01 10:04:15 CEST		y	4			11				B0FRB33MPG						8721438405695			0	DEFAULT	Inactive
Niger eSIM 3GB 15Days	Niger eSIM 3GB 15Days - high speed internet - mobile data 5G compatible	0701HWZTB04	NIGER-3GB-15D	16.99	0	2026-07-01 10:08:30 CEST		y	4			11				B0FR9NPT1H						8721438405718			0	DEFAULT	Inactive
Nigeria eSIM 3GB 15Days	Nigeria eSIM 3GB 15Days - high speed internet - mobile data 5G compatible	0701HWSV1J8	NIGERIA-3GB-15D	13.99	0	2026-07-01 10:12:44 CEST		y	4			11				B0FR9X17QY						8721438405732			0	DEFAULT	Inactive
Nicaragua eSIM 3GB 15Days		0812HPZTP6U	NI_3_15	17.69	0	2026-08-12 15:23:55 CEST		y	1			11				B0FRB33MPG						B0FRB33MPG			0	DEFAULT	Inactive
Netherlands eSIM 20GB 30Days		0325HSSXW7L	NL_20_30	20.05	0	2026-03-25 12:25:14 CET		y	1			11				B0FR9NG7LB						B0FR9NG7LB			0	DEFAULT	Inactive
Netherlands eSIM 3GB 15Days		0325HSTE5OR	NL_3_15	5.89	0	2026-03-25 13:28:30 CET		y	1			11				B0FRB5GNM2						B0FRB5GNM2			0	DEFAULT	Inactive
Netherlands eSIM 5GB 30Days		0327H0S5FL3	NL_5_30	5.3	0	2026-03-27 11:27:57 CET		y	1			11				B0FR9NHP7Q						B0FR9NHP7Q			0	DEFAULT	Inactive
North America eSIM 5GB 30Days	North America eSIM 5GB 30Days - high speed internet - mobile data 5G compatible	0701HWX0Y48	NORTH-AMERICA-5GB-30D	15.99	0	2026-07-01 10:17:26 CEST		y	4			11				B0FRBDQ8H5						8721438405794			0	DEFAULT	Inactive
North Macedonia eSIM 3GB 15Days	North Macedonia eSIM 3GB 15Days - high speed internet - mobile data 5G compatible	0701HWWL72M	NORTH-MACEDONIA-3GB-15D	8.99	0	2026-07-01 10:21:13 CEST		y	4			11				B0FRB59DJS						8721438405862			0	DEFAULT	Inactive
North Macedonia eSIM 5GB 30Days	North Macedonia eSIM 5GB 30Days - high speed internet - mobile data 5G compatible	0701HWZ9IK1	NORTH-MACEDONIA-5GB-30D	13.99	0	2026-07-01 10:24:59 CEST		y	4			11				B0FR9WNHHX						8721438405879			0	DEFAULT	Inactive
Norway eSIM 20GB 30Days	Norway eSIM 20GB 30Days - high speed internet - mobile data 5G compatible	0701HWRNS2S	NORWAY-20GB-30D	14.99	0	2026-07-01 10:36:31 CEST		y	4			11				B0FRB572L8						8721438405930			0	DEFAULT	Inactive
Norway eSIM 3GB 15Days	Norway eSIM 3GB 15Days - high speed internet - mobile data 5G compatible	0701HWXL1QW	NORWAY-3GB-15D	7.99	0	2026-07-01 10:30:03 CEST		y	4			11				B0FR9WNK2H						8721438405893			0	DEFAULT	Inactive
Norway eSIM 5GB 30Days	Norway eSIM 5GB 30Days - high speed internet - mobile data 5G compatible	0701HWOGXTT	NORWAY-5GB-30D	8.99	0	2026-07-01 10:32:53 CEST		y	4			11				B0FRBNPZ9D						8721438405916			0	DEFAULT	Inactive
Norway eSIM 20GB 30Days		0812HQAO5DR	NO_20_30	12.8	0	2026-08-12 17:44:00 CEST		y	1			11				B0FRB572L8						B0FRB572L8			0	DEFAULT	Inactive
Norway eSIM 3GB 15Days		0812HQE54E3	NO_3_15	2.94	0	2026-08-12 17:40:32 CEST		y	1			11				B0FR9WNK2H						B0FR9WNK2H			0	DEFAULT	Inactive
Norway eSIM 5GB 30Days		0812HQHN1XR	NO_5_30	4.12	0	2026-08-12 17:41:26 CEST		y	1			11				B0FRBNPZ9D						B0FRBNPZ9D			0	DEFAULT	Inactive
Nepal eSIM 3GB 15Days		0812HPXWH1L	NP_3_15	33.03	0	2026-08-12 15:31:18 CEST		y	1			11				B0FRB1TD7L						B0FRB1TD7L			0	DEFAULT	Inactive
New Zealand eSIM 20GB 30Days		0812HPX8R6O	NZ_20_30	21.82	0	2026-08-12 15:30:19 CEST		y	1			11				B0FRB1TWT8						B0FRB1TWT8			0	DEFAULT	Inactive
New Zealand eSIM 3GB 15Days		0812HQ3BY5L	NZ_3_15	4.71	0	2026-08-12 15:30:27 CEST		y	1			11				B0FR9NKXF5						B0FR9NKXF5			0	DEFAULT	Inactive
New Zealand eSIM 5GB 30Days		0812HPU4NXC	NZ_5_30	8.25	0	2026-08-12 15:29:02 CEST		y	1			11				B0FR9NHFWQ						B0FR9NHFWQ			0	DEFAULT	Inactive
Oman eSIM 20GB 30Days	Oman eSIM 20GB 30Days - high speed internet - mobile data 5G compatible	0701HWLT29C	OMAN-20GB-30D	32.99	0	2026-07-01 10:45:15 CEST		y	4			11				B0FRB4R3FK						8721438405992			0	DEFAULT	Inactive
Oman eSIM 3GB 15Days	Oman eSIM 3GB 15Days - high speed internet - mobile data 5G compatible	0701HWZ77TL	OMAN-3GB-15D	10.99	0	2026-07-01 10:40:40 CEST		y	4			11				B0FRB4BL4W						8721438405978			0	DEFAULT	Inactive
Oman eSIM 20GB 30Days		0812HQHNE76	OM_20_30	70.8	0	2026-08-12 17:38:57 CEST		y	1			11				B0FRB4R3FK						B0FRB4R3FK			0	DEFAULT	Inactive
Oman eSIM 3GB 15Days		0812HQAAVA2	OM_3_15	13.56	0	2026-08-12 17:42:58 CEST		y	1			11				B0FRB4BL4W						B0FRB4BL4W			0	DEFAULT	Inactive
Pakistan eSIM 20GB 30Days	Pakistan eSIM 20GB 30Days - high speed internet - mobile data 5G compatible	0701HWP2IJK	PAKISTAN-20GB-30D	21.99	0	2026-07-01 10:56:00 CEST		y	4			11				B0FRB691X8						8721438406050			0	DEFAULT	Inactive
Pakistan eSIM 3GB 15Days	Pakistan eSIM 3GB 15Days - high speed internet - mobile data 5G compatible	0701HWWR557	PAKISTAN-3GB-15D	8.99	0	2026-07-01 10:48:35 CEST		y	4			11				B0FRB4HL3B						8721438406012			0	DEFAULT	Inactive
Pakistan eSIM 5GB 30Days	Pakistan eSIM 5GB 30Days - high speed internet - mobile data 5G compatible	0701HWZJS60	PAKISTAN-5GB-30D	9.99	0	2026-07-01 10:52:21 CEST		y	4			11				B0FRB48QKZ						8721438406036			0	DEFAULT	Inactive
Panama eSIM 3GB 15Days	Panama eSIM 3GB 15Days - high speed internet - mobile data 5G compatible	0701HWXJKUM	PANAMA-3GB-15D	16.99	0	2026-07-01 11:00:08 CEST		y	4			11				B0FRB3VFW6						8721438406074			0	DEFAULT	Inactive
Paraguay eSIM 3GB 15Days	Paraguay eSIM 3GB 15Days - high speed internet - mobile data 5G compatible	0701HX2OKVG	PARAGUAY-3GB-15D	13.99	0	2026-07-01 11:04:24 CEST		y	4			11				B0FRB3V7CS						8721438406098			0	DEFAULT	Inactive
Panama eSIM 3GB 15Days		0812HQB3RFC	PA_3_15	17.45	0	2026-08-12 17:39:30 CEST		y	1			11				B0FRB3VFW6						B0FRB3VFW6			0	DEFAULT	Inactive
Peru eSIM 20GB 30Days	Peru eSIM 20GB 30Days - high speed internet - mobile data 5G compatible	0630HTRC95A	PERU-20GB-30D	41.99	0	2026-06-30 13:20:36 CEST		y	4			11				B0H6M8BLBD						8721438406128			0	DEFAULT	Inactive
Peru eSIM 3GB 15Days	Peru eSIM 3GB 15Days - high speed internet - mobile data 5G compatible	0630HTFE3LK	PERU-3GB-15D	13.99	0	2026-06-30 13:16:43 CEST		y	4			11				B0H6M5WW3B						8721438406111			0	DEFAULT	Inactive
Philippines eSIM 20GB 30Days	Philippines eSIM 20GB 30Days - high speed internet - mobile data 5G compatible	0701HX1VZ8F	PHILIPPINES-20GB-30D	22.99	0	2026-07-01 11:16:08 CEST		y	4			11				B0FRB4K2D4						8721438406173			0	DEFAULT	Inactive
Philippines eSIM 3GB 15Days	Philippines eSIM 3GB 15Days - high speed internet - mobile data 5G compatible	0701HX2JPAD	PHILIPPINES-3GB-15D	8.99	0	2026-07-01 11:09:08 CEST		y	4			11				B0FRB1GVXK						8721438406142			0	DEFAULT	Inactive
Philippines eSIM 5GB 30Days	Philippines eSIM 5GB 30Days - high speed internet - mobile data 5G compatible	0701HX3J31Z	PHILIPPINES-5GB-30D	9.99	0	2026-07-01 11:12:28 CEST		y	4			11				B0FRB4VCKG						8721438406159			0	DEFAULT	Inactive
Philippines eSIM 20GB 30Days		0327H050CZC	PH_20_30	34.21	0	2026-03-27 09:30:02 CET		y	1			11				B0FRB4K2D4						B0FRB4K2D4			0	DEFAULT	Inactive
Philippines eSIM 3GB 15Days		0327H0N1FK8	PH_3_15	9.43	0	2026-03-27 10:22:40 CET		y	1			11				B0FRB1GVXK						B0FRB1GVXK			0	DEFAULT	Inactive
Philippines eSIM 5GB 30Days		0327H0LRM8Y	PH_5_30	12.97	0	2026-03-27 10:18:03 CET		y	1			11				B0FRB4VCKG						B0FRB4VCKG			0	DEFAULT	Inactive
Pakistan eSIM 20GB 30Days		0812HQECY9H	PK_20_30	31.26	0	2026-08-12 17:39:51 CEST		y	1			11				B0FRB691X8						B0FRB691X8			0	DEFAULT	Inactive
Pakistan eSIM 3GB 15Days		0812HQE553F	PK_3_15	7.66	0	2026-08-12 17:47:45 CEST		y	1			11				B0FRB4HL3B						B0FRB4HL3B			0	DEFAULT	Inactive
Pakistan eSIM 5GB 30Days		0812HQ9392X	PK_5_30	11.06	0	2026-08-12 17:38:31 CEST		y	1			11				B0FRB48QKZ						B0FRB48QKZ			0	DEFAULT	Inactive
Poland eSIM 20GB 30Days		0325HSKTEAS	PL_20_30	16.51	0	2026-03-25 10:42:38 CET		y	1			11				B0FRB5HSK7						B0FRB5HSK7			0	DEFAULT	Inactive
Poland eSIM 3GB 15Days		0327H0TOEIB	PL_3_15	5.83	0	2026-03-27 11:35:56 CET		y	1			11				B0FRB4JVKR						B0FRB4JVKR			0	DEFAULT	Inactive
Poland eSIM 5GB 30Days		0327H1HG0Z5	PL_5_30	4.12	0	2026-03-27 14:50:18 CET		y	1			11				B0FRBDPQ9J						B0FRBDPQ9J			0	DEFAULT	Inactive
Poland eSIM 20GB 30Days	Poland eSIM 20GB 30Days - high speed internet - mobile data 5G compatible	0701HX1JB3S	POLAND-20GB-30D	14.99	0	2026-07-01 11:27:45 CEST		y	4			11				B0FRB5HSK7						8721438406289			0	DEFAULT	Inactive
Poland eSIM 3GB 15Days	Poland eSIM 3GB 15Days - high speed internet - mobile data 5G compatible	0701HX3MLQT	POLAND-3GB-15D	7.99	0	2026-07-01 11:20:44 CEST		y	4			11				B0FRB4JVKR						8721438406258			0	DEFAULT	Inactive
Poland eSIM 5GB 30Days	Poland eSIM 5GB 30Days - high speed internet - mobile data 5G compatible	0701HX3IIOR	POLAND-5GB-30D	8.99	0	2026-07-01 11:24:28 CEST		y	4			11				B0FRBDPQ9J						8721438406272			0	DEFAULT	Inactive
Portugal eSIM 20GB 30Days	Portugal eSIM 20GB 30Days - high speed internet - mobile data 5G compatible	0701HX5E8TS	PORTUGAL-20GB-30D	14.99	0	2026-07-01 11:39:45 CEST		y	4			11				B0FRB354KV						8721438406357			0	DEFAULT	Inactive
Portugal eSIM 3GB 15Days	Portugal eSIM 3GB 15Days - high speed internet - mobile data 5G compatible	0701HX6Y2BI	PORTUGAL-3GB-15D	7.99	0	2026-07-01 11:31:54 CEST		y	4			11				B0FRB4314T						8721438406319			0	DEFAULT	Inactive
Portugal eSIM 5GB 30Days	Portugal eSIM 5GB 30Days - high speed internet - mobile data 5G compatible	0701HX7EM8M	PORTUGAL-5GB-30D	8.99	0	2026-07-01 11:35:41 CEST		y	4			11				B0FRB4X799						8721438406333			0	DEFAULT	Inactive
Puerto Rico eSIM 3GB 15Days		0812HQ9T0LG	PR_3_15	11.2	0	2026-08-12 17:39:28 CEST		y	1			11				B0FRB5MSF1						B0FRB5MSF1			0	DEFAULT	Inactive
Puerto Rico eSIM 5GB 30Days		0812HQEOWY8	PR_5_30	17.1	0	2026-08-12 17:40:31 CEST		y	1			11				B0FR9WMX9V						B0FR9WMX9V			0	DEFAULT	Inactive
Portugal eSIM 20GB 30Days		0327H0AOTHL	PT_20_30	20.4	0	2026-03-27 09:30:26 CET		y	1			11				B0FRB354KV						B0FRB354KV			0	DEFAULT	Inactive
Portugal eSIM 3GB 15Days		0327H10J7HK	PT_3_15	5.89	0	2026-03-27 11:50:10 CET		y	1			11				B0FRB4314T						B0FRB4314T			0	DEFAULT	Inactive
Portugal eSIM 5GB 30Days		0325HSE00YL	PT_5_30	5.3	0	2026-03-25 11:00:27 CET		y	1			11				B0FRB4X799						B0FRB4X799			0	DEFAULT	Inactive
Puerto Rico eSIM 3GB 15Days	Puerto Rico eSIM 3GB 15Days - high speed internet - mobile data 5G compatible	0701HX6ETD5	PUERTO-RICO-3GB-15D	11.99	0	2026-07-01 11:43:31 CEST		y	4			11				B0FRB5MSF1						8721438406388			0	DEFAULT	Inactive
Puerto Rico eSIM 5GB 30Days	Puerto Rico eSIM 5GB 30Days - high speed internet - mobile data 5G compatible	0701HX5PYF0	PUERTO-RICO-5GB-30D	13.99	0	2026-07-01 11:47:43 CEST		y	4			11				B0FR9WMX9V						8721438406395			0	DEFAULT	Inactive
Paraguay eSIM 3GB 15Days		0812HQEOW1R	PY_3_15	17.45	0	2026-08-12 17:38:31 CEST		y	1			11				B0FRB3V7CS						B0FRB3V7CS			0	DEFAULT	Inactive
Qatar eSIM 20GB 30Days	Qatar eSIM 20GB 30Days - high speed internet - mobile data 5G compatible	0701HXC7SB6	QATAR-20GB-30D	30.99	0	2026-07-01 11:59:18 CEST		y	4			11				B0FR9X3QGM						8721438406449			0	DEFAULT	Inactive
Qatar eSIM 3GB 15Days	Qatar eSIM 3GB 15Days - high speed internet - mobile data 5G compatible	0701HXEDWUH	QATAR-3GB-15D	10.99	0	2026-07-01 11:51:26 CEST		y	4			11				B0FR9NXH43						8721438406418			0	DEFAULT	Inactive
Qatar eSIM 5GB 30Days	Qatar eSIM 5GB 30Days - high speed internet - mobile data 5G compatible	0701HXHCEX9	QATAR-5GB-30D	17.99	0	2026-07-01 11:55:13 CEST		y	4			11				B0FR9X5KB1						8721438406432			0	DEFAULT	Inactive
Qatar eSIM 20GB 30Days		0812HQ9HETW	QA_20_30	62.25	0	2026-08-12 17:36:52 CEST		y	1			11				B0FR9X3QGM						B0FR9X3QGM			0	DEFAULT	Inactive
Qatar eSIM 3GB 15Days		0812HQA18L3	QA_3_15	14.15	0	2026-08-12 17:40:54 CEST		y	1			11				B0FR9NXH43						B0FR9NXH43			0	DEFAULT	Inactive
Qatar eSIM 5GB 30Days		0812HQAW1TW	QA_5_30	21.82	0	2026-08-12 17:46:54 CEST		y	1			11				B0FR9X5KB1						B0FR9X5KB1			0	DEFAULT	Inactive
Republic of the Congo eSIM 20GB 30Days	Republic of the Congo eSIM 20GB 30Days - high speed internet - mobile data 5G compatible	0630HU63WZS	REPUBLIC-OF-THE-CONGO-20GB-30D	76.99	0	2026-06-30 19:46:53 CEST		y	4			11				B0H6MJ756Y						8721438409495			0	DEFAULT	Inactive
Republic of the Congo eSIM 3GB 15Days	Republic of the Congo eSIM 3GB 15Days - high speed internet - mobile data 5G compatible	0630HU644C4	REPUBLIC-OF-THE-CONGO-3GB-15D	21.99	0	2026-06-30 19:40:22 CEST		y	4			11				B0H6MM6DKT						8721438409471			0	DEFAULT	Inactive
Republic of the Congo eSIM 5GB 30Days	Republic of the Congo eSIM 5GB 30Days - high speed internet - mobile data 5G compatible	0630HUK2E2I	REPUBLIC-OF-THE-CONGO-5GB-30D	33.99	0	2026-06-30 19:43:36 CEST		y	4			11				B0H6MBXD3B						8721438409488			0	DEFAULT	Inactive
Reunion eSIM 3GB 15Days	Reunion eSIM 3GB 15Days - high speed internet - mobile data 5G compatible	0701HX8WDX7	REUNION-3GB-15D	7.99	0	2026-07-01 12:03:03 CEST		y	4			11				B0FRB3KCNQ						8721438406470			0	DEFAULT	Inactive
Reunion eSIM 5GB 30Days	Reunion eSIM 5GB 30Days - high speed internet - mobile data 5G compatible	0701HXKF3J6	REUNION-5GB-30D	8.99	0	2026-07-01 12:07:38 CEST		y	4			11				B0FRB47TQW						8721438406487			0	DEFAULT	Inactive
Reunion eSIM 3GB 15Days		0812HQ9DYFM	RE_3_15	11.2	0	2026-08-12 17:42:08 CEST		y	1			11				B0FRB3KCNQ						B0FRB3KCNQ			0	DEFAULT	Inactive
Reunion eSIM 5GB 30Days		0812HQA9I9N	RE_5_30	17.1	0	2026-08-12 17:41:07 CEST		y	1			11				B0FRB47TQW						B0FRB47TQW			0	DEFAULT	Inactive
Romania eSIM 20GB 30Days	Romania eSIM 20GB 30Days - high speed internet - mobile data 5G compatible	0630HUPBG4X	ROMANIA-20GB-30D	14.99	0	2026-06-30 19:56:40 CEST		y	4			11				B0H6MGRC1F						8721438409525			0	DEFAULT	Inactive
Romania eSIM 3GB 15Days	Romania eSIM 3GB 15Days - high speed internet - mobile data 5G compatible	0630HUF979J	ROMANIA-3GB-15D	7.99	0	2026-06-30 19:50:18 CEST		y	4			11				B0H6MKQH2C						8721438409501			0	DEFAULT	Inactive
Romania eSIM 5GB 30Days	Romania eSIM 5GB 30Days - high speed internet - mobile data 5G compatible	0630HUM0BTN	ROMANIA-5GB-30D	8.99	0	2026-06-30 19:53:32 CEST		y	4			11				B0H6MFVLCB						8721438409518			0	DEFAULT	Inactive
Serbia eSIM 20GB 30Days		0812HQ6XQ19	RS_20_30	50.15	0	2026-08-12 17:37:38 CEST		y	1			11				B0FRB5K8JC						B0FRB5K8JC			0	DEFAULT	Inactive
Serbia eSIM 3GB 15Days		0812HQEZGBM	RS_3_15	11.2	0	2026-08-12 17:46:09 CEST		y	1			11				B0FRB5TJV2						B0FRB5TJV2			0	DEFAULT	Inactive
Russia eSIM 20GB 30Days	Russia eSIM 20GB 30Days - high speed internet - mobile data 5G compatible	0630HU99WBY	RUSSIA-20GB-30D	22.99	0	2026-06-30 20:06:05 CEST		y	4			11				B0H6MDSLNC						8721438409556			0	DEFAULT	Inactive
Russia eSIM 3GB 15Days	Russia eSIM 3GB 15Days - high speed internet - mobile data 5G compatible	0630HUKKBBD	RUSSIA-3GB-15D	9.99	0	2026-06-30 19:59:33 CEST		y	4			11				B0H6MDNPC8						8721438409532			0	DEFAULT	Inactive
Russia eSIM 5GB 30Days	Russia eSIM 5GB 30Days - high speed internet - mobile data 5G compatible	0630HUH8U38	RUSSIA-5GB-30D	13.99	0	2026-06-30 20:03:08 CEST		y	4			11				B0H6MLHHB2						8721438409549			0	DEFAULT	Inactive
Rwanda eSIM 20GB 30Days	Rwanda eSIM 20GB 30Days - high speed internet - mobile data 5G compatible	0630HUN4JOX	RWANDA-20GB-30D	97.99	0	2026-06-30 20:16:02 CEST		y	4			11				B0H6M66BWN						8721438409587			0	DEFAULT	Inactive
Rwanda eSIM 3GB 15Days	Rwanda eSIM 3GB 15Days - high speed internet - mobile data 5G compatible	0630HUI684N	RWANDA-3GB-15D	23.99	0	2026-06-30 20:09:51 CEST		y	4			11				B0H6MK2ZBQ						8721438409563			0	DEFAULT	Inactive
Rwanda eSIM 5GB 30Days	Rwanda eSIM 5GB 30Days - high speed internet - mobile data 5G compatible	0630HU99O2A	RWANDA-5GB-30D	31.99	0	2026-06-30 20:12:54 CEST		y	4			11				B0H6MJZHP1						8721438409570			0	DEFAULT	Inactive
South America eSIM 5GB 30Days		0812HQEQNZW	SA-18_5_30	32.63	0	2026-08-12 17:45:56 CEST		y	1			11				B0FRB8D7HC						B0FRB8D7HC			0	DEFAULT	Inactive
Saint Barthelemy eSIM 20GB 30Days	Saint Barthelemy eSIM 20GB 30Days - high speed internet - mobile data 5G compatible	0630HUL8YCO	SAINT-BARTHELEMY-20GB-30D	16.99	0	2026-06-30 20:25:38 CEST		y	4			11				B0H6MJHHNB						8721438409617			0	DEFAULT	Inactive
Saint Barthelemy eSIM 3GB 15Days	Saint Barthelemy eSIM 3GB 15Days - high speed internet - mobile data 5G compatible	0630HUFJNZW	SAINT-BARTHELEMY-3GB-15D	7.99	0	2026-06-30 20:19:27 CEST		y	4			11				B0H6MDMD63						8721438409594			0	DEFAULT	Inactive
Saint Barthelemy eSIM 5GB 30Days	Saint Barthelemy eSIM 5GB 30Days - high speed internet - mobile data 5G compatible	0630HUJN5H8	SAINT-BARTHELEMY-5GB-30D	8.99	0	2026-06-30 20:22:52 CEST		y	4			11				B0H6MBS246						8721438409600			0	DEFAULT	Inactive
Saint Kitts and Nevis eSIM 20GB 30Days	Saint Kitts and Nevis eSIM 20GB 30Days - high speed internet - mobile data 5G compatible	0630HUJJSA0	SAINT-KITTS-AND-NEVIS-20GB-30D	102.99	0	2026-06-30 20:35:23 CEST		y	4			11				B0H6MJQSR4						8721438409648			0	DEFAULT	Inactive
Saint Kitts and Nevis eSIM 3GB 15Days	Saint Kitts and Nevis eSIM 3GB 15Days - high speed internet - mobile data 5G compatible	0630HUFJ07V	SAINT-KITTS-AND-NEVIS-3GB-15D	28.99	0	2026-06-30 20:29:13 CEST		y	4			11				B0H6MDHJ2B						8721438409624			0	DEFAULT	Inactive
Saint Kitts and Nevis eSIM 5GB 30Days	Saint Kitts and Nevis eSIM 5GB 30Days - high speed internet - mobile data 5G compatible	0630HUMQASP	SAINT-KITTS-AND-NEVIS-5GB-30D	37.99	0	2026-06-30 20:31:55 CEST		y	4			11				B0H6MBK615						8721438409631			0	DEFAULT	Inactive
Saint Lucia eSIM 20GB 30Days	Saint Lucia eSIM 20GB 30Days - high speed internet - mobile data 5G compatible	0630HUPMC82	SAINT-LUCIA-20GB-30D	102.99	0	2026-06-30 20:44:25 CEST		y	4			11				B0H6MDX8DY						8721438409679			0	DEFAULT	Inactive
Saint Lucia eSIM 3GB 15Days	Saint Lucia eSIM 3GB 15Days - high speed internet - mobile data 5G compatible	0630HULI4N6	SAINT-LUCIA-3GB-15D	28.99	0	2026-06-30 20:38:37 CEST		y	4			11				B0H6M7Y1CD						8721438409655			0	DEFAULT	Inactive
Saint Lucia eSIM 5GB 30Days	Saint Lucia eSIM 5GB 30Days - high speed internet - mobile data 5G compatible	0630HUPCBT5	SAINT-LUCIA-5GB-30D	37.99	0	2026-06-30 20:41:29 CEST		y	4			11				B0H6MGBXNV						8721438409662			0	DEFAULT	Inactive
Saint Martin eSIM 20GB 30Days	Saint Martin eSIM 20GB 30Days - high speed internet - mobile data 5G compatible	0630HUNK5RL	SAINT-MARTIN-20GB-30D	16.99	0	2026-06-30 20:54:10 CEST		y	4			11				B0H6MF7K64						8721438409709			0	DEFAULT	Inactive
Saint Martin eSIM 3GB 15Days	Saint Martin eSIM 3GB 15Days - high speed internet - mobile data 5G compatible	0630HUQ3COG	SAINT-MARTIN-3GB-15D	7.99	0	2026-06-30 20:47:50 CEST		y	4			11				B0H6MDB2CN						8721438409686			0	DEFAULT	Inactive
Saint Martin eSIM 5GB 30Days	Saint Martin eSIM 5GB 30Days - high speed internet - mobile data 5G compatible	0630HUO6DBP	SAINT-MARTIN-5GB-30D	8.99	0	2026-06-30 20:51:14 CEST		y	4			11				B0H6MC37Q1						8721438409693			0	DEFAULT	Inactive
Saint Vincent and the Grenadines eSIM 3GB 15Days	Saint Vincent and the Grenadines eSIM 3GB 15Days - high speed internet - mobile data 5G compatible	0630HUKRUER	SAINT-VINCENT-AND-THE-GRENADINES-3GB-15D	34.99	0	2026-06-30 20:57:46 CEST		y	4			11				B0H6MF3FWZ						8721438409716			0	DEFAULT	Inactive
Saint Vincent and the Grenadines eSIM 5GB 30Days	Saint Vincent and the Grenadines eSIM 5GB 30Days - high speed internet - mobile data 5G compatible	0630HUN5JLX	SAINT-VINCENT-AND-THE-GRENADINES-5GB-30D	45.99	0	2026-06-30 21:00:49 CEST		y	4			11				B0H6MJXH8Z						8721438409723			0	DEFAULT	Inactive
Samoa eSIM 20GB 30Days	Samoa eSIM 20GB 30Days - high speed internet - mobile data 5G compatible	0630HUMC84A	SAMOA-20GB-30D	294.99	0	2026-06-30 21:15:07 CEST		y	4			11				B0H6MJQDSM						8721438409761			0	DEFAULT	Inactive
Samoa eSIM 3GB 15Days	Samoa eSIM 3GB 15Days - high speed internet - mobile data 5G compatible	0630HULOWGL	SAMOA-3GB-15D	57.99	0	2026-06-30 21:08:47 CEST		y	4			11				B0H6MGJ45S						8721438409747			0	DEFAULT	Inactive
Samoa eSIM 5GB 30Days	Samoa eSIM 5GB 30Days - high speed internet - mobile data 5G compatible	0630HUQ7UV9	SAMOA-5GB-30D	79.99	0	2026-06-30 21:12:10 CEST		y	4			11				B0H6MFFZH1						8721438409754			0	DEFAULT	Inactive
San Marino eSIM 20GB 30Days	San Marino eSIM 20GB 30Days - high speed internet - mobile data 5G compatible	0630HULVU8S	SAN-MARINO-20GB-30D	15.99	0	2026-06-30 21:24:52 CEST		y	4			11				B0H6MDHJFJ						8721438409792			0	DEFAULT	Inactive
San Marino eSIM 3GB 15Days	San Marino eSIM 3GB 15Days - high speed internet - mobile data 5G compatible	0630HUQ4S3S	SAN-MARINO-3GB-15D	7.99	0	2026-06-30 21:18:21 CEST		y	4			11				B0H6MG33GL						8721438409778			0	DEFAULT	Inactive
San Marino eSIM 5GB 30Days	San Marino eSIM 5GB 30Days - high speed internet - mobile data 5G compatible	0630HUL70CR	SAN-MARINO-5GB-30D	8.99	0	2026-06-30 21:21:46 CEST		y	4			11				B0H6ML6C38						8721438409785			0	DEFAULT	Inactive
Saudi Arabia eSIM 20GB 30Days	Saudi Arabia eSIM 20GB 30Days - high speed internet - mobile data 5G compatible	0701HXERRD5	SAUDI-ARABIA-20GB-30D	33.99	0	2026-07-01 12:18:27 CEST		y	4			11				B0FRB5PZTS						8721438406548			0	DEFAULT	Inactive
Saudi Arabia eSIM 3GB 15Days	Saudi Arabia eSIM 3GB 15Days - high speed internet - mobile data 5G compatible	0701HXKZ16J	SAUDI-ARABIA-3GB-15D	11.99	0	2026-07-01 12:10:58 CEST		y	4			11				B0FRB3N2KL						8721438406500			0	DEFAULT	Inactive
Saudi Arabia eSIM 5GB 30Days	Saudi Arabia eSIM 5GB 30Days - high speed internet - mobile data 5G compatible	0701HXNQIDG	SAUDI-ARABIA-5GB-30D	13.99	0	2026-07-01 12:14:46 CEST		y	4			11				B0FRB1SRZY						8721438406524			0	DEFAULT	Inactive
Saudi Arabia eSIM 20GB 30Days		0812HQA9BU2	SA_20_30	49.46	0	2026-08-12 17:39:33 CEST		y	1			11				B0FRB5PZTS						B0FRB5PZTS			0	DEFAULT	Inactive
Saudi Arabia eSIM 3GB 15Days		0812HQAR1O2	SA_3_15	9.43	0	2026-08-12 17:43:48 CEST		y	1			11				B0FRB3N2KL						B0FRB3N2KL			0	DEFAULT	Inactive
Saudi Arabia eSIM 5GB 30Days		0812HQEMZQJ	SA_5_30	15.92	0	2026-08-12 17:44:29 CEST		y	1			11				B0FRB1SRZY						B0FRB1SRZY			0	DEFAULT	Inactive
Seychelles eSIM 3GB 15Days		0812HQI3JB4	SC_3_15	17.69	0	2026-08-12 17:44:08 CEST		y	1			11				B0FRB55T3H						B0FRB55T3H			0	DEFAULT	Inactive
Seychelles eSIM 5GB 30Days		0812HQEHQZZ	SC_5_30	27.13	0	2026-08-12 17:39:13 CEST		y	1			11				B0FR9P7N6M						B0FR9P7N6M			0	DEFAULT	Inactive
Sudan eSIM 3GB 15Days		0812HQHV2E8	SD_3_15	42.48	0	2026-08-12 17:40:23 CEST		y	1			11				B0FRCKTXNQ						B0FRCKTXNQ			0	DEFAULT	Inactive
Sudan eSIM 5GB 30Days		0812HQ81JVF	SD_5_30	64.31	0	2026-08-12 17:45:49 CEST		y	1			11				B0FRC799N3						B0FRC799N3			0	DEFAULT	Inactive
Senegal eSIM 3GB 15Days	Senegal eSIM 3GB 15Days - high speed internet - mobile data 5G compatible	0701HXOJQIV	SENEGAL-3GB-15D	15.99	0	2026-07-01 12:22:36 CEST		y	4			11				B0FRB4HX92						8721438406562			0	DEFAULT	Inactive
Senegal eSIM 5GB 30Days	Senegal eSIM 5GB 30Days - high speed internet - mobile data 5G compatible	0701HXEJF2T	SENEGAL-5GB-30D	17.99	0	2026-07-01 12:26:25 CEST		y	4			11				B0FRB68H77						8721438406579			0	DEFAULT	Inactive
Serbia eSIM 20GB 30Days	Serbia eSIM 20GB 30Days - high speed internet - mobile data 5G compatible	0701HX9GN1Z	SERBIA-20GB-30D	20.99	0	2026-07-01 12:34:11 CEST		y	4			11				B0FRB5K8JC						8721438406616			0	DEFAULT	Inactive
Serbia eSIM 3GB 15Days	Serbia eSIM 3GB 15Days - high speed internet - mobile data 5G compatible	0701HXH57GZ	SERBIA-3GB-15D	8.99	0	2026-07-01 12:30:23 CEST		y	4			11				B0FRB5TJV2						8721438406593			0	DEFAULT	Inactive
Seychelles eSIM 3GB 15Days	Seychelles eSIM 3GB 15Days - high speed internet - mobile data 5G compatible	0701HXBWB2Q	SEYCHELLES-3GB-15D	16.99	0	2026-07-01 12:38:21 CEST		y	4			11				B0FRB55T3H						8721438406630			0	DEFAULT	Inactive
Seychelles eSIM 5GB 30Days	Seychelles eSIM 5GB 30Days - high speed internet - mobile data 5G compatible	0701HXG2MAK	SEYCHELLES-5GB-30D	27.99	0	2026-07-01 12:42:09 CEST		y	4			11				B0FR9P7N6M						8721438406647			0	DEFAULT	Inactive
Sweden eSIM 20GB 30Days		0812HQ9XCB4	SE_20_30	17.1	0	2026-08-12 17:42:10 CEST		y	1			11				B0FRB7X5SP						B0FRB7X5SP			0	DEFAULT	Inactive
Sweden eSIM 3GB 15Days		0812HQE9D9N	SE_3_15	3.53	0	2026-08-12 17:37:17 CEST		y	1			11				B0FRCC6W9S						B0FRCC6W9S			0	DEFAULT	Inactive
Sweden eSIM 5GB 30Days		0812HQAS75Z	SE_5_30	5.13	0	2026-08-12 17:40:55 CEST		y	1			11				B0FRCS524D						B0FRCS524D			0	DEFAULT	Inactive
Singapore eSIM 20GB 30Days		0327H0SXBV5	SG_20_30	17.69	0	2026-03-27 10:49:49 CET		y	1			11				B0FRB256K8						B0FRB256K8			0	DEFAULT	Inactive
Singapour eSIM 3 Go 30 jours | SIM de données Pay As You Go | Installation facile | SIM de voyage pour les touristes et les entreprises | Vitesses 3G/4G/5G		0327H0ROJVV	SG_3_30	12.33	0	2026-03-27 10:49:33 CET		y	1			11				B0FRB3KY59						B0FRB3KY59			0	DEFAULT	Inactive
Singapore eSIM 5GB 30Days		0327H0LBIAV	SG_5_30	9.43	0	2026-03-27 11:02:11 CET		y	1			11				B0FR9X3Y3R						B0FR9X3Y3R			0	DEFAULT	Inactive
Sierra Leone eSIM 20GB 30Days	Sierra Leone eSIM 20GB 30Days - high speed internet - mobile data 5G compatible	0630HUOA5H9	SIERRA-LEONE-20GB-30D	93.99	0	2026-06-30 21:34:39 CEST		y	4			11				B0H6ML1JW1						8721438409822			0	DEFAULT	Inactive
Sierra Leone eSIM 3GB 15Days	Sierra Leone eSIM 3GB 15Days - high speed internet - mobile data 5G compatible	0630HURHPVZ	SIERRA-LEONE-3GB-15D	26.99	0	2026-06-30 21:29:34 CEST		y	4			11				B0H6MHPWKP						8721438409808			0	DEFAULT	Inactive
Sierra Leone eSIM 5GB 30Days	Sierra Leone eSIM 5GB 30Days - high speed internet - mobile data 5G compatible	0630HUQ6L46	SIERRA-LEONE-5GB-30D	32.99	0	2026-06-30 21:31:32 CEST		y	4			11				B0H6MBK6HZ						8721438409815			0	DEFAULT	Inactive
Singapore eSIM 20GB 30Days	Singapore eSIM 20GB 30Days - high speed internet - mobile data 5G compatible	0701HXJ674D	SINGAPORE-20GB-30D	14.99	0	2026-07-01 12:50:06 CEST		y	4			11				B0FRB256K8						8721438406692			0	DEFAULT	Inactive
Singapore eSIM 5GB 30Days	Singapore eSIM 5GB 30Days - high speed internet - mobile data 5G compatible	0701HXHZR30	SINGAPORE-5GB-30D	8.99	0	2026-07-01 12:47:13 CEST		y	4			11				B0FR9X3Y3R						8721438406678			0	DEFAULT	Inactive
Slovenia eSIM 20GB 30Days		0812HQHEZWB	SI_20_30	17.1	0	2026-08-12 17:40:58 CEST		y	1			11				B0FR9X15V2						B0FR9X15V2			0	DEFAULT	Inactive
Slovenia eSIM 3GB 15Days		0812HQEZER3	SI_3_15	3.53	0	2026-08-12 17:39:59 CEST		y	1			11				B0FR9XCF27						B0FR9XCF27			0	DEFAULT	Inactive
Slovenia eSIM 5GB 30Days		0812HQ9OY7J	SI_5_30	5.3	0	2026-08-12 17:40:08 CEST		y	1			11				B0FRB3SJMR						B0FRB3SJMR			0	DEFAULT	Inactive
Slovakia eSIM 20GB 30Days		0812HQEV1T1	SK_20_30	17.1	0	2026-08-12 17:37:37 CEST		y	1			11				B0FRB14YYC						B0FRB14YYC			0	DEFAULT	Inactive
Slovakia eSIM 3GB 15Days		0812HQAKRAS	SK_3_15	3.53	0	2026-08-12 17:45:47 CEST		y	1			11				B0FR9XC4BW						B0FR9XC4BW			0	DEFAULT	Inactive
Slovakia eSIM 5GB 30Days		0812HQ7JXO2	SK_5_30	5.3	0	2026-08-12 17:42:16 CEST		y	1			11				B0FRB2X84M						B0FRB2X84M			0	DEFAULT	Inactive
Slovakia eSIM 20GB 30Days	Slovakia eSIM 20GB 30Days - high speed internet - mobile data 5G compatible	0701HXD85DD	SLOVAKIA-20GB-30D	14.99	0	2026-07-01 13:01:16 CEST		y	4			11				B0FRB14YYC						8721438406807			0	DEFAULT	Inactive
Slovakia eSIM 3GB 15Days	Slovakia eSIM 3GB 15Days - high speed internet - mobile data 5G compatible	0701HXOGNK4	SLOVAKIA-3GB-15D	7.99	0	2026-07-01 12:54:03 CEST		y	4			11				B0FR9XC4BW						8721438406760			0	DEFAULT	Inactive
Slovakia eSIM 5GB 30Days	Slovakia eSIM 5GB 30Days - high speed internet - mobile data 5G compatible	0701HXOSKDM	SLOVAKIA-5GB-30D	8.99	0	2026-07-01 12:57:49 CEST		y	4			11				B0FRB2X84M						8721438406784			0	DEFAULT	Inactive
Slovenia eSIM 20GB 30Days	Slovenia eSIM 20GB 30Days - high speed internet - mobile data 5G compatible	0701HXR9MH8	SLOVENIA-20GB-30D	14.99	0	2026-07-01 13:12:50 CEST		y	4			11				B0FR9X15V2						8721438406876			0	DEFAULT	Inactive
Slovenia eSIM 3GB 15Days	Slovenia eSIM 3GB 15Days - high speed internet - mobile data 5G compatible	0701HXNGB45	SLOVENIA-3GB-15D	7.99	0	2026-07-01 13:05:22 CEST		y	4			11				B0FR9XCF27						8721438406838			0	DEFAULT	Inactive
Slovenia eSIM 5GB 30Days	Slovenia eSIM 5GB 30Days - high speed internet - mobile data 5G compatible	0701HXQKH1H	SLOVENIA-5GB-30D	8.99	0	2026-07-01 13:09:33 CEST		y	4			11				B0FRB3SJMR						8721438406852			0	DEFAULT	Inactive
Senegal eSIM 3GB 15Days		0325HSK6M03	SN_3_15	29.49	0	2026-03-25 12:35:08 CET		y	1			11				B0FRB4HX92						B0FRB4HX92			0	DEFAULT	Inactive
Senegal eSIM 5GB 30Days		0325HSXK7QZ	SN_5_30	43.66	0	2026-03-25 13:03:11 CET		y	1			11				B0FRB68H77						B0FRB68H77			0	DEFAULT	Inactive
South America eSIM 5GB 30Days	South America eSIM 5GB 30Days - high speed internet - mobile data 5G compatible	0701HXAPE4D	SOUTH-AMERICA-5GB-30D	20.99	0	2026-07-01 13:21:14 CEST		y	4			11				B0FRB8D7HC						8721438406968			0	DEFAULT	Inactive
South Korea eSIM 20GB 30Days	South Korea eSIM 20GB 30Days - high speed internet - mobile data 5G compatible	0701HXDPRF2	SOUTH-KOREA-20GB-30D	14.99	0	2026-07-01 13:33:47 CEST		y	4			11				B0FRC4P51Z						8721438407019			0	DEFAULT	Inactive
South Korea eSIM 3GB 15Days	South Korea eSIM 3GB 15Days - high speed internet - mobile data 5G compatible	0701HXAVCKP	SOUTH-KOREA-3GB-15D	7.99	0	2026-07-01 13:25:30 CEST		y	4			11				B0FRC4RTDF						8721438406982			0	DEFAULT	Inactive
South Korea eSIM 5GB 30Days	South Korea eSIM 5GB 30Days - high speed internet - mobile data 5G compatible	0701HXJSAG7	SOUTH-KOREA-5GB-30D	8.99	0	2026-07-01 13:29:19 CEST		y	4			11				B0FRD9LC4C						8721438406999			0	DEFAULT	Inactive
Spain eSIM 20GB 30Days	Spain eSIM 20GB 30Days - high speed internet - mobile data 5G compatible	0701HXV28NK	SPAIN-20GB-30D	14.99	0	2026-07-01 13:44:39 CEST		y	4			11				B0FRCMPGPL						8721438407132			0	DEFAULT	Inactive
Spain eSIM 3GB 15Days	Spain eSIM 3GB 15Days - high speed internet - mobile data 5G compatible	0701HXTHTRW	SPAIN-3GB-15D	7.99	0	2026-07-01 13:37:36 CEST		y	4			11				B0FRCDHTZ7						8721438407095			0	DEFAULT	Inactive
Spain eSIM 5GB 30Days	Spain eSIM 5GB 30Days - high speed internet - mobile data 5G compatible	0701HXSFS70	SPAIN-5GB-30D	8.99	0	2026-07-01 13:40:58 CEST		y	4			11				B0FRBQCLZN						8721438407118			0	DEFAULT	Inactive
Sri Lanka eSIM 20GB 30Days	Sri Lanka eSIM 20GB 30Days - high speed internet - mobile data 5G compatible	0701HXR53YU	SRI-LANKA-20GB-30D	26.99	0	2026-07-01 13:56:41 CEST		y	4			11				B0FRC2DZN5						8721438407231			0	DEFAULT	Inactive
Sri Lanka eSIM 3GB 15Days	Sri Lanka eSIM 3GB 15Days - high speed internet - mobile data 5G compatible	0701HXK4518	SRI-LANKA-3GB-15D	9.99	0	2026-07-01 13:48:49 CEST		y	4			11				B0FRB7Z1NW						8721438407194			0	DEFAULT	Inactive
Sri Lanka eSIM 5GB 30Days	Sri Lanka eSIM 5GB 30Days - high speed internet - mobile data 5G compatible	0701HXRW0OF	SRI-LANKA-5GB-30D	11.99	0	2026-07-01 13:53:25 CEST		y	4			11				B0FRB64B8M						8721438407217			0	DEFAULT	Inactive
Sudan eSIM 3GB 15Days	Sudan eSIM 3GB 15Days - high speed internet - mobile data 5G compatible	0701HXPILRS	SUDAN-3GB-15D	22.99	0	2026-07-01 14:00:25 CEST		y	4			11				B0FRCKTXNQ						8721438407316			0	DEFAULT	Inactive
Sudan eSIM 5GB 30Days	Sudan eSIM 5GB 30Days - high speed internet - mobile data 5G compatible	0701HXQ0KPN	SUDAN-5GB-30D	29.99	0	2026-07-01 14:03:51 CEST		y	4			11				B0FRC799N3						8721438407323			0	DEFAULT	Inactive
Suriname eSIM 20GB 30Days	Suriname eSIM 20GB 30Days - high speed internet - mobile data 5G compatible	0630HUPS1KI	SURINAME-20GB-30D	73.99	0	2026-06-30 21:44:32 CEST		y	4			11				B0H6MNKY5H						8721438409853			0	DEFAULT	Inactive
Suriname eSIM 3GB 15Days	Suriname eSIM 3GB 15Days - high speed internet - mobile data 5G compatible	0630HURKXPI	SURINAME-3GB-15D	19.99	0	2026-06-30 21:38:13 CEST		y	4			11				B0H6MLWJMY						8721438409839			0	DEFAULT	Inactive
Suriname eSIM 5GB 30Days	Suriname eSIM 5GB 30Days - high speed internet - mobile data 5G compatible	0630HUQQEQG	SURINAME-5GB-30D	31.99	0	2026-06-30 21:41:16 CEST		y	4			11				B0H6MNS3N5						8721438409846			0	DEFAULT	Inactive
Saint Vincent and the Grenadines eSIM 20GB 30Days	Saint Vincent and the Grenadines eSIM 20GB 30Days - high speed internet - mobile data 5G compatible	0630HUL1MPR	SVG-20GB-30D	125.99	0	2026-06-30 21:04:34 CEST		y	4			11				B0H6MWF5B5						8721438409730			0	DEFAULT	Inactive
El Salvador eSIM 3GB 15Days		0812HQ3JRKQ	SV_3_15	22.41	0	2026-08-12 15:25:39 CEST		y	1			11				B0FR9LJ7X4						B0FR9LJ7X4			0	DEFAULT	Inactive
Sweden eSIM 20GB 30Days	Sweden eSIM 20GB 30Days - high speed internet - mobile data 5G compatible	0701HXWUGI3	SWEDEN-20GB-30D	14.99	0	2026-07-01 14:16:19 CEST		y	4			11				B0FRB7X5SP						8721438407408			0	DEFAULT	Inactive
Sweden eSIM 3GB 15Days	Sweden eSIM 3GB 15Days - high speed internet - mobile data 5G compatible	0701HXR4VYS	SWEDEN-3GB-15D	7.99	0	2026-07-01 14:08:01 CEST		y	4			11				B0FRCC6W9S						8721438407361			0	DEFAULT	Inactive
Sweden eSIM 5GB 30Days	Sweden eSIM 5GB 30Days - high speed internet - mobile data 5G compatible	0701HXUTWQ2	SWEDEN-5GB-30D	8.99	0	2026-07-01 14:11:50 CEST		y	4			11				B0FRCS524D						8721438407385			0	DEFAULT	Inactive
Switzerland eSIM 20GB 30Days	Switzerland eSIM 20GB 30Days - high speed internet - mobile data 5G compatible	0701HXX0Q1V	SWITZERLAND-20GB-30D	14.99	0	2026-07-01 14:28:01 CEST		y	4			11				B0FRB6VY7S						8721438407460			0	DEFAULT	Inactive
Switzerland eSIM 3GB 15Days	Switzerland eSIM 3GB 15Days - high speed internet - mobile data 5G compatible	0701HXUO21G	SWITZERLAND-3GB-15D	7.99	0	2026-07-01 14:19:41 CEST		y	4			11				B0FRB5LFVC						8721438407422			0	DEFAULT	Inactive
Switzerland eSIM 5GB 30Days	Switzerland eSIM 5GB 30Days - high speed internet - mobile data 5G compatible	0701HXT0BSN	SWITZERLAND-5GB-30D	8.99	0	2026-07-01 14:23:29 CEST		y	4			11				B0FRB7G4VW						8721438407446			0	DEFAULT	Inactive
Tajikistan eSIM 20GB 30Days	Tajikistan eSIM 20GB 30Days - high speed internet - mobile data 5G compatible	0630HUQ27X5	TAJIKISTAN-20GB-30D	41.99	0	2026-06-30 21:54:37 CEST		y	4			11				B0H6M85C77						8721438409884			0	DEFAULT	Inactive
Tajikistan eSIM 3GB 15Days	Tajikistan eSIM 3GB 15Days - high speed internet - mobile data 5G compatible	0630HUR6PPY	TAJIKISTAN-3GB-15D	13.99	0	2026-06-30 21:48:07 CEST		y	4			11				B0H6M7XFN6						8721438409860			0	DEFAULT	Inactive
Tajikistan eSIM 5GB 30Days	Tajikistan eSIM 5GB 30Days - high speed internet - mobile data 5G compatible	0630HUQHMFT	TAJIKISTAN-5GB-30D	15.99	0	2026-06-30 21:51:41 CEST		y	4			11				B0H6MFYMXZ						8721438409877			0	DEFAULT	Inactive
Tanzania eSIM 3GB 15Days	Tanzania eSIM 3GB 15Days - high speed internet - mobile data 5G compatible	0701HXXIA4L	TANZANIA-3GB-15D	15.99	0	2026-07-01 14:31:50 CEST		y	4			11				B0FRC81NPJ						8721438407491			0	DEFAULT	Inactive
Chad eSIM 3GB 15Days		0812HPXY81T	TD_3_15	22.41	0	2026-08-12 15:27:06 CEST		y	1			11				B0FR9SG4MK						B0FR9SG4MK			0	DEFAULT	Inactive
Chad eSIM 5GB 30Days		0812HQ4OV09	TD_5_30	33.03	0	2026-08-12 15:26:43 CEST		y	1			11				B0FR9L414C						B0FR9L414C			0	DEFAULT	Inactive
Thailand eSIM 20GB 30Days	Thailand eSIM 20GB 30Days - high speed internet - mobile data 5G compatible	0701HXWRKS1	THAILAND-20GB-30D	14.99	0	2026-07-01 14:43:31 CEST		y	4			11				B0FRCHW3MW						8721438407552			0	DEFAULT	Inactive
Thailand eSIM 3GB 15Days	Thailand eSIM 3GB 15Days - high speed internet - mobile data 5G compatible	0701HXX9221	THAILAND-3GB-15D	7.99	0	2026-07-01 14:35:39 CEST		y	4			11				B0FRCDPJSH						8721438407514			0	DEFAULT	Inactive
Thailand eSIM 5GB 30Days	Thailand eSIM 5GB 30Days - high speed internet - mobile data 5G compatible	0701HY36IT5	THAILAND-5GB-30D	8.99	0	2026-07-01 14:39:50 CEST		y	4			11				B0FR9Q5D1J						8721438407538			0	DEFAULT	Inactive
Thailand eSIM 20GB 30Days		0325HSU1CSI	TH_20_30	17.69	0	2026-03-25 13:15:18 CET		y	1			11				B0FRCHW3MW						B0FRCHW3MW			0	DEFAULT	Inactive
Thailand eSIM 3GB 15Days		0325HR75E9Y	TH_3_15	7.07	0	2026-03-25 06:17:14 CET		y	1			11				B0FRCDPJSH						B0FRCDPJSH			0	DEFAULT	Inactive
Thailand eSIM 5GB 30Days		0325HSYGOL5	TH_5_30	4.12	0	2026-03-25 14:19:09 CET		y	1			11				B0FR9Q5D1J						B0FR9Q5D1J			0	DEFAULT	Inactive
Tunisie eSIM 10 Go 30 jours | eSIM de voyage prépayée | SIM numérique Pay As You Go | Installation facile | SIM de données pour les touristes et les entreprises | Vitesses 3G/4G		0325HSW2WIR	TN_10_30	23.37	0	2026-03-25 13:41:25 CET		y	1			11				B0FRB85GLD						B0FRB85GLD			0	DEFAULT	Inactive
Tunisia eSIM 5GB 30Days		0325HSTB9T2	TN_5_30	14.15	0	2026-03-25 12:19:44 CET		y	1			11				B0FRB7Q96Z						B0FRB7Q96Z			0	DEFAULT	Inactive
Trinidad and Tobago eSIM 20GB 30Days	Trinidad and Tobago eSIM 20GB 30Days - high speed internet - mobile data 5G compatible	0630HURHR4D	TRINIDAD-AND-TOBAGO-20GB-30D	95.99	0	2026-06-30 22:05:02 CEST		y	4			11				B0H6MF31VP						8721438409914			0	DEFAULT	Inactive
Trinidad and Tobago eSIM 3GB 15Days	Trinidad and Tobago eSIM 3GB 15Days - high speed internet - mobile data 5G compatible	0630HUS8B4O	TRINIDAD-AND-TOBAGO-3GB-15D	22.99	0	2026-06-30 21:58:11 CEST		y	4			11				B0H6MJTHXK						8721438409891			0	DEFAULT	Inactive
Trinidad and Tobago eSIM 5GB 30Days	Trinidad and Tobago eSIM 5GB 30Days - high speed internet - mobile data 5G compatible	0630HUTVKX2	TRINIDAD-AND-TOBAGO-5GB-30D	33.99	0	2026-06-30 22:01:35 CEST		y	4			11				B0H6MJTHY9						8721438409907			0	DEFAULT	Inactive
Turkey eSIM 20GB 30Days		0325HR7IKQM	TR_20_30	16.51	0	2026-03-25 06:24:48 CET		y	1			11				B0FRCYMWCX						B0FRCYMWCX			0	DEFAULT	Inactive
Turkey eSIM 3GB 15Days		0325HRFM487	TR_3_15	5.89	0	2026-03-25 06:32:40 CET		y	1			11				B0FRC2PSHM						B0FRC2PSHM			0	DEFAULT	Inactive
Turkey eSIM 5GB 30Days		0325HRB4DH1	TR_5_30	4.12	0	2026-03-25 06:20:01 CET		y	1			11				B0FRCBZ1BB						B0FRCBZ1BB			0	DEFAULT	Inactive
Tunisia eSIM 5GB 30Days	Tunisia eSIM 5GB 30Days - high speed internet - mobile data 5G compatible	0701HXZKMPJ	TUNISIA-5GB-30D	10.99	0	2026-07-01 14:47:43 CEST		y	4			11				B0FRB7Q96Z						8721438407644			0	DEFAULT	Inactive
Turkey eSIM 20GB 30Days	Turkey eSIM 20GB 30Days - high speed internet - mobile data 5G compatible	0701HXXXKR8	TURKEY-20GB-30D	17.99	0	2026-07-01 14:59:47 CEST		y	4			11				B0FRCYMWCX						8721438407729			0	DEFAULT	Inactive
Turkey eSIM 3GB 15Days	Turkey eSIM 3GB 15Days - high speed internet - mobile data 5G compatible	0701HXZ1WE0	TURKEY-3GB-15D	7.99	0	2026-07-01 14:52:26 CEST		y	4			11				B0FRC2PSHM						8721438407682			0	DEFAULT	Inactive
Turkey eSIM 5GB 30Days	Turkey eSIM 5GB 30Days - high speed internet - mobile data 5G compatible	0701HY6UUIJ	TURKEY-5GB-30D	8.99	0	2026-07-01 14:55:18 CEST		y	4			11				B0FRCBZ1BB						8721438407705			0	DEFAULT	Inactive
Turks and Caicos Islands eSIM 20GB 30Days	Turks and Caicos Islands eSIM 20GB 30Days - high speed internet - mobile data 5G compatible	0630HUSOUOA	TURKS-AND-CAICOS-ISLANDS-20GB-30D	89.99	0	2026-06-30 22:14:46 CEST		y	4			11				B0H6MLBGX7						8721438409945			0	DEFAULT	Inactive
Turks and Caicos Islands eSIM 3GB 15Days	Turks and Caicos Islands eSIM 3GB 15Days - high speed internet - mobile data 5G compatible	0630HUSSQXP	TURKS-AND-CAICOS-ISLANDS-3GB-15D	22.99	0	2026-06-30 22:08:16 CEST		y	4			11				B0H6MNNXGL						8721438409921			0	DEFAULT	Inactive
Turks and Caicos Islands eSIM 5GB 30Days	Turks and Caicos Islands eSIM 5GB 30Days - high speed internet - mobile data 5G compatible	0630HUSXZMF	TURKS-AND-CAICOS-ISLANDS-5GB-30D	28.99	0	2026-06-30 22:11:50 CEST		y	4			11				B0H6MLH1KM						8721438409938			0	DEFAULT	Inactive
Tanzania eSIM 3GB 15Days		0325HR97O51	TZ_3_15	25.95	0	2026-03-25 06:17:39 CET		y	1			11				B0FRC81NPJ						B0FRC81NPJ			0	DEFAULT	Inactive
Ukraine eSIM 3GB 15Days		0812HQEVGL9	UA_3_15	2.94	0	2026-08-12 17:40:55 CEST		y	1			11				B0FRB9SBFR						B0FRB9SBFR			0	DEFAULT	Inactive
Ukraine eSIM 5GB 30Days		0812HQAI0GB	UA_5_30	4.12	0	2026-08-12 17:39:46 CEST		y	1			11				B0FRC2NRKG						B0FRC2NRKG			0	DEFAULT	Inactive
Uganda eSIM 3GB 15Days	Uganda eSIM 3GB 15Days - high speed internet - mobile data 5G compatible	0701HY2TJ6I	UGANDA-3GB-15D	17.99	0	2026-07-01 15:02:46 CEST		y	4			11				B0FRB7F7Z9						8721438407798			0	DEFAULT	Inactive
Uganda eSIM 3GB 15Days		0812HQAGYJK	UG_3_15	22.41	0	2026-08-12 17:40:03 CEST		y	1			11				B0FRB7F7Z9						B0FRB7F7Z9			0	DEFAULT	Inactive
Ukraine eSIM 3GB 15Days	Ukraine eSIM 3GB 15Days - high speed internet - mobile data 5G compatible	0701HY6QNB5	UKRAINE-3GB-15D	7.99	0	2026-07-01 15:07:02 CEST		y	4			11				B0FRB9SBFR						8721438407811			0	DEFAULT	Inactive
Ukraine eSIM 5GB 30Days	Ukraine eSIM 5GB 30Days - high speed internet - mobile data 5G compatible	0701HYF8SNO	UKRAINE-5GB-30D	8.99	0	2026-07-01 15:10:49 CEST		y	4			11				B0FRC2NRKG						8721438407835			0	DEFAULT	Inactive
United Arab Emirates eSIM 20GB 30Days	United Arab Emirates eSIM 20GB 30Days - high speed internet - mobile data 5G compatible	0707HN89806	UNITED-ARAB-EMIRATES-20GB-30D	35.99	0	2026-07-07 13:07:39 CEST		y	4			11				B0FRB7TFJR						8721438407927			0	DEFAULT	Inactive
United Arab Emirates eSIM 3GB 15Days	United Arab Emirates eSIM 3GB 15Days - high speed internet - mobile data 5G compatible	0701HY74O54	UNITED-ARAB-EMIRATES-3GB-15D	12.99	0	2026-07-01 15:14:57 CEST		y	4			11				B0FRBBYBGH						8721438407873			0	DEFAULT	Inactive
United Arab Emirates eSIM 5GB 30Days	United Arab Emirates eSIM 5GB 30Days - high speed internet - mobile data 5G compatible	0707HNDZUE3	UNITED-ARAB-EMIRATES-5GB-30D	14.99	0	2026-07-07 13:07:38 CEST		y	4			11				B0FRB89XHX						8721438407897			0	DEFAULT	Inactive
Uruguay eSIM 3GB 15Days	Uruguay eSIM 3GB 15Days - high speed internet - mobile data 5G compatible	0701HY7OBYN	URUGUAY-3GB-15D	16.99	0	2026-07-01 15:46:07 CEST		y	4			11				B0FRB7LHGN						8721438408191			0	DEFAULT	Inactive
Carte SIM américaine eSIM 20 Go 90 jours | Pay As You Go Data SIM | Installation facile | SIM de voyage américaine pour touristes et entreprises | Vitesses 3G/4G		0325HSE4Y97	US_20_90	26.21	0	2026-03-25 10:35:44 CET		y	1			11				B0FRB9JP2K						B0FRB9JP2K			0	DEFAULT	Inactive
Carte SIM américaine eSIM 3 Go 15 jours | Pay As You Go Data SIM | Installation facile | SIM de voyage américaine pour touristes et entreprises | Vitesses 3G/4G		0325HSAPDDM	US_3_15	7.07	0	2026-03-25 10:26:08 CET		y	1			11				B0FRCFXK3V						B0FRCFXK3V			0	DEFAULT	Inactive
Carte SIM américaine eSIM 5 Go 30 jours | Carte SIM de données Pay As You Go | Installation facile | SIM de voyage américaine pour les touristes et les entreprises | Vitesses 3G/4G		0325HSN4TBP	US_5_30	5.89	0	2026-03-25 11:37:45 CET		y	1			11				B0FRC2PQ8H						B0FRC2PQ8H			0	DEFAULT	Inactive
Uruguay eSIM 3GB 15Days		0812HQ8QMGB	UY_3_15	17.44	0	2026-08-12 17:44:47 CEST		y	1			11				B0FRB7LHGN						B0FRB7LHGN			0	DEFAULT	Inactive
Uzbekistan eSIM 5GB 30Days	Uzbekistan eSIM 5GB 30Days - high speed internet - mobile data 5G compatible	0701HY93IAH	UZBEKISTAN-5GB-30D	8.99	0	2026-07-01 15:50:22 CEST		y	4			11				B0FRBWFZ6M						8721438408221			0	DEFAULT	Inactive
Uzbekistan eSIM 5GB 30Days		0812HQ9NJV0	UZ_5_30	8.84	0	2026-08-12 17:45:51 CEST		y	1			11				B0FRBWFZ6M						B0FRBWFZ6M			0	DEFAULT	Inactive
Vatican City eSIM 20GB 30Days	Vatican City eSIM 20GB 30Days - high speed internet - mobile data 5G compatible	0630HUYOVT2	VATICAN-CITY-20GB-30D	14.99	0	2026-06-30 22:24:32 CEST		y	4			11				B0H6MDPLZ9						8721438409976			0	DEFAULT	Inactive
Vatican City eSIM 3GB 15Days	Vatican City eSIM 3GB 15Days - high speed internet - mobile data 5G compatible	0630HUTH91B	VATICAN-CITY-3GB-15D	7.99	0	2026-06-30 22:18:11 CEST		y	4			11				B0H6MBMF8G						8721438409952			0	DEFAULT	Inactive
Vatican City eSIM 5GB 30Days	Vatican City eSIM 5GB 30Days - high speed internet - mobile data 5G compatible	0630HUV1WL2	VATICAN-CITY-5GB-30D	8.99	0	2026-06-30 22:21:15 CEST		y	4			11				B0H6M7YXNP						8721438409969			0	DEFAULT	Inactive
Vietnam eSIM 20GB 30Days	Vietnam eSIM 20GB 30Days - high speed internet - mobile data 5G compatible	0701HYFR7VA	VIETNAM-20GB-30D	21.99	0	2026-07-01 16:02:28 CEST		y	4			11				B0FRC2NKC4						8721438408283			0	DEFAULT	Inactive
Vietnam eSIM 3GB 15Days	Vietnam eSIM 3GB 15Days - high speed internet - mobile data 5G compatible	0701HY7CZ9J	VIETNAM-3GB-15D	8.99	0	2026-07-01 15:54:38 CEST		y	4			11				B0FRBR2DHW						8721438408252			0	DEFAULT	Inactive
Vietnam eSIM 5GB 30Days	Vietnam eSIM 5GB 30Days - high speed internet - mobile data 5G compatible	0701HY4K1I6	VIETNAM-5GB-30D	9.99	0	2026-07-01 15:58:24 CEST		y	4			11				B0FRCBXRGV						8721438408269			0	DEFAULT	Inactive
Vietnam eSIM 20GB 30Days		0325HR88N6Q	VN_20_30	30.08	0	2026-03-25 06:16:19 CET		y	1			11				B0FRC2NKC4						B0FRC2NKC4			0	DEFAULT	Inactive
Vietnam eSIM 3GB 15Days		0328H6EA3KS	VN_3_15	9.32	0	2026-03-28 19:36:31 CET		y	1			11				B0FRBR2DHW						B0FRBR2DHW			0	DEFAULT	Inactive
Vietnam eSIM 5GB 30Days		0328H6C0WPU	VN_5_30	14.15	0	2026-03-28 19:58:43 CET		y	1			11				B0FRCBXRGV						B0FRCBXRGV			0	DEFAULT	Inactive
Zambia eSIM 3GB 15Days	Zambia eSIM 3GB 15Days - high speed internet - mobile data 5G compatible	0701HYA06D6	ZAMBIA-3GB-15D	16.99	0	2026-07-01 16:06:13 CEST		y	4			11				B0FRC2NSM2						8721438408344			0	DEFAULT	Inactive
Zambia eSIM 5GB 30Days	Zambia eSIM 5GB 30Days - high speed internet - mobile data 5G compatible	0701HYAAVH4	ZAMBIA-5GB-30D	27.99	0	2026-07-01 16:10:48 CEST		y	4			11				B0FRCL97L4						8721438408351			0	DEFAULT	Inactive
Carte SIM 10 Go 30 jours d'Afrique du Sud | eSIM de voyage prépayée | SIM numérique Pay As You Go | Installation facile | SIM de données pour les touristes et les entreprises | Vitesses 3G/4G		0325HSFTEQA	ZA_10_30	31.54	0	2026-03-25 11:07:14 CET		y	1			11				B0FRB4RSW2						B0FRB4RSW2			0	DEFAULT	Inactive
Afrique du Sud eSIM 5 Go 30 jours | eSIM de voyage prépayée | SIM numérique Pay As You Go | Installation facile | SIM de données pour les touristes et les entreprises | Vitesses 3G/4G		0325HSLKWKS	ZA_5_30	17.69	0	2026-03-25 10:49:51 CET		y	1			11				B0FRB3R6F3						B0FRB3R6F3			0	DEFAULT	Inactive
Zambia eSIM 3GB 15Days		0328H6MCX59	ZM_3_15	23.59	0	2026-03-28 21:46:21 CET		y	1			11				B0FRC2NSM2						B0FRC2NSM2			0	DEFAULT	Inactive
Zambia eSIM 5GB 30Days		0328H6LESGN	ZM_5_30	34.21	0	2026-03-28 20:58:31 CET		y	1			11				B0FRCL97L4						B0FRCL97L4			0	DEFAULT	Inactive
Aaland Islands eSIM 3GB 15Days	Aaland Islands eSIM 3GB 15Days - high speed internet - mobile data 5G compatible	0630HUUKA1G	AALAND-ISLANDS-ESIM		0	2026-06-30 22:37:39 CEST		y	1			11				B0H73RN1CD						B0H73RN1CD			0	DEFAULT	Incomplete
Africa eSIM 5GB 30Days	Africa eSIM 5GB 30Days - high speed internet - mobile data 5G compatible	0630HUUW49N	AFRICA-ESIM		0	2026-06-30 22:47:43 CEST		y	1			11				B0H73QBTF5						B0H73QBTF5			0	DEFAULT	Incomplete
Albania eSIM 5GB 30Days	Albania eSIM 5GB 30Days - high speed internet - mobile data 5G compatible	0630HUZ3B02	ALBANIA-ESIM		0	2026-06-30 22:51:24 CEST		y	1			11				B0H73KG9RN						B0H73KG9RN			0	DEFAULT	Incomplete
Algeria eSIM 3GB 15Days	Algeria eSIM 3GB 15Days - high speed internet - mobile data 5G compatible	0630HTKPHZX	ALGERIA-ESIM		0	2026-06-30 13:24:21 CEST		y	1			11				B0H71YVBKL						B0H71YVBKL			0	DEFAULT	Incomplete
Andorra eSIM 3GB 15Days	Andorra eSIM 3GB 15Days - high speed internet - mobile data 5G compatible	0630HTNXGSZ	ANDORRA-ESIM		0	2026-06-30 13:36:14 CEST		y	1			11				B0H7227B1P						B0H7227B1P			0	DEFAULT	Incomplete
Angola eSIM 3GB 15Days	Angola eSIM 3GB 15Days - high speed internet - mobile data 5G compatible	0630HTOKOPJ	ANGOLA-ESIM		0	2026-06-30 13:47:04 CEST		y	1			11				B0H7226WDW						B0H7226WDW			0	DEFAULT	Incomplete
Anguilla eSIM 3GB 15Days	Anguilla eSIM 3GB 15Days - high speed internet - mobile data 5G compatible	0630HTP6MP3	ANGUILLA-ESIM		0	2026-06-30 14:30:35 CEST		y	1			11				B0H726MDQ3						B0H726MDQ3			0	DEFAULT	Incomplete
Antigua and Barbuda eSIM 3GB 15Days	Antigua and Barbuda eSIM 3GB 15Days - high speed internet - mobile data 5G compatible	0630HTJFD5M	ANTIGUA-AND-BARBUDA-ESIM		0	2026-06-30 14:32:44 CEST		y	1			11				B0H729QCT5						B0H729QCT5			0	DEFAULT	Incomplete
Argentina eSIM 20GB 30Days	Argentina eSIM 20GB 30Days - high speed internet - mobile data 5G compatible	0630HUTKZYF	ARGENTINA-ESIM		0	2026-06-30 22:55:16 CEST		y	1			11				B0H738X724						B0H738X724			0	DEFAULT	Incomplete
Armenia eSIM 3GB 15Days	Armenia eSIM 3GB 15Days - high speed internet - mobile data 5G compatible	0630HUVYBYU	ARMENIA-ESIM		0	2026-06-30 23:02:04 CEST		y	1			11				B0H73KM16X						B0H73KM16X			0	DEFAULT	Incomplete
Asia-20 eSIM 3GB 15Days	Asia-20 eSIM 3GB 15Days - high speed internet - mobile data 5G compatible	0630HV23W19	ASIA-20-ESIM		0	2026-06-30 23:09:02 CEST		y	1			11				B0H73BTB66						B0H73BTB66			0	DEFAULT	Incomplete
Australia eSIM 3GB 15Days	Australia eSIM 3GB 15Days - high speed internet - mobile data 5G compatible	0630HV4SVCE	AUSTRALIA-ESIM		0	2026-06-30 23:16:58 CEST		y	1			11				B0H73BJWL1						B0H73BJWL1			0	DEFAULT	Incomplete
Austria eSIM 3GB 15Days	Austria eSIM 3GB 15Days - high speed internet - mobile data 5G compatible	0630HUZSG6W	AUSTRIA-ESIM		0	2026-06-30 23:27:50 CEST		y	1			11				B0H73CP842						B0H73CP842			0	DEFAULT	Incomplete
Azerbaijan eSIM 3GB 15Days	Azerbaijan eSIM 3GB 15Days - high speed internet - mobile data 5G compatible	0630HV31LV7	AZERBAIJAN-ESIM		0	2026-06-30 23:37:58 CEST		y	1			11				B0H73GY1V3						B0H73GY1V3			0	DEFAULT	Incomplete
Bahamas eSIM 3GB 15Days	Bahamas eSIM 3GB 15Days - high speed internet - mobile data 5G compatible	0630HTSFG10	BAHAMAS-ESIM		0	2026-06-30 14:43:01 CEST		y	1			11				B0H722QQNG						B0H722QQNG			0	DEFAULT	Incomplete
Bahrain eSIM 3GB 15Days	Bahrain eSIM 3GB 15Days - high speed internet - mobile data 5G compatible	0630HUWHFZ6	BAHRAIN-ESIM		0	2026-06-30 23:41:51 CEST		y	1			11				B0H73W216W						B0H73W216W			0	DEFAULT	Incomplete
Bangladesh eSIM 3GB 15Days	Bangladesh eSIM 3GB 15Days - high speed internet - mobile data 5G compatible	0630HV34MZ8	BANGLADESH-ESIM		0	2026-06-30 23:45:43 CEST		y	1			11				B0H7392Y2S						B0H7392Y2S			0	DEFAULT	Incomplete
Barbados eSIM 5GB 30Days	Barbados eSIM 5GB 30Days - high speed internet - mobile data 5G compatible	0630HTNJGB1	BARBADOS-ESIM		0	2026-06-30 14:53:28 CEST		y	1			11				B0H7269XX1						B0H7269XX1			0	DEFAULT	Incomplete
Belarus eSIM 3GB 15Days	Belarus eSIM 3GB 15Days - high speed internet - mobile data 5G compatible	0630HV20DOO	BELARUS-ESIM		0	2026-06-30 23:54:57 CEST		y	1			11				B0H73BZC3F						B0H73BZC3F			0	DEFAULT	Incomplete
Belgium eSIM 3GB 15Days	Belgium eSIM 3GB 15Days - high speed internet - mobile data 5G compatible	0630HV32VCE	BELGIUM-ESIM		0	2026-07-01 00:01:57 CEST		y	1			11				B0H73FWLCB						B0H73FWLCB			0	DEFAULT	Incomplete
Belize eSIM 20GB 30Days	Belize eSIM 20GB 30Days - high speed internet - mobile data 5G compatible	0630HTST66A	BELIZE-ESIM		0	2026-06-30 15:03:45 CEST		y	1			11				B0H724K3BY						B0H724K3BY			0	DEFAULT	Incomplete
Benin eSIM 20GB 30Days	Benin eSIM 20GB 30Days - high speed internet - mobile data 5G compatible	0630HTN4CZG	BENIN-ESIM		0	2026-06-30 15:13:52 CEST		y	1			11				B0H728CJ77						B0H728CJ77			0	DEFAULT	Incomplete
Bermuda eSIM 5GB 30Days	Bermuda eSIM 5GB 30Days - high speed internet - mobile data 5G compatible	0630HTWXG35	BERMUDA-ESIM		0	2026-06-30 15:23:52 CEST		y	1			11				B0H72CHZD9						B0H72CHZD9			0	DEFAULT	Incomplete
Bhutan eSIM 20GB 30Days	Bhutan eSIM 20GB 30Days - high speed internet - mobile data 5G compatible	0630HTW7E7N	BHUTAN-ESIM		0	2026-06-30 15:34:49 CEST		y	1			11				B0H72JD22V						B0H72JD22V			0	DEFAULT	Incomplete
Bolivia eSIM 20GB 30Days	Bolivia eSIM 20GB 30Days - high speed internet - mobile data 5G compatible	0630HV65CG5	BOLIVIA-ESIM		0	2026-07-01 00:13:00 CEST		y	1			11				B0H73FY5WS						B0H73FY5WS			0	DEFAULT	Incomplete
Bosnia and Herzegovina eSIM 3GB 15Days	Bosnia and Herzegovina eSIM 3GB 15Days - high speed internet - mobile data 5G compatible	0630HV608DR	BOSNIA-AND-HERZEGOVINA-ESIM		0	2026-07-01 00:19:17 CEST		y	1			11				B0H737KRRN						B0H737KRRN			0	DEFAULT	Incomplete
Botswana eSIM 3GB 15Days	Botswana eSIM 3GB 15Days - high speed internet - mobile data 5G compatible	0630HV8FXAQ	BOTSWANA-ESIM		0	2026-07-01 00:22:48 CEST		y	1			11				B0H732MN9V						B0H732MN9V			0	DEFAULT	Incomplete
Brazil eSIM 3GB 15Days	Brazil eSIM 3GB 15Days - high speed internet - mobile data 5G compatible	0630HV7YKQ2	BRAZIL-ESIM		0	2026-07-01 00:26:19 CEST		y	1			11				B0H73H5XGG						B0H73H5XGG			0	DEFAULT	Incomplete
Brunei Darussalam eSIM 3GB 15Days	Brunei Darussalam eSIM 3GB 15Days - high speed internet - mobile data 5G compatible	0630HV0EUVC	BRUNEI-DARUSSALAM-ESIM		0	2026-07-01 00:32:26 CEST		y	1			11				B0H73BTZYH						B0H73BTZYH			0	DEFAULT	Incomplete
Bulgaria eSIM 3GB 15Days	Bulgaria eSIM 3GB 15Days - high speed internet - mobile data 5G compatible	0630HTLQIKK	BULGARIA-ESIM		0	2026-06-30 13:12:28 CEST		y	1			11				B0H71ZJ1L4						B0H71ZJ1L4			0	DEFAULT	Incomplete
Burkina Faso eSIM 5GB 30Days	Burkina Faso eSIM 5GB 30Days - high speed internet - mobile data 5G compatible	0630HV563MF	BURKINA-FASO-ESIM		0	2026-07-01 00:38:32 CEST		y	1			11				B0H73FCBVZ						B0H73FCBVZ			0	DEFAULT	Incomplete
Cambodia eSIM 3GB 15Days	Cambodia eSIM 3GB 15Days - high speed internet - mobile data 5G compatible	0630HUXHT39	CAMBODIA-ESIM		0	2026-07-01 01:21:31 CEST		y	1			11				B0H73GSJZP						B0H73GSJZP			0	DEFAULT	Incomplete
Cameroon eSIM 3GB 15Days	Cameroon eSIM 3GB 15Days - high speed internet - mobile data 5G compatible	0630HV6BJW8	CAMEROON-ESIM		0	2026-07-01 00:45:09 CEST		y	1			11				B0H73TF9FD						B0H73TF9FD			0	DEFAULT	Incomplete
Canada eSIM 3GB 15Days Premium	Canada eSIM 3GB 15Days Premium - high speed internet - mobile data 5G compatible	0630HUTLL2T	CANADA-PREMIUM-ESIM		0	2026-06-30 22:27:54 CEST		y	1			11				B0H72VKBTH						B0H72VKBTH			0	DEFAULT	Incomplete
Cape Verde eSIM 5GB 30Days	Cape Verde eSIM 5GB 30Days - high speed internet - mobile data 5G compatible	0630HTVETXN	CAPE-VERDE-ESIM		0	2026-06-30 15:45:38 CEST		y	1			11				B0H72CPKKT						B0H72CPKKT			0	DEFAULT	Incomplete
Cayman Islands eSIM 5GB 30Days	Cayman Islands eSIM 5GB 30Days - high speed internet - mobile data 5G compatible	0630HTWP8UZ	CAYMAN-ISLANDS-ESIM		0	2026-06-30 15:56:05 CEST		y	1			11				B0H72HTHJH						B0H72HTHJH			0	DEFAULT	Incomplete
Central African Republic eSIM 5GB 30Days	Central African Republic eSIM 5GB 30Days - high speed internet - mobile data 5G compatible	0630HV64SW9	CENTRAL-AFRICAN-REPUBLIC-ESIM		0	2026-07-01 00:49:10 CEST		y	1			11				B0H734D1BW						B0H734D1BW			0	DEFAULT	Incomplete
Chad eSIM 3GB 15Days	Chad eSIM 3GB 15Days - high speed internet - mobile data 5G compatible	0630HV6P8SW	CHAD-ESIM		0	2026-07-01 00:55:26 CEST		y	1			11				B0H72XD99Y						B0H72XD99Y			0	DEFAULT	Incomplete
Chile eSIM 3GB 15Days	Chile eSIM 3GB 15Days - high speed internet - mobile data 5G compatible	0630HV931ZN	CHILE-ESIM		0	2026-07-01 01:02:14 CEST		y	1			11				B0H739ZNBZ						B0H739ZNBZ			0	DEFAULT	Incomplete
China eSIM 3GB 15Days	China eSIM 3GB 15Days - high speed internet - mobile data 5G compatible	0630HV64ZV8	CHINA-ESIM		0	2026-07-01 01:06:29 CEST		y	1			11				B0H73443PL						B0H73443PL			0	DEFAULT	Incomplete
Colombia eSIM 3GB 15Days	Colombia eSIM 3GB 15Days - high speed internet - mobile data 5G compatible	0630HV3QCUQ	COLOMBIA-ESIM		0	2026-07-01 01:17:50 CEST		y	1			11				B0H73F7XNM						B0H73F7XNM			0	DEFAULT	Incomplete
Costa Rica eSIM 3GB 15Days	Costa Rica eSIM 3GB 15Days - high speed internet - mobile data 5G compatible	0630HV0TUOA	COSTA-RICA-ESIM		0	2026-07-01 01:28:19 CEST		y	1			11				B0H73CC4V3						B0H73CC4V3			0	DEFAULT	Incomplete
Cote d'Ivoire eSIM 3GB 15Days	Cote d'Ivoire eSIM 3GB 15Days - high speed internet - mobile data 5G compatible	0630HV8RMIG	COTE-D-IVOIRE-ESIM		0	2026-07-01 01:32:00 CEST		y	1			11				B0H7363DGT						B0H7363DGT			0	DEFAULT	Incomplete
Croatia eSIM 3GB 15Days	Croatia eSIM 3GB 15Days - high speed internet - mobile data 5G compatible	0630HV8YRG4	CROATIA-ESIM		0	2026-07-01 01:39:40 CEST		y	1			11				B0H72VY3VG						B0H72VY3VG			0	DEFAULT	Incomplete
Curacao eSIM 3GB 15Days	Curacao eSIM 3GB 15Days - high speed internet - mobile data 5G compatible	0630HU0O84G	CURACAO-ESIM		0	2026-06-30 16:06:33 CEST		y	1			11				B0H729WDP3						B0H729WDP3			0	DEFAULT	Incomplete
Cyprus eSIM 3GB 15Days	Cyprus eSIM 3GB 15Days - high speed internet - mobile data 5G compatible	0630HUXRYHV	CYPRUS-ESIM		0	2026-07-01 01:48:21 CEST		y	1			11				B0H73GPFDY						B0H73GPFDY			0	DEFAULT	Incomplete
Czech Republic eSIM 3GB 15Days	Czech Republic eSIM 3GB 15Days - high speed internet - mobile data 5G compatible	0630HV73WVI	CZECH-REPUBLIC-ESIM		0	2026-07-01 01:55:30 CEST		y	1			11				B0H738NMYW						B0H738NMYW			0	DEFAULT	Incomplete
Democratic Republic of the Congo eSIM 5GB 30Days	Democratic Republic of the Congo eSIM 5GB 30Days - high speed internet - mobile data 5G compatible	0630HU003JL	DEMOCRATIC-REPUBLIC-OF-THE-CONGO-ESIM		0	2026-06-30 16:16:40 CEST		y	1			11				B0H72BXWVV						B0H72BXWVV			0	DEFAULT	Incomplete
Denmark eSIM 3GB 15Days	Denmark eSIM 3GB 15Days - high speed internet - mobile data 5G compatible	0701HUXTZJL	DENMARK-ESIM		0	2026-07-01 02:05:14 CEST		y	1			11				B0H73868PD						B0H73868PD			0	DEFAULT	Incomplete
Dominica eSIM 5GB 30Days	Dominica eSIM 5GB 30Days - high speed internet - mobile data 5G compatible	0630HU2H449	DOMINICA-ESIM		0	2026-06-30 16:27:22 CEST		y	1			11				B0H72866QQ						B0H72866QQ			0	DEFAULT	Incomplete
Dominican Republic eSIM 3GB 15Days	Dominican Republic eSIM 3GB 15Days - high speed internet - mobile data 5G compatible	0701HUXYIR9	DOMINICAN-REPUBLIC-ESIM		0	2026-07-01 02:14:58 CEST		y	1			11				B0H73L5V67						B0H73L5V67			0	DEFAULT	Incomplete
Democratic Republic of the Congo eSIM 20GB 30Days	Democratic Republic of the Congo eSIM 20GB 30Days - high speed internet - mobile data 5G compatible	0630HTZWS4F	DR-CONGO-ESIM		0	2026-06-30 16:23:40 CEST		y	1			11				B0H72M2QNY						B0H72M2QNY			0	DEFAULT	Incomplete
Ecuador eSIM 3GB 15Days	Ecuador eSIM 3GB 15Days - high speed internet - mobile data 5G compatible	0701HUY3VGP	ECUADOR-ESIM		0	2026-07-01 02:23:49 CEST		y	1			11				B0H73Q34KH						B0H73Q34KH			0	DEFAULT	Incomplete
Egypt eSIM 5GB 30Days	Egypt eSIM 5GB 30Days - high speed internet - mobile data 5G compatible	0701HVAC5GF	EGYPT-ESIM		0	2026-07-01 02:28:04 CEST		y	1			11				B0H72VHQTF						B0H72VHQTF			0	DEFAULT	Incomplete
El Salvador eSIM 3GB 15Days	El Salvador eSIM 3GB 15Days - high speed internet - mobile data 5G compatible	0701HUYBGTS	EL-SALVADOR-ESIM		0	2026-07-01 02:37:30 CEST		y	1			11				B0H73F5645						B0H73F5645			0	DEFAULT	Incomplete
Estonia eSIM 3GB 15Days	Estonia eSIM 3GB 15Days - high speed internet - mobile data 5G compatible	0701HUY9QOK	ESTONIA-ESIM		0	2026-07-01 02:41:12 CEST		y	1			11				B0H7374PVV						B0H7374PVV			0	DEFAULT	Incomplete
Europe(40+ areas) eSIM 5GB 30Days	Europe(40+ areas) eSIM 5GB 30Days - high speed internet - mobile data 5G compatible	0701HV7G5QS	EUROPE-40-AREAS-ESIM		0	2026-07-01 02:49:54 CEST		y	1			11				B0H73F56FS						B0H73F56FS			0	DEFAULT	Incomplete
Faroe Islands eSIM 3GB 15Days	Faroe Islands eSIM 3GB 15Days - high speed internet - mobile data 5G compatible	0630HU2CWC9	FAROE-ISLANDS-ESIM		0	2026-06-30 16:37:08 CEST		y	1			11				B0H725WLWS						B0H725WLWS			0	DEFAULT	Incomplete
Fiji eSIM 3GB 15Days	Fiji eSIM 3GB 15Days - high speed internet - mobile data 5G compatible	0630HU2OWM6	FIJI-ESIM		0	2026-06-30 16:46:44 CEST		y	1			11				B0H72C3M3W						B0H72C3M3W			0	DEFAULT	Incomplete
Finland eSIM 3GB 15Days	Finland eSIM 3GB 15Days - high speed internet - mobile data 5G compatible	0701HVFUU29	FINLAND-ESIM		0	2026-07-01 02:56:32 CEST		y	1			11				B0H73M8TYZ						B0H73M8TYZ			0	DEFAULT	Incomplete
France eSIM 3GB 15Days	France eSIM 3GB 15Days - high speed internet - mobile data 5G compatible	0701HVDFAJ3	FRANCE-ESIM		0	2026-07-01 03:03:54 CEST		y	1			11				B0H73Q8HWJ						B0H73Q8HWJ			0	DEFAULT	Incomplete
French Guiana eSIM 3GB 15Days	French Guiana eSIM 3GB 15Days - high speed internet - mobile data 5G compatible	0630HU73U9G	FRENCH-GUIANA-ESIM		0	2026-06-30 16:55:50 CEST		y	1			11				B0H727C8CZ						B0H727C8CZ			0	DEFAULT	Incomplete
French Polynesia eSIM 20GB 30Days	French Polynesia eSIM 20GB 30Days - high speed internet - mobile data 5G compatible	0630HU3VAHR	FRENCH-POLYNESIA-ESIM		0	2026-06-30 17:05:15 CEST		y	1			11				B0H72FDMNN						B0H72FDMNN			0	DEFAULT	Incomplete
Gabon eSIM 3GB 15Days	Gabon eSIM 3GB 15Days - high speed internet - mobile data 5G compatible	0701HV7PWVG	GABON-ESIM		0	2026-07-01 03:14:46 CEST		y	1			11				B0H73JKC2R						B0H73JKC2R			0	DEFAULT	Incomplete
Gambia eSIM 3GB 15Days	Gambia eSIM 3GB 15Days - high speed internet - mobile data 5G compatible	0701HY4RL38	GAMBIA-ESIM		0	2026-07-01 16:14:05 CEST		y	1			11				B0H764GNRK						B0H764GNRK			0	DEFAULT	Incomplete
Georgia eSIM 3GB 15Days	Georgia eSIM 3GB 15Days - high speed internet - mobile data 5G compatible	0701HV7PSS7	GEORGIA-ESIM		0	2026-07-01 03:18:26 CEST		y	1			11				B0H73MB4FK						B0H73MB4FK			0	DEFAULT	Incomplete
Germany eSIM 3GB 15Days	Germany eSIM 3GB 15Days - high speed internet - mobile data 5G compatible	0701HV7QARD	GERMANY-ESIM		0	2026-07-01 03:25:45 CEST		y	1			11				B0H734CJ2N						B0H734CJ2N			0	DEFAULT	Incomplete
Ghana eSIM 5GB 30Days	Ghana eSIM 5GB 30Days - high speed internet - mobile data 5G compatible	0630HU7MKFN	GHANA-ESIM		0	2026-06-30 17:15:30 CEST		y	1			11				B0H72L8XTZ						B0H72L8XTZ			0	DEFAULT	Incomplete
Gibraltar eSIM 3GB 15Days	Gibraltar eSIM 3GB 15Days - high speed internet - mobile data 5G compatible	0701HVAODSE	GIBRALTAR-ESIM		0	2026-07-01 03:36:37 CEST		y	1			11				B0H73QD98Y						B0H73QD98Y			0	DEFAULT	Incomplete
Global139 eSIM 5GB 30Days	Global139 eSIM 5GB 30Days - high speed internet - mobile data 5G compatible	0701HVC1YAB	GLOBAL139-ESIM		0	2026-07-01 03:40:29 CEST		y	1			11				B0H73942TH						B0H73942TH			0	DEFAULT	Incomplete
Greece eSIM 3GB 15Days	Greece eSIM 3GB 15Days - high speed internet - mobile data 5G compatible	0701HVDT6JG	GREECE-ESIM		0	2026-07-01 03:44:44 CEST		y	1			11				B0H73NVB6V						B0H73NVB6V			0	DEFAULT	Incomplete
Greenland eSIM 5GB 30Days	Greenland eSIM 5GB 30Days - high speed internet - mobile data 5G compatible	0630HUA4TSE	GREENLAND-ESIM		0	2026-06-30 17:25:05 CEST		y	1			11				B0H72J6P3D						B0H72J6P3D			0	DEFAULT	Incomplete
Grenada eSIM 3GB 15Days	Grenada eSIM 3GB 15Days - high speed internet - mobile data 5G compatible	0630HU4CP2D	GRENADA-ESIM		0	2026-06-30 17:35:10 CEST		y	1			11				B0H72CNJDX						B0H72CNJDX			0	DEFAULT	Incomplete
Guadeloupe eSIM 3GB 15Days	Guadeloupe eSIM 3GB 15Days - high speed internet - mobile data 5G compatible	0701HVHOM46	GUADELOUPE-ESIM		0	2026-07-01 03:55:58 CEST		y	1			11				B0H73TPH5N						B0H73TPH5N			0	DEFAULT	Incomplete
Guam eSIM 3GB 15Days	Guam eSIM 3GB 15Days - high speed internet - mobile data 5G compatible	0701HVI9YEC	GUAM-ESIM		0	2026-07-01 04:02:24 CEST		y	1			11				B0H73JXY2N						B0H73JXY2N			0	DEFAULT	Incomplete
Guatemala eSIM 3GB 15Days	Guatemala eSIM 3GB 15Days - high speed internet - mobile data 5G compatible	0701HVGB9FD	GUATEMALA-ESIM		0	2026-07-01 04:13:22 CEST		y	1			11				B0H73YCQXJ						B0H73YCQXJ			0	DEFAULT	Incomplete
Guernsey eSIM 3GB 15Days	Guernsey eSIM 3GB 15Days - high speed internet - mobile data 5G compatible	0701HVF4CWL	GUERNSEY-ESIM		0	2026-07-01 04:16:58 CEST		y	1			11				B0H73R2CPC						B0H73R2CPC			0	DEFAULT	Incomplete
Guinea-Bissau eSIM 3GB 15Days	Guinea-Bissau eSIM 3GB 15Days - high speed internet - mobile data 5G compatible	0630HUCPTFN	GUINEA-BISSAU-ESIM		0	2026-06-30 17:54:18 CEST		y	1			11				B0H72GRJNW						B0H72GRJNW			0	DEFAULT	Incomplete
Guinea eSIM 20GB 30Days	Guinea eSIM 20GB 30Days - high speed internet - mobile data 5G compatible	0630HU6THSE	GUINEA-ESIM		0	2026-06-30 17:45:27 CEST		y	1			11				B0H72H8722						B0H72H8722			0	DEFAULT	Incomplete
Guyana eSIM 20GB 30Days	Guyana eSIM 20GB 30Days - high speed internet - mobile data 5G compatible	0630HUIWHX0	GUYANA-ESIM		0	2026-06-30 18:04:32 CEST		y	1			11				B0H72KV7NJ						B0H72KV7NJ			0	DEFAULT	Incomplete
Haiti eSIM 20GB 30Days	Haiti eSIM 20GB 30Days - high speed internet - mobile data 5G compatible	0630HUED2O6	HAITI-ESIM		0	2026-06-30 18:14:38 CEST		y	1			11				B0H72HW5XF						B0H72HW5XF			0	DEFAULT	Incomplete
Hajjj Package Luxury eSIM | Saudi Arabia Travel Data | Travel Guide Included | 3G/4G/5G Speeds	Premium Islamic Hajj eSIM package with 10GB data valid for 30 days. Includes Hajj Luxury Travel Guide and exclusive Saudi Arabian travel guides. Instant QR activation for use across Saudi Arabia.	0630HTBVRII	HAJJ-LUXURY-ESIM		0	2026-06-30 13:08:42 CEST		y	1			11				B0H721Z95F						B0H721Z95F			0	DEFAULT	Incomplete
Honduras eSIM 3GB 15Days	Honduras eSIM 3GB 15Days - high speed internet - mobile data 5G compatible	0701HVLOBYU	HONDURAS-ESIM		0	2026-07-01 04:27:34 CEST		y	1			11				B0H73WSYMM						B0H73WSYMM			0	DEFAULT	Incomplete
Hong Kong eSIM 3GB 15Days	Hong Kong eSIM 3GB 15Days - high speed internet - mobile data 5G compatible	0701HVJPXKC	HONG-KONG-ESIM		0	2026-07-01 04:31:48 CEST		y	1			11				B0H73T2SRN						B0H73T2SRN			0	DEFAULT	Incomplete
Hungary eSIM 3GB 15Days	Hungary eSIM 3GB 15Days - high speed internet - mobile data 5G compatible	0701HVX7L1M	HUNGARY-ESIM		0	2026-07-01 04:42:07 CEST		y	1			11				B0H73RZ5T9						B0H73RZ5T9			0	DEFAULT	Incomplete
Iceland eSIM 3GB 15Days	Iceland eSIM 3GB 15Days - high speed internet - mobile data 5G compatible	0701HVN7S84	ICELAND-ESIM		0	2026-07-01 04:52:10 CEST		y	1			11				B0H73K1W65						B0H73K1W65			0	DEFAULT	Incomplete
India eSIM 3GB 15Days	India eSIM 3GB 15Days - high speed internet - mobile data 5G compatible	0701HVRML1J	INDIA-ESIM		0	2026-07-01 05:02:47 CEST		y	1			11				B0H73TQZJT						B0H73TQZJT			0	DEFAULT	Incomplete
Indonesia eSIM 3GB 15Days	Indonesia eSIM 3GB 15Days - high speed internet - mobile data 5G compatible	0701HVODCF2	INDONESIA-ESIM		0	2026-07-01 05:14:26 CEST		y	1			11				B0H7417CL5						B0H7417CL5			0	DEFAULT	Incomplete
Iraq eSIM 5GB 30Days	Iraq eSIM 5GB 30Days - high speed internet - mobile data 5G compatible	0630HUEGNXU	IRAQ-ESIM		0	2026-06-30 18:24:13 CEST		y	1			11				B0H72DSFZ4						B0H72DSFZ4			0	DEFAULT	Incomplete
Ireland eSIM 3GB 15Days	Ireland eSIM 3GB 15Days - high speed internet - mobile data 5G compatible	0701HVU12VI	IRELAND-ESIM		0	2026-07-01 05:26:05 CEST		y	1			11				B0H73NZ5X8						B0H73NZ5X8			0	DEFAULT	Incomplete
Isle of Man eSIM 3GB 15Days	Isle of Man eSIM 3GB 15Days - high speed internet - mobile data 5G compatible	0701HVX3QD0	ISLE-OF-MAN-ESIM		0	2026-07-01 05:37:32 CEST		y	1			11				B0H7483BKL						B0H7483BKL			0	DEFAULT	Incomplete
Israel eSIM 3GB 15Days	Israel eSIM 3GB 15Days - high speed internet - mobile data 5G compatible	0701HVYBXZ3	ISRAEL-ESIM		0	2026-07-01 05:48:29 CEST		y	1			11				B0H74362L9						B0H74362L9			0	DEFAULT	Incomplete
Italy eSIM 3GB 15Days	Italy eSIM 3GB 15Days - high speed internet - mobile data 5G compatible	0701HVYU1BE	ITALY-ESIM		0	2026-07-01 05:59:08 CEST		y	1			11				B0H743M2YJ						B0H743M2YJ			0	DEFAULT	Incomplete
Jamaica eSIM 20GB 30Days	Jamaica eSIM 20GB 30Days - high speed internet - mobile data 5G compatible	0630HUEJ9XE	JAMAICA-ESIM		0	2026-06-30 18:33:46 CEST		y	1			11				B0H72GPXBQ						B0H72GPXBQ			0	DEFAULT	Incomplete
Japan eSIM 3GB 15Days	Japan eSIM 3GB 15Days - high speed internet - mobile data 5G compatible	0701HW0XFZH	JAPAN-ESIM		0	2026-07-01 06:10:47 CEST		y	1			11				B0H744D3W7						B0H744D3W7			0	DEFAULT	Incomplete
Jersey eSIM 3GB 15Days	Jersey eSIM 3GB 15Days - high speed internet - mobile data 5G compatible	0701HW1HXZB	JERSEY-ESIM		0	2026-07-01 06:22:02 CEST		y	1			11				B0H745S8SH						B0H745S8SH			0	DEFAULT	Incomplete
Jordan eSIM 3GB 15Days	Jordan eSIM 3GB 15Days - high speed internet - mobile data 5G compatible	0701HW1VV1D	JORDAN-ESIM		0	2026-07-01 06:32:40 CEST		y	1			11				B0H74HTZV3						B0H74HTZV3			0	DEFAULT	Incomplete
Kazakhstan eSIM 3GB 15Days	Kazakhstan eSIM 3GB 15Days - high speed internet - mobile data 5G compatible	0701HVQ9E4Y	KAZAKHSTAN-ESIM		0	2026-07-01 06:42:45 CEST		y	1			11				B0H7495RHC						B0H7495RHC			0	DEFAULT	Incomplete
Kenya eSIM 5GB 30Days	Kenya eSIM 5GB 30Days - high speed internet - mobile data 5G compatible	0701HW6XU71	KENYA-ESIM		0	2026-07-01 06:53:23 CEST		y	1			11				B0H748GYHB						B0H748GYHB			0	DEFAULT	Incomplete
Kuwait eSIM 3GB 15Days	Kuwait eSIM 3GB 15Days - high speed internet - mobile data 5G compatible	0701HVWA8V7	KUWAIT-ESIM		0	2026-07-01 07:00:45 CEST		y	1			11				B0H74LQTLK						B0H74LQTLK			0	DEFAULT	Incomplete
Kyrgyzstan eSIM 3GB 15Days	Kyrgyzstan eSIM 3GB 15Days - high speed internet - mobile data 5G compatible	0701HVQII3Q	KYRGYZSTAN-ESIM		0	2026-07-01 07:10:50 CEST		y	1			11				B0H748WDZC						B0H748WDZC			0	DEFAULT	Incomplete
Laos eSIM 3GB 15Days	Laos eSIM 3GB 15Days - high speed internet - mobile data 5G compatible	0630HUGI6RE	LAOS-ESIM		0	2026-06-30 18:43:10 CEST		y	1			11				B0H72GNWS4						B0H72GNWS4			0	DEFAULT	Incomplete
Latvia eSIM 3GB 15Days	Latvia eSIM 3GB 15Days - high speed internet - mobile data 5G compatible	0701HVTJZQJ	LATVIA-ESIM		0	2026-07-01 07:17:52 CEST		y	1			11				B0H74KL98N						B0H74KL98N			0	DEFAULT	Incomplete
Liberia eSIM 3GB 15Days	Liberia eSIM 3GB 15Days - high speed internet - mobile data 5G compatible	0701HVTPCWD	LIBERIA-ESIM		0	2026-07-01 07:27:06 CEST		y	1			11				B0H74JMT1P						B0H74JMT1P			0	DEFAULT	Incomplete
Libya eSIM 3GB 15Days	Libya eSIM 3GB 15Days - high speed internet - mobile data 5G compatible	0630HUBLXWO	LIBYA-ESIM		0	2026-06-30 18:51:54 CEST		y	1			11				B0H72M3XKH						B0H72M3XKH			0	DEFAULT	Incomplete
Liechtenstein eSIM 3GB 15Days	Liechtenstein eSIM 3GB 15Days - high speed internet - mobile data 5G compatible	0701HW7CPNU	LIECHTENSTEIN-ESIM		0	2026-07-01 07:34:14 CEST		y	1			11				B0H74FYV5Y						B0H74FYV5Y			0	DEFAULT	Incomplete
Lithuania eSIM 3GB 15Days	Lithuania eSIM 3GB 15Days - high speed internet - mobile data 5G compatible	0701HVTTO1O	LITHUANIA-ESIM		0	2026-07-01 07:38:16 CEST		y	1			11				B0H74KLZF8						B0H74KLZF8			0	DEFAULT	Incomplete
Luxembourg eSIM 3GB 15Days	Luxembourg eSIM 3GB 15Days - high speed internet - mobile data 5G compatible	0701HW85JK2	LUXEMBOURG-ESIM		0	2026-07-01 07:49:05 CEST		y	1			11				B0H74MJQQ6						B0H74MJQQ6			0	DEFAULT	Incomplete
Macao eSIM 3GB 15Days	Macao eSIM 3GB 15Days - high speed internet - mobile data 5G compatible	0701HW5LN27	MACAO-ESIM		0	2026-07-01 07:58:49 CEST		y	1			11				B0H74SRVC2						B0H74SRVC2			0	DEFAULT	Incomplete
Madagascar eSIM 3GB 15Days	Madagascar eSIM 3GB 15Days - high speed internet - mobile data 5G compatible	0701HWBWMQ9	MADAGASCAR-ESIM		0	2026-07-01 08:08:34 CEST		y	1			11				B0H74BKWM2						B0H74BKWM2			0	DEFAULT	Incomplete
Malawi eSIM 3GB 15Days	Malawi eSIM 3GB 15Days - high speed internet - mobile data 5G compatible	0701HW80ZT5	MALAWI-ESIM		0	2026-07-01 08:12:05 CEST		y	1			11				B0H74VTXVW						B0H74VTXVW			0	DEFAULT	Incomplete
Malaysia eSIM 3GB 15Days	Malaysia eSIM 3GB 15Days - high speed internet - mobile data 5G compatible	0701HWBXZTB	MALAYSIA-ESIM		0	2026-07-01 08:19:36 CEST		y	1			11				B0H74L9NJB						B0H74L9NJB			0	DEFAULT	Incomplete
Maldives eSIM 20GB 30Days	Maldives eSIM 20GB 30Days - high speed internet - mobile data 5G compatible	0630HUETCIC	MALDIVES-ESIM		0	2026-06-30 19:01:27 CEST		y	1			11				B0H72FCZL6						B0H72FCZL6			0	DEFAULT	Incomplete
Mali eSIM 3GB 15Days	Mali eSIM 3GB 15Days - high speed internet - mobile data 5G compatible	0701HWCJLGB	MALI-ESIM		0	2026-07-01 08:30:51 CEST		y	1			11				B0H74RZZD5						B0H74RZZD5			0	DEFAULT	Incomplete
Malta eSIM 3GB 15Days	Malta eSIM 3GB 15Days - high speed internet - mobile data 5G compatible	0701HWAALFA	MALTA-ESIM		0	2026-07-01 08:35:03 CEST		y	1			11				B0H7513FNF						B0H7513FNF			0	DEFAULT	Incomplete
Martinique eSIM 3GB 15Days	Martinique eSIM 3GB 15Days - high speed internet - mobile data 5G compatible	0630HUBC34D	MARTINIQUE-ESIM		0	2026-06-30 19:11:22 CEST		y	1			11				B0H72LBK8P						B0H72LBK8P			0	DEFAULT	Incomplete
Mauritius eSIM 3GB 15Days	Mauritius eSIM 3GB 15Days - high speed internet - mobile data 5G compatible	0701HYG2R8S	MAURITIUS-ESIM		0	2026-07-01 16:22:01 CEST		y	1			11				B0H761FBZT						B0H761FBZT			0	DEFAULT	Incomplete
Mayotte eSIM 3GB 15Days	Mayotte eSIM 3GB 15Days - high speed internet - mobile data 5G compatible	0630HUKNDF0	MAYOTTE-ESIM		0	2026-06-30 19:20:25 CEST		y	1			11				B0H72JJ14D						B0H72JJ14D			0	DEFAULT	Incomplete
Mexico eSIM 3GB 15Days	Mexico eSIM 3GB 15Days - high speed internet - mobile data 5G compatible	0701HWF20EO	MEXICO-ESIM		0	2026-07-01 08:45:51 CEST		y	1			11				B0H74RXM6P						B0H74RXM6P			0	DEFAULT	Incomplete
Middle East eSIM 5GB 30Days	Middle East eSIM 5GB 30Days - high speed internet - mobile data 5G compatible	0701HWFHOGV	MIDDLE-EAST-ESIM		0	2026-07-01 08:56:17 CEST		y	1			11				B0H74VB4K9						B0H74VB4K9			0	DEFAULT	Incomplete
Moldova eSIM 3GB 15Days	Moldova eSIM 3GB 15Days - high speed internet - mobile data 5G compatible	0701HWF6FN3	MOLDOVA-ESIM		0	2026-07-01 09:00:19 CEST		y	1			11				B0H74TNGMK						B0H74TNGMK			0	DEFAULT	Incomplete
Monaco eSIM 3GB 15Days	Monaco eSIM 3GB 15Days - high speed internet - mobile data 5G compatible	0701HWECY5W	MONACO-ESIM		0	2026-07-01 09:04:21 CEST		y	1			11				B0H74Q8SDB						B0H74Q8SDB			0	DEFAULT	Incomplete
Mongolia eSIM 3GB 15Days	Mongolia eSIM 3GB 15Days - high speed internet - mobile data 5G compatible	0701HWJTJBL	MONGOLIA-ESIM		0	2026-07-01 09:11:39 CEST		y	1			11				B0H74ZPGY3						B0H74ZPGY3			0	DEFAULT	Incomplete
Montenegro eSIM 3GB 15Days	Montenegro eSIM 3GB 15Days - high speed internet - mobile data 5G compatible	0701HWJTO7U	MONTENEGRO-ESIM		0	2026-07-01 09:15:20 CEST		y	1			11				B0H74S4K8P						B0H74S4K8P			0	DEFAULT	Incomplete
Montserrat eSIM 3GB 15Days	Montserrat eSIM 3GB 15Days - high speed internet - mobile data 5G compatible	0630HUHZ8YJ	MONTSERRAT-ESIM		0	2026-06-30 19:30:31 CEST		y	1			11				B0H72RXW7R						B0H72RXW7R			0	DEFAULT	Incomplete
Morocco eSIM 5GB 30Days	Morocco eSIM 5GB 30Days - high speed internet - mobile data 5G compatible	0701HWM13S0	MOROCCO-ESIM		0	2026-07-01 09:19:35 CEST		y	1			11				B0H74R8PP8						B0H74R8PP8			0	DEFAULT	Incomplete
Mozambique eSIM 3GB 15Days	Mozambique eSIM 3GB 15Days - high speed internet - mobile data 5G compatible	0701HWK1BL8	MOZAMBIQUE-ESIM		0	2026-07-01 09:31:11 CEST		y	1			11				B0H74RKJQT						B0H74RKJQT			0	DEFAULT	Incomplete
Nepal eSIM 3GB 15Days	Nepal eSIM 3GB 15Days - high speed internet - mobile data 5G compatible	0701HWH3FJ7	NEPAL-ESIM		0	2026-07-01 09:38:40 CEST		y	1			11				B0H74SYPMY						B0H74SYPMY			0	DEFAULT	Incomplete
Netherlands eSIM 3GB 15Days	Netherlands eSIM 3GB 15Days - high speed internet - mobile data 5G compatible	0701HWN7L08	NETHERLANDS-ESIM		0	2026-07-01 09:42:54 CEST		y	1			11				B0H752N1L7						B0H752N1L7			0	DEFAULT	Incomplete
New Zealand eSIM 3GB 15Days	New Zealand eSIM 3GB 15Days - high speed internet - mobile data 5G compatible	0701HWR1XJX	NEW-ZEALAND-ESIM		0	2026-07-01 09:54:07 CEST		y	1			11				B0H74ZZKMY						B0H74ZZKMY			0	DEFAULT	Incomplete
Nicaragua eSIM 3GB 15Days	Nicaragua eSIM 3GB 15Days - high speed internet - mobile data 5G compatible	0701HWL07BI	NICARAGUA-ESIM		0	2026-07-01 10:04:12 CEST		y	1			11				B0H74X1JZM						B0H74X1JZM			0	DEFAULT	Incomplete
Niger eSIM 3GB 15Days	Niger eSIM 3GB 15Days - high speed internet - mobile data 5G compatible	0701HWO1PZE	NIGER-ESIM		0	2026-07-01 10:08:26 CEST		y	1			11				B0H74PYHVF						B0H74PYHVF			0	DEFAULT	Incomplete
Nigeria eSIM 3GB 15Days	Nigeria eSIM 3GB 15Days - high speed internet - mobile data 5G compatible	0701HWS8GJD	NIGERIA-ESIM		0	2026-07-01 10:12:41 CEST		y	1			11				B0H74QJPGD						B0H74QJPGD			0	DEFAULT	Incomplete
North America eSIM 5GB 30Days	North America eSIM 5GB 30Days - high speed internet - mobile data 5G compatible	0701HWVUQB8	NORTH-AMERICA-ESIM		0	2026-07-01 10:16:55 CEST		y	1			11				B0H755KC1P						B0H755KC1P			0	DEFAULT	Incomplete
North Macedonia eSIM 3GB 15Days	North Macedonia eSIM 3GB 15Days - high speed internet - mobile data 5G compatible	0701HWSUZ52	NORTH-MACEDONIA-ESIM		0	2026-07-01 10:21:09 CEST		y	1			11				B0H754X3RM						B0H754X3RM			0	DEFAULT	Incomplete
Norway eSIM 3GB 15Days	Norway eSIM 3GB 15Days - high speed internet - mobile data 5G compatible	0701HWRF3KW	NORWAY-ESIM		0	2026-07-01 10:29:04 CEST		y	1			11				B0H74W2WLH						B0H74W2WLH			0	DEFAULT	Incomplete
Oman eSIM 3GB 15Days	Oman eSIM 3GB 15Days - high speed internet - mobile data 5G compatible	0701HWURZVO	OMAN-ESIM		0	2026-07-01 10:40:37 CEST		y	1			11				B0H74Y2VJD						B0H74Y2VJD			0	DEFAULT	Incomplete
Pakistan eSIM 3GB 15Days	Pakistan eSIM 3GB 15Days - high speed internet - mobile data 5G compatible	0701HWIUPUD	PAKISTAN-ESIM		0	2026-07-01 10:48:31 CEST		y	1			11				B0H75552WR						B0H75552WR			0	DEFAULT	Incomplete
Panama eSIM 3GB 15Days	Panama eSIM 3GB 15Days - high speed internet - mobile data 5G compatible	0701HX34WFX	PANAMA-ESIM		0	2026-07-01 11:00:05 CEST		y	1			11				B0H75BFMBS						B0H75BFMBS			0	DEFAULT	Incomplete
Paraguay eSIM 3GB 15Days	Paraguay eSIM 3GB 15Days - high speed internet - mobile data 5G compatible	0701HWYEPWP	PARAGUAY-ESIM		0	2026-07-01 11:04:21 CEST		y	1			11				B0H75BN1FB						B0H75BN1FB			0	DEFAULT	Incomplete
Peru eSIM 3GB 15Days	Peru eSIM 3GB 15Days - high speed internet - mobile data 5G compatible	0630HTKWZNO	PERU-ESIM		0	2026-06-30 13:16:39 CEST		y	1			11				B0H71VWDVV						B0H71VWDVV			0	DEFAULT	Incomplete
Philippines eSIM 5GB 30Days	Philippines eSIM 5GB 30Days - high speed internet - mobile data 5G compatible	0701HX4GP20	PHILIPPINES-ESIM		0	2026-07-01 11:08:37 CEST		y	1			11				B0H75C7SFM						B0H75C7SFM			0	DEFAULT	Incomplete
Poland eSIM 3GB 15Days	Poland eSIM 3GB 15Days - high speed internet - mobile data 5G compatible	0701HX5YUTZ	POLAND-ESIM		0	2026-07-01 11:20:13 CEST		y	1			11				B0H75BN36M						B0H75BN36M			0	DEFAULT	Incomplete
Portugal eSIM 3GB 15Days	Portugal eSIM 3GB 15Days - high speed internet - mobile data 5G compatible	0701HX6NKJM	PORTUGAL-ESIM		0	2026-07-01 11:31:50 CEST		y	1			11				B0H75J83ZX						B0H75J83ZX			0	DEFAULT	Incomplete
Puerto Rico eSIM 3GB 15Days	Puerto Rico eSIM 3GB 15Days - high speed internet - mobile data 5G compatible	0701HX6HF2Y	PUERTO-RICO-ESIM		0	2026-07-01 11:43:27 CEST		y	1			11				B0H75LF8F1						B0H75LF8F1			0	DEFAULT	Incomplete
Qatar eSIM 5GB 30Days	Qatar eSIM 5GB 30Days - high speed internet - mobile data 5G compatible	0701HXI9WIO	QATAR-ESIM		0	2026-07-01 11:51:23 CEST		y	1			11				B0H75MZ7LY						B0H75MZ7LY			0	DEFAULT	Incomplete
Republic of the Congo eSIM 20GB 30Days	Republic of the Congo eSIM 20GB 30Days - high speed internet - mobile data 5G compatible	0630HUKDH3E	REPUBLIC-OF-THE-CONGO-ESIM		0	2026-06-30 19:40:18 CEST		y	1			11				B0H72H57W9						B0H72H57W9			0	DEFAULT	Incomplete
Reunion eSIM 3GB 15Days	Reunion eSIM 3GB 15Days - high speed internet - mobile data 5G compatible	0701HXHNB37	REUNION-ESIM		0	2026-07-01 12:02:59 CEST		y	1			11				B0H75FXWTC						B0H75FXWTC			0	DEFAULT	Incomplete
Romania eSIM 3GB 15Days	Romania eSIM 3GB 15Days - high speed internet - mobile data 5G compatible	0630HUKO65Q	ROMANIA-ESIM		0	2026-06-30 19:50:15 CEST		y	1			11				B0H72PC6TN						B0H72PC6TN			0	DEFAULT	Incomplete
Russia eSIM 5GB 30Days	Russia eSIM 5GB 30Days - high speed internet - mobile data 5G compatible	0630HUKLFNJ	RUSSIA-ESIM		0	2026-06-30 19:59:30 CEST		y	1			11				B0H72VF6PZ						B0H72VF6PZ			0	DEFAULT	Incomplete
Rwanda eSIM 3GB 15Days	Rwanda eSIM 3GB 15Days - high speed internet - mobile data 5G compatible	0630HUN6ECF	RWANDA-ESIM		0	2026-06-30 20:09:47 CEST		y	1			11				B0H736TRVY						B0H736TRVY			0	DEFAULT	Incomplete
Saint Barthelemy eSIM 3GB 15Days	Saint Barthelemy eSIM 3GB 15Days - high speed internet - mobile data 5G compatible	0630HUIGQCJ	SAINT-BARTHELEMY-ESIM		0	2026-06-30 20:19:24 CEST		y	1			11				B0H733ZGKJ						B0H733ZGKJ			0	DEFAULT	Incomplete
Saint Kitts and Nevis eSIM 3GB 15Days	Saint Kitts and Nevis eSIM 3GB 15Days - high speed internet - mobile data 5G compatible	0630HUFIW93	SAINT-KITTS-AND-NEVIS-ESIM		0	2026-06-30 20:29:09 CEST		y	1			11				B0H735F6SS						B0H735F6SS			0	DEFAULT	Incomplete
Saint Lucia eSIM 3GB 15Days	Saint Lucia eSIM 3GB 15Days - high speed internet - mobile data 5G compatible	0630HUINR17	SAINT-LUCIA-ESIM		0	2026-06-30 20:38:33 CEST		y	1			11				B0H73C6KQN						B0H73C6KQN			0	DEFAULT	Incomplete
Saint Martin eSIM 3GB 15Days	Saint Martin eSIM 3GB 15Days - high speed internet - mobile data 5G compatible	0630HUNETQJ	SAINT-MARTIN-ESIM		0	2026-06-30 20:47:46 CEST		y	1			11				B0H73BTVFN						B0H73BTVFN			0	DEFAULT	Incomplete
Saint Vincent and the Grenadines eSIM 3GB 15Days	Saint Vincent and the Grenadines eSIM 3GB 15Days - high speed internet - mobile data 5G compatible	0630HUPP5CH	SAINT-VINCENT-AND-THE-GRENADINES-ESIM		0	2026-06-30 20:57:43 CEST		y	1			11				B0H73D8NRH						B0H73D8NRH			0	DEFAULT	Incomplete
Samoa eSIM 3GB 15Days	Samoa eSIM 3GB 15Days - high speed internet - mobile data 5G compatible	0630HUOE642	SAMOA-ESIM		0	2026-06-30 21:08:43 CEST		y	1			11				B0H73FC6R9						B0H73FC6R9			0	DEFAULT	Incomplete
San Marino eSIM 3GB 15Days	San Marino eSIM 3GB 15Days - high speed internet - mobile data 5G compatible	0630HULSTZJ	SAN-MARINO-ESIM		0	2026-06-30 21:18:18 CEST		y	1			11				B0H73BWRJJ						B0H73BWRJJ			0	DEFAULT	Incomplete
Saudi Arabia eSIM 3GB 15Days	Saudi Arabia eSIM 3GB 15Days - high speed internet - mobile data 5G compatible	0701HXKA8W1	SAUDI-ARABIA-ESIM		0	2026-07-01 12:10:54 CEST		y	1			11				B0H75H1MC8						B0H75H1MC8			0	DEFAULT	Incomplete
Senegal eSIM 3GB 15Days	Senegal eSIM 3GB 15Days - high speed internet - mobile data 5G compatible	0701HXIGIWU	SENEGAL-ESIM		0	2026-07-01 12:22:33 CEST		y	1			11				B0H75K5CVK						B0H75K5CVK			0	DEFAULT	Incomplete
Serbia eSIM 3GB 15Days	Serbia eSIM 3GB 15Days - high speed internet - mobile data 5G compatible	0701HXI7HMM	SERBIA-ESIM		0	2026-07-01 12:30:19 CEST		y	1			11				B0H75MGTW3						B0H75MGTW3			0	DEFAULT	Incomplete
Seychelles eSIM 3GB 15Days	Seychelles eSIM 3GB 15Days - high speed internet - mobile data 5G compatible	0701HXKLUX2	SEYCHELLES-ESIM		0	2026-07-01 12:38:18 CEST		y	1			11				B0H759PDXM						B0H759PDXM			0	DEFAULT	Incomplete
Sierra Leone eSIM 5GB 30Days	Sierra Leone eSIM 5GB 30Days - high speed internet - mobile data 5G compatible	0630HUQDC6M	SIERRA-LEONE-ESIM		0	2026-06-30 21:28:36 CEST		y	1			11				B0H73W2PVK						B0H73W2PVK			0	DEFAULT	Incomplete
Singapore eSIM 5GB 30Days	Singapore eSIM 5GB 30Days - high speed internet - mobile data 5G compatible	0701HXM6YQW	SINGAPORE-ESIM		0	2026-07-01 12:46:15 CEST		y	1			11				B0H75KHWJN						B0H75KHWJN			0	DEFAULT	Incomplete
Slovakia eSIM 3GB 15Days	Slovakia eSIM 3GB 15Days - high speed internet - mobile data 5G compatible	0701HXJ9IYL	SLOVAKIA-ESIM		0	2026-07-01 12:53:59 CEST		y	1			11				B0H75NQB8N						B0H75NQB8N			0	DEFAULT	Incomplete
Slovenia eSIM 3GB 15Days	Slovenia eSIM 3GB 15Days - high speed internet - mobile data 5G compatible	0701HXODWW0	SLOVENIA-ESIM		0	2026-07-01 13:05:19 CEST		y	1			11				B0H75V2MDK						B0H75V2MDK			0	DEFAULT	Incomplete
South Africa eSIM 5GB 30Days	South Africa eSIM 5GB 30Days - high speed internet - mobile data 5G compatible	0701HXGMH5N	SOUTH-AFRICA-ESIM		0	2026-07-01 13:16:55 CEST		y	1			11				B0H75T8R4X						B0H75T8R4X			0	DEFAULT	Incomplete
South America eSIM 5GB 30Days	South America eSIM 5GB 30Days - high speed internet - mobile data 5G compatible	0701HXSPA31	SOUTH-AMERICA-ESIM		0	2026-07-01 13:21:11 CEST		y	1			11				B0H75NHYYN						B0H75NHYYN			0	DEFAULT	Incomplete
South Korea eSIM 5GB 30Days	South Korea eSIM 5GB 30Days - high speed internet - mobile data 5G compatible	0701HXDN08T	SOUTH-KOREA-ESIM		0	2026-07-01 13:25:27 CEST		y	1			11				B0H75X27F1						B0H75X27F1			0	DEFAULT	Incomplete
Spain eSIM 3GB 15Days	Spain eSIM 3GB 15Days - high speed internet - mobile data 5G compatible	0701HXTVF9R	SPAIN-ESIM		0	2026-07-01 13:37:05 CEST		y	1			11				B0H75LY22R						B0H75LY22R			0	DEFAULT	Incomplete
Sri Lanka eSIM 3GB 15Days	Sri Lanka eSIM 3GB 15Days - high speed internet - mobile data 5G compatible	0701HXPUS50	SRI-LANKA-ESIM		0	2026-07-01 13:48:45 CEST		y	1			11				B0H75SMC19						B0H75SMC19			0	DEFAULT	Incomplete
Sudan eSIM 3GB 15Days	Sudan eSIM 3GB 15Days - high speed internet - mobile data 5G compatible	0701HXTRKNL	SUDAN-ESIM		0	2026-07-01 14:00:21 CEST		y	1			11				B0H75QCS41						B0H75QCS41			0	DEFAULT	Incomplete
Suriname eSIM 5GB 30Days	Suriname eSIM 5GB 30Days - high speed internet - mobile data 5G compatible	0630HUP2DKC	SURINAME-ESIM		0	2026-06-30 21:38:10 CEST		y	1			11				B0H73QFLJW						B0H73QFLJW			0	DEFAULT	Incomplete
Saint Vincent and the Grenadines eSIM 20GB 30Days	Saint Vincent and the Grenadines eSIM 20GB 30Days - high speed internet - mobile data 5G compatible	0630HUII57M	SVG-ESIM		0	2026-06-30 21:04:30 CEST		y	1			11				B0H73QJGYM						B0H73QJGYM			0	DEFAULT	Incomplete
Sweden eSIM 3GB 15Days	Sweden eSIM 3GB 15Days - high speed internet - mobile data 5G compatible	0701HXVDMN2	SWEDEN-ESIM		0	2026-07-01 14:07:57 CEST		y	1			11				B0H75S5RCD						B0H75S5RCD			0	DEFAULT	Incomplete
Switzerland eSIM 3GB 15Days	Switzerland eSIM 3GB 15Days - high speed internet - mobile data 5G compatible	0701HXVCZ57	SWITZERLAND-ESIM		0	2026-07-01 14:19:37 CEST		y	1			11				B0H75W3TNQ						B0H75W3TNQ			0	DEFAULT	Incomplete
Tajikistan eSIM 3GB 15Days	Tajikistan eSIM 3GB 15Days - high speed internet - mobile data 5G compatible	0630HUQO3CA	TAJIKISTAN-ESIM		0	2026-06-30 21:48:04 CEST		y	1			11				B0H73FFFLB						B0H73FFFLB			0	DEFAULT	Incomplete
Tanzania eSIM 3GB 15Days	Tanzania eSIM 3GB 15Days - high speed internet - mobile data 5G compatible	0701HXWAICN	TANZANIA-ESIM		0	2026-07-01 14:31:19 CEST		y	1			11				B0H75ZSW8G						B0H75ZSW8G			0	DEFAULT	Incomplete
Thailand eSIM 3GB 15Days	Thailand eSIM 3GB 15Days - high speed internet - mobile data 5G compatible	0701HXXJ51D	THAILAND-ESIM		0	2026-07-01 14:35:36 CEST		y	1			11				B0H75T9TR3						B0H75T9TR3			0	DEFAULT	Incomplete
Tunisie eSIM 3 Go 30 jours | eSIM de voyage prépayée | SIM numérique Pay As You Go | Installation facile | SIM de données pour les touristes et les entreprises | Vitesses 3G/4G		0325HR4859D	TN_3_30		0	2026-03-25 06:15:19 CET		y	1			11				B0FRCKZKVY						B0FRCKZKVY			0	DEFAULT	Incomplete
Trinidad and Tobago eSIM 20GB 30Days	Trinidad and Tobago eSIM 20GB 30Days - high speed internet - mobile data 5G compatible	0630HUSIRS3	TRINIDAD-AND-TOBAGO-ESIM		0	2026-06-30 21:58:08 CEST		y	1			11				B0H7395D3R						B0H7395D3R			0	DEFAULT	Incomplete
Tunisia eSIM 5GB 30Days	Tunisia eSIM 5GB 30Days - high speed internet - mobile data 5G compatible	0701HXXUIO5	TUNISIA-ESIM		0	2026-07-01 14:47:12 CEST		y	1			11				B0H762F36D						B0H762F36D			0	DEFAULT	Incomplete
Turkey eSIM 3GB 15Days	Turkey eSIM 3GB 15Days - high speed internet - mobile data 5G compatible	0701HXXOJ84	TURKEY-ESIM		0	2026-07-01 14:51:27 CEST		y	1			11				B0H75ZLTM8						B0H75ZLTM8			0	DEFAULT	Incomplete
Turks and Caicos Islands eSIM 20GB 30Days	Turks and Caicos Islands eSIM 20GB 30Days - high speed internet - mobile data 5G compatible	0630HUSSO98	TURKS-AND-CAICOS-ISLANDS-ESIM		0	2026-06-30 22:08:12 CEST		y	1			11				B0H73J6RW8						B0H73J6RW8			0	DEFAULT	Incomplete
Uganda eSIM 3GB 15Days	Uganda eSIM 3GB 15Days - high speed internet - mobile data 5G compatible	0701HY32U3G	UGANDA-ESIM		0	2026-07-01 15:02:43 CEST		y	1			11				B0H75XTV3X						B0H75XTV3X			0	DEFAULT	Incomplete
Ukraine eSIM 3GB 15Days	Ukraine eSIM 3GB 15Days - high speed internet - mobile data 5G compatible	0701HY68LHF	UKRAINE-ESIM		0	2026-07-01 15:06:58 CEST		y	1			11				B0H75VMQ1N						B0H75VMQ1N			0	DEFAULT	Incomplete
United Arab Emirates eSIM 3GB 15Days	United Arab Emirates eSIM 3GB 15Days - high speed internet - mobile data 5G compatible	0701HY90IUD	UNITED-ARAB-EMIRATES-ESIM		0	2026-07-01 15:14:53 CEST		y	1			11				B0H762K1ZW						B0H762K1ZW			0	DEFAULT	Incomplete
United Kingdom eSIM 3GB 15Days	United Kingdom eSIM 3GB 15Days - high speed internet - mobile data 5G compatible	0701HY7FJPL	UNITED-KINGDOM-ESIM		0	2026-07-01 15:26:31 CEST		y	1			11				B0H75X9FVS						B0H75X9FVS			0	DEFAULT	Incomplete
United States eSIM 3GB 15Days	United States eSIM 3GB 15Days - high speed internet - mobile data 5G compatible	0701HY7259J	UNITED-STATES-ESIM		0	2026-07-01 15:38:08 CEST		y	1			11				B0H766M2S6						B0H766M2S6			0	DEFAULT	Incomplete
Uruguay eSIM 3GB 15Days	Uruguay eSIM 3GB 15Days - high speed internet - mobile data 5G compatible	0701HYC4WAD	URUGUAY-ESIM		0	2026-07-01 15:46:04 CEST		y	1			11				B0H75XSG4F						B0H75XSG4F			0	DEFAULT	Incomplete
Uzbekistan eSIM 5GB 30Days	Uzbekistan eSIM 5GB 30Days - high speed internet - mobile data 5G compatible	0701HY9DZHC	UZBEKISTAN-ESIM		0	2026-07-01 15:50:18 CEST		y	1			11				B0H76BTYZV						B0H76BTYZV			0	DEFAULT	Incomplete
Vatican City eSIM 3GB 15Days	Vatican City eSIM 3GB 15Days - high speed internet - mobile data 5G compatible	0630HUTSU62	VATICAN-CITY-ESIM		0	2026-06-30 22:18:07 CEST		y	1			11				B0H73KLCF5						B0H73KLCF5			0	DEFAULT	Incomplete
Vietnam eSIM 3GB 15Days	Vietnam eSIM 3GB 15Days - high speed internet - mobile data 5G compatible	0701HY9E5NY	VIETNAM-ESIM		0	2026-07-01 15:54:34 CEST		y	1			11				B0H75YQ159						B0H75YQ159			0	DEFAULT	Incomplete
Zambia eSIM 3GB 15Days	Zambia eSIM 3GB 15Days - high speed internet - mobile data 5G compatible	0701HYJ71MA	ZAMBIA-ESIM		0	2026-07-01 16:06:09 CEST		y	1			11				B0H765JN3F						B0H765JN3F			0	DEFAULT	Incomplete
