item-name	item-description	listing-id	seller-sku	price	quantity	open-date	image-url	item-is-marketplace	product-id-type	zshop-shipping-fee	item-note	item-condition	zshop-category1	zshop-browse-path	zshop-storefront-feature	asin1	asin2	asin3	will-ship-internationally	expedited-shipping	zshop-boldface	product-id	bid-for-featured-placement	add-delete	pending-quantity	fulfillment-channel	merchant-shipping-group	status	Minimum order quantity	Sell remainder
Costa d'Avorio eSIM 5GB 30Days	Cote d'Ivoire eSIM 5GB 30Days - high speed internet - mobile data 5G compatible	0630HUXMMR8	COTE-D-IVOIRE-5GB-30D	31.99		01/07/2026 01:34:36 MEST		y	4			11				B0FR9V5LYJ						8721438401796				AMAZON_EU	Migrated Template	Active		
Croazia eSIM 20GB 30Days	Croatia eSIM 20GB 30Days - high speed internet - mobile data 5G compatible	0630HV8ZQ04	CROATIA-20GB-30D	16.99		01/07/2026 01:44:21 MEST		y	4			11				B0FR9TYCSL						8721438401857				AMAZON_EU	Migrated Template	Active		
Croazia eSIM 3GB 15Days	Croatia eSIM 3GB 15Days - high speed internet - mobile data 5G compatible	0630HUXNBPE	CROATIA-3GB-15D	7.99		01/07/2026 01:38:22 MEST		y	4			11				B0FR9GDKT1						8721438401819				AMAZON_EU	Migrated Template	Active		
Croazia eSIM 5GB 30Days	Croatia eSIM 5GB 30Days - high speed internet - mobile data 5G compatible	0630HV9XYUD	CROATIA-5GB-30D	8.99		01/07/2026 01:41:46 MEST		y	4			11				B0FR9BVV58						8721438401833				AMAZON_EU	Migrated Template	Active		
Cipro eSIM 3GB 15Days	Cyprus eSIM 3GB 15Days - high speed internet - mobile data 5G compatible	0630HVA0ZNZ	CYPRUS-3GB-15D	7.99		01/07/2026 01:47:34 MEST		y	4			11				B0FR8XJWWG						8721438401888				AMAZON_EU	Migrated Template	Active		
Cipro eSIM 5GB 30Days	Cyprus eSIM 5GB 30Days - high speed internet - mobile data 5G compatible	0630HV9IXSX	CYPRUS-5GB-30D	8.99		01/07/2026 01:50:47 MEST		y	4			11				B0FR8XHWZV						8721438401901				AMAZON_EU	Migrated Template	Active		
Repubblica Ceca eSIM 20GB 30Days	Czech Republic eSIM 20GB 30Days - high speed internet - mobile data 5G compatible	0701HV821L1	CZECH-REPUBLIC-20GB-30D	16.99		01/07/2026 02:00:42 MEST		y	4			11				B0FR9SVN9H						8721438401987				AMAZON_EU	Migrated Template	Active		
Repubblica Ceca eSIM 3GB 15Days	Czech Republic eSIM 3GB 15Days - high speed internet - mobile data 5G compatible	0630HVCP83E	CZECH-REPUBLIC-3GB-15D	7.99		01/07/2026 01:54:11 MEST		y	4			11				B0FR9SB2Q3						8721438401949				AMAZON_EU	Migrated Template	Active		
Repubblica Ceca eSIM 5GB 30Days	Czech Republic eSIM 5GB 30Days - high speed internet - mobile data 5G compatible	0630HVA2VLR	CZECH-REPUBLIC-5GB-30D	8.99		01/07/2026 01:57:36 MEST		y	4			11				B0FR9BY2LF						8721438401963				AMAZON_EU	Migrated Template	Active		
Danimarca eSIM 20GB 30Days	Denmark eSIM 20GB 30Days - high speed internet - mobile data 5G compatible	0701HV12PPG	DENMARK-20GB-30D	14.99		01/07/2026 02:10:27 MEST		y	4			11				B0FR9QPF45						8721438402052				AMAZON_EU	Migrated Template	Active		
Danimarca eSIM 3GB 15Days	Denmark eSIM 3GB 15Days - high speed internet - mobile data 5G compatible	0701HV654SS	DENMARK-3GB-15D	7.99		01/07/2026 02:03:56 MEST		y	4			11				B0FR9GSNP4						8721438402014				AMAZON_EU	Migrated Template	Active		
Danimarca eSIM 5GB 30Days	Denmark eSIM 5GB 30Days - high speed internet - mobile data 5G compatible	0701HUXVCSW	DENMARK-5GB-30D	8.99		01/07/2026 02:07:31 MEST		y	4			11				B0FR8XQYR4						8721438402038				AMAZON_EU	Migrated Template	Active		
Repubblica Dominicana eSIM 20GB 30Days	Dominican Republic eSIM 20GB 30Days - high speed internet - mobile data 5G compatible	0701HV7A1DN	DOMINICAN-REPUBLIC-20GB-30D	38.99		01/07/2026 02:19:39 MEST		y	4			11				B0FR9C6DJF						8721438402106				AMAZON_EU	Migrated Template	Active		
Repubblica Dominicana eSIM 3GB 15Days	Dominican Republic eSIM 3GB 15Days - high speed internet - mobile data 5G compatible	0701HUY0E4M	DOMINICAN-REPUBLIC-3GB-15D	12.99		01/07/2026 02:13:40 MEST		y	4			11				B0FR9GSKZF						8721438402083				AMAZON_EU	Migrated Template	Active		
Repubblica Dominicana eSIM 5GB 30Days	Dominican Republic eSIM 5GB 30Days - high speed internet - mobile data 5G compatible	0701HUY20CJ	DOMINICAN-REPUBLIC-5GB-30D	14.99		01/07/2026 02:16:53 MEST		y	4			11				B0FR9GQKCM						8721438402090				AMAZON_EU	Migrated Template	Active		
Ecuador eSIM 3GB 15Days	Ecuador eSIM 3GB 15Days - high speed internet - mobile data 5G compatible	0701HV6JBF2	ECUADOR-3GB-15D	13.99		01/07/2026 02:22:42 MEST		y	4			11				B0FR9RM6MP						8721438402120				AMAZON_EU	Migrated Template	Active		
Egitto eSIM 20GB 30Days	Egypt eSIM 20GB 30Days - high speed internet - mobile data 5G compatible	0701HV16S0O	EGYPT-20GB-30D	29.99		01/07/2026 02:32:57 MEST		y	4			11				B0FR9GQBGL						8721438402182				AMAZON_EU	Migrated Template	Active		
Egitto eSIM 3GB 15Days	Egypt eSIM 3GB 15Days - high speed internet - mobile data 5G compatible	0701HV9KGCP	EGYPT-3GB-15D	9.99		01/07/2026 02:26:45 MEST		y	4			11				B0FR9C784N						8721438402144				AMAZON_EU	Migrated Template	Active		
Egitto eSIM 5GB 30Days	Egypt eSIM 5GB 30Days - high speed internet - mobile data 5G compatible	0701HV44881	EGYPT-5GB-30D	14.99		01/07/2026 02:30:10 MEST		y	4			11				B0FR9LR5KJ						8721438402168				AMAZON_EU	Migrated Template	Active		
El Salvador eSIM 3GB 15Days	El Salvador eSIM 3GB 15Days - high speed internet - mobile data 5G compatible	0701HV9AVYL	EL-SALVADOR-3GB-15D	17.99		01/07/2026 02:36:22 MEST		y	4			11				B0FR9LJ7X4						8721438402236				AMAZON_EU	Migrated Template	Active		
Estonia eSIM 20GB 30Days	Estonia eSIM 20GB 30Days - high speed internet - mobile data 5G compatible	0701HV7DI77	ESTONIA-20GB-30D	14.99		01/07/2026 02:46:03 MEST		y	4			11				B0FR9L527N						8721438402298				AMAZON_EU	Migrated Template	Active		
Estonia eSIM 3GB 15Days	Estonia eSIM 3GB 15Days - high speed internet - mobile data 5G compatible	0701HVC1U4T	ESTONIA-3GB-15D	7.99		01/07/2026 02:40:04 MEST		y	4			11				B0FR9GST1S						8721438402250				AMAZON_EU	Migrated Template	Active		
Estonia eSIM 5GB 30Days	Estonia eSIM 5GB 30Days - high speed internet - mobile data 5G compatible	0701HUYE5GK	ESTONIA-5GB-30D	8.99		01/07/2026 02:43:18 MEST		y	4			11				B0FR9GQYKB						8721438402274				AMAZON_EU	Migrated Template	Active		
Europa (40+ aree) eSIM 20GB 30Days	Europe(40+ areas) eSIM 20GB 30Days - high speed internet - mobile data 5G compatible	0701HV7G6QH	EUROPE-40-AREAS-20GB-30D	18.99		01/07/2026 02:52:01 MEST		y	4			11				B0FR9TNPV3						8721438402496				AMAZON_EU	Migrated Template	Active		
Europa (40+ aree) eSIM 5GB 30Days	Europe(40+ areas) eSIM 5GB 30Days - high speed internet - mobile data 5G compatible	0701HVCTT5M	EUROPE-40-AREAS-5GB-30D	8.99		01/07/2026 02:48:47 MEST		y	4			11				B0FR9RYSSS						8721438402472				AMAZON_EU	Migrated Template	Active		
Finlandia eSIM 3GB 15Days	Finland eSIM 3GB 15Days - high speed internet - mobile data 5G compatible	0701HVA4687	FINLAND-3GB-15D	7.99		01/07/2026 02:55:25 MEST		y	4			11				B0FR9GSND6						8721438402533				AMAZON_EU	Migrated Template	Active		
Finlandia eSIM 5GB 30Days	Finland eSIM 5GB 30Days - high speed internet - mobile data 5G compatible	0701HUYED87	FINLAND-5GB-30D	8.99		01/07/2026 02:58:49 MEST		y	4			11				B0FR9SB3BJ						8721438402557				AMAZON_EU	Migrated Template	Active		
Francia eSIM 20GB 30Days	France eSIM 20GB 30Days - high speed internet - mobile data 5G compatible	0701HVCZ70T	FRANCE-20GB-30D	14.99		01/07/2026 03:10:12 MEST		y	4			11				B0FR9GPMC5						8721438402632				AMAZON_EU	Migrated Template	Active		
Francia eSIM 3GB 15Days	France eSIM 3GB 15Days - high speed internet - mobile data 5G compatible	0701HVAGOSV	FRANCE-3GB-15D	7.99		01/07/2026 03:02:35 MEST		y	4			11				B0FR9C5ZB6						8721438402595				AMAZON_EU	Migrated Template	Active		
Francia eSIM 5GB 30Days	France eSIM 5GB 30Days - high speed internet - mobile data 5G compatible	0701HV7LYEE	FRANCE-5GB-30D	8.99		01/07/2026 03:06:32 MEST		y	4			11				B0FR9LMDW5						8721438402618				AMAZON_EU	Migrated Template	Active		
Gabon eSIM 3GB 15Days	Gabon eSIM 3GB 15Days - high speed internet - mobile data 5G compatible	0701HVD58KZ	GABON-3GB-15D	16.99		01/07/2026 03:13:38 MEST		y	4			11				B0FR9GPX9T						8721438402700				AMAZON_EU	Migrated Template	Active		
Georgia eSIM 20GB 30Days	Georgia eSIM 20GB 30Days - high speed internet - mobile data 5G compatible	0701HVDG38P	GEORGIA-20GB-30D	24.99		01/07/2026 03:20:43 MEST		y	4			11				B0FR9C73NK						8721438402748				AMAZON_EU	Migrated Template	Active		
Georgia eSIM 3GB 15Days	Georgia eSIM 3GB 15Days - high speed internet - mobile data 5G compatible	0701HVAO0JW	GEORGIA-3GB-15D	8.99		01/07/2026 03:17:08 MEST		y	4			11				B0FR9KMX2N						8721438402724				AMAZON_EU	Migrated Template	Active		
Germania eSIM 3GB 15Days	Germany eSIM 3GB 15Days - high speed internet - mobile data 5G compatible	0701HV7O09C	GERMANY-3GB-15D	7.99		01/07/2026 03:24:27 MEST		y	4			11				B0GSZBMLKV						8721438402762				AMAZON_EU	Migrated Template	Active		
Gibilterra eSIM 3GB 15Days	Gibraltar eSIM 3GB 15Days - high speed internet - mobile data 5G compatible	0701HVEHWGW	GIBRALTAR-3GB-15D	7.99		01/07/2026 03:35:29 MEST		y	4			11				B0FR8XSPMC						8721438402878				AMAZON_EU	Migrated Template	Active		
Global139 eSIM 5 GB 30 giorni	Global139 eSIM 5GB 30Days - high speed internet - mobile data 5G compatible	0701HVBUD2L	GLOBAL139-5GB-30D	40.99		01/07/2026 03:39:21 MEST		y	4			11				B0FR9VNTLY						8721438403004				AMAZON_EU	Migrated Template	Active		
Grecia eSIM 20GB 30Days	Greece eSIM 20GB 30Days - high speed internet - mobile data 5G compatible	0701HVB001L	GREECE-20GB-30D	16.99		01/07/2026 03:51:04 MEST		y	4			11				B0FR9KJGBG						8721438403080				AMAZON_EU	Migrated Template	Active		
Grecia eSIM 5GB 30Days	Greece eSIM 5GB 30Days - high speed internet - mobile data 5G compatible	0701HVFL72A	GREECE-5GB-30D	8.99		01/07/2026 03:47:23 MEST		y	4			11				B0FR9C7SMF						8721438403066				AMAZON_EU	Migrated Template	Active		
Guadalupa eSIM 20GB 30Days	Guadeloupe eSIM 20GB 30Days - high speed internet - mobile data 5G compatible	0701HVDVQT5	GUADELOUPE-20GB-30D	16.99		01/07/2026 03:58:14 MEST		y	4			11				B0FR8XTBF6						8721438403127				AMAZON_EU	Migrated Template	Active		
Guadalupa eSIM 3GB 15Days	Guadeloupe eSIM 3GB 15Days - high speed internet - mobile data 5G compatible	0701HVCXW56	GUADELOUPE-3GB-15D	7.99		01/07/2026 03:54:50 MEST		y	4			11				B0FR9TMVWK						8721438403110				AMAZON_EU	Migrated Template	Active		
Guam eSIM 20GB 30Days	Guam eSIM 20GB 30Days - high speed internet - mobile data 5G compatible	0701HVGEYM8	GUAM-20GB-30D	57.99		01/07/2026 04:08:08 MEST		y	4			11				B0FR9C7MGP						8721438403189				AMAZON_EU	Migrated Template	Active		
Guam eSIM 3GB 15Days	Guam eSIM 3GB 15Days - high speed internet - mobile data 5G compatible	0701HVGYVG5	GUAM-3GB-15D	17.99		01/07/2026 04:01:27 MEST		y	4			11				B0FR9GVSSF						8721438403141				AMAZON_EU	Migrated Template	Active		
Guam eSIM 5GB 30Days	Guam eSIM 5GB 30Days - high speed internet - mobile data 5G compatible	0701HVGGDLU	GUAM-5GB-30D	19.99		01/07/2026 04:04:52 MEST		y	4			11				B0FR9SVP8Y						8721438403165				AMAZON_EU	Migrated Template	Active		
Guatemala eSIM 3GB 15Days	Guatemala eSIM 3GB 15Days - high speed internet - mobile data 5G compatible	0701HVG9Q3C	GUATEMALA-3GB-15D	15.99		01/07/2026 04:12:04 MEST		y	4			11				B0FR9VC6VD						8721438403202				AMAZON_EU	Migrated Template	Active		
Guernsey eSIM 20GB 30Days	Guernsey eSIM 20GB 30Days - high speed internet - mobile data 5G compatible	0701HVK91UD	GUERNSEY-20GB-30D	46.99		01/07/2026 04:22:31 MEST		y	4			11				B0FR9LYWWY						8721438403257				AMAZON_EU	Migrated Template	Active		
Guernsey eSIM 3GB 15Days	Guernsey eSIM 3GB 15Days - high speed internet - mobile data 5G compatible	0701HVHY4BL	GUERNSEY-3GB-15D	13.99		01/07/2026 04:16:00 MEST		y	4			11				B0FR9SMWDN						8721438403226				AMAZON_EU	Migrated Template	Active		
Guernsey eSIM 5GB 30Days	Guernsey eSIM 5GB 30Days - high speed internet - mobile data 5G compatible	0701HVHBI0U	GUERNSEY-5GB-30D	19.99		01/07/2026 04:19:24 MEST		y	4			11				B0FR9C5PXR						8721438403240				AMAZON_EU	Migrated Template	Active		
Honduras eSIM 3GB 15Days	Honduras eSIM 3GB 15Days - high speed internet - mobile data 5G compatible	0701HVKJW4Z	HONDURAS-3GB-15D	13.99		01/07/2026 04:26:16 MEST		y	4			11				B0FR9ZYV5G						8721438403356				AMAZON_EU	Migrated Template	Active		
Hong Kong eSIM 20GB 30Days	Hong Kong eSIM 20GB 30Days - high speed internet - mobile data 5G compatible	0701HVMITL4	HONG-KONG-20GB-30D	14.99		01/07/2026 04:38:05 MEST		y	4			11				B0FR9GXZ6F						8721438403417				AMAZON_EU	Migrated Template	Active		
Hong Kong eSIM 3GB 15Days	Hong Kong eSIM 3GB 15Days - high speed internet - mobile data 5G compatible	0701HVIZZYD	HONG-KONG-3GB-15D	7.99		01/07/2026 04:30:29 MEST		y	4			11				B0FR9CC6Q8						8721438403370				AMAZON_EU	Migrated Template	Active		
Hong Kong eSIM 5GB 30Days	Hong Kong eSIM 5GB 30Days - high speed internet - mobile data 5G compatible	0701HVMVMZR	HONG-KONG-5GB-30D	8.99		01/07/2026 04:34:26 MEST		y	4			11				B0FR9GXYYL						8721438403394				AMAZON_EU	Migrated Template	Active		
Ungheria eSIM 20GB 30Days	Hungary eSIM 20GB 30Days - high speed internet - mobile data 5G compatible	0701HVLHV4D	HUNGARY-20GB-30D	14.99		01/07/2026 04:47:39 MEST		y	4			11				B0FR9ZVYYQ						8721438403523				AMAZON_EU	Migrated Template	Active		
Ungheria eSIM 3GB 15Days	Hungary eSIM 3GB 15Days - high speed internet - mobile data 5G compatible	0701HVMGTL0	HUNGARY-3GB-15D	7.99		01/07/2026 04:40:49 MEST		y	4			11				B0FR9C9JVW						8721438403486				AMAZON_EU	Migrated Template	Active		
Ungheria eSIM 5GB 30Days	Hungary eSIM 5GB 30Days - high speed internet - mobile data 5G compatible	0701HVMH5PK	HUNGARY-5GB-30D	8.99		01/07/2026 04:44:33 MEST		y	4			11				B0FR9GY3R5						8721438403509				AMAZON_EU	Migrated Template	Active		
Islanda eSIM 20GB 30Days	Iceland eSIM 20GB 30Days - high speed internet - mobile data 5G compatible	0701HVNATV9	ICELAND-20GB-30D	16.99		01/07/2026 04:57:54 MEST		y	4			11				B0FR9GX6LF						8721438403592				AMAZON_EU	Migrated Template	Active		
Islanda eSIM 3GB 15Days	Iceland eSIM 3GB 15Days - high speed internet - mobile data 5G compatible	0701HVNGJG2	ICELAND-3GB-15D	7.99		01/07/2026 04:51:13 MEST		y	4			11				B0FR9TBBK1						8721438403554				AMAZON_EU	Migrated Template	Active		
Islanda eSIM 5GB 30Days	Iceland eSIM 5GB 30Days - high speed internet - mobile data 5G compatible	0701HVMB1UP	ICELAND-5GB-30D	8.99		01/07/2026 04:54:37 MEST		y	4			11				B0FR9ZWQBD						8721438403578				AMAZON_EU	Migrated Template	Active		
India eSIM 20GB 30Days	India eSIM 20GB 30Days - high speed internet - mobile data 5G compatible	0701HVOCZC7	INDIA-20GB-30D	41.99		01/07/2026 05:09:08 MEST		y	4			11				B0FR9DYMHX						8721438403653				AMAZON_EU	Migrated Template	Active		
India eSIM 3GB 15Days	India eSIM 3GB 15Days - high speed internet - mobile data 5G compatible	0701HVTW5DU	INDIA-3GB-15D	13.99		01/07/2026 05:01:29 MEST		y	4			11				B0FR9ZM116						8721438403622				AMAZON_EU	Migrated Template	Active		
India eSIM 5GB 30Days	India eSIM 5GB 30Days - high speed internet - mobile data 5G compatible	0701HVLSV98	INDIA-5GB-30D	14.99		01/07/2026 05:05:28 MEST		y	4			11				B0FR9GXWN9						8721438403639				AMAZON_EU	Migrated Template	Active		
Indonesia eSIM 20GB 30Days	Indonesia eSIM 20GB 30Days - high speed internet - mobile data 5G compatible	0701HVRKVDH	INDONESIA-20GB-30D	14.99		01/07/2026 05:20:47 MEST		y	4			11				B0FR9QXRDQ						8721438403745				AMAZON_EU	Migrated Template	Active		
Indonesia eSIM 5GB 30Days	Indonesia eSIM 5GB 30Days - high speed internet - mobile data 5G compatible	0701HVN49GI	INDONESIA-5GB-30D	8.99		01/07/2026 05:17:06 MEST		y	4			11				B0FR8XW5DR						8721438403721				AMAZON_EU	Migrated Template	Active		
Irlanda eSIM 20GB 30Days	Ireland eSIM 20GB 30Days - high speed internet - mobile data 5G compatible	0701HVOY8Q0	IRELAND-20GB-30D	16.99		01/07/2026 05:32:27 MEST		y	4			11				B0FR9SZG2Z						8721438403905				AMAZON_EU	Migrated Template	Active		
Irlanda eSIM 3GB 15Days	Ireland eSIM 3GB 15Days - high speed internet - mobile data 5G compatible	0701HVOSY2W	IRELAND-3GB-15D	7.99		01/07/2026 05:24:45 MEST		y	4			11				B0FR8XV57F						8721438403868				AMAZON_EU	Migrated Template	Active		
Irlanda eSIM 5GB 30Days	Ireland eSIM 5GB 30Days - high speed internet - mobile data 5G compatible	0701HW071Y6	IRELAND-5GB-30D	8.99		01/07/2026 05:28:46 MEST		y	4			11				B0FR9GYKQL						8721438403882				AMAZON_EU	Migrated Template	Active		
Isola di Man eSIM 20GB 30Days	Isle of Man eSIM 20GB 30Days - high speed internet - mobile data 5G compatible	0701HW0UB1E	ISLE-OF-MAN-20GB-30D	22.99		01/07/2026 05:43:16 MEST		y	4			11				B0FR9CB5LK						8721438403974				AMAZON_EU	Migrated Template	Active		
Isola di Man eSIM 3GB 15Days	Isle of Man eSIM 3GB 15Days - high speed internet - mobile data 5G compatible	0701HVUVJX3	ISLE-OF-MAN-3GB-15D	8.99		01/07/2026 05:36:14 MEST		y	4			11				B0FR9LZ7RL						8721438403943				AMAZON_EU	Migrated Template	Active		
Isola di Man eSIM 5GB 30Days	Isle of Man eSIM 5GB 30Days - high speed internet - mobile data 5G compatible	0701HW1DE31	ISLE-OF-MAN-5GB-30D	11.99		01/07/2026 05:39:59 MEST		y	4			11				B0FR9M27XY						8721438403967				AMAZON_EU	Migrated Template	Active		
Israele eSIM 20GB 30Days	Israel eSIM 20GB 30Days - high speed internet - mobile data 5G compatible	0701HW0GVXI	ISRAEL-20GB-30D	29.99		01/07/2026 05:53:53 MEST		y	4			11				B0FR9K8SQ1						8721438404032				AMAZON_EU	Migrated Template	Active		
Israele eSIM 3GB 15Days	Israel eSIM 3GB 15Days - high speed internet - mobile data 5G compatible	0701HW0UW7Q	ISRAEL-3GB-15D	9.99		01/07/2026 05:47:11 MEST		y	4			11				B0FR9M11H1						8721438403998				AMAZON_EU	Migrated Template	Active		
Israele eSIM 5GB 30Days	Israel eSIM 5GB 30Days - high speed internet - mobile data 5G compatible	0701HVPAQMS	ISRAEL-5GB-30D	11.99		01/07/2026 05:50:45 MEST		y	4			11				B0FR8XVZZM						8721438404018				AMAZON_EU	Migrated Template	Active		
Italia eSIM 20GB 30Days	Italy eSIM 20GB 30Days - high speed internet - mobile data 5G compatible	0701HW4O3N3	ITALY-20GB-30D	14.99		01/07/2026 06:05:31 MEST		y	4			11				B0FR9RNZV2						8721438404148				AMAZON_EU	Migrated Template	Active		
Italia eSIM 5GB 30Days	Italy eSIM 5GB 30Days - high speed internet - mobile data 5G compatible	0701HW15BQ9	ITALY-5GB-30D	8.99		01/07/2026 06:01:51 MEST		y	4			11				B0FR9ZR2TH						8721438404124				AMAZON_EU	Migrated Template	Active		
Giappone eSIM 20GB 30Days	Japan eSIM 20GB 30Days - high speed internet - mobile data 5G compatible	0701HVPMRCL	JAPAN-20GB-30D	14.99		01/07/2026 06:17:08 MEST		y	4			11				B0FR9RZKRB						8721438404254				AMAZON_EU	Migrated Template	Active		
Giappone eSIM 3GB 15Days	Japan eSIM 3GB 15Days - high speed internet - mobile data 5G compatible	0701HVV44IA	JAPAN-3GB-15D	7.99		01/07/2026 06:09:28 MEST		y	4			11				B0FR9LVZVQ						8721438404216				AMAZON_EU	Migrated Template	Active		
Giappone eSIM 5GB 30Days	Japan eSIM 5GB 30Days - high speed internet - mobile data 5G compatible	0701HVSH9MM	JAPAN-5GB-30D	8.99		01/07/2026 06:13:27 MEST		y	4			11				B0FR9TLXXH						8721438404230				AMAZON_EU	Migrated Template	Active		
Jersey eSIM 20GB 30Days	Jersey eSIM 20GB 30Days - high speed internet - mobile data 5G compatible	0701HW4OKPC	JERSEY-20GB-30D	14.99		01/07/2026 06:27:47 MEST		y	4			11				B0FR9CBQDH						8721438404377				AMAZON_EU	Migrated Template	Active		
Jersey eSIM 3GB 15Days	Jersey eSIM 3GB 15Days - high speed internet - mobile data 5G compatible	0701HVSW0QW	JERSEY-3GB-15D	7.99		01/07/2026 06:20:44 MEST		y	4			11				B0FR9GYMR5						8721438404346				AMAZON_EU	Migrated Template	Active		
Jersey eSIM 5GB 30Days	Jersey eSIM 5GB 30Days - high speed internet - mobile data 5G compatible	0701HVZ4SL5	JERSEY-5GB-30D	8.99		01/07/2026 06:24:29 MEST		y	4			11				B0FR9M27GP						8721438404360				AMAZON_EU	Migrated Template	Active		
Jordan eSIM 20GB 30Days	Jordan eSIM 20GB 30Days - high speed internet - mobile data 5G compatible	0701HVQ3GDE	JORDAN-20GB-30D	42.99		01/07/2026 06:38:34 MEST		y	4			11				B0FR9ST188						8721438404438				AMAZON_EU	Migrated Template	Active		
Jordan eSIM 3GB 15Days	Jordan eSIM 3GB 15Days - high speed internet - mobile data 5G compatible	0701HVYR39I	JORDAN-3GB-15D	12.99		01/07/2026 06:31:21 MEST		y	4			11				B0FR9M144Z						8721438404391				AMAZON_EU	Migrated Template	Active		
Jordan eSIM 5GB 30Days	Jordan eSIM 5GB 30Days - high speed internet - mobile data 5G compatible	0701HVQ45AN	JORDAN-5GB-30D	13.99		01/07/2026 06:35:07 MEST		y	4			11				B0FR9ZTZNK						8721438404414				AMAZON_EU	Migrated Template	Active		
Isole Aaland eSIM 20GB 30Days	Aaland Islands eSIM 20GB 30Days - high speed internet - mobile data 5G compatible	0630HUU33B0	AALAND-ISLANDS-20GB-30D	33.99	0	30/06/2026 22:43:12 MEST		y	4			11				B0FR39Q1KJ						8721438400041			0	DEFAULT	Migrated Template	Inactive		
Isole Aaland eSIM 3GB 15Days	Aaland Islands eSIM 3GB 15Days - high speed internet - mobile data 5G compatible	0630HURICTK	AALAND-ISLANDS-3GB-15D	8.99	0	30/06/2026 22:36:20 MEST		y	4			11				B0FR3CCSMB						8721438400010			0	DEFAULT	Migrated Template	Inactive		
Isole Aaland eSIM 5GB 30Days	Aaland Islands eSIM 5GB 30Days - high speed internet - mobile data 5G compatible	0630HUYUNBZ	AALAND-ISLANDS-5GB-30D	12.99	0	30/06/2026 22:40:05 MEST		y	4			11				B0FR3G6JWB						8721438400034			0	DEFAULT	Migrated Template	Inactive		
Emirati Arabi Uniti eSIM 20GB 30Days		0325HSIOQN7	AE_20_30	43.51	0	25/03/2026 10:44:04 MET		y	1			11				B0FRB7TFJR						B0FRB7TFJR			0	DEFAULT	Migrated Template	Inactive		
Emirati Arabi Uniti eSIM 3GB 15Days		0325HS1QCCK	AE_3_15	11.65	0	25/03/2026 09:19:13 MET		y	1			11				B0FRBBYBGH						B0FRBBYBGH			0	DEFAULT	Migrated Template	Inactive		
Emirati Arabi Uniti eSIM 5GB 30Days		0325HRZXFYX	AE_5_30	15.15	0	25/03/2026 10:01:51 MET		y	1			11				B0FRB89XHX						B0FRB89XHX			0	DEFAULT	Migrated Template	Inactive		
Africa eSIM 5GB 30Days		0812HQ30K5R	AF-29_5_30	34.11	0	12/08/2026 15:29:10 MEST		y	1			11				B0FR3GK9Z7						B0FR3GK9Z7			0	DEFAULT	Migrated Template	Inactive		
Africa eSIM 5GB 30Days	Africa eSIM 5GB 30Days - high speed internet - mobile data 5G compatible	0630HUUXA5K	AFRICA-5GB-30D	29.99	0	30/06/2026 22:46:25 MEST		y	4			11				B0FR3GK9Z7						8721438400072			0	DEFAULT	Migrated Template	Inactive		
Albania eSIM 5GB 30Days	Albania eSIM 5GB 30Days - high speed internet - mobile data 5G compatible	0630HUVH6SZ	ALBANIA-5GB-30D	10.99	0	30/06/2026 22:50:06 MEST		y	4			11				B0FR4ZG3Z6						8721438400102			0	DEFAULT	Migrated Template	Inactive		
Algeria eSIM 20GB 30Days	Algeria eSIM 20GB 30Days - high speed internet - mobile data 5G compatible	0630HTFQSWL	ALGERIA-20GB-30D	26.99	0	30/06/2026 13:31:07 MEST		y	4			11				B0H6M5TDMD						8721438408443			0	DEFAULT	Migrated Template	Inactive		
Algeria eSIM 3GB 15Days	Algeria eSIM 3GB 15Days - high speed internet - mobile data 5G compatible	0630HTH90QL	ALGERIA-3GB-15D	8.99	0	30/06/2026 13:23:13 MEST		y	4			11				B0H6M9R3WH						8721438408429			0	DEFAULT	Migrated Template	Inactive		
Algeria eSIM 5GB 30Days	Algeria eSIM 5GB 30Days - high speed internet - mobile data 5G compatible	0630HTC7ECV	ALGERIA-5GB-30D	11.99	0	30/06/2026 13:27:17 MEST		y	4			11				B0H6MDYKG8						8721438408436			0	DEFAULT	Migrated Template	Inactive		
Albania eSIM 5GB 30Days		0812HPWXPKA	AL_5_30	15.2	0	12/08/2026 15:21:32 MEST		y	1			11				B0FR4ZG3Z6						B0FR4ZG3Z6			0	DEFAULT	Migrated Template	Inactive		
Armenia eSIM 20GB 30Days		0812HQ2UHGR	AM_20_30	60.51	0	12/08/2026 15:26:53 MEST		y	1			11				B0FR4ZT5XT						B0FR4ZT5XT			0	DEFAULT	Migrated Template	Inactive		
Armenia eSIM 3GB 15Days		0812HQ08WKO	AM_3_15	11.68	0	12/08/2026 15:29:00 MEST		y	1			11				B0FR5BK9R4						B0FR5BK9R4			0	DEFAULT	Migrated Template	Inactive		
Andorra eSIM 20GB 30Days	Andorra eSIM 20GB 30Days - high speed internet - mobile data 5G compatible	0630HTCHWX2	ANDORRA-20GB-30D	43.99	0	30/06/2026 13:42:39 MEST		y	4			11				B0H6MJ97WC						8721438408474			0	DEFAULT	Migrated Template	Inactive		
Andorra eSIM 3GB 15Days	Andorra eSIM 3GB 15Days - high speed internet - mobile data 5G compatible	0630HTCI4Q0	ANDORRA-3GB-15D	14.99	0	30/06/2026 13:35:05 MEST		y	4			11				B0H6MBPRYN						8721438408450			0	DEFAULT	Migrated Template	Inactive		
Andorra eSIM 5GB 30Days	Andorra eSIM 5GB 30Days - high speed internet - mobile data 5G compatible	0630HTP3Q2U	ANDORRA-5GB-30D	16.99	0	30/06/2026 13:38:58 MEST		y	4			11				B0H6M5P65S						8721438408467			0	DEFAULT	Migrated Template	Inactive		
Angola eSIM 3GB 15Days	Angola eSIM 3GB 15Days - high speed internet - mobile data 5G compatible	0630HTOYD8L	ANGOLA-3GB-15D	34.99	0	30/06/2026 13:45:55 MEST		y	4			11				B0H6M5RWZH						8721438408481			0	DEFAULT	Migrated Template	Inactive		
Angola eSIM 5GB 30Days	Angola eSIM 5GB 30Days - high speed internet - mobile data 5G compatible	0630HTCP9FY	ANGOLA-5GB-30D	57.99	0	30/06/2026 13:49:38 MEST		y	4			11				B0H6MKZSB4						8721438408498			0	DEFAULT	Migrated Template	Inactive		
Anguilla eSIM 20GB 30Days	Anguilla eSIM 20GB 30Days - high speed internet - mobile data 5G compatible	0630HTS9JKL	ANGUILLA-20GB-30D	86.99	0	30/06/2026 14:09:47 MEST		y	4			11				B0H6MHMZY8						8721438408535			0	DEFAULT	Migrated Template	Inactive		
Anguilla eSIM 3GB 15Days	Anguilla eSIM 3GB 15Days - high speed internet - mobile data 5G compatible	0630HTPBDFI	ANGUILLA-3GB-15D	23.99	0	30/06/2026 14:02:29 MEST		y	4			11				B0H6M7X7QY						8721438408511			0	DEFAULT	Migrated Template	Inactive		
Anguilla eSIM 5GB 30Days	Anguilla eSIM 5GB 30Days - high speed internet - mobile data 5G compatible	0630HTD34GL	ANGUILLA-5GB-30D	31.99	0	30/06/2026 14:06:14 MEST		y	4			11				B0H6MFJ63H						8721438408528			0	DEFAULT	Migrated Template	Inactive		
Antigua e Barbuda eSIM 20GB 30Days	Antigua and Barbuda eSIM 20GB 30Days - high speed internet - mobile data 5G compatible	0630HTDJJ8T	ANTIGUA-AND-BARBUDA-20GB-30D	98.99	0	30/06/2026 14:38:18 MEST		y	4			11				B0H6M2MQJB						8721438408566			0	DEFAULT	Migrated Template	Inactive		
Antigua e Barbuda eSIM 3GB 15Days	Antigua and Barbuda eSIM 3GB 15Days - high speed internet - mobile data 5G compatible	0630HTQGRZS	ANTIGUA-AND-BARBUDA-3GB-15D	25.99	0	30/06/2026 14:13:24 MEST		y	4			11				B0H6MBBFLQ						8721438408542			0	DEFAULT	Migrated Template	Inactive		
Antigua e Barbuda eSIM 5GB 30Days	Antigua and Barbuda eSIM 5GB 30Days - high speed internet - mobile data 5G compatible	0630HTPREBK	ANTIGUA-AND-BARBUDA-5GB-30D	34.99	0	30/06/2026 14:35:21 MEST		y	4			11				B0H6MCR5F9						8721438408559			0	DEFAULT	Migrated Template	Inactive		
Argentina eSIM 20GB 30Days	Argentina eSIM 20GB 30Days - high speed internet - mobile data 5G compatible	0630HV1R7RI	ARGENTINA-20GB-30D	36.99	0	30/06/2026 22:57:32 MEST		y	4			11				B0FR5DCH33						8721438400133			0	DEFAULT	Migrated Template	Inactive		
Argentina eSIM 3GB 15Days	Argentina eSIM 3GB 15Days - high speed internet - mobile data 5G compatible	0630HUYVZEM	ARGENTINA-3GB-15D	12.99	0	30/06/2026 22:53:58 MEST		y	4			11				B0FR554SXN						8721438400126			0	DEFAULT	Migrated Template	Inactive		
Armenia eSIM 20GB 30Days	Armenia eSIM 20GB 30Days - high speed internet - mobile data 5G compatible	0630HUYUSUP	ARMENIA-20GB-30D	30.99	0	30/06/2026 23:04:20 MEST		y	4			11				B0FR4ZT5XT						8721438400188			0	DEFAULT	Migrated Template	Inactive		
Armenia eSIM 3GB 15Days	Armenia eSIM 3GB 15Days - high speed internet - mobile data 5G compatible	0630HUUPJMG	ARMENIA-3GB-15D	8.99	0	30/06/2026 23:00:46 MEST		y	4			11				B0FR5BK9R4						8721438400164			0	DEFAULT	Migrated Template	Inactive		
Argentina eSIM 20GB 30Days		0812HPX3D29	AR_20_30	64.03	0	12/08/2026 15:27:26 MEST		y	1			11				B0FR5DCH33						B0FR5DCH33			0	DEFAULT	Migrated Template	Inactive		
Argentina eSIM 3GB 15Days		0812HQ3FW3F	AR_3_15	15.19	0	12/08/2026 15:28:02 MEST		y	1			11				B0FR554SXN						B0FR554SXN			0	DEFAULT	Migrated Template	Inactive		
Asia-20 eSIM 3GB 15Days		0812HQ0BCRO	AS-20_3_15	15.2	0	12/08/2026 15:23:34 MEST		y	1			11				B0FR9FZ4RF						B0FR9FZ4RF			0	DEFAULT	Migrated Template	Inactive		
Asia-20 eSIM 5GB 30Days		0812HPYDCS9	AS-20_5_30	23.56	0	12/08/2026 15:23:05 MEST		y	1			11				B0FR9BQNSV						B0FR9BQNSV			0	DEFAULT	Migrated Template	Inactive		
Asia-20 eSIM 3GB 15Days	Asia-20 eSIM 3GB 15Days - high speed internet - mobile data 5G compatible	0630HUYUCSB	ASIA-20-3GB-15D	11.99	0	30/06/2026 23:07:44 MEST		y	4			11				B0FR9FZ4RF						8721438400317			0	DEFAULT	Migrated Template	Inactive		
Asia-20 eSIM 5GB 30Days	Asia-20 eSIM 5GB 30Days - high speed internet - mobile data 5G compatible	0701HVLX80Z	ASIA-20-5GB-30D	13.99	0	01/07/2026 04:51:46 MEST		y	4			11				B0FR9BQNSV						8721438400324			0	DEFAULT	Migrated Template	Inactive		
Austria eSIM 20GB 30Days		0812HPX7CSI	AT_20_30	16.95	0	12/08/2026 15:28:37 MEST		y	1			11				B0FR8XBSBP						B0FR8XBSBP			0	DEFAULT	Migrated Template	Inactive		
Austria eSIM 3GB 15Days		0812HQ2IJ0P	AT_3_15	4.65	0	12/08/2026 15:23:01 MEST		y	1			11				B0FR9QSMSP						B0FR9QSMSP			0	DEFAULT	Migrated Template	Inactive		
Austria eSIM 5GB 30Days		0812HQ2F97I	AT_5_30	6.41	0	12/08/2026 15:25:32 MEST		y	1			11				B0FR8XCH78						B0FR8XCH78			0	DEFAULT	Migrated Template	Inactive		
Australia eSIM 20GB 30Days	Australia eSIM 20GB 30Days - high speed internet - mobile data 5G compatible	0630HUYQ7A5	AUSTRALIA-20GB-30D	14.99	0	30/06/2026 23:23:17 MEST		y	4			11				B0FR9G1ZQJ						8721438400416			0	DEFAULT	Migrated Template	Inactive		
Australia eSIM 3GB 15Days	Australia eSIM 3GB 15Days - high speed internet - mobile data 5G compatible	0630HUVRZCK	AUSTRALIA-3GB-15D	7.99	0	30/06/2026 23:15:39 MEST		y	4			11				B0FR9SKY4D						8721438400386			0	DEFAULT	Migrated Template	Inactive		
Australia eSIM 5GB 30Days	Australia eSIM 5GB 30Days - high speed internet - mobile data 5G compatible	0630HUZKPSU	AUSTRALIA-5GB-30D	8.99	0	30/06/2026 23:19:37 MEST		y	4			11				B0FR9JRB62						8721438400393			0	DEFAULT	Migrated Template	Inactive		
Austria eSIM 20GB 30Days	Austria eSIM 20GB 30Days - high speed internet - mobile data 5G compatible	0630HUZN6TP	AUSTRIA-20GB-30D	14.99	0	30/06/2026 23:33:04 MEST		y	4			11				B0FR8XBSBP						8721438400539			0	DEFAULT	Migrated Template	Inactive		
Austria eSIM 3GB 15Days	Austria eSIM 3GB 15Days - high speed internet - mobile data 5G compatible	0630HV4T8QO	AUSTRIA-3GB-15D	7.99	0	30/06/2026 23:26:43 MEST		y	4			11				B0FR9QSMSP						8721438400492			0	DEFAULT	Migrated Template	Inactive		
Austria eSIM 5GB 30Days	Austria eSIM 5GB 30Days - high speed internet - mobile data 5G compatible	0630HUW78PN	AUSTRIA-5GB-30D	8.99	0	30/06/2026 23:30:07 MEST		y	4			11				B0FR8XCH78						8721438400515			0	DEFAULT	Migrated Template	Inactive		
Australia eSIM 20GB 30Days		0325HS5I0NJ	AU_20_30	16.36	0	25/03/2026 10:12:05 MET		y	1			11				B0FR9G1ZQJ						B0FR9G1ZQJ			0	DEFAULT	Migrated Template	Inactive		
Australia eSIM 3GB 15Days		0325HSI4P5H	AU_3_15	7.56	0	25/03/2026 10:44:44 MET		y	1			11				B0FR9SKY4D						B0FR9SKY4D			0	DEFAULT	Migrated Template	Inactive		
Australia eSIM 5GB 30Days		0325HS0QF5P	AU_5_30	9.32	0	25/03/2026 09:17:37 MET		y	1			11				B0FR9JRB62						B0FR9JRB62			0	DEFAULT	Migrated Template	Inactive		
Isole Aaland eSIM 20GB 30Days		0812HPU0QE1	AX_20_30	34.81	0	12/08/2026 15:27:00 MEST		y	1			11				B0FR39Q1KJ						B0FR39Q1KJ			0	DEFAULT	Migrated Template	Inactive		
Isole Aaland eSIM 3GB 15Days		0812HPX7ENG	AX_3_15	6.41	0	12/08/2026 15:26:46 MEST		y	1			11				B0FR3CCSMB						B0FR3CCSMB			0	DEFAULT	Migrated Template	Inactive		
Isole Aaland eSIM 5GB 30Days		0812HPU1OB7	AX_5_30	9.92	0	12/08/2026 15:31:28 MEST		y	1			11				B0FR3G6JWB						B0FR3G6JWB			0	DEFAULT	Migrated Template	Inactive		
Azerbaigian eSIM 3GB 15Days	Azerbaijan eSIM 3GB 15Days - high speed internet - mobile data 5G compatible	0630HV5N4CQ	AZERBAIJAN-3GB-15D	11.99	0	30/06/2026 23:36:40 MEST		y	4			11				B0FR9BTC98						8721438400560			0	DEFAULT	Migrated Template	Inactive		
Azerbaigian eSIM 3GB 15Days		0812HQ2PZ43	AZ_3_15	28.87	0	12/08/2026 15:21:50 MEST		y	1			11				B0FR9BTC98						B0FR9BTC98			0	DEFAULT	Migrated Template	Inactive		
Bahamas eSIM 20GB 30Days	Bahamas eSIM 20GB 30Days - high speed internet - mobile data 5G compatible	0630HTPYI83	BAHAMAS-20GB-30D	121.99	0	30/06/2026 14:48:35 MEST		y	4			11				B0H6MCPR9P						8721438408597			0	DEFAULT	Migrated Template	Inactive		
Bahamas eSIM 3GB 15Days	Bahamas eSIM 3GB 15Days - high speed internet - mobile data 5G compatible	0630HTMSF66	BAHAMAS-3GB-15D	31.99	0	30/06/2026 14:41:53 MEST		y	4			11				B0H6MB828R						8721438408573			0	DEFAULT	Migrated Template	Inactive		
Bahamas eSIM 5GB 30Days	Bahamas eSIM 5GB 30Days - high speed internet - mobile data 5G compatible	0630HTVDN9O	BAHAMAS-5GB-30D	42.99	0	30/06/2026 14:45:17 MEST		y	4			11				B0H6MFGH8P						8721438408580			0	DEFAULT	Migrated Template	Inactive		
Bahrain eSIM 3GB 15Days	Bahrain eSIM 3GB 15Days - high speed internet - mobile data 5G compatible	0630HUZCXMW	BAHRAIN-3GB-15D	10.99	0	30/06/2026 23:40:32 MEST		y	4			11				B0FR9K64KF						8721438400591			0	DEFAULT	Migrated Template	Inactive		
Bangladesh eSIM 20GB 30Days	Bangladesh eSIM 20GB 30Days - high speed internet - mobile data 5G compatible	0630HV5UHVP	BANGLADESH-20GB-30D	22.99	0	30/06/2026 23:51:17 MEST		y	4			11				B0FR8FJ3HJ						8721438400683			0	DEFAULT	Migrated Template	Inactive		
Bangladesh eSIM 3GB 15Days	Bangladesh eSIM 3GB 15Days - high speed internet - mobile data 5G compatible	0630HV4XJX2	BANGLADESH-3GB-15D	8.99	0	30/06/2026 23:44:24 MEST		y	4			11				B0FR9L7SG3						8721438400669			0	DEFAULT	Migrated Template	Inactive		
Bangladesh eSIM 5GB 30Days	Bangladesh eSIM 5GB 30Days - high speed internet - mobile data 5G compatible	0630HV5X1JG	BANGLADESH-5GB-30D	10.99	0	30/06/2026 23:48:10 MEST		y	4			11				B0FR9BQFCM						8721438400676			0	DEFAULT	Migrated Template	Inactive		
Barbados eSIM 20GB 30Days	Barbados eSIM 20GB 30Days - high speed internet - mobile data 5G compatible	0630HTRW4P5	BARBADOS-20GB-30D	84.99	0	30/06/2026 14:59:01 MEST		y	4			11				B0H6MJ921X						8721438408627			0	DEFAULT	Migrated Template	Inactive		
Barbados eSIM 3GB 15Days	Barbados eSIM 3GB 15Days - high speed internet - mobile data 5G compatible	0630HTSHFIN	BARBADOS-3GB-15D	23.99	0	30/06/2026 14:52:09 MEST		y	4			11				B0H6MCD72X						8721438408603			0	DEFAULT	Migrated Template	Inactive		
Barbados eSIM 5GB 30Days	Barbados eSIM 5GB 30Days - high speed internet - mobile data 5G compatible	0630HTPGS5A	BARBADOS-5GB-30D	30.99	0	30/06/2026 14:55:55 MEST		y	4			11				B0H6MG6VYJ						8721438408610			0	DEFAULT	Migrated Template	Inactive		
Bosnia Erzegovina eSIM 3GB 15Days		0812HQ20DPX	BA_3_15	9.33	0	12/08/2026 15:23:31 MEST		y	1			11				B0FR9G8ZVK						B0FR9G8ZVK			0	DEFAULT	Migrated Template	Inactive		
Bangladesh eSIM 20GB 30Days		0812HPX5B4Y	BD_20_30	51.09	0	12/08/2026 15:29:14 MEST		y	1			11				B0FR8FJ3HJ						B0FR8FJ3HJ			0	DEFAULT	Migrated Template	Inactive		
Bangladesh eSIM 3GB 15Days		0812HPX5SKG	BD_3_15	12.27	0	12/08/2026 15:23:39 MEST		y	1			11				B0FR9L7SG3						B0FR9L7SG3			0	DEFAULT	Migrated Template	Inactive		
Bangladesh eSIM 5GB 30Days		0812HPWSYL0	BD_5_30	18.12	0	12/08/2026 15:29:49 MEST		y	1			11				B0FR9BQFCM						B0FR9BQFCM			0	DEFAULT	Migrated Template	Inactive		
Bielorussia eSIM 3GB 15Days	Belarus eSIM 3GB 15Days - high speed internet - mobile data 5G compatible	0630HUWNXMT	BELARUS-3GB-15D	8.99	0	30/06/2026 23:53:59 MEST		y	4			11				B0FR9G3Z82						8721438400706			0	DEFAULT	Migrated Template	Inactive		
Bielorussia eSIM 5GB 30Days	Belarus eSIM 5GB 30Days - high speed internet - mobile data 5G compatible	0630HUWOQHN	BELARUS-5GB-30D	11.99	0	30/06/2026 23:57:03 MEST		y	4			11				B0FR8FFT4D						8721438400713			0	DEFAULT	Migrated Template	Inactive		
Belgio eSIM 20GB 30Days	Belgium eSIM 20GB 30Days - high speed internet - mobile data 5G compatible	0630HV5Q5T5	BELGIUM-20GB-30D	14.99	0	01/07/2026 00:08:17 MEST		y	4			11				B0FR9BVRCH						8721438400775			0	DEFAULT	Migrated Template	Inactive		
Belgio eSIM 3GB 15Days	Belgium eSIM 3GB 15Days - high speed internet - mobile data 5G compatible	0630HUWQQCY	BELGIUM-3GB-15D	7.99	0	01/07/2026 00:00:38 MEST		y	4			11				B0FR9G432K						8721438400737			0	DEFAULT	Migrated Template	Inactive		
Belgio eSIM 5GB 30Days	Belgium eSIM 5GB 30Days - high speed internet - mobile data 5G compatible	0630HV6C90D	BELGIUM-5GB-30D	8.99	0	01/07/2026 00:04:36 MEST		y	4			11				B0FR9SXCW6						8721438400751			0	DEFAULT	Migrated Template	Inactive		
Belize eSIM 20GB 30Days	Belize eSIM 20GB 30Days - high speed internet - mobile data 5G compatible	0630HTN07C6	BELIZE-20GB-30D	144.99	0	30/06/2026 15:09:08 MEST		y	4			11				B0H6MBSQM8						8721438408658			0	DEFAULT	Migrated Template	Inactive		
Belize eSIM 3GB 15Days	Belize eSIM 3GB 15Days - high speed internet - mobile data 5G compatible	0630HTSPLO6	BELIZE-3GB-15D	31.99	0	30/06/2026 15:02:26 MEST		y	4			11				B0H6MFPNTX						8721438408634			0	DEFAULT	Migrated Template	Inactive		
Belize eSIM 5GB 30Days	Belize eSIM 5GB 30Days - high speed internet - mobile data 5G compatible	0630HTVX401	BELIZE-5GB-30D	52.99	0	30/06/2026 15:05:51 MEST		y	4			11				B0H6MF1H4V						8721438408641			0	DEFAULT	Migrated Template	Inactive		
Benin eSIM 20GB 30Days	Benin eSIM 20GB 30Days - high speed internet - mobile data 5G compatible	0630HTXF38B	BENIN-20GB-30D	75.99	0	30/06/2026 15:18:55 MEST		y	4			11				B0H6M7VGSZ						8721438408689			0	DEFAULT	Migrated Template	Inactive		
Benin eSIM 3GB 15Days	Benin eSIM 3GB 15Days - high speed internet - mobile data 5G compatible	0630HTU3DIN	BENIN-3GB-15D	18.99	0	30/06/2026 15:12:43 MEST		y	4			11				B0H6M9YHDR						8721438408665			0	DEFAULT	Migrated Template	Inactive		
Benin eSIM 5GB 30Days	Benin eSIM 5GB 30Days - high speed internet - mobile data 5G compatible	0630HTS7UKB	BENIN-5GB-30D	30.99	0	30/06/2026 15:16:09 MEST		y	4			11				B0H6MHRNBH						8721438408672			0	DEFAULT	Migrated Template	Inactive		
Bermuda eSIM 20GB 30Days	Bermuda eSIM 20GB 30Days - high speed internet - mobile data 5G compatible	0630HTXPB4F	BERMUDA-20GB-30D	100.99	0	30/06/2026 15:29:36 MEST		y	4			11				B0H6MCGQ77						8721438408719			0	DEFAULT	Migrated Template	Inactive		
Bermuda eSIM 3GB 15Days	Bermuda eSIM 3GB 15Days - high speed internet - mobile data 5G compatible	0630HTT1ZXM	BERMUDA-3GB-15D	24.99	0	30/06/2026 15:22:34 MEST		y	4			11				B0H6MDMTGH						8721438408696			0	DEFAULT	Migrated Template	Inactive		
Bermuda eSIM 5GB 30Days	Bermuda eSIM 5GB 30Days - high speed internet - mobile data 5G compatible	0630HTVB4DX	BERMUDA-5GB-30D	32.99	0	30/06/2026 15:26:19 MEST		y	4			11				B0H6MFM5X4						8721438408702			0	DEFAULT	Migrated Template	Inactive		
Belgio eSIM 20GB 30Days		0325HSGQK43	BE_20_30	20.47	0	25/03/2026 11:37:03 MET		y	1			11				B0FR9BVRCH						B0FR9BVRCH			0	DEFAULT	Migrated Template	Inactive		
Belgio eSIM 3GB 15Days		0325HS0XAL7	BE_3_15	8.16	0	25/03/2026 08:38:40 MET		y	1			11				B0FR9G432K						B0FR9G432K			0	DEFAULT	Migrated Template	Inactive		
Belgio eSIM 5GB 30Days		0325HRXWWHI	BE_5_30	9.32	0	25/03/2026 08:38:31 MET		y	1			11				B0FR9SXCW6						B0FR9SXCW6			0	DEFAULT	Migrated Template	Inactive		
Burkina Faso eSIM 3GB 15Days		0812HQ1CVMW	BF_3_15	28.85	0	12/08/2026 15:26:16 MEST		y	1			11				B0FR9HWFSK						B0FR9HWFSK			0	DEFAULT	Migrated Template	Inactive		
Burkina Faso eSIM 5GB 30Days		0812HPSMZ1F	BF_5_30	41.75	0	12/08/2026 15:29:42 MEST		y	1			11				B0FR9BWKSY						B0FR9BWKSY			0	DEFAULT	Migrated Template	Inactive		
Bhutan eSIM 20GB 30Days	Bhutan eSIM 20GB 30Days - high speed internet - mobile data 5G compatible	0630HTVKX1O	BHUTAN-20GB-30D	57.99	0	30/06/2026 15:40:45 MEST		y	4			11				B0H6M5WDSH						8721438408740			0	DEFAULT	Migrated Template	Inactive		
Bhutan eSIM 3GB 15Days	Bhutan eSIM 3GB 15Days - high speed internet - mobile data 5G compatible	0630HTYFJ0O	BHUTAN-3GB-15D	17.99	0	30/06/2026 15:33:31 MEST		y	4			11				B0H6MJB588						8721438408726			0	DEFAULT	Migrated Template	Inactive		
Bhutan eSIM 5GB 30Days	Bhutan eSIM 5GB 30Days - high speed internet - mobile data 5G compatible	0630HTXI0ZT	BHUTAN-5GB-30D	19.99	0	30/06/2026 15:37:27 MEST		y	4			11				B0H6M9C23Q						8721438408733			0	DEFAULT	Migrated Template	Inactive		
Bahrain eSIM 3GB 15Days		0812HQ339V6	BH_3_15	11.09	0	12/08/2026 15:24:27 MEST		y	1			11				B0FR9K64KF						B0FR9K64KF			0	DEFAULT	Migrated Template	Inactive		
Brunei Darussalam eSIM 20GB 30Days		0812HPU16XF	BN_20_30	79.25	0	12/08/2026 15:25:45 MEST		y	1			11				B0FR9F971C						B0FR9F971C			0	DEFAULT	Migrated Template	Inactive		
Brunei Darussalam eSIM 3GB 15Days		0812HQ24C2N	BN_3_15	18.7	0	12/08/2026 15:30:03 MEST		y	1			11				B0FR9KTJND						B0FR9KTJND			0	DEFAULT	Migrated Template	Inactive		
Bolivia eSIM 20GB 30Days	Bolivia eSIM 20GB 30Days - high speed internet - mobile data 5G compatible	0630HV8241Z	BOLIVIA-20GB-30D	88.99	0	01/07/2026 00:15:06 MEST		y	4			11				B0FR9RH588						8721438400829			0	DEFAULT	Migrated Template	Inactive		
Bolivia eSIM 3GB 15Days	Bolivia eSIM 3GB 15Days - high speed internet - mobile data 5G compatible	0630HUWT11F	BOLIVIA-3GB-15D	24.99	0	01/07/2026 00:11:53 MEST		y	4			11				B0FR8FKPKH						8721438400812			0	DEFAULT	Migrated Template	Inactive		
Bosnia Erzegovina eSIM 3GB 15Days	Bosnia and Herzegovina eSIM 3GB 15Days - high speed internet - mobile data 5G compatible	0630HV2VDIT	BOSNIA-AND-HERZEGOVINA-3GB-15D	10.99	0	01/07/2026 00:18:10 MEST		y	4			11				B0FR9G8ZVK						8721438400843			0	DEFAULT	Migrated Template	Inactive		
Botswana eSIM 3GB 15Days	Botswana eSIM 3GB 15Days - high speed internet - mobile data 5G compatible	0630HV2LB78	BOTSWANA-3GB-15D	22.99	0	01/07/2026 00:21:51 MEST		y	4			11				B0FR9G7N2Q						8721438400867			0	DEFAULT	Migrated Template	Inactive		
Bolivia eSIM 20GB 30Days		0812HQ4KE95	BO_20_30	156.06	0	12/08/2026 15:24:44 MEST		y	1			11				B0FR9RH588						B0FR9RH588			0	DEFAULT	Migrated Template	Inactive		
Bolivia eSIM 3GB 15Days		0812HPYIUSY	BO_3_15	27.69	0	12/08/2026 15:25:52 MEST		y	1			11				B0FR8FKPKH						B0FR8FKPKH			0	DEFAULT	Migrated Template	Inactive		
Brasile eSIM 20GB 30Days	Brazil eSIM 20GB 30Days - high speed internet - mobile data 5G compatible	0630HV84LYP	BRAZIL-20GB-30D	32.99	0	01/07/2026 00:28:25 MEST		y	4			11				B0FR9KLZCR						8721438400935			0	DEFAULT	Migrated Template	Inactive		
Brasile eSIM 3GB 15Days	Brazil eSIM 3GB 15Days - high speed internet - mobile data 5G compatible	0630HV2SD0F	BRAZIL-3GB-15D	9.99	0	01/07/2026 00:25:11 MEST		y	4			11				B0FR9G5LKV						8721438400898			0	DEFAULT	Migrated Template	Inactive		
Brunei Darussalam eSIM 20GB 30Days	Brunei Darussalam eSIM 20GB 30Days - high speed internet - mobile data 5G compatible	0630HUX0DWI	BRUNEI-DARUSSALAM-20GB-30D	65.99	0	01/07/2026 00:34:21 MEST		y	4			11				B0FR9F971C						8721438400997			0	DEFAULT	Migrated Template	Inactive		
Brunei Darussalam eSIM 3GB 15Days	Brunei Darussalam eSIM 3GB 15Days - high speed internet - mobile data 5G compatible	0630HV0EGNV	BRUNEI-DARUSSALAM-3GB-15D	13.99	0	01/07/2026 00:31:28 MEST		y	4			11				B0FR9KTJND						8721438400980			0	DEFAULT	Migrated Template	Inactive		
Brasile eSIM 20GB 30Days		0812HPU253A	BR_20_30	40.59	0	12/08/2026 15:30:27 MEST		y	1			11				B0FR9KLZCR						B0FR9KLZCR			0	DEFAULT	Migrated Template	Inactive		
Brasile eSIM 3GB 15Days		0812HPYSWCM	BR_3_15	9.92	0	12/08/2026 15:23:43 MEST		y	1			11				B0FR9G5LKV						B0FR9G5LKV			0	DEFAULT	Migrated Template	Inactive		
Bulgaria eSIM 3GB 15Days	Bulgaria eSIM 3GB 15Days - high speed internet - mobile data 5G compatible	0630HTK8AW0	BULGARIA-3GB-15D	7.99	0	30/06/2026 13:11:09 MEST		y	4			11				B0H6MCT4Y5						8721438401031			0	DEFAULT	Migrated Template	Inactive		
Burkina Faso eSIM 3GB 15Days	Burkina Faso eSIM 3GB 15Days - high speed internet - mobile data 5G compatible	0630HV0E8QU	BURKINA-FASO-3GB-15D	11.99	0	01/07/2026 00:37:25 MEST		y	4			11				B0FR9HWFSK						8721438401086			0	DEFAULT	Migrated Template	Inactive		
Burkina Faso eSIM 5GB 30Days	Burkina Faso eSIM 5GB 30Days - high speed internet - mobile data 5G compatible	0630HV5Y2YZ	BURKINA-FASO-5GB-30D	34.99	0	01/07/2026 00:40:38 MEST		y	4			11				B0FR9BWKSY						8721438401093			0	DEFAULT	Migrated Template	Inactive		
Botswana eSIM 3GB 15Days		0812HQ3N4RF	BW_3_15	28.84	0	12/08/2026 15:29:57 MEST		y	1			11				B0FR9G7N2Q						B0FR9G7N2Q			0	DEFAULT	Migrated Template	Inactive		
Bielorussia eSIM 3GB 15Days		0812HQ3KR7P	BY_3_15	11.09	0	12/08/2026 15:30:39 MEST		y	1			11				B0FR9G3Z82						B0FR9G3Z82			0	DEFAULT	Migrated Template	Inactive		
Bielorussia eSIM 5GB 30Days		0812HPZHBHP	BY_5_30	17.54	0	12/08/2026 15:24:12 MEST		y	1			11				B0FR8FFT4D						B0FR8FFT4D			0	DEFAULT	Migrated Template	Inactive		
Cambogia eSIM 20GB 30Days	Cambodia eSIM 20GB 30Days - high speed internet - mobile data 5G compatible	0630HV6NI9O	CAMBODIA-20GB-30D	25.99	0	01/07/2026 01:23:58 MEST		y	4			11				B0FR9GFJPL						8721438401710			0	DEFAULT	Migrated Template	Inactive		
Cambogia eSIM 3GB 15Days	Cambodia eSIM 3GB 15Days - high speed internet - mobile data 5G compatible	0630HV9TI60	CAMBODIA-3GB-15D	8.99	0	01/07/2026 01:20:33 MEST		y	4			11				B0FR8XKMJ4						8721438401697			0	DEFAULT	Migrated Template	Inactive		
Camerun eSIM 3GB 15Days	Cameroon eSIM 3GB 15Days - high speed internet - mobile data 5G compatible	0630HV8KJWY	CAMEROON-3GB-15D	20.99	0	01/07/2026 00:44:01 MEST		y	4			11				B0FR9VJ1ZB						8721438401116			0	DEFAULT	Migrated Template	Inactive		
Canada eSIM 20GB 30Days Premium	Canada eSIM 20GB 30Days Premium - high speed internet - mobile data 5G compatible	0630HUULZ30	CANADA-PREMIUM-20GB-30D	29.99	0	30/06/2026 22:33:07 MEST		y	4			11				B0H6MJ9N4Y						8721438410606			0	DEFAULT	Migrated Template	Inactive		
Canada eSIM 3GB 15Days Premium	Canada eSIM 3GB 15Days Premium - high speed internet - mobile data 5G compatible	0630HUSZ38L	CANADA-PREMIUM-3GB-15D	9.99	0	30/06/2026 22:26:57 MEST		y	4			11				B0H6MJ1HMJ						8721438410583			0	DEFAULT	Migrated Template	Inactive		
Canada eSIM 5GB 30Days Premium	Canada eSIM 5GB 30Days Premium - high speed internet - mobile data 5G compatible	0630HUTVN61	CANADA-PREMIUM-5GB-30D	14.99	0	30/06/2026 22:30:10 MEST		y	4			11				B0H6MPXGBN						8721438410590			0	DEFAULT	Migrated Template	Inactive		
Capo Verde eSIM 20GB 30Days	Cape Verde eSIM 20GB 30Days - high speed internet - mobile data 5G compatible	0630HTUEZ2N	CAPE-VERDE-20GB-30D	162.99	0	30/06/2026 15:51:33 MEST		y	4			11				B0H6M9VSPG						8721438408771			0	DEFAULT	Migrated Template	Inactive		
Capo Verde eSIM 3GB 15Days	Cape Verde eSIM 3GB 15Days - high speed internet - mobile data 5G compatible	0630HTXUTSN	CAPE-VERDE-3GB-15D	32.99	0	30/06/2026 15:44:20 MEST		y	4			11				B0H6M9R16H						8721438408757			0	DEFAULT	Migrated Template	Inactive		
Capo Verde eSIM 5GB 30Days	Cape Verde eSIM 5GB 30Days - high speed internet - mobile data 5G compatible	0630HTWC8L7	CAPE-VERDE-5GB-30D	53.99	0	30/06/2026 15:48:05 MEST		y	4			11				B0H6MFG453						8721438408764			0	DEFAULT	Migrated Template	Inactive		
Isole Cayman eSIM 20GB 30Days	Cayman Islands eSIM 20GB 30Days - high speed internet - mobile data 5G compatible	0630HU0XD3J	CAYMAN-ISLANDS-20GB-30D	94.99	0	30/06/2026 16:01:39 MEST		y	4			11				B0H6MGXYNS						8721438408801			0	DEFAULT	Migrated Template	Inactive		
Isole Cayman eSIM 3GB 15Days	Cayman Islands eSIM 3GB 15Days - high speed internet - mobile data 5G compatible	0630HU1JYKW	CAYMAN-ISLANDS-3GB-15D	26.99	0	30/06/2026 15:54:57 MEST		y	4			11				B0H6MLHBD7						8721438408788			0	DEFAULT	Migrated Template	Inactive		
Isole Cayman eSIM 5GB 30Days	Cayman Islands eSIM 5GB 30Days - high speed internet - mobile data 5G compatible	0630HTY3YL9	CAYMAN-ISLANDS-5GB-30D	34.99	0	30/06/2026 15:58:33 MEST		y	4			11				B0H6M55MKK						8721438408795			0	DEFAULT	Migrated Template	Inactive		
Canada eSIM 20 GB 30 giorni | SIM dati Pay As You Go | Facile installazione | SIM da viaggio per turisti e affari | Velocità 3G/4G		0325HRMU7KB	CA_20_30	29.96	0	25/03/2026 08:52:38 MET		y	1			11				B0FR9BY42D						B0FR9BY42D			0	DEFAULT	Migrated Template	Inactive		
Canada eSIM 3 GB 15 giorni | SIM dati Pay As You Go | Facile installazione | SIM da viaggio per turisti e affari | Velocità 3G/4G		0325HSNVD4M	CA_3_15	12.35	0	25/03/2026 11:36:04 MET		y	1			11				B0FR9RZLF3						B0FR9RZLF3			0	DEFAULT	Migrated Template	Inactive		
Canada eSIM da 5 GB 30 giorni | SIM dati Pay As You Go | Facile installazione | SIM da viaggio per turisti e affari | Velocità 3G/4G		0325HS00IT1	CA_5_30	15.86	0	25/03/2026 09:17:57 MET		y	1			11				B0FR9SYCBK						B0FR9SYCBK			0	DEFAULT	Migrated Template	Inactive		
Repubblica Centrafricana eSIM 3GB 15Days	Central African Republic eSIM 3GB 15Days - high speed internet - mobile data 5G compatible	0630HV2NJ84	CENTRAL-AFRICAN-REPUBLIC-3GB-15D	19.99	0	01/07/2026 00:47:52 MEST		y	4			11				B0FR9RK8FP						8721438401352			0	DEFAULT	Migrated Template	Inactive		
Repubblica Centrafricana eSIM 5GB 30Days	Central African Republic eSIM 5GB 30Days - high speed internet - mobile data 5G compatible	0630HV8BAAC	CENTRAL-AFRICAN-REPUBLIC-5GB-30D	33.99	0	01/07/2026 00:51:16 MEST		y	4			11				B0FR9R3NMC						8721438401369			0	DEFAULT	Migrated Template	Inactive		
Repubblica Centrafricana eSIM 3GB 15Days		0812HQ389Y5	CF_3_15	28.85	0	12/08/2026 15:27:50 MEST		y	1			11				B0FR9RK8FP						B0FR9RK8FP			0	DEFAULT	Migrated Template	Inactive		
Repubblica Centrafricana eSIM 5GB 30Days		0812HQ1W60A	CF_5_30	41.76	0	12/08/2026 15:30:49 MEST		y	1			11				B0FR9R3NMC						B0FR9R3NMC			0	DEFAULT	Migrated Template	Inactive		
Ciad eSIM 3GB 15Days	Chad eSIM 3GB 15Days - high speed internet - mobile data 5G compatible	0630HV6PAJ7	CHAD-3GB-15D	16.99	0	01/07/2026 00:54:19 MEST		y	4			11				B0FR9SG4MK						8721438401420			0	DEFAULT	Migrated Template	Inactive		
Ciad eSIM 5GB 30Days	Chad eSIM 5GB 30Days - high speed internet - mobile data 5G compatible	0630HV6QE5Q	CHAD-5GB-30D	27.99	0	01/07/2026 00:57:31 MEST		y	4			11				B0FR9L414C						8721438401437			0	DEFAULT	Migrated Template	Inactive		
Cile eSIM 3GB 15Days	Chile eSIM 3GB 15Days - high speed internet - mobile data 5G compatible	0630HV5ZCDT	CHILE-3GB-15D	12.99	0	01/07/2026 01:00:56 MEST		y	4			11				B0FR9RY1RT						8721438401451			0	DEFAULT	Migrated Template	Inactive		
Cina eSIM 20GB 30Days	China eSIM 20GB 30Days - high speed internet - mobile data 5G compatible	0630HV0N0DM	CHINA-20GB-30D	17.99	0	01/07/2026 01:12:47 MEST		y	4			11				B0FR9GD6X9						8721438401604			0	DEFAULT	Migrated Template	Inactive		
Cina eSIM 3GB 15Days	China eSIM 3GB 15Days - high speed internet - mobile data 5G compatible	0630HV0MGPC	CHINA-3GB-15D	7.99	0	01/07/2026 01:05:10 MEST		y	4			11				B0FR9QZ578						8721438401574			0	DEFAULT	Migrated Template	Inactive		
Cina eSIM 5GB 30Days	China eSIM 5GB 30Days - high speed internet - mobile data 5G compatible	0630HUXEIXU	CHINA-5GB-30D	8.99	0	01/07/2026 01:09:08 MEST		y	4			11				B0FR9HX7XH						8721438401581			0	DEFAULT	Migrated Template	Inactive		
Svizzera eSIM 20GB 30Days		0325HRWEW7L	CH_20_30	17.81	0	25/03/2026 08:51:50 MET		y	1			11				B0FRB6VY7S						B0FRB6VY7S			0	DEFAULT	Migrated Template	Inactive		
Svizzera eSIM 3GB 15Days		0325HS308M6	CH_3_15	6.98	0	25/03/2026 09:39:42 MET		y	1			11				B0FRB5LFVC						B0FRB5LFVC			0	DEFAULT	Migrated Template	Inactive		
Svizzera eSIM 5GB 30Days		0325HRZ682W	CH_5_30	9.33	0	25/03/2026 09:19:40 MET		y	1			11				B0FRB7G4VW						B0FRB7G4VW			0	DEFAULT	Migrated Template	Inactive		
Costa d'Avorio eSIM 3GB 15Giorni		0812HQ14P9E	CI_3_15	28.85	0	12/08/2026 15:25:12 MEST		y	1			11				B0FR9HW9DJ						B0FR9HW9DJ			0	DEFAULT	Migrated Template	Inactive		
Costa d'Avorio eSIM 5GB 30Days		0812HPYLYQW	CI_5_30	41.72	0	12/08/2026 15:29:39 MEST		y	1			11				B0FR9V5LYJ						B0FR9V5LYJ			0	DEFAULT	Migrated Template	Inactive		
Cile eSIM 3GB 15Days		0812HPX6TWG	CL_3_15	24.13	0	12/08/2026 15:26:49 MEST		y	1			11				B0FR9RY1RT						B0FR9RY1RT			0	DEFAULT	Migrated Template	Inactive		
Camerun eSIM 3GB 15Days		0812HQ2JKZQ	CM_3_15	28.87	0	12/08/2026 15:25:43 MEST		y	1			11				B0FR9VJ1ZB						B0FR9VJ1ZB			0	DEFAULT	Migrated Template	Inactive		
Cina eSIM 20GB 30Days		0325HRT21VP	CN_20_30	20.61	0	25/03/2026 08:52:27 MET		y	1			11				B0FR9GD6X9						B0FR9GD6X9			0	DEFAULT	Migrated Template	Inactive		
Cina eSIM 3GB 15Days		0325HSOHS3M	CN_3_15	8.16	0	25/03/2026 11:25:34 MET		y	1			11				B0FR9QZ578						B0FR9QZ578			0	DEFAULT	Migrated Template	Inactive		
Cina eSIM 5GB 30Days		0325HS5PXBW	CN_5_30	10.5	0	25/03/2026 10:05:23 MET		y	1			11				B0FR9HX7XH						B0FR9HX7XH			0	DEFAULT	Migrated Template	Inactive		
Colombia eSIM 3GB 15Days	Colombia eSIM 3GB 15Days - high speed internet - mobile data 5G compatible	0630HUXE5TP	COLOMBIA-3GB-15D	13.99	0	01/07/2026 01:16:32 MEST		y	4			11				B0FR9RL8W5						8721438401673			0	DEFAULT	Migrated Template	Inactive		
Costa Rica eSIM 3GB 15Days	Costa Rica eSIM 3GB 15Days - high speed internet - mobile data 5G compatible	0630HV5QDH1	COSTA-RICA-3GB-15D	14.99	0	01/07/2026 01:27:22 MEST		y	4			11				B0FR9LNRMN						8721438401765			0	DEFAULT	Migrated Template	Inactive		
Costa d'Avorio eSIM 3GB 15Giorni	Cote d'Ivoire eSIM 3GB 15Days - high speed internet - mobile data 5G compatible	0630HV5R5CR	COTE-D-IVOIRE-3GB-15D	23.99	0	01/07/2026 01:30:52 MEST		y	4			11				B0FR9HW9DJ						8721438401789			0	DEFAULT	Migrated Template	Inactive		
Colombia eSIM 3GB 15Days		0812HPZS9SY	CO_3_15	12.27	0	12/08/2026 15:26:23 MEST		y	1			11				B0FR9RL8W5						B0FR9RL8W5			0	DEFAULT	Migrated Template	Inactive		
Costa Rica eSIM 3GB 15Days		0812HQ01AQ5	CR_3_15	18.7	0	12/08/2026 15:27:26 MEST		y	1			11				B0FR9LNRMN						B0FR9LNRMN			0	DEFAULT	Migrated Template	Inactive		
Curacao eSIM 20GB 30Days	Curacao eSIM 20GB 30Days - high speed internet - mobile data 5G compatible	0630HTWD6PP	CURACAO-20GB-30D	78.99	0	30/06/2026 16:11:57 MEST		y	4			11				B0H6MF51WH						8721438408832			0	DEFAULT	Migrated Template	Inactive		
Curacao eSIM 3GB 15Days	Curacao eSIM 3GB 15Days - high speed internet - mobile data 5G compatible	0630HTYWG5V	CURACAO-3GB-15D	21.99	0	30/06/2026 16:05:14 MEST		y	4			11				B0H6M81JPM						8721438408818			0	DEFAULT	Migrated Template	Inactive		
Curacao eSIM 5GB 30Days	Curacao eSIM 5GB 30Days - high speed internet - mobile data 5G compatible	0630HU1S5V1	CURACAO-5GB-30D	28.99	0	30/06/2026 16:08:50 MEST		y	4			11				B0H6MGZLBC						8721438408825			0	DEFAULT	Migrated Template	Inactive		
Cipro eSIM 3GB 15Days		0812HPZK00R	CY_3_15	4.65	0	12/08/2026 15:23:10 MEST		y	1			11				B0FR8XJWWG						B0FR8XJWWG			0	DEFAULT	Migrated Template	Inactive		
Cipro eSIM 5GB 30Days		0812HPZDY1V	CY_5_30	6.39	0	12/08/2026 15:31:34 MEST		y	1			11				B0FR8XHWZV						B0FR8XHWZV			0	DEFAULT	Migrated Template	Inactive		
Repubblica Ceca eSIM 20GB 30Days		0812HQ4023O	CZ_20_30	16.96	0	12/08/2026 15:25:46 MEST		y	1			11				B0FR9SVN9H						B0FR9SVN9H			0	DEFAULT	Migrated Template	Inactive		
Repubblica Ceca eSIM 5GB 30Days		0812HQ1SAAS	CZ_5_30	6.41	0	12/08/2026 15:26:18 MEST		y	1			11				B0FR9BY2LF						B0FR9BY2LF			0	DEFAULT	Migrated Template	Inactive		
Repubblica Democratica del Congo eSIM 3GB 15Days	Democratic Republic of the Congo eSIM 3GB 15Days - high speed internet - mobile data 5G compatible	0630HU69RQX	DEMOCRATIC-REPUBLIC-OF-THE-CONGO-3GB-15D	13.99	0	30/06/2026 16:15:32 MEST		y	4			11				B0H6LZL22Y						8721438408849			0	DEFAULT	Migrated Template	Inactive		
Repubblica Democratica del Congo eSIM 5GB 30Days	Democratic Republic of the Congo eSIM 5GB 30Days - high speed internet - mobile data 5G compatible	0630HU0IRC0	DEMOCRATIC-REPUBLIC-OF-THE-CONGO-5GB-30D	21.99	0	30/06/2026 16:18:57 MEST		y	4			11				B0H6M6L8Z8						8721438408856			0	DEFAULT	Migrated Template	Inactive		
Germania eSIM 20GB 30Days		0325HRT47Z5	DE_20_30	32.84	0	25/03/2026 08:52:52 MET		y	1			11				B0GSZP9H94						B0GSZP9H94			0	DEFAULT	Migrated Template	Inactive		
Germania eSIM 3GB 15Days		0325HSDV14L	DE_3_15	10.02	0	25/03/2026 10:24:13 MET		y	1			11				B0GSZBMLKV						B0GSZBMLKV			0	DEFAULT	Migrated Template	Inactive		
Germania eSIM 5GB 30Days		0325HRW8VP2	DE_5_30	11.76	0	25/03/2026 09:19:10 MET		y	1			11				B0GSZDYWLZ						B0GSZDYWLZ			0	DEFAULT	Migrated Template	Inactive		
Danimarca eSIM 20GB 30Days		0812HQ1U5TR	DK_20_30	16.36	0	12/08/2026 15:24:00 MEST		y	1			11				B0FR9QPF45						B0FR9QPF45			0	DEFAULT	Migrated Template	Inactive		
Danimarca eSIM 3GB 15Days		0812HPWVNHC	DK_3_15	4.65	0	12/08/2026 15:27:44 MEST		y	1			11				B0FR9GSNP4						B0FR9GSNP4			0	DEFAULT	Migrated Template	Inactive		
Danimarca eSIM 5GB 30Days		0812HQ6MPZI	DK_5_30	6.41	0	12/08/2026 15:30:21 MEST		y	1			11				B0FR8XQYR4						B0FR8XQYR4			0	DEFAULT	Migrated Template	Inactive		
Dominica eSIM 20GB 30Days	Dominica eSIM 20GB 30Days - high speed internet - mobile data 5G compatible	0630HU6KYW6	DOMINICA-20GB-30D	87.99	0	30/06/2026 16:32:35 MEST		y	4			11				B0H6MK8XTJ						8721438408894			0	DEFAULT	Migrated Template	Inactive		
Dominica eSIM 3GB 15Days	Dominica eSIM 3GB 15Days - high speed internet - mobile data 5G compatible	0630HU16YYV	DOMINICA-3GB-15D	23.99	0	30/06/2026 16:26:14 MEST		y	4			11				B0H6M9H54M						8721438408870			0	DEFAULT	Migrated Template	Inactive		
Dominica eSIM 5GB 30Days	Dominica eSIM 5GB 30Days - high speed internet - mobile data 5G compatible	0630HU6KNYI	DOMINICA-5GB-30D	31.99	0	30/06/2026 16:29:28 MEST		y	4			11				B0H6M5HR32						8721438408887			0	DEFAULT	Migrated Template	Inactive		
Repubblica Dominicana eSIM 20GB 30Days		0812HQ0CFZ4	DO_20_30	99.71	0	12/08/2026 15:29:21 MEST		y	1			11				B0FR9C6DJF						B0FR9C6DJF			0	DEFAULT	Migrated Template	Inactive		
Repubblica Dominicana eSIM 3GB 15Days		0812HPWJRYP	DO_3_15	24.13	0	12/08/2026 15:26:31 MEST		y	1			11				B0FR9GSKZF						B0FR9GSKZF			0	DEFAULT	Migrated Template	Inactive		
Repubblica Dominicana eSIM 5GB 30Days		0812HPZ9VD9	DO_5_30	34.14	0	12/08/2026 15:22:36 MEST		y	1			11				B0FR9GQKCM						B0FR9GQKCM			0	DEFAULT	Migrated Template	Inactive		
Repubblica Democratica del Congo eSIM 20GB 30Days	Democratic Republic of the Congo eSIM 20GB 30Days - high speed internet - mobile data 5G compatible	0630HU0LZKW	DRC-20GB-30D	58.99	0	30/06/2026 16:22:31 MEST		y	4			11				B0H6MZWFM7						8721438408863			0	DEFAULT	Migrated Template	Inactive		
Ecuador eSIM 3GB 15Days		0812HPO2JZH	EC_3_15	18.71	0	12/08/2026 15:22:21 MEST		y	1			11				B0FR9RM6MP						B0FR9RM6MP			0	DEFAULT	Migrated Template	Inactive		
Estonia eSIM 20GB 30Days		0812HPTLYRU	EE_20_30	18.12	0	12/08/2026 15:28:11 MEST		y	1			11				B0FR9L527N						B0FR9L527N			0	DEFAULT	Migrated Template	Inactive		
Estonia eSIM 3GB 15Days		0812HQ6EZ51	EE_3_15	4.65	0	12/08/2026 15:23:04 MEST		y	1			11				B0FR9GST1S						B0FR9GST1S			0	DEFAULT	Migrated Template	Inactive		
Estonia eSIM 5GB 30Days		0812HQ29Z6E	EE_5_30	6.41	0	12/08/2026 15:25:58 MEST		y	1			11				B0FR9GQYKB						B0FR9GQYKB			0	DEFAULT	Migrated Template	Inactive		
Egitto eSIM 20GB 30Days		0325HSRT6FI	EG_20_30	36.45	0	25/03/2026 12:55:04 MET		y	1			11				B0FR9GQBGL						B0FR9GQBGL			0	DEFAULT	Migrated Template	Inactive		
Egitto eSIM 3GB 15Days		0325HRQMD40	EG_3_15	11.68	0	25/03/2026 08:39:44 MET		y	1			11				B0FR9C784N						B0FR9C784N			0	DEFAULT	Migrated Template	Inactive		
Egitto eSIM 3 GB 30 giorni | SIM dati Pay As You Go | Facile installazione | SIM da viaggio per turisti e affari | Velocità 3G/4G		0325HSAIZ8P	EG_3_30	14.63	0	25/03/2026 10:10:12 MET		y	1			11				B0FR9GNL93						B0FR9GNL93			0	DEFAULT	Migrated Template	Inactive		
Egitto eSIM 5GB 30Days		0812HPTXZOQ	EG_5_30	14.44	0	12/08/2026 15:26:25 MEST		y	1			11				B0FR9LR5KJ						B0FR9LR5KJ			0	DEFAULT	Migrated Template	Inactive		
Spagna eSIM 20GB 30Days		0325HSAJPCH	ES_20_30	19.02	0	25/03/2026 10:10:15 MET		y	1			11				B0FRCMPGPL						B0FRCMPGPL			0	DEFAULT	Migrated Template	Inactive		
Spagna eSIM 3GB 15Days		0325HSGBWSK	ES_3_15	8.16	0	25/03/2026 11:29:30 MET		y	1			11				B0FRCDHTZ7						B0FRCDHTZ7			0	DEFAULT	Migrated Template	Inactive		
Spagna eSIM 5GB 30Days		0325HRMXCP4	ES_5_30	10.5	0	25/03/2026 09:17:46 MET		y	1			11				B0FRBQCLZN						B0FRBQCLZN			0	DEFAULT	Migrated Template	Inactive		
Europa (40+ aree) eSIM 20GB 30Days		0812HQ09VD8	EU-42_20_30	51.13	0	12/08/2026 15:26:24 MEST		y	1			11				B0FR9TNPV3						B0FR9TNPV3			0	DEFAULT	Migrated Template	Inactive		
Europa (40+ aree) eSIM 5GB 30Days		0812HPZZRWZ	EU-42_5_30	18.07	0	12/08/2026 15:28:57 MEST		y	1			11				B0FR9RYSSS						B0FR9RYSSS			0	DEFAULT	Migrated Template	Inactive		
Isole Faroe eSIM 20GB 30Days	Faroe Islands eSIM 20GB 30Days - high speed internet - mobile data 5G compatible	0630HU0MUGE	FAROE-ISLANDS-20GB-30D	28.99	0	30/06/2026 16:42:32 MEST		y	4			11				B0H6MB82ZV						8721438408924			0	DEFAULT	Migrated Template	Inactive		
Isole Faroe eSIM 3GB 15Days	Faroe Islands eSIM 3GB 15Days - high speed internet - mobile data 5G compatible	0630HU2WAOI	FAROE-ISLANDS-3GB-15D	8.99	0	30/06/2026 16:36:00 MEST		y	4			11				B0H6ML935Q						8721438408900			0	DEFAULT	Migrated Template	Inactive		
Isole Faroe eSIM 5GB 30Days	Faroe Islands eSIM 5GB 30Days - high speed internet - mobile data 5G compatible	0630HU77BVW	FAROE-ISLANDS-5GB-30D	11.99	0	30/06/2026 16:39:35 MEST		y	4			11				B0H6MF2TVH						8721438408917			0	DEFAULT	Migrated Template	Inactive		
Fiji eSIM 20GB 30Days	Fiji eSIM 20GB 30Days - high speed internet - mobile data 5G compatible	0630HU9MO2N	FIJI-20GB-30D	39.99	0	30/06/2026 16:51:37 MEST		y	4			11				B0H6MGBL3N						8721438408955			0	DEFAULT	Migrated Template	Inactive		
Fiji eSIM 3GB 15Days	Fiji eSIM 3GB 15Days - high speed internet - mobile data 5G compatible	0630HU0LAKQ	FIJI-3GB-15D	11.99	0	30/06/2026 16:45:47 MEST		y	4			11				B0H6MFLWYD						8721438408931			0	DEFAULT	Migrated Template	Inactive		
Fiji eSIM 5GB 30Days	Fiji eSIM 5GB 30Days - high speed internet - mobile data 5G compatible	0630HU3F3X3	FIJI-5GB-30D	13.99	0	30/06/2026 16:48:50 MEST		y	4			11				B0H6MJ7GS6						8721438408948			0	DEFAULT	Migrated Template	Inactive		
Finlandia eSIM 3GB 15Days		0812HQ182UR	FI_3_15	4.06	0	12/08/2026 15:28:59 MEST		y	1			11				B0FR9GSND6						B0FR9GSND6			0	DEFAULT	Migrated Template	Inactive		
Finlandia eSIM 5GB 30Days		0812HPYTBVV	FI_5_30	5.23	0	12/08/2026 15:23:21 MEST		y	1			11				B0FR9SB3BJ						B0FR9SB3BJ			0	DEFAULT	Migrated Template	Inactive		
Guyana francese eSIM 20GB 30Days	French Guiana eSIM 20GB 30Days - high speed internet - mobile data 5G compatible	0630HU7DUPU	FRENCH-GUIANA-20GB-30D	16.99	0	30/06/2026 17:01:13 MEST		y	4			11				B0H6MDNXJJ						8721438408986			0	DEFAULT	Migrated Template	Inactive		
Guyana francese eSIM 3GB 15Days	French Guiana eSIM 3GB 15Days - high speed internet - mobile data 5G compatible	0630HU6W5GX	FRENCH-GUIANA-3GB-15D	7.99	0	30/06/2026 16:54:40 MEST		y	4			11				B0H6MFD6Z3						8721438408962			0	DEFAULT	Migrated Template	Inactive		
Guyana francese eSIM 5GB 30Days	French Guiana eSIM 5GB 30Days - high speed internet - mobile data 5G compatible	0630HUCO1NM	FRENCH-GUIANA-5GB-30D	8.99	0	30/06/2026 16:58:06 MEST		y	4			11				B0H6MGC352						8721438408979			0	DEFAULT	Migrated Template	Inactive		
Polinesia francese eSIM 20GB 30Days	French Polynesia eSIM 20GB 30Days - high speed internet - mobile data 5G compatible	0630HUD7RQL	FRENCH-POLYNESIA-20GB-30D	241.99	0	30/06/2026 17:10:48 MEST		y	4			11				B0H6M59GH9						8721438409013			0	DEFAULT	Migrated Template	Inactive		
Polinesia francese eSIM 3GB 15Days	French Polynesia eSIM 3GB 15Days - high speed internet - mobile data 5G compatible	0630HUA0LOM	FRENCH-POLYNESIA-3GB-15D	47.99	0	30/06/2026 17:04:17 MEST		y	4			11				B0H6MF6GHP						8721438408993			0	DEFAULT	Migrated Template	Inactive		
Polinesia francese eSIM 5GB 30Days	French Polynesia eSIM 5GB 30Days - high speed internet - mobile data 5G compatible	0630HU9OTYY	FRENCH-POLYNESIA-5GB-30D	66.99	0	30/06/2026 17:07:32 MEST		y	4			11				B0H6MD2GXY						8721438409006			0	DEFAULT	Migrated Template	Inactive		
Francia eSIM 20GB 30Days		0328H5S98RA	FR_20_30	24.11	0	28/03/2026 15:28:53 MET		y	1			11				B0FR9GPMC5						B0FR9GPMC5			0	DEFAULT	Migrated Template	Inactive		
Francia eSIM 3GB 15Days		0328H5VB3DP	FR_3_15	9.32	0	28/03/2026 15:44:48 MET		y	1			11				B0FR9C5ZB6						B0FR9C5ZB6			0	DEFAULT	Migrated Template	Inactive		
Francia eSIM 5GB 30Days		0412HUMVKQ4	FR_5_30	11.68	0	12/04/2026 13:25:32 MEST		y	1			11				B0FR9LMDW5						B0FR9LMDW5			0	DEFAULT	Migrated Template	Inactive		
Gambia eSIM 3GB 15Days	Gambia eSIM 3GB 15Days - high speed internet - mobile data 5G compatible	0701HY4PUI5	GAMBIA-3GB-15D	34.99	0	01/07/2026 16:12:46 MEST		y	4			11				B0H2FTMBBQ						8721438408368			0	DEFAULT	Migrated Template	Inactive		
Gambia eSIM 5GB 30Days	Gambia eSIM 5GB 30Days - high speed internet - mobile data 5G compatible	0701HYJMN1R	GAMBIA-5GB-30D	57.99	0	01/07/2026 16:16:44 MEST		y	4			11				B0H2FQ3QJ9						8721438408375			0	DEFAULT	Migrated Template	Inactive		
Gabon eSIM 3GB 15Days		0812HPZWUD3	GA_3_15	18.7	0	12/08/2026 15:29:39 MEST		y	1			11				B0FR9GPX9T						B0FR9GPX9T			0	DEFAULT	Migrated Template	Inactive		
Regno Unito eSIM 20GB 30Days		0325HRZME7T	GB_20_30	15.74	0	25/03/2026 09:39:26 MET		y	1			11				B0FRDGCBTN						B0FRDGCBTN			0	DEFAULT	Migrated Template	Inactive		
Regno Unito eSIM 3GB 15Days		0325HS0QFN7	GB_3_15	5.81	0	25/03/2026 09:18:56 MET		y	1			11				B0FRCPD8TS						B0FRCPD8TS			0	DEFAULT	Migrated Template	Inactive		
Regno Unito eSIM 5GB 30Days		0325HSBWQLN	GB_5_30	6.99	0	25/03/2026 11:01:30 MET		y	1			11				B0FRDDRGJF						B0FRDDRGJF			0	DEFAULT	Migrated Template	Inactive		
Germania eSIM 20GB 30Days	Germany eSIM 20GB 30Days - high speed internet - mobile data 5G compatible	0701HV4OT4I	GERMANY-20GB-30D	14.99		01/07/2026 03:32:04 MEST		y	4			11				B0GSZP9H94						8721438402809				AMAZON_EU	Migrated Template	Inactive		
Germania eSIM 5GB 30Days	Germany eSIM 5GB 30Days - high speed internet - mobile data 5G compatible	0701HVEVE3A	GERMANY-5GB-30D	8.99		01/07/2026 03:28:25 MEST		y	4			11				B0GSZDYWLZ						8721438402786				AMAZON_EU	Migrated Template	Inactive		
Georgia eSIM 20GB 30Days		0812HQ22XGS	GE_20_30	27.68	0	12/08/2026 15:26:39 MEST		y	1			11				B0FR9C73NK						B0FR9C73NK			0	DEFAULT	Migrated Template	Inactive		
Georgia eSIM 3GB 15Days		0812HQ0B0S2	GE_3_15	7	0	12/08/2026 15:26:47 MEST		y	1			11				B0FR9KMX2N						B0FR9KMX2N			0	DEFAULT	Migrated Template	Inactive		
Guernsey eSIM 20GB 30Days		0812HPTVHLM	GG_20_30	54.66	0	12/08/2026 15:24:02 MEST		y	1			11				B0FR9LYWWY						B0FR9LYWWY			0	DEFAULT	Migrated Template	Inactive		
Guernsey eSIM 3GB 15Days		0812HQ2BA19	GG_3_15	12.27	0	12/08/2026 15:28:19 MEST		y	1			11				B0FR9SMWDN						B0FR9SMWDN			0	DEFAULT	Migrated Template	Inactive		
Guernsey eSIM 5GB 30Days		0812HQ4KEUD	GG_5_30	19.29	0	12/08/2026 15:30:22 MEST		y	1			11				B0FR9C5PXR						B0FR9C5PXR			0	DEFAULT	Migrated Template	Inactive		
Ghana eSIM 20GB 30Days	Ghana eSIM 20GB 30Days - high speed internet - mobile data 5G compatible	0630HUAQC96	GHANA-20GB-30D	40.99	0	30/06/2026 17:20:33 MEST		y	4			11				B0H6M9CG3G						8721438409044			0	DEFAULT	Migrated Template	Inactive		
Ghana eSIM 3GB 15Days	Ghana eSIM 3GB 15Days - high speed internet - mobile data 5G compatible	0630HU6FG3F	GHANA-3GB-15D	12.99	0	30/06/2026 17:14:22 MEST		y	4			11				B0H6M7CH6H						8721438409020			0	DEFAULT	Migrated Template	Inactive		
Ghana eSIM 5GB 30Days	Ghana eSIM 5GB 30Days - high speed internet - mobile data 5G compatible	0630HUDN68Z	GHANA-5GB-30D	13.99	0	30/06/2026 17:17:36 MEST		y	4			11				B0H6MD48NZ						8721438409037			0	DEFAULT	Migrated Template	Inactive		
Gibilterra eSIM 3GB 15Days		0812HQ3FT1Y	GI_3_15	12.27	0	12/08/2026 15:26:34 MEST		y	1			11				B0FR8XSPMC						B0FR8XSPMC			0	DEFAULT	Migrated Template	Inactive		
Global139 eSIM 5 GB 30 giorni		0812HQ3DKS7	GL-139_5_30	47.62	0	12/08/2026 15:25:18 MEST		y	1			11				B0FR9VNTLY						B0FR9VNTLY			0	DEFAULT	Migrated Template	Inactive		
Guadalupa eSIM 20GB 30Days		0812HPYQK62	GP_20_30	51.11	0	12/08/2026 15:28:48 MEST		y	1			11				B0FR8XTBF6						B0FR8XTBF6			0	DEFAULT	Migrated Template	Inactive		
Guadalupa eSIM 3GB 15Days		0812HPXAPGE	GP_3_15	12.27	0	12/08/2026 15:26:43 MEST		y	1			11				B0FR9TMVWK						B0FR9TMVWK			0	DEFAULT	Migrated Template	Inactive		
Grecia eSIM 3GB 15Days	Greece eSIM 3GB 15Days - high speed internet - mobile data 5G compatible	0701HVGCLZT	GREECE-3GB-15D	7.99	0	01/07/2026 03:43:25 MEST		y	4			11				B0FR9L85F6						8721438403042			0	DEFAULT	Migrated Template	Inactive		
Groenlandia eSIM 20GB 30Days	Greenland eSIM 20GB 30Days - high speed internet - mobile data 5G compatible	0630HU9YMKJ	GREENLAND-20GB-30D	112.99	0	30/06/2026 17:30:39 MEST		y	4			11				B0H6MBT3TW						8721438409075			0	DEFAULT	Migrated Template	Inactive		
Groenlandia eSIM 3GB 15Days	Greenland eSIM 3GB 15Days - high speed internet - mobile data 5G compatible	0630HU79MJS	GREENLAND-3GB-15D	27.99	0	30/06/2026 17:24:08 MEST		y	4			11				B0H6MLNBK2						8721438409051			0	DEFAULT	Migrated Template	Inactive		
Groenlandia eSIM 5GB 30Days	Greenland eSIM 5GB 30Days - high speed internet - mobile data 5G compatible	0630HUAC0YN	GREENLAND-5GB-30D	36.99	0	30/06/2026 17:27:32 MEST		y	4			11				B0H6MFMLK9						8721438409068			0	DEFAULT	Migrated Template	Inactive		
Grenada eSIM 20GB 30Days	Grenada eSIM 20GB 30Days - high speed internet - mobile data 5G compatible	0630HUDHGP4	GRENADA-20GB-30D	102.99	0	30/06/2026 17:40:44 MEST		y	4			11				B0H6MGRF37						8721438409105			0	DEFAULT	Migrated Template	Inactive		
Grenada eSIM 3GB 15Days	Grenada eSIM 3GB 15Days - high speed internet - mobile data 5G compatible	0630HU7OFKW	GRENADA-3GB-15D	28.99	0	30/06/2026 17:34:02 MEST		y	4			11				B0H6M8K37V						8721438409082			0	DEFAULT	Migrated Template	Inactive		
Grenada eSIM 5GB 30Days	Grenada eSIM 5GB 30Days - high speed internet - mobile data 5G compatible	0630HUAOD10	GRENADA-5GB-30D	37.99	0	30/06/2026 17:37:38 MEST		y	4			11				B0H6MLJR6Z						8721438409099			0	DEFAULT	Migrated Template	Inactive		
Grecia eSIM 20GB 30Days		0325HRUVRNS	GR_20_30	20.81	0	25/03/2026 08:24:53 MET		y	1			11				B0FR9KJGBG						B0FR9KJGBG			0	DEFAULT	Migrated Template	Inactive		
Grecia eSIM 3GB 15Days		0325HS7Y7V8	GR_3_15	6.84	0	25/03/2026 10:05:08 MET		y	1			11				B0FR9L85F6						B0FR9L85F6			0	DEFAULT	Migrated Template	Inactive		
Grecia eSIM 5GB 30Days		0325HS3QVNL	GR_5_30	6.26	0	25/03/2026 09:54:47 MET		y	1			11				B0FR9C7SMF						B0FR9C7SMF			0	DEFAULT	Migrated Template	Inactive		
Guatemala eSIM 3GB 15Days		0812HPUYNF7	GT_3_15	24.13	0	12/08/2026 15:24:46 MEST		y	1			11				B0FR9VC6VD						B0FR9VC6VD			0	DEFAULT	Migrated Template	Inactive		
Guinea eSIM 20GB 30Days	Guinea eSIM 20GB 30Days - high speed internet - mobile data 5G compatible	0630HUFZADI	GUINEA-20GB-30D	81.99	0	30/06/2026 17:50:28 MEST		y	4			11				B0H6M7VHYP						8721438409136			0	DEFAULT	Migrated Template	Inactive		
Guinea eSIM 3GB 15Days	Guinea eSIM 3GB 15Days - high speed internet - mobile data 5G compatible	0630HUD7U5D	GUINEA-3GB-15D	20.99	0	30/06/2026 17:44:09 MEST		y	4			11				B0H6MGZTF1						8721438409112			0	DEFAULT	Migrated Template	Inactive		
Guinea eSIM 5GB 30Days	Guinea eSIM 5GB 30Days - high speed internet - mobile data 5G compatible	0630HUDP72I	GUINEA-5GB-30D	33.99	0	30/06/2026 17:47:43 MEST		y	4			11				B0H6MFTVX6						8721438409129			0	DEFAULT	Migrated Template	Inactive		
Guinea-Bissau eSIM 20GB 30Days	Guinea-Bissau eSIM 20GB 30Days - high speed internet - mobile data 5G compatible	0630HUGBGKY	GUINEA-BISSAU-20GB-30D	81.99	0	30/06/2026 17:59:51 MEST		y	4			11				B0H6MF1JJS						8721438409167			0	DEFAULT	Migrated Template	Inactive		
Guinea-Bissau eSIM 3GB 15Days	Guinea-Bissau eSIM 3GB 15Days - high speed internet - mobile data 5G compatible	0630HUB25BW	GUINEA-BISSAU-3GB-15D	19.99	0	30/06/2026 17:53:21 MEST		y	4			11				B0H6MG6X8D						8721438409143			0	DEFAULT	Migrated Template	Inactive		
Guinea-Bissau eSIM 5GB 30Days	Guinea-Bissau eSIM 5GB 30Days - high speed internet - mobile data 5G compatible	0630HU76MZS	GUINEA-BISSAU-5GB-30D	33.99	0	30/06/2026 17:56:35 MEST		y	4			11				B0H6MCJ4Y9						8721438409150			0	DEFAULT	Migrated Template	Inactive		
Guyana eSIM 20GB 30Days	Guyana eSIM 20GB 30Days - high speed internet - mobile data 5G compatible	0630HUFQP2R	GUYANA-20GB-30D	89.99	0	30/06/2026 18:09:45 MEST		y	4			11				B0H6MD1PB7						8721438409198			0	DEFAULT	Migrated Template	Inactive		
Guyana eSIM 3GB 15Days	Guyana eSIM 3GB 15Days - high speed internet - mobile data 5G compatible	0630HUJPQO5	GUYANA-3GB-15D	20.99	0	30/06/2026 18:03:14 MEST		y	4			11				B0H6MCG586						8721438409174			0	DEFAULT	Migrated Template	Inactive		
Guyana eSIM 5GB 30Days	Guyana eSIM 5GB 30Days - high speed internet - mobile data 5G compatible	0630HUDP35O	GUYANA-5GB-30D	31.99	0	30/06/2026 18:06:49 MEST		y	4			11				B0H6MB3FHF						8721438409181			0	DEFAULT	Migrated Template	Inactive		
Guam eSIM 20GB 30Days		0812HQ2W5S0	GU_20_30	63.99	0	12/08/2026 15:31:48 MEST		y	1			11				B0FR9C7MGP						B0FR9C7MGP			0	DEFAULT	Migrated Template	Inactive		
Guam eSIM 3GB 15Days		0812HQ4IGA7	GU_3_15	15.2	0	12/08/2026 15:24:16 MEST		y	1			11				B0FR9GVSSF						B0FR9GVSSF			0	DEFAULT	Migrated Template	Inactive		
Guam eSIM 5GB 30Days		0812HPU3006	GU_5_30	23.55	0	12/08/2026 15:23:01 MEST		y	1			11				B0FR9SVP8Y						B0FR9SVP8Y			0	DEFAULT	Migrated Template	Inactive		
Haiti eSIM 20GB 30Days	Haiti eSIM 20GB 30Days - high speed internet - mobile data 5G compatible	0630HUDFWG4	HAITI-20GB-30D	147.99	0	30/06/2026 18:19:51 MEST		y	4			11				B0H6MBNF3Y						8721438409228			0	DEFAULT	Migrated Template	Inactive		
Haiti eSIM 3GB 15Days	Haiti eSIM 3GB 15Days - high speed internet - mobile data 5G compatible	0630HU4SQ2U	HAITI-3GB-15D	29.99	0	30/06/2026 18:13:20 MEST		y	4			11				B0H6M9YTL4						8721438409204			0	DEFAULT	Migrated Template	Inactive		
Haiti eSIM 5GB 30Days	Haiti eSIM 5GB 30Days - high speed internet - mobile data 5G compatible	0630HU4Z4W7	HAITI-5GB-30D	48.99	0	30/06/2026 18:17:05 MEST		y	4			11				B0H6MDHPCV						8721438409211			0	DEFAULT	Migrated Template	Inactive		
Pacchetto Hajjj Luxury 10 GB 30 Days eSIM | Guida di viaggio Hajj Luxury + guide di viaggio dell'Arabia Saudita | 3G/4G/5G	Premium Islamic Hajj eSIM package with 10GB data valid for 30 days. Includes Hajj Luxury Travel Guide and exclusive Saudi Arabian travel guides. Instant QR activation for use across Saudi Arabia.	0602HNTOCDN	HAJJ-LUX-10GB-30D	70.99	0	02/06/2026 05:22:54 MEST		y	1			11				B0H3L75HDS						B0H3L75HDS			0	DEFAULT	Migrated Template	Inactive		
Hong Kong eSIM 20GB 30Days		0325HSO8L1D	HK_20_30	21.68	0	25/03/2026 10:57:15 MET		y	1			11				B0FR9GXZ6F						B0FR9GXZ6F			0	DEFAULT	Migrated Template	Inactive		
Hong Kong eSIM 3GB 15Days		0325HRYWMBZ	HK_3_15	10.02	0	25/03/2026 09:20:06 MET		y	1			11				B0FR9CC6Q8						B0FR9CC6Q8			0	DEFAULT	Migrated Template	Inactive		
Hong Kong eSIM 5GB 30Days		0325HS5Z9J8	HK_5_30	6.5	0	25/03/2026 10:04:37 MET		y	1			11				B0FR9GXYYL						B0FR9GXYYL			0	DEFAULT	Migrated Template	Inactive		
Honduras eSIM 3GB 15Days		0812HQ65GMX	HN_3_15	18.7	0	12/08/2026 15:28:13 MEST		y	1			11				B0FR9ZYV5G						B0FR9ZYV5G			0	DEFAULT	Migrated Template	Inactive		
Croazia eSIM 20GB 30Days		0812HQ3SYM1	HR_20_30	16.21	0	12/08/2026 15:29:05 MEST		y	1			11				B0FR9TYCSL						B0FR9TYCSL			0	DEFAULT	Migrated Template	Inactive		
Croazia eSIM 3GB 15Days		0812HQ33BLY	HR_3_15	4.65	0	12/08/2026 15:27:31 MEST		y	1			11				B0FR9GDKT1						B0FR9GDKT1			0	DEFAULT	Migrated Template	Inactive		
Croazia eSIM 5GB 30Days		0812HQ140VU	HR_5_30	6.41	0	12/08/2026 15:24:10 MEST		y	1			11				B0FR9BVV58						B0FR9BVV58			0	DEFAULT	Migrated Template	Inactive		
Ungheria eSIM 20GB 30Days		0812HQ2XEV4	HU_20_30	18.12	0	12/08/2026 15:27:58 MEST		y	1			11				B0FR9ZVYYQ						B0FR9ZVYYQ			0	DEFAULT	Migrated Template	Inactive		
Ungheria eSIM 3GB 15Days		0812HQ6EF95	HU_3_15	4.65	0	12/08/2026 15:30:24 MEST		y	1			11				B0FR9C9JVW						B0FR9C9JVW			0	DEFAULT	Migrated Template	Inactive		
Ungheria eSIM 5GB 30Days		0812HQ2BML1	HU_5_30	6.41	0	12/08/2026 15:24:26 MEST		y	1			11				B0FR9GY3R5						B0FR9GY3R5			0	DEFAULT	Migrated Template	Inactive		
Indonesia eSIM 20GB 30Days		0325HSQL0PZ	ID_20_30	17.48	0	25/03/2026 12:51:57 MET		y	1			11				B0FR9QXRDQ						B0FR9QXRDQ			0	DEFAULT	Migrated Template	Inactive		
Indonesia eSIM 3GB 15Days		0325HSIZDSS	ID_3_15	6.94	0	25/03/2026 11:01:55 MET		y	1			11				B0FR9T6QPZ						B0FR9T6QPZ			0	DEFAULT	Migrated Template	Inactive		
Indonesia eSIM 5GB 30Days		0325HS7JRSF	ID_5_30	5.19	0	25/03/2026 10:06:23 MET		y	1			11				B0FR8XW5DR						B0FR8XW5DR			0	DEFAULT	Migrated Template	Inactive		
Irlanda eSIM 20GB 30Days		0325HSJ5QCH	IE_20_30	18.7	0	25/03/2026 11:02:27 MET		y	1			11				B0FR9SZG2Z						B0FR9SZG2Z			0	DEFAULT	Migrated Template	Inactive		
Irlanda eSIM 3GB 15Days		0325HRZVDTF	IE_3_15	6.94	0	25/03/2026 09:56:01 MET		y	1			11				B0FR8XV57F						B0FR8XV57F			0	DEFAULT	Migrated Template	Inactive		
Irlanda eSIM 5GB 30Days		0325HSNQ763	IE_5_30	6.41	0	25/03/2026 10:44:23 MET		y	1			11				B0FR9GYKQL						B0FR9GYKQL			0	DEFAULT	Migrated Template	Inactive		
Israele eSIM 20GB 30Days		0812HPYP8A4	IL_20_30	27.6	0	12/08/2026 15:26:09 MEST		y	1			11				B0FR9K8SQ1						B0FR9K8SQ1			0	DEFAULT	Migrated Template	Inactive		
Israele eSIM 3GB 15Days		0812HPVW7AZ	IL_3_15	6.98	0	12/08/2026 15:29:19 MEST		y	1			11				B0FR9M11H1						B0FR9M11H1			0	DEFAULT	Migrated Template	Inactive		
Israele eSIM 5GB 30Days		0812HQ0DHV9	IL_5_30	9.89	0	12/08/2026 15:28:16 MEST		y	1			11				B0FR8XVZZM						B0FR8XVZZM			0	DEFAULT	Migrated Template	Inactive		
Isola di Man eSIM 20GB 30Days		0812HQ2T6IA	IM_20_30	22.36	0	12/08/2026 15:28:31 MEST		y	1			11				B0FR9CB5LK						B0FR9CB5LK			0	DEFAULT	Migrated Template	Inactive		
Isola di Man eSIM 3GB 15Days		0812HPTZ0UC	IM_3_15	5.23	0	12/08/2026 15:27:16 MEST		y	1			11				B0FR9LZ7RL						B0FR9LZ7RL			0	DEFAULT	Migrated Template	Inactive		
Isola di Man eSIM 5GB 30Days		0812HPU08F0	IM_5_30	8.15	0	12/08/2026 15:26:59 MEST		y	1			11				B0FR9M27XY						B0FR9M27XY			0	DEFAULT	Migrated Template	Inactive		
Indonesia eSIM 3GB 15Days	Indonesia eSIM 3GB 15Days - high speed internet - mobile data 5G compatible	0701HVR0RMQ	INDONESIA-3GB-15D	7.99	0	01/07/2026 05:13:07 MEST		y	4			11				B0FR9T6QPZ						8721438403707			0	DEFAULT	Migrated Template	Inactive		
India eSIM 20GB 30Days		0328H5VOFLZ	IN_20_30	42.31	0	28/03/2026 16:04:43 MET		y	1			11				B0FR9DYMHX						B0FR9DYMHX			0	DEFAULT	Migrated Template	Inactive		
India eSIM 3GB 15Days		0325HRWZ8QB	IN_3_15	12.8	0	25/03/2026 09:18:31 MET		y	1			11				B0FR9ZM116						B0FR9ZM116			0	DEFAULT	Migrated Template	Inactive		
India eSIM 5GB 30Days		0325HS82DQX	IN_5_30	17.48	0	25/03/2026 10:05:28 MET		y	1			11				B0FR9GXWN9						B0FR9GXWN9			0	DEFAULT	Migrated Template	Inactive		
Iraq eSIM 20GB 30Days	Iraq eSIM 20GB 30Days - high speed internet - mobile data 5G compatible	0630HU532N0	IRAQ-20GB-30D	31.99	0	30/06/2026 18:29:15 MEST		y	4			11				B0H6M956TN						8721438409259			0	DEFAULT	Migrated Template	Inactive		
Iraq eSIM 3GB 15Days	Iraq eSIM 3GB 15Days - high speed internet - mobile data 5G compatible	0630HU4XBOU	IRAQ-3GB-15D	9.99	0	30/06/2026 18:23:06 MEST		y	4			11				B0H6MGX6P7						8721438409235			0	DEFAULT	Migrated Template	Inactive		
Iraq eSIM 5GB 30Days	Iraq eSIM 5GB 30Days - high speed internet - mobile data 5G compatible	0630HU4X6HQ	IRAQ-5GB-30D	15.99	0	30/06/2026 18:26:19 MEST		y	4			11				B0H6MFRHZN						8721438409242			0	DEFAULT	Migrated Template	Inactive		
Islanda eSIM 20GB 30Days		0812HPYSBTE	IS_20_30	27.69	0	12/08/2026 15:22:16 MEST		y	1			11				B0FR9GX6LF						B0FR9GX6LF			0	DEFAULT	Migrated Template	Inactive		
Islanda eSIM 3GB 15Days		0812HQ2JMG1	IS_3_15	6.41	0	12/08/2026 15:23:40 MEST		y	1			11				B0FR9TBBK1						B0FR9TBBK1			0	DEFAULT	Migrated Template	Inactive		
Islanda eSIM 5GB 30Days		0812HQ0D057	IS_5_30	9.92	0	12/08/2026 15:29:28 MEST		y	1			11				B0FR9ZWQBD						B0FR9ZWQBD			0	DEFAULT	Migrated Template	Inactive		
Italia eSIM 3GB 15Days	Italy eSIM 3GB 15Days - high speed internet - mobile data 5G compatible	0701HVVOC9V	ITALY-3GB-15D	7.99	0	01/07/2026 05:57:49 MEST		y	4			11				B0FR9GXZ18						8721438404100			0	DEFAULT	Migrated Template	Inactive		
Italia eSIM 20GB 30Days		0325HSAOBUN	IT_20_30	17.53	0	25/03/2026 10:06:01 MET		y	1			11				B0FR9RNZV2						B0FR9RNZV2			0	DEFAULT	Migrated Template	Inactive		
Italia eSIM 3GB 15Days		0325HSHHZN7	IT_3_15	6.99	0	25/03/2026 10:10:13 MET		y	1			11				B0FR9GXZ18						B0FR9GXZ18			0	DEFAULT	Migrated Template	Inactive		
Italia eSIM 5GB 30Days		0325HRY7G23	IT_5_30	5.23	0	25/03/2026 08:52:33 MET		y	1			11				B0FR9ZR2TH						B0FR9ZR2TH			0	DEFAULT	Migrated Template	Inactive		
Giamaica eSIM 20GB 30Days	Jamaica eSIM 20GB 30Days - high speed internet - mobile data 5G compatible	0630HUE9UUV	JAMAICA-20GB-30D	86.99	0	30/06/2026 18:38:59 MEST		y	4			11				B0H6MF52ZZ						8721438409280			0	DEFAULT	Migrated Template	Inactive		
Giamaica eSIM 3GB 15Days	Jamaica eSIM 3GB 15Days - high speed internet - mobile data 5G compatible	0630HUK8EUQ	JAMAICA-3GB-15D	24.99	0	30/06/2026 18:32:28 MEST		y	4			11				B0H6MF3PNQ						8721438409266			0	DEFAULT	Migrated Template	Inactive		
Giamaica eSIM 5GB 30Days	Jamaica eSIM 5GB 30Days - high speed internet - mobile data 5G compatible	0630HUBJ8JG	JAMAICA-5GB-30D	30.99	0	30/06/2026 18:36:03 MEST		y	4			11				B0H6MJQCMF						8721438409273			0	DEFAULT	Migrated Template	Inactive		
Jersey eSIM 20GB 30Days		0812HPX9TQV	JE_20_30	13.98	0	12/08/2026 15:26:11 MEST		y	1			11				B0FR9CBQDH						B0FR9CBQDH			0	DEFAULT	Migrated Template	Inactive		
Jersey eSIM 3GB 15Days		0812HQ04O0U	JE_3_15	4.05	0	12/08/2026 15:26:26 MEST		y	1			11				B0FR9GYMR5						B0FR9GYMR5			0	DEFAULT	Migrated Template	Inactive		
Jersey eSIM 5GB 30Days		0812HQ07I27	JE_5_30	5.23	0	12/08/2026 15:28:13 MEST		y	1			11				B0FR9M27GP						B0FR9M27GP			0	DEFAULT	Migrated Template	Inactive		
Jordan eSIM 20GB 30Days		0812HPX51TB	JO_20_30	32.26	0	12/08/2026 15:21:40 MEST		y	1			11				B0FR9ST188						B0FR9ST188			0	DEFAULT	Migrated Template	Inactive		
Jordan eSIM 3GB 15Days		0812HPX3Y60	JO_3_15	8.74	0	12/08/2026 15:27:57 MEST		y	1			11				B0FR9M144Z						B0FR9M144Z			0	DEFAULT	Migrated Template	Inactive		
Jordan eSIM 5GB 30Days		0812HQ2OWK7	JO_5_30	12.27	0	12/08/2026 15:22:35 MEST		y	1			11				B0FR9ZTZNK						B0FR9ZTZNK			0	DEFAULT	Migrated Template	Inactive		
Giappone eSIM 20GB 30Days		0325HSF70IQ	JP_20_30	17.54	0	25/03/2026 10:43:44 MET		y	1			11				B0FR9RZKRB						B0FR9RZKRB			0	DEFAULT	Migrated Template	Inactive		
Giappone eSIM 3GB 15Days		0325HRVGZG8	JP_3_15	6.99	0	25/03/2026 08:52:08 MET		y	1			11				B0FR9LVZVQ						B0FR9LVZVQ			0	DEFAULT	Migrated Template	Inactive		
Giappone eSIM 5GB 30Days		0325HS6ZGKF	JP_5_30	5.23	0	25/03/2026 11:02:07 MET		y	1			11				B0FR9TLXXH						B0FR9TLXXH			0	DEFAULT	Migrated Template	Inactive		
Kazakistan eSIM 20GB 30Days	Kazakhstan eSIM 20GB 30Days - high speed internet - mobile data 5G compatible	0701HW0MI6D	KAZAKHSTAN-20GB-30D	19.99	0	01/07/2026 06:48:18 MEST		y	4			11				B0FR9TLNNW						8721438404483			0	DEFAULT	Migrated Template	Inactive		
Kazakistan eSIM 3GB 15Days	Kazakhstan eSIM 3GB 15Days - high speed internet - mobile data 5G compatible	0701HVZDL0P	KAZAKHSTAN-3GB-15D	7.99	0	01/07/2026 06:41:48 MEST		y	4			11				B0FR9T4DG2						8721438404452			0	DEFAULT	Migrated Template	Inactive		
Kazakistan eSIM 5GB 30Days	Kazakhstan eSIM 5GB 30Days - high speed internet - mobile data 5G compatible	0701HW1N21R	KAZAKHSTAN-5GB-30D	9.99	0	01/07/2026 06:45:12 MEST		y	4			11				B0FR9ZMMSH						8721438404469			0	DEFAULT	Migrated Template	Inactive		
Kenya eSIM 3GB 15Days	Kenya eSIM 3GB 15Days - high speed internet - mobile data 5G compatible	0701HVW8WZE	KENYA-3GB-15D	13.99	0	01/07/2026 06:52:04 MEST		y	4			11				B0FR9GZ14G						8721438404506			0	DEFAULT	Migrated Template	Inactive		
Kenya eSIM 5GB 30Days	Kenya eSIM 5GB 30Days - high speed internet - mobile data 5G compatible	0701HVWBJD1	KENYA-5GB-30D	14.99	0	01/07/2026 06:56:02 MEST		y	4			11				B0FR9T4DG6						8721438404513			0	DEFAULT	Migrated Template	Inactive		
Kenya eSIM 3GB 15Days		0325HS5N8OX	KE_3_15	27.07	0	25/03/2026 09:50:05 MET		y	1			11				B0FR9GZ14G						B0FR9GZ14G			0	DEFAULT	Migrated Template	Inactive		
Kenya eSIM 5GB 30Days		0325HRYAM02	KE_5_30	36.45	0	25/03/2026 09:17:32 MET		y	1			11				B0FR9T4DG6						B0FR9T4DG6			0	DEFAULT	Migrated Template	Inactive		
Kyrgyzstan eSIM 20GB 30Days		0812HPU1YGJ	KG_20_30	40.59	0	12/08/2026 15:24:16 MEST		y	1			11				B0FR8XXBHM						B0FR8XXBHM			0	DEFAULT	Migrated Template	Inactive		
Kyrgyzstan eSIM 3GB 15Days		0812HQ2O279	KG_3_15	9.89	0	12/08/2026 15:25:03 MEST		y	1			11				B0FR9TVF4R						B0FR9TVF4R			0	DEFAULT	Migrated Template	Inactive		
Cambogia eSIM 20GB 30Days		0812HQ65JBM	KH_20_30	40.59	0	12/08/2026 15:26:58 MEST		y	1			11				B0FR9GFJPL						B0FR9GFJPL			0	DEFAULT	Migrated Template	Inactive		
Cambogia eSIM 3GB 15Days		0812HQ07F15	KH_3_15	9.92	0	12/08/2026 15:24:08 MEST		y	1			11				B0FR8XKMJ4						B0FR8XKMJ4			0	DEFAULT	Migrated Template	Inactive		
Corea del Sud eSIM 20GB 30Days		0812HQAP9WI	KR_20_30	13.98	0	12/08/2026 17:45:00 MEST		y	1			11				B0FRC4P51Z						B0FRC4P51Z			0	DEFAULT	Migrated Template	Inactive		
Corea del Sud eSIM 3GB 15Days		0812HQ9U8Z9	KR_3_15	4.05	0	12/08/2026 17:40:37 MEST		y	1			11				B0FRC4RTDF						B0FRC4RTDF			0	DEFAULT	Migrated Template	Inactive		
Corea del Sud eSIM 5GB 30Days		0812HQF6R3V	KR_5_30	5.23	0	12/08/2026 17:46:38 MEST		y	1			11				B0FRD9LC4C						B0FRD9LC4C			0	DEFAULT	Migrated Template	Inactive		
Kuwait eSIM 20GB 30Days	Kuwait eSIM 20GB 30Days - high speed internet - mobile data 5G compatible	0701HVZMJ05	KUWAIT-20GB-30D	35.99	0	01/07/2026 07:06:29 MEST		y	4			11				B0FR9KBF4P						8721438404599			0	DEFAULT	Migrated Template	Inactive		
Kuwait eSIM 3GB 15Days	Kuwait eSIM 3GB 15Days - high speed internet - mobile data 5G compatible	0701HVT9F7S	KUWAIT-3GB-15D	9.99	0	01/07/2026 06:59:38 MEST		y	4			11				B0FR9LZJ3X						8721438404568			0	DEFAULT	Migrated Template	Inactive		
Kuwait eSIM 5GB 30Days	Kuwait eSIM 5GB 30Days - high speed internet - mobile data 5G compatible	0701HVQKE4M	KUWAIT-5GB-30D	15.99	0	01/07/2026 07:03:12 MEST		y	4			11				B0FR9M2TXP						8721438404582			0	DEFAULT	Migrated Template	Inactive		
Kuwait eSIM 20GB 30Days		0812HPXDG6D	KW_20_30	40.54	0	12/08/2026 15:30:23 MEST		y	1			11				B0FR9KBF4P						B0FR9KBF4P			0	DEFAULT	Migrated Template	Inactive		
Kuwait eSIM 3GB 15Days		0812HPU4OPQ	KW_3_15	9.89	0	12/08/2026 15:30:39 MEST		y	1			11				B0FR9LZJ3X						B0FR9LZJ3X			0	DEFAULT	Migrated Template	Inactive		
Kuwait eSIM 5GB 30Days		0812HPV895T	KW_5_30	14.57	0	12/08/2026 15:25:10 MEST		y	1			11				B0FR9M2TXP						B0FR9M2TXP			0	DEFAULT	Migrated Template	Inactive		
Kyrgyzstan eSIM 20GB 30Days	Kyrgyzstan eSIM 20GB 30Days - high speed internet - mobile data 5G compatible	0701HVQPXZ7	KYRGYZSTAN-20GB-30D	18.99	0	01/07/2026 07:13:06 MEST		y	4			11				B0FR8XXBHM						8721438404629			0	DEFAULT	Migrated Template	Inactive		
Kyrgyzstan eSIM 3GB 15Days	Kyrgyzstan eSIM 3GB 15Days - high speed internet - mobile data 5G compatible	0701HW3UDCX	KYRGYZSTAN-3GB-15D	7.99	0	01/07/2026 07:09:42 MEST		y	4			11				B0FR9TVF4R						8721438404612			0	DEFAULT	Migrated Template	Inactive		
Kazakistan eSIM 20GB 30Days		0812HQ0ESTS	KZ_20_30	27.67	0	12/08/2026 15:30:29 MEST		y	1			11				B0FR9TLNNW						B0FR9TLNNW			0	DEFAULT	Migrated Template	Inactive		
Kazakistan eSIM 3GB 15Days		0812HPU12BC	KZ_3_15	6.99	0	12/08/2026 15:26:49 MEST		y	1			11				B0FR9T4DG2						B0FR9T4DG2			0	DEFAULT	Migrated Template	Inactive		
Kazakistan eSIM 5GB 30Days		0812HQ0ELI3	KZ_5_30	9.92	0	12/08/2026 15:27:45 MEST		y	1			11				B0FR9ZMMSH						B0FR9ZMMSH			0	DEFAULT	Migrated Template	Inactive		
Laos eSIM 20GB 30Days	Laos eSIM 20GB 30Days - high speed internet - mobile data 5G compatible	0630HUBA2FW	LAOS-20GB-30D	34.99	0	30/06/2026 18:47:52 MEST		y	4			11				B0H6MBWGX1						8721438409310			0	DEFAULT	Migrated Template	Inactive		
Laos eSIM 3GB 15Days	Laos eSIM 3GB 15Days - high speed internet - mobile data 5G compatible	0630HU5CJ6O	LAOS-3GB-15D	9.99	0	30/06/2026 18:41:51 MEST		y	4			11				B0H6M96WPB						8721438409297			0	DEFAULT	Migrated Template	Inactive		
Laos eSIM 5GB 30Days	Laos eSIM 5GB 30Days - high speed internet - mobile data 5G compatible	0630HU58MVZ	LAOS-5GB-30D	15.99	0	30/06/2026 18:45:06 MEST		y	4			11				B0H6MBJN5B						8721438409303			0	DEFAULT	Migrated Template	Inactive		
Lettonia eSIM 20GB 30Days	Latvia eSIM 20GB 30Days - high speed internet - mobile data 5G compatible	0701HW5BI0D	LATVIA-20GB-30D	14.99	0	01/07/2026 07:23:14 MEST		y	4			11				B0FR9SWN6V						8721438404681			0	DEFAULT	Migrated Template	Inactive		
Lettonia eSIM 3GB 15Days	Latvia eSIM 3GB 15Days - high speed internet - mobile data 5G compatible	0701HW5JVJT	LATVIA-3GB-15D	7.99	0	01/07/2026 07:16:33 MEST		y	4			11				B0FR9VM4K6						8721438404643			0	DEFAULT	Migrated Template	Inactive		
Lettonia eSIM 5GB 30Days	Latvia eSIM 5GB 30Days - high speed internet - mobile data 5G compatible	0701HW59SIY	LATVIA-5GB-30D	8.99	0	01/07/2026 07:19:57 MEST		y	4			11				B0FR9TR99S						8721438404667			0	DEFAULT	Migrated Template	Inactive		
Liberia eSIM 3GB 15Days	Liberia eSIM 3GB 15Days - high speed internet - mobile data 5G compatible	0701HY31AF2	LIBERIA-3GB-15D	19.99	0	01/07/2026 15:00:38 MEST		y	4			11				B0FR9H18JQ						8721438404711			0	DEFAULT	Migrated Template	Inactive		
Liberia eSIM 5GB 30Days	Liberia eSIM 5GB 30Days - high speed internet - mobile data 5G compatible	0701HW7K1HR	LIBERIA-5GB-30D	33.99	0	01/07/2026 07:29:33 MEST		y	4			11				B0FR9SJ1YH						8721438404728			0	DEFAULT	Migrated Template	Inactive		
Libia eSIM 20GB 30Days	Libya eSIM 20GB 30Days - high speed internet - mobile data 5G compatible	0630HUER25I	LIBYA-20GB-30D	125.99	0	30/06/2026 18:57:16 MEST		y	4			11				B0H6MFWD2Y						8721438409341			0	DEFAULT	Migrated Template	Inactive		
Libia eSIM 3GB 15Days	Libya eSIM 3GB 15Days - high speed internet - mobile data 5G compatible	0630HUHT0WT	LIBYA-3GB-15D	32.99	0	30/06/2026 18:50:56 MEST		y	4			11				B0H6MBYGXZ						8721438409327			0	DEFAULT	Migrated Template	Inactive		
Libia eSIM 5GB 30Days	Libya eSIM 5GB 30Days - high speed internet - mobile data 5G compatible	0630HUHC7FL	LIBYA-5GB-30D	43.99	0	30/06/2026 18:54:10 MEST		y	4			11				B0H6M5PVSB						8721438409334			0	DEFAULT	Migrated Template	Inactive		
Liechtenstein eSIM 3GB 15Days	Liechtenstein eSIM 3GB 15Days - high speed internet - mobile data 5G compatible	0701HVWOV94	LIECHTENSTEIN-3GB-15D	7.99	0	01/07/2026 07:32:57 MEST		y	4			11				B0FR9S35ZH						8721438404742			0	DEFAULT	Migrated Template	Inactive		
Lituania eSIM 20GB 30Days	Lithuania eSIM 20GB 30Days - high speed internet - mobile data 5G compatible	0701HVWSLPC	LITHUANIA-20GB-30D	16.99	0	01/07/2026 07:44:10 MEST		y	4			11				B0FR9TQN8N						8721438404810			0	DEFAULT	Migrated Template	Inactive		
Lituania eSIM 3GB 15Days	Lithuania eSIM 3GB 15Days - high speed internet - mobile data 5G compatible	0701HW6FYOW	LITHUANIA-3GB-15D	7.99	0	01/07/2026 07:36:58 MEST		y	4			11				B0FR9KS3P4						8721438404773			0	DEFAULT	Migrated Template	Inactive		
Lituania eSIM 5GB 30Days	Lithuania eSIM 5GB 30Days - high speed internet - mobile data 5G compatible	0701HW26HUY	LITHUANIA-5GB-30D	8.99	0	01/07/2026 07:40:33 MEST		y	4			11				B0FR9R598C						8721438404797			0	DEFAULT	Migrated Template	Inactive		
Liechtenstein eSIM 3GB 15Days		0812HPU2C86	LI_3_15	6.39	0	12/08/2026 15:26:01 MEST		y	1			11				B0FR9S35ZH						B0FR9S35ZH			0	DEFAULT	Migrated Template	Inactive		
Sri Lanka eSIM 20GB 30Days		0812HQEG8IC	LK_20_30	43.36	0	12/08/2026 17:38:16 MEST		y	1			11				B0FRC2DZN5						B0FRC2DZN5			0	DEFAULT	Migrated Template	Inactive		
Sri Lanka eSIM 3GB 15Days		0812HQAV8W4	LK_3_15	7.58	0	12/08/2026 17:41:03 MEST		y	1			11				B0FRB7Z1NW						B0FRB7Z1NW			0	DEFAULT	Migrated Template	Inactive		
Sri Lanka eSIM 5GB 30Days		0812HQELXXL	LK_5_30	12.24	0	12/08/2026 17:46:18 MEST		y	1			11				B0FRB64B8M						B0FRB64B8M			0	DEFAULT	Migrated Template	Inactive		
Liberia eSIM 3GB 15Days		0812HPX7HYN	LR_3_15	24.05	0	12/08/2026 15:21:26 MEST		y	1			11				B0FR9H18JQ						B0FR9H18JQ			0	DEFAULT	Migrated Template	Inactive		
Liberia eSIM 5GB 30Days		0812HQ49K3G	LR_5_30	34.01	0	12/08/2026 15:30:23 MEST		y	1			11				B0FR9SJ1YH						B0FR9SJ1YH			0	DEFAULT	Migrated Template	Inactive		
Lituania eSIM 20GB 30Days		0812HPX4H8U	LT_20_30	27.67	0	12/08/2026 15:26:53 MEST		y	1			11				B0FR9TQN8N						B0FR9TQN8N			0	DEFAULT	Migrated Template	Inactive		
Lituania eSIM 3GB 15Days		0812HQ6DR49	LT_3_15	4.65	0	12/08/2026 15:24:28 MEST		y	1			11				B0FR9KS3P4						B0FR9KS3P4			0	DEFAULT	Migrated Template	Inactive		
Lituania eSIM 5GB 30Days		0812HQ1J4UW	LT_5_30	6.41	0	12/08/2026 15:28:44 MEST		y	1			11				B0FR9R598C						B0FR9R598C			0	DEFAULT	Migrated Template	Inactive		
Lussemburgo eSIM 20GB 30Days	Luxembourg eSIM 20GB 30Days - high speed internet - mobile data 5G compatible	0701HW7GB85	LUXEMBOURG-20GB-30D	16.99	0	01/07/2026 07:54:38 MEST		y	4			11				B0FR8XXXZB						8721438404889			0	DEFAULT	Migrated Template	Inactive		
Lussemburgo eSIM 3GB 15Days	Luxembourg eSIM 3GB 15Days - high speed internet - mobile data 5G compatible	0701HW5RD3R	LUXEMBOURG-3GB-15D	7.99	0	01/07/2026 07:48:07 MEST		y	4			11				B0FR9SHRKM						8721438404841			0	DEFAULT	Migrated Template	Inactive		
Lussemburgo eSIM 5GB 30Days	Luxembourg eSIM 5GB 30Days - high speed internet - mobile data 5G compatible	0701HW2Y6V1	LUXEMBOURG-5GB-30D	8.99	0	01/07/2026 07:51:11 MEST		y	4			11				B0FR9SB862						8721438404865			0	DEFAULT	Migrated Template	Inactive		
Lussemburgo eSIM 20GB 30Days		0812HPX95XI	LU_20_30	18.07	0	12/08/2026 15:30:43 MEST		y	1			11				B0FR8XXXZB						B0FR8XXXZB			0	DEFAULT	Migrated Template	Inactive		
Lussemburgo eSIM 3GB 15Days		0812HQ1FFJ9	LU_3_15	4.65	0	12/08/2026 15:25:47 MEST		y	1			11				B0FR9SHRKM						B0FR9SHRKM			0	DEFAULT	Migrated Template	Inactive		
Lussemburgo eSIM 5GB 30Days		0812HPYVJCN	LU_5_30	6.41	0	12/08/2026 15:24:56 MEST		y	1			11				B0FR9SB862						B0FR9SB862			0	DEFAULT	Migrated Template	Inactive		
Lettonia eSIM 20GB 30Days		0812HQ1UIFH	LV_20_30	18.12	0	12/08/2026 15:23:42 MEST		y	1			11				B0FR9SWN6V						B0FR9SWN6V			0	DEFAULT	Migrated Template	Inactive		
Lettonia eSIM 3GB 15Days		0812HQ2PX4P	LV_3_15	4.65	0	12/08/2026 15:29:06 MEST		y	1			11				B0FR9VM4K6						B0FR9VM4K6			0	DEFAULT	Migrated Template	Inactive		
Lettonia eSIM 5GB 30Days		0812HQ3J2HG	LV_5_30	6.39	0	12/08/2026 15:24:26 MEST		y	1			11				B0FR9TR99S						B0FR9TR99S			0	DEFAULT	Migrated Template	Inactive		
Macao eSIM 20GB 30Days	Macao eSIM 20GB 30Days - high speed internet - mobile data 5G compatible	0701HW66CLX	MACAO-20GB-30D	14.99	0	01/07/2026 08:04:02 MEST		y	4			11				B0FR9CDBN2						8721438404957			0	DEFAULT	Migrated Template	Inactive		
Macao eSIM 3GB 15Days	Macao eSIM 3GB 15Days - high speed internet - mobile data 5G compatible	0701HW5LH95	MACAO-3GB-15D	7.99	0	01/07/2026 07:57:41 MEST		y	4			11				B0FR9M485M						8721438404919			0	DEFAULT	Migrated Template	Inactive		
Macao eSIM 5GB 30Days	Macao eSIM 5GB 30Days - high speed internet - mobile data 5G compatible	0701HWAOJAZ	MACAO-5GB-30D	8.99	0	01/07/2026 08:00:55 MEST		y	4			11				B0FR9L9624						8721438404933			0	DEFAULT	Migrated Template	Inactive		
Madagascar eSIM 3GB 15Days	Madagascar eSIM 3GB 15Days - high speed internet - mobile data 5G compatible	0701HWAWJA2	MADAGASCAR-3GB-15D	25.99	0	01/07/2026 08:07:36 MEST		y	4			11				B0FR9H2NS1						8721438404988			0	DEFAULT	Migrated Template	Inactive		
Malawi eSIM 3GB 15Days	Malawi eSIM 3GB 15Days - high speed internet - mobile data 5G compatible	0701HW955DP	MALAWI-3GB-15D	16.99	0	01/07/2026 08:10:57 MEST		y	4			11				B0FR9H3JDK						8721438405008			0	DEFAULT	Migrated Template	Inactive		
Malawi eSIM 5GB 30Days	Malawi eSIM 5GB 30Days - high speed internet - mobile data 5G compatible	0701HW8QXW8	MALAWI-5GB-30D	27.99	0	01/07/2026 08:14:21 MEST		y	4			11				B0FR9GXY24						8721438405015			0	DEFAULT	Migrated Template	Inactive		
Malesia eSIM 20GB 30Days	Malaysia eSIM 20GB 30Days - high speed internet - mobile data 5G compatible	0701HWC069N	MALAYSIA-20GB-30D	14.99	0	01/07/2026 08:25:56 MEST		y	4			11				B0FR9VMWYD						8721438405060			0	DEFAULT	Migrated Template	Inactive		
Malesia eSIM 3GB 15Days	Malaysia eSIM 3GB 15Days - high speed internet - mobile data 5G compatible	0701HW9VJBI	MALAYSIA-3GB-15D	7.99	0	01/07/2026 08:18:17 MEST		y	4			11				B0FR9H1Q65						8721438405039			0	DEFAULT	Migrated Template	Inactive		
Malesia eSIM 5GB 30Days	Malaysia eSIM 5GB 30Days - high speed internet - mobile data 5G compatible	0701HWA0MA5	MALAYSIA-5GB-30D	8.99	0	01/07/2026 08:22:15 MEST		y	4			11				B0FR9LDGX8						8721438405046			0	DEFAULT	Migrated Template	Inactive		
Maldive eSIM 20GB 30Days	Maldives eSIM 20GB 30Days - high speed internet - mobile data 5G compatible	0630HUBQULT	MALDIVES-20GB-30D	116.99	0	30/06/2026 19:06:39 MEST		y	4			11				B0H6MM5SCJ						8721438409372			0	DEFAULT	Migrated Template	Inactive		
Maldive eSIM 3GB 15Days	Maldives eSIM 3GB 15Days - high speed internet - mobile data 5G compatible	0630HUJAB0R	MALDIVES-3GB-15D	32.99	0	30/06/2026 19:00:19 MEST		y	4			11				B0H6MD6Y71						8721438409358			0	DEFAULT	Migrated Template	Inactive		
Maldive eSIM 5GB 30Days	Maldives eSIM 5GB 30Days - high speed internet - mobile data 5G compatible	0630HUMY1QE	MALDIVES-5GB-30D	43.99	0	30/06/2026 19:03:32 MEST		y	4			11				B0H6MJQZ8Y						8721438409365			0	DEFAULT	Migrated Template	Inactive		
Mali eSIM 3GB 15Days	Mali eSIM 3GB 15Days - high speed internet - mobile data 5G compatible	0701HWCQD77	MALI-3GB-15D	19.99	0	01/07/2026 08:29:43 MEST		y	4			11				B0FR9TRDSY						8721438405121			0	DEFAULT	Migrated Template	Inactive		
Malta eSIM 20GB 30Days	Malta eSIM 20GB 30Days - high speed internet - mobile data 5G compatible	0701HWD8JEL	MALTA-20GB-30D	14.99	0	01/07/2026 08:40:47 MEST		y	4			11				B0FR9VL1Q9						8721438405183			0	DEFAULT	Migrated Template	Inactive		
Malta eSIM 3GB 15Days	Malta eSIM 3GB 15Days - high speed internet - mobile data 5G compatible	0701HWDT11W	MALTA-3GB-15D	7.99	0	01/07/2026 08:33:45 MEST		y	4			11				B0FR9M3PNR						8721438405145			0	DEFAULT	Migrated Template	Inactive		
Malta eSIM 5GB 30Days	Malta eSIM 5GB 30Days - high speed internet - mobile data 5G compatible	0701HWDXTWJ	MALTA-5GB-30D	8.99	0	01/07/2026 08:37:30 MEST		y	4			11				B0FR9ZSMTC						8721438405169			0	DEFAULT	Migrated Template	Inactive		
Martinica eSIM 20GB 30Days	Martinique eSIM 20GB 30Days - high speed internet - mobile data 5G compatible	0630HUM3J12	MARTINIQUE-20GB-30D	16.99	0	30/06/2026 19:16:04 MEST		y	4			11				B0H6MH94KV						8721438409402			0	DEFAULT	Migrated Template	Inactive		
Martinica eSIM 3GB 15Days	Martinique eSIM 3GB 15Days - high speed internet - mobile data 5G compatible	0630HUBSGZE	MARTINIQUE-3GB-15D	7.99	0	30/06/2026 19:10:14 MEST		y	4			11				B0H6M7SBFQ						8721438409389			0	DEFAULT	Migrated Template	Inactive		
Martinica eSIM 5GB 30Days	Martinique eSIM 5GB 30Days - high speed internet - mobile data 5G compatible	0630HUHNGRJ	MARTINIQUE-5GB-30D	8.99	0	30/06/2026 19:13:18 MEST		y	4			11				B0H6MKCD1X						8721438409396			0	DEFAULT	Migrated Template	Inactive		
Mauritius eSIM 3GB 15Days	Mauritius eSIM 3GB 15Days - high speed internet - mobile data 5G compatible	0701HY4SUP1	MAURITIUS-3GB-15D	15.99	0	01/07/2026 16:20:42 MEST		y	4			11				B0H2FYRLRC						8721438408382			0	DEFAULT	Migrated Template	Inactive		
Mauritius eSIM 5GB 30Days	Mauritius eSIM 5GB 30Days - high speed internet - mobile data 5G compatible	0701HY4QNPN	MAURITIUS-5GB-30D	17.99	0	01/07/2026 16:24:39 MEST		y	4			11				B0H2G2XMS3						8721438408399			0	DEFAULT	Migrated Template	Inactive		
Mayotte eSIM 20GB 30Days	Mayotte eSIM 20GB 30Days - high speed internet - mobile data 5G compatible	0630HU5VDXL	MAYOTTE-20GB-30D	16.99	0	30/06/2026 19:25:59 MEST		y	4			11				B0H6M5L8MC						8721438409433			0	DEFAULT	Migrated Template	Inactive		
Mayotte eSIM 3GB 15Days	Mayotte eSIM 3GB 15Days - high speed internet - mobile data 5G compatible	0630HU5RX0W	MAYOTTE-3GB-15D	7.99	0	30/06/2026 19:19:28 MEST		y	4			11				B0H6MFWP88						8721438409419			0	DEFAULT	Migrated Template	Inactive		
Mayotte eSIM 5GB 30Days	Mayotte eSIM 5GB 30Days - high speed internet - mobile data 5G compatible	0630HUH5NJH	MAYOTTE-5GB-30D	8.99	0	30/06/2026 19:22:42 MEST		y	4			11				B0H6MD9C4Y						8721438409426			0	DEFAULT	Migrated Template	Inactive		
Marocco eSIM 20GB 30Days		0325HS3KQV6	MA_20_30	30.59	0	25/03/2026 10:04:50 MET		y	1			11				B0FR9M57DY						B0FR9M57DY			0	DEFAULT	Migrated Template	Inactive		
Marocco eSIM 3GB 15Days		0325HSC77Y8	MA_3_15	9.32	0	25/03/2026 11:10:14 MET		y	1			11				B0FR9CFZQR						B0FR9CFZQR			0	DEFAULT	Migrated Template	Inactive		
Marocco eSIM 5GB 30Days		0325HSE2VXP	MA_5_30	9.92	0	25/03/2026 10:10:19 MET		y	1			11				B0FR9CDDQ8						B0FR9CDDQ8			0	DEFAULT	Migrated Template	Inactive		
Monaco eSIM 3GB 15Days		0812HQ070N0	MC_3_15	28.84	0	12/08/2026 15:23:42 MEST		y	1			11				B0FR9ZS6GM						B0FR9ZS6GM			0	DEFAULT	Migrated Template	Inactive		
Monaco eSIM 5GB 30Days		0812HPYO8VQ	MC_5_30	41.72	0	12/08/2026 15:30:22 MEST		y	1			11				B0FR9H1H4M						B0FR9H1H4M			0	DEFAULT	Migrated Template	Inactive		
Moldavia eSIM 3GB 15Days		0812HQ22QOT	MD_3_15	8.71	0	12/08/2026 15:29:06 MEST		y	1			11				B0FR9CFQYY						B0FR9CFQYY			0	DEFAULT	Migrated Template	Inactive		
Medio Oriente eSIM 5GB 30Days		0812HQ091FF	ME-13_5_30	41.71	0	12/08/2026 15:24:07 MEST		y	1			11				B0FR9SYKP6						B0FR9SYKP6			0	DEFAULT	Migrated Template	Inactive		
Messico eSIM 20GB 30Days	Mexico eSIM 20GB 30Days - high speed internet - mobile data 5G compatible	0701HWG299Y	MEXICO-20GB-30D	34.99	0	01/07/2026 08:51:56 MEST		y	4			11				B0FR9VDSJX						8721438405244			0	DEFAULT	Migrated Template	Inactive		
Messico eSIM 3GB 15Days	Mexico eSIM 3GB 15Days - high speed internet - mobile data 5G compatible	0701HWC0A5J	MEXICO-3GB-15D	11.99	0	01/07/2026 08:44:33 MEST		y	4			11				B0FR9SZSTG						8721438405220			0	DEFAULT	Migrated Template	Inactive		
Messico eSIM 5GB 30Days	Mexico eSIM 5GB 30Days - high speed internet - mobile data 5G compatible	0701HWE0G6K	MEXICO-5GB-30D	13.99	0	01/07/2026 08:48:29 MEST		y	4			11				B0FR9H2K1C						8721438405237			0	DEFAULT	Migrated Template	Inactive		
Montenegro eSIM 3GB 15Days		0812HPX7X0E	ME_3_15	9.92	0	12/08/2026 15:29:03 MEST		y	1			11				B0FR9R5HR7						B0FR9R5HR7			0	DEFAULT	Migrated Template	Inactive		
Madagascar eSIM 3GB 15Days		0812HQ0AILP	MG_3_15	18.65	0	12/08/2026 15:23:25 MEST		y	1			11				B0FR9H2NS1						B0FR9H2NS1			0	DEFAULT	Migrated Template	Inactive		
Medio Oriente eSIM 5GB 30Days	Middle East eSIM 5GB 30Days - high speed internet - mobile data 5G compatible	0701HWG5M4S	MIDDLE-EAST-5GB-30D	35.99	0	01/07/2026 08:55:19 MEST		y	4			11				B0FR9SYKP6						8721438405275			0	DEFAULT	Migrated Template	Inactive		
Macedonia del Nord eSIM 3GB 15Days		0812HQ9UH3F	MK_3_15	9.89	0	12/08/2026 17:44:33 MEST		y	1			11				B0FRB59DJS						B0FRB59DJS			0	DEFAULT	Migrated Template	Inactive		
Macedonia del Nord eSIM 5GB 30Days		0812HQB2XCF	MK_5_30	14.57	0	12/08/2026 17:43:15 MEST		y	1			11				B0FR9WNHHX						B0FR9WNHHX			0	DEFAULT	Migrated Template	Inactive		
Mali eSIM 3GB 15Days		0812HPZKP1L	ML_3_15	28.76	0	12/08/2026 15:23:56 MEST		y	1			11				B0FR9TRDSY						B0FR9TRDSY			0	DEFAULT	Migrated Template	Inactive		
Mongolia eSIM 3GB 15Days		0812HQ62P7Y	MN_3_15	54.45	0	12/08/2026 15:24:49 MEST		y	1			11				B0FR9LSYTX						B0FR9LSYTX			0	DEFAULT	Migrated Template	Inactive		
Moldavia eSIM 3GB 15Days	Moldova eSIM 3GB 15Days - high speed internet - mobile data 5G compatible	0701HWJUEIG	MOLDOVA-3GB-15D	7.99	0	01/07/2026 08:59:11 MEST		y	4			11				B0FR9CFQYY						8721438405299			0	DEFAULT	Migrated Template	Inactive		
Monaco eSIM 3GB 15Days	Monaco eSIM 3GB 15Days - high speed internet - mobile data 5G compatible	0701HWEFZY4	MONACO-3GB-15D	61.99	0	01/07/2026 09:03:03 MEST		y	4			11				B0FR9ZS6GM						8721438405312			0	DEFAULT	Migrated Template	Inactive		
Monaco eSIM 5GB 30Days	Monaco eSIM 5GB 30Days - high speed internet - mobile data 5G compatible	0701HWQ2OH3	MONACO-5GB-30D	84.99	0	01/07/2026 09:06:47 MEST		y	4			11				B0FR9H1H4M						8721438405329			0	DEFAULT	Migrated Template	Inactive		
Mongolia eSIM 3GB 15Days	Mongolia eSIM 3GB 15Days - high speed internet - mobile data 5G compatible	0701HWFLHV9	MONGOLIA-3GB-15D	15.99	0	01/07/2026 09:10:21 MEST		y	4			11				B0FR9LSYTX						8721438405343			0	DEFAULT	Migrated Template	Inactive		
Montenegro eSIM 3GB 15Days	Montenegro eSIM 3GB 15Days - high speed internet - mobile data 5G compatible	0701HWPQXKY	MONTENEGRO-3GB-15D	8.99	0	01/07/2026 09:13:18 MEST		y	4			11				B0FR9R5HR7						8721438405367			0	DEFAULT	Migrated Template	Inactive		
Montserrat eSIM 20GB 30Days	Montserrat eSIM 20GB 30Days - high speed internet - mobile data 5G compatible	0630HU5ZEDT	MONTSERRAT-20GB-30D	93.99	0	30/06/2026 19:35:56 MEST		y	4			11				B0H6MG87HK						8721438409464			0	DEFAULT	Migrated Template	Inactive		
Montserrat eSIM 3GB 15Days	Montserrat eSIM 3GB 15Days - high speed internet - mobile data 5G compatible	0630HUM1HW0	MONTSERRAT-3GB-15D	24.99	0	30/06/2026 19:29:23 MEST		y	4			11				B0H6MDJ2ZR						8721438409440			0	DEFAULT	Migrated Template	Inactive		
Montserrat eSIM 5GB 30Days	Montserrat eSIM 5GB 30Days - high speed internet - mobile data 5G compatible	0630HUDTSX6	MONTSERRAT-5GB-30D	32.99	0	30/06/2026 19:32:37 MEST		y	4			11				B0H6MGQ1Y4						8721438409457			0	DEFAULT	Migrated Template	Inactive		
Marocco eSIM 20GB 30Days	Morocco eSIM 20GB 30Days - high speed internet - mobile data 5G compatible	0701HWT9JMQ	MOROCCO-20GB-30D	26.99	0	01/07/2026 09:25:55 MEST		y	4			11				B0FR9M57DY						8721438405428			0	DEFAULT	Migrated Template	Inactive		
Marocco eSIM 3GB 15Days	Morocco eSIM 3GB 15Days - high speed internet - mobile data 5G compatible	0701HWGCVBZ	MOROCCO-3GB-15D	9.99	0	01/07/2026 09:18:16 MEST		y	4			11				B0FR9CFZQR						8721438405381			0	DEFAULT	Migrated Template	Inactive		
Marocco eSIM 5GB 30Days	Morocco eSIM 5GB 30Days - high speed internet - mobile data 5G compatible	0701HWM4UZY	MOROCCO-5GB-30D	13.99	0	01/07/2026 09:22:14 MEST		y	4			11				B0FR9CDDQ8						8721438405404			0	DEFAULT	Migrated Template	Inactive		
Mozambico eSIM 20GB 30Days	Mozambique eSIM 20GB 30Days - high speed internet - mobile data 5G compatible	0701HWMOO30	MOZAMBIQUE-20GB-30D	75.99	0	01/07/2026 09:33:47 MEST		y	4			11				B0FR9CFLS7						8721438405480			0	DEFAULT	Migrated Template	Inactive		
Mozambico eSIM 3GB 15Days	Mozambique eSIM 3GB 15Days - high speed internet - mobile data 5G compatible	0701HWKFD8C	MOZAMBIQUE-3GB-15D	19.99	0	01/07/2026 09:29:53 MEST		y	4			11				B0FRB1M6HK						8721438405473			0	DEFAULT	Migrated Template	Inactive		
Macao eSIM 20GB 30Days		0812HQ3M6N8	MO_20_30	13.98	0	12/08/2026 15:32:00 MEST		y	1			11				B0FR9CDBN2						B0FR9CDBN2			0	DEFAULT	Migrated Template	Inactive		
Macao eSIM 3GB 15Days		0812HQ480G2	MO_3_15	4.06	0	12/08/2026 15:27:31 MEST		y	1			11				B0FR9M485M						B0FR9M485M			0	DEFAULT	Migrated Template	Inactive		
Macao eSIM 5GB 30Days		0812HQ3QP4B	MO_5_30	5.23	0	12/08/2026 15:30:09 MEST		y	1			11				B0FR9L9624						B0FR9L9624			0	DEFAULT	Migrated Template	Inactive		
Malta eSIM 20GB 30Days		0812HPX56DR	MT_20_30	27.67	0	12/08/2026 15:29:13 MEST		y	1			11				B0FR9VL1Q9						B0FR9VL1Q9			0	DEFAULT	Migrated Template	Inactive		
Malta eSIM 3GB 15Days		0812HQ1EQQ2	MT_3_15	5.82	0	12/08/2026 15:28:49 MEST		y	1			11				B0FR9M3PNR						B0FR9M3PNR			0	DEFAULT	Migrated Template	Inactive		
Malta eSIM 5GB 30Days		0812HPU25P2	MT_5_30	9.92	0	12/08/2026 15:25:46 MEST		y	1			11				B0FR9ZSMTC						B0FR9ZSMTC			0	DEFAULT	Migrated Template	Inactive		
Malawi eSIM 3GB 15Days		0812HQ24GAR	MW_3_15	24.13	0	12/08/2026 15:25:13 MEST		y	1			11				B0FR9H3JDK						B0FR9H3JDK			0	DEFAULT	Migrated Template	Inactive		
Malawi eSIM 5GB 30Days		0812HPTXDU6	MW_5_30	34.01	0	12/08/2026 15:22:13 MEST		y	1			11				B0FR9GXY24						B0FR9GXY24			0	DEFAULT	Migrated Template	Inactive		
Messico eSIM 20GB 30Days		0812HQ2LQUI	MX_20_30	40.54	0	12/08/2026 15:24:45 MEST		y	1			11				B0FR9VDSJX						B0FR9VDSJX			0	DEFAULT	Migrated Template	Inactive		
Messico eSIM 3GB 15Days		0812HQ1DXSD	MX_3_15	9.92	0	12/08/2026 15:25:08 MEST		y	1			11				B0FR9SZSTG						B0FR9SZSTG			0	DEFAULT	Migrated Template	Inactive		
Messico eSIM 5GB 30Days		0812HPY9LAN	MX_5_30	14.6	0	12/08/2026 15:28:57 MEST		y	1			11				B0FR9H2K1C						B0FR9H2K1C			0	DEFAULT	Migrated Template	Inactive		
Malesia eSIM 20GB 30Days		0325HSIULYO	MY_20_30	17.53	0	25/03/2026 10:45:10 MET		y	1			11				B0FR9VMWYD						B0FR9VMWYD			0	DEFAULT	Migrated Template	Inactive		
Malesia eSIM 3GB 15Days		0325HST1XWQ	MY_3_15	6.94	0	25/03/2026 12:50:51 MET		y	1			11				B0FR9H1Q65						B0FR9H1Q65			0	DEFAULT	Migrated Template	Inactive		
Malesia eSIM 5GB 30Days		0325HRS0I27	MY_5_30	9.28	0	25/03/2026 08:53:21 MET		y	1			11				B0FR9LDGX8						B0FR9LDGX8			0	DEFAULT	Migrated Template	Inactive		
Mozambico eSIM 20GB 30Days		0812HPWY500	MZ_20_30	99.71	0	12/08/2026 15:29:45 MEST		y	1			11				B0FR9CFLS7						B0FR9CFLS7			0	DEFAULT	Migrated Template	Inactive		
Mozambico eSIM 3GB 15Days		0812HPYQROF	MZ_3_15	24.12	0	12/08/2026 15:26:04 MEST		y	1			11				B0FRB1M6HK						B0FRB1M6HK			0	DEFAULT	Migrated Template	Inactive		
Nord America eSIM 5GB 30Days		0812HQFKN0C	NA-3_5_30	14.88	0	12/08/2026 17:43:12 MEST		y	1			11				B0FRBDQ8H5						B0FRBDQ8H5			0	DEFAULT	Migrated Template	Inactive		
Nepal eSIM 3GB 15Days	Nepal eSIM 3GB 15Days - high speed internet - mobile data 5G compatible	0701HWTJ0BJ	NEPAL-3GB-15D	13.99	0	01/07/2026 09:37:22 MEST		y	4			11				B0FRB1TD7L						8721438405503			0	DEFAULT	Migrated Template	Inactive		
Paesi Bassi eSIM 20GB 30Days	Netherlands eSIM 20GB 30Days - high speed internet - mobile data 5G compatible	0701HWKOL8H	NETHERLANDS-20GB-30D	15.99	0	01/07/2026 09:49:13 MEST		y	4			11				B0FR9NG7LB						8721438405565			0	DEFAULT	Migrated Template	Inactive		
Paesi Bassi eSIM 3GB 15Days	Netherlands eSIM 3GB 15Days - high speed internet - mobile data 5G compatible	0701HWH28O5	NETHERLANDS-3GB-15D	7.99	0	01/07/2026 09:41:35 MEST		y	4			11				B0FRB5GNM2						8721438405527			0	DEFAULT	Migrated Template	Inactive		
Paesi Bassi eSIM 5GB 30Days	Netherlands eSIM 5GB 30Days - high speed internet - mobile data 5G compatible	0701HWW36K1	NETHERLANDS-5GB-30D	8.99	0	01/07/2026 09:45:32 MEST		y	4			11				B0FR9NHP7Q						8721438405541			0	DEFAULT	Migrated Template	Inactive		
Nuova Zelanda eSIM 20GB 30Days	New Zealand eSIM 20GB 30Days - high speed internet - mobile data 5G compatible	0701HWMZTBI	NEW-ZEALAND-20GB-30D	24.99	0	01/07/2026 09:59:30 MEST		y	4			11				B0FRB1TWT8						8721438405626			0	DEFAULT	Migrated Template	Inactive		
Nuova Zelanda eSIM 3GB 15Days	New Zealand eSIM 3GB 15Days - high speed internet - mobile data 5G compatible	0701HWM9VAO	NEW-ZEALAND-3GB-15D	8.99	0	01/07/2026 09:52:49 MEST		y	4			11				B0FR9NKXF5						8721438405596			0	DEFAULT	Migrated Template	Inactive		
Nuova Zelanda eSIM 5GB 30Days	New Zealand eSIM 5GB 30Days - high speed internet - mobile data 5G compatible	0701HWQHIZ3	NEW-ZEALAND-5GB-30D	10.99	0	01/07/2026 09:56:13 MEST		y	4			11				B0FR9NHFWQ						8721438405602			0	DEFAULT	Migrated Template	Inactive		
Niger eSIM 3GB 15Days		0812HPXB3NQ	NE_3_15	28.76	0	12/08/2026 15:30:35 MEST		y	1			11				B0FR9NPT1H						B0FR9NPT1H			0	DEFAULT	Migrated Template	Inactive		
Nigeria eSIM 3GB 15Days		0812HQA172X	NG_3_15	18.7	0	12/08/2026 17:38:17 MEST		y	1			11				B0FR9X17QY						B0FR9X17QY			0	DEFAULT	Migrated Template	Inactive		
Nicaragua eSIM 3GB 15Days	Nicaragua eSIM 3GB 15Days - high speed internet - mobile data 5G compatible	0701HWMP5YQ	NICARAGUA-3GB-15D	13.99	0	01/07/2026 10:02:54 MEST		y	4			11				B0FRB33MPG						8721438405695			0	DEFAULT	Migrated Template	Inactive		
Niger eSIM 3GB 15Days	Niger eSIM 3GB 15Days - high speed internet - mobile data 5G compatible	0701HWQXQSQ	NIGER-3GB-15D	16.99	0	01/07/2026 10:07:08 MEST		y	4			11				B0FR9NPT1H						8721438405718			0	DEFAULT	Migrated Template	Inactive		
Nigeria eSIM 3GB 15Days	Nigeria eSIM 3GB 15Days - high speed internet - mobile data 5G compatible	0701HWRBC0N	NIGERIA-3GB-15D	13.99	0	01/07/2026 10:11:22 MEST		y	4			11				B0FR9X17QY						8721438405732			0	DEFAULT	Migrated Template	Inactive		
Nicaragua eSIM 3GB 15Days		0812HQ1DXOI	NI_3_15	18.65	0	12/08/2026 15:23:55 MEST		y	1			11				B0FRB33MPG						B0FRB33MPG			0	DEFAULT	Migrated Template	Inactive		
Paesi Bassi eSIM 20GB 30Days		0325HS7T8BQ	NL_20_30	21.75	0	25/03/2026 10:06:52 MET		y	1			11				B0FR9NG7LB						B0FR9NG7LB			0	DEFAULT	Migrated Template	Inactive		
Paesi Bassi eSIM 3GB 15Days		0325HSGO2AC	NL_3_15	6.99	0	25/03/2026 11:35:36 MET		y	1			11				B0FRB5GNM2						B0FRB5GNM2			0	DEFAULT	Migrated Template	Inactive		
Paesi Bassi eSIM 5GB 30Days		0325HRTS6OH	NL_5_30	6.41	0	25/03/2026 09:17:50 MET		y	1			11				B0FR9NHP7Q						B0FR9NHP7Q			0	DEFAULT	Migrated Template	Inactive		
Nord America eSIM 5GB 30Days	North America eSIM 5GB 30Days - high speed internet - mobile data 5G compatible	0701HYOQCQY	NORTH-AMERICA-5GB-30D	15.99	0	01/07/2026 19:19:07 MEST		y	4			11				B0FRBDQ8H5						8721438405794			0	DEFAULT	Migrated Template	Inactive		
Macedonia del Nord eSIM 3GB 15Days	North Macedonia eSIM 3GB 15Days - high speed internet - mobile data 5G compatible	0701HWI7HSD	NORTH-MACEDONIA-3GB-15D	8.99	0	01/07/2026 10:19:51 MEST		y	4			11				B0FRB59DJS						8721438405862			0	DEFAULT	Migrated Template	Inactive		
Macedonia del Nord eSIM 5GB 30Days	North Macedonia eSIM 5GB 30Days - high speed internet - mobile data 5G compatible	0701HWX8KQU	NORTH-MACEDONIA-5GB-30D	13.99	0	01/07/2026 10:23:47 MEST		y	4			11				B0FR9WNHHX						8721438405879			0	DEFAULT	Migrated Template	Inactive		
Norvegia eSIM 20GB 30Days	Norway eSIM 20GB 30Days - high speed internet - mobile data 5G compatible	0701HWUM5EH	NORWAY-20GB-30D	14.99	0	01/07/2026 10:35:20 MEST		y	4			11				B0FRB572L8						8721438405930			0	DEFAULT	Migrated Template	Inactive		
Norvegia eSIM 3GB 15Days	Norway eSIM 3GB 15Days - high speed internet - mobile data 5G compatible	0701HYG5XI3	NORWAY-3GB-15D	7.99	0	01/07/2026 16:21:17 MEST		y	4			11				B0FR9WNK2H						8721438405893			0	DEFAULT	Migrated Template	Inactive		
Norvegia eSIM 5GB 30Days	Norway eSIM 5GB 30Days - high speed internet - mobile data 5G compatible	0701HWX6ZQA	NORWAY-5GB-30D	8.99	0	01/07/2026 10:31:42 MEST		y	4			11				B0FRBNPZ9D						8721438405916			0	DEFAULT	Migrated Template	Inactive		
Norvegia eSIM 20GB 30Days		0812HQB021H	NO_20_30	14.02	0	12/08/2026 17:44:00 MEST		y	1			11				B0FRB572L8						B0FRB572L8			0	DEFAULT	Migrated Template	Inactive		
Norvegia eSIM 3GB 15Days		0812HQHU2RY	NO_3_15	4.06	0	12/08/2026 17:40:32 MEST		y	1			11				B0FR9WNK2H						B0FR9WNK2H			0	DEFAULT	Migrated Template	Inactive		
Norvegia eSIM 5GB 30Days		0812HQEG8SK	NO_5_30	5.23	0	12/08/2026 17:41:26 MEST		y	1			11				B0FRBNPZ9D						B0FRBNPZ9D			0	DEFAULT	Migrated Template	Inactive		
Nepal eSIM 3GB 15Days		0812HPU27JM	NP_3_15	34.11	0	12/08/2026 15:31:18 MEST		y	1			11				B0FRB1TD7L						B0FRB1TD7L			0	DEFAULT	Migrated Template	Inactive		
Nuova Zelanda eSIM 20GB 30Days		0812HQ45GEK	NZ_20_30	23.56	0	12/08/2026 15:30:19 MEST		y	1			11				B0FRB1TWT8						B0FRB1TWT8			0	DEFAULT	Migrated Template	Inactive		
Nuova Zelanda eSIM 3GB 15Days		0812HQ3N6XK	NZ_3_15	5.82	0	12/08/2026 15:30:27 MEST		y	1			11				B0FR9NKXF5						B0FR9NKXF5			0	DEFAULT	Migrated Template	Inactive		
Nuova Zelanda eSIM 5GB 30Days		0812HQ0DFFN	NZ_5_30	9.31	0	12/08/2026 15:29:02 MEST		y	1			11				B0FR9NHFWQ						B0FR9NHFWQ			0	DEFAULT	Migrated Template	Inactive		
Oman eSIM 20GB 30Days	Oman eSIM 20GB 30Days - high speed internet - mobile data 5G compatible	0701HYCV4SA	OMAN-20GB-30D	32.99	0	01/07/2026 16:36:38 MEST		y	4			11				B0FRB4R3FK						8721438405992			0	DEFAULT	Migrated Template	Inactive		
Oman eSIM 3GB 15Days	Oman eSIM 3GB 15Days - high speed internet - mobile data 5G compatible	0701HWXN4L1	OMAN-3GB-15D	10.99	0	01/07/2026 10:39:18 MEST		y	4			11				B0FRB4BL4W						8721438405978			0	DEFAULT	Migrated Template	Inactive		
Oman eSIM 20GB 30Days		0812HQAQO24	OM_20_30	71.37	0	12/08/2026 17:38:57 MEST		y	1			11				B0FRB4R3FK						B0FRB4R3FK			0	DEFAULT	Migrated Template	Inactive		
Oman eSIM 3GB 15Days		0812HQED44Z	OM_3_15	14.6	0	12/08/2026 17:42:58 MEST		y	1			11				B0FRB4BL4W						B0FRB4BL4W			0	DEFAULT	Migrated Template	Inactive		
Pakistan eSIM 20GB 30Days	Pakistan eSIM 20GB 30Days - high speed internet - mobile data 5G compatible	0701HWS3O3J	PAKISTAN-20GB-30D	21.99	0	01/07/2026 10:54:48 MEST		y	4			11				B0FRB691X8						8721438406050			0	DEFAULT	Migrated Template	Inactive		
Pakistan eSIM 3GB 15Days	Pakistan eSIM 3GB 15Days - high speed internet - mobile data 5G compatible	0701HWU4Z14	PAKISTAN-3GB-15D	8.99	0	01/07/2026 10:47:13 MEST		y	4			11				B0FRB4HL3B						8721438406012			0	DEFAULT	Migrated Template	Inactive		
Pakistan eSIM 5GB 30Days	Pakistan eSIM 5GB 30Days - high speed internet - mobile data 5G compatible	0701HWOW99K	PAKISTAN-5GB-30D	9.99	0	01/07/2026 10:51:10 MEST		y	4			11				B0FRB48QKZ						8721438406036			0	DEFAULT	Migrated Template	Inactive		
Panama eSIM 3GB 15Days	Panama eSIM 3GB 15Days - high speed internet - mobile data 5G compatible	0701HWV59X9	PANAMA-3GB-15D	16.99	0	01/07/2026 10:58:46 MEST		y	4			11				B0FRB3VFW6						8721438406074			0	DEFAULT	Migrated Template	Inactive		
Paraguay eSIM 3GB 15Days	Paraguay eSIM 3GB 15Days - high speed internet - mobile data 5G compatible	0701HX1AX4E	PARAGUAY-3GB-15D	13.99	0	01/07/2026 11:03:01 MEST		y	4			11				B0FRB3V7CS						8721438406098			0	DEFAULT	Migrated Template	Inactive		
Panama eSIM 3GB 15Days		0812HQAIYRG	PA_3_15	21.73	0	12/08/2026 17:39:30 MEST		y	1			11				B0FRB3VFW6						B0FRB3VFW6			0	DEFAULT	Migrated Template	Inactive		
Perù eSIM 20GB 30Days	Peru eSIM 20GB 30Days - high speed internet - mobile data 5G compatible	0630HTLA85R	PERU-20GB-30D	41.99	0	30/06/2026 13:19:45 MEST		y	4			11				B0H6M8BLBD						8721438406128			0	DEFAULT	Migrated Template	Inactive		
Perù eSIM 3GB 15Days	Peru eSIM 3GB 15Days - high speed internet - mobile data 5G compatible	0630HTKZ0NA	PERU-3GB-15D	13.99	0	30/06/2026 13:15:31 MEST		y	4			11				B0H6M5WW3B						8721438406111			0	DEFAULT	Migrated Template	Inactive		
Filippine eSIM 20GB 30Days	Philippines eSIM 20GB 30Days - high speed internet - mobile data 5G compatible	0701HX1HNDK	PHILIPPINES-20GB-30D	22.99	0	01/07/2026 11:15:20 MEST		y	4			11				B0FRB4K2D4						8721438406173			0	DEFAULT	Migrated Template	Inactive		
Filippine eSIM 3GB 15Days	Philippines eSIM 3GB 15Days - high speed internet - mobile data 5G compatible	0701HWVSTEM	PHILIPPINES-3GB-15D	8.99	0	01/07/2026 11:07:17 MEST		y	4			11				B0FRB1GVXK						8721438406142			0	DEFAULT	Migrated Template	Inactive		
Filippine eSIM 5GB 30Days	Philippines eSIM 5GB 30Days - high speed internet - mobile data 5G compatible	0701HWVAF50	PHILIPPINES-5GB-30D	9.99	0	01/07/2026 11:11:16 MEST		y	4			11				B0FRB4VCKG						8721438406159			0	DEFAULT	Migrated Template	Inactive		
Filippine eSIM 20GB 30Days		0325HRQV182	PH_20_30	35.28	0	25/03/2026 08:47:11 MET		y	1			11				B0FRB4K2D4						B0FRB4K2D4			0	DEFAULT	Migrated Template	Inactive		
Filippine eSIM 3GB 15Days		0325HRQYWC5	PH_3_15	10.5	0	25/03/2026 08:52:21 MET		y	1			11				B0FRB1GVXK						B0FRB1GVXK			0	DEFAULT	Migrated Template	Inactive		
Filippine eSIM 5GB 30Days		0325HSCH2AM	PH_5_30	14.02	0	25/03/2026 11:37:26 MET		y	1			11				B0FRB4VCKG						B0FRB4VCKG			0	DEFAULT	Migrated Template	Inactive		
Pakistan eSIM 20GB 30Days		0812HQEKDA3	PK_20_30	32.35	0	12/08/2026 17:39:51 MEST		y	1			11				B0FRB691X8						B0FRB691X8			0	DEFAULT	Migrated Template	Inactive		
Pakistan eSIM 3GB 15Days		0812HQHT22N	PK_3_15	8.75	0	12/08/2026 17:47:45 MEST		y	1			11				B0FRB4HL3B						B0FRB4HL3B			0	DEFAULT	Migrated Template	Inactive		
Pakistan eSIM 5GB 30Days		0812HQHKAGW	PK_5_30	12.24	0	12/08/2026 17:38:24 MEST		y	1			11				B0FRB48QKZ						B0FRB48QKZ			0	DEFAULT	Migrated Template	Inactive		
Polonia eSIM 20GB 30Days		0325HSAVS7T	PL_20_30	17.53	0	25/03/2026 10:05:19 MET		y	1			11				B0FRB5HSK7						B0FRB5HSK7			0	DEFAULT	Migrated Template	Inactive		
Polonia eSIM 3GB 15Days		0325HRUHPE5	PL_3_15	6.99	0	25/03/2026 08:53:27 MET		y	1			11				B0FRB4JVKR						B0FRB4JVKR			0	DEFAULT	Migrated Template	Inactive		
Polonia eSIM 5GB 30Days		0325HSBVD5Y	PL_5_30	5.23	0	25/03/2026 10:52:13 MET		y	1			11				B0FRBDPQ9J						B0FRBDPQ9J			0	DEFAULT	Migrated Template	Inactive		
Polonia eSIM 20GB 30Days	Poland eSIM 20GB 30Days - high speed internet - mobile data 5G compatible	0701HX3Z6UB	POLAND-20GB-30D	14.99	0	01/07/2026 11:26:33 MEST		y	4			11				B0FRB5HSK7						8721438406289			0	DEFAULT	Migrated Template	Inactive		
Polonia eSIM 3GB 15Days	Poland eSIM 3GB 15Days - high speed internet - mobile data 5G compatible	0701HX6GBCA	POLAND-3GB-15D	7.99	0	01/07/2026 11:18:54 MEST		y	4			11				B0FRB4JVKR						8721438406258			0	DEFAULT	Migrated Template	Inactive		
Polonia eSIM 5GB 30Days	Poland eSIM 5GB 30Days - high speed internet - mobile data 5G compatible	0701HX0UZ62	POLAND-5GB-30D	8.99	0	01/07/2026 11:23:40 MEST		y	4			11				B0FRBDPQ9J						8721438406272			0	DEFAULT	Migrated Template	Inactive		
Portogallo eSIM 20GB 30Days	Portugal eSIM 20GB 30Days - high speed internet - mobile data 5G compatible	0701HX5MX16	PORTUGAL-20GB-30D	14.99	0	01/07/2026 11:39:45 MEST		y	4			11				B0FRB354KV						8721438406357			0	DEFAULT	Migrated Template	Inactive		
Portogallo eSIM 3GB 15Days	Portugal eSIM 3GB 15Days - high speed internet - mobile data 5G compatible	0701HX3PPRS	PORTUGAL-3GB-15D	7.99	0	01/07/2026 11:30:31 MEST		y	4			11				B0FRB4314T						8721438406319			0	DEFAULT	Migrated Template	Inactive		
Portogallo eSIM 5GB 30Days	Portugal eSIM 5GB 30Days - high speed internet - mobile data 5G compatible	0701HX5AYAP	PORTUGAL-5GB-30D	8.99	0	01/07/2026 11:34:53 MEST		y	4			11				B0FRB4X799						8721438406333			0	DEFAULT	Migrated Template	Inactive		
Puerto Rico eSIM 3GB 15Days		0812HQ8UYFK	PR_3_15	12.24	0	12/08/2026 17:39:28 MEST		y	1			11				B0FRB5MSF1						B0FRB5MSF1			0	DEFAULT	Migrated Template	Inactive		
Puerto Rico eSIM 5GB 30Days		0812HQEG5PS	PR_5_30	18.07	0	12/08/2026 17:40:31 MEST		y	1			11				B0FR9WMX9V						B0FR9WMX9V			0	DEFAULT	Migrated Template	Inactive		
Portogallo eSIM 20GB 30Days		0325HRYZ84B	PT_20_30	21.78	0	25/03/2026 09:26:19 MET		y	1			11				B0FRB354KV						B0FRB354KV			0	DEFAULT	Migrated Template	Inactive		
Portogallo eSIM 3GB 15Days		0325HSIVWWY	PT_3_15	6.99	0	25/03/2026 10:44:41 MET		y	1			11				B0FRB4314T						B0FRB4314T			0	DEFAULT	Migrated Template	Inactive		
Portogallo eSIM 5GB 30Days		0325HRX2LLJ	PT_5_30	6.41	0	25/03/2026 09:26:01 MET		y	1			11				B0FRB4X799						B0FRB4X799			0	DEFAULT	Migrated Template	Inactive		
Puerto Rico eSIM 3GB 15Days	Puerto Rico eSIM 3GB 15Days - high speed internet - mobile data 5G compatible	0701HYJLHI3	PUERTO-RICO-3GB-15D	11.99	0	01/07/2026 17:52:19 MEST		y	4			11				B0FRB5MSF1						8721438406388			0	DEFAULT	Migrated Template	Inactive		
Puerto Rico eSIM 5GB 30Days	Puerto Rico eSIM 5GB 30Days - high speed internet - mobile data 5G compatible	0701HXHEI71	PUERTO-RICO-5GB-30D	13.99	0	01/07/2026 11:46:07 MEST		y	4			11				B0FR9WMX9V						8721438406395			0	DEFAULT	Migrated Template	Inactive		
Paraguay eSIM 3GB 15Days		0812HQ97NCH	PY_3_15	18.65	0	12/08/2026 17:38:23 MEST		y	1			11				B0FRB3V7CS						B0FRB3V7CS			0	DEFAULT	Migrated Template	Inactive		
Qatar eSIM 20GB 30Days	Qatar eSIM 20GB 30Days - high speed internet - mobile data 5G compatible	0701HY8V8W7	QATAR-20GB-30D	30.99	0	01/07/2026 17:34:59 MEST		y	4			11				B0FR9X3QGM						8721438406449			0	DEFAULT	Migrated Template	Inactive		
Qatar eSIM 3GB 15Days	Qatar eSIM 3GB 15Days - high speed internet - mobile data 5G compatible	0701HY8DK9P	QATAR-3GB-15D	10.99	0	01/07/2026 16:45:20 MEST		y	4			11				B0FR9NXH43						8721438406418			0	DEFAULT	Migrated Template	Inactive		
Qatar eSIM 5GB 30Days	Qatar eSIM 5GB 30Days - high speed internet - mobile data 5G compatible	0701HXC47K8	QATAR-5GB-30D	17.99	0	01/07/2026 11:54:01 MEST		y	4			11				B0FR9X5KB1						8721438406432			0	DEFAULT	Migrated Template	Inactive		
Qatar eSIM 20GB 30Days		0812HQ8RI6B	QA_20_30	63.98	0	12/08/2026 17:36:52 MEST		y	1			11				B0FR9X3QGM						B0FR9X3QGM			0	DEFAULT	Migrated Template	Inactive		
Qatar eSIM 3GB 15Days		0812HQBDTWD	QA_3_15	15.15	0	12/08/2026 17:40:54 MEST		y	1			11				B0FR9NXH43						B0FR9NXH43			0	DEFAULT	Migrated Template	Inactive		
Qatar eSIM 5GB 30Days		0812HQBAX5K	QA_5_30	23.55	0	12/08/2026 17:46:54 MEST		y	1			11				B0FR9X5KB1						B0FR9X5KB1			0	DEFAULT	Migrated Template	Inactive		
Repubblica del Congo eSIM 20GB 30Days	Republic of the Congo eSIM 20GB 30Days - high speed internet - mobile data 5G compatible	0630HU63WHS	REPUBLIC-OF-THE-CONGO-20GB-30D	76.99	0	30/06/2026 19:45:42 MEST		y	4			11				B0H6MJ756Y						8721438409495			0	DEFAULT	Migrated Template	Inactive		
Repubblica del Congo eSIM 3GB 15Days	Republic of the Congo eSIM 3GB 15Days - high speed internet - mobile data 5G compatible	0630HU8ZWNU	REPUBLIC-OF-THE-CONGO-3GB-15D	21.99	0	30/06/2026 19:39:31 MEST		y	4			11				B0H6MM6DKT						8721438409471			0	DEFAULT	Migrated Template	Inactive		
Repubblica del Congo eSIM 5GB 30Days	Republic of the Congo eSIM 5GB 30Days - high speed internet - mobile data 5G compatible	0630HUJ52Q4	REPUBLIC-OF-THE-CONGO-5GB-30D	33.99	0	30/06/2026 19:42:35 MEST		y	4			11				B0H6MBXD3B						8721438409488			0	DEFAULT	Migrated Template	Inactive		
Reunion eSIM 3GB 15Days	Reunion eSIM 3GB 15Days - high speed internet - mobile data 5G compatible	0701HXE5L54	REUNION-3GB-15D	7.99	0	01/07/2026 12:01:40 MEST		y	4			11				B0FRB3KCNQ						8721438406470			0	DEFAULT	Migrated Template	Inactive		
Reunion eSIM 5GB 30Days	Reunion eSIM 5GB 30Days - high speed internet - mobile data 5G compatible	0701HX9CSNC	REUNION-5GB-30D	8.99	0	01/07/2026 12:05:38 MEST		y	4			11				B0FRB47TQW						8721438406487			0	DEFAULT	Migrated Template	Inactive		
Reunion eSIM 3GB 15Days		0812HQEOIXH	RE_3_15	12.55	0	12/08/2026 17:42:08 MEST		y	1			11				B0FRB3KCNQ						B0FRB3KCNQ			0	DEFAULT	Migrated Template	Inactive		
Reunion eSIM 5GB 30Days		0812HQB0NT4	RE_5_30	18.13	0	12/08/2026 17:41:07 MEST		y	1			11				B0FRB47TQW						B0FRB47TQW			0	DEFAULT	Migrated Template	Inactive		
Romania eSIM 20GB 30Days	Romania eSIM 20GB 30Days - high speed internet - mobile data 5G compatible	0630HUJ3VMY	ROMANIA-20GB-30D	14.99	0	30/06/2026 19:55:39 MEST		y	4			11				B0H6MGRC1F						8721438409525			0	DEFAULT	Migrated Template	Inactive		
Romania eSIM 3GB 15Days	Romania eSIM 3GB 15Days - high speed internet - mobile data 5G compatible	0630HUKA7BW	ROMANIA-3GB-15D	7.99	0	30/06/2026 19:49:07 MEST		y	4			11				B0H6MKQH2C						8721438409501			0	DEFAULT	Migrated Template	Inactive		
Romania eSIM 5GB 30Days	Romania eSIM 5GB 30Days - high speed internet - mobile data 5G compatible	0630HUF5XU0	ROMANIA-5GB-30D	8.99	0	30/06/2026 19:52:21 MEST		y	4			11				B0H6MFVLCB						8721438409518			0	DEFAULT	Migrated Template	Inactive		
Serbia eSIM 20GB 30Days		0812HQB0U2X	RS_20_30	51.15	0	12/08/2026 17:37:38 MEST		y	1			11				B0FRB5K8JC						B0FRB5K8JC			0	DEFAULT	Migrated Template	Inactive		
Serbia eSIM 3GB 15Days		0812HQ9EWIA	RS_3_15	12.24	0	12/08/2026 17:46:09 MEST		y	1			11				B0FRB5TJV2						B0FRB5TJV2			0	DEFAULT	Migrated Template	Inactive		
Russia eSIM 20GB 30Days	Russia eSIM 20GB 30Days - high speed internet - mobile data 5G compatible	0630HU97LBM	RUSSIA-20GB-30D	22.99	0	30/06/2026 20:05:15 MEST		y	4			11				B0H6MDSLNC						8721438409556			0	DEFAULT	Migrated Template	Inactive		
Russia eSIM 3GB 15Days	Russia eSIM 3GB 15Days - high speed internet - mobile data 5G compatible	0630HUICZZ2	RUSSIA-3GB-15D	9.99	0	30/06/2026 19:58:43 MEST		y	4			11				B0H6MDNPC8						8721438409532			0	DEFAULT	Migrated Template	Inactive		
Russia eSIM 5GB 30Days	Russia eSIM 5GB 30Days - high speed internet - mobile data 5G compatible	0630HUM81KS	RUSSIA-5GB-30D	13.99	0	30/06/2026 20:01:57 MEST		y	4			11				B0H6MLHHB2						8721438409549			0	DEFAULT	Migrated Template	Inactive		
Ruanda eSIM 20GB 30Days	Rwanda eSIM 20GB 30Days - high speed internet - mobile data 5G compatible	0630HUIHJFI	RWANDA-20GB-30D	97.99	0	30/06/2026 20:15:01 MEST		y	4			11				B0H6M66BWN						8721438409587			0	DEFAULT	Migrated Template	Inactive		
Ruanda eSIM 3GB 15Days	Rwanda eSIM 3GB 15Days - high speed internet - mobile data 5G compatible	0630HUFDKKU	RWANDA-3GB-15D	23.99	0	30/06/2026 20:08:39 MEST		y	4			11				B0H6MK2ZBQ						8721438409563			0	DEFAULT	Migrated Template	Inactive		
Ruanda eSIM 5GB 30Days	Rwanda eSIM 5GB 30Days - high speed internet - mobile data 5G compatible	0630HUKEXHV	RWANDA-5GB-30D	31.99	0	30/06/2026 20:12:04 MEST		y	4			11				B0H6MJZHP1						8721438409570			0	DEFAULT	Migrated Template	Inactive		
Sud America eSIM 5GB 30Days		0812HQE4RWV	SA-18_5_30	34.11	0	12/08/2026 17:45:56 MEST		y	1			11				B0FRB8D7HC						B0FRB8D7HC			0	DEFAULT	Migrated Template	Inactive		
Saint Barthelemy eSIM 20GB 30Days	Saint Barthelemy eSIM 20GB 30Days - high speed internet - mobile data 5G compatible	0630HUN1HU4	SAINT-BARTHELEMY-20GB-30D	16.99	0	30/06/2026 20:24:47 MEST		y	4			11				B0H6MJHHNB						8721438409617			0	DEFAULT	Migrated Template	Inactive		
Saint Barthelemy eSIM 3GB 15Days	Saint Barthelemy eSIM 3GB 15Days - high speed internet - mobile data 5G compatible	0630HUIZ6B6	SAINT-BARTHELEMY-3GB-15D	7.99	0	30/06/2026 20:18:16 MEST		y	4			11				B0H6MDMD63						8721438409594			0	DEFAULT	Migrated Template	Inactive		
Saint Barthelemy eSIM 5GB 30Days	Saint Barthelemy eSIM 5GB 30Days - high speed internet - mobile data 5G compatible	0630HUIJB37	SAINT-BARTHELEMY-5GB-30D	8.99	0	30/06/2026 20:21:40 MEST		y	4			11				B0H6MBS246						8721438409600			0	DEFAULT	Migrated Template	Inactive		
Saint Kitts e Nevis eSIM 20GB 30Days	Saint Kitts and Nevis eSIM 20GB 30Days - high speed internet - mobile data 5G compatible	0630HUFJUX7	SAINT-KITTS-AND-NEVIS-20GB-30D	102.99	0	30/06/2026 20:34:12 MEST		y	4			11				B0H6MJQSR4						8721438409648			0	DEFAULT	Migrated Template	Inactive		
Saint Kitts e Nevis eSIM 3GB 15Days	Saint Kitts and Nevis eSIM 3GB 15Days - high speed internet - mobile data 5G compatible	0630HUO8RR2	SAINT-KITTS-AND-NEVIS-3GB-15D	28.99	0	30/06/2026 20:28:02 MEST		y	4			11				B0H6MDHJ2B						8721438409624			0	DEFAULT	Migrated Template	Inactive		
Saint Kitts e Nevis eSIM 5GB 30Days	Saint Kitts and Nevis eSIM 5GB 30Days - high speed internet - mobile data 5G compatible	0630HUKCCRN	SAINT-KITTS-AND-NEVIS-5GB-30D	37.99	0	30/06/2026 20:30:54 MEST		y	4			11				B0H6MBK615						8721438409631			0	DEFAULT	Migrated Template	Inactive		
Santa Lucia eSIM 20GB 30Days	Saint Lucia eSIM 20GB 30Days - high speed internet - mobile data 5G compatible	0630HUIP9RS	SAINT-LUCIA-20GB-30D	102.99	0	30/06/2026 20:43:25 MEST		y	4			11				B0H6MDX8DY						8721438409679			0	DEFAULT	Migrated Template	Inactive		
Santa Lucia eSIM 3GB 15Days	Saint Lucia eSIM 3GB 15Days - high speed internet - mobile data 5G compatible	0630HUOHK09	SAINT-LUCIA-3GB-15D	28.99	0	30/06/2026 20:37:35 MEST		y	4			11				B0H6M7Y1CD						8721438409655			0	DEFAULT	Migrated Template	Inactive		
Santa Lucia eSIM 5GB 30Days	Saint Lucia eSIM 5GB 30Days - high speed internet - mobile data 5G compatible	0630HUKZCF5	SAINT-LUCIA-5GB-30D	37.99	0	30/06/2026 20:40:39 MEST		y	4			11				B0H6MGBXNV						8721438409662			0	DEFAULT	Migrated Template	Inactive		
Saint Martin eSIM 20GB 30Days	Saint Martin eSIM 20GB 30Days - high speed internet - mobile data 5G compatible	0630HUNDZCQ	SAINT-MARTIN-20GB-30D	16.99	0	30/06/2026 20:53:20 MEST		y	4			11				B0H6MF7K64						8721438409709			0	DEFAULT	Migrated Template	Inactive		
Saint Martin eSIM 3GB 15Days	Saint Martin eSIM 3GB 15Days - high speed internet - mobile data 5G compatible	0630HULG8XV	SAINT-MARTIN-3GB-15D	7.99	0	30/06/2026 20:46:49 MEST		y	4			11				B0H6MDB2CN						8721438409686			0	DEFAULT	Migrated Template	Inactive		
Saint Martin eSIM 5GB 30Days	Saint Martin eSIM 5GB 30Days - high speed internet - mobile data 5G compatible	0630HUMUU1W	SAINT-MARTIN-5GB-30D	8.99	0	30/06/2026 20:50:03 MEST		y	4			11				B0H6MC37Q1						8721438409693			0	DEFAULT	Migrated Template	Inactive		
Saint Vincent e Grenadine eSIM 3GB 15Days	Saint Vincent and the Grenadines eSIM 3GB 15Days - high speed internet - mobile data 5G compatible	0630HUM1QHF	SAINT-VINCENT-AND-THE-GRENADINES-3GB-15D	34.99	0	30/06/2026 20:56:34 MEST		y	4			11				B0H6MF3FWZ						8721438409716			0	DEFAULT	Migrated Template	Inactive		
Saint Vincent e Grenadine eSIM 5GB 30Days	Saint Vincent and the Grenadines eSIM 5GB 30Days - high speed internet - mobile data 5G compatible	0630HULQJTK	SAINT-VINCENT-AND-THE-GRENADINES-5GB-30D	45.99	0	30/06/2026 20:59:59 MEST		y	4			11				B0H6MJXH8Z						8721438409723			0	DEFAULT	Migrated Template	Inactive		
Samoa eSIM 20GB 30Days	Samoa eSIM 20GB 30Days - high speed internet - mobile data 5G compatible	0630HUMPLUF	SAMOA-20GB-30D	294.99	0	30/06/2026 21:13:55 MEST		y	4			11				B0H6MJQDSM						8721438409761			0	DEFAULT	Migrated Template	Inactive		
Samoa eSIM 3GB 15Days	Samoa eSIM 3GB 15Days - high speed internet - mobile data 5G compatible	0630HUNBPMR	SAMOA-3GB-15D	57.99	0	30/06/2026 21:07:25 MEST		y	4			11				B0H6MGJ45S						8721438409747			0	DEFAULT	Migrated Template	Inactive		
Samoa eSIM 5GB 30Days	Samoa eSIM 5GB 30Days - high speed internet - mobile data 5G compatible	0630HUO87D8	SAMOA-5GB-30D	79.99	0	30/06/2026 21:11:10 MEST		y	4			11				B0H6MFFZH1						8721438409754			0	DEFAULT	Migrated Template	Inactive		
San Marino eSIM 20GB 30Days	San Marino eSIM 20GB 30Days - high speed internet - mobile data 5G compatible	0630HULTTDL	SAN-MARINO-20GB-30D	15.99	0	30/06/2026 21:23:41 MEST		y	4			11				B0H6MDHJFJ						8721438409792			0	DEFAULT	Migrated Template	Inactive		
San Marino eSIM 3GB 15Days	San Marino eSIM 3GB 15Days - high speed internet - mobile data 5G compatible	0630HUNYUO3	SAN-MARINO-3GB-15D	7.99	0	30/06/2026 21:17:10 MEST		y	4			11				B0H6MG33GL						8721438409778			0	DEFAULT	Migrated Template	Inactive		
San Marino eSIM 5GB 30Days	San Marino eSIM 5GB 30Days - high speed internet - mobile data 5G compatible	0630HUQHCJC	SAN-MARINO-5GB-30D	8.99	0	30/06/2026 21:20:35 MEST		y	4			11				B0H6ML6C38						8721438409785			0	DEFAULT	Migrated Template	Inactive		
Arabia Saudita eSIM 20GB 30Days	Saudi Arabia eSIM 20GB 30Days - high speed internet - mobile data 5G compatible	0701HXF2B6E	SAUDI-ARABIA-20GB-30D	33.99	0	01/07/2026 12:17:14 MEST		y	4			11				B0FRB5PZTS						8721438406548			0	DEFAULT	Migrated Template	Inactive		
Arabia Saudita eSIM 3GB 15Days	Saudi Arabia eSIM 3GB 15Days - high speed internet - mobile data 5G compatible	0701HXF8REO	SAUDI-ARABIA-3GB-15D	11.99	0	01/07/2026 12:09:35 MEST		y	4			11				B0FRB3N2KL						8721438406500			0	DEFAULT	Migrated Template	Inactive		
Arabia Saudita eSIM 5GB 30Days	Saudi Arabia eSIM 5GB 30Days - high speed internet - mobile data 5G compatible	0701HYUAL5Y	SAUDI-ARABIA-5GB-30D	13.99	0	01/07/2026 22:59:10 MEST		y	4			11				B0FRB1SRZY						8721438406524			0	DEFAULT	Migrated Template	Inactive		
Arabia Saudita eSIM 20GB 30Days		0812HQA6YRC	SA_20_30	50.95	0	12/08/2026 17:39:33 MEST		y	1			11				B0FRB5PZTS						B0FRB5PZTS			0	DEFAULT	Migrated Template	Inactive		
Arabia Saudita eSIM 3GB 15Days		0812HQEW8U5	SA_3_15	10.5	0	12/08/2026 17:43:48 MEST		y	1			11				B0FRB3N2KL						B0FRB3N2KL			0	DEFAULT	Migrated Template	Inactive		
Arabia Saudita eSIM 5GB 30Days		0812HQB2XGH	SA_5_30	16.9	0	12/08/2026 17:44:29 MEST		y	1			11				B0FRB1SRZY						B0FRB1SRZY			0	DEFAULT	Migrated Template	Inactive		
Seychelles eSIM 3GB 15Days		0812HQF60BH	SC_3_15	18.65	0	12/08/2026 17:44:08 MEST		y	1			11				B0FRB55T3H						B0FRB55T3H			0	DEFAULT	Migrated Template	Inactive		
Seychelles eSIM 5GB 30Days		0812HQEGJ7K	SC_5_30	28.18	0	12/08/2026 17:39:13 MEST		y	1			11				B0FR9P7N6M						B0FR9P7N6M			0	DEFAULT	Migrated Template	Inactive		
Sudan eSIM 3GB 15Days		0812HQA4SKR	SD_3_15	43.48	0	12/08/2026 17:40:23 MEST		y	1			11				B0FRCKTXNQ						B0FRCKTXNQ			0	DEFAULT	Migrated Template	Inactive		
Sudan eSIM 5GB 30Days		0812HQI96NF	SD_5_30	65.16	0	12/08/2026 17:45:49 MEST		y	1			11				B0FRC799N3						B0FRC799N3			0	DEFAULT	Migrated Template	Inactive		
Senegal eSIM 3GB 15Days	Senegal eSIM 3GB 15Days - high speed internet - mobile data 5G compatible	0701HXCLG86	SENEGAL-3GB-15D	15.99	0	01/07/2026 12:21:13 MEST		y	4			11				B0FRB4HX92						8721438406562			0	DEFAULT	Migrated Template	Inactive		
Senegal eSIM 5GB 30Days	Senegal eSIM 5GB 30Days - high speed internet - mobile data 5G compatible	0701HXFQS0G	SENEGAL-5GB-30D	17.99	0	01/07/2026 12:25:12 MEST		y	4			11				B0FRB68H77						8721438406579			0	DEFAULT	Migrated Template	Inactive		
Serbia eSIM 20GB 30Days	Serbia eSIM 20GB 30Days - high speed internet - mobile data 5G compatible	0701HXFTZXC	SERBIA-20GB-30D	20.99	0	01/07/2026 12:32:59 MEST		y	4			11				B0FRB5K8JC						8721438406616			0	DEFAULT	Migrated Template	Inactive		
Serbia eSIM 3GB 15Days	Serbia eSIM 3GB 15Days - high speed internet - mobile data 5G compatible	0701HX94Y1I	SERBIA-3GB-15D	8.99	0	01/07/2026 12:29:01 MEST		y	4			11				B0FRB5TJV2						8721438406593			0	DEFAULT	Migrated Template	Inactive		
Seychelles eSIM 3GB 15Days	Seychelles eSIM 3GB 15Days - high speed internet - mobile data 5G compatible	0701HXLY1SL	SEYCHELLES-3GB-15D	16.99	0	01/07/2026 12:36:58 MEST		y	4			11				B0FRB55T3H						8721438406630			0	DEFAULT	Migrated Template	Inactive		
Seychelles eSIM 5GB 30Days	Seychelles eSIM 5GB 30Days - high speed internet - mobile data 5G compatible	0701HZ2WS7J	SEYCHELLES-5GB-30D	27.99	0	01/07/2026 21:54:40 MEST		y	4			11				B0FR9P7N6M						8721438406647			0	DEFAULT	Migrated Template	Inactive		
Svezia eSIM 20GB 30Days		0812HQ8CH2W	SE_20_30	18.45	0	12/08/2026 17:42:10 MEST		y	1			11				B0FRB7X5SP						B0FRB7X5SP			0	DEFAULT	Migrated Template	Inactive		
Svezia eSIM 3GB 15Days		0812HQFE7K8	SE_3_15	4.65	0	12/08/2026 17:37:17 MEST		y	1			11				B0FRCC6W9S						B0FRCC6W9S			0	DEFAULT	Migrated Template	Inactive		
Svezia eSIM 5GB 30Days		0812HQE4EVY	SE_5_30	6.2	0	12/08/2026 17:40:55 MEST		y	1			11				B0FRCS524D						B0FRCS524D			0	DEFAULT	Migrated Template	Inactive		
Singapore eSIM 20GB 30Days		0325HS25CSZ	SG_20_30	18.7	0	25/03/2026 09:24:51 MET		y	1			11				B0FRB256K8						B0FRB256K8			0	DEFAULT	Migrated Template	Inactive		
Singapore eSIM 3 GB 30 giorni | SIM dati Pay As You Go | Facile installazione | SIM da viaggio per turisti e affari | Velocità 3G/4G/5G		0325HS0KK4D	SG_3_30	12.32	0	25/03/2026 08:47:15 MET		y	1			11				B0FRB3KY59						B0FRB3KY59			0	DEFAULT	Migrated Template	Inactive		
Singapore eSIM 5GB 30Days		0325HSAB86Q	SG_5_30	10.5	0	25/03/2026 10:19:53 MET		y	1			11				B0FR9X3Y3R						B0FR9X3Y3R			0	DEFAULT	Migrated Template	Inactive		
Sierra Leone eSIM 20GB 30Days	Sierra Leone eSIM 20GB 30Days - high speed internet - mobile data 5G compatible	0630HUNBVZ5	SIERRA-LEONE-20GB-30D	93.99	0	30/06/2026 21:33:38 MEST		y	4			11				B0H6ML1JW1						8721438409822			0	DEFAULT	Migrated Template	Inactive		
Sierra Leone eSIM 3GB 15Days	Sierra Leone eSIM 3GB 15Days - high speed internet - mobile data 5G compatible	0630HULWZCD	SIERRA-LEONE-3GB-15D	26.99	0	30/06/2026 21:27:16 MEST		y	4			11				B0H6MHPWKP						8721438409808			0	DEFAULT	Migrated Template	Inactive		
Sierra Leone eSIM 5GB 30Days	Sierra Leone eSIM 5GB 30Days - high speed internet - mobile data 5G compatible	0630HURKCXE	SIERRA-LEONE-5GB-30D	32.99	0	30/06/2026 21:30:42 MEST		y	4			11				B0H6MBK6HZ						8721438409815			0	DEFAULT	Migrated Template	Inactive		
Singapore eSIM 20GB 30Days	Singapore eSIM 20GB 30Days - high speed internet - mobile data 5G compatible	0701HXM39P0	SINGAPORE-20GB-30D	14.99	0	01/07/2026 12:48:54 MEST		y	4			11				B0FRB256K8						8721438406692			0	DEFAULT	Migrated Template	Inactive		
Singapore eSIM 5GB 30Days	Singapore eSIM 5GB 30Days - high speed internet - mobile data 5G compatible	0701HXD04NT	SINGAPORE-5GB-30D	8.99	0	01/07/2026 12:44:55 MEST		y	4			11				B0FR9X3Y3R						8721438406678			0	DEFAULT	Migrated Template	Inactive		
Slovenia eSIM 20GB 30Days		0812HQI12NC	SI_20_30	18.12	0	12/08/2026 17:40:58 MEST		y	1			11				B0FR9X15V2						B0FR9X15V2			0	DEFAULT	Migrated Template	Inactive		
Slovenia eSIM 3GB 15Days		0812HQE93M0	SI_3_15	4.65	0	12/08/2026 17:39:59 MEST		y	1			11				B0FR9XCF27						B0FR9XCF27			0	DEFAULT	Migrated Template	Inactive		
Slovenia eSIM 5GB 30Days		0812HQ8B3JH	SI_5_30	6.39	0	12/08/2026 17:40:08 MEST		y	1			11				B0FRB3SJMR						B0FRB3SJMR			0	DEFAULT	Migrated Template	Inactive		
Slovacchia eSIM 20GB 30Days		0812HQF489E	SK_20_30	18.07	0	12/08/2026 17:37:37 MEST		y	1			11				B0FRB14YYC						B0FRB14YYC			0	DEFAULT	Migrated Template	Inactive		
Slovacchia eSIM 3GB 15Days		0812HQ8UONR	SK_3_15	4.65	0	12/08/2026 17:45:47 MEST		y	1			11				B0FR9XC4BW						B0FR9XC4BW			0	DEFAULT	Migrated Template	Inactive		
Slovacchia eSIM 5GB 30Days		0812HQHV2MX	SK_5_30	6.41	0	12/08/2026 17:42:16 MEST		y	1			11				B0FRB2X84M						B0FRB2X84M			0	DEFAULT	Migrated Template	Inactive		
Slovacchia eSIM 20GB 30Days	Slovakia eSIM 20GB 30Days - high speed internet - mobile data 5G compatible	0701HXLBU01	SLOVAKIA-20GB-30D	14.99	0	01/07/2026 13:00:05 MEST		y	4			11				B0FRB14YYC						8721438406807			0	DEFAULT	Migrated Template	Inactive		
Slovacchia eSIM 3GB 15Days	Slovakia eSIM 3GB 15Days - high speed internet - mobile data 5G compatible	0701HX9Z98L	SLOVAKIA-3GB-15D	7.99	0	01/07/2026 12:52:41 MEST		y	4			11				B0FR9XC4BW						8721438406760			0	DEFAULT	Migrated Template	Inactive		
Slovacchia eSIM 5GB 30Days	Slovakia eSIM 5GB 30Days - high speed internet - mobile data 5G compatible	0701HXJ3F2H	SLOVAKIA-5GB-30D	8.99	0	01/07/2026 12:56:37 MEST		y	4			11				B0FRB2X84M						8721438406784			0	DEFAULT	Migrated Template	Inactive		
Slovenia eSIM 20GB 30Days	Slovenia eSIM 20GB 30Days - high speed internet - mobile data 5G compatible	0701HXOHMUG	SLOVENIA-20GB-30D	14.99	0	01/07/2026 13:11:38 MEST		y	4			11				B0FR9X15V2						8721438406876			0	DEFAULT	Migrated Template	Inactive		
Slovenia eSIM 3GB 15Days	Slovenia eSIM 3GB 15Days - high speed internet - mobile data 5G compatible	0701HXNQFYD	SLOVENIA-3GB-15D	7.99	0	01/07/2026 13:04:00 MEST		y	4			11				B0FR9XCF27						8721438406838			0	DEFAULT	Migrated Template	Inactive		
Slovenia eSIM 5GB 30Days	Slovenia eSIM 5GB 30Days - high speed internet - mobile data 5G compatible	0701HXACX1U	SLOVENIA-5GB-30D	8.99	0	01/07/2026 13:07:57 MEST		y	4			11				B0FRB3SJMR						8721438406852			0	DEFAULT	Migrated Template	Inactive		
Senegal eSIM 3GB 15Days		0325HRWOGAH	SN_3_15	30.59	0	25/03/2026 09:19:29 MET		y	1			11				B0FRB4HX92						B0FRB4HX92			0	DEFAULT	Migrated Template	Inactive		
Senegal eSIM 5GB 30Days		0325HSEGU8R	SN_5_30	44.64	0	25/03/2026 10:05:16 MET		y	1			11				B0FRB68H77						B0FRB68H77			0	DEFAULT	Migrated Template	Inactive		
Sud Africa eSIM 5GB 30Days	South Africa eSIM 5GB 30Days - high speed internet - mobile data 5G compatible	0701HXJN20O	SOUTH-AFRICA-5GB-30D	14.99	0	01/07/2026 13:15:36 MEST		y	4			11				B0FRB3R6F3						8721438406913			0	DEFAULT	Migrated Template	Inactive		
Sud America eSIM 5GB 30Days	South America eSIM 5GB 30Days - high speed internet - mobile data 5G compatible	0701HXTRQ6G	SOUTH-AMERICA-5GB-30D	20.99	0	01/07/2026 13:19:52 MEST		y	4			11				B0FRB8D7HC						8721438406968			0	DEFAULT	Migrated Template	Inactive		
Corea del Sud eSIM 20GB 30Days	South Korea eSIM 20GB 30Days - high speed internet - mobile data 5G compatible	0701HXUCX9S	SOUTH-KOREA-20GB-30D	14.99	0	01/07/2026 13:31:47 MEST		y	4			11				B0FRC4P51Z						8721438407019			0	DEFAULT	Migrated Template	Inactive		
Corea del Sud eSIM 3GB 15Days	South Korea eSIM 3GB 15Days - high speed internet - mobile data 5G compatible	0701HZ01BIC	SOUTH-KOREA-3GB-15D	7.99	0	01/07/2026 22:20:06 MEST		y	4			11				B0FRC4RTDF						8721438406982			0	DEFAULT	Migrated Template	Inactive		
Corea del Sud eSIM 5GB 30Days	South Korea eSIM 5GB 30Days - high speed internet - mobile data 5G compatible	0701HYWS5RW	SOUTH-KOREA-5GB-30D	8.99	0	01/07/2026 22:31:24 MEST		y	4			11				B0FRD9LC4C						8721438406999			0	DEFAULT	Migrated Template	Inactive		
Spagna eSIM 20GB 30Days	Spain eSIM 20GB 30Days - high speed internet - mobile data 5G compatible	0701HXVE1RR	SPAIN-20GB-30D	14.99	0	01/07/2026 13:43:27 MEST		y	4			11				B0FRCMPGPL						8721438407132			0	DEFAULT	Migrated Template	Inactive		
Spagna eSIM 3GB 15Days	Spain eSIM 3GB 15Days - high speed internet - mobile data 5G compatible	0701HXMSCJN	SPAIN-3GB-15D	7.99	0	01/07/2026 13:35:45 MEST		y	4			11				B0FRCDHTZ7						8721438407095			0	DEFAULT	Migrated Template	Inactive		
Spagna eSIM 5GB 30Days	Spain eSIM 5GB 30Days - high speed internet - mobile data 5G compatible	0701HXQGJLC	SPAIN-5GB-30D	8.99	0	01/07/2026 13:39:46 MEST		y	4			11				B0FRBQCLZN						8721438407118			0	DEFAULT	Migrated Template	Inactive		
Sri Lanka eSIM 20GB 30Days	Sri Lanka eSIM 20GB 30Days - high speed internet - mobile data 5G compatible	0701HXS0A7O	SRI-LANKA-20GB-30D	26.99	0	01/07/2026 13:55:04 MEST		y	4			11				B0FRC2DZN5						8721438407231			0	DEFAULT	Migrated Template	Inactive		
Sri Lanka eSIM 3GB 15Days	Sri Lanka eSIM 3GB 15Days - high speed internet - mobile data 5G compatible	0701HXSWDR7	SRI-LANKA-3GB-15D	9.99	0	01/07/2026 13:47:25 MEST		y	4			11				B0FRB7Z1NW						8721438407194			0	DEFAULT	Migrated Template	Inactive		
Sri Lanka eSIM 5GB 30Days	Sri Lanka eSIM 5GB 30Days - high speed internet - mobile data 5G compatible	0701HXO309V	SRI-LANKA-5GB-30D	11.99	0	01/07/2026 13:51:25 MEST		y	4			11				B0FRB64B8M						8721438407217			0	DEFAULT	Migrated Template	Inactive		
Sudan eSIM 3GB 15Days	Sudan eSIM 3GB 15Days - high speed internet - mobile data 5G compatible	0701HXW4WOC	SUDAN-3GB-15D	22.99	0	01/07/2026 13:59:02 MEST		y	4			11				B0FRCKTXNQ						8721438407316			0	DEFAULT	Migrated Template	Inactive		
Sudan eSIM 5GB 30Days	Sudan eSIM 5GB 30Days - high speed internet - mobile data 5G compatible	0701HXUCBSO	SUDAN-5GB-30D	29.99	0	01/07/2026 14:02:39 MEST		y	4			11				B0FRC799N3						8721438407323			0	DEFAULT	Migrated Template	Inactive		
Suriname eSIM 20GB 30Days	Suriname eSIM 20GB 30Days - high speed internet - mobile data 5G compatible	0630HUOS3CR	SURINAME-20GB-30D	73.99	0	30/06/2026 21:43:32 MEST		y	4			11				B0H6MNKY5H						8721438409853			0	DEFAULT	Migrated Template	Inactive		
Suriname eSIM 3GB 15Days	Suriname eSIM 3GB 15Days - high speed internet - mobile data 5G compatible	0630HUPWU8O	SURINAME-3GB-15D	19.99	0	30/06/2026 21:37:02 MEST		y	4			11				B0H6MLWJMY						8721438409839			0	DEFAULT	Migrated Template	Inactive		
Suriname eSIM 5GB 30Days	Suriname eSIM 5GB 30Days - high speed internet - mobile data 5G compatible	0630HURF0P6	SURINAME-5GB-30D	31.99	0	30/06/2026 21:40:26 MEST		y	4			11				B0H6MNS3N5						8721438409846			0	DEFAULT	Migrated Template	Inactive		
Saint Vincent e Grenadine eSIM 20GB 30Days	Saint Vincent and the Grenadines eSIM 20GB 30Days - high speed internet - mobile data 5G compatible	0630HUNKCZP	SVG-20GB-30D	125.99	0	30/06/2026 21:03:23 MEST		y	4			11				B0H6MWF5B5						8721438409730			0	DEFAULT	Migrated Template	Inactive		
El Salvador eSIM 3GB 15Days		0812HPX86IV	SV_3_15	24.13	0	12/08/2026 15:25:39 MEST		y	1			11				B0FR9LJ7X4						B0FR9LJ7X4			0	DEFAULT	Migrated Template	Inactive		
Svezia eSIM 20GB 30Days	Sweden eSIM 20GB 30Days - high speed internet - mobile data 5G compatible	0701HXQ7TI7	SWEDEN-20GB-30D	14.99	0	01/07/2026 14:14:19 MEST		y	4			11				B0FRB7X5SP						8721438407408			0	DEFAULT	Migrated Template	Inactive		
Svezia eSIM 3GB 15Days	Sweden eSIM 3GB 15Days - high speed internet - mobile data 5G compatible	0701HXW38B4	SWEDEN-3GB-15D	7.99	0	01/07/2026 14:06:37 MEST		y	4			11				B0FRCC6W9S						8721438407361			0	DEFAULT	Migrated Template	Inactive		
Svezia eSIM 5GB 30Days	Sweden eSIM 5GB 30Days - high speed internet - mobile data 5G compatible	0701HZAB6D1	SWEDEN-5GB-30D	8.99	0	01/07/2026 23:57:12 MEST		y	4			11				B0FRCS524D						8721438407385			0	DEFAULT	Migrated Template	Inactive		
Svizzera eSIM 20GB 30Days	Switzerland eSIM 20GB 30Days - high speed internet - mobile data 5G compatible	0701HXY48GG	SWITZERLAND-20GB-30D	14.99	0	01/07/2026 14:26:00 MEST		y	4			11				B0FRB6VY7S						8721438407460			0	DEFAULT	Migrated Template	Inactive		
Svizzera eSIM 3GB 15Days	Switzerland eSIM 3GB 15Days - high speed internet - mobile data 5G compatible	0701HXW5FYF	SWITZERLAND-3GB-15D	7.99	0	01/07/2026 14:18:17 MEST		y	4			11				B0FRB5LFVC						8721438407422			0	DEFAULT	Migrated Template	Inactive		
Svizzera eSIM 5GB 30Days	Switzerland eSIM 5GB 30Days - high speed internet - mobile data 5G compatible	0701HXW3RPT	SWITZERLAND-5GB-30D	8.99	0	01/07/2026 14:22:17 MEST		y	4			11				B0FRB7G4VW						8721438407446			0	DEFAULT	Migrated Template	Inactive		
Tagikistan eSIM 20GB 30Days	Tajikistan eSIM 20GB 30Days - high speed internet - mobile data 5G compatible	0630HUSKSI4	TAJIKISTAN-20GB-30D	41.99	0	30/06/2026 21:53:36 MEST		y	4			11				B0H6M85C77						8721438409884			0	DEFAULT	Migrated Template	Inactive		
Tagikistan eSIM 3GB 15Days	Tajikistan eSIM 3GB 15Days - high speed internet - mobile data 5G compatible	0630HUPDSI0	TAJIKISTAN-3GB-15D	13.99	0	30/06/2026 21:46:45 MEST		y	4			11				B0H6M7XFN6						8721438409860			0	DEFAULT	Migrated Template	Inactive		
Tagikistan eSIM 5GB 30Days	Tajikistan eSIM 5GB 30Days - high speed internet - mobile data 5G compatible	0630HUOIY35	TAJIKISTAN-5GB-30D	15.99	0	30/06/2026 21:50:30 MEST		y	4			11				B0H6MFYMXZ						8721438409877			0	DEFAULT	Migrated Template	Inactive		
Tanzania eSIM 3GB 15Days	Tanzania eSIM 3GB 15Days - high speed internet - mobile data 5G compatible	0701HXVSJRL	TANZANIA-3GB-15D	15.99	0	01/07/2026 14:29:59 MEST		y	4			11				B0FRC81NPJ						8721438407491			0	DEFAULT	Migrated Template	Inactive		
Ciad eSIM 3GB 15Days		0812HQ3OOPV	TD_3_15	24.13	0	12/08/2026 15:27:06 MEST		y	1			11				B0FR9SG4MK						B0FR9SG4MK			0	DEFAULT	Migrated Template	Inactive		
Ciad eSIM 5GB 30Days		0812HQ3E7PO	TD_5_30	34.14	0	12/08/2026 15:26:43 MEST		y	1			11				B0FR9L414C						B0FR9L414C			0	DEFAULT	Migrated Template	Inactive		
Thailandia eSIM 20GB 30Days	Thailand eSIM 20GB 30Days - high speed internet - mobile data 5G compatible	0701HXXYIDQ	THAILAND-20GB-30D	14.99	0	01/07/2026 14:42:19 MEST		y	4			11				B0FRCHW3MW						8721438407552			0	DEFAULT	Migrated Template	Inactive		
Thailandia eSIM 3GB 15Days	Thailand eSIM 3GB 15Days - high speed internet - mobile data 5G compatible	0701HXX29IP	THAILAND-3GB-15D	7.99	0	01/07/2026 14:34:16 MEST		y	4			11				B0FRCDPJSH						8721438407514			0	DEFAULT	Migrated Template	Inactive		
Thailandia eSIM 5GB 30Days	Thailand eSIM 5GB 30Days - high speed internet - mobile data 5G compatible	0701HXWXYGG	THAILAND-5GB-30D	8.99	0	01/07/2026 14:38:38 MEST		y	4			11				B0FR9Q5D1J						8721438407538			0	DEFAULT	Migrated Template	Inactive		
Thailandia eSIM 20GB 30Days		0325HS01KXD	TH_20_30	18.97	0	25/03/2026 09:25:34 MET		y	1			11				B0FRCHW3MW						B0FRCHW3MW			0	DEFAULT	Migrated Template	Inactive		
Thailandia eSIM 3GB 15Days		0325HS0K61R	TH_3_15	8.16	0	25/03/2026 09:10:35 MET		y	1			11				B0FRCDPJSH						B0FRCDPJSH			0	DEFAULT	Migrated Template	Inactive		
Thailandia eSIM 5GB 30Days		0325HS7QYAE	TH_5_30	5.23	0	25/03/2026 10:05:05 MET		y	1			11				B0FR9Q5D1J						B0FR9Q5D1J			0	DEFAULT	Migrated Template	Inactive		
Tunisia eSIM 10 GB 30 giorni | eSIM di viaggio prepagata | SIM digitale Pay As You Go | Facile configurazione | SIM dati per turisti e affari | Velocità 3G/4G		0325HSAB4YX	TN_10_30	23.47	0	25/03/2026 10:12:17 MET		y	1			11				B0FRB85GLD						B0FRB85GLD			0	DEFAULT	Migrated Template	Inactive		
Tunisia eSIM 3GB 30 giorni | eSIM di viaggio prepagata | SIM digitale Pay As You Go | Facile configurazione | SIM dati per turisti e affari | Velocità 3G/4G		0325HSA6YMK	TN_3_30	11.72	0	25/03/2026 10:03:34 MET		y	1			11				B0FRCKZKVY						B0FRCKZKVY			0	DEFAULT	Migrated Template	Inactive		
Tunisia eSIM 5GB 30Days		0325HSD2K8R	TN_5_30	15.52	0	25/03/2026 10:04:46 MET		y	1			11				B0FRB7Q96Z						B0FRB7Q96Z			0	DEFAULT	Migrated Template	Inactive		
Trinidad e Tobago eSIM 20GB 30Days	Trinidad and Tobago eSIM 20GB 30Days - high speed internet - mobile data 5G compatible	0630HURUZSV	TRINIDAD-AND-TOBAGO-20GB-30D	95.99	0	30/06/2026 22:03:51 MEST		y	4			11				B0H6MF31VP						8721438409914			0	DEFAULT	Migrated Template	Inactive		
Trinidad e Tobago eSIM 3GB 15Days	Trinidad and Tobago eSIM 3GB 15Days - high speed internet - mobile data 5G compatible	0630HUS9RXU	TRINIDAD-AND-TOBAGO-3GB-15D	22.99	0	30/06/2026 21:57:00 MEST		y	4			11				B0H6MJTHXK						8721438409891			0	DEFAULT	Migrated Template	Inactive		
Trinidad e Tobago eSIM 5GB 30Days	Trinidad and Tobago eSIM 5GB 30Days - high speed internet - mobile data 5G compatible	0630HUSLRGD	TRINIDAD-AND-TOBAGO-5GB-30D	33.99	0	30/06/2026 22:00:34 MEST		y	4			11				B0H6MJTHY9						8721438409907			0	DEFAULT	Migrated Template	Inactive		
Turchia eSIM 20GB 30Days		0325HS6B7IM	TR_20_30	17.86	0	25/03/2026 10:23:35 MET		y	1			11				B0FRCYMWCX						B0FRCYMWCX			0	DEFAULT	Migrated Template	Inactive		
Turchia eSIM 3GB 15Days		0325HRRCBWD	TR_3_15	6.98	0	25/03/2026 09:19:11 MET		y	1			11				B0FRC2PSHM						B0FRC2PSHM			0	DEFAULT	Migrated Template	Inactive		
Turchia eSIM da 5 GB 30 giorni | SIM dati Pay As You Go | Facile installazione | SIM da viaggio per turisti e affari | Velocità 3G/4G/5G		0325HS4HC0F	TR_5_30	5.23	0	25/03/2026 09:49:24 MET		y	1			11				B0FRCBZ1BB						B0FRCBZ1BB			0	DEFAULT	Migrated Template	Inactive		
Tunisia eSIM 5GB 30Days	Tunisia eSIM 5GB 30Days - high speed internet - mobile data 5G compatible	0701HXXFD1B	TUNISIA-5GB-30D	10.99	0	01/07/2026 14:45:53 MEST		y	4			11				B0FRB7Q96Z						8721438407644			0	DEFAULT	Migrated Template	Inactive		
Turchia eSIM 20GB 30Days	Turkey eSIM 20GB 30Days - high speed internet - mobile data 5G compatible	0701HYC4RW7	TURKEY-20GB-30D	17.99	0	01/07/2026 14:57:47 MEST		y	4			11				B0FRCYMWCX						8721438407729			0	DEFAULT	Migrated Template	Inactive		
Turchia eSIM 3GB 15Days	Turkey eSIM 3GB 15Days - high speed internet - mobile data 5G compatible	0701HY5Z3WV	TURKEY-3GB-15D	7.99	0	01/07/2026 14:50:35 MEST		y	4			11				B0FRC2PSHM						8721438407682			0	DEFAULT	Migrated Template	Inactive		
Turchia eSIM da 5 GB 30 giorni | SIM dati Pay As You Go | Facile installazione | SIM da viaggio per turisti e affari | Velocità 3G/4G/5G	Turkey eSIM 5GB 30Days - high speed internet - mobile data 5G compatible	0701HXWAB9S	TURKEY-5GB-30D	8.99	0	01/07/2026 14:54:06 MEST		y	4			11				B0FRCBZ1BB						8721438407705			0	DEFAULT	Migrated Template	Inactive		
Isole Turks e Caicos eSIM 20GB 30Days	Turks and Caicos Islands eSIM 20GB 30Days - high speed internet - mobile data 5G compatible	0630HUS4P5M	TURKS-AND-CAICOS-ISLANDS-20GB-30D	89.99	0	30/06/2026 22:13:56 MEST		y	4			11				B0H6MLBGX7						8721438409945			0	DEFAULT	Migrated Template	Inactive		
Isole Turks e Caicos eSIM 3GB 15Days	Turks and Caicos Islands eSIM 3GB 15Days - high speed internet - mobile data 5G compatible	0630HUS45GD	TURKS-AND-CAICOS-ISLANDS-3GB-15D	22.99	0	30/06/2026 22:07:15 MEST		y	4			11				B0H6MNNXGL						8721438409921			0	DEFAULT	Migrated Template	Inactive		
Isole Turks e Caicos eSIM 5GB 30Days	Turks and Caicos Islands eSIM 5GB 30Days - high speed internet - mobile data 5G compatible	0630HUREJGH	TURKS-AND-CAICOS-ISLANDS-5GB-30D	28.99	0	30/06/2026 22:10:39 MEST		y	4			11				B0H6MLH1KM						8721438409938			0	DEFAULT	Migrated Template	Inactive		
Tanzania eSIM 3GB 15Days		0325HSN8BXI	TZ_3_15	27.11	0	25/03/2026 11:01:45 MET		y	1			11				B0FRC81NPJ						B0FRC81NPJ			0	DEFAULT	Migrated Template	Inactive		
Ucraina eSIM 3GB 15Days		0812HQFCUKK	UA_3_15	4.37	0	12/08/2026 17:40:55 MEST		y	1			11				B0FRB9SBFR						B0FRB9SBFR			0	DEFAULT	Migrated Template	Inactive		
Ucraina eSIM 5GB 30Days		0812HQB9Y7Y	UA_5_30	5.55	0	12/08/2026 17:39:46 MEST		y	1			11				B0FRC2NRKG						B0FRC2NRKG			0	DEFAULT	Migrated Template	Inactive		
Uganda eSIM 3GB 15Days	Uganda eSIM 3GB 15Days - high speed internet - mobile data 5G compatible	0701HY5XL3Z	UGANDA-3GB-15D	17.99	0	01/07/2026 15:01:44 MEST		y	4			11				B0FRB7F7Z9						8721438407798			0	DEFAULT	Migrated Template	Inactive		
Uganda eSIM 3GB 15Days		0812HQBBYXR	UG_3_15	24.05	0	12/08/2026 17:40:03 MEST		y	1			11				B0FRB7F7Z9						B0FRB7F7Z9			0	DEFAULT	Migrated Template	Inactive		
Ucraina eSIM 3GB 15Days	Ukraine eSIM 3GB 15Days - high speed internet - mobile data 5G compatible	0701HZDWHC2	UKRAINE-3GB-15D	7.99	0	02/07/2026 01:03:19 MEST		y	4			11				B0FRB9SBFR						8721438407811			0	DEFAULT	Migrated Template	Inactive		
Ucraina eSIM 5GB 30Days	Ukraine eSIM 5GB 30Days - high speed internet - mobile data 5G compatible	0701HY95FRG	UKRAINE-5GB-30D	8.99	0	01/07/2026 15:09:38 MEST		y	4			11				B0FRC2NRKG						8721438407835			0	DEFAULT	Migrated Template	Inactive		
Emirati Arabi Uniti eSIM 20GB 30Days	United Arab Emirates eSIM 20GB 30Days - high speed internet - mobile data 5G compatible	0707HNIE3QL	UNITED-ARAB-EMIRATES-20GB-30D	35.99	0	07/07/2026 12:48:53 MEST		y	4			11				B0FRB7TFJR						8721438407927			0	DEFAULT	Migrated Template	Inactive		
Emirati Arabi Uniti eSIM 3GB 15Days	United Arab Emirates eSIM 3GB 15Days - high speed internet - mobile data 5G compatible	0701HYCRPWD	UNITED-ARAB-EMIRATES-3GB-15D	12.99	0	01/07/2026 15:13:35 MEST		y	4			11				B0FRBBYBGH						8721438407873			0	DEFAULT	Migrated Template	Inactive		
Emirati Arabi Uniti eSIM 5GB 30Days	United Arab Emirates eSIM 5GB 30Days - high speed internet - mobile data 5G compatible	0707HN70HV8	UNITED-ARAB-EMIRATES-5GB-30D	14.99	0	07/07/2026 12:48:53 MEST		y	4			11				B0FRB89XHX						8721438407897			0	DEFAULT	Migrated Template	Inactive		
Regno Unito eSIM 20GB 30Days	United Kingdom eSIM 20GB 30Days - high speed internet - mobile data 5G compatible	0701HY4ABMO	UNITED-KINGDOM-20GB-30D	14.99	0	01/07/2026 15:32:51 MEST		y	4			11				B0FRDGCBTN						8721438408023			0	DEFAULT	Migrated Template	Inactive		
Regno Unito eSIM 3GB 15Days	United Kingdom eSIM 3GB 15Days - high speed internet - mobile data 5G compatible	0701HY6VGPY	UNITED-KINGDOM-3GB-15D	7.99	0	01/07/2026 15:25:11 MEST		y	4			11				B0FRCPD8TS						8721438407989			0	DEFAULT	Migrated Template	Inactive		
Regno Unito eSIM 5GB 30Days	United Kingdom eSIM 5GB 30Days - high speed internet - mobile data 5G compatible	0707HNOSEKY	UNITED-KINGDOM-5GB-30D	8.99	0	07/07/2026 12:48:55 MEST		y	4			11				B0FRDDRGJF						8721438408009			0	DEFAULT	Migrated Template	Inactive		
Stati Uniti eSIM 3GB 15Days	United States eSIM 3GB 15Days - high speed internet - mobile data 5G compatible	0701HY9DQ22	UNITED-STATES-3GB-15D	8.99	0	01/07/2026 15:36:49 MEST		y	4			11				B0FRCFXK3V						8721438408092			0	DEFAULT	Migrated Template	Inactive		
Stati Uniti eSIM 5GB 30Days	United States eSIM 5GB 30Days - high speed internet - mobile data 5G compatible	0701HYAH2RR	UNITED-STATES-5GB-30D	9.99	0	01/07/2026 15:40:47 MEST		y	4			11				B0FRC2PQ8H						8721438408139			0	DEFAULT	Migrated Template	Inactive		
Uruguay eSIM 3GB 15Days	Uruguay eSIM 3GB 15Days - high speed internet - mobile data 5G compatible	0701HYWSPWR	URUGUAY-3GB-15D	16.99	0	01/07/2026 22:40:59 MEST		y	4			11				B0FRB7LHGN						8721438408191			0	DEFAULT	Migrated Template	Inactive		
Stati Uniti eSIM 20 GB 90 giorni | SIM dati Pay As You Go | Facile installazione | SIM di viaggio USA per turisti e affari | Velocità 3G/4G		0325HSFMO6I	US_20_90	27	0	25/03/2026 11:01:06 MET		y	1			11				B0FRB9JP2K						B0FRB9JP2K			0	DEFAULT	Migrated Template	Inactive		
Stati Uniti eSIM 3GB 15Days		0325HSQEBPW	US_3_15	8.15	0	25/03/2026 12:32:14 MET		y	1			11				B0FRCFXK3V						B0FRCFXK3V			0	DEFAULT	Migrated Template	Inactive		
Stati Uniti eSIM 5GB 30Days		0325HRZ5QN2	US_5_30	6.98	0	25/03/2026 09:10:27 MET		y	1			11				B0FRC2PQ8H						B0FRC2PQ8H			0	DEFAULT	Migrated Template	Inactive		
Uruguay eSIM 3GB 15Days		0812HQEEQPP	UY_3_15	18.7	0	12/08/2026 17:44:47 MEST		y	1			11				B0FRB7LHGN						B0FRB7LHGN			0	DEFAULT	Migrated Template	Inactive		
Uzbekistan eSIM 5GB 30Days	Uzbekistan eSIM 5GB 30Days - high speed internet - mobile data 5G compatible	0701HYAOO1O	UZBEKISTAN-5GB-30D	8.99	0	01/07/2026 15:48:59 MEST		y	4			11				B0FRBWFZ6M						8721438408221			0	DEFAULT	Migrated Template	Inactive		
Uzbekistan eSIM 5GB 30Days		0812HQED7Q8	UZ_5_30	9.89	0	12/08/2026 17:45:51 MEST		y	1			11				B0FRBWFZ6M						B0FRBWFZ6M			0	DEFAULT	Migrated Template	Inactive		
Città del Vaticano eSIM 20GB 30Days	Vatican City eSIM 20GB 30Days - high speed internet - mobile data 5G compatible	0630HUTZ89V	VATICAN-CITY-20GB-30D	14.99	0	30/06/2026 22:23:31 MEST		y	4			11				B0H6MDPLZ9						8721438409976			0	DEFAULT	Migrated Template	Inactive		
Città del Vaticano eSIM 3GB 15Days	Vatican City eSIM 3GB 15Days - high speed internet - mobile data 5G compatible	0630HUTZCVT	VATICAN-CITY-3GB-15D	7.99	0	30/06/2026 22:16:59 MEST		y	4			11				B0H6MBMF8G						8721438409952			0	DEFAULT	Migrated Template	Inactive		
Città del Vaticano eSIM 5GB 30Days	Vatican City eSIM 5GB 30Days - high speed internet - mobile data 5G compatible	0630HUT9MQ0	VATICAN-CITY-5GB-30D	8.99	0	30/06/2026 22:20:24 MEST		y	4			11				B0H6M7YXNP						8721438409969			0	DEFAULT	Migrated Template	Inactive		
Vietnam eSIM 20GB 30Days	Vietnam eSIM 20GB 30Days - high speed internet - mobile data 5G compatible	0701HYDPBUN	VIETNAM-20GB-30D	21.99	0	01/07/2026 16:02:28 MEST		y	4			11				B0FRC2NKC4						8721438408283			0	DEFAULT	Migrated Template	Inactive		
Vietnam eSIM 3GB 15Days	Vietnam eSIM 3GB 15Days - high speed internet - mobile data 5G compatible	0701HY9VTZE	VIETNAM-3GB-15D	8.99	0	01/07/2026 15:53:14 MEST		y	4			11				B0FRBR2DHW						8721438408252			0	DEFAULT	Migrated Template	Inactive		
Vietnam eSIM 5GB 30Days	Vietnam eSIM 5GB 30Days - high speed internet - mobile data 5G compatible	0701HYJ7K7A	VIETNAM-5GB-30D	9.99	0	01/07/2026 15:57:12 MEST		y	4			11				B0FRCBXRGV						8721438408269			0	DEFAULT	Migrated Template	Inactive		
Vietnam eSIM 20GB 30Days		0328H60LUTS	VN_20_30	31.18	0	28/03/2026 17:38:39 MET		y	1			11				B0FRC2NKC4						B0FRC2NKC4			0	DEFAULT	Migrated Template	Inactive		
Vietnam eSIM 3GB 15Days		0328H5W4B8H	VN_3_15	10.48	0	28/03/2026 16:36:10 MET		y	1			11				B0FRBR2DHW						B0FRBR2DHW			0	DEFAULT	Migrated Template	Inactive		
Vietnam eSIM 5GB 30Days		0328H5Y8R4V	VN_5_30	15.15	0	28/03/2026 16:36:20 MET		y	1			11				B0FRCBXRGV						B0FRCBXRGV			0	DEFAULT	Migrated Template	Inactive		
Zambia eSIM 3GB 15Days	Zambia eSIM 3GB 15Days - high speed internet - mobile data 5G compatible	0701HYFR82N	ZAMBIA-3GB-15D	16.99	0	01/07/2026 16:04:50 MEST		y	4			11				B0FRC2NSM2						8721438408344			0	DEFAULT	Migrated Template	Inactive		
Zambia eSIM 5GB 30Days	Zambia eSIM 5GB 30Days - high speed internet - mobile data 5G compatible	0701HYD0VGV	ZAMBIA-5GB-30D	27.99	0	01/07/2026 16:09:13 MEST		y	4			11				B0FRCL97L4						8721438408351			0	DEFAULT	Migrated Template	Inactive		
Sud Africa eSIM 10 GB 30 giorni | eSIM di viaggio prepagata | SIM digitale Pay As You Go | Facile configurazione | SIM dati per turisti e affari | Velocità 3G/4G		0325HRTM1O1	ZA_10_30	31.72	0	25/03/2026 08:52:20 MET		y	1			11				B0FRB4RSW2						B0FRB4RSW2			0	DEFAULT	Migrated Template	Inactive		
Sud Africa eSIM 5GB 30Days		0325HS5ZQKS	ZA_5_30	18.7	0	25/03/2026 10:05:17 MET		y	1			11				B0FRB3R6F3						B0FRB3R6F3			0	DEFAULT	Migrated Template	Inactive		
Zambia eSIM 3GB 15Days		0328H5Z07GH	ZM_3_15	25.23	0	28/03/2026 16:40:51 MET		y	1			11				B0FRC2NSM2						B0FRC2NSM2			0	DEFAULT	Migrated Template	Inactive		
Zambia eSIM 5GB 30Days		0328H62R3N1	ZM_5_30	35.18	0	28/03/2026 16:15:25 MET		y	1			11				B0FRCL97L4						B0FRCL97L4			0	DEFAULT	Migrated Template	Inactive		
Isole Aaland eSIM 3GB 15Days	Aaland Islands eSIM 3GB 15Days - high speed internet - mobile data 5G compatible	0630HUVCTS5	AALAND-ISLANDS-ESIM		0	30/06/2026 22:36:17 MEST		y	1			11				B0H73JGC17						B0H73JGC17			0	DEFAULT	Migrated Template	Incomplete		
Africa eSIM 5GB 30Days	Africa eSIM 5GB 30Days - high speed internet - mobile data 5G compatible	0630HUVWLYA	AFRICA-ESIM		0	30/06/2026 22:46:22 MEST		y	1			11				B0H73JM22X						B0H73JM22X			0	DEFAULT	Migrated Template	Incomplete		
Albania eSIM 5GB 30Days	Albania eSIM 5GB 30Days - high speed internet - mobile data 5G compatible	0630HUSGT9K	ALBANIA-ESIM		0	30/06/2026 22:50:02 MEST		y	1			11				B0H73CJ38M						B0H73CJ38M			0	DEFAULT	Migrated Template	Incomplete		
Algeria eSIM 5GB 30Days	Algeria eSIM 5GB 30Days - high speed internet - mobile data 5G compatible	0630HTBVV9C	ALGERIA-ESIM		0	30/06/2026 13:23:09 MEST		y	1			11				B0H71S7X6C						B0H71S7X6C			0	DEFAULT	Migrated Template	Incomplete		
Andorra eSIM 5GB 30Days	Andorra eSIM 5GB 30Days - high speed internet - mobile data 5G compatible	0630HTISAY1	ANDORRA-ESIM		0	30/06/2026 13:35:01 MEST		y	1			11				B0H71NQDQ9						B0H71NQDQ9			0	DEFAULT	Migrated Template	Incomplete		
Angola eSIM 5GB 30Days	Angola eSIM 5GB 30Days - high speed internet - mobile data 5G compatible	0630HTLH82G	ANGOLA-ESIM		0	30/06/2026 13:45:52 MEST		y	1			11				B0H71YQ32F						B0H71YQ32F			0	DEFAULT	Migrated Template	Incomplete		
Anguilla eSIM 3GB 15Days	Anguilla eSIM 3GB 15Days - high speed internet - mobile data 5G compatible	0630HTCUZOD	ANGUILLA-ESIM		0	30/06/2026 14:02:25 MEST		y	1			11				B0H71YN315						B0H71YN315			0	DEFAULT	Migrated Template	Incomplete		
Antigua e Barbuda eSIM 20GB 30Days	Antigua and Barbuda eSIM 20GB 30Days - high speed internet - mobile data 5G compatible	0630HTV0JUJ	ANTIGUA-AND-BARBUDA-ESIM		0	30/06/2026 14:13:21 MEST		y	1			11				B0H722LJQN						B0H722LJQN			0	DEFAULT	Migrated Template	Incomplete		
Argentina eSIM 20GB 30Days	Argentina eSIM 20GB 30Days - high speed internet - mobile data 5G compatible	0630HUZ268F	ARGENTINA-ESIM		0	30/06/2026 22:53:54 MEST		y	1			11				B0H73DYQ6F						B0H73DYQ6F			0	DEFAULT	Migrated Template	Incomplete		
Armenia eSIM 3GB 15Days	Armenia eSIM 3GB 15Days - high speed internet - mobile data 5G compatible	0630HUYO3KP	ARMENIA-ESIM		0	30/06/2026 23:00:42 MEST		y	1			11				B0H73KK4JT						B0H73KK4JT			0	DEFAULT	Migrated Template	Incomplete		
Asia-20 eSIM 3GB 15Days	Asia-20 eSIM 3GB 15Days - high speed internet - mobile data 5G compatible	0630HUZW0O0	ASIA-20-ESIM		0	30/06/2026 23:07:40 MEST		y	1			11				B0H73J99VT						B0H73J99VT			0	DEFAULT	Migrated Template	Incomplete		
Australia eSIM 5GB 30Days	Australia eSIM 5GB 30Days - high speed internet - mobile data 5G compatible	0630HUZRYEQ	AUSTRALIA-ESIM		0	30/06/2026 23:15:35 MEST		y	1			11				B0H73M73W8						B0H73M73W8			0	DEFAULT	Migrated Template	Incomplete		
Austria eSIM 5GB 30Days	Austria eSIM 5GB 30Days - high speed internet - mobile data 5G compatible	0721H9N4J62	AUSTRIA-ESIM		0	21/07/2026 17:02:16 MEST		y	1			11				B0H9SNFZXS						B0H9SNFZXS			0	DEFAULT	Migrated Template	Incomplete		
Azerbaigian eSIM 3GB 15Days	Azerbaijan eSIM 3GB 15Days - high speed internet - mobile data 5G compatible	0630HV0333F	AZERBAIJAN-ESIM		0	30/06/2026 23:36:36 MEST		y	1			11				B0H73QB7LG						B0H73QB7LG			0	DEFAULT	Migrated Template	Incomplete		
Bahamas eSIM 3GB 15Days	Bahamas eSIM 3GB 15Days - high speed internet - mobile data 5G compatible	0630HTWY4A7	BAHAMAS-ESIM		0	30/06/2026 14:41:49 MEST		y	1			11				B0H729Y63G						B0H729Y63G			0	DEFAULT	Migrated Template	Incomplete		
Bahrain eSIM 3GB 15Days	Bahrain eSIM 3GB 15Days - high speed internet - mobile data 5G compatible	0630HUWIEV7	BAHRAIN-ESIM		0	30/06/2026 23:40:29 MEST		y	1			11				B0H73W2GZL						B0H73W2GZL			0	DEFAULT	Migrated Template	Incomplete		
Bangladesh eSIM 5GB 30Days	Bangladesh eSIM 5GB 30Days - high speed internet - mobile data 5G compatible	0630HUZZRZU	BANGLADESH-ESIM		0	30/06/2026 23:44:21 MEST		y	1			11				B0H73DG3XC						B0H73DG3XC			0	DEFAULT	Migrated Template	Incomplete		
Barbados eSIM 20GB 30Days	Barbados eSIM 20GB 30Days - high speed internet - mobile data 5G compatible	0630HTNROP5	BARBADOS-ESIM		0	30/06/2026 14:52:06 MEST		y	1			11				B0H726176Z						B0H726176Z			0	DEFAULT	Migrated Template	Incomplete		
Bielorussia eSIM 5GB 30Days	Belarus eSIM 5GB 30Days - high speed internet - mobile data 5G compatible	0630HUWP0IT	BELARUS-ESIM		0	30/06/2026 23:53:56 MEST		y	1			11				B0H73BZ22B						B0H73BZ22B			0	DEFAULT	Migrated Template	Incomplete		
Belgio eSIM 5GB 30Days	Belgium eSIM 5GB 30Days - high speed internet - mobile data 5G compatible	0630HV51RU6	BELGIUM-ESIM		0	01/07/2026 00:00:35 MEST		y	1			11				B0H73Q1GWP						B0H73Q1GWP			0	DEFAULT	Migrated Template	Incomplete		
Belize eSIM 5GB 30Days	Belize eSIM 5GB 30Days - high speed internet - mobile data 5G compatible	0630HTQ0GXY	BELIZE-ESIM		0	30/06/2026 15:02:23 MEST		y	1			11				B0H726H7C2						B0H726H7C2			0	DEFAULT	Migrated Template	Incomplete		
Benin eSIM 3GB 15Days	Benin eSIM 3GB 15Days - high speed internet - mobile data 5G compatible	0630HTVBIJ8	BENIN-ESIM		0	30/06/2026 15:12:40 MEST		y	1			11				B0H72C1BVV						B0H72C1BVV			0	DEFAULT	Migrated Template	Incomplete		
Bermuda eSIM 3GB 15Days	Bermuda eSIM 3GB 15Days - high speed internet - mobile data 5G compatible	0630HTW6PVH	BERMUDA-ESIM		0	30/06/2026 15:22:31 MEST		y	1			11				B0H72CP454						B0H72CP454			0	DEFAULT	Migrated Template	Incomplete		
Bhutan eSIM 3GB 15Days	Bhutan eSIM 3GB 15Days - high speed internet - mobile data 5G compatible	0630HTVHEE8	BHUTAN-ESIM		0	30/06/2026 15:33:27 MEST		y	1			11				B0H727C69L						B0H727C69L			0	DEFAULT	Migrated Template	Incomplete		
Bolivia eSIM 3GB 15Days	Bolivia eSIM 3GB 15Days - high speed internet - mobile data 5G compatible	0630HV8HFJ4	BOLIVIA-ESIM		0	01/07/2026 00:11:49 MEST		y	1			11				B0H73TCPMS						B0H73TCPMS			0	DEFAULT	Migrated Template	Incomplete		
Bosnia Erzegovina eSIM 3GB 15Days	Bosnia and Herzegovina eSIM 3GB 15Days - high speed internet - mobile data 5G compatible	0630HV64Q8P	BOSNIA-AND-HERZEGOVINA-ESIM		0	01/07/2026 00:18:06 MEST		y	1			11				B0H73KWGSS						B0H73KWGSS			0	DEFAULT	Migrated Template	Incomplete		
Botswana eSIM 3GB 15Days	Botswana eSIM 3GB 15Days - high speed internet - mobile data 5G compatible	0630HV8BU5M	BOTSWANA-ESIM		0	01/07/2026 00:21:47 MEST		y	1			11				B0H73CJ52S						B0H73CJ52S			0	DEFAULT	Migrated Template	Incomplete		
Brasile eSIM 20GB 30Days	Brazil eSIM 20GB 30Days - high speed internet - mobile data 5G compatible	0630HV0FC3S	BRAZIL-ESIM		0	01/07/2026 00:25:07 MEST		y	1			11				B0H72X8TR5						B0H72X8TR5			0	DEFAULT	Migrated Template	Incomplete		
Brunei Darussalam eSIM 20GB 30Days	Brunei Darussalam eSIM 20GB 30Days - high speed internet - mobile data 5G compatible	0630HV0E3B5	BRUNEI-DARUSSALAM-ESIM		0	01/07/2026 00:31:25 MEST		y	1			11				B0H73JLSNL						B0H73JLSNL			0	DEFAULT	Migrated Template	Incomplete		
Bulgaria eSIM 3GB 15Days	Bulgaria eSIM 3GB 15Days - high speed internet - mobile data 5G compatible	0630HTBO32X	BULGARIA-ESIM		0	30/06/2026 13:11:05 MEST		y	1			11				B0H723BZ1S						B0H723BZ1S			0	DEFAULT	Migrated Template	Incomplete		
Burkina Faso eSIM 3GB 15Days	Burkina Faso eSIM 3GB 15Days - high speed internet - mobile data 5G compatible	0630HV1X24N	BURKINA-FASO-ESIM		0	01/07/2026 00:37:22 MEST		y	1			11				B0H73TBRM7						B0H73TBRM7			0	DEFAULT	Migrated Template	Incomplete		
Cambogia eSIM 3GB 15Days	Cambodia eSIM 3GB 15Days - high speed internet - mobile data 5G compatible	0630HV0SJAA	CAMBODIA-ESIM		0	01/07/2026 01:20:30 MEST		y	1			11				B0H737F2RH						B0H737F2RH			0	DEFAULT	Migrated Template	Incomplete		
Camerun eSIM 3GB 15Days	Cameroon eSIM 3GB 15Days - high speed internet - mobile data 5G compatible	0630HV3AMQX	CAMEROON-ESIM		0	01/07/2026 00:43:57 MEST		y	1			11				B0H73GKMG8						B0H73GKMG8			0	DEFAULT	Migrated Template	Incomplete		
Canada eSIM 3GB 15Days Premium	Canada eSIM 3GB 15Days Premium - high speed internet - mobile data 5G compatible	0630HUV0OHG	CANADA-PREMIUM-ESIM		0	30/06/2026 22:26:53 MEST		y	1			11				B0H7391BT2						B0H7391BT2			0	DEFAULT	Migrated Template	Incomplete		
Capo Verde eSIM 20GB 30Days	Cape Verde eSIM 20GB 30Days - high speed internet - mobile data 5G compatible	0630HTYKPLC	CAPE-VERDE-ESIM		0	30/06/2026 15:44:16 MEST		y	1			11				B0H7283LD4						B0H7283LD4			0	DEFAULT	Migrated Template	Incomplete		
Isole Cayman eSIM 5GB 30Days	Cayman Islands eSIM 5GB 30Days - high speed internet - mobile data 5G compatible	0630HTYTA1P	CAYMAN-ISLANDS-ESIM		0	30/06/2026 15:54:53 MEST		y	1			11				B0H72FKK9W						B0H72FKK9W			0	DEFAULT	Migrated Template	Incomplete		
Repubblica Centrafricana eSIM 5GB 30Days	Central African Republic eSIM 5GB 30Days - high speed internet - mobile data 5G compatible	0630HV3JS2U	CENTRAL-AFRICAN-REPUBLIC-ESIM		0	01/07/2026 00:47:49 MEST		y	1			11				B0H734B4ZB						B0H734B4ZB			0	DEFAULT	Migrated Template	Incomplete		
Ciad eSIM 3GB 15Days	Chad eSIM 3GB 15Days - high speed internet - mobile data 5G compatible	0630HV56IU3	CHAD-ESIM		0	01/07/2026 00:54:15 MEST		y	1			11				B0H7388RCN						B0H7388RCN			0	DEFAULT	Migrated Template	Incomplete		
Cile eSIM 3GB 15Days	Chile eSIM 3GB 15Days - high speed internet - mobile data 5G compatible	0630HV6SOVT	CHILE-ESIM		0	01/07/2026 01:00:52 MEST		y	1			11				B0H73HD832						B0H73HD832			0	DEFAULT	Migrated Template	Incomplete		
Cina eSIM 5GB 30Days	China eSIM 5GB 30Days - high speed internet - mobile data 5G compatible	0630HV6DB94	CHINA-ESIM		0	01/07/2026 01:05:06 MEST		y	1			11				B0H73758ZN						B0H73758ZN			0	DEFAULT	Migrated Template	Incomplete		
Colombia eSIM 3GB 15Days	Colombia eSIM 3GB 15Days - high speed internet - mobile data 5G compatible	0630HV0RCSM	COLOMBIA-ESIM		0	01/07/2026 01:16:29 MEST		y	1			11				B0H73Q8FD2						B0H73Q8FD2			0	DEFAULT	Migrated Template	Incomplete		
Costa Rica eSIM 3GB 15Days	Costa Rica eSIM 3GB 15Days - high speed internet - mobile data 5G compatible	0630HUXJB6H	COSTA-RICA-ESIM		0	01/07/2026 01:27:18 MEST		y	1			11				B0H73MBN8W						B0H73MBN8W			0	DEFAULT	Migrated Template	Incomplete		
Costa d'Avorio eSIM 3GB 15Giorni	Cote d'Ivoire eSIM 3GB 15Days - high speed internet - mobile data 5G compatible	0630HV8KYSG	COTE-D-IVOIRE-ESIM		0	01/07/2026 01:30:49 MEST		y	1			11				B0H73D7LDB						B0H73D7LDB			0	DEFAULT	Migrated Template	Incomplete		
Croazia eSIM 3GB 15Days	Croatia eSIM 3GB 15Days - high speed internet - mobile data 5G compatible	0630HV0TWMZ	CROATIA-ESIM		0	01/07/2026 01:38:18 MEST		y	1			11				B0H73C4VB3						B0H73C4VB3			0	DEFAULT	Migrated Template	Incomplete		
Curacao eSIM 5GB 30Days	Curacao eSIM 5GB 30Days - high speed internet - mobile data 5G compatible	0630HTZZSXZ	CURACAO-ESIM		0	30/06/2026 16:05:10 MEST		y	1			11				B0H7289LVF						B0H7289LVF			0	DEFAULT	Migrated Template	Incomplete		
Cipro eSIM 3GB 15Days	Cyprus eSIM 3GB 15Days - high speed internet - mobile data 5G compatible	0630HUXPOJE	CYPRUS-ESIM		0	01/07/2026 01:47:31 MEST		y	1			11				B0H72VHPWQ						B0H72VHPWQ			0	DEFAULT	Migrated Template	Incomplete		
Repubblica Ceca eSIM 3GB 15Days	Czech Republic eSIM 3GB 15Days - high speed internet - mobile data 5G compatible	0630HVCV6H4	CZECH-REPUBLIC-ESIM		0	01/07/2026 01:54:08 MEST		y	1			11				B0H738JXLD						B0H738JXLD			0	DEFAULT	Migrated Template	Incomplete		
Repubblica Democratica del Congo eSIM 5GB 30Days	Democratic Republic of the Congo eSIM 5GB 30Days - high speed internet - mobile data 5G compatible	0630HU1Y9YD	DEMOCRATIC-REPUBLIC-OF-THE-CONGO-ESIM		0	30/06/2026 16:15:28 MEST		y	1			11				B0H72G37TZ						B0H72G37TZ			0	DEFAULT	Migrated Template	Incomplete		
Danimarca eSIM 3GB 15Days	Denmark eSIM 3GB 15Days - high speed internet - mobile data 5G compatible	0701HVCC9N7	DENMARK-ESIM		0	01/07/2026 02:03:53 MEST		y	1			11				B0H72W3JBT						B0H72W3JBT			0	DEFAULT	Migrated Template	Incomplete		
Dominica eSIM 5GB 30Days	Dominica eSIM 5GB 30Days - high speed internet - mobile data 5G compatible	0630HU08U28	DOMINICA-ESIM		0	30/06/2026 16:26:11 MEST		y	1			11				B0H7289BJW						B0H7289BJW			0	DEFAULT	Migrated Template	Incomplete		
Repubblica Dominicana eSIM 3GB 15Days	Dominican Republic eSIM 3GB 15Days - high speed internet - mobile data 5G compatible	0701HVCC84U	DOMINICAN-REPUBLIC-ESIM		0	01/07/2026 02:13:36 MEST		y	1			11				B0H73TC548						B0H73TC548			0	DEFAULT	Migrated Template	Incomplete		
Repubblica Democratica del Congo eSIM 20GB 30Days	Democratic Republic of the Congo eSIM 20GB 30Days - high speed internet - mobile data 5G compatible	0630HTZYV3M	DR-CONGO-ESIM		0	30/06/2026 16:22:28 MEST		y	1			11				B0H725WQ7N						B0H725WQ7N			0	DEFAULT	Migrated Template	Incomplete		
Ecuador eSIM 3GB 15Days	Ecuador eSIM 3GB 15Days - high speed internet - mobile data 5G compatible	0701HVB8EHR	ECUADOR-ESIM		0	01/07/2026 02:22:38 MEST		y	1			11				B0H738JYFL						B0H738JYFL			0	DEFAULT	Migrated Template	Incomplete		
Egitto eSIM 5GB 30Days	Egypt eSIM 5GB 30Days - high speed internet - mobile data 5G compatible	0701HVCI6D6	EGYPT-ESIM		0	01/07/2026 02:26:42 MEST		y	1			11				B0H73BTGBN						B0H73BTGBN			0	DEFAULT	Migrated Template	Incomplete		
El Salvador eSIM 3GB 15Days	El Salvador eSIM 3GB 15Days - high speed internet - mobile data 5G compatible	0701HVABOI6	EL-SALVADOR-ESIM		0	01/07/2026 02:36:18 MEST		y	1			11				B0H73CXVT7						B0H73CXVT7			0	DEFAULT	Migrated Template	Incomplete		
Estonia eSIM 3GB 15Days	Estonia eSIM 3GB 15Days - high speed internet - mobile data 5G compatible	0701HV19VDZ	ESTONIA-ESIM		0	01/07/2026 02:40:01 MEST		y	1			11				B0H735LG8Q						B0H735LG8Q			0	DEFAULT	Migrated Template	Incomplete		
Europa (40+ aree) eSIM 20GB 30Days	Europe(40+ areas) eSIM 20GB 30Days - high speed internet - mobile data 5G compatible	0701HVEOR26	EUROPE-40-AREAS-ESIM		0	01/07/2026 02:48:43 MEST		y	1			11				B0H73FNTQH						B0H73FNTQH			0	DEFAULT	Migrated Template	Incomplete		
Isole Faroe eSIM 5GB 30Days	Faroe Islands eSIM 5GB 30Days - high speed internet - mobile data 5G compatible	0630HUCNM0A	FAROE-ISLANDS-ESIM		0	30/06/2026 16:35:56 MEST		y	1			11				B0H72CW2M7						B0H72CW2M7			0	DEFAULT	Migrated Template	Incomplete		
Fiji eSIM 20GB 30Days	Fiji eSIM 20GB 30Days - high speed internet - mobile data 5G compatible	0630HU9EBSB	FIJI-ESIM		0	30/06/2026 16:45:43 MEST		y	1			11				B0H72LWG6H						B0H72LWG6H			0	DEFAULT	Migrated Template	Incomplete		
Finlandia eSIM 3GB 15Days	Finland eSIM 3GB 15Days - high speed internet - mobile data 5G compatible	0701HVCCD8Z	FINLAND-ESIM		0	01/07/2026 02:55:21 MEST		y	1			11				B0H73KVYVK						B0H73KVYVK			0	DEFAULT	Migrated Template	Incomplete		
Francia eSIM 5GB 30Days	France eSIM 5GB 30Days - high speed internet - mobile data 5G compatible	0701HV4EGSM	FRANCE-ESIM		0	01/07/2026 03:02:32 MEST		y	1			11				B0H735XH57						B0H735XH57			0	DEFAULT	Migrated Template	Incomplete		
Guyana francese eSIM 5GB 30Days	French Guiana eSIM 5GB 30Days - high speed internet - mobile data 5G compatible	0630HU76AO7	FRENCH-GUIANA-ESIM		0	30/06/2026 16:54:37 MEST		y	1			11				B0H728DSPS						B0H728DSPS			0	DEFAULT	Migrated Template	Incomplete		
Polinesia francese eSIM 5GB 30Days	French Polynesia eSIM 5GB 30Days - high speed internet - mobile data 5G compatible	0630HUFPVXU	FRENCH-POLYNESIA-ESIM		0	30/06/2026 17:04:14 MEST		y	1			11				B0H72CG8LL						B0H72CG8LL			0	DEFAULT	Migrated Template	Incomplete		
Gabon eSIM 3GB 15Days	Gabon eSIM 3GB 15Days - high speed internet - mobile data 5G compatible	0701HVCDP50	GABON-ESIM		0	01/07/2026 03:13:34 MEST		y	1			11				B0H73KXV3H						B0H73KXV3H			0	DEFAULT	Migrated Template	Incomplete		
Gambia eSIM 3GB 15Days	Gambia eSIM 3GB 15Days - high speed internet - mobile data 5G compatible	0701HYG5QVS	GAMBIA-ESIM		0	01/07/2026 16:12:43 MEST		y	1			11				B0H75V15G6						B0H75V15G6			0	DEFAULT	Migrated Template	Incomplete		
Georgia eSIM 3GB 15Days	Georgia eSIM 3GB 15Days - high speed internet - mobile data 5G compatible	0701HVDGO9G	GEORGIA-ESIM		0	01/07/2026 03:17:05 MEST		y	1			11				B0H738B4DX						B0H738B4DX			0	DEFAULT	Migrated Template	Incomplete		
Germania eSIM 3GB 15Days	Germany eSIM 3GB 15Days - high speed internet - mobile data 5G compatible	0701HVC2QX9	GERMANY-ESIM		0	01/07/2026 03:24:23 MEST		y	1			11				B0H73B64MZ						B0H73B64MZ			0	DEFAULT	Migrated Template	Incomplete		
Ghana eSIM 20GB 30Days	Ghana eSIM 20GB 30Days - high speed internet - mobile data 5G compatible	0630HU3VCUE	GHANA-ESIM		0	30/06/2026 17:14:19 MEST		y	1			11				B0H727XFYM						B0H727XFYM			0	DEFAULT	Migrated Template	Incomplete		
Gibilterra eSIM 3GB 15Days	Gibraltar eSIM 3GB 15Days - high speed internet - mobile data 5G compatible	0701HVBT1Q9	GIBRALTAR-ESIM		0	01/07/2026 03:35:26 MEST		y	1			11				B0H73QB3J9						B0H73QB3J9			0	DEFAULT	Migrated Template	Incomplete		
Global139 eSIM 5 GB 30 giorni	Global139 eSIM 5GB 30Days - high speed internet - mobile data 5G compatible	0701HV4RAY6	GLOBAL139-ESIM		0	01/07/2026 03:39:18 MEST		y	1			11				B0H72VQ15G						B0H72VQ15G			0	DEFAULT	Migrated Template	Incomplete		
Grecia eSIM 5GB 30Days	Greece eSIM 5GB 30Days - high speed internet - mobile data 5G compatible	0701HVGDCVX	GREECE-ESIM		0	01/07/2026 03:43:21 MEST		y	1			11				B0H73D2CTC						B0H73D2CTC			0	DEFAULT	Migrated Template	Incomplete		
Groenlandia eSIM 20GB 30Days	Greenland eSIM 20GB 30Days - high speed internet - mobile data 5G compatible	0630HU6T1EM	GREENLAND-ESIM		0	30/06/2026 17:24:04 MEST		y	1			11				B0H72M9PSN						B0H72M9PSN			0	DEFAULT	Migrated Template	Incomplete		
Grenada eSIM 5GB 30Days	Grenada eSIM 5GB 30Days - high speed internet - mobile data 5G compatible	0630HUAPVZ4	GRENADA-ESIM		0	30/06/2026 17:33:59 MEST		y	1			11				B0H72FTHJJ						B0H72FTHJJ			0	DEFAULT	Migrated Template	Incomplete		
Guadalupa eSIM 3GB 15Days	Guadeloupe eSIM 3GB 15Days - high speed internet - mobile data 5G compatible	0701HVGIHHZ	GUADELOUPE-ESIM		0	01/07/2026 03:54:47 MEST		y	1			11				B0H73NYG6X						B0H73NYG6X			0	DEFAULT	Migrated Template	Incomplete		
Guam eSIM 3GB 15Days	Guam eSIM 3GB 15Days - high speed internet - mobile data 5G compatible	0701HVDHA4P	GUAM-ESIM		0	01/07/2026 04:01:23 MEST		y	1			11				B0H73S4SBV						B0H73S4SBV			0	DEFAULT	Migrated Template	Incomplete		
Guatemala eSIM 3GB 15Days	Guatemala eSIM 3GB 15Days - high speed internet - mobile data 5G compatible	0701HVJ8QEM	GUATEMALA-ESIM		0	01/07/2026 04:12:01 MEST		y	1			11				B0H73NVN27						B0H73NVN27			0	DEFAULT	Migrated Template	Incomplete		
Guernsey eSIM 3GB 15Days	Guernsey eSIM 3GB 15Days - high speed internet - mobile data 5G compatible	0701HVE5U0F	GUERNSEY-ESIM		0	01/07/2026 04:15:56 MEST		y	1			11				B0H73LFWJG						B0H73LFWJG			0	DEFAULT	Migrated Template	Incomplete		
Guinea-Bissau eSIM 5GB 30Days	Guinea-Bissau eSIM 5GB 30Days - high speed internet - mobile data 5G compatible	0630HUDYH2G	GUINEA-BISSAU-ESIM		0	30/06/2026 17:53:18 MEST		y	1			11				B0H727BC4R						B0H727BC4R			0	DEFAULT	Migrated Template	Incomplete		
Guinea eSIM 5GB 30Days	Guinea eSIM 5GB 30Days - high speed internet - mobile data 5G compatible	0630HUE1JH7	GUINEA-ESIM		0	30/06/2026 17:44:06 MEST		y	1			11				B0H72G4347						B0H72G4347			0	DEFAULT	Migrated Template	Incomplete		
Guyana eSIM 5GB 30Days	Guyana eSIM 5GB 30Days - high speed internet - mobile data 5G compatible	0630HUFV7FI	GUYANA-ESIM		0	30/06/2026 18:03:11 MEST		y	1			11				B0H72JHRZ3						B0H72JHRZ3			0	DEFAULT	Migrated Template	Incomplete		
Haiti eSIM 20GB 30Days	Haiti eSIM 20GB 30Days - high speed internet - mobile data 5G compatible	0630HU84LYD	HAITI-ESIM		0	30/06/2026 18:13:16 MEST		y	1			11				B0H72HMLDC						B0H72HMLDC			0	DEFAULT	Migrated Template	Incomplete		
Pacchetto Hajjj Luxury eSIM | Dati di viaggio in Arabia Saudita | Guida di viaggio inclusa | Velocità 3G/4G/5G	Premium Islamic Hajj eSIM package with 10GB data valid for 30 days. Includes Hajj Luxury Travel Guide and exclusive Saudi Arabian travel guides. Instant QR activation for use across Saudi Arabia.	0630HTFIKN8	HAJJ-LUXURY-ESIM		0	30/06/2026 13:08:19 MEST		y	1			11				B0H7216Y2N						B0H7216Y2N			0	DEFAULT	Migrated Template	Incomplete		
Honduras eSIM 3GB 15Days	Honduras eSIM 3GB 15Days - high speed internet - mobile data 5G compatible	0701HVJU7VJ	HONDURAS-ESIM		0	01/07/2026 04:26:12 MEST		y	1			11				B0H73LPQQK						B0H73LPQQK			0	DEFAULT	Migrated Template	Incomplete		
Hong Kong eSIM 5GB 30Days	Hong Kong eSIM 5GB 30Days - high speed internet - mobile data 5G compatible	0701HVK0T3A	HONG-KONG-ESIM		0	01/07/2026 04:30:26 MEST		y	1			11				B0H73MTW9W						B0H73MTW9W			0	DEFAULT	Migrated Template	Incomplete		
Ungheria eSIM 3GB 15Days	Hungary eSIM 3GB 15Days - high speed internet - mobile data 5G compatible	0701HVLTKV0	HUNGARY-ESIM		0	01/07/2026 04:40:45 MEST		y	1			11				B0H73K188L						B0H73K188L			0	DEFAULT	Migrated Template	Incomplete		
Islanda eSIM 3GB 15Days	Iceland eSIM 3GB 15Days - high speed internet - mobile data 5G compatible	0701HVR7RF0	ICELAND-ESIM		0	01/07/2026 04:51:10 MEST		y	1			11				B0H73Y1ZTL						B0H73Y1ZTL			0	DEFAULT	Migrated Template	Incomplete		
India eSIM 5GB 30Days	India eSIM 5GB 30Days - high speed internet - mobile data 5G compatible	0701HVR076U	INDIA-ESIM		0	01/07/2026 05:01:25 MEST		y	1			11				B0H73TWL3D						B0H73TWL3D			0	DEFAULT	Migrated Template	Incomplete		
Indonesia eSIM 5GB 30Days	Indonesia eSIM 5GB 30Days - high speed internet - mobile data 5G compatible	0701HVRTV8X	INDONESIA-ESIM		0	01/07/2026 05:13:04 MEST		y	1			11				B0H73NTRVR						B0H73NTRVR			0	DEFAULT	Migrated Template	Incomplete		
Iraq eSIM 20GB 30Days	Iraq eSIM 20GB 30Days - high speed internet - mobile data 5G compatible	0630HUDGLSE	IRAQ-ESIM		0	30/06/2026 18:23:02 MEST		y	1			11				B0H72MBG76						B0H72MBG76			0	DEFAULT	Migrated Template	Incomplete		
Irlanda eSIM 3GB 15Days	Ireland eSIM 3GB 15Days - high speed internet - mobile data 5G compatible	0701HVX5EYN	IRELAND-ESIM		0	01/07/2026 05:24:42 MEST		y	1			11				B0H73PKDMW						B0H73PKDMW			0	DEFAULT	Migrated Template	Incomplete		
Isola di Man eSIM 3GB 15Days	Isle of Man eSIM 3GB 15Days - high speed internet - mobile data 5G compatible	0701HVSBMKX	ISLE-OF-MAN-ESIM		0	01/07/2026 05:36:10 MEST		y	1			11				B0H743CPJV						B0H743CPJV			0	DEFAULT	Migrated Template	Incomplete		
Israele eSIM 3GB 15Days	Israel eSIM 3GB 15Days - high speed internet - mobile data 5G compatible	0701HVYOKX3	ISRAEL-ESIM		0	01/07/2026 05:47:08 MEST		y	1			11				B0H741X7WC						B0H741X7WC			0	DEFAULT	Migrated Template	Incomplete		
Italia eSIM 5GB 30Days	Italy eSIM 5GB 30Days - high speed internet - mobile data 5G compatible	0701HW3HZOU	ITALY-ESIM		0	01/07/2026 05:57:45 MEST		y	1			11				B0H73ZR3JQ						B0H73ZR3JQ			0	DEFAULT	Migrated Template	Incomplete		
Giamaica eSIM 20GB 30Days	Jamaica eSIM 20GB 30Days - high speed internet - mobile data 5G compatible	0630HUG64D7	JAMAICA-ESIM		0	30/06/2026 18:32:25 MEST		y	1			11				B0H72GCC1D						B0H72GCC1D			0	DEFAULT	Migrated Template	Incomplete		
Giappone eSIM 5GB 30Days	Japan eSIM 5GB 30Days - high speed internet - mobile data 5G compatible	0701HVSQDMJ	JAPAN-ESIM		0	01/07/2026 06:09:25 MEST		y	1			11				B0H73NYTR5						B0H73NYTR5			0	DEFAULT	Migrated Template	Incomplete		
Jersey eSIM 3GB 15Days	Jersey eSIM 3GB 15Days - high speed internet - mobile data 5G compatible	0701HW1RRPT	JERSEY-ESIM		0	01/07/2026 06:20:40 MEST		y	1			11				B0H747BQB8						B0H747BQB8			0	DEFAULT	Migrated Template	Incomplete		
Jordan eSIM 3GB 15Days	Jordan eSIM 3GB 15Days - high speed internet - mobile data 5G compatible	0701HW3OPFG	JORDAN-ESIM		0	01/07/2026 06:31:18 MEST		y	1			11				B0H74DQHD4						B0H74DQHD4			0	DEFAULT	Migrated Template	Incomplete		
Kazakistan eSIM 3GB 15Days	Kazakhstan eSIM 3GB 15Days - high speed internet - mobile data 5G compatible	0701HW2ABYY	KAZAKHSTAN-ESIM		0	01/07/2026 06:41:44 MEST		y	1			11				B0H74J42H4						B0H74J42H4			0	DEFAULT	Migrated Template	Incomplete		
Kenya eSIM 5GB 30Days	Kenya eSIM 5GB 30Days - high speed internet - mobile data 5G compatible	0701HW4DWCJ	KENYA-ESIM		0	01/07/2026 06:52:01 MEST		y	1			11				B0H74FHHXW						B0H74FHHXW			0	DEFAULT	Migrated Template	Incomplete		
Kuwait eSIM 3GB 15Days	Kuwait eSIM 3GB 15Days - high speed internet - mobile data 5G compatible	0701HVYNFT9	KUWAIT-ESIM		0	01/07/2026 06:59:35 MEST		y	1			11				B0H74D2RCF						B0H74D2RCF			0	DEFAULT	Migrated Template	Incomplete		
Laos eSIM 5GB 30Days	Laos eSIM 5GB 30Days - high speed internet - mobile data 5G compatible	0630HUEE53K	LAOS-ESIM		0	30/06/2026 18:41:48 MEST		y	1			11				B0H729BHFL						B0H729BHFL			0	DEFAULT	Migrated Template	Incomplete		
Lettonia eSIM 3GB 15Days	Latvia eSIM 3GB 15Days - high speed internet - mobile data 5G compatible	0701HW56CRB	LATVIA-ESIM		0	01/07/2026 07:16:30 MEST		y	1			11				B0H74KVPT5						B0H74KVPT5			0	DEFAULT	Migrated Template	Incomplete		
Liberia eSIM 3GB 15Days	Liberia eSIM 3GB 15Days - high speed internet - mobile data 5G compatible	0701HW28ZQA	LIBERIA-ESIM		0	01/07/2026 07:25:54 MEST		y	1			11				B0H747Y6M7						B0H747Y6M7			0	DEFAULT	Migrated Template	Incomplete		
Libia eSIM 5GB 30Days	Libya eSIM 5GB 30Days - high speed internet - mobile data 5G compatible	0630HUERMG0	LIBYA-ESIM		0	30/06/2026 18:50:52 MEST		y	1			11				B0H72FQ723						B0H72FQ723			0	DEFAULT	Migrated Template	Incomplete		
Liechtenstein eSIM 3GB 15Days	Liechtenstein eSIM 3GB 15Days - high speed internet - mobile data 5G compatible	0701HVZYQMO	LIECHTENSTEIN-ESIM		0	01/07/2026 07:32:53 MEST		y	1			11				B0H74CWHP8						B0H74CWHP8			0	DEFAULT	Migrated Template	Incomplete		
Lituania eSIM 3GB 15Days	Lithuania eSIM 3GB 15Days - high speed internet - mobile data 5G compatible	0701HW6KOLH	LITHUANIA-ESIM		0	01/07/2026 07:36:54 MEST		y	1			11				B0H74HLJ3Y						B0H74HLJ3Y			0	DEFAULT	Migrated Template	Incomplete		
Lussemburgo eSIM 3GB 15Days	Luxembourg eSIM 3GB 15Days - high speed internet - mobile data 5G compatible	0701HW31E46	LUXEMBOURG-ESIM		0	01/07/2026 07:48:03 MEST		y	1			11				B0H74P1YLB						B0H74P1YLB			0	DEFAULT	Migrated Template	Incomplete		
Macao eSIM 3GB 15Days	Macao eSIM 3GB 15Days - high speed internet - mobile data 5G compatible	0701HVWY1B9	MACAO-ESIM		0	01/07/2026 07:57:37 MEST		y	1			11				B0H74BWVCZ						B0H74BWVCZ			0	DEFAULT	Migrated Template	Incomplete		
Madagascar eSIM 3GB 15Days	Madagascar eSIM 3GB 15Days - high speed internet - mobile data 5G compatible	0701HWAON9G	MADAGASCAR-ESIM		0	01/07/2026 08:07:33 MEST		y	1			11				B0H74NSV2Y						B0H74NSV2Y			0	DEFAULT	Migrated Template	Incomplete		
Malawi eSIM 3GB 15Days	Malawi eSIM 3GB 15Days - high speed internet - mobile data 5G compatible	0701HWC8TOT	MALAWI-ESIM		0	01/07/2026 08:10:54 MEST		y	1			11				B0H74BBDQW						B0H74BBDQW			0	DEFAULT	Migrated Template	Incomplete		
Malesia eSIM 5GB 30Days	Malaysia eSIM 5GB 30Days - high speed internet - mobile data 5G compatible	0701HWA0LSM	MALAYSIA-ESIM		0	01/07/2026 08:18:14 MEST		y	1			11				B0H74QPJDJ						B0H74QPJDJ			0	DEFAULT	Migrated Template	Incomplete		
Maldive eSIM 20GB 30Days	Maldives eSIM 20GB 30Days - high speed internet - mobile data 5G compatible	0630HU5HD3O	MALDIVES-ESIM		0	30/06/2026 19:00:15 MEST		y	1			11				B0H72JGNQX						B0H72JGNQX			0	DEFAULT	Migrated Template	Incomplete		
Mali eSIM 3GB 15Days	Mali eSIM 3GB 15Days - high speed internet - mobile data 5G compatible	0701HWCKHM7	MALI-ESIM		0	01/07/2026 08:29:40 MEST		y	1			11				B0H74QGJ1S						B0H74QGJ1S			0	DEFAULT	Migrated Template	Incomplete		
Malta eSIM 3GB 15Days	Malta eSIM 3GB 15Days - high speed internet - mobile data 5G compatible	0701HW9FPDS	MALTA-ESIM		0	01/07/2026 08:33:42 MEST		y	1			11				B0H74WGW5W						B0H74WGW5W			0	DEFAULT	Migrated Template	Incomplete		
Martinica eSIM 20GB 30Days	Martinique eSIM 20GB 30Days - high speed internet - mobile data 5G compatible	0630HUBR6Y5	MARTINIQUE-ESIM		0	30/06/2026 19:10:10 MEST		y	1			11				B0H7294YLD						B0H7294YLD			0	DEFAULT	Migrated Template	Incomplete		
Mauritius eSIM 3GB 15Days	Mauritius eSIM 3GB 15Days - high speed internet - mobile data 5G compatible	0701HY4W6QL	MAURITIUS-ESIM		0	01/07/2026 16:20:38 MEST		y	1			11				B0H7663NQD						B0H7663NQD			0	DEFAULT	Migrated Template	Incomplete		
Mayotte eSIM 3GB 15Days	Mayotte eSIM 3GB 15Days - high speed internet - mobile data 5G compatible	0630HUGKYGM	MAYOTTE-ESIM		0	30/06/2026 19:19:25 MEST		y	1			11				B0H72M171W						B0H72M171W			0	DEFAULT	Migrated Template	Incomplete		
Messico eSIM 3GB 15Days	Mexico eSIM 3GB 15Days - high speed internet - mobile data 5G compatible	0701HWM7NZN	MEXICO-ESIM		0	01/07/2026 08:44:30 MEST		y	1			11				B0H74WJCSM						B0H74WJCSM			0	DEFAULT	Migrated Template	Incomplete		
Medio Oriente eSIM 5GB 30Days	Middle East eSIM 5GB 30Days - high speed internet - mobile data 5G compatible	0701HWECPUL	MIDDLE-EAST-ESIM		0	01/07/2026 08:55:16 MEST		y	1			11				B0H74SNZQZ						B0H74SNZQZ			0	DEFAULT	Migrated Template	Incomplete		
Moldavia eSIM 3GB 15Days	Moldova eSIM 3GB 15Days - high speed internet - mobile data 5G compatible	0701HWJ1851	MOLDOVA-ESIM		0	01/07/2026 08:59:08 MEST		y	1			11				B0H74JW2GH						B0H74JW2GH			0	DEFAULT	Migrated Template	Incomplete		
Monaco eSIM 3GB 15Days	Monaco eSIM 3GB 15Days - high speed internet - mobile data 5G compatible	0701HWM7K75	MONACO-ESIM		0	01/07/2026 09:02:59 MEST		y	1			11				B0H74SM76M						B0H74SM76M			0	DEFAULT	Migrated Template	Incomplete		
Mongolia eSIM 3GB 15Days	Mongolia eSIM 3GB 15Days - high speed internet - mobile data 5G compatible	0701HWGFW7N	MONGOLIA-ESIM		0	01/07/2026 09:10:18 MEST		y	1			11				B0H74RQSWC						B0H74RQSWC			0	DEFAULT	Migrated Template	Incomplete		
Montserrat eSIM 5GB 30Days	Montserrat eSIM 5GB 30Days - high speed internet - mobile data 5G compatible	0630HU5XZ1R	MONTSERRAT-ESIM		0	30/06/2026 19:29:20 MEST		y	1			11				B0H72JN6V9						B0H72JN6V9			0	DEFAULT	Migrated Template	Incomplete		
Marocco eSIM 3GB 15Days	Morocco eSIM 3GB 15Days - high speed internet - mobile data 5G compatible	0701HWPJT78	MOROCCO-ESIM		0	01/07/2026 09:18:12 MEST		y	1			11				B0H74SJK14						B0H74SJK14			0	DEFAULT	Migrated Template	Incomplete		
Mozambico eSIM 3GB 15Days	Mozambique eSIM 3GB 15Days - high speed internet - mobile data 5G compatible	0701HWVNQ2W	MOZAMBIQUE-ESIM		0	01/07/2026 09:29:49 MEST		y	1			11				B0H751SQ6R						B0H751SQ6R			0	DEFAULT	Migrated Template	Incomplete		
Nepal eSIM 3GB 15Days	Nepal eSIM 3GB 15Days - high speed internet - mobile data 5G compatible	0701HWH833J	NEPAL-ESIM		0	01/07/2026 09:37:19 MEST		y	1			11				B0H74R4THS						B0H74R4THS			0	DEFAULT	Migrated Template	Incomplete		
Paesi Bassi eSIM 5GB 30Days	Netherlands eSIM 5GB 30Days - high speed internet - mobile data 5G compatible	0701HWQMFMQ	NETHERLANDS-ESIM		0	01/07/2026 09:41:32 MEST		y	1			11				B0H74SXSLF						B0H74SXSLF			0	DEFAULT	Migrated Template	Incomplete		
Nuova Zelanda eSIM 3GB 15Days	New Zealand eSIM 3GB 15Days - high speed internet - mobile data 5G compatible	0701HWWYI8I	NEW-ZEALAND-ESIM		0	01/07/2026 09:52:45 MEST		y	1			11				B0H74YSV95						B0H74YSV95			0	DEFAULT	Migrated Template	Incomplete		
Nicaragua eSIM 3GB 15Days	Nicaragua eSIM 3GB 15Days - high speed internet - mobile data 5G compatible	0701HWR1IWM	NICARAGUA-ESIM		0	01/07/2026 10:02:51 MEST		y	1			11				B0H74VV1Z1						B0H74VV1Z1			0	DEFAULT	Migrated Template	Incomplete		
Niger eSIM 3GB 15Days	Niger eSIM 3GB 15Days - high speed internet - mobile data 5G compatible	0701HWHQZJH	NIGER-ESIM		0	01/07/2026 10:07:04 MEST		y	1			11				B0H753QV52						B0H753QV52			0	DEFAULT	Migrated Template	Incomplete		
Nigeria eSIM 3GB 15Days	Nigeria eSIM 3GB 15Days - high speed internet - mobile data 5G compatible	0701HWI7X2A	NIGERIA-ESIM		0	01/07/2026 10:11:19 MEST		y	1			11				B0H754GH3Q						B0H754GH3Q			0	DEFAULT	Migrated Template	Incomplete		
Nord America eSIM 5GB 30Days	North America eSIM 5GB 30Days - high speed internet - mobile data 5G compatible	0701HWVNE7Y	NORTH-AMERICA-ESIM		0	01/07/2026 10:15:33 MEST		y	1			11				B0H752198B						B0H752198B			0	DEFAULT	Migrated Template	Incomplete		
Macedonia del Nord eSIM 3GB 15Days	North Macedonia eSIM 3GB 15Days - high speed internet - mobile data 5G compatible	0701HWZW1T2	NORTH-MACEDONIA-ESIM		0	01/07/2026 10:19:47 MEST		y	1			11				B0H754WZJL						B0H754WZJL			0	DEFAULT	Migrated Template	Incomplete		
Norvegia eSIM 3GB 15Days	Norway eSIM 3GB 15Days - high speed internet - mobile data 5G compatible	0701HWLHWV2	NORWAY-ESIM		0	01/07/2026 10:27:41 MEST		y	1			11				B0H753ZNVM						B0H753ZNVM			0	DEFAULT	Migrated Template	Incomplete		
Oman eSIM 3GB 15Days	Oman eSIM 3GB 15Days - high speed internet - mobile data 5G compatible	0701HWWPPYJ	OMAN-ESIM		0	01/07/2026 10:39:14 MEST		y	1			11				B0H74VS4LX						B0H74VS4LX			0	DEFAULT	Migrated Template	Incomplete		
Pakistan eSIM 3GB 15Days	Pakistan eSIM 3GB 15Days - high speed internet - mobile data 5G compatible	0701HWUS2CJ	PAKISTAN-ESIM		0	01/07/2026 10:47:09 MEST		y	1			11				B0H75FHZWF						B0H75FHZWF			0	DEFAULT	Migrated Template	Incomplete		
Panama eSIM 3GB 15Days	Panama eSIM 3GB 15Days - high speed internet - mobile data 5G compatible	0701HX05N3V	PANAMA-ESIM		0	01/07/2026 10:58:42 MEST		y	1			11				B0H755LGTF						B0H755LGTF			0	DEFAULT	Migrated Template	Incomplete		
Paraguay eSIM 3GB 15Days	Paraguay eSIM 3GB 15Days - high speed internet - mobile data 5G compatible	0701HX1CMJN	PARAGUAY-ESIM		0	01/07/2026 11:02:58 MEST		y	1			11				B0H756BRTH						B0H756BRTH			0	DEFAULT	Migrated Template	Incomplete		
Perù eSIM 20GB 30Days	Peru eSIM 20GB 30Days - high speed internet - mobile data 5G compatible	0630HTBVE7J	PERU-ESIM		0	30/06/2026 13:15:27 MEST		y	1			11				B0H71PLZ2D						B0H71PLZ2D			0	DEFAULT	Migrated Template	Incomplete		
Filippine eSIM 5GB 30Days	Philippines eSIM 5GB 30Days - high speed internet - mobile data 5G compatible	0701HWVAGPY	PHILIPPINES-ESIM		0	01/07/2026 11:07:14 MEST		y	1			11				B0H75DD6JB						B0H75DD6JB			0	DEFAULT	Migrated Template	Incomplete		
Polonia eSIM 5GB 30Days	Poland eSIM 5GB 30Days - high speed internet - mobile data 5G compatible	0701HX5TUW6	POLAND-ESIM		0	01/07/2026 11:18:51 MEST		y	1			11				B0H75FJSY4						B0H75FJSY4			0	DEFAULT	Migrated Template	Incomplete		
Portogallo eSIM 5GB 30Days	Portugal eSIM 5GB 30Days - high speed internet - mobile data 5G compatible	0701HX720S4	PORTUGAL-ESIM		0	01/07/2026 11:30:27 MEST		y	1			11				B0H75FZJ7L						B0H75FZJ7L			0	DEFAULT	Migrated Template	Incomplete		
Puerto Rico eSIM 3GB 15Days	Puerto Rico eSIM 3GB 15Days - high speed internet - mobile data 5G compatible	0701HX7Y8QB	PUERTO-RICO-ESIM		0	01/07/2026 11:42:04 MEST		y	1			11				B0H75FNRF6						B0H75FNRF6			0	DEFAULT	Migrated Template	Incomplete		
Qatar eSIM 5GB 30Days	Qatar eSIM 5GB 30Days - high speed internet - mobile data 5G compatible	0701HX888OK	QATAR-ESIM		0	01/07/2026 11:50:00 MEST		y	1			11				B0H75HPSZT						B0H75HPSZT			0	DEFAULT	Migrated Template	Incomplete		
Repubblica del Congo eSIM 5GB 30Days	Republic of the Congo eSIM 5GB 30Days - high speed internet - mobile data 5G compatible	0630HU621I0	REPUBLIC-OF-THE-CONGO-ESIM		0	30/06/2026 19:39:27 MEST		y	1			11				B0H72J2SJP						B0H72J2SJP			0	DEFAULT	Migrated Template	Incomplete		
Reunion eSIM 3GB 15Days	Reunion eSIM 3GB 15Days - high speed internet - mobile data 5G compatible	0701HXIAB6Z	REUNION-ESIM		0	01/07/2026 12:01:36 MEST		y	1			11				B0H75PGPFH						B0H75PGPFH			0	DEFAULT	Migrated Template	Incomplete		
Romania eSIM 5GB 30Days	Romania eSIM 5GB 30Days - high speed internet - mobile data 5G compatible	0630HU955TG	ROMANIA-ESIM		0	30/06/2026 19:49:03 MEST		y	1			11				B0H72SN9Y7						B0H72SN9Y7			0	DEFAULT	Migrated Template	Incomplete		
Russia eSIM 20GB 30Days	Russia eSIM 20GB 30Days - high speed internet - mobile data 5G compatible	0630HUC5MWN	RUSSIA-ESIM		0	30/06/2026 19:58:39 MEST		y	1			11				B0H72LSZF4						B0H72LSZF4			0	DEFAULT	Migrated Template	Incomplete		
Ruanda eSIM 5GB 30Days	Rwanda eSIM 5GB 30Days - high speed internet - mobile data 5G compatible	0630HUFDQUM	RWANDA-ESIM		0	30/06/2026 20:08:35 MEST		y	1			11				B0H72V9QP2						B0H72V9QP2			0	DEFAULT	Migrated Template	Incomplete		
Saint Barthelemy eSIM 5GB 30Days	Saint Barthelemy eSIM 5GB 30Days - high speed internet - mobile data 5G compatible	0630HUJLBNO	SAINT-BARTHELEMY-ESIM		0	30/06/2026 20:18:12 MEST		y	1			11				B0H732F9SK						B0H732F9SK			0	DEFAULT	Migrated Template	Incomplete		
Saint Kitts e Nevis eSIM 5GB 30Days	Saint Kitts and Nevis eSIM 5GB 30Days - high speed internet - mobile data 5G compatible	0630HUJVFKB	SAINT-KITTS-AND-NEVIS-ESIM		0	30/06/2026 20:27:58 MEST		y	1			11				B0H7342JR2						B0H7342JR2			0	DEFAULT	Migrated Template	Incomplete		
Santa Lucia eSIM 5GB 30Days	Saint Lucia eSIM 5GB 30Days - high speed internet - mobile data 5G compatible	0630HUPSSDC	SAINT-LUCIA-ESIM		0	30/06/2026 20:37:32 MEST		y	1			11				B0H72VBV8M						B0H72VBV8M			0	DEFAULT	Migrated Template	Incomplete		
Saint Martin eSIM 5GB 30Days	Saint Martin eSIM 5GB 30Days - high speed internet - mobile data 5G compatible	0630HUMYZH4	SAINT-MARTIN-ESIM		0	30/06/2026 20:46:45 MEST		y	1			11				B0H7377L98						B0H7377L98			0	DEFAULT	Migrated Template	Incomplete		
Saint Vincent e Grenadine eSIM 5GB 30Days	Saint Vincent and the Grenadines eSIM 5GB 30Days - high speed internet - mobile data 5G compatible	0630HUN37I5	SAINT-VINCENT-AND-THE-GRENADINES-ESIM		0	30/06/2026 20:56:31 MEST		y	1			11				B0H73KHH46						B0H73KHH46			0	DEFAULT	Migrated Template	Incomplete		
Samoa eSIM 5GB 30Days	Samoa eSIM 5GB 30Days - high speed internet - mobile data 5G compatible	0630HULQ3VC	SAMOA-ESIM		0	30/06/2026 21:07:21 MEST		y	1			11				B0H73W1M1F						B0H73W1M1F			0	DEFAULT	Migrated Template	Incomplete		
San Marino eSIM 5GB 30Days	San Marino eSIM 5GB 30Days - high speed internet - mobile data 5G compatible	0630HUQ1XER	SAN-MARINO-ESIM		0	30/06/2026 21:17:06 MEST		y	1			11				B0H73FGYX7						B0H73FGYX7			0	DEFAULT	Migrated Template	Incomplete		
Arabia Saudita eSIM 3GB 15Days	Saudi Arabia eSIM 3GB 15Days - high speed internet - mobile data 5G compatible	0701HXCEYZW	SAUDI-ARABIA-ESIM		0	01/07/2026 12:09:31 MEST		y	1			11				B0H75FYWYL						B0H75FYWYL			0	DEFAULT	Migrated Template	Incomplete		
Senegal eSIM 5GB 30Days	Senegal eSIM 5GB 30Days - high speed internet - mobile data 5G compatible	0701HX95UTG	SENEGAL-ESIM		0	01/07/2026 12:21:10 MEST		y	1			11				B0H75QZLQZ						B0H75QZLQZ			0	DEFAULT	Migrated Template	Incomplete		
Serbia eSIM 3GB 15Days	Serbia eSIM 3GB 15Days - high speed internet - mobile data 5G compatible	0701HX9JMWQ	SERBIA-ESIM		0	01/07/2026 12:28:56 MEST		y	1			11				B0H75HY6JL						B0H75HY6JL			0	DEFAULT	Migrated Template	Incomplete		
Seychelles eSIM 3GB 15Days	Seychelles eSIM 3GB 15Days - high speed internet - mobile data 5G compatible	0701HX9Q3U5	SEYCHELLES-ESIM		0	01/07/2026 12:36:54 MEST		y	1			11				B0H75N8VRC						B0H75N8VRC			0	DEFAULT	Migrated Template	Incomplete		
Sierra Leone eSIM 3GB 15Days	Sierra Leone eSIM 3GB 15Days - high speed internet - mobile data 5G compatible	0630HUQUXB1	SIERRA-LEONE-ESIM		0	30/06/2026 21:27:13 MEST		y	1			11				B0H73W19ZH						B0H73W19ZH			0	DEFAULT	Migrated Template	Incomplete		
Singapore eSIM 20GB 30Days	Singapore eSIM 20GB 30Days - high speed internet - mobile data 5G compatible	0701HXL4EMQ	SINGAPORE-ESIM		0	01/07/2026 12:44:52 MEST		y	1			11				B0H75KT1KB						B0H75KT1KB			0	DEFAULT	Migrated Template	Incomplete		
Slovacchia eSIM 3GB 15Days	Slovakia eSIM 3GB 15Days - high speed internet - mobile data 5G compatible	0701HX9YP69	SLOVAKIA-ESIM		0	01/07/2026 12:52:37 MEST		y	1			11				B0H75MKN65						B0H75MKN65			0	DEFAULT	Migrated Template	Incomplete		
Slovenia eSIM 3GB 15Days	Slovenia eSIM 3GB 15Days - high speed internet - mobile data 5G compatible	0701HXMA2WN	SLOVENIA-ESIM		0	01/07/2026 13:03:57 MEST		y	1			11				B0H75RGKGR						B0H75RGKGR			0	DEFAULT	Migrated Template	Incomplete		
Sud Africa eSIM 5GB 30Days	South Africa eSIM 5GB 30Days - high speed internet - mobile data 5G compatible	0701HXLWIHO	SOUTH-AFRICA-ESIM		0	01/07/2026 13:15:33 MEST		y	1			11				B0H75HX58X						B0H75HX58X			0	DEFAULT	Migrated Template	Incomplete		
Sud America eSIM 5GB 30Days	South America eSIM 5GB 30Days - high speed internet - mobile data 5G compatible	0701HXMN875	SOUTH-AMERICA-ESIM		0	01/07/2026 13:19:49 MEST		y	1			11				B0H75J8P43						B0H75J8P43			0	DEFAULT	Migrated Template	Incomplete		
Corea del Sud eSIM 5GB 30Days	South Korea eSIM 5GB 30Days - high speed internet - mobile data 5G compatible	0701HXRJA3O	SOUTH-KOREA-ESIM		0	01/07/2026 13:24:04 MEST		y	1			11				B0H75QBXCD						B0H75QBXCD			0	DEFAULT	Migrated Template	Incomplete		
Spagna eSIM 5GB 30Days	Spain eSIM 5GB 30Days - high speed internet - mobile data 5G compatible	0701HXGUG02	SPAIN-ESIM		0	01/07/2026 13:35:42 MEST		y	1			11				B0H75RNC6Z						B0H75RNC6Z			0	DEFAULT	Migrated Template	Incomplete		
Sri Lanka eSIM 3GB 15Days	Sri Lanka eSIM 3GB 15Days - high speed internet - mobile data 5G compatible	0701HXN2DHB	SRI-LANKA-ESIM		0	01/07/2026 13:47:22 MEST		y	1			11				B0H75XCKGJ						B0H75XCKGJ			0	DEFAULT	Migrated Template	Incomplete		
Sudan eSIM 3GB 15Days	Sudan eSIM 3GB 15Days - high speed internet - mobile data 5G compatible	0701HXVSQGM	SUDAN-ESIM		0	01/07/2026 13:58:58 MEST		y	1			11				B0H75ZDY3D						B0H75ZDY3D			0	DEFAULT	Migrated Template	Incomplete		
Suriname eSIM 5GB 30Days	Suriname eSIM 5GB 30Days - high speed internet - mobile data 5G compatible	0630HUP94VE	SURINAME-ESIM		0	30/06/2026 21:36:58 MEST		y	1			11				B0H73TG468						B0H73TG468			0	DEFAULT	Migrated Template	Incomplete		
Saint Vincent e Grenadine eSIM 20GB 30Days	Saint Vincent and the Grenadines eSIM 20GB 30Days - high speed internet - mobile data 5G compatible	0630HUJLZLI	SVG-ESIM		0	30/06/2026 21:03:19 MEST		y	1			11				B0H73L2PZC						B0H73L2PZC			0	DEFAULT	Migrated Template	Incomplete		
Svezia eSIM 3GB 15Days	Sweden eSIM 3GB 15Days - high speed internet - mobile data 5G compatible	0701HXTCA4F	SWEDEN-ESIM		0	01/07/2026 14:06:34 MEST		y	1			11				B0H762H72C						B0H762H72C			0	DEFAULT	Migrated Template	Incomplete		
Svizzera eSIM 3GB 15Days	Switzerland eSIM 3GB 15Days - high speed internet - mobile data 5G compatible	0701HXT6IE2	SWITZERLAND-ESIM		0	01/07/2026 14:18:14 MEST		y	1			11				B0H75T72JS						B0H75T72JS			0	DEFAULT	Migrated Template	Incomplete		
Tagikistan eSIM 3GB 15Days	Tajikistan eSIM 3GB 15Days - high speed internet - mobile data 5G compatible	0630HUNFR30	TAJIKISTAN-ESIM		0	30/06/2026 21:46:42 MEST		y	1			11				B0H73F33S7						B0H73F33S7			0	DEFAULT	Migrated Template	Incomplete		
Tanzania eSIM 3GB 15Days	Tanzania eSIM 3GB 15Days - high speed internet - mobile data 5G compatible	0701HXYPUUO	TANZANIA-ESIM		0	01/07/2026 14:29:56 MEST		y	1			11				B0H75TBT83						B0H75TBT83			0	DEFAULT	Migrated Template	Incomplete		
Thailandia eSIM 3GB 15Days	Thailand eSIM 3GB 15Days - high speed internet - mobile data 5G compatible	0701HXWRDFM	THAILAND-ESIM		0	01/07/2026 14:34:13 MEST		y	1			11				B0H75VQ562						B0H75VQ562			0	DEFAULT	Migrated Template	Incomplete		
Trinidad e Tobago eSIM 5GB 30Days	Trinidad and Tobago eSIM 5GB 30Days - high speed internet - mobile data 5G compatible	0630HUS44WW	TRINIDAD-AND-TOBAGO-ESIM		0	30/06/2026 21:56:56 MEST		y	1			11				B0H72WP6TQ						B0H72WP6TQ			0	DEFAULT	Migrated Template	Incomplete		
Tunisia eSIM 5GB 30Days	Tunisia eSIM 5GB 30Days - high speed internet - mobile data 5G compatible	0701HXYJKJ8	TUNISIA-ESIM		0	01/07/2026 14:45:49 MEST		y	1			11				B0H75TL5BT						B0H75TL5BT			0	DEFAULT	Migrated Template	Incomplete		
Turchia eSIM 3GB 15Days	Turkey eSIM 3GB 15Days - high speed internet - mobile data 5G compatible	0701HXYSTKF	TURKEY-ESIM		0	01/07/2026 14:50:05 MEST		y	1			11				B0H75XZ3LR						B0H75XZ3LR			0	DEFAULT	Migrated Template	Incomplete		
Isole Turks e Caicos eSIM 5GB 30Days	Turks and Caicos Islands eSIM 5GB 30Days - high speed internet - mobile data 5G compatible	0630HUT9VZ2	TURKS-AND-CAICOS-ISLANDS-ESIM		0	30/06/2026 22:07:12 MEST		y	1			11				B0H73C5MT2						B0H73C5MT2			0	DEFAULT	Migrated Template	Incomplete		
Uganda eSIM 3GB 15Days	Uganda eSIM 3GB 15Days - high speed internet - mobile data 5G compatible	0701HY94FAG	UGANDA-ESIM		0	01/07/2026 15:01:41 MEST		y	1			11				B0H761CGH5						B0H761CGH5			0	DEFAULT	Migrated Template	Incomplete		
Ucraina eSIM 3GB 15Days	Ukraine eSIM 3GB 15Days - high speed internet - mobile data 5G compatible	0701HY927VF	UKRAINE-ESIM		0	01/07/2026 15:05:35 MEST		y	1			11				B0H75V3B9Q						B0H75V3B9Q			0	DEFAULT	Migrated Template	Incomplete		
Emirati Arabi Uniti eSIM 3GB 15Days	United Arab Emirates eSIM 3GB 15Days - high speed internet - mobile data 5G compatible	0701HY91J4X	UNITED-ARAB-EMIRATES-ESIM		0	01/07/2026 15:13:31 MEST		y	1			11				B0H7653R25						B0H7653R25			0	DEFAULT	Migrated Template	Incomplete		
Regno Unito eSIM 3GB 15Days	United Kingdom eSIM 3GB 15Days - high speed internet - mobile data 5G compatible	0701HY74OG4	UNITED-KINGDOM-ESIM		0	01/07/2026 15:25:07 MEST		y	1			11				B0H75YKKW8						B0H75YKKW8			0	DEFAULT	Migrated Template	Incomplete		
Stati Uniti eSIM 3GB 15Days	United States eSIM 3GB 15Days - high speed internet - mobile data 5G compatible	0701HY5Z2A6	UNITED-STATES-ESIM		0	01/07/2026 15:36:45 MEST		y	1			11				B0H762XGD2						B0H762XGD2			0	DEFAULT	Migrated Template	Incomplete		
Uruguay eSIM 3GB 15Days	Uruguay eSIM 3GB 15Days - high speed internet - mobile data 5G compatible	0701HYCQOEZ	URUGUAY-ESIM		0	01/07/2026 15:44:41 MEST		y	1			11				B0H7611Q3S						B0H7611Q3S			0	DEFAULT	Migrated Template	Incomplete		
Uzbekistan eSIM 5GB 30Days	Uzbekistan eSIM 5GB 30Days - high speed internet - mobile data 5G compatible	0701HY7TT76	UZBEKISTAN-ESIM		0	01/07/2026 15:48:56 MEST		y	1			11				B0H7637KFT						B0H7637KFT			0	DEFAULT	Migrated Template	Incomplete		
Città del Vaticano eSIM 5GB 30Days	Vatican City eSIM 5GB 30Days - high speed internet - mobile data 5G compatible	0630HUUNQX1	VATICAN-CITY-ESIM		0	30/06/2026 22:16:56 MEST		y	1			11				B0H73M1QV9						B0H73M1QV9			0	DEFAULT	Migrated Template	Incomplete		
Vietnam eSIM 3GB 15Days	Vietnam eSIM 3GB 15Days - high speed internet - mobile data 5G compatible	0701HY9LX7F	VIETNAM-ESIM		0	01/07/2026 15:53:11 MEST		y	1			11				B0H765YPGP						B0H765YPGP			0	DEFAULT	Migrated Template	Incomplete		
Zambia eSIM 3GB 15Days	Zambia eSIM 3GB 15Days - high speed internet - mobile data 5G compatible	0701HYAVT4W	ZAMBIA-ESIM		0	01/07/2026 16:04:47 MEST		y	1			11				B0H766JG6B						B0H766JG6B			0	DEFAULT	Migrated Template	Incomplete		
