item-name	item-description	listing-id	seller-sku	price	quantity	open-date	image-url	item-is-marketplace	product-id-type	zshop-shipping-fee	item-note	item-condition	zshop-category1	zshop-browse-path	zshop-storefront-feature	asin1	asin2	asin3	will-ship-internationally	expedited-shipping	zshop-boldface	product-id	bid-for-featured-placement	add-delete	pending-quantity	fulfillment-channel	status
Aaland Islands eSIM 20GB 30Days	Aaland Islands eSIM 20GB 30Days - high speed internet - mobile data 5G compatible	0630HUUN3YP	AALAND-ISLANDS-20GB-30D	145.99		2026-06-30 22:45:00 CEST		y	4			11				B0FR39Q1KJ						8721438400041				AMAZON_EU	Active
Aaland Islands eSIM 3GB 15Days	Aaland Islands eSIM 3GB 15Days - high speed internet - mobile data 5G compatible	0630HUUUIKS	AALAND-ISLANDS-3GB-15D	40.99		2026-06-30 22:38:37 CEST		y	4			11				B0FR3CCSMB						8721438400010				AMAZON_EU	Active
Aaland Islands eSIM 5GB 30Days	Aaland Islands eSIM 5GB 30Days - high speed internet - mobile data 5G compatible	0630HUUD5EW	AALAND-ISLANDS-5GB-30D	60.99		2026-06-30 22:41:53 CEST		y	4			11				B0FR3G6JWB						8721438400034				AMAZON_EU	Active
Zjednoczone Emiraty Arabskie eSIM 20 GB 30 dni | Pay As You Go Data SIM | Łatwa konfiguracja | Podróżna karta SIM dla turystów i biznesu | Prędkości 3G/4G		0325HS1GZJQ	AE_20_30	177.13		2026-03-25 09:29:49 CET		y	1			11				B0FRB7TFJR						B0FRB7TFJR				AMAZON_EU	Active
Zjednoczone Emiraty Arabskie eSIM 3 GB 15 dni | Pay As You Go Data SIM | Łatwa konfiguracja | Podróżna karta SIM dla turystów i biznesu | Prędkości 3G/4G		0325HRYM46L	AE_3_15	39.8		2026-03-25 09:30:01 CET		y	1			11				B0FRBBYBGH						B0FRBBYBGH				AMAZON_EU	Active
Algeria eSIM 20GB 30Days	Algeria eSIM 20GB 30Days - high speed internet - mobile data 5G compatible	0630HTCASEX	ALGERIA-20GB-30D	115.99		2026-06-30 13:33:06 CEST		y	4			11				B0H6M5TDMD						8721438408443				AMAZON_EU	Active
Algeria eSIM 5GB 30Days	Algeria eSIM 5GB 30Days - high speed internet - mobile data 5G compatible	0630HTC8YTA	ALGERIA-5GB-30D	50.99		2026-06-30 13:29:16 CEST		y	4			11				B0H6MDYKG8						8721438408436				AMAZON_EU	Active
Andorra eSIM 20GB 30Days	Andorra eSIM 20GB 30Days - high speed internet - mobile data 5G compatible	0630HTQE5CY	ANDORRA-20GB-30D	190.99		2026-06-30 13:44:27 CEST		y	4			11				B0H6MJ97WC						8721438408474				AMAZON_EU	Active
Andorra eSIM 5GB 30Days	Andorra eSIM 5GB 30Days - high speed internet - mobile data 5G compatible	0630HTOVX46	ANDORRA-5GB-30D	70.99		2026-06-30 13:40:57 CEST		y	4			11				B0H6M5P65S						8721438408467				AMAZON_EU	Active
Angola eSIM 3GB 15Days	Angola eSIM 3GB 15Days - high speed internet - mobile data 5G compatible	0630HTIWJVT	ANGOLA-3GB-15D	150.99		2026-06-30 13:48:02 CEST		y	4			11				B0H6M5RWZH						8721438408481				AMAZON_EU	Active
Angola eSIM 5GB 30Days	Angola eSIM 5GB 30Days - high speed internet - mobile data 5G compatible	0630HTDD4MX	ANGOLA-5GB-30D	250.99		2026-06-30 14:29:45 CEST		y	4			11				B0H6MKZSB4						8721438408498				AMAZON_EU	Active
Anguilla eSIM 20GB 30Days	Anguilla eSIM 20GB 30Days - high speed internet - mobile data 5G compatible	0630HTPICR9	ANGUILLA-20GB-30D	376.99		2026-06-30 14:31:53 CEST		y	4			11				B0H6MHMZY8						8721438408535				AMAZON_EU	Active
Anguilla eSIM 3GB 15Days	Anguilla eSIM 3GB 15Days - high speed internet - mobile data 5G compatible	0630HTDFRQE	ANGUILLA-3GB-15D	105.99		2026-06-30 14:30:51 CEST		y	4			11				B0H6M7X7QY						8721438408511				AMAZON_EU	Active
Anguilla eSIM 5GB 30Days	Anguilla eSIM 5GB 30Days - high speed internet - mobile data 5G compatible	0630HTSFKSV	ANGUILLA-5GB-30D	140.99		2026-06-30 14:31:22 CEST		y	4			11				B0H6MFJ63H						8721438408528				AMAZON_EU	Active
Antigua and Barbuda eSIM 20GB 30Days	Antigua and Barbuda eSIM 20GB 30Days - high speed internet - mobile data 5G compatible	0630HTROLVJ	ANTIGUA-AND-BARBUDA-20GB-30D	426.99		2026-06-30 14:40:17 CEST		y	4			11				B0H6M2MQJB						8721438408566				AMAZON_EU	Active
Australia eSIM 20GB 30Days	Australia eSIM 20GB 30Days - high speed internet - mobile data 5G compatible	0630HUWCE51	AUSTRALIA-20GB-30D	65.99		2026-06-30 23:25:17 CEST		y	4			11				B0FR9G1ZQJ						8721438400416				AMAZON_EU	Active
Australia eSIM 3GB 15Days	Australia eSIM 3GB 15Days - high speed internet - mobile data 5G compatible	0630HV26WXE	AUSTRALIA-3GB-15D	35.99		2026-06-30 23:17:56 CEST		y	4			11				B0FR9SKY4D						8721438400386				AMAZON_EU	Active
Australia eSIM 5GB 30Days	Australia eSIM 5GB 30Days - high speed internet - mobile data 5G compatible	0630HUZF8EE	AUSTRALIA-5GB-30D	40.99		2026-06-30 23:21:37 CEST		y	4			11				B0FR9JRB62						8721438400393				AMAZON_EU	Active
Austria eSIM 20GB 30Days	Austria eSIM 20GB 30Days - high speed internet - mobile data 5G compatible	0630HV2DF9Q	AUSTRIA-20GB-30D	65.99		2026-06-30 23:35:03 CEST		y	4			11				B0FR8XBSBP						8721438400539				AMAZON_EU	Active
Austria eSIM 5GB 30Days	Austria eSIM 5GB 30Days - high speed internet - mobile data 5G compatible	0630HUZ2CQ5	AUSTRIA-5GB-30D	40.99		2026-06-30 23:31:35 CEST		y	4			11				B0FR8XCH78						8721438400515				AMAZON_EU	Active
Australia eSIM 20GB 30Days		0327H0RLDKZ	AU_20_30	60.77		2026-03-27 11:08:21 CET		y	1			11				B0FR9G1ZQJ						B0FR9G1ZQJ				AMAZON_EU	Active
Australia eSIM 3GB 15Days		0327H0FKKUM	AU_3_15	21.43		2026-03-27 10:28:42 CET		y	1			11				B0FR9SKY4D						B0FR9SKY4D				AMAZON_EU	Active
Australia eSIM 5GB 30Days		0325HS4E36Z	AU_5_30	29.3		2026-03-25 09:30:01 CET		y	1			11				B0FR9JRB62						B0FR9JRB62				AMAZON_EU	Active
Bahamas eSIM 20GB 30Days	Bahamas eSIM 20GB 30Days - high speed internet - mobile data 5G compatible	0630HTGMUB6	BAHAMAS-20GB-30D	521.99		2026-06-30 14:50:23 CEST		y	4			11				B0H6MCPR9P						8721438408597				AMAZON_EU	Active
Bahamas eSIM 5GB 30Days	Bahamas eSIM 5GB 30Days - high speed internet - mobile data 5G compatible	0630HTDJWE7	BAHAMAS-5GB-30D	185.99		2026-06-30 14:47:06 CEST		y	4			11				B0H6MFGH8P						8721438408580				AMAZON_EU	Active
Bangladesh eSIM 20GB 30Days	Bangladesh eSIM 20GB 30Days - high speed internet - mobile data 5G compatible	0630HV2VGFQ	BANGLADESH-20GB-30D	100.99		2026-06-30 23:52:34 CEST		y	4			11				B0FR8FJ3HJ						8721438400683				AMAZON_EU	Active
Bangladesh eSIM 5GB 30Days	Bangladesh eSIM 5GB 30Days - high speed internet - mobile data 5G compatible	0630HV2XDHE	BANGLADESH-5GB-30D	45.99		2026-06-30 23:50:08 CEST		y	4			11				B0FR9BQFCM						8721438400676				AMAZON_EU	Active
Barbados eSIM 20GB 30Days	Barbados eSIM 20GB 30Days - high speed internet - mobile data 5G compatible	0630HTRNTKE	BARBADOS-20GB-30D	366.99		2026-06-30 15:00:39 CEST		y	4			11				B0H6MJ921X						8721438408627				AMAZON_EU	Active
Barbados eSIM 5GB 30Days	Barbados eSIM 5GB 30Days - high speed internet - mobile data 5G compatible	0630HTUOXCE	BARBADOS-5GB-30D	135.99		2026-06-30 14:57:43 CEST		y	4			11				B0H6MG6VYJ						8721438408610				AMAZON_EU	Active
Belarus eSIM 5GB 30Days	Belarus eSIM 5GB 30Days - high speed internet - mobile data 5G compatible	0630HV05O53	BELARUS-5GB-30D	50.99		2026-06-30 23:58:40 CEST		y	4			11				B0FR8FFT4D						8721438400713				AMAZON_EU	Active
Belgium eSIM 20GB 30Days	Belgium eSIM 20GB 30Days - high speed internet - mobile data 5G compatible	0630HV50HCI	BELGIUM-20GB-30D	65.99		2026-07-01 00:10:17 CEST		y	4			11				B0FR9BVRCH						8721438400775				AMAZON_EU	Active
Belgium eSIM 3GB 15Days	Belgium eSIM 3GB 15Days - high speed internet - mobile data 5G compatible	0630HV36CYG	BELGIUM-3GB-15D	35.99		2026-07-01 00:02:55 CEST		y	4			11				B0FR9G432K						8721438400737				AMAZON_EU	Active
Belgium eSIM 5GB 30Days	Belgium eSIM 5GB 30Days - high speed internet - mobile data 5G compatible	0630HUWRD0I	BELGIUM-5GB-30D	40.99		2026-07-01 00:06:36 CEST		y	4			11				B0FR9SXCW6						8721438400751				AMAZON_EU	Active
Belize eSIM 20GB 30Days	Belize eSIM 20GB 30Days - high speed internet - mobile data 5G compatible	0630HTSHD5Z	BELIZE-20GB-30D	627.99		2026-06-30 15:11:07 CEST		y	4			11				B0H6MBSQM8						8721438408658				AMAZON_EU	Active
Belize eSIM 3GB 15Days	Belize eSIM 3GB 15Days - high speed internet - mobile data 5G compatible	0630HTQ0H6G	BELIZE-3GB-15D	140.99		2026-06-30 15:04:33 CEST		y	4			11				B0H6MFPNTX						8721438408634				AMAZON_EU	Active
Belize eSIM 5GB 30Days	Belize eSIM 5GB 30Days - high speed internet - mobile data 5G compatible	0630HTQ15NK	BELIZE-5GB-30D	230.99		2026-06-30 15:07:50 CEST		y	4			11				B0H6MF1H4V						8721438408641				AMAZON_EU	Active
Benin eSIM 20GB 30Days	Benin eSIM 20GB 30Days - high speed internet - mobile data 5G compatible	0630HTWVVOX	BENIN-20GB-30D	331.99		2026-06-30 15:20:48 CEST		y	4			11				B0H6M7VGSZ						8721438408689				AMAZON_EU	Active
Benin eSIM 3GB 15Days	Benin eSIM 3GB 15Days - high speed internet - mobile data 5G compatible	0630HTSZZ39	BENIN-3GB-15D	80.99		2026-06-30 15:14:50 CEST		y	4			11				B0H6M9YHDR						8721438408665				AMAZON_EU	Active
Benin eSIM 5GB 30Days	Benin eSIM 5GB 30Days - high speed internet - mobile data 5G compatible	0630HTT1WUZ	BENIN-5GB-30D	135.99		2026-06-30 15:17:47 CEST		y	4			11				B0H6MHRNBH						8721438408672				AMAZON_EU	Active
Bermuda eSIM 20GB 30Days	Bermuda eSIM 20GB 30Days - high speed internet - mobile data 5G compatible	0630HTT7B98	BERMUDA-20GB-30D	436.99		2026-06-30 15:31:35 CEST		y	4			11				B0H6MCGQ77						8721438408719				AMAZON_EU	Active
Bermuda eSIM 3GB 15Days	Bermuda eSIM 3GB 15Days - high speed internet - mobile data 5G compatible	0630HTRESHJ	BERMUDA-3GB-15D	110.99		2026-06-30 15:24:50 CEST		y	4			11				B0H6MDMTGH						8721438408696				AMAZON_EU	Active
Bermuda eSIM 5GB 30Days	Bermuda eSIM 5GB 30Days - high speed internet - mobile data 5G compatible	0630HTV33NO	BERMUDA-5GB-30D	145.99		2026-06-30 15:28:08 CEST		y	4			11				B0H6MFM5X4						8721438408702				AMAZON_EU	Active
Belgium eSIM 20GB 30Days		0327H12JQS9	BE_20_30	75.49		2026-03-27 13:30:14 CET		y	1			11				B0FR9BVRCH						B0FR9BVRCH				AMAZON_EU	Active
Belgium eSIM 3GB 15Days		0327H0RYEG1	BE_3_15	23.99		2026-03-27 11:09:11 CET		y	1			11				B0FR9G432K						B0FR9G432K				AMAZON_EU	Active
Belgium eSIM 5GB 30Days		0327H10BU6I	BE_5_30	29.19		2026-03-27 11:48:18 CET		y	1			11				B0FR9SXCW6						B0FR9SXCW6				AMAZON_EU	Active
Bhutan eSIM 20GB 30Days	Bhutan eSIM 20GB 30Days - high speed internet - mobile data 5G compatible	0630HTXVWKR	BHUTAN-20GB-30D	250.99		2026-06-30 15:42:33 CEST		y	4			11				B0H6M5WDSH						8721438408740				AMAZON_EU	Active
Bhutan eSIM 5GB 30Days	Bhutan eSIM 5GB 30Days - high speed internet - mobile data 5G compatible	0630HTXNDZ0	BHUTAN-5GB-30D	85.99		2026-06-30 15:39:16 CEST		y	4			11				B0H6M9C23Q						8721438408733				AMAZON_EU	Active
Bosnia and Herzegovina eSIM 3GB 15Days	Bosnia and Herzegovina eSIM 3GB 15Days - high speed internet - mobile data 5G compatible	0630HV04YKQ	BOSNIA-AND-HERZEGOVINA-3GB-15D	9.99		2026-07-01 00:20:15 CEST		y	4			11				B0FR9G8ZVK						8721438400843				AMAZON_EU	Active
Botswana eSIM 3GB 15Days	Botswana eSIM 3GB 15Days - high speed internet - mobile data 5G compatible	0630HV5OTW8	BOTSWANA-3GB-15D	100.99		2026-07-01 00:23:46 CEST		y	4			11				B0FR9G7N2Q						8721438400867				AMAZON_EU	Active
Bulgaria eSIM 3GB 15Days	Bulgaria eSIM 3GB 15Days - high speed internet - mobile data 5G compatible	0630HTKXY68	BULGARIA-3GB-15D	6.99		2026-06-30 13:13:26 CEST		y	4			11				B0H6MCT4Y5						8721438401031				AMAZON_EU	Active
Burkina Faso eSIM 3GB 15Days	Burkina Faso eSIM 3GB 15Days - high speed internet - mobile data 5G compatible	0630HV6K1SD	BURKINA-FASO-3GB-15D	55.99		2026-07-01 00:39:30 CEST		y	4			11				B0FR9HWFSK						8721438401086				AMAZON_EU	Active
Burkina Faso eSIM 5GB 30Days	Burkina Faso eSIM 5GB 30Days - high speed internet - mobile data 5G compatible	0630HV5V8CD	BURKINA-FASO-5GB-30D	125.99		2026-07-01 00:42:26 CEST		y	4			11				B0FR9BWKSY						8721438401093				AMAZON_EU	Active
Canada eSIM 20GB 30Days Premium	Canada eSIM 20GB 30Days Premium - high speed internet - mobile data 5G compatible	0630HUYISLN	CANADA-PREMIUM-20GB-30D	125.99		2026-06-30 22:34:45 CEST		y	4			11				B0H6MJ9N4Y						8721438410606				AMAZON_EU	Active
Canada eSIM 5GB 30Days Premium	Canada eSIM 5GB 30Days Premium - high speed internet - mobile data 5G compatible	0630HUUOTJ9	CANADA-PREMIUM-5GB-30D	65.99		2026-06-30 22:31:59 CEST		y	4			11				B0H6MPXGBN						8721438410590				AMAZON_EU	Active
Cayman Islands eSIM 20GB 30Days	Cayman Islands eSIM 20GB 30Days - high speed internet - mobile data 5G compatible	0630HU04Q34	CAYMAN-ISLANDS-20GB-30D	411.99		2026-06-30 16:03:17 CEST		y	4			11				B0H6MGXYNS						8721438408801				AMAZON_EU	Active
Cayman Islands eSIM 3GB 15Days	Cayman Islands eSIM 3GB 15Days - high speed internet - mobile data 5G compatible	0630HTXOXNM	CAYMAN-ISLANDS-3GB-15D	115.99		2026-06-30 15:57:03 CEST		y	4			11				B0H6MLHBD7						8721438408788				AMAZON_EU	Active
Cayman Islands eSIM 5GB 30Days	Cayman Islands eSIM 5GB 30Days - high speed internet - mobile data 5G compatible	0630HTZDW47	CAYMAN-ISLANDS-5GB-30D	150.99		2026-06-30 16:00:21 CEST		y	4			11				B0H6M55MKK						8721438408795				AMAZON_EU	Active
Central African Republic eSIM 5GB 30Days	Central African Republic eSIM 5GB 30Days - high speed internet - mobile data 5G compatible	0630HUX7L5R	CENTRAL-AFRICAN-REPUBLIC-5GB-30D	145.99		2026-07-01 00:52:43 CEST		y	4			11				B0FR9R3NMC						8721438401369				AMAZON_EU	Active
Chad eSIM 3GB 15Days	Chad eSIM 3GB 15Days - high speed internet - mobile data 5G compatible	0630HV3IVTM	CHAD-3GB-15D	75.99		2026-07-01 00:56:24 CEST		y	4			11				B0FR9SG4MK						8721438401420				AMAZON_EU	Active
Chad eSIM 5GB 30Days	Chad eSIM 5GB 30Days - high speed internet - mobile data 5G compatible	0630HV8TDKY	CHAD-5GB-30D	120.99		2026-07-01 00:59:20 CEST		y	4			11				B0FR9L414C						8721438401437				AMAZON_EU	Active
China eSIM 5GB 30Days	China eSIM 5GB 30Days - high speed internet - mobile data 5G compatible	0630HUXEV8F	CHINA-5GB-30D	40.99		2026-07-01 01:11:07 CEST		y	4			11				B0FR9HX7XH						8721438401581				AMAZON_EU	Active
China eSIM 3GB 15Days		0325HSR1B3R	CN_3_15	24.06		2026-03-25 13:06:04 CET		y	1			11				B0FR9QZ578						B0FR9QZ578				AMAZON_EU	Active
China eSIM 5GB 30Days		0327H1J67DQ	CN_5_30	34.58		2026-03-27 14:50:41 CET		y	1			11				B0FR9HX7XH						B0FR9HX7XH				AMAZON_EU	Active
Cote d'Ivoire eSIM 3GB 15Days	Cote d'Ivoire eSIM 3GB 15Days - high speed internet - mobile data 5G compatible	0630HV6Q64L	COTE-D-IVOIRE-3GB-15D	105.99		2026-07-01 01:32:58 CEST		y	4			11				B0FR9HW9DJ						8721438401789				AMAZON_EU	Active
Cote d'Ivoire eSIM 5GB 30Days	Cote d'Ivoire eSIM 5GB 30Days - high speed internet - mobile data 5G compatible	0630HUXNM6R	COTE-D-IVOIRE-5GB-30D	135.99		2026-07-01 01:36:35 CEST		y	4			11				B0FR9V5LYJ						8721438401796				AMAZON_EU	Active
Curacao eSIM 20GB 30Days	Curacao eSIM 20GB 30Days - high speed internet - mobile data 5G compatible	0630HTWCNF8	CURACAO-20GB-30D	341.99		2026-06-30 16:13:55 CEST		y	4			11				B0H6MF51WH						8721438408832				AMAZON_EU	Active
Cyprus eSIM 5GB 30Days	Cyprus eSIM 5GB 30Days - high speed internet - mobile data 5G compatible	0630HVCDU26	CYPRUS-5GB-30D	40.99		2026-07-01 01:52:36 CEST		y	4			11				B0FR8XHWZV						8721438401901				AMAZON_EU	Active
Czech Republic eSIM 20GB 30Days	Czech Republic eSIM 20GB 30Days - high speed internet - mobile data 5G compatible	0701HUXU4QA	CZECH-REPUBLIC-20GB-30D	75.99		2026-07-01 02:02:10 CEST		y	4			11				B0FR9SVN9H						8721438401987				AMAZON_EU	Active
Democratic Republic of the Congo eSIM 5GB 30Days	Democratic Republic of the Congo eSIM 5GB 30Days - high speed internet - mobile data 5G compatible	0630HU1DKIT	DEMOCRATIC-REPUBLIC-OF-THE-CONGO-5GB-30D	95.99		2026-06-30 16:20:55 CEST		y	4			11				B0H6M6L8Z8						8721438408856				AMAZON_EU	Active
Denmark eSIM 20GB 30Days	Denmark eSIM 20GB 30Days - high speed internet - mobile data 5G compatible	0701HVCA26G	DENMARK-20GB-30D	65.99		2026-07-01 02:12:15 CEST		y	4			11				B0FR9QPF45						8721438402052				AMAZON_EU	Active
Denmark eSIM 5GB 30Days	Denmark eSIM 5GB 30Days - high speed internet - mobile data 5G compatible	0701HVA5K5A	DENMARK-5GB-30D	40.99		2026-07-01 02:09:19 CEST		y	4			11				B0FR8XQYR4						8721438402038				AMAZON_EU	Active
Dominica eSIM 20GB 30Days	Dominica eSIM 20GB 30Days - high speed internet - mobile data 5G compatible	0630HU26JGG	DOMINICA-20GB-30D	376.99		2026-06-30 16:34:33 CEST		y	4			11				B0H6MK8XTJ						8721438408894				AMAZON_EU	Active
Dominica eSIM 5GB 30Days	Dominica eSIM 5GB 30Days - high speed internet - mobile data 5G compatible	0630HU0SQQT	DOMINICA-5GB-30D	140.99		2026-06-30 16:31:17 CEST		y	4			11				B0H6M5HR32						8721438408887				AMAZON_EU	Active
Egypt eSIM 20GB 30Days	Egypt eSIM 20GB 30Days - high speed internet - mobile data 5G compatible	0701HV9FO0Z	EGYPT-20GB-30D	125.99		2026-07-01 02:34:57 CEST		y	4			11				B0FR9GQBGL						8721438402182				AMAZON_EU	Active
Egypt eSIM 3GB 15Days	Egypt eSIM 3GB 15Days - high speed internet - mobile data 5G compatible	0701HV16WYK	EGYPT-3GB-15D	45.99		2026-07-01 02:29:02 CEST		y	4			11				B0FR9C784N						8721438402144				AMAZON_EU	Active
Egypt eSIM 20GB 30Days		0327H0TMXL8	EG_20_30	145.79		2026-03-27 11:02:18 CET		y	1			11				B0FR9GQBGL						B0FR9GQBGL				AMAZON_EU	Active
Egypt eSIM 3GB 15Days		0327H092P2H	EG_3_15	39.68		2026-03-27 09:41:17 CET		y	1			11				B0FR9C784N						B0FR9C784N				AMAZON_EU	Active
Estonia eSIM 20GB 30Days	Estonia eSIM 20GB 30Days - high speed internet - mobile data 5G compatible	0701HVBNICK	ESTONIA-20GB-30D	65.99		2026-07-01 02:47:20 CEST		y	4			11				B0FR9L527N						8721438402298				AMAZON_EU	Active
Estonia eSIM 5GB 30Days	Estonia eSIM 5GB 30Days - high speed internet - mobile data 5G compatible	0701HVBM2YW	ESTONIA-5GB-30D	40.99		2026-07-01 02:44:45 CEST		y	4			11				B0FR9GQYKB						8721438402274				AMAZON_EU	Active
Spain eSIM 3GB 15Days		0327H0RZ2U5	ES_3_15	24.06		2026-03-27 11:06:17 CET		y	1			11				B0FRCDHTZ7						B0FRCDHTZ7				AMAZON_EU	Active
Spain eSIM 5GB 30Days		0325HSHNA2E	ES_5_30	34.46		2026-03-25 10:39:59 CET		y	1			11				B0FRBQCLZN						B0FRBQCLZN				AMAZON_EU	Active
Europe(40+ areas) eSIM 5GB 30Days	Europe(40+ areas) eSIM 5GB 30Days - high speed internet - mobile data 5G compatible	0701HV49MBV	EUROPE-40-AREAS-5GB-30D	40.99		2026-07-01 02:50:52 CEST		y	4			11				B0FR9RYSSS						8721438402472				AMAZON_EU	Active
Faroe Islands eSIM 20GB 30Days	Faroe Islands eSIM 20GB 30Days - high speed internet - mobile data 5G compatible	0630HU7BSG2	FAROE-ISLANDS-20GB-30D	125.99		2026-06-30 16:44:11 CEST		y	4			11				B0H6MB82ZV						8721438408924				AMAZON_EU	Active
Fiji eSIM 20GB 30Days	Fiji eSIM 20GB 30Days - high speed internet - mobile data 5G compatible	0630HU26YLQ	FIJI-20GB-30D	175.99		2026-06-30 16:53:14 CEST		y	4			11				B0H6MGBL3N						8721438408955				AMAZON_EU	Active
Fiji eSIM 5GB 30Days	Fiji eSIM 5GB 30Days - high speed internet - mobile data 5G compatible	0630HU31IB1	FIJI-5GB-30D	60.99		2026-06-30 16:50:29 CEST		y	4			11				B0H6MJ7GS6						8721438408948				AMAZON_EU	Active
France eSIM 20GB 30Days	France eSIM 20GB 30Days - high speed internet - mobile data 5G compatible	0701HVDHVN7	FRANCE-20GB-30D	65.99		2026-07-01 03:12:12 CEST		y	4			11				B0FR9GPMC5						8721438402632				AMAZON_EU	Active
France eSIM 3GB 15Days	France eSIM 3GB 15Days - high speed internet - mobile data 5G compatible	0701HVDEON8	FRANCE-3GB-15D	35.99		2026-07-01 03:04:52 CEST		y	4			11				B0FR9C5ZB6						8721438402595				AMAZON_EU	Active
France eSIM 5GB 30Days	France eSIM 5GB 30Days - high speed internet - mobile data 5G compatible	0701HV7KY34	FRANCE-5GB-30D	40.99		2026-07-01 03:08:32 CEST		y	4			11				B0FR9LMDW5						8721438402618				AMAZON_EU	Active
French Polynesia eSIM 20GB 30Days	French Polynesia eSIM 20GB 30Days - high speed internet - mobile data 5G compatible	0630HU3L783	FRENCH-POLYNESIA-20GB-30D	1043.99		2026-06-30 17:12:47 CEST		y	4			11				B0H6M59GH9						8721438409013				AMAZON_EU	Active
France eSIM 20GB 30Days		0325HRB7XXB	FR_20_30	90.1		2026-03-25 06:27:20 CET		y	1			11				B0FR9GPMC5						B0FR9GPMC5				AMAZON_EU	Active
France eSIM 3GB 15Days		0325HR8C2WF	FR_3_15	29.19		2026-03-25 06:07:20 CET		y	1			11				B0FR9C5ZB6						B0FR9C5ZB6				AMAZON_EU	Active
France eSIM 5GB 30Days		0412HUF232M	FR_5_30	39.68		2026-04-12 13:25:48 CEST		y	1			11				B0FR9LMDW5						B0FR9LMDW5				AMAZON_EU	Active
Gabon eSIM 3GB 15Days	Gabon eSIM 3GB 15Days - high speed internet - mobile data 5G compatible	0701HV1JXEA	GABON-3GB-15D	75.99		2026-07-01 03:15:43 CEST		y	4			11				B0FR9GPX9T						8721438402700				AMAZON_EU	Active
Gambia eSIM 5GB 30Days	Gambia eSIM 5GB 30Days - high speed internet - mobile data 5G compatible	0701HYGTITA	GAMBIA-5GB-30D	245.99		2026-07-01 16:18:44 CEST		y	4			11				B0H2FQ3QJ9						8721438408375				AMAZON_EU	Active
Gibraltar eSIM 3GB 15Days	Gibraltar eSIM 3GB 15Days - high speed internet - mobile data 5G compatible	0701HVCCXK5	GIBRALTAR-3GB-15D	35.99		2026-07-01 03:37:34 CEST		y	4			11				B0FR8XSPMC						8721438402878				AMAZON_EU	Active
Greece eSIM 20GB 30Days	Greece eSIM 20GB 30Days - high speed internet - mobile data 5G compatible	0701HVB0TH6	GREECE-20GB-30D	75.99		2026-07-01 03:53:04 CEST		y	4			11				B0FR9KJGBG						8721438403080				AMAZON_EU	Active
Greece eSIM 3GB 15Days	Greece eSIM 3GB 15Days - high speed internet - mobile data 5G compatible	0701HVHMQCL	GREECE-3GB-15D	35.99		2026-07-01 03:45:43 CEST		y	4			11				B0FR9L85F6						8721438403042				AMAZON_EU	Active
Greece eSIM 5GB 30Days	Greece eSIM 5GB 30Days - high speed internet - mobile data 5G compatible	0701HVEIRL7	GREECE-5GB-30D	40.99		2026-07-01 03:49:23 CEST		y	4			11				B0FR9C7SMF						8721438403066				AMAZON_EU	Active
Greenland eSIM 3GB 15Days	Greenland eSIM 3GB 15Days - high speed internet - mobile data 5G compatible	0630HU9XQDN	GREENLAND-3GB-15D	23.99		2026-06-30 17:25:53 CEST		y	4			11				B0H6MLNBK2						8721438409051				AMAZON_EU	Active
Grenada eSIM 20GB 30Days	Grenada eSIM 20GB 30Days - high speed internet - mobile data 5G compatible	0630HU7LS9H	GRENADA-20GB-30D	446.99		2026-06-30 17:42:33 CEST		y	4			11				B0H6MGRF37						8721438409105				AMAZON_EU	Active
Grenada eSIM 3GB 15Days	Grenada eSIM 3GB 15Days - high speed internet - mobile data 5G compatible	0630HU7SFQ3	GRENADA-3GB-15D	125.99		2026-06-30 17:36:09 CEST		y	4			11				B0H6M8K37V						8721438409082				AMAZON_EU	Active
Grenada eSIM 5GB 30Days	Grenada eSIM 5GB 30Days - high speed internet - mobile data 5G compatible	0630HUCSRKQ	GRENADA-5GB-30D	165.99		2026-06-30 17:39:26 CEST		y	4			11				B0H6MLJR6Z						8721438409099				AMAZON_EU	Active
Greece eSIM 20GB 30Days		0325HSCKCYM	GR_20_30	75.74		2026-03-25 11:44:12 CET		y	1			11				B0FR9KJGBG						B0FR9KJGBG				AMAZON_EU	Active
Greece eSIM 3GB 15Days		0325HSR4SSE	GR_3_15	18.83		2026-03-25 13:15:13 CET		y	1			11				B0FR9L85F6						B0FR9L85F6				AMAZON_EU	Active
Greece eSIM 5GB 30Days		0327H0EH62R	GR_5_30	16.14		2026-03-27 09:26:43 CET		y	1			11				B0FR9C7SMF						B0FR9C7SMF				AMAZON_EU	Active
Guadeloupe eSIM 20GB 30Days	Guadeloupe eSIM 20GB 30Days - high speed internet - mobile data 5G compatible	0701HVE1G7I	GUADELOUPE-20GB-30D	75.99		2026-07-01 04:00:02 CEST		y	4			11				B0FR8XTBF6						8721438403127				AMAZON_EU	Active
Guam eSIM 20GB 30Days	Guam eSIM 20GB 30Days - high speed internet - mobile data 5G compatible	0701HVJEOWA	GUAM-20GB-30D	250.99		2026-07-01 04:10:07 CEST		y	4			11				B0FR9C7MGP						8721438403189				AMAZON_EU	Active
Guam eSIM 3GB 15Days	Guam eSIM 3GB 15Days - high speed internet - mobile data 5G compatible	0701HVFTDXZ	GUAM-3GB-15D	75.99		2026-07-01 04:03:23 CEST		y	4			11				B0FR9GVSSF						8721438403141				AMAZON_EU	Active
Guam eSIM 5GB 30Days	Guam eSIM 5GB 30Days - high speed internet - mobile data 5G compatible	0701HVH94KS	GUAM-5GB-30D	85.99		2026-07-01 04:06:40 CEST		y	4			11				B0FR9SVP8Y						8721438403165				AMAZON_EU	Active
Guatemala eSIM 3GB 15Days	Guatemala eSIM 3GB 15Days - high speed internet - mobile data 5G compatible	0701HVI4VJ6	GUATEMALA-3GB-15D	70.99		2026-07-01 04:14:20 CEST		y	4			11				B0FR9VC6VD						8721438403202				AMAZON_EU	Active
Guernsey eSIM 20GB 30Days	Guernsey eSIM 20GB 30Days - high speed internet - mobile data 5G compatible	0701HVGYGEC	GUERNSEY-20GB-30D	205.99		2026-07-01 04:24:30 CEST		y	4			11				B0FR9LYWWY						8721438403257				AMAZON_EU	Active
Guinea eSIM 20GB 30Days	Guinea eSIM 20GB 30Days - high speed internet - mobile data 5G compatible	0630HU7DBL5	GUINEA-20GB-30D	356.99		2026-06-30 17:51:56 CEST		y	4			11				B0H6M7VHYP						8721438409136				AMAZON_EU	Active
Guinea eSIM 3GB 15Days	Guinea eSIM 3GB 15Days - high speed internet - mobile data 5G compatible	0630HUAHHWF	GUINEA-3GB-15D	90.99		2026-06-30 17:46:25 CEST		y	4			11				B0H6MGZTF1						8721438409112				AMAZON_EU	Active
Guinea eSIM 5GB 30Days	Guinea eSIM 5GB 30Days - high speed internet - mobile data 5G compatible	0630HUAYKWX	GUINEA-5GB-30D	145.99		2026-06-30 17:49:21 CEST		y	4			11				B0H6MFTVX6						8721438409129				AMAZON_EU	Active
Guinea-Bissau eSIM 3GB 15Days	Guinea-Bissau eSIM 3GB 15Days - high speed internet - mobile data 5G compatible	0630HUJFBY9	GUINEA-BISSAU-3GB-15D	17.99		2026-06-30 17:55:06 CEST		y	4			11				B0H6MG6X8D						8721438409143				AMAZON_EU	Active
Guyana eSIM 20GB 30Days	Guyana eSIM 20GB 30Days - high speed internet - mobile data 5G compatible	0630HUGLAXO	GUYANA-20GB-30D	391.99		2026-06-30 18:11:23 CEST		y	4			11				B0H6MD1PB7						8721438409198				AMAZON_EU	Active
Guyana eSIM 5GB 30Days	Guyana eSIM 5GB 30Days - high speed internet - mobile data 5G compatible	0630HUJF82P	GUYANA-5GB-30D	140.99		2026-06-30 18:08:37 CEST		y	4			11				B0H6MB3FHF						8721438409181				AMAZON_EU	Active
Haiti eSIM 20GB 30Days	Haiti eSIM 20GB 30Days - high speed internet - mobile data 5G compatible	0630HUB9AHL	HAITI-20GB-30D	637.99		2026-06-30 18:21:29 CEST		y	4			11				B0H6MBNF3Y						8721438409228				AMAZON_EU	Active
Haiti eSIM 5GB 30Days	Haiti eSIM 5GB 30Days - high speed internet - mobile data 5G compatible	0630HUHGE2L	HAITI-5GB-30D	210.99		2026-06-30 18:18:42 CEST		y	4			11				B0H6MDHPCV						8721438409211				AMAZON_EU	Active
Hong Kong eSIM 20GB 30Days		0327H0LGI2J	HK_20_30	94.66		2026-03-27 11:02:42 CET		y	1			11				B0FR9GXZ6F						B0FR9GXZ6F				AMAZON_EU	Active
Hong Kong eSIM 3GB 15Days		0325HSUTH0A	HK_3_15	43.23		2026-03-25 13:23:11 CET		y	1			11				B0FR9CC6Q8						B0FR9CC6Q8				AMAZON_EU	Active
Hong Kong eSIM 5GB 30Days		0325HSKXXHO	HK_5_30	27.47		2026-03-25 10:39:22 CET		y	1			11				B0FR9GXYYL						B0FR9GXYYL				AMAZON_EU	Active
Hong Kong eSIM 20GB 30Days	Hong Kong eSIM 20GB 30Days - high speed internet - mobile data 5G compatible	0701HVKQJAY	HONG-KONG-20GB-30D	65.99		2026-07-01 04:39:23 CEST		y	4			11				B0FR9GXZ6F						8721438403417				AMAZON_EU	Active
Hong Kong eSIM 3GB 15Days	Hong Kong eSIM 3GB 15Days - high speed internet - mobile data 5G compatible	0701HVJY5J3	HONG-KONG-3GB-15D	35.99		2026-07-01 04:32:46 CEST		y	4			11				B0FR9CC6Q8						8721438403370				AMAZON_EU	Active
Hong Kong eSIM 5GB 30Days	Hong Kong eSIM 5GB 30Days - high speed internet - mobile data 5G compatible	0701HVJR668	HONG-KONG-5GB-30D	40.99		2026-07-01 04:36:25 CEST		y	4			11				B0FR9GXYYL						8721438403394				AMAZON_EU	Active
Indonesia eSIM 20GB 30Days		0327H1BBNCY	ID_20_30	65.39		2026-03-27 14:34:59 CET		y	1			11				B0FR9QXRDQ						B0FR9QXRDQ				AMAZON_EU	Active
Indonesia eSIM 3GB 15Days		0327H0EP7UJ	ID_3_15	18.83		2026-03-27 09:46:02 CET		y	1			11				B0FR9T6QPZ						B0FR9T6QPZ				AMAZON_EU	Active
Indonesia eSIM 5GB 30Days		0327H0J3KS9	ID_5_30	10.96		2026-03-27 09:32:56 CET		y	1			11				B0FR8XW5DR						B0FR8XW5DR				AMAZON_EU	Active
Ireland eSIM 20GB 30Days		0327H0GYVM4	IE_20_30	70.55		2026-03-27 09:40:19 CET		y	1			11				B0FR9SZG2Z						B0FR9SZG2Z				AMAZON_EU	Active
Ireland eSIM 3GB 15Days		0327H1DQ3WZ	IE_3_15	18.83		2026-03-27 14:10:18 CET		y	1			11				B0FR8XV57F						B0FR8XV57F				AMAZON_EU	Active
Ireland eSIM 5GB 30Days		0325HSHGATG	IE_5_30	16.14		2026-03-25 10:02:00 CET		y	1			11				B0FR9GYKQL						B0FR9GYKQL				AMAZON_EU	Active
India eSIM 20GB 30Days	India eSIM 20GB 30Days - high speed internet - mobile data 5G compatible	0701HVU4R12	INDIA-20GB-30D	180.99		2026-07-01 05:11:09 CEST		y	4			11				B0FR9DYMHX						8721438403653				AMAZON_EU	Active
India eSIM 3GB 15Days	India eSIM 3GB 15Days - high speed internet - mobile data 5G compatible	0701HVRBE6N	INDIA-3GB-15D	60.99		2026-07-01 05:03:46 CEST		y	4			11				B0FR9ZM116						8721438403622				AMAZON_EU	Active
India eSIM 5GB 30Days	India eSIM 5GB 30Days - high speed internet - mobile data 5G compatible	0701HVRET9S	INDIA-5GB-30D	65.99		2026-07-01 05:07:28 CEST		y	4			11				B0FR9GXWN9						8721438403639				AMAZON_EU	Active
Indonesia eSIM 20GB 30Days	Indonesia eSIM 20GB 30Days - high speed internet - mobile data 5G compatible	0701HVUSYR4	INDONESIA-20GB-30D	65.99		2026-07-01 05:22:47 CEST		y	4			11				B0FR9QXRDQ						8721438403745				AMAZON_EU	Active
Indonesia eSIM 3GB 15Days	Indonesia eSIM 3GB 15Days - high speed internet - mobile data 5G compatible	0701HVUTJJZ	INDONESIA-3GB-15D	35.99		2026-07-01 05:15:25 CEST		y	4			11				B0FR9T6QPZ						8721438403707				AMAZON_EU	Active
Indonesia eSIM 5GB 30Days	Indonesia eSIM 5GB 30Days - high speed internet - mobile data 5G compatible	0701HVUGYPJ	INDONESIA-5GB-30D	40.99		2026-07-01 05:19:05 CEST		y	4			11				B0FR8XW5DR						8721438403721				AMAZON_EU	Active
India eSIM 20GB 30Days		0325HR45WXC	IN_20_30	172.02		2026-03-25 06:24:13 CET		y	1			11				B0FR9DYMHX						B0FR9DYMHX				AMAZON_EU	Active
India eSIM 3GB 15Days		0327H07KOOK	IN_3_15	45.35		2026-03-27 09:37:24 CET		y	1			11				B0FR9ZM116						B0FR9ZM116				AMAZON_EU	Active
India eSIM 5GB 30Days		0325HS1RERA	IN_5_30	65.39		2026-03-25 10:00:18 CET		y	1			11				B0FR9GXWN9						B0FR9GXWN9				AMAZON_EU	Active
Iraq eSIM 3GB 15Days	Iraq eSIM 3GB 15Days - high speed internet - mobile data 5G compatible	0630HUG1R8R	IRAQ-3GB-15D	45.99		2026-06-30 18:25:11 CEST		y	4			11				B0H6MGX6P7						8721438409235				AMAZON_EU	Active
Ireland eSIM 20GB 30Days	Ireland eSIM 20GB 30Days - high speed internet - mobile data 5G compatible	0701HVV8943	IRELAND-20GB-30D	75.99		2026-07-01 05:34:27 CEST		y	4			11				B0FR9SZG2Z						8721438403905				AMAZON_EU	Active
Ireland eSIM 3GB 15Days	Ireland eSIM 3GB 15Days - high speed internet - mobile data 5G compatible	0701HW0R4WS	IRELAND-3GB-15D	35.99		2026-07-01 05:27:04 CEST		y	4			11				B0FR8XV57F						8721438403868				AMAZON_EU	Active
Ireland eSIM 5GB 30Days	Ireland eSIM 5GB 30Days - high speed internet - mobile data 5G compatible	0701HVY7B9V	IRELAND-5GB-30D	40.99		2026-07-01 05:30:47 CEST		y	4			11				B0FR9GYKQL						8721438403882				AMAZON_EU	Active
Isle of Man eSIM 5GB 30Days	Isle of Man eSIM 5GB 30Days - high speed internet - mobile data 5G compatible	0701HVXVM7G	ISLE-OF-MAN-5GB-30D	50.99		2026-07-01 05:41:47 CEST		y	4			11				B0FR9M27XY						8721438403967				AMAZON_EU	Active
Israel eSIM 5GB 30Days	Israel eSIM 5GB 30Days - high speed internet - mobile data 5G compatible	0701HVXW1W0	ISRAEL-5GB-30D	50.99		2026-07-01 05:52:24 CEST		y	4			11				B0FR8XVZZM						8721438404018				AMAZON_EU	Active
Italy eSIM 20GB 30Days	Italy eSIM 20GB 30Days - high speed internet - mobile data 5G compatible	0701HVYRJ44	ITALY-20GB-30D	65.99		2026-07-01 06:07:31 CEST		y	4			11				B0FR9RNZV2						8721438404148				AMAZON_EU	Active
Italy eSIM 3GB 15Days	Italy eSIM 3GB 15Days - high speed internet - mobile data 5G compatible	0701HW1NYVK	ITALY-3GB-15D	35.99		2026-07-01 06:00:07 CEST		y	4			11				B0FR9GXZ18						8721438404100				AMAZON_EU	Active
Italy eSIM 5GB 30Days	Italy eSIM 5GB 30Days - high speed internet - mobile data 5G compatible	0701HVVC0D6	ITALY-5GB-30D	40.99		2026-07-01 06:03:51 CEST		y	4			11				B0FR9ZR2TH						8721438404124				AMAZON_EU	Active
Italy eSIM 20GB 30Days		0325HS7F7HC	IT_20_30	65.39		2026-03-25 10:02:26 CET		y	1			11				B0FR9RNZV2						B0FR9RNZV2				AMAZON_EU	Active
Italy eSIM 3GB 15Days		0325HS63KHN	IT_3_15	18.78		2026-03-25 10:08:21 CET		y	1			11				B0FR9GXZ18						B0FR9GXZ18				AMAZON_EU	Active
Italy eSIM 5GB 30Days		0325HSMK3FF	IT_5_30	10.96		2026-03-25 12:11:47 CET		y	1			11				B0FR9ZR2TH						B0FR9ZR2TH				AMAZON_EU	Active
Jamaica eSIM 3GB 15Days	Jamaica eSIM 3GB 15Days - high speed internet - mobile data 5G compatible	0630HUEHYO5	JAMAICA-3GB-15D	20.99		2026-06-30 18:34:44 CEST		y	4			11				B0H6MF3PNQ						8721438409266				AMAZON_EU	Active
Japan eSIM 20GB 30Days	Japan eSIM 20GB 30Days - high speed internet - mobile data 5G compatible	0701HW3A5SJ	JAPAN-20GB-30D	65.99		2026-07-01 06:19:08 CEST		y	4			11				B0FR9RZKRB						8721438404254				AMAZON_EU	Active
Japan eSIM 3GB 15Days	Japan eSIM 3GB 15Days - high speed internet - mobile data 5G compatible	0701HVXFRCI	JAPAN-3GB-15D	35.99		2026-07-01 06:11:46 CEST		y	4			11				B0FR9LVZVQ						8721438404216				AMAZON_EU	Active
Japan eSIM 5GB 30Days	Japan eSIM 5GB 30Days - high speed internet - mobile data 5G compatible	0701HVPKQH1	JAPAN-5GB-30D	40.99		2026-07-01 06:15:27 CEST		y	4			11				B0FR9TLXXH						8721438404230				AMAZON_EU	Active
Jersey eSIM 20GB 30Days	Jersey eSIM 20GB 30Days - high speed internet - mobile data 5G compatible	0701HVVVZD6	JERSEY-20GB-30D	65.99		2026-07-01 06:29:46 CEST		y	4			11				B0FR9CBQDH						8721438404377				AMAZON_EU	Active
Jordan eSIM 20GB 30Days	Jordan eSIM 20GB 30Days - high speed internet - mobile data 5G compatible	0701HVYHLA0	JORDAN-20GB-30D	185.99		2026-07-01 06:40:01 CEST		y	4			11				B0FR9ST188						8721438404438				AMAZON_EU	Active
Jordan eSIM 3GB 15Days	Jordan eSIM 3GB 15Days - high speed internet - mobile data 5G compatible	0701HVVYCB2	JORDAN-3GB-15D	60.99		2026-07-01 06:33:38 CEST		y	4			11				B0FR9M144Z						8721438404391				AMAZON_EU	Active
Japan eSIM 20GB 30Days		0327H1B0FOJ	JP_20_30	65.39		2026-03-27 14:08:06 CET		y	1			11				B0FR9RZKRB						B0FR9RZKRB				AMAZON_EU	Active
Japan eSIM 3GB 15Days		0325HS0X6P2	JP_3_15	18.83		2026-03-25 09:32:34 CET		y	1			11				B0FR9LVZVQ						B0FR9LVZVQ				AMAZON_EU	Active
Japan eSIM 5GB 30Days		0325HS1882O	JP_5_30	10.96		2026-03-25 09:24:08 CET		y	1			11				B0FR9TLXXH						B0FR9TLXXH				AMAZON_EU	Active
Kenya eSIM 3GB 15Days	Kenya eSIM 3GB 15Days - high speed internet - mobile data 5G compatible	0701HW4O63C	KENYA-3GB-15D	60.99		2026-07-01 06:54:22 CEST		y	4			11				B0FR9GZ14G						8721438404506				AMAZON_EU	Active
Kenya eSIM 5GB 30Days	Kenya eSIM 5GB 30Days - high speed internet - mobile data 5G compatible	0701HVQEE28	KENYA-5GB-30D	65.99		2026-07-01 06:58:02 CEST		y	4			11				B0FR9T4DG6						8721438404513				AMAZON_EU	Active
Kenya eSIM 3GB 15Days		0325HS31EO6	KE_3_15	105.12		2026-03-25 09:19:00 CET		y	1			11				B0FR9GZ14G						B0FR9GZ14G				AMAZON_EU	Active
Kenya eSIM 5GB 30Days		0325HRZF1GM	KE_5_30	146.31		2026-03-25 09:31:12 CET		y	1			11				B0FR9T4DG6						B0FR9T4DG6				AMAZON_EU	Active
Kuwait eSIM 20GB 30Days	Kuwait eSIM 20GB 30Days - high speed internet - mobile data 5G compatible	0701HW5LFDI	KUWAIT-20GB-30D	125.99		2026-07-01 07:08:06 CEST		y	4			11				B0FR9KBF4P						8721438404599				AMAZON_EU	Active
Kuwait eSIM 5GB 30Days	Kuwait eSIM 5GB 30Days - high speed internet - mobile data 5G compatible	0701HW172Y2	KUWAIT-5GB-30D	70.99		2026-07-01 07:05:00 CEST		y	4			11				B0FR9M2TXP						8721438404582				AMAZON_EU	Active
Laos eSIM 20GB 30Days	Laos eSIM 20GB 30Days - high speed internet - mobile data 5G compatible	0630HU8MXXH	LAOS-20GB-30D	150.99		2026-06-30 18:49:30 CEST		y	4			11				B0H6MBWGX1						8721438409310				AMAZON_EU	Active
Laos eSIM 5GB 30Days	Laos eSIM 5GB 30Days - high speed internet - mobile data 5G compatible	0630HUIZZW1	LAOS-5GB-30D	70.99		2026-06-30 18:46:44 CEST		y	4			11				B0H6MBJN5B						8721438409303				AMAZON_EU	Active
Latvia eSIM 20GB 30Days	Latvia eSIM 20GB 30Days - high speed internet - mobile data 5G compatible	0701HW7TIHM	LATVIA-20GB-30D	65.99		2026-07-01 07:25:03 CEST		y	4			11				B0FR9SWN6V						8721438404681				AMAZON_EU	Active
Liberia eSIM 3GB 15Days	Liberia eSIM 3GB 15Days - high speed internet - mobile data 5G compatible	0701HVZR40I	LIBERIA-3GB-15D	90.99		2026-07-01 07:28:04 CEST		y	4			11				B0FR9H18JQ						8721438404711				AMAZON_EU	Active
Liberia eSIM 5GB 30Days	Liberia eSIM 5GB 30Days - high speed internet - mobile data 5G compatible	0701HVWMK1W	LIBERIA-5GB-30D	145.99		2026-07-01 07:31:10 CEST		y	4			11				B0FR9SJ1YH						8721438404728				AMAZON_EU	Active
Libya eSIM 20GB 30Days	Libya eSIM 20GB 30Days - high speed internet - mobile data 5G compatible	0630HUH0PS2	LIBYA-20GB-30D	541.99		2026-06-30 18:59:04 CEST		y	4			11				B0H6MFWD2Y						8721438409341				AMAZON_EU	Active
Libya eSIM 5GB 30Days	Libya eSIM 5GB 30Days - high speed internet - mobile data 5G compatible	0630HU5LHS9	LIBYA-5GB-30D	190.99		2026-06-30 18:55:48 CEST		y	4			11				B0H6M5PVSB						8721438409334				AMAZON_EU	Active
Liechtenstein eSIM 3GB 15Days	Liechtenstein eSIM 3GB 15Days - high speed internet - mobile data 5G compatible	0701HVZZDPW	LIECHTENSTEIN-3GB-15D	35.99		2026-07-01 07:35:12 CEST		y	4			11				B0FR9S35ZH						8721438404742				AMAZON_EU	Active
Luxembourg eSIM 20GB 30Days	Luxembourg eSIM 20GB 30Days - high speed internet - mobile data 5G compatible	0701HW50X02	LUXEMBOURG-20GB-30D	75.99		2026-07-01 07:56:16 CEST		y	4			11				B0FR8XXXZB						8721438404889				AMAZON_EU	Active
Luxembourg eSIM 5GB 30Days	Luxembourg eSIM 5GB 30Days - high speed internet - mobile data 5G compatible	0701HW12SCY	LUXEMBOURG-5GB-30D	40.99		2026-07-01 07:53:09 CEST		y	4			11				B0FR9SB862						8721438404865				AMAZON_EU	Active
Macao eSIM 20GB 30Days	Macao eSIM 20GB 30Days - high speed internet - mobile data 5G compatible	0701HWA5YBQ	MACAO-20GB-30D	65.99		2026-07-01 08:05:50 CEST		y	4			11				B0FR9CDBN2						8721438404957				AMAZON_EU	Active
Macao eSIM 3GB 15Days	Macao eSIM 3GB 15Days - high speed internet - mobile data 5G compatible	0701HW5DEGZ	MACAO-3GB-15D	35.99		2026-07-01 07:59:47 CEST		y	4			11				B0FR9M485M						8721438404919				AMAZON_EU	Active
Macao eSIM 5GB 30Days	Macao eSIM 5GB 30Days - high speed internet - mobile data 5G compatible	0701HW8JS81	MACAO-5GB-30D	40.99		2026-07-01 08:02:43 CEST		y	4			11				B0FR9L9624						8721438404933				AMAZON_EU	Active
Malawi eSIM 3GB 15Days	Malawi eSIM 3GB 15Days - high speed internet - mobile data 5G compatible	0701HWBPNC7	MALAWI-3GB-15D	75.99		2026-07-01 08:12:52 CEST		y	4			11				B0FR9H3JDK						8721438405008				AMAZON_EU	Active
Malawi eSIM 5GB 30Days	Malawi eSIM 5GB 30Days - high speed internet - mobile data 5G compatible	0701HW8RZT6	MALAWI-5GB-30D	120.99		2026-07-01 08:16:19 CEST		y	4			11				B0FR9GXY24						8721438405015				AMAZON_EU	Active
Malaysia eSIM 20GB 30Days	Malaysia eSIM 20GB 30Days - high speed internet - mobile data 5G compatible	0701HWDDF8V	MALAYSIA-20GB-30D	65.99		2026-07-01 08:27:57 CEST		y	4			11				B0FR9VMWYD						8721438405060				AMAZON_EU	Active
Malaysia eSIM 3GB 15Days	Malaysia eSIM 3GB 15Days - high speed internet - mobile data 5G compatible	0701HWBD33I	MALAYSIA-3GB-15D	35.99		2026-07-01 08:20:34 CEST		y	4			11				B0FR9H1Q65						8721438405039				AMAZON_EU	Active
Malaysia eSIM 5GB 30Days	Malaysia eSIM 5GB 30Days - high speed internet - mobile data 5G compatible	0701HW9DD5C	MALAYSIA-5GB-30D	40.99		2026-07-01 08:24:16 CEST		y	4			11				B0FR9LDGX8						8721438405046				AMAZON_EU	Active
Martinique eSIM 5GB 30Days	Martinique eSIM 5GB 30Days - high speed internet - mobile data 5G compatible	0630HU5TPT5	MARTINIQUE-5GB-30D	40.99		2026-06-30 19:14:56 CEST		y	4			11				B0H6MKCD1X						8721438409396				AMAZON_EU	Active
Mauritius eSIM 5GB 30Days	Mauritius eSIM 5GB 30Days - high speed internet - mobile data 5G compatible	0701HYE07CY	MAURITIUS-5GB-30D	75.99		2026-07-01 16:26:39 CEST		y	4			11				B0H2G2XMS3						8721438408399				AMAZON_EU	Active
Mayotte eSIM 20GB 30Days	Mayotte eSIM 20GB 30Days - high speed internet - mobile data 5G compatible	0630HUHDIOG	MAYOTTE-20GB-30D	70.99		2026-06-30 19:27:47 CEST		y	4			11				B0H6M5L8MC						8721438409433				AMAZON_EU	Active
Mayotte eSIM 5GB 30Days	Mayotte eSIM 5GB 30Days - high speed internet - mobile data 5G compatible	0630HUGVXW7	MAYOTTE-5GB-30D	40.99		2026-06-30 19:24:40 CEST		y	4			11				B0H6MD9C4Y						8721438409426				AMAZON_EU	Active
Morocco eSIM 20GB 30Days		0327H05Y8TD	MA_20_30	120.55		2026-03-27 09:24:06 CET		y	1			11				B0FR9M57DY						B0FR9M57DY				AMAZON_EU	Active
Morocco eSIM 3GB 15Days		0327H0SBP86	MA_3_15	29.29		2026-03-27 11:11:01 CET		y	1			11				B0FR9CFZQR						B0FR9CFZQR				AMAZON_EU	Active
Monaco eSIM 5GB 30Days	Monaco eSIM 5GB 30Days - high speed internet - mobile data 5G compatible	0701HWDX1LZ	MONACO-5GB-30D	366.99		2026-07-01 09:08:46 CEST		y	4			11				B0FR9H1H4M						8721438405329				AMAZON_EU	Active
Montserrat eSIM 20GB 30Days	Montserrat eSIM 20GB 30Days - high speed internet - mobile data 5G compatible	0630HUGP6VQ	MONTSERRAT-20GB-30D	406.99		2026-06-30 19:37:55 CEST		y	4			11				B0H6MG87HK						8721438409464				AMAZON_EU	Active
Morocco eSIM 20GB 30Days	Morocco eSIM 20GB 30Days - high speed internet - mobile data 5G compatible	0701HWGU1WX	MOROCCO-20GB-30D	115.99		2026-07-01 09:27:55 CEST		y	4			11				B0FR9M57DY						8721438405428				AMAZON_EU	Active
Morocco eSIM 3GB 15Days	Morocco eSIM 3GB 15Days - high speed internet - mobile data 5G compatible	0701HWMFQ16	MOROCCO-3GB-15D	40.99		2026-07-01 09:20:34 CEST		y	4			11				B0FR9CFZQR						8721438405381				AMAZON_EU	Active
Mozambique eSIM 20GB 30Days	Mozambique eSIM 20GB 30Days - high speed internet - mobile data 5G compatible	0701HWH2ZTK	MOZAMBIQUE-20GB-30D	326.99		2026-07-01 09:35:47 CEST		y	4			11				B0FR9CFLS7						8721438405480				AMAZON_EU	Active
Malaysia eSIM 20GB 30Days		0327H1BZWKH	MY_20_30	65.4		2026-03-27 13:04:03 CET		y	1			11				B0FR9VMWYD						B0FR9VMWYD				AMAZON_EU	Active
Malaysia eSIM 3GB 15Days		0327H17WMCC	MY_3_15	18.84		2026-03-27 13:33:37 CET		y	1			11				B0FR9H1Q65						B0FR9H1Q65				AMAZON_EU	Active
Malaysia eSIM 5GB 30Days		0327H0DP92A	MY_5_30	29.3		2026-03-27 09:49:58 CET		y	1			11				B0FR9LDGX8						B0FR9LDGX8				AMAZON_EU	Active
Netherlands eSIM 20GB 30Days	Netherlands eSIM 20GB 30Days - high speed internet - mobile data 5G compatible	0701HWHMLHM	NETHERLANDS-20GB-30D	70.99		2026-07-01 09:51:13 CEST		y	4			11				B0FR9NG7LB						8721438405565				AMAZON_EU	Active
Netherlands eSIM 3GB 15Days	Netherlands eSIM 3GB 15Days - high speed internet - mobile data 5G compatible	0701HWKPD13	NETHERLANDS-3GB-15D	35.99		2026-07-01 09:43:52 CEST		y	4			11				B0FRB5GNM2						8721438405527				AMAZON_EU	Active
Netherlands eSIM 5GB 30Days	Netherlands eSIM 5GB 30Days - high speed internet - mobile data 5G compatible	0701HWQS04T	NETHERLANDS-5GB-30D	40.99		2026-07-01 09:47:32 CEST		y	4			11				B0FR9NHP7Q						8721438405541				AMAZON_EU	Active
New Zealand eSIM 5GB 30Days	New Zealand eSIM 5GB 30Days - high speed internet - mobile data 5G compatible	0701HWSP5MT	NEW-ZEALAND-5GB-30D	50.99		2026-07-01 09:58:12 CEST		y	4			11				B0FR9NHFWQ						8721438405602				AMAZON_EU	Active
Nigeria eSIM 3GB 15Days	Nigeria eSIM 3GB 15Days - high speed internet - mobile data 5G compatible	0701HWO8XO9	NIGERIA-3GB-15D	60.99		2026-07-01 10:13:39 CEST		y	4			11				B0FR9X17QY						8721438405732				AMAZON_EU	Active
Netherlands eSIM 20GB 30Days		0325HSG1HX6	NL_20_30	79.9		2026-03-25 11:21:53 CET		y	1			11				B0FR9NG7LB						B0FR9NG7LB				AMAZON_EU	Active
Netherlands eSIM 3GB 15Days		0325HSDHK83	NL_3_15	18.84		2026-03-25 10:08:00 CET		y	1			11				B0FRB5GNM2						B0FRB5GNM2				AMAZON_EU	Active
Netherlands eSIM 5GB 30Days		0327H162WZX	NL_5_30	16.19		2026-03-27 13:08:54 CET		y	1			11				B0FR9NHP7Q						B0FR9NHP7Q				AMAZON_EU	Active
Oman eSIM 20GB 30Days	Oman eSIM 20GB 30Days - high speed internet - mobile data 5G compatible	0701HWQYCJK	OMAN-20GB-30D	140.99		2026-07-01 10:45:15 CEST		y	4			11				B0FRB4R3FK						8721438405992				AMAZON_EU	Active
Pakistan eSIM 20GB 30Days	Pakistan eSIM 20GB 30Days - high speed internet - mobile data 5G compatible	0701HX14D67	PAKISTAN-20GB-30D	95.99		2026-07-01 10:56:48 CEST		y	4			11				B0FRB691X8						8721438406050				AMAZON_EU	Active
Pakistan eSIM 5GB 30Days	Pakistan eSIM 5GB 30Days - high speed internet - mobile data 5G compatible	0701HX2GCA7	PAKISTAN-5GB-30D	45.99		2026-07-01 10:53:09 CEST		y	4			11				B0FRB48QKZ						8721438406036				AMAZON_EU	Active
Paraguay eSIM 3GB 15Days	Paraguay eSIM 3GB 15Days - high speed internet - mobile data 5G compatible	0701HX0NBWA	PARAGUAY-3GB-15D	60.99		2026-07-01 11:05:19 CEST		y	4			11				B0FRB3V7CS						8721438406098				AMAZON_EU	Active
Philippines eSIM 20GB 30Days	Philippines eSIM 20GB 30Days - high speed internet - mobile data 5G compatible	0701HX5FICZ	PHILIPPINES-20GB-30D	100.99		2026-07-01 11:16:57 CEST		y	4			11				B0FRB4K2D4						8721438406173				AMAZON_EU	Active
Philippines eSIM 3GB 15Days	Philippines eSIM 3GB 15Days - high speed internet - mobile data 5G compatible	0701HX02N5F	PHILIPPINES-3GB-15D	35.99		2026-07-01 11:09:35 CEST		y	4			11				B0FRB1GVXK						8721438406142				AMAZON_EU	Active
Philippines eSIM 5GB 30Days	Philippines eSIM 5GB 30Days - high speed internet - mobile data 5G compatible	0701HWYEYDM	PHILIPPINES-5GB-30D	45.99		2026-07-01 11:13:16 CEST		y	4			11				B0FRB4VCKG						8721438406159				AMAZON_EU	Active
Philippines eSIM 20GB 30Days		0327H0OUKO5	PH_20_30	141.23		2026-03-27 10:41:27 CET		y	1			11				B0FRB4K2D4						B0FRB4K2D4				AMAZON_EU	Active
Philippines eSIM 3GB 15Days		0327H1B4SY5	PH_3_15	34.46		2026-03-27 14:20:11 CET		y	1			11				B0FRB1GVXK						B0FRB1GVXK				AMAZON_EU	Active
Philippines eSIM 5GB 30Days		0327H0SH3E6	PH_5_30	50.34		2026-03-27 11:44:43 CET		y	1			11				B0FRB4VCKG						B0FRB4VCKG				AMAZON_EU	Active
Poland eSIM 20GB 30Days		0325HS7USMF	PL_20_30	65.42		2026-03-25 10:00:48 CET		y	1			11				B0FRB5HSK7						B0FRB5HSK7				AMAZON_EU	Active
Poland eSIM 3GB 15Days		0327H0B8W0B	PL_3_15	18.84		2026-03-27 09:29:24 CET		y	1			11				B0FRB4JVKR						B0FRB4JVKR				AMAZON_EU	Active
Poland eSIM 5GB 30Days		0327H1DM9AY	PL_5_30	10.97		2026-03-27 14:21:57 CET		y	1			11				B0FRBDPQ9J						B0FRBDPQ9J				AMAZON_EU	Active
Poland eSIM 20GB 30Days	Poland eSIM 20GB 30Days - high speed internet - mobile data 5G compatible	0701HX6O4JC	POLAND-20GB-30D	65.99		2026-07-01 11:28:33 CEST		y	4			11				B0FRB5HSK7						8721438406289				AMAZON_EU	Active
Poland eSIM 3GB 15Days	Poland eSIM 3GB 15Days - high speed internet - mobile data 5G compatible	0701HX32Y4E	POLAND-3GB-15D	35.99		2026-07-01 11:21:12 CEST		y	4			11				B0FRB4JVKR						8721438406258				AMAZON_EU	Active
Poland eSIM 5GB 30Days	Poland eSIM 5GB 30Days - high speed internet - mobile data 5G compatible	0701HX43V40	POLAND-5GB-30D	40.99		2026-07-01 11:24:52 CEST		y	4			11				B0FRBDPQ9J						8721438406272				AMAZON_EU	Active
Portugal eSIM 20GB 30Days	Portugal eSIM 20GB 30Days - high speed internet - mobile data 5G compatible	0701HXBDBXR	PORTUGAL-20GB-30D	65.99		2026-07-01 11:40:10 CEST		y	4			11				B0FRB354KV						8721438406357				AMAZON_EU	Active
Portugal eSIM 3GB 15Days	Portugal eSIM 3GB 15Days - high speed internet - mobile data 5G compatible	0701HX3LOT1	PORTUGAL-3GB-15D	35.99		2026-07-01 11:32:49 CEST		y	4			11				B0FRB4314T						8721438406319				AMAZON_EU	Active
Portugal eSIM 5GB 30Days	Portugal eSIM 5GB 30Days - high speed internet - mobile data 5G compatible	0701HX6EVVU	PORTUGAL-5GB-30D	40.99		2026-07-01 11:36:29 CEST		y	4			11				B0FRB4X799						8721438406333				AMAZON_EU	Active
Portugal eSIM 20GB 30Days		0325HRZ4G7L	PT_20_30	80.21		2026-03-25 09:16:52 CET		y	1			11				B0FRB354KV						B0FRB354KV				AMAZON_EU	Active
Portugal eSIM 3GB 15Days		0327H0USX2W	PT_3_15	18.84		2026-03-27 11:53:55 CET		y	1			11				B0FRB4314T						B0FRB4314T				AMAZON_EU	Active
Portugal eSIM 5GB 30Days		0325HSTLIBN	PT_5_30	16.14		2026-03-25 13:13:25 CET		y	1			11				B0FRB4X799						B0FRB4X799				AMAZON_EU	Active
Puerto Rico eSIM 3GB 15Days	Puerto Rico eSIM 3GB 15Days - high speed internet - mobile data 5G compatible	0701HXEB0LI	PUERTO-RICO-3GB-15D	55.99		2026-07-01 11:44:26 CEST		y	4			11				B0FRB5MSF1						8721438406388				AMAZON_EU	Active
Puerto Rico eSIM 5GB 30Days	Puerto Rico eSIM 5GB 30Days - high speed internet - mobile data 5G compatible	0701HX7BAY1	PUERTO-RICO-5GB-30D	60.99		2026-07-01 11:48:07 CEST		y	4			11				B0FR9WMX9V						8721438406395				AMAZON_EU	Active
Qatar eSIM 20GB 30Days	Qatar eSIM 20GB 30Days - high speed internet - mobile data 5G compatible	0701HXK9MIQ	QATAR-20GB-30D	135.99		2026-07-01 11:59:42 CEST		y	4			11				B0FR9X3QGM						8721438406449				AMAZON_EU	Active
Qatar eSIM 5GB 30Days	Qatar eSIM 5GB 30Days - high speed internet - mobile data 5G compatible	0701HXKZ3WW	QATAR-5GB-30D	75.99		2026-07-01 11:56:02 CEST		y	4			11				B0FR9X5KB1						8721438406432				AMAZON_EU	Active
Republic of the Congo eSIM 20GB 30Days	Republic of the Congo eSIM 20GB 30Days - high speed internet - mobile data 5G compatible	0630HUKISK1	REPUBLIC-OF-THE-CONGO-20GB-30D	331.99		2026-06-30 19:47:41 CEST		y	4			11				B0H6MJ756Y						8721438409495				AMAZON_EU	Active
Republic of the Congo eSIM 3GB 15Days	Republic of the Congo eSIM 3GB 15Days - high speed internet - mobile data 5G compatible	0630HU906X6	REPUBLIC-OF-THE-CONGO-3GB-15D	95.99		2026-06-30 19:41:16 CEST		y	4			11				B0H6MM6DKT						8721438409471				AMAZON_EU	Active
Republic of the Congo eSIM 5GB 30Days	Republic of the Congo eSIM 5GB 30Days - high speed internet - mobile data 5G compatible	0630HUIW1AV	REPUBLIC-OF-THE-CONGO-5GB-30D	145.99		2026-06-30 19:44:23 CEST		y	4			11				B0H6MBXD3B						8721438409488				AMAZON_EU	Active
Romania eSIM 3GB 15Days	Romania eSIM 3GB 15Days - high speed internet - mobile data 5G compatible	0630HUJV31C	ROMANIA-3GB-15D	6.99		2026-06-30 19:51:02 CEST		y	4			11				B0H6MKQH2C						8721438409501				AMAZON_EU	Active
Rwanda eSIM 20GB 30Days	Rwanda eSIM 20GB 30Days - high speed internet - mobile data 5G compatible	0630HUNF1AX	RWANDA-20GB-30D	421.99		2026-06-30 20:16:50 CEST		y	4			11				B0H6M66BWN						8721438409587				AMAZON_EU	Active
Rwanda eSIM 3GB 15Days	Rwanda eSIM 3GB 15Days - high speed internet - mobile data 5G compatible	0630HUIGZNC	RWANDA-3GB-15D	105.99		2026-06-30 20:10:34 CEST		y	4			11				B0H6MK2ZBQ						8721438409563				AMAZON_EU	Active
Rwanda eSIM 5GB 30Days	Rwanda eSIM 5GB 30Days - high speed internet - mobile data 5G compatible	0630HUCBHX9	RWANDA-5GB-30D	140.99		2026-06-30 20:13:32 CEST		y	4			11				B0H6MJZHP1						8721438409570				AMAZON_EU	Active
Saint Barthelemy eSIM 20GB 30Days	Saint Barthelemy eSIM 20GB 30Days - high speed internet - mobile data 5G compatible	0630HUNJE9K	SAINT-BARTHELEMY-20GB-30D	70.99		2026-06-30 20:26:26 CEST		y	4			11				B0H6MJHHNB						8721438409617				AMAZON_EU	Active
Saint Barthelemy eSIM 3GB 15Days	Saint Barthelemy eSIM 3GB 15Days - high speed internet - mobile data 5G compatible	0630HUFIS3Y	SAINT-BARTHELEMY-3GB-15D	35.99		2026-06-30 20:20:11 CEST		y	4			11				B0H6MDMD63						8721438409594				AMAZON_EU	Active
Saint Barthelemy eSIM 5GB 30Days	Saint Barthelemy eSIM 5GB 30Days - high speed internet - mobile data 5G compatible	0630HUNMCF9	SAINT-BARTHELEMY-5GB-30D	40.99		2026-06-30 20:23:39 CEST		y	4			11				B0H6MBS246						8721438409600				AMAZON_EU	Active
Saint Lucia eSIM 20GB 30Days	Saint Lucia eSIM 20GB 30Days - high speed internet - mobile data 5G compatible	0630HUJIZAU	SAINT-LUCIA-20GB-30D	446.99		2026-06-30 20:45:13 CEST		y	4			11				B0H6MDX8DY						8721438409679				AMAZON_EU	Active
Saint Lucia eSIM 3GB 15Days	Saint Lucia eSIM 3GB 15Days - high speed internet - mobile data 5G compatible	0630HUMDX5O	SAINT-LUCIA-3GB-15D	125.99		2026-06-30 20:39:21 CEST		y	4			11				B0H6M7Y1CD						8721438409655				AMAZON_EU	Active
Saint Vincent and the Grenadines eSIM 3GB 15Days	Saint Vincent and the Grenadines eSIM 3GB 15Days - high speed internet - mobile data 5G compatible	0630HUL86K3	SAINT-VINCENT-AND-THE-GRENADINES-3GB-15D	150.99		2026-06-30 20:58:40 CEST		y	4			11				B0H6MF3FWZ						8721438409716				AMAZON_EU	Active
Samoa eSIM 20GB 30Days	Samoa eSIM 20GB 30Days - high speed internet - mobile data 5G compatible	0630HUQACZY	SAMOA-20GB-30D	1269.99		2026-06-30 21:15:44 CEST		y	4			11				B0H6MJQDSM						8721438409761				AMAZON_EU	Active
Samoa eSIM 5GB 30Days	Samoa eSIM 5GB 30Days - high speed internet - mobile data 5G compatible	0630HULN9FN	SAMOA-5GB-30D	346.99		2026-06-30 21:12:47 CEST		y	4			11				B0H6MFFZH1						8721438409754				AMAZON_EU	Active
Senegal eSIM 3GB 15Days	Senegal eSIM 3GB 15Days - high speed internet - mobile data 5G compatible	0701HXHJHXB	SENEGAL-3GB-15D	70.99		2026-07-01 12:23:31 CEST		y	4			11				B0FRB4HX92						8721438406562				AMAZON_EU	Active
Senegal eSIM 5GB 30Days	Senegal eSIM 5GB 30Days - high speed internet - mobile data 5G compatible	0701HXO9592	SENEGAL-5GB-30D	80.99		2026-07-01 12:27:12 CEST		y	4			11				B0FRB68H77						8721438406579				AMAZON_EU	Active
Singapore eSIM 20GB 30Days		0327H1FM174	SG_20_30	70.59		2026-03-27 14:45:28 CET		y	1			11				B0FRB256K8						B0FRB256K8				AMAZON_EU	Active
Singapore eSIM 5GB 30Days		0327H0LGNYZ	SG_5_30	34.59		2026-03-27 11:08:31 CET		y	1			11				B0FR9X3Y3R						B0FR9X3Y3R				AMAZON_EU	Active
Sierra Leone eSIM 20GB 30Days	Sierra Leone eSIM 20GB 30Days - high speed internet - mobile data 5G compatible	0630HURJJS7	SIERRA-LEONE-20GB-30D	406.99		2026-06-30 21:35:26 CEST		y	4			11				B0H6ML1JW1						8721438409822				AMAZON_EU	Active
Singapore eSIM 20GB 30Days	Singapore eSIM 20GB 30Days - high speed internet - mobile data 5G compatible	0701HXJ4KWJ	SINGAPORE-20GB-30D	65.99		2026-07-01 12:50:54 CEST		y	4			11				B0FRB256K8						8721438406692				AMAZON_EU	Active
Singapore eSIM 5GB 30Days	Singapore eSIM 5GB 30Days - high speed internet - mobile data 5G compatible	0701HXIOKN1	SINGAPORE-5GB-30D	40.99		2026-07-01 12:47:13 CEST		y	4			11				B0FR9X3Y3R						8721438406678				AMAZON_EU	Active
Slovakia eSIM 20GB 30Days	Slovakia eSIM 20GB 30Days - high speed internet - mobile data 5G compatible	0701HXIL7YV	SLOVAKIA-20GB-30D	65.99		2026-07-01 13:02:04 CEST		y	4			11				B0FRB14YYC						8721438406807				AMAZON_EU	Active
Slovakia eSIM 3GB 15Days	Slovakia eSIM 3GB 15Days - high speed internet - mobile data 5G compatible	0701HXNRE8L	SLOVAKIA-3GB-15D	35.99		2026-07-01 12:54:58 CEST		y	4			11				B0FR9XC4BW						8721438406760				AMAZON_EU	Active
Slovenia eSIM 20GB 30Days	Slovenia eSIM 20GB 30Days - high speed internet - mobile data 5G compatible	0701HXPGBYX	SLOVENIA-20GB-30D	65.99		2026-07-01 13:13:38 CEST		y	4			11				B0FR9X15V2						8721438406876				AMAZON_EU	Active
Senegal eSIM 3GB 15Days		0325HSTH9C0	SN_3_15	120.6		2026-03-25 12:36:34 CET		y	1			11				B0FRB4HX92						B0FRB4HX92				AMAZON_EU	Active
Senegal eSIM 5GB 30Days		0325HSTQAIL	SN_5_30	182.29		2026-03-25 13:15:26 CET		y	1			11				B0FRB68H77						B0FRB68H77				AMAZON_EU	Active
South Korea eSIM 3GB 15Days	South Korea eSIM 3GB 15Days - high speed internet - mobile data 5G compatible	0701HXJRA1J	SOUTH-KOREA-3GB-15D	6.99		2026-07-01 13:26:26 CEST		y	4			11				B0FRC4RTDF						8721438406982				AMAZON_EU	Active
Spain eSIM 3GB 15Days	Spain eSIM 3GB 15Days - high speed internet - mobile data 5G compatible	0701HXMW22R	SPAIN-3GB-15D	35.99		2026-07-01 13:38:05 CEST		y	4			11				B0FRCDHTZ7						8721438407095				AMAZON_EU	Active
Spain eSIM 5GB 30Days	Spain eSIM 5GB 30Days - high speed internet - mobile data 5G compatible	0701HXJWNUP	SPAIN-5GB-30D	40.99		2026-07-01 13:41:46 CEST		y	4			11				B0FRBQCLZN						8721438407118				AMAZON_EU	Active
Sudan eSIM 3GB 15Days	Sudan eSIM 3GB 15Days - high speed internet - mobile data 5G compatible	0701HXQ42YZ	SUDAN-3GB-15D	95.99		2026-07-01 14:01:20 CEST		y	4			11				B0FRCKTXNQ						8721438407316				AMAZON_EU	Active
Sudan eSIM 5GB 30Days	Sudan eSIM 5GB 30Days - high speed internet - mobile data 5G compatible	0701HXSW6U8	SUDAN-5GB-30D	130.99		2026-07-01 14:04:39 CEST		y	4			11				B0FRC799N3						8721438407323				AMAZON_EU	Active
Suriname eSIM 20GB 30Days	Suriname eSIM 20GB 30Days - high speed internet - mobile data 5G compatible	0630HUQLWKC	SURINAME-20GB-30D	321.99		2026-06-30 21:45:19 CEST		y	4			11				B0H6MNKY5H						8721438409853				AMAZON_EU	Active
Suriname eSIM 3GB 15Days	Suriname eSIM 3GB 15Days - high speed internet - mobile data 5G compatible	0630HUQXHNC	SURINAME-3GB-15D	85.99		2026-06-30 21:39:07 CEST		y	4			11				B0H6MLWJMY						8721438409839				AMAZON_EU	Active
Tajikistan eSIM 20GB 30Days	Tajikistan eSIM 20GB 30Days - high speed internet - mobile data 5G compatible	0630HUTX9CX	TAJIKISTAN-20GB-30D	180.99		2026-06-30 21:55:24 CEST		y	4			11				B0H6M85C77						8721438409884				AMAZON_EU	Active
Tajikistan eSIM 5GB 30Days	Tajikistan eSIM 5GB 30Days - high speed internet - mobile data 5G compatible	0630HUQ3GHN	TAJIKISTAN-5GB-30D	70.99		2026-06-30 21:52:28 CEST		y	4			11				B0H6MFYMXZ						8721438409877				AMAZON_EU	Active
Trinidad and Tobago eSIM 20GB 30Days	Trinidad and Tobago eSIM 20GB 30Days - high speed internet - mobile data 5G compatible	0630HUSJROH	TRINIDAD-AND-TOBAGO-20GB-30D	416.99		2026-06-30 22:05:49 CEST		y	4			11				B0H6MF31VP						8721438409914				AMAZON_EU	Active
Trinidad and Tobago eSIM 3GB 15Days	Trinidad and Tobago eSIM 3GB 15Days - high speed internet - mobile data 5G compatible	0630HURP0DP	TRINIDAD-AND-TOBAGO-3GB-15D	95.99		2026-06-30 21:59:05 CEST		y	4			11				B0H6MJTHXK						8721438409891				AMAZON_EU	Active
Trinidad and Tobago eSIM 5GB 30Days	Trinidad and Tobago eSIM 5GB 30Days - high speed internet - mobile data 5G compatible	0630HUPBNOZ	TRINIDAD-AND-TOBAGO-5GB-30D	145.99		2026-06-30 22:02:22 CEST		y	4			11				B0H6MJTHY9						8721438409907				AMAZON_EU	Active
Turks and Caicos Islands eSIM 20GB 30Days	Turks and Caicos Islands eSIM 20GB 30Days - high speed internet - mobile data 5G compatible	0630HUTMIGW	TURKS-AND-CAICOS-ISLANDS-20GB-30D	391.99		2026-06-30 22:15:13 CEST		y	4			11				B0H6MLBGX7						8721438409945				AMAZON_EU	Active
Uruguay eSIM 3GB 15Days	Uruguay eSIM 3GB 15Days - high speed internet - mobile data 5G compatible	0701HYCHKW7	URUGUAY-3GB-15D	75.99		2026-07-01 15:47:02 CEST		y	4			11				B0FRB7LHGN						8721438408191				AMAZON_EU	Active
Stany Zjednoczone eSIM 3 GB 15 dni | Pay As You Go Data SIM | Łatwa konfiguracja | USA Travel SIM dla turystów i biznesu | Prędkości 3G/4G		0325HSG9LU3	US_3_15	32.83		2026-03-25 11:23:19 CET		y	1			11				B0FRCFXK3V						B0FRCFXK3V				AMAZON_EU	Active
Stany Zjednoczone eSIM 5 GB 30 dni | Pay As You Go Data SIM | Łatwa konfiguracja | USA Travel SIM dla turystów i biznesu | Prędkości 3G/4G		0325HSZ2PRU	US_5_30	18.83		2026-03-25 14:30:10 CET		y	1			11				B0FRC2PQ8H						B0FRC2PQ8H				AMAZON_EU	Active
Zambia eSIM 5GB 30Days	Zambia eSIM 5GB 30Days - high speed internet - mobile data 5G compatible	0701HY4P2XT	ZAMBIA-5GB-30D	120.99		2026-07-01 16:10:48 CEST		y	4			11				B0FRCL97L4						8721438408351				AMAZON_EU	Active
Republika Południowej Afryki eSIM 5 GB 30 dni | Prepaid Travel eSIM | Pay As You Go Digital SIM | Łatwa konfiguracja | Data SIM dla turystów i firm | Prędkości 3G/4G		0325HSO76PJ	ZA_5_30	70.59		2026-03-25 10:55:21 CET		y	1			11				B0FRB3R6F3						B0FRB3R6F3				AMAZON_EU	Active
Africa eSIM 5GB 30Days	Africa eSIM 5GB 30Days - high speed internet - mobile data 5G compatible	0630HV1ZPWO	AFRICA-5GB-30D	125.99		2026-06-30 22:48:31 CEST		y	4			11				B0FR3GK9Z7						8721438400072				AMAZON_EU	Inactive
Albania eSIM 5GB 30Days	Albania eSIM 5GB 30Days - high speed internet - mobile data 5G compatible	0630HUU3SV1	ALBANIA-5GB-30D	45.99		2026-06-30 22:52:21 CEST		y	4			11				B0FR4ZG3Z6						8721438400102				AMAZON_EU	Inactive
Algeria eSIM 3GB 15Days	Algeria eSIM 3GB 15Days - high speed internet - mobile data 5G compatible	0630HTC5XID	ALGERIA-3GB-15D	40.99		2026-06-30 13:25:19 CEST		y	4			11				B0H6M9R3WH						8721438408429				AMAZON_EU	Inactive
Andorra eSIM 3GB 15Days	Andorra eSIM 3GB 15Days - high speed internet - mobile data 5G compatible	0630HTFTJDF	ANDORRA-3GB-15D	65.99		2026-06-30 13:37:12 CEST		y	4			11				B0H6MBPRYN						8721438408450				AMAZON_EU	Inactive
Antigua and Barbuda eSIM 3GB 15Days	Antigua and Barbuda eSIM 3GB 15Days - high speed internet - mobile data 5G compatible	0630HTPMYTY	ANTIGUA-AND-BARBUDA-3GB-15D	115.99		2026-06-30 14:33:42 CEST		y	4			11				B0H6MBBFLQ						8721438408542				AMAZON_EU	Inactive
Antigua and Barbuda eSIM 5GB 30Days	Antigua and Barbuda eSIM 5GB 30Days - high speed internet - mobile data 5G compatible	0630HTGHSVL	ANTIGUA-AND-BARBUDA-5GB-30D	150.99		2026-06-30 14:36:59 CEST		y	4			11				B0H6MCR5F9						8721438408559				AMAZON_EU	Inactive
Argentina eSIM 20GB 30Days	Argentina eSIM 20GB 30Days - high speed internet - mobile data 5G compatible	0630HUVJO1U	ARGENTINA-20GB-30D	160.99		2026-06-30 22:59:20 CEST		y	4			11				B0FR5DCH33						8721438400133				AMAZON_EU	Inactive
Argentina eSIM 3GB 15Days	Argentina eSIM 3GB 15Days - high speed internet - mobile data 5G compatible	0630HUUOO0F	ARGENTINA-3GB-15D	55.99		2026-06-30 22:56:13 CEST		y	4			11				B0FR554SXN						8721438400126				AMAZON_EU	Inactive
Armenia eSIM 20GB 30Days	Armenia eSIM 20GB 30Days - high speed internet - mobile data 5G compatible	0630HUVQZX8	ARMENIA-20GB-30D	135.99		2026-06-30 23:05:58 CEST		y	4			11				B0FR4ZT5XT						8721438400188				AMAZON_EU	Inactive
Armenia eSIM 3GB 15Days	Armenia eSIM 3GB 15Days - high speed internet - mobile data 5G compatible	0630HUV1AC7	ARMENIA-3GB-15D	40.99		2026-06-30 23:03:02 CEST		y	4			11				B0FR5BK9R4						8721438400164				AMAZON_EU	Inactive
Asia-20 eSIM 3GB 15Days	Asia-20 eSIM 3GB 15Days - high speed internet - mobile data 5G compatible	0630HV2QITF	ASIA-20-3GB-15D	55.99		2026-06-30 23:10:01 CEST		y	4			11				B0FR9FZ4RF						8721438400317				AMAZON_EU	Inactive
Asia-20 eSIM 5GB 30Days	Asia-20 eSIM 5GB 30Days - high speed internet - mobile data 5G compatible	0630HUV0CKM	ASIA-20-5GB-30D	60.99		2026-06-30 23:13:41 CEST		y	4			11				B0FR9BQNSV						8721438400324				AMAZON_EU	Inactive
Austria eSIM 3GB 15Days	Austria eSIM 3GB 15Days - high speed internet - mobile data 5G compatible	0630HUWFQE3	AUSTRIA-3GB-15D	35.99		2026-06-30 23:28:48 CEST		y	4			11				B0FR9QSMSP						8721438400492				AMAZON_EU	Inactive
Azerbaijan eSIM 3GB 15Days	Azerbaijan eSIM 3GB 15Days - high speed internet - mobile data 5G compatible	0630HV01VXK	AZERBAIJAN-3GB-15D	55.99		2026-06-30 23:38:56 CEST		y	4			11				B0FR9BTC98						8721438400560				AMAZON_EU	Inactive
Bahamas eSIM 3GB 15Days	Bahamas eSIM 3GB 15Days - high speed internet - mobile data 5G compatible	0630HTQZW01	BAHAMAS-3GB-15D	140.99		2026-06-30 14:43:59 CEST		y	4			11				B0H6MB828R						8721438408573				AMAZON_EU	Inactive
Bahrain eSIM 3GB 15Days	Bahrain eSIM 3GB 15Days - high speed internet - mobile data 5G compatible	0630HUWJ33A	BAHRAIN-3GB-15D	45.99		2026-06-30 23:42:48 CEST		y	4			11				B0FR9K64KF						8721438400591				AMAZON_EU	Inactive
Bangladesh eSIM 3GB 15Days	Bangladesh eSIM 3GB 15Days - high speed internet - mobile data 5G compatible	0630HV5T56A	BANGLADESH-3GB-15D	40.99		2026-06-30 23:46:40 CEST		y	4			11				B0FR9L7SG3						8721438400669				AMAZON_EU	Inactive
Barbados eSIM 3GB 15Days	Barbados eSIM 3GB 15Days - high speed internet - mobile data 5G compatible	0630HTJOKHF	BARBADOS-3GB-15D	100.99		2026-06-30 14:54:26 CEST		y	4			11				B0H6MCD72X						8721438408603				AMAZON_EU	Inactive
Belarus eSIM 3GB 15Days	Belarus eSIM 3GB 15Days - high speed internet - mobile data 5G compatible	0630HUWOS21	BELARUS-3GB-15D	40.99		2026-06-30 23:55:55 CEST		y	4			11				B0FR9G3Z82						8721438400706				AMAZON_EU	Inactive
Bhutan eSIM 3GB 15Days	Bhutan eSIM 3GB 15Days - high speed internet - mobile data 5G compatible	0630HTUN7Y1	BHUTAN-3GB-15D	75.99		2026-06-30 15:35:48 CEST		y	4			11				B0H6MJB588						8721438408726				AMAZON_EU	Inactive
Bolivia eSIM 20GB 30Days	Bolivia eSIM 20GB 30Days - high speed internet - mobile data 5G compatible	0630HV09ULY	BOLIVIA-20GB-30D	386.99		2026-07-01 00:16:44 CEST		y	4			11				B0FR9RH588						8721438400829				AMAZON_EU	Inactive
Bolivia eSIM 3GB 15Days	Bolivia eSIM 3GB 15Days - high speed internet - mobile data 5G compatible	0630HUZIA9V	BOLIVIA-3GB-15D	105.99		2026-07-01 00:13:58 CEST		y	4			11				B0FR8FKPKH						8721438400812				AMAZON_EU	Inactive
Brazil eSIM 20GB 30Days	Brazil eSIM 20GB 30Days - high speed internet - mobile data 5G compatible	0630HVB2Y3P	BRAZIL-20GB-30D	145.99		2026-07-01 00:30:03 CEST		y	4			11				B0FR9KLZCR						8721438400935				AMAZON_EU	Inactive
Brazil eSIM 3GB 15Days	Brazil eSIM 3GB 15Days - high speed internet - mobile data 5G compatible	0630HV5055I	BRAZIL-3GB-15D	45.99		2026-07-01 00:27:17 CEST		y	4			11				B0FR9G5LKV						8721438400898				AMAZON_EU	Inactive
Brunei Darussalam eSIM 20GB 30Days	Brunei Darussalam eSIM 20GB 30Days - high speed internet - mobile data 5G compatible	0630HUX1WO7	BRUNEI-DARUSSALAM-20GB-30D	285.99		2026-07-01 00:35:49 CEST		y	4			11				B0FR9F971C						8721438400997				AMAZON_EU	Inactive
Brunei Darussalam eSIM 3GB 15Days	Brunei Darussalam eSIM 3GB 15Days - high speed internet - mobile data 5G compatible	0630HV8S363	BRUNEI-DARUSSALAM-3GB-15D	60.99		2026-07-01 00:33:23 CEST		y	4			11				B0FR9KTJND						8721438400980				AMAZON_EU	Inactive
Cambodia eSIM 20GB 30Days	Cambodia eSIM 20GB 30Days - high speed internet - mobile data 5G compatible	0630HV6WNLC	CAMBODIA-20GB-30D	115.99		2026-07-01 01:25:46 CEST		y	4			11				B0FR9GFJPL						8721438401710				AMAZON_EU	Inactive
Cambodia eSIM 3GB 15Days	Cambodia eSIM 3GB 15Days - high speed internet - mobile data 5G compatible	0630HV0Q635	CAMBODIA-3GB-15D	40.99		2026-07-01 01:22:29 CEST		y	4			11				B0FR8XKMJ4						8721438401697				AMAZON_EU	Inactive
Cameroon eSIM 3GB 15Days	Cameroon eSIM 3GB 15Days - high speed internet - mobile data 5G compatible	0630HV0J6RM	CAMEROON-3GB-15D	90.99		2026-07-01 00:46:06 CEST		y	4			11				B0FR9VJ1ZB						8721438401116				AMAZON_EU	Inactive
Canada eSIM 3GB 15Days Premium	Canada eSIM 3GB 15Days Premium - high speed internet - mobile data 5G compatible	0630HUTI0CE	CANADA-PREMIUM-3GB-15D	45.99		2026-06-30 22:28:52 CEST		y	4			11				B0H6MJ1HMJ						8721438410583				AMAZON_EU	Inactive
Cape Verde eSIM 20GB 30Days	Cape Verde eSIM 20GB 30Days - high speed internet - mobile data 5G compatible	0630HTVWVN8	CAPE-VERDE-20GB-30D	702.99		2026-06-30 15:53:31 CEST		y	4			11				B0H6M9VSPG						8721438408771				AMAZON_EU	Inactive
Cape Verde eSIM 3GB 15Days	Cape Verde eSIM 3GB 15Days - high speed internet - mobile data 5G compatible	0630HTTDMQQ	CAPE-VERDE-3GB-15D	140.99		2026-06-30 15:46:36 CEST		y	4			11				B0H6M9R16H						8721438408757				AMAZON_EU	Inactive
Cape Verde eSIM 5GB 30Days	Cape Verde eSIM 5GB 30Days - high speed internet - mobile data 5G compatible	0630HU0OIUA	CAPE-VERDE-5GB-30D	235.99		2026-06-30 15:49:54 CEST		y	4			11				B0H6MFG453						8721438408764				AMAZON_EU	Inactive
Kanada eSIM 20 GB 30 dni | Pay As You Go Data SIM | Łatwa konfiguracja | Podróżna karta SIM dla turystów i biznesu | Prędkości 3G/4G		0327H1MNNU7	CA_20_30	130.17		2026-03-27 15:26:06 CET		y	1			11				B0FR9BY42D						B0FR9BY42D				AMAZON_EU	Inactive
Kanada eSIM 3 GB 15 dni | Pay As You Go Data SIM | Łatwa konfiguracja | Podróżna karta SIM dla turystów i biznesu | Prędkości 3G/4G		0327H0G5RM8	CA_3_15	53.64		2026-03-27 09:46:39 CET		y	1			11				B0FR9RZLF3						B0FR9RZLF3				AMAZON_EU	Inactive
Kanada eSIM 5 GB 30 dni | Pay As You Go Data SIM | Łatwa konfiguracja | Podróżna karta SIM dla turystów i biznesu | Prędkości 3G/4G		0327H0EMXJ3	CA_5_30	69.51		2026-03-27 09:36:36 CET		y	1			11				B0FR9SYCBK						B0FR9SYCBK				AMAZON_EU	Inactive
Central African Republic eSIM 3GB 15Days	Central African Republic eSIM 3GB 15Days - high speed internet - mobile data 5G compatible	0630HV0L09F	CENTRAL-AFRICAN-REPUBLIC-3GB-15D	90.99		2026-07-01 00:50:07 CEST		y	4			11				B0FR9RK8FP						8721438401352				AMAZON_EU	Inactive
Chile eSIM 3GB 15Days	Chile eSIM 3GB 15Days - high speed internet - mobile data 5G compatible	0630HV53UM3	CHILE-3GB-15D	60.99		2026-07-01 01:03:12 CEST		y	4			11				B0FR9RY1RT						8721438401451				AMAZON_EU	Inactive
China eSIM 20GB 30Days	China eSIM 20GB 30Days - high speed internet - mobile data 5G compatible	0630HUXG20F	CHINA-20GB-30D	80.99		2026-07-01 01:14:46 CEST		y	4			11				B0FR9GD6X9						8721438401604				AMAZON_EU	Inactive
China eSIM 3GB 15Days	China eSIM 3GB 15Days - high speed internet - mobile data 5G compatible	0630HV4ULZR	CHINA-3GB-15D	35.99		2026-07-01 01:07:27 CEST		y	4			11				B0FR9QZ578						8721438401574				AMAZON_EU	Inactive
Switzerland eSIM 3GB 15Days		0325HSMVPLU	CH_3_15	30.48		2026-03-25 12:44:04 CET		y	1			11				B0FRB5LFVC						B0FRB5LFVC				AMAZON_EU	Inactive
China eSIM 20GB 30Days		0327H0GQYVF	CN_20_30	109.31		2026-03-27 09:28:40 CET		y	1			11				B0FR9GD6X9						B0FR9GD6X9				AMAZON_EU	Inactive
Colombia eSIM 3GB 15Days	Colombia eSIM 3GB 15Days - high speed internet - mobile data 5G compatible	0630HV8QQP8	COLOMBIA-3GB-15D	60.99		2026-07-01 01:18:48 CEST		y	4			11				B0FR9RL8W5						8721438401673				AMAZON_EU	Inactive
Costa Rica eSIM 3GB 15Days	Costa Rica eSIM 3GB 15Days - high speed internet - mobile data 5G compatible	0630HV8TIPJ	COSTA-RICA-3GB-15D	65.99		2026-07-01 01:29:07 CEST		y	4			11				B0FR9LNRMN						8721438401765				AMAZON_EU	Inactive
Croatia eSIM 20GB 30Days	Croatia eSIM 20GB 30Days - high speed internet - mobile data 5G compatible	0630HV0WPY4	CROATIA-20GB-30D	75.99		2026-07-01 01:45:59 CEST		y	4			11				B0FR9TYCSL						8721438401857				AMAZON_EU	Inactive
Croatia eSIM 3GB 15Days	Croatia eSIM 3GB 15Days - high speed internet - mobile data 5G compatible	0630HVB8QRH	CROATIA-3GB-15D	35.99		2026-07-01 01:40:38 CEST		y	4			11				B0FR9GDKT1						8721438401819				AMAZON_EU	Inactive
Croatia eSIM 5GB 30Days	Croatia eSIM 5GB 30Days - high speed internet - mobile data 5G compatible	0630HUXPN7J	CROATIA-5GB-30D	40.99		2026-07-01 01:43:03 CEST		y	4			11				B0FR9BVV58						8721438401833				AMAZON_EU	Inactive
Curacao eSIM 3GB 15Days	Curacao eSIM 3GB 15Days - high speed internet - mobile data 5G compatible	0630HTZUD7B	CURACAO-3GB-15D	95.99		2026-06-30 16:07:32 CEST		y	4			11				B0H6M81JPM						8721438408818				AMAZON_EU	Inactive
Curacao eSIM 5GB 30Days	Curacao eSIM 5GB 30Days - high speed internet - mobile data 5G compatible	0630HTYN7FU	CURACAO-5GB-30D	125.99		2026-06-30 16:10:28 CEST		y	4			11				B0H6MGZLBC						8721438408825				AMAZON_EU	Inactive
Cyprus eSIM 3GB 15Days	Cyprus eSIM 3GB 15Days - high speed internet - mobile data 5G compatible	0630HVBB5Y5	CYPRUS-3GB-15D	35.99		2026-07-01 01:49:19 CEST		y	4			11				B0FR8XJWWG						8721438401888				AMAZON_EU	Inactive
Czech Republic eSIM 3GB 15Days	Czech Republic eSIM 3GB 15Days - high speed internet - mobile data 5G compatible	0630HV6HEH7	CZECH-REPUBLIC-3GB-15D	35.99		2026-07-01 01:56:28 CEST		y	4			11				B0FR9SB2Q3						8721438401949				AMAZON_EU	Inactive
Czech Republic eSIM 5GB 30Days	Czech Republic eSIM 5GB 30Days - high speed internet - mobile data 5G compatible	0630HVBR84R	CZECH-REPUBLIC-5GB-30D	40.99		2026-07-01 01:59:34 CEST		y	4			11				B0FR9BY2LF						8721438401963				AMAZON_EU	Inactive
Democratic Republic of the Congo eSIM 3GB 15Days	Democratic Republic of the Congo eSIM 3GB 15Days - high speed internet - mobile data 5G compatible	0630HU23SU2	DEMOCRATIC-REPUBLIC-OF-THE-CONGO-3GB-15D	60.99		2026-06-30 16:17:38 CEST		y	4			11				B0H6LZL22Y						8721438408849				AMAZON_EU	Inactive
Denmark eSIM 3GB 15Days	Denmark eSIM 3GB 15Days - high speed internet - mobile data 5G compatible	0701HV3YO7O	DENMARK-3GB-15D	35.99		2026-07-01 02:06:12 CEST		y	4			11				B0FR9GSNP4						8721438402014				AMAZON_EU	Inactive
Germany eSIM 20GB 30Days		0327H1EE1A0	DE_20_30	142.68		2026-03-27 13:17:42 CET		y	1			11				B0GSZP9H94						B0GSZP9H94				AMAZON_EU	Inactive
Germany eSIM 3GB 15Days		0327H0JAGIP	DE_3_15	43.2		2026-03-27 09:30:25 CET		y	1			11				B0GSZBMLKV						B0GSZBMLKV				AMAZON_EU	Inactive
Germany eSIM 5GB 30Days		0327H0NV3UD	DE_5_30	51.07		2026-03-27 10:52:25 CET		y	1			11				B0GSZDYWLZ						B0GSZDYWLZ				AMAZON_EU	Inactive
Dominica eSIM 3GB 15Days	Dominica eSIM 3GB 15Days - high speed internet - mobile data 5G compatible	0630HU09JX8	DOMINICA-3GB-15D	105.99		2026-06-30 16:28:20 CEST		y	4			11				B0H6M9H54M						8721438408870				AMAZON_EU	Inactive
Dominican Republic eSIM 20GB 30Days	Dominican Republic eSIM 20GB 30Days - high speed internet - mobile data 5G compatible	0701HVA9551	DOMINICAN-REPUBLIC-20GB-30D	170.99		2026-07-01 02:21:17 CEST		y	4			11				B0FR9C6DJF						8721438402106				AMAZON_EU	Inactive
Dominican Republic eSIM 3GB 15Days	Dominican Republic eSIM 3GB 15Days - high speed internet - mobile data 5G compatible	0701HV6N8VW	DOMINICAN-REPUBLIC-3GB-15D	55.99		2026-07-01 02:15:46 CEST		y	4			11				B0FR9GSKZF						8721438402083				AMAZON_EU	Inactive
Dominican Republic eSIM 5GB 30Days	Dominican Republic eSIM 5GB 30Days - high speed internet - mobile data 5G compatible	0701HV9RFEP	DOMINICAN-REPUBLIC-5GB-30D	65.99		2026-07-01 02:18:31 CEST		y	4			11				B0FR9GQKCM						8721438402090				AMAZON_EU	Inactive
Democratic Republic of the Congo eSIM 20GB 30Days	Democratic Republic of the Congo eSIM 20GB 30Days - high speed internet - mobile data 5G compatible	0630HTZHKYE	DRC-20GB-30D	255.99		2026-06-30 16:24:37 CEST		y	4			11				B0H6MZWFM7						8721438408863				AMAZON_EU	Inactive
Ecuador eSIM 3GB 15Days	Ecuador eSIM 3GB 15Days - high speed internet - mobile data 5G compatible	0701HV82S7W	ECUADOR-3GB-15D	60.99		2026-07-01 02:24:47 CEST		y	4			11				B0FR9RM6MP						8721438402120				AMAZON_EU	Inactive
Egypt eSIM 5GB 30Days	Egypt eSIM 5GB 30Days - high speed internet - mobile data 5G compatible	0701HVA9ST8	EGYPT-5GB-30D	65.99		2026-07-01 02:31:28 CEST		y	4			11				B0FR9LR5KJ						8721438402168				AMAZON_EU	Inactive
Egipt eSIM 3 GB 30 dni | Pay As You Go Data SIM | Łatwa konfiguracja | Podróżna karta SIM dla turystów i biznesu | Prędkości 3G/4G		0327H12N6R7	EG_3_30	60.97		2026-03-27 13:27:48 CET		y	1			11				B0FR9GNL93						B0FR9GNL93				AMAZON_EU	Inactive
El Salvador eSIM 3GB 15Days	El Salvador eSIM 3GB 15Days - high speed internet - mobile data 5G compatible	0701HV7FL1A	EL-SALVADOR-3GB-15D	75.99		2026-07-01 02:38:28 CEST		y	4			11				B0FR9LJ7X4						8721438402236				AMAZON_EU	Inactive
Estonia eSIM 3GB 15Days	Estonia eSIM 3GB 15Days - high speed internet - mobile data 5G compatible	0701HV19WP1	ESTONIA-3GB-15D	35.99		2026-07-01 02:42:11 CEST		y	4			11				B0FR9GST1S						8721438402250				AMAZON_EU	Inactive
Spain eSIM 20GB 30Days		0327H0WA0AM	ES_20_30	70.55		2026-03-27 12:06:13 CET		y	1			11				B0FRCMPGPL						B0FRCMPGPL				AMAZON_EU	Inactive
Europe(40+ areas) eSIM 20GB 30Days	Europe(40+ areas) eSIM 20GB 30Days - high speed internet - mobile data 5G compatible	0701HVE88MM	EUROPE-40-AREAS-20GB-30D	85.99		2026-07-01 02:53:50 CEST		y	4			11				B0FR9TNPV3						8721438402496				AMAZON_EU	Inactive
Faroe Islands eSIM 3GB 15Days	Faroe Islands eSIM 3GB 15Days - high speed internet - mobile data 5G compatible	0630HU2USOL	FAROE-ISLANDS-3GB-15D	40.99		2026-06-30 16:38:06 CEST		y	4			11				B0H6ML935Q						8721438408900				AMAZON_EU	Inactive
Faroe Islands eSIM 5GB 30Days	Faroe Islands eSIM 5GB 30Days - high speed internet - mobile data 5G compatible	0630HU2OD00	FAROE-ISLANDS-5GB-30D	50.99		2026-06-30 16:41:23 CEST		y	4			11				B0H6MF2TVH						8721438408917				AMAZON_EU	Inactive
Fiji eSIM 3GB 15Days	Fiji eSIM 3GB 15Days - high speed internet - mobile data 5G compatible	0630HU6QNK5	FIJI-3GB-15D	55.99		2026-06-30 16:47:42 CEST		y	4			11				B0H6MFLWYD						8721438408931				AMAZON_EU	Inactive
Finland eSIM 3GB 15Days	Finland eSIM 3GB 15Days - high speed internet - mobile data 5G compatible	0701HV7FEF7	FINLAND-3GB-15D	35.99		2026-07-01 02:57:31 CEST		y	4			11				B0FR9GSND6						8721438402533				AMAZON_EU	Inactive
Finland eSIM 5GB 30Days	Finland eSIM 5GB 30Days - high speed internet - mobile data 5G compatible	0701HVA9NPP	FINLAND-5GB-30D	40.99		2026-07-01 03:00:37 CEST		y	4			11				B0FR9SB3BJ						8721438402557				AMAZON_EU	Inactive
French Guiana eSIM 20GB 30Days	French Guiana eSIM 20GB 30Days - high speed internet - mobile data 5G compatible	0630HU3SDZ6	FRENCH-GUIANA-20GB-30D	75.99		2026-06-30 17:02:51 CEST		y	4			11				B0H6MDNXJJ						8721438408986				AMAZON_EU	Inactive
French Guiana eSIM 3GB 15Days	French Guiana eSIM 3GB 15Days - high speed internet - mobile data 5G compatible	0630HU2UYEE	FRENCH-GUIANA-3GB-15D	35.99		2026-06-30 16:56:48 CEST		y	4			11				B0H6MFD6Z3						8721438408962				AMAZON_EU	Inactive
French Guiana eSIM 5GB 30Days	French Guiana eSIM 5GB 30Days - high speed internet - mobile data 5G compatible	0630HU6PPM0	FRENCH-GUIANA-5GB-30D	40.99		2026-06-30 16:59:54 CEST		y	4			11				B0H6MGC352						8721438408979				AMAZON_EU	Inactive
French Polynesia eSIM 3GB 15Days	French Polynesia eSIM 3GB 15Days - high speed internet - mobile data 5G compatible	0630HU6F0C7	FRENCH-POLYNESIA-3GB-15D	205.99		2026-06-30 17:06:13 CEST		y	4			11				B0H6MF6GHP						8721438408993				AMAZON_EU	Inactive
French Polynesia eSIM 5GB 30Days	French Polynesia eSIM 5GB 30Days - high speed internet - mobile data 5G compatible	0630HU3YKVB	FRENCH-POLYNESIA-5GB-30D	285.99		2026-06-30 17:09:19 CEST		y	4			11				B0H6MD2GXY						8721438409006				AMAZON_EU	Inactive
Gambia eSIM 3GB 15Days	Gambia eSIM 3GB 15Days - high speed internet - mobile data 5G compatible	0701HY4LLYY	GAMBIA-3GB-15D	150.99		2026-07-01 16:15:03 CEST		y	4			11				B0H2FTMBBQ						8721438408368				AMAZON_EU	Inactive
Georgia eSIM 20GB 30Days	Georgia eSIM 20GB 30Days - high speed internet - mobile data 5G compatible	0701HVEYZRV	GEORGIA-20GB-30D	110.99		2026-07-01 03:22:30 CEST		y	4			11				B0FR9C73NK						8721438402748				AMAZON_EU	Inactive
Georgia eSIM 3GB 15Days	Georgia eSIM 3GB 15Days - high speed internet - mobile data 5G compatible	0701HVD4J8K	GEORGIA-3GB-15D	40.99		2026-07-01 03:19:24 CEST		y	4			11				B0FR9KMX2N						8721438402724				AMAZON_EU	Inactive
Germany eSIM 20GB 30Days	Germany eSIM 20GB 30Days - high speed internet - mobile data 5G compatible	0701HVEMSPX	GERMANY-20GB-30D	65.99		2026-07-01 03:34:04 CEST		y	4			11				B0GSZP9H94						8721438402809				AMAZON_EU	Inactive
Germany eSIM 3GB 15Days	Germany eSIM 3GB 15Days - high speed internet - mobile data 5G compatible	0701HVAQUTK	GERMANY-3GB-15D	35.99		2026-07-01 03:26:45 CEST		y	4			11				B0GSZBMLKV						8721438402762				AMAZON_EU	Inactive
Germany eSIM 5GB 30Days	Germany eSIM 5GB 30Days - high speed internet - mobile data 5G compatible	0701HVDOS1I	GERMANY-5GB-30D	40.99		2026-07-01 03:30:25 CEST		y	4			11				B0GSZDYWLZ						8721438402786				AMAZON_EU	Inactive
Ghana eSIM 20GB 30Days	Ghana eSIM 20GB 30Days - high speed internet - mobile data 5G compatible	0630HUCLZQK	GHANA-20GB-30D	175.99		2026-06-30 17:22:31 CEST		y	4			11				B0H6M9CG3G						8721438409044				AMAZON_EU	Inactive
Ghana eSIM 3GB 15Days	Ghana eSIM 3GB 15Days - high speed internet - mobile data 5G compatible	0630HU9T1NP	GHANA-3GB-15D	55.99		2026-06-30 17:16:28 CEST		y	4			11				B0H6M7CH6H						8721438409020				AMAZON_EU	Inactive
Ghana eSIM 5GB 30Days	Ghana eSIM 5GB 30Days - high speed internet - mobile data 5G compatible	0630HU468GC	GHANA-5GB-30D	60.99		2026-06-30 17:19:14 CEST		y	4			11				B0H6MD48NZ						8721438409037				AMAZON_EU	Inactive
Global139 eSIM 5GB 30Days	Global139 eSIM 5GB 30Days - high speed internet - mobile data 5G compatible	0701HVAUZQZ	GLOBAL139-5GB-30D	180.99		2026-07-01 03:41:27 CEST		y	4			11				B0FR9VNTLY						8721438403004				AMAZON_EU	Inactive
Greenland eSIM 20GB 30Days	Greenland eSIM 20GB 30Days - high speed internet - mobile data 5G compatible	0630HUGMWOV	GREENLAND-20GB-30D	486.99		2026-06-30 17:32:37 CEST		y	4			11				B0H6MBT3TW						8721438409075				AMAZON_EU	Inactive
Greenland eSIM 5GB 30Days	Greenland eSIM 5GB 30Days - high speed internet - mobile data 5G compatible	0630HUDHANG	GREENLAND-5GB-30D	160.99		2026-06-30 17:29:10 CEST		y	4			11				B0H6MFMLK9						8721438409068				AMAZON_EU	Inactive
Guadeloupe eSIM 3GB 15Days	Guadeloupe eSIM 3GB 15Days - high speed internet - mobile data 5G compatible	0701HVDVKM5	GUADELOUPE-3GB-15D	35.99		2026-07-01 03:56:56 CEST		y	4			11				B0FR9TMVWK						8721438403110				AMAZON_EU	Inactive
Guernsey eSIM 3GB 15Days	Guernsey eSIM 3GB 15Days - high speed internet - mobile data 5G compatible	0701HVHECYX	GUERNSEY-3GB-15D	60.99		2026-07-01 04:17:45 CEST		y	4			11				B0FR9SMWDN						8721438403226				AMAZON_EU	Inactive
Guernsey eSIM 5GB 30Days	Guernsey eSIM 5GB 30Days - high speed internet - mobile data 5G compatible	0701HVI7CCX	GUERNSEY-5GB-30D	90.99		2026-07-01 04:21:02 CEST		y	4			11				B0FR9C5PXR						8721438403240				AMAZON_EU	Inactive
Guinea-Bissau eSIM 20GB 30Days	Guinea-Bissau eSIM 20GB 30Days - high speed internet - mobile data 5G compatible	0630HUH4SEE	GUINEA-BISSAU-20GB-30D	351.99		2026-06-30 18:01:49 CEST		y	4			11				B0H6MF1JJS						8721438409167				AMAZON_EU	Inactive
Guinea-Bissau eSIM 5GB 30Days	Guinea-Bissau eSIM 5GB 30Days - high speed internet - mobile data 5G compatible	0630HUFSTC5	GUINEA-BISSAU-5GB-30D	145.99		2026-06-30 17:58:33 CEST		y	4			11				B0H6MCJ4Y9						8721438409150				AMAZON_EU	Inactive
Guyana eSIM 3GB 15Days	Guyana eSIM 3GB 15Days - high speed internet - mobile data 5G compatible	0630HUE6TQ0	GUYANA-3GB-15D	90.99		2026-06-30 18:05:30 CEST		y	4			11				B0H6MCG586						8721438409174				AMAZON_EU	Inactive
Haiti eSIM 3GB 15Days	Haiti eSIM 3GB 15Days - high speed internet - mobile data 5G compatible	0630HUMF2DU	HAITI-3GB-15D	125.99		2026-06-30 18:15:26 CEST		y	4			11				B0H6M9YTL4						8721438409204				AMAZON_EU	Inactive
Hajjj Package Luxury 10GB 30 Days eSIM | Hajj Luxury Travel Guide + Saudi Arabia Travel Guides | 3G/4G/5G	Premium Islamic Hajj eSIM package with 10GB data valid for 30 days. Includes Hajj Luxury Travel Guide and exclusive Saudi Arabian travel guides. Instant QR activation for use across Saudi Arabia.	0603HTLUFSJ	HAJJ-LUX-10GB-30D	306.99		2026-06-04 00:58:27 CEST		y	1			11				B0H3L75HDS						B0H3L75HDS				AMAZON_EU	Inactive
Honduras eSIM 3GB 15Days	Honduras eSIM 3GB 15Days - high speed internet - mobile data 5G compatible	0701HVLS24Q	HONDURAS-3GB-15D	60.99		2026-07-01 04:28:32 CEST		y	4			11				B0FR9ZYV5G						8721438403356				AMAZON_EU	Inactive
Hungary eSIM 20GB 30Days	Hungary eSIM 20GB 30Days - high speed internet - mobile data 5G compatible	0701HVNO2AX	HUNGARY-20GB-30D	65.99		2026-07-01 04:49:27 CEST		y	4			11				B0FR9ZVYYQ						8721438403523				AMAZON_EU	Inactive
Hungary eSIM 3GB 15Days	Hungary eSIM 3GB 15Days - high speed internet - mobile data 5G compatible	0701HVNCWHS	HUNGARY-3GB-15D	35.99		2026-07-01 04:43:05 CEST		y	4			11				B0FR9C9JVW						8721438403486				AMAZON_EU	Inactive
Hungary eSIM 5GB 30Days	Hungary eSIM 5GB 30Days - high speed internet - mobile data 5G compatible	0701HVMMSD2	HUNGARY-5GB-30D	40.99		2026-07-01 04:46:21 CEST		y	4			11				B0FR9GY3R5						8721438403509				AMAZON_EU	Inactive
Iceland eSIM 20GB 30Days	Iceland eSIM 20GB 30Days - high speed internet - mobile data 5G compatible	0701HVMTMQR	ICELAND-20GB-30D	75.99		2026-07-01 04:59:32 CEST		y	4			11				B0FR9GX6LF						8721438403592				AMAZON_EU	Inactive
Iceland eSIM 3GB 15Days	Iceland eSIM 3GB 15Days - high speed internet - mobile data 5G compatible	0701HVX9LZ8	ICELAND-3GB-15D	35.99		2026-07-01 04:53:08 CEST		y	4			11				B0FR9TBBK1						8721438403554				AMAZON_EU	Inactive
Iceland eSIM 5GB 30Days	Iceland eSIM 5GB 30Days - high speed internet - mobile data 5G compatible	0701HVQYR19	ICELAND-5GB-30D	40.99		2026-07-01 04:56:36 CEST		y	4			11				B0FR9ZWQBD						8721438403578				AMAZON_EU	Inactive
Iraq eSIM 20GB 30Days	Iraq eSIM 20GB 30Days - high speed internet - mobile data 5G compatible	0630HUELGFX	IRAQ-20GB-30D	140.99		2026-06-30 18:31:03 CEST		y	4			11				B0H6M956TN						8721438409259				AMAZON_EU	Inactive
Iraq eSIM 5GB 30Days	Iraq eSIM 5GB 30Days - high speed internet - mobile data 5G compatible	0630HU515WD	IRAQ-5GB-30D	70.99		2026-06-30 18:28:07 CEST		y	4			11				B0H6MFRHZN						8721438409242				AMAZON_EU	Inactive
Isle of Man eSIM 20GB 30Days	Isle of Man eSIM 20GB 30Days - high speed internet - mobile data 5G compatible	0701HVVGK81	ISLE-OF-MAN-20GB-30D	100.99		2026-07-01 05:45:14 CEST		y	4			11				B0FR9CB5LK						8721438403974				AMAZON_EU	Inactive
Isle of Man eSIM 3GB 15Days	Isle of Man eSIM 3GB 15Days - high speed internet - mobile data 5G compatible	0701HW0NCNU	ISLE-OF-MAN-3GB-15D	40.99		2026-07-01 05:38:30 CEST		y	4			11				B0FR9LZ7RL						8721438403943				AMAZON_EU	Inactive
Israel eSIM 20GB 30Days	Israel eSIM 20GB 30Days - high speed internet - mobile data 5G compatible	0701HVU8U3G	ISRAEL-20GB-30D	125.99		2026-07-01 05:55:51 CEST		y	4			11				B0FR9K8SQ1						8721438404032				AMAZON_EU	Inactive
Israel eSIM 3GB 15Days	Israel eSIM 3GB 15Days - high speed internet - mobile data 5G compatible	0701HVXP1YH	ISRAEL-3GB-15D	40.99		2026-07-01 05:49:27 CEST		y	4			11				B0FR9M11H1						8721438403998				AMAZON_EU	Inactive
Jamaica eSIM 20GB 30Days	Jamaica eSIM 20GB 30Days - high speed internet - mobile data 5G compatible	0630HUB0JVR	JAMAICA-20GB-30D	376.99		2026-06-30 18:40:27 CEST		y	4			11				B0H6MF52ZZ						8721438409280				AMAZON_EU	Inactive
Jamaica eSIM 5GB 30Days	Jamaica eSIM 5GB 30Days - high speed internet - mobile data 5G compatible	0630HUBF3DI	JAMAICA-5GB-30D	135.99		2026-06-30 18:37:40 CEST		y	4			11				B0H6MJQCMF						8721438409273				AMAZON_EU	Inactive
Jersey eSIM 3GB 15Days	Jersey eSIM 3GB 15Days - high speed internet - mobile data 5G compatible	0701HW0VKO8	JERSEY-3GB-15D	35.99		2026-07-01 06:23:00 CEST		y	4			11				B0FR9GYMR5						8721438404346				AMAZON_EU	Inactive
Jersey eSIM 5GB 30Days	Jersey eSIM 5GB 30Days - high speed internet - mobile data 5G compatible	0701HW1L9H8	JERSEY-5GB-30D	40.99		2026-07-01 06:26:27 CEST		y	4			11				B0FR9M27GP						8721438404360				AMAZON_EU	Inactive
Jordan eSIM 5GB 30Days	Jordan eSIM 5GB 30Days - high speed internet - mobile data 5G compatible	0701HVQ46W7	JORDAN-5GB-30D	60.99		2026-07-01 06:37:05 CEST		y	4			11				B0FR9ZTZNK						8721438404414				AMAZON_EU	Inactive
Kazakhstan eSIM 20GB 30Days	Kazakhstan eSIM 20GB 30Days - high speed internet - mobile data 5G compatible	0701HW5868U	KAZAKHSTAN-20GB-30D	90.99		2026-07-01 06:50:16 CEST		y	4			11				B0FR9TLNNW						8721438404483				AMAZON_EU	Inactive
Kazakhstan eSIM 3GB 15Days	Kazakhstan eSIM 3GB 15Days - high speed internet - mobile data 5G compatible	0701HW2BQDY	KAZAKHSTAN-3GB-15D	35.99		2026-07-01 06:43:43 CEST		y	4			11				B0FR9T4DG2						8721438404452				AMAZON_EU	Inactive
Kazakhstan eSIM 5GB 30Days	Kazakhstan eSIM 5GB 30Days - high speed internet - mobile data 5G compatible	0701HVZ6KAZ	KAZAKHSTAN-5GB-30D	40.99		2026-07-01 06:46:50 CEST		y	4			11				B0FR9ZMMSH						8721438404469				AMAZON_EU	Inactive
Kuwait eSIM 3GB 15Days	Kuwait eSIM 3GB 15Days - high speed internet - mobile data 5G compatible	0701HVW8SGV	KUWAIT-3GB-15D	45.99		2026-07-01 07:01:44 CEST		y	4			11				B0FR9LZJ3X						8721438404568				AMAZON_EU	Inactive
Kyrgyzstan eSIM 20GB 30Days	Kyrgyzstan eSIM 20GB 30Days - high speed internet - mobile data 5G compatible	0701HW1CP31	KYRGYZSTAN-20GB-30D	85.99		2026-07-01 07:15:06 CEST		y	4			11				B0FR8XXBHM						8721438404629				AMAZON_EU	Inactive
Kyrgyzstan eSIM 3GB 15Days	Kyrgyzstan eSIM 3GB 15Days - high speed internet - mobile data 5G compatible	0701HW2J5TJ	KYRGYZSTAN-3GB-15D	35.99		2026-07-01 07:11:48 CEST		y	4			11				B0FR9TVF4R						8721438404612				AMAZON_EU	Inactive
Laos eSIM 3GB 15Days	Laos eSIM 3GB 15Days - high speed internet - mobile data 5G compatible	0630HUBGR0G	LAOS-3GB-15D	45.99		2026-06-30 18:43:57 CEST		y	4			11				B0H6M96WPB						8721438409297				AMAZON_EU	Inactive
Latvia eSIM 3GB 15Days	Latvia eSIM 3GB 15Days - high speed internet - mobile data 5G compatible	0701HW0EFHC	LATVIA-3GB-15D	35.99		2026-07-01 07:18:39 CEST		y	4			11				B0FR9VM4K6						8721438404643				AMAZON_EU	Inactive
Latvia eSIM 5GB 30Days	Latvia eSIM 5GB 30Days - high speed internet - mobile data 5G compatible	0701HVZISOV	LATVIA-5GB-30D	40.99		2026-07-01 07:21:56 CEST		y	4			11				B0FR9TR99S						8721438404667				AMAZON_EU	Inactive
Libya eSIM 3GB 15Days	Libya eSIM 3GB 15Days - high speed internet - mobile data 5G compatible	0630HUH1LNG	LIBYA-3GB-15D	145.99		2026-06-30 18:52:51 CEST		y	4			11				B0H6MBYGXZ						8721438409327				AMAZON_EU	Inactive
Lithuania eSIM 20GB 30Days	Lithuania eSIM 20GB 30Days - high speed internet - mobile data 5G compatible	0701HW71JUK	LITHUANIA-20GB-30D	75.99		2026-07-01 07:46:09 CEST		y	4			11				B0FR9TQN8N						8721438404810				AMAZON_EU	Inactive
Lithuania eSIM 3GB 15Days	Lithuania eSIM 3GB 15Days - high speed internet - mobile data 5G compatible	0701HW29EER	LITHUANIA-3GB-15D	35.99		2026-07-01 07:39:14 CEST		y	4			11				B0FR9KS3P4						8721438404773				AMAZON_EU	Inactive
Lithuania eSIM 5GB 30Days	Lithuania eSIM 5GB 30Days - high speed internet - mobile data 5G compatible	0701HVTTHTQ	LITHUANIA-5GB-30D	40.99		2026-07-01 07:42:31 CEST		y	4			11				B0FR9R598C						8721438404797				AMAZON_EU	Inactive
Luxembourg eSIM 3GB 15Days	Luxembourg eSIM 3GB 15Days - high speed internet - mobile data 5G compatible	0701HW2YXB2	LUXEMBOURG-3GB-15D	35.99		2026-07-01 07:50:03 CEST		y	4			11				B0FR9SHRKM						8721438404841				AMAZON_EU	Inactive
Madagascar eSIM 3GB 15Days	Madagascar eSIM 3GB 15Days - high speed internet - mobile data 5G compatible	0701HW66SJU	MADAGASCAR-3GB-15D	110.99		2026-07-01 08:09:32 CEST		y	4			11				B0FR9H2NS1						8721438404988				AMAZON_EU	Inactive
Maldives eSIM 20GB 30Days	Maldives eSIM 20GB 30Days - high speed internet - mobile data 5G compatible	0630HUH6JNM	MALDIVES-20GB-30D	506.99		2026-06-30 19:08:17 CEST		y	4			11				B0H6MM5SCJ						8721438409372				AMAZON_EU	Inactive
Maldives eSIM 3GB 15Days	Maldives eSIM 3GB 15Days - high speed internet - mobile data 5G compatible	0630HU5L5KY	MALDIVES-3GB-15D	145.99		2026-06-30 19:02:24 CEST		y	4			11				B0H6MD6Y71						8721438409358				AMAZON_EU	Inactive
Maldives eSIM 5GB 30Days	Maldives eSIM 5GB 30Days - high speed internet - mobile data 5G compatible	0630HUJ1H2H	MALDIVES-5GB-30D	190.99		2026-06-30 19:05:10 CEST		y	4			11				B0H6MJQZ8Y						8721438409365				AMAZON_EU	Inactive
Mali eSIM 3GB 15Days	Mali eSIM 3GB 15Days - high speed internet - mobile data 5G compatible	0701HWAUSHZ	MALI-3GB-15D	90.99		2026-07-01 08:31:49 CEST		y	4			11				B0FR9TRDSY						8721438405121				AMAZON_EU	Inactive
Malta eSIM 20GB 30Days	Malta eSIM 20GB 30Days - high speed internet - mobile data 5G compatible	0701HWCYLH2	MALTA-20GB-30D	65.99		2026-07-01 08:42:47 CEST		y	4			11				B0FR9VL1Q9						8721438405183				AMAZON_EU	Inactive
Malta eSIM 3GB 15Days	Malta eSIM 3GB 15Days - high speed internet - mobile data 5G compatible	0701HWDHZK0	MALTA-3GB-15D	35.99		2026-07-01 08:36:02 CEST		y	4			11				B0FR9M3PNR						8721438405145				AMAZON_EU	Inactive
Malta eSIM 5GB 30Days	Malta eSIM 5GB 30Days - high speed internet - mobile data 5G compatible	0701HWD4841	MALTA-5GB-30D	40.99		2026-07-01 08:39:29 CEST		y	4			11				B0FR9ZSMTC						8721438405169				AMAZON_EU	Inactive
Martinique eSIM 20GB 30Days	Martinique eSIM 20GB 30Days - high speed internet - mobile data 5G compatible	0630HUKKF5N	MARTINIQUE-20GB-30D	70.99		2026-06-30 19:17:52 CEST		y	4			11				B0H6MH94KV						8721438409402				AMAZON_EU	Inactive
Martinique eSIM 3GB 15Days	Martinique eSIM 3GB 15Days - high speed internet - mobile data 5G compatible	0630HU5PQQE	MARTINIQUE-3GB-15D	35.99		2026-06-30 19:12:09 CEST		y	4			11				B0H6M7SBFQ						8721438409389				AMAZON_EU	Inactive
Mauritius eSIM 3GB 15Days	Mauritius eSIM 3GB 15Days - high speed internet - mobile data 5G compatible	0701HYDMGI4	MAURITIUS-3GB-15D	70.99		2026-07-01 16:22:59 CEST		y	4			11				B0H2FYRLRC						8721438408382				AMAZON_EU	Inactive
Mayotte eSIM 3GB 15Days	Mayotte eSIM 3GB 15Days - high speed internet - mobile data 5G compatible	0630HUMR5DS	MAYOTTE-3GB-15D	35.99		2026-06-30 19:21:23 CEST		y	4			11				B0H6MFWP88						8721438409419				AMAZON_EU	Inactive
Morocco eSIM 5GB 30Days		0327H0H15N8	MA_5_30	62.13		2026-03-27 09:42:28 CET		y	1			11				B0FR9CDDQ8						B0FR9CDDQ8				AMAZON_EU	Inactive
Mexico eSIM 20GB 30Days	Mexico eSIM 20GB 30Days - high speed internet - mobile data 5G compatible	0701HWF6EJ6	MEXICO-20GB-30D	150.99		2026-07-01 08:53:44 CEST		y	4			11				B0FR9VDSJX						8721438405244				AMAZON_EU	Inactive
Mexico eSIM 3GB 15Days	Mexico eSIM 3GB 15Days - high speed internet - mobile data 5G compatible	0701HWCZURI	MEXICO-3GB-15D	50.99		2026-07-01 08:46:49 CEST		y	4			11				B0FR9SZSTG						8721438405220				AMAZON_EU	Inactive
Mexico eSIM 5GB 30Days	Mexico eSIM 5GB 30Days - high speed internet - mobile data 5G compatible	0701HWJALHA	MEXICO-5GB-30D	60.99		2026-07-01 08:50:17 CEST		y	4			11				B0FR9H2K1C						8721438405237				AMAZON_EU	Inactive
Middle East eSIM 5GB 30Days	Middle East eSIM 5GB 30Days - high speed internet - mobile data 5G compatible	0701HWJG4H3	MIDDLE-EAST-5GB-30D	155.99		2026-07-01 08:57:15 CEST		y	4			11				B0FR9SYKP6						8721438405275				AMAZON_EU	Inactive
Moldova eSIM 3GB 15Days	Moldova eSIM 3GB 15Days - high speed internet - mobile data 5G compatible	0701HWJ50J2	MOLDOVA-3GB-15D	35.99		2026-07-01 09:01:07 CEST		y	4			11				B0FR9CFQYY						8721438405299				AMAZON_EU	Inactive
Monaco eSIM 3GB 15Days	Monaco eSIM 3GB 15Days - high speed internet - mobile data 5G compatible	0701HWQ5I87	MONACO-3GB-15D	270.99		2026-07-01 09:05:19 CEST		y	4			11				B0FR9ZS6GM						8721438405312				AMAZON_EU	Inactive
Mongolia eSIM 3GB 15Days	Mongolia eSIM 3GB 15Days - high speed internet - mobile data 5G compatible	0701HWK23GM	MONGOLIA-3GB-15D	70.99		2026-07-01 09:12:27 CEST		y	4			11				B0FR9LSYTX						8721438405343				AMAZON_EU	Inactive
Montenegro eSIM 3GB 15Days	Montenegro eSIM 3GB 15Days - high speed internet - mobile data 5G compatible	0701HWIYCDI	MONTENEGRO-3GB-15D	35.99		2026-07-01 09:16:18 CEST		y	4			11				B0FR9R5HR7						8721438405367				AMAZON_EU	Inactive
Montserrat eSIM 3GB 15Days	Montserrat eSIM 3GB 15Days - high speed internet - mobile data 5G compatible	0630HUBX2C2	MONTSERRAT-3GB-15D	110.99		2026-06-30 19:31:18 CEST		y	4			11				B0H6MDJ2ZR						8721438409440				AMAZON_EU	Inactive
Montserrat eSIM 5GB 30Days	Montserrat eSIM 5GB 30Days - high speed internet - mobile data 5G compatible	0630HUI6N9Y	MONTSERRAT-5GB-30D	145.99		2026-06-30 19:34:38 CEST		y	4			11				B0H6MGQ1Y4						8721438409457				AMAZON_EU	Inactive
Morocco eSIM 5GB 30Days	Morocco eSIM 5GB 30Days - high speed internet - mobile data 5G compatible	0701HWGXVL7	MOROCCO-5GB-30D	60.99		2026-07-01 09:24:15 CEST		y	4			11				B0FR9CDDQ8						8721438405404				AMAZON_EU	Inactive
Mozambique eSIM 3GB 15Days	Mozambique eSIM 3GB 15Days - high speed internet - mobile data 5G compatible	0701HWPM0FW	MOZAMBIQUE-3GB-15D	85.99		2026-07-01 09:32:09 CEST		y	4			11				B0FRB1M6HK						8721438405473				AMAZON_EU	Inactive
Nepal eSIM 3GB 15Days	Nepal eSIM 3GB 15Days - high speed internet - mobile data 5G compatible	0701HWHC91J	NEPAL-3GB-15D	60.99		2026-07-01 09:39:38 CEST		y	4			11				B0FRB1TD7L						8721438405503				AMAZON_EU	Inactive
New Zealand eSIM 20GB 30Days	New Zealand eSIM 20GB 30Days - high speed internet - mobile data 5G compatible	0701HWSX7BK	NEW-ZEALAND-20GB-30D	105.99		2026-07-01 10:01:19 CEST		y	4			11				B0FRB1TWT8						8721438405626				AMAZON_EU	Inactive
New Zealand eSIM 3GB 15Days	New Zealand eSIM 3GB 15Days - high speed internet - mobile data 5G compatible	0701HWKR0KG	NEW-ZEALAND-3GB-15D	40.99		2026-07-01 09:54:55 CEST		y	4			11				B0FR9NKXF5						8721438405596				AMAZON_EU	Inactive
Nicaragua eSIM 3GB 15Days	Nicaragua eSIM 3GB 15Days - high speed internet - mobile data 5G compatible	0701HWO3WYV	NICARAGUA-3GB-15D	60.99		2026-07-01 10:05:12 CEST		y	4			11				B0FRB33MPG						8721438405695				AMAZON_EU	Inactive
Niger eSIM 3GB 15Days	Niger eSIM 3GB 15Days - high speed internet - mobile data 5G compatible	0701HWO3JOL	NIGER-3GB-15D	75.99		2026-07-01 10:09:24 CEST		y	4			11				B0FR9NPT1H						8721438405718				AMAZON_EU	Inactive
North America eSIM 5GB 30Days	North America eSIM 5GB 30Days - high speed internet - mobile data 5G compatible	0701HWWXKKE	NORTH-AMERICA-5GB-30D	70.99		2026-07-01 10:17:53 CEST		y	4			11				B0FRBDQ8H5						8721438405794				AMAZON_EU	Inactive
North Macedonia eSIM 3GB 15Days	North Macedonia eSIM 3GB 15Days - high speed internet - mobile data 5G compatible	0701HWXI01G	NORTH-MACEDONIA-3GB-15D	40.99		2026-07-01 10:22:08 CEST		y	4			11				B0FRB59DJS						8721438405862				AMAZON_EU	Inactive
North Macedonia eSIM 5GB 30Days	North Macedonia eSIM 5GB 30Days - high speed internet - mobile data 5G compatible	0701HWRFPUK	NORTH-MACEDONIA-5GB-30D	60.99		2026-07-01 10:25:47 CEST		y	4			11				B0FR9WNHHX						8721438405879				AMAZON_EU	Inactive
Norway eSIM 20GB 30Days	Norway eSIM 20GB 30Days - high speed internet - mobile data 5G compatible	0701HWRQAPC	NORWAY-20GB-30D	65.99		2026-07-01 10:37:19 CEST		y	4			11				B0FRB572L8						8721438405930				AMAZON_EU	Inactive
Norway eSIM 3GB 15Days	Norway eSIM 3GB 15Days - high speed internet - mobile data 5G compatible	0701HWIKB4V	NORWAY-3GB-15D	35.99		2026-07-01 10:30:03 CEST		y	4			11				B0FR9WNK2H						8721438405893				AMAZON_EU	Inactive
Norway eSIM 5GB 30Days	Norway eSIM 5GB 30Days - high speed internet - mobile data 5G compatible	0701HWUIRJM	NORWAY-5GB-30D	40.99		2026-07-01 10:33:41 CEST		y	4			11				B0FRBNPZ9D						8721438405916				AMAZON_EU	Inactive
Oman eSIM 3GB 15Days	Oman eSIM 3GB 15Days - high speed internet - mobile data 5G compatible	0701HWIU6XZ	OMAN-3GB-15D	50.99		2026-07-01 10:41:35 CEST		y	4			11				B0FRB4BL4W						8721438405978				AMAZON_EU	Inactive
Pakistan eSIM 3GB 15Days	Pakistan eSIM 3GB 15Days - high speed internet - mobile data 5G compatible	0701HX2ALAI	PAKISTAN-3GB-15D	35.99		2026-07-01 10:49:30 CEST		y	4			11				B0FRB4HL3B						8721438406012				AMAZON_EU	Inactive
Panama eSIM 3GB 15Days	Panama eSIM 3GB 15Days - high speed internet - mobile data 5G compatible	0701HWV5N0L	PANAMA-3GB-15D	75.99		2026-07-01 11:01:03 CEST		y	4			11				B0FRB3VFW6						8721438406074				AMAZON_EU	Inactive
Peru eSIM 20GB 30Days	Peru eSIM 20GB 30Days - high speed internet - mobile data 5G compatible	0630HTOE5GC	PERU-20GB-30D	180.99		2026-06-30 13:21:13 CEST		y	4			11				B0H6M8BLBD						8721438406128				AMAZON_EU	Inactive
Peru eSIM 3GB 15Days	Peru eSIM 3GB 15Days - high speed internet - mobile data 5G compatible	0630HTQIJ9L	PERU-3GB-15D	60.99		2026-06-30 13:17:38 CEST		y	4			11				B0H6M5WW3B						8721438406111				AMAZON_EU	Inactive
Qatar eSIM 3GB 15Days	Qatar eSIM 3GB 15Days - high speed internet - mobile data 5G compatible	0701HXH9DQP	QATAR-3GB-15D	45.99		2026-07-01 11:52:21 CEST		y	4			11				B0FR9NXH43						8721438406418				AMAZON_EU	Inactive
Reunion eSIM 3GB 15Days	Reunion eSIM 3GB 15Days - high speed internet - mobile data 5G compatible	0701HXEF1BQ	REUNION-3GB-15D	35.99		2026-07-01 12:03:57 CEST		y	4			11				B0FRB3KCNQ						8721438406470				AMAZON_EU	Inactive
Reunion eSIM 5GB 30Days	Reunion eSIM 5GB 30Days - high speed internet - mobile data 5G compatible	0701HXERHDM	REUNION-5GB-30D	40.99		2026-07-01 12:07:38 CEST		y	4			11				B0FRB47TQW						8721438406487				AMAZON_EU	Inactive
Romania eSIM 20GB 30Days	Romania eSIM 20GB 30Days - high speed internet - mobile data 5G compatible	0630HUJJ9EL	ROMANIA-20GB-30D	65.99		2026-06-30 19:57:17 CEST		y	4			11				B0H6MGRC1F						8721438409525				AMAZON_EU	Inactive
Romania eSIM 5GB 30Days	Romania eSIM 5GB 30Days - high speed internet - mobile data 5G compatible	0630HUJCFYO	ROMANIA-5GB-30D	40.99		2026-06-30 19:54:20 CEST		y	4			11				B0H6MFVLCB						8721438409518				AMAZON_EU	Inactive
Russia eSIM 20GB 30Days	Russia eSIM 20GB 30Days - high speed internet - mobile data 5G compatible	0630HUL8DV5	RUSSIA-20GB-30D	100.99		2026-06-30 20:06:52 CEST		y	4			11				B0H6MDSLNC						8721438409556				AMAZON_EU	Inactive
Russia eSIM 3GB 15Days	Russia eSIM 3GB 15Days - high speed internet - mobile data 5G compatible	0630HU99Y87	RUSSIA-3GB-15D	40.99		2026-06-30 20:00:28 CEST		y	4			11				B0H6MDNPC8						8721438409532				AMAZON_EU	Inactive
Russia eSIM 5GB 30Days	Russia eSIM 5GB 30Days - high speed internet - mobile data 5G compatible	0630HU9AET8	RUSSIA-5GB-30D	60.99		2026-06-30 20:03:56 CEST		y	4			11				B0H6MLHHB2						8721438409549				AMAZON_EU	Inactive
Saint Kitts and Nevis eSIM 20GB 30Days	Saint Kitts and Nevis eSIM 20GB 30Days - high speed internet - mobile data 5G compatible	0630HUMDRYY	SAINT-KITTS-AND-NEVIS-20GB-30D	446.99		2026-06-30 20:36:10 CEST		y	4			11				B0H6MJQSR4						8721438409648				AMAZON_EU	Inactive
Saint Kitts and Nevis eSIM 3GB 15Days	Saint Kitts and Nevis eSIM 3GB 15Days - high speed internet - mobile data 5G compatible	0630HUJEGEX	SAINT-KITTS-AND-NEVIS-3GB-15D	125.99		2026-06-30 20:29:46 CEST		y	4			11				B0H6MDHJ2B						8721438409624				AMAZON_EU	Inactive
Saint Kitts and Nevis eSIM 5GB 30Days	Saint Kitts and Nevis eSIM 5GB 30Days - high speed internet - mobile data 5G compatible	0630HUFKRGV	SAINT-KITTS-AND-NEVIS-5GB-30D	165.99		2026-06-30 20:32:42 CEST		y	4			11				B0H6MBK615						8721438409631				AMAZON_EU	Inactive
Saint Lucia eSIM 5GB 30Days	Saint Lucia eSIM 5GB 30Days - high speed internet - mobile data 5G compatible	0630HULJPPA	SAINT-LUCIA-5GB-30D	165.99		2026-06-30 20:42:17 CEST		y	4			11				B0H6MGBXNV						8721438409662				AMAZON_EU	Inactive
Saint Martin eSIM 20GB 30Days	Saint Martin eSIM 20GB 30Days - high speed internet - mobile data 5G compatible	0630HUKLAGB	SAINT-MARTIN-20GB-30D	70.99		2026-06-30 20:54:58 CEST		y	4			11				B0H6MF7K64						8721438409709				AMAZON_EU	Inactive
Saint Martin eSIM 3GB 15Days	Saint Martin eSIM 3GB 15Days - high speed internet - mobile data 5G compatible	0630HUO8GGA	SAINT-MARTIN-3GB-15D	35.99		2026-06-30 20:48:44 CEST		y	4			11				B0H6MDB2CN						8721438409686				AMAZON_EU	Inactive
Saint Martin eSIM 5GB 30Days	Saint Martin eSIM 5GB 30Days - high speed internet - mobile data 5G compatible	0630HUMGQJY	SAINT-MARTIN-5GB-30D	40.99		2026-06-30 20:52:01 CEST		y	4			11				B0H6MC37Q1						8721438409693				AMAZON_EU	Inactive
Saint Vincent and the Grenadines eSIM 5GB 30Days	Saint Vincent and the Grenadines eSIM 5GB 30Days - high speed internet - mobile data 5G compatible	0630HUMXLH1	SAINT-VINCENT-AND-THE-GRENADINES-5GB-30D	200.99		2026-06-30 21:01:37 CEST		y	4			11				B0H6MJXH8Z						8721438409723				AMAZON_EU	Inactive
Samoa eSIM 3GB 15Days	Samoa eSIM 3GB 15Days - high speed internet - mobile data 5G compatible	0630HUMOAEX	SAMOA-3GB-15D	250.99		2026-06-30 21:09:41 CEST		y	4			11				B0H6MGJ45S						8721438409747				AMAZON_EU	Inactive
San Marino eSIM 20GB 30Days	San Marino eSIM 20GB 30Days - high speed internet - mobile data 5G compatible	0630HUR9RHF	SAN-MARINO-20GB-30D	70.99		2026-06-30 21:25:39 CEST		y	4			11				B0H6MDHJFJ						8721438409792				AMAZON_EU	Inactive
San Marino eSIM 3GB 15Days	San Marino eSIM 3GB 15Days - high speed internet - mobile data 5G compatible	0630HURAOWQ	SAN-MARINO-3GB-15D	35.99		2026-06-30 21:19:16 CEST		y	4			11				B0H6MG33GL						8721438409778				AMAZON_EU	Inactive
San Marino eSIM 5GB 30Days	San Marino eSIM 5GB 30Days - high speed internet - mobile data 5G compatible	0630HULRO3Z	SAN-MARINO-5GB-30D	40.99		2026-06-30 21:22:23 CEST		y	4			11				B0H6ML6C38						8721438409785				AMAZON_EU	Inactive
Saudi Arabia eSIM 20GB 30Days	Saudi Arabia eSIM 20GB 30Days - high speed internet - mobile data 5G compatible	0701HXLI9I4	SAUDI-ARABIA-20GB-30D	145.99		2026-07-01 12:19:14 CEST		y	4			11				B0FRB5PZTS						8721438406548				AMAZON_EU	Inactive
Saudi Arabia eSIM 3GB 15Days	Saudi Arabia eSIM 3GB 15Days - high speed internet - mobile data 5G compatible	0701HXC3AP0	SAUDI-ARABIA-3GB-15D	50.99		2026-07-01 12:11:53 CEST		y	4			11				B0FRB3N2KL						8721438406500				AMAZON_EU	Inactive
Saudi Arabia eSIM 5GB 30Days	Saudi Arabia eSIM 5GB 30Days - high speed internet - mobile data 5G compatible	0701HXCJ5YM	SAUDI-ARABIA-5GB-30D	60.99		2026-07-01 12:15:34 CEST		y	4			11				B0FRB1SRZY						8721438406524				AMAZON_EU	Inactive
Serbia eSIM 20GB 30Days	Serbia eSIM 20GB 30Days - high speed internet - mobile data 5G compatible	0701HXFU671	SERBIA-20GB-30D	90.99		2026-07-01 12:35:00 CEST		y	4			11				B0FRB5K8JC						8721438406616				AMAZON_EU	Inactive
Serbia eSIM 3GB 15Days	Serbia eSIM 3GB 15Days - high speed internet - mobile data 5G compatible	0701HXQJJAY	SERBIA-3GB-15D	35.99		2026-07-01 12:31:19 CEST		y	4			11				B0FRB5TJV2						8721438406593				AMAZON_EU	Inactive
Seychelles eSIM 3GB 15Days	Seychelles eSIM 3GB 15Days - high speed internet - mobile data 5G compatible	0701HXKLR6H	SEYCHELLES-3GB-15D	75.99		2026-07-01 12:39:17 CEST		y	4			11				B0FRB55T3H						8721438406630				AMAZON_EU	Inactive
Seychelles eSIM 5GB 30Days	Seychelles eSIM 5GB 30Days - high speed internet - mobile data 5G compatible	0701HXCY3TG	SEYCHELLES-5GB-30D	120.99		2026-07-01 12:42:57 CEST		y	4			11				B0FR9P7N6M						8721438406647				AMAZON_EU	Inactive
Singapur eSIM 3 GB 30 dni | Pay As You Go Data SIM | Łatwa konfiguracja | Podróżna karta SIM dla turystów i biznesu | Prędkości 3G/4G/5G		0327H11A5DX	SG_3_30	53.73		2026-03-27 11:52:08 CET		y	1			11				B0FRB3KY59						B0FRB3KY59				AMAZON_EU	Inactive
Sierra Leone eSIM 3GB 15Days	Sierra Leone eSIM 3GB 15Days - high speed internet - mobile data 5G compatible	0630HULVCOG	SIERRA-LEONE-3GB-15D	115.99		2026-06-30 21:29:34 CEST		y	4			11				B0H6MHPWKP						8721438409808				AMAZON_EU	Inactive
Sierra Leone eSIM 5GB 30Days	Sierra Leone eSIM 5GB 30Days - high speed internet - mobile data 5G compatible	0630HUOUH06	SIERRA-LEONE-5GB-30D	145.99		2026-06-30 21:32:20 CEST		y	4			11				B0H6MBK6HZ						8721438409815				AMAZON_EU	Inactive
Slovakia eSIM 5GB 30Days	Slovakia eSIM 5GB 30Days - high speed internet - mobile data 5G compatible	0701HXGA3OC	SLOVAKIA-5GB-30D	40.99		2026-07-01 12:58:36 CEST		y	4			11				B0FRB2X84M						8721438406784				AMAZON_EU	Inactive
Slovenia eSIM 3GB 15Days	Slovenia eSIM 3GB 15Days - high speed internet - mobile data 5G compatible	0701HXDAUYD	SLOVENIA-3GB-15D	35.99		2026-07-01 13:06:16 CEST		y	4			11				B0FR9XCF27						8721438406838				AMAZON_EU	Inactive
Slovenia eSIM 5GB 30Days	Slovenia eSIM 5GB 30Days - high speed internet - mobile data 5G compatible	0701HXNUISJ	SLOVENIA-5GB-30D	40.99		2026-07-01 13:09:57 CEST		y	4			11				B0FRB3SJMR						8721438406852				AMAZON_EU	Inactive
South America eSIM 5GB 30Days	South America eSIM 5GB 30Days - high speed internet - mobile data 5G compatible	0701HXGP4JF	SOUTH-AMERICA-5GB-30D	90.99		2026-07-01 13:22:09 CEST		y	4			11				B0FRB8D7HC						8721438406968				AMAZON_EU	Inactive
South Korea eSIM 20GB 30Days	South Korea eSIM 20GB 30Days - high speed internet - mobile data 5G compatible	0701HXH0VVR	SOUTH-KOREA-20GB-30D	65.99		2026-07-01 13:33:47 CEST		y	4			11				B0FRC4P51Z						8721438407019				AMAZON_EU	Inactive
South Korea eSIM 5GB 30Days	South Korea eSIM 5GB 30Days - high speed internet - mobile data 5G compatible	0701HXR72P5	SOUTH-KOREA-5GB-30D	40.99		2026-07-01 13:30:07 CEST		y	4			11				B0FRD9LC4C						8721438406999				AMAZON_EU	Inactive
Spain eSIM 20GB 30Days	Spain eSIM 20GB 30Days - high speed internet - mobile data 5G compatible	0701HXMWZIG	SPAIN-20GB-30D	65.99		2026-07-01 13:45:27 CEST		y	4			11				B0FRCMPGPL						8721438407132				AMAZON_EU	Inactive
Sri Lanka eSIM 20GB 30Days	Sri Lanka eSIM 20GB 30Days - high speed internet - mobile data 5G compatible	0701HXPVLRB	SRI-LANKA-20GB-30D	120.99		2026-07-01 13:57:04 CEST		y	4			11				B0FRC2DZN5						8721438407231				AMAZON_EU	Inactive
Sri Lanka eSIM 3GB 15Days	Sri Lanka eSIM 3GB 15Days - high speed internet - mobile data 5G compatible	0701HXT0IWU	SRI-LANKA-3GB-15D	45.99		2026-07-01 13:49:44 CEST		y	4			11				B0FRB7Z1NW						8721438407194				AMAZON_EU	Inactive
Sri Lanka eSIM 5GB 30Days	Sri Lanka eSIM 5GB 30Days - high speed internet - mobile data 5G compatible	0701HXSUA3H	SRI-LANKA-5GB-30D	55.99		2026-07-01 13:53:25 CEST		y	4			11				B0FRB64B8M						8721438407217				AMAZON_EU	Inactive
Suriname eSIM 5GB 30Days	Suriname eSIM 5GB 30Days - high speed internet - mobile data 5G compatible	0630HUR6EV8	SURINAME-5GB-30D	140.99		2026-06-30 21:42:03 CEST		y	4			11				B0H6MNS3N5						8721438409846				AMAZON_EU	Inactive
Saint Vincent and the Grenadines eSIM 20GB 30Days	Saint Vincent and the Grenadines eSIM 20GB 30Days - high speed internet - mobile data 5G compatible	0630HUPP9IT	SVG-20GB-30D	541.99		2026-06-30 21:05:28 CEST		y	4			11				B0H6MWF5B5						8721438409730				AMAZON_EU	Inactive
Sweden eSIM 20GB 30Days	Sweden eSIM 20GB 30Days - high speed internet - mobile data 5G compatible	0701HXQDN7R	SWEDEN-20GB-30D	65.99		2026-07-01 14:16:19 CEST		y	4			11				B0FRB7X5SP						8721438407408				AMAZON_EU	Inactive
Sweden eSIM 3GB 15Days	Sweden eSIM 3GB 15Days - high speed internet - mobile data 5G compatible	0701HXVOAJN	SWEDEN-3GB-15D	35.99		2026-07-01 14:08:58 CEST		y	4			11				B0FRCC6W9S						8721438407361				AMAZON_EU	Inactive
Sweden eSIM 5GB 30Days	Sweden eSIM 5GB 30Days - high speed internet - mobile data 5G compatible	0701HXN8L19	SWEDEN-5GB-30D	40.99		2026-07-01 14:12:38 CEST		y	4			11				B0FRCS524D						8721438407385				AMAZON_EU	Inactive
Switzerland eSIM 20GB 30Days	Switzerland eSIM 20GB 30Days - high speed internet - mobile data 5G compatible	0701HXVT2R2	SWITZERLAND-20GB-30D	65.99		2026-07-01 14:28:01 CEST		y	4			11				B0FRB6VY7S						8721438407460				AMAZON_EU	Inactive
Switzerland eSIM 3GB 15Days	Switzerland eSIM 3GB 15Days - high speed internet - mobile data 5G compatible	0701HXWEIDH	SWITZERLAND-3GB-15D	35.99		2026-07-01 14:20:36 CEST		y	4			11				B0FRB5LFVC						8721438407422				AMAZON_EU	Inactive
Switzerland eSIM 5GB 30Days	Switzerland eSIM 5GB 30Days - high speed internet - mobile data 5G compatible	0701HXWTLSO	SWITZERLAND-5GB-30D	40.99		2026-07-01 14:24:20 CEST		y	4			11				B0FRB7G4VW						8721438407446				AMAZON_EU	Inactive
Tajikistan eSIM 3GB 15Days	Tajikistan eSIM 3GB 15Days - high speed internet - mobile data 5G compatible	0630HUPJ1M8	TAJIKISTAN-3GB-15D	65.99		2026-06-30 21:49:01 CEST		y	4			11				B0H6M7XFN6						8721438409860				AMAZON_EU	Inactive
Tanzania eSIM 3GB 15Days	Tanzania eSIM 3GB 15Days - high speed internet - mobile data 5G compatible	0701HXXDYIR	TANZANIA-3GB-15D	70.99		2026-07-01 14:32:18 CEST		y	4			11				B0FRC81NPJ						8721438407491				AMAZON_EU	Inactive
Thailand eSIM 20GB 30Days	Thailand eSIM 20GB 30Days - high speed internet - mobile data 5G compatible	0701HXZHCA7	THAILAND-20GB-30D	65.99		2026-07-01 14:43:55 CEST		y	4			11				B0FRCHW3MW						8721438407552				AMAZON_EU	Inactive
Thailand eSIM 3GB 15Days	Thailand eSIM 3GB 15Days - high speed internet - mobile data 5G compatible	0701HXXF5BU	THAILAND-3GB-15D	35.99		2026-07-01 14:36:34 CEST		y	4			11				B0FRCDPJSH						8721438407514				AMAZON_EU	Inactive
Thailand eSIM 5GB 30Days	Thailand eSIM 5GB 30Days - high speed internet - mobile data 5G compatible	0701HXXITH1	THAILAND-5GB-30D	40.99		2026-07-01 14:40:15 CEST		y	4			11				B0FR9Q5D1J						8721438407538				AMAZON_EU	Inactive
Thailand eSIM 20GB 30Days		0325HSDDTK7	TH_20_30	94.73		2026-03-25 10:02:38 CET		y	1			11				B0FRCHW3MW						B0FRCHW3MW				AMAZON_EU	Inactive
Thailand eSIM 5GB 30Days		0325HSPZ1OX	TH_5_30	35.25		2026-03-25 13:19:42 CET		y	1			11				B0FR9Q5D1J						B0FR9Q5D1J				AMAZON_EU	Inactive
Tunisia eSIM 10 GB 30 dni | Prepaid Travel eSIM | Pay As You Go Digital SIM | Łatwa konfiguracja | Data SIM dla turystów i firm | Prędkości 3G/4G		0325HT1BW6G	TN_10_30	93.15		2026-03-25 14:54:14 CET		y	1			11				B0FRB85GLD						B0FRB85GLD				AMAZON_EU	Inactive
Tunisia eSIM 5GB 30Days		0325HS4NY05	TN_5_30	55.57		2026-03-25 09:42:30 CET		y	1			11				B0FRB7Q96Z						B0FRB7Q96Z				AMAZON_EU	Inactive
Tunisia eSIM 5GB 30Days	Tunisia eSIM 5GB 30Days - high speed internet - mobile data 5G compatible	0701HXZVNP0	TUNISIA-5GB-30D	50.99		2026-07-01 14:48:10 CEST		y	4			11				B0FRB7Q96Z						8721438407644				AMAZON_EU	Inactive
Turkey eSIM 20GB 30Days	Turkey eSIM 20GB 30Days - high speed internet - mobile data 5G compatible	0701HY06MYV	TURKEY-20GB-30D	75.99		2026-07-01 14:59:47 CEST		y	4			11				B0FRCYMWCX						8721438407729				AMAZON_EU	Inactive
Turkey eSIM 3GB 15Days	Turkey eSIM 3GB 15Days - high speed internet - mobile data 5G compatible	0701HXXZYE2	TURKEY-3GB-15D	35.99		2026-07-01 14:52:26 CEST		y	4			11				B0FRC2PSHM						8721438407682				AMAZON_EU	Inactive
Turkey eSIM 5GB 30Days	Turkey eSIM 5GB 30Days - high speed internet - mobile data 5G compatible	0701HXZLFEF	TURKEY-5GB-30D	35.99		2026-07-01 14:56:07 CEST		y	4			11				B0FRCBZ1BB						8721438407705				AMAZON_EU	Inactive
Turks and Caicos Islands eSIM 3GB 15Days	Turks and Caicos Islands eSIM 3GB 15Days - high speed internet - mobile data 5G compatible	0630HURHF0G	TURKS-AND-CAICOS-ISLANDS-3GB-15D	100.99		2026-06-30 22:09:10 CEST		y	4			11				B0H6MNNXGL						8721438409921				AMAZON_EU	Inactive
Turks and Caicos Islands eSIM 5GB 30Days	Turks and Caicos Islands eSIM 5GB 30Days - high speed internet - mobile data 5G compatible	0630HUSE5LY	TURKS-AND-CAICOS-ISLANDS-5GB-30D	125.99		2026-06-30 22:12:38 CEST		y	4			11				B0H6MLH1KM						8721438409938				AMAZON_EU	Inactive
Tanzania eSIM 3GB 15Days		0325HRZ9SYZ	TZ_3_15	109.04		2026-03-25 09:23:40 CET		y	1			11				B0FRC81NPJ						B0FRC81NPJ				AMAZON_EU	Inactive
Uganda eSIM 3GB 15Days	Uganda eSIM 3GB 15Days - high speed internet - mobile data 5G compatible	0701HXZM3F7	UGANDA-3GB-15D	80.99		2026-07-01 15:03:41 CEST		y	4			11				B0FRB7F7Z9						8721438407798				AMAZON_EU	Inactive
Ukraine eSIM 3GB 15Days	Ukraine eSIM 3GB 15Days - high speed internet - mobile data 5G compatible	0701HY64FDR	UKRAINE-3GB-15D	35.99		2026-07-01 15:07:57 CEST		y	4			11				B0FRB9SBFR						8721438407811				AMAZON_EU	Inactive
Ukraine eSIM 5GB 30Days	Ukraine eSIM 5GB 30Days - high speed internet - mobile data 5G compatible	0701HY66RL1	UKRAINE-5GB-30D	40.99		2026-07-01 15:11:38 CEST		y	4			11				B0FRC2NRKG						8721438407835				AMAZON_EU	Inactive
Stany Zjednoczone eSIM 20 GB 90 dni | Pay As You Go Data SIM | Łatwa konfiguracja | USA Travel SIM dla turystów i biznesu | Prędkości 3G/4G		0325HS194RB	US_20_90	106.76		2026-03-25 09:24:23 CET		y	1			11				B0FRB9JP2K						B0FRB9JP2K				AMAZON_EU	Inactive
Uzbekistan eSIM 5GB 30Days	Uzbekistan eSIM 5GB 30Days - high speed internet - mobile data 5G compatible	0701HYGBWH2	UZBEKISTAN-5GB-30D	40.99		2026-07-01 15:51:16 CEST		y	4			11				B0FRBWFZ6M						8721438408221				AMAZON_EU	Inactive
Vatican City eSIM 20GB 30Days	Vatican City eSIM 20GB 30Days - high speed internet - mobile data 5G compatible	0630HUUCFU0	VATICAN-CITY-20GB-30D	65.99		2026-06-30 22:25:20 CEST		y	4			11				B0H6MDPLZ9						8721438409976				AMAZON_EU	Inactive
Vatican City eSIM 3GB 15Days	Vatican City eSIM 3GB 15Days - high speed internet - mobile data 5G compatible	0630HUT9V4Y	VATICAN-CITY-3GB-15D	35.99		2026-06-30 22:19:05 CEST		y	4			11				B0H6MBMF8G						8721438409952				AMAZON_EU	Inactive
Vatican City eSIM 5GB 30Days	Vatican City eSIM 5GB 30Days - high speed internet - mobile data 5G compatible	0630HUTRPB7	VATICAN-CITY-5GB-30D	40.99		2026-06-30 22:22:02 CEST		y	4			11				B0H6M7YXNP						8721438409969				AMAZON_EU	Inactive
Vietnam eSIM 20GB 30Days	Vietnam eSIM 20GB 30Days - high speed internet - mobile data 5G compatible	0701HYFRJ6K	VIETNAM-20GB-30D	95.99		2026-07-01 16:02:52 CEST		y	4			11				B0FRC2NKC4						8721438408283				AMAZON_EU	Inactive
Vietnam eSIM 3GB 15Days	Vietnam eSIM 3GB 15Days - high speed internet - mobile data 5G compatible	0701HYAV5R2	VIETNAM-3GB-15D	35.99		2026-07-01 15:55:32 CEST		y	4			11				B0FRBR2DHW						8721438408252				AMAZON_EU	Inactive
Vietnam eSIM 5GB 30Days	Vietnam eSIM 5GB 30Days - high speed internet - mobile data 5G compatible	0701HYADPZ6	VIETNAM-5GB-30D	45.99		2026-07-01 15:59:12 CEST		y	4			11				B0FRCBXRGV						8721438408269				AMAZON_EU	Inactive
Zambia eSIM 3GB 15Days	Zambia eSIM 3GB 15Days - high speed internet - mobile data 5G compatible	0701HYAAUSJ	ZAMBIA-3GB-15D	75.99		2026-07-01 16:07:08 CEST		y	4			11				B0FRC2NSM2						8721438408344				AMAZON_EU	Inactive
Republika Południowej Afryki eSIM 10 GB 30 dni | Prepaid Travel eSIM | Pay As You Go Digital SIM | Łatwa konfiguracja | Data SIM dla turystów i firm | Prędkości 3G/4G		0325HSFG3GY	ZA_10_30	137.56		2026-03-25 10:49:11 CET		y	1			11				B0FRB4RSW2						B0FRB4RSW2				AMAZON_EU	Inactive
Aaland Islands eSIM 3GB 15Days	Aaland Islands eSIM 3GB 15Days - high speed internet - mobile data 5G compatible	0630HUVQSGR	AALAND-ISLANDS-ESIM		0	2026-06-30 22:38:33 CEST		y	1			11				B0H73KNW32						B0H73KNW32			0	DEFAULT	Incomplete
Zjednoczone Emiraty Arabskie eSIM 5 GB 30 dni | Pay As You Go Data SIM | Łatwa konfiguracja | Podróżna karta SIM dla turystów i biznesu | Prędkości 3G/4G		0325HR47NZ8	AE_5_30			2026-03-25 06:09:38 CET		y	1			11				B0FRB89XHX						B0FRB89XHX				AMAZON_EU	Incomplete
Africa eSIM 5GB 30Days	Africa eSIM 5GB 30Days - high speed internet - mobile data 5G compatible	0630HV1YH5D	AFRICA-ESIM		0	2026-06-30 22:48:27 CEST		y	1			11				B0H73MFPXN						B0H73MFPXN			0	DEFAULT	Incomplete
Albania eSIM 5GB 30Days	Albania eSIM 5GB 30Days - high speed internet - mobile data 5G compatible	0630HUW02HZ	ALBANIA-ESIM		0	2026-06-30 22:52:18 CEST		y	1			11				B0H73KB7MB						B0H73KB7MB			0	DEFAULT	Incomplete
Algeria eSIM 3GB 15Days	Algeria eSIM 3GB 15Days - high speed internet - mobile data 5G compatible	0630HTFORF6	ALGERIA-ESIM		0	2026-06-30 13:25:16 CEST		y	1			11				B0H71WQ2K4						B0H71WQ2K4			0	DEFAULT	Incomplete
Andorra eSIM 20GB 30Days	Andorra eSIM 20GB 30Days - high speed internet - mobile data 5G compatible	0630HTCJAVQ	ANDORRA-ESIM		0	2026-06-30 13:37:09 CEST		y	1			11				B0H71ZR46N						B0H71ZR46N			0	DEFAULT	Incomplete
Angola eSIM 5GB 30Days	Angola eSIM 5GB 30Days - high speed internet - mobile data 5G compatible	0630HTIZATN	ANGOLA-ESIM		0	2026-06-30 13:47:58 CEST		y	1			11				B0H725GRG2						B0H725GRG2			0	DEFAULT	Incomplete
Anguilla eSIM 20GB 30Days	Anguilla eSIM 20GB 30Days - high speed internet - mobile data 5G compatible	0630HTOST68	ANGUILLA-ESIM		0	2026-06-30 14:30:48 CEST		y	1			11				B0H71TNSZY						B0H71TNSZY			0	DEFAULT	Incomplete
Antigua and Barbuda eSIM 5GB 30Days	Antigua and Barbuda eSIM 5GB 30Days - high speed internet - mobile data 5G compatible	0630HTJECT8	ANTIGUA-AND-BARBUDA-ESIM		0	2026-06-30 14:33:38 CEST		y	1			11				B0H725B732						B0H725B732			0	DEFAULT	Incomplete
Argentina eSIM 20GB 30Days	Argentina eSIM 20GB 30Days - high speed internet - mobile data 5G compatible	0630HUZ8QNC	ARGENTINA-ESIM		0	2026-06-30 22:56:10 CEST		y	1			11				B0H7392X5T						B0H7392X5T			0	DEFAULT	Incomplete
Armenia eSIM 3GB 15Days	Armenia eSIM 3GB 15Days - high speed internet - mobile data 5G compatible	0630HUW3DYK	ARMENIA-ESIM		0	2026-06-30 23:02:58 CEST		y	1			11				B0H73MFC6N						B0H73MFC6N			0	DEFAULT	Incomplete
Asia-20 eSIM 3GB 15Days	Asia-20 eSIM 3GB 15Days - high speed internet - mobile data 5G compatible	0630HUYURMF	ASIA-20-ESIM		0	2026-06-30 23:09:57 CEST		y	1			11				B0H73GGR2Z						B0H73GGR2Z			0	DEFAULT	Incomplete
Australia eSIM 3GB 15Days	Australia eSIM 3GB 15Days - high speed internet - mobile data 5G compatible	0630HUVSJ39	AUSTRALIA-ESIM		0	2026-06-30 23:17:53 CEST		y	1			11				B0H72W6V2C						B0H72W6V2C			0	DEFAULT	Incomplete
Austria eSIM 3GB 15Days	Austria eSIM 3GB 15Days - high speed internet - mobile data 5G compatible	0630HV2MB5P	AUSTRIA-ESIM		0	2026-06-30 23:28:45 CEST		y	1			11				B0H73FFSZH						B0H73FFSZH			0	DEFAULT	Incomplete
Azerbaijan eSIM 3GB 15Days	Azerbaijan eSIM 3GB 15Days - high speed internet - mobile data 5G compatible	0630HUZZW3Z	AZERBAIJAN-ESIM		0	2026-06-30 23:38:52 CEST		y	1			11				B0H7371RWL						B0H7371RWL			0	DEFAULT	Incomplete
Bahamas eSIM 3GB 15Days	Bahamas eSIM 3GB 15Days - high speed internet - mobile data 5G compatible	0630HTLBCG7	BAHAMAS-ESIM		0	2026-06-30 14:43:55 CEST		y	1			11				B0H729HHF7						B0H729HHF7			0	DEFAULT	Incomplete
Bahrain eSIM 3GB 15Days	Bahrain eSIM 3GB 15Days - high speed internet - mobile data 5G compatible	0630HV2ILV7	BAHRAIN-ESIM		0	2026-06-30 23:42:45 CEST		y	1			11				B0H73TCCPY						B0H73TCCPY			0	DEFAULT	Incomplete
Bangladesh eSIM 3GB 15Days	Bangladesh eSIM 3GB 15Days - high speed internet - mobile data 5G compatible	0630HV8Q1LZ	BANGLADESH-ESIM		0	2026-06-30 23:46:37 CEST		y	1			11				B0H73FKWFQ						B0H73FKWFQ			0	DEFAULT	Incomplete
Barbados eSIM 3GB 15Days	Barbados eSIM 3GB 15Days - high speed internet - mobile data 5G compatible	0630HTTUIJ6	BARBADOS-ESIM		0	2026-06-30 14:54:23 CEST		y	1			11				B0H72D584L						B0H72D584L			0	DEFAULT	Incomplete
Belarus eSIM 3GB 15Days	Belarus eSIM 3GB 15Days - high speed internet - mobile data 5G compatible	0630HV4UN1L	BELARUS-ESIM		0	2026-06-30 23:55:51 CEST		y	1			11				B0H72W689T						B0H72W689T			0	DEFAULT	Incomplete
Belgium eSIM 3GB 15Days	Belgium eSIM 3GB 15Days - high speed internet - mobile data 5G compatible	0630HUWTTU3	BELGIUM-ESIM		0	2026-07-01 00:02:52 CEST		y	1			11				B0H72VLBPQ						B0H72VLBPQ			0	DEFAULT	Incomplete
Belize eSIM 20GB 30Days	Belize eSIM 20GB 30Days - high speed internet - mobile data 5G compatible	0630HTUCT5E	BELIZE-ESIM		0	2026-06-30 15:04:29 CEST		y	1			11				B0H729T3ZY						B0H729T3ZY			0	DEFAULT	Incomplete
Benin eSIM 20GB 30Days	Benin eSIM 20GB 30Days - high speed internet - mobile data 5G compatible	0630HTJXJHS	BENIN-ESIM		0	2026-06-30 15:14:46 CEST		y	1			11				B0H7227GF3						B0H7227GF3			0	DEFAULT	Incomplete
Bermuda eSIM 20GB 30Days	Bermuda eSIM 20GB 30Days - high speed internet - mobile data 5G compatible	0630HTPXH05	BERMUDA-ESIM		0	2026-06-30 15:24:47 CEST		y	1			11				B0H72FS2RS						B0H72FS2RS			0	DEFAULT	Incomplete
Bhutan eSIM 20GB 30Days	Bhutan eSIM 20GB 30Days - high speed internet - mobile data 5G compatible	0630HTYUJE2	BHUTAN-ESIM		0	2026-06-30 15:35:44 CEST		y	1			11				B0H724JX88						B0H724JX88			0	DEFAULT	Incomplete
Bolivia eSIM 20GB 30Days	Bolivia eSIM 20GB 30Days - high speed internet - mobile data 5G compatible	0630HV30GZ6	BOLIVIA-ESIM		0	2026-07-01 00:13:54 CEST		y	1			11				B0H72WLS5Q						B0H72WLS5Q			0	DEFAULT	Incomplete
Bosnia and Herzegovina eSIM 3GB 15Days	Bosnia and Herzegovina eSIM 3GB 15Days - high speed internet - mobile data 5G compatible	0630HV641J4	BOSNIA-AND-HERZEGOVINA-ESIM		0	2026-07-01 00:20:12 CEST		y	1			11				B0H73QBW4F						B0H73QBW4F			0	DEFAULT	Incomplete
Botswana eSIM 3GB 15Days	Botswana eSIM 3GB 15Days - high speed internet - mobile data 5G compatible	0630HV4T510	BOTSWANA-ESIM		0	2026-07-01 00:23:42 CEST		y	1			11				B0H73DTCP2						B0H73DTCP2			0	DEFAULT	Incomplete
Brazil eSIM 3GB 15Days	Brazil eSIM 3GB 15Days - high speed internet - mobile data 5G compatible	0630HUWYWWP	BRAZIL-ESIM		0	2026-07-01 00:27:14 CEST		y	1			11				B0H737HWLN						B0H737HWLN			0	DEFAULT	Incomplete
Brunei Darussalam eSIM 3GB 15Days	Brunei Darussalam eSIM 3GB 15Days - high speed internet - mobile data 5G compatible	0630HV6JXOK	BRUNEI-DARUSSALAM-ESIM		0	2026-07-01 00:33:20 CEST		y	1			11				B0H72VVVZG						B0H72VVVZG			0	DEFAULT	Incomplete
Bulgaria eSIM 3GB 15Days	Bulgaria eSIM 3GB 15Days - high speed internet - mobile data 5G compatible	0630HTNTKYX	BULGARIA-ESIM		0	2026-06-30 13:13:22 CEST		y	1			11				B0H71V963F						B0H71V963F			0	DEFAULT	Incomplete
Burkina Faso eSIM 5GB 30Days	Burkina Faso eSIM 5GB 30Days - high speed internet - mobile data 5G compatible	0630HV7XJRH	BURKINA-FASO-ESIM		0	2026-07-01 00:39:27 CEST		y	1			11				B0H73DBD8M						B0H73DBD8M			0	DEFAULT	Incomplete
Cambodia eSIM 3GB 15Days	Cambodia eSIM 3GB 15Days - high speed internet - mobile data 5G compatible	0630HUXL5LE	CAMBODIA-ESIM		0	2026-07-01 01:22:26 CEST		y	1			11				B0H73HT26D						B0H73HT26D			0	DEFAULT	Incomplete
Cameroon eSIM 3GB 15Days	Cameroon eSIM 3GB 15Days - high speed internet - mobile data 5G compatible	0630HV90DI9	CAMEROON-ESIM		0	2026-07-01 00:46:03 CEST		y	1			11				B0H73MDZVV						B0H73MDZVV			0	DEFAULT	Incomplete
Canada eSIM 3GB 15Days Premium	Canada eSIM 3GB 15Days Premium - high speed internet - mobile data 5G compatible	0630HUTKFCZ	CANADA-PREMIUM-ESIM		0	2026-06-30 22:28:48 CEST		y	1			11				B0H738XJ3Y						B0H738XJ3Y			0	DEFAULT	Incomplete
Cape Verde eSIM 20GB 30Days	Cape Verde eSIM 20GB 30Days - high speed internet - mobile data 5G compatible	0630HTYQIJW	CAPE-VERDE-ESIM		0	2026-06-30 15:46:32 CEST		y	1			11				B0H72FRLKC						B0H72FRLKC			0	DEFAULT	Incomplete
Cayman Islands eSIM 20GB 30Days	Cayman Islands eSIM 20GB 30Days - high speed internet - mobile data 5G compatible	0630HTXYMOJ	CAYMAN-ISLANDS-ESIM		0	2026-06-30 15:57:00 CEST		y	1			11				B0H725W8Z8						B0H725W8Z8			0	DEFAULT	Incomplete
Central African Republic eSIM 5GB 30Days	Central African Republic eSIM 5GB 30Days - high speed internet - mobile data 5G compatible	0630HV81CK7	CENTRAL-AFRICAN-REPUBLIC-ESIM		0	2026-07-01 00:50:04 CEST		y	1			11				B0H73G1NXP						B0H73G1NXP			0	DEFAULT	Incomplete
Chad eSIM 3GB 15Days	Chad eSIM 3GB 15Days - high speed internet - mobile data 5G compatible	0630HV613VV	CHAD-ESIM		0	2026-07-01 00:56:20 CEST		y	1			11				B0H72VTN6Q						B0H72VTN6Q			0	DEFAULT	Incomplete
Chile eSIM 3GB 15Days	Chile eSIM 3GB 15Days - high speed internet - mobile data 5G compatible	0630HV3LSDM	CHILE-ESIM		0	2026-07-01 01:03:09 CEST		y	1			11				B0H73JF4DH						B0H73JF4DH			0	DEFAULT	Incomplete
China eSIM 3GB 15Days	China eSIM 3GB 15Days - high speed internet - mobile data 5G compatible	0630HV6ARY9	CHINA-ESIM		0	2026-07-01 01:07:24 CEST		y	1			11				B0H73LYN8W						B0H73LYN8W			0	DEFAULT	Incomplete
Switzerland eSIM 20GB 30Days		0325HR489N8	CH_20_30			2026-03-25 06:23:33 CET		y	1			11				B0FRB6VY7S						B0FRB6VY7S				AMAZON_EU	Incomplete
Switzerland eSIM 5GB 30Days		0325HR1JSVY	CH_5_30			2026-03-25 06:16:35 CET		y	1			11				B0FRB7G4VW						B0FRB7G4VW				AMAZON_EU	Incomplete
Colombia eSIM 3GB 15Days	Colombia eSIM 3GB 15Days - high speed internet - mobile data 5G compatible	0630HV0RDN3	COLOMBIA-ESIM		0	2026-07-01 01:18:45 CEST		y	1			11				B0H73KK7F4						B0H73KK7F4			0	DEFAULT	Incomplete
Costa Rica eSIM 3GB 15Days	Costa Rica eSIM 3GB 15Days - high speed internet - mobile data 5G compatible	0630HV0TDM2	COSTA-RICA-ESIM		0	2026-07-01 01:29:03 CEST		y	1			11				B0H7378Q4K						B0H7378Q4K			0	DEFAULT	Incomplete
Cote d'Ivoire eSIM 3GB 15Days	Cote d'Ivoire eSIM 3GB 15Days - high speed internet - mobile data 5G compatible	0630HV0T953	COTE-D-IVOIRE-ESIM		0	2026-07-01 01:32:54 CEST		y	1			11				B0H72W7K93						B0H72W7K93			0	DEFAULT	Incomplete
Croatia eSIM 3GB 15Days	Croatia eSIM 3GB 15Days - high speed internet - mobile data 5G compatible	0630HV70LHA	CROATIA-ESIM		0	2026-07-01 01:40:34 CEST		y	1			11				B0H73DZG1K						B0H73DZG1K			0	DEFAULT	Incomplete
Curacao eSIM 20GB 30Days	Curacao eSIM 20GB 30Days - high speed internet - mobile data 5G compatible	0630HTZU2Y6	CURACAO-ESIM		0	2026-06-30 16:07:28 CEST		y	1			11				B0H722HXCK						B0H722HXCK			0	DEFAULT	Incomplete
Cyprus eSIM 3GB 15Days	Cyprus eSIM 3GB 15Days - high speed internet - mobile data 5G compatible	0630HUXO5LZ	CYPRUS-ESIM		0	2026-07-01 01:49:16 CEST		y	1			11				B0H73K7TDV						B0H73K7TDV			0	DEFAULT	Incomplete
Czech Republic eSIM 3GB 15Days	Czech Republic eSIM 3GB 15Days - high speed internet - mobile data 5G compatible	0630HV73RA9	CZECH-REPUBLIC-ESIM		0	2026-07-01 01:56:24 CEST		y	1			11				B0H73BVP6L						B0H73BVP6L			0	DEFAULT	Incomplete
Democratic Republic of the Congo eSIM 3GB 15Days	Democratic Republic of the Congo eSIM 3GB 15Days - high speed internet - mobile data 5G compatible	0630HU0NWJO	DEMOCRATIC-REPUBLIC-OF-THE-CONGO-ESIM		0	2026-06-30 16:17:34 CEST		y	1			11				B0H72CWBP6						B0H72CWBP6			0	DEFAULT	Incomplete
Denmark eSIM 3GB 15Days	Denmark eSIM 3GB 15Days - high speed internet - mobile data 5G compatible	0701HV93KTF	DENMARK-ESIM		0	2026-07-01 02:06:09 CEST		y	1			11				B0H73CLPNV						B0H73CLPNV			0	DEFAULT	Incomplete
Dominica eSIM 20GB 30Days	Dominica eSIM 20GB 30Days - high speed internet - mobile data 5G compatible	0630HU1J8DR	DOMINICA-ESIM		0	2026-06-30 16:28:16 CEST		y	1			11				B0H72D9162						B0H72D9162			0	DEFAULT	Incomplete
Dominican Republic eSIM 3GB 15Days	Dominican Republic eSIM 3GB 15Days - high speed internet - mobile data 5G compatible	0701HV78Z5H	DOMINICAN-REPUBLIC-ESIM		0	2026-07-01 02:15:42 CEST		y	1			11				B0H73GN6J9						B0H73GN6J9			0	DEFAULT	Incomplete
Democratic Republic of the Congo eSIM 20GB 30Days	Democratic Republic of the Congo eSIM 20GB 30Days - high speed internet - mobile data 5G compatible	0630HU0OVV9	DR-CONGO-ESIM		0	2026-06-30 16:24:34 CEST		y	1			11				B0H728J43H						B0H728J43H			0	DEFAULT	Incomplete
Ecuador eSIM 3GB 15Days	Ecuador eSIM 3GB 15Days - high speed internet - mobile data 5G compatible	0701HV994P7	ECUADOR-ESIM		0	2026-07-01 02:24:44 CEST		y	1			11				B0H73GX769						B0H73GX769			0	DEFAULT	Incomplete
Egypt eSIM 5GB 30Days	Egypt eSIM 5GB 30Days - high speed internet - mobile data 5G compatible	0701HV79IU8	EGYPT-ESIM		0	2026-07-01 02:28:59 CEST		y	1			11				B0H72WKB96						B0H72WKB96			0	DEFAULT	Incomplete
El Salvador eSIM 3GB 15Days	El Salvador eSIM 3GB 15Days - high speed internet - mobile data 5G compatible	0701HV4A4L9	EL-SALVADOR-ESIM		0	2026-07-01 02:38:25 CEST		y	1			11				B0H73KK92K						B0H73KK92K			0	DEFAULT	Incomplete
Estonia eSIM 3GB 15Days	Estonia eSIM 3GB 15Days - high speed internet - mobile data 5G compatible	0701HVEGH6Y	ESTONIA-ESIM		0	2026-07-01 02:42:07 CEST		y	1			11				B0H73M43X5						B0H73M43X5			0	DEFAULT	Incomplete
Europe(40+ areas) eSIM 5GB 30Days	Europe(40+ areas) eSIM 5GB 30Days - high speed internet - mobile data 5G compatible	0701HVAGUTY	EUROPE-40-AREAS-ESIM		0	2026-07-01 02:50:49 CEST		y	1			11				B0H735R4Q4						B0H735R4Q4			0	DEFAULT	Incomplete
Faroe Islands eSIM 3GB 15Days	Faroe Islands eSIM 3GB 15Days - high speed internet - mobile data 5G compatible	0630HU3380Y	FAROE-ISLANDS-ESIM		0	2026-06-30 16:38:03 CEST		y	1			11				B0H727P9Y1						B0H727P9Y1			0	DEFAULT	Incomplete
Fiji eSIM 20GB 30Days	Fiji eSIM 20GB 30Days - high speed internet - mobile data 5G compatible	0630HU67RJN	FIJI-ESIM		0	2026-06-30 16:47:38 CEST		y	1			11				B0H72LP36M						B0H72LP36M			0	DEFAULT	Incomplete
Finland eSIM 3GB 15Days	Finland eSIM 3GB 15Days - high speed internet - mobile data 5G compatible	0701HVEZXUB	FINLAND-ESIM		0	2026-07-01 02:57:27 CEST		y	1			11				B0H73KJZWT						B0H73KJZWT			0	DEFAULT	Incomplete
France eSIM 3GB 15Days	France eSIM 3GB 15Days - high speed internet - mobile data 5G compatible	0701HV4G50G	FRANCE-ESIM		0	2026-07-01 03:04:49 CEST		y	1			11				B0H737LTVJ						B0H737LTVJ			0	DEFAULT	Incomplete
French Guiana eSIM 3GB 15Days	French Guiana eSIM 3GB 15Days - high speed internet - mobile data 5G compatible	0630HU2536U	FRENCH-GUIANA-ESIM		0	2026-06-30 16:56:44 CEST		y	1			11				B0H7261BBC						B0H7261BBC			0	DEFAULT	Incomplete
French Polynesia eSIM 3GB 15Days	French Polynesia eSIM 3GB 15Days - high speed internet - mobile data 5G compatible	0630HU364DF	FRENCH-POLYNESIA-ESIM		0	2026-06-30 17:06:10 CEST		y	1			11				B0H72G2YV6						B0H72G2YV6			0	DEFAULT	Incomplete
Gabon eSIM 3GB 15Days	Gabon eSIM 3GB 15Days - high speed internet - mobile data 5G compatible	0701HV7O4S9	GABON-ESIM		0	2026-07-01 03:15:40 CEST		y	1			11				B0H735WVH8						B0H735WVH8			0	DEFAULT	Incomplete
Gambia eSIM 3GB 15Days	Gambia eSIM 3GB 15Days - high speed internet - mobile data 5G compatible	0701HYB7MK1	GAMBIA-ESIM		0	2026-07-01 16:15:00 CEST		y	1			11				B0H7652BJX						B0H7652BJX			0	DEFAULT	Incomplete
Wielka Brytania eSIM 20 GB 30 dni | Pay As You Go Data SIM | Łatwa konfiguracja | UK Travel SIM dla turystów i biznesu | Prędkości 3G/4G		0325HR8PIKY	GB_20_30			2026-03-25 06:09:29 CET		y	1			11				B0FRDGCBTN						B0FRDGCBTN				AMAZON_EU	Incomplete
Wielka Brytania eSIM 3 GB 15 dni | Pay As You Go Data SIM | Łatwa konfiguracja | UK Travel SIM dla turystów i biznesu | Prędkości 3G/4G/5G		0325HR5KHWP	GB_3_15			2026-03-25 06:15:17 CET		y	1			11				B0FRCPD8TS						B0FRCPD8TS				AMAZON_EU	Incomplete
Wielka Brytania eSIM 5 GB 30 dni | Pay As You Go Data SIM | Łatwa konfiguracja | UK Travel SIM dla turystów i biznesu | Prędkości 3G/4G		0325HR444XX	GB_5_30			2026-03-25 06:21:18 CET		y	1			11				B0FRDDRGJF						B0FRDDRGJF				AMAZON_EU	Incomplete
Georgia eSIM 3GB 15Days	Georgia eSIM 3GB 15Days - high speed internet - mobile data 5G compatible	0701HVD6PQ9	GEORGIA-ESIM		0	2026-07-01 03:19:21 CEST		y	1			11				B0H735VXF2						B0H735VXF2			0	DEFAULT	Incomplete
Germany eSIM 3GB 15Days	Germany eSIM 3GB 15Days - high speed internet - mobile data 5G compatible	0701HVCMSZA	GERMANY-ESIM		0	2026-07-01 03:26:40 CEST		y	1			11				B0H737PZS3						B0H737PZS3			0	DEFAULT	Incomplete
Ghana eSIM 20GB 30Days	Ghana eSIM 20GB 30Days - high speed internet - mobile data 5G compatible	0630HU6O8MF	GHANA-ESIM		0	2026-06-30 17:16:25 CEST		y	1			11				B0H7278QSX						B0H7278QSX			0	DEFAULT	Incomplete
Gibraltar eSIM 3GB 15Days	Gibraltar eSIM 3GB 15Days - high speed internet - mobile data 5G compatible	0701HVGSFNW	GIBRALTAR-ESIM		0	2026-07-01 03:37:31 CEST		y	1			11				B0H73MJL15						B0H73MJL15			0	DEFAULT	Incomplete
Global139 eSIM 5GB 30Days	Global139 eSIM 5GB 30Days - high speed internet - mobile data 5G compatible	0701HVFKM38	GLOBAL139-ESIM		0	2026-07-01 03:41:24 CEST		y	1			11				B0H73BJRZ5						B0H73BJRZ5			0	DEFAULT	Incomplete
Greece eSIM 3GB 15Days	Greece eSIM 3GB 15Days - high speed internet - mobile data 5G compatible	0701HVGI5NQ	GREECE-ESIM		0	2026-07-01 03:45:40 CEST		y	1			11				B0H73KQP4R						B0H73KQP4R			0	DEFAULT	Incomplete
Greenland eSIM 20GB 30Days	Greenland eSIM 20GB 30Days - high speed internet - mobile data 5G compatible	0630HUG4YTM	GREENLAND-ESIM		0	2026-06-30 17:25:50 CEST		y	1			11				B0H72G89WB						B0H72G89WB			0	DEFAULT	Incomplete
Grenada eSIM 20GB 30Days	Grenada eSIM 20GB 30Days - high speed internet - mobile data 5G compatible	0630HUA2DEB	GRENADA-ESIM		0	2026-06-30 17:36:05 CEST		y	1			11				B0H72KZXTT						B0H72KZXTT			0	DEFAULT	Incomplete
Guadeloupe eSIM 3GB 15Days	Guadeloupe eSIM 3GB 15Days - high speed internet - mobile data 5G compatible	0701HVB0BP3	GUADELOUPE-ESIM		0	2026-07-01 03:56:52 CEST		y	1			11				B0H73RZ88C						B0H73RZ88C			0	DEFAULT	Incomplete
Guam eSIM 3GB 15Days	Guam eSIM 3GB 15Days - high speed internet - mobile data 5G compatible	0701HVG99W6	GUAM-ESIM		0	2026-07-01 04:03:19 CEST		y	1			11				B0H73LNWXQ						B0H73LNWXQ			0	DEFAULT	Incomplete
Guatemala eSIM 3GB 15Days	Guatemala eSIM 3GB 15Days - high speed internet - mobile data 5G compatible	0701HVKH7P9	GUATEMALA-ESIM		0	2026-07-01 04:14:17 CEST		y	1			11				B0H73WRWRT						B0H73WRWRT			0	DEFAULT	Incomplete
Guernsey eSIM 3GB 15Days	Guernsey eSIM 3GB 15Days - high speed internet - mobile data 5G compatible	0701HVGZLSZ	GUERNSEY-ESIM		0	2026-07-01 04:17:42 CEST		y	1			11				B0H73R3D6B						B0H73R3D6B			0	DEFAULT	Incomplete
Guinea-Bissau eSIM 5GB 30Days	Guinea-Bissau eSIM 5GB 30Days - high speed internet - mobile data 5G compatible	0630HUARPAU	GUINEA-BISSAU-ESIM		0	2026-06-30 17:55:03 CEST		y	1			11				B0H72DW8HY						B0H72DW8HY			0	DEFAULT	Incomplete
Guinea eSIM 20GB 30Days	Guinea eSIM 20GB 30Days - high speed internet - mobile data 5G compatible	0630HU7W4RD	GUINEA-ESIM		0	2026-06-30 17:46:21 CEST		y	1			11				B0H72CNNS9						B0H72CNNS9			0	DEFAULT	Incomplete
Guyana eSIM 20GB 30Days	Guyana eSIM 20GB 30Days - high speed internet - mobile data 5G compatible	0630HUB6NSG	GUYANA-ESIM		0	2026-06-30 18:05:26 CEST		y	1			11				B0H727VYZK						B0H727VYZK			0	DEFAULT	Incomplete
Haiti eSIM 3GB 15Days	Haiti eSIM 3GB 15Days - high speed internet - mobile data 5G compatible	0630HUED2PP	HAITI-ESIM		0	2026-06-30 18:15:22 CEST		y	1			11				B0H72JZG5V						B0H72JZG5V			0	DEFAULT	Incomplete
Hajjj Package Luxury eSIM | Saudi Arabia Travel Data | Travel Guide Included | 3G/4G/5G Speeds	Premium Islamic Hajj eSIM package with 10GB data valid for 30 days. Includes Hajj Luxury Travel Guide and exclusive Saudi Arabian travel guides. Instant QR activation for use across Saudi Arabia.	0630HTLFZFG	HAJJ-LUXURY-ESIM		0	2026-06-30 13:08:57 CEST		y	1			11				B0H71PC226						B0H71PC226			0	DEFAULT	Incomplete
Honduras eSIM 3GB 15Days	Honduras eSIM 3GB 15Days - high speed internet - mobile data 5G compatible	0701HVKMT5N	HONDURAS-ESIM		0	2026-07-01 04:28:28 CEST		y	1			11				B0H73LPBLS						B0H73LPBLS			0	DEFAULT	Incomplete
Hong Kong eSIM 20GB 30Days	Hong Kong eSIM 20GB 30Days - high speed internet - mobile data 5G compatible	0701HVKQ9VL	HONG-KONG-ESIM		0	2026-07-01 04:32:42 CEST		y	1			11				B0H73S8K14						B0H73S8K14			0	DEFAULT	Incomplete
Hungary eSIM 3GB 15Days	Hungary eSIM 3GB 15Days - high speed internet - mobile data 5G compatible	0701HVNXB9J	HUNGARY-ESIM		0	2026-07-01 04:43:01 CEST		y	1			11				B0H73JXNKK						B0H73JXNKK			0	DEFAULT	Incomplete
Iceland eSIM 3GB 15Days	Iceland eSIM 3GB 15Days - high speed internet - mobile data 5G compatible	0701HVN87XO	ICELAND-ESIM		0	2026-07-01 04:53:05 CEST		y	1			11				B0H741DGVK						B0H741DGVK			0	DEFAULT	Incomplete
India eSIM 20GB 30Days	India eSIM 20GB 30Days - high speed internet - mobile data 5G compatible	0701HVR7VZ2	INDIA-ESIM		0	2026-07-01 05:03:42 CEST		y	1			11				B0H73PCDX9						B0H73PCDX9			0	DEFAULT	Incomplete
Indonesia eSIM 5GB 30Days	Indonesia eSIM 5GB 30Days - high speed internet - mobile data 5G compatible	0701HVRSXKA	INDONESIA-ESIM		0	2026-07-01 05:15:21 CEST		y	1			11				B0H7412XB2						B0H7412XB2			0	DEFAULT	Incomplete
Iraq eSIM 3GB 15Days	Iraq eSIM 3GB 15Days - high speed internet - mobile data 5G compatible	0630HU55IF7	IRAQ-ESIM		0	2026-06-30 18:25:08 CEST		y	1			11				B0H72CKJ6W						B0H72CKJ6W			0	DEFAULT	Incomplete
Ireland eSIM 3GB 15Days	Ireland eSIM 3GB 15Days - high speed internet - mobile data 5G compatible	0701HVXDT44	IRELAND-ESIM		0	2026-07-01 05:27:01 CEST		y	1			11				B0H74262MW						B0H74262MW			0	DEFAULT	Incomplete
Isle of Man eSIM 3GB 15Days	Isle of Man eSIM 3GB 15Days - high speed internet - mobile data 5G compatible	0701HVY4AEO	ISLE-OF-MAN-ESIM		0	2026-07-01 05:38:26 CEST		y	1			11				B0H73V2N4C						B0H73V2N4C			0	DEFAULT	Incomplete
Israel eSIM 3GB 15Days	Israel eSIM 3GB 15Days - high speed internet - mobile data 5G compatible	0701HVXQTIH	ISRAEL-ESIM		0	2026-07-01 05:49:24 CEST		y	1			11				B0H7424WNQ						B0H7424WNQ			0	DEFAULT	Incomplete
Italy eSIM 3GB 15Days	Italy eSIM 3GB 15Days - high speed internet - mobile data 5G compatible	0701HW4PXY9	ITALY-ESIM		0	2026-07-01 06:00:03 CEST		y	1			11				B0H73VN4D4						B0H73VN4D4			0	DEFAULT	Incomplete
Jamaica eSIM 20GB 30Days	Jamaica eSIM 20GB 30Days - high speed internet - mobile data 5G compatible	0630HU56Z8C	JAMAICA-ESIM		0	2026-06-30 18:34:41 CEST		y	1			11				B0H72C1HL5						B0H72C1HL5			0	DEFAULT	Incomplete
Japan eSIM 3GB 15Days	Japan eSIM 3GB 15Days - high speed internet - mobile data 5G compatible	0701HW0O1TT	JAPAN-ESIM		0	2026-07-01 06:11:43 CEST		y	1			11				B0H74JTZY3						B0H74JTZY3			0	DEFAULT	Incomplete
Jersey eSIM 3GB 15Days	Jersey eSIM 3GB 15Days - high speed internet - mobile data 5G compatible	0701HVXDBHQ	JERSEY-ESIM		0	2026-07-01 06:22:57 CEST		y	1			11				B0H744NXKQ						B0H744NXKQ			0	DEFAULT	Incomplete
Jordan eSIM 3GB 15Days	Jordan eSIM 3GB 15Days - high speed internet - mobile data 5G compatible	0701HVSYW7U	JORDAN-ESIM		0	2026-07-01 06:33:34 CEST		y	1			11				B0H74BKNQQ						B0H74BKNQQ			0	DEFAULT	Incomplete
Kazakhstan eSIM 3GB 15Days	Kazakhstan eSIM 3GB 15Days - high speed internet - mobile data 5G compatible	0701HVQ5NOG	KAZAKHSTAN-ESIM		0	2026-07-01 06:43:39 CEST		y	1			11				B0H747W99M						B0H747W99M			0	DEFAULT	Incomplete
Kenya eSIM 3GB 15Days	Kenya eSIM 3GB 15Days - high speed internet - mobile data 5G compatible	0701HVW5GA4	KENYA-ESIM		0	2026-07-01 06:54:19 CEST		y	1			11				B0H74HPLYP						B0H74HPLYP			0	DEFAULT	Incomplete
Kuwait eSIM 3GB 15Days	Kuwait eSIM 3GB 15Days - high speed internet - mobile data 5G compatible	0701HVQDI25	KUWAIT-ESIM		0	2026-07-01 07:01:40 CEST		y	1			11				B0H74FSVWW						B0H74FSVWW			0	DEFAULT	Incomplete
Kyrgyzstan eSIM 3GB 15Days	Kyrgyzstan eSIM 3GB 15Days - high speed internet - mobile data 5G compatible	0701HW4RA29	KYRGYZSTAN-ESIM		0	2026-07-01 07:11:44 CEST		y	1			11				B0H74FWBR6						B0H74FWBR6			0	DEFAULT	Incomplete
Laos eSIM 20GB 30Days	Laos eSIM 20GB 30Days - high speed internet - mobile data 5G compatible	0630HUENXPH	LAOS-ESIM		0	2026-06-30 18:43:54 CEST		y	1			11				B0H72FHB89						B0H72FHB89			0	DEFAULT	Incomplete
Latvia eSIM 3GB 15Days	Latvia eSIM 3GB 15Days - high speed internet - mobile data 5G compatible	0701HW1Z6HM	LATVIA-ESIM		0	2026-07-01 07:18:36 CEST		y	1			11				B0H74HDKWF						B0H74HDKWF			0	DEFAULT	Incomplete
Liberia eSIM 3GB 15Days	Liberia eSIM 3GB 15Days - high speed internet - mobile data 5G compatible	0701HW5MPNN	LIBERIA-ESIM		0	2026-07-01 07:28:01 CEST		y	1			11				B0H74N3287						B0H74N3287			0	DEFAULT	Incomplete
Libya eSIM 3GB 15Days	Libya eSIM 3GB 15Days - high speed internet - mobile data 5G compatible	0630HUBMMX9	LIBYA-ESIM		0	2026-06-30 18:52:48 CEST		y	1			11				B0H72FHBH5						B0H72FHBH5			0	DEFAULT	Incomplete
Liechtenstein eSIM 3GB 15Days	Liechtenstein eSIM 3GB 15Days - high speed internet - mobile data 5G compatible	0701HW2TMX0	LIECHTENSTEIN-ESIM		0	2026-07-01 07:35:09 CEST		y	1			11				B0H74QN2CD						B0H74QN2CD			0	DEFAULT	Incomplete
Lithuania eSIM 3GB 15Days	Lithuania eSIM 3GB 15Days - high speed internet - mobile data 5G compatible	0701HW2WO29	LITHUANIA-ESIM		0	2026-07-01 07:39:11 CEST		y	1			11				B0H74KGNBX						B0H74KGNBX			0	DEFAULT	Incomplete
Luxembourg eSIM 3GB 15Days	Luxembourg eSIM 3GB 15Days - high speed internet - mobile data 5G compatible	0701HW85HSS	LUXEMBOURG-ESIM		0	2026-07-01 07:49:59 CEST		y	1			11				B0H74L96XB						B0H74L96XB			0	DEFAULT	Incomplete
Macao eSIM 3GB 15Days	Macao eSIM 3GB 15Days - high speed internet - mobile data 5G compatible	0701HW638D5	MACAO-ESIM		0	2026-07-01 07:59:44 CEST		y	1			11				B0H74S4FF2						B0H74S4FF2			0	DEFAULT	Incomplete
Madagascar eSIM 3GB 15Days	Madagascar eSIM 3GB 15Days - high speed internet - mobile data 5G compatible	0701HW8DD4W	MADAGASCAR-ESIM		0	2026-07-01 08:09:28 CEST		y	1			11				B0H74LYJXY						B0H74LYJXY			0	DEFAULT	Incomplete
Malawi eSIM 3GB 15Days	Malawi eSIM 3GB 15Days - high speed internet - mobile data 5G compatible	0701HWAXJ1A	MALAWI-ESIM		0	2026-07-01 08:12:49 CEST		y	1			11				B0H748PX41						B0H748PX41			0	DEFAULT	Incomplete
Malaysia eSIM 3GB 15Days	Malaysia eSIM 3GB 15Days - high speed internet - mobile data 5G compatible	0701HWAFCGK	MALAYSIA-ESIM		0	2026-07-01 08:20:31 CEST		y	1			11				B0H74TLZD6						B0H74TLZD6			0	DEFAULT	Incomplete
Maldives eSIM 3GB 15Days	Maldives eSIM 3GB 15Days - high speed internet - mobile data 5G compatible	0630HU5GYPN	MALDIVES-ESIM		0	2026-06-30 19:02:21 CEST		y	1			11				B0H72NF5NM						B0H72NF5NM			0	DEFAULT	Incomplete
Mali eSIM 3GB 15Days	Mali eSIM 3GB 15Days - high speed internet - mobile data 5G compatible	0701HWACNQT	MALI-ESIM		0	2026-07-01 08:31:46 CEST		y	1			11				B0H74ZHZ2L						B0H74ZHZ2L			0	DEFAULT	Incomplete
Malta eSIM 3GB 15Days	Malta eSIM 3GB 15Days - high speed internet - mobile data 5G compatible	0701HWEKY3O	MALTA-ESIM		0	2026-07-01 08:35:58 CEST		y	1			11				B0H74PQQ7F						B0H74PQQ7F			0	DEFAULT	Incomplete
Martinique eSIM 3GB 15Days	Martinique eSIM 3GB 15Days - high speed internet - mobile data 5G compatible	0630HUK9P5N	MARTINIQUE-ESIM		0	2026-06-30 19:12:06 CEST		y	1			11				B0H72JJ3TG						B0H72JJ3TG			0	DEFAULT	Incomplete
Mauritius eSIM 3GB 15Days	Mauritius eSIM 3GB 15Days - high speed internet - mobile data 5G compatible	0701HYIBH17	MAURITIUS-ESIM		0	2026-07-01 16:22:56 CEST		y	1			11				B0H75ZP4PT						B0H75ZP4PT			0	DEFAULT	Incomplete
Mayotte eSIM 3GB 15Days	Mayotte eSIM 3GB 15Days - high speed internet - mobile data 5G compatible	0630HU5RGVM	MAYOTTE-ESIM		0	2026-06-30 19:21:20 CEST		y	1			11				B0H72MBSJK						B0H72MBSJK			0	DEFAULT	Incomplete
Mexico eSIM 3GB 15Days	Mexico eSIM 3GB 15Days - high speed internet - mobile data 5G compatible	0701HWE1LO0	MEXICO-ESIM		0	2026-07-01 08:46:45 CEST		y	1			11				B0H74QZ44M						B0H74QZ44M			0	DEFAULT	Incomplete
Middle East eSIM 5GB 30Days	Middle East eSIM 5GB 30Days - high speed internet - mobile data 5G compatible	0701HWDM4WS	MIDDLE-EAST-ESIM		0	2026-07-01 08:57:11 CEST		y	1			11				B0H74T4PW4						B0H74T4PW4			0	DEFAULT	Incomplete
Moldova eSIM 3GB 15Days	Moldova eSIM 3GB 15Days - high speed internet - mobile data 5G compatible	0701HWJ0G9B	MOLDOVA-ESIM		0	2026-07-01 09:01:03 CEST		y	1			11				B0H74SQ2VS						B0H74SQ2VS			0	DEFAULT	Incomplete
Monaco eSIM 3GB 15Days	Monaco eSIM 3GB 15Days - high speed internet - mobile data 5G compatible	0701HWJ8H80	MONACO-ESIM		0	2026-07-01 09:05:15 CEST		y	1			11				B0H75189ZL						B0H75189ZL			0	DEFAULT	Incomplete
Mongolia eSIM 3GB 15Days	Mongolia eSIM 3GB 15Days - high speed internet - mobile data 5G compatible	0701HWENH8Y	MONGOLIA-ESIM		0	2026-07-01 09:12:24 CEST		y	1			11				B0H74QPB2W						B0H74QPB2W			0	DEFAULT	Incomplete
Montenegro eSIM 3GB 15Days	Montenegro eSIM 3GB 15Days - high speed internet - mobile data 5G compatible	0701HWGNL0Q	MONTENEGRO-ESIM		0	2026-07-01 09:16:15 CEST		y	1			11				B0H74MHM1G						B0H74MHM1G			0	DEFAULT	Incomplete
Montserrat eSIM 5GB 30Days	Montserrat eSIM 5GB 30Days - high speed internet - mobile data 5G compatible	0630HU5ZDXA	MONTSERRAT-ESIM		0	2026-06-30 19:31:15 CEST		y	1			11				B0H72JWWVN						B0H72JWWVN			0	DEFAULT	Incomplete
Morocco eSIM 20GB 30Days	Morocco eSIM 20GB 30Days - high speed internet - mobile data 5G compatible	0701HWQ83S7	MOROCCO-ESIM		0	2026-07-01 09:20:30 CEST		y	1			11				B0H74N4BTF						B0H74N4BTF			0	DEFAULT	Incomplete
Mozambique eSIM 3GB 15Days	Mozambique eSIM 3GB 15Days - high speed internet - mobile data 5G compatible	0701HWNF14J	MOZAMBIQUE-ESIM		0	2026-07-01 09:32:05 CEST		y	1			11				B0H74XRP4G						B0H74XRP4G			0	DEFAULT	Incomplete
Nepal eSIM 3GB 15Days	Nepal eSIM 3GB 15Days - high speed internet - mobile data 5G compatible	0701HWQHPMA	NEPAL-ESIM		0	2026-07-01 09:39:35 CEST		y	1			11				B0H74S6N98						B0H74S6N98			0	DEFAULT	Incomplete
Netherlands eSIM 3GB 15Days	Netherlands eSIM 3GB 15Days - high speed internet - mobile data 5G compatible	0701HWMKA2B	NETHERLANDS-ESIM		0	2026-07-01 09:43:49 CEST		y	1			11				B0H74YVXLR						B0H74YVXLR			0	DEFAULT	Incomplete
New Zealand eSIM 3GB 15Days	New Zealand eSIM 3GB 15Days - high speed internet - mobile data 5G compatible	0701HWWRKHU	NEW-ZEALAND-ESIM		0	2026-07-01 09:54:51 CEST		y	1			11				B0H74XC3MP						B0H74XC3MP			0	DEFAULT	Incomplete
Nicaragua eSIM 3GB 15Days	Nicaragua eSIM 3GB 15Days - high speed internet - mobile data 5G compatible	0701HX1L0QS	NICARAGUA-ESIM		0	2026-07-01 10:05:08 CEST		y	1			11				B0H74YLSHR						B0H74YLSHR			0	DEFAULT	Incomplete
Niger eSIM 3GB 15Days	Niger eSIM 3GB 15Days - high speed internet - mobile data 5G compatible	0701HWI1G7A	NIGER-ESIM		0	2026-07-01 10:09:21 CEST		y	1			11				B0H756FZ27						B0H756FZ27			0	DEFAULT	Incomplete
Nigeria eSIM 3GB 15Days	Nigeria eSIM 3GB 15Days - high speed internet - mobile data 5G compatible	0701HWVGCK5	NIGERIA-ESIM		0	2026-07-01 10:13:36 CEST		y	1			11				B0H756K9S6						B0H756K9S6			0	DEFAULT	Incomplete
North America eSIM 5GB 30Days	North America eSIM 5GB 30Days - high speed internet - mobile data 5G compatible	0701HWYL1PL	NORTH-AMERICA-ESIM		0	2026-07-01 10:17:50 CEST		y	1			11				B0H74XB8N1						B0H74XB8N1			0	DEFAULT	Incomplete
North Macedonia eSIM 3GB 15Days	North Macedonia eSIM 3GB 15Days - high speed internet - mobile data 5G compatible	0701HWZSN04	NORTH-MACEDONIA-ESIM		0	2026-07-01 10:22:04 CEST		y	1			11				B0H755V9S9						B0H755V9S9			0	DEFAULT	Incomplete
Norway eSIM 3GB 15Days	Norway eSIM 3GB 15Days - high speed internet - mobile data 5G compatible	0701HWID8DW	NORWAY-ESIM		0	2026-07-01 10:29:59 CEST		y	1			11				B0H7567D82						B0H7567D82			0	DEFAULT	Incomplete
Oman eSIM 3GB 15Days	Oman eSIM 3GB 15Days - high speed internet - mobile data 5G compatible	0701HWS1HV4	OMAN-ESIM		0	2026-07-01 10:41:32 CEST		y	1			11				B0H756CMHC						B0H756CMHC			0	DEFAULT	Incomplete
Pakistan eSIM 3GB 15Days	Pakistan eSIM 3GB 15Days - high speed internet - mobile data 5G compatible	0701HWUVA8P	PAKISTAN-ESIM		0	2026-07-01 10:49:26 CEST		y	1			11				B0H756Y92L						B0H756Y92L			0	DEFAULT	Incomplete
Panama eSIM 3GB 15Days	Panama eSIM 3GB 15Days - high speed internet - mobile data 5G compatible	0701HX46JE0	PANAMA-ESIM		0	2026-07-01 11:01:00 CEST		y	1			11				B0H758V7RD						B0H758V7RD			0	DEFAULT	Incomplete
Paraguay eSIM 3GB 15Days	Paraguay eSIM 3GB 15Days - high speed internet - mobile data 5G compatible	0701HX00V8E	PARAGUAY-ESIM		0	2026-07-01 11:05:16 CEST		y	1			11				B0H756D5Y1						B0H756D5Y1			0	DEFAULT	Incomplete
Peru eSIM 3GB 15Days	Peru eSIM 3GB 15Days - high speed internet - mobile data 5G compatible	0630HTLO48K	PERU-ESIM		0	2026-06-30 13:17:35 CEST		y	1			11				B0H71TRRV8						B0H71TRRV8			0	DEFAULT	Incomplete
Philippines eSIM 3GB 15Days	Philippines eSIM 3GB 15Days - high speed internet - mobile data 5G compatible	0701HX4439F	PHILIPPINES-ESIM		0	2026-07-01 11:09:32 CEST		y	1			11				B0H75BM2Y6						B0H75BM2Y6			0	DEFAULT	Incomplete
Poland eSIM 3GB 15Days	Poland eSIM 3GB 15Days - high speed internet - mobile data 5G compatible	0701HX5XJK8	POLAND-ESIM		0	2026-07-01 11:21:08 CEST		y	1			11				B0H75CPRWQ						B0H75CPRWQ			0	DEFAULT	Incomplete
Portugal eSIM 3GB 15Days	Portugal eSIM 3GB 15Days - high speed internet - mobile data 5G compatible	0701HX6IZ0G	PORTUGAL-ESIM		0	2026-07-01 11:32:45 CEST		y	1			11				B0H75D155B						B0H75D155B			0	DEFAULT	Incomplete
Puerto Rico eSIM 3GB 15Days	Puerto Rico eSIM 3GB 15Days - high speed internet - mobile data 5G compatible	0701HX7QHPU	PUERTO-RICO-ESIM		0	2026-07-01 11:44:22 CEST		y	1			11				B0H75GMJ2S						B0H75GMJ2S			0	DEFAULT	Incomplete
Qatar eSIM 5GB 30Days	Qatar eSIM 5GB 30Days - high speed internet - mobile data 5G compatible	0701HXI3QXM	QATAR-ESIM		0	2026-07-01 11:52:17 CEST		y	1			11				B0H75BJC3W						B0H75BJC3W			0	DEFAULT	Incomplete
Republic of the Congo eSIM 20GB 30Days	Republic of the Congo eSIM 20GB 30Days - high speed internet - mobile data 5G compatible	0630HUI7T8T	REPUBLIC-OF-THE-CONGO-ESIM		0	2026-06-30 19:41:12 CEST		y	1			11				B0H72PTP4N						B0H72PTP4N			0	DEFAULT	Incomplete
Reunion eSIM 3GB 15Days	Reunion eSIM 3GB 15Days - high speed internet - mobile data 5G compatible	0701HXNLN2A	REUNION-ESIM		0	2026-07-01 12:03:54 CEST		y	1			11				B0H75BDP9R						B0H75BDP9R			0	DEFAULT	Incomplete
Romania eSIM 3GB 15Days	Romania eSIM 3GB 15Days - high speed internet - mobile data 5G compatible	0630HUFDJFK	ROMANIA-ESIM		0	2026-06-30 19:50:59 CEST		y	1			11				B0H72RXWRJ						B0H72RXWRJ			0	DEFAULT	Incomplete
Russia eSIM 3GB 15Days	Russia eSIM 3GB 15Days - high speed internet - mobile data 5G compatible	0630HUK6F3Y	RUSSIA-ESIM		0	2026-06-30 20:00:24 CEST		y	1			11				B0H73C6SWK						B0H73C6SWK			0	DEFAULT	Incomplete
Rwanda eSIM 20GB 30Days	Rwanda eSIM 20GB 30Days - high speed internet - mobile data 5G compatible	0630HUETHGS	RWANDA-ESIM		0	2026-06-30 20:10:31 CEST		y	1			11				B0H73C6K2K						B0H73C6K2K			0	DEFAULT	Incomplete
Saint Barthelemy eSIM 3GB 15Days	Saint Barthelemy eSIM 3GB 15Days - high speed internet - mobile data 5G compatible	0630HUCC9TU	SAINT-BARTHELEMY-ESIM		0	2026-06-30 20:20:08 CEST		y	1			11				B0H72Z5QFX						B0H72Z5QFX			0	DEFAULT	Incomplete
Saint Kitts and Nevis eSIM 5GB 30Days	Saint Kitts and Nevis eSIM 5GB 30Days - high speed internet - mobile data 5G compatible	0630HUKSVNZ	SAINT-KITTS-AND-NEVIS-ESIM		0	2026-06-30 20:29:43 CEST		y	1			11				B0H733XRM7						B0H733XRM7			0	DEFAULT	Incomplete
Saint Lucia eSIM 5GB 30Days	Saint Lucia eSIM 5GB 30Days - high speed internet - mobile data 5G compatible	0630HUKUKKT	SAINT-LUCIA-ESIM		0	2026-06-30 20:39:17 CEST		y	1			11				B0H72Z5RQD						B0H72Z5RQD			0	DEFAULT	Incomplete
Saint Martin eSIM 3GB 15Days	Saint Martin eSIM 3GB 15Days - high speed internet - mobile data 5G compatible	0630HUIOW6Q	SAINT-MARTIN-ESIM		0	2026-06-30 20:48:41 CEST		y	1			11				B0H732MJ75						B0H732MJ75			0	DEFAULT	Incomplete
Saint Vincent and the Grenadines eSIM 5GB 30Days	Saint Vincent and the Grenadines eSIM 5GB 30Days - high speed internet - mobile data 5G compatible	0630HUP4P57	SAINT-VINCENT-AND-THE-GRENADINES-ESIM		0	2026-06-30 20:58:37 CEST		y	1			11				B0H739T5ZT						B0H739T5ZT			0	DEFAULT	Incomplete
Samoa eSIM 3GB 15Days	Samoa eSIM 3GB 15Days - high speed internet - mobile data 5G compatible	0630HUOEQQ8	SAMOA-ESIM		0	2026-06-30 21:09:37 CEST		y	1			11				B0H72VWZHY						B0H72VWZHY			0	DEFAULT	Incomplete
San Marino eSIM 3GB 15Days	San Marino eSIM 3GB 15Days - high speed internet - mobile data 5G compatible	0630HULT6FZ	SAN-MARINO-ESIM		0	2026-06-30 21:19:12 CEST		y	1			11				B0H73KWZ3M						B0H73KWZ3M			0	DEFAULT	Incomplete
Saudi Arabia eSIM 3GB 15Days	Saudi Arabia eSIM 3GB 15Days - high speed internet - mobile data 5G compatible	0701HXCAHXQ	SAUDI-ARABIA-ESIM		0	2026-07-01 12:11:50 CEST		y	1			11				B0H75HDKFX						B0H75HDKFX			0	DEFAULT	Incomplete
Senegal eSIM 3GB 15Days	Senegal eSIM 3GB 15Days - high speed internet - mobile data 5G compatible	0701HXFA5FB	SENEGAL-ESIM		0	2026-07-01 12:23:28 CEST		y	1			11				B0H75GTJH4						B0H75GTJH4			0	DEFAULT	Incomplete
Serbia eSIM 3GB 15Days	Serbia eSIM 3GB 15Days - high speed internet - mobile data 5G compatible	0701HXNS2OL	SERBIA-ESIM		0	2026-07-01 12:31:15 CEST		y	1			11				B0H75NLTK7						B0H75NLTK7			0	DEFAULT	Incomplete
Seychelles eSIM 3GB 15Days	Seychelles eSIM 3GB 15Days - high speed internet - mobile data 5G compatible	0701HXQR0XH	SEYCHELLES-ESIM		0	2026-07-01 12:39:13 CEST		y	1			11				B0H75HHTS1						B0H75HHTS1			0	DEFAULT	Incomplete
Sierra Leone eSIM 5GB 30Days	Sierra Leone eSIM 5GB 30Days - high speed internet - mobile data 5G compatible	0630HUR4M3G	SIERRA-LEONE-ESIM		0	2026-06-30 21:29:30 CEST		y	1			11				B0H73DR1PM						B0H73DR1PM			0	DEFAULT	Incomplete
Singapore eSIM 5GB 30Days	Singapore eSIM 5GB 30Days - high speed internet - mobile data 5G compatible	0701HXL1SF0	SINGAPORE-ESIM		0	2026-07-01 12:47:10 CEST		y	1			11				B0H75XX528						B0H75XX528			0	DEFAULT	Incomplete
Slovakia eSIM 3GB 15Days	Slovakia eSIM 3GB 15Days - high speed internet - mobile data 5G compatible	0701HXIUJNP	SLOVAKIA-ESIM		0	2026-07-01 12:54:54 CEST		y	1			11				B0H75FCMSN						B0H75FCMSN			0	DEFAULT	Incomplete
Slovenia eSIM 3GB 15Days	Slovenia eSIM 3GB 15Days - high speed internet - mobile data 5G compatible	0701HXOKITD	SLOVENIA-ESIM		0	2026-07-01 13:06:13 CEST		y	1			11				B0H75QDHJK						B0H75QDHJK			0	DEFAULT	Incomplete
South Africa eSIM 5GB 30Days	South Africa eSIM 5GB 30Days - high speed internet - mobile data 5G compatible	0701HXMK39T	SOUTH-AFRICA-ESIM		0	2026-07-01 13:17:51 CEST		y	1			11				B0H75N91SS						B0H75N91SS			0	DEFAULT	Incomplete
South America eSIM 5GB 30Days	South America eSIM 5GB 30Days - high speed internet - mobile data 5G compatible	0701HXPS9W6	SOUTH-AMERICA-ESIM		0	2026-07-01 13:22:06 CEST		y	1			11				B0H75LKDJC						B0H75LKDJC			0	DEFAULT	Incomplete
South Korea eSIM 5GB 30Days	South Korea eSIM 5GB 30Days - high speed internet - mobile data 5G compatible	0701HXMUKR1	SOUTH-KOREA-ESIM		0	2026-07-01 13:26:22 CEST		y	1			11				B0H75LVJ2W						B0H75LVJ2W			0	DEFAULT	Incomplete
Spain eSIM 3GB 15Days	Spain eSIM 3GB 15Days - high speed internet - mobile data 5G compatible	0701HXT0JOH	SPAIN-ESIM		0	2026-07-01 13:38:02 CEST		y	1			11				B0H75PYSVB						B0H75PYSVB			0	DEFAULT	Incomplete
Sri Lanka eSIM 3GB 15Days	Sri Lanka eSIM 3GB 15Days - high speed internet - mobile data 5G compatible	0701HXW6Q0U	SRI-LANKA-ESIM		0	2026-07-01 13:49:40 CEST		y	1			11				B0H75LG9R2						B0H75LG9R2			0	DEFAULT	Incomplete
Sudan eSIM 3GB 15Days	Sudan eSIM 3GB 15Days - high speed internet - mobile data 5G compatible	0701HXQCNW2	SUDAN-ESIM		0	2026-07-01 14:01:16 CEST		y	1			11				B0H75SF3YH						B0H75SF3YH			0	DEFAULT	Incomplete
Suriname eSIM 5GB 30Days	Suriname eSIM 5GB 30Days - high speed internet - mobile data 5G compatible	0630HUQA1V4	SURINAME-ESIM		0	2026-06-30 21:39:04 CEST		y	1			11				B0H72WF22D						B0H72WF22D			0	DEFAULT	Incomplete
Saint Vincent and the Grenadines eSIM 20GB 30Days	Saint Vincent and the Grenadines eSIM 20GB 30Days - high speed internet - mobile data 5G compatible	0630HUQYUK8	SVG-ESIM		0	2026-06-30 21:05:24 CEST		y	1			11				B0H734D686						B0H734D686			0	DEFAULT	Incomplete
Sweden eSIM 3GB 15Days	Sweden eSIM 3GB 15Days - high speed internet - mobile data 5G compatible	0701HXTWCVH	SWEDEN-ESIM		0	2026-07-01 14:08:55 CEST		y	1			11				B0H75XKP5R						B0H75XKP5R			0	DEFAULT	Incomplete
Switzerland eSIM 3GB 15Days	Switzerland eSIM 3GB 15Days - high speed internet - mobile data 5G compatible	0701HXWWSDC	SWITZERLAND-ESIM		0	2026-07-01 14:20:32 CEST		y	1			11				B0H75VY61B						B0H75VY61B			0	DEFAULT	Incomplete
Tajikistan eSIM 20GB 30Days	Tajikistan eSIM 20GB 30Days - high speed internet - mobile data 5G compatible	0630HURG9SB	TAJIKISTAN-ESIM		0	2026-06-30 21:48:58 CEST		y	1			11				B0H73C8SVC						B0H73C8SVC			0	DEFAULT	Incomplete
Tanzania eSIM 3GB 15Days	Tanzania eSIM 3GB 15Days - high speed internet - mobile data 5G compatible	0701HXTDA9V	TANZANIA-ESIM		0	2026-07-01 14:32:14 CEST		y	1			11				B0H75WVY4Q						B0H75WVY4Q			0	DEFAULT	Incomplete
Thailand eSIM 3GB 15Days	Thailand eSIM 3GB 15Days - high speed internet - mobile data 5G compatible	0701HXYVA4S	THAILAND-ESIM		0	2026-07-01 14:36:31 CEST		y	1			11				B0H75Z17RR						B0H75Z17RR			0	DEFAULT	Incomplete
Thailand eSIM 3GB 15Days		0325HR8F3UQ	TH_3_15			2026-03-25 06:26:28 CET		y	1			11				B0FRCDPJSH						B0FRCDPJSH				AMAZON_EU	Incomplete
Tunisia eSIM 3 GB 30 dni | Przedpłacony eSIM podróżny | Cyfrowa karta SIM Pay As You Go | Łatwa konfiguracja | Data SIM dla turystów i biznesu | Prędkości 3G/4G		0325HR8YC6J	TN_3_30			2026-03-25 06:13:21 CET		y	1			11				B0FRCKZKVY						B0FRCKZKVY				AMAZON_EU	Incomplete
Trinidad and Tobago eSIM 3GB 15Days	Trinidad and Tobago eSIM 3GB 15Days - high speed internet - mobile data 5G compatible	0630HURRKG0	TRINIDAD-AND-TOBAGO-ESIM		0	2026-06-30 21:59:02 CEST		y	1			11				B0H73C2S3W						B0H73C2S3W			0	DEFAULT	Incomplete
Turkey eSIM 20GB 30Days		0325HR8L88J	TR_20_30			2026-03-25 06:23:46 CET		y	1			11				B0FRCYMWCX						B0FRCYMWCX				AMAZON_EU	Incomplete
Turkey eSIM 3GB 15Days		0325HR4CUDD	TR_3_15			2026-03-25 06:32:12 CET		y	1			11				B0FRC2PSHM						B0FRC2PSHM				AMAZON_EU	Incomplete
Turkey eSIM 5GB 30Days		0325HR1JTME	TR_5_30			2026-03-25 06:19:17 CET		y	1			11				B0FRCBZ1BB						B0FRCBZ1BB				AMAZON_EU	Incomplete
Tunisia eSIM 5GB 30Days	Tunisia eSIM 5GB 30Days - high speed internet - mobile data 5G compatible	0701HY32F0L	TUNISIA-ESIM		0	2026-07-01 14:48:07 CEST		y	1			11				B0H75Y5WF7						B0H75Y5WF7			0	DEFAULT	Incomplete
Turkey eSIM 3GB 15Days	Turkey eSIM 3GB 15Days - high speed internet - mobile data 5G compatible	0701HXZ4KD2	TURKEY-ESIM		0	2026-07-01 14:52:22 CEST		y	1			11				B0H75WG911						B0H75WG911			0	DEFAULT	Incomplete
Turks and Caicos Islands eSIM 20GB 30Days	Turks and Caicos Islands eSIM 20GB 30Days - high speed internet - mobile data 5G compatible	0630HUQNFSX	TURKS-AND-CAICOS-ISLANDS-ESIM		0	2026-06-30 22:09:07 CEST		y	1			11				B0H73BXQPD						B0H73BXQPD			0	DEFAULT	Incomplete
Uganda eSIM 3GB 15Days	Uganda eSIM 3GB 15Days - high speed internet - mobile data 5G compatible	0701HY0BV13	UGANDA-ESIM		0	2026-07-01 15:03:38 CEST		y	1			11				B0H75W7DP8						B0H75W7DP8			0	DEFAULT	Incomplete
Ukraine eSIM 3GB 15Days	Ukraine eSIM 3GB 15Days - high speed internet - mobile data 5G compatible	0701HY9YRO9	UKRAINE-ESIM		0	2026-07-01 15:07:53 CEST		y	1			11				B0H7619K8D						B0H7619K8D			0	DEFAULT	Incomplete
United Arab Emirates eSIM 3GB 15Days	United Arab Emirates eSIM 3GB 15Days - high speed internet - mobile data 5G compatible	0701HY40M5L	UNITED-ARAB-EMIRATES-ESIM		0	2026-07-01 15:15:48 CEST		y	1			11				B0H75ZVCMP						B0H75ZVCMP			0	DEFAULT	Incomplete
United Kingdom eSIM 3GB 15Days	United Kingdom eSIM 3GB 15Days - high speed internet - mobile data 5G compatible	0701HY6C8J8	UNITED-KINGDOM-ESIM		0	2026-07-01 15:27:26 CEST		y	1			11				B0H75TW5DP						B0H75TW5DP			0	DEFAULT	Incomplete
United States eSIM 3GB 15Days	United States eSIM 3GB 15Days - high speed internet - mobile data 5G compatible	0701HYC5KGD	UNITED-STATES-ESIM		0	2026-07-01 15:39:03 CEST		y	1			11				B0H75TTR4T						B0H75TTR4T			0	DEFAULT	Incomplete
Uruguay eSIM 3GB 15Days	Uruguay eSIM 3GB 15Days - high speed internet - mobile data 5G compatible	0701HYDGDNF	URUGUAY-ESIM		0	2026-07-01 15:46:58 CEST		y	1			11				B0H75SQQT8						B0H75SQQT8			0	DEFAULT	Incomplete
Uzbekistan eSIM 5GB 30Days	Uzbekistan eSIM 5GB 30Days - high speed internet - mobile data 5G compatible	0701HYIIKMU	UZBEKISTAN-ESIM		0	2026-07-01 15:51:13 CEST		y	1			11				B0H7669T79						B0H7669T79			0	DEFAULT	Incomplete
Vatican City eSIM 3GB 15Days	Vatican City eSIM 3GB 15Days - high speed internet - mobile data 5G compatible	0630HUUUS6K	VATICAN-CITY-ESIM		0	2026-06-30 22:19:02 CEST		y	1			11				B0H73Q47CH						B0H73Q47CH			0	DEFAULT	Incomplete
Vietnam eSIM 3GB 15Days	Vietnam eSIM 3GB 15Days - high speed internet - mobile data 5G compatible	0701HY7VO9R	VIETNAM-ESIM		0	2026-07-01 15:55:29 CEST		y	1			11				B0H7619LT8						B0H7619LT8			0	DEFAULT	Incomplete
Vietnam eSIM 20GB 30Days		0325HRC4STJ	VN_20_30			2026-03-25 06:15:54 CET		y	1			11				B0FRC2NKC4						B0FRC2NKC4				AMAZON_EU	Incomplete
Vietnam eSIM 3GB 15Days		0328H6HVW8L	VN_3_15			2026-03-28 20:52:37 CET		y	1			11				B0FRBR2DHW						B0FRBR2DHW				AMAZON_EU	Incomplete
Vietnam eSIM 5GB 30Days		0328H6J194D	VN_5_30			2026-03-28 21:12:28 CET		y	1			11				B0FRCBXRGV						B0FRCBXRGV				AMAZON_EU	Incomplete
Zambia eSIM 3GB 15Days	Zambia eSIM 3GB 15Days - high speed internet - mobile data 5G compatible	0701HY1SY3I	ZAMBIA-ESIM		0	2026-07-01 16:07:04 CEST		y	1			11				B0H75WNJRL						B0H75WNJRL			0	DEFAULT	Incomplete
Zambia eSIM 3GB 15Days		0328H6EM1GZ	ZM_3_15			2026-03-28 19:35:00 CET		y	1			11				B0FRC2NSM2						B0FRC2NSM2				AMAZON_EU	Incomplete
Zambia eSIM 5GB 30Days		0328H6H5UYL	ZM_5_30			2026-03-28 20:41:40 CET		y	1			11				B0FRCL97L4						B0FRCL97L4				AMAZON_EU	Incomplete
