marketplace,decision,reason,sku,asin,item-name,price,fba-units,status,fulfillment-channel,open-date
UK,DELETE,not in master list,AE_20_30,B0FRB7TFJR,,35.99,0,Inactive,AMAZON_EU,16/09/2025 21:11:09 BST
UK,DELETE,not in master list,AE_3_15,B0FRBBYBGH,,8.99,0,Inactive,AMAZON_EU,16/09/2025 21:11:09 BST
UK,DELETE,not in master list,AE_5_30,B0FRB89XHX,,11.99,0,Inactive,AMAZON_EU,16/09/2025 21:11:09 BST
UK,DELETE,not in master list,AF-29_5_30,B0FR3GK9Z7,,27.99,0,Inactive,AMAZON_EU,14/09/2025 13:12:07 BST
UK,DELETE,not in master list,AL_5_30,B0FR4ZG3Z6,,11.99,0,Inactive,AMAZON_EU,15/09/2025 13:07:20 BST
UK,DELETE,not in master list,AM_20_30,B0FR4ZT5XT,,50.49,0,Inactive,AMAZON_EU,15/09/2025 13:08:42 BST
UK,DELETE,not in master list,AM_3_15,B0FR5BK9R4,,8.99,0,Inactive,AMAZON_EU,15/09/2025 13:08:42 BST
UK,DELETE,not in master list,AR_20_30,B0FR5DCH33,,53.49,0,Inactive,AMAZON_EU,15/09/2025 13:07:30 BST
UK,DELETE,not in master list,AR_3_15,B0FR554SXN,,11.99,0,Inactive,AMAZON_EU,15/09/2025 13:07:30 BST
UK,DELETE,not in master list,AS-20_3_15,B0FR9FZ4RF,,11.99,0,Inactive,AMAZON_EU,16/09/2025 11:48:31 BST
UK,DELETE,not in master list,AS-20_5_30,B0FR9BQNSV,,18.49,0,Inactive,AMAZON_EU,16/09/2025 11:48:31 BST
UK,DELETE,not in master list,AT_20_30,B0FR8XBSBP,,13.49,0,Inactive,AMAZON_EU,16/09/2025 11:51:43 BST
UK,DELETE,not in master list,AT_3_15,B0FR9QSMSP,,2.99,0,Inactive,AMAZON_EU,16/09/2025 11:51:43 BST
UK,DELETE,not in master list,AT_5_30,B0FR8XCH78,,4.49,0,Inactive,AMAZON_EU,16/09/2025 11:51:43 BST
UK,DELETE,not in master list,AU_20_30,B0FR9G1ZQJ,,12.99,0,Inactive,AMAZON_EU,16/09/2025 11:50:20 BST
UK,DELETE,not in master list,AU_3_15,B0FR9SKY4D,,5.49,50,Active,AMAZON_EU,16/09/2025 11:50:20 BST
UK,DELETE,not in master list,AU_5_30,B0FR9JRB62,,6.99,49,Active,AMAZON_EU,16/09/2025 11:50:20 BST
UK,DELETE,not in master list,AX_20_30,B0FR39Q1KJ,,26.49,0,Inactive,AMAZON_EU,14/09/2025 12:41:21 BST
UK,DELETE,not in master list,AX_3_15,B0FR3CCSMB,,4.49,0,Inactive,AMAZON_EU,14/09/2025 12:41:21 BST
UK,DELETE,not in master list,AX_5_30,B0FR3G6JWB,,7.49,0,Inactive,AMAZON_EU,14/09/2025 12:41:21 BST
UK,DELETE,not in master list,AZ_3_15,B0FR9BTC98,,23.49,0,Inactive,AMAZON_EU,16/09/2025 11:51:53 BST
UK,DELETE,not in master list,BA_3_15,B0FR9G8ZVK,,6.99,0,Inactive,AMAZON_EU,16/09/2025 12:12:03 BST
UK,DELETE,not in master list,BD_20_30,B0FR8FJ3HJ,,42.49,0,Inactive,AMAZON_EU,16/09/2025 11:57:36 BST
UK,DELETE,not in master list,BD_3_15,B0FR9L7SG3,,9.49,0,Inactive,AMAZON_EU,16/09/2025 11:57:36 BST
UK,DELETE,not in master list,BD_5_30,B0FR9BQFCM,,14.49,0,Inactive,AMAZON_EU,16/09/2025 11:57:36 BST
UK,DELETE,not in master list,BE_20_30,B0FR9BVRCH,,15.99,30,Active,AMAZON_EU,16/09/2025 12:11:43 BST
UK,DELETE,not in master list,BE_3_15,B0FR9G432K,,5.99,60,Active,AMAZON_EU,16/09/2025 12:11:43 BST
UK,DELETE,not in master list,BE_5_30,B0FR9SXCW6,,6.99,60,Active,AMAZON_EU,16/09/2025 12:11:43 BST
UK,DELETE,not in master list,BF_3_15,B0FR9HWFSK,,23.49,0,Inactive,AMAZON_EU,16/09/2025 12:13:08 BST
UK,DELETE,not in master list,BF_5_30,B0FR9BWKSY,,34.49,0,Inactive,AMAZON_EU,16/09/2025 12:13:08 BST
UK,DELETE,not in master list,BH_3_15,B0FR9K64KF,,8.49,0,Inactive,AMAZON_EU,16/09/2025 11:57:25 BST
UK,DELETE,not in master list,BN_20_30,B0FR9F971C,,66.49,0,Inactive,AMAZON_EU,16/09/2025 12:12:34 BST
UK,DELETE,not in master list,BN_3_15,B0FR9KTJND,,14.99,0,Inactive,AMAZON_EU,16/09/2025 12:12:34 BST
UK,DELETE,not in master list,BO_20_30,B0FR9RH588,,131.99,0,Inactive,AMAZON_EU,16/09/2025 12:11:53 BST
UK,DELETE,not in master list,BO_3_15,B0FR8FKPKH,,22.49,0,Inactive,AMAZON_EU,16/09/2025 12:11:53 BST
UK,DELETE,not in master list,BR_20_30,B0FR9KLZCR,,33.49,0,Inactive,AMAZON_EU,16/09/2025 12:12:24 BST
UK,DELETE,not in master list,BR_3_15,B0FR9G5LKV,,7.49,0,Inactive,AMAZON_EU,16/09/2025 12:12:24 BST
UK,DELETE,not in master list,BW_3_15,B0FR9G7N2Q,,23.49,0,Inactive,AMAZON_EU,16/09/2025 12:12:13 BST
UK,DELETE,not in master list,BY_3_15,B0FR9G3Z82,,8.49,0,Inactive,AMAZON_EU,16/09/2025 11:57:47 BST
UK,DELETE,not in master list,BY_5_30,B0FR8FFT4D,,13.99,0,Inactive,AMAZON_EU,16/09/2025 11:57:47 BST
UK,DELETE,not in master list,CA_20_30,B0FR9BY42D,,22.49,20,Active,AMAZON_EU,23/06/2026 21:13:41 BST
UK,DELETE,not in master list,CA_3_15,B0FR9RZLF3,,6.99,52,Active,AMAZON_EU,23/06/2026 21:12:24 BST
UK,DELETE,not in master list,CA_5_30,B0FR9SYCBK,,9.99,48,Active,AMAZON_EU,23/06/2026 21:12:24 BST
UK,DELETE,not in master list,CF_3_15,B0FR9RK8FP,,23.49,0,Inactive,AMAZON_EU,16/09/2025 12:32:31 BST
UK,DELETE,not in master list,CF_5_30,B0FR9R3NMC,,34.49,0,Inactive,AMAZON_EU,16/09/2025 12:32:31 BST
UK,DELETE,not in master list,CH_20_30,B0FRB6VY7S,,13.99,0,Inactive,AMAZON_EU,16/09/2025 21:05:39 BST
UK,DELETE,not in master list,CH_3_15,B0FRB5LFVC,,4.99,0,Inactive,AMAZON_EU,16/09/2025 21:05:39 BST
UK,DELETE,not in master list,CH_5_30,B0FRB7G4VW,,6.99,0,Inactive,AMAZON_EU,16/09/2025 21:05:39 BST
UK,DELETE,not in master list,CI_3_15,B0FR9HW9DJ,,23.49,0,Inactive,AMAZON_EU,16/09/2025 12:34:06 BST
UK,DELETE,not in master list,CI_5_30,B0FR9V5LYJ,,34.49,0,Inactive,AMAZON_EU,16/09/2025 12:34:06 BST
UK,DELETE,not in master list,CL_3_15,B0FR9RY1RT,,18.99,0,Inactive,AMAZON_EU,16/09/2025 12:32:59 BST
UK,DELETE,not in master list,CM_3_15,B0FR9VJ1ZB,,23.49,0,Inactive,AMAZON_EU,16/09/2025 12:32:03 BST
UK,DELETE,not in master list,CN_20_30,B0FR9GD6X9,,15.99,0,Inactive,AMAZON_EU,16/09/2025 12:33:18 BST
UK,DELETE,not in master list,CN_3_15,B0FR9QZ578,,5.99,25,Active,AMAZON_EU,16/09/2025 12:33:18 BST
UK,DELETE,not in master list,CN_5_30,B0FR9HX7XH,,7.99,24,Active,AMAZON_EU,16/09/2025 12:33:18 BST
UK,DELETE,not in master list,CO_3_15,B0FR9RL8W5,,9.49,0,Inactive,AMAZON_EU,16/09/2025 12:33:28 BST
UK,DELETE,not in master list,CR_3_15,B0FR9LNRMN,,14.99,0,Inactive,AMAZON_EU,16/09/2025 12:33:56 BST
UK,DELETE,not in master list,CY_3_15,B0FR8XJWWG,,2.99,0,Inactive,AMAZON_EU,16/09/2025 12:34:26 BST
UK,DELETE,not in master list,CY_5_30,B0FR8XHWZV,,4.49,0,Inactive,AMAZON_EU,16/09/2025 12:34:26 BST
UK,DELETE,not in master list,CZ_20_30,B0FR9SVN9H,,13.49,0,Inactive,AMAZON_EU,16/09/2025 12:34:35 BST
UK,DELETE,not in master list,CZ_3_15,B0FR9SB2Q3,,2.99,0,Inactive,AMAZON_EU,16/09/2025 12:34:35 BST
UK,DELETE,not in master list,CZ_5_30,B0FR9BY2LF,,4.49,0,Inactive,AMAZON_EU,16/09/2025 12:34:35 BST
UK,DELETE,not in master list,DK_20_30,B0FR9QPF45,,12.99,0,Inactive,AMAZON_EU,16/09/2025 13:23:04 BST
UK,DELETE,not in master list,DK_3_15,B0FR9GSNP4,,2.99,0,Inactive,AMAZON_EU,16/09/2025 13:23:04 BST
UK,DELETE,not in master list,DK_5_30,B0FR8XQYR4,,4.49,0,Inactive,AMAZON_EU,16/09/2025 13:23:04 BST
UK,DELETE,not in master list,DO_20_30,B0FR9C6DJF,,83.99,0,Inactive,AMAZON_EU,16/09/2025 13:23:14 BST
UK,DELETE,not in master list,DO_3_15,B0FR9GSKZF,,18.99,0,Inactive,AMAZON_EU,16/09/2025 13:23:14 BST
UK,DELETE,not in master list,DO_5_30,B0FR9GQKCM,,27.99,0,Inactive,AMAZON_EU,16/09/2025 13:23:14 BST
UK,DELETE,not in master list,EC_3_15,B0FR9RM6MP,,14.99,0,Inactive,AMAZON_EU,16/09/2025 13:23:23 BST
UK,DELETE,not in master list,EE_20_30,B0FR9L527N,,14.49,0,Inactive,AMAZON_EU,16/09/2025 13:23:52 BST
UK,DELETE,not in master list,EE_3_15,B0FR9GST1S,,2.99,0,Inactive,AMAZON_EU,16/09/2025 13:23:52 BST
UK,DELETE,not in master list,EE_5_30,B0FR9GQYKB,,4.49,0,Inactive,AMAZON_EU,16/09/2025 13:23:52 BST
UK,DELETE,not in master list,EG_20_30,B0FR9GQBGL,,29.99,5,Active,AMAZON_EU,16/09/2025 13:23:33 BST
UK,DELETE,not in master list,EG_3_15,B0FR9C784N,,8.99,18,Active,AMAZON_EU,16/09/2025 13:23:33 BST
UK,DELETE,not in master list,EG_5_30,B0FR9LR5KJ,,11.49,0,Inactive,AMAZON_EU,16/09/2025 13:23:33 BST
UK,DELETE,not in master list,ES_20_30,B0FRCMPGPL,,14.99,42,Active,AMAZON_EU,16/09/2025 21:04:49 BST
UK,DELETE,not in master list,ES_3_15,B0FRCDHTZ7,,5.99,247,Active,AMAZON_EU,16/09/2025 21:04:49 BST
UK,DELETE,not in master list,ES_5_30,B0FRBQCLZN,,7.99,116,Active,AMAZON_EU,16/09/2025 21:04:49 BST
UK,DELETE,not in master list,EU-42_20_30,B0FR9TNPV3,,42.49,0,Inactive,AMAZON_EU,16/09/2025 13:24:11 BST
UK,DELETE,not in master list,EU-42_5_30,B0FR9RYSSS,,14.49,0,Inactive,AMAZON_EU,16/09/2025 13:24:11 BST
UK,DELETE,not in master list,FI_3_15,B0FR9GSND6,,2.49,0,Inactive,AMAZON_EU,16/09/2025 13:30:38 BST
UK,DELETE,not in master list,FI_5_30,B0FR9SB3BJ,,3.49,0,Inactive,AMAZON_EU,16/09/2025 13:30:38 BST
UK,DELETE,not in master list,FR_20_30,B0FR9GPMC5,,18.99,45,Active,AMAZON_EU,16/09/2025 13:30:48 BST
UK,DELETE,not in master list,FR_3_15,B0FR9C5ZB6,,6.99,248,Active,AMAZON_EU,16/09/2025 13:30:48 BST
UK,DELETE,not in master list,FR_5_30,B0FR9LMDW5,,8.99,191,Active,AMAZON_EU,16/09/2025 13:30:48 BST
UK,DELETE,not in master list,GA_3_15,B0FR9GPX9T,,14.99,0,Inactive,AMAZON_EU,16/09/2025 13:30:57 BST
UK,DELETE,not in master list,GB_20_30,B0FRDGCBTN,,12.49,0,Inactive,AMAZON_EU,16/09/2025 23:11:31 BST
UK,DELETE,not in master list,GB_3_15,B0FRCPD8TS,,3.99,0,Inactive,AMAZON_EU,16/09/2025 23:11:31 BST
UK,DELETE,not in master list,GB_5_30,B0FRDDRGJF,,4.99,0,Inactive,AMAZON_EU,16/09/2025 23:11:31 BST
UK,DELETE,not in master list,GE_20_30,B0FR9C73NK,,22.49,0,Inactive,AMAZON_EU,16/09/2025 13:31:06 BST
UK,DELETE,not in master list,GE_3_15,B0FR9KMX2N,,4.99,0,Inactive,AMAZON_EU,16/09/2025 13:31:06 BST
UK,DELETE,not in master list,GG_20_30,B0FR9LYWWY,,45.49,0,Inactive,AMAZON_EU,16/09/2025 13:32:44 BST
UK,DELETE,not in master list,GG_3_15,B0FR9SMWDN,,9.49,0,Inactive,AMAZON_EU,16/09/2025 13:32:44 BST
UK,DELETE,not in master list,GG_5_30,B0FR9C5PXR,,15.49,0,Inactive,AMAZON_EU,16/09/2025 13:32:44 BST
UK,DELETE,not in master list,GI_3_15,B0FR8XSPMC,,9.49,0,Inactive,AMAZON_EU,16/09/2025 13:31:26 BST
UK,DELETE,not in master list,GL-139_5_30,B0FR9VNTLY,,39.49,0,Inactive,AMAZON_EU,16/09/2025 13:31:57 BST
UK,DELETE,not in master list,GP_20_30,B0FR8XTBF6,,42.49,0,Inactive,AMAZON_EU,16/09/2025 13:32:15 BST
UK,DELETE,not in master list,GP_3_15,B0FR9TMVWK,,9.49,0,Inactive,AMAZON_EU,16/09/2025 13:32:15 BST
UK,DELETE,not in master list,GR_20_30,B0FR9KJGBG,,15.99,14,Active,AMAZON_EU,16/09/2025 13:32:06 BST
UK,DELETE,not in master list,GR_3_15,B0FR9L85F6,,4.99,100,Active,AMAZON_EU,16/09/2025 13:32:06 BST
UK,DELETE,not in master list,GR_5_30,B0FR9C7SMF,,4.49,68,Active,AMAZON_EU,16/09/2025 13:32:06 BST
UK,DELETE,not in master list,GT_1_7,B0FR9GRY7G,,7.49,0,Inactive,AMAZON_EU,16/09/2025 13:32:35 BST
UK,DELETE,not in master list,GT_3_15,B0FR9VC6VD,,18.99,0,Inactive,AMAZON_EU,16/09/2025 13:32:35 BST
UK,DELETE,not in master list,GU_20_30,B0FR9C7MGP,,53.49,0,Inactive,AMAZON_EU,16/09/2025 13:32:25 BST
UK,DELETE,not in master list,GU_3_15,B0FR9GVSSF,,11.99,0,Inactive,AMAZON_EU,16/09/2025 13:32:25 BST
UK,DELETE,not in master list,GU_5_30,B0FR9SVP8Y,,18.49,0,Inactive,AMAZON_EU,16/09/2025 13:32:25 BST
UK,DELETE,not in master list,HAJJ-LUXURY-ESIM,B0H4Q6N5RX,,,0,Incomplete,DEFAULT,10/06/2026 07:00:51 BST
UK,DELETE,not in master list,HN_3_15,B0FR9ZYV5G,,14.99,0,Inactive,AMAZON_EU,16/09/2025 13:51:39 BST
UK,DELETE,not in master list,HR_20_30,B0FR9TYCSL,,12.99,0,Inactive,AMAZON_EU,16/09/2025 12:34:15 BST
UK,DELETE,not in master list,HR_3_15,B0FR9GDKT1,,2.99,0,Inactive,AMAZON_EU,16/09/2025 12:34:15 BST
UK,DELETE,not in master list,HR_5_30,B0FR9BVV58,,4.49,0,Inactive,AMAZON_EU,16/09/2025 12:34:15 BST
UK,DELETE,not in master list,HU_20_30,B0FR9ZVYYQ,,14.49,0,Inactive,AMAZON_EU,16/09/2025 13:51:50 BST
UK,DELETE,not in master list,HU_3_15,B0FR9C9JVW,,2.99,0,Inactive,AMAZON_EU,16/09/2025 13:51:50 BST
UK,DELETE,not in master list,HU_3_30,B0FR9CB5TX,,3.49,0,Inactive,AMAZON_EU,16/09/2025 13:51:50 BST
UK,DELETE,not in master list,HU_5_30,B0FR9GY3R5,,4.49,0,Inactive,AMAZON_EU,16/09/2025 13:51:50 BST
UK,DELETE,not in master list,ID_20_30,B0FR9QXRDQ,,13.99,10,Active,AMAZON_EU,16/09/2025 13:52:27 BST
UK,DELETE,not in master list,ID_3_15,B0FR9T6QPZ,,4.99,30,Active,AMAZON_EU,16/09/2025 13:52:27 BST
UK,DELETE,not in master list,ID_5_30,B0FR8XW5DR,,3.49,20,Active,AMAZON_EU,16/09/2025 13:52:27 BST
UK,DELETE,not in master list,IE_20_30,B0FR9SZG2Z,,14.99,36,Active,AMAZON_EU,16/09/2025 13:52:46 BST
UK,DELETE,not in master list,IE_3_15,B0FR8XV57F,,4.99,77,Active,AMAZON_EU,16/09/2025 13:52:46 BST
UK,DELETE,not in master list,IE_5_30,B0FR9GYKQL,,4.49,70,Active,AMAZON_EU,16/09/2025 13:52:46 BST
UK,DELETE,not in master list,IL_20_30,B0FR9K8SQ1,,22.49,0,Inactive,AMAZON_EU,16/09/2025 13:53:05 BST
UK,DELETE,not in master list,IL_3_15,B0FR9M11H1,,4.99,0,Inactive,AMAZON_EU,16/09/2025 13:53:05 BST
UK,DELETE,not in master list,IL_5_30,B0FR8XVZZM,,7.49,0,Inactive,AMAZON_EU,16/09/2025 13:53:05 BST
UK,DELETE,not in master list,IM_20_30,B0FR9CB5LK,,17.49,0,Inactive,AMAZON_EU,16/09/2025 13:52:55 BST
UK,DELETE,not in master list,IM_3_15,B0FR9LZ7RL,,3.49,0,Inactive,AMAZON_EU,16/09/2025 13:52:55 BST
UK,DELETE,not in master list,IM_5_30,B0FR9M27XY,,5.99,0,Inactive,AMAZON_EU,16/09/2025 13:52:55 BST
UK,DELETE,not in master list,IN_20_30,B0FR9DYMHX,,34.99,9,Active,AMAZON_EU,16/09/2025 13:52:18 BST
UK,DELETE,not in master list,IN_3_15,B0FR9ZM116,,9.99,49,Active,AMAZON_EU,16/09/2025 13:52:18 BST
UK,DELETE,not in master list,IN_5_30,B0FR9GXWN9,,13.99,35,Active,AMAZON_EU,16/09/2025 13:52:18 BST
UK,DELETE,not in master list,IS_20_30,B0FR9GX6LF,,22.49,0,Inactive,AMAZON_EU,16/09/2025 13:52:09 BST
UK,DELETE,not in master list,IS_3_15,B0FR9TBBK1,,4.49,0,Inactive,AMAZON_EU,16/09/2025 13:52:09 BST
UK,DELETE,not in master list,IS_5_30,B0FR9ZWQBD,,7.49,0,Inactive,AMAZON_EU,16/09/2025 13:52:09 BST
UK,DELETE,not in master list,IT_20_30,B0FR9RNZV2,,13.99,40,Active,AMAZON_EU,16/09/2025 13:53:16 BST
UK,DELETE,not in master list,IT_3_15,B0FR9GXZ18,,4.99,100,Active,AMAZON_EU,16/09/2025 13:53:16 BST
UK,DELETE,not in master list,IT_5_30,B0FR9ZR2TH,,3.49,81,Active,AMAZON_EU,16/09/2025 13:53:16 BST
UK,DELETE,not in master list,JE_20_30,B0FR9CBQDH,,10.99,0,Inactive,AMAZON_EU,16/09/2025 13:56:39 BST
UK,DELETE,not in master list,JE_3_15,B0FR9GYMR5,,2.49,0,Inactive,AMAZON_EU,16/09/2025 13:56:39 BST
UK,DELETE,not in master list,JE_5_30,B0FR9M27GP,,3.49,0,Inactive,AMAZON_EU,16/09/2025 13:56:39 BST
UK,DELETE,not in master list,JO_20_30,B0FR9ST188,,26.49,0,Inactive,AMAZON_EU,16/09/2025 13:56:51 BST
UK,DELETE,not in master list,JO_3_15,B0FR9M144Z,,6.49,0,Inactive,AMAZON_EU,16/09/2025 13:56:51 BST
UK,DELETE,not in master list,JO_5_30,B0FR9ZTZNK,,9.49,0,Inactive,AMAZON_EU,16/09/2025 13:56:51 BST
UK,DELETE,not in master list,JP_20_30,B0FR9RZKRB,,13.99,0,Inactive,AMAZON_EU,16/09/2025 13:56:30 BST
UK,DELETE,not in master list,JP_3_15,B0FR9LVZVQ,,4.99,19,Active,AMAZON_EU,16/09/2025 13:56:30 BST
UK,DELETE,not in master list,JP_5_30,B0FR9TLXXH,,3.49,0,Inactive,AMAZON_EU,16/09/2025 13:56:30 BST
UK,DELETE,not in master list,KA-73H6-28KP,B0H2MMQ2PD,,19.95,0,Inactive,AMAZON_EU,22/05/2026 13:30:55 BST
UK,DELETE,not in master list,KE_3_15,B0FR9GZ14G,,21.99,27,Active,AMAZON_EU,16/09/2025 13:57:10 BST
UK,DELETE,not in master list,KE_5_30,B0FR9T4DG6,,29.99,30,Active,AMAZON_EU,16/09/2025 13:57:10 BST
UK,DELETE,not in master list,KG_20_30,B0FR8XXBHM,,33.49,0,Inactive,AMAZON_EU,16/09/2025 14:01:22 BST
UK,DELETE,not in master list,KG_3_15,B0FR9TVF4R,,7.49,0,Inactive,AMAZON_EU,16/09/2025 14:01:22 BST
UK,DELETE,not in master list,KH_20_30,B0FR9GFJPL,,33.49,0,Inactive,AMAZON_EU,16/09/2025 12:33:38 BST
UK,DELETE,not in master list,KH_3_15,B0FR8XKMJ4,,7.49,0,Inactive,AMAZON_EU,16/09/2025 12:33:38 BST
UK,DELETE,not in master list,KR_20_30,B0FRC4P51Z,,10.99,0,Inactive,AMAZON_EU,16/09/2025 23:00:35 BST
UK,DELETE,not in master list,KR_3_15,B0FRC4RTDF,,2.49,0,Inactive,AMAZON_EU,16/09/2025 23:00:35 BST
UK,DELETE,not in master list,KR_5_30,B0FRD9LC4C,,3.49,0,Inactive,AMAZON_EU,16/09/2025 23:00:35 BST
UK,DELETE,not in master list,KW_20_30,B0FR9KBF4P,,33.49,0,Inactive,AMAZON_EU,16/09/2025 14:01:11 BST
UK,DELETE,not in master list,KW_3_15,B0FR9LZJ3X,,7.49,0,Inactive,AMAZON_EU,16/09/2025 14:01:11 BST
UK,DELETE,not in master list,KW_5_30,B0FR9M2TXP,,11.49,0,Inactive,AMAZON_EU,16/09/2025 14:01:11 BST
UK,DELETE,not in master list,KZ_20_30,B0FR9TLNNW,,22.49,0,Inactive,AMAZON_EU,16/09/2025 13:57:01 BST
UK,DELETE,not in master list,KZ_3_15,B0FR9T4DG2,,4.99,0,Inactive,AMAZON_EU,16/09/2025 13:57:01 BST
UK,DELETE,not in master list,KZ_5_30,B0FR9ZMMSH,,7.49,0,Inactive,AMAZON_EU,16/09/2025 13:57:01 BST
UK,DELETE,not in master list,LI_3_15,B0FR9S35ZH,,4.49,0,Inactive,AMAZON_EU,16/09/2025 14:01:51 BST
UK,DELETE,not in master list,LK_20_30,B0FRC2DZN5,,35.99,0,Inactive,AMAZON_EU,16/09/2025 21:04:59 BST
UK,DELETE,not in master list,LK_3_15,B0FRB7Z1NW,,5.49,0,Inactive,AMAZON_EU,16/09/2025 21:05:00 BST
UK,DELETE,not in master list,LK_5_30,B0FRB64B8M,,9.49,0,Inactive,AMAZON_EU,16/09/2025 21:04:59 BST
UK,DELETE,not in master list,LR_3_15,B0FR9H18JQ,,18.99,0,Inactive,AMAZON_EU,16/09/2025 14:01:41 BST
UK,DELETE,not in master list,LR_5_30,B0FR9SJ1YH,,27.99,0,Inactive,AMAZON_EU,16/09/2025 14:01:41 BST
UK,DELETE,not in master list,LT_20_30,B0FR9TQN8N,,22.49,0,Inactive,AMAZON_EU,16/09/2025 14:02:01 BST
UK,DELETE,not in master list,LT_3_15,B0FR9KS3P4,,2.99,0,Inactive,AMAZON_EU,16/09/2025 14:02:01 BST
UK,DELETE,not in master list,LT_5_30,B0FR9R598C,,4.49,0,Inactive,AMAZON_EU,16/09/2025 14:02:01 BST
UK,DELETE,not in master list,LU_20_30,B0FR8XXXZB,,14.49,0,Inactive,AMAZON_EU,16/09/2025 14:10:27 BST
UK,DELETE,not in master list,LU_3_15,B0FR9SHRKM,,2.99,0,Inactive,AMAZON_EU,16/09/2025 14:10:27 BST
UK,DELETE,not in master list,LU_5_30,B0FR9SB862,,4.49,0,Inactive,AMAZON_EU,16/09/2025 14:10:27 BST
UK,DELETE,not in master list,LV_20_30,B0FR9SWN6V,,14.49,0,Inactive,AMAZON_EU,16/09/2025 14:01:31 BST
UK,DELETE,not in master list,LV_3_15,B0FR9VM4K6,,2.99,0,Inactive,AMAZON_EU,16/09/2025 14:01:31 BST
UK,DELETE,not in master list,LV_5_30,B0FR9TR99S,,4.49,0,Inactive,AMAZON_EU,16/09/2025 14:01:31 BST
UK,DELETE,not in master list,MA_20_30,B0FR9M57DY,,24.99,10,Active,AMAZON_EU,16/09/2025 14:17:28 BST
UK,DELETE,not in master list,MA_3_15,B0FR9CFZQR,,6.99,26,Active,AMAZON_EU,16/09/2025 14:17:28 BST
UK,DELETE,not in master list,MA_5_30,B0FR9CDDQ8,,7.49,0,Inactive,AMAZON_EU,16/09/2025 14:17:28 BST
UK,DELETE,not in master list,MC_3_15,B0FR9ZS6GM,,23.49,0,Inactive,AMAZON_EU,16/09/2025 14:12:31 BST
UK,DELETE,not in master list,MC_5_30,B0FR9H1H4M,,34.49,0,Inactive,AMAZON_EU,16/09/2025 14:12:31 BST
UK,DELETE,not in master list,MD_3_15,B0FR9CFQYY,,6.49,0,Inactive,AMAZON_EU,16/09/2025 14:12:22 BST
UK,DELETE,not in master list,ME-13_5_30,B0FR9SYKP6,,34.49,0,Inactive,AMAZON_EU,16/09/2025 14:12:12 BST
UK,DELETE,not in master list,ME_3_15,B0FR9R5HR7,,7.49,0,Inactive,AMAZON_EU,16/09/2025 14:15:45 BST
UK,DELETE,not in master list,MG_3_15,B0FR9H2NS1,,14.99,0,Inactive,AMAZON_EU,16/09/2025 14:10:48 BST
UK,DELETE,not in master list,MK_3_15,B0FRB59DJS,,7.49,0,Inactive,AMAZON_EU,16/09/2025 18:04:30 BST
UK,DELETE,not in master list,MK_5_30,B0FR9WNHHX,,11.49,0,Inactive,AMAZON_EU,16/09/2025 18:04:30 BST
UK,DELETE,not in master list,ML_3_15,B0FR9TRDSY,,23.49,0,Inactive,AMAZON_EU,16/09/2025 14:11:16 BST
UK,DELETE,not in master list,MN_3_15,B0FR9LSYTX,,45.49,0,Inactive,AMAZON_EU,16/09/2025 14:12:41 BST
UK,DELETE,not in master list,MO_20_30,B0FR9CDBN2,,10.99,0,Inactive,AMAZON_EU,16/09/2025 14:10:38 BST
UK,DELETE,not in master list,MO_3_15,B0FR9M485M,,2.49,0,Inactive,AMAZON_EU,16/09/2025 14:10:38 BST
UK,DELETE,not in master list,MO_5_30,B0FR9L9624,,3.49,0,Inactive,AMAZON_EU,16/09/2025 14:10:38 BST
UK,DELETE,not in master list,MT_20_30,B0FR9VL1Q9,,22.49,0,Inactive,AMAZON_EU,16/09/2025 14:11:25 BST
UK,DELETE,not in master list,MT_3_15,B0FR9M3PNR,,3.99,0,Inactive,AMAZON_EU,16/09/2025 14:11:25 BST
UK,DELETE,not in master list,MT_5_30,B0FR9ZSMTC,,7.49,0,Inactive,AMAZON_EU,16/09/2025 14:11:25 BST
UK,DELETE,not in master list,MW_3_15,B0FR9H3JDK,,18.99,0,Inactive,AMAZON_EU,16/09/2025 14:10:57 BST
UK,DELETE,not in master list,MW_5_30,B0FR9GXY24,,27.99,0,Inactive,AMAZON_EU,16/09/2025 14:10:57 BST
UK,DELETE,not in master list,MX_20_30,B0FR9VDSJX,,33.49,0,Inactive,AMAZON_EU,16/09/2025 14:11:45 BST
UK,DELETE,not in master list,MX_3_15,B0FR9SZSTG,,7.49,0,Inactive,AMAZON_EU,16/09/2025 14:11:45 BST
UK,DELETE,not in master list,MX_5_30,B0FR9H2K1C,,11.49,0,Inactive,AMAZON_EU,16/09/2025 14:11:45 BST
UK,DELETE,not in master list,MY_20_30,B0FR9VMWYD,,13.99,9,Active,AMAZON_EU,16/09/2025 14:11:07 BST
UK,DELETE,not in master list,MY_3_15,B0FR9H1Q65,,4.99,20,Active,AMAZON_EU,16/09/2025 14:11:07 BST
UK,DELETE,not in master list,MY_5_30,B0FR9LDGX8,,6.99,20,Active,AMAZON_EU,16/09/2025 14:11:07 BST
UK,DELETE,not in master list,MZ_20_30,B0FR9CFLS7,,83.99,0,Inactive,AMAZON_EU,16/09/2025 14:17:38 BST
UK,DELETE,not in master list,MZ_3_15,B0FRB1M6HK,,18.99,0,Inactive,AMAZON_EU,16/09/2025 14:17:38 BST
UK,DELETE,not in master list,NA-3_1_30,B0FRBVJ97P,,3.49,0,Inactive,AMAZON_EU,16/09/2025 18:04:19 BST
UK,DELETE,not in master list,NA-3_5_30,B0FRBDQ8H5,,11.49,0,Inactive,AMAZON_EU,16/09/2025 18:04:19 BST
UK,DELETE,not in master list,NE_3_15,B0FR9NPT1H,,23.49,0,Inactive,AMAZON_EU,16/09/2025 18:04:00 BST
UK,DELETE,not in master list,NG_3_15,B0FR9X17QY,,14.99,0,Inactive,AMAZON_EU,16/09/2025 18:04:09 BST
UK,DELETE,not in master list,NI_3_15,B0FRB33MPG,,14.99,0,Inactive,AMAZON_EU,16/09/2025 18:03:50 BST
UK,DELETE,not in master list,NL_20_30,B0FR9NG7LB,,16.99,20,Active,AMAZON_EU,16/09/2025 18:03:30 BST
UK,DELETE,not in master list,NL_3_15,B0FRB5GNM2,,4.99,70,Active,AMAZON_EU,16/09/2025 18:03:30 BST
UK,DELETE,not in master list,NL_5_30,B0FR9NHP7Q,,4.49,56,Active,AMAZON_EU,16/09/2025 18:03:30 BST
UK,DELETE,not in master list,NO_20_30,B0FRB572L8,,10.99,0,Inactive,AMAZON_EU,16/09/2025 18:04:40 BST
UK,DELETE,not in master list,NO_3_15,B0FR9WNK2H,,2.49,0,Inactive,AMAZON_EU,16/09/2025 18:04:40 BST
UK,DELETE,not in master list,NO_5_30,B0FRBNPZ9D,,3.49,0,Inactive,AMAZON_EU,16/09/2025 18:04:40 BST
UK,DELETE,not in master list,NP_3_15,B0FRB1TD7L,,27.99,0,Inactive,AMAZON_EU,16/09/2025 18:03:20 BST
UK,DELETE,not in master list,NZ_20_30,B0FRB1TWT8,,18.49,0,Inactive,AMAZON_EU,16/09/2025 18:03:41 BST
UK,DELETE,not in master list,NZ_3_15,B0FR9NKXF5,,3.99,0,Inactive,AMAZON_EU,16/09/2025 18:03:41 BST
UK,DELETE,not in master list,NZ_5_30,B0FR9NHFWQ,,6.99,0,Inactive,AMAZON_EU,16/09/2025 18:03:41 BST
UK,DELETE,not in master list,OM_20_30,B0FRB4R3FK,,59.99,0,Inactive,AMAZON_EU,16/09/2025 18:06:53 BST
UK,DELETE,not in master list,OM_3_15,B0FRB4BL4W,,11.49,0,Inactive,AMAZON_EU,16/09/2025 18:06:53 BST
UK,DELETE,not in master list,PA_3_15,B0FRB3VFW6,,14.99,0,Inactive,AMAZON_EU,16/09/2025 18:07:14 BST
UK,DELETE,not in master list,PH_20_30,B0FRB4K2D4,,28.99,10,Active,AMAZON_EU,16/09/2025 18:07:43 BST
UK,DELETE,not in master list,PH_3_15,B0FRB1GVXK,,7.99,19,Active,AMAZON_EU,16/09/2025 18:07:43 BST
UK,DELETE,not in master list,PH_5_30,B0FRB4VCKG,,10.99,20,Active,AMAZON_EU,16/09/2025 18:07:43 BST
UK,DELETE,not in master list,PK_20_30,B0FRB691X8,,26.49,0,Inactive,AMAZON_EU,16/09/2025 18:07:02 BST
UK,DELETE,not in master list,PK_3_15,B0FRB4HL3B,,6.49,0,Inactive,AMAZON_EU,16/09/2025 18:07:02 BST
UK,DELETE,not in master list,PK_5_30,B0FRB48QKZ,,9.49,0,Inactive,AMAZON_EU,16/09/2025 18:07:02 BST
UK,DELETE,not in master list,PL_20_30,B0FRB5HSK7,,13.99,20,Active,AMAZON_EU,16/09/2025 18:07:52 BST
UK,DELETE,not in master list,PL_3_15,B0FRB4JVKR,,4.99,70,Active,AMAZON_EU,16/09/2025 18:07:52 BST
UK,DELETE,not in master list,PL_5_30,B0FRBDPQ9J,,3.49,52,Active,AMAZON_EU,16/09/2025 18:07:52 BST
UK,DELETE,not in master list,PR_3_15,B0FRB5MSF1,,9.49,0,Inactive,AMAZON_EU,16/09/2025 18:08:42 BST
UK,DELETE,not in master list,PR_5_30,B0FR9WMX9V,,14.49,0,Inactive,AMAZON_EU,16/09/2025 18:08:42 BST
UK,DELETE,not in master list,PT_20_30,B0FRB354KV,,16.99,27,Active,AMAZON_EU,16/09/2025 18:08:32 BST
UK,DELETE,not in master list,PT_3_15,B0FRB4314T,,4.99,89,Active,AMAZON_EU,16/09/2025 18:08:32 BST
UK,DELETE,not in master list,PT_5_30,B0FRB4X799,,4.49,73,Active,AMAZON_EU,16/09/2025 18:08:32 BST
UK,DELETE,not in master list,PY_3_15,B0FRB3V7CS,,14.99,0,Inactive,AMAZON_EU,16/09/2025 18:07:24 BST
UK,DELETE,not in master list,QA_20_30,B0FR9X3QGM,,53.49,0,Inactive,AMAZON_EU,16/09/2025 18:10:11 BST
UK,DELETE,not in master list,QA_3_15,B0FR9NXH43,,11.99,0,Inactive,AMAZON_EU,16/09/2025 18:10:11 BST
UK,DELETE,not in master list,QA_5_30,B0FR9X5KB1,,18.49,0,Inactive,AMAZON_EU,16/09/2025 18:10:11 BST
UK,DELETE,not in master list,RE_3_15,B0FRB3KCNQ,,9.49,0,Inactive,AMAZON_EU,16/09/2025 18:10:21 BST
UK,DELETE,not in master list,RE_5_30,B0FRB47TQW,,14.49,0,Inactive,AMAZON_EU,16/09/2025 18:10:21 BST
UK,DELETE,not in master list,RS_20_30,B0FRB5K8JC,,42.49,0,Inactive,AMAZON_EU,16/09/2025 18:17:07 BST
UK,DELETE,not in master list,RS_3_15,B0FRB5TJV2,,9.49,0,Inactive,AMAZON_EU,16/09/2025 18:17:07 BST
UK,DELETE,not in master list,SA-18_5_30,B0FRB8D7HC,,27.99,0,Inactive,AMAZON_EU,16/09/2025 21:04:29 BST
UK,DELETE,not in master list,SA_20_30,B0FRB5PZTS,,42.49,0,Inactive,AMAZON_EU,16/09/2025 18:13:26 BST
UK,DELETE,not in master list,SA_3_15,B0FRB3N2KL,,7.99,0,Inactive,AMAZON_EU,16/09/2025 18:13:26 BST
UK,DELETE,not in master list,SA_5_30,B0FRB1SRZY,,13.49,0,Inactive,AMAZON_EU,16/09/2025 18:13:26 BST
UK,DELETE,not in master list,SC_3_15,B0FRB55T3H,,14.99,0,Inactive,AMAZON_EU,16/09/2025 18:17:16 BST
UK,DELETE,not in master list,SC_5_30,B0FR9P7N6M,,22.99,0,Inactive,AMAZON_EU,16/09/2025 18:17:16 BST
UK,DELETE,not in master list,SD_3_15,B0FRCKTXNQ,,35.99,0,Inactive,AMAZON_EU,16/09/2025 21:05:10 BST
UK,DELETE,not in master list,SD_5_30,B0FRC799N3,,54.49,0,Inactive,AMAZON_EU,16/09/2025 21:05:10 BST
UK,DELETE,not in master list,SE_20_30,B0FRB7X5SP,,14.49,0,Inactive,AMAZON_EU,16/09/2025 21:05:29 BST
UK,DELETE,not in master list,SE_3_15,B0FRCC6W9S,,2.99,0,Inactive,AMAZON_EU,16/09/2025 21:05:29 BST
UK,DELETE,not in master list,SE_5_30,B0FRCS524D,,4.49,0,Inactive,AMAZON_EU,16/09/2025 21:05:29 BST
UK,DELETE,not in master list,SG_20_30,B0FRB256K8,,14.99,10,Active,AMAZON_EU,16/09/2025 18:17:25 BST
UK,DELETE,not in master list,SG_5_30,B0FR9X3Y3R,,7.99,20,Active,AMAZON_EU,16/09/2025 18:17:25 BST
UK,DELETE,not in master list,SI_20_30,B0FR9X15V2,,14.49,0,Inactive,AMAZON_EU,16/09/2025 18:17:43 BST
UK,DELETE,not in master list,SI_3_15,B0FR9XCF27,,2.99,0,Inactive,AMAZON_EU,16/09/2025 18:17:43 BST
UK,DELETE,not in master list,SI_5_30,B0FRB3SJMR,,4.49,0,Inactive,AMAZON_EU,16/09/2025 18:17:43 BST
UK,DELETE,not in master list,SK_20_30,B0FRB14YYC,,14.49,0,Inactive,AMAZON_EU,16/09/2025 18:17:35 BST
UK,DELETE,not in master list,SK_3_15,B0FR9XC4BW,,2.99,0,Inactive,AMAZON_EU,16/09/2025 18:17:35 BST
UK,DELETE,not in master list,SK_5_30,B0FRB2X84M,,4.49,0,Inactive,AMAZON_EU,16/09/2025 18:17:35 BST
UK,DELETE,not in master list,SN_3_15,B0FRB4HX92,,24.99,30,Active,AMAZON_EU,16/09/2025 18:13:36 BST
UK,DELETE,not in master list,SN_5_30,B0FRB68H77,,36.99,20,Active,AMAZON_EU,16/09/2025 18:13:36 BST
UK,DELETE,not in master list,SV_3_15,B0FR9LJ7X4,,18.99,0,Inactive,AMAZON_EU,16/09/2025 13:23:42 BST
UK,DELETE,not in master list,TD_3_15,B0FR9SG4MK,,18.99,0,Inactive,AMAZON_EU,16/09/2025 12:32:49 BST
UK,DELETE,not in master list,TD_5_30,B0FR9L414C,,27.99,0,Inactive,AMAZON_EU,16/09/2025 12:32:49 BST
UK,DELETE,not in master list,TH_20_30,B0FRCHW3MW,,14.99,0,Inactive,AMAZON_EU,16/09/2025 21:10:17 BST
UK,DELETE,not in master list,TH_3_15,B0FRCDPJSH,,5.99,0,Inactive,AMAZON_EU,16/09/2025 21:10:17 BST
UK,DELETE,not in master list,TH_5_30,B0FR9Q5D1J,,3.49,0,Inactive,AMAZON_EU,16/09/2025 21:10:17 BST
UK,DELETE,not in master list,TN_5_30,B0FRB7Q96Z,,11.99,0,Inactive,AMAZON_EU,16/09/2025 21:10:28 BST
UK,DELETE,not in master list,TR_20_30,B0FRCYMWCX,,13.99,0,Inactive,AMAZON_EU,16/09/2025 21:10:38 BST
UK,DELETE,not in master list,TR_3_15,B0FRC2PSHM,,4.99,0,Inactive,AMAZON_EU,16/09/2025 21:10:38 BST
UK,DELETE,not in master list,TR_5_30,B0FRCBZ1BB,,3.49,0,Inactive,AMAZON_EU,16/09/2025 21:10:38 BST
UK,DELETE,not in master list,TZ_3_15,B0FRC81NPJ,,21.99,0,Inactive,AMAZON_EU,16/09/2025 21:10:08 BST
UK,DELETE,not in master list,UA_3_15,B0FRB9SBFR,,2.49,0,Inactive,AMAZON_EU,16/09/2025 21:10:59 BST
UK,DELETE,not in master list,UA_5_30,B0FRC2NRKG,,3.49,0,Inactive,AMAZON_EU,16/09/2025 21:10:59 BST
UK,DELETE,not in master list,UG_3_15,B0FRB7F7Z9,,18.99,0,Inactive,AMAZON_EU,16/09/2025 21:10:49 BST
UK,DELETE,not in master list,US_3_15,B0FRCFXK3V,,5.99,0,Inactive,AMAZON_EU,16/09/2025 21:11:28 BST
UK,DELETE,not in master list,US_5_30,B0FRC2PQ8H,,4.99,0,Inactive,AMAZON_EU,16/09/2025 21:11:28 BST
UK,DELETE,not in master list,UY_3_15,B0FRB7LHGN,,14.99,0,Inactive,AMAZON_EU,16/09/2025 21:11:38 BST
UK,DELETE,not in master list,UZ_5_30,B0FRBWFZ6M,,7.49,0,Inactive,AMAZON_EU,16/09/2025 21:12:55 BST
UK,DELETE,not in master list,VN_20_30,B0FRC2NKC4,,25.49,0,Inactive,AMAZON_EU,16/09/2025 21:13:03 BST
UK,DELETE,not in master list,VN_3_15,B0FRBR2DHW,,7.99,0,Inactive,AMAZON_EU,16/09/2025 21:13:03 BST
UK,DELETE,not in master list,VN_5_30,B0FRCBXRGV,,11.99,0,Inactive,AMAZON_EU,16/09/2025 21:13:03 BST
UK,DELETE,not in master list,ZA_10_30,B0FRB4RSW2,,23.99,26,Active,AMAZON_EU,16/09/2025 18:17:53 BST
UK,DELETE,not in master list,ZA_5_30,B0FRB3R6F3,,14.99,37,Active,AMAZON_EU,16/09/2025 18:17:53 BST
UK,DELETE,not in master list,ZM_3_15,B0FRC2NSM2,,19.99,0,Inactive,AMAZON_EU,16/09/2025 21:13:20 BST
UK,DELETE,not in master list,ZM_5_30,B0FRCL97L4,,28.99,0,Inactive,AMAZON_EU,16/09/2025 21:13:20 BST
UK,KEEP,in master list,AALAND-ISLANDS-20GB-30D,B0FR39Q1KJ,,28.99,0,Inactive,AMAZON_EU,25/06/2026 16:39:29 BST
UK,KEEP,in master list,AALAND-ISLANDS-3GB-15D,B0FR3CCSMB,,7.99,0,Inactive,AMAZON_EU,25/06/2026 16:38:38 BST
UK,KEEP,in master list,AALAND-ISLANDS-5GB-30D,B0FR3G6JWB,,11.99,0,Inactive,AMAZON_EU,25/06/2026 16:39:04 BST
UK,KEEP-PARENT,variation parent in Google Sheet,AALAND-ISLANDS-ESIM,B0H6N6NL31,,,0,Incomplete,DEFAULT,25/06/2026 16:38:34 BST
UK,KEEP,in master list,AFRICA-5GB-30D,B0FR3GK9Z7,,24.99,0,Inactive,AMAZON_EU,25/06/2026 16:39:59 BST
UK,KEEP-PARENT,variation parent in Google Sheet,AFRICA-ESIM,B0H6N8MGDN,,,0,Incomplete,DEFAULT,25/06/2026 16:39:55 BST
UK,KEEP,in master list,ALBANIA-5GB-30D,B0FR4ZG3Z6,,8.99,0,Inactive,AMAZON_EU,25/06/2026 16:40:28 BST
UK,KEEP-PARENT,variation parent in Google Sheet,ALBANIA-ESIM,B0H6N6QPH3,,,0,Incomplete,DEFAULT,25/06/2026 16:40:25 BST
UK,KEEP,in master list,ALGERIA-20GB-30D,B0H6M5TDMD,,22.99,0,Inactive,AMAZON_EU,25/06/2026 09:30:09 BST
UK,KEEP,in master list,ALGERIA-3GB-15D,B0H6M9R3WH,,7.99,0,Inactive,AMAZON_EU,25/06/2026 09:29:17 BST
UK,KEEP,in master list,ALGERIA-5GB-30D,B0H6MDYKG8,,9.99,0,Inactive,AMAZON_EU,25/06/2026 09:29:43 BST
UK,KEEP-PARENT,variation parent in Google Sheet,ALGERIA-ESIM,B0H6MCVYRB,,,0,Incomplete,DEFAULT,25/06/2026 09:29:14 BST
UK,KEEP,in master list,ANDORRA-20GB-30D,B0H6MJ97WC,,37.99,0,Inactive,AMAZON_EU,25/06/2026 09:31:29 BST
UK,KEEP,in master list,ANDORRA-3GB-15D,B0H6MBPRYN,,12.99,0,Inactive,AMAZON_EU,25/06/2026 09:30:38 BST
UK,KEEP,in master list,ANDORRA-5GB-30D,B0H6M5P65S,,13.99,0,Inactive,AMAZON_EU,25/06/2026 09:31:04 BST
UK,KEEP-PARENT,variation parent in Google Sheet,ANDORRA-ESIM,B0H6M5SWJ9,,,0,Incomplete,DEFAULT,25/06/2026 09:30:35 BST
UK,KEEP,in master list,ANGOLA-3GB-15D,B0H6M5RWZH,,29.99,0,Inactive,AMAZON_EU,25/06/2026 09:31:58 BST
UK,KEEP,in master list,ANGOLA-5GB-30D,B0H6MKZSB4,,49.99,0,Inactive,AMAZON_EU,25/06/2026 09:32:24 BST
UK,KEEP-PARENT,variation parent in Google Sheet,ANGOLA-ESIM,B0H6M8CHGX,,,0,Incomplete,DEFAULT,25/06/2026 09:31:55 BST
UK,KEEP,in master list,ANGUILLA-20GB-30D,B0H6MHMZY8,,74.99,0,Inactive,AMAZON_EU,25/06/2026 09:33:44 BST
UK,KEEP,in master list,ANGUILLA-3GB-15D,B0H6M7X7QY,,20.99,0,Inactive,AMAZON_EU,25/06/2026 09:32:53 BST
UK,KEEP,in master list,ANGUILLA-5GB-30D,B0H6MFJ63H,,27.99,0,Inactive,AMAZON_EU,25/06/2026 09:33:19 BST
UK,KEEP-PARENT,variation parent in Google Sheet,ANGUILLA-ESIM,B0H6MDNLSB,,,0,Incomplete,DEFAULT,25/06/2026 09:32:50 BST
UK,KEEP,in master list,ANTIGUA-AND-BARBUDA-20GB-30D,B0H6M2MQJB,,84.99,0,Inactive,AMAZON_EU,25/06/2026 09:35:05 BST
UK,KEEP,in master list,ANTIGUA-AND-BARBUDA-3GB-15D,B0H6MBBFLQ,,22.99,0,Inactive,AMAZON_EU,25/06/2026 09:34:14 BST
UK,KEEP,in master list,ANTIGUA-AND-BARBUDA-5GB-30D,B0H6MCR5F9,,29.99,0,Inactive,AMAZON_EU,25/06/2026 09:34:39 BST
UK,KEEP-PARENT,variation parent in Google Sheet,ANTIGUA-AND-BARBUDA-ESIM,B0H6MBXMJ2,,,0,Incomplete,DEFAULT,25/06/2026 09:34:10 BST
UK,KEEP,in master list,ARGENTINA-20GB-30D,B0FR5DCH33,,31.99,0,Inactive,AMAZON_EU,25/06/2026 16:41:23 BST
UK,KEEP,in master list,ARGENTINA-3GB-15D,B0FR554SXN,,10.99,0,Inactive,AMAZON_EU,25/06/2026 16:40:58 BST
UK,KEEP-PARENT,variation parent in Google Sheet,ARGENTINA-ESIM,B0H6N6GB9C,,,0,Incomplete,DEFAULT,25/06/2026 16:40:54 BST
UK,KEEP,in master list,ARMENIA-20GB-30D,B0FR4ZT5XT,,26.99,0,Inactive,AMAZON_EU,25/06/2026 16:42:18 BST
UK,KEEP,in master list,ARMENIA-3GB-15D,B0FR5BK9R4,,7.99,0,Inactive,AMAZON_EU,25/06/2026 16:41:52 BST
UK,KEEP-PARENT,variation parent in Google Sheet,ARMENIA-ESIM,B0H6N4JHZX,,,0,Incomplete,DEFAULT,25/06/2026 16:41:49 BST
UK,KEEP,in master list,ASIA-20-3GB-15D,B0FR9FZ4RF,,10.99,0,Inactive,AMAZON_EU,25/06/2026 16:42:46 BST
UK,KEEP,in master list,ASIA-20-5GB-30D,B0FR9BQNSV,,11.99,0,Inactive,AMAZON_EU,25/06/2026 16:43:12 BST
UK,KEEP-PARENT,variation parent in Google Sheet,ASIA-20-ESIM,B0H6N6MVHC,,,0,Incomplete,DEFAULT,25/06/2026 16:42:43 BST
UK,KEEP,in master list,AUSTRALIA-20GB-30D,B0FR9G1ZQJ,,12.99,0,Inactive,AMAZON_EU,25/06/2026 16:44:33 BST
UK,KEEP,in master list,AUSTRALIA-3GB-15D,B0FR9SKY4D,,6.99,50,Active,AMAZON_EU,25/06/2026 16:43:41 BST
UK,KEEP,in master list,AUSTRALIA-5GB-30D,B0FR9JRB62,,7.99,49,Active,AMAZON_EU,25/06/2026 16:44:07 BST
UK,KEEP-PARENT,variation parent in Google Sheet,AUSTRALIA-ESIM,B0H6NC849Z,,,0,Incomplete,DEFAULT,25/06/2026 16:43:38 BST
UK,KEEP,in master list,AUSTRIA-20GB-30D,B0FR8XBSBP,,12.99,0,Inactive,AMAZON_EU,25/06/2026 16:45:53 BST
UK,KEEP,in master list,AUSTRIA-3GB-15D,B0FR9QSMSP,,6.99,0,Inactive,AMAZON_EU,25/06/2026 16:45:02 BST
UK,KEEP,in master list,AUSTRIA-5GB-30D,B0FR8XCH78,,7.99,0,Inactive,AMAZON_EU,25/06/2026 16:45:27 BST
UK,KEEP-PARENT,variation parent in Google Sheet,AUSTRIA-ESIM,B0H6N9HLS9,,,0,Incomplete,DEFAULT,25/06/2026 16:44:59 BST
UK,KEEP,in master list,AZERBAIJAN-3GB-15D,B0FR9BTC98,,10.99,0,Inactive,AMAZON_EU,25/06/2026 16:46:22 BST
UK,KEEP-PARENT,variation parent in Google Sheet,AZERBAIJAN-ESIM,B0H6MYNTG6,,,0,Incomplete,DEFAULT,25/06/2026 16:46:18 BST
UK,KEEP,in master list,BAHAMAS-20GB-30D,B0H6MCPR9P,,104.99,0,Inactive,AMAZON_EU,25/06/2026 09:36:24 BST
UK,KEEP,in master list,BAHAMAS-3GB-15D,B0H6MB828R,,27.99,0,Inactive,AMAZON_EU,25/06/2026 09:35:34 BST
UK,KEEP,in master list,BAHAMAS-5GB-30D,B0H6MFGH8P,,36.99,0,Inactive,AMAZON_EU,25/06/2026 09:35:59 BST
UK,KEEP-PARENT,variation parent in Google Sheet,BAHAMAS-ESIM,B0H6MHZKZJ,,,0,Incomplete,DEFAULT,25/06/2026 09:35:30 BST
UK,KEEP,in master list,BAHRAIN-3GB-15D,B0FR9K64KF,,8.99,0,Inactive,AMAZON_EU,25/06/2026 16:46:51 BST
UK,KEEP-PARENT,variation parent in Google Sheet,BAHRAIN-ESIM,B0H6N1YGHF,,,0,Incomplete,DEFAULT,25/06/2026 16:46:48 BST
UK,KEEP,in master list,BANGLADESH-20GB-30D,B0FR8FJ3HJ,,19.99,0,Inactive,AMAZON_EU,25/06/2026 16:48:11 BST
UK,KEEP,in master list,BANGLADESH-3GB-15D,B0FR9L7SG3,,7.99,0,Inactive,AMAZON_EU,25/06/2026 16:47:20 BST
UK,KEEP,in master list,BANGLADESH-5GB-30D,B0FR9BQFCM,,8.99,0,Inactive,AMAZON_EU,25/06/2026 16:47:45 BST
UK,KEEP-PARENT,variation parent in Google Sheet,BANGLADESH-ESIM,B0H6N43BLC,,,0,Incomplete,DEFAULT,25/06/2026 16:47:16 BST
UK,KEEP,in master list,BARBADOS-20GB-30D,B0H6MJ921X,,72.99,0,Inactive,AMAZON_EU,25/06/2026 09:37:45 BST
UK,KEEP,in master list,BARBADOS-3GB-15D,B0H6MCD72X,,19.99,0,Inactive,AMAZON_EU,25/06/2026 09:36:53 BST
UK,KEEP,in master list,BARBADOS-5GB-30D,B0H6MG6VYJ,,26.99,0,Inactive,AMAZON_EU,25/06/2026 09:37:19 BST
UK,KEEP-PARENT,variation parent in Google Sheet,BARBADOS-ESIM,B0H6M5B4PV,,,0,Incomplete,DEFAULT,25/06/2026 09:36:50 BST
UK,KEEP,in master list,BELARUS-3GB-15D,B0FR9G3Z82,,7.99,0,Inactive,AMAZON_EU,25/06/2026 16:48:40 BST
UK,KEEP,in master list,BELARUS-5GB-30D,B0FR8FFT4D,,9.99,0,Inactive,AMAZON_EU,25/06/2026 16:49:05 BST
UK,KEEP-PARENT,variation parent in Google Sheet,BELARUS-ESIM,B0H6NGTGVY,,,0,Incomplete,DEFAULT,25/06/2026 16:48:36 BST
UK,KEEP,in master list,BELGIUM-20GB-30D,B0FR9BVRCH,,12.99,30,Active,AMAZON_EU,25/06/2026 16:50:25 BST
UK,KEEP,in master list,BELGIUM-3GB-15D,B0FR9G432K,,6.99,60,Active,AMAZON_EU,25/06/2026 16:49:34 BST
UK,KEEP,in master list,BELGIUM-5GB-30D,B0FR9SXCW6,,7.99,60,Active,AMAZON_EU,25/06/2026 16:49:59 BST
UK,KEEP-PARENT,variation parent in Google Sheet,BELGIUM-ESIM,B0H6N8NLLD,,,0,Incomplete,DEFAULT,25/06/2026 16:49:31 BST
UK,KEEP,in master list,BELIZE-20GB-30D,B0H6MBSQM8,,124.99,0,Inactive,AMAZON_EU,25/06/2026 09:39:05 BST
UK,KEEP,in master list,BELIZE-3GB-15D,B0H6MFPNTX,,27.99,0,Inactive,AMAZON_EU,25/06/2026 09:38:14 BST
UK,KEEP,in master list,BELIZE-5GB-30D,B0H6MF1H4V,,45.99,0,Inactive,AMAZON_EU,25/06/2026 09:38:39 BST
UK,KEEP-PARENT,variation parent in Google Sheet,BELIZE-ESIM,B0H6M99KY5,,,0,Incomplete,DEFAULT,25/06/2026 09:38:10 BST
UK,KEEP,in master list,BENIN-20GB-30D,B0H6M7VGSZ,,65.99,0,Inactive,AMAZON_EU,25/06/2026 09:40:24 BST
UK,KEEP,in master list,BENIN-3GB-15D,B0H6M9YHDR,,15.99,0,Inactive,AMAZON_EU,25/06/2026 09:39:34 BST
UK,KEEP,in master list,BENIN-5GB-30D,B0H6MHRNBH,,26.99,0,Inactive,AMAZON_EU,25/06/2026 09:39:59 BST
UK,KEEP-PARENT,variation parent in Google Sheet,BENIN-ESIM,B0H6M6CDVM,,,0,Incomplete,DEFAULT,25/06/2026 09:39:30 BST
UK,KEEP,in master list,BERMUDA-20GB-30D,B0H6MCGQ77,,86.99,0,Inactive,AMAZON_EU,25/06/2026 09:41:44 BST
UK,KEEP,in master list,BERMUDA-3GB-15D,B0H6MDMTGH,,21.99,0,Inactive,AMAZON_EU,25/06/2026 09:40:53 BST
UK,KEEP,in master list,BERMUDA-5GB-30D,B0H6MFM5X4,,28.99,0,Inactive,AMAZON_EU,25/06/2026 09:41:19 BST
UK,KEEP-PARENT,variation parent in Google Sheet,BERMUDA-ESIM,B0H6MJ7G7N,,,0,Incomplete,DEFAULT,25/06/2026 09:40:50 BST
UK,KEEP,in master list,BHUTAN-20GB-30D,B0H6M5WDSH,,49.99,0,Inactive,AMAZON_EU,25/06/2026 09:43:05 BST
UK,KEEP,in master list,BHUTAN-3GB-15D,B0H6MJB588,,14.99,0,Inactive,AMAZON_EU,25/06/2026 09:42:14 BST
UK,KEEP,in master list,BHUTAN-5GB-30D,B0H6M9C23Q,,16.99,0,Inactive,AMAZON_EU,25/06/2026 09:42:39 BST
UK,KEEP-PARENT,variation parent in Google Sheet,BHUTAN-ESIM,B0H6MCGM2D,,,0,Incomplete,DEFAULT,25/06/2026 09:42:10 BST
UK,KEEP,in master list,BOLIVIA-20GB-30D,B0FR9RH588,,76.99,0,Inactive,AMAZON_EU,25/06/2026 16:51:19 BST
UK,KEEP,in master list,BOLIVIA-3GB-15D,B0FR8FKPKH,,20.99,0,Inactive,AMAZON_EU,25/06/2026 16:50:54 BST
UK,KEEP-PARENT,variation parent in Google Sheet,BOLIVIA-ESIM,B0H6N6Q5XX,,,0,Incomplete,DEFAULT,25/06/2026 16:50:50 BST
UK,KEEP,in master list,BOSNIA-AND-HERZEGOVINA-3GB-15D,B0FR9G8ZVK,,9.99,0,Inactive,AMAZON_EU,25/06/2026 16:51:48 BST
UK,KEEP-PARENT,variation parent in Google Sheet,BOSNIA-AND-HERZEGOVINA-ESIM,B0H6N894S2,,,0,Incomplete,DEFAULT,25/06/2026 16:51:45 BST
UK,KEEP,in master list,BOTSWANA-3GB-15D,B0FR9G7N2Q,,19.99,0,Inactive,AMAZON_EU,25/06/2026 16:52:17 BST
UK,KEEP-PARENT,variation parent in Google Sheet,BOTSWANA-ESIM,B0H6N7V9SC,,,0,Incomplete,DEFAULT,25/06/2026 16:52:14 BST
UK,KEEP,in master list,BRAZIL-20GB-30D,B0FR9KLZCR,,28.99,0,Inactive,AMAZON_EU,25/06/2026 16:53:12 BST
UK,KEEP,in master list,BRAZIL-3GB-15D,B0FR9G5LKV,,8.99,0,Inactive,AMAZON_EU,25/06/2026 16:52:46 BST
UK,KEEP-PARENT,variation parent in Google Sheet,BRAZIL-ESIM,B0H6N921BB,,,0,Incomplete,DEFAULT,25/06/2026 16:52:42 BST
UK,KEEP,in master list,BRUNEI-DARUSSALAM-20GB-30D,B0FR9F971C,,56.99,0,Inactive,AMAZON_EU,25/06/2026 16:54:06 BST
UK,KEEP,in master list,BRUNEI-DARUSSALAM-3GB-15D,B0FR9KTJND,,11.99,0,Inactive,AMAZON_EU,25/06/2026 16:53:40 BST
UK,KEEP-PARENT,variation parent in Google Sheet,BRUNEI-DARUSSALAM-ESIM,B0H6N5YWJ7,,,0,Incomplete,DEFAULT,25/06/2026 16:53:37 BST
UK,KEEP,in master list,BULGARIA-3GB-15D,B0H6MCT4Y5,,6.99,0,Inactive,AMAZON_EU,25/06/2026 09:27:53 BST
UK,KEEP-PARENT,variation parent in Google Sheet,BULGARIA-ESIM,B0H6MFQ1XQ,,,0,Incomplete,DEFAULT,25/06/2026 09:27:50 BST
UK,KEEP,in master list,BURKINA-FASO-3GB-15D,B0FR9HWFSK,,10.99,0,Inactive,AMAZON_EU,25/06/2026 16:54:35 BST
UK,KEEP,in master list,BURKINA-FASO-5GB-30D,B0FR9BWKSY,,24.99,0,Inactive,AMAZON_EU,25/06/2026 16:55:00 BST
UK,KEEP-PARENT,variation parent in Google Sheet,BURKINA-FASO-ESIM,B0H6N1XXLH,,,0,Incomplete,DEFAULT,25/06/2026 16:54:31 BST
UK,KEEP,in master list,CAMBODIA-20GB-30D,B0FR9GFJPL,,22.99,0,Inactive,AMAZON_EU,25/06/2026 17:00:31 BST
UK,KEEP,in master list,CAMBODIA-3GB-15D,B0FR8XKMJ4,,7.99,0,Inactive,AMAZON_EU,25/06/2026 17:00:05 BST
UK,KEEP-PARENT,variation parent in Google Sheet,CAMBODIA-ESIM,B0H6NB2LQ1,,,0,Incomplete,DEFAULT,25/06/2026 17:00:02 BST
UK,KEEP,in master list,CAMEROON-3GB-15D,B0FR9VJ1ZB,,17.99,0,Inactive,AMAZON_EU,25/06/2026 16:55:29 BST
UK,KEEP-PARENT,variation parent in Google Sheet,CAMEROON-ESIM,B0H6N8CK56,,,0,Incomplete,DEFAULT,25/06/2026 16:55:26 BST
UK,KEEP,in master list,CANADA-PREMIUM-20GB-30D,B0H6MJ9N4Y,,24.99,0,Inactive,AMAZON_EU,25/06/2026 10:38:12 BST
UK,KEEP,in master list,CANADA-PREMIUM-3GB-15D,B0H6MJ1HMJ,,8.99,0,Inactive,AMAZON_EU,25/06/2026 10:37:21 BST
UK,KEEP,in master list,CANADA-PREMIUM-5GB-30D,B0H6MPXGBN,,12.99,0,Inactive,AMAZON_EU,25/06/2026 10:37:47 BST
UK,KEEP-PARENT,variation parent in Google Sheet,CANADA-PREMIUM-ESIM,B0H6MFCSV2,,,0,Incomplete,DEFAULT,25/06/2026 10:37:18 BST
UK,KEEP,in master list,CAPE-VERDE-20GB-30D,B0H6M9VSPG,,139.99,0,Inactive,AMAZON_EU,25/06/2026 09:44:25 BST
UK,KEEP,in master list,CAPE-VERDE-3GB-15D,B0H6M9R16H,,27.99,0,Inactive,AMAZON_EU,25/06/2026 09:43:34 BST
UK,KEEP,in master list,CAPE-VERDE-5GB-30D,B0H6MFG453,,46.99,0,Inactive,AMAZON_EU,25/06/2026 09:43:59 BST
UK,KEEP-PARENT,variation parent in Google Sheet,CAPE-VERDE-ESIM,B0H6M9N1NN,,,0,Incomplete,DEFAULT,25/06/2026 09:43:30 BST
UK,KEEP,in master list,CAYMAN-ISLANDS-20GB-30D,B0H6MGXYNS,,81.99,0,Inactive,AMAZON_EU,25/06/2026 09:45:44 BST
UK,KEEP,in master list,CAYMAN-ISLANDS-3GB-15D,B0H6MLHBD7,,22.99,0,Inactive,AMAZON_EU,25/06/2026 09:44:54 BST
UK,KEEP,in master list,CAYMAN-ISLANDS-5GB-30D,B0H6M55MKK,,29.99,0,Inactive,AMAZON_EU,25/06/2026 09:45:19 BST
UK,KEEP-PARENT,variation parent in Google Sheet,CAYMAN-ISLANDS-ESIM,B0H6MH7GN4,,,0,Incomplete,DEFAULT,25/06/2026 09:44:50 BST
UK,KEEP,in master list,CENTRAL-AFRICAN-REPUBLIC-3GB-15D,B0FR9RK8FP,,17.99,0,Inactive,AMAZON_EU,25/06/2026 16:55:58 BST
UK,KEEP,in master list,CENTRAL-AFRICAN-REPUBLIC-5GB-30D,B0FR9R3NMC,,28.99,0,Inactive,AMAZON_EU,25/06/2026 16:56:23 BST
UK,KEEP-PARENT,variation parent in Google Sheet,CENTRAL-AFRICAN-REPUBLIC-ESIM,B0H6N5WHB2,,,0,Incomplete,DEFAULT,25/06/2026 16:55:54 BST
UK,KEEP,in master list,CHAD-3GB-15D,B0FR9SG4MK,,14.99,0,Inactive,AMAZON_EU,25/06/2026 16:56:52 BST
UK,KEEP,in master list,CHAD-5GB-30D,B0FR9L414C,,23.99,0,Inactive,AMAZON_EU,25/06/2026 16:57:18 BST
UK,KEEP-PARENT,variation parent in Google Sheet,CHAD-ESIM,B0H6MYNXWW,,,0,Incomplete,DEFAULT,25/06/2026 16:56:49 BST
UK,KEEP,in master list,CHILE-3GB-15D,B0FR9RY1RT,,11.99,0,Inactive,AMAZON_EU,25/06/2026 16:57:46 BST
UK,KEEP-PARENT,variation parent in Google Sheet,CHILE-ESIM,B0H6NJW3R6,,,0,Incomplete,DEFAULT,25/06/2026 16:57:43 BST
UK,KEEP,in master list,CHINA-20GB-30D,B0FR9GD6X9,,15.99,0,Inactive,AMAZON_EU,25/06/2026 16:59:07 BST
UK,KEEP,in master list,CHINA-3GB-15D,B0FR9QZ578,,6.99,25,Active,AMAZON_EU,25/06/2026 16:58:16 BST
UK,KEEP,in master list,CHINA-5GB-30D,B0FR9HX7XH,,7.99,24,Active,AMAZON_EU,25/06/2026 16:58:42 BST
UK,KEEP-PARENT,variation parent in Google Sheet,CHINA-ESIM,B0H6NB3PJ9,,,0,Incomplete,DEFAULT,25/06/2026 16:58:13 BST
UK,KEEP,in master list,COLOMBIA-3GB-15D,B0FR9RL8W5,,11.99,0,Inactive,AMAZON_EU,25/06/2026 16:59:36 BST
UK,KEEP-PARENT,variation parent in Google Sheet,COLOMBIA-ESIM,B0H6N3RQF8,,,0,Incomplete,DEFAULT,25/06/2026 16:59:33 BST
UK,KEEP,in master list,COSTA-RICA-3GB-15D,B0FR9LNRMN,,12.99,0,Inactive,AMAZON_EU,25/06/2026 17:00:59 BST
UK,KEEP-PARENT,variation parent in Google Sheet,COSTA-RICA-ESIM,B0H6N7F2Q4,,,0,Incomplete,DEFAULT,25/06/2026 17:00:56 BST
UK,KEEP,in master list,COTE-D-IVOIRE-3GB-15D,B0FR9HW9DJ,,20.99,0,Inactive,AMAZON_EU,25/06/2026 17:01:28 BST
UK,KEEP,in master list,COTE-D-IVOIRE-5GB-30D,B0FR9V5LYJ,,26.99,0,Inactive,AMAZON_EU,25/06/2026 17:01:54 BST
UK,KEEP-PARENT,variation parent in Google Sheet,COTE-D-IVOIRE-ESIM,B0H6N2JZGW,,,0,Incomplete,DEFAULT,25/06/2026 17:01:25 BST
UK,KEEP,in master list,CROATIA-20GB-30D,B0FR9TYCSL,,14.99,0,Inactive,AMAZON_EU,25/06/2026 17:03:14 BST
UK,KEEP,in master list,CROATIA-3GB-15D,B0FR9GDKT1,,6.99,0,Inactive,AMAZON_EU,25/06/2026 17:02:23 BST
UK,KEEP,in master list,CROATIA-5GB-30D,B0FR9BVV58,,7.99,0,Inactive,AMAZON_EU,25/06/2026 17:02:49 BST
UK,KEEP-PARENT,variation parent in Google Sheet,CROATIA-ESIM,B0H6N8YDDC,,,0,Incomplete,DEFAULT,25/06/2026 17:02:20 BST
UK,KEEP,in master list,CURACAO-20GB-30D,B0H6MF51WH,,67.99,0,Inactive,AMAZON_EU,25/06/2026 09:47:05 BST
UK,KEEP,in master list,CURACAO-3GB-15D,B0H6M81JPM,,18.99,0,Inactive,AMAZON_EU,25/06/2026 09:46:13 BST
UK,KEEP,in master list,CURACAO-5GB-30D,B0H6MGZLBC,,24.99,0,Inactive,AMAZON_EU,25/06/2026 09:46:39 BST
UK,KEEP-PARENT,variation parent in Google Sheet,CURACAO-ESIM,B0H6MDWDGZ,,,0,Incomplete,DEFAULT,25/06/2026 09:46:10 BST
UK,KEEP,in master list,CYPRUS-3GB-15D,B0FR8XJWWG,,6.99,0,Inactive,AMAZON_EU,25/06/2026 17:03:43 BST
UK,KEEP,in master list,CYPRUS-5GB-30D,B0FR8XHWZV,,7.99,0,Inactive,AMAZON_EU,25/06/2026 17:04:08 BST
UK,KEEP-PARENT,variation parent in Google Sheet,CYPRUS-ESIM,B0H6N7Y4L3,,,0,Incomplete,DEFAULT,25/06/2026 17:03:39 BST
UK,KEEP,in master list,CZECH-REPUBLIC-20GB-30D,B0FR9SVN9H,,14.99,0,Inactive,AMAZON_EU,25/06/2026 17:05:28 BST
UK,KEEP,in master list,CZECH-REPUBLIC-3GB-15D,B0FR9SB2Q3,,6.99,0,Inactive,AMAZON_EU,25/06/2026 17:04:37 BST
UK,KEEP,in master list,CZECH-REPUBLIC-5GB-30D,B0FR9BY2LF,,7.99,0,Inactive,AMAZON_EU,25/06/2026 17:05:03 BST
UK,KEEP-PARENT,variation parent in Google Sheet,CZECH-REPUBLIC-ESIM,B0H6N5HC5G,,,0,Incomplete,DEFAULT,25/06/2026 17:04:34 BST
UK,KEEP,in master list,DEMOCRATIC-REPUBLIC-OF-THE-CONGO-3GB-15D,B0H6LZL22Y,,11.99,0,Inactive,AMAZON_EU,25/06/2026 09:47:33 BST
UK,KEEP,in master list,DEMOCRATIC-REPUBLIC-OF-THE-CONGO-5GB-30D,B0H6M6L8Z8,,18.99,0,Inactive,AMAZON_EU,25/06/2026 09:47:59 BST
UK,KEEP-PARENT,variation parent in Google Sheet,DEMOCRATIC-REPUBLIC-OF-THE-CONGO-ESIM,B0H6M5YDHL,,,0,Incomplete,DEFAULT,25/06/2026 09:47:30 BST
UK,KEEP,in master list,DENMARK-20GB-30D,B0FR9QPF45,,12.99,0,Inactive,AMAZON_EU,25/06/2026 17:06:48 BST
UK,KEEP,in master list,DENMARK-3GB-15D,B0FR9GSNP4,,6.99,0,Inactive,AMAZON_EU,25/06/2026 17:05:57 BST
UK,KEEP,in master list,DENMARK-5GB-30D,B0FR8XQYR4,,7.99,0,Inactive,AMAZON_EU,25/06/2026 17:06:23 BST
UK,KEEP-PARENT,variation parent in Google Sheet,DENMARK-ESIM,B0H6ND2H23,,,0,Incomplete,DEFAULT,25/06/2026 17:05:54 BST
UK,KEEP,in master list,DOMINICA-20GB-30D,B0H6MK8XTJ,,75.99,0,Inactive,AMAZON_EU,25/06/2026 09:49:20 BST
UK,KEEP,in master list,DOMINICA-3GB-15D,B0H6M9H54M,,20.99,0,Inactive,AMAZON_EU,25/06/2026 09:48:29 BST
UK,KEEP,in master list,DOMINICA-5GB-30D,B0H6M5HR32,,27.99,0,Inactive,AMAZON_EU,25/06/2026 09:48:54 BST
UK,KEEP-PARENT,variation parent in Google Sheet,DOMINICA-ESIM,B0H6M9M8QF,,,0,Incomplete,DEFAULT,25/06/2026 09:48:25 BST
UK,KEEP,in master list,DOMINICAN-REPUBLIC-20GB-30D,B0FR9C6DJF,,33.99,0,Inactive,AMAZON_EU,25/06/2026 17:08:08 BST
UK,KEEP,in master list,DOMINICAN-REPUBLIC-3GB-15D,B0FR9GSKZF,,10.99,0,Inactive,AMAZON_EU,25/06/2026 17:07:17 BST
UK,KEEP,in master list,DOMINICAN-REPUBLIC-5GB-30D,B0FR9GQKCM,,12.99,0,Inactive,AMAZON_EU,25/06/2026 17:07:42 BST
UK,KEEP-PARENT,variation parent in Google Sheet,DOMINICAN-REPUBLIC-ESIM,B0H6N2XNQ9,,,0,Incomplete,DEFAULT,25/06/2026 17:07:13 BST
UK,KEEP-PARENT,variation parent in Google Sheet,DR-CONGO-ESIM,B0H6MS29CT,,,0,Incomplete,DEFAULT,25/06/2026 13:28:55 BST
UK,KEEP,in master list,DRC-20GB-30D,B0H6MZWFM7,,50.99,0,Inactive,AMAZON_EU,25/06/2026 13:28:59 BST
UK,KEEP,in master list,ECUADOR-3GB-15D,B0FR9RM6MP,,11.99,0,Inactive,AMAZON_EU,25/06/2026 17:08:37 BST
UK,KEEP-PARENT,variation parent in Google Sheet,ECUADOR-ESIM,B0H6ND3DNV,,,0,Incomplete,DEFAULT,25/06/2026 17:08:33 BST
UK,KEEP,in master list,EGYPT-20GB-30D,B0FR9GQBGL,,24.99,5,Active,AMAZON_EU,25/06/2026 17:09:56 BST
UK,KEEP,in master list,EGYPT-3GB-15D,B0FR9C784N,,8.99,18,Active,AMAZON_EU,25/06/2026 17:09:06 BST
UK,KEEP,in master list,EGYPT-5GB-30D,B0FR9LR5KJ,,12.99,0,Inactive,AMAZON_EU,25/06/2026 17:09:31 BST
UK,KEEP-PARENT,variation parent in Google Sheet,EGYPT-ESIM,B0H6N7QXLQ,,,0,Incomplete,DEFAULT,25/06/2026 17:09:02 BST
UK,KEEP,in master list,EL-SALVADOR-3GB-15D,B0FR9LJ7X4,,14.99,0,Inactive,AMAZON_EU,25/06/2026 17:10:25 BST
UK,KEEP-PARENT,variation parent in Google Sheet,EL-SALVADOR-ESIM,B0H6N9XNQB,,,0,Incomplete,DEFAULT,25/06/2026 17:10:22 BST
UK,KEEP,in master list,ESTONIA-20GB-30D,B0FR9L527N,,12.99,0,Inactive,AMAZON_EU,25/06/2026 17:11:45 BST
UK,KEEP,in master list,ESTONIA-3GB-15D,B0FR9GST1S,,6.99,0,Inactive,AMAZON_EU,25/06/2026 17:10:54 BST
UK,KEEP,in master list,ESTONIA-5GB-30D,B0FR9GQYKB,,7.99,0,Inactive,AMAZON_EU,25/06/2026 17:11:20 BST
UK,KEEP-PARENT,variation parent in Google Sheet,ESTONIA-ESIM,B0H6N4JJM4,,,0,Incomplete,DEFAULT,25/06/2026 17:10:51 BST
UK,KEEP,in master list,EUROPE-40-AREAS-20GB-30D,B0FR9TNPV3,,16.99,0,Inactive,AMAZON_EU,25/06/2026 17:12:39 BST
UK,KEEP,in master list,EUROPE-40-AREAS-5GB-30D,B0FR9RYSSS,,7.99,0,Inactive,AMAZON_EU,25/06/2026 17:12:14 BST
UK,KEEP-PARENT,variation parent in Google Sheet,EUROPE-40-AREAS-ESIM,B0H6N8BQ5Z,,,0,Incomplete,DEFAULT,25/06/2026 17:12:10 BST
UK,KEEP,in master list,FAROE-ISLANDS-20GB-30D,B0H6MB82ZV,,24.99,0,Inactive,AMAZON_EU,25/06/2026 09:50:39 BST
UK,KEEP,in master list,FAROE-ISLANDS-3GB-15D,B0H6ML935Q,,7.99,0,Inactive,AMAZON_EU,25/06/2026 09:49:49 BST
UK,KEEP,in master list,FAROE-ISLANDS-5GB-30D,B0H6MF2TVH,,9.99,0,Inactive,AMAZON_EU,25/06/2026 09:50:14 BST
UK,KEEP-PARENT,variation parent in Google Sheet,FAROE-ISLANDS-ESIM,B0H6MG2BGG,,,0,Incomplete,DEFAULT,25/06/2026 09:49:45 BST
UK,KEEP,in master list,FIJI-20GB-30D,B0H6MGBL3N,,34.99,0,Inactive,AMAZON_EU,25/06/2026 09:51:59 BST
UK,KEEP,in master list,FIJI-3GB-15D,B0H6MFLWYD,,10.99,0,Inactive,AMAZON_EU,25/06/2026 09:51:08 BST
UK,KEEP,in master list,FIJI-5GB-30D,B0H6MJ7GS6,,11.99,0,Inactive,AMAZON_EU,25/06/2026 09:51:34 BST
UK,KEEP-PARENT,variation parent in Google Sheet,FIJI-ESIM,B0H6MDDYLQ,,,0,Incomplete,DEFAULT,25/06/2026 09:51:05 BST
UK,KEEP,in master list,FINLAND-3GB-15D,B0FR9GSND6,,6.99,0,Inactive,AMAZON_EU,25/06/2026 17:13:08 BST
UK,KEEP,in master list,FINLAND-5GB-30D,B0FR9SB3BJ,,7.99,0,Inactive,AMAZON_EU,25/06/2026 17:13:34 BST
UK,KEEP-PARENT,variation parent in Google Sheet,FINLAND-ESIM,B0H6NC38NC,,,0,Incomplete,DEFAULT,25/06/2026 17:13:05 BST
UK,KEEP,in master list,FRANCE-20GB-30D,B0FR9GPMC5,,12.99,45,Active,AMAZON_EU,25/06/2026 17:14:54 BST
UK,KEEP,in master list,FRANCE-3GB-15D,B0FR9C5ZB6,,6.99,248,Active,AMAZON_EU,25/06/2026 17:14:03 BST
UK,KEEP,in master list,FRANCE-5GB-30D,B0FR9LMDW5,,7.99,191,Active,AMAZON_EU,25/06/2026 17:14:28 BST
UK,KEEP-PARENT,variation parent in Google Sheet,FRANCE-ESIM,B0H6N8K944,,,0,Incomplete,DEFAULT,25/06/2026 17:13:59 BST
UK,KEEP,in master list,FRENCH-GUIANA-20GB-30D,B0H6MDNXJJ,,14.99,0,Inactive,AMAZON_EU,25/06/2026 09:53:19 BST
UK,KEEP,in master list,FRENCH-GUIANA-3GB-15D,B0H6MFD6Z3,,6.99,0,Inactive,AMAZON_EU,25/06/2026 09:52:28 BST
UK,KEEP,in master list,FRENCH-GUIANA-5GB-30D,B0H6MGC352,,7.99,0,Inactive,AMAZON_EU,25/06/2026 09:52:54 BST
UK,KEEP-PARENT,variation parent in Google Sheet,FRENCH-GUIANA-ESIM,B0H6MB7W2V,,,0,Incomplete,DEFAULT,25/06/2026 09:52:25 BST
UK,KEEP,in master list,FRENCH-POLYNESIA-20GB-30D,B0H6M59GH9,,207.99,0,Inactive,AMAZON_EU,25/06/2026 09:54:39 BST
UK,KEEP,in master list,FRENCH-POLYNESIA-3GB-15D,B0H6MF6GHP,,40.99,0,Inactive,AMAZON_EU,25/06/2026 09:53:48 BST
UK,KEEP,in master list,FRENCH-POLYNESIA-5GB-30D,B0H6MD2GXY,,56.99,0,Inactive,AMAZON_EU,25/06/2026 09:54:13 BST
UK,KEEP-PARENT,variation parent in Google Sheet,FRENCH-POLYNESIA-ESIM,B0H6M5Z1DC,,,0,Incomplete,DEFAULT,25/06/2026 09:53:45 BST
UK,KEEP,in master list,GABON-3GB-15D,B0FR9GPX9T,,14.99,0,Inactive,AMAZON_EU,25/06/2026 17:15:23 BST
UK,KEEP-PARENT,variation parent in Google Sheet,GABON-ESIM,B0H6NDY9YG,,,0,Incomplete,DEFAULT,25/06/2026 17:15:19 BST
UK,KEEP,in master list,GAMBIA-3GB-15D,B0H2FTMBBQ,,29.99,0,Inactive,AMAZON_EU,25/06/2026 18:48:50 BST
UK,KEEP,in master list,GAMBIA-5GB-30D,B0H2FQ3QJ9,,49.99,0,Inactive,AMAZON_EU,25/06/2026 18:49:15 BST
UK,KEEP-PARENT,variation parent in Google Sheet,GAMBIA-ESIM,B0H6N75PM2,,,0,Incomplete,DEFAULT,25/06/2026 18:48:46 BST
UK,KEEP,in master list,GEORGIA-20GB-30D,B0FR9C73NK,,21.99,0,Inactive,AMAZON_EU,25/06/2026 17:16:17 BST
UK,KEEP,in master list,GEORGIA-3GB-15D,B0FR9KMX2N,,7.99,0,Inactive,AMAZON_EU,25/06/2026 17:15:51 BST
UK,KEEP-PARENT,variation parent in Google Sheet,GEORGIA-ESIM,B0H6NF1CV5,,,0,Incomplete,DEFAULT,25/06/2026 17:15:48 BST
UK,KEEP,in master list,GERMANY-20GB-30D,B0GSZP9H94,,12.99,20,Active,AMAZON_EU,25/06/2026 17:17:37 BST
UK,KEEP,in master list,GERMANY-3GB-15D,B0GSZBMLKV,,6.99,92,Active,AMAZON_EU,25/06/2026 17:16:46 BST
UK,KEEP,in master list,GERMANY-5GB-30D,B0GSZDYWLZ,,7.99,73,Active,AMAZON_EU,25/06/2026 17:17:11 BST
UK,KEEP-PARENT,variation parent in Google Sheet,GERMANY-ESIM,B0H6N89K99,,,0,Incomplete,DEFAULT,25/06/2026 17:16:42 BST
UK,KEEP,in master list,GHANA-20GB-30D,B0H6M9CG3G,,34.99,0,Inactive,AMAZON_EU,25/06/2026 09:55:59 BST
UK,KEEP,in master list,GHANA-3GB-15D,B0H6M7CH6H,,10.99,0,Inactive,AMAZON_EU,25/06/2026 09:55:08 BST
UK,KEEP,in master list,GHANA-5GB-30D,B0H6MD48NZ,,11.99,0,Inactive,AMAZON_EU,25/06/2026 09:55:33 BST
UK,KEEP-PARENT,variation parent in Google Sheet,GHANA-ESIM,B0H6M74KTG,,,0,Incomplete,DEFAULT,25/06/2026 09:55:04 BST
UK,KEEP,in master list,GIBRALTAR-3GB-15D,B0FR8XSPMC,,6.99,0,Inactive,AMAZON_EU,25/06/2026 17:18:06 BST
UK,KEEP-PARENT,variation parent in Google Sheet,GIBRALTAR-ESIM,B0H6ND5PL3,,,0,Incomplete,DEFAULT,25/06/2026 17:18:02 BST
UK,KEEP,in master list,GLOBAL139-5GB-30D,B0FR9VNTLY,,35.99,0,Inactive,AMAZON_EU,25/06/2026 17:18:35 BST
UK,KEEP-PARENT,variation parent in Google Sheet,GLOBAL139-ESIM,B0H6NM24Y9,,,0,Incomplete,DEFAULT,25/06/2026 17:18:31 BST
UK,KEEP,in master list,GREECE-20GB-30D,B0FR9KJGBG,,14.99,14,Active,AMAZON_EU,25/06/2026 17:19:54 BST
UK,KEEP,in master list,GREECE-3GB-15D,B0FR9L85F6,,6.99,100,Active,AMAZON_EU,25/06/2026 17:19:03 BST
UK,KEEP,in master list,GREECE-5GB-30D,B0FR9C7SMF,,7.99,68,Active,AMAZON_EU,25/06/2026 17:19:29 BST
UK,KEEP-PARENT,variation parent in Google Sheet,GREECE-ESIM,B0H6N7YFL4,,,0,Incomplete,DEFAULT,25/06/2026 17:19:00 BST
UK,KEEP,in master list,GREENLAND-20GB-30D,B0H6MBT3TW,,96.99,0,Inactive,AMAZON_EU,25/06/2026 09:57:19 BST
UK,KEEP,in master list,GREENLAND-3GB-15D,B0H6MLNBK2,,23.99,0,Inactive,AMAZON_EU,25/06/2026 09:56:28 BST
UK,KEEP,in master list,GREENLAND-5GB-30D,B0H6MFMLK9,,31.99,0,Inactive,AMAZON_EU,25/06/2026 09:56:53 BST
UK,KEEP-PARENT,variation parent in Google Sheet,GREENLAND-ESIM,B0H6M87Y6F,,,0,Incomplete,DEFAULT,25/06/2026 09:56:24 BST
UK,KEEP,in master list,GRENADA-20GB-30D,B0H6MGRF37,,88.99,0,Inactive,AMAZON_EU,25/06/2026 09:58:39 BST
UK,KEEP,in master list,GRENADA-3GB-15D,B0H6M8K37V,,24.99,0,Inactive,AMAZON_EU,25/06/2026 09:57:48 BST
UK,KEEP,in master list,GRENADA-5GB-30D,B0H6MLJR6Z,,32.99,0,Inactive,AMAZON_EU,25/06/2026 09:58:13 BST
UK,KEEP-PARENT,variation parent in Google Sheet,GRENADA-ESIM,B0H6MFTNRQ,,,0,Incomplete,DEFAULT,25/06/2026 09:57:44 BST
UK,KEEP,in master list,GUADELOUPE-20GB-30D,B0FR8XTBF6,,14.99,0,Inactive,AMAZON_EU,25/06/2026 17:20:49 BST
UK,KEEP,in master list,GUADELOUPE-3GB-15D,B0FR9TMVWK,,6.99,0,Inactive,AMAZON_EU,25/06/2026 17:20:23 BST
UK,KEEP-PARENT,variation parent in Google Sheet,GUADELOUPE-ESIM,B0H6N94JMQ,,,0,Incomplete,DEFAULT,25/06/2026 17:20:20 BST
UK,KEEP,in master list,GUAM-20GB-30D,B0FR9C7MGP,,49.99,0,Inactive,AMAZON_EU,25/06/2026 17:22:08 BST
UK,KEEP,in master list,GUAM-3GB-15D,B0FR9GVSSF,,14.99,0,Inactive,AMAZON_EU,25/06/2026 17:21:17 BST
UK,KEEP,in master list,GUAM-5GB-30D,B0FR9SVP8Y,,16.99,0,Inactive,AMAZON_EU,25/06/2026 17:21:43 BST
UK,KEEP-PARENT,variation parent in Google Sheet,GUAM-ESIM,B0H6NBBR15,,,0,Incomplete,DEFAULT,25/06/2026 17:21:14 BST
UK,KEEP,in master list,GUATEMALA-3GB-15D,B0FR9VC6VD,,13.99,0,Inactive,AMAZON_EU,25/06/2026 17:22:37 BST
UK,KEEP-PARENT,variation parent in Google Sheet,GUATEMALA-ESIM,B0H6NC8Z9L,,,0,Incomplete,DEFAULT,25/06/2026 17:22:34 BST
UK,KEEP,in master list,GUERNSEY-20GB-30D,B0FR9LYWWY,,40.99,0,Inactive,AMAZON_EU,25/06/2026 17:23:57 BST
UK,KEEP,in master list,GUERNSEY-3GB-15D,B0FR9SMWDN,,11.99,0,Inactive,AMAZON_EU,25/06/2026 17:23:06 BST
UK,KEEP,in master list,GUERNSEY-5GB-30D,B0FR9C5PXR,,17.99,0,Inactive,AMAZON_EU,25/06/2026 17:23:32 BST
UK,KEEP-PARENT,variation parent in Google Sheet,GUERNSEY-ESIM,B0H6N3W69L,,,0,Incomplete,DEFAULT,25/06/2026 17:23:03 BST
UK,KEEP,in master list,GUINEA-20GB-30D,B0H6M7VHYP,,70.99,0,Inactive,AMAZON_EU,25/06/2026 09:59:59 BST
UK,KEEP,in master list,GUINEA-3GB-15D,B0H6MGZTF1,,17.99,0,Inactive,AMAZON_EU,25/06/2026 09:59:08 BST
UK,KEEP,in master list,GUINEA-5GB-30D,B0H6MFTVX6,,28.99,0,Inactive,AMAZON_EU,25/06/2026 09:59:33 BST
UK,KEEP,in master list,GUINEA-BISSAU-20GB-30D,B0H6MF1JJS,,69.99,0,Inactive,AMAZON_EU,25/06/2026 10:01:18 BST
UK,KEEP,in master list,GUINEA-BISSAU-3GB-15D,B0H6MG6X8D,,17.99,0,Inactive,AMAZON_EU,25/06/2026 10:00:27 BST
UK,KEEP,in master list,GUINEA-BISSAU-5GB-30D,B0H6MCJ4Y9,,28.99,0,Inactive,AMAZON_EU,25/06/2026 10:00:53 BST
UK,KEEP-PARENT,variation parent in Google Sheet,GUINEA-BISSAU-ESIM,B0H6M5H2Z7,,,0,Incomplete,DEFAULT,25/06/2026 10:00:24 BST
UK,KEEP-PARENT,variation parent in Google Sheet,GUINEA-ESIM,B0H6MB6P8K,,,0,Incomplete,DEFAULT,25/06/2026 09:59:04 BST
UK,KEEP,in master list,GUYANA-20GB-30D,B0H6MD1PB7,,77.99,0,Inactive,AMAZON_EU,25/06/2026 10:02:39 BST
UK,KEEP,in master list,GUYANA-3GB-15D,B0H6MCG586,,17.99,0,Inactive,AMAZON_EU,25/06/2026 10:01:48 BST
UK,KEEP,in master list,GUYANA-5GB-30D,B0H6MB3FHF,,27.99,0,Inactive,AMAZON_EU,25/06/2026 10:02:13 BST
UK,KEEP-PARENT,variation parent in Google Sheet,GUYANA-ESIM,B0H6MCFRW8,,,0,Incomplete,DEFAULT,25/06/2026 10:01:45 BST
UK,KEEP,in master list,HAITI-20GB-30D,B0H6MBNF3Y,,127.99,0,Inactive,AMAZON_EU,25/06/2026 10:03:59 BST
UK,KEEP,in master list,HAITI-3GB-15D,B0H6M9YTL4,,25.99,0,Inactive,AMAZON_EU,25/06/2026 10:03:08 BST
UK,KEEP,in master list,HAITI-5GB-30D,B0H6MDHPCV,,41.99,0,Inactive,AMAZON_EU,25/06/2026 10:03:33 BST
UK,KEEP-PARENT,variation parent in Google Sheet,HAITI-ESIM,B0H6MJ3QP9,,,0,Incomplete,DEFAULT,25/06/2026 10:03:04 BST
UK,KEEP,in master list,HONDURAS-3GB-15D,B0FR9ZYV5G,,11.99,0,Inactive,AMAZON_EU,25/06/2026 17:24:26 BST
UK,KEEP-PARENT,variation parent in Google Sheet,HONDURAS-ESIM,B0H6NH5MR3,,,0,Incomplete,DEFAULT,25/06/2026 17:24:22 BST
UK,KEEP,in master list,HONG-KONG-20GB-30D,B0FR9GXZ6F,,12.99,8,Active,AMAZON_EU,25/06/2026 17:25:45 BST
UK,KEEP,in master list,HONG-KONG-3GB-15D,B0FR9CC6Q8,,5.99,5,Active,AMAZON_EU,25/06/2026 17:24:55 BST
UK,KEEP,in master list,HONG-KONG-5GB-30D,B0FR9GXYYL,,7.99,9,Inactive,AMAZON_EU,25/06/2026 17:25:20 BST
UK,KEEP-PARENT,variation parent in Google Sheet,HONG-KONG-ESIM,B0H6NK54XV,,,0,Incomplete,DEFAULT,25/06/2026 17:24:51 BST
UK,KEEP,in master list,HUNGARY-20GB-30D,B0FR9ZVYYQ,,12.99,0,Inactive,AMAZON_EU,25/06/2026 17:27:06 BST
UK,KEEP,in master list,HUNGARY-3GB-15D,B0FR9C9JVW,,6.99,0,Inactive,AMAZON_EU,25/06/2026 17:26:14 BST
UK,KEEP,in master list,HUNGARY-5GB-30D,B0FR9GY3R5,,7.99,0,Inactive,AMAZON_EU,25/06/2026 17:26:40 BST
UK,KEEP-PARENT,variation parent in Google Sheet,HUNGARY-ESIM,B0H6N4Y8KM,,,0,Incomplete,DEFAULT,25/06/2026 17:26:11 BST
UK,KEEP,in master list,ICELAND-20GB-30D,B0FR9GX6LF,,14.99,0,Inactive,AMAZON_EU,25/06/2026 17:28:25 BST
UK,KEEP,in master list,ICELAND-3GB-15D,B0FR9TBBK1,,6.99,0,Inactive,AMAZON_EU,25/06/2026 17:27:34 BST
UK,KEEP,in master list,ICELAND-5GB-30D,B0FR9ZWQBD,,7.99,0,Inactive,AMAZON_EU,25/06/2026 17:28:00 BST
UK,KEEP-PARENT,variation parent in Google Sheet,ICELAND-ESIM,B0H6NCP4ZZ,,,0,Incomplete,DEFAULT,25/06/2026 17:27:31 BST
UK,KEEP,in master list,INDIA-20GB-30D,B0FR9DYMHX,,35.99,9,Active,AMAZON_EU,25/06/2026 17:29:45 BST
UK,KEEP,in master list,INDIA-3GB-15D,B0FR9ZM116,,11.99,49,Active,AMAZON_EU,25/06/2026 17:28:54 BST
UK,KEEP,in master list,INDIA-5GB-30D,B0FR9GXWN9,,12.99,35,Active,AMAZON_EU,25/06/2026 17:29:19 BST
UK,KEEP-PARENT,variation parent in Google Sheet,INDIA-ESIM,B0H6N8573K,,,0,Incomplete,DEFAULT,25/06/2026 17:28:51 BST
UK,KEEP,in master list,INDONESIA-20GB-30D,B0FR9QXRDQ,,12.99,10,Active,AMAZON_EU,25/06/2026 17:31:05 BST
UK,KEEP,in master list,INDONESIA-3GB-15D,B0FR9T6QPZ,,6.99,30,Active,AMAZON_EU,25/06/2026 17:30:14 BST
UK,KEEP,in master list,INDONESIA-5GB-30D,B0FR8XW5DR,,7.99,20,Active,AMAZON_EU,25/06/2026 17:30:39 BST
UK,KEEP-PARENT,variation parent in Google Sheet,INDONESIA-ESIM,B0H6NFYZSL,,,0,Incomplete,DEFAULT,25/06/2026 17:30:10 BST
UK,KEEP,in master list,IRAQ-20GB-30D,B0H6M956TN,,27.99,0,Inactive,AMAZON_EU,25/06/2026 10:05:19 BST
UK,KEEP,in master list,IRAQ-3GB-15D,B0H6MGX6P7,,8.99,0,Inactive,AMAZON_EU,25/06/2026 10:04:28 BST
UK,KEEP,in master list,IRAQ-5GB-30D,B0H6MFRHZN,,13.99,0,Inactive,AMAZON_EU,25/06/2026 10:04:53 BST
UK,KEEP-PARENT,variation parent in Google Sheet,IRAQ-ESIM,B0H6ML4WRS,,,0,Incomplete,DEFAULT,25/06/2026 10:04:24 BST
UK,KEEP,in master list,IRELAND-20GB-30D,B0FR9SZG2Z,,14.99,36,Active,AMAZON_EU,25/06/2026 17:32:25 BST
UK,KEEP,in master list,IRELAND-3GB-15D,B0FR8XV57F,,6.99,77,Active,AMAZON_EU,25/06/2026 17:31:34 BST
UK,KEEP,in master list,IRELAND-5GB-30D,B0FR9GYKQL,,7.99,70,Active,AMAZON_EU,25/06/2026 17:31:59 BST
UK,KEEP-PARENT,variation parent in Google Sheet,IRELAND-ESIM,B0H6N9YKYD,,,0,Incomplete,DEFAULT,25/06/2026 17:31:30 BST
UK,KEEP,in master list,ISLE-OF-MAN-20GB-30D,B0FR9CB5LK,,19.99,0,Inactive,AMAZON_EU,25/06/2026 17:33:45 BST
UK,KEEP,in master list,ISLE-OF-MAN-3GB-15D,B0FR9LZ7RL,,7.99,0,Inactive,AMAZON_EU,25/06/2026 17:32:54 BST
UK,KEEP,in master list,ISLE-OF-MAN-5GB-30D,B0FR9M27XY,,9.99,0,Inactive,AMAZON_EU,25/06/2026 17:33:19 BST
UK,KEEP-PARENT,variation parent in Google Sheet,ISLE-OF-MAN-ESIM,B0H6N6XRZK,,,0,Incomplete,DEFAULT,25/06/2026 17:32:50 BST
UK,KEEP,in master list,ISRAEL-20GB-30D,B0FR9K8SQ1,,24.99,0,Inactive,AMAZON_EU,25/06/2026 17:35:06 BST
UK,KEEP,in master list,ISRAEL-3GB-15D,B0FR9M11H1,,7.99,0,Inactive,AMAZON_EU,25/06/2026 17:34:14 BST
UK,KEEP,in master list,ISRAEL-5GB-30D,B0FR8XVZZM,,9.99,0,Inactive,AMAZON_EU,25/06/2026 17:34:39 BST
UK,KEEP-PARENT,variation parent in Google Sheet,ISRAEL-ESIM,B0H6NLYRQZ,,,0,Incomplete,DEFAULT,25/06/2026 17:34:10 BST
UK,KEEP,in master list,ITALY-20GB-30D,B0FR9RNZV2,,12.99,40,Active,AMAZON_EU,25/06/2026 17:36:25 BST
UK,KEEP,in master list,ITALY-3GB-15D,B0FR9GXZ18,,6.99,100,Active,AMAZON_EU,25/06/2026 17:35:35 BST
UK,KEEP,in master list,ITALY-5GB-30D,B0FR9ZR2TH,,7.99,81,Active,AMAZON_EU,25/06/2026 17:36:00 BST
UK,KEEP-PARENT,variation parent in Google Sheet,ITALY-ESIM,B0H6N8G8VT,,,0,Incomplete,DEFAULT,25/06/2026 17:35:31 BST
UK,KEEP,in master list,JAMAICA-20GB-30D,B0H6MF52ZZ,,74.99,0,Inactive,AMAZON_EU,25/06/2026 10:06:38 BST
UK,KEEP,in master list,JAMAICA-3GB-15D,B0H6MF3PNQ,,20.99,0,Inactive,AMAZON_EU,25/06/2026 10:05:47 BST
UK,KEEP,in master list,JAMAICA-5GB-30D,B0H6MJQCMF,,26.99,0,Inactive,AMAZON_EU,25/06/2026 10:06:13 BST
UK,KEEP-PARENT,variation parent in Google Sheet,JAMAICA-ESIM,B0H6MNJLNR,,,0,Incomplete,DEFAULT,25/06/2026 10:05:44 BST
UK,KEEP,in master list,JAPAN-20GB-30D,B0FR9RZKRB,,12.99,0,Inactive,AMAZON_EU,25/06/2026 17:37:45 BST
UK,KEEP,in master list,JAPAN-3GB-15D,B0FR9LVZVQ,,6.99,19,Active,AMAZON_EU,25/06/2026 17:36:54 BST
UK,KEEP,in master list,JAPAN-5GB-30D,B0FR9TLXXH,,7.99,0,Inactive,AMAZON_EU,25/06/2026 17:37:20 BST
UK,KEEP-PARENT,variation parent in Google Sheet,JAPAN-ESIM,B0H6NL7T28,,,0,Incomplete,DEFAULT,25/06/2026 17:36:51 BST
UK,KEEP,in master list,JERSEY-20GB-30D,B0FR9CBQDH,,12.99,0,Inactive,AMAZON_EU,25/06/2026 17:39:06 BST
UK,KEEP,in master list,JERSEY-3GB-15D,B0FR9GYMR5,,6.99,0,Inactive,AMAZON_EU,25/06/2026 17:38:14 BST
UK,KEEP,in master list,JERSEY-5GB-30D,B0FR9M27GP,,7.99,0,Inactive,AMAZON_EU,25/06/2026 17:38:40 BST
UK,KEEP-PARENT,variation parent in Google Sheet,JERSEY-ESIM,B0H6N87Y1B,,,0,Incomplete,DEFAULT,25/06/2026 17:38:11 BST
UK,KEEP,in master list,JORDAN-20GB-30D,B0FR9ST188,,36.99,0,Inactive,AMAZON_EU,25/06/2026 17:40:26 BST
UK,KEEP,in master list,JORDAN-3GB-15D,B0FR9M144Z,,11.99,0,Inactive,AMAZON_EU,25/06/2026 17:39:35 BST
UK,KEEP,in master list,JORDAN-5GB-30D,B0FR9ZTZNK,,11.99,0,Inactive,AMAZON_EU,25/06/2026 17:40:00 BST
UK,KEEP-PARENT,variation parent in Google Sheet,JORDAN-ESIM,B0H6NCWVZM,,,0,Incomplete,DEFAULT,25/06/2026 17:39:31 BST
UK,KEEP,in master list,KAZAKHSTAN-20GB-30D,B0FR9TLNNW,,17.99,0,Inactive,AMAZON_EU,25/06/2026 17:41:45 BST
UK,KEEP,in master list,KAZAKHSTAN-3GB-15D,B0FR9T4DG2,,6.99,0,Inactive,AMAZON_EU,25/06/2026 17:40:54 BST
UK,KEEP,in master list,KAZAKHSTAN-5GB-30D,B0FR9ZMMSH,,7.99,0,Inactive,AMAZON_EU,25/06/2026 17:41:20 BST
UK,KEEP-PARENT,variation parent in Google Sheet,KAZAKHSTAN-ESIM,B0H6NDGQW5,,,0,Incomplete,DEFAULT,25/06/2026 17:40:51 BST
UK,KEEP,in master list,KENYA-3GB-15D,B0FR9GZ14G,,11.99,27,Active,AMAZON_EU,25/06/2026 17:42:14 BST
UK,KEEP,in master list,KENYA-5GB-30D,B0FR9T4DG6,,12.99,30,Active,AMAZON_EU,25/06/2026 17:42:40 BST
UK,KEEP-PARENT,variation parent in Google Sheet,KENYA-ESIM,B0H6N7739C,,,0,Incomplete,DEFAULT,25/06/2026 17:42:11 BST
UK,KEEP,in master list,KUWAIT-20GB-30D,B0FR9KBF4P,,24.99,0,Inactive,AMAZON_EU,25/06/2026 17:44:00 BST
UK,KEEP,in master list,KUWAIT-3GB-15D,B0FR9LZJ3X,,8.99,0,Inactive,AMAZON_EU,25/06/2026 17:43:09 BST
UK,KEEP,in master list,KUWAIT-5GB-30D,B0FR9M2TXP,,13.99,0,Inactive,AMAZON_EU,25/06/2026 17:43:34 BST
UK,KEEP-PARENT,variation parent in Google Sheet,KUWAIT-ESIM,B0H6N6MX31,,,0,Incomplete,DEFAULT,25/06/2026 17:43:06 BST
UK,KEEP,in master list,KYRGYZSTAN-20GB-30D,B0FR8XXBHM,,16.99,0,Inactive,AMAZON_EU,25/06/2026 17:44:54 BST
UK,KEEP,in master list,KYRGYZSTAN-3GB-15D,B0FR9TVF4R,,6.99,0,Inactive,AMAZON_EU,25/06/2026 17:44:29 BST
UK,KEEP-PARENT,variation parent in Google Sheet,KYRGYZSTAN-ESIM,B0H6N8FZ39,,,0,Incomplete,DEFAULT,25/06/2026 17:44:25 BST
UK,KEEP,in master list,LAOS-20GB-30D,B0H6MBWGX1,,29.99,0,Inactive,AMAZON_EU,25/06/2026 10:07:59 BST
UK,KEEP,in master list,LAOS-3GB-15D,B0H6M96WPB,,8.99,0,Inactive,AMAZON_EU,25/06/2026 10:07:08 BST
UK,KEEP,in master list,LAOS-5GB-30D,B0H6MBJN5B,,13.99,0,Inactive,AMAZON_EU,25/06/2026 10:07:34 BST
UK,KEEP-PARENT,variation parent in Google Sheet,LAOS-ESIM,B0H6MF4D8M,,,0,Incomplete,DEFAULT,25/06/2026 10:07:05 BST
UK,KEEP,in master list,LATVIA-20GB-30D,B0FR9SWN6V,,12.99,0,Inactive,AMAZON_EU,25/06/2026 17:46:14 BST
UK,KEEP,in master list,LATVIA-3GB-15D,B0FR9VM4K6,,6.99,0,Inactive,AMAZON_EU,25/06/2026 17:45:23 BST
UK,KEEP,in master list,LATVIA-5GB-30D,B0FR9TR99S,,7.99,0,Inactive,AMAZON_EU,25/06/2026 17:45:48 BST
UK,KEEP-PARENT,variation parent in Google Sheet,LATVIA-ESIM,B0H6N5RBHS,,,0,Incomplete,DEFAULT,25/06/2026 17:45:20 BST
UK,KEEP,in master list,LIBERIA-3GB-15D,B0FR9H18JQ,,17.99,0,Inactive,AMAZON_EU,25/06/2026 17:46:43 BST
UK,KEEP,in master list,LIBERIA-5GB-30D,B0FR9SJ1YH,,28.99,0,Inactive,AMAZON_EU,25/06/2026 17:47:08 BST
UK,KEEP-PARENT,variation parent in Google Sheet,LIBERIA-ESIM,B0H6N94RH6,,,0,Incomplete,DEFAULT,25/06/2026 17:46:39 BST
UK,KEEP,in master list,LIBYA-20GB-30D,B0H6MFWD2Y,,107.99,0,Inactive,AMAZON_EU,25/06/2026 10:09:19 BST
UK,KEEP,in master list,LIBYA-3GB-15D,B0H6MBYGXZ,,28.99,0,Inactive,AMAZON_EU,25/06/2026 10:08:28 BST
UK,KEEP,in master list,LIBYA-5GB-30D,B0H6M5PVSB,,37.99,0,Inactive,AMAZON_EU,25/06/2026 10:08:53 BST
UK,KEEP-PARENT,variation parent in Google Sheet,LIBYA-ESIM,B0H6M7T4M9,,,0,Incomplete,DEFAULT,25/06/2026 10:08:25 BST
UK,KEEP,in master list,LIECHTENSTEIN-3GB-15D,B0FR9S35ZH,,6.99,0,Inactive,AMAZON_EU,25/06/2026 17:47:37 BST
UK,KEEP-PARENT,variation parent in Google Sheet,LIECHTENSTEIN-ESIM,B0H6NB6KF7,,,0,Incomplete,DEFAULT,25/06/2026 17:47:34 BST
UK,KEEP,in master list,LITHUANIA-20GB-30D,B0FR9TQN8N,,14.99,0,Inactive,AMAZON_EU,25/06/2026 17:48:57 BST
UK,KEEP,in master list,LITHUANIA-3GB-15D,B0FR9KS3P4,,6.99,0,Inactive,AMAZON_EU,25/06/2026 17:48:06 BST
UK,KEEP,in master list,LITHUANIA-5GB-30D,B0FR9R598C,,7.99,0,Inactive,AMAZON_EU,25/06/2026 17:48:31 BST
UK,KEEP-PARENT,variation parent in Google Sheet,LITHUANIA-ESIM,B0H6N8H96J,,,0,Incomplete,DEFAULT,25/06/2026 17:48:02 BST
UK,KEEP,in master list,LUXEMBOURG-20GB-30D,B0FR8XXXZB,,14.99,0,Inactive,AMAZON_EU,25/06/2026 17:50:19 BST
UK,KEEP,in master list,LUXEMBOURG-3GB-15D,B0FR9SHRKM,,6.99,0,Inactive,AMAZON_EU,25/06/2026 17:49:26 BST
UK,KEEP,in master list,LUXEMBOURG-5GB-30D,B0FR9SB862,,7.99,0,Inactive,AMAZON_EU,25/06/2026 17:49:54 BST
UK,KEEP-PARENT,variation parent in Google Sheet,LUXEMBOURG-ESIM,B0H6NB72G9,,,0,Incomplete,DEFAULT,25/06/2026 17:49:22 BST
UK,KEEP,in master list,MACAO-20GB-30D,B0FR9CDBN2,,12.99,0,Inactive,AMAZON_EU,25/06/2026 17:51:39 BST
UK,KEEP,in master list,MACAO-3GB-15D,B0FR9M485M,,6.99,0,Inactive,AMAZON_EU,25/06/2026 17:50:48 BST
UK,KEEP,in master list,MACAO-5GB-30D,B0FR9L9624,,7.99,0,Inactive,AMAZON_EU,25/06/2026 17:51:13 BST
UK,KEEP-PARENT,variation parent in Google Sheet,MACAO-ESIM,B0H6N8H6BD,,,0,Incomplete,DEFAULT,25/06/2026 17:50:44 BST
UK,KEEP,in master list,MADAGASCAR-3GB-15D,B0FR9H2NS1,,21.99,0,Inactive,AMAZON_EU,25/06/2026 17:52:08 BST
UK,KEEP-PARENT,variation parent in Google Sheet,MADAGASCAR-ESIM,B0H6NBTTWK,,,0,Incomplete,DEFAULT,25/06/2026 17:52:04 BST
UK,KEEP,in master list,MALAWI-3GB-15D,B0FR9H3JDK,,14.99,0,Inactive,AMAZON_EU,25/06/2026 17:52:36 BST
UK,KEEP,in master list,MALAWI-5GB-30D,B0FR9GXY24,,23.99,0,Inactive,AMAZON_EU,25/06/2026 17:53:02 BST
UK,KEEP-PARENT,variation parent in Google Sheet,MALAWI-ESIM,B0H6NBMGLL,,,0,Incomplete,DEFAULT,25/06/2026 17:52:33 BST
UK,KEEP,in master list,MALAYSIA-20GB-30D,B0FR9VMWYD,,12.99,9,Active,AMAZON_EU,25/06/2026 17:54:22 BST
UK,KEEP,in master list,MALAYSIA-3GB-15D,B0FR9H1Q65,,6.99,20,Active,AMAZON_EU,25/06/2026 17:53:31 BST
UK,KEEP,in master list,MALAYSIA-5GB-30D,B0FR9LDGX8,,7.99,20,Active,AMAZON_EU,25/06/2026 17:53:56 BST
UK,KEEP-PARENT,variation parent in Google Sheet,MALAYSIA-ESIM,B0H6N8S9VF,,,0,Incomplete,DEFAULT,25/06/2026 17:53:28 BST
UK,KEEP,in master list,MALDIVES-20GB-30D,B0H6MM5SCJ,,100.99,0,Inactive,AMAZON_EU,25/06/2026 10:10:39 BST
UK,KEEP,in master list,MALDIVES-3GB-15D,B0H6MD6Y71,,28.99,0,Inactive,AMAZON_EU,25/06/2026 10:09:48 BST
UK,KEEP,in master list,MALDIVES-5GB-30D,B0H6MJQZ8Y,,37.99,0,Inactive,AMAZON_EU,25/06/2026 10:10:13 BST
UK,KEEP-PARENT,variation parent in Google Sheet,MALDIVES-ESIM,B0H6M7VBCC,,,0,Incomplete,DEFAULT,25/06/2026 10:09:44 BST
UK,KEEP,in master list,MALI-3GB-15D,B0FR9TRDSY,,17.99,0,Inactive,AMAZON_EU,25/06/2026 17:54:51 BST
UK,KEEP-PARENT,variation parent in Google Sheet,MALI-ESIM,B0H6N9BY8N,,,0,Incomplete,DEFAULT,25/06/2026 17:54:47 BST
UK,KEEP,in master list,MALTA-20GB-30D,B0FR9VL1Q9,,12.99,0,Inactive,AMAZON_EU,25/06/2026 17:56:10 BST
UK,KEEP,in master list,MALTA-3GB-15D,B0FR9M3PNR,,6.99,0,Inactive,AMAZON_EU,25/06/2026 17:55:19 BST
UK,KEEP,in master list,MALTA-5GB-30D,B0FR9ZSMTC,,7.99,0,Inactive,AMAZON_EU,25/06/2026 17:55:45 BST
UK,KEEP-PARENT,variation parent in Google Sheet,MALTA-ESIM,B0H6NBDQH1,,,0,Incomplete,DEFAULT,25/06/2026 17:55:16 BST
UK,KEEP,in master list,MARTINIQUE-20GB-30D,B0H6MH94KV,,13.99,0,Inactive,AMAZON_EU,25/06/2026 10:11:59 BST
UK,KEEP,in master list,MARTINIQUE-3GB-15D,B0H6M7SBFQ,,6.99,0,Inactive,AMAZON_EU,25/06/2026 10:11:08 BST
UK,KEEP,in master list,MARTINIQUE-5GB-30D,B0H6MKCD1X,,7.99,0,Inactive,AMAZON_EU,25/06/2026 10:11:33 BST
UK,KEEP-PARENT,variation parent in Google Sheet,MARTINIQUE-ESIM,B0H6M81ZS9,,,0,Incomplete,DEFAULT,25/06/2026 10:11:04 BST
UK,KEEP,in master list,MAURITIUS-3GB-15D,B0H2FYRLRC,,13.99,0,Inactive,AMAZON_EU,25/06/2026 18:49:44 BST
UK,KEEP,in master list,MAURITIUS-5GB-30D,B0H2G2XMS3,,14.99,0,Inactive,AMAZON_EU,25/06/2026 18:50:09 BST
UK,KEEP-PARENT,variation parent in Google Sheet,MAURITIUS-ESIM,B0H6NPKF3T,,,0,Incomplete,DEFAULT,25/06/2026 18:49:40 BST
UK,KEEP,in master list,MAYOTTE-20GB-30D,B0H6M5L8MC,,13.99,0,Inactive,AMAZON_EU,25/06/2026 10:13:18 BST
UK,KEEP,in master list,MAYOTTE-3GB-15D,B0H6MFWP88,,6.99,0,Inactive,AMAZON_EU,25/06/2026 10:12:27 BST
UK,KEEP,in master list,MAYOTTE-5GB-30D,B0H6MD9C4Y,,7.99,0,Inactive,AMAZON_EU,25/06/2026 10:12:53 BST
UK,KEEP-PARENT,variation parent in Google Sheet,MAYOTTE-ESIM,B0H6M5W634,,,0,Incomplete,DEFAULT,25/06/2026 10:12:24 BST
UK,KEEP,in master list,MEXICO-20GB-30D,B0FR9VDSJX,,29.99,0,Inactive,AMAZON_EU,25/06/2026 17:57:30 BST
UK,KEEP,in master list,MEXICO-3GB-15D,B0FR9SZSTG,,9.99,0,Inactive,AMAZON_EU,25/06/2026 17:56:39 BST
UK,KEEP,in master list,MEXICO-5GB-30D,B0FR9H2K1C,,11.99,0,Inactive,AMAZON_EU,25/06/2026 17:57:05 BST
UK,KEEP-PARENT,variation parent in Google Sheet,MEXICO-ESIM,B0H6NFW8QT,,,0,Incomplete,DEFAULT,25/06/2026 17:56:36 BST
UK,KEEP,in master list,MIDDLE-EAST-5GB-30D,B0FR9SYKP6,,30.99,0,Inactive,AMAZON_EU,25/06/2026 17:57:59 BST
UK,KEEP-PARENT,variation parent in Google Sheet,MIDDLE-EAST-ESIM,B0H6N5XR72,,,0,Incomplete,DEFAULT,25/06/2026 17:57:56 BST
UK,KEEP,in master list,MOLDOVA-3GB-15D,B0FR9CFQYY,,6.99,0,Inactive,AMAZON_EU,25/06/2026 17:58:28 BST
UK,KEEP-PARENT,variation parent in Google Sheet,MOLDOVA-ESIM,B0H6N61H5Z,,,0,Incomplete,DEFAULT,25/06/2026 17:58:25 BST
UK,KEEP,in master list,MONACO-3GB-15D,B0FR9ZS6GM,,53.99,0,Inactive,AMAZON_EU,25/06/2026 17:58:57 BST
UK,KEEP,in master list,MONACO-5GB-30D,B0FR9H1H4M,,72.99,0,Inactive,AMAZON_EU,25/06/2026 17:59:22 BST
UK,KEEP-PARENT,variation parent in Google Sheet,MONACO-ESIM,B0H6N9LD59,,,0,Incomplete,DEFAULT,25/06/2026 17:58:53 BST
UK,KEEP,in master list,MONGOLIA-3GB-15D,B0FR9LSYTX,,13.99,0,Inactive,AMAZON_EU,25/06/2026 17:59:51 BST
UK,KEEP-PARENT,variation parent in Google Sheet,MONGOLIA-ESIM,B0H6N6VV6H,,,0,Incomplete,DEFAULT,25/06/2026 17:59:48 BST
UK,KEEP,in master list,MONTENEGRO-3GB-15D,B0FR9R5HR7,,6.99,0,Inactive,AMAZON_EU,25/06/2026 18:00:20 BST
UK,KEEP-PARENT,variation parent in Google Sheet,MONTENEGRO-ESIM,B0H6N41GTS,,,0,Incomplete,DEFAULT,25/06/2026 18:00:16 BST
UK,KEEP,in master list,MONTSERRAT-20GB-30D,B0H6MG87HK,,80.99,0,Inactive,AMAZON_EU,25/06/2026 10:14:38 BST
UK,KEEP,in master list,MONTSERRAT-3GB-15D,B0H6MDJ2ZR,,21.99,0,Inactive,AMAZON_EU,25/06/2026 10:13:47 BST
UK,KEEP,in master list,MONTSERRAT-5GB-30D,B0H6MGQ1Y4,,28.99,0,Inactive,AMAZON_EU,25/06/2026 10:14:13 BST
UK,KEEP-PARENT,variation parent in Google Sheet,MONTSERRAT-ESIM,B0H6M5HH29,,,0,Incomplete,DEFAULT,25/06/2026 10:13:44 BST
UK,KEEP,in master list,MOROCCO-20GB-30D,B0FR9M57DY,,22.99,10,Active,AMAZON_EU,25/06/2026 18:01:40 BST
UK,KEEP,in master list,MOROCCO-3GB-15D,B0FR9CFZQR,,7.99,26,Active,AMAZON_EU,25/06/2026 18:00:49 BST
UK,KEEP,in master list,MOROCCO-5GB-30D,B0FR9CDDQ8,,11.99,0,Inactive,AMAZON_EU,25/06/2026 18:01:14 BST
UK,KEEP-PARENT,variation parent in Google Sheet,MOROCCO-ESIM,B0H6NJSTNL,,,0,Incomplete,DEFAULT,25/06/2026 18:00:45 BST
UK,KEEP,in master list,MOZAMBIQUE-20GB-30D,B0FR9CFLS7,,64.99,0,Inactive,AMAZON_EU,25/06/2026 18:02:34 BST
UK,KEEP,in master list,MOZAMBIQUE-3GB-15D,B0FRB1M6HK,,16.99,0,Inactive,AMAZON_EU,25/06/2026 18:02:09 BST
UK,KEEP-PARENT,variation parent in Google Sheet,MOZAMBIQUE-ESIM,B0H6N7QPBM,,,0,Incomplete,DEFAULT,25/06/2026 18:02:05 BST
UK,KEEP,in master list,NEPAL-3GB-15D,B0FRB1TD7L,,11.99,0,Inactive,AMAZON_EU,25/06/2026 18:03:03 BST
UK,KEEP-PARENT,variation parent in Google Sheet,NEPAL-ESIM,B0H6NBC9RB,,,0,Incomplete,DEFAULT,25/06/2026 18:03:00 BST
UK,KEEP,in master list,NETHERLANDS-20GB-30D,B0FR9NG7LB,,13.99,20,Active,AMAZON_EU,25/06/2026 18:04:23 BST
UK,KEEP,in master list,NETHERLANDS-3GB-15D,B0FRB5GNM2,,6.99,70,Active,AMAZON_EU,25/06/2026 18:03:32 BST
UK,KEEP,in master list,NETHERLANDS-5GB-30D,B0FR9NHP7Q,,7.99,56,Active,AMAZON_EU,25/06/2026 18:03:57 BST
UK,KEEP-PARENT,variation parent in Google Sheet,NETHERLANDS-ESIM,B0H6N729C3,,,0,Incomplete,DEFAULT,25/06/2026 18:03:28 BST
UK,KEEP,in master list,NEW-ZEALAND-20GB-30D,B0FRB1TWT8,,20.99,0,Inactive,AMAZON_EU,25/06/2026 18:05:43 BST
UK,KEEP,in master list,NEW-ZEALAND-3GB-15D,B0FR9NKXF5,,7.99,0,Inactive,AMAZON_EU,25/06/2026 18:04:52 BST
UK,KEEP,in master list,NEW-ZEALAND-5GB-30D,B0FR9NHFWQ,,9.99,0,Inactive,AMAZON_EU,25/06/2026 18:05:17 BST
UK,KEEP-PARENT,variation parent in Google Sheet,NEW-ZEALAND-ESIM,B0H6N6W32Z,,,0,Incomplete,DEFAULT,25/06/2026 18:04:48 BST
UK,KEEP,in master list,NICARAGUA-3GB-15D,B0FRB33MPG,,11.99,0,Inactive,AMAZON_EU,25/06/2026 18:06:12 BST
UK,KEEP-PARENT,variation parent in Google Sheet,NICARAGUA-ESIM,B0H6N8FDTC,,,0,Incomplete,DEFAULT,25/06/2026 18:06:08 BST
UK,KEEP,in master list,NIGER-3GB-15D,B0FR9NPT1H,,14.99,0,Inactive,AMAZON_EU,25/06/2026 18:06:40 BST
UK,KEEP-PARENT,variation parent in Google Sheet,NIGER-ESIM,B0H6NKHLYG,,,0,Incomplete,DEFAULT,25/06/2026 18:06:37 BST
UK,KEEP,in master list,NIGERIA-3GB-15D,B0FR9X17QY,,11.99,0,Inactive,AMAZON_EU,25/06/2026 18:07:10 BST
UK,KEEP-PARENT,variation parent in Google Sheet,NIGERIA-ESIM,B0H6NHXJPX,,,0,Incomplete,DEFAULT,25/06/2026 18:07:07 BST
UK,KEEP,in master list,NORTH-AMERICA-5GB-30D,B0FRBDQ8H5,,13.99,0,Inactive,AMAZON_EU,25/06/2026 18:07:39 BST
UK,KEEP-PARENT,variation parent in Google Sheet,NORTH-AMERICA-ESIM,B0H6NBGFKR,,,0,Incomplete,DEFAULT,25/06/2026 18:07:35 BST
UK,KEEP,in master list,NORTH-MACEDONIA-3GB-15D,B0FRB59DJS,,7.99,0,Inactive,AMAZON_EU,25/06/2026 18:08:08 BST
UK,KEEP,in master list,NORTH-MACEDONIA-5GB-30D,B0FR9WNHHX,,11.99,0,Inactive,AMAZON_EU,25/06/2026 18:08:33 BST
UK,KEEP-PARENT,variation parent in Google Sheet,NORTH-MACEDONIA-ESIM,B0H6N8HHPR,,,0,Incomplete,DEFAULT,25/06/2026 18:08:04 BST
UK,KEEP,in master list,NORWAY-20GB-30D,B0FRB572L8,,12.99,0,Inactive,AMAZON_EU,25/06/2026 18:09:53 BST
UK,KEEP,in master list,NORWAY-3GB-15D,B0FR9WNK2H,,6.99,0,Inactive,AMAZON_EU,25/06/2026 18:09:02 BST
UK,KEEP,in master list,NORWAY-5GB-30D,B0FRBNPZ9D,,7.99,0,Inactive,AMAZON_EU,25/06/2026 18:09:28 BST
UK,KEEP-PARENT,variation parent in Google Sheet,NORWAY-ESIM,B0H6NJMGDH,,,0,Incomplete,DEFAULT,25/06/2026 18:08:59 BST
UK,KEEP,in master list,OMAN-20GB-30D,B0FRB4R3FK,,27.99,0,Inactive,AMAZON_EU,25/06/2026 18:10:47 BST
UK,KEEP,in master list,OMAN-3GB-15D,B0FRB4BL4W,,9.99,0,Inactive,AMAZON_EU,25/06/2026 18:10:22 BST
UK,KEEP-PARENT,variation parent in Google Sheet,OMAN-ESIM,B0H6N75L1G,,,0,Incomplete,DEFAULT,25/06/2026 18:10:19 BST
UK,KEEP,in master list,PAKISTAN-20GB-30D,B0FRB691X8,,18.99,0,Inactive,AMAZON_EU,25/06/2026 18:12:07 BST
UK,KEEP,in master list,PAKISTAN-3GB-15D,B0FRB4HL3B,,6.99,0,Inactive,AMAZON_EU,25/06/2026 18:11:16 BST
UK,KEEP,in master list,PAKISTAN-5GB-30D,B0FRB48QKZ,,8.99,0,Inactive,AMAZON_EU,25/06/2026 18:11:42 BST
UK,KEEP-PARENT,variation parent in Google Sheet,PAKISTAN-ESIM,B0H6NLYSKB,,,0,Incomplete,DEFAULT,25/06/2026 18:11:13 BST
UK,KEEP,in master list,PANAMA-3GB-15D,B0FRB3VFW6,,14.99,0,Inactive,AMAZON_EU,25/06/2026 18:12:36 BST
UK,KEEP-PARENT,variation parent in Google Sheet,PANAMA-ESIM,B0H6NJMGH2,,,0,Incomplete,DEFAULT,25/06/2026 18:12:33 BST
UK,KEEP,in master list,PARAGUAY-3GB-15D,B0FRB3V7CS,,11.99,0,Inactive,AMAZON_EU,25/06/2026 18:13:05 BST
UK,KEEP-PARENT,variation parent in Google Sheet,PARAGUAY-ESIM,B0H6N8G9S2,,,0,Incomplete,DEFAULT,25/06/2026 18:13:02 BST
UK,KEEP,in master list,PERU-20GB-30D,B0H6M8BLBD,,35.99,0,Inactive,AMAZON_EU,25/06/2026 09:28:48 BST
UK,KEEP,in master list,PERU-3GB-15D,B0H6M5WW3B,,11.99,0,Inactive,AMAZON_EU,25/06/2026 09:28:22 BST
UK,KEEP-PARENT,variation parent in Google Sheet,PERU-ESIM,B0H6MD1TVV,,,0,Incomplete,DEFAULT,25/06/2026 09:28:19 BST
UK,KEEP,in master list,PHILIPPINES-20GB-30D,B0FRB4K2D4,,19.99,10,Active,AMAZON_EU,25/06/2026 18:14:25 BST
UK,KEEP,in master list,PHILIPPINES-3GB-15D,B0FRB1GVXK,,6.99,19,Active,AMAZON_EU,25/06/2026 18:13:34 BST
UK,KEEP,in master list,PHILIPPINES-5GB-30D,B0FRB4VCKG,,8.99,20,Active,AMAZON_EU,25/06/2026 18:13:59 BST
UK,KEEP-PARENT,variation parent in Google Sheet,PHILIPPINES-ESIM,B0H6NJNJBX,,,0,Incomplete,DEFAULT,25/06/2026 18:13:30 BST
UK,KEEP,in master list,POLAND-20GB-30D,B0FRB5HSK7,,12.99,20,Active,AMAZON_EU,25/06/2026 18:15:45 BST
UK,KEEP,in master list,POLAND-3GB-15D,B0FRB4JVKR,,6.99,70,Active,AMAZON_EU,25/06/2026 18:14:54 BST
UK,KEEP,in master list,POLAND-5GB-30D,B0FRBDPQ9J,,7.99,52,Active,AMAZON_EU,25/06/2026 18:15:19 BST
UK,KEEP-PARENT,variation parent in Google Sheet,POLAND-ESIM,B0H6NB3WBQ,,,0,Incomplete,DEFAULT,25/06/2026 18:14:50 BST
UK,KEEP,in master list,PORTUGAL-20GB-30D,B0FRB354KV,,12.99,27,Active,AMAZON_EU,25/06/2026 18:17:04 BST
UK,KEEP,in master list,PORTUGAL-3GB-15D,B0FRB4314T,,6.99,89,Active,AMAZON_EU,25/06/2026 18:16:13 BST
UK,KEEP,in master list,PORTUGAL-5GB-30D,B0FRB4X799,,7.99,73,Active,AMAZON_EU,25/06/2026 18:16:39 BST
UK,KEEP-PARENT,variation parent in Google Sheet,PORTUGAL-ESIM,B0H6N8F4C6,,,0,Incomplete,DEFAULT,25/06/2026 18:16:10 BST
UK,KEEP,in master list,PUERTO-RICO-3GB-15D,B0FRB5MSF1,,10.99,0,Inactive,AMAZON_EU,25/06/2026 18:17:33 BST
UK,KEEP,in master list,PUERTO-RICO-5GB-30D,B0FR9WMX9V,,11.99,0,Inactive,AMAZON_EU,25/06/2026 18:17:59 BST
UK,KEEP-PARENT,variation parent in Google Sheet,PUERTO-RICO-ESIM,B0H6ND61QG,,,0,Incomplete,DEFAULT,25/06/2026 18:17:30 BST
UK,KEEP,in master list,QATAR-20GB-30D,B0FR9X3QGM,,26.99,0,Inactive,AMAZON_EU,25/06/2026 18:19:19 BST
UK,KEEP,in master list,QATAR-3GB-15D,B0FR9NXH43,,8.99,0,Inactive,AMAZON_EU,25/06/2026 18:18:28 BST
UK,KEEP,in master list,QATAR-5GB-30D,B0FR9X5KB1,,14.99,0,Inactive,AMAZON_EU,25/06/2026 18:18:53 BST
UK,KEEP-PARENT,variation parent in Google Sheet,QATAR-ESIM,B0H6NBS9YH,,,0,Incomplete,DEFAULT,25/06/2026 18:18:24 BST
UK,KEEP,in master list,REPUBLIC-OF-THE-CONGO-20GB-30D,B0H6MJ756Y,,66.99,0,Inactive,AMAZON_EU,25/06/2026 10:15:58 BST
UK,KEEP,in master list,REPUBLIC-OF-THE-CONGO-3GB-15D,B0H6MM6DKT,,18.99,0,Inactive,AMAZON_EU,25/06/2026 10:15:07 BST
UK,KEEP,in master list,REPUBLIC-OF-THE-CONGO-5GB-30D,B0H6MBXD3B,,28.99,0,Inactive,AMAZON_EU,25/06/2026 10:15:33 BST
UK,KEEP-PARENT,variation parent in Google Sheet,REPUBLIC-OF-THE-CONGO-ESIM,B0H6MCYX2L,,,0,Incomplete,DEFAULT,25/06/2026 10:15:04 BST
UK,KEEP,in master list,REUNION-3GB-15D,B0FRB3KCNQ,,6.99,0,Inactive,AMAZON_EU,25/06/2026 18:19:48 BST
UK,KEEP,in master list,REUNION-5GB-30D,B0FRB47TQW,,7.99,0,Inactive,AMAZON_EU,25/06/2026 18:20:13 BST
UK,KEEP-PARENT,variation parent in Google Sheet,REUNION-ESIM,B0H6NLMDN3,,,0,Incomplete,DEFAULT,25/06/2026 18:19:44 BST
UK,KEEP,in master list,ROMANIA-20GB-30D,B0H6MGRC1F,,12.99,0,Inactive,AMAZON_EU,25/06/2026 10:17:18 BST
UK,KEEP,in master list,ROMANIA-3GB-15D,B0H6MKQH2C,,6.99,0,Inactive,AMAZON_EU,25/06/2026 10:16:27 BST
UK,KEEP,in master list,ROMANIA-5GB-30D,B0H6MFVLCB,,7.99,0,Inactive,AMAZON_EU,25/06/2026 10:16:53 BST
UK,KEEP-PARENT,variation parent in Google Sheet,ROMANIA-ESIM,B0H6MFFYR7,,,0,Incomplete,DEFAULT,25/06/2026 10:16:24 BST
UK,KEEP,in master list,RUSSIA-20GB-30D,B0H6MDSLNC,,19.99,0,Inactive,AMAZON_EU,25/06/2026 10:18:38 BST
UK,KEEP,in master list,RUSSIA-3GB-15D,B0H6MDNPC8,,7.99,0,Inactive,AMAZON_EU,25/06/2026 10:17:47 BST
UK,KEEP,in master list,RUSSIA-5GB-30D,B0H6MLHHB2,,11.99,0,Inactive,AMAZON_EU,25/06/2026 10:18:13 BST
UK,KEEP-PARENT,variation parent in Google Sheet,RUSSIA-ESIM,B0H6MGPV89,,,0,Incomplete,DEFAULT,25/06/2026 10:17:44 BST
UK,KEEP,in master list,RWANDA-20GB-30D,B0H6M66BWN,,83.99,0,Inactive,AMAZON_EU,25/06/2026 10:19:58 BST
UK,KEEP,in master list,RWANDA-3GB-15D,B0H6MK2ZBQ,,20.99,0,Inactive,AMAZON_EU,25/06/2026 10:19:07 BST
UK,KEEP,in master list,RWANDA-5GB-30D,B0H6MJZHP1,,27.99,0,Inactive,AMAZON_EU,25/06/2026 10:19:33 BST
UK,KEEP-PARENT,variation parent in Google Sheet,RWANDA-ESIM,B0H6MFDNCX,,,0,Incomplete,DEFAULT,25/06/2026 10:19:04 BST
UK,KEEP,in master list,SAINT-BARTHELEMY-20GB-30D,B0H6MJHHNB,,13.99,0,Inactive,AMAZON_EU,25/06/2026 10:21:18 BST
UK,KEEP,in master list,SAINT-BARTHELEMY-3GB-15D,B0H6MDMD63,,6.99,0,Inactive,AMAZON_EU,25/06/2026 10:20:27 BST
UK,KEEP,in master list,SAINT-BARTHELEMY-5GB-30D,B0H6MBS246,,7.99,0,Inactive,AMAZON_EU,25/06/2026 10:20:53 BST
UK,KEEP-PARENT,variation parent in Google Sheet,SAINT-BARTHELEMY-ESIM,B0H6M7F71Q,,,0,Incomplete,DEFAULT,25/06/2026 10:20:24 BST
UK,KEEP,in master list,SAINT-KITTS-AND-NEVIS-20GB-30D,B0H6MJQSR4,,88.99,0,Inactive,AMAZON_EU,25/06/2026 10:22:38 BST
UK,KEEP,in master list,SAINT-KITTS-AND-NEVIS-3GB-15D,B0H6MDHJ2B,,24.99,0,Inactive,AMAZON_EU,25/06/2026 10:21:47 BST
UK,KEEP,in master list,SAINT-KITTS-AND-NEVIS-5GB-30D,B0H6MBK615,,32.99,0,Inactive,AMAZON_EU,25/06/2026 10:22:13 BST
UK,KEEP-PARENT,variation parent in Google Sheet,SAINT-KITTS-AND-NEVIS-ESIM,B0H6MJPPCH,,,0,Incomplete,DEFAULT,25/06/2026 10:21:44 BST
UK,KEEP,in master list,SAINT-LUCIA-20GB-30D,B0H6MDX8DY,,88.99,0,Inactive,AMAZON_EU,25/06/2026 10:23:58 BST
UK,KEEP,in master list,SAINT-LUCIA-3GB-15D,B0H6M7Y1CD,,24.99,0,Inactive,AMAZON_EU,25/06/2026 10:23:07 BST
UK,KEEP,in master list,SAINT-LUCIA-5GB-30D,B0H6MGBXNV,,32.99,0,Inactive,AMAZON_EU,25/06/2026 10:23:33 BST
UK,KEEP-PARENT,variation parent in Google Sheet,SAINT-LUCIA-ESIM,B0H6MDQNZ4,,,0,Incomplete,DEFAULT,25/06/2026 10:23:04 BST
UK,KEEP,in master list,SAINT-MARTIN-20GB-30D,B0H6MF7K64,,13.99,0,Inactive,AMAZON_EU,25/06/2026 10:25:18 BST
UK,KEEP,in master list,SAINT-MARTIN-3GB-15D,B0H6MDB2CN,,6.99,0,Inactive,AMAZON_EU,25/06/2026 10:24:27 BST
UK,KEEP,in master list,SAINT-MARTIN-5GB-30D,B0H6MC37Q1,,7.99,0,Inactive,AMAZON_EU,25/06/2026 10:24:52 BST
UK,KEEP-PARENT,variation parent in Google Sheet,SAINT-MARTIN-ESIM,B0H6MM8WYQ,,,0,Incomplete,DEFAULT,25/06/2026 10:24:24 BST
UK,KEEP,in master list,SAINT-VINCENT-AND-THE-GRENADINES-3GB-15D,B0H6MF3FWZ,,29.99,0,Inactive,AMAZON_EU,25/06/2026 10:25:47 BST
UK,KEEP,in master list,SAINT-VINCENT-AND-THE-GRENADINES-5GB-30D,B0H6MJXH8Z,,39.99,0,Inactive,AMAZON_EU,25/06/2026 10:26:12 BST
UK,KEEP-PARENT,variation parent in Google Sheet,SAINT-VINCENT-AND-THE-GRENADINES-ESIM,B0H6MB38V2,,,0,Incomplete,DEFAULT,25/06/2026 10:25:43 BST
UK,KEEP,in master list,SAMOA-20GB-30D,B0H6MJQDSM,,252.99,0,Inactive,AMAZON_EU,25/06/2026 10:27:33 BST
UK,KEEP,in master list,SAMOA-3GB-15D,B0H6MGJ45S,,49.99,0,Inactive,AMAZON_EU,25/06/2026 10:26:42 BST
UK,KEEP,in master list,SAMOA-5GB-30D,B0H6MFFZH1,,68.99,0,Inactive,AMAZON_EU,25/06/2026 10:27:07 BST
UK,KEEP-PARENT,variation parent in Google Sheet,SAMOA-ESIM,B0H6MKW7S5,,,0,Incomplete,DEFAULT,25/06/2026 10:26:38 BST
UK,KEEP,in master list,SAN-MARINO-20GB-30D,B0H6MDHJFJ,,13.99,0,Inactive,AMAZON_EU,25/06/2026 10:28:53 BST
UK,KEEP,in master list,SAN-MARINO-3GB-15D,B0H6MG33GL,,6.99,0,Inactive,AMAZON_EU,25/06/2026 10:28:02 BST
UK,KEEP,in master list,SAN-MARINO-5GB-30D,B0H6ML6C38,,7.99,0,Inactive,AMAZON_EU,25/06/2026 10:28:27 BST
UK,KEEP-PARENT,variation parent in Google Sheet,SAN-MARINO-ESIM,B0H6M6P1HS,,,0,Incomplete,DEFAULT,25/06/2026 10:27:58 BST
UK,KEEP,in master list,SAUDI-ARABIA-20GB-30D,B0FRB5PZTS,,28.99,0,Inactive,AMAZON_EU,25/06/2026 18:21:33 BST
UK,KEEP,in master list,SAUDI-ARABIA-3GB-15D,B0FRB3N2KL,,9.99,0,Inactive,AMAZON_EU,25/06/2026 18:20:42 BST
UK,KEEP,in master list,SAUDI-ARABIA-5GB-30D,B0FRB1SRZY,,11.99,0,Inactive,AMAZON_EU,25/06/2026 18:21:08 BST
UK,KEEP-PARENT,variation parent in Google Sheet,SAUDI-ARABIA-ESIM,B0H6NJPK9W,,,0,Incomplete,DEFAULT,25/06/2026 18:20:39 BST
UK,KEEP,in master list,SENEGAL-3GB-15D,B0FRB4HX92,,13.99,30,Active,AMAZON_EU,25/06/2026 18:22:02 BST
UK,KEEP,in master list,SENEGAL-5GB-30D,B0FRB68H77,,15.99,20,Active,AMAZON_EU,25/06/2026 18:22:28 BST
UK,KEEP-PARENT,variation parent in Google Sheet,SENEGAL-ESIM,B0H6N8DFG9,,,0,Incomplete,DEFAULT,25/06/2026 18:21:59 BST
UK,KEEP,in master list,SERBIA-20GB-30D,B0FRB5K8JC,,17.99,0,Inactive,AMAZON_EU,25/06/2026 18:23:22 BST
UK,KEEP,in master list,SERBIA-3GB-15D,B0FRB5TJV2,,6.99,0,Inactive,AMAZON_EU,25/06/2026 18:22:57 BST
UK,KEEP-PARENT,variation parent in Google Sheet,SERBIA-ESIM,B0H6N91W8D,,,0,Incomplete,DEFAULT,25/06/2026 18:22:53 BST
UK,KEEP,in master list,SEYCHELLES-3GB-15D,B0FRB55T3H,,14.99,0,Inactive,AMAZON_EU,25/06/2026 18:23:51 BST
UK,KEEP,in master list,SEYCHELLES-5GB-30D,B0FR9P7N6M,,23.99,0,Inactive,AMAZON_EU,25/06/2026 18:24:17 BST
UK,KEEP-PARENT,variation parent in Google Sheet,SEYCHELLES-ESIM,B0H6N94L4D,,,0,Incomplete,DEFAULT,25/06/2026 18:23:48 BST
UK,KEEP,in master list,SIERRA-LEONE-20GB-30D,B0H6ML1JW1,,80.99,0,Inactive,AMAZON_EU,25/06/2026 10:30:13 BST
UK,KEEP,in master list,SIERRA-LEONE-3GB-15D,B0H6MHPWKP,,22.99,0,Inactive,AMAZON_EU,25/06/2026 10:29:22 BST
UK,KEEP,in master list,SIERRA-LEONE-5GB-30D,B0H6MBK6HZ,,28.99,0,Inactive,AMAZON_EU,25/06/2026 10:29:47 BST
UK,KEEP-PARENT,variation parent in Google Sheet,SIERRA-LEONE-ESIM,B0H6MHYVHM,,,0,Incomplete,DEFAULT,25/06/2026 10:29:18 BST
UK,KEEP,in master list,SINGAPORE-20GB-30D,B0FRB256K8,,12.99,10,Active,AMAZON_EU,25/06/2026 18:25:11 BST
UK,KEEP,in master list,SINGAPORE-5GB-30D,B0FR9X3Y3R,,7.99,20,Active,AMAZON_EU,25/06/2026 18:24:46 BST
UK,KEEP-PARENT,variation parent in Google Sheet,SINGAPORE-ESIM,B0H6NBFGB1,,,0,Incomplete,DEFAULT,25/06/2026 18:24:42 BST
UK,KEEP,in master list,SLOVAKIA-20GB-30D,B0FRB14YYC,,12.99,0,Inactive,AMAZON_EU,25/06/2026 18:26:31 BST
UK,KEEP,in master list,SLOVAKIA-3GB-15D,B0FR9XC4BW,,6.99,0,Inactive,AMAZON_EU,25/06/2026 18:25:40 BST
UK,KEEP,in master list,SLOVAKIA-5GB-30D,B0FRB2X84M,,7.99,0,Inactive,AMAZON_EU,25/06/2026 18:26:06 BST
UK,KEEP-PARENT,variation parent in Google Sheet,SLOVAKIA-ESIM,B0H6NDXWWR,,,0,Incomplete,DEFAULT,25/06/2026 18:25:37 BST
UK,KEEP,in master list,SLOVENIA-20GB-30D,B0FR9X15V2,,12.99,0,Inactive,AMAZON_EU,25/06/2026 18:27:51 BST
UK,KEEP,in master list,SLOVENIA-3GB-15D,B0FR9XCF27,,6.99,0,Inactive,AMAZON_EU,25/06/2026 18:27:00 BST
UK,KEEP,in master list,SLOVENIA-5GB-30D,B0FRB3SJMR,,7.99,0,Inactive,AMAZON_EU,25/06/2026 18:27:26 BST
UK,KEEP-PARENT,variation parent in Google Sheet,SLOVENIA-ESIM,B0H6N8LBFC,,,0,Incomplete,DEFAULT,25/06/2026 18:26:57 BST
UK,KEEP,in master list,SOUTH-AFRICA-5GB-30D,B0FRB3R6F3,,12.99,37,Active,AMAZON_EU,25/06/2026 18:28:19 BST
UK,KEEP-PARENT,variation parent in Google Sheet,SOUTH-AFRICA-ESIM,B0H6NDQ7JB,,,0,Incomplete,DEFAULT,25/06/2026 18:28:16 BST
UK,KEEP,in master list,SOUTH-AMERICA-5GB-30D,B0FRB8D7HC,,17.99,0,Inactive,AMAZON_EU,25/06/2026 18:28:48 BST
UK,KEEP-PARENT,variation parent in Google Sheet,SOUTH-AMERICA-ESIM,B0H6NB5W6T,,,0,Incomplete,DEFAULT,25/06/2026 18:28:45 BST
UK,KEEP,in master list,SOUTH-KOREA-20GB-30D,B0FRC4P51Z,,12.99,0,Inactive,AMAZON_EU,25/06/2026 18:30:09 BST
UK,KEEP,in master list,SOUTH-KOREA-3GB-15D,B0FRC4RTDF,,6.99,0,Inactive,AMAZON_EU,25/06/2026 18:29:17 BST
UK,KEEP,in master list,SOUTH-KOREA-5GB-30D,B0FRD9LC4C,,7.99,0,Inactive,AMAZON_EU,25/06/2026 18:29:43 BST
UK,KEEP-PARENT,variation parent in Google Sheet,SOUTH-KOREA-ESIM,B0H6N6X1LH,,,0,Incomplete,DEFAULT,25/06/2026 18:29:14 BST
UK,KEEP,in master list,SPAIN-20GB-30D,B0FRCMPGPL,,12.99,42,Active,AMAZON_EU,25/06/2026 18:31:29 BST
UK,KEEP,in master list,SPAIN-3GB-15D,B0FRCDHTZ7,,6.99,247,Active,AMAZON_EU,25/06/2026 18:30:38 BST
UK,KEEP,in master list,SPAIN-5GB-30D,B0FRBQCLZN,,7.99,116,Active,AMAZON_EU,25/06/2026 18:31:03 BST
UK,KEEP-PARENT,variation parent in Google Sheet,SPAIN-ESIM,B0H6NK1SCP,,,0,Incomplete,DEFAULT,25/06/2026 18:30:35 BST
UK,KEEP,in master list,SRI-LANKA-20GB-30D,B0FRC2DZN5,,23.99,0,Inactive,AMAZON_EU,25/06/2026 18:32:49 BST
UK,KEEP,in master list,SRI-LANKA-3GB-15D,B0FRB7Z1NW,,8.99,0,Inactive,AMAZON_EU,25/06/2026 18:31:58 BST
UK,KEEP,in master list,SRI-LANKA-5GB-30D,B0FRB64B8M,,10.99,0,Inactive,AMAZON_EU,25/06/2026 18:32:23 BST
UK,KEEP-PARENT,variation parent in Google Sheet,SRI-LANKA-ESIM,B0H6NFHY8M,,,0,Incomplete,DEFAULT,25/06/2026 18:31:54 BST
UK,KEEP,in master list,SUDAN-3GB-15D,B0FRCKTXNQ,,18.99,0,Inactive,AMAZON_EU,25/06/2026 18:33:17 BST
UK,KEEP,in master list,SUDAN-5GB-30D,B0FRC799N3,,25.99,0,Inactive,AMAZON_EU,25/06/2026 18:33:43 BST
UK,KEEP-PARENT,variation parent in Google Sheet,SUDAN-ESIM,B0H6ND7CM5,,,0,Incomplete,DEFAULT,25/06/2026 18:33:14 BST
UK,KEEP,in master list,SURINAME-20GB-30D,B0H6MNKY5H,,63.99,0,Inactive,AMAZON_EU,25/06/2026 10:31:33 BST
UK,KEEP,in master list,SURINAME-3GB-15D,B0H6MLWJMY,,16.99,0,Inactive,AMAZON_EU,25/06/2026 10:30:42 BST
UK,KEEP,in master list,SURINAME-5GB-30D,B0H6MNS3N5,,27.99,0,Inactive,AMAZON_EU,25/06/2026 10:31:08 BST
UK,KEEP-PARENT,variation parent in Google Sheet,SURINAME-ESIM,B0H6MBG19C,,,0,Incomplete,DEFAULT,25/06/2026 10:30:39 BST
UK,KEEP,in master list,SVG-20GB-30D,B0H6MWF5B5,,107.99,0,Inactive,AMAZON_EU,25/06/2026 13:30:58 BST
UK,KEEP-PARENT,variation parent in Google Sheet,SVG-ESIM,B0H6MZZ26D,,,0,Incomplete,DEFAULT,25/06/2026 13:30:55 BST
UK,KEEP,in master list,SWEDEN-20GB-30D,B0FRB7X5SP,,12.99,0,Inactive,AMAZON_EU,25/06/2026 18:35:03 BST
UK,KEEP,in master list,SWEDEN-3GB-15D,B0FRCC6W9S,,6.99,0,Inactive,AMAZON_EU,25/06/2026 18:34:12 BST
UK,KEEP,in master list,SWEDEN-5GB-30D,B0FRCS524D,,7.99,0,Inactive,AMAZON_EU,25/06/2026 18:34:37 BST
UK,KEEP-PARENT,variation parent in Google Sheet,SWEDEN-ESIM,B0H6NNJJDV,,,0,Incomplete,DEFAULT,25/06/2026 18:34:09 BST
UK,KEEP,in master list,SWITZERLAND-20GB-30D,B0FRB6VY7S,,12.99,0,Inactive,AMAZON_EU,25/06/2026 18:36:23 BST
UK,KEEP,in master list,SWITZERLAND-3GB-15D,B0FRB5LFVC,,6.99,0,Inactive,AMAZON_EU,25/06/2026 18:35:32 BST
UK,KEEP,in master list,SWITZERLAND-5GB-30D,B0FRB7G4VW,,7.99,0,Inactive,AMAZON_EU,25/06/2026 18:35:57 BST
UK,KEEP-PARENT,variation parent in Google Sheet,SWITZERLAND-ESIM,B0H6N9LH2D,,,0,Incomplete,DEFAULT,25/06/2026 18:35:28 BST
UK,KEEP,in master list,TAJIKISTAN-20GB-30D,B0H6M85C77,,35.99,0,Inactive,AMAZON_EU,25/06/2026 10:32:53 BST
UK,KEEP,in master list,TAJIKISTAN-3GB-15D,B0H6M7XFN6,,12.99,0,Inactive,AMAZON_EU,25/06/2026 10:32:02 BST
UK,KEEP,in master list,TAJIKISTAN-5GB-30D,B0H6MFYMXZ,,13.99,0,Inactive,AMAZON_EU,25/06/2026 10:32:27 BST
UK,KEEP-PARENT,variation parent in Google Sheet,TAJIKISTAN-ESIM,B0H6MHKCMV,,,0,Incomplete,DEFAULT,25/06/2026 10:31:59 BST
UK,KEEP,in master list,TANZANIA-3GB-15D,B0FRC81NPJ,,13.99,0,Inactive,AMAZON_EU,25/06/2026 18:36:52 BST
UK,KEEP-PARENT,variation parent in Google Sheet,TANZANIA-ESIM,B0H6NFHYCH,,,0,Incomplete,DEFAULT,25/06/2026 18:36:48 BST
UK,KEEP,in master list,THAILAND-20GB-30D,B0FRCHW3MW,,12.99,0,Inactive,AMAZON_EU,25/06/2026 18:38:11 BST
UK,KEEP,in master list,THAILAND-3GB-15D,B0FRCDPJSH,,6.99,0,Inactive,AMAZON_EU,25/06/2026 18:37:20 BST
UK,KEEP,in master list,THAILAND-5GB-30D,B0FR9Q5D1J,,7.99,0,Inactive,AMAZON_EU,25/06/2026 18:37:46 BST
UK,KEEP-PARENT,variation parent in Google Sheet,THAILAND-ESIM,B0H6NH63FB,,,0,Incomplete,DEFAULT,25/06/2026 18:37:17 BST
UK,KEEP,in master list,TRINIDAD-AND-TOBAGO-20GB-30D,B0H6MF31VP,,82.99,0,Inactive,AMAZON_EU,25/06/2026 10:34:13 BST
UK,KEEP,in master list,TRINIDAD-AND-TOBAGO-3GB-15D,B0H6MJTHXK,,18.99,0,Inactive,AMAZON_EU,25/06/2026 10:33:22 BST
UK,KEEP,in master list,TRINIDAD-AND-TOBAGO-5GB-30D,B0H6MJTHY9,,28.99,0,Inactive,AMAZON_EU,25/06/2026 10:33:47 BST
UK,KEEP-PARENT,variation parent in Google Sheet,TRINIDAD-AND-TOBAGO-ESIM,B0H6MJW44M,,,0,Incomplete,DEFAULT,25/06/2026 10:33:18 BST
UK,KEEP,in master list,TUNISIA-5GB-30D,B0FRB7Q96Z,,9.99,0,Inactive,AMAZON_EU,25/06/2026 18:38:40 BST
UK,KEEP-PARENT,variation parent in Google Sheet,TUNISIA-ESIM,B0H6NDV6J7,,,0,Incomplete,DEFAULT,25/06/2026 18:38:37 BST
UK,KEEP,in master list,TURKEY-20GB-30D,B0FRCYMWCX,,14.99,0,Inactive,AMAZON_EU,25/06/2026 18:40:01 BST
UK,KEEP,in master list,TURKEY-3GB-15D,B0FRC2PSHM,,6.99,0,Inactive,AMAZON_EU,25/06/2026 18:39:09 BST
UK,KEEP,in master list,TURKEY-5GB-30D,B0FRCBZ1BB,,6.99,0,Inactive,AMAZON_EU,25/06/2026 18:39:35 BST
UK,KEEP-PARENT,variation parent in Google Sheet,TURKEY-ESIM,B0H6N72WXH,,,0,Incomplete,DEFAULT,25/06/2026 18:39:06 BST
UK,KEEP,in master list,TURKS-AND-CAICOS-ISLANDS-20GB-30D,B0H6MLBGX7,,77.99,0,Inactive,AMAZON_EU,25/06/2026 10:35:33 BST
UK,KEEP,in master list,TURKS-AND-CAICOS-ISLANDS-3GB-15D,B0H6MNNXGL,,19.99,0,Inactive,AMAZON_EU,25/06/2026 10:34:42 BST
UK,KEEP,in master list,TURKS-AND-CAICOS-ISLANDS-5GB-30D,B0H6MLH1KM,,24.99,0,Inactive,AMAZON_EU,25/06/2026 10:35:07 BST
UK,KEEP-PARENT,variation parent in Google Sheet,TURKS-AND-CAICOS-ISLANDS-ESIM,B0H6MLWN1R,,,0,Incomplete,DEFAULT,25/06/2026 10:34:38 BST
UK,KEEP,in master list,UGANDA-3GB-15D,B0FRB7F7Z9,,15.99,0,Inactive,AMAZON_EU,25/06/2026 18:40:29 BST
UK,KEEP-PARENT,variation parent in Google Sheet,UGANDA-ESIM,B0H6N74ZSB,,,0,Incomplete,DEFAULT,25/06/2026 18:40:26 BST
UK,KEEP,in master list,UKRAINE-3GB-15D,B0FRB9SBFR,,6.99,0,Inactive,AMAZON_EU,25/06/2026 18:41:01 BST
UK,KEEP,in master list,UKRAINE-5GB-30D,B0FRC2NRKG,,7.99,0,Inactive,AMAZON_EU,25/06/2026 18:41:27 BST
UK,KEEP-PARENT,variation parent in Google Sheet,UKRAINE-ESIM,B0H6NF7J78,,,0,Incomplete,DEFAULT,25/06/2026 18:40:58 BST
UK,KEEP,in master list,UNITED-ARAB-EMIRATES-20GB-30D,B0FRB7TFJR,,30.99,0,Inactive,AMAZON_EU,25/06/2026 18:42:46 BST
UK,KEEP,in master list,UNITED-ARAB-EMIRATES-3GB-15D,B0FRBBYBGH,,10.99,0,Inactive,AMAZON_EU,25/06/2026 18:41:56 BST
UK,KEEP,in master list,UNITED-ARAB-EMIRATES-5GB-30D,B0FRB89XHX,,12.99,0,Inactive,AMAZON_EU,25/06/2026 18:42:21 BST
UK,KEEP-PARENT,variation parent in Google Sheet,UNITED-ARAB-EMIRATES-ESIM,B0H6NCBTYB,,,0,Incomplete,DEFAULT,25/06/2026 18:41:52 BST
UK,KEEP,in master list,UNITED-KINGDOM-20GB-30D,B0FRDGCBTN,,12.99,0,Inactive,AMAZON_EU,25/06/2026 18:44:11 BST
UK,KEEP,in master list,UNITED-KINGDOM-3GB-15D,B0FRCPD8TS,,6.99,0,Inactive,AMAZON_EU,25/06/2026 18:43:20 BST
UK,KEEP,in master list,UNITED-KINGDOM-5GB-30D,B0FRDDRGJF,,7.99,0,Inactive,AMAZON_EU,25/06/2026 18:43:46 BST
UK,KEEP-PARENT,variation parent in Google Sheet,UNITED-KINGDOM-ESIM,B0H6N9YRDT,,,0,Incomplete,DEFAULT,25/06/2026 18:43:17 BST
UK,KEEP,in master list,UNITED-STATES-3GB-15D,B0FRCFXK3V,,6.99,0,Inactive,AMAZON_EU,25/06/2026 18:44:40 BST
UK,KEEP,in master list,UNITED-STATES-5GB-30D,B0FRC2PQ8H,,7.99,0,Inactive,AMAZON_EU,25/06/2026 18:45:06 BST
UK,KEEP-PARENT,variation parent in Google Sheet,UNITED-STATES-ESIM,B0H6NMMT9C,,,0,Incomplete,DEFAULT,25/06/2026 18:44:36 BST
UK,KEEP,in master list,URUGUAY-3GB-15D,B0FRB7LHGN,,14.99,0,Inactive,AMAZON_EU,25/06/2026 18:45:35 BST
UK,KEEP-PARENT,variation parent in Google Sheet,URUGUAY-ESIM,B0H6NL3MJ3,,,0,Incomplete,DEFAULT,25/06/2026 18:45:32 BST
UK,KEEP,in master list,UZBEKISTAN-5GB-30D,B0FRBWFZ6M,,7.99,0,Inactive,AMAZON_EU,25/06/2026 18:46:04 BST
UK,KEEP-PARENT,variation parent in Google Sheet,UZBEKISTAN-ESIM,B0H6N42BQP,,,0,Incomplete,DEFAULT,25/06/2026 18:46:01 BST
UK,KEEP,in master list,VATICAN-CITY-20GB-30D,B0H6MDPLZ9,,12.99,0,Inactive,AMAZON_EU,25/06/2026 10:36:53 BST
UK,KEEP,in master list,VATICAN-CITY-3GB-15D,B0H6MBMF8G,,6.99,0,Inactive,AMAZON_EU,25/06/2026 10:36:02 BST
UK,KEEP,in master list,VATICAN-CITY-5GB-30D,B0H6M7YXNP,,7.99,0,Inactive,AMAZON_EU,25/06/2026 10:36:27 BST
UK,KEEP-PARENT,variation parent in Google Sheet,VATICAN-CITY-ESIM,B0H6MH6VLB,,,0,Incomplete,DEFAULT,25/06/2026 10:35:58 BST
UK,KEEP,in master list,VIETNAM-20GB-30D,B0FRC2NKC4,,18.99,0,Inactive,AMAZON_EU,25/06/2026 18:47:26 BST
UK,KEEP,in master list,VIETNAM-3GB-15D,B0FRBR2DHW,,6.99,0,Inactive,AMAZON_EU,25/06/2026 18:46:33 BST
UK,KEEP,in master list,VIETNAM-5GB-30D,B0FRCBXRGV,,8.99,0,Inactive,AMAZON_EU,25/06/2026 18:46:59 BST
UK,KEEP-PARENT,variation parent in Google Sheet,VIETNAM-ESIM,B0H6NDF61Y,,,0,Incomplete,DEFAULT,25/06/2026 18:46:30 BST
UK,KEEP,in master list,ZAMBIA-3GB-15D,B0FRC2NSM2,,14.99,0,Inactive,AMAZON_EU,25/06/2026 18:47:55 BST
UK,KEEP,in master list,ZAMBIA-5GB-30D,B0FRCL97L4,,23.99,0,Inactive,AMAZON_EU,25/06/2026 18:48:21 BST
UK,KEEP-PARENT,variation parent in Google Sheet,ZAMBIA-ESIM,B0H6ND8CXP,,,0,Incomplete,DEFAULT,25/06/2026 18:47:52 BST
IE,DELETE,not in master list,AE_20_30,B0FRB7TFJR,,40.66,0,Active,AMAZON_EU,2026-03-25 10:45:26 GMT
IE,DELETE,not in master list,AE_3_15,B0FRBBYBGH,,8.03,0,Active,AMAZON_EU,2026-03-25 08:08:19 GMT
IE,DELETE,not in master list,AE_5_30,B0FRB89XHX,,12.77,0,Active,AMAZON_EU,2026-03-25 09:01:26 GMT
IE,DELETE,not in master list,AU_20_30,B0FR9G1ZQJ,,15.72,0,Active,AMAZON_EU,2026-03-25 09:08:44 GMT
IE,DELETE,not in master list,AU_3_15,B0FR9SKY4D,,6.81,0,Active,AMAZON_EU,2026-03-25 10:44:22 GMT
IE,DELETE,not in master list,AU_5_30,B0FR9JRB62,,8.59,0,Active,AMAZON_EU,2026-03-25 09:07:18 GMT
IE,DELETE,not in master list,BE_20_30,B0FR9BVRCH,,19.14,0,Active,AMAZON_EU,2026-03-25 11:23:21 GMT
IE,DELETE,not in master list,BE_3_15,B0FR9G432K,,7.42,0,Active,AMAZON_EU,2026-03-27 08:18:25 GMT
IE,DELETE,not in master list,BE_5_30,B0FR9SXCW6,,8.6,0,Active,AMAZON_EU,2026-03-25 08:47:39 GMT
IE,DELETE,not in master list,CA_20_30,B0FR9BY42D,,26.24,0,Inactive,AMAZON_EU,2026-03-25 09:08:13 GMT
IE,DELETE,not in master list,CA_3_15,B0FR9RZLF3,,8.59,0,Inactive,AMAZON_EU,2026-03-25 09:08:24 GMT
IE,DELETE,not in master list,CA_5_30,B0FR9SYCBK,,12.09,0,Inactive,AMAZON_EU,2026-03-25 10:06:15 GMT
IE,DELETE,not in master list,CH_20_30,B0FRB6VY7S,,13.37,0,Inactive,AMAZON_EU,2026-03-25 10:43:50 GMT
IE,DELETE,not in master list,CH_3_15,B0FRB5LFVC,,3.28,0,Active,AMAZON_EU,2026-03-25 10:02:22 GMT
IE,DELETE,not in master list,CH_5_30,B0FRB7G4VW,,4.48,0,Active,AMAZON_EU,2026-03-25 09:04:00 GMT
IE,DELETE,not in master list,CN_20_30,B0FR9GD6X9,,19.05,0,Inactive,AMAZON_EU,2026-03-25 09:07:29 GMT
IE,DELETE,not in master list,CN_3_15,B0FR9QZ578,,7.42,0,Active,AMAZON_EU,2026-03-25 15:49:52 GMT
IE,DELETE,not in master list,CN_5_30,B0FR9HX7XH,,9.78,0,Active,AMAZON_EU,2026-03-25 08:06:23 GMT
IE,DELETE,not in master list,DE_20_30,B0GSZP9H94,,29.16,0,Active,AMAZON_EU,2026-03-25 08:11:23 GMT
IE,DELETE,not in master list,DE_3_15,B0GSZBMLKV,,6.24,0,Active,AMAZON_EU,2026-03-25 09:00:37 GMT
IE,DELETE,not in master list,DE_5_30,B0GSZDYWLZ,,8.01,0,Active,AMAZON_EU,2026-03-27 09:22:11 GMT
IE,DELETE,not in master list,EG_20_30,B0FR9GQBGL,,35.04,0,Active,AMAZON_EU,2026-03-27 09:36:54 GMT
IE,DELETE,not in master list,EG_3_15,B0FR9C784N,,10.96,0,Active,AMAZON_EU,2026-03-25 09:22:24 GMT
IE,DELETE,not in master list,EG_3_30,B0FR9GNL93,,10.96,0,Inactive,AMAZON_EU,2026-03-25 11:22:09 GMT
IE,DELETE,not in master list,ES_20_30,B0FRCMPGPL,,17.99,0,Inactive,AMAZON_EU,2026-03-25 08:45:42 GMT
IE,DELETE,not in master list,ES_3_15,B0FRCDHTZ7,,7.42,0,Active,AMAZON_EU,2026-03-25 10:20:15 GMT
IE,DELETE,not in master list,ES_5_30,B0FRBQCLZN,,9.77,0,Active,AMAZON_EU,2026-03-25 09:35:21 GMT
IE,DELETE,not in master list,FR_20_30,B0FR9GPMC5,,22.23,0,Active,AMAZON_EU,2026-03-28 18:23:45 GMT
IE,DELETE,not in master list,FR_3_15,B0FR9C5ZB6,,8.57,0,Active,AMAZON_EU,2026-03-28 20:25:23 GMT
IE,DELETE,not in master list,FR_5_30,B0FR9LMDW5,,10.93,0,Active,AMAZON_EU,2026-04-12 12:27:02 IST
IE,DELETE,not in master list,GB_20_30,B0FRDGCBTN,,13.37,0,Active,AMAZON_EU,2026-03-25 09:26:47 GMT
IE,DELETE,not in master list,GB_3_15,B0FRCPD8TS,,3.28,0,Active,AMAZON_EU,2026-03-25 09:07:59 GMT
IE,DELETE,not in master list,GB_5_30,B0FRDDRGJF,,4.48,0,Active,AMAZON_EU,2026-03-25 10:44:42 GMT
IE,DELETE,not in master list,GR_20_30,B0FR9KJGBG,,19.2,0,Active,AMAZON_EU,2026-03-25 08:05:06 GMT
IE,DELETE,not in master list,GR_3_15,B0FR9L85F6,,6.25,0,Active,AMAZON_EU,2026-03-25 10:02:06 GMT
IE,DELETE,not in master list,GR_5_30,B0FR9C7SMF,,5.65,0,Active,AMAZON_EU,2026-03-27 08:02:26 GMT
IE,DELETE,not in master list,HAJJ-LUX-10GB-30D,B0H3L75HDS,,71.99,0,Inactive,AMAZON_EU,2026-06-30 12:07:41 IST
IE,DELETE,not in master list,HAJJ-LUXURY-ESIM,B0H721CDS9,,,0,Incomplete,DEFAULT,2026-06-30 12:07:37 IST
IE,DELETE,not in master list,HK_20_30,B0FR9GXZ6F,,17.99,0,Active,AMAZON_EU,2026-03-27 09:21:04 GMT
IE,DELETE,not in master list,HK_3_15,B0FR9CC6Q8,,6.25,0,Active,AMAZON_EU,2026-03-25 08:30:23 GMT
IE,DELETE,not in master list,HK_5_30,B0FR9GXYYL,,2.71,0,Active,AMAZON_EU,2026-03-25 11:54:58 GMT
IE,DELETE,not in master list,ID_20_30,B0FR9QXRDQ,,16.85,0,Active,AMAZON_EU,2026-03-25 10:40:50 GMT
IE,DELETE,not in master list,ID_3_15,B0FR9T6QPZ,,6.24,0,Active,AMAZON_EU,2026-03-25 09:30:58 GMT
IE,DELETE,not in master list,ID_5_30,B0FR8XW5DR,,4.48,0,Active,AMAZON_EU,2026-03-25 09:24:22 GMT
IE,DELETE,not in master list,IE_20_30,B0FR9SZG2Z,,17.97,0,Active,AMAZON_EU,2026-03-27 10:48:56 GMT
IE,DELETE,not in master list,IE_3_15,B0FR8XV57F,,6.25,0,Active,AMAZON_EU,2026-03-27 09:22:46 GMT
IE,DELETE,not in master list,IE_5_30,B0FR9GYKQL,,5.65,0,Active,AMAZON_EU,2026-03-25 10:01:47 GMT
IE,DELETE,not in master list,IN_20_30,B0FR9DYMHX,,40.55,0,Active,AMAZON_EU,2026-03-28 18:13:27 GMT
IE,DELETE,not in master list,IN_3_15,B0FR9ZM116,,12.13,0,Active,AMAZON_EU,2026-03-25 10:22:30 GMT
IE,DELETE,not in master list,IN_5_30,B0FR9GXWN9,,16.85,0,Active,AMAZON_EU,2026-03-25 10:42:34 GMT
IE,DELETE,not in master list,IT_20_30,B0FR9RNZV2,,16.83,0,Active,AMAZON_EU,2026-03-25 09:27:47 GMT
IE,DELETE,not in master list,IT_3_15,B0FR9GXZ18,,6.24,0,Active,AMAZON_EU,2026-03-25 11:31:16 GMT
IE,DELETE,not in master list,IT_5_30,B0FR9ZR2TH,,4.48,0,Active,AMAZON_EU,2026-03-25 09:07:39 GMT
IE,DELETE,not in master list,JP_20_30,B0FR9RZKRB,,16.96,0,Active,AMAZON_EU,2026-03-27 10:56:04 GMT
IE,DELETE,not in master list,JP_3_15,B0FR9LVZVQ,,6.25,0,Active,AMAZON_EU,2026-03-25 08:20:59 GMT
IE,DELETE,not in master list,JP_5_30,B0FR9TLXXH,,4.49,0,Active,AMAZON_EU,2026-03-25 10:46:13 GMT
IE,DELETE,not in master list,KE_3_15,B0FR9GZ14G,,25.69,0,Active,AMAZON_EU,2026-03-25 11:05:40 GMT
IE,DELETE,not in master list,KE_5_30,B0FR9T4DG6,,35.15,0,Active,AMAZON_EU,2026-03-25 10:43:53 GMT
IE,DELETE,not in master list,MA_20_30,B0FR9M57DY,,29.26,0,Active,AMAZON_EU,2026-03-25 10:42:08 GMT
IE,DELETE,not in master list,MA_3_15,B0FR9CFZQR,,8.59,0,Active,AMAZON_EU,2026-03-25 10:42:06 GMT
IE,DELETE,not in master list,MA_5_30,B0FR9CDDQ8,,9.1,0,Active,AMAZON_EU,2026-03-27 08:09:29 GMT
IE,DELETE,not in master list,MY_20_30,B0FR9VMWYD,,16.8,0,Active,AMAZON_EU,2026-03-25 16:11:08 GMT
IE,DELETE,not in master list,MY_3_15,B0FR9H1Q65,,6.24,0,Active,AMAZON_EU,2026-03-25 14:17:10 GMT
IE,DELETE,not in master list,MY_5_30,B0FR9LDGX8,,8.57,0,Active,AMAZON_EU,2026-03-25 09:09:10 GMT
IE,DELETE,not in master list,NL_20_30,B0FR9NG7LB,,20.39,0,Active,AMAZON_EU,2026-03-25 10:43:53 GMT
IE,DELETE,not in master list,NL_3_15,B0FRB5GNM2,,6.25,0,Active,AMAZON_EU,2026-03-25 10:02:12 GMT
IE,DELETE,not in master list,NL_5_30,B0FR9NHP7Q,,5.65,0,Active,AMAZON_EU,2026-03-25 09:07:33 GMT
IE,DELETE,not in master list,PH_20_30,B0FRB4K2D4,,33.87,0,Active,AMAZON_EU,2026-03-25 08:08:51 GMT
IE,DELETE,not in master list,PH_3_15,B0FRB1GVXK,,9.75,0,Active,AMAZON_EU,2026-03-25 09:25:26 GMT
IE,DELETE,not in master list,PH_5_30,B0FRB4VCKG,,13.32,0,Active,AMAZON_EU,2026-03-25 10:43:28 GMT
IE,DELETE,not in master list,PL_20_30,B0FRB5HSK7,,16.8,0,Active,AMAZON_EU,2026-03-25 10:15:34 GMT
IE,DELETE,not in master list,PL_3_15,B0FRB4JVKR,,6.25,0,Active,AMAZON_EU,2026-03-27 08:13:05 GMT
IE,DELETE,not in master list,PL_5_30,B0FRBDPQ9J,,4.48,0,Active,AMAZON_EU,2026-03-25 09:24:13 GMT
IE,DELETE,not in master list,PT_20_30,B0FRB354KV,,20.39,0,Active,AMAZON_EU,2026-03-25 10:41:04 GMT
IE,DELETE,not in master list,PT_3_15,B0FRB4314T,,6.24,0,Active,AMAZON_EU,2026-03-25 10:43:23 GMT
IE,DELETE,not in master list,PT_5_30,B0FRB4X799,,5.65,0,Active,AMAZON_EU,2026-03-25 09:41:13 GMT
IE,DELETE,not in master list,SG_20_30,B0FRB256K8,,17.53,0,Active,AMAZON_EU,2026-03-25 09:07:15 GMT
IE,DELETE,not in master list,SG_3_30,B0FRB3KY59,,8.6,0,Inactive,AMAZON_EU,2026-03-25 09:01:53 GMT
IE,DELETE,not in master list,SG_5_30,B0FR9X3Y3R,,9.75,0,Active,AMAZON_EU,2026-03-25 08:18:00 GMT
IE,DELETE,not in master list,SN_3_15,B0FRB4HX92,,29.26,0,Active,AMAZON_EU,2026-03-25 09:23:45 GMT
IE,DELETE,not in master list,SN_5_30,B0FRB68H77,,43.26,0,Active,AMAZON_EU,2026-03-25 09:34:03 GMT
IE,DELETE,not in master list,TH_20_30,B0FRCHW3MW,,13.37,0,Inactive,AMAZON_EU,2026-03-25 10:09:40 GMT
IE,DELETE,not in master list,TH_3_15,B0FRCDPJSH,,3.28,0,Active,AMAZON_EU,2026-03-25 09:07:36 GMT
IE,DELETE,not in master list,TH_5_30,B0FR9Q5D1J,,4.48,0,Active,AMAZON_EU,2026-03-25 10:21:25 GMT
IE,DELETE,not in master list,TN_10_30,B0FRB85GLD,,19.88,0,Inactive,AMAZON_EU,2026-03-25 09:07:58 GMT
IE,DELETE,not in master list,TN_3_30,B0FRCKZKVY,,8.03,0,Inactive,AMAZON_EU,2026-03-25 08:17:08 GMT
IE,DELETE,not in master list,TN_5_30,B0FRB7Q96Z,,11.59,0,Inactive,AMAZON_EU,2026-03-25 09:01:28 GMT
IE,DELETE,not in master list,TR_20_30,B0FRCYMWCX,,,0,Incomplete,AMAZON_EU,2026-03-25 05:33:25 GMT
IE,DELETE,not in master list,TR_3_15,B0FRC2PSHM,,2.71,0,Active,AMAZON_EU,2026-03-25 09:08:15 GMT
IE,DELETE,not in master list,TR_5_30,B0FRCBZ1BB,,4.48,0,Active,AMAZON_EU,2026-03-25 09:27:08 GMT
IE,DELETE,not in master list,TZ_3_15,B0FRC81NPJ,,24.02,0,Active,AMAZON_EU,2026-03-25 10:21:31 GMT
IE,DELETE,not in master list,US_20_90,B0FRB9JP2K,,23.43,0,Inactive,AMAZON_EU,2026-03-25 09:31:43 GMT
IE,DELETE,not in master list,US_3_15,B0FRCFXK3V,,3.89,0,Active,AMAZON_EU,2026-03-25 09:17:31 GMT
IE,DELETE,not in master list,US_5_30,B0FRC2PQ8H,,5.66,0,Active,AMAZON_EU,2026-03-25 13:06:40 GMT
IE,DELETE,not in master list,VN_20_30,B0FRC2NKC4,,,0,Incomplete,AMAZON_EU,2026-03-28 19:00:46 GMT
IE,DELETE,not in master list,VN_3_15,B0FRBR2DHW,,,0,Incomplete,AMAZON_EU,2026-03-28 18:55:20 GMT
IE,DELETE,not in master list,VN_5_30,B0FRCBXRGV,,,0,Incomplete,AMAZON_EU,2026-03-28 19:23:30 GMT
IE,DELETE,not in master list,ZA_10_30,B0FRB4RSW2,,28.08,0,Inactive,AMAZON_EU,2026-03-25 10:30:11 GMT
IE,DELETE,not in master list,ZA_5_30,B0FRB3R6F3,,18.03,0,Active,AMAZON_EU,2026-03-25 08:41:59 GMT
IE,DELETE,not in master list,ZM_3_15,B0FRC2NSM2,,,0,Incomplete,AMAZON_EU,2026-03-28 19:57:39 GMT
IE,DELETE,not in master list,ZM_5_30,B0FRCL97L4,,,0,Incomplete,AMAZON_EU,2026-03-28 19:09:02 GMT
IE,KEEP,in master list,AALAND-ISLANDS-20GB-30D,B0FR39Q1KJ,,33.99,0,Active,AMAZON_EU,2026-06-30 21:42:21 IST
IE,KEEP,in master list,AALAND-ISLANDS-3GB-15D,B0FR3CCSMB,,9.99,0,Active,AMAZON_EU,2026-06-30 21:35:20 IST
IE,KEEP,in master list,AALAND-ISLANDS-5GB-30D,B0FR3G6JWB,,13.99,0,Active,AMAZON_EU,2026-06-30 21:39:04 IST
IE,KEEP-PARENT,variation parent in Google Sheet,AALAND-ISLANDS-ESIM,B0H73FDJ75,,,0,Incomplete,DEFAULT,2026-06-30 21:35:16 IST
IE,KEEP,in master list,AFRICA-5GB-30D,B0FR3GK9Z7,,29.99,0,Active,AMAZON_EU,2026-06-30 21:45:35 IST
IE,KEEP-PARENT,variation parent in Google Sheet,AFRICA-ESIM,B0H73756BC,,,0,Incomplete,DEFAULT,2026-06-30 21:45:32 IST
IE,KEEP,in master list,ALBANIA-5GB-30D,B0FR4ZG3Z6,,10.99,0,Inactive,AMAZON_EU,2026-06-30 21:49:05 IST
IE,KEEP-PARENT,variation parent in Google Sheet,ALBANIA-ESIM,B0H73G19H1,,,0,Incomplete,DEFAULT,2026-06-30 21:49:02 IST
IE,KEEP,in master list,ALGERIA-20GB-30D,B0H6M5TDMD,,26.99,0,Active,AMAZON_EU,2026-06-30 12:29:55 IST
IE,KEEP,in master list,ALGERIA-3GB-15D,B0H6M9R3WH,,9.99,0,Active,AMAZON_EU,2026-06-30 12:22:00 IST
IE,KEEP,in master list,ALGERIA-5GB-30D,B0H6MDYKG8,,11.99,0,Active,AMAZON_EU,2026-06-30 12:26:16 IST
IE,KEEP-PARENT,variation parent in Google Sheet,ALGERIA-ESIM,B0H71T8VX5,,,0,Incomplete,DEFAULT,2026-06-30 12:21:57 IST
IE,KEEP,in master list,ANDORRA-20GB-30D,B0H6MJ97WC,,44.99,0,Active,AMAZON_EU,2026-06-30 12:41:37 IST
IE,KEEP,in master list,ANDORRA-3GB-15D,B0H6MBPRYN,,15.99,0,Active,AMAZON_EU,2026-06-30 12:33:53 IST
IE,KEEP,in master list,ANDORRA-5GB-30D,B0H6M5P65S,,16.99,0,Active,AMAZON_EU,2026-06-30 12:38:08 IST
IE,KEEP-PARENT,variation parent in Google Sheet,ANDORRA-ESIM,B0H71ZRV2C,,,0,Incomplete,DEFAULT,2026-06-30 12:33:49 IST
IE,KEEP,in master list,ANGOLA-3GB-15D,B0H6M5RWZH,,35.99,0,Active,AMAZON_EU,2026-06-30 12:45:04 IST
IE,KEEP,in master list,ANGOLA-5GB-30D,B0H6MKZSB4,,58.99,0,Active,AMAZON_EU,2026-06-30 12:48:57 IST
IE,KEEP-PARENT,variation parent in Google Sheet,ANGOLA-ESIM,B0H71YL13F,,,0,Incomplete,DEFAULT,2026-06-30 12:45:00 IST
IE,KEEP,in master list,ANGUILLA-20GB-30D,B0H6MHMZY8,,87.99,0,Active,AMAZON_EU,2026-06-30 13:08:45 IST
IE,KEEP,in master list,ANGUILLA-3GB-15D,B0H6M7X7QY,,24.99,0,Active,AMAZON_EU,2026-06-30 13:01:39 IST
IE,KEEP,in master list,ANGUILLA-5GB-30D,B0H6MFJ63H,,32.99,0,Active,AMAZON_EU,2026-06-30 13:05:03 IST
IE,KEEP-PARENT,variation parent in Google Sheet,ANGUILLA-ESIM,B0H7246H73,,,0,Incomplete,DEFAULT,2026-06-30 13:01:35 IST
IE,KEEP,in master list,ANTIGUA-AND-BARBUDA-20GB-30D,B0H6M2MQJB,,99.99,0,Active,AMAZON_EU,2026-06-30 13:37:27 IST
IE,KEEP,in master list,ANTIGUA-AND-BARBUDA-3GB-15D,B0H6MBBFLQ,,26.99,0,Active,AMAZON_EU,2026-06-30 13:12:22 IST
IE,KEEP,in master list,ANTIGUA-AND-BARBUDA-5GB-30D,B0H6MCR5F9,,35.99,0,Active,AMAZON_EU,2026-06-30 13:34:10 IST
IE,KEEP-PARENT,variation parent in Google Sheet,ANTIGUA-AND-BARBUDA-ESIM,B0H72526DD,,,0,Incomplete,DEFAULT,2026-06-30 13:12:19 IST
IE,KEEP,in master list,ARGENTINA-20GB-30D,B0FR5DCH33,,37.99,0,Active,AMAZON_EU,2026-06-30 21:56:41 IST
IE,KEEP,in master list,ARGENTINA-3GB-15D,B0FR554SXN,,12.99,0,Active,AMAZON_EU,2026-06-30 21:52:57 IST
IE,KEEP-PARENT,variation parent in Google Sheet,ARGENTINA-ESIM,B0H73KFCGK,,,0,Incomplete,DEFAULT,2026-06-30 21:52:53 IST
IE,KEEP,in master list,ARMENIA-20GB-30D,B0FR4ZT5XT,,31.99,0,Active,AMAZON_EU,2026-06-30 22:03:30 IST
IE,KEEP,in master list,ARMENIA-3GB-15D,B0FR5BK9R4,,9.99,0,Active,AMAZON_EU,2026-06-30 21:59:55 IST
IE,KEEP-PARENT,variation parent in Google Sheet,ARMENIA-ESIM,B0H73BGPH1,,,0,Incomplete,DEFAULT,2026-06-30 21:59:52 IST
IE,KEEP,in master list,ASIA-20-3GB-15D,B0FR9FZ4RF,,12.99,0,Inactive,AMAZON_EU,2026-06-30 22:06:32 IST
IE,KEEP,in master list,ASIA-20-5GB-30D,B0FR9BQNSV,,13.99,0,Inactive,AMAZON_EU,2026-06-30 22:10:29 IST
IE,KEEP-PARENT,variation parent in Google Sheet,ASIA-20-ESIM,B0H73B84ZN,,,0,Incomplete,DEFAULT,2026-06-30 22:06:29 IST
IE,KEEP,in master list,AUSTRALIA-20GB-30D,B0FR9G1ZQJ,,15.99,0,Active,AMAZON_EU,2026-06-30 22:22:05 IST
IE,KEEP,in master list,AUSTRALIA-3GB-15D,B0FR9SKY4D,,8.99,0,Active,AMAZON_EU,2026-06-30 22:14:16 IST
IE,KEEP,in master list,AUSTRALIA-5GB-30D,B0FR9JRB62,,9.99,0,Active,AMAZON_EU,2026-06-30 22:18:24 IST
IE,KEEP,in master list,AUSTRIA-20GB-30D,B0FR8XBSBP,,15.99,0,Active,AMAZON_EU,2026-06-30 22:32:04 IST
IE,KEEP,in master list,AUSTRIA-3GB-15D,B0FR9QSMSP,,8.99,0,Active,AMAZON_EU,2026-06-30 22:25:52 IST
IE,KEEP,in master list,AUSTRIA-5GB-30D,B0FR8XCH78,,9.99,0,Active,AMAZON_EU,2026-06-30 22:29:17 IST
IE,KEEP-PARENT,variation parent in Google Sheet,AUSTRIA-ESIM,B0H73DG3L6,,,0,Incomplete,DEFAULT,2026-06-30 22:25:49 IST
IE,KEEP,in master list,AZERBAIJAN-3GB-15D,B0FR9BTC98,,12.99,0,Active,AMAZON_EU,2026-06-30 22:35:39 IST
IE,KEEP-PARENT,variation parent in Google Sheet,AZERBAIJAN-ESIM,B0H73Q99GQ,,,0,Incomplete,DEFAULT,2026-06-30 22:35:35 IST
IE,KEEP,in master list,BAHAMAS-20GB-30D,B0H6MCPR9P,,121.99,0,Active,AMAZON_EU,2026-06-30 13:47:34 IST
IE,KEEP,in master list,BAHAMAS-3GB-15D,B0H6MB828R,,32.99,0,Active,AMAZON_EU,2026-06-30 13:40:41 IST
IE,KEEP,in master list,BAHAMAS-5GB-30D,B0H6MFGH8P,,43.99,0,Active,AMAZON_EU,2026-06-30 13:44:27 IST
IE,KEEP-PARENT,variation parent in Google Sheet,BAHAMAS-ESIM,B0H724K63J,,,0,Incomplete,DEFAULT,2026-06-30 13:40:38 IST
IE,KEEP,in master list,BAHRAIN-3GB-15D,B0FR9K64KF,,10.99,0,Active,AMAZON_EU,2026-06-30 22:39:32 IST
IE,KEEP-PARENT,variation parent in Google Sheet,BAHRAIN-ESIM,B0H739N6P2,,,0,Incomplete,DEFAULT,2026-06-30 22:39:28 IST
IE,KEEP,in master list,BANGLADESH-20GB-30D,B0FR8FJ3HJ,,23.99,0,Active,AMAZON_EU,2026-06-30 22:50:37 IST
IE,KEEP,in master list,BANGLADESH-3GB-15D,B0FR9L7SG3,,9.99,0,Active,AMAZON_EU,2026-06-30 22:43:23 IST
IE,KEEP,in master list,BANGLADESH-5GB-30D,B0FR9BQFCM,,10.99,0,Active,AMAZON_EU,2026-06-30 22:47:09 IST
IE,KEEP-PARENT,variation parent in Google Sheet,BANGLADESH-ESIM,B0H7378Y9C,,,0,Incomplete,DEFAULT,2026-06-30 22:43:20 IST
IE,KEEP,in master list,BARBADOS-20GB-30D,B0H6MJ921X,,85.99,0,Active,AMAZON_EU,2026-06-30 13:58:11 IST
IE,KEEP,in master list,BARBADOS-3GB-15D,B0H6MCD72X,,23.99,0,Active,AMAZON_EU,2026-06-30 13:50:58 IST
IE,KEEP,in master list,BARBADOS-5GB-30D,B0H6MG6VYJ,,31.99,0,Active,AMAZON_EU,2026-06-30 13:54:54 IST
IE,KEEP-PARENT,variation parent in Google Sheet,BARBADOS-ESIM,B0H724K6GB,,,0,Incomplete,DEFAULT,2026-06-30 13:50:55 IST
IE,KEEP,in master list,BELARUS-3GB-15D,B0FR9G3Z82,,9.99,0,Active,AMAZON_EU,2026-06-30 22:53:09 IST
IE,KEEP,in master list,BELARUS-5GB-30D,B0FR8FFT4D,,11.99,0,Active,AMAZON_EU,2026-06-30 22:56:23 IST
IE,KEEP-PARENT,variation parent in Google Sheet,BELARUS-ESIM,B0H73DR47Q,,,0,Incomplete,DEFAULT,2026-06-30 22:53:05 IST
IE,KEEP,in master list,BELGIUM-20GB-30D,B0FR9BVRCH,,15.99,0,Active,AMAZON_EU,2026-06-30 23:07:04 IST
IE,KEEP,in master list,BELGIUM-3GB-15D,B0FR9G432K,,8.99,0,Active,AMAZON_EU,2026-06-30 22:59:15 IST
IE,KEEP,in master list,BELGIUM-5GB-30D,B0FR9SXCW6,,9.99,0,Active,AMAZON_EU,2026-06-30 23:03:24 IST
IE,KEEP-PARENT,variation parent in Google Sheet,BELGIUM-ESIM,B0H72WNNDP,,,0,Incomplete,DEFAULT,2026-06-30 22:59:12 IST
IE,KEEP,in master list,BELIZE-20GB-30D,B0H6MBSQM8,,145.99,0,Active,AMAZON_EU,2026-06-30 14:08:18 IST
IE,KEEP,in master list,BELIZE-3GB-15D,B0H6MFPNTX,,32.99,0,Active,AMAZON_EU,2026-06-30 14:01:14 IST
IE,KEEP,in master list,BELIZE-5GB-30D,B0H6MF1H4V,,53.99,0,Active,AMAZON_EU,2026-06-30 14:05:01 IST
IE,KEEP-PARENT,variation parent in Google Sheet,BELIZE-ESIM,B0H729SH9W,,,0,Incomplete,DEFAULT,2026-06-30 14:01:11 IST
IE,KEEP,in master list,BENIN-20GB-30D,B0H6M7VGSZ,,77.99,0,Active,AMAZON_EU,2026-06-30 14:18:15 IST
IE,KEEP,in master list,BENIN-3GB-15D,B0H6M9YHDR,,18.99,0,Active,AMAZON_EU,2026-06-30 14:11:42 IST
IE,KEEP,in master list,BENIN-5GB-30D,B0H6MHRNBH,,31.99,0,Active,AMAZON_EU,2026-06-30 14:15:19 IST
IE,KEEP-PARENT,variation parent in Google Sheet,BENIN-ESIM,B0H72F8GNM,,,0,Incomplete,DEFAULT,2026-06-30 14:11:39 IST
IE,KEEP,in master list,BERMUDA-20GB-30D,B0H6MCGQ77,,101.99,0,Active,AMAZON_EU,2026-06-30 14:28:36 IST
IE,KEEP,in master list,BERMUDA-3GB-15D,B0H6MDMTGH,,25.99,0,Active,AMAZON_EU,2026-06-30 14:21:23 IST
IE,KEEP,in master list,BERMUDA-5GB-30D,B0H6MFM5X4,,33.99,0,Active,AMAZON_EU,2026-06-30 14:25:18 IST
IE,KEEP-PARENT,variation parent in Google Sheet,BERMUDA-ESIM,B0H72CGVL4,,,0,Incomplete,DEFAULT,2026-06-30 14:21:19 IST
IE,KEEP,in master list,BHUTAN-20GB-30D,B0H6M5WDSH,,58.99,0,Active,AMAZON_EU,2026-06-30 14:39:44 IST
IE,KEEP,in master list,BHUTAN-3GB-15D,B0H6MJB588,,17.99,0,Active,AMAZON_EU,2026-06-30 14:32:09 IST
IE,KEEP,in master list,BHUTAN-5GB-30D,B0H6M9C23Q,,19.99,0,Active,AMAZON_EU,2026-06-30 14:36:16 IST
IE,KEEP-PARENT,variation parent in Google Sheet,BHUTAN-ESIM,B0H725P1S3,,,0,Incomplete,DEFAULT,2026-06-30 14:32:06 IST
IE,KEEP,in master list,BOLIVIA-20GB-30D,B0FR9RH588,,89.99,0,Active,AMAZON_EU,2026-06-30 23:14:26 IST
IE,KEEP,in master list,BOLIVIA-3GB-15D,B0FR8FKPKH,,24.99,0,Active,AMAZON_EU,2026-06-30 23:10:52 IST
IE,KEEP-PARENT,variation parent in Google Sheet,BOLIVIA-ESIM,B0H72WVB3M,,,0,Incomplete,DEFAULT,2026-06-30 23:10:49 IST
IE,KEEP,in master list,BOSNIA-AND-HERZEGOVINA-3GB-15D,B0FR9G8ZVK,,11.99,0,Active,AMAZON_EU,2026-06-30 23:17:19 IST
IE,KEEP-PARENT,variation parent in Google Sheet,BOSNIA-AND-HERZEGOVINA-ESIM,B0H73HRFF3,,,0,Incomplete,DEFAULT,2026-06-30 23:17:16 IST
IE,KEEP,in master list,BOTSWANA-3GB-15D,B0FR9G7N2Q,,23.99,0,Active,AMAZON_EU,2026-06-30 23:20:50 IST
IE,KEEP-PARENT,variation parent in Google Sheet,BOTSWANA-ESIM,B0H73PYX2Z,,,0,Incomplete,DEFAULT,2026-06-30 23:20:47 IST
IE,KEEP,in master list,BRAZIL-20GB-30D,B0FR9KLZCR,,33.99,0,Active,AMAZON_EU,2026-06-30 23:27:45 IST
IE,KEEP,in master list,BRAZIL-3GB-15D,B0FR9G5LKV,,10.99,0,Active,AMAZON_EU,2026-06-30 23:24:20 IST
IE,KEEP-PARENT,variation parent in Google Sheet,BRAZIL-ESIM,B0H7396F1Z,,,0,Incomplete,DEFAULT,2026-06-30 23:24:17 IST
IE,KEEP,in master list,BRUNEI-DARUSSALAM-20GB-30D,B0FR9F971C,,66.99,0,Active,AMAZON_EU,2026-06-30 23:33:41 IST
IE,KEEP,in master list,BRUNEI-DARUSSALAM-3GB-15D,B0FR9KTJND,,13.99,0,Active,AMAZON_EU,2026-06-30 23:30:38 IST
IE,KEEP-PARENT,variation parent in Google Sheet,BRUNEI-DARUSSALAM-ESIM,B0H73K7G8Y,,,0,Incomplete,DEFAULT,2026-06-30 23:30:35 IST
IE,KEEP,in master list,BULGARIA-3GB-15D,B0H6MCT4Y5,,8.99,0,Active,AMAZON_EU,2026-06-30 12:09:46 IST
IE,KEEP-PARENT,variation parent in Google Sheet,BULGARIA-ESIM,B0H71RJ7V5,,,0,Incomplete,DEFAULT,2026-06-30 12:09:43 IST
IE,KEEP,in master list,BURKINA-FASO-3GB-15D,B0FR9HWFSK,,12.99,0,Active,AMAZON_EU,2026-06-30 23:36:25 IST
IE,KEEP,in master list,BURKINA-FASO-5GB-30D,B0FR9BWKSY,,29.99,0,Active,AMAZON_EU,2026-06-30 23:39:58 IST
IE,KEEP-PARENT,variation parent in Google Sheet,BURKINA-FASO-ESIM,B0H738ZS54,,,0,Incomplete,DEFAULT,2026-06-30 23:36:21 IST
IE,KEEP,in master list,CAMBODIA-20GB-30D,B0FR9GFJPL,,26.99,0,Active,AMAZON_EU,2026-07-01 00:22:57 IST
IE,KEEP,in master list,CAMBODIA-3GB-15D,B0FR8XKMJ4,,9.99,0,Active,AMAZON_EU,2026-07-01 00:19:23 IST
IE,KEEP-PARENT,variation parent in Google Sheet,CAMBODIA-ESIM,B0H737KT2N,,,0,Incomplete,DEFAULT,2026-07-01 00:19:19 IST
IE,KEEP,in master list,CAMEROON-3GB-15D,B0FR9VJ1ZB,,21.99,0,Active,AMAZON_EU,2026-06-30 23:43:00 IST
IE,KEEP-PARENT,variation parent in Google Sheet,CAMEROON-ESIM,B0H73H8RD6,,,0,Incomplete,DEFAULT,2026-06-30 23:42:57 IST
IE,KEEP,in master list,CANADA-PREMIUM-20GB-30D,B0H6MJ9N4Y,,29.99,0,Active,AMAZON_EU,2026-06-30 21:32:17 IST
IE,KEEP,in master list,CANADA-PREMIUM-3GB-15D,B0H6MJ1HMJ,,10.99,0,Active,AMAZON_EU,2026-06-30 21:25:55 IST
IE,KEEP,in master list,CANADA-PREMIUM-5GB-30D,B0H6MPXGBN,,15.99,0,Active,AMAZON_EU,2026-06-30 21:29:20 IST
IE,KEEP-PARENT,variation parent in Google Sheet,CANADA-PREMIUM-ESIM,B0H72X7HP2,,,0,Incomplete,DEFAULT,2026-06-30 21:25:51 IST
IE,KEEP,in master list,CAPE-VERDE-20GB-30D,B0H6M9VSPG,,163.99,0,Active,AMAZON_EU,2026-06-30 14:50:22 IST
IE,KEEP,in master list,CAPE-VERDE-3GB-15D,B0H6M9R16H,,32.99,0,Active,AMAZON_EU,2026-06-30 14:43:08 IST
IE,KEEP,in master list,CAPE-VERDE-5GB-30D,B0H6MFG453,,54.99,0,Active,AMAZON_EU,2026-06-30 14:47:04 IST
IE,KEEP-PARENT,variation parent in Google Sheet,CAPE-VERDE-ESIM,B0H72BD9BQ,,,0,Incomplete,DEFAULT,2026-06-30 14:43:05 IST
IE,KEEP,in master list,CAYMAN-ISLANDS-20GB-30D,B0H6MGXYNS,,95.99,0,Active,AMAZON_EU,2026-06-30 15:00:49 IST
IE,KEEP,in master list,CAYMAN-ISLANDS-3GB-15D,B0H6MLHBD7,,26.99,0,Active,AMAZON_EU,2026-06-30 14:54:06 IST
IE,KEEP,in master list,CAYMAN-ISLANDS-5GB-30D,B0H6M55MKK,,35.99,0,Active,AMAZON_EU,2026-06-30 14:57:32 IST
IE,KEEP-PARENT,variation parent in Google Sheet,CAYMAN-ISLANDS-ESIM,B0H728CG8W,,,0,Incomplete,DEFAULT,2026-06-30 14:54:03 IST
IE,KEEP,in master list,CENTRAL-AFRICAN-REPUBLIC-3GB-15D,B0FR9RK8FP,,21.99,0,Active,AMAZON_EU,2026-06-30 23:46:41 IST
IE,KEEP,in master list,CENTRAL-AFRICAN-REPUBLIC-5GB-30D,B0FR9R3NMC,,33.99,0,Active,AMAZON_EU,2026-06-30 23:50:36 IST
IE,KEEP-PARENT,variation parent in Google Sheet,CENTRAL-AFRICAN-REPUBLIC-ESIM,B0H739CPVY,,,0,Incomplete,DEFAULT,2026-06-30 23:46:38 IST
IE,KEEP,in master list,CHAD-3GB-15D,B0FR9SG4MK,,17.99,0,Active,AMAZON_EU,2026-06-30 23:53:18 IST
IE,KEEP,in master list,CHAD-5GB-30D,B0FR9L414C,,28.99,0,Active,AMAZON_EU,2026-06-30 23:56:51 IST
IE,KEEP-PARENT,variation parent in Google Sheet,CHAD-ESIM,B0H73KJWKQ,,,0,Incomplete,DEFAULT,2026-06-30 23:53:14 IST
IE,KEEP,in master list,CHILE-3GB-15D,B0FR9RY1RT,,14.99,0,Inactive,AMAZON_EU,2026-06-30 23:59:55 IST
IE,KEEP-PARENT,variation parent in Google Sheet,CHILE-ESIM,B0H73K7GV5,,,0,Incomplete,DEFAULT,2026-06-30 23:59:51 IST
IE,KEEP,in master list,CHINA-20GB-30D,B0FR9GD6X9,,18.99,0,Inactive,AMAZON_EU,2026-07-01 00:11:35 IST
IE,KEEP,in master list,CHINA-3GB-15D,B0FR9QZ578,,8.99,0,Active,AMAZON_EU,2026-07-01 00:03:47 IST
IE,KEEP,in master list,CHINA-5GB-30D,B0FR9HX7XH,,9.99,0,Active,AMAZON_EU,2026-07-01 00:07:56 IST
IE,KEEP-PARENT,variation parent in Google Sheet,CHINA-ESIM,B0H738L3P3,,,0,Incomplete,DEFAULT,2026-07-01 00:03:44 IST
IE,KEEP,in master list,COLOMBIA-3GB-15D,B0FR9RL8W5,,14.99,0,Active,AMAZON_EU,2026-07-01 00:15:22 IST
IE,KEEP-PARENT,variation parent in Google Sheet,COLOMBIA-ESIM,B0H73C1NQ3,,,0,Incomplete,DEFAULT,2026-07-01 00:15:18 IST
IE,KEEP,in master list,COSTA-RICA-3GB-15D,B0FR9LNRMN,,15.99,0,Active,AMAZON_EU,2026-07-01 00:26:21 IST
IE,KEEP-PARENT,variation parent in Google Sheet,COSTA-RICA-ESIM,B0H73FKMSK,,,0,Incomplete,DEFAULT,2026-07-01 00:26:17 IST
IE,KEEP,in master list,COTE-D-IVOIRE-3GB-15D,B0FR9HW9DJ,,24.99,0,Active,AMAZON_EU,2026-07-01 00:29:41 IST
IE,KEEP,in master list,COTE-D-IVOIRE-5GB-30D,B0FR9V5LYJ,,31.99,0,Active,AMAZON_EU,2026-07-01 00:33:25 IST
IE,KEEP-PARENT,variation parent in Google Sheet,COTE-D-IVOIRE-ESIM,B0H739652Z,,,0,Incomplete,DEFAULT,2026-07-01 00:29:37 IST
IE,KEEP,in master list,CROATIA-20GB-30D,B0FR9TYCSL,,17.99,0,Active,AMAZON_EU,2026-07-01 00:43:31 IST
IE,KEEP,in master list,CROATIA-3GB-15D,B0FR9GDKT1,,8.99,0,Active,AMAZON_EU,2026-07-01 00:37:10 IST
IE,KEEP,in master list,CROATIA-5GB-30D,B0FR9BVV58,,9.99,0,Active,AMAZON_EU,2026-07-01 00:41:06 IST
IE,KEEP-PARENT,variation parent in Google Sheet,CROATIA-ESIM,B0H73B45HR,,,0,Incomplete,DEFAULT,2026-07-01 00:37:07 IST
IE,KEEP,in master list,CURACAO-20GB-30D,B0H6MF51WH,,79.99,0,Active,AMAZON_EU,2026-06-30 15:10:56 IST
IE,KEEP,in master list,CURACAO-3GB-15D,B0H6M81JPM,,22.99,0,Active,AMAZON_EU,2026-06-30 15:03:52 IST
IE,KEEP,in master list,CURACAO-5GB-30D,B0H6MGZLBC,,29.99,0,Active,AMAZON_EU,2026-06-30 15:08:00 IST
IE,KEEP-PARENT,variation parent in Google Sheet,CURACAO-ESIM,B0H72FWWXC,,,0,Incomplete,DEFAULT,2026-06-30 15:03:49 IST
IE,KEEP,in master list,CYPRUS-3GB-15D,B0FR8XJWWG,,8.99,0,Active,AMAZON_EU,2026-07-01 00:46:34 IST
IE,KEEP,in master list,CYPRUS-5GB-30D,B0FR8XHWZV,,9.99,0,Active,AMAZON_EU,2026-07-01 00:49:47 IST
IE,KEEP-PARENT,variation parent in Google Sheet,CYPRUS-ESIM,B0H72W8TF8,,,0,Incomplete,DEFAULT,2026-07-01 00:46:30 IST
IE,KEEP,in master list,CZECH-REPUBLIC-20GB-30D,B0FR9SVN9H,,17.99,0,Active,AMAZON_EU,2026-07-01 01:00:02 IST
IE,KEEP,in master list,CZECH-REPUBLIC-3GB-15D,B0FR9SB2Q3,,8.99,0,Active,AMAZON_EU,2026-07-01 00:53:10 IST
IE,KEEP,in master list,CZECH-REPUBLIC-5GB-30D,B0FR9BY2LF,,9.99,0,Active,AMAZON_EU,2026-07-01 00:56:56 IST
IE,KEEP-PARENT,variation parent in Google Sheet,CZECH-REPUBLIC-ESIM,B0H73TC4Q5,,,0,Incomplete,DEFAULT,2026-07-01 00:53:07 IST
IE,KEEP,in master list,DEMOCRATIC-REPUBLIC-OF-THE-CONGO-3GB-15D,B0H6LZL22Y,,14.99,0,Active,AMAZON_EU,2026-06-30 15:14:30 IST
IE,KEEP,in master list,DEMOCRATIC-REPUBLIC-OF-THE-CONGO-5GB-30D,B0H6M6L8Z8,,22.99,0,Active,AMAZON_EU,2026-06-30 15:18:06 IST
IE,KEEP-PARENT,variation parent in Google Sheet,DEMOCRATIC-REPUBLIC-OF-THE-CONGO-ESIM,B0H72K5D2K,,,0,Incomplete,DEFAULT,2026-06-30 15:14:26 IST
IE,KEEP,in master list,DENMARK-20GB-30D,B0FR9QPF45,,15.99,0,Active,AMAZON_EU,2026-07-01 01:09:47 IST
IE,KEEP,in master list,DENMARK-3GB-15D,B0FR9GSNP4,,8.99,0,Active,AMAZON_EU,2026-07-01 01:02:45 IST
IE,KEEP,in master list,DENMARK-5GB-30D,B0FR8XQYR4,,9.99,0,Active,AMAZON_EU,2026-07-01 01:06:41 IST
IE,KEEP-PARENT,variation parent in Google Sheet,DENMARK-ESIM,B0H739821R,,,0,Incomplete,DEFAULT,2026-07-01 01:02:42 IST
IE,KEEP,in master list,DOMINICA-20GB-30D,B0H6MK8XTJ,,87.99,0,Active,AMAZON_EU,2026-06-30 15:31:45 IST
IE,KEEP,in master list,DOMINICA-3GB-15D,B0H6M9H54M,,24.99,0,Active,AMAZON_EU,2026-06-30 15:25:13 IST
IE,KEEP,in master list,DOMINICA-5GB-30D,B0H6M5HR32,,32.99,0,Active,AMAZON_EU,2026-06-30 15:28:48 IST
IE,KEEP-PARENT,variation parent in Google Sheet,DOMINICA-ESIM,B0H7289XCC,,,0,Incomplete,DEFAULT,2026-06-30 15:25:09 IST
IE,KEEP,in master list,DOMINICAN-REPUBLIC-20GB-30D,B0FR9C6DJF,,39.99,0,Active,AMAZON_EU,2026-07-01 01:18:59 IST
IE,KEEP,in master list,DOMINICAN-REPUBLIC-3GB-15D,B0FR9GSKZF,,12.99,0,Active,AMAZON_EU,2026-07-01 01:12:49 IST
IE,KEEP,in master list,DOMINICAN-REPUBLIC-5GB-30D,B0FR9GQKCM,,15.99,0,Active,AMAZON_EU,2026-07-01 01:16:13 IST
IE,KEEP-PARENT,variation parent in Google Sheet,DOMINICAN-REPUBLIC-ESIM,B0H737DSM9,,,0,Incomplete,DEFAULT,2026-07-01 01:12:46 IST
IE,KEEP-PARENT,variation parent in Google Sheet,DR-CONGO-ESIM,B0H72DLCBJ,,,0,Incomplete,DEFAULT,2026-06-30 15:21:27 IST
IE,KEEP,in master list,DRC-20GB-30D,B0H6MZWFM7,,59.99,0,Active,AMAZON_EU,2026-06-30 15:21:30 IST
IE,KEEP,in master list,ECUADOR-3GB-15D,B0FR9RM6MP,,14.99,0,Active,AMAZON_EU,2026-07-01 01:21:51 IST
IE,KEEP-PARENT,variation parent in Google Sheet,ECUADOR-ESIM,B0H73B88XY,,,0,Incomplete,DEFAULT,2026-07-01 01:21:48 IST
IE,KEEP,in master list,EGYPT-20GB-30D,B0FR9GQBGL,,29.99,0,Active,AMAZON_EU,2026-07-01 01:31:45 IST
IE,KEEP,in master list,EGYPT-3GB-15D,B0FR9C784N,,10.99,0,Active,AMAZON_EU,2026-07-01 01:25:22 IST
IE,KEEP,in master list,EGYPT-5GB-30D,B0FR9LR5KJ,,15.99,0,Active,AMAZON_EU,2026-07-01 01:29:30 IST
IE,KEEP-PARENT,variation parent in Google Sheet,EGYPT-ESIM,B0H72XB5TF,,,0,Incomplete,DEFAULT,2026-07-01 01:25:18 IST
IE,KEEP,in master list,EL-SALVADOR-3GB-15D,B0FR9LJ7X4,,17.99,0,Active,AMAZON_EU,2026-07-01 01:35:32 IST
IE,KEEP-PARENT,variation parent in Google Sheet,EL-SALVADOR-ESIM,B0H73DN5DW,,,0,Incomplete,DEFAULT,2026-07-01 01:35:28 IST
IE,KEEP,in master list,ESTONIA-20GB-30D,B0FR9L527N,,15.99,0,Active,AMAZON_EU,2026-07-01 01:45:13 IST
IE,KEEP,in master list,ESTONIA-3GB-15D,B0FR9GST1S,,8.99,0,Active,AMAZON_EU,2026-07-01 01:39:03 IST
IE,KEEP,in master list,ESTONIA-5GB-30D,B0FR9GQYKB,,9.99,0,Active,AMAZON_EU,2026-07-01 01:42:38 IST
IE,KEEP-PARENT,variation parent in Google Sheet,ESTONIA-ESIM,B0H73LWH5X,,,0,Incomplete,DEFAULT,2026-07-01 01:38:59 IST
IE,KEEP,in master list,EUROPE-40-AREAS-20GB-30D,B0FR9TNPV3,,19.99,0,Inactive,AMAZON_EU,2026-07-01 01:51:21 IST
IE,KEEP,in master list,EUROPE-40-AREAS-5GB-30D,B0FR9RYSSS,,9.99,0,Active,AMAZON_EU,2026-07-01 01:47:45 IST
IE,KEEP-PARENT,variation parent in Google Sheet,EUROPE-40-AREAS-ESIM,B0H72VL4G6,,,0,Incomplete,DEFAULT,2026-07-01 01:47:42 IST
IE,KEEP,in master list,FAROE-ISLANDS-20GB-30D,B0H6MB82ZV,,29.99,0,Active,AMAZON_EU,2026-06-30 15:41:51 IST
IE,KEEP,in master list,FAROE-ISLANDS-3GB-15D,B0H6ML935Q,,9.99,0,Active,AMAZON_EU,2026-06-30 15:35:09 IST
IE,KEEP,in master list,FAROE-ISLANDS-5GB-30D,B0H6MF2TVH,,11.99,0,Active,AMAZON_EU,2026-06-30 15:38:34 IST
IE,KEEP-PARENT,variation parent in Google Sheet,FAROE-ISLANDS-ESIM,B0H72699VP,,,0,Incomplete,DEFAULT,2026-06-30 15:35:05 IST
IE,KEEP,in master list,FIJI-20GB-30D,B0H6MGBL3N,,40.99,0,Active,AMAZON_EU,2026-06-30 15:50:57 IST
IE,KEEP,in master list,FIJI-3GB-15D,B0H6MFLWYD,,12.99,0,Active,AMAZON_EU,2026-06-30 15:44:46 IST
IE,KEEP,in master list,FIJI-5GB-30D,B0H6MJ7GS6,,13.99,0,Active,AMAZON_EU,2026-06-30 15:48:10 IST
IE,KEEP-PARENT,variation parent in Google Sheet,FIJI-ESIM,B0H72HWWRY,,,0,Incomplete,DEFAULT,2026-06-30 15:44:42 IST
IE,KEEP,in master list,FINLAND-3GB-15D,B0FR9GSND6,,8.99,0,Active,AMAZON_EU,2026-07-01 01:54:24 IST
IE,KEEP,in master list,FINLAND-5GB-30D,B0FR9SB3BJ,,9.99,0,Active,AMAZON_EU,2026-07-01 01:57:59 IST
IE,KEEP-PARENT,variation parent in Google Sheet,FINLAND-ESIM,B0H73H8K8V,,,0,Incomplete,DEFAULT,2026-07-01 01:54:21 IST
IE,KEEP,in master list,FRANCE-20GB-30D,B0FR9GPMC5,,15.99,0,Active,AMAZON_EU,2026-07-01 02:09:00 IST
IE,KEEP,in master list,FRANCE-3GB-15D,B0FR9C5ZB6,,8.99,0,Active,AMAZON_EU,2026-07-01 02:01:12 IST
IE,KEEP,in master list,FRANCE-5GB-30D,B0FR9LMDW5,,9.99,0,Active,AMAZON_EU,2026-07-01 02:05:21 IST
IE,KEEP-PARENT,variation parent in Google Sheet,FRANCE-ESIM,B0H73HRV87,,,0,Incomplete,DEFAULT,2026-07-01 02:01:08 IST
IE,KEEP,in master list,FRENCH-GUIANA-20GB-30D,B0H6MDNXJJ,,17.99,0,Active,AMAZON_EU,2026-06-30 16:00:22 IST
IE,KEEP,in master list,FRENCH-GUIANA-3GB-15D,B0H6MFD6Z3,,8.99,0,Active,AMAZON_EU,2026-06-30 15:53:50 IST
IE,KEEP,in master list,FRENCH-GUIANA-5GB-30D,B0H6MGC352,,9.99,0,Active,AMAZON_EU,2026-06-30 15:57:16 IST
IE,KEEP-PARENT,variation parent in Google Sheet,FRENCH-GUIANA-ESIM,B0H72J9NKR,,,0,Incomplete,DEFAULT,2026-06-30 15:53:46 IST
IE,KEEP,in master list,FRENCH-POLYNESIA-20GB-30D,B0H6M59GH9,,242.99,0,Active,AMAZON_EU,2026-06-30 16:09:47 IST
IE,KEEP,in master list,FRENCH-POLYNESIA-3GB-15D,B0H6MF6GHP,,47.99,0,Active,AMAZON_EU,2026-06-30 16:03:27 IST
IE,KEEP,in master list,FRENCH-POLYNESIA-5GB-30D,B0H6MD2GXY,,66.99,0,Active,AMAZON_EU,2026-06-30 16:06:41 IST
IE,KEEP-PARENT,variation parent in Google Sheet,FRENCH-POLYNESIA-ESIM,B0H72LTC6B,,,0,Incomplete,DEFAULT,2026-06-30 16:03:24 IST
IE,KEEP,in master list,GABON-3GB-15D,B0FR9GPX9T,,17.99,0,Active,AMAZON_EU,2026-07-01 02:12:47 IST
IE,KEEP-PARENT,variation parent in Google Sheet,GABON-ESIM,B0H737JN5R,,,0,Incomplete,DEFAULT,2026-07-01 02:12:43 IST
IE,KEEP,in master list,GAMBIA-3GB-15D,B0H2FTMBBQ,,35.99,0,Active,AMAZON_EU,2026-07-01 15:11:23 IST
IE,KEEP,in master list,GAMBIA-5GB-30D,B0H2FQ3QJ9,,57.99,0,Active,AMAZON_EU,2026-07-01 15:15:32 IST
IE,KEEP-PARENT,variation parent in Google Sheet,GAMBIA-ESIM,B0H764LW9D,,,0,Incomplete,DEFAULT,2026-07-01 15:11:20 IST
IE,KEEP,in master list,GEORGIA-20GB-30D,B0FR9C73NK,,25.99,0,Active,AMAZON_EU,2026-07-01 02:19:52 IST
IE,KEEP,in master list,GEORGIA-3GB-15D,B0FR9KMX2N,,9.99,0,Active,AMAZON_EU,2026-07-01 02:16:18 IST
IE,KEEP-PARENT,variation parent in Google Sheet,GEORGIA-ESIM,B0H73W1K72,,,0,Incomplete,DEFAULT,2026-07-01 02:16:15 IST
IE,KEEP,in master list,GERMANY-20GB-30D,B0GSZP9H94,,15.99,0,Active,AMAZON_EU,2026-07-01 02:30:53 IST
IE,KEEP,in master list,GERMANY-3GB-15D,B0GSZBMLKV,,8.99,0,Active,AMAZON_EU,2026-07-01 02:23:05 IST
IE,KEEP,in master list,GERMANY-5GB-30D,B0GSZDYWLZ,,9.99,0,Active,AMAZON_EU,2026-07-01 02:27:13 IST
IE,KEEP-PARENT,variation parent in Google Sheet,GERMANY-ESIM,B0H73Q8JKR,,,0,Incomplete,DEFAULT,2026-07-01 02:23:01 IST
IE,KEEP,in master list,GHANA-20GB-30D,B0H6M9CG3G,,40.99,0,Active,AMAZON_EU,2026-06-30 16:19:42 IST
IE,KEEP,in master list,GHANA-3GB-15D,B0H6M7CH6H,,12.99,0,Active,AMAZON_EU,2026-06-30 16:13:22 IST
IE,KEEP,in master list,GHANA-5GB-30D,B0H6MD48NZ,,13.99,0,Active,AMAZON_EU,2026-06-30 16:16:56 IST
IE,KEEP-PARENT,variation parent in Google Sheet,GHANA-ESIM,B0H72CD6FT,,,0,Incomplete,DEFAULT,2026-06-30 16:13:18 IST
IE,KEEP,in master list,GIBRALTAR-3GB-15D,B0FR8XSPMC,,8.99,0,Active,AMAZON_EU,2026-07-01 02:34:39 IST
IE,KEEP-PARENT,variation parent in Google Sheet,GIBRALTAR-ESIM,B0H72X492D,,,0,Incomplete,DEFAULT,2026-07-01 02:34:35 IST
IE,KEEP,in master list,GLOBAL139-5GB-30D,B0FR9VNTLY,,42.99,0,Inactive,AMAZON_EU,2026-07-01 02:38:10 IST
IE,KEEP-PARENT,variation parent in Google Sheet,GLOBAL139-ESIM,B0H73GLDHC,,,0,Incomplete,DEFAULT,2026-07-01 02:38:06 IST
IE,KEEP,in master list,GREECE-20GB-30D,B0FR9KJGBG,,17.99,0,Active,AMAZON_EU,2026-07-01 02:49:52 IST
IE,KEEP,in master list,GREECE-3GB-15D,B0FR9L85F6,,8.99,0,Active,AMAZON_EU,2026-07-01 02:42:02 IST
IE,KEEP,in master list,GREECE-5GB-30D,B0FR9C7SMF,,9.99,0,Active,AMAZON_EU,2026-07-01 02:46:12 IST
IE,KEEP-PARENT,variation parent in Google Sheet,GREECE-ESIM,B0H7376Y68,,,0,Incomplete,DEFAULT,2026-07-01 02:41:58 IST
IE,KEEP,in master list,GREENLAND-20GB-30D,B0H6MBT3TW,,113.99,0,Active,AMAZON_EU,2026-06-30 16:29:38 IST
IE,KEEP,in master list,GREENLAND-3GB-15D,B0H6MLNBK2,,28.99,0,Active,AMAZON_EU,2026-06-30 16:23:06 IST
IE,KEEP,in master list,GREENLAND-5GB-30D,B0H6MFMLK9,,37.99,0,Active,AMAZON_EU,2026-06-30 16:26:21 IST
IE,KEEP-PARENT,variation parent in Google Sheet,GREENLAND-ESIM,B0H727KQ29,,,0,Incomplete,DEFAULT,2026-06-30 16:23:03 IST
IE,KEEP,in master list,GRENADA-20GB-30D,B0H6MGRF37,,103.99,0,Active,AMAZON_EU,2026-06-30 16:39:54 IST
IE,KEEP,in master list,GRENADA-3GB-15D,B0H6M8K37V,,29.99,0,Active,AMAZON_EU,2026-06-30 16:33:12 IST
IE,KEEP,in master list,GRENADA-5GB-30D,B0H6MLJR6Z,,38.99,0,Active,AMAZON_EU,2026-06-30 16:36:36 IST
IE,KEEP-PARENT,variation parent in Google Sheet,GRENADA-ESIM,B0H728LMRM,,,0,Incomplete,DEFAULT,2026-06-30 16:33:09 IST
IE,KEEP,in master list,GUADELOUPE-20GB-30D,B0FR8XTBF6,,17.99,0,Active,AMAZON_EU,2026-07-01 02:57:24 IST
IE,KEEP,in master list,GUADELOUPE-3GB-15D,B0FR9TMVWK,,8.99,0,Active,AMAZON_EU,2026-07-01 02:53:39 IST
IE,KEEP-PARENT,variation parent in Google Sheet,GUADELOUPE-ESIM,B0H73QZKX4,,,0,Incomplete,DEFAULT,2026-07-01 02:53:35 IST
IE,KEEP,in master list,GUAM-20GB-30D,B0FR9C7MGP,,58.99,0,Active,AMAZON_EU,2026-07-01 03:07:07 IST
IE,KEEP,in master list,GUAM-3GB-15D,B0FR9GVSSF,,17.99,0,Active,AMAZON_EU,2026-07-01 03:00:37 IST
IE,KEEP,in master list,GUAM-5GB-30D,B0FR9SVP8Y,,19.99,0,Active,AMAZON_EU,2026-07-01 03:03:51 IST
IE,KEEP-PARENT,variation parent in Google Sheet,GUAM-ESIM,B0H73TVQ5H,,,0,Incomplete,DEFAULT,2026-07-01 03:00:33 IST
IE,KEEP,in master list,GUATEMALA-3GB-15D,B0FR9VC6VD,,16.99,0,Active,AMAZON_EU,2026-07-01 03:10:42 IST
IE,KEEP-PARENT,variation parent in Google Sheet,GUATEMALA-ESIM,B0H73MYV4T,,,0,Incomplete,DEFAULT,2026-07-01 03:10:38 IST
IE,KEEP,in master list,GUERNSEY-20GB-30D,B0FR9LYWWY,,47.99,0,Active,AMAZON_EU,2026-07-01 03:21:30 IST
IE,KEEP,in master list,GUERNSEY-3GB-15D,B0FR9SMWDN,,14.99,0,Active,AMAZON_EU,2026-07-01 03:14:55 IST
IE,KEEP,in master list,GUERNSEY-5GB-30D,B0FR9C5PXR,,21.99,0,Active,AMAZON_EU,2026-07-01 03:18:13 IST
IE,KEEP-PARENT,variation parent in Google Sheet,GUERNSEY-ESIM,B0H73RK7SF,,,0,Incomplete,DEFAULT,2026-07-01 03:14:51 IST
IE,KEEP,in master list,GUINEA-20GB-30D,B0H6M7VHYP,,82.99,0,Active,AMAZON_EU,2026-06-30 16:49:38 IST
IE,KEEP,in master list,GUINEA-3GB-15D,B0H6MGZTF1,,20.99,0,Active,AMAZON_EU,2026-06-30 16:43:08 IST
IE,KEEP,in master list,GUINEA-5GB-30D,B0H6MFTVX6,,33.99,0,Active,AMAZON_EU,2026-06-30 16:46:53 IST
IE,KEEP,in master list,GUINEA-BISSAU-20GB-30D,B0H6MF1JJS,,81.99,0,Active,AMAZON_EU,2026-06-30 16:59:01 IST
IE,KEEP,in master list,GUINEA-BISSAU-3GB-15D,B0H6MG6X8D,,21.99,0,Active,AMAZON_EU,2026-06-30 16:52:31 IST
IE,KEEP,in master list,GUINEA-BISSAU-5GB-30D,B0H6MCJ4Y9,,33.99,0,Active,AMAZON_EU,2026-06-30 16:55:34 IST
IE,KEEP-PARENT,variation parent in Google Sheet,GUINEA-BISSAU-ESIM,B0H72G1GYN,,,0,Incomplete,DEFAULT,2026-06-30 16:52:27 IST
IE,KEEP-PARENT,variation parent in Google Sheet,GUINEA-ESIM,B0H72K529C,,,0,Incomplete,DEFAULT,2026-06-30 16:43:05 IST
IE,KEEP,in master list,GUYANA-20GB-30D,B0H6MD1PB7,,90.99,0,Active,AMAZON_EU,2026-06-30 17:09:05 IST
IE,KEEP,in master list,GUYANA-3GB-15D,B0H6MCG586,,20.99,0,Active,AMAZON_EU,2026-06-30 17:02:24 IST
IE,KEEP,in master list,GUYANA-5GB-30D,B0H6MB3FHF,,32.99,0,Active,AMAZON_EU,2026-06-30 17:05:58 IST
IE,KEEP-PARENT,variation parent in Google Sheet,GUYANA-ESIM,B0H72BXRW6,,,0,Incomplete,DEFAULT,2026-06-30 17:02:20 IST
IE,KEEP,in master list,HAITI-20GB-30D,B0H6MBNF3Y,,149.99,0,Active,AMAZON_EU,2026-06-30 17:19:10 IST
IE,KEEP,in master list,HAITI-3GB-15D,B0H6M9YTL4,,30.99,0,Active,AMAZON_EU,2026-06-30 17:11:58 IST
IE,KEEP,in master list,HAITI-5GB-30D,B0H6MDHPCV,,48.99,0,Active,AMAZON_EU,2026-06-30 17:15:54 IST
IE,KEEP-PARENT,variation parent in Google Sheet,HAITI-ESIM,B0H72KJQ4W,,,0,Incomplete,DEFAULT,2026-06-30 17:11:54 IST
IE,KEEP,in master list,HONDURAS-3GB-15D,B0FR9ZYV5G,,14.99,0,Active,AMAZON_EU,2026-07-01 03:25:04 IST
IE,KEEP-PARENT,variation parent in Google Sheet,HONDURAS-ESIM,B0H73N892F,,,0,Incomplete,DEFAULT,2026-07-01 03:25:01 IST
IE,KEEP,in master list,HONG-KONG-20GB-30D,B0FR9GXZ6F,,15.99,0,Active,AMAZON_EU,2026-07-01 03:36:53 IST
IE,KEEP,in master list,HONG-KONG-3GB-15D,B0FR9CC6Q8,,8.99,0,Active,AMAZON_EU,2026-07-01 03:29:07 IST
IE,KEEP,in master list,HONG-KONG-5GB-30D,B0FR9GXYYL,,9.99,0,Active,AMAZON_EU,2026-07-01 03:33:14 IST
IE,KEEP-PARENT,variation parent in Google Sheet,HONG-KONG-ESIM,B0H73S161N,,,0,Incomplete,DEFAULT,2026-07-01 03:29:03 IST
IE,KEEP,in master list,HUNGARY-20GB-30D,B0FR9ZVYYQ,,15.99,0,Active,AMAZON_EU,2026-07-01 03:46:49 IST
IE,KEEP,in master list,HUNGARY-3GB-15D,B0FR9C9JVW,,8.99,0,Active,AMAZON_EU,2026-07-01 03:39:38 IST
IE,KEEP,in master list,HUNGARY-5GB-30D,B0FR9GY3R5,,9.99,0,Active,AMAZON_EU,2026-07-01 03:43:32 IST
IE,KEEP-PARENT,variation parent in Google Sheet,HUNGARY-ESIM,B0H73N89KP,,,0,Incomplete,DEFAULT,2026-07-01 03:39:34 IST
IE,KEEP,in master list,ICELAND-20GB-30D,B0FR9GX6LF,,17.99,0,Active,AMAZON_EU,2026-07-01 03:57:03 IST
IE,KEEP,in master list,ICELAND-3GB-15D,B0FR9TBBK1,,8.99,0,Active,AMAZON_EU,2026-07-01 03:50:02 IST
IE,KEEP,in master list,ICELAND-5GB-30D,B0FR9ZWQBD,,9.99,0,Active,AMAZON_EU,2026-07-01 03:53:36 IST
IE,KEEP-PARENT,variation parent in Google Sheet,ICELAND-ESIM,B0H73PJ13X,,,0,Incomplete,DEFAULT,2026-07-01 03:49:58 IST
IE,KEEP,in master list,INDIA-20GB-30D,B0FR9DYMHX,,42.99,0,Active,AMAZON_EU,2026-07-01 04:07:57 IST
IE,KEEP,in master list,INDIA-3GB-15D,B0FR9ZM116,,14.99,0,Active,AMAZON_EU,2026-07-01 04:00:06 IST
IE,KEEP,in master list,INDIA-5GB-30D,B0FR9GXWN9,,15.99,0,Active,AMAZON_EU,2026-07-01 04:04:16 IST
IE,KEEP-PARENT,variation parent in Google Sheet,INDIA-ESIM,B0H741WXRH,,,0,Incomplete,DEFAULT,2026-07-01 04:00:03 IST
IE,KEEP,in master list,INDONESIA-20GB-30D,B0FR9QXRDQ,,15.99,0,Active,AMAZON_EU,2026-07-01 04:19:35 IST
IE,KEEP,in master list,INDONESIA-3GB-15D,B0FR9T6QPZ,,8.99,0,Active,AMAZON_EU,2026-07-01 04:11:45 IST
IE,KEEP,in master list,INDONESIA-5GB-30D,B0FR8XW5DR,,9.99,0,Active,AMAZON_EU,2026-07-01 04:15:54 IST
IE,KEEP-PARENT,variation parent in Google Sheet,INDONESIA-ESIM,B0H73STBRG,,,0,Incomplete,DEFAULT,2026-07-01 04:11:41 IST
IE,KEEP,in master list,IRAQ-20GB-30D,B0H6M956TN,,32.99,0,Inactive,AMAZON_EU,2026-06-30 17:28:25 IST
IE,KEEP,in master list,IRAQ-3GB-15D,B0H6MGX6P7,,10.99,0,Active,AMAZON_EU,2026-06-30 17:22:05 IST
IE,KEEP,in master list,IRAQ-5GB-30D,B0H6MFRHZN,,16.99,0,Inactive,AMAZON_EU,2026-06-30 17:25:39 IST
IE,KEEP-PARENT,variation parent in Google Sheet,IRAQ-ESIM,B0H72J5HYW,,,0,Incomplete,DEFAULT,2026-06-30 17:22:02 IST
IE,KEEP,in master list,IRELAND-20GB-30D,B0FR9SZG2Z,,17.99,0,Active,AMAZON_EU,2026-07-01 04:31:15 IST
IE,KEEP,in master list,IRELAND-3GB-15D,B0FR8XV57F,,8.99,0,Active,AMAZON_EU,2026-07-01 04:23:23 IST
IE,KEEP,in master list,IRELAND-5GB-30D,B0FR9GYKQL,,9.99,0,Active,AMAZON_EU,2026-07-01 04:27:34 IST
IE,KEEP-PARENT,variation parent in Google Sheet,IRELAND-ESIM,B0H73XDGJ4,,,0,Incomplete,DEFAULT,2026-07-01 04:23:20 IST
IE,KEEP,in master list,ISLE-OF-MAN-20GB-30D,B0FR9CB5LK,,23.99,0,Active,AMAZON_EU,2026-07-01 04:42:15 IST
IE,KEEP,in master list,ISLE-OF-MAN-3GB-15D,B0FR9LZ7RL,,9.99,0,Active,AMAZON_EU,2026-07-01 04:35:03 IST
IE,KEEP,in master list,ISLE-OF-MAN-5GB-30D,B0FR9M27XY,,11.99,0,Active,AMAZON_EU,2026-07-01 04:38:57 IST
IE,KEEP-PARENT,variation parent in Google Sheet,ISLE-OF-MAN-ESIM,B0H741W91B,,,0,Incomplete,DEFAULT,2026-07-01 04:34:59 IST
IE,KEEP,in master list,ISRAEL-20GB-30D,B0FR9K8SQ1,,29.99,0,Active,AMAZON_EU,2026-07-01 04:52:51 IST
IE,KEEP,in master list,ISRAEL-3GB-15D,B0FR9M11H1,,9.99,0,Active,AMAZON_EU,2026-07-01 04:45:49 IST
IE,KEEP,in master list,ISRAEL-5GB-30D,B0FR8XVZZM,,11.99,0,Active,AMAZON_EU,2026-07-01 04:49:55 IST
IE,KEEP-PARENT,variation parent in Google Sheet,ISRAEL-ESIM,B0H743F22X,,,0,Incomplete,DEFAULT,2026-07-01 04:45:45 IST
IE,KEEP,in master list,ITALY-20GB-30D,B0FR9RNZV2,,15.99,0,Active,AMAZON_EU,2026-07-01 05:04:19 IST
IE,KEEP,in master list,ITALY-3GB-15D,B0FR9GXZ18,,8.99,0,Active,AMAZON_EU,2026-07-01 04:56:26 IST
IE,KEEP,in master list,ITALY-5GB-30D,B0FR9ZR2TH,,9.99,0,Active,AMAZON_EU,2026-07-01 05:00:39 IST
IE,KEEP-PARENT,variation parent in Google Sheet,ITALY-ESIM,B0H73WF7MD,,,0,Incomplete,DEFAULT,2026-07-01 04:56:23 IST
IE,KEEP,in master list,JAMAICA-20GB-30D,B0H6MF52ZZ,,87.99,0,Active,AMAZON_EU,2026-06-30 17:38:08 IST
IE,KEEP,in master list,JAMAICA-3GB-15D,B0H6MF3PNQ,,24.99,0,Active,AMAZON_EU,2026-06-30 17:31:38 IST
IE,KEEP,in master list,JAMAICA-5GB-30D,B0H6MJQCMF,,31.99,0,Active,AMAZON_EU,2026-06-30 17:35:12 IST
IE,KEEP-PARENT,variation parent in Google Sheet,JAMAICA-ESIM,B0H72GTV26,,,0,Incomplete,DEFAULT,2026-06-30 17:31:35 IST
IE,KEEP,in master list,JAPAN-20GB-30D,B0FR9RZKRB,,15.99,0,Active,AMAZON_EU,2026-07-01 05:15:55 IST
IE,KEEP,in master list,JAPAN-3GB-15D,B0FR9LVZVQ,,8.99,0,Active,AMAZON_EU,2026-07-01 05:08:06 IST
IE,KEEP,in master list,JAPAN-5GB-30D,B0FR9TLXXH,,9.99,0,Active,AMAZON_EU,2026-07-01 05:12:15 IST
IE,KEEP-PARENT,variation parent in Google Sheet,JAPAN-ESIM,B0H74BCRHS,,,0,Incomplete,DEFAULT,2026-07-01 05:08:03 IST
IE,KEEP,in master list,JERSEY-20GB-30D,B0FR9CBQDH,,15.99,0,Active,AMAZON_EU,2026-07-01 05:26:55 IST
IE,KEEP,in master list,JERSEY-3GB-15D,B0FR9GYMR5,,8.99,0,Active,AMAZON_EU,2026-07-01 05:19:43 IST
IE,KEEP,in master list,JERSEY-5GB-30D,B0FR9M27GP,,9.99,0,Active,AMAZON_EU,2026-07-01 05:23:28 IST
IE,KEEP-PARENT,variation parent in Google Sheet,JERSEY-ESIM,B0H73YD7BS,,,0,Incomplete,DEFAULT,2026-07-01 05:19:39 IST
IE,KEEP,in master list,JORDAN-20GB-30D,B0FR9ST188,,43.99,0,Active,AMAZON_EU,2026-07-01 05:37:33 IST
IE,KEEP,in master list,JORDAN-3GB-15D,B0FR9M144Z,,14.99,0,Active,AMAZON_EU,2026-07-01 05:30:21 IST
IE,KEEP,in master list,JORDAN-5GB-30D,B0FR9ZTZNK,,14.99,0,Active,AMAZON_EU,2026-07-01 05:34:06 IST
IE,KEEP-PARENT,variation parent in Google Sheet,JORDAN-ESIM,B0H74HDJ5S,,,0,Incomplete,DEFAULT,2026-07-01 05:30:17 IST
IE,KEEP,in master list,KAZAKHSTAN-20GB-30D,B0FR9TLNNW,,21.99,0,Active,AMAZON_EU,2026-07-01 05:47:17 IST
IE,KEEP,in master list,KAZAKHSTAN-3GB-15D,B0FR9T4DG2,,8.99,0,Active,AMAZON_EU,2026-07-01 05:40:36 IST
IE,KEEP,in master list,KAZAKHSTAN-5GB-30D,B0FR9ZMMSH,,9.99,0,Active,AMAZON_EU,2026-07-01 05:44:11 IST
IE,KEEP-PARENT,variation parent in Google Sheet,KAZAKHSTAN-ESIM,B0H74KL7VB,,,0,Incomplete,DEFAULT,2026-07-01 05:40:33 IST
IE,KEEP,in master list,KENYA-3GB-15D,B0FR9GZ14G,,14.99,0,Active,AMAZON_EU,2026-07-01 05:50:41 IST
IE,KEEP,in master list,KENYA-5GB-30D,B0FR9T4DG6,,15.99,0,Active,AMAZON_EU,2026-07-01 05:54:50 IST
IE,KEEP-PARENT,variation parent in Google Sheet,KENYA-ESIM,B0H74JK648,,,0,Incomplete,DEFAULT,2026-07-01 05:50:38 IST
IE,KEEP,in master list,KUWAIT-20GB-30D,B0FR9KBF4P,,29.99,0,Active,AMAZON_EU,2026-07-01 06:05:28 IST
IE,KEEP,in master list,KUWAIT-3GB-15D,B0FR9LZJ3X,,10.99,0,Active,AMAZON_EU,2026-07-01 05:58:37 IST
IE,KEEP,in master list,KUWAIT-5GB-30D,B0FR9M2TXP,,16.99,0,Active,AMAZON_EU,2026-07-01 06:02:11 IST
IE,KEEP-PARENT,variation parent in Google Sheet,KUWAIT-ESIM,B0H74FVFCS,,,0,Incomplete,DEFAULT,2026-07-01 05:58:34 IST
IE,KEEP,in master list,KYRGYZSTAN-20GB-30D,B0FR8XXBHM,,19.99,0,Active,AMAZON_EU,2026-07-01 06:12:16 IST
IE,KEEP,in master list,KYRGYZSTAN-3GB-15D,B0FR9TVF4R,,8.99,0,Active,AMAZON_EU,2026-07-01 06:08:41 IST
IE,KEEP-PARENT,variation parent in Google Sheet,KYRGYZSTAN-ESIM,B0H74G28SS,,,0,Incomplete,DEFAULT,2026-07-01 06:08:38 IST
IE,KEEP,in master list,LAOS-20GB-30D,B0H6MBWGX1,,34.99,0,Active,AMAZON_EU,2026-06-30 17:47:01 IST
IE,KEEP,in master list,LAOS-3GB-15D,B0H6M96WPB,,10.99,0,Active,AMAZON_EU,2026-06-30 17:40:51 IST
IE,KEEP,in master list,LAOS-5GB-30D,B0H6MBJN5B,,16.99,0,Active,AMAZON_EU,2026-06-30 17:44:25 IST
IE,KEEP-PARENT,variation parent in Google Sheet,LAOS-ESIM,B0H72855JZ,,,0,Incomplete,DEFAULT,2026-06-30 17:40:48 IST
IE,KEEP,in master list,LATVIA-20GB-30D,B0FR9SWN6V,,15.99,0,Active,AMAZON_EU,2026-07-01 06:22:23 IST
IE,KEEP,in master list,LATVIA-3GB-15D,B0FR9VM4K6,,8.99,0,Active,AMAZON_EU,2026-07-01 06:15:32 IST
IE,KEEP,in master list,LATVIA-5GB-30D,B0FR9TR99S,,9.99,0,Active,AMAZON_EU,2026-07-01 06:19:07 IST
IE,KEEP-PARENT,variation parent in Google Sheet,LATVIA-ESIM,B0H748YBDJ,,,0,Incomplete,DEFAULT,2026-07-01 06:15:29 IST
IE,KEEP,in master list,LIBERIA-3GB-15D,B0FR9H18JQ,,21.99,0,Active,AMAZON_EU,2026-07-01 06:25:44 IST
IE,KEEP,in master list,LIBERIA-5GB-30D,B0FR9SJ1YH,,33.99,0,Active,AMAZON_EU,2026-07-01 06:28:32 IST
IE,KEEP-PARENT,variation parent in Google Sheet,LIBERIA-ESIM,B0H747RGXP,,,0,Incomplete,DEFAULT,2026-07-01 06:25:34 IST
IE,KEEP,in master list,LIBYA-20GB-30D,B0H6MFWD2Y,,125.99,0,Active,AMAZON_EU,2026-06-30 17:56:16 IST
IE,KEEP,in master list,LIBYA-3GB-15D,B0H6MBYGXZ,,33.99,0,Active,AMAZON_EU,2026-06-30 17:50:05 IST
IE,KEEP,in master list,LIBYA-5GB-30D,B0H6M5PVSB,,44.99,0,Active,AMAZON_EU,2026-06-30 17:53:19 IST
IE,KEEP-PARENT,variation parent in Google Sheet,LIBYA-ESIM,B0H729C4CG,,,0,Incomplete,DEFAULT,2026-06-30 17:50:02 IST
IE,KEEP,in master list,LIECHTENSTEIN-3GB-15D,B0FR9S35ZH,,8.99,0,Active,AMAZON_EU,2026-07-01 06:31:46 IST
IE,KEEP-PARENT,variation parent in Google Sheet,LIECHTENSTEIN-ESIM,B0H747Z1L7,,,0,Incomplete,DEFAULT,2026-07-01 06:31:42 IST
IE,KEEP,in master list,LITHUANIA-20GB-30D,B0FR9TQN8N,,17.99,0,Active,AMAZON_EU,2026-07-01 06:42:59 IST
IE,KEEP,in master list,LITHUANIA-3GB-15D,B0FR9KS3P4,,8.99,0,Active,AMAZON_EU,2026-07-01 06:35:47 IST
IE,KEEP,in master list,LITHUANIA-5GB-30D,B0FR9R598C,,9.99,0,Active,AMAZON_EU,2026-07-01 06:39:42 IST
IE,KEEP-PARENT,variation parent in Google Sheet,LITHUANIA-ESIM,B0H74JVJ5C,,,0,Incomplete,DEFAULT,2026-07-01 06:35:43 IST
IE,KEEP,in master list,LUXEMBOURG-20GB-30D,B0FR8XXXZB,,17.99,0,Active,AMAZON_EU,2026-07-01 06:53:37 IST
IE,KEEP,in master list,LUXEMBOURG-3GB-15D,B0FR9SHRKM,,8.99,0,Active,AMAZON_EU,2026-07-01 06:46:44 IST
IE,KEEP,in master list,LUXEMBOURG-5GB-30D,B0FR9SB862,,9.99,0,Active,AMAZON_EU,2026-07-01 06:50:31 IST
IE,KEEP-PARENT,variation parent in Google Sheet,LUXEMBOURG-ESIM,B0H74HQ2XN,,,0,Incomplete,DEFAULT,2026-07-01 06:46:41 IST
IE,KEEP,in master list,MACAO-20GB-30D,B0FR9CDBN2,,15.99,0,Active,AMAZON_EU,2026-07-01 07:03:12 IST
IE,KEEP,in master list,MACAO-3GB-15D,B0FR9M485M,,8.99,0,Active,AMAZON_EU,2026-07-01 06:56:50 IST
IE,KEEP,in master list,MACAO-5GB-30D,B0FR9L9624,,9.99,0,Active,AMAZON_EU,2026-07-01 07:00:05 IST
IE,KEEP-PARENT,variation parent in Google Sheet,MACAO-ESIM,B0H74HS98P,,,0,Incomplete,DEFAULT,2026-07-01 06:56:47 IST
IE,KEEP,in master list,MADAGASCAR-3GB-15D,B0FR9H2NS1,,25.99,0,Active,AMAZON_EU,2026-07-01 07:06:25 IST
IE,KEEP-PARENT,variation parent in Google Sheet,MADAGASCAR-ESIM,B0H74BJFR3,,,0,Incomplete,DEFAULT,2026-07-01 07:06:21 IST
IE,KEEP,in master list,MALAWI-3GB-15D,B0FR9H3JDK,,17.99,0,Active,AMAZON_EU,2026-07-01 07:10:07 IST
IE,KEEP,in master list,MALAWI-5GB-30D,B0FR9GXY24,,28.99,0,Active,AMAZON_EU,2026-07-01 07:13:20 IST
IE,KEEP-PARENT,variation parent in Google Sheet,MALAWI-ESIM,B0H74PHZZ8,,,0,Incomplete,DEFAULT,2026-07-01 07:10:03 IST
IE,KEEP,in master list,MALAYSIA-20GB-30D,B0FR9VMWYD,,15.99,0,Active,AMAZON_EU,2026-07-01 07:24:44 IST
IE,KEEP,in master list,MALAYSIA-3GB-15D,B0FR9H1Q65,,8.99,0,Inactive,AMAZON_EU,2026-07-01 07:16:55 IST
IE,KEEP,in master list,MALAYSIA-5GB-30D,B0FR9LDGX8,,9.99,0,Active,AMAZON_EU,2026-07-01 07:21:03 IST
IE,KEEP-PARENT,variation parent in Google Sheet,MALAYSIA-ESIM,B0H74P8RKV,,,0,Incomplete,DEFAULT,2026-07-01 07:16:51 IST
IE,KEEP,in master list,MALDIVES-20GB-30D,B0H6MM5SCJ,,117.99,0,Active,AMAZON_EU,2026-06-30 18:05:39 IST
IE,KEEP,in master list,MALDIVES-3GB-15D,B0H6MD6Y71,,33.99,0,Active,AMAZON_EU,2026-06-30 17:59:28 IST
IE,KEEP,in master list,MALDIVES-5GB-30D,B0H6MJQZ8Y,,44.99,0,Active,AMAZON_EU,2026-06-30 18:02:52 IST
IE,KEEP-PARENT,variation parent in Google Sheet,MALDIVES-ESIM,B0H72JGNQM,,,0,Incomplete,DEFAULT,2026-06-30 17:59:25 IST
IE,KEEP,in master list,MALI-3GB-15D,B0FR9TRDSY,,21.99,0,Active,AMAZON_EU,2026-07-01 07:28:32 IST
IE,KEEP-PARENT,variation parent in Google Sheet,MALI-ESIM,B0H74RDYBZ,,,0,Incomplete,DEFAULT,2026-07-01 07:28:29 IST
IE,KEEP,in master list,MALTA-20GB-30D,B0FR9VL1Q9,,15.99,0,Active,AMAZON_EU,2026-07-01 07:39:57 IST
IE,KEEP,in master list,MALTA-3GB-15D,B0FR9M3PNR,,8.99,0,Active,AMAZON_EU,2026-07-01 07:32:24 IST
IE,KEEP,in master list,MALTA-5GB-30D,B0FR9ZSMTC,,9.99,0,Active,AMAZON_EU,2026-07-01 07:36:29 IST
IE,KEEP-PARENT,variation parent in Google Sheet,MALTA-ESIM,B0H74BJ56J,,,0,Incomplete,DEFAULT,2026-07-01 07:32:20 IST
IE,KEEP,in master list,MARTINIQUE-20GB-30D,B0H6MH94KV,,16.99,0,Active,AMAZON_EU,2026-06-30 18:15:24 IST
IE,KEEP,in master list,MARTINIQUE-3GB-15D,B0H6M7SBFQ,,8.99,0,Active,AMAZON_EU,2026-06-30 18:08:53 IST
IE,KEEP,in master list,MARTINIQUE-5GB-30D,B0H6MKCD1X,,9.99,0,Active,AMAZON_EU,2026-06-30 18:12:37 IST
IE,KEEP-PARENT,variation parent in Google Sheet,MARTINIQUE-ESIM,B0H72KXKP9,,,0,Incomplete,DEFAULT,2026-06-30 18:08:49 IST
IE,KEEP,in master list,MAURITIUS-3GB-15D,B0H2FYRLRC,,16.99,0,Active,AMAZON_EU,2026-07-01 15:19:19 IST
IE,KEEP,in master list,MAURITIUS-5GB-30D,B0H2G2XMS3,,17.99,0,Active,AMAZON_EU,2026-07-01 15:23:27 IST
IE,KEEP-PARENT,variation parent in Google Sheet,MAURITIUS-ESIM,B0H75WVN5T,,,0,Incomplete,DEFAULT,2026-07-01 15:19:15 IST
IE,KEEP,in master list,MAYOTTE-20GB-30D,B0H6M5L8MC,,16.99,0,Active,AMAZON_EU,2026-06-30 18:25:09 IST
IE,KEEP,in master list,MAYOTTE-3GB-15D,B0H6MFWP88,,8.99,0,Active,AMAZON_EU,2026-06-30 18:18:27 IST
IE,KEEP,in master list,MAYOTTE-5GB-30D,B0H6MD9C4Y,,9.99,0,Active,AMAZON_EU,2026-06-30 18:21:51 IST
IE,KEEP-PARENT,variation parent in Google Sheet,MAYOTTE-ESIM,B0H72KX4RC,,,0,Incomplete,DEFAULT,2026-06-30 18:18:24 IST
IE,KEEP,in master list,MEXICO-20GB-30D,B0FR9VDSJX,,35.99,0,Active,AMAZON_EU,2026-07-01 07:50:45 IST
IE,KEEP,in master list,MEXICO-3GB-15D,B0FR9SZSTG,,11.99,0,Active,AMAZON_EU,2026-07-01 07:43:22 IST
IE,KEEP,in master list,MEXICO-5GB-30D,B0FR9H2K1C,,14.99,0,Active,AMAZON_EU,2026-07-01 07:47:17 IST
IE,KEEP-PARENT,variation parent in Google Sheet,MEXICO-ESIM,B0H74VYC4C,,,0,Incomplete,DEFAULT,2026-07-01 07:43:19 IST
IE,KEEP,in master list,MIDDLE-EAST-5GB-30D,B0FR9SYKP6,,36.99,0,Active,AMAZON_EU,2026-07-01 07:54:18 IST
IE,KEEP-PARENT,variation parent in Google Sheet,MIDDLE-EAST-ESIM,B0H74XB9QT,,,0,Incomplete,DEFAULT,2026-07-01 07:54:15 IST
IE,KEEP,in master list,MOLDOVA-3GB-15D,B0FR9CFQYY,,8.99,0,Active,AMAZON_EU,2026-07-01 07:57:50 IST
IE,KEEP-PARENT,variation parent in Google Sheet,MOLDOVA-ESIM,B0H74S8YG2,,,0,Incomplete,DEFAULT,2026-07-01 07:57:46 IST
IE,KEEP,in master list,MONACO-3GB-15D,B0FR9ZS6GM,,63.99,0,Active,AMAZON_EU,2026-07-01 08:01:41 IST
IE,KEEP,in master list,MONACO-5GB-30D,B0FR9H1H4M,,85.99,0,Active,AMAZON_EU,2026-07-01 08:05:46 IST
IE,KEEP-PARENT,variation parent in Google Sheet,MONACO-ESIM,B0H74Q8VT9,,,0,Incomplete,DEFAULT,2026-07-01 08:01:38 IST
IE,KEEP,in master list,MONGOLIA-3GB-15D,B0FR9LSYTX,,16.99,0,Active,AMAZON_EU,2026-07-01 08:09:21 IST
IE,KEEP-PARENT,variation parent in Google Sheet,MONGOLIA-ESIM,B0H74HH9R8,,,0,Incomplete,DEFAULT,2026-07-01 08:09:17 IST
IE,KEEP,in master list,MONTENEGRO-3GB-15D,B0FR9R5HR7,,8.99,0,Active,AMAZON_EU,2026-07-01 08:13:02 IST
IE,KEEP-PARENT,variation parent in Google Sheet,MONTENEGRO-ESIM,B0H74X6R14,,,0,Incomplete,DEFAULT,2026-07-01 08:12:58 IST
IE,KEEP,in master list,MONTSERRAT-20GB-30D,B0H6MG87HK,,94.99,0,Active,AMAZON_EU,2026-06-30 18:35:06 IST
IE,KEEP,in master list,MONTSERRAT-3GB-15D,B0H6MDJ2ZR,,25.99,0,Active,AMAZON_EU,2026-07-01 00:34:01 IST
IE,KEEP,in master list,MONTSERRAT-5GB-30D,B0H6MGQ1Y4,,33.99,0,Active,AMAZON_EU,2026-06-30 18:31:46 IST
IE,KEEP-PARENT,variation parent in Google Sheet,MONTSERRAT-ESIM,B0H72P2LVK,,,0,Incomplete,DEFAULT,2026-06-30 18:28:19 IST
IE,KEEP,in master list,MOROCCO-20GB-30D,B0FR9M57DY,,26.99,0,Active,AMAZON_EU,2026-07-01 08:24:43 IST
IE,KEEP,in master list,MOROCCO-3GB-15D,B0FR9CFZQR,,9.99,0,Active,AMAZON_EU,2026-07-01 08:16:53 IST
IE,KEEP,in master list,MOROCCO-5GB-30D,B0FR9CDDQ8,,14.99,0,Active,AMAZON_EU,2026-07-01 08:21:02 IST
IE,KEEP-PARENT,variation parent in Google Sheet,MOROCCO-ESIM,B0H74RRNB1,,,0,Incomplete,DEFAULT,2026-07-01 08:16:49 IST
IE,KEEP,in master list,MOZAMBIQUE-20GB-30D,B0FR9CFLS7,,75.99,0,Active,AMAZON_EU,2026-07-01 08:32:36 IST
IE,KEEP,in master list,MOZAMBIQUE-3GB-15D,B0FRB1M6HK,,19.99,0,Active,AMAZON_EU,2026-07-01 08:28:31 IST
IE,KEEP-PARENT,variation parent in Google Sheet,MOZAMBIQUE-ESIM,B0H74SFWY3,,,0,Incomplete,DEFAULT,2026-07-01 08:28:27 IST
IE,KEEP,in master list,NEPAL-3GB-15D,B0FRB1TD7L,,14.99,0,Active,AMAZON_EU,2026-07-01 08:36:21 IST
IE,KEEP-PARENT,variation parent in Google Sheet,NEPAL-ESIM,B0H751ZWNC,,,0,Incomplete,DEFAULT,2026-07-01 08:36:18 IST
IE,KEEP,in master list,NETHERLANDS-20GB-30D,B0FR9NG7LB,,16.99,0,Active,AMAZON_EU,2026-07-01 08:48:01 IST
IE,KEEP,in master list,NETHERLANDS-3GB-15D,B0FRB5GNM2,,8.99,0,Active,AMAZON_EU,2026-07-01 08:40:13 IST
IE,KEEP,in master list,NETHERLANDS-5GB-30D,B0FR9NHP7Q,,9.99,0,Active,AMAZON_EU,2026-07-01 08:44:20 IST
IE,KEEP-PARENT,variation parent in Google Sheet,NETHERLANDS-ESIM,B0H74VLQF9,,,0,Incomplete,DEFAULT,2026-07-01 08:40:10 IST
IE,KEEP,in master list,NEW-ZEALAND-20GB-30D,B0FRB1TWT8,,24.99,0,Active,AMAZON_EU,2026-07-01 08:58:40 IST
IE,KEEP,in master list,NEW-ZEALAND-3GB-15D,B0FR9NKXF5,,9.99,0,Active,AMAZON_EU,2026-07-01 08:51:48 IST
IE,KEEP,in master list,NEW-ZEALAND-5GB-30D,B0FR9NHFWQ,,11.99,0,Active,AMAZON_EU,2026-07-01 08:55:23 IST
IE,KEEP-PARENT,variation parent in Google Sheet,NEW-ZEALAND-ESIM,B0H752R7W1,,,0,Incomplete,DEFAULT,2026-07-01 08:51:44 IST
IE,KEEP,in master list,NICARAGUA-3GB-15D,B0FRB33MPG,,14.99,0,Active,AMAZON_EU,2026-07-01 09:01:53 IST
IE,KEEP-PARENT,variation parent in Google Sheet,NICARAGUA-ESIM,B0H75391PS,,,0,Incomplete,DEFAULT,2026-07-01 09:01:50 IST
IE,KEEP,in master list,NIGER-3GB-15D,B0FR9NPT1H,,17.99,0,Active,AMAZON_EU,2026-07-01 09:05:46 IST
IE,KEEP-PARENT,variation parent in Google Sheet,NIGER-ESIM,B0H74Y1GZC,,,0,Incomplete,DEFAULT,2026-07-01 09:05:43 IST
IE,KEEP,in master list,NIGERIA-3GB-15D,B0FR9X17QY,,14.99,0,Active,AMAZON_EU,2026-07-01 09:09:59 IST
IE,KEEP-PARENT,variation parent in Google Sheet,NIGERIA-ESIM,B0H74WX5MJ,,,0,Incomplete,DEFAULT,2026-07-01 09:09:56 IST
IE,KEEP,in master list,NORTH-AMERICA-5GB-30D,B0FRBDQ8H5,,16.99,0,Active,AMAZON_EU,2026-07-01 09:14:14 IST
IE,KEEP-PARENT,variation parent in Google Sheet,NORTH-AMERICA-ESIM,B0H75426P5,,,0,Incomplete,DEFAULT,2026-07-01 09:14:10 IST
IE,KEEP,in master list,NORTH-MACEDONIA-3GB-15D,B0FRB59DJS,,9.99,0,Active,AMAZON_EU,2026-07-01 09:18:29 IST
IE,KEEP,in master list,NORTH-MACEDONIA-5GB-30D,B0FR9WNHHX,,14.99,0,Active,AMAZON_EU,2026-07-01 09:22:36 IST
IE,KEEP-PARENT,variation parent in Google Sheet,NORTH-MACEDONIA-ESIM,B0H753Z2RV,,,0,Incomplete,DEFAULT,2026-07-01 09:18:25 IST
IE,KEEP,in master list,NORWAY-20GB-30D,B0FRB572L8,,15.99,0,Inactive,AMAZON_EU,2026-07-01 09:34:08 IST
IE,KEEP,in master list,NORWAY-3GB-15D,B0FR9WNK2H,,8.99,0,Active,AMAZON_EU,2026-07-01 09:26:22 IST
IE,KEEP,in master list,NORWAY-5GB-30D,B0FRBNPZ9D,,9.99,0,Active,AMAZON_EU,2026-07-01 09:30:31 IST
IE,KEEP-PARENT,variation parent in Google Sheet,NORWAY-ESIM,B0H754VD9H,,,0,Incomplete,DEFAULT,2026-07-01 09:26:19 IST
IE,KEEP,in master list,OMAN-20GB-30D,B0FRB4R3FK,,32.99,0,Active,AMAZON_EU,2026-07-01 09:42:03 IST
IE,KEEP,in master list,OMAN-3GB-15D,B0FRB4BL4W,,11.99,0,Active,AMAZON_EU,2026-07-01 09:37:54 IST
IE,KEEP-PARENT,variation parent in Google Sheet,OMAN-ESIM,B0H755QLL6,,,0,Incomplete,DEFAULT,2026-07-01 09:37:50 IST
IE,KEEP,in master list,PAKISTAN-20GB-30D,B0FRB691X8,,22.99,0,Active,AMAZON_EU,2026-07-01 09:53:37 IST
IE,KEEP,in master list,PAKISTAN-3GB-15D,B0FRB4HL3B,,8.99,0,Active,AMAZON_EU,2026-07-01 09:45:51 IST
IE,KEEP,in master list,PAKISTAN-5GB-30D,B0FRB48QKZ,,10.99,0,Active,AMAZON_EU,2026-07-01 09:49:58 IST
IE,KEEP-PARENT,variation parent in Google Sheet,PAKISTAN-ESIM,B0H751MW93,,,0,Incomplete,DEFAULT,2026-07-01 09:45:47 IST
IE,KEEP,in master list,PANAMA-3GB-15D,B0FRB3VFW6,,17.99,0,Active,AMAZON_EU,2026-07-01 09:57:23 IST
IE,KEEP-PARENT,variation parent in Google Sheet,PANAMA-ESIM,B0H75398JJ,,,0,Incomplete,DEFAULT,2026-07-01 09:57:20 IST
IE,KEEP,in master list,PARAGUAY-3GB-15D,B0FRB3V7CS,,14.99,0,Active,AMAZON_EU,2026-07-01 10:01:38 IST
IE,KEEP-PARENT,variation parent in Google Sheet,PARAGUAY-ESIM,B0H778KSLN,,,0,Incomplete,DEFAULT,2026-07-01 19:59:36 IST
IE,KEEP,in master list,PERU-20GB-30D,B0H6M8BLBD,,42.99,0,Active,AMAZON_EU,2026-06-30 12:18:34 IST
IE,KEEP,in master list,PERU-3GB-15D,B0H6M5WW3B,,14.99,0,Active,AMAZON_EU,2026-06-30 12:14:29 IST
IE,KEEP-PARENT,variation parent in Google Sheet,PERU-ESIM,B0H71SCZMN,,,0,Incomplete,DEFAULT,2026-06-30 12:14:25 IST
IE,KEEP,in master list,PHILIPPINES-20GB-30D,B0FRB4K2D4,,23.99,0,Active,AMAZON_EU,2026-07-01 10:13:44 IST
IE,KEEP,in master list,PHILIPPINES-3GB-15D,B0FRB1GVXK,,8.99,0,Active,AMAZON_EU,2026-07-01 10:05:54 IST
IE,KEEP,in master list,PHILIPPINES-5GB-30D,B0FRB4VCKG,,10.96,0,Active,AMAZON_EU,2026-07-01 10:10:04 IST
IE,KEEP-PARENT,variation parent in Google Sheet,PHILIPPINES-ESIM,B0H7591Q71,,,0,Incomplete,DEFAULT,2026-07-01 10:05:51 IST
IE,KEEP,in master list,POLAND-20GB-30D,B0FRB5HSK7,,15.99,0,Active,AMAZON_EU,2026-07-01 10:25:21 IST
IE,KEEP,in master list,POLAND-3GB-15D,B0FRB4JVKR,,8.99,0,Active,AMAZON_EU,2026-07-01 10:17:32 IST
IE,KEEP,in master list,POLAND-5GB-30D,B0FRBDPQ9J,,9.99,0,Active,AMAZON_EU,2026-07-01 10:21:40 IST
IE,KEEP-PARENT,variation parent in Google Sheet,POLAND-ESIM,B0H756L1W4,,,0,Incomplete,DEFAULT,2026-07-01 10:17:28 IST
IE,KEEP,in master list,PORTUGAL-20GB-30D,B0FRB354KV,,15.99,0,Active,AMAZON_EU,2026-07-01 10:36:58 IST
IE,KEEP,in master list,PORTUGAL-3GB-15D,B0FRB4314T,,8.99,0,Active,AMAZON_EU,2026-07-01 10:29:08 IST
IE,KEEP,in master list,PORTUGAL-5GB-30D,B0FRB4X799,,9.99,0,Active,AMAZON_EU,2026-07-01 10:33:17 IST
IE,KEEP-PARENT,variation parent in Google Sheet,PORTUGAL-ESIM,B0H757VNLW,,,0,Incomplete,DEFAULT,2026-07-01 10:29:05 IST
IE,KEEP,in master list,PUERTO-RICO-3GB-15D,B0FRB5MSF1,,12.99,0,Active,AMAZON_EU,2026-07-01 10:40:44 IST
IE,KEEP,in master list,PUERTO-RICO-5GB-30D,B0FR9WMX9V,,14.99,0,Active,AMAZON_EU,2026-07-01 10:44:55 IST
IE,KEEP-PARENT,variation parent in Google Sheet,PUERTO-RICO-ESIM,B0H75GMCR5,,,0,Incomplete,DEFAULT,2026-07-01 10:40:41 IST
IE,KEEP,in master list,QATAR-20GB-30D,B0FR9X3QGM,,31.99,0,Active,AMAZON_EU,2026-07-01 10:56:30 IST
IE,KEEP,in master list,QATAR-3GB-15D,B0FR9NXH43,,10.99,0,Active,AMAZON_EU,2026-07-01 10:48:42 IST
IE,KEEP,in master list,QATAR-5GB-30D,B0FR9X5KB1,,17.99,0,Active,AMAZON_EU,2026-07-01 10:52:49 IST
IE,KEEP-PARENT,variation parent in Google Sheet,QATAR-ESIM,B0H75M7XWJ,,,0,Incomplete,DEFAULT,2026-07-01 10:48:38 IST
IE,KEEP,in master list,REPUBLIC-OF-THE-CONGO-20GB-30D,B0H6MJ756Y,,78.99,0,Active,AMAZON_EU,2026-06-30 18:44:52 IST
IE,KEEP,in master list,REPUBLIC-OF-THE-CONGO-3GB-15D,B0H6MM6DKT,,22.99,0,Active,AMAZON_EU,2026-06-30 18:38:30 IST
IE,KEEP,in master list,REPUBLIC-OF-THE-CONGO-5GB-30D,B0H6MBXD3B,,33.99,0,Active,AMAZON_EU,2026-06-30 18:41:44 IST
IE,KEEP-PARENT,variation parent in Google Sheet,REPUBLIC-OF-THE-CONGO-ESIM,B0H72XPL7V,,,0,Incomplete,DEFAULT,2026-06-30 18:38:26 IST
IE,KEEP,in master list,REUNION-3GB-15D,B0FRB3KCNQ,,8.99,0,Inactive,AMAZON_EU,2026-07-01 11:00:17 IST
IE,KEEP,in master list,REUNION-5GB-30D,B0FRB47TQW,,9.99,0,Inactive,AMAZON_EU,2026-07-01 11:04:25 IST
IE,KEEP-PARENT,variation parent in Google Sheet,REUNION-ESIM,B0H75BKK5H,,,0,Incomplete,DEFAULT,2026-07-01 11:00:14 IST
IE,KEEP,in master list,ROMANIA-20GB-30D,B0H6MGRC1F,,15.99,0,Active,AMAZON_EU,2026-06-30 18:54:48 IST
IE,KEEP,in master list,ROMANIA-3GB-15D,B0H6MKQH2C,,8.99,0,Active,AMAZON_EU,2026-06-30 18:48:16 IST
IE,KEEP,in master list,ROMANIA-5GB-30D,B0H6MFVLCB,,9.99,0,Active,AMAZON_EU,2026-06-30 18:51:30 IST
IE,KEEP-PARENT,variation parent in Google Sheet,ROMANIA-ESIM,B0H72MWT25,,,0,Incomplete,DEFAULT,2026-06-30 18:48:12 IST
IE,KEEP,in master list,RUSSIA-20GB-30D,B0H6MDSLNC,,23.99,0,Active,AMAZON_EU,2026-06-30 19:04:24 IST
IE,KEEP,in master list,RUSSIA-3GB-15D,B0H6MDNPC8,,9.99,0,Active,AMAZON_EU,2026-06-30 18:57:52 IST
IE,KEEP,in master list,RUSSIA-5GB-30D,B0H6MLHHB2,,13.99,0,Active,AMAZON_EU,2026-06-30 19:00:56 IST
IE,KEEP-PARENT,variation parent in Google Sheet,RUSSIA-ESIM,B0H72JXZ4X,,,0,Incomplete,DEFAULT,2026-06-30 18:57:49 IST
IE,KEEP,in master list,RWANDA-20GB-30D,B0H6M66BWN,,97.99,0,Active,AMAZON_EU,2026-06-30 19:14:00 IST
IE,KEEP,in master list,RWANDA-3GB-15D,B0H6MK2ZBQ,,24.99,0,Active,AMAZON_EU,2026-06-30 19:07:27 IST
IE,KEEP,in master list,RWANDA-5GB-30D,B0H6MJZHP1,,32.99,0,Active,AMAZON_EU,2026-06-30 19:11:03 IST
IE,KEEP-PARENT,variation parent in Google Sheet,RWANDA-ESIM,B0H73819JX,,,0,Incomplete,DEFAULT,2026-06-30 19:07:24 IST
IE,KEEP,in master list,SAINT-BARTHELEMY-20GB-30D,B0H6MJHHNB,,16.99,0,Active,AMAZON_EU,2026-06-30 19:23:57 IST
IE,KEEP,in master list,SAINT-BARTHELEMY-3GB-15D,B0H6MDMD63,,8.99,0,Active,AMAZON_EU,2026-06-30 19:17:25 IST
IE,KEEP,in master list,SAINT-BARTHELEMY-5GB-30D,B0H6MBS246,,9.99,0,Active,AMAZON_EU,2026-06-30 19:20:40 IST
IE,KEEP-PARENT,variation parent in Google Sheet,SAINT-BARTHELEMY-ESIM,B0H735FPGG,,,0,Incomplete,DEFAULT,2026-06-30 19:17:22 IST
IE,KEEP,in master list,SAINT-KITTS-AND-NEVIS-20GB-30D,B0H6MJQSR4,,103.99,0,Active,AMAZON_EU,2026-06-30 19:33:10 IST
IE,KEEP,in master list,SAINT-KITTS-AND-NEVIS-3GB-15D,B0H6MDHJ2B,,29.99,0,Active,AMAZON_EU,2026-06-30 19:27:01 IST
IE,KEEP,in master list,SAINT-KITTS-AND-NEVIS-5GB-30D,B0H6MBK615,,38.99,0,Active,AMAZON_EU,2026-06-30 19:30:14 IST
IE,KEEP-PARENT,variation parent in Google Sheet,SAINT-KITTS-AND-NEVIS-ESIM,B0H7342RPX,,,0,Incomplete,DEFAULT,2026-06-30 19:26:57 IST
IE,KEEP,in master list,SAINT-LUCIA-20GB-30D,B0H6MDX8DY,,103.99,0,Active,AMAZON_EU,2026-06-30 19:42:45 IST
IE,KEEP,in master list,SAINT-LUCIA-3GB-15D,B0H6M7Y1CD,,29.99,0,Active,AMAZON_EU,2026-06-30 19:36:45 IST
IE,KEEP,in master list,SAINT-LUCIA-5GB-30D,B0H6MGBXNV,,38.99,0,Active,AMAZON_EU,2026-06-30 19:39:49 IST
IE,KEEP-PARENT,variation parent in Google Sheet,SAINT-LUCIA-ESIM,B0H7342XYR,,,0,Incomplete,DEFAULT,2026-06-30 19:36:41 IST
IE,KEEP,in master list,SAINT-MARTIN-20GB-30D,B0H6MF7K64,,16.99,0,Active,AMAZON_EU,2026-06-30 19:52:29 IST
IE,KEEP,in master list,SAINT-MARTIN-3GB-15D,B0H6MDB2CN,,8.99,0,Active,AMAZON_EU,2026-06-30 19:45:48 IST
IE,KEEP,in master list,SAINT-MARTIN-5GB-30D,B0H6MC37Q1,,9.99,0,Active,AMAZON_EU,2026-06-30 19:49:13 IST
IE,KEEP-PARENT,variation parent in Google Sheet,SAINT-MARTIN-ESIM,B0H732GRD8,,,0,Incomplete,DEFAULT,2026-06-30 19:45:44 IST
IE,KEEP,in master list,SAINT-VINCENT-AND-THE-GRENADINES-3GB-15D,B0H6MF3FWZ,,34.99,0,Active,AMAZON_EU,2026-06-30 19:55:33 IST
IE,KEEP,in master list,SAINT-VINCENT-AND-THE-GRENADINES-5GB-30D,B0H6MJXH8Z,,46.99,0,Active,AMAZON_EU,2026-06-30 19:59:08 IST
IE,KEEP-PARENT,variation parent in Google Sheet,SAINT-VINCENT-AND-THE-GRENADINES-ESIM,B0H73HQZ7M,,,0,Incomplete,DEFAULT,2026-06-30 19:55:30 IST
IE,KEEP,in master list,SAMOA-20GB-30D,B0H6MJQDSM,,295.99,0,Active,AMAZON_EU,2026-06-30 20:13:15 IST
IE,KEEP,in master list,SAMOA-3GB-15D,B0H6MGJ45S,,58.99,0,Active,AMAZON_EU,2026-06-30 20:06:03 IST
IE,KEEP,in master list,SAMOA-5GB-30D,B0H6MFFZH1,,80.99,0,Active,AMAZON_EU,2026-06-30 20:10:09 IST
IE,KEEP-PARENT,variation parent in Google Sheet,SAMOA-ESIM,B0H73FX3SZ,,,0,Incomplete,DEFAULT,2026-06-30 20:05:59 IST
IE,KEEP,in master list,SAN-MARINO-20GB-30D,B0H6MDHJFJ,,16.99,0,Active,AMAZON_EU,2026-06-30 20:22:51 IST
IE,KEEP,in master list,SAN-MARINO-3GB-15D,B0H6MG33GL,,8.99,0,Active,AMAZON_EU,2026-06-30 20:16:19 IST
IE,KEEP,in master list,SAN-MARINO-5GB-30D,B0H6ML6C38,,9.99,0,Active,AMAZON_EU,2026-06-30 20:19:44 IST
IE,KEEP-PARENT,variation parent in Google Sheet,SAN-MARINO-ESIM,B0H735PZBX,,,0,Incomplete,DEFAULT,2026-06-30 20:16:15 IST
IE,KEEP,in master list,SAUDI-ARABIA-20GB-30D,B0FRB5PZTS,,33.99,0,Active,AMAZON_EU,2026-07-01 11:16:03 IST
IE,KEEP,in master list,SAUDI-ARABIA-3GB-15D,B0FRB3N2KL,,11.99,0,Active,AMAZON_EU,2026-07-01 11:08:12 IST
IE,KEEP,in master list,SAUDI-ARABIA-5GB-30D,B0FRB1SRZY,,14.99,0,Active,AMAZON_EU,2026-07-01 11:12:21 IST
IE,KEEP-PARENT,variation parent in Google Sheet,SAUDI-ARABIA-ESIM,B0H75GBR3P,,,0,Incomplete,DEFAULT,2026-07-01 11:08:09 IST
IE,KEEP,in master list,SENEGAL-3GB-15D,B0FRB4HX92,,16.99,0,Active,AMAZON_EU,2026-07-01 11:19:50 IST
IE,KEEP,in master list,SENEGAL-5GB-30D,B0FRB68H77,,18.99,0,Active,AMAZON_EU,2026-07-01 11:24:00 IST
IE,KEEP-PARENT,variation parent in Google Sheet,SENEGAL-ESIM,B0H75M1G2J,,,0,Incomplete,DEFAULT,2026-07-01 11:19:46 IST
IE,KEEP,in master list,SERBIA-20GB-30D,B0FRB5K8JC,,21.99,0,Inactive,AMAZON_EU,2026-07-01 11:31:47 IST
IE,KEEP,in master list,SERBIA-3GB-15D,B0FRB5TJV2,,8.99,0,Active,AMAZON_EU,2026-07-01 11:27:48 IST
IE,KEEP-PARENT,variation parent in Google Sheet,SERBIA-ESIM,B0H75F3J7D,,,0,Incomplete,DEFAULT,2026-07-01 11:27:45 IST
IE,KEEP,in master list,SEYCHELLES-3GB-15D,B0FRB55T3H,,17.99,0,Active,AMAZON_EU,2026-07-01 11:35:35 IST
IE,KEEP,in master list,SEYCHELLES-5GB-30D,B0FR9P7N6M,,28.99,0,Active,AMAZON_EU,2026-07-01 11:39:45 IST
IE,KEEP-PARENT,variation parent in Google Sheet,SEYCHELLES-ESIM,B0H75VNLC6,,,0,Incomplete,DEFAULT,2026-07-01 11:35:32 IST
IE,KEEP,in master list,SIERRA-LEONE-20GB-30D,B0H6ML1JW1,,94.99,0,Active,AMAZON_EU,2026-06-30 20:32:48 IST
IE,KEEP,in master list,SIERRA-LEONE-3GB-15D,B0H6MHPWKP,,26.99,0,Active,AMAZON_EU,2026-06-30 20:26:15 IST
IE,KEEP,in master list,SIERRA-LEONE-5GB-30D,B0H6MBK6HZ,,33.99,0,Active,AMAZON_EU,2026-06-30 20:30:02 IST
IE,KEEP-PARENT,variation parent in Google Sheet,SIERRA-LEONE-ESIM,B0H73F5LQT,,,0,Incomplete,DEFAULT,2026-06-30 20:26:11 IST
IE,KEEP,in master list,SINGAPORE-20GB-30D,B0FRB256K8,,15.99,0,Active,AMAZON_EU,2026-07-01 11:47:42 IST
IE,KEEP,in master list,SINGAPORE-5GB-30D,B0FR9X3Y3R,,9.99,0,Active,AMAZON_EU,2026-07-01 11:43:33 IST
IE,KEEP-PARENT,variation parent in Google Sheet,SINGAPORE-ESIM,B0H75J4ZHB,,,0,Incomplete,DEFAULT,2026-07-01 11:43:29 IST
IE,KEEP,in master list,SLOVAKIA-20GB-30D,B0FRB14YYC,,15.99,0,Active,AMAZON_EU,2026-07-01 11:59:04 IST
IE,KEEP,in master list,SLOVAKIA-3GB-15D,B0FR9XC4BW,,8.99,0,Active,AMAZON_EU,2026-07-01 11:51:29 IST
IE,KEEP,in master list,SLOVAKIA-5GB-30D,B0FRB2X84M,,9.99,0,Active,AMAZON_EU,2026-07-01 11:55:26 IST
IE,KEEP-PARENT,variation parent in Google Sheet,SLOVAKIA-ESIM,B0H75LCD5X,,,0,Incomplete,DEFAULT,2026-07-01 11:51:25 IST
IE,KEEP,in master list,SLOVENIA-20GB-30D,B0FR9X15V2,,15.99,0,Active,AMAZON_EU,2026-07-01 12:10:25 IST
IE,KEEP,in master list,SLOVENIA-3GB-15D,B0FR9XCF27,,8.99,0,Active,AMAZON_EU,2026-07-01 12:02:38 IST
IE,KEEP,in master list,SLOVENIA-5GB-30D,B0FRB3SJMR,,9.99,0,Active,AMAZON_EU,2026-07-01 12:06:44 IST
IE,KEEP-PARENT,variation parent in Google Sheet,SLOVENIA-ESIM,B0H75M62RQ,,,0,Incomplete,DEFAULT,2026-07-01 12:02:35 IST
IE,KEEP,in master list,SOUTH-AFRICA-5GB-30D,B0FRB3R6F3,,15.99,0,Active,AMAZON_EU,2026-07-01 12:14:15 IST
IE,KEEP-PARENT,variation parent in Google Sheet,SOUTH-AFRICA-ESIM,B0H75PDYL9,,,0,Incomplete,DEFAULT,2026-07-01 12:14:11 IST
IE,KEEP,in master list,SOUTH-AMERICA-5GB-30D,B0FRB8D7HC,,21.99,0,Active,AMAZON_EU,2026-07-01 12:18:30 IST
IE,KEEP-PARENT,variation parent in Google Sheet,SOUTH-AMERICA-ESIM,B0H75N9M8N,,,0,Incomplete,DEFAULT,2026-07-01 12:18:26 IST
IE,KEEP,in master list,SOUTH-KOREA-20GB-30D,B0FRC4P51Z,,15.99,0,Inactive,AMAZON_EU,2026-07-01 12:30:34 IST
IE,KEEP,in master list,SOUTH-KOREA-3GB-15D,B0FRC4RTDF,,8.99,0,Active,AMAZON_EU,2026-07-01 12:22:45 IST
IE,KEEP,in master list,SOUTH-KOREA-5GB-30D,B0FRD9LC4C,,9.99,0,Inactive,AMAZON_EU,2026-07-01 12:26:54 IST
IE,KEEP-PARENT,variation parent in Google Sheet,SOUTH-KOREA-ESIM,B0H75Y2PX9,,,0,Incomplete,DEFAULT,2026-07-01 12:22:41 IST
IE,KEEP,in master list,SPAIN-20GB-30D,B0FRCMPGPL,,15.99,0,Inactive,AMAZON_EU,2026-07-01 12:42:15 IST
IE,KEEP,in master list,SPAIN-3GB-15D,B0FRCDHTZ7,,8.99,0,Active,AMAZON_EU,2026-07-01 12:34:23 IST
IE,KEEP,in master list,SPAIN-5GB-30D,B0FRBQCLZN,,9.99,0,Active,AMAZON_EU,2026-07-01 12:38:34 IST
IE,KEEP-PARENT,variation parent in Google Sheet,SPAIN-ESIM,B0H75TZCZQ,,,0,Incomplete,DEFAULT,2026-07-01 12:34:19 IST
IE,KEEP,in master list,SRI-LANKA-20GB-30D,B0FRC2DZN5,,28.99,0,Active,AMAZON_EU,2026-07-01 12:53:53 IST
IE,KEEP,in master list,SRI-LANKA-3GB-15D,B0FRB7Z1NW,,10.99,0,Active,AMAZON_EU,2026-07-01 12:46:03 IST
IE,KEEP,in master list,SRI-LANKA-5GB-30D,B0FRB64B8M,,12.99,0,Active,AMAZON_EU,2026-07-01 12:50:12 IST
IE,KEEP-PARENT,variation parent in Google Sheet,SRI-LANKA-ESIM,B0H75VL1T5,,,0,Incomplete,DEFAULT,2026-07-01 12:45:59 IST
IE,KEEP,in master list,SUDAN-3GB-15D,B0FRCKTXNQ,,22.99,0,Active,AMAZON_EU,2026-07-01 12:57:40 IST
IE,KEEP,in master list,SUDAN-5GB-30D,B0FRC799N3,,30.99,0,Active,AMAZON_EU,2026-07-01 20:33:25 IST
IE,KEEP-PARENT,variation parent in Google Sheet,SUDAN-ESIM,B0H75TCP5N,,,0,Incomplete,DEFAULT,2026-07-01 12:57:36 IST
IE,KEEP,in master list,SURINAME-20GB-30D,B0H6MNKY5H,,74.99,0,Active,AMAZON_EU,2026-06-30 20:42:31 IST
IE,KEEP,in master list,SURINAME-3GB-15D,B0H6MLWJMY,,19.99,0,Active,AMAZON_EU,2026-06-30 20:36:01 IST
IE,KEEP,in master list,SURINAME-5GB-30D,B0H6MNS3N5,,32.99,0,Active,AMAZON_EU,2026-06-30 20:39:35 IST
IE,KEEP-PARENT,variation parent in Google Sheet,SURINAME-ESIM,B0H72VRMTF,,,0,Incomplete,DEFAULT,2026-06-30 20:35:58 IST
IE,KEEP,in master list,SVG-20GB-30D,B0H6MWF5B5,,125.99,0,Active,AMAZON_EU,2026-06-30 20:02:12 IST
IE,KEEP-PARENT,variation parent in Google Sheet,SVG-ESIM,B0H73DXPMT,,,0,Incomplete,DEFAULT,2026-06-30 20:02:08 IST
IE,KEEP,in master list,SWEDEN-20GB-30D,B0FRB7X5SP,,15.99,0,Inactive,AMAZON_EU,2026-07-01 13:13:07 IST
IE,KEEP,in master list,SWEDEN-3GB-15D,B0FRCC6W9S,,8.99,0,Active,AMAZON_EU,2026-07-01 13:05:14 IST
IE,KEEP,in master list,SWEDEN-5GB-30D,B0FRCS524D,,9.99,0,Inactive,AMAZON_EU,2026-07-01 13:09:26 IST
IE,KEEP-PARENT,variation parent in Google Sheet,SWEDEN-ESIM,B0H75WS4T1,,,0,Incomplete,DEFAULT,2026-07-01 13:05:11 IST
IE,KEEP,in master list,SWITZERLAND-20GB-30D,B0FRB6VY7S,,15.99,0,Inactive,AMAZON_EU,2026-07-01 13:24:48 IST
IE,KEEP,in master list,SWITZERLAND-3GB-15D,B0FRB5LFVC,,8.99,0,Active,AMAZON_EU,2026-07-01 13:16:55 IST
IE,KEEP,in master list,SWITZERLAND-5GB-30D,B0FRB7G4VW,,9.99,0,Active,AMAZON_EU,2026-07-01 13:21:04 IST
IE,KEEP-PARENT,variation parent in Google Sheet,SWITZERLAND-ESIM,B0H75W1GCM,,,0,Incomplete,DEFAULT,2026-07-01 13:16:51 IST
IE,KEEP,in master list,TAJIKISTAN-20GB-30D,B0H6M85C77,,41.99,0,Active,AMAZON_EU,2026-06-30 20:52:56 IST
IE,KEEP,in master list,TAJIKISTAN-3GB-15D,B0H6M7XFN6,,15.99,0,Active,AMAZON_EU,2026-06-30 20:45:55 IST
IE,KEEP,in master list,TAJIKISTAN-5GB-30D,B0H6MFYMXZ,,16.99,0,Active,AMAZON_EU,2026-06-30 20:49:29 IST
IE,KEEP-PARENT,variation parent in Google Sheet,TAJIKISTAN-ESIM,B0H73FVL1P,,,0,Incomplete,DEFAULT,2026-06-30 20:45:51 IST
IE,KEEP,in master list,TANZANIA-3GB-15D,B0FRC81NPJ,,16.99,0,Active,AMAZON_EU,2026-07-01 13:28:36 IST
IE,KEEP-PARENT,variation parent in Google Sheet,TANZANIA-ESIM,B0H75ZBWBL,,,0,Incomplete,DEFAULT,2026-07-01 13:28:32 IST
IE,KEEP,in master list,THAILAND-20GB-30D,B0FRCHW3MW,,15.99,0,Inactive,AMAZON_EU,2026-07-01 13:40:43 IST
IE,KEEP,in master list,THAILAND-3GB-15D,B0FRCDPJSH,,8.99,0,Active,AMAZON_EU,2026-07-01 13:32:54 IST
IE,KEEP,in master list,THAILAND-5GB-30D,B0FR9Q5D1J,,9.99,0,Active,AMAZON_EU,2026-07-01 13:37:02 IST
IE,KEEP-PARENT,variation parent in Google Sheet,THAILAND-ESIM,B0H75M6L8S,,,0,Incomplete,DEFAULT,2026-07-01 13:32:50 IST
IE,KEEP,in master list,TRINIDAD-AND-TOBAGO-20GB-30D,B0H6MF31VP,,96.99,0,Active,AMAZON_EU,2026-06-30 21:02:50 IST
IE,KEEP,in master list,TRINIDAD-AND-TOBAGO-3GB-15D,B0H6MJTHXK,,22.99,0,Active,AMAZON_EU,2026-06-30 20:55:59 IST
IE,KEEP,in master list,TRINIDAD-AND-TOBAGO-5GB-30D,B0H6MJTHY9,,33.99,0,Active,AMAZON_EU,2026-06-30 20:59:33 IST
IE,KEEP-PARENT,variation parent in Google Sheet,TRINIDAD-AND-TOBAGO-ESIM,B0H73CGHHC,,,0,Incomplete,DEFAULT,2026-06-30 20:55:56 IST
IE,KEEP,in master list,TUNISIA-5GB-30D,B0FRB7Q96Z,,11.99,0,Inactive,AMAZON_EU,2026-07-01 13:44:29 IST
IE,KEEP-PARENT,variation parent in Google Sheet,TUNISIA-ESIM,B0H75P7DLJ,,,0,Incomplete,DEFAULT,2026-07-01 13:44:26 IST
IE,KEEP,in master list,TURKEY-20GB-30D,B0FRCYMWCX,,17.99,0,Inactive,AMAZON_EU,2026-07-01 13:56:34 IST
IE,KEEP,in master list,TURKEY-3GB-15D,B0FRC2PSHM,,8.99,0,Active,AMAZON_EU,2026-07-01 13:48:46 IST
IE,KEEP,in master list,TURKEY-5GB-30D,B0FRCBZ1BB,,8.99,0,Active,AMAZON_EU,2026-07-01 13:52:54 IST
IE,KEEP-PARENT,variation parent in Google Sheet,TURKEY-ESIM,B0H75WBVPP,,,0,Incomplete,DEFAULT,2026-07-01 13:48:42 IST
IE,KEEP,in master list,TURKS-AND-CAICOS-ISLANDS-20GB-30D,B0H6MLBGX7,,90.99,0,Active,AMAZON_EU,2026-06-30 21:13:06 IST
IE,KEEP,in master list,TURKS-AND-CAICOS-ISLANDS-3GB-15D,B0H6MNNXGL,,23.99,0,Active,AMAZON_EU,2026-06-30 21:06:24 IST
IE,KEEP,in master list,TURKS-AND-CAICOS-ISLANDS-5GB-30D,B0H6MLH1KM,,29.99,0,Active,AMAZON_EU,2026-06-30 21:09:38 IST
IE,KEEP-PARENT,variation parent in Google Sheet,TURKS-AND-CAICOS-ISLANDS-ESIM,B0H7373L9L,,,0,Incomplete,DEFAULT,2026-06-30 21:06:21 IST
IE,KEEP,in master list,UGANDA-3GB-15D,B0FRB7F7Z9,,18.99,0,Active,AMAZON_EU,2026-07-01 14:00:22 IST
IE,KEEP-PARENT,variation parent in Google Sheet,UGANDA-ESIM,B0H7669G7R,,,0,Incomplete,DEFAULT,2026-07-01 14:00:18 IST
IE,KEEP,in master list,UKRAINE-3GB-15D,B0FRB9SBFR,,8.99,0,Active,AMAZON_EU,2026-07-01 14:04:16 IST
IE,KEEP,in master list,UKRAINE-5GB-30D,B0FRC2NRKG,,9.99,0,Inactive,AMAZON_EU,2026-07-01 14:08:26 IST
IE,KEEP-PARENT,variation parent in Google Sheet,UKRAINE-ESIM,B0H75Y67LB,,,0,Incomplete,DEFAULT,2026-07-01 14:04:13 IST
IE,KEEP,in master list,UNITED-ARAB-EMIRATES-20GB-30D,B0FRB7TFJR,,36.99,0,Active,AMAZON_EU,2026-07-01 14:20:00 IST
IE,KEEP,in master list,UNITED-ARAB-EMIRATES-3GB-15D,B0FRBBYBGH,,12.99,0,Active,AMAZON_EU,2026-07-01 14:12:12 IST
IE,KEEP,in master list,UNITED-ARAB-EMIRATES-5GB-30D,B0FRB89XHX,,15.99,0,Active,AMAZON_EU,2026-07-01 14:16:19 IST
IE,KEEP-PARENT,variation parent in Google Sheet,UNITED-ARAB-EMIRATES-ESIM,B0H75YL2V8,,,0,Incomplete,DEFAULT,2026-07-01 14:12:09 IST
IE,KEEP,in master list,UNITED-KINGDOM-20GB-30D,B0FRDGCBTN,,15.99,0,Active,AMAZON_EU,2026-07-01 14:31:39 IST
IE,KEEP,in master list,UNITED-KINGDOM-3GB-15D,B0FRCPD8TS,,8.99,0,Active,AMAZON_EU,2026-07-01 14:23:48 IST
IE,KEEP,in master list,UNITED-KINGDOM-5GB-30D,B0FRDDRGJF,,9.99,0,Active,AMAZON_EU,2026-07-01 14:27:57 IST
IE,KEEP-PARENT,variation parent in Google Sheet,UNITED-KINGDOM-ESIM,B0H75S2NHQ,,,0,Incomplete,DEFAULT,2026-07-01 14:23:44 IST
IE,KEEP,in master list,UNITED-STATES-3GB-15D,B0FRCFXK3V,,8.99,0,Active,AMAZON_EU,2026-07-01 14:35:26 IST
IE,KEEP,in master list,UNITED-STATES-5GB-30D,B0FRC2PQ8H,,9.99,0,Active,AMAZON_EU,2026-07-01 14:39:35 IST
IE,KEEP-PARENT,variation parent in Google Sheet,UNITED-STATES-ESIM,B0H7615C4X,,,0,Incomplete,DEFAULT,2026-07-01 14:35:23 IST
IE,KEEP,in master list,URUGUAY-3GB-15D,B0FRB7LHGN,,17.99,0,Active,AMAZON_EU,2026-07-01 14:43:22 IST
IE,KEEP-PARENT,variation parent in Google Sheet,URUGUAY-ESIM,B0H75YZG6L,,,0,Incomplete,DEFAULT,2026-07-01 14:43:19 IST
IE,KEEP,in master list,UZBEKISTAN-5GB-30D,B0FRBWFZ6M,,9.99,0,Active,AMAZON_EU,2026-07-01 14:47:37 IST
IE,KEEP-PARENT,variation parent in Google Sheet,UZBEKISTAN-ESIM,B0H75W71PK,,,0,Incomplete,DEFAULT,2026-07-01 14:47:34 IST
IE,KEEP,in master list,VATICAN-CITY-20GB-30D,B0H6MDPLZ9,,15.99,0,Active,AMAZON_EU,2026-06-30 21:22:30 IST
IE,KEEP,in master list,VATICAN-CITY-3GB-15D,B0H6MBMF8G,,8.99,0,Active,AMAZON_EU,2026-06-30 21:15:48 IST
IE,KEEP,in master list,VATICAN-CITY-5GB-30D,B0H6M7YXNP,,9.99,0,Active,AMAZON_EU,2026-06-30 21:19:33 IST
IE,KEEP-PARENT,variation parent in Google Sheet,VATICAN-CITY-ESIM,B0H73DBX2J,,,0,Incomplete,DEFAULT,2026-06-30 21:15:44 IST
IE,KEEP,in master list,VIETNAM-20GB-30D,B0FRC2NKC4,,22.99,0,Active,AMAZON_EU,2026-07-01 14:59:40 IST
IE,KEEP,in master list,VIETNAM-3GB-15D,B0FRBR2DHW,,8.99,0,Inactive,AMAZON_EU,2026-07-01 14:51:52 IST
IE,KEEP,in master list,VIETNAM-5GB-30D,B0FRCBXRGV,,10.99,0,Active,AMAZON_EU,2026-07-01 14:56:00 IST
IE,KEEP-PARENT,variation parent in Google Sheet,VIETNAM-ESIM,B0H761L7DW,,,0,Incomplete,DEFAULT,2026-07-01 14:51:48 IST
IE,KEEP,in master list,ZAMBIA-3GB-15D,B0FRC2NSM2,,17.99,0,Active,AMAZON_EU,2026-07-01 15:03:27 IST
IE,KEEP,in master list,ZAMBIA-5GB-30D,B0FRCL97L4,,28.99,0,Active,AMAZON_EU,2026-07-01 15:07:36 IST
IE,KEEP-PARENT,variation parent in Google Sheet,ZAMBIA-ESIM,B0H766ZKNL,,,0,Incomplete,DEFAULT,2026-07-01 15:03:24 IST
FR,DELETE,not in master list,AE_20_30,,,42.07,0,Active,AMAZON_EU,25/03/2026 09:13:28 MET
FR,DELETE,not in master list,AE_3_15,,,11.03,0,Active,AMAZON_EU,25/03/2026 09:44:24 MET
FR,DELETE,not in master list,AE_5_30,,,16.33,0,Active,AMAZON_EU,25/03/2026 08:42:20 MET
FR,DELETE,not in master list,AU_20_30,,,15.66,0,Active,AMAZON_EU,25/03/2026 10:07:32 MET
FR,DELETE,not in master list,AU_3_15,,,7.03,0,Active,AMAZON_EU,25/03/2026 10:06:48 MET
FR,DELETE,not in master list,AU_5_30,,,8.75,0,Active,AMAZON_EU,25/03/2026 09:46:05 MET
FR,DELETE,not in master list,BE_20_30,,,19.74,0,Active,AMAZON_EU,25/03/2026 10:05:47 MET
FR,DELETE,not in master list,BE_3_15,,,7.61,0,Active,AMAZON_EU,25/03/2026 09:03:14 MET
FR,DELETE,not in master list,BE_5_30,,,8.76,0,Active,AMAZON_EU,25/03/2026 10:18:00 MET
FR,DELETE,not in master list,CA_20_30,,,29.6,0,Inactive,AMAZON_EU,25/03/2026 09:03:39 MET
FR,DELETE,not in master list,CA_3_15,,,12.31,0,Inactive,AMAZON_EU,25/03/2026 09:02:55 MET
FR,DELETE,not in master list,CA_5_30,,,15.77,0,Inactive,AMAZON_EU,25/03/2026 09:40:14 MET
FR,DELETE,not in master list,CH_20_30,,,16.82,0,Inactive,AMAZON_EU,25/03/2026 10:07:27 MET
FR,DELETE,not in master list,CH_3_15,,,6.47,0,Active,AMAZON_EU,25/03/2026 09:03:27 MET
FR,DELETE,not in master list,CH_5_30,,,8.74,0,Active,AMAZON_EU,25/03/2026 10:05:15 MET
FR,DELETE,not in master list,CN_20_30,,,19.68,0,Inactive,AMAZON_EU,25/03/2026 10:47:52 MET
FR,DELETE,not in master list,CN_3_15,,,7.61,0,Active,AMAZON_EU,25/03/2026 09:03:10 MET
FR,DELETE,not in master list,CN_5_30,,,9.91,0,Active,AMAZON_EU,25/03/2026 09:04:13 MET
FR,DELETE,not in master list,DE_20_30,,,32.47,0,Active,AMAZON_EU,25/03/2026 10:48:27 MET
FR,DELETE,not in master list,DE_3_15,,,10.02,0,Active,AMAZON_EU,25/03/2026 09:37:12 MET
FR,DELETE,not in master list,DE_5_30,,,11.75,0,Active,AMAZON_EU,25/03/2026 11:32:28 MET
FR,DELETE,not in master list,EG_20_30,,,35.2,0,Active,AMAZON_EU,25/03/2026 09:32:51 MET
FR,DELETE,not in master list,EG_3_15,,,11.03,0,Active,AMAZON_EU,25/03/2026 10:39:13 MET
FR,DELETE,not in master list,EG_3_30,,,14.57,0,Inactive,AMAZON_EU,25/03/2026 09:04:19 MET
FR,DELETE,not in master list,ES_20_30,,,17.93,0,Inactive,AMAZON_EU,25/03/2026 09:29:51 MET
FR,DELETE,not in master list,ES_3_15,,,7.61,0,Active,AMAZON_EU,25/03/2026 10:04:58 MET
FR,DELETE,not in master list,ES_5_30,,,9.9,0,Active,AMAZON_EU,25/03/2026 09:31:29 MET
FR,DELETE,not in master list,FR_20_30,,,23.16,0,Active,AMAZON_EU,28/03/2026 15:47:07 MET
FR,DELETE,not in master list,FR_3_15,,,8.76,0,Active,AMAZON_EU,28/03/2026 15:24:20 MET
FR,DELETE,not in master list,FR_5_30,,,11.04,0,Active,AMAZON_EU,17/04/2026 18:10:23 MEST
FR,DELETE,not in master list,GB_20_30,,,16.92,0,Active,AMAZON_EU,25/03/2026 10:17:12 MET
FR,DELETE,not in master list,GB_3_15,,,5.3,0,Active,AMAZON_EU,25/03/2026 09:42:41 MET
FR,DELETE,not in master list,GB_5_30,,,6.46,0,Active,AMAZON_EU,25/03/2026 09:06:40 MET
FR,DELETE,not in master list,GR_20_30,,,19.72,0,Active,AMAZON_EU,25/03/2026 10:54:53 MET
FR,DELETE,not in master list,GR_3_15,,,6.46,0,Active,AMAZON_EU,25/03/2026 08:47:59 MET
FR,DELETE,not in master list,GR_5_30,,,5.88,0,Active,AMAZON_EU,25/03/2026 09:29:27 MET
FR,DELETE,not in master list,HAJJ-LUX-10GB-30D,,,71.99,0,Inactive,AMAZON_EU,03/06/2026 00:24:33 MEST
FR,DELETE,not in master list,HAJJ-LUXURY-ESIM,,,,0,Incomplete,DEFAULT,30/06/2026 13:08:05 MEST
FR,DELETE,not in master list,HK_20_30,,,17.93,0,Active,AMAZON_EU,25/03/2026 09:40:16 MET
FR,DELETE,not in master list,HK_3_15,,,6.47,0,Active,AMAZON_EU,25/03/2026 09:29:25 MET
FR,DELETE,not in master list,HK_5_30,,,3.01,0,Active,AMAZON_EU,25/03/2026 09:04:04 MET
FR,DELETE,not in master list,ID_20_30,,,16.79,0,Active,AMAZON_EU,25/03/2026 09:39:27 MET
FR,DELETE,not in master list,ID_3_15,,,6.46,0,Active,AMAZON_EU,25/03/2026 10:06:27 MET
FR,DELETE,not in master list,ID_5_30,,,4.74,0,Active,AMAZON_EU,25/03/2026 08:46:57 MET
FR,DELETE,not in master list,IE_20_30,,,17.93,0,Active,AMAZON_EU,25/03/2026 10:47:02 MET
FR,DELETE,not in master list,IE_3_15,,,6.46,0,Active,AMAZON_EU,25/03/2026 09:28:19 MET
FR,DELETE,not in master list,IE_5_30,,,5.88,0,Active,AMAZON_EU,25/03/2026 08:59:18 MET
FR,DELETE,not in master list,IN_20_30,,,40.99,0,Active,AMAZON_EU,28/03/2026 15:49:07 MET
FR,DELETE,not in master list,IN_3_15,,,12.17,0,Active,AMAZON_EU,25/03/2026 09:02:40 MET
FR,DELETE,not in master list,IN_5_30,,,16.79,0,Active,AMAZON_EU,25/03/2026 09:32:49 MET
FR,DELETE,not in master list,IT_20_30,,,16.79,0,Active,AMAZON_EU,25/03/2026 09:58:23 MET
FR,DELETE,not in master list,IT_3_15,,,6.47,0,Active,AMAZON_EU,25/03/2026 09:37:45 MET
FR,DELETE,not in master list,IT_5_30,,,4.74,0,Active,AMAZON_EU,25/03/2026 09:52:40 MET
FR,DELETE,not in master list,JP_20_30,,,16.81,0,Active,AMAZON_EU,25/03/2026 09:02:52 MET
FR,DELETE,not in master list,JP_3_15,,,6.47,0,Active,AMAZON_EU,25/03/2026 09:03:19 MET
FR,DELETE,not in master list,JP_5_30,,,4.74,0,Active,AMAZON_EU,25/03/2026 09:33:38 MET
FR,DELETE,not in master list,KE_3_15,,,26.06,0,Active,AMAZON_EU,25/03/2026 09:55:16 MET
FR,DELETE,not in master list,KE_5_30,,,35.26,0,Active,AMAZON_EU,25/03/2026 09:41:52 MET
FR,DELETE,not in master list,MA_20_30,,,29.51,0,Active,AMAZON_EU,25/03/2026 10:38:06 MET
FR,DELETE,not in master list,MA_3_15,,,8.75,0,Active,AMAZON_EU,25/03/2026 11:30:57 MET
FR,DELETE,not in master list,MA_5_30,,,9.34,0,Active,AMAZON_EU,25/03/2026 08:42:30 MET
FR,DELETE,not in master list,MY_20_30,,,16.79,0,Active,AMAZON_EU,25/03/2026 10:05:37 MET
FR,DELETE,not in master list,MY_3_15,,,6.46,0,Active,AMAZON_EU,25/03/2026 10:06:17 MET
FR,DELETE,not in master list,MY_5_30,,,8.75,0,Active,AMAZON_EU,25/03/2026 09:39:21 MET
FR,DELETE,not in master list,NL_20_30,,,20.88,0,Active,AMAZON_EU,25/03/2026 09:42:00 MET
FR,DELETE,not in master list,NL_3_15,,,6.46,0,Active,AMAZON_EU,25/03/2026 10:18:01 MET
FR,DELETE,not in master list,NL_5_30,,,5.88,0,Active,AMAZON_EU,25/03/2026 09:48:56 MET
FR,DELETE,not in master list,PH_20_30,,,34.12,0,Active,AMAZON_EU,25/03/2026 08:25:42 MET
FR,DELETE,not in master list,PH_3_15,,,9.9,0,Active,AMAZON_EU,25/03/2026 09:23:14 MET
FR,DELETE,not in master list,PH_5_30,,,13.36,0,Active,AMAZON_EU,25/03/2026 08:49:03 MET
FR,DELETE,not in master list,PL_20_30,,,16.79,0,Active,AMAZON_EU,25/03/2026 08:47:51 MET
FR,DELETE,not in master list,PL_3_15,,,6.46,0,Active,AMAZON_EU,25/03/2026 10:17:09 MET
FR,DELETE,not in master list,PL_5_30,,,4.74,0,Active,AMAZON_EU,25/03/2026 08:43:13 MET
FR,DELETE,not in master list,PT_20_30,,,20.88,0,Active,AMAZON_EU,25/03/2026 10:01:14 MET
FR,DELETE,not in master list,PT_3_15,,,6.46,0,Active,AMAZON_EU,25/03/2026 10:40:44 MET
FR,DELETE,not in master list,PT_5_30,,,5.88,0,Active,AMAZON_EU,25/03/2026 08:47:35 MET
FR,DELETE,not in master list,SG_20_30,,,17.94,0,Active,AMAZON_EU,25/03/2026 09:14:10 MET
FR,DELETE,not in master list,SG_3_30,,,12.3,0,Inactive,AMAZON_EU,25/03/2026 08:47:09 MET
FR,DELETE,not in master list,SG_5_30,,,9.89,0,Active,AMAZON_EU,25/03/2026 09:04:25 MET
FR,DELETE,not in master list,SN_3_15,,,29.52,0,Active,AMAZON_EU,25/03/2026 09:49:49 MET
FR,DELETE,not in master list,SN_5_30,,,43.3,0,Active,AMAZON_EU,25/03/2026 10:53:51 MET
FR,DELETE,not in master list,TH_20_30,,,17.95,0,Inactive,AMAZON_EU,25/03/2026 09:34:40 MET
FR,DELETE,not in master list,TH_3_15,,,7.61,0,Active,AMAZON_EU,25/03/2026 10:05:40 MET
FR,DELETE,not in master list,TH_5_30,,,4.74,0,Active,AMAZON_EU,25/03/2026 09:37:18 MET
FR,DELETE,not in master list,TN_10_30,,,23.27,0,Inactive,AMAZON_EU,25/03/2026 09:42:24 MET
FR,DELETE,not in master list,TN_3_30,,,11.71,0,Inactive,AMAZON_EU,25/03/2026 10:02:02 MET
FR,DELETE,not in master list,TN_5_30,,,14.51,0,Inactive,AMAZON_EU,25/03/2026 09:03:44 MET
FR,DELETE,not in master list,TR_20_30,,,16.76,0,Inactive,AMAZON_EU,25/03/2026 10:06:24 MET
FR,DELETE,not in master list,TR_3_15,,,6.47,0,Active,AMAZON_EU,25/03/2026 09:47:46 MET
FR,DELETE,not in master list,TR_5_30,,,4.74,0,Active,AMAZON_EU,25/03/2026 09:03:16 MET
FR,DELETE,not in master list,TZ_3_15,,,26.1,0,Active,AMAZON_EU,25/03/2026 10:06:19 MET
FR,DELETE,not in master list,US_20_90,,,26.69,0,Inactive,AMAZON_EU,25/03/2026 10:39:01 MET
FR,DELETE,not in master list,US_3_15,,,7.61,0,Active,AMAZON_EU,25/03/2026 09:56:43 MET
FR,DELETE,not in master list,US_5_30,,,6.46,0,Active,AMAZON_EU,25/03/2026 10:47:36 MET
FR,DELETE,not in master list,VN_20_30,,,,0,Incomplete,AMAZON_EU,28/03/2026 16:08:00 MET
FR,DELETE,not in master list,VN_3_15,,,,0,Incomplete,AMAZON_EU,28/03/2026 16:02:56 MET
FR,DELETE,not in master list,VN_5_30,,,,0,Incomplete,AMAZON_EU,28/03/2026 16:09:51 MET
FR,DELETE,not in master list,ZA_10_30,,,31.32,0,Inactive,AMAZON_EU,25/03/2026 09:04:01 MET
FR,DELETE,not in master list,ZA_5_30,,,17.94,0,Active,AMAZON_EU,25/03/2026 09:26:35 MET
FR,DELETE,not in master list,ZM_3_15,,,,0,Incomplete,AMAZON_EU,28/03/2026 17:14:58 MET
FR,DELETE,not in master list,ZM_5_30,,,,0,Incomplete,AMAZON_EU,28/03/2026 17:16:53 MET
FR,KEEP,in master list,AALAND-ISLANDS-20GB-30D,,,33.99,0,Active,AMAZON_EU,30/06/2026 22:42:34 MEST
FR,KEEP,in master list,AALAND-ISLANDS-3GB-15D,,,9.99,0,Active,AMAZON_EU,30/06/2026 22:35:36 MEST
FR,KEEP,in master list,AALAND-ISLANDS-5GB-30D,,,13.99,0,Active,AMAZON_EU,30/06/2026 22:39:18 MEST
FR,KEEP-PARENT,variation parent in Google Sheet,AALAND-ISLANDS-ESIM,,,,0,Incomplete,DEFAULT,30/06/2026 22:35:33 MEST
FR,KEEP,in master list,AFRICA-5GB-30D,,,29.99,0,Active,AMAZON_EU,30/06/2026 22:45:52 MEST
FR,KEEP-PARENT,variation parent in Google Sheet,AFRICA-ESIM,,,,0,Incomplete,DEFAULT,30/06/2026 22:45:48 MEST
FR,KEEP,in master list,ALBANIA-5GB-30D,,,10.99,0,Inactive,AMAZON_EU,30/06/2026 22:49:22 MEST
FR,KEEP-PARENT,variation parent in Google Sheet,ALBANIA-ESIM,,,,0,Incomplete,DEFAULT,30/06/2026 22:49:18 MEST
FR,KEEP,in master list,ALGERIA-20GB-30D,,,26.99,0,Active,AMAZON_EU,30/06/2026 13:30:19 MEST
FR,KEEP,in master list,ALGERIA-3GB-15D,,,9.99,0,Active,AMAZON_EU,30/06/2026 13:22:28 MEST
FR,KEEP,in master list,ALGERIA-5GB-30D,,,11.99,0,Active,AMAZON_EU,30/06/2026 13:26:39 MEST
FR,KEEP-PARENT,variation parent in Google Sheet,ALGERIA-ESIM,,,,0,Incomplete,DEFAULT,30/06/2026 13:22:24 MEST
FR,KEEP,in master list,ANDORRA-20GB-30D,,,44.99,0,Active,AMAZON_EU,30/06/2026 13:42:01 MEST
FR,KEEP,in master list,ANDORRA-3GB-15D,,,15.99,0,Active,AMAZON_EU,30/06/2026 13:34:10 MEST
FR,KEEP,in master list,ANDORRA-5GB-30D,,,16.99,0,Active,AMAZON_EU,30/06/2026 13:38:21 MEST
FR,KEEP-PARENT,variation parent in Google Sheet,ANDORRA-ESIM,,,,0,Incomplete,DEFAULT,30/06/2026 13:34:06 MEST
FR,KEEP,in master list,ANGOLA-3GB-15D,,,35.99,0,Active,AMAZON_EU,30/06/2026 13:45:21 MEST
FR,KEEP,in master list,ANGOLA-5GB-30D,,,58.99,0,Active,AMAZON_EU,30/06/2026 13:49:11 MEST
FR,KEEP-PARENT,variation parent in Google Sheet,ANGOLA-ESIM,,,,0,Incomplete,DEFAULT,30/06/2026 13:45:18 MEST
FR,KEEP,in master list,ANGUILLA-20GB-30D,,,87.99,0,Active,AMAZON_EU,30/06/2026 14:08:59 MEST
FR,KEEP,in master list,ANGUILLA-3GB-15D,,,24.99,0,Active,AMAZON_EU,30/06/2026 14:01:55 MEST
FR,KEEP,in master list,ANGUILLA-5GB-30D,,,32.99,0,Active,AMAZON_EU,30/06/2026 14:05:27 MEST
FR,KEEP-PARENT,variation parent in Google Sheet,ANGUILLA-ESIM,,,,0,Incomplete,DEFAULT,30/06/2026 14:01:52 MEST
FR,KEEP,in master list,ANTIGUA-AND-BARBUDA-20GB-30D,,,99.99,0,Active,AMAZON_EU,30/06/2026 14:37:41 MEST
FR,KEEP,in master list,ANTIGUA-AND-BARBUDA-3GB-15D,,,26.99,0,Active,AMAZON_EU,30/06/2026 14:12:39 MEST
FR,KEEP,in master list,ANTIGUA-AND-BARBUDA-5GB-30D,,,35.99,0,Active,AMAZON_EU,30/06/2026 14:34:34 MEST
FR,KEEP-PARENT,variation parent in Google Sheet,ANTIGUA-AND-BARBUDA-ESIM,,,,0,Incomplete,DEFAULT,30/06/2026 14:12:36 MEST
FR,KEEP,in master list,ARGENTINA-20GB-30D,,,37.99,0,Active,AMAZON_EU,30/06/2026 22:56:55 MEST
FR,KEEP,in master list,ARGENTINA-3GB-15D,,,12.99,0,Active,AMAZON_EU,30/06/2026 22:53:13 MEST
FR,KEEP-PARENT,variation parent in Google Sheet,ARGENTINA-ESIM,,,,0,Incomplete,DEFAULT,30/06/2026 22:53:10 MEST
FR,KEEP,in master list,ARMENIA-20GB-30D,,,31.99,0,Active,AMAZON_EU,30/06/2026 23:03:43 MEST
FR,KEEP,in master list,ARMENIA-3GB-15D,,,9.99,0,Active,AMAZON_EU,30/06/2026 23:00:12 MEST
FR,KEEP-PARENT,variation parent in Google Sheet,ARMENIA-ESIM,,,,0,Incomplete,DEFAULT,30/06/2026 23:00:08 MEST
FR,KEEP,in master list,ASIA-20-3GB-15D,,,12.99,0,Inactive,AMAZON_EU,30/06/2026 23:06:49 MEST
FR,KEEP,in master list,ASIA-20-5GB-30D,,,13.99,0,Inactive,AMAZON_EU,30/06/2026 23:10:53 MEST
FR,KEEP-PARENT,variation parent in Google Sheet,ASIA-20-ESIM,,,,0,Incomplete,DEFAULT,30/06/2026 23:06:46 MEST
FR,KEEP,in master list,AUSTRALIA-20GB-30D,,,15.99,0,Active,AMAZON_EU,30/06/2026 23:22:29 MEST
FR,KEEP,in master list,AUSTRALIA-3GB-15D,,,8.99,0,Active,AMAZON_EU,30/06/2026 23:14:43 MEST
FR,KEEP,in master list,AUSTRALIA-5GB-30D,,,9.99,0,Active,AMAZON_EU,30/06/2026 23:18:48 MEST
FR,KEEP,in master list,AUSTRIA-20GB-30D,,,15.99,0,Active,AMAZON_EU,30/06/2026 23:32:17 MEST
FR,KEEP,in master list,AUSTRIA-3GB-15D,,,8.99,0,Active,AMAZON_EU,30/06/2026 23:26:10 MEST
FR,KEEP,in master list,AUSTRIA-5GB-30D,,,9.99,0,Active,AMAZON_EU,30/06/2026 23:29:31 MEST
FR,KEEP-PARENT,variation parent in Google Sheet,AUSTRIA-ESIM,,,,0,Incomplete,DEFAULT,30/06/2026 23:26:06 MEST
FR,KEEP,in master list,AZERBAIJAN-3GB-15D,,,12.99,0,Active,AMAZON_EU,30/06/2026 23:35:56 MEST
FR,KEEP-PARENT,variation parent in Google Sheet,AZERBAIJAN-ESIM,,,,0,Incomplete,DEFAULT,30/06/2026 23:35:52 MEST
FR,KEEP,in master list,BAHAMAS-20GB-30D,,,121.99,0,Active,AMAZON_EU,30/06/2026 14:47:47 MEST
FR,KEEP,in master list,BAHAMAS-3GB-15D,,,32.99,0,Active,AMAZON_EU,30/06/2026 14:40:58 MEST
FR,KEEP,in master list,BAHAMAS-5GB-30D,,,43.99,0,Active,AMAZON_EU,30/06/2026 14:44:40 MEST
FR,KEEP-PARENT,variation parent in Google Sheet,BAHAMAS-ESIM,,,,0,Incomplete,DEFAULT,30/06/2026 14:40:55 MEST
FR,KEEP,in master list,BAHRAIN-3GB-15D,,,10.99,0,Active,AMAZON_EU,30/06/2026 23:39:48 MEST
FR,KEEP-PARENT,variation parent in Google Sheet,BAHRAIN-ESIM,,,,0,Incomplete,DEFAULT,30/06/2026 23:39:45 MEST
FR,KEEP,in master list,BANGLADESH-20GB-30D,,,23.99,0,Active,AMAZON_EU,30/06/2026 23:50:50 MEST
FR,KEEP,in master list,BANGLADESH-3GB-15D,,,9.99,0,Active,AMAZON_EU,30/06/2026 23:43:40 MEST
FR,KEEP,in master list,BANGLADESH-5GB-30D,,,10.99,0,Active,AMAZON_EU,30/06/2026 23:47:22 MEST
FR,KEEP-PARENT,variation parent in Google Sheet,BANGLADESH-ESIM,,,,0,Incomplete,DEFAULT,30/06/2026 23:43:37 MEST
FR,KEEP,in master list,BARBADOS-20GB-30D,,,85.99,0,Active,AMAZON_EU,30/06/2026 14:58:24 MEST
FR,KEEP,in master list,BARBADOS-3GB-15D,,,23.99,0,Active,AMAZON_EU,30/06/2026 14:51:25 MEST
FR,KEEP,in master list,BARBADOS-5GB-30D,,,31.99,0,Active,AMAZON_EU,30/06/2026 14:55:18 MEST
FR,KEEP-PARENT,variation parent in Google Sheet,BARBADOS-ESIM,,,,0,Incomplete,DEFAULT,30/06/2026 14:51:22 MEST
FR,KEEP,in master list,BELARUS-3GB-15D,,,9.99,0,Active,AMAZON_EU,30/06/2026 23:53:26 MEST
FR,KEEP,in master list,BELARUS-5GB-30D,,,11.99,0,Active,AMAZON_EU,30/06/2026 23:56:36 MEST
FR,KEEP-PARENT,variation parent in Google Sheet,BELARUS-ESIM,,,,0,Incomplete,DEFAULT,30/06/2026 23:53:22 MEST
FR,KEEP,in master list,BELGIUM-20GB-30D,,,15.99,0,Active,AMAZON_EU,01/07/2026 00:07:29 MEST
FR,KEEP,in master list,BELGIUM-3GB-15D,,,8.99,0,Active,AMAZON_EU,30/06/2026 23:59:43 MEST
FR,KEEP,in master list,BELGIUM-5GB-30D,,,9.99,0,Active,AMAZON_EU,01/07/2026 00:03:48 MEST
FR,KEEP-PARENT,variation parent in Google Sheet,BELGIUM-ESIM,,,,0,Incomplete,DEFAULT,30/06/2026 23:59:39 MEST
FR,KEEP,in master list,BELIZE-20GB-30D,,,145.99,0,Active,AMAZON_EU,30/06/2026 15:08:31 MEST
FR,KEEP,in master list,BELIZE-3GB-15D,,,32.99,0,Active,AMAZON_EU,30/06/2026 15:01:42 MEST
FR,KEEP,in master list,BELIZE-5GB-30D,,,53.99,0,Active,AMAZON_EU,30/06/2026 15:05:15 MEST
FR,KEEP-PARENT,variation parent in Google Sheet,BELIZE-ESIM,,,,0,Incomplete,DEFAULT,30/06/2026 15:01:38 MEST
FR,KEEP,in master list,BENIN-20GB-30D,,,77.99,0,Active,AMAZON_EU,30/06/2026 15:18:28 MEST
FR,KEEP,in master list,BENIN-3GB-15D,,,18.99,0,Active,AMAZON_EU,30/06/2026 15:11:59 MEST
FR,KEEP,in master list,BENIN-5GB-30D,,,31.99,0,Active,AMAZON_EU,30/06/2026 15:15:42 MEST
FR,KEEP-PARENT,variation parent in Google Sheet,BENIN-ESIM,,,,0,Incomplete,DEFAULT,30/06/2026 15:11:55 MEST
FR,KEEP,in master list,BERMUDA-20GB-30D,,,101.99,0,Active,AMAZON_EU,30/06/2026 15:28:49 MEST
FR,KEEP,in master list,BERMUDA-3GB-15D,,,25.99,0,Active,AMAZON_EU,30/06/2026 15:21:40 MEST
FR,KEEP,in master list,BERMUDA-5GB-30D,,,33.99,0,Active,AMAZON_EU,30/06/2026 15:25:32 MEST
FR,KEEP-PARENT,variation parent in Google Sheet,BERMUDA-ESIM,,,,0,Incomplete,DEFAULT,30/06/2026 15:21:36 MEST
FR,KEEP,in master list,BHUTAN-20GB-30D,,,58.99,0,Active,AMAZON_EU,30/06/2026 15:39:58 MEST
FR,KEEP,in master list,BHUTAN-3GB-15D,,,17.99,0,Active,AMAZON_EU,30/06/2026 15:32:36 MEST
FR,KEEP,in master list,BHUTAN-5GB-30D,,,19.99,0,Active,AMAZON_EU,30/06/2026 15:36:39 MEST
FR,KEEP-PARENT,variation parent in Google Sheet,BHUTAN-ESIM,,,,0,Incomplete,DEFAULT,30/06/2026 15:32:33 MEST
FR,KEEP,in master list,BOLIVIA-20GB-30D,,,89.99,0,Active,AMAZON_EU,01/07/2026 00:14:39 MEST
FR,KEEP,in master list,BOLIVIA-3GB-15D,,,24.99,0,Active,AMAZON_EU,01/07/2026 00:11:09 MEST
FR,KEEP-PARENT,variation parent in Google Sheet,BOLIVIA-ESIM,,,,0,Incomplete,DEFAULT,01/07/2026 00:11:05 MEST
FR,KEEP,in master list,BOSNIA-AND-HERZEGOVINA-3GB-15D,,,11.99,0,Active,AMAZON_EU,01/07/2026 00:17:36 MEST
FR,KEEP-PARENT,variation parent in Google Sheet,BOSNIA-AND-HERZEGOVINA-ESIM,,,,0,Incomplete,DEFAULT,01/07/2026 00:17:33 MEST
FR,KEEP,in master list,BOTSWANA-3GB-15D,,,23.99,0,Active,AMAZON_EU,01/07/2026 00:21:07 MEST
FR,KEEP-PARENT,variation parent in Google Sheet,BOTSWANA-ESIM,,,,0,Incomplete,DEFAULT,01/07/2026 00:21:04 MEST
FR,KEEP,in master list,BRAZIL-20GB-30D,,,33.99,0,Active,AMAZON_EU,01/07/2026 00:27:58 MEST
FR,KEEP,in master list,BRAZIL-3GB-15D,,,10.99,0,Active,AMAZON_EU,01/07/2026 00:24:37 MEST
FR,KEEP-PARENT,variation parent in Google Sheet,BRAZIL-ESIM,,,,0,Incomplete,DEFAULT,01/07/2026 00:24:34 MEST
FR,KEEP,in master list,BRUNEI-DARUSSALAM-20GB-30D,,,66.99,0,Active,AMAZON_EU,01/07/2026 00:33:55 MEST
FR,KEEP,in master list,BRUNEI-DARUSSALAM-3GB-15D,,,13.99,0,Active,AMAZON_EU,01/07/2026 00:30:55 MEST
FR,KEEP-PARENT,variation parent in Google Sheet,BRUNEI-DARUSSALAM-ESIM,,,,0,Incomplete,DEFAULT,01/07/2026 00:30:52 MEST
FR,KEEP,in master list,BULGARIA-3GB-15D,,,8.99,0,Active,AMAZON_EU,30/06/2026 13:10:14 MEST
FR,KEEP-PARENT,variation parent in Google Sheet,BULGARIA-ESIM,,,,0,Incomplete,DEFAULT,30/06/2026 13:10:10 MEST
FR,KEEP,in master list,BURKINA-FASO-3GB-15D,,,12.99,0,Active,AMAZON_EU,01/07/2026 00:36:41 MEST
FR,KEEP,in master list,BURKINA-FASO-5GB-30D,,,29.99,0,Active,AMAZON_EU,01/07/2026 00:40:11 MEST
FR,KEEP-PARENT,variation parent in Google Sheet,BURKINA-FASO-ESIM,,,,0,Incomplete,DEFAULT,01/07/2026 00:36:38 MEST
FR,KEEP,in master list,CAMBODIA-20GB-30D,,,26.99,0,Active,AMAZON_EU,01/07/2026 01:23:10 MEST
FR,KEEP,in master list,CAMBODIA-3GB-15D,,,9.99,0,Active,AMAZON_EU,01/07/2026 01:19:39 MEST
FR,KEEP-PARENT,variation parent in Google Sheet,CAMBODIA-ESIM,,,,0,Incomplete,DEFAULT,01/07/2026 01:19:36 MEST
FR,KEEP,in master list,CAMEROON-3GB-15D,,,21.99,0,Active,AMAZON_EU,01/07/2026 00:43:17 MEST
FR,KEEP-PARENT,variation parent in Google Sheet,CAMEROON-ESIM,,,,0,Incomplete,DEFAULT,01/07/2026 00:43:14 MEST
FR,KEEP,in master list,CANADA-PREMIUM-20GB-30D,,,29.99,0,Active,AMAZON_EU,30/06/2026 22:32:30 MEST
FR,KEEP,in master list,CANADA-PREMIUM-3GB-15D,,,10.99,0,Active,AMAZON_EU,30/06/2026 22:26:13 MEST
FR,KEEP,in master list,CANADA-PREMIUM-5GB-30D,,,15.99,0,Active,AMAZON_EU,30/06/2026 22:29:33 MEST
FR,KEEP-PARENT,variation parent in Google Sheet,CANADA-PREMIUM-ESIM,,,,0,Incomplete,DEFAULT,30/06/2026 22:26:09 MEST
FR,KEEP,in master list,CAPE-VERDE-20GB-30D,,,163.99,0,Active,AMAZON_EU,30/06/2026 15:50:45 MEST
FR,KEEP,in master list,CAPE-VERDE-3GB-15D,,,32.99,0,Active,AMAZON_EU,30/06/2026 15:43:25 MEST
FR,KEEP,in master list,CAPE-VERDE-5GB-30D,,,54.99,0,Active,AMAZON_EU,30/06/2026 15:47:18 MEST
FR,KEEP-PARENT,variation parent in Google Sheet,CAPE-VERDE-ESIM,,,,0,Incomplete,DEFAULT,30/06/2026 15:43:22 MEST
FR,KEEP,in master list,CAYMAN-ISLANDS-20GB-30D,,,95.99,0,Active,AMAZON_EU,30/06/2026 16:01:02 MEST
FR,KEEP,in master list,CAYMAN-ISLANDS-3GB-15D,,,26.99,0,Active,AMAZON_EU,30/06/2026 15:54:23 MEST
FR,KEEP,in master list,CAYMAN-ISLANDS-5GB-30D,,,35.99,0,Active,AMAZON_EU,30/06/2026 15:57:45 MEST
FR,KEEP-PARENT,variation parent in Google Sheet,CAYMAN-ISLANDS-ESIM,,,,0,Incomplete,DEFAULT,30/06/2026 15:54:20 MEST
FR,KEEP,in master list,CENTRAL-AFRICAN-REPUBLIC-3GB-15D,,,21.99,0,Active,AMAZON_EU,01/07/2026 00:46:58 MEST
FR,KEEP,in master list,CENTRAL-AFRICAN-REPUBLIC-5GB-30D,,,33.99,0,Active,AMAZON_EU,01/07/2026 00:50:49 MEST
FR,KEEP-PARENT,variation parent in Google Sheet,CENTRAL-AFRICAN-REPUBLIC-ESIM,,,,0,Incomplete,DEFAULT,01/07/2026 00:46:54 MEST
FR,KEEP,in master list,CHAD-3GB-15D,,,17.99,0,Active,AMAZON_EU,01/07/2026 00:53:34 MEST
FR,KEEP,in master list,CHAD-5GB-30D,,,28.99,0,Active,AMAZON_EU,01/07/2026 00:57:05 MEST
FR,KEEP-PARENT,variation parent in Google Sheet,CHAD-ESIM,,,,0,Incomplete,DEFAULT,01/07/2026 00:53:31 MEST
FR,KEEP,in master list,CHILE-3GB-15D,,,14.99,0,Inactive,AMAZON_EU,01/07/2026 01:00:11 MEST
FR,KEEP-PARENT,variation parent in Google Sheet,CHILE-ESIM,,,,0,Incomplete,DEFAULT,01/07/2026 01:00:08 MEST
FR,KEEP,in master list,CHINA-20GB-30D,,,18.99,0,Inactive,AMAZON_EU,01/07/2026 01:11:59 MEST
FR,KEEP,in master list,CHINA-3GB-15D,,,8.99,0,Active,AMAZON_EU,01/07/2026 01:04:15 MEST
FR,KEEP,in master list,CHINA-5GB-30D,,,9.99,0,Active,AMAZON_EU,01/07/2026 01:08:20 MEST
FR,KEEP-PARENT,variation parent in Google Sheet,CHINA-ESIM,,,,0,Incomplete,DEFAULT,01/07/2026 01:04:11 MEST
FR,KEEP,in master list,COLOMBIA-3GB-15D,,,14.99,0,Active,AMAZON_EU,01/07/2026 01:15:38 MEST
FR,KEEP-PARENT,variation parent in Google Sheet,COLOMBIA-ESIM,,,,0,Incomplete,DEFAULT,01/07/2026 01:15:35 MEST
FR,KEEP,in master list,COSTA-RICA-3GB-15D,,,15.99,0,Active,AMAZON_EU,01/07/2026 01:26:38 MEST
FR,KEEP-PARENT,variation parent in Google Sheet,COSTA-RICA-ESIM,,,,0,Incomplete,DEFAULT,01/07/2026 01:26:34 MEST
FR,KEEP,in master list,COTE-D-IVOIRE-3GB-15D,,,24.99,0,Active,AMAZON_EU,01/07/2026 01:29:58 MEST
FR,KEEP,in master list,COTE-D-IVOIRE-5GB-30D,,,31.99,0,Active,AMAZON_EU,01/07/2026 01:33:49 MEST
FR,KEEP-PARENT,variation parent in Google Sheet,COTE-D-IVOIRE-ESIM,,,,0,Incomplete,DEFAULT,01/07/2026 01:29:54 MEST
FR,KEEP,in master list,CROATIA-20GB-30D,,,17.99,0,Active,AMAZON_EU,01/07/2026 01:43:44 MEST
FR,KEEP,in master list,CROATIA-3GB-15D,,,8.99,0,Active,AMAZON_EU,01/07/2026 01:37:37 MEST
FR,KEEP,in master list,CROATIA-5GB-30D,,,9.99,0,Active,AMAZON_EU,01/07/2026 01:41:20 MEST
FR,KEEP-PARENT,variation parent in Google Sheet,CROATIA-ESIM,,,,0,Incomplete,DEFAULT,01/07/2026 01:37:34 MEST
FR,KEEP,in master list,CURACAO-20GB-30D,,,79.99,0,Active,AMAZON_EU,30/06/2026 16:11:09 MEST
FR,KEEP,in master list,CURACAO-3GB-15D,,,22.99,0,Active,AMAZON_EU,30/06/2026 16:04:19 MEST
FR,KEEP,in master list,CURACAO-5GB-30D,,,29.99,0,Active,AMAZON_EU,30/06/2026 16:08:13 MEST
FR,KEEP-PARENT,variation parent in Google Sheet,CURACAO-ESIM,,,,0,Incomplete,DEFAULT,30/06/2026 16:04:16 MEST
FR,KEEP,in master list,CYPRUS-3GB-15D,,,8.99,0,Active,AMAZON_EU,01/07/2026 01:46:50 MEST
FR,KEEP,in master list,CYPRUS-5GB-30D,,,9.99,0,Active,AMAZON_EU,01/07/2026 01:50:10 MEST
FR,KEEP-PARENT,variation parent in Google Sheet,CYPRUS-ESIM,,,,0,Incomplete,DEFAULT,01/07/2026 01:46:47 MEST
FR,KEEP,in master list,CZECH-REPUBLIC-20GB-30D,,,17.99,0,Active,AMAZON_EU,01/07/2026 02:00:16 MEST
FR,KEEP,in master list,CZECH-REPUBLIC-3GB-15D,,,8.99,0,Active,AMAZON_EU,01/07/2026 01:53:27 MEST
FR,KEEP,in master list,CZECH-REPUBLIC-5GB-30D,,,9.99,0,Active,AMAZON_EU,01/07/2026 01:57:09 MEST
FR,KEEP-PARENT,variation parent in Google Sheet,CZECH-REPUBLIC-ESIM,,,,0,Incomplete,DEFAULT,01/07/2026 01:53:23 MEST
FR,KEEP,in master list,DEMOCRATIC-REPUBLIC-OF-THE-CONGO-3GB-15D,,,14.99,0,Active,AMAZON_EU,30/06/2026 16:14:47 MEST
FR,KEEP,in master list,DEMOCRATIC-REPUBLIC-OF-THE-CONGO-5GB-30D,,,22.99,0,Active,AMAZON_EU,30/06/2026 16:18:30 MEST
FR,KEEP-PARENT,variation parent in Google Sheet,DEMOCRATIC-REPUBLIC-OF-THE-CONGO-ESIM,,,,0,Incomplete,DEFAULT,30/06/2026 16:14:43 MEST
FR,KEEP,in master list,DENMARK-20GB-30D,,,15.99,0,Active,AMAZON_EU,01/07/2026 02:10:00 MEST
FR,KEEP,in master list,DENMARK-3GB-15D,,,8.99,0,Active,AMAZON_EU,01/07/2026 02:03:02 MEST
FR,KEEP,in master list,DENMARK-5GB-30D,,,9.99,0,Active,AMAZON_EU,01/07/2026 02:06:54 MEST
FR,KEEP-PARENT,variation parent in Google Sheet,DENMARK-ESIM,,,,0,Incomplete,DEFAULT,01/07/2026 02:02:58 MEST
FR,KEEP,in master list,DOMINICA-20GB-30D,,,87.99,0,Active,AMAZON_EU,30/06/2026 16:31:58 MEST
FR,KEEP,in master list,DOMINICA-3GB-15D,,,24.99,0,Active,AMAZON_EU,30/06/2026 16:25:30 MEST
FR,KEEP,in master list,DOMINICA-5GB-30D,,,32.99,0,Active,AMAZON_EU,30/06/2026 16:29:01 MEST
FR,KEEP-PARENT,variation parent in Google Sheet,DOMINICA-ESIM,,,,0,Incomplete,DEFAULT,30/06/2026 16:25:26 MEST
FR,KEEP,in master list,DOMINICAN-REPUBLIC-20GB-30D,,,39.99,0,Active,AMAZON_EU,01/07/2026 02:19:12 MEST
FR,KEEP,in master list,DOMINICAN-REPUBLIC-3GB-15D,,,12.99,0,Active,AMAZON_EU,01/07/2026 02:13:06 MEST
FR,KEEP,in master list,DOMINICAN-REPUBLIC-5GB-30D,,,15.99,0,Active,AMAZON_EU,01/07/2026 02:16:27 MEST
FR,KEEP-PARENT,variation parent in Google Sheet,DOMINICAN-REPUBLIC-ESIM,,,,0,Incomplete,DEFAULT,01/07/2026 02:13:03 MEST
FR,KEEP-PARENT,variation parent in Google Sheet,DR-CONGO-ESIM,,,,0,Incomplete,DEFAULT,30/06/2026 16:21:44 MEST
FR,KEEP,in master list,DRC-20GB-30D,,,59.99,0,Active,AMAZON_EU,30/06/2026 16:21:47 MEST
FR,KEEP,in master list,ECUADOR-3GB-15D,,,14.99,0,Active,AMAZON_EU,01/07/2026 02:22:08 MEST
FR,KEEP-PARENT,variation parent in Google Sheet,ECUADOR-ESIM,,,,0,Incomplete,DEFAULT,01/07/2026 02:22:05 MEST
FR,KEEP,in master list,EGYPT-20GB-30D,,,29.99,0,Active,AMAZON_EU,01/07/2026 02:32:09 MEST
FR,KEEP,in master list,EGYPT-3GB-15D,,,10.99,0,Active,AMAZON_EU,01/07/2026 02:25:50 MEST
FR,KEEP,in master list,EGYPT-5GB-30D,,,15.99,0,Active,AMAZON_EU,01/07/2026 02:29:44 MEST
FR,KEEP-PARENT,variation parent in Google Sheet,EGYPT-ESIM,,,,0,Incomplete,DEFAULT,01/07/2026 02:25:46 MEST
FR,KEEP,in master list,EL-SALVADOR-3GB-15D,,,17.99,0,Active,AMAZON_EU,01/07/2026 02:35:48 MEST
FR,KEEP-PARENT,variation parent in Google Sheet,EL-SALVADOR-ESIM,,,,0,Incomplete,DEFAULT,01/07/2026 02:35:45 MEST
FR,KEEP,in master list,ESTONIA-20GB-30D,,,15.99,0,Active,AMAZON_EU,01/07/2026 02:45:37 MEST
FR,KEEP,in master list,ESTONIA-3GB-15D,,,8.99,0,Active,AMAZON_EU,01/07/2026 02:39:30 MEST
FR,KEEP,in master list,ESTONIA-5GB-30D,,,9.99,0,Active,AMAZON_EU,01/07/2026 02:42:52 MEST
FR,KEEP-PARENT,variation parent in Google Sheet,ESTONIA-ESIM,,,,0,Incomplete,DEFAULT,01/07/2026 02:39:26 MEST
FR,KEEP,in master list,EUROPE-40-AREAS-20GB-30D,,,19.99,0,Inactive,AMAZON_EU,01/07/2026 02:51:34 MEST
FR,KEEP,in master list,EUROPE-40-AREAS-5GB-30D,,,9.99,0,Active,AMAZON_EU,01/07/2026 02:48:02 MEST
FR,KEEP-PARENT,variation parent in Google Sheet,EUROPE-40-AREAS-ESIM,,,,0,Incomplete,DEFAULT,01/07/2026 02:47:59 MEST
FR,KEEP,in master list,FAROE-ISLANDS-20GB-30D,,,29.99,0,Active,AMAZON_EU,30/06/2026 16:42:05 MEST
FR,KEEP,in master list,FAROE-ISLANDS-3GB-15D,,,9.99,0,Active,AMAZON_EU,30/06/2026 16:35:26 MEST
FR,KEEP,in master list,FAROE-ISLANDS-5GB-30D,,,11.99,0,Active,AMAZON_EU,30/06/2026 16:38:48 MEST
FR,KEEP-PARENT,variation parent in Google Sheet,FAROE-ISLANDS-ESIM,,,,0,Incomplete,DEFAULT,30/06/2026 16:35:22 MEST
FR,KEEP,in master list,FIJI-20GB-30D,,,40.99,0,Active,AMAZON_EU,30/06/2026 16:51:10 MEST
FR,KEEP,in master list,FIJI-3GB-15D,,,12.99,0,Active,AMAZON_EU,30/06/2026 16:45:03 MEST
FR,KEEP,in master list,FIJI-5GB-30D,,,14.99,0,Active,AMAZON_EU,30/06/2026 16:48:24 MEST
FR,KEEP-PARENT,variation parent in Google Sheet,FIJI-ESIM,,,,0,Incomplete,DEFAULT,30/06/2026 16:44:59 MEST
FR,KEEP,in master list,FINLAND-3GB-15D,,,8.99,0,Active,AMAZON_EU,01/07/2026 02:54:41 MEST
FR,KEEP,in master list,FINLAND-5GB-30D,,,9.99,0,Active,AMAZON_EU,01/07/2026 02:58:22 MEST
FR,KEEP-PARENT,variation parent in Google Sheet,FINLAND-ESIM,,,,0,Incomplete,DEFAULT,01/07/2026 02:54:38 MEST
FR,KEEP,in master list,FRANCE-20GB-30D,,,15.99,0,Active,AMAZON_EU,01/07/2026 03:09:24 MEST
FR,KEEP,in master list,FRANCE-3GB-15D,,,8.99,0,Active,AMAZON_EU,01/07/2026 03:01:40 MEST
FR,KEEP,in master list,FRANCE-5GB-30D,,,9.99,0,Active,AMAZON_EU,01/07/2026 03:05:44 MEST
FR,KEEP-PARENT,variation parent in Google Sheet,FRANCE-ESIM,,,,0,Incomplete,DEFAULT,01/07/2026 03:01:36 MEST
FR,KEEP,in master list,FRENCH-GUIANA-20GB-30D,,,17.99,0,Active,AMAZON_EU,30/06/2026 17:00:36 MEST
FR,KEEP,in master list,FRENCH-GUIANA-3GB-15D,,,8.99,0,Active,AMAZON_EU,30/06/2026 16:54:06 MEST
FR,KEEP,in master list,FRENCH-GUIANA-5GB-30D,,,9.99,0,Active,AMAZON_EU,30/06/2026 16:57:29 MEST
FR,KEEP-PARENT,variation parent in Google Sheet,FRENCH-GUIANA-ESIM,,,,0,Incomplete,DEFAULT,30/06/2026 16:54:03 MEST
FR,KEEP,in master list,FRENCH-POLYNESIA-20GB-30D,,,242.99,0,Active,AMAZON_EU,30/06/2026 17:10:01 MEST
FR,KEEP,in master list,FRENCH-POLYNESIA-3GB-15D,,,47.99,0,Active,AMAZON_EU,30/06/2026 17:03:44 MEST
FR,KEEP,in master list,FRENCH-POLYNESIA-5GB-30D,,,66.99,0,Active,AMAZON_EU,30/06/2026 17:07:05 MEST
FR,KEEP-PARENT,variation parent in Google Sheet,FRENCH-POLYNESIA-ESIM,,,,0,Incomplete,DEFAULT,30/06/2026 17:03:40 MEST
FR,KEEP,in master list,GABON-3GB-15D,,,17.99,0,Active,AMAZON_EU,01/07/2026 03:13:04 MEST
FR,KEEP-PARENT,variation parent in Google Sheet,GABON-ESIM,,,,0,Incomplete,DEFAULT,01/07/2026 03:13:00 MEST
FR,KEEP,in master list,GAMBIA-3GB-15D,,,35.99,0,Active,AMAZON_EU,01/07/2026 16:11:51 MEST
FR,KEEP,in master list,GAMBIA-5GB-30D,,,57.99,0,Active,AMAZON_EU,01/07/2026 16:15:56 MEST
FR,KEEP-PARENT,variation parent in Google Sheet,GAMBIA-ESIM,,,,0,Incomplete,DEFAULT,01/07/2026 16:11:47 MEST
FR,KEEP,in master list,GEORGIA-20GB-30D,,,25.99,0,Active,AMAZON_EU,01/07/2026 03:20:06 MEST
FR,KEEP,in master list,GEORGIA-3GB-15D,,,9.99,0,Active,AMAZON_EU,01/07/2026 03:16:35 MEST
FR,KEEP-PARENT,variation parent in Google Sheet,GEORGIA-ESIM,,,,0,Incomplete,DEFAULT,01/07/2026 03:16:31 MEST
FR,KEEP,in master list,GERMANY-20GB-30D,,,15.99,0,Active,AMAZON_EU,01/07/2026 03:31:17 MEST
FR,KEEP,in master list,GERMANY-3GB-15D,,,8.99,0,Active,AMAZON_EU,01/07/2026 03:23:32 MEST
FR,KEEP,in master list,GERMANY-5GB-30D,,,9.99,0,Active,AMAZON_EU,01/07/2026 03:27:37 MEST
FR,KEEP-PARENT,variation parent in Google Sheet,GERMANY-ESIM,,,,0,Incomplete,DEFAULT,01/07/2026 03:23:29 MEST
FR,KEEP,in master list,GHANA-20GB-30D,,,40.99,0,Active,AMAZON_EU,30/06/2026 17:19:56 MEST
FR,KEEP,in master list,GHANA-3GB-15D,,,12.99,0,Active,AMAZON_EU,30/06/2026 17:13:39 MEST
FR,KEEP,in master list,GHANA-5GB-30D,,,14.99,0,Active,AMAZON_EU,30/06/2026 17:17:09 MEST
FR,KEEP-PARENT,variation parent in Google Sheet,GHANA-ESIM,,,,0,Incomplete,DEFAULT,30/06/2026 17:13:35 MEST
FR,KEEP,in master list,GIBRALTAR-3GB-15D,,,8.99,0,Active,AMAZON_EU,01/07/2026 03:34:56 MEST
FR,KEEP-PARENT,variation parent in Google Sheet,GIBRALTAR-ESIM,,,,0,Incomplete,DEFAULT,01/07/2026 03:34:52 MEST
FR,KEEP,in master list,GLOBAL139-5GB-30D,,,42.99,0,Inactive,AMAZON_EU,01/07/2026 03:38:27 MEST
FR,KEEP-PARENT,variation parent in Google Sheet,GLOBAL139-ESIM,,,,0,Incomplete,DEFAULT,01/07/2026 03:38:23 MEST
FR,KEEP,in master list,GREECE-20GB-30D,,,17.99,0,Active,AMAZON_EU,01/07/2026 03:50:15 MEST
FR,KEEP,in master list,GREECE-3GB-15D,,,8.99,0,Active,AMAZON_EU,01/07/2026 03:42:29 MEST
FR,KEEP,in master list,GREECE-5GB-30D,,,9.99,0,Active,AMAZON_EU,01/07/2026 03:46:36 MEST
FR,KEEP-PARENT,variation parent in Google Sheet,GREECE-ESIM,,,,0,Incomplete,DEFAULT,01/07/2026 03:42:26 MEST
FR,KEEP,in master list,GREENLAND-20GB-30D,,,113.99,0,Active,AMAZON_EU,30/06/2026 17:29:51 MEST
FR,KEEP,in master list,GREENLAND-3GB-15D,,,28.99,0,Active,AMAZON_EU,30/06/2026 17:23:23 MEST
FR,KEEP,in master list,GREENLAND-5GB-30D,,,37.99,0,Active,AMAZON_EU,30/06/2026 17:26:45 MEST
FR,KEEP-PARENT,variation parent in Google Sheet,GREENLAND-ESIM,,,,0,Incomplete,DEFAULT,30/06/2026 17:23:20 MEST
FR,KEEP,in master list,GRENADA-20GB-30D,,,103.99,0,Active,AMAZON_EU,30/06/2026 17:40:07 MEST
FR,KEEP,in master list,GRENADA-3GB-15D,,,29.99,0,Active,AMAZON_EU,30/06/2026 17:33:29 MEST
FR,KEEP,in master list,GRENADA-5GB-30D,,,38.99,0,Active,AMAZON_EU,30/06/2026 17:36:50 MEST
FR,KEEP-PARENT,variation parent in Google Sheet,GRENADA-ESIM,,,,0,Incomplete,DEFAULT,30/06/2026 17:33:26 MEST
FR,KEEP,in master list,GUADELOUPE-20GB-30D,,,17.99,0,Active,AMAZON_EU,01/07/2026 03:57:37 MEST
FR,KEEP,in master list,GUADELOUPE-3GB-15D,,,8.99,0,Active,AMAZON_EU,01/07/2026 03:54:06 MEST
FR,KEEP-PARENT,variation parent in Google Sheet,GUADELOUPE-ESIM,,,,0,Incomplete,DEFAULT,01/07/2026 03:54:02 MEST
FR,KEEP,in master list,GUAM-20GB-30D,,,58.99,0,Active,AMAZON_EU,01/07/2026 04:07:31 MEST
FR,KEEP,in master list,GUAM-3GB-15D,,,17.99,0,Active,AMAZON_EU,01/07/2026 04:00:53 MEST
FR,KEEP,in master list,GUAM-5GB-30D,,,19.99,0,Active,AMAZON_EU,01/07/2026 04:04:15 MEST
FR,KEEP-PARENT,variation parent in Google Sheet,GUAM-ESIM,,,,0,Incomplete,DEFAULT,01/07/2026 04:00:50 MEST
FR,KEEP,in master list,GUATEMALA-3GB-15D,,,16.99,0,Active,AMAZON_EU,01/07/2026 04:11:09 MEST
FR,KEEP-PARENT,variation parent in Google Sheet,GUATEMALA-ESIM,,,,0,Incomplete,DEFAULT,01/07/2026 04:11:06 MEST
FR,KEEP,in master list,GUERNSEY-20GB-30D,,,47.99,0,Active,AMAZON_EU,01/07/2026 04:21:54 MEST
FR,KEEP,in master list,GUERNSEY-3GB-15D,,,14.99,0,Active,AMAZON_EU,01/07/2026 04:15:22 MEST
FR,KEEP,in master list,GUERNSEY-5GB-30D,,,21.99,0,Active,AMAZON_EU,01/07/2026 04:18:37 MEST
FR,KEEP-PARENT,variation parent in Google Sheet,GUERNSEY-ESIM,,,,0,Incomplete,DEFAULT,01/07/2026 04:15:18 MEST
FR,KEEP,in master list,GUINEA-20GB-30D,,,82.99,0,Active,AMAZON_EU,30/06/2026 17:49:51 MEST
FR,KEEP,in master list,GUINEA-3GB-15D,,,20.99,0,Active,AMAZON_EU,30/06/2026 17:43:35 MEST
FR,KEEP,in master list,GUINEA-5GB-30D,,,33.99,0,Active,AMAZON_EU,30/06/2026 17:47:17 MEST
FR,KEEP,in master list,GUINEA-BISSAU-20GB-30D,,,81.99,0,Active,AMAZON_EU,30/06/2026 17:59:14 MEST
FR,KEEP,in master list,GUINEA-BISSAU-3GB-15D,,,20.99,0,Active,AMAZON_EU,30/06/2026 17:52:48 MEST
FR,KEEP,in master list,GUINEA-BISSAU-5GB-30D,,,33.99,0,Active,AMAZON_EU,30/06/2026 17:55:48 MEST
FR,KEEP-PARENT,variation parent in Google Sheet,GUINEA-BISSAU-ESIM,,,,0,Incomplete,DEFAULT,30/06/2026 17:52:44 MEST
FR,KEEP-PARENT,variation parent in Google Sheet,GUINEA-ESIM,,,,0,Incomplete,DEFAULT,30/06/2026 17:43:32 MEST
FR,KEEP,in master list,GUYANA-20GB-30D,,,91.99,0,Active,AMAZON_EU,30/06/2026 18:09:18 MEST
FR,KEEP,in master list,GUYANA-3GB-15D,,,20.99,0,Active,AMAZON_EU,30/06/2026 18:02:40 MEST
FR,KEEP,in master list,GUYANA-5GB-30D,,,32.99,0,Active,AMAZON_EU,30/06/2026 18:06:11 MEST
FR,KEEP-PARENT,variation parent in Google Sheet,GUYANA-ESIM,,,,0,Incomplete,DEFAULT,30/06/2026 18:02:37 MEST
FR,KEEP,in master list,HAITI-20GB-30D,,,149.99,0,Active,AMAZON_EU,30/06/2026 18:19:24 MEST
FR,KEEP,in master list,HAITI-3GB-15D,,,30.99,0,Active,AMAZON_EU,30/06/2026 18:12:25 MEST
FR,KEEP,in master list,HAITI-5GB-30D,,,48.99,0,Active,AMAZON_EU,30/06/2026 18:16:18 MEST
FR,KEEP-PARENT,variation parent in Google Sheet,HAITI-ESIM,,,,0,Incomplete,DEFAULT,30/06/2026 18:12:22 MEST
FR,KEEP,in master list,HONDURAS-3GB-15D,,,14.99,0,Active,AMAZON_EU,01/07/2026 04:25:32 MEST
FR,KEEP-PARENT,variation parent in Google Sheet,HONDURAS-ESIM,,,,0,Incomplete,DEFAULT,01/07/2026 04:25:28 MEST
FR,KEEP,in master list,HONG-KONG-20GB-30D,,,15.99,0,Active,AMAZON_EU,01/07/2026 04:37:17 MEST
FR,KEEP,in master list,HONG-KONG-3GB-15D,,,8.99,0,Active,AMAZON_EU,01/07/2026 04:29:34 MEST
FR,KEEP,in master list,HONG-KONG-5GB-30D,,,9.99,0,Active,AMAZON_EU,01/07/2026 04:33:37 MEST
FR,KEEP-PARENT,variation parent in Google Sheet,HONG-KONG-ESIM,,,,0,Incomplete,DEFAULT,01/07/2026 04:29:31 MEST
FR,KEEP,in master list,HUNGARY-20GB-30D,,,15.99,0,Active,AMAZON_EU,01/07/2026 04:47:02 MEST
FR,KEEP,in master list,HUNGARY-3GB-15D,,,8.99,0,Active,AMAZON_EU,01/07/2026 04:39:55 MEST
FR,KEEP,in master list,HUNGARY-5GB-30D,,,9.99,0,Active,AMAZON_EU,01/07/2026 04:43:46 MEST
FR,KEEP-PARENT,variation parent in Google Sheet,HUNGARY-ESIM,,,,0,Incomplete,DEFAULT,01/07/2026 04:39:51 MEST
FR,KEEP,in master list,ICELAND-20GB-30D,,,17.99,0,Active,AMAZON_EU,01/07/2026 04:57:17 MEST
FR,KEEP,in master list,ICELAND-3GB-15D,,,8.99,0,Active,AMAZON_EU,01/07/2026 04:50:19 MEST
FR,KEEP,in master list,ICELAND-5GB-30D,,,9.99,0,Active,AMAZON_EU,01/07/2026 04:53:49 MEST
FR,KEEP-PARENT,variation parent in Google Sheet,ICELAND-ESIM,,,,0,Incomplete,DEFAULT,01/07/2026 04:50:15 MEST
FR,KEEP,in master list,INDIA-20GB-30D,,,42.99,0,Active,AMAZON_EU,01/07/2026 05:08:21 MEST
FR,KEEP,in master list,INDIA-3GB-15D,,,14.99,0,Active,AMAZON_EU,01/07/2026 05:00:34 MEST
FR,KEEP,in master list,INDIA-5GB-30D,,,15.99,0,Active,AMAZON_EU,01/07/2026 05:04:40 MEST
FR,KEEP-PARENT,variation parent in Google Sheet,INDIA-ESIM,,,,0,Incomplete,DEFAULT,01/07/2026 05:00:30 MEST
FR,KEEP,in master list,INDONESIA-20GB-30D,,,15.99,0,Active,AMAZON_EU,01/07/2026 05:19:59 MEST
FR,KEEP,in master list,INDONESIA-3GB-15D,,,8.99,0,Active,AMAZON_EU,01/07/2026 05:12:12 MEST
FR,KEEP,in master list,INDONESIA-5GB-30D,,,9.99,0,Active,AMAZON_EU,01/07/2026 05:16:18 MEST
FR,KEEP-PARENT,variation parent in Google Sheet,INDONESIA-ESIM,,,,0,Incomplete,DEFAULT,01/07/2026 05:12:09 MEST
FR,KEEP,in master list,IRAQ-20GB-30D,,,32.99,0,Inactive,AMAZON_EU,30/06/2026 18:28:38 MEST
FR,KEEP,in master list,IRAQ-3GB-15D,,,10.99,0,Active,AMAZON_EU,30/06/2026 18:22:22 MEST
FR,KEEP,in master list,IRAQ-5GB-30D,,,16.99,0,Inactive,AMAZON_EU,30/06/2026 18:25:52 MEST
FR,KEEP-PARENT,variation parent in Google Sheet,IRAQ-ESIM,,,,0,Incomplete,DEFAULT,30/06/2026 18:22:18 MEST
FR,KEEP,in master list,IRELAND-20GB-30D,,,17.99,0,Active,AMAZON_EU,01/07/2026 05:31:39 MEST
FR,KEEP,in master list,IRELAND-3GB-15D,,,8.99,0,Active,AMAZON_EU,01/07/2026 05:23:51 MEST
FR,KEEP,in master list,IRELAND-5GB-30D,,,9.99,0,Active,AMAZON_EU,01/07/2026 05:27:58 MEST
FR,KEEP-PARENT,variation parent in Google Sheet,IRELAND-ESIM,,,,0,Incomplete,DEFAULT,01/07/2026 05:23:47 MEST
FR,KEEP,in master list,ISLE-OF-MAN-20GB-30D,,,23.99,0,Active,AMAZON_EU,01/07/2026 05:42:39 MEST
FR,KEEP,in master list,ISLE-OF-MAN-3GB-15D,,,9.99,0,Active,AMAZON_EU,01/07/2026 05:35:30 MEST
FR,KEEP,in master list,ISLE-OF-MAN-5GB-30D,,,11.99,0,Active,AMAZON_EU,01/07/2026 05:39:11 MEST
FR,KEEP-PARENT,variation parent in Google Sheet,ISLE-OF-MAN-ESIM,,,,0,Incomplete,DEFAULT,01/07/2026 05:35:26 MEST
FR,KEEP,in master list,ISRAEL-20GB-30D,,,29.99,0,Active,AMAZON_EU,01/07/2026 05:53:05 MEST
FR,KEEP,in master list,ISRAEL-3GB-15D,,,9.99,0,Active,AMAZON_EU,01/07/2026 05:46:16 MEST
FR,KEEP,in master list,ISRAEL-5GB-30D,,,11.99,0,Active,AMAZON_EU,01/07/2026 05:50:08 MEST
FR,KEEP-PARENT,variation parent in Google Sheet,ISRAEL-ESIM,,,,0,Incomplete,DEFAULT,01/07/2026 05:46:13 MEST
FR,KEEP,in master list,ITALY-20GB-30D,,,15.99,0,Active,AMAZON_EU,01/07/2026 06:04:43 MEST
FR,KEEP,in master list,ITALY-3GB-15D,,,8.99,0,Active,AMAZON_EU,01/07/2026 05:56:54 MEST
FR,KEEP,in master list,ITALY-5GB-30D,,,9.99,0,Active,AMAZON_EU,01/07/2026 06:01:03 MEST
FR,KEEP-PARENT,variation parent in Google Sheet,ITALY-ESIM,,,,0,Incomplete,DEFAULT,01/07/2026 05:56:50 MEST
FR,KEEP,in master list,JAMAICA-20GB-30D,,,87.99,0,Active,AMAZON_EU,30/06/2026 18:38:32 MEST
FR,KEEP,in master list,JAMAICA-3GB-15D,,,24.99,0,Active,AMAZON_EU,30/06/2026 18:31:55 MEST
FR,KEEP,in master list,JAMAICA-5GB-30D,,,31.99,0,Active,AMAZON_EU,30/06/2026 18:35:26 MEST
FR,KEEP-PARENT,variation parent in Google Sheet,JAMAICA-ESIM,,,,0,Incomplete,DEFAULT,30/06/2026 18:31:52 MEST
FR,KEEP,in master list,JAPAN-20GB-30D,,,15.99,0,Active,AMAZON_EU,01/07/2026 06:16:19 MEST
FR,KEEP,in master list,JAPAN-3GB-15D,,,8.99,0,Active,AMAZON_EU,01/07/2026 06:08:34 MEST
FR,KEEP,in master list,JAPAN-5GB-30D,,,9.99,0,Active,AMAZON_EU,01/07/2026 06:12:39 MEST
FR,KEEP-PARENT,variation parent in Google Sheet,JAPAN-ESIM,,,,0,Incomplete,DEFAULT,01/07/2026 06:08:30 MEST
FR,KEEP,in master list,JERSEY-20GB-30D,,,15.99,0,Active,AMAZON_EU,01/07/2026 06:27:09 MEST
FR,KEEP,in master list,JERSEY-3GB-15D,,,8.99,0,Active,AMAZON_EU,01/07/2026 06:20:00 MEST
FR,KEEP,in master list,JERSEY-5GB-30D,,,9.99,0,Active,AMAZON_EU,01/07/2026 06:23:41 MEST
FR,KEEP-PARENT,variation parent in Google Sheet,JERSEY-ESIM,,,,0,Incomplete,DEFAULT,01/07/2026 06:19:56 MEST
FR,KEEP,in master list,JORDAN-20GB-30D,,,43.99,0,Active,AMAZON_EU,01/07/2026 06:37:57 MEST
FR,KEEP,in master list,JORDAN-3GB-15D,,,14.99,0,Active,AMAZON_EU,01/07/2026 06:30:38 MEST
FR,KEEP,in master list,JORDAN-5GB-30D,,,14.99,0,Active,AMAZON_EU,01/07/2026 06:34:30 MEST
FR,KEEP-PARENT,variation parent in Google Sheet,JORDAN-ESIM,,,,0,Incomplete,DEFAULT,01/07/2026 06:30:34 MEST
FR,KEEP,in master list,KAZAKHSTAN-20GB-30D,,,21.99,0,Active,AMAZON_EU,01/07/2026 06:47:31 MEST
FR,KEEP,in master list,KAZAKHSTAN-3GB-15D,,,8.99,0,Active,AMAZON_EU,01/07/2026 06:40:53 MEST
FR,KEEP,in master list,KAZAKHSTAN-5GB-30D,,,9.99,0,Active,AMAZON_EU,01/07/2026 06:44:24 MEST
FR,KEEP-PARENT,variation parent in Google Sheet,KAZAKHSTAN-ESIM,,,,0,Incomplete,DEFAULT,01/07/2026 06:40:50 MEST
FR,KEEP,in master list,KENYA-3GB-15D,,,14.99,0,Active,AMAZON_EU,01/07/2026 06:51:08 MEST
FR,KEEP,in master list,KENYA-5GB-30D,,,15.99,0,Active,AMAZON_EU,01/07/2026 06:55:14 MEST
FR,KEEP-PARENT,variation parent in Google Sheet,KENYA-ESIM,,,,0,Incomplete,DEFAULT,01/07/2026 06:51:05 MEST
FR,KEEP,in master list,KUWAIT-20GB-30D,,,29.99,0,Active,AMAZON_EU,01/07/2026 07:05:52 MEST
FR,KEEP,in master list,KUWAIT-3GB-15D,,,10.99,0,Active,AMAZON_EU,01/07/2026 06:58:54 MEST
FR,KEEP,in master list,KUWAIT-5GB-30D,,,16.99,0,Active,AMAZON_EU,01/07/2026 07:02:25 MEST
FR,KEEP-PARENT,variation parent in Google Sheet,KUWAIT-ESIM,,,,0,Incomplete,DEFAULT,01/07/2026 06:58:51 MEST
FR,KEEP,in master list,KYRGYZSTAN-20GB-30D,,,19.99,0,Active,AMAZON_EU,01/07/2026 07:12:29 MEST
FR,KEEP,in master list,KYRGYZSTAN-3GB-15D,,,8.99,0,Active,AMAZON_EU,01/07/2026 07:08:58 MEST
FR,KEEP-PARENT,variation parent in Google Sheet,KYRGYZSTAN-ESIM,,,,0,Incomplete,DEFAULT,01/07/2026 07:08:55 MEST
FR,KEEP,in master list,LAOS-20GB-30D,,,34.99,0,Active,AMAZON_EU,30/06/2026 18:47:15 MEST
FR,KEEP,in master list,LAOS-3GB-15D,,,10.99,0,Active,AMAZON_EU,30/06/2026 18:41:08 MEST
FR,KEEP,in master list,LAOS-5GB-30D,,,16.99,0,Active,AMAZON_EU,30/06/2026 18:44:39 MEST
FR,KEEP-PARENT,variation parent in Google Sheet,LAOS-ESIM,,,,0,Incomplete,DEFAULT,30/06/2026 18:41:04 MEST
FR,KEEP,in master list,LATVIA-20GB-30D,,,15.99,0,Active,AMAZON_EU,01/07/2026 07:22:37 MEST
FR,KEEP,in master list,LATVIA-3GB-15D,,,8.99,0,Active,AMAZON_EU,01/07/2026 07:15:59 MEST
FR,KEEP,in master list,LATVIA-5GB-30D,,,9.99,0,Active,AMAZON_EU,01/07/2026 07:19:20 MEST
FR,KEEP-PARENT,variation parent in Google Sheet,LATVIA-ESIM,,,,0,Incomplete,DEFAULT,01/07/2026 07:15:56 MEST
FR,KEEP,in master list,LIBERIA-3GB-15D,,,21.99,0,Active,AMAZON_EU,01/07/2026 13:56:49 MEST
FR,KEEP,in master list,LIBERIA-5GB-30D,,,33.99,0,Active,AMAZON_EU,01/07/2026 07:28:56 MEST
FR,KEEP-PARENT,variation parent in Google Sheet,LIBERIA-ESIM,,,,0,Incomplete,DEFAULT,01/07/2026 07:25:40 MEST
FR,KEEP,in master list,LIBYA-20GB-30D,,,125.99,0,Active,AMAZON_EU,30/06/2026 18:56:39 MEST
FR,KEEP,in master list,LIBYA-3GB-15D,,,33.99,0,Active,AMAZON_EU,30/06/2026 18:50:22 MEST
FR,KEEP,in master list,LIBYA-5GB-30D,,,44.99,0,Active,AMAZON_EU,30/06/2026 18:53:33 MEST
FR,KEEP-PARENT,variation parent in Google Sheet,LIBYA-ESIM,,,,0,Incomplete,DEFAULT,30/06/2026 18:50:19 MEST
FR,KEEP,in master list,LIECHTENSTEIN-3GB-15D,,,8.99,0,Active,AMAZON_EU,01/07/2026 07:32:02 MEST
FR,KEEP-PARENT,variation parent in Google Sheet,LIECHTENSTEIN-ESIM,,,,0,Incomplete,DEFAULT,01/07/2026 07:31:59 MEST
FR,KEEP,in master list,LITHUANIA-20GB-30D,,,17.99,0,Active,AMAZON_EU,01/07/2026 07:43:23 MEST
FR,KEEP,in master list,LITHUANIA-3GB-15D,,,8.99,0,Active,AMAZON_EU,01/07/2026 07:36:14 MEST
FR,KEEP,in master list,LITHUANIA-5GB-30D,,,9.99,0,Active,AMAZON_EU,01/07/2026 07:39:55 MEST
FR,KEEP-PARENT,variation parent in Google Sheet,LITHUANIA-ESIM,,,,0,Incomplete,DEFAULT,01/07/2026 07:36:10 MEST
FR,KEEP,in master list,LUXEMBOURG-20GB-30D,,,17.99,0,Active,AMAZON_EU,01/07/2026 07:53:50 MEST
FR,KEEP,in master list,LUXEMBOURG-3GB-15D,,,8.99,0,Active,AMAZON_EU,01/07/2026 07:47:12 MEST
FR,KEEP,in master list,LUXEMBOURG-5GB-30D,,,9.99,0,Active,AMAZON_EU,01/07/2026 07:50:44 MEST
FR,KEEP-PARENT,variation parent in Google Sheet,LUXEMBOURG-ESIM,,,,0,Incomplete,DEFAULT,01/07/2026 07:47:08 MEST
FR,KEEP,in master list,MACAO-20GB-30D,,,15.99,0,Active,AMAZON_EU,01/07/2026 08:03:25 MEST
FR,KEEP,in master list,MACAO-3GB-15D,,,8.99,0,Active,AMAZON_EU,01/07/2026 07:57:07 MEST
FR,KEEP,in master list,MACAO-5GB-30D,,,9.99,0,Active,AMAZON_EU,01/07/2026 08:00:18 MEST
FR,KEEP-PARENT,variation parent in Google Sheet,MACAO-ESIM,,,,0,Incomplete,DEFAULT,01/07/2026 07:57:04 MEST
FR,KEEP,in master list,MADAGASCAR-3GB-15D,,,25.99,0,Active,AMAZON_EU,01/07/2026 08:06:42 MEST
FR,KEEP-PARENT,variation parent in Google Sheet,MADAGASCAR-ESIM,,,,0,Incomplete,DEFAULT,01/07/2026 08:06:38 MEST
FR,KEEP,in master list,MALAWI-3GB-15D,,,17.99,0,Active,AMAZON_EU,01/07/2026 08:10:24 MEST
FR,KEEP,in master list,MALAWI-5GB-30D,,,28.99,0,Active,AMAZON_EU,01/07/2026 08:13:34 MEST
FR,KEEP-PARENT,variation parent in Google Sheet,MALAWI-ESIM,,,,0,Incomplete,DEFAULT,01/07/2026 08:10:20 MEST
FR,KEEP,in master list,MALAYSIA-20GB-30D,,,15.99,0,Active,AMAZON_EU,01/07/2026 08:25:08 MEST
FR,KEEP,in master list,MALAYSIA-3GB-15D,,,8.99,0,Active,AMAZON_EU,01/07/2026 08:17:22 MEST
FR,KEEP,in master list,MALAYSIA-5GB-30D,,,9.99,0,Active,AMAZON_EU,01/07/2026 08:21:27 MEST
FR,KEEP-PARENT,variation parent in Google Sheet,MALAYSIA-ESIM,,,,0,Incomplete,DEFAULT,01/07/2026 08:17:19 MEST
FR,KEEP,in master list,MALDIVES-20GB-30D,,,117.99,0,Active,AMAZON_EU,30/06/2026 19:06:02 MEST
FR,KEEP,in master list,MALDIVES-3GB-15D,,,33.99,0,Active,AMAZON_EU,30/06/2026 18:59:45 MEST
FR,KEEP,in master list,MALDIVES-5GB-30D,,,44.99,0,Active,AMAZON_EU,30/06/2026 19:03:06 MEST
FR,KEEP-PARENT,variation parent in Google Sheet,MALDIVES-ESIM,,,,0,Incomplete,DEFAULT,30/06/2026 18:59:42 MEST
FR,KEEP,in master list,MALI-3GB-15D,,,21.99,0,Active,AMAZON_EU,01/07/2026 08:28:49 MEST
FR,KEEP-PARENT,variation parent in Google Sheet,MALI-ESIM,,,,0,Incomplete,DEFAULT,01/07/2026 08:28:46 MEST
FR,KEEP,in master list,MALTA-20GB-30D,,,15.99,0,Active,AMAZON_EU,01/07/2026 08:40:10 MEST
FR,KEEP,in master list,MALTA-3GB-15D,,,8.99,0,Active,AMAZON_EU,01/07/2026 08:32:51 MEST
FR,KEEP,in master list,MALTA-5GB-30D,,,9.99,0,Active,AMAZON_EU,01/07/2026 08:36:42 MEST
FR,KEEP-PARENT,variation parent in Google Sheet,MALTA-ESIM,,,,0,Incomplete,DEFAULT,01/07/2026 08:32:47 MEST
FR,KEEP,in master list,MARTINIQUE-20GB-30D,,,16.99,0,Active,AMAZON_EU,30/06/2026 19:15:37 MEST
FR,KEEP,in master list,MARTINIQUE-3GB-15D,,,8.99,0,Active,AMAZON_EU,30/06/2026 19:09:20 MEST
FR,KEEP,in master list,MARTINIQUE-5GB-30D,,,9.99,0,Active,AMAZON_EU,30/06/2026 19:12:51 MEST
FR,KEEP-PARENT,variation parent in Google Sheet,MARTINIQUE-ESIM,,,,0,Incomplete,DEFAULT,30/06/2026 19:09:16 MEST
FR,KEEP,in master list,MAURITIUS-3GB-15D,,,16.99,0,Active,AMAZON_EU,01/07/2026 16:19:47 MEST
FR,KEEP,in master list,MAURITIUS-5GB-30D,,,17.99,0,Active,AMAZON_EU,01/07/2026 16:23:51 MEST
FR,KEEP-PARENT,variation parent in Google Sheet,MAURITIUS-ESIM,,,,0,Incomplete,DEFAULT,01/07/2026 16:19:43 MEST
FR,KEEP,in master list,MAYOTTE-20GB-30D,,,16.99,0,Active,AMAZON_EU,30/06/2026 19:25:22 MEST
FR,KEEP,in master list,MAYOTTE-3GB-15D,,,8.99,0,Active,AMAZON_EU,30/06/2026 19:18:44 MEST
FR,KEEP,in master list,MAYOTTE-5GB-30D,,,9.99,0,Active,AMAZON_EU,30/06/2026 19:22:04 MEST
FR,KEEP-PARENT,variation parent in Google Sheet,MAYOTTE-ESIM,,,,0,Incomplete,DEFAULT,30/06/2026 19:18:41 MEST
FR,KEEP,in master list,MEXICO-20GB-30D,,,35.99,0,Active,AMAZON_EU,01/07/2026 08:51:09 MEST
FR,KEEP,in master list,MEXICO-3GB-15D,,,11.99,0,Active,AMAZON_EU,01/07/2026 08:43:39 MEST
FR,KEEP,in master list,MEXICO-5GB-30D,,,14.99,0,Active,AMAZON_EU,01/07/2026 08:47:41 MEST
FR,KEEP-PARENT,variation parent in Google Sheet,MEXICO-ESIM,,,,0,Incomplete,DEFAULT,01/07/2026 08:43:35 MEST
FR,KEEP,in master list,MIDDLE-EAST-5GB-30D,,,36.99,0,Active,AMAZON_EU,01/07/2026 08:54:35 MEST
FR,KEEP-PARENT,variation parent in Google Sheet,MIDDLE-EAST-ESIM,,,,0,Incomplete,DEFAULT,01/07/2026 08:54:32 MEST
FR,KEEP,in master list,MOLDOVA-3GB-15D,,,8.99,0,Active,AMAZON_EU,01/07/2026 08:58:17 MEST
FR,KEEP-PARENT,variation parent in Google Sheet,MOLDOVA-ESIM,,,,0,Incomplete,DEFAULT,01/07/2026 08:58:13 MEST
FR,KEEP,in master list,MONACO-3GB-15D,,,63.99,0,Active,AMAZON_EU,01/07/2026 09:02:08 MEST
FR,KEEP,in master list,MONACO-5GB-30D,,,85.99,0,Active,AMAZON_EU,01/07/2026 09:06:10 MEST
FR,KEEP-PARENT,variation parent in Google Sheet,MONACO-ESIM,,,,0,Incomplete,DEFAULT,01/07/2026 09:02:05 MEST
FR,KEEP,in master list,MONGOLIA-3GB-15D,,,16.99,0,Active,AMAZON_EU,01/07/2026 09:09:37 MEST
FR,KEEP-PARENT,variation parent in Google Sheet,MONGOLIA-ESIM,,,,0,Incomplete,DEFAULT,01/07/2026 09:09:34 MEST
FR,KEEP,in master list,MONTENEGRO-3GB-15D,,,8.99,0,Active,AMAZON_EU,01/07/2026 09:12:24 MEST
FR,KEEP,in master list,MONTSERRAT-20GB-30D,,,94.99,0,Active,AMAZON_EU,30/06/2026 19:35:19 MEST
FR,KEEP,in master list,MONTSERRAT-3GB-15D,,,25.99,0,Active,AMAZON_EU,30/06/2026 19:28:49 MEST
FR,KEEP,in master list,MONTSERRAT-5GB-30D,,,33.99,0,Active,AMAZON_EU,30/06/2026 19:32:00 MEST
FR,KEEP-PARENT,variation parent in Google Sheet,MONTSERRAT-ESIM,,,,0,Incomplete,DEFAULT,30/06/2026 19:28:46 MEST
FR,KEEP,in master list,MOROCCO-20GB-30D,,,26.99,0,Active,AMAZON_EU,01/07/2026 09:25:07 MEST
FR,KEEP,in master list,MOROCCO-3GB-15D,,,9.99,0,Active,AMAZON_EU,01/07/2026 09:17:21 MEST
FR,KEEP,in master list,MOROCCO-5GB-30D,,,14.99,0,Active,AMAZON_EU,01/07/2026 09:21:26 MEST
FR,KEEP-PARENT,variation parent in Google Sheet,MOROCCO-ESIM,,,,0,Incomplete,DEFAULT,01/07/2026 09:17:17 MEST
FR,KEEP,in master list,MOZAMBIQUE-20GB-30D,,,75.99,0,Active,AMAZON_EU,01/07/2026 09:33:00 MEST
FR,KEEP,in master list,MOZAMBIQUE-3GB-15D,,,19.99,0,Active,AMAZON_EU,01/07/2026 09:28:58 MEST
FR,KEEP-PARENT,variation parent in Google Sheet,MOZAMBIQUE-ESIM,,,,0,Incomplete,DEFAULT,01/07/2026 09:28:54 MEST
FR,KEEP,in master list,NEPAL-3GB-15D,,,14.99,0,Active,AMAZON_EU,01/07/2026 09:36:38 MEST
FR,KEEP-PARENT,variation parent in Google Sheet,NEPAL-ESIM,,,,0,Incomplete,DEFAULT,01/07/2026 09:36:35 MEST
FR,KEEP,in master list,NETHERLANDS-20GB-30D,,,16.99,0,Active,AMAZON_EU,01/07/2026 09:48:25 MEST
FR,KEEP,in master list,NETHERLANDS-3GB-15D,,,8.99,0,Active,AMAZON_EU,01/07/2026 09:40:40 MEST
FR,KEEP,in master list,NETHERLANDS-5GB-30D,,,9.99,0,Active,AMAZON_EU,01/07/2026 09:44:44 MEST
FR,KEEP-PARENT,variation parent in Google Sheet,NETHERLANDS-ESIM,,,,0,Incomplete,DEFAULT,01/07/2026 09:40:37 MEST
FR,KEEP,in master list,NEW-ZEALAND-20GB-30D,,,24.99,0,Active,AMAZON_EU,01/07/2026 09:58:53 MEST
FR,KEEP,in master list,NEW-ZEALAND-3GB-15D,,,9.99,0,Active,AMAZON_EU,01/07/2026 09:52:04 MEST
FR,KEEP,in master list,NEW-ZEALAND-5GB-30D,,,11.99,0,Active,AMAZON_EU,01/07/2026 09:55:36 MEST
FR,KEEP-PARENT,variation parent in Google Sheet,NEW-ZEALAND-ESIM,,,,0,Incomplete,DEFAULT,01/07/2026 09:52:01 MEST
FR,KEEP,in master list,NICARAGUA-3GB-15D,,,14.99,0,Active,AMAZON_EU,01/07/2026 10:02:10 MEST
FR,KEEP-PARENT,variation parent in Google Sheet,NICARAGUA-ESIM,,,,0,Incomplete,DEFAULT,01/07/2026 10:02:07 MEST
FR,KEEP,in master list,NIGER-3GB-15D,,,17.99,0,Active,AMAZON_EU,01/07/2026 10:06:13 MEST
FR,KEEP-PARENT,variation parent in Google Sheet,NIGER-ESIM,,,,0,Incomplete,DEFAULT,01/07/2026 10:06:10 MEST
FR,KEEP,in master list,NIGERIA-3GB-15D,,,14.99,0,Active,AMAZON_EU,01/07/2026 10:10:27 MEST
FR,KEEP-PARENT,variation parent in Google Sheet,NIGERIA-ESIM,,,,0,Incomplete,DEFAULT,01/07/2026 10:10:23 MEST
FR,KEEP,in master list,NORTH-AMERICA-5GB-30D,,,16.99,0,Active,AMAZON_EU,01/07/2026 10:14:41 MEST
FR,KEEP-PARENT,variation parent in Google Sheet,NORTH-AMERICA-ESIM,,,,0,Incomplete,DEFAULT,01/07/2026 10:14:38 MEST
FR,KEEP,in master list,NORTH-MACEDONIA-3GB-15D,,,9.99,0,Active,AMAZON_EU,01/07/2026 10:18:56 MEST
FR,KEEP,in master list,NORTH-MACEDONIA-5GB-30D,,,14.99,0,Active,AMAZON_EU,01/07/2026 10:22:59 MEST
FR,KEEP-PARENT,variation parent in Google Sheet,NORTH-MACEDONIA-ESIM,,,,0,Incomplete,DEFAULT,01/07/2026 10:18:52 MEST
FR,KEEP,in master list,NORWAY-20GB-30D,,,15.99,0,Inactive,AMAZON_EU,01/07/2026 10:34:32 MEST
FR,KEEP,in master list,NORWAY-3GB-15D,,,8.99,0,Active,AMAZON_EU,01/07/2026 10:26:49 MEST
FR,KEEP,in master list,NORWAY-5GB-30D,,,9.99,0,Active,AMAZON_EU,01/07/2026 10:30:55 MEST
FR,KEEP-PARENT,variation parent in Google Sheet,NORWAY-ESIM,,,,0,Incomplete,DEFAULT,01/07/2026 10:26:46 MEST
FR,KEEP,in master list,OMAN-20GB-30D,,,32.99,0,Active,AMAZON_EU,03/07/2026 15:39:25 MEST
FR,KEEP,in master list,OMAN-3GB-15D,,,11.99,0,Active,AMAZON_EU,01/07/2026 10:38:22 MEST
FR,KEEP-PARENT,variation parent in Google Sheet,OMAN-ESIM,,,,0,Incomplete,DEFAULT,01/07/2026 10:38:18 MEST
FR,KEEP,in master list,PAKISTAN-20GB-30D,,,22.99,0,Active,AMAZON_EU,01/07/2026 10:54:00 MEST
FR,KEEP,in master list,PAKISTAN-3GB-15D,,,8.99,0,Active,AMAZON_EU,01/07/2026 10:46:18 MEST
FR,KEEP,in master list,PAKISTAN-5GB-30D,,,10.99,0,Active,AMAZON_EU,01/07/2026 10:50:22 MEST
FR,KEEP-PARENT,variation parent in Google Sheet,PAKISTAN-ESIM,,,,0,Incomplete,DEFAULT,01/07/2026 10:46:15 MEST
FR,KEEP,in master list,PANAMA-3GB-15D,,,17.99,0,Active,AMAZON_EU,01/07/2026 10:57:51 MEST
FR,KEEP-PARENT,variation parent in Google Sheet,PANAMA-ESIM,,,,0,Incomplete,DEFAULT,01/07/2026 10:57:47 MEST
FR,KEEP,in master list,PARAGUAY-3GB-15D,,,14.99,0,Active,AMAZON_EU,01/07/2026 11:02:06 MEST
FR,KEEP-PARENT,variation parent in Google Sheet,PARAGUAY-ESIM,,,,0,Incomplete,DEFAULT,01/07/2026 11:02:02 MEST
FR,KEEP,in master list,PERU-20GB-30D,,,42.99,0,Active,AMAZON_EU,30/06/2026 13:18:58 MEST
FR,KEEP,in master list,PERU-3GB-15D,,,14.99,0,Active,AMAZON_EU,30/06/2026 13:14:46 MEST
FR,KEEP-PARENT,variation parent in Google Sheet,PERU-ESIM,,,,0,Incomplete,DEFAULT,30/06/2026 13:14:42 MEST
FR,KEEP,in master list,PHILIPPINES-20GB-30D,,,23.99,0,Active,AMAZON_EU,01/07/2026 11:14:32 MEST
FR,KEEP,in master list,PHILIPPINES-3GB-15D,,,8.99,0,Active,AMAZON_EU,01/07/2026 11:06:22 MEST
FR,KEEP,in master list,PHILIPPINES-5GB-30D,,,11.05,0,Active,AMAZON_EU,01/07/2026 11:10:28 MEST
FR,KEEP-PARENT,variation parent in Google Sheet,PHILIPPINES-ESIM,,,,0,Incomplete,DEFAULT,01/07/2026 11:06:19 MEST
FR,KEEP,in master list,POLAND-20GB-30D,,,15.99,0,Active,AMAZON_EU,01/07/2026 11:26:33 MEST
FR,KEEP,in master list,POLAND-3GB-15D,,,8.99,0,Active,AMAZON_EU,01/07/2026 11:18:27 MEST
FR,KEEP,in master list,POLAND-5GB-30D,,,9.99,0,Active,AMAZON_EU,01/07/2026 11:22:28 MEST
FR,KEEP-PARENT,variation parent in Google Sheet,POLAND-ESIM,,,,0,Incomplete,DEFAULT,01/07/2026 11:17:56 MEST
FR,KEEP,in master list,PORTUGAL-20GB-30D,,,15.99,0,Active,AMAZON_EU,01/07/2026 11:37:22 MEST
FR,KEEP,in master list,PORTUGAL-3GB-15D,,,8.99,0,Active,AMAZON_EU,01/07/2026 11:29:36 MEST
FR,KEEP,in master list,PORTUGAL-5GB-30D,,,9.99,0,Active,AMAZON_EU,01/07/2026 11:33:41 MEST
FR,KEEP-PARENT,variation parent in Google Sheet,PORTUGAL-ESIM,,,,0,Incomplete,DEFAULT,01/07/2026 11:29:33 MEST
FR,KEEP,in master list,PUERTO-RICO-3GB-15D,,,12.99,0,Active,AMAZON_EU,01/07/2026 11:41:12 MEST
FR,KEEP,in master list,PUERTO-RICO-5GB-30D,,,14.99,0,Active,AMAZON_EU,01/07/2026 22:00:23 MEST
FR,KEEP-PARENT,variation parent in Google Sheet,PUERTO-RICO-ESIM,,,,0,Incomplete,DEFAULT,01/07/2026 11:41:08 MEST
FR,KEEP,in master list,QATAR-20GB-30D,,,31.99,0,Active,AMAZON_EU,01/07/2026 11:56:54 MEST
FR,KEEP,in master list,QATAR-3GB-15D,,,10.99,0,Active,AMAZON_EU,03/07/2026 16:14:48 MEST
FR,KEEP,in master list,QATAR-5GB-30D,,,17.99,0,Active,AMAZON_EU,01/07/2026 11:53:13 MEST
FR,KEEP-PARENT,variation parent in Google Sheet,QATAR-ESIM,,,,0,Incomplete,DEFAULT,01/07/2026 11:49:06 MEST
FR,KEEP,in master list,REPUBLIC-OF-THE-CONGO-20GB-30D,,,78.99,0,Active,AMAZON_EU,30/06/2026 19:45:06 MEST
FR,KEEP,in master list,REPUBLIC-OF-THE-CONGO-3GB-15D,,,22.99,0,Active,AMAZON_EU,30/06/2026 19:38:47 MEST
FR,KEEP,in master list,REPUBLIC-OF-THE-CONGO-5GB-30D,,,33.99,0,Active,AMAZON_EU,30/06/2026 19:41:58 MEST
FR,KEEP-PARENT,variation parent in Google Sheet,REPUBLIC-OF-THE-CONGO-ESIM,,,,0,Incomplete,DEFAULT,30/06/2026 19:38:43 MEST
FR,KEEP,in master list,REUNION-3GB-15D,,,8.99,0,Inactive,AMAZON_EU,01/07/2026 12:00:45 MEST
FR,KEEP,in master list,REUNION-5GB-30D,,,9.99,0,Inactive,AMAZON_EU,01/07/2026 21:19:55 MEST
FR,KEEP-PARENT,variation parent in Google Sheet,REUNION-ESIM,,,,0,Incomplete,DEFAULT,01/07/2026 12:00:41 MEST
FR,KEEP,in master list,ROMANIA-20GB-30D,,,15.99,0,Active,AMAZON_EU,30/06/2026 19:55:12 MEST
FR,KEEP,in master list,ROMANIA-3GB-15D,,,8.99,0,Active,AMAZON_EU,30/06/2026 19:48:33 MEST
FR,KEEP,in master list,ROMANIA-5GB-30D,,,9.99,0,Active,AMAZON_EU,30/06/2026 19:51:44 MEST
FR,KEEP-PARENT,variation parent in Google Sheet,ROMANIA-ESIM,,,,0,Incomplete,DEFAULT,30/06/2026 19:48:29 MEST
FR,KEEP,in master list,RUSSIA-20GB-30D,,,23.99,0,Active,AMAZON_EU,30/06/2026 20:04:37 MEST
FR,KEEP,in master list,RUSSIA-3GB-15D,,,9.99,0,Active,AMAZON_EU,30/06/2026 19:58:09 MEST
FR,KEEP,in master list,RUSSIA-5GB-30D,,,13.99,0,Active,AMAZON_EU,30/06/2026 20:01:10 MEST
FR,KEEP-PARENT,variation parent in Google Sheet,RUSSIA-ESIM,,,,0,Incomplete,DEFAULT,30/06/2026 19:58:05 MEST
FR,KEEP,in master list,RWANDA-20GB-30D,,,97.99,0,Active,AMAZON_EU,30/06/2026 20:14:13 MEST
FR,KEEP,in master list,RWANDA-3GB-15D,,,24.99,0,Active,AMAZON_EU,30/06/2026 20:07:44 MEST
FR,KEEP,in master list,RWANDA-5GB-30D,,,32.99,0,Active,AMAZON_EU,30/06/2026 20:11:16 MEST
FR,KEEP-PARENT,variation parent in Google Sheet,RWANDA-ESIM,,,,0,Incomplete,DEFAULT,30/06/2026 20:07:41 MEST
FR,KEEP,in master list,SAINT-BARTHELEMY-20GB-30D,,,16.99,0,Active,AMAZON_EU,30/06/2026 20:24:10 MEST
FR,KEEP,in master list,SAINT-BARTHELEMY-3GB-15D,,,8.99,0,Active,AMAZON_EU,30/06/2026 20:17:42 MEST
FR,KEEP,in master list,SAINT-BARTHELEMY-5GB-30D,,,9.99,0,Active,AMAZON_EU,30/06/2026 20:20:53 MEST
FR,KEEP-PARENT,variation parent in Google Sheet,SAINT-BARTHELEMY-ESIM,,,,0,Incomplete,DEFAULT,30/06/2026 20:17:38 MEST
FR,KEEP,in master list,SAINT-KITTS-AND-NEVIS-20GB-30D,,,103.99,0,Active,AMAZON_EU,30/06/2026 20:33:24 MEST
FR,KEEP,in master list,SAINT-KITTS-AND-NEVIS-3GB-15D,,,29.99,0,Active,AMAZON_EU,30/06/2026 20:27:18 MEST
FR,KEEP,in master list,SAINT-KITTS-AND-NEVIS-5GB-30D,,,38.99,0,Active,AMAZON_EU,30/06/2026 20:30:27 MEST
FR,KEEP-PARENT,variation parent in Google Sheet,SAINT-KITTS-AND-NEVIS-ESIM,,,,0,Incomplete,DEFAULT,30/06/2026 20:27:14 MEST
FR,KEEP,in master list,SAINT-LUCIA-20GB-30D,,,103.99,0,Active,AMAZON_EU,30/06/2026 20:42:58 MEST
FR,KEEP,in master list,SAINT-LUCIA-3GB-15D,,,29.99,0,Active,AMAZON_EU,30/06/2026 20:37:01 MEST
FR,KEEP,in master list,SAINT-LUCIA-5GB-30D,,,38.99,0,Active,AMAZON_EU,30/06/2026 20:40:02 MEST
FR,KEEP-PARENT,variation parent in Google Sheet,SAINT-LUCIA-ESIM,,,,0,Incomplete,DEFAULT,30/06/2026 20:36:58 MEST
FR,KEEP,in master list,SAINT-MARTIN-20GB-30D,,,16.99,0,Active,AMAZON_EU,30/06/2026 20:52:43 MEST
FR,KEEP,in master list,SAINT-MARTIN-3GB-15D,,,8.99,0,Active,AMAZON_EU,30/06/2026 20:46:05 MEST
FR,KEEP,in master list,SAINT-MARTIN-5GB-30D,,,9.99,0,Active,AMAZON_EU,30/06/2026 20:49:26 MEST
FR,KEEP-PARENT,variation parent in Google Sheet,SAINT-MARTIN-ESIM,,,,0,Incomplete,DEFAULT,30/06/2026 20:46:01 MEST
FR,KEEP,in master list,SAINT-VINCENT-AND-THE-GRENADINES-3GB-15D,,,34.99,0,Active,AMAZON_EU,30/06/2026 20:55:50 MEST
FR,KEEP,in master list,SAINT-VINCENT-AND-THE-GRENADINES-5GB-30D,,,46.99,0,Active,AMAZON_EU,30/06/2026 20:59:32 MEST
FR,KEEP-PARENT,variation parent in Google Sheet,SAINT-VINCENT-AND-THE-GRENADINES-ESIM,,,,0,Incomplete,DEFAULT,30/06/2026 20:55:46 MEST
FR,KEEP,in master list,SAMOA-20GB-30D,,,295.99,0,Active,AMAZON_EU,30/06/2026 21:13:29 MEST
FR,KEEP,in master list,SAMOA-3GB-15D,,,58.99,0,Active,AMAZON_EU,30/06/2026 21:06:30 MEST
FR,KEEP,in master list,SAMOA-5GB-30D,,,80.99,0,Active,AMAZON_EU,30/06/2026 21:10:22 MEST
FR,KEEP-PARENT,variation parent in Google Sheet,SAMOA-ESIM,,,,0,Incomplete,DEFAULT,30/06/2026 21:06:27 MEST
FR,KEEP,in master list,SAN-MARINO-20GB-30D,,,16.99,0,Active,AMAZON_EU,30/06/2026 21:23:04 MEST
FR,KEEP,in master list,SAN-MARINO-3GB-15D,,,8.99,0,Active,AMAZON_EU,30/06/2026 21:16:36 MEST
FR,KEEP,in master list,SAN-MARINO-5GB-30D,,,9.99,0,Active,AMAZON_EU,30/06/2026 21:19:57 MEST
FR,KEEP-PARENT,variation parent in Google Sheet,SAN-MARINO-ESIM,,,,0,Incomplete,DEFAULT,30/06/2026 21:16:32 MEST
FR,KEEP,in master list,SAUDI-ARABIA-20GB-30D,,,33.99,0,Active,AMAZON_EU,01/07/2026 12:16:26 MEST
FR,KEEP,in master list,SAUDI-ARABIA-3GB-15D,,,11.99,0,Active,AMAZON_EU,01/07/2026 12:08:39 MEST
FR,KEEP,in master list,SAUDI-ARABIA-5GB-30D,,,14.99,0,Active,AMAZON_EU,01/07/2026 12:12:45 MEST
FR,KEEP-PARENT,variation parent in Google Sheet,SAUDI-ARABIA-ESIM,,,,0,Incomplete,DEFAULT,01/07/2026 12:08:36 MEST
FR,KEEP,in master list,SENEGAL-3GB-15D,,,16.99,0,Active,AMAZON_EU,01/07/2026 12:20:17 MEST
FR,KEEP,in master list,SENEGAL-5GB-30D,,,18.99,0,Active,AMAZON_EU,01/07/2026 12:24:24 MEST
FR,KEEP-PARENT,variation parent in Google Sheet,SENEGAL-ESIM,,,,0,Incomplete,DEFAULT,01/07/2026 12:20:14 MEST
FR,KEEP,in master list,SERBIA-20GB-30D,,,21.99,0,Inactive,AMAZON_EU,01/07/2026 12:32:11 MEST
FR,KEEP,in master list,SERBIA-3GB-15D,,,8.99,0,Active,AMAZON_EU,01/07/2026 12:28:05 MEST
FR,KEEP-PARENT,variation parent in Google Sheet,SERBIA-ESIM,,,,0,Incomplete,DEFAULT,01/07/2026 12:28:02 MEST
FR,KEEP,in master list,SEYCHELLES-3GB-15D,,,17.99,0,Active,AMAZON_EU,01/07/2026 12:36:03 MEST
FR,KEEP,in master list,SEYCHELLES-5GB-30D,,,28.99,0,Active,AMAZON_EU,01/07/2026 12:40:09 MEST
FR,KEEP-PARENT,variation parent in Google Sheet,SEYCHELLES-ESIM,,,,0,Incomplete,DEFAULT,01/07/2026 12:36:00 MEST
FR,KEEP,in master list,SIERRA-LEONE-20GB-30D,,,94.99,0,Active,AMAZON_EU,30/06/2026 21:33:11 MEST
FR,KEEP,in master list,SIERRA-LEONE-3GB-15D,,,26.99,0,Active,AMAZON_EU,30/06/2026 21:26:32 MEST
FR,KEEP,in master list,SIERRA-LEONE-5GB-30D,,,33.99,0,Active,AMAZON_EU,30/06/2026 21:30:15 MEST
FR,KEEP-PARENT,variation parent in Google Sheet,SIERRA-LEONE-ESIM,,,,0,Incomplete,DEFAULT,30/06/2026 21:26:29 MEST
FR,KEEP,in master list,SINGAPORE-20GB-30D,,,15.99,0,Active,AMAZON_EU,01/07/2026 12:48:06 MEST
FR,KEEP,in master list,SINGAPORE-5GB-30D,,,9.99,0,Active,AMAZON_EU,01/07/2026 12:44:00 MEST
FR,KEEP-PARENT,variation parent in Google Sheet,SINGAPORE-ESIM,,,,0,Incomplete,DEFAULT,01/07/2026 12:43:57 MEST
FR,KEEP,in master list,SLOVAKIA-20GB-30D,,,15.99,0,Active,AMAZON_EU,01/07/2026 12:59:17 MEST
FR,KEEP,in master list,SLOVAKIA-3GB-15D,,,8.99,0,Active,AMAZON_EU,01/07/2026 12:51:56 MEST
FR,KEEP,in master list,SLOVAKIA-5GB-30D,,,9.99,0,Active,AMAZON_EU,01/07/2026 12:55:50 MEST
FR,KEEP-PARENT,variation parent in Google Sheet,SLOVAKIA-ESIM,,,,0,Incomplete,DEFAULT,01/07/2026 12:51:53 MEST
FR,KEEP,in master list,SLOVENIA-20GB-30D,,,15.99,0,Active,AMAZON_EU,01/07/2026 13:10:49 MEST
FR,KEEP,in master list,SLOVENIA-3GB-15D,,,8.99,0,Active,AMAZON_EU,01/07/2026 13:03:06 MEST
FR,KEEP,in master list,SLOVENIA-5GB-30D,,,9.99,0,Active,AMAZON_EU,01/07/2026 13:07:08 MEST
FR,KEEP-PARENT,variation parent in Google Sheet,SLOVENIA-ESIM,,,,0,Incomplete,DEFAULT,01/07/2026 13:03:02 MEST
FR,KEEP,in master list,SOUTH-AFRICA-5GB-30D,,,15.99,0,Active,AMAZON_EU,01/07/2026 13:14:42 MEST
FR,KEEP-PARENT,variation parent in Google Sheet,SOUTH-AFRICA-ESIM,,,,0,Incomplete,DEFAULT,01/07/2026 13:14:38 MEST
FR,KEEP,in master list,SOUTH-AMERICA-5GB-30D,,,21.99,0,Active,AMAZON_EU,01/07/2026 13:18:58 MEST
FR,KEEP-PARENT,variation parent in Google Sheet,SOUTH-AMERICA-ESIM,,,,0,Incomplete,DEFAULT,01/07/2026 13:18:54 MEST
FR,KEEP,in master list,SOUTH-KOREA-20GB-30D,,,15.99,0,Inactive,AMAZON_EU,01/07/2026 13:30:58 MEST
FR,KEEP,in master list,SOUTH-KOREA-3GB-15D,,,8.99,0,Active,AMAZON_EU,01/07/2026 13:23:12 MEST
FR,KEEP,in master list,SOUTH-KOREA-5GB-30D,,,9.99,0,Inactive,AMAZON_EU,01/07/2026 13:27:18 MEST
FR,KEEP-PARENT,variation parent in Google Sheet,SOUTH-KOREA-ESIM,,,,0,Incomplete,DEFAULT,01/07/2026 13:23:09 MEST
FR,KEEP,in master list,SPAIN-20GB-30D,,,15.99,0,Inactive,AMAZON_EU,01/07/2026 13:42:39 MEST
FR,KEEP,in master list,SPAIN-3GB-15D,,,8.99,0,Active,AMAZON_EU,01/07/2026 13:34:51 MEST
FR,KEEP,in master list,SPAIN-5GB-30D,,,9.99,0,Active,AMAZON_EU,01/07/2026 13:38:58 MEST
FR,KEEP-PARENT,variation parent in Google Sheet,SPAIN-ESIM,,,,0,Incomplete,DEFAULT,01/07/2026 13:34:47 MEST
FR,KEEP,in master list,SRI-LANKA-20GB-30D,,,28.99,0,Active,AMAZON_EU,01/07/2026 13:54:17 MEST
FR,KEEP,in master list,SRI-LANKA-3GB-15D,,,10.99,0,Active,AMAZON_EU,01/07/2026 13:46:30 MEST
FR,KEEP,in master list,SRI-LANKA-5GB-30D,,,12.99,0,Active,AMAZON_EU,01/07/2026 13:50:36 MEST
FR,KEEP-PARENT,variation parent in Google Sheet,SRI-LANKA-ESIM,,,,0,Incomplete,DEFAULT,01/07/2026 13:46:27 MEST
FR,KEEP,in master list,SUDAN-3GB-15D,,,22.99,0,Active,AMAZON_EU,01/07/2026 13:58:07 MEST
FR,KEEP,in master list,SUDAN-5GB-30D,,,30.99,0,Active,AMAZON_EU,01/07/2026 14:01:51 MEST
FR,KEEP-PARENT,variation parent in Google Sheet,SUDAN-ESIM,,,,0,Incomplete,DEFAULT,01/07/2026 13:58:03 MEST
FR,KEEP,in master list,SURINAME-20GB-30D,,,74.99,0,Active,AMAZON_EU,30/06/2026 21:42:45 MEST
FR,KEEP,in master list,SURINAME-3GB-15D,,,19.99,0,Active,AMAZON_EU,30/06/2026 21:36:18 MEST
FR,KEEP,in master list,SURINAME-5GB-30D,,,32.99,0,Active,AMAZON_EU,30/06/2026 21:39:49 MEST
FR,KEEP-PARENT,variation parent in Google Sheet,SURINAME-ESIM,,,,0,Incomplete,DEFAULT,30/06/2026 21:36:15 MEST
FR,KEEP,in master list,SVG-20GB-30D,,,125.99,0,Active,AMAZON_EU,30/06/2026 21:02:29 MEST
FR,KEEP-PARENT,variation parent in Google Sheet,SVG-ESIM,,,,0,Incomplete,DEFAULT,30/06/2026 21:02:25 MEST
FR,KEEP,in master list,SWEDEN-20GB-30D,,,15.99,0,Inactive,AMAZON_EU,01/07/2026 14:13:31 MEST
FR,KEEP,in master list,SWEDEN-3GB-15D,,,8.99,0,Active,AMAZON_EU,01/07/2026 14:05:42 MEST
FR,KEEP,in master list,SWEDEN-5GB-30D,,,9.99,0,Inactive,AMAZON_EU,01/07/2026 14:09:50 MEST
FR,KEEP-PARENT,variation parent in Google Sheet,SWEDEN-ESIM,,,,0,Incomplete,DEFAULT,01/07/2026 14:05:39 MEST
FR,KEEP,in master list,SWITZERLAND-20GB-30D,,,15.99,0,Inactive,AMAZON_EU,01/07/2026 14:25:12 MEST
FR,KEEP,in master list,SWITZERLAND-3GB-15D,,,8.99,0,Active,AMAZON_EU,01/07/2026 14:17:23 MEST
FR,KEEP,in master list,SWITZERLAND-5GB-30D,,,9.99,0,Active,AMAZON_EU,01/07/2026 14:21:53 MEST
FR,KEEP-PARENT,variation parent in Google Sheet,SWITZERLAND-ESIM,,,,0,Incomplete,DEFAULT,01/07/2026 14:17:19 MEST
FR,KEEP,in master list,TAJIKISTAN-20GB-30D,,,41.99,0,Active,AMAZON_EU,30/06/2026 21:53:10 MEST
FR,KEEP,in master list,TAJIKISTAN-3GB-15D,,,15.99,0,Active,AMAZON_EU,30/06/2026 21:46:12 MEST
FR,KEEP,in master list,TAJIKISTAN-5GB-30D,,,16.99,0,Active,AMAZON_EU,30/06/2026 21:49:43 MEST
FR,KEEP-PARENT,variation parent in Google Sheet,TAJIKISTAN-ESIM,,,,0,Incomplete,DEFAULT,30/06/2026 21:46:08 MEST
FR,KEEP,in master list,TANZANIA-3GB-15D,,,16.99,0,Active,AMAZON_EU,01/07/2026 14:29:04 MEST
FR,KEEP-PARENT,variation parent in Google Sheet,TANZANIA-ESIM,,,,0,Incomplete,DEFAULT,01/07/2026 14:29:00 MEST
FR,KEEP,in master list,THAILAND-20GB-30D,,,15.99,0,Inactive,AMAZON_EU,01/07/2026 14:41:07 MEST
FR,KEEP,in master list,THAILAND-3GB-15D,,,8.99,0,Active,AMAZON_EU,01/07/2026 14:33:21 MEST
FR,KEEP,in master list,THAILAND-5GB-30D,,,9.99,0,Active,AMAZON_EU,01/07/2026 14:37:26 MEST
FR,KEEP-PARENT,variation parent in Google Sheet,THAILAND-ESIM,,,,0,Incomplete,DEFAULT,01/07/2026 14:33:18 MEST
FR,KEEP,in master list,TRINIDAD-AND-TOBAGO-20GB-30D,,,96.99,0,Active,AMAZON_EU,30/06/2026 22:03:03 MEST
FR,KEEP,in master list,TRINIDAD-AND-TOBAGO-3GB-15D,,,22.99,0,Active,AMAZON_EU,30/06/2026 21:56:16 MEST
FR,KEEP,in master list,TRINIDAD-AND-TOBAGO-5GB-30D,,,33.99,0,Active,AMAZON_EU,30/06/2026 21:59:47 MEST
FR,KEEP-PARENT,variation parent in Google Sheet,TRINIDAD-AND-TOBAGO-ESIM,,,,0,Incomplete,DEFAULT,30/06/2026 21:56:13 MEST
FR,KEEP,in master list,TUNISIA-5GB-30D,,,11.99,0,Inactive,AMAZON_EU,01/07/2026 14:44:57 MEST
FR,KEEP-PARENT,variation parent in Google Sheet,TUNISIA-ESIM,,,,0,Incomplete,DEFAULT,01/07/2026 14:44:53 MEST
FR,KEEP,in master list,TURKEY-20GB-30D,,,17.99,0,Inactive,AMAZON_EU,01/07/2026 14:56:58 MEST
FR,KEEP,in master list,TURKEY-3GB-15D,,,8.99,0,Active,AMAZON_EU,01/07/2026 14:49:13 MEST
FR,KEEP,in master list,TURKEY-5GB-30D,,,8.99,0,Active,AMAZON_EU,01/07/2026 14:53:18 MEST
FR,KEEP-PARENT,variation parent in Google Sheet,TURKEY-ESIM,,,,0,Incomplete,DEFAULT,01/07/2026 14:49:10 MEST
FR,KEEP,in master list,TURKS-AND-CAICOS-ISLANDS-20GB-30D,,,90.99,0,Active,AMAZON_EU,30/06/2026 22:13:29 MEST
FR,KEEP,in master list,TURKS-AND-CAICOS-ISLANDS-3GB-15D,,,23.99,0,Active,AMAZON_EU,30/06/2026 22:06:41 MEST
FR,KEEP,in master list,TURKS-AND-CAICOS-ISLANDS-5GB-30D,,,29.99,0,Active,AMAZON_EU,30/06/2026 22:09:52 MEST
FR,KEEP-PARENT,variation parent in Google Sheet,TURKS-AND-CAICOS-ISLANDS-ESIM,,,,0,Incomplete,DEFAULT,30/06/2026 22:06:38 MEST
FR,KEEP,in master list,UGANDA-3GB-15D,,,18.99,0,Active,AMAZON_EU,01/07/2026 15:00:50 MEST
FR,KEEP-PARENT,variation parent in Google Sheet,UGANDA-ESIM,,,,0,Incomplete,DEFAULT,01/07/2026 15:00:46 MEST
FR,KEEP,in master list,UKRAINE-3GB-15D,,,8.99,0,Active,AMAZON_EU,01/07/2026 15:04:44 MEST
FR,KEEP,in master list,UKRAINE-5GB-30D,,,9.99,0,Inactive,AMAZON_EU,02/07/2026 02:11:02 MEST
FR,KEEP-PARENT,variation parent in Google Sheet,UKRAINE-ESIM,,,,0,Incomplete,DEFAULT,01/07/2026 15:04:40 MEST
FR,KEEP,in master list,UNITED-ARAB-EMIRATES-20GB-30D,,,36.99,0,Active,AMAZON_EU,01/07/2026 15:20:48 MEST
FR,KEEP,in master list,UNITED-ARAB-EMIRATES-3GB-15D,,,12.99,0,Active,AMAZON_EU,01/07/2026 15:12:40 MEST
FR,KEEP,in master list,UNITED-ARAB-EMIRATES-5GB-30D,,,15.99,0,Active,AMAZON_EU,01/07/2026 15:16:43 MEST
FR,KEEP-PARENT,variation parent in Google Sheet,UNITED-ARAB-EMIRATES-ESIM,,,,0,Incomplete,DEFAULT,01/07/2026 15:12:36 MEST
FR,KEEP,in master list,UNITED-KINGDOM-20GB-30D,,,15.99,0,Active,AMAZON_EU,01/07/2026 15:32:03 MEST
FR,KEEP,in master list,UNITED-KINGDOM-3GB-15D,,,8.99,0,Active,AMAZON_EU,01/07/2026 15:24:15 MEST
FR,KEEP,in master list,UNITED-KINGDOM-5GB-30D,,,9.99,0,Active,AMAZON_EU,01/07/2026 15:28:22 MEST
FR,KEEP-PARENT,variation parent in Google Sheet,UNITED-KINGDOM-ESIM,,,,0,Incomplete,DEFAULT,01/07/2026 15:24:12 MEST
FR,KEEP,in master list,UNITED-STATES-3GB-15D,,,8.99,0,Active,AMAZON_EU,01/07/2026 15:36:49 MEST
FR,KEEP,in master list,UNITED-STATES-5GB-30D,,,9.99,0,Active,AMAZON_EU,01/07/2026 15:39:59 MEST
FR,KEEP-PARENT,variation parent in Google Sheet,UNITED-STATES-ESIM,,,,0,Incomplete,DEFAULT,01/07/2026 15:35:50 MEST
FR,KEEP,in master list,URUGUAY-3GB-15D,,,17.99,0,Active,AMAZON_EU,01/07/2026 15:43:49 MEST
FR,KEEP-PARENT,variation parent in Google Sheet,URUGUAY-ESIM,,,,0,Incomplete,DEFAULT,01/07/2026 15:43:46 MEST
FR,KEEP,in master list,UZBEKISTAN-5GB-30D,,,9.99,0,Active,AMAZON_EU,01/07/2026 15:48:04 MEST
FR,KEEP-PARENT,variation parent in Google Sheet,UZBEKISTAN-ESIM,,,,0,Incomplete,DEFAULT,01/07/2026 15:48:01 MEST
FR,KEEP,in master list,VATICAN-CITY-20GB-30D,,,15.99,0,Active,AMAZON_EU,30/06/2026 22:22:43 MEST
FR,KEEP,in master list,VATICAN-CITY-3GB-15D,,,8.99,0,Active,AMAZON_EU,30/06/2026 22:16:15 MEST
FR,KEEP,in master list,VATICAN-CITY-5GB-30D,,,9.99,0,Active,AMAZON_EU,30/06/2026 22:19:47 MEST
FR,KEEP-PARENT,variation parent in Google Sheet,VATICAN-CITY-ESIM,,,,0,Incomplete,DEFAULT,30/06/2026 22:16:11 MEST
FR,KEEP,in master list,VIETNAM-20GB-30D,,,22.99,0,Active,AMAZON_EU,01/07/2026 16:00:04 MEST
FR,KEEP,in master list,VIETNAM-3GB-15D,,,8.99,0,Inactive,AMAZON_EU,01/07/2026 15:52:19 MEST
FR,KEEP,in master list,VIETNAM-5GB-30D,,,10.99,0,Active,AMAZON_EU,01/07/2026 15:56:24 MEST
FR,KEEP-PARENT,variation parent in Google Sheet,VIETNAM-ESIM,,,,0,Incomplete,DEFAULT,01/07/2026 15:52:16 MEST
FR,KEEP,in master list,ZAMBIA-3GB-15D,,,17.99,0,Active,AMAZON_EU,01/07/2026 16:03:55 MEST
FR,KEEP,in master list,ZAMBIA-5GB-30D,,,28.99,0,Active,AMAZON_EU,01/07/2026 16:08:00 MEST
FR,KEEP-PARENT,variation parent in Google Sheet,ZAMBIA-ESIM,,,,0,Incomplete,DEFAULT,01/07/2026 16:03:51 MEST
DE,DELETE,not in master list,AE_20_30,B0FRB7TFJR,,40.81,0,Active,AMAZON_EU,25/03/2026 08:31:27 MET
DE,DELETE,not in master list,AE_3_15,B0FRBBYBGH,,10.09,0,Active,AMAZON_EU,25/03/2026 09:17:17 MET
DE,DELETE,not in master list,AE_5_30,B0FRB89XHX,,16.02,0,Active,AMAZON_EU,25/03/2026 10:08:02 MET
DE,DELETE,not in master list,AU_20_30,B0FR9G1ZQJ,,14.68,0,Active,AMAZON_EU,25/03/2026 08:31:29 MET
DE,DELETE,not in master list,AU_3_15,B0FR9SKY4D,,6.13,0,Active,AMAZON_EU,25/03/2026 09:28:14 MET
DE,DELETE,not in master list,AU_5_30,B0FR9JRB62,,7.83,0,Active,AMAZON_EU,25/03/2026 08:46:12 MET
DE,DELETE,not in master list,BE_20_30,B0FR9BVRCH,,18.66,0,Active,AMAZON_EU,25/03/2026 09:29:25 MET
DE,DELETE,not in master list,BE_3_15,B0FR9G432K,,6.7,0,Active,AMAZON_EU,25/03/2026 08:45:19 MET
DE,DELETE,not in master list,BE_5_30,B0FR9SXCW6,,7.83,0,Active,AMAZON_EU,25/03/2026 10:54:14 MET
DE,DELETE,not in master list,CA_20_30,B0FR9BY42D,,29.11,0,Inactive,AMAZON_EU,25/03/2026 09:17:30 MET
DE,DELETE,not in master list,CA_3_15,B0FR9RZLF3,,12.03,0,Inactive,AMAZON_EU,25/03/2026 09:21:49 MET
DE,DELETE,not in master list,CA_5_30,B0FR9SYCBK,,15.42,0,Inactive,AMAZON_EU,25/03/2026 09:29:42 MET
DE,DELETE,not in master list,CH_20_30,B0FRB6VY7S,,15.83,0,Inactive,AMAZON_EU,25/03/2026 09:28:44 MET
DE,DELETE,not in master list,CH_3_15,B0FRB5LFVC,,5.57,0,Active,AMAZON_EU,25/03/2026 08:46:00 MET
DE,DELETE,not in master list,CH_5_30,B0FRB7G4VW,,7.82,0,Active,AMAZON_EU,25/03/2026 08:45:01 MET
DE,DELETE,not in master list,CN_20_30,B0FR9GD6X9,,18.6,0,Inactive,AMAZON_EU,25/03/2026 10:03:45 MET
DE,DELETE,not in master list,CN_3_15,B0FR9QZ578,,6.7,0,Active,AMAZON_EU,25/03/2026 09:29:05 MET
DE,DELETE,not in master list,CN_5_30,B0FR9HX7XH,,8.98,0,Active,AMAZON_EU,25/03/2026 09:28:38 MET
DE,DELETE,not in master list,DE_20_30,B0GSZP9H94,,31.94,0,Active,AMAZON_EU,25/03/2026 10:03:49 MET
DE,DELETE,not in master list,DE_3_15,B0GSZBMLKV,,9.76,0,Active,AMAZON_EU,25/03/2026 09:28:47 MET
DE,DELETE,not in master list,DE_5_30,B0GSZDYWLZ,,11.47,0,Active,AMAZON_EU,25/03/2026 09:28:47 MET
DE,DELETE,not in master list,EG_20_30,B0FR9GQBGL,,33.99,0,Active,AMAZON_EU,25/03/2026 10:03:58 MET
DE,DELETE,not in master list,EG_3_15,B0FR9C784N,,10.09,0,Active,AMAZON_EU,25/03/2026 09:29:51 MET
DE,DELETE,not in master list,EG_3_30,B0FR9GNL93,,14.27,0,Inactive,AMAZON_EU,25/03/2026 09:53:24 MET
DE,DELETE,not in master list,ES_20_30,B0FRCMPGPL,,16.93,0,Inactive,AMAZON_EU,25/03/2026 08:45:59 MET
DE,DELETE,not in master list,ES_3_15,B0FRCDHTZ7,,6.7,0,Active,AMAZON_EU,25/03/2026 10:04:27 MET
DE,DELETE,not in master list,ES_5_30,B0FRBQCLZN,,8.97,0,Active,AMAZON_EU,25/03/2026 08:44:47 MET
DE,DELETE,not in master list,FR_20_30,B0FR9GPMC5,,22.05,0,Active,AMAZON_EU,28/03/2026 15:33:21 MET
DE,DELETE,not in master list,FR_3_15,B0FR9C5ZB6,,7.84,0,Active,AMAZON_EU,28/03/2026 14:21:51 MET
DE,DELETE,not in master list,FR_5_30,B0FR9LMDW5,,10.1,0,Active,AMAZON_EU,17/04/2026 17:56:18 MEST
DE,DELETE,not in master list,GB_20_30,B0FRDGCBTN,,16.6,0,Active,AMAZON_EU,25/03/2026 09:24:54 MET
DE,DELETE,not in master list,GB_3_15,B0FRCPD8TS,,4.41,0,Active,AMAZON_EU,25/03/2026 10:01:34 MET
DE,DELETE,not in master list,GB_5_30,B0FRDDRGJF,,5.56,0,Active,AMAZON_EU,25/03/2026 08:44:50 MET
DE,DELETE,not in master list,GR_20_30,B0FR9KJGBG,,18.64,0,Active,AMAZON_EU,25/03/2026 08:45:33 MET
DE,DELETE,not in master list,GR_3_15,B0FR9L85F6,,5.56,0,Active,AMAZON_EU,25/03/2026 08:44:12 MET
DE,DELETE,not in master list,GR_5_30,B0FR9C7SMF,,4.99,0,Active,AMAZON_EU,25/03/2026 09:28:51 MET
DE,DELETE,not in master list,HAJJ-LUX-10GB-30D,B0H3L75HDS,,71.99,0,Inactive,AMAZON_EU,02/06/2026 04:59:27 MEST
DE,DELETE,not in master list,HAJJ-LUXURY-ESIM,B0H71TYKF1,,,0,Incomplete,DEFAULT,30/06/2026 13:08:12 MEST
DE,DELETE,not in master list,HK_20_30,B0FR9GXZ6F,,16.93,0,Active,AMAZON_EU,25/03/2026 09:28:48 MET
DE,DELETE,not in master list,HK_3_15,B0FR9CC6Q8,,5.57,0,Active,AMAZON_EU,25/03/2026 09:29:30 MET
DE,DELETE,not in master list,HK_5_30,B0FR9GXYYL,,2.14,0,Active,AMAZON_EU,25/03/2026 08:45:38 MET
DE,DELETE,not in master list,ID_20_30,B0FR9QXRDQ,,15.8,0,Active,AMAZON_EU,25/03/2026 09:27:58 MET
DE,DELETE,not in master list,ID_3_15,B0FR9T6QPZ,,5.56,0,Active,AMAZON_EU,25/03/2026 10:01:45 MET
DE,DELETE,not in master list,ID_5_30,B0FR8XW5DR,,3.86,0,Active,AMAZON_EU,25/03/2026 08:46:18 MET
DE,DELETE,not in master list,IE_20_30,B0FR9SZG2Z,,16.93,0,Active,AMAZON_EU,25/03/2026 08:45:19 MET
DE,DELETE,not in master list,IE_3_15,B0FR8XV57F,,5.56,0,Active,AMAZON_EU,25/03/2026 09:48:04 MET
DE,DELETE,not in master list,IE_5_30,B0FR9GYKQL,,4.99,0,Active,AMAZON_EU,25/03/2026 10:04:17 MET
DE,DELETE,not in master list,IN_20_30,B0FR9DYMHX,,39.73,0,Active,AMAZON_EU,28/03/2026 16:01:28 MET
DE,DELETE,not in master list,IN_3_15,B0FR9ZM116,,11.22,0,Active,AMAZON_EU,25/03/2026 08:31:36 MET
DE,DELETE,not in master list,IN_5_30,B0FR9GXWN9,,15.8,0,Active,AMAZON_EU,25/03/2026 08:46:51 MET
DE,DELETE,not in master list,IT_20_30,B0FR9RNZV2,,15.8,0,Active,AMAZON_EU,25/03/2026 09:29:18 MET
DE,DELETE,not in master list,IT_3_15,B0FR9GXZ18,,5.57,0,Active,AMAZON_EU,25/03/2026 08:45:39 MET
DE,DELETE,not in master list,IT_5_30,B0FR9ZR2TH,,3.86,0,Active,AMAZON_EU,25/03/2026 10:03:06 MET
DE,DELETE,not in master list,JP_20_30,B0FR9RZKRB,,15.83,0,Active,AMAZON_EU,25/03/2026 09:17:16 MET
DE,DELETE,not in master list,JP_3_15,B0FR9LVZVQ,,5.57,0,Active,AMAZON_EU,25/03/2026 08:45:15 MET
DE,DELETE,not in master list,JP_5_30,B0FR9TLXXH,,3.86,0,Active,AMAZON_EU,25/03/2026 09:22:41 MET
DE,DELETE,not in master list,KE_3_15,B0FR9GZ14G,,24.93,0,Active,AMAZON_EU,25/03/2026 10:02:20 MET
DE,DELETE,not in master list,KE_5_30,B0FR9T4DG6,,34.05,0,Active,AMAZON_EU,25/03/2026 11:27:13 MET
DE,DELETE,not in master list,MA_20_30,B0FR9M57DY,,28.35,0,Active,AMAZON_EU,25/03/2026 08:45:17 MET
DE,DELETE,not in master list,MA_3_15,B0FR9CFZQR,,7.83,0,Active,AMAZON_EU,25/03/2026 10:04:22 MET
DE,DELETE,not in master list,MA_5_30,B0FR9CDDQ8,,8.41,0,Active,AMAZON_EU,25/03/2026 08:45:26 MET
DE,DELETE,not in master list,MY_20_30,B0FR9VMWYD,,15.8,0,Active,AMAZON_EU,25/03/2026 08:46:01 MET
DE,DELETE,not in master list,MY_3_15,B0FR9H1Q65,,5.56,0,Active,AMAZON_EU,25/03/2026 10:02:25 MET
DE,DELETE,not in master list,MY_5_30,B0FR9LDGX8,,7.83,0,Active,AMAZON_EU,25/03/2026 10:03:19 MET
DE,DELETE,not in master list,NL_20_30,B0FR9NG7LB,,19.79,0,Active,AMAZON_EU,25/03/2026 10:56:53 MET
DE,DELETE,not in master list,NL_3_15,B0FRB5GNM2,,5.56,0,Active,AMAZON_EU,25/03/2026 08:45:15 MET
DE,DELETE,not in master list,NL_5_30,B0FR9NHP7Q,,4.99,0,Active,AMAZON_EU,25/03/2026 08:46:23 MET
DE,DELETE,not in master list,PH_20_30,B0FRB4K2D4,,32.92,0,Active,AMAZON_EU,25/03/2026 09:25:47 MET
DE,DELETE,not in master list,PH_3_15,B0FRB1GVXK,,8.97,0,Active,AMAZON_EU,25/03/2026 08:46:04 MET
DE,DELETE,not in master list,PH_5_30,B0FRB4VCKG,,12.4,0,Active,AMAZON_EU,25/03/2026 08:45:27 MET
DE,DELETE,not in master list,PL_20_30,B0FRB5HSK7,,15.8,0,Active,AMAZON_EU,25/03/2026 08:45:33 MET
DE,DELETE,not in master list,PL_3_15,B0FRB4JVKR,,5.56,0,Active,AMAZON_EU,25/03/2026 09:29:23 MET
DE,DELETE,not in master list,PL_5_30,B0FRBDPQ9J,,3.86,0,Active,AMAZON_EU,25/03/2026 08:46:11 MET
DE,DELETE,not in master list,PT_20_30,B0FRB354KV,,19.79,0,Active,AMAZON_EU,25/03/2026 09:29:23 MET
DE,DELETE,not in master list,PT_3_15,B0FRB4314T,,5.56,0,Active,AMAZON_EU,25/03/2026 11:31:00 MET
DE,DELETE,not in master list,PT_5_30,B0FRB4X799,,4.99,0,Active,AMAZON_EU,25/03/2026 08:45:04 MET
DE,DELETE,not in master list,SG_20_30,B0FRB256K8,,16.95,0,Active,AMAZON_EU,01/07/2026 13:30:35 MEST
DE,DELETE,not in master list,SG_3_30,B0FRB3KY59,,12.04,0,Inactive,AMAZON_EU,25/03/2026 09:28:35 MET
DE,DELETE,not in master list,SG_5_30,B0FR9X3Y3R,,8.96,0,Active,AMAZON_EU,25/03/2026 08:45:39 MET
DE,DELETE,not in master list,SN_3_15,B0FRB4HX92,,28.36,0,Active,AMAZON_EU,25/03/2026 10:54:43 MET
DE,DELETE,not in master list,SN_5_30,B0FRB68H77,,42.02,0,Active,AMAZON_EU,25/03/2026 09:29:40 MET
DE,DELETE,not in master list,TH_20_30,B0FRCHW3MW,,16.96,0,Inactive,AMAZON_EU,25/03/2026 08:44:53 MET
DE,DELETE,not in master list,TH_3_15,B0FRCDPJSH,,6.7,0,Active,AMAZON_EU,25/03/2026 10:01:29 MET
DE,DELETE,not in master list,TH_5_30,B0FR9Q5D1J,,3.86,0,Active,AMAZON_EU,25/03/2026 10:05:00 MET
DE,DELETE,not in master list,TN_10_30,B0FRB85GLD,,22.9,0,Inactive,AMAZON_EU,25/03/2026 09:53:25 MET
DE,DELETE,not in master list,TN_3_30,B0FRCKZKVY,,11.44,0,Inactive,AMAZON_EU,25/03/2026 10:03:30 MET
DE,DELETE,not in master list,TN_5_30,B0FRB7Q96Z,,13.54,0,Inactive,AMAZON_EU,25/03/2026 10:08:06 MET
DE,DELETE,not in master list,TR_20_30,B0FRCYMWCX,,15.78,0,Inactive,AMAZON_EU,25/03/2026 10:03:17 MET
DE,DELETE,not in master list,TR_3_15,B0FRC2PSHM,,5.57,0,Active,AMAZON_EU,25/03/2026 10:03:52 MET
DE,DELETE,not in master list,TR_5_30,B0FRCBZ1BB,,3.86,0,Active,AMAZON_EU,25/03/2026 10:05:17 MET
DE,DELETE,not in master list,TZ_3_15,B0FRC81NPJ,,24.97,0,Active,AMAZON_EU,25/03/2026 10:03:38 MET
DE,DELETE,not in master list,US_20_90,B0FRB9JP2K,,25.55,0,Inactive,AMAZON_EU,25/03/2026 08:46:28 MET
DE,DELETE,not in master list,US_3_15,B0FRCFXK3V,,6.7,0,Active,AMAZON_EU,25/03/2026 09:29:17 MET
DE,DELETE,not in master list,US_5_30,B0FRC2PQ8H,,5.57,0,Active,AMAZON_EU,25/03/2026 09:56:31 MET
DE,DELETE,not in master list,VN_20_30,B0FRC2NKC4,,,0,Incomplete,AMAZON_EU,28/03/2026 16:05:15 MET
DE,DELETE,not in master list,VN_3_15,B0FRBR2DHW,,,0,Incomplete,AMAZON_EU,28/03/2026 16:00:14 MET
DE,DELETE,not in master list,VN_5_30,B0FRCBXRGV,,,0,Incomplete,AMAZON_EU,28/03/2026 16:06:13 MET
DE,DELETE,not in master list,ZA_10_30,B0FRB4RSW2,,30.86,0,Inactive,AMAZON_EU,25/03/2026 08:45:19 MET
DE,DELETE,not in master list,ZA_5_30,B0FRB3R6F3,,16.95,0,Active,AMAZON_EU,25/03/2026 10:02:01 MET
DE,DELETE,not in master list,ZM_3_15,B0FRC2NSM2,,,0,Incomplete,AMAZON_EU,28/03/2026 16:04:27 MET
DE,DELETE,not in master list,ZM_5_30,B0FRCL97L4,,,0,Incomplete,AMAZON_EU,28/03/2026 16:02:41 MET
DE,KEEP,in master list,AALAND-ISLANDS-20GB-30D,B0FR39Q1KJ,,33.99,0,Active,AMAZON_EU,30/06/2026 22:42:58 MEST
DE,KEEP,in master list,AALAND-ISLANDS-3GB-15D,B0FR3CCSMB,,9.99,0,Active,AMAZON_EU,30/06/2026 22:36:04 MEST
DE,KEEP,in master list,AALAND-ISLANDS-5GB-30D,B0FR3G6JWB,,13.99,0,Active,AMAZON_EU,30/06/2026 22:39:41 MEST
DE,KEEP-PARENT,variation parent in Google Sheet,AALAND-ISLANDS-ESIM,B0H739TVP9,,,0,Incomplete,DEFAULT,30/06/2026 22:36:00 MEST
DE,KEEP,in master list,AFRICA-5GB-30D,B0FR3GK9Z7,,29.99,0,Active,AMAZON_EU,30/06/2026 22:46:08 MEST
DE,KEEP-PARENT,variation parent in Google Sheet,AFRICA-ESIM,B0H73RPVVS,,,0,Incomplete,DEFAULT,30/06/2026 22:46:05 MEST
DE,KEEP,in master list,ALBANIA-5GB-30D,B0FR4ZG3Z6,,10.99,0,Inactive,AMAZON_EU,30/06/2026 22:49:39 MEST
DE,KEEP-PARENT,variation parent in Google Sheet,ALBANIA-ESIM,B0H72WPK3D,,,0,Incomplete,DEFAULT,30/06/2026 22:49:35 MEST
DE,KEEP,in master list,ALGERIA-20GB-30D,B0H6M5TDMD,,26.99,0,Active,AMAZON_EU,30/06/2026 13:30:43 MEST
DE,KEEP,in master list,ALGERIA-3GB-15D,B0H6M9R3WH,,9.99,0,Active,AMAZON_EU,30/06/2026 13:22:45 MEST
DE,KEEP,in master list,ALGERIA-5GB-30D,B0H6MDYKG8,,11.99,0,Active,AMAZON_EU,30/06/2026 13:26:53 MEST
DE,KEEP-PARENT,variation parent in Google Sheet,ALGERIA-ESIM,B0H71W1XK4,,,0,Incomplete,DEFAULT,30/06/2026 13:22:41 MEST
DE,KEEP,in master list,ANDORRA-20GB-30D,B0H6MJ97WC,,44.99,0,Active,AMAZON_EU,30/06/2026 13:42:14 MEST
DE,KEEP,in master list,ANDORRA-3GB-15D,B0H6MBPRYN,,15.99,0,Active,AMAZON_EU,30/06/2026 13:34:37 MEST
DE,KEEP,in master list,ANDORRA-5GB-30D,B0H6M5P65S,,16.99,0,Active,AMAZON_EU,30/06/2026 13:38:45 MEST
DE,KEEP-PARENT,variation parent in Google Sheet,ANDORRA-ESIM,B0H7219F9Q,,,0,Incomplete,DEFAULT,30/06/2026 13:34:34 MEST
DE,KEEP,in master list,ANGOLA-3GB-15D,B0H6M5RWZH,,35.99,0,Active,AMAZON_EU,30/06/2026 13:45:38 MEST
DE,KEEP,in master list,ANGOLA-5GB-30D,B0H6MKZSB4,,58.99,0,Active,AMAZON_EU,30/06/2026 13:49:24 MEST
DE,KEEP-PARENT,variation parent in Google Sheet,ANGOLA-ESIM,B0H724YHQ5,,,0,Incomplete,DEFAULT,30/06/2026 13:45:35 MEST
DE,KEEP,in master list,ANGUILLA-20GB-30D,B0H6MHMZY8,,87.99,0,Active,AMAZON_EU,30/06/2026 14:09:23 MEST
DE,KEEP,in master list,ANGUILLA-3GB-15D,B0H6M7X7QY,,24.99,0,Active,AMAZON_EU,30/06/2026 14:02:12 MEST
DE,KEEP,in master list,ANGUILLA-5GB-30D,B0H6MFJ63H,,32.99,0,Active,AMAZON_EU,30/06/2026 14:05:50 MEST
DE,KEEP-PARENT,variation parent in Google Sheet,ANGUILLA-ESIM,B0H71ZVHVS,,,0,Incomplete,DEFAULT,30/06/2026 14:02:09 MEST
DE,KEEP,in master list,ANTIGUA-AND-BARBUDA-20GB-30D,B0H6M2MQJB,,99.99,0,Active,AMAZON_EU,30/06/2026 14:37:54 MEST
DE,KEEP,in master list,ANTIGUA-AND-BARBUDA-3GB-15D,B0H6MBBFLQ,,26.99,0,Active,AMAZON_EU,30/06/2026 14:12:57 MEST
DE,KEEP,in master list,ANTIGUA-AND-BARBUDA-5GB-30D,B0H6MCR5F9,,35.99,0,Active,AMAZON_EU,30/06/2026 14:34:57 MEST
DE,KEEP-PARENT,variation parent in Google Sheet,ANTIGUA-AND-BARBUDA-ESIM,B0H72CFRX4,,,0,Incomplete,DEFAULT,30/06/2026 14:12:53 MEST
DE,KEEP,in master list,ARGENTINA-20GB-30D,B0FR5DCH33,,37.99,0,Active,AMAZON_EU,30/06/2026 22:57:18 MEST
DE,KEEP,in master list,ARGENTINA-3GB-15D,B0FR554SXN,,12.99,0,Active,AMAZON_EU,30/06/2026 22:53:30 MEST
DE,KEEP-PARENT,variation parent in Google Sheet,ARGENTINA-ESIM,B0H73KYBKS,,,0,Incomplete,DEFAULT,30/06/2026 22:53:27 MEST
DE,KEEP,in master list,ARMENIA-20GB-30D,B0FR4ZT5XT,,31.99,0,Active,AMAZON_EU,30/06/2026 23:04:07 MEST
DE,KEEP,in master list,ARMENIA-3GB-15D,B0FR5BK9R4,,9.99,0,Active,AMAZON_EU,30/06/2026 23:00:29 MEST
DE,KEEP-PARENT,variation parent in Google Sheet,ARMENIA-ESIM,B0H73KQ52T,,,0,Incomplete,DEFAULT,30/06/2026 23:00:25 MEST
DE,KEEP,in master list,ASIA-20-3GB-15D,B0FR9FZ4RF,,12.99,0,Inactive,AMAZON_EU,30/06/2026 23:07:16 MEST
DE,KEEP,in master list,ASIA-20-5GB-30D,B0FR9BQNSV,,13.99,0,Inactive,AMAZON_EU,01/07/2026 04:20:05 MEST
DE,KEEP-PARENT,variation parent in Google Sheet,ASIA-20-ESIM,B0H73HYG7T,,,0,Incomplete,DEFAULT,30/06/2026 23:07:13 MEST
DE,KEEP,in master list,AUSTRALIA-20GB-30D,B0FR9G1ZQJ,,15.99,0,Active,AMAZON_EU,30/06/2026 23:22:53 MEST
DE,KEEP,in master list,AUSTRALIA-3GB-15D,B0FR9SKY4D,,8.99,0,Active,AMAZON_EU,30/06/2026 23:15:11 MEST
DE,KEEP,in master list,AUSTRALIA-5GB-30D,B0FR9JRB62,,9.99,0,Active,AMAZON_EU,30/06/2026 23:19:13 MEST
DE,KEEP-PARENT,variation parent in Google Sheet,AUSTRALIA-ESIM,B0H7362P49,,,0,Incomplete,DEFAULT,30/06/2026 23:15:08 MEST
DE,KEEP,in master list,AUSTRIA-20GB-30D,B0FR8XBSBP,,15.99,0,Active,AMAZON_EU,30/06/2026 23:32:41 MEST
DE,KEEP,in master list,AUSTRIA-3GB-15D,B0FR9QSMSP,,8.99,0,Active,AMAZON_EU,30/06/2026 23:26:26 MEST
DE,KEEP,in master list,AUSTRIA-5GB-30D,B0FR8XCH78,,9.99,0,Active,AMAZON_EU,30/06/2026 23:29:44 MEST
DE,KEEP-PARENT,variation parent in Google Sheet,AUSTRIA-ESIM,B0H735PRG3,,,0,Incomplete,DEFAULT,30/06/2026 23:26:23 MEST
DE,KEEP,in master list,AZERBAIJAN-3GB-15D,B0FR9BTC98,,12.99,0,Active,AMAZON_EU,30/06/2026 23:36:13 MEST
DE,KEEP-PARENT,variation parent in Google Sheet,AZERBAIJAN-ESIM,B0H72WTYMN,,,0,Incomplete,DEFAULT,30/06/2026 23:36:09 MEST
DE,KEEP,in master list,BAHAMAS-20GB-30D,B0H6MCPR9P,,121.99,0,Active,AMAZON_EU,30/06/2026 14:48:11 MEST
DE,KEEP,in master list,BAHAMAS-3GB-15D,B0H6MB828R,,32.99,0,Active,AMAZON_EU,30/06/2026 14:41:25 MEST
DE,KEEP,in master list,BAHAMAS-5GB-30D,B0H6MFGH8P,,43.99,0,Active,AMAZON_EU,30/06/2026 14:45:04 MEST
DE,KEEP-PARENT,variation parent in Google Sheet,BAHAMAS-ESIM,B0H71Z9DPD,,,0,Incomplete,DEFAULT,30/06/2026 14:41:22 MEST
DE,KEEP,in master list,BAHRAIN-3GB-15D,B0FR9K64KF,,10.99,0,Active,AMAZON_EU,30/06/2026 23:40:15 MEST
DE,KEEP-PARENT,variation parent in Google Sheet,BAHRAIN-ESIM,B0H732NY7P,,,0,Incomplete,DEFAULT,30/06/2026 23:40:12 MEST
DE,KEEP,in master list,BANGLADESH-20GB-30D,B0FR8FJ3HJ,,23.99,0,Active,AMAZON_EU,30/06/2026 23:51:04 MEST
DE,KEEP,in master list,BANGLADESH-3GB-15D,B0FR9L7SG3,,9.99,0,Active,AMAZON_EU,30/06/2026 23:44:07 MEST
DE,KEEP,in master list,BANGLADESH-5GB-30D,B0FR9BQFCM,,10.99,0,Active,AMAZON_EU,30/06/2026 23:47:46 MEST
DE,KEEP-PARENT,variation parent in Google Sheet,BANGLADESH-ESIM,B0H738WG7Z,,,0,Incomplete,DEFAULT,30/06/2026 23:44:04 MEST
DE,KEEP,in master list,BARBADOS-20GB-30D,B0H6MJ921X,,85.99,0,Active,AMAZON_EU,30/06/2026 14:58:38 MEST
DE,KEEP,in master list,BARBADOS-3GB-15D,B0H6MCD72X,,23.99,0,Active,AMAZON_EU,30/06/2026 14:51:42 MEST
DE,KEEP,in master list,BARBADOS-5GB-30D,B0H6MG6VYJ,,31.99,0,Active,AMAZON_EU,30/06/2026 14:55:31 MEST
DE,KEEP-PARENT,variation parent in Google Sheet,BARBADOS-ESIM,B0H72F4L71,,,0,Incomplete,DEFAULT,30/06/2026 14:51:39 MEST
DE,KEEP,in master list,BELARUS-3GB-15D,B0FR9G3Z82,,9.99,0,Active,AMAZON_EU,30/06/2026 23:53:43 MEST
DE,KEEP,in master list,BELARUS-5GB-30D,B0FR8FFT4D,,11.99,0,Active,AMAZON_EU,30/06/2026 23:56:50 MEST
DE,KEEP-PARENT,variation parent in Google Sheet,BELARUS-ESIM,B0H734952D,,,0,Incomplete,DEFAULT,30/06/2026 23:53:39 MEST
DE,KEEP,in master list,BELGIUM-20GB-30D,B0FR9BVRCH,,15.99,0,Active,AMAZON_EU,01/07/2026 00:07:53 MEST
DE,KEEP,in master list,BELGIUM-3GB-15D,B0FR9G432K,,8.99,0,Active,AMAZON_EU,01/07/2026 00:00:10 MEST
DE,KEEP,in master list,BELGIUM-5GB-30D,B0FR9SXCW6,,9.99,0,Active,AMAZON_EU,01/07/2026 00:04:12 MEST
DE,KEEP-PARENT,variation parent in Google Sheet,BELGIUM-ESIM,B0H734781P,,,0,Incomplete,DEFAULT,01/07/2026 00:00:07 MEST
DE,KEEP,in master list,BELIZE-20GB-30D,B0H6MBSQM8,,145.99,0,Active,AMAZON_EU,30/06/2026 15:08:45 MEST
DE,KEEP,in master list,BELIZE-3GB-15D,B0H6MFPNTX,,32.99,0,Active,AMAZON_EU,30/06/2026 15:02:09 MEST
DE,KEEP,in master list,BELIZE-5GB-30D,B0H6MF1H4V,,53.99,0,Active,AMAZON_EU,30/06/2026 15:05:28 MEST
DE,KEEP-PARENT,variation parent in Google Sheet,BELIZE-ESIM,B0H72D8JNV,,,0,Incomplete,DEFAULT,30/06/2026 15:02:06 MEST
DE,KEEP,in master list,BENIN-20GB-30D,B0H6M7VGSZ,,77.99,0,Active,AMAZON_EU,30/06/2026 15:18:42 MEST
DE,KEEP,in master list,BENIN-3GB-15D,B0H6M9YHDR,,18.99,0,Active,AMAZON_EU,30/06/2026 15:12:26 MEST
DE,KEEP,in master list,BENIN-5GB-30D,B0H6MHRNBH,,31.99,0,Active,AMAZON_EU,30/06/2026 15:15:56 MEST
DE,KEEP-PARENT,variation parent in Google Sheet,BENIN-ESIM,B0H72FF3ZY,,,0,Incomplete,DEFAULT,30/06/2026 15:12:23 MEST
DE,KEEP,in master list,BERMUDA-20GB-30D,B0H6MCGQ77,,101.99,0,Active,AMAZON_EU,30/06/2026 15:29:13 MEST
DE,KEEP,in master list,BERMUDA-3GB-15D,B0H6MDMTGH,,25.99,0,Active,AMAZON_EU,30/06/2026 15:22:07 MEST
DE,KEEP,in master list,BERMUDA-5GB-30D,B0H6MFM5X4,,33.99,0,Active,AMAZON_EU,30/06/2026 15:25:55 MEST
DE,KEEP-PARENT,variation parent in Google Sheet,BERMUDA-ESIM,B0H7287FSC,,,0,Incomplete,DEFAULT,30/06/2026 15:22:03 MEST
DE,KEEP,in master list,BHUTAN-20GB-30D,B0H6M5WDSH,,58.99,0,Active,AMAZON_EU,30/06/2026 15:40:21 MEST
DE,KEEP,in master list,BHUTAN-3GB-15D,B0H6MJB588,,17.99,0,Active,AMAZON_EU,30/06/2026 15:33:03 MEST
DE,KEEP,in master list,BHUTAN-5GB-30D,B0H6M9C23Q,,19.99,0,Active,AMAZON_EU,30/06/2026 15:37:03 MEST
DE,KEEP-PARENT,variation parent in Google Sheet,BHUTAN-ESIM,B0H72C1RLM,,,0,Incomplete,DEFAULT,30/06/2026 15:33:00 MEST
DE,KEEP,in master list,BOLIVIA-20GB-30D,B0FR9RH588,,89.99,0,Active,AMAZON_EU,01/07/2026 00:14:53 MEST
DE,KEEP,in master list,BOLIVIA-3GB-15D,B0FR8FKPKH,,24.99,0,Active,AMAZON_EU,01/07/2026 00:11:25 MEST
DE,KEEP-PARENT,variation parent in Google Sheet,BOLIVIA-ESIM,B0H739SZ6Q,,,0,Incomplete,DEFAULT,01/07/2026 00:11:22 MEST
DE,KEEP,in master list,BOSNIA-AND-HERZEGOVINA-3GB-15D,B0FR9G8ZVK,,11.99,0,Active,AMAZON_EU,01/07/2026 00:17:53 MEST
DE,KEEP-PARENT,variation parent in Google Sheet,BOSNIA-AND-HERZEGOVINA-ESIM,B0H73PY9HF,,,0,Incomplete,DEFAULT,01/07/2026 00:17:49 MEST
DE,KEEP,in master list,BOTSWANA-3GB-15D,B0FR9G7N2Q,,23.99,0,Active,AMAZON_EU,01/07/2026 00:21:24 MEST
DE,KEEP-PARENT,variation parent in Google Sheet,BOTSWANA-ESIM,B0H73RNPVF,,,0,Incomplete,DEFAULT,01/07/2026 00:21:20 MEST
DE,KEEP,in master list,BRAZIL-20GB-30D,B0FR9KLZCR,,33.99,0,Active,AMAZON_EU,01/07/2026 00:28:12 MEST
DE,KEEP,in master list,BRAZIL-3GB-15D,B0FR9G5LKV,,10.99,0,Active,AMAZON_EU,01/07/2026 00:24:54 MEST
DE,KEEP-PARENT,variation parent in Google Sheet,BRAZIL-ESIM,B0H73BJM4R,,,0,Incomplete,DEFAULT,01/07/2026 00:24:50 MEST
DE,KEEP,in master list,BRUNEI-DARUSSALAM-20GB-30D,B0FR9F971C,,66.99,0,Active,AMAZON_EU,01/07/2026 00:34:08 MEST
DE,KEEP,in master list,BRUNEI-DARUSSALAM-3GB-15D,B0FR9KTJND,,13.99,0,Active,AMAZON_EU,01/07/2026 00:31:12 MEST
DE,KEEP-PARENT,variation parent in Google Sheet,BRUNEI-DARUSSALAM-ESIM,B0H73D7K72,,,0,Incomplete,DEFAULT,01/07/2026 00:31:08 MEST
DE,KEEP,in master list,BULGARIA-3GB-15D,B0H6MCT4Y5,,8.99,0,Active,AMAZON_EU,30/06/2026 13:10:41 MEST
DE,KEEP-PARENT,variation parent in Google Sheet,BULGARIA-ESIM,B0H71Z8YS2,,,0,Incomplete,DEFAULT,30/06/2026 13:10:38 MEST
DE,KEEP,in master list,BURKINA-FASO-3GB-15D,B0FR9HWFSK,,12.99,0,Active,AMAZON_EU,01/07/2026 00:36:58 MEST
DE,KEEP,in master list,BURKINA-FASO-5GB-30D,B0FR9BWKSY,,29.99,0,Active,AMAZON_EU,01/07/2026 00:40:25 MEST
DE,KEEP-PARENT,variation parent in Google Sheet,BURKINA-FASO-ESIM,B0H7389273,,,0,Incomplete,DEFAULT,01/07/2026 00:36:55 MEST
DE,KEEP,in master list,CAMBODIA-20GB-30D,B0FR9GFJPL,,26.99,0,Active,AMAZON_EU,01/07/2026 01:23:34 MEST
DE,KEEP,in master list,CAMBODIA-3GB-15D,B0FR8XKMJ4,,9.99,0,Active,AMAZON_EU,01/07/2026 01:20:06 MEST
DE,KEEP-PARENT,variation parent in Google Sheet,CAMBODIA-ESIM,B0H739YQS8,,,0,Incomplete,DEFAULT,01/07/2026 01:20:03 MEST
DE,KEEP,in master list,CAMEROON-3GB-15D,B0FR9VJ1ZB,,21.99,0,Active,AMAZON_EU,01/07/2026 00:43:34 MEST
DE,KEEP-PARENT,variation parent in Google Sheet,CAMEROON-ESIM,B0H73DTD2C,,,0,Incomplete,DEFAULT,01/07/2026 00:43:30 MEST
DE,KEEP,in master list,CANADA-PREMIUM-20GB-30D,B0H6MJ9N4Y,,29.99,0,Active,AMAZON_EU,30/06/2026 22:32:44 MEST
DE,KEEP,in master list,CANADA-PREMIUM-3GB-15D,B0H6MJ1HMJ,,10.99,0,Active,AMAZON_EU,30/06/2026 22:26:29 MEST
DE,KEEP,in master list,CANADA-PREMIUM-5GB-30D,B0H6MPXGBN,,15.99,0,Active,AMAZON_EU,30/06/2026 22:29:47 MEST
DE,KEEP-PARENT,variation parent in Google Sheet,CANADA-PREMIUM-ESIM,B0H73GPWZT,,,0,Incomplete,DEFAULT,30/06/2026 22:26:26 MEST
DE,KEEP,in master list,CAPE-VERDE-20GB-30D,B0H6M9VSPG,,163.99,0,Active,AMAZON_EU,30/06/2026 15:51:09 MEST
DE,KEEP,in master list,CAPE-VERDE-3GB-15D,B0H6M9R16H,,32.99,0,Active,AMAZON_EU,30/06/2026 15:43:52 MEST
DE,KEEP,in master list,CAPE-VERDE-5GB-30D,B0H6MFG453,,54.99,0,Active,AMAZON_EU,30/06/2026 15:47:42 MEST
DE,KEEP-PARENT,variation parent in Google Sheet,CAPE-VERDE-ESIM,B0H724H3BD,,,0,Incomplete,DEFAULT,30/06/2026 15:43:49 MEST
DE,KEEP,in master list,CAYMAN-ISLANDS-20GB-30D,B0H6MGXYNS,,95.99,0,Active,AMAZON_EU,30/06/2026 16:01:26 MEST
DE,KEEP,in master list,CAYMAN-ISLANDS-3GB-15D,B0H6MLHBD7,,26.99,0,Active,AMAZON_EU,30/06/2026 15:54:40 MEST
DE,KEEP,in master list,CAYMAN-ISLANDS-5GB-30D,B0H6M55MKK,,35.99,0,Active,AMAZON_EU,30/06/2026 15:58:09 MEST
DE,KEEP-PARENT,variation parent in Google Sheet,CAYMAN-ISLANDS-ESIM,B0H72B43GQ,,,0,Incomplete,DEFAULT,30/06/2026 15:54:37 MEST
DE,KEEP,in master list,CENTRAL-AFRICAN-REPUBLIC-3GB-15D,B0FR9RK8FP,,21.99,0,Active,AMAZON_EU,01/07/2026 00:47:25 MEST
DE,KEEP,in master list,CENTRAL-AFRICAN-REPUBLIC-5GB-30D,B0FR9R3NMC,,33.99,0,Active,AMAZON_EU,01/07/2026 00:51:02 MEST
DE,KEEP-PARENT,variation parent in Google Sheet,CENTRAL-AFRICAN-REPUBLIC-ESIM,B0H73W1FRY,,,0,Incomplete,DEFAULT,01/07/2026 00:47:21 MEST
DE,KEEP,in master list,CHAD-3GB-15D,B0FR9SG4MK,,17.99,0,Active,AMAZON_EU,01/07/2026 00:54:01 MEST
DE,KEEP,in master list,CHAD-5GB-30D,B0FR9L414C,,28.99,0,Active,AMAZON_EU,01/07/2026 00:57:18 MEST
DE,KEEP-PARENT,variation parent in Google Sheet,CHAD-ESIM,B0H73964B3,,,0,Incomplete,DEFAULT,01/07/2026 00:53:58 MEST
DE,KEEP,in master list,CHILE-3GB-15D,B0FR9RY1RT,,14.99,0,Inactive,AMAZON_EU,01/07/2026 01:00:38 MEST
DE,KEEP-PARENT,variation parent in Google Sheet,CHILE-ESIM,B0H73W1G6K,,,0,Incomplete,DEFAULT,01/07/2026 01:00:35 MEST
DE,KEEP,in master list,CHINA-20GB-30D,B0FR9GD6X9,,18.99,0,Inactive,AMAZON_EU,01/07/2026 01:12:23 MEST
DE,KEEP,in master list,CHINA-3GB-15D,B0FR9QZ578,,8.99,0,Active,AMAZON_EU,01/07/2026 01:04:42 MEST
DE,KEEP,in master list,CHINA-5GB-30D,B0FR9HX7XH,,9.99,0,Active,AMAZON_EU,01/07/2026 01:08:44 MEST
DE,KEEP-PARENT,variation parent in Google Sheet,CHINA-ESIM,B0H737FP9M,,,0,Incomplete,DEFAULT,01/07/2026 01:04:39 MEST
DE,KEEP,in master list,COLOMBIA-3GB-15D,B0FR9RL8W5,,14.99,0,Active,AMAZON_EU,01/07/2026 01:16:05 MEST
DE,KEEP-PARENT,variation parent in Google Sheet,COLOMBIA-ESIM,B0H73GQNRN,,,0,Incomplete,DEFAULT,01/07/2026 01:16:02 MEST
DE,KEEP,in master list,COSTA-RICA-3GB-15D,B0FR9LNRMN,,15.99,0,Active,AMAZON_EU,01/07/2026 01:26:55 MEST
DE,KEEP-PARENT,variation parent in Google Sheet,COSTA-RICA-ESIM,B0H73Q3DZM,,,0,Incomplete,DEFAULT,01/07/2026 01:26:51 MEST
DE,KEEP,in master list,COTE-D-IVOIRE-3GB-15D,B0FR9HW9DJ,,24.99,0,Active,AMAZON_EU,01/07/2026 01:30:25 MEST
DE,KEEP,in master list,COTE-D-IVOIRE-5GB-30D,B0FR9V5LYJ,,31.99,0,Active,AMAZON_EU,01/07/2026 01:34:12 MEST
DE,KEEP-PARENT,variation parent in Google Sheet,COTE-D-IVOIRE-ESIM,B0H72WV1YD,,,0,Incomplete,DEFAULT,01/07/2026 01:30:21 MEST
DE,KEEP,in master list,CROATIA-20GB-30D,B0FR9TYCSL,,17.99,0,Active,AMAZON_EU,01/07/2026 01:43:57 MEST
DE,KEEP,in master list,CROATIA-3GB-15D,B0FR9GDKT1,,8.99,0,Active,AMAZON_EU,01/07/2026 01:37:54 MEST
DE,KEEP,in master list,CROATIA-5GB-30D,B0FR9BVV58,,9.99,0,Active,AMAZON_EU,01/07/2026 01:41:33 MEST
DE,KEEP-PARENT,variation parent in Google Sheet,CROATIA-ESIM,B0H738NBTX,,,0,Incomplete,DEFAULT,01/07/2026 01:37:51 MEST
DE,KEEP,in master list,CURACAO-20GB-30D,B0H6MF51WH,,79.99,0,Active,AMAZON_EU,30/06/2026 16:11:33 MEST
DE,KEEP,in master list,CURACAO-3GB-15D,B0H6M81JPM,,22.99,0,Active,AMAZON_EU,30/06/2026 16:04:47 MEST
DE,KEEP,in master list,CURACAO-5GB-30D,B0H6MGZLBC,,29.99,0,Active,AMAZON_EU,30/06/2026 16:08:37 MEST
DE,KEEP-PARENT,variation parent in Google Sheet,CURACAO-ESIM,B0H726FCP8,,,0,Incomplete,DEFAULT,30/06/2026 16:04:43 MEST
DE,KEEP,in master list,CYPRUS-3GB-15D,B0FR8XJWWG,,8.99,0,Active,AMAZON_EU,01/07/2026 01:47:07 MEST
DE,KEEP,in master list,CYPRUS-5GB-30D,B0FR8XHWZV,,9.99,0,Active,AMAZON_EU,01/07/2026 01:50:24 MEST
DE,KEEP-PARENT,variation parent in Google Sheet,CYPRUS-ESIM,B0H73FWNJS,,,0,Incomplete,DEFAULT,01/07/2026 01:47:04 MEST
DE,KEEP,in master list,CZECH-REPUBLIC-20GB-30D,B0FR9SVN9H,,17.99,0,Active,AMAZON_EU,01/07/2026 02:00:29 MEST
DE,KEEP,in master list,CZECH-REPUBLIC-3GB-15D,B0FR9SB2Q3,,8.99,0,Active,AMAZON_EU,01/07/2026 01:53:54 MEST
DE,KEEP,in master list,CZECH-REPUBLIC-5GB-30D,B0FR9BY2LF,,9.99,0,Active,AMAZON_EU,01/07/2026 01:57:23 MEST
DE,KEEP-PARENT,variation parent in Google Sheet,CZECH-REPUBLIC-ESIM,B0H73KKVXY,,,0,Incomplete,DEFAULT,01/07/2026 01:53:51 MEST
DE,KEEP,in master list,DEMOCRATIC-REPUBLIC-OF-THE-CONGO-3GB-15D,B0H6LZL22Y,,14.99,0,Active,AMAZON_EU,30/06/2026 16:15:04 MEST
DE,KEEP,in master list,DEMOCRATIC-REPUBLIC-OF-THE-CONGO-5GB-30D,B0H6M6L8Z8,,22.99,0,Active,AMAZON_EU,30/06/2026 16:18:43 MEST
DE,KEEP-PARENT,variation parent in Google Sheet,DEMOCRATIC-REPUBLIC-OF-THE-CONGO-ESIM,B0H727KGPQ,,,0,Incomplete,DEFAULT,30/06/2026 16:15:00 MEST
DE,KEEP,in master list,DENMARK-20GB-30D,B0FR9QPF45,,15.99,0,Active,AMAZON_EU,01/07/2026 02:10:14 MEST
DE,KEEP,in master list,DENMARK-3GB-15D,B0FR9GSNP4,,8.99,0,Active,AMAZON_EU,01/07/2026 02:03:29 MEST
DE,KEEP,in master list,DENMARK-5GB-30D,B0FR8XQYR4,,9.99,0,Active,AMAZON_EU,01/07/2026 02:07:18 MEST
DE,KEEP-PARENT,variation parent in Google Sheet,DENMARK-ESIM,B0H72X54WN,,,0,Incomplete,DEFAULT,01/07/2026 02:03:25 MEST
DE,KEEP,in master list,DOMINICA-20GB-30D,B0H6MK8XTJ,,87.99,0,Active,AMAZON_EU,30/06/2026 16:32:11 MEST
DE,KEEP,in master list,DOMINICA-3GB-15D,B0H6M9H54M,,24.99,0,Active,AMAZON_EU,30/06/2026 16:25:57 MEST
DE,KEEP,in master list,DOMINICA-5GB-30D,B0H6M5HR32,,32.99,0,Active,AMAZON_EU,30/06/2026 16:29:15 MEST
DE,KEEP-PARENT,variation parent in Google Sheet,DOMINICA-ESIM,B0H72BBJMT,,,0,Incomplete,DEFAULT,30/06/2026 16:25:54 MEST
DE,KEEP,in master list,DOMINICAN-REPUBLIC-20GB-30D,B0FR9C6DJF,,39.99,0,Active,AMAZON_EU,01/07/2026 02:19:26 MEST
DE,KEEP,in master list,DOMINICAN-REPUBLIC-3GB-15D,B0FR9GSKZF,,12.99,0,Active,AMAZON_EU,01/07/2026 02:13:23 MEST
DE,KEEP,in master list,DOMINICAN-REPUBLIC-5GB-30D,B0FR9GQKCM,,15.99,0,Active,AMAZON_EU,01/07/2026 02:16:40 MEST
DE,KEEP-PARENT,variation parent in Google Sheet,DOMINICAN-REPUBLIC-ESIM,B0H73B9HRD,,,0,Incomplete,DEFAULT,01/07/2026 02:13:19 MEST
DE,KEEP-PARENT,variation parent in Google Sheet,DR-CONGO-ESIM,B0H72F5JX9,,,0,Incomplete,DEFAULT,30/06/2026 16:22:11 MEST
DE,KEEP,in master list,DRC-20GB-30D,B0H6MZWFM7,,59.99,0,Active,AMAZON_EU,30/06/2026 16:22:14 MEST
DE,KEEP,in master list,ECUADOR-3GB-15D,B0FR9RM6MP,,14.99,0,Active,AMAZON_EU,01/07/2026 02:22:25 MEST
DE,KEEP-PARENT,variation parent in Google Sheet,ECUADOR-ESIM,B0H732MQR9,,,0,Incomplete,DEFAULT,01/07/2026 02:22:21 MEST
DE,KEEP,in master list,EGYPT-20GB-30D,B0FR9GQBGL,,29.99,0,Active,AMAZON_EU,01/07/2026 02:32:33 MEST
DE,KEEP,in master list,EGYPT-3GB-15D,B0FR9C784N,,10.99,0,Active,AMAZON_EU,01/07/2026 02:26:17 MEST
DE,KEEP,in master list,EGYPT-5GB-30D,B0FR9LR5KJ,,15.99,0,Active,AMAZON_EU,01/07/2026 02:29:57 MEST
DE,KEEP-PARENT,variation parent in Google Sheet,EGYPT-ESIM,B0H73CRVJG,,,0,Incomplete,DEFAULT,01/07/2026 02:26:13 MEST
DE,KEEP,in master list,EL-SALVADOR-3GB-15D,B0FR9LJ7X4,,17.99,0,Active,AMAZON_EU,01/07/2026 02:36:05 MEST
DE,KEEP-PARENT,variation parent in Google Sheet,EL-SALVADOR-ESIM,B0H73DS5B3,,,0,Incomplete,DEFAULT,01/07/2026 02:36:02 MEST
DE,KEEP,in master list,ESTONIA-20GB-30D,B0FR9L527N,,15.99,0,Active,AMAZON_EU,01/07/2026 02:45:50 MEST
DE,KEEP,in master list,ESTONIA-3GB-15D,B0FR9GST1S,,8.99,0,Active,AMAZON_EU,01/07/2026 02:39:47 MEST
DE,KEEP,in master list,ESTONIA-5GB-30D,B0FR9GQYKB,,9.99,0,Active,AMAZON_EU,01/07/2026 02:43:05 MEST
DE,KEEP-PARENT,variation parent in Google Sheet,ESTONIA-ESIM,B0H73PY373,,,0,Incomplete,DEFAULT,01/07/2026 02:39:44 MEST
DE,KEEP,in master list,EUROPE-40-AREAS-20GB-30D,B0FR9TNPV3,,19.99,0,Inactive,AMAZON_EU,01/07/2026 02:51:47 MEST
DE,KEEP,in master list,EUROPE-40-AREAS-5GB-30D,B0FR9RYSSS,,9.99,0,Active,AMAZON_EU,01/07/2026 02:48:19 MEST
DE,KEEP-PARENT,variation parent in Google Sheet,EUROPE-40-AREAS-ESIM,B0H72WMTH1,,,0,Incomplete,DEFAULT,01/07/2026 02:48:16 MEST
DE,KEEP,in master list,FAROE-ISLANDS-20GB-30D,B0H6MB82ZV,,29.99,0,Active,AMAZON_EU,30/06/2026 16:42:18 MEST
DE,KEEP,in master list,FAROE-ISLANDS-3GB-15D,B0H6ML935Q,,9.99,0,Active,AMAZON_EU,30/06/2026 16:35:43 MEST
DE,KEEP,in master list,FAROE-ISLANDS-5GB-30D,B0H6MF2TVH,,11.99,0,Active,AMAZON_EU,30/06/2026 16:39:11 MEST
DE,KEEP-PARENT,variation parent in Google Sheet,FAROE-ISLANDS-ESIM,B0H72696LH,,,0,Incomplete,DEFAULT,30/06/2026 16:35:39 MEST
DE,KEEP,in master list,FIJI-20GB-30D,B0H6MGBL3N,,40.99,0,Active,AMAZON_EU,30/06/2026 16:51:24 MEST
DE,KEEP,in master list,FIJI-3GB-15D,B0H6MFLWYD,,12.99,0,Active,AMAZON_EU,30/06/2026 16:45:20 MEST
DE,KEEP,in master list,FIJI-5GB-30D,B0H6MJ7GS6,,14.99,0,Active,AMAZON_EU,30/06/2026 16:48:37 MEST
DE,KEEP-PARENT,variation parent in Google Sheet,FIJI-ESIM,B0H726913C,,,0,Incomplete,DEFAULT,30/06/2026 16:45:16 MEST
DE,KEEP,in master list,FINLAND-3GB-15D,B0FR9GSND6,,8.99,0,Active,AMAZON_EU,01/07/2026 02:54:58 MEST
DE,KEEP,in master list,FINLAND-5GB-30D,B0FR9SB3BJ,,9.99,0,Active,AMAZON_EU,01/07/2026 02:58:35 MEST
DE,KEEP-PARENT,variation parent in Google Sheet,FINLAND-ESIM,B0H73L46SG,,,0,Incomplete,DEFAULT,01/07/2026 02:54:54 MEST
DE,KEEP,in master list,FRANCE-20GB-30D,B0FR9GPMC5,,15.99,0,Active,AMAZON_EU,01/07/2026 03:09:48 MEST
DE,KEEP,in master list,FRANCE-3GB-15D,B0FR9C5ZB6,,8.99,0,Active,AMAZON_EU,01/07/2026 03:02:08 MEST
DE,KEEP,in master list,FRANCE-5GB-30D,B0FR9LMDW5,,9.99,0,Active,AMAZON_EU,01/07/2026 03:06:08 MEST
DE,KEEP-PARENT,variation parent in Google Sheet,FRANCE-ESIM,B0H73M6BMW,,,0,Incomplete,DEFAULT,01/07/2026 03:02:04 MEST
DE,KEEP,in master list,FRENCH-GUIANA-20GB-30D,B0H6MDNXJJ,,17.99,0,Active,AMAZON_EU,30/06/2026 17:00:49 MEST
DE,KEEP,in master list,FRENCH-GUIANA-3GB-15D,B0H6MFD6Z3,,8.99,0,Active,AMAZON_EU,30/06/2026 16:54:23 MEST
DE,KEEP,in master list,FRENCH-GUIANA-5GB-30D,B0H6MGC352,,9.99,0,Active,AMAZON_EU,30/06/2026 16:57:42 MEST
DE,KEEP-PARENT,variation parent in Google Sheet,FRENCH-GUIANA-ESIM,B0H72G5B2W,,,0,Incomplete,DEFAULT,30/06/2026 16:54:20 MEST
DE,KEEP,in master list,FRENCH-POLYNESIA-20GB-30D,B0H6M59GH9,,242.99,0,Active,AMAZON_EU,30/06/2026 17:10:24 MEST
DE,KEEP,in master list,FRENCH-POLYNESIA-3GB-15D,B0H6MF6GHP,,47.99,0,Active,AMAZON_EU,30/06/2026 17:04:00 MEST
DE,KEEP,in master list,FRENCH-POLYNESIA-5GB-30D,B0H6MD2GXY,,66.99,0,Active,AMAZON_EU,30/06/2026 17:07:18 MEST
DE,KEEP-PARENT,variation parent in Google Sheet,FRENCH-POLYNESIA-ESIM,B0H72GLSXC,,,0,Incomplete,DEFAULT,30/06/2026 17:03:57 MEST
DE,KEEP,in master list,GABON-3GB-15D,B0FR9GPX9T,,17.99,0,Active,AMAZON_EU,01/07/2026 03:13:20 MEST
DE,KEEP-PARENT,variation parent in Google Sheet,GABON-ESIM,B0H73B1DBN,,,0,Incomplete,DEFAULT,01/07/2026 03:13:17 MEST
DE,KEEP,in master list,GAMBIA-3GB-15D,B0H2FTMBBQ,,35.99,0,Active,AMAZON_EU,01/07/2026 16:12:19 MEST
DE,KEEP,in master list,GAMBIA-5GB-30D,B0H2FQ3QJ9,,57.99,0,Active,AMAZON_EU,01/07/2026 16:16:20 MEST
DE,KEEP-PARENT,variation parent in Google Sheet,GAMBIA-ESIM,B0H7622XJK,,,0,Incomplete,DEFAULT,01/07/2026 16:12:15 MEST
DE,KEEP,in master list,GEORGIA-20GB-30D,B0FR9C73NK,,25.99,0,Active,AMAZON_EU,01/07/2026 03:20:29 MEST
DE,KEEP,in master list,GEORGIA-3GB-15D,B0FR9KMX2N,,9.99,0,Active,AMAZON_EU,01/07/2026 03:16:51 MEST
DE,KEEP-PARENT,variation parent in Google Sheet,GEORGIA-ESIM,B0H73JLXGK,,,0,Incomplete,DEFAULT,01/07/2026 03:16:48 MEST
DE,KEEP,in master list,GERMANY-20GB-30D,B0GSZP9H94,,15.99,0,Active,AMAZON_EU,01/07/2026 03:31:41 MEST
DE,KEEP,in master list,GERMANY-3GB-15D,B0GSZBMLKV,,8.99,0,Active,AMAZON_EU,01/07/2026 03:23:59 MEST
DE,KEEP,in master list,GERMANY-5GB-30D,B0GSZDYWLZ,,9.99,0,Active,AMAZON_EU,01/07/2026 03:28:01 MEST
DE,KEEP-PARENT,variation parent in Google Sheet,GERMANY-ESIM,B0H73Q6YDG,,,0,Incomplete,DEFAULT,01/07/2026 03:23:56 MEST
DE,KEEP,in master list,GHANA-20GB-30D,B0H6M9CG3G,,40.99,0,Active,AMAZON_EU,30/06/2026 17:20:19 MEST
DE,KEEP,in master list,GHANA-3GB-15D,B0H6M7CH6H,,12.99,0,Active,AMAZON_EU,30/06/2026 17:13:55 MEST
DE,KEEP,in master list,GHANA-5GB-30D,B0H6MD48NZ,,13.99,0,Active,AMAZON_EU,30/06/2026 17:17:23 MEST
DE,KEEP-PARENT,variation parent in Google Sheet,GHANA-ESIM,B0H72JHMVG,,,0,Incomplete,DEFAULT,30/06/2026 17:13:52 MEST
DE,KEEP,in master list,GIBRALTAR-3GB-15D,B0FR8XSPMC,,8.99,0,Active,AMAZON_EU,01/07/2026 03:35:12 MEST
DE,KEEP-PARENT,variation parent in Google Sheet,GIBRALTAR-ESIM,B0H73CXM63,,,0,Incomplete,DEFAULT,01/07/2026 03:35:09 MEST
DE,KEEP,in master list,GLOBAL139-5GB-30D,B0FR9VNTLY,,41.99,0,Inactive,AMAZON_EU,01/07/2026 03:38:54 MEST
DE,KEEP-PARENT,variation parent in Google Sheet,GLOBAL139-ESIM,B0H73C2QG7,,,0,Incomplete,DEFAULT,01/07/2026 03:38:51 MEST
DE,KEEP,in master list,GREECE-20GB-30D,B0FR9KJGBG,,17.99,0,Active,AMAZON_EU,01/07/2026 03:50:40 MEST
DE,KEEP,in master list,GREECE-3GB-15D,B0FR9L85F6,,8.99,0,Active,AMAZON_EU,01/07/2026 03:42:57 MEST
DE,KEEP,in master list,GREECE-5GB-30D,B0FR9C7SMF,,9.99,0,Active,AMAZON_EU,01/07/2026 03:47:00 MEST
DE,KEEP-PARENT,variation parent in Google Sheet,GREECE-ESIM,B0H7398FLP,,,0,Incomplete,DEFAULT,01/07/2026 03:42:54 MEST
DE,KEEP,in master list,GREENLAND-20GB-30D,B0H6MBT3TW,,113.99,0,Active,AMAZON_EU,30/06/2026 17:30:15 MEST
DE,KEEP,in master list,GREENLAND-3GB-15D,B0H6MLNBK2,,28.99,0,Active,AMAZON_EU,30/06/2026 17:23:40 MEST
DE,KEEP,in master list,GREENLAND-5GB-30D,B0H6MFMLK9,,37.99,0,Active,AMAZON_EU,30/06/2026 17:27:08 MEST
DE,KEEP-PARENT,variation parent in Google Sheet,GREENLAND-ESIM,B0H72MH2JR,,,0,Incomplete,DEFAULT,30/06/2026 17:23:37 MEST
DE,KEEP,in master list,GRENADA-20GB-30D,B0H6MGRF37,,103.99,0,Active,AMAZON_EU,30/06/2026 17:40:21 MEST
DE,KEEP,in master list,GRENADA-3GB-15D,B0H6M8K37V,,29.99,0,Active,AMAZON_EU,30/06/2026 17:33:46 MEST
DE,KEEP,in master list,GRENADA-5GB-30D,B0H6MLJR6Z,,38.99,0,Active,AMAZON_EU,30/06/2026 17:37:14 MEST
DE,KEEP-PARENT,variation parent in Google Sheet,GRENADA-ESIM,B0H72B6QVJ,,,0,Incomplete,DEFAULT,30/06/2026 17:33:42 MEST
DE,KEEP,in master list,GUADELOUPE-20GB-30D,B0FR8XTBF6,,17.99,0,Active,AMAZON_EU,01/07/2026 03:57:50 MEST
DE,KEEP,in master list,GUADELOUPE-3GB-15D,B0FR9TMVWK,,8.99,0,Active,AMAZON_EU,01/07/2026 03:54:23 MEST
DE,KEEP-PARENT,variation parent in Google Sheet,GUADELOUPE-ESIM,B0H73LD2WR,,,0,Incomplete,DEFAULT,01/07/2026 03:54:19 MEST
DE,KEEP,in master list,GUAM-20GB-30D,B0FR9C7MGP,,58.99,0,Active,AMAZON_EU,01/07/2026 04:07:44 MEST
DE,KEEP,in master list,GUAM-3GB-15D,B0FR9GVSSF,,17.99,0,Active,AMAZON_EU,01/07/2026 04:01:10 MEST
DE,KEEP,in master list,GUAM-5GB-30D,B0FR9SVP8Y,,19.99,0,Active,AMAZON_EU,01/07/2026 04:04:38 MEST
DE,KEEP-PARENT,variation parent in Google Sheet,GUAM-ESIM,B0H73VQ4ZN,,,0,Incomplete,DEFAULT,01/07/2026 04:01:07 MEST
DE,KEEP,in master list,GUATEMALA-3GB-15D,B0FR9VC6VD,,16.99,0,Active,AMAZON_EU,01/07/2026 04:11:37 MEST
DE,KEEP-PARENT,variation parent in Google Sheet,GUATEMALA-ESIM,B0H73SX6BH,,,0,Incomplete,DEFAULT,01/07/2026 04:11:33 MEST
DE,KEEP,in master list,GUERNSEY-20GB-30D,B0FR9LYWWY,,47.99,0,Active,AMAZON_EU,01/07/2026 04:22:07 MEST
DE,KEEP,in master list,GUERNSEY-3GB-15D,B0FR9SMWDN,,14.99,0,Active,AMAZON_EU,01/07/2026 04:15:42 MEST
DE,KEEP,in master list,GUERNSEY-5GB-30D,B0FR9C5PXR,,21.99,0,Active,AMAZON_EU,01/07/2026 04:19:00 MEST
DE,KEEP-PARENT,variation parent in Google Sheet,GUERNSEY-ESIM,B0H73PJHSX,,,0,Incomplete,DEFAULT,01/07/2026 04:15:39 MEST
DE,KEEP,in master list,GUINEA-20GB-30D,B0H6M7VHYP,,82.99,0,Active,AMAZON_EU,30/06/2026 17:50:05 MEST
DE,KEEP,in master list,GUINEA-3GB-15D,B0H6MGZTF1,,21.99,0,Active,AMAZON_EU,30/06/2026 17:43:52 MEST
DE,KEEP,in master list,GUINEA-5GB-30D,B0H6MFTVX6,,33.99,0,Active,AMAZON_EU,30/06/2026 17:47:30 MEST
DE,KEEP,in master list,GUINEA-BISSAU-20GB-30D,B0H6MF1JJS,,81.99,0,Active,AMAZON_EU,30/06/2026 17:59:38 MEST
DE,KEEP,in master list,GUINEA-BISSAU-3GB-15D,B0H6MG6X8D,,21.99,0,Active,AMAZON_EU,30/06/2026 17:53:04 MEST
DE,KEEP,in master list,GUINEA-BISSAU-5GB-30D,B0H6MCJ4Y9,,33.99,0,Active,AMAZON_EU,30/06/2026 17:56:11 MEST
DE,KEEP-PARENT,variation parent in Google Sheet,GUINEA-BISSAU-ESIM,B0H727YHNR,,,0,Incomplete,DEFAULT,30/06/2026 17:53:01 MEST
DE,KEEP-PARENT,variation parent in Google Sheet,GUINEA-ESIM,B0H72GM4RX,,,0,Incomplete,DEFAULT,30/06/2026 17:43:48 MEST
DE,KEEP,in master list,GUYANA-20GB-30D,B0H6MD1PB7,,91.99,0,Active,AMAZON_EU,30/06/2026 18:09:32 MEST
DE,KEEP,in master list,GUYANA-3GB-15D,B0H6MCG586,,20.99,0,Active,AMAZON_EU,30/06/2026 18:02:58 MEST
DE,KEEP,in master list,GUYANA-5GB-30D,B0H6MB3FHF,,32.99,0,Active,AMAZON_EU,30/06/2026 18:06:25 MEST
DE,KEEP-PARENT,variation parent in Google Sheet,GUYANA-ESIM,B0H72HB329,,,0,Incomplete,DEFAULT,30/06/2026 18:02:54 MEST
DE,KEEP,in master list,HAITI-20GB-30D,B0H6MBNF3Y,,149.99,0,Active,AMAZON_EU,30/06/2026 18:19:37 MEST
DE,KEEP,in master list,HAITI-3GB-15D,B0H6M9YTL4,,29.99,0,Active,AMAZON_EU,30/06/2026 18:12:52 MEST
DE,KEEP,in master list,HAITI-5GB-30D,B0H6MDHPCV,,48.99,0,Active,AMAZON_EU,30/06/2026 18:16:41 MEST
DE,KEEP-PARENT,variation parent in Google Sheet,HAITI-ESIM,B0H72C5DFG,,,0,Incomplete,DEFAULT,30/06/2026 18:12:49 MEST
DE,KEEP,in master list,HONDURAS-3GB-15D,B0FR9ZYV5G,,14.99,0,Active,AMAZON_EU,01/07/2026 04:25:59 MEST
DE,KEEP-PARENT,variation parent in Google Sheet,HONDURAS-ESIM,B0H73P446S,,,0,Incomplete,DEFAULT,01/07/2026 04:25:55 MEST
DE,KEEP,in master list,HONG-KONG-20GB-30D,B0FR9GXZ6F,,15.99,0,Active,AMAZON_EU,01/07/2026 04:37:41 MEST
DE,KEEP,in master list,HONG-KONG-3GB-15D,B0FR9CC6Q8,,8.99,0,Active,AMAZON_EU,01/07/2026 04:30:02 MEST
DE,KEEP,in master list,HONG-KONG-5GB-30D,B0FR9GXYYL,,9.99,0,Active,AMAZON_EU,01/07/2026 04:34:01 MEST
DE,KEEP-PARENT,variation parent in Google Sheet,HONG-KONG-ESIM,B0H73N9WS9,,,0,Incomplete,DEFAULT,01/07/2026 04:29:58 MEST
DE,KEEP,in master list,HUNGARY-20GB-30D,B0FR9ZVYYQ,,15.99,0,Active,AMAZON_EU,01/07/2026 04:47:16 MEST
DE,KEEP,in master list,HUNGARY-3GB-15D,B0FR9C9JVW,,8.99,0,Active,AMAZON_EU,01/07/2026 04:40:22 MEST
DE,KEEP,in master list,HUNGARY-5GB-30D,B0FR9GY3R5,,9.99,0,Active,AMAZON_EU,01/07/2026 04:44:10 MEST
DE,KEEP-PARENT,variation parent in Google Sheet,HUNGARY-ESIM,B0H73YCRZR,,,0,Incomplete,DEFAULT,01/07/2026 04:40:18 MEST
DE,KEEP,in master list,ICELAND-20GB-30D,B0FR9GX6LF,,17.99,0,Active,AMAZON_EU,01/07/2026 04:57:30 MEST
DE,KEEP,in master list,ICELAND-3GB-15D,B0FR9TBBK1,,8.99,0,Active,AMAZON_EU,01/07/2026 04:50:46 MEST
DE,KEEP,in master list,ICELAND-5GB-30D,B0FR9ZWQBD,,9.99,0,Active,AMAZON_EU,01/07/2026 04:54:13 MEST
DE,KEEP-PARENT,variation parent in Google Sheet,ICELAND-ESIM,B0H73RZFP3,,,0,Incomplete,DEFAULT,01/07/2026 04:50:42 MEST
DE,KEEP,in master list,INDIA-20GB-30D,B0FR9DYMHX,,42.99,0,Active,AMAZON_EU,01/07/2026 05:08:45 MEST
DE,KEEP,in master list,INDIA-3GB-15D,B0FR9ZM116,,14.99,0,Active,AMAZON_EU,01/07/2026 05:01:01 MEST
DE,KEEP,in master list,INDIA-5GB-30D,B0FR9GXWN9,,15.99,0,Active,AMAZON_EU,01/07/2026 05:05:04 MEST
DE,KEEP-PARENT,variation parent in Google Sheet,INDIA-ESIM,B0H73QWNHS,,,0,Incomplete,DEFAULT,01/07/2026 05:00:58 MEST
DE,KEEP,in master list,INDONESIA-20GB-30D,B0FR9QXRDQ,,15.99,0,Active,AMAZON_EU,01/07/2026 05:20:23 MEST
DE,KEEP,in master list,INDONESIA-3GB-15D,B0FR9T6QPZ,,8.99,0,Active,AMAZON_EU,01/07/2026 05:12:40 MEST
DE,KEEP,in master list,INDONESIA-5GB-30D,B0FR8XW5DR,,9.99,0,Active,AMAZON_EU,01/07/2026 05:16:42 MEST
DE,KEEP-PARENT,variation parent in Google Sheet,INDONESIA-ESIM,B0H73VDRKX,,,0,Incomplete,DEFAULT,01/07/2026 05:12:36 MEST
DE,KEEP,in master list,IRAQ-20GB-30D,B0H6M956TN,,32.99,0,Inactive,AMAZON_EU,30/06/2026 18:29:01 MEST
DE,KEEP,in master list,IRAQ-3GB-15D,B0H6MGX6P7,,10.99,0,Active,AMAZON_EU,30/06/2026 18:22:39 MEST
DE,KEEP,in master list,IRAQ-5GB-30D,B0H6MFRHZN,,16.99,0,Inactive,AMAZON_EU,30/06/2026 18:26:06 MEST
DE,KEEP-PARENT,variation parent in Google Sheet,IRAQ-ESIM,B0H72C3BQX,,,0,Incomplete,DEFAULT,30/06/2026 18:22:35 MEST
DE,KEEP,in master list,IRELAND-20GB-30D,B0FR9SZG2Z,,17.99,0,Active,AMAZON_EU,01/07/2026 05:32:03 MEST
DE,KEEP,in master list,IRELAND-3GB-15D,B0FR8XV57F,,8.99,0,Active,AMAZON_EU,01/07/2026 05:24:18 MEST
DE,KEEP,in master list,IRELAND-5GB-30D,B0FR9GYKQL,,9.99,0,Active,AMAZON_EU,01/07/2026 05:28:22 MEST
DE,KEEP-PARENT,variation parent in Google Sheet,IRELAND-ESIM,B0H744MR3F,,,0,Incomplete,DEFAULT,01/07/2026 05:24:14 MEST
DE,KEEP,in master list,ISLE-OF-MAN-20GB-30D,B0FR9CB5LK,,23.99,0,Active,AMAZON_EU,01/07/2026 05:43:02 MEST
DE,KEEP,in master list,ISLE-OF-MAN-3GB-15D,B0FR9LZ7RL,,9.99,0,Active,AMAZON_EU,01/07/2026 05:35:47 MEST
DE,KEEP,in master list,ISLE-OF-MAN-5GB-30D,B0FR9M27XY,,11.99,0,Active,AMAZON_EU,01/07/2026 05:39:35 MEST
DE,KEEP-PARENT,variation parent in Google Sheet,ISLE-OF-MAN-ESIM,B0H73WR78Q,,,0,Incomplete,DEFAULT,01/07/2026 05:35:43 MEST
DE,KEEP,in master list,ISRAEL-20GB-30D,B0FR9K8SQ1,,29.99,0,Active,AMAZON_EU,01/07/2026 05:53:29 MEST
DE,KEEP,in master list,ISRAEL-3GB-15D,B0FR9M11H1,,9.99,0,Active,AMAZON_EU,01/07/2026 05:46:44 MEST
DE,KEEP,in master list,ISRAEL-5GB-30D,B0FR8XVZZM,,11.99,0,Active,AMAZON_EU,01/07/2026 05:50:32 MEST
DE,KEEP-PARENT,variation parent in Google Sheet,ISRAEL-ESIM,B0H73PQJKS,,,0,Incomplete,DEFAULT,01/07/2026 05:46:40 MEST
DE,KEEP,in master list,ITALY-20GB-30D,B0FR9RNZV2,,15.99,0,Active,AMAZON_EU,01/07/2026 06:05:07 MEST
DE,KEEP,in master list,ITALY-3GB-15D,B0FR9GXZ18,,8.99,0,Active,AMAZON_EU,01/07/2026 05:57:21 MEST
DE,KEEP,in master list,ITALY-5GB-30D,B0FR9ZR2TH,,9.99,0,Active,AMAZON_EU,01/07/2026 06:01:27 MEST
DE,KEEP-PARENT,variation parent in Google Sheet,ITALY-ESIM,B0H73QPR8Y,,,0,Incomplete,DEFAULT,01/07/2026 05:57:18 MEST
DE,KEEP,in master list,JAMAICA-20GB-30D,B0H6MF52ZZ,,87.99,0,Active,AMAZON_EU,30/06/2026 18:38:45 MEST
DE,KEEP,in master list,JAMAICA-3GB-15D,B0H6MF3PNQ,,24.99,0,Active,AMAZON_EU,30/06/2026 18:32:12 MEST
DE,KEEP,in master list,JAMAICA-5GB-30D,B0H6MJQCMF,,31.99,0,Active,AMAZON_EU,30/06/2026 18:35:39 MEST
DE,KEEP-PARENT,variation parent in Google Sheet,JAMAICA-ESIM,B0H729F9JF,,,0,Incomplete,DEFAULT,30/06/2026 18:32:08 MEST
DE,KEEP,in master list,JAPAN-20GB-30D,B0FR9RZKRB,,15.99,0,Active,AMAZON_EU,01/07/2026 06:16:43 MEST
DE,KEEP,in master list,JAPAN-3GB-15D,B0FR9LVZVQ,,8.99,0,Active,AMAZON_EU,01/07/2026 06:09:01 MEST
DE,KEEP,in master list,JAPAN-5GB-30D,B0FR9TLXXH,,9.99,0,Active,AMAZON_EU,01/07/2026 06:13:03 MEST
DE,KEEP-PARENT,variation parent in Google Sheet,JAPAN-ESIM,B0H74CZ8QL,,,0,Incomplete,DEFAULT,01/07/2026 06:08:58 MEST
DE,KEEP,in master list,JERSEY-20GB-30D,B0FR9CBQDH,,15.99,0,Active,AMAZON_EU,01/07/2026 06:27:33 MEST
DE,KEEP,in master list,JERSEY-3GB-15D,B0FR9GYMR5,,8.99,0,Active,AMAZON_EU,01/07/2026 06:20:17 MEST
DE,KEEP,in master list,JERSEY-5GB-30D,B0FR9M27GP,,9.99,0,Active,AMAZON_EU,01/07/2026 06:24:05 MEST
DE,KEEP-PARENT,variation parent in Google Sheet,JERSEY-ESIM,B0H73XKP8S,,,0,Incomplete,DEFAULT,01/07/2026 06:20:13 MEST
DE,KEEP,in master list,JORDAN-20GB-30D,B0FR9ST188,,43.99,0,Active,AMAZON_EU,01/07/2026 06:38:20 MEST
DE,KEEP,in master list,JORDAN-3GB-15D,B0FR9M144Z,,14.99,0,Active,AMAZON_EU,01/07/2026 06:30:54 MEST
DE,KEEP,in master list,JORDAN-5GB-30D,B0FR9ZTZNK,,14.99,0,Active,AMAZON_EU,01/07/2026 06:34:43 MEST
DE,KEEP-PARENT,variation parent in Google Sheet,JORDAN-ESIM,B0H74FTBD5,,,0,Incomplete,DEFAULT,01/07/2026 06:30:51 MEST
DE,KEEP,in master list,KAZAKHSTAN-20GB-30D,B0FR9TLNNW,,21.99,0,Active,AMAZON_EU,01/07/2026 06:47:54 MEST
DE,KEEP,in master list,KAZAKHSTAN-3GB-15D,B0FR9T4DG2,,8.99,0,Active,AMAZON_EU,01/07/2026 06:41:20 MEST
DE,KEEP,in master list,KAZAKHSTAN-5GB-30D,B0FR9ZMMSH,,9.99,0,Active,AMAZON_EU,01/07/2026 06:44:48 MEST
DE,KEEP-PARENT,variation parent in Google Sheet,KAZAKHSTAN-ESIM,B0H74D9743,,,0,Incomplete,DEFAULT,01/07/2026 06:41:17 MEST
DE,KEEP,in master list,KENYA-3GB-15D,B0FR9GZ14G,,14.99,0,Active,AMAZON_EU,01/07/2026 06:51:36 MEST
DE,KEEP,in master list,KENYA-5GB-30D,B0FR9T4DG6,,15.99,0,Active,AMAZON_EU,01/07/2026 06:55:38 MEST
DE,KEEP-PARENT,variation parent in Google Sheet,KENYA-ESIM,B0H7467T4V,,,0,Incomplete,DEFAULT,01/07/2026 06:51:32 MEST
DE,KEEP,in master list,KUWAIT-20GB-30D,B0FR9KBF4P,,29.99,0,Active,AMAZON_EU,01/07/2026 07:06:05 MEST
DE,KEEP,in master list,KUWAIT-3GB-15D,B0FR9LZJ3X,,10.99,0,Active,AMAZON_EU,01/07/2026 06:59:11 MEST
DE,KEEP,in master list,KUWAIT-5GB-30D,B0FR9M2TXP,,16.99,0,Active,AMAZON_EU,01/07/2026 07:02:49 MEST
DE,KEEP-PARENT,variation parent in Google Sheet,KUWAIT-ESIM,B0H744HV3X,,,0,Incomplete,DEFAULT,01/07/2026 06:59:08 MEST
DE,KEEP,in master list,KYRGYZSTAN-20GB-30D,B0FR8XXBHM,,19.99,0,Active,AMAZON_EU,01/07/2026 07:12:43 MEST
DE,KEEP,in master list,KYRGYZSTAN-3GB-15D,B0FR9TVF4R,,8.99,0,Active,AMAZON_EU,01/07/2026 07:09:25 MEST
DE,KEEP-PARENT,variation parent in Google Sheet,KYRGYZSTAN-ESIM,B0H74LZR5F,,,0,Incomplete,DEFAULT,01/07/2026 07:09:22 MEST
DE,KEEP,in master list,LAOS-20GB-30D,B0H6MBWGX1,,34.99,0,Active,AMAZON_EU,30/06/2026 18:47:38 MEST
DE,KEEP,in master list,LAOS-3GB-15D,B0H6M96WPB,,10.99,0,Active,AMAZON_EU,30/06/2026 18:41:24 MEST
DE,KEEP,in master list,LAOS-5GB-30D,B0H6MBJN5B,,16.99,0,Active,AMAZON_EU,30/06/2026 18:44:52 MEST
DE,KEEP-PARENT,variation parent in Google Sheet,LAOS-ESIM,B0H72L2VZ1,,,0,Incomplete,DEFAULT,30/06/2026 18:41:21 MEST
DE,KEEP,in master list,LATVIA-20GB-30D,B0FR9SWN6V,,15.99,0,Active,AMAZON_EU,01/07/2026 07:22:50 MEST
DE,KEEP,in master list,LATVIA-3GB-15D,B0FR9VM4K6,,8.99,0,Active,AMAZON_EU,01/07/2026 07:16:16 MEST
DE,KEEP,in master list,LATVIA-5GB-30D,B0FR9TR99S,,9.99,0,Active,AMAZON_EU,01/07/2026 07:19:33 MEST
DE,KEEP-PARENT,variation parent in Google Sheet,LATVIA-ESIM,B0H74FTS59,,,0,Incomplete,DEFAULT,01/07/2026 07:16:13 MEST
DE,KEEP,in master list,LIBERIA-3GB-15D,B0FR9H18JQ,,21.99,0,Active,AMAZON_EU,01/07/2026 13:19:09 MEST
DE,KEEP,in master list,LIBERIA-5GB-30D,B0FR9SJ1YH,,33.99,0,Active,AMAZON_EU,01/07/2026 07:29:19 MEST
DE,KEEP-PARENT,variation parent in Google Sheet,LIBERIA-ESIM,B0H74NVWBQ,,,0,Incomplete,DEFAULT,01/07/2026 07:25:47 MEST
DE,KEEP,in master list,LIBYA-20GB-30D,B0H6MFWD2Y,,125.99,0,Active,AMAZON_EU,30/06/2026 18:56:52 MEST
DE,KEEP,in master list,LIBYA-3GB-15D,B0H6MBYGXZ,,33.99,0,Active,AMAZON_EU,30/06/2026 18:50:39 MEST
DE,KEEP,in master list,LIBYA-5GB-30D,B0H6M5PVSB,,44.99,0,Active,AMAZON_EU,30/06/2026 18:53:57 MEST
DE,KEEP-PARENT,variation parent in Google Sheet,LIBYA-ESIM,B0H72DTBVV,,,0,Incomplete,DEFAULT,30/06/2026 18:50:36 MEST
DE,KEEP,in master list,LIECHTENSTEIN-3GB-15D,B0FR9S35ZH,,8.99,0,Active,AMAZON_EU,01/07/2026 07:32:29 MEST
DE,KEEP-PARENT,variation parent in Google Sheet,LIECHTENSTEIN-ESIM,B0H74PM4NY,,,0,Incomplete,DEFAULT,01/07/2026 07:32:26 MEST
DE,KEEP,in master list,LITHUANIA-20GB-30D,B0FR9TQN8N,,17.99,0,Active,AMAZON_EU,01/07/2026 07:43:46 MEST
DE,KEEP,in master list,LITHUANIA-3GB-15D,B0FR9KS3P4,,8.99,0,Active,AMAZON_EU,01/07/2026 07:36:31 MEST
DE,KEEP,in master list,LITHUANIA-5GB-30D,B0FR9R598C,,9.99,0,Active,AMAZON_EU,01/07/2026 07:40:19 MEST
DE,KEEP-PARENT,variation parent in Google Sheet,LITHUANIA-ESIM,B0H74JNJPZ,,,0,Incomplete,DEFAULT,01/07/2026 07:36:27 MEST
DE,KEEP,in master list,LUXEMBOURG-20GB-30D,B0FR8XXXZB,,17.99,0,Active,AMAZON_EU,01/07/2026 07:54:14 MEST
DE,KEEP,in master list,LUXEMBOURG-3GB-15D,B0FR9SHRKM,,8.99,0,Active,AMAZON_EU,01/07/2026 07:47:39 MEST
DE,KEEP,in master list,LUXEMBOURG-5GB-30D,B0FR9SB862,,9.99,0,Active,AMAZON_EU,01/07/2026 07:50:58 MEST
DE,KEEP-PARENT,variation parent in Google Sheet,LUXEMBOURG-ESIM,B0H74B6WYB,,,0,Incomplete,DEFAULT,01/07/2026 07:47:36 MEST
DE,KEEP,in master list,MACAO-20GB-30D,B0FR9CDBN2,,15.99,0,Active,AMAZON_EU,01/07/2026 08:03:49 MEST
DE,KEEP,in master list,MACAO-3GB-15D,B0FR9M485M,,8.99,0,Active,AMAZON_EU,01/07/2026 07:57:24 MEST
DE,KEEP,in master list,MACAO-5GB-30D,B0FR9L9624,,9.99,0,Active,AMAZON_EU,01/07/2026 08:00:31 MEST
DE,KEEP-PARENT,variation parent in Google Sheet,MACAO-ESIM,B0H748Y5VH,,,0,Incomplete,DEFAULT,01/07/2026 07:57:21 MEST
DE,KEEP,in master list,MADAGASCAR-3GB-15D,B0FR9H2NS1,,25.99,0,Active,AMAZON_EU,01/07/2026 08:07:09 MEST
DE,KEEP-PARENT,variation parent in Google Sheet,MADAGASCAR-ESIM,B0H74L6K4W,,,0,Incomplete,DEFAULT,01/07/2026 08:07:05 MEST
DE,KEEP,in master list,MALAWI-3GB-15D,B0FR9H3JDK,,17.99,0,Active,AMAZON_EU,01/07/2026 08:10:41 MEST
DE,KEEP,in master list,MALAWI-5GB-30D,B0FR9GXY24,,28.99,0,Active,AMAZON_EU,01/07/2026 08:13:58 MEST
DE,KEEP-PARENT,variation parent in Google Sheet,MALAWI-ESIM,B0H74GBBFB,,,0,Incomplete,DEFAULT,01/07/2026 08:10:37 MEST
DE,KEEP,in master list,MALAYSIA-20GB-30D,B0FR9VMWYD,,15.99,0,Active,AMAZON_EU,01/07/2026 08:25:33 MEST
DE,KEEP,in master list,MALAYSIA-3GB-15D,B0FR9H1Q65,,8.99,0,Active,AMAZON_EU,01/07/2026 08:17:50 MEST
DE,KEEP,in master list,MALAYSIA-5GB-30D,B0FR9LDGX8,,9.99,0,Active,AMAZON_EU,01/07/2026 08:21:51 MEST
DE,KEEP-PARENT,variation parent in Google Sheet,MALAYSIA-ESIM,B0H74TSHCZ,,,0,Incomplete,DEFAULT,01/07/2026 08:17:46 MEST
DE,KEEP,in master list,MALDIVES-20GB-30D,B0H6MM5SCJ,,117.99,0,Active,AMAZON_EU,30/06/2026 19:06:16 MEST
DE,KEEP,in master list,MALDIVES-3GB-15D,B0H6MD6Y71,,33.99,0,Active,AMAZON_EU,30/06/2026 19:00:02 MEST
DE,KEEP,in master list,MALDIVES-5GB-30D,B0H6MJQZ8Y,,44.99,0,Active,AMAZON_EU,30/06/2026 19:03:19 MEST
DE,KEEP-PARENT,variation parent in Google Sheet,MALDIVES-ESIM,B0H72GGQ9Z,,,0,Incomplete,DEFAULT,30/06/2026 18:59:59 MEST
DE,KEEP,in master list,MALI-3GB-15D,B0FR9TRDSY,,21.99,0,Active,AMAZON_EU,01/07/2026 08:29:16 MEST
DE,KEEP-PARENT,variation parent in Google Sheet,MALI-ESIM,B0H74QPJTG,,,0,Incomplete,DEFAULT,01/07/2026 08:29:13 MEST
DE,KEEP,in master list,MALTA-20GB-30D,B0FR9VL1Q9,,15.99,0,Active,AMAZON_EU,01/07/2026 08:40:23 MEST
DE,KEEP,in master list,MALTA-3GB-15D,B0FR9M3PNR,,8.99,0,Active,AMAZON_EU,01/07/2026 08:33:18 MEST
DE,KEEP,in master list,MALTA-5GB-30D,B0FR9ZSMTC,,9.99,0,Active,AMAZON_EU,01/07/2026 08:37:06 MEST
DE,KEEP-PARENT,variation parent in Google Sheet,MALTA-ESIM,B0H74VQ32S,,,0,Incomplete,DEFAULT,01/07/2026 08:33:15 MEST
DE,KEEP,in master list,MARTINIQUE-20GB-30D,B0H6MH94KV,,16.99,0,Active,AMAZON_EU,30/06/2026 19:15:50 MEST
DE,KEEP,in master list,MARTINIQUE-3GB-15D,B0H6M7SBFQ,,8.99,0,Active,AMAZON_EU,30/06/2026 19:09:47 MEST
DE,KEEP,in master list,MARTINIQUE-5GB-30D,B0H6MKCD1X,,9.99,0,Active,AMAZON_EU,30/06/2026 19:13:04 MEST
DE,KEEP-PARENT,variation parent in Google Sheet,MARTINIQUE-ESIM,B0H72MCFH8,,,0,Incomplete,DEFAULT,30/06/2026 19:09:43 MEST
DE,KEEP,in master list,MAURITIUS-3GB-15D,B0H2FYRLRC,,16.99,0,Active,AMAZON_EU,01/07/2026 16:20:14 MEST
DE,KEEP,in master list,MAURITIUS-5GB-30D,B0H2G2XMS3,,17.99,0,Active,AMAZON_EU,01/07/2026 16:24:15 MEST
DE,KEEP-PARENT,variation parent in Google Sheet,MAURITIUS-ESIM,B0H75YGJBX,,,0,Incomplete,DEFAULT,01/07/2026 16:20:11 MEST
DE,KEEP,in master list,MAYOTTE-20GB-30D,B0H6M5L8MC,,16.99,0,Active,AMAZON_EU,30/06/2026 19:25:46 MEST
DE,KEEP,in master list,MAYOTTE-3GB-15D,B0H6MFWP88,,8.99,0,Active,AMAZON_EU,30/06/2026 19:19:11 MEST
DE,KEEP,in master list,MAYOTTE-5GB-30D,B0H6MD9C4Y,,9.99,0,Active,AMAZON_EU,30/06/2026 19:22:18 MEST
DE,KEEP-PARENT,variation parent in Google Sheet,MAYOTTE-ESIM,B0H72NGXVJ,,,0,Incomplete,DEFAULT,30/06/2026 19:19:08 MEST
DE,KEEP,in master list,MEXICO-20GB-30D,B0FR9VDSJX,,35.99,0,Active,AMAZON_EU,01/07/2026 08:51:32 MEST
DE,KEEP,in master list,MEXICO-3GB-15D,B0FR9SZSTG,,11.99,0,Active,AMAZON_EU,01/07/2026 08:44:06 MEST
DE,KEEP,in master list,MEXICO-5GB-30D,B0FR9H2K1C,,14.99,0,Active,AMAZON_EU,01/07/2026 08:48:05 MEST
DE,KEEP-PARENT,variation parent in Google Sheet,MEXICO-ESIM,B0H74XQ9Q2,,,0,Incomplete,DEFAULT,01/07/2026 08:44:03 MEST
DE,KEEP,in master list,MIDDLE-EAST-5GB-30D,B0FR9SYKP6,,36.99,0,Active,AMAZON_EU,01/07/2026 08:54:52 MEST
DE,KEEP-PARENT,variation parent in Google Sheet,MIDDLE-EAST-ESIM,B0H74QJK8M,,,0,Incomplete,DEFAULT,01/07/2026 08:54:48 MEST
DE,KEEP,in master list,MOLDOVA-3GB-15D,B0FR9CFQYY,,8.99,0,Active,AMAZON_EU,01/07/2026 08:58:44 MEST
DE,KEEP-PARENT,variation parent in Google Sheet,MOLDOVA-ESIM,B0H7531PR1,,,0,Incomplete,DEFAULT,01/07/2026 08:58:40 MEST
DE,KEEP,in master list,MONACO-3GB-15D,B0FR9ZS6GM,,63.99,0,Active,AMAZON_EU,01/07/2026 09:02:36 MEST
DE,KEEP,in master list,MONACO-5GB-30D,B0FR9H1H4M,,85.99,0,Active,AMAZON_EU,01/07/2026 09:06:24 MEST
DE,KEEP-PARENT,variation parent in Google Sheet,MONACO-ESIM,B0H74XFXPP,,,0,Incomplete,DEFAULT,01/07/2026 09:02:32 MEST
DE,KEEP,in master list,MONGOLIA-3GB-15D,B0FR9LSYTX,,16.99,0,Active,AMAZON_EU,01/07/2026 09:09:54 MEST
DE,KEEP-PARENT,variation parent in Google Sheet,MONGOLIA-ESIM,B0H74WH4R4,,,0,Incomplete,DEFAULT,01/07/2026 09:09:51 MEST
DE,KEEP,in master list,MONTENEGRO-3GB-15D,B0FR9R5HR7,,8.99,0,Active,AMAZON_EU,01/07/2026 09:12:50 MEST
DE,KEEP,in master list,MONTSERRAT-20GB-30D,B0H6MG87HK,,94.99,0,Active,AMAZON_EU,30/06/2026 19:35:32 MEST
DE,KEEP,in master list,MONTSERRAT-3GB-15D,B0H6MDJ2ZR,,25.99,0,Active,AMAZON_EU,30/06/2026 19:29:06 MEST
DE,KEEP,in master list,MONTSERRAT-5GB-30D,B0H6MGQ1Y4,,33.99,0,Active,AMAZON_EU,30/06/2026 19:32:13 MEST
DE,KEEP-PARENT,variation parent in Google Sheet,MONTSERRAT-ESIM,B0H72H7NCF,,,0,Incomplete,DEFAULT,30/06/2026 19:29:03 MEST
DE,KEEP,in master list,MOROCCO-20GB-30D,B0FR9M57DY,,26.99,0,Active,AMAZON_EU,01/07/2026 09:25:31 MEST
DE,KEEP,in master list,MOROCCO-3GB-15D,B0FR9CFZQR,,9.99,0,Active,AMAZON_EU,01/07/2026 09:17:48 MEST
DE,KEEP,in master list,MOROCCO-5GB-30D,B0FR9CDDQ8,,14.99,0,Active,AMAZON_EU,01/07/2026 09:21:50 MEST
DE,KEEP-PARENT,variation parent in Google Sheet,MOROCCO-ESIM,B0H74V6L7H,,,0,Incomplete,DEFAULT,01/07/2026 09:17:45 MEST
DE,KEEP,in master list,MOZAMBIQUE-20GB-30D,B0FR9CFLS7,,75.99,0,Active,AMAZON_EU,01/07/2026 09:33:24 MEST
DE,KEEP,in master list,MOZAMBIQUE-3GB-15D,B0FRB1M6HK,,19.99,0,Active,AMAZON_EU,01/07/2026 09:29:25 MEST
DE,KEEP-PARENT,variation parent in Google Sheet,MOZAMBIQUE-ESIM,B0H74Q8B1L,,,0,Incomplete,DEFAULT,01/07/2026 09:29:22 MEST
DE,KEEP,in master list,NEPAL-3GB-15D,B0FRB1TD7L,,14.99,0,Active,AMAZON_EU,01/07/2026 09:36:55 MEST
DE,KEEP-PARENT,variation parent in Google Sheet,NEPAL-ESIM,B0H752SZQZ,,,0,Incomplete,DEFAULT,01/07/2026 09:36:52 MEST
DE,KEEP,in master list,NETHERLANDS-20GB-30D,B0FR9NG7LB,,16.99,0,Active,AMAZON_EU,01/07/2026 09:48:48 MEST
DE,KEEP,in master list,NETHERLANDS-3GB-15D,B0FRB5GNM2,,8.99,0,Active,AMAZON_EU,01/07/2026 09:41:08 MEST
DE,KEEP,in master list,NETHERLANDS-5GB-30D,B0FR9NHP7Q,,9.99,0,Active,AMAZON_EU,01/07/2026 09:45:08 MEST
DE,KEEP-PARENT,variation parent in Google Sheet,NETHERLANDS-ESIM,B0H74Y7MQ8,,,0,Incomplete,DEFAULT,01/07/2026 09:41:04 MEST
DE,KEEP,in master list,NEW-ZEALAND-20GB-30D,B0FRB1TWT8,,24.99,0,Active,AMAZON_EU,01/07/2026 09:59:06 MEST
DE,KEEP,in master list,NEW-ZEALAND-3GB-15D,B0FR9NKXF5,,9.99,0,Active,AMAZON_EU,01/07/2026 09:52:21 MEST
DE,KEEP,in master list,NEW-ZEALAND-5GB-30D,B0FR9NHFWQ,,11.99,0,Active,AMAZON_EU,01/07/2026 09:55:50 MEST
DE,KEEP-PARENT,variation parent in Google Sheet,NEW-ZEALAND-ESIM,B0H74RLDWV,,,0,Incomplete,DEFAULT,01/07/2026 09:52:18 MEST
DE,KEEP,in master list,NICARAGUA-3GB-15D,B0FRB33MPG,,14.99,0,Active,AMAZON_EU,01/07/2026 10:02:27 MEST
DE,KEEP-PARENT,variation parent in Google Sheet,NICARAGUA-ESIM,B0H74RB3K2,,,0,Incomplete,DEFAULT,01/07/2026 10:02:24 MEST
DE,KEEP,in master list,NIGER-3GB-15D,B0FR9NPT1H,,17.99,0,Active,AMAZON_EU,01/07/2026 10:06:40 MEST
DE,KEEP-PARENT,variation parent in Google Sheet,NIGER-ESIM,B0H74WT2N1,,,0,Incomplete,DEFAULT,01/07/2026 10:06:37 MEST
DE,KEEP,in master list,NIGERIA-3GB-15D,B0FR9X17QY,,14.99,0,Active,AMAZON_EU,01/07/2026 10:10:55 MEST
DE,KEEP-PARENT,variation parent in Google Sheet,NIGERIA-ESIM,B0H753GVK6,,,0,Incomplete,DEFAULT,01/07/2026 10:10:51 MEST
DE,KEEP,in master list,NORTH-AMERICA-5GB-30D,B0FRBDQ8H5,,16.99,0,Active,AMAZON_EU,01/07/2026 10:15:09 MEST
DE,KEEP-PARENT,variation parent in Google Sheet,NORTH-AMERICA-ESIM,B0H74VV2P8,,,0,Incomplete,DEFAULT,01/07/2026 10:15:05 MEST
DE,KEEP,in master list,NORTH-MACEDONIA-3GB-15D,B0FRB59DJS,,9.99,0,Active,AMAZON_EU,01/07/2026 10:19:23 MEST
DE,KEEP,in master list,NORTH-MACEDONIA-5GB-30D,B0FR9WNHHX,,14.99,0,Active,AMAZON_EU,01/07/2026 10:23:23 MEST
DE,KEEP-PARENT,variation parent in Google Sheet,NORTH-MACEDONIA-ESIM,B0H754QMM8,,,0,Incomplete,DEFAULT,01/07/2026 10:19:20 MEST
DE,KEEP,in master list,NORWAY-20GB-30D,B0FRB572L8,,15.99,0,Inactive,AMAZON_EU,01/07/2026 10:34:56 MEST
DE,KEEP,in master list,NORWAY-3GB-15D,B0FR9WNK2H,,8.99,0,Active,AMAZON_EU,01/07/2026 10:27:17 MEST
DE,KEEP,in master list,NORWAY-5GB-30D,B0FRBNPZ9D,,9.99,0,Active,AMAZON_EU,01/07/2026 10:31:19 MEST
DE,KEEP-PARENT,variation parent in Google Sheet,NORWAY-ESIM,B0H755MCYZ,,,0,Incomplete,DEFAULT,01/07/2026 10:27:13 MEST
DE,KEEP,in master list,OMAN-20GB-30D,B0FRB4R3FK,,32.99,0,Active,AMAZON_EU,01/07/2026 15:31:22 MEST
DE,KEEP,in master list,OMAN-3GB-15D,B0FRB4BL4W,,11.99,0,Active,AMAZON_EU,01/07/2026 10:38:49 MEST
DE,KEEP-PARENT,variation parent in Google Sheet,OMAN-ESIM,B0H75528Q1,,,0,Incomplete,DEFAULT,01/07/2026 10:38:46 MEST
DE,KEEP,in master list,PAKISTAN-20GB-30D,B0FRB691X8,,22.99,0,Active,AMAZON_EU,01/07/2026 10:54:25 MEST
DE,KEEP,in master list,PAKISTAN-3GB-15D,B0FRB4HL3B,,8.99,0,Active,AMAZON_EU,01/07/2026 10:46:46 MEST
DE,KEEP,in master list,PAKISTAN-5GB-30D,B0FRB48QKZ,,10.99,0,Active,AMAZON_EU,01/07/2026 10:50:46 MEST
DE,KEEP-PARENT,variation parent in Google Sheet,PAKISTAN-ESIM,B0H755MQZ4,,,0,Incomplete,DEFAULT,01/07/2026 10:46:42 MEST
DE,KEEP,in master list,PANAMA-3GB-15D,B0FRB3VFW6,,17.99,0,Active,AMAZON_EU,01/07/2026 10:58:18 MEST
DE,KEEP-PARENT,variation parent in Google Sheet,PANAMA-ESIM,B0H7568YXY,,,0,Incomplete,DEFAULT,01/07/2026 10:58:15 MEST
DE,KEEP,in master list,PARAGUAY-3GB-15D,B0FRB3V7CS,,14.99,0,Active,AMAZON_EU,01/07/2026 11:02:33 MEST
DE,KEEP-PARENT,variation parent in Google Sheet,PARAGUAY-ESIM,B0H756BNYD,,,0,Incomplete,DEFAULT,01/07/2026 11:02:30 MEST
DE,KEEP,in master list,PERU-20GB-30D,B0H6M8BLBD,,42.99,0,Active,AMAZON_EU,30/06/2026 13:19:21 MEST
DE,KEEP,in master list,PERU-3GB-15D,B0H6M5WW3B,,14.99,0,Active,AMAZON_EU,30/06/2026 13:15:03 MEST
DE,KEEP-PARENT,variation parent in Google Sheet,PERU-ESIM,B0H721FRHN,,,0,Incomplete,DEFAULT,30/06/2026 13:15:00 MEST
DE,KEEP,in master list,PHILIPPINES-20GB-30D,B0FRB4K2D4,,23.99,0,Active,AMAZON_EU,01/07/2026 11:14:32 MEST
DE,KEEP,in master list,PHILIPPINES-3GB-15D,B0FRB1GVXK,,8.99,0,Active,AMAZON_EU,01/07/2026 11:07:17 MEST
DE,KEEP,in master list,PHILIPPINES-5GB-30D,B0FRB4VCKG,,10.12,0,Active,AMAZON_EU,01/07/2026 11:11:16 MEST
DE,KEEP-PARENT,variation parent in Google Sheet,PHILIPPINES-ESIM,B0H75BQTZW,,,0,Incomplete,DEFAULT,01/07/2026 11:06:46 MEST
DE,KEEP,in master list,POLAND-20GB-30D,B0FRB5HSK7,,15.99,0,Active,AMAZON_EU,01/07/2026 11:26:33 MEST
DE,KEEP,in master list,POLAND-3GB-15D,B0FRB4JVKR,,8.99,0,Active,AMAZON_EU,01/07/2026 11:18:27 MEST
DE,KEEP,in master list,POLAND-5GB-30D,B0FRBDPQ9J,,9.99,0,Active,AMAZON_EU,01/07/2026 11:22:28 MEST
DE,KEEP-PARENT,variation parent in Google Sheet,POLAND-ESIM,B0H75BSKCN,,,0,Incomplete,DEFAULT,01/07/2026 11:18:23 MEST
DE,KEEP,in master list,PORTUGAL-20GB-30D,B0FRB354KV,,15.99,0,Active,AMAZON_EU,01/07/2026 11:37:46 MEST
DE,KEEP,in master list,PORTUGAL-3GB-15D,B0FRB4314T,,8.99,0,Active,AMAZON_EU,01/07/2026 11:30:31 MEST
DE,KEEP,in master list,PORTUGAL-5GB-30D,B0FRB4X799,,9.99,0,Active,AMAZON_EU,01/07/2026 11:34:53 MEST
DE,KEEP-PARENT,variation parent in Google Sheet,PORTUGAL-ESIM,B0H758TF1T,,,0,Incomplete,DEFAULT,01/07/2026 11:30:00 MEST
DE,KEEP,in master list,PUERTO-RICO-3GB-15D,B0FRB5MSF1,,12.99,0,Active,AMAZON_EU,01/07/2026 22:14:43 MEST
DE,KEEP,in master list,PUERTO-RICO-5GB-30D,B0FR9WMX9V,,14.99,0,Active,AMAZON_EU,01/07/2026 21:48:39 MEST
DE,KEEP-PARENT,variation parent in Google Sheet,PUERTO-RICO-ESIM,B0H75B3ZYK,,,0,Incomplete,DEFAULT,01/07/2026 11:41:36 MEST
DE,KEEP,in master list,QATAR-20GB-30D,B0FR9X3QGM,,31.99,0,Active,AMAZON_EU,01/07/2026 11:57:18 MEST
DE,KEEP,in master list,QATAR-3GB-15D,B0FR9NXH43,,10.99,0,Active,AMAZON_EU,01/07/2026 21:05:24 MEST
DE,KEEP,in master list,QATAR-5GB-30D,B0FR9X5KB1,,17.99,0,Active,AMAZON_EU,01/07/2026 11:53:37 MEST
DE,KEEP-PARENT,variation parent in Google Sheet,QATAR-ESIM,B0H75FDBG4,,,0,Incomplete,DEFAULT,01/07/2026 11:49:33 MEST
DE,KEEP,in master list,REPUBLIC-OF-THE-CONGO-20GB-30D,B0H6MJ756Y,,78.99,0,Active,AMAZON_EU,30/06/2026 19:45:19 MEST
DE,KEEP,in master list,REPUBLIC-OF-THE-CONGO-3GB-15D,B0H6MM6DKT,,22.99,0,Active,AMAZON_EU,30/06/2026 19:39:04 MEST
DE,KEEP,in master list,REPUBLIC-OF-THE-CONGO-5GB-30D,B0H6MBXD3B,,33.99,0,Active,AMAZON_EU,30/06/2026 19:42:21 MEST
DE,KEEP-PARENT,variation parent in Google Sheet,REPUBLIC-OF-THE-CONGO-ESIM,B0H72JM9ZB,,,0,Incomplete,DEFAULT,30/06/2026 19:39:00 MEST
DE,KEEP,in master list,REUNION-3GB-15D,B0FRB3KCNQ,,8.99,0,Inactive,AMAZON_EU,01/07/2026 12:01:12 MEST
DE,KEEP,in master list,REUNION-5GB-30D,B0FRB47TQW,,9.99,0,Inactive,AMAZON_EU,01/07/2026 23:21:13 MEST
DE,KEEP-PARENT,variation parent in Google Sheet,REUNION-ESIM,B0H759DF21,,,0,Incomplete,DEFAULT,01/07/2026 12:01:09 MEST
DE,KEEP,in master list,ROMANIA-20GB-30D,B0H6MGRC1F,,15.99,0,Active,AMAZON_EU,30/06/2026 19:55:25 MEST
DE,KEEP,in master list,ROMANIA-3GB-15D,B0H6MKQH2C,,8.99,0,Active,AMAZON_EU,30/06/2026 19:48:50 MEST
DE,KEEP,in master list,ROMANIA-5GB-30D,B0H6MFVLCB,,9.99,0,Active,AMAZON_EU,30/06/2026 19:51:57 MEST
DE,KEEP-PARENT,variation parent in Google Sheet,ROMANIA-ESIM,B0H72KS4JQ,,,0,Incomplete,DEFAULT,30/06/2026 19:48:46 MEST
DE,KEEP,in master list,RUSSIA-20GB-30D,B0H6MDSLNC,,23.99,0,Active,AMAZON_EU,30/06/2026 20:05:01 MEST
DE,KEEP,in master list,RUSSIA-3GB-15D,B0H6MDNPC8,,9.99,0,Active,AMAZON_EU,30/06/2026 19:58:26 MEST
DE,KEEP,in master list,RUSSIA-5GB-30D,B0H6MLHHB2,,13.99,0,Active,AMAZON_EU,30/06/2026 20:01:33 MEST
DE,KEEP-PARENT,variation parent in Google Sheet,RUSSIA-ESIM,B0H72Q4VQ7,,,0,Incomplete,DEFAULT,30/06/2026 19:58:22 MEST
DE,KEEP,in master list,RWANDA-20GB-30D,B0H6M66BWN,,97.99,0,Active,AMAZON_EU,30/06/2026 20:14:37 MEST
DE,KEEP,in master list,RWANDA-3GB-15D,B0H6MK2ZBQ,,24.99,0,Active,AMAZON_EU,30/06/2026 20:08:11 MEST
DE,KEEP,in master list,RWANDA-5GB-30D,B0H6MJZHP1,,32.99,0,Active,AMAZON_EU,30/06/2026 20:11:40 MEST
DE,KEEP-PARENT,variation parent in Google Sheet,RWANDA-ESIM,B0H72TCZ75,,,0,Incomplete,DEFAULT,30/06/2026 20:08:08 MEST
DE,KEEP,in master list,SAINT-BARTHELEMY-20GB-30D,B0H6MJHHNB,,16.99,0,Active,AMAZON_EU,30/06/2026 20:24:23 MEST
DE,KEEP,in master list,SAINT-BARTHELEMY-3GB-15D,B0H6MDMD63,,8.99,0,Active,AMAZON_EU,30/06/2026 20:17:59 MEST
DE,KEEP,in master list,SAINT-BARTHELEMY-5GB-30D,B0H6MBS246,,9.99,0,Active,AMAZON_EU,30/06/2026 20:21:17 MEST
DE,KEEP-PARENT,variation parent in Google Sheet,SAINT-BARTHELEMY-ESIM,B0H72VH91H,,,0,Incomplete,DEFAULT,30/06/2026 20:17:55 MEST
DE,KEEP,in master list,SAINT-KITTS-AND-NEVIS-20GB-30D,B0H6MJQSR4,,103.99,0,Active,AMAZON_EU,30/06/2026 20:33:48 MEST
DE,KEEP,in master list,SAINT-KITTS-AND-NEVIS-3GB-15D,B0H6MDHJ2B,,29.99,0,Active,AMAZON_EU,30/06/2026 20:27:35 MEST
DE,KEEP,in master list,SAINT-KITTS-AND-NEVIS-5GB-30D,B0H6MBK615,,38.99,0,Active,AMAZON_EU,30/06/2026 20:30:41 MEST
DE,KEEP-PARENT,variation parent in Google Sheet,SAINT-KITTS-AND-NEVIS-ESIM,B0H72V82X8,,,0,Incomplete,DEFAULT,30/06/2026 20:27:31 MEST
DE,KEEP,in master list,SAINT-LUCIA-20GB-30D,B0H6MDX8DY,,103.99,0,Active,AMAZON_EU,30/06/2026 20:43:11 MEST
DE,KEEP,in master list,SAINT-LUCIA-3GB-15D,B0H6M7Y1CD,,29.99,0,Active,AMAZON_EU,30/06/2026 20:37:18 MEST
DE,KEEP,in master list,SAINT-LUCIA-5GB-30D,B0H6MGBXNV,,38.99,0,Active,AMAZON_EU,30/06/2026 20:40:26 MEST
DE,KEEP-PARENT,variation parent in Google Sheet,SAINT-LUCIA-ESIM,B0H72V7K5N,,,0,Incomplete,DEFAULT,30/06/2026 20:37:15 MEST
DE,KEEP,in master list,SAINT-MARTIN-20GB-30D,B0H6MF7K64,,16.99,0,Active,AMAZON_EU,30/06/2026 20:52:56 MEST
DE,KEEP,in master list,SAINT-MARTIN-3GB-15D,B0H6MDB2CN,,8.99,0,Active,AMAZON_EU,30/06/2026 20:46:32 MEST
DE,KEEP,in master list,SAINT-MARTIN-5GB-30D,B0H6MC37Q1,,9.99,0,Active,AMAZON_EU,30/06/2026 20:49:50 MEST
DE,KEEP-PARENT,variation parent in Google Sheet,SAINT-MARTIN-ESIM,B0H73HMJQ6,,,0,Incomplete,DEFAULT,30/06/2026 20:46:28 MEST
DE,KEEP,in master list,SAINT-VINCENT-AND-THE-GRENADINES-3GB-15D,B0H6MF3FWZ,,34.99,0,Active,AMAZON_EU,30/06/2026 20:56:07 MEST
DE,KEEP,in master list,SAINT-VINCENT-AND-THE-GRENADINES-5GB-30D,B0H6MJXH8Z,,46.99,0,Active,AMAZON_EU,30/06/2026 20:59:45 MEST
DE,KEEP-PARENT,variation parent in Google Sheet,SAINT-VINCENT-AND-THE-GRENADINES-ESIM,B0H73CWDCF,,,0,Incomplete,DEFAULT,30/06/2026 20:56:03 MEST
DE,KEEP,in master list,SAMOA-20GB-30D,B0H6MJQDSM,,295.99,0,Active,AMAZON_EU,30/06/2026 21:13:42 MEST
DE,KEEP,in master list,SAMOA-3GB-15D,B0H6MGJ45S,,58.99,0,Active,AMAZON_EU,30/06/2026 21:06:57 MEST
DE,KEEP,in master list,SAMOA-5GB-30D,B0H6MFFZH1,,80.99,0,Active,AMAZON_EU,30/06/2026 21:10:46 MEST
DE,KEEP-PARENT,variation parent in Google Sheet,SAMOA-ESIM,B0H737BF38,,,0,Incomplete,DEFAULT,30/06/2026 21:06:54 MEST
DE,KEEP,in master list,SAN-MARINO-20GB-30D,B0H6MDHJFJ,,16.99,0,Active,AMAZON_EU,30/06/2026 21:23:28 MEST
DE,KEEP,in master list,SAN-MARINO-3GB-15D,B0H6MG33GL,,8.99,0,Active,AMAZON_EU,30/06/2026 21:16:52 MEST
DE,KEEP,in master list,SAN-MARINO-5GB-30D,B0H6ML6C38,,9.99,0,Active,AMAZON_EU,30/06/2026 21:20:11 MEST
DE,KEEP-PARENT,variation parent in Google Sheet,SAN-MARINO-ESIM,B0H73DK4QR,,,0,Incomplete,DEFAULT,30/06/2026 21:16:49 MEST
DE,KEEP,in master list,SAUDI-ARABIA-20GB-30D,B0FRB5PZTS,,33.99,0,Active,AMAZON_EU,01/07/2026 12:16:50 MEST
DE,KEEP,in master list,SAUDI-ARABIA-3GB-15D,B0FRB3N2KL,,11.99,0,Active,AMAZON_EU,01/07/2026 12:09:07 MEST
DE,KEEP,in master list,SAUDI-ARABIA-5GB-30D,B0FRB1SRZY,,14.99,0,Active,AMAZON_EU,01/07/2026 22:43:03 MEST
DE,KEEP-PARENT,variation parent in Google Sheet,SAUDI-ARABIA-ESIM,B0H75GXRDQ,,,0,Incomplete,DEFAULT,01/07/2026 12:09:04 MEST
DE,KEEP,in master list,SENEGAL-3GB-15D,B0FRB4HX92,,16.99,0,Active,AMAZON_EU,01/07/2026 12:20:45 MEST
DE,KEEP,in master list,SENEGAL-5GB-30D,B0FRB68H77,,18.99,0,Active,AMAZON_EU,01/07/2026 12:24:48 MEST
DE,KEEP-PARENT,variation parent in Google Sheet,SENEGAL-ESIM,B0H75GT4HF,,,0,Incomplete,DEFAULT,01/07/2026 12:20:42 MEST
DE,KEEP,in master list,SERBIA-20GB-30D,B0FRB5K8JC,,21.99,0,Inactive,AMAZON_EU,01/07/2026 12:32:35 MEST
DE,KEEP,in master list,SERBIA-3GB-15D,B0FRB5TJV2,,8.99,0,Active,AMAZON_EU,01/07/2026 12:28:32 MEST
DE,KEEP-PARENT,variation parent in Google Sheet,SERBIA-ESIM,B0H75N5YYK,,,0,Incomplete,DEFAULT,01/07/2026 12:28:29 MEST
DE,KEEP,in master list,SEYCHELLES-3GB-15D,B0FRB55T3H,,17.99,0,Active,AMAZON_EU,01/07/2026 12:36:30 MEST
DE,KEEP,in master list,SEYCHELLES-5GB-30D,B0FR9P7N6M,,28.99,0,Active,AMAZON_EU,01/07/2026 12:40:33 MEST
DE,KEEP-PARENT,variation parent in Google Sheet,SEYCHELLES-ESIM,B0H75HMZNF,,,0,Incomplete,DEFAULT,01/07/2026 12:36:27 MEST
DE,KEEP,in master list,SIERRA-LEONE-20GB-30D,B0H6ML1JW1,,94.99,0,Active,AMAZON_EU,30/06/2026 21:33:25 MEST
DE,KEEP,in master list,SIERRA-LEONE-3GB-15D,B0H6MHPWKP,,26.99,0,Active,AMAZON_EU,30/06/2026 21:26:59 MEST
DE,KEEP,in master list,SIERRA-LEONE-5GB-30D,B0H6MBK6HZ,,33.99,0,Active,AMAZON_EU,30/06/2026 21:30:29 MEST
DE,KEEP-PARENT,variation parent in Google Sheet,SIERRA-LEONE-ESIM,B0H72W73D2,,,0,Incomplete,DEFAULT,30/06/2026 21:26:56 MEST
DE,KEEP,in master list,SINGAPORE-20GB-30D,B0FRB256K8,,15.99,0,Active,AMAZON_EU,01/07/2026 12:48:30 MEST
DE,KEEP,in master list,SINGAPORE-5GB-30D,B0FR9X3Y3R,,9.99,0,Active,AMAZON_EU,01/07/2026 12:44:28 MEST
DE,KEEP-PARENT,variation parent in Google Sheet,SINGAPORE-ESIM,B0H75R4K1Q,,,0,Incomplete,DEFAULT,01/07/2026 12:44:24 MEST
DE,KEEP,in master list,SLOVAKIA-20GB-30D,B0FRB14YYC,,15.99,0,Active,AMAZON_EU,01/07/2026 12:59:41 MEST
DE,KEEP,in master list,SLOVAKIA-3GB-15D,B0FR9XC4BW,,8.99,0,Active,AMAZON_EU,01/07/2026 12:52:13 MEST
DE,KEEP,in master list,SLOVAKIA-5GB-30D,B0FRB2X84M,,9.99,0,Active,AMAZON_EU,01/07/2026 12:56:14 MEST
DE,KEEP-PARENT,variation parent in Google Sheet,SLOVAKIA-ESIM,B0H75K72V2,,,0,Incomplete,DEFAULT,01/07/2026 12:52:10 MEST
DE,KEEP,in master list,SLOVENIA-20GB-30D,B0FR9X15V2,,15.99,0,Active,AMAZON_EU,01/07/2026 13:11:14 MEST
DE,KEEP,in master list,SLOVENIA-3GB-15D,B0FR9XCF27,,8.99,0,Active,AMAZON_EU,01/07/2026 13:03:33 MEST
DE,KEEP,in master list,SLOVENIA-5GB-30D,B0FRB3SJMR,,9.99,0,Active,AMAZON_EU,01/07/2026 13:07:33 MEST
DE,KEEP-PARENT,variation parent in Google Sheet,SLOVENIA-ESIM,B0H75PVMNL,,,0,Incomplete,DEFAULT,01/07/2026 13:03:30 MEST
DE,KEEP,in master list,SOUTH-AFRICA-5GB-30D,B0FRB3R6F3,,15.99,0,Active,AMAZON_EU,01/07/2026 13:15:09 MEST
DE,KEEP-PARENT,variation parent in Google Sheet,SOUTH-AFRICA-ESIM,B0H75TRYZS,,,0,Incomplete,DEFAULT,01/07/2026 13:15:06 MEST
DE,KEEP,in master list,SOUTH-AMERICA-5GB-30D,B0FRB8D7HC,,21.99,0,Active,AMAZON_EU,01/07/2026 13:19:25 MEST
DE,KEEP-PARENT,variation parent in Google Sheet,SOUTH-AMERICA-ESIM,B0H75M494G,,,0,Incomplete,DEFAULT,01/07/2026 13:19:21 MEST
DE,KEEP,in master list,SOUTH-KOREA-20GB-30D,B0FRC4P51Z,,15.99,0,Inactive,AMAZON_EU,01/07/2026 13:31:22 MEST
DE,KEEP,in master list,SOUTH-KOREA-3GB-15D,B0FRC4RTDF,,8.99,0,Active,AMAZON_EU,02/07/2026 02:23:13 MEST
DE,KEEP,in master list,SOUTH-KOREA-5GB-30D,B0FRD9LC4C,,9.99,0,Inactive,AMAZON_EU,07/07/2026 12:42:27 MEST
DE,KEEP-PARENT,variation parent in Google Sheet,SOUTH-KOREA-ESIM,B0H75LZ6XK,,,0,Incomplete,DEFAULT,01/07/2026 13:23:36 MEST
DE,KEEP,in master list,SPAIN-20GB-30D,B0FRCMPGPL,,15.99,0,Inactive,AMAZON_EU,01/07/2026 13:43:03 MEST
DE,KEEP,in master list,SPAIN-3GB-15D,B0FRCDHTZ7,,8.99,0,Active,AMAZON_EU,01/07/2026 13:35:18 MEST
DE,KEEP,in master list,SPAIN-5GB-30D,B0FRBQCLZN,,9.99,0,Active,AMAZON_EU,01/07/2026 13:39:22 MEST
DE,KEEP-PARENT,variation parent in Google Sheet,SPAIN-ESIM,B0H75ZCFHM,,,0,Incomplete,DEFAULT,01/07/2026 13:35:15 MEST
DE,KEEP,in master list,SRI-LANKA-20GB-30D,B0FRC2DZN5,,28.99,0,Active,AMAZON_EU,01/07/2026 13:54:40 MEST
DE,KEEP,in master list,SRI-LANKA-3GB-15D,B0FRB7Z1NW,,10.99,0,Active,AMAZON_EU,01/07/2026 13:46:58 MEST
DE,KEEP,in master list,SRI-LANKA-5GB-30D,B0FRB64B8M,,12.99,0,Active,AMAZON_EU,01/07/2026 13:51:00 MEST
DE,KEEP-PARENT,variation parent in Google Sheet,SRI-LANKA-ESIM,B0H75R4QW2,,,0,Incomplete,DEFAULT,01/07/2026 13:46:54 MEST
DE,KEEP,in master list,SUDAN-3GB-15D,B0FRCKTXNQ,,22.99,0,Active,AMAZON_EU,01/07/2026 13:58:34 MEST
DE,KEEP,in master list,SUDAN-5GB-30D,B0FRC799N3,,30.99,0,Active,AMAZON_EU,01/07/2026 14:02:15 MEST
DE,KEEP-PARENT,variation parent in Google Sheet,SUDAN-ESIM,B0H75SK7PF,,,0,Incomplete,DEFAULT,01/07/2026 13:58:31 MEST
DE,KEEP,in master list,SURINAME-20GB-30D,B0H6MNKY5H,,74.99,0,Active,AMAZON_EU,30/06/2026 21:43:08 MEST
DE,KEEP,in master list,SURINAME-3GB-15D,B0H6MLWJMY,,19.99,0,Active,AMAZON_EU,30/06/2026 21:36:45 MEST
DE,KEEP,in master list,SURINAME-5GB-30D,B0H6MNS3N5,,32.99,0,Active,AMAZON_EU,30/06/2026 21:40:02 MEST
DE,KEEP-PARENT,variation parent in Google Sheet,SURINAME-ESIM,B0H72WRD3Y,,,0,Incomplete,DEFAULT,30/06/2026 21:36:42 MEST
DE,KEEP,in master list,SVG-20GB-30D,B0H6MWF5B5,,125.99,0,Active,AMAZON_EU,30/06/2026 21:02:56 MEST
DE,KEEP-PARENT,variation parent in Google Sheet,SVG-ESIM,B0H72WYXKX,,,0,Incomplete,DEFAULT,30/06/2026 21:02:52 MEST
DE,KEEP,in master list,SWEDEN-20GB-30D,B0FRB7X5SP,,15.99,0,Inactive,AMAZON_EU,01/07/2026 14:13:55 MEST
DE,KEEP,in master list,SWEDEN-3GB-15D,B0FRCC6W9S,,8.99,0,Active,AMAZON_EU,01/07/2026 14:06:10 MEST
DE,KEEP,in master list,SWEDEN-5GB-30D,B0FRCS524D,,9.99,0,Inactive,AMAZON_EU,03/07/2026 17:54:51 MEST
DE,KEEP-PARENT,variation parent in Google Sheet,SWEDEN-ESIM,B0H75QH5VL,,,0,Incomplete,DEFAULT,01/07/2026 14:06:07 MEST
DE,KEEP,in master list,SWITZERLAND-20GB-30D,B0FRB6VY7S,,15.99,0,Inactive,AMAZON_EU,01/07/2026 14:25:36 MEST
DE,KEEP,in master list,SWITZERLAND-3GB-15D,B0FRB5LFVC,,8.99,0,Active,AMAZON_EU,01/07/2026 14:17:50 MEST
DE,KEEP,in master list,SWITZERLAND-5GB-30D,B0FRB7G4VW,,9.99,0,Active,AMAZON_EU,01/07/2026 14:21:53 MEST
DE,KEEP-PARENT,variation parent in Google Sheet,SWITZERLAND-ESIM,B0H75TGGQQ,,,0,Incomplete,DEFAULT,01/07/2026 14:17:46 MEST
DE,KEEP,in master list,TAJIKISTAN-20GB-30D,B0H6M85C77,,41.99,0,Active,AMAZON_EU,30/06/2026 21:53:23 MEST
DE,KEEP,in master list,TAJIKISTAN-3GB-15D,B0H6M7XFN6,,15.99,0,Active,AMAZON_EU,30/06/2026 21:46:29 MEST
DE,KEEP,in master list,TAJIKISTAN-5GB-30D,B0H6MFYMXZ,,16.99,0,Active,AMAZON_EU,30/06/2026 21:50:06 MEST
DE,KEEP-PARENT,variation parent in Google Sheet,TAJIKISTAN-ESIM,B0H73HF1KQ,,,0,Incomplete,DEFAULT,30/06/2026 21:46:25 MEST
DE,KEEP,in master list,TANZANIA-3GB-15D,B0FRC81NPJ,,16.99,0,Active,AMAZON_EU,01/07/2026 14:29:32 MEST
DE,KEEP-PARENT,variation parent in Google Sheet,TANZANIA-ESIM,B0H75Z5D9W,,,0,Incomplete,DEFAULT,01/07/2026 14:29:28 MEST
DE,KEEP,in master list,THAILAND-20GB-30D,B0FRCHW3MW,,15.99,0,Inactive,AMAZON_EU,01/07/2026 14:41:31 MEST
DE,KEEP,in master list,THAILAND-3GB-15D,B0FRCDPJSH,,8.99,0,Active,AMAZON_EU,01/07/2026 14:34:16 MEST
DE,KEEP,in master list,THAILAND-5GB-30D,B0FR9Q5D1J,,9.99,0,Active,AMAZON_EU,01/07/2026 14:38:38 MEST
DE,KEEP-PARENT,variation parent in Google Sheet,THAILAND-ESIM,B0H75STDWH,,,0,Incomplete,DEFAULT,01/07/2026 14:33:45 MEST
DE,KEEP,in master list,TRINIDAD-AND-TOBAGO-20GB-30D,B0H6MF31VP,,96.99,0,Active,AMAZON_EU,30/06/2026 22:03:27 MEST
DE,KEEP,in master list,TRINIDAD-AND-TOBAGO-3GB-15D,B0H6MJTHXK,,22.99,0,Active,AMAZON_EU,30/06/2026 21:56:33 MEST
DE,KEEP,in master list,TRINIDAD-AND-TOBAGO-5GB-30D,B0H6MJTHY9,,33.99,0,Active,AMAZON_EU,30/06/2026 22:00:11 MEST
DE,KEEP-PARENT,variation parent in Google Sheet,TRINIDAD-AND-TOBAGO-ESIM,B0H73FBXG1,,,0,Incomplete,DEFAULT,30/06/2026 21:56:29 MEST
DE,KEEP,in master list,TUNISIA-5GB-30D,B0FRB7Q96Z,,11.99,0,Inactive,AMAZON_EU,01/07/2026 14:45:25 MEST
DE,KEEP-PARENT,variation parent in Google Sheet,TUNISIA-ESIM,B0H75VJBTJ,,,0,Incomplete,DEFAULT,01/07/2026 14:45:22 MEST
DE,KEEP,in master list,TURKEY-20GB-30D,B0FRCYMWCX,,17.99,0,Inactive,AMAZON_EU,01/07/2026 14:57:22 MEST
DE,KEEP,in master list,TURKEY-3GB-15D,B0FRC2PSHM,,8.99,0,Active,AMAZON_EU,01/07/2026 14:49:41 MEST
DE,KEEP,in master list,TURKEY-5GB-30D,B0FRCBZ1BB,,8.99,0,Active,AMAZON_EU,01/07/2026 14:54:06 MEST
DE,KEEP-PARENT,variation parent in Google Sheet,TURKEY-ESIM,B0H75THYK9,,,0,Incomplete,DEFAULT,01/07/2026 14:49:37 MEST
DE,KEEP,in master list,TURKS-AND-CAICOS-ISLANDS-20GB-30D,B0H6MLBGX7,,90.99,0,Active,AMAZON_EU,30/06/2026 22:13:42 MEST
DE,KEEP,in master list,TURKS-AND-CAICOS-ISLANDS-3GB-15D,B0H6MNNXGL,,23.99,0,Active,AMAZON_EU,30/06/2026 22:06:58 MEST
DE,KEEP,in master list,TURKS-AND-CAICOS-ISLANDS-5GB-30D,B0H6MLH1KM,,29.99,0,Active,AMAZON_EU,30/06/2026 22:10:15 MEST
DE,KEEP-PARENT,variation parent in Google Sheet,TURKS-AND-CAICOS-ISLANDS-ESIM,B0H73F181N,,,0,Incomplete,DEFAULT,30/06/2026 22:06:55 MEST
DE,KEEP,in master list,UGANDA-3GB-15D,B0FRB7F7Z9,,18.99,0,Active,AMAZON_EU,01/07/2026 15:01:17 MEST
DE,KEEP-PARENT,variation parent in Google Sheet,UGANDA-ESIM,B0H75ZX5D3,,,0,Incomplete,DEFAULT,01/07/2026 15:01:13 MEST
DE,KEEP,in master list,UKRAINE-3GB-15D,B0FRB9SBFR,,8.99,0,Active,AMAZON_EU,01/07/2026 21:57:06 MEST
DE,KEEP,in master list,UKRAINE-5GB-30D,B0FRC2NRKG,,9.99,0,Inactive,AMAZON_EU,02/07/2026 15:41:45 MEST
DE,KEEP-PARENT,variation parent in Google Sheet,UKRAINE-ESIM,B0H766BK31,,,0,Incomplete,DEFAULT,01/07/2026 15:05:08 MEST
DE,KEEP,in master list,UNITED-ARAB-EMIRATES-20GB-30D,B0FRB7TFJR,,36.99,0,Active,AMAZON_EU,01/07/2026 15:20:48 MEST
DE,KEEP,in master list,UNITED-ARAB-EMIRATES-3GB-15D,B0FRBBYBGH,,12.99,0,Active,AMAZON_EU,01/07/2026 15:13:07 MEST
DE,KEEP,in master list,UNITED-ARAB-EMIRATES-5GB-30D,B0FRB89XHX,,15.99,0,Active,AMAZON_EU,01/07/2026 15:17:08 MEST
DE,KEEP-PARENT,variation parent in Google Sheet,UNITED-ARAB-EMIRATES-ESIM,B0H7682KD8,,,0,Incomplete,DEFAULT,01/07/2026 15:13:04 MEST
DE,KEEP,in master list,UNITED-KINGDOM-20GB-30D,B0FRDGCBTN,,15.99,0,Active,AMAZON_EU,01/07/2026 15:32:27 MEST
DE,KEEP,in master list,UNITED-KINGDOM-3GB-15D,B0FRCPD8TS,,8.99,0,Active,AMAZON_EU,01/07/2026 15:24:43 MEST
DE,KEEP,in master list,UNITED-KINGDOM-5GB-30D,B0FRDDRGJF,,9.99,0,Active,AMAZON_EU,01/07/2026 15:28:46 MEST
DE,KEEP-PARENT,variation parent in Google Sheet,UNITED-KINGDOM-ESIM,B0H75W3SV4,,,0,Incomplete,DEFAULT,01/07/2026 15:24:39 MEST
DE,KEEP,in master list,UNITED-STATES-3GB-15D,B0FRCFXK3V,,8.99,0,Active,AMAZON_EU,01/07/2026 15:36:49 MEST
DE,KEEP,in master list,UNITED-STATES-5GB-30D,B0FRC2PQ8H,,9.99,0,Active,AMAZON_EU,01/07/2026 15:40:23 MEST
DE,KEEP-PARENT,variation parent in Google Sheet,UNITED-STATES-ESIM,B0H75XFW2F,,,0,Incomplete,DEFAULT,01/07/2026 15:36:17 MEST
DE,KEEP,in master list,URUGUAY-3GB-15D,B0FRB7LHGN,,17.99,0,Active,AMAZON_EU,01/07/2026 15:44:17 MEST
DE,KEEP-PARENT,variation parent in Google Sheet,URUGUAY-ESIM,B0H75T525T,,,0,Incomplete,DEFAULT,01/07/2026 15:44:13 MEST
DE,KEEP,in master list,UZBEKISTAN-5GB-30D,B0FRBWFZ6M,,9.99,0,Active,AMAZON_EU,01/07/2026 15:48:32 MEST
DE,KEEP-PARENT,variation parent in Google Sheet,UZBEKISTAN-ESIM,B0H764MCTR,,,0,Incomplete,DEFAULT,01/07/2026 15:48:29 MEST
DE,KEEP,in master list,VATICAN-CITY-20GB-30D,B0H6MDPLZ9,,15.99,0,Active,AMAZON_EU,30/06/2026 22:23:07 MEST
DE,KEEP,in master list,VATICAN-CITY-3GB-15D,B0H6MBMF8G,,8.99,0,Active,AMAZON_EU,30/06/2026 22:16:42 MEST
DE,KEEP,in master list,VATICAN-CITY-5GB-30D,B0H6M7YXNP,,9.99,0,Active,AMAZON_EU,30/06/2026 22:20:00 MEST
DE,KEEP-PARENT,variation parent in Google Sheet,VATICAN-CITY-ESIM,B0H73BVK1W,,,0,Incomplete,DEFAULT,30/06/2026 22:16:38 MEST
DE,KEEP,in master list,VIETNAM-20GB-30D,B0FRC2NKC4,,22.99,0,Active,AMAZON_EU,01/07/2026 16:00:28 MEST
DE,KEEP,in master list,VIETNAM-3GB-15D,B0FRBR2DHW,,8.99,0,Inactive,AMAZON_EU,01/07/2026 15:52:47 MEST
DE,KEEP,in master list,VIETNAM-5GB-30D,B0FRCBXRGV,,10.99,0,Active,AMAZON_EU,01/07/2026 15:56:48 MEST
DE,KEEP-PARENT,variation parent in Google Sheet,VIETNAM-ESIM,B0H763BRS6,,,0,Incomplete,DEFAULT,01/07/2026 15:52:43 MEST
DE,KEEP,in master list,ZAMBIA-3GB-15D,B0FRC2NSM2,,17.99,0,Active,AMAZON_EU,01/07/2026 16:04:23 MEST
DE,KEEP,in master list,ZAMBIA-5GB-30D,B0FRCL97L4,,28.99,0,Active,AMAZON_EU,01/07/2026 16:08:24 MEST
DE,KEEP-PARENT,variation parent in Google Sheet,ZAMBIA-ESIM,B0H7635FYK,,,0,Incomplete,DEFAULT,01/07/2026 16:04:19 MEST
IT,DELETE,not in master list,AE_20_30,B0FRB7TFJR,,43.41,0,Active,AMAZON_EU,25/03/2026 10:44:04 MET
IT,DELETE,not in master list,AE_3_15,B0FRBBYBGH,,11.66,0,Active,AMAZON_EU,25/03/2026 09:19:13 MET
IT,DELETE,not in master list,AE_5_30,B0FRB89XHX,,16.42,0,Active,AMAZON_EU,25/03/2026 10:01:51 MET
IT,DELETE,not in master list,AU_20_30,B0FR9G1ZQJ,,16.34,0,Active,AMAZON_EU,25/03/2026 10:12:05 MET
IT,DELETE,not in master list,AU_3_15,B0FR9SKY4D,,7.56,0,Active,AMAZON_EU,25/03/2026 10:44:44 MET
IT,DELETE,not in master list,AU_5_30,B0FR9JRB62,,9.32,0,Active,AMAZON_EU,25/03/2026 09:17:37 MET
IT,DELETE,not in master list,BE_20_30,B0FR9BVRCH,,20.57,0,Active,AMAZON_EU,25/03/2026 11:37:03 MET
IT,DELETE,not in master list,BE_3_15,B0FR9G432K,,8.15,0,Active,AMAZON_EU,25/03/2026 08:38:40 MET
IT,DELETE,not in master list,BE_5_30,B0FR9SXCW6,,9.32,0,Active,AMAZON_EU,25/03/2026 08:38:31 MET
IT,DELETE,not in master list,CA_20_30,B0FR9BY42D,,29.84,0,Inactive,AMAZON_EU,25/03/2026 08:52:38 MET
IT,DELETE,not in master list,CA_3_15,B0FR9RZLF3,,12.33,0,Inactive,AMAZON_EU,25/03/2026 11:36:04 MET
IT,DELETE,not in master list,CA_5_30,B0FR9SYCBK,,15.85,0,Inactive,AMAZON_EU,25/03/2026 09:17:57 MET
IT,DELETE,not in master list,CH_20_30,B0FRB6VY7S,,17.51,0,Inactive,AMAZON_EU,25/03/2026 08:51:50 MET
IT,DELETE,not in master list,CH_3_15,B0FRB5LFVC,,6.99,0,Active,AMAZON_EU,25/03/2026 09:39:42 MET
IT,DELETE,not in master list,CH_5_30,B0FRB7G4VW,,9.32,0,Active,AMAZON_EU,25/03/2026 09:19:40 MET
IT,DELETE,not in master list,CN_20_30,B0FR9GD6X9,,20.57,0,Inactive,AMAZON_EU,25/03/2026 08:52:27 MET
IT,DELETE,not in master list,CN_3_15,B0FR9QZ578,,8.15,0,Active,AMAZON_EU,25/03/2026 11:25:34 MET
IT,DELETE,not in master list,CN_5_30,B0FR9HX7XH,,10.49,0,Active,AMAZON_EU,25/03/2026 10:05:23 MET
IT,DELETE,not in master list,DE_20_30,B0GSZP9H94,,32.84,0,Inactive,AMAZON_EU,25/03/2026 08:52:52 MET
IT,DELETE,not in master list,DE_3_15,B0GSZBMLKV,,10.02,0,Inactive,AMAZON_EU,25/03/2026 10:24:13 MET
IT,DELETE,not in master list,DE_5_30,B0GSZDYWLZ,,11.76,0,Inactive,AMAZON_EU,25/03/2026 09:19:10 MET
IT,DELETE,not in master list,EG_20_30,B0FR9GQBGL,,36.39,0,Active,AMAZON_EU,25/03/2026 12:55:04 MET
IT,DELETE,not in master list,EG_3_15,B0FR9C784N,,11.66,0,Active,AMAZON_EU,25/03/2026 08:39:44 MET
IT,DELETE,not in master list,EG_3_30,B0FR9GNL93,,14.63,0,Inactive,AMAZON_EU,25/03/2026 10:10:12 MET
IT,DELETE,not in master list,ES_20_30,B0FRCMPGPL,,18.68,0,Inactive,AMAZON_EU,25/03/2026 10:10:15 MET
IT,DELETE,not in master list,ES_3_15,B0FRCDHTZ7,,8.15,0,Active,AMAZON_EU,25/03/2026 11:29:30 MET
IT,DELETE,not in master list,ES_5_30,B0FRBQCLZN,,10.49,0,Active,AMAZON_EU,25/03/2026 09:17:46 MET
IT,DELETE,not in master list,FR_20_30,B0FR9GPMC5,,24.07,0,Active,AMAZON_EU,28/03/2026 15:28:53 MET
IT,DELETE,not in master list,FR_3_15,B0FR9C5ZB6,,9.32,0,Active,AMAZON_EU,28/03/2026 15:44:48 MET
IT,DELETE,not in master list,FR_5_30,B0FR9LMDW5,,11.66,0,Active,AMAZON_EU,12/04/2026 13:25:32 MEST
IT,DELETE,not in master list,GB_20_30,B0FRDGCBTN,,17.02,0,Active,AMAZON_EU,25/03/2026 09:39:26 MET
IT,DELETE,not in master list,GB_3_15,B0FRCPD8TS,,5.81,0,Active,AMAZON_EU,25/03/2026 09:18:56 MET
IT,DELETE,not in master list,GB_5_30,B0FRDDRGJF,,6.99,0,Active,AMAZON_EU,25/03/2026 11:01:30 MET
IT,DELETE,not in master list,GR_20_30,B0FR9KJGBG,,20.57,0,Active,AMAZON_EU,25/03/2026 08:24:53 MET
IT,DELETE,not in master list,GR_3_15,B0FR9L85F6,,6.99,0,Active,AMAZON_EU,25/03/2026 10:05:08 MET
IT,DELETE,not in master list,GR_5_30,B0FR9C7SMF,,6.39,0,Active,AMAZON_EU,25/03/2026 09:54:47 MET
IT,DELETE,not in master list,HAJJ-LUX-10GB-30D,B0H3L75HDS,,71.99,0,Inactive,AMAZON_EU,02/06/2026 05:22:54 MEST
IT,DELETE,not in master list,HAJJ-LUXURY-ESIM,B0H7216Y2N,,,0,Incomplete,DEFAULT,30/06/2026 13:08:19 MEST
IT,DELETE,not in master list,HK_20_30,B0FR9GXZ6F,,21.68,0,Active,AMAZON_EU,25/03/2026 10:57:15 MET
IT,DELETE,not in master list,HK_3_15,B0FR9CC6Q8,,10.02,0,Active,AMAZON_EU,25/03/2026 09:20:06 MET
IT,DELETE,not in master list,HK_5_30,B0FR9GXYYL,,6.5,0,Active,AMAZON_EU,25/03/2026 10:04:37 MET
IT,DELETE,not in master list,ID_20_30,B0FR9QXRDQ,,17.51,0,Active,AMAZON_EU,25/03/2026 12:51:57 MET
IT,DELETE,not in master list,ID_3_15,B0FR9T6QPZ,,6.99,0,Active,AMAZON_EU,25/03/2026 11:01:55 MET
IT,DELETE,not in master list,ID_5_30,B0FR8XW5DR,,5.23,0,Active,AMAZON_EU,25/03/2026 10:06:23 MET
IT,DELETE,not in master list,IE_20_30,B0FR9SZG2Z,,18.68,0,Active,AMAZON_EU,25/03/2026 11:02:27 MET
IT,DELETE,not in master list,IE_3_15,B0FR8XV57F,,6.99,0,Active,AMAZON_EU,25/03/2026 09:56:01 MET
IT,DELETE,not in master list,IE_5_30,B0FR9GYKQL,,6.39,0,Active,AMAZON_EU,25/03/2026 10:44:23 MET
IT,DELETE,not in master list,IN_20_30,B0FR9DYMHX,,42.25,0,Active,AMAZON_EU,28/03/2026 16:04:43 MET
IT,DELETE,not in master list,IN_3_15,B0FR9ZM116,,12.82,0,Active,AMAZON_EU,25/03/2026 09:18:31 MET
IT,DELETE,not in master list,IN_5_30,B0FR9GXWN9,,17.51,0,Active,AMAZON_EU,25/03/2026 10:05:28 MET
IT,DELETE,not in master list,IT_20_30,B0FR9RNZV2,,17.51,0,Active,AMAZON_EU,25/03/2026 10:06:01 MET
IT,DELETE,not in master list,IT_3_15,B0FR9GXZ18,,6.99,0,Active,AMAZON_EU,25/03/2026 10:10:13 MET
IT,DELETE,not in master list,IT_5_30,B0FR9ZR2TH,,5.23,0,Active,AMAZON_EU,25/03/2026 08:52:33 MET
IT,DELETE,not in master list,JP_20_30,B0FR9RZKRB,,17.51,0,Active,AMAZON_EU,25/03/2026 10:43:44 MET
IT,DELETE,not in master list,JP_3_15,B0FR9LVZVQ,,6.99,0,Active,AMAZON_EU,25/03/2026 08:52:08 MET
IT,DELETE,not in master list,JP_5_30,B0FR9TLXXH,,5.23,0,Active,AMAZON_EU,25/03/2026 11:02:07 MET
IT,DELETE,not in master list,KE_3_15,B0FR9GZ14G,,27.04,0,Active,AMAZON_EU,25/03/2026 09:50:05 MET
IT,DELETE,not in master list,KE_5_30,B0FR9T4DG6,,36.4,0,Active,AMAZON_EU,25/03/2026 09:17:32 MET
IT,DELETE,not in master list,MA_20_30,B0FR9M57DY,,30.55,0,Active,AMAZON_EU,25/03/2026 10:04:50 MET
IT,DELETE,not in master list,MA_3_15,B0FR9CFZQR,,9.32,0,Active,AMAZON_EU,25/03/2026 11:10:14 MET
IT,DELETE,not in master list,MA_5_30,B0FR9CDDQ8,,9.91,0,Active,AMAZON_EU,25/03/2026 10:10:19 MET
IT,DELETE,not in master list,MY_20_30,B0FR9VMWYD,,17.51,0,Active,AMAZON_EU,25/03/2026 10:45:10 MET
IT,DELETE,not in master list,MY_3_15,B0FR9H1Q65,,6.99,0,Active,AMAZON_EU,25/03/2026 12:50:51 MET
IT,DELETE,not in master list,MY_5_30,B0FR9LDGX8,,9.32,0,Active,AMAZON_EU,25/03/2026 08:53:21 MET
IT,DELETE,not in master list,NL_20_30,B0FR9NG7LB,,21.75,0,Active,AMAZON_EU,25/03/2026 10:06:52 MET
IT,DELETE,not in master list,NL_3_15,B0FRB5GNM2,,6.99,0,Active,AMAZON_EU,25/03/2026 11:35:36 MET
IT,DELETE,not in master list,NL_5_30,B0FR9NHP7Q,,6.39,0,Active,AMAZON_EU,25/03/2026 09:17:50 MET
IT,DELETE,not in master list,PH_20_30,B0FRB4K2D4,,35.23,0,Active,AMAZON_EU,25/03/2026 08:47:11 MET
IT,DELETE,not in master list,PH_3_15,B0FRB1GVXK,,10.49,0,Active,AMAZON_EU,25/03/2026 08:52:21 MET
IT,DELETE,not in master list,PH_5_30,B0FRB4VCKG,,14.01,0,Active,AMAZON_EU,25/03/2026 11:37:26 MET
IT,DELETE,not in master list,PL_20_30,B0FRB5HSK7,,17.51,0,Active,AMAZON_EU,25/03/2026 10:05:19 MET
IT,DELETE,not in master list,PL_3_15,B0FRB4JVKR,,6.99,0,Active,AMAZON_EU,25/03/2026 08:53:27 MET
IT,DELETE,not in master list,PL_5_30,B0FRBDPQ9J,,5.23,0,Active,AMAZON_EU,25/03/2026 10:52:13 MET
IT,DELETE,not in master list,PT_20_30,B0FRB354KV,,21.75,0,Active,AMAZON_EU,25/03/2026 09:26:19 MET
IT,DELETE,not in master list,PT_3_15,B0FRB4314T,,6.99,0,Active,AMAZON_EU,25/03/2026 10:44:41 MET
IT,DELETE,not in master list,PT_5_30,B0FRB4X799,,6.39,0,Active,AMAZON_EU,25/03/2026 09:26:01 MET
IT,DELETE,not in master list,SG_20_30,B0FRB256K8,,18.68,0,Active,AMAZON_EU,25/03/2026 09:24:51 MET
IT,DELETE,not in master list,SG_3_30,B0FRB3KY59,,12.32,0,Inactive,AMAZON_EU,25/03/2026 08:47:15 MET
IT,DELETE,not in master list,SG_5_30,B0FR9X3Y3R,,10.49,0,Active,AMAZON_EU,25/03/2026 10:19:53 MET
IT,DELETE,not in master list,SN_3_15,B0FRB4HX92,,30.55,0,Active,AMAZON_EU,25/03/2026 09:19:29 MET
IT,DELETE,not in master list,SN_5_30,B0FRB68H77,,44.58,0,Active,AMAZON_EU,25/03/2026 10:05:16 MET
IT,DELETE,not in master list,TH_20_30,B0FRCHW3MW,,18.67,0,Inactive,AMAZON_EU,25/03/2026 09:25:34 MET
IT,DELETE,not in master list,TH_3_15,B0FRCDPJSH,,7.02,0,Active,AMAZON_EU,25/03/2026 09:10:35 MET
IT,DELETE,not in master list,TH_5_30,B0FR9Q5D1J,,5.23,0,Active,AMAZON_EU,25/03/2026 10:05:05 MET
IT,DELETE,not in master list,TN_10_30,B0FRB85GLD,,23.47,0,Inactive,AMAZON_EU,25/03/2026 10:12:17 MET
IT,DELETE,not in master list,TN_3_30,B0FRCKZKVY,,11.72,0,Inactive,AMAZON_EU,25/03/2026 10:03:34 MET
IT,DELETE,not in master list,TN_5_30,B0FRB7Q96Z,,15.16,0,Inactive,AMAZON_EU,25/03/2026 10:04:46 MET
IT,DELETE,not in master list,TR_20_30,B0FRCYMWCX,,17.51,0,Inactive,AMAZON_EU,25/03/2026 10:23:35 MET
IT,DELETE,not in master list,TR_3_15,B0FRC2PSHM,,6.99,0,Active,AMAZON_EU,25/03/2026 09:19:11 MET
IT,DELETE,not in master list,TR_5_30,B0FRCBZ1BB,,5.23,0,Active,AMAZON_EU,25/03/2026 09:49:24 MET
IT,DELETE,not in master list,TZ_3_15,B0FRC81NPJ,,27.04,0,Active,AMAZON_EU,25/03/2026 11:01:45 MET
IT,DELETE,not in master list,US_20_90,B0FRB9JP2K,,27,0,Inactive,AMAZON_EU,25/03/2026 11:01:06 MET
IT,DELETE,not in master list,US_3_15,B0FRCFXK3V,,7.61,0,Active,AMAZON_EU,25/03/2026 12:32:14 MET
IT,DELETE,not in master list,US_5_30,B0FRC2PQ8H,,6.99,0,Active,AMAZON_EU,25/03/2026 09:10:27 MET
IT,DELETE,not in master list,VN_20_30,B0FRC2NKC4,,,0,Incomplete,AMAZON_EU,28/03/2026 17:38:39 MET
IT,DELETE,not in master list,VN_3_15,B0FRBR2DHW,,,0,Incomplete,AMAZON_EU,28/03/2026 16:36:10 MET
IT,DELETE,not in master list,VN_5_30,B0FRCBXRGV,,,0,Incomplete,AMAZON_EU,28/03/2026 16:36:20 MET
IT,DELETE,not in master list,ZA_10_30,B0FRB4RSW2,,31.63,0,Inactive,AMAZON_EU,25/03/2026 08:52:20 MET
IT,DELETE,not in master list,ZA_5_30,B0FRB3R6F3,,18.68,0,Active,AMAZON_EU,25/03/2026 10:05:17 MET
IT,DELETE,not in master list,ZM_3_15,B0FRC2NSM2,,,0,Incomplete,AMAZON_EU,28/03/2026 16:40:51 MET
IT,DELETE,not in master list,ZM_5_30,B0FRCL97L4,,,0,Incomplete,AMAZON_EU,28/03/2026 16:15:25 MET
IT,KEEP,in master list,AALAND-ISLANDS-20GB-30D,B0FR39Q1KJ,,33.99,0,Active,AMAZON_EU,30/06/2026 22:43:12 MEST
IT,KEEP,in master list,AALAND-ISLANDS-3GB-15D,B0FR3CCSMB,,9.99,0,Active,AMAZON_EU,30/06/2026 22:36:20 MEST
IT,KEEP,in master list,AALAND-ISLANDS-5GB-30D,B0FR3G6JWB,,13.99,0,Active,AMAZON_EU,30/06/2026 22:40:05 MEST
IT,KEEP-PARENT,variation parent in Google Sheet,AALAND-ISLANDS-ESIM,B0H73JGC17,,,0,Incomplete,DEFAULT,30/06/2026 22:36:17 MEST
IT,KEEP,in master list,AFRICA-5GB-30D,B0FR3GK9Z7,,29.99,0,Active,AMAZON_EU,30/06/2026 22:46:25 MEST
IT,KEEP-PARENT,variation parent in Google Sheet,AFRICA-ESIM,B0H73JM22X,,,0,Incomplete,DEFAULT,30/06/2026 22:46:22 MEST
IT,KEEP,in master list,ALBANIA-5GB-30D,B0FR4ZG3Z6,,10.99,0,Inactive,AMAZON_EU,30/06/2026 22:50:06 MEST
IT,KEEP-PARENT,variation parent in Google Sheet,ALBANIA-ESIM,B0H73CJ38M,,,0,Incomplete,DEFAULT,30/06/2026 22:50:02 MEST
IT,KEEP,in master list,ALGERIA-20GB-30D,B0H6M5TDMD,,26.99,0,Active,AMAZON_EU,30/06/2026 13:31:07 MEST
IT,KEEP,in master list,ALGERIA-3GB-15D,B0H6M9R3WH,,9.99,0,Active,AMAZON_EU,30/06/2026 13:23:13 MEST
IT,KEEP,in master list,ALGERIA-5GB-30D,B0H6MDYKG8,,11.99,0,Active,AMAZON_EU,30/06/2026 13:27:17 MEST
IT,KEEP-PARENT,variation parent in Google Sheet,ALGERIA-ESIM,B0H71S7X6C,,,0,Incomplete,DEFAULT,30/06/2026 13:23:09 MEST
IT,KEEP,in master list,ANDORRA-20GB-30D,B0H6MJ97WC,,44.99,0,Inactive,AMAZON_EU,30/06/2026 13:42:39 MEST
IT,KEEP,in master list,ANDORRA-3GB-15D,B0H6MBPRYN,,15.99,0,Active,AMAZON_EU,30/06/2026 13:35:05 MEST
IT,KEEP,in master list,ANDORRA-5GB-30D,B0H6M5P65S,,16.99,0,Active,AMAZON_EU,30/06/2026 13:38:58 MEST
IT,KEEP-PARENT,variation parent in Google Sheet,ANDORRA-ESIM,B0H71NQDQ9,,,0,Incomplete,DEFAULT,30/06/2026 13:35:01 MEST
IT,KEEP,in master list,ANGOLA-3GB-15D,B0H6M5RWZH,,35.99,0,Active,AMAZON_EU,30/06/2026 13:45:55 MEST
IT,KEEP,in master list,ANGOLA-5GB-30D,B0H6MKZSB4,,58.99,0,Active,AMAZON_EU,30/06/2026 13:49:38 MEST
IT,KEEP-PARENT,variation parent in Google Sheet,ANGOLA-ESIM,B0H71YQ32F,,,0,Incomplete,DEFAULT,30/06/2026 13:45:52 MEST
IT,KEEP,in master list,ANGUILLA-20GB-30D,B0H6MHMZY8,,87.99,0,Active,AMAZON_EU,30/06/2026 14:09:47 MEST
IT,KEEP,in master list,ANGUILLA-3GB-15D,B0H6M7X7QY,,24.99,0,Active,AMAZON_EU,30/06/2026 14:02:29 MEST
IT,KEEP,in master list,ANGUILLA-5GB-30D,B0H6MFJ63H,,32.99,0,Active,AMAZON_EU,30/06/2026 14:06:14 MEST
IT,KEEP-PARENT,variation parent in Google Sheet,ANGUILLA-ESIM,B0H71YN315,,,0,Incomplete,DEFAULT,30/06/2026 14:02:25 MEST
IT,KEEP,in master list,ANTIGUA-AND-BARBUDA-20GB-30D,B0H6M2MQJB,,99.99,0,Active,AMAZON_EU,30/06/2026 14:38:18 MEST
IT,KEEP,in master list,ANTIGUA-AND-BARBUDA-3GB-15D,B0H6MBBFLQ,,26.99,0,Active,AMAZON_EU,30/06/2026 14:13:24 MEST
IT,KEEP,in master list,ANTIGUA-AND-BARBUDA-5GB-30D,B0H6MCR5F9,,35.99,0,Active,AMAZON_EU,30/06/2026 14:35:21 MEST
IT,KEEP-PARENT,variation parent in Google Sheet,ANTIGUA-AND-BARBUDA-ESIM,B0H722LJQN,,,0,Incomplete,DEFAULT,30/06/2026 14:13:21 MEST
IT,KEEP,in master list,ARGENTINA-20GB-30D,B0FR5DCH33,,37.99,0,Active,AMAZON_EU,30/06/2026 22:57:32 MEST
IT,KEEP,in master list,ARGENTINA-3GB-15D,B0FR554SXN,,12.99,0,Active,AMAZON_EU,30/06/2026 22:53:58 MEST
IT,KEEP-PARENT,variation parent in Google Sheet,ARGENTINA-ESIM,B0H73DYQ6F,,,0,Incomplete,DEFAULT,30/06/2026 22:53:54 MEST
IT,KEEP,in master list,ARMENIA-20GB-30D,B0FR4ZT5XT,,31.99,0,Active,AMAZON_EU,30/06/2026 23:04:20 MEST
IT,KEEP,in master list,ARMENIA-3GB-15D,B0FR5BK9R4,,9.99,0,Active,AMAZON_EU,30/06/2026 23:00:46 MEST
IT,KEEP-PARENT,variation parent in Google Sheet,ARMENIA-ESIM,B0H73KK4JT,,,0,Incomplete,DEFAULT,30/06/2026 23:00:42 MEST
IT,KEEP,in master list,ASIA-20-3GB-15D,B0FR9FZ4RF,,12.99,0,Inactive,AMAZON_EU,30/06/2026 23:07:44 MEST
IT,KEEP,in master list,ASIA-20-5GB-30D,B0FR9BQNSV,,14.99,0,Inactive,AMAZON_EU,01/07/2026 04:51:46 MEST
IT,KEEP-PARENT,variation parent in Google Sheet,ASIA-20-ESIM,B0H73J99VT,,,0,Incomplete,DEFAULT,30/06/2026 23:07:40 MEST
IT,KEEP,in master list,AUSTRALIA-20GB-30D,B0FR9G1ZQJ,,15.99,0,Active,AMAZON_EU,30/06/2026 23:23:17 MEST
IT,KEEP,in master list,AUSTRALIA-3GB-15D,B0FR9SKY4D,,8.99,0,Active,AMAZON_EU,30/06/2026 23:15:39 MEST
IT,KEEP,in master list,AUSTRALIA-5GB-30D,B0FR9JRB62,,9.99,0,Active,AMAZON_EU,30/06/2026 23:19:37 MEST
IT,KEEP-PARENT,variation parent in Google Sheet,AUSTRALIA-ESIM,B0H73M73W8,,,0,Incomplete,DEFAULT,30/06/2026 23:15:35 MEST
IT,KEEP,in master list,AUSTRIA-20GB-30D,B0FR8XBSBP,,15.99,0,Active,AMAZON_EU,30/06/2026 23:33:04 MEST
IT,KEEP,in master list,AUSTRIA-3GB-15D,B0FR9QSMSP,,8.99,0,Active,AMAZON_EU,30/06/2026 23:26:43 MEST
IT,KEEP,in master list,AUSTRIA-5GB-30D,B0FR8XCH78,,9.99,0,Active,AMAZON_EU,30/06/2026 23:30:07 MEST
IT,KEEP-PARENT,variation parent in Google Sheet,AUSTRIA-ESIM,B0H9SNFZXS,,,0,Incomplete,DEFAULT,21/07/2026 17:02:16 MEST
IT,KEEP,in master list,AZERBAIJAN-3GB-15D,B0FR9BTC98,,12.99,0,Active,AMAZON_EU,30/06/2026 23:36:40 MEST
IT,KEEP-PARENT,variation parent in Google Sheet,AZERBAIJAN-ESIM,B0H73QB7LG,,,0,Incomplete,DEFAULT,30/06/2026 23:36:36 MEST
IT,KEEP,in master list,BAHAMAS-20GB-30D,B0H6MCPR9P,,121.99,0,Active,AMAZON_EU,30/06/2026 14:48:35 MEST
IT,KEEP,in master list,BAHAMAS-3GB-15D,B0H6MB828R,,32.99,0,Active,AMAZON_EU,30/06/2026 14:41:53 MEST
IT,KEEP,in master list,BAHAMAS-5GB-30D,B0H6MFGH8P,,43.99,0,Active,AMAZON_EU,30/06/2026 14:45:17 MEST
IT,KEEP-PARENT,variation parent in Google Sheet,BAHAMAS-ESIM,B0H729Y63G,,,0,Incomplete,DEFAULT,30/06/2026 14:41:49 MEST
IT,KEEP,in master list,BAHRAIN-3GB-15D,B0FR9K64KF,,10.99,0,Active,AMAZON_EU,30/06/2026 23:40:32 MEST
IT,KEEP-PARENT,variation parent in Google Sheet,BAHRAIN-ESIM,B0H73W2GZL,,,0,Incomplete,DEFAULT,30/06/2026 23:40:29 MEST
IT,KEEP,in master list,BANGLADESH-20GB-30D,B0FR8FJ3HJ,,23.99,0,Active,AMAZON_EU,30/06/2026 23:51:17 MEST
IT,KEEP,in master list,BANGLADESH-3GB-15D,B0FR9L7SG3,,9.99,0,Active,AMAZON_EU,30/06/2026 23:44:24 MEST
IT,KEEP,in master list,BANGLADESH-5GB-30D,B0FR9BQFCM,,10.99,0,Active,AMAZON_EU,30/06/2026 23:48:10 MEST
IT,KEEP-PARENT,variation parent in Google Sheet,BANGLADESH-ESIM,B0H73DG3XC,,,0,Incomplete,DEFAULT,30/06/2026 23:44:21 MEST
IT,KEEP,in master list,BARBADOS-20GB-30D,B0H6MJ921X,,85.99,0,Active,AMAZON_EU,30/06/2026 14:59:01 MEST
IT,KEEP,in master list,BARBADOS-3GB-15D,B0H6MCD72X,,23.99,0,Active,AMAZON_EU,30/06/2026 14:52:09 MEST
IT,KEEP,in master list,BARBADOS-5GB-30D,B0H6MG6VYJ,,31.99,0,Active,AMAZON_EU,30/06/2026 14:55:55 MEST
IT,KEEP-PARENT,variation parent in Google Sheet,BARBADOS-ESIM,B0H726176Z,,,0,Incomplete,DEFAULT,30/06/2026 14:52:06 MEST
IT,KEEP,in master list,BELARUS-3GB-15D,B0FR9G3Z82,,9.99,0,Active,AMAZON_EU,30/06/2026 23:53:59 MEST
IT,KEEP,in master list,BELARUS-5GB-30D,B0FR8FFT4D,,11.99,0,Active,AMAZON_EU,30/06/2026 23:57:03 MEST
IT,KEEP-PARENT,variation parent in Google Sheet,BELARUS-ESIM,B0H73BZ22B,,,0,Incomplete,DEFAULT,30/06/2026 23:53:56 MEST
IT,KEEP,in master list,BELGIUM-20GB-30D,B0FR9BVRCH,,15.99,0,Active,AMAZON_EU,01/07/2026 00:08:17 MEST
IT,KEEP,in master list,BELGIUM-3GB-15D,B0FR9G432K,,8.99,0,Active,AMAZON_EU,01/07/2026 00:00:38 MEST
IT,KEEP,in master list,BELGIUM-5GB-30D,B0FR9SXCW6,,9.99,0,Active,AMAZON_EU,01/07/2026 00:04:36 MEST
IT,KEEP-PARENT,variation parent in Google Sheet,BELGIUM-ESIM,B0H73Q1GWP,,,0,Incomplete,DEFAULT,01/07/2026 00:00:35 MEST
IT,KEEP,in master list,BELIZE-20GB-30D,B0H6MBSQM8,,145.99,0,Active,AMAZON_EU,30/06/2026 15:09:08 MEST
IT,KEEP,in master list,BELIZE-3GB-15D,B0H6MFPNTX,,32.99,0,Active,AMAZON_EU,30/06/2026 15:02:26 MEST
IT,KEEP,in master list,BELIZE-5GB-30D,B0H6MF1H4V,,53.99,0,Active,AMAZON_EU,30/06/2026 15:05:51 MEST
IT,KEEP-PARENT,variation parent in Google Sheet,BELIZE-ESIM,B0H726H7C2,,,0,Incomplete,DEFAULT,30/06/2026 15:02:23 MEST
IT,KEEP,in master list,BENIN-20GB-30D,B0H6M7VGSZ,,77.99,0,Active,AMAZON_EU,30/06/2026 15:18:55 MEST
IT,KEEP,in master list,BENIN-3GB-15D,B0H6M9YHDR,,18.99,0,Active,AMAZON_EU,30/06/2026 15:12:43 MEST
IT,KEEP,in master list,BENIN-5GB-30D,B0H6MHRNBH,,31.99,0,Active,AMAZON_EU,30/06/2026 15:16:09 MEST
IT,KEEP-PARENT,variation parent in Google Sheet,BENIN-ESIM,B0H72C1BVV,,,0,Incomplete,DEFAULT,30/06/2026 15:12:40 MEST
IT,KEEP,in master list,BERMUDA-20GB-30D,B0H6MCGQ77,,101.99,0,Active,AMAZON_EU,30/06/2026 15:29:36 MEST
IT,KEEP,in master list,BERMUDA-3GB-15D,B0H6MDMTGH,,25.99,0,Inactive,AMAZON_EU,30/06/2026 15:22:34 MEST
IT,KEEP,in master list,BERMUDA-5GB-30D,B0H6MFM5X4,,33.99,0,Inactive,AMAZON_EU,30/06/2026 15:26:19 MEST
IT,KEEP-PARENT,variation parent in Google Sheet,BERMUDA-ESIM,B0H72CP454,,,0,Incomplete,DEFAULT,30/06/2026 15:22:31 MEST
IT,KEEP,in master list,BHUTAN-20GB-30D,B0H6M5WDSH,,58.99,0,Active,AMAZON_EU,30/06/2026 15:40:45 MEST
IT,KEEP,in master list,BHUTAN-3GB-15D,B0H6MJB588,,17.99,0,Active,AMAZON_EU,30/06/2026 15:33:31 MEST
IT,KEEP,in master list,BHUTAN-5GB-30D,B0H6M9C23Q,,19.99,0,Active,AMAZON_EU,30/06/2026 15:37:27 MEST
IT,KEEP-PARENT,variation parent in Google Sheet,BHUTAN-ESIM,B0H727C69L,,,0,Incomplete,DEFAULT,30/06/2026 15:33:27 MEST
IT,KEEP,in master list,BOLIVIA-20GB-30D,B0FR9RH588,,89.99,0,Active,AMAZON_EU,01/07/2026 00:15:06 MEST
IT,KEEP,in master list,BOLIVIA-3GB-15D,B0FR8FKPKH,,24.99,0,Active,AMAZON_EU,01/07/2026 00:11:53 MEST
IT,KEEP-PARENT,variation parent in Google Sheet,BOLIVIA-ESIM,B0H73TCPMS,,,0,Incomplete,DEFAULT,01/07/2026 00:11:49 MEST
IT,KEEP,in master list,BOSNIA-AND-HERZEGOVINA-3GB-15D,B0FR9G8ZVK,,11.99,0,Active,AMAZON_EU,01/07/2026 00:18:10 MEST
IT,KEEP-PARENT,variation parent in Google Sheet,BOSNIA-AND-HERZEGOVINA-ESIM,B0H73KWGSS,,,0,Incomplete,DEFAULT,01/07/2026 00:18:06 MEST
IT,KEEP,in master list,BOTSWANA-3GB-15D,B0FR9G7N2Q,,23.99,0,Active,AMAZON_EU,01/07/2026 00:21:51 MEST
IT,KEEP-PARENT,variation parent in Google Sheet,BOTSWANA-ESIM,B0H73CJ52S,,,0,Incomplete,DEFAULT,01/07/2026 00:21:47 MEST
IT,KEEP,in master list,BRAZIL-20GB-30D,B0FR9KLZCR,,33.99,0,Active,AMAZON_EU,01/07/2026 00:28:25 MEST
IT,KEEP,in master list,BRAZIL-3GB-15D,B0FR9G5LKV,,10.99,0,Active,AMAZON_EU,01/07/2026 00:25:11 MEST
IT,KEEP-PARENT,variation parent in Google Sheet,BRAZIL-ESIM,B0H72X8TR5,,,0,Incomplete,DEFAULT,01/07/2026 00:25:07 MEST
IT,KEEP,in master list,BRUNEI-DARUSSALAM-20GB-30D,B0FR9F971C,,66.99,0,Active,AMAZON_EU,01/07/2026 00:34:21 MEST
IT,KEEP,in master list,BRUNEI-DARUSSALAM-3GB-15D,B0FR9KTJND,,13.99,0,Active,AMAZON_EU,01/07/2026 00:31:28 MEST
IT,KEEP-PARENT,variation parent in Google Sheet,BRUNEI-DARUSSALAM-ESIM,B0H73JLSNL,,,0,Incomplete,DEFAULT,01/07/2026 00:31:25 MEST
IT,KEEP,in master list,BULGARIA-3GB-15D,B0H6MCT4Y5,,8.99,0,Active,AMAZON_EU,30/06/2026 13:11:09 MEST
IT,KEEP-PARENT,variation parent in Google Sheet,BULGARIA-ESIM,B0H723BZ1S,,,0,Incomplete,DEFAULT,30/06/2026 13:11:05 MEST
IT,KEEP,in master list,BURKINA-FASO-3GB-15D,B0FR9HWFSK,,12.99,0,Active,AMAZON_EU,01/07/2026 00:37:25 MEST
IT,KEEP,in master list,BURKINA-FASO-5GB-30D,B0FR9BWKSY,,29.99,0,Active,AMAZON_EU,01/07/2026 00:40:38 MEST
IT,KEEP-PARENT,variation parent in Google Sheet,BURKINA-FASO-ESIM,B0H73TBRM7,,,0,Incomplete,DEFAULT,01/07/2026 00:37:22 MEST
IT,KEEP,in master list,CAMBODIA-20GB-30D,B0FR9GFJPL,,26.99,0,Active,AMAZON_EU,01/07/2026 01:23:58 MEST
IT,KEEP,in master list,CAMBODIA-3GB-15D,B0FR8XKMJ4,,9.99,0,Active,AMAZON_EU,01/07/2026 01:20:33 MEST
IT,KEEP-PARENT,variation parent in Google Sheet,CAMBODIA-ESIM,B0H737F2RH,,,0,Incomplete,DEFAULT,01/07/2026 01:20:30 MEST
IT,KEEP,in master list,CAMEROON-3GB-15D,B0FR9VJ1ZB,,21.99,0,Active,AMAZON_EU,01/07/2026 00:44:01 MEST
IT,KEEP-PARENT,variation parent in Google Sheet,CAMEROON-ESIM,B0H73GKMG8,,,0,Incomplete,DEFAULT,01/07/2026 00:43:57 MEST
IT,KEEP,in master list,CANADA-PREMIUM-20GB-30D,B0H6MJ9N4Y,,29.99,0,Active,AMAZON_EU,30/06/2026 22:33:07 MEST
IT,KEEP,in master list,CANADA-PREMIUM-3GB-15D,B0H6MJ1HMJ,,10.99,0,Active,AMAZON_EU,30/06/2026 22:26:57 MEST
IT,KEEP,in master list,CANADA-PREMIUM-5GB-30D,B0H6MPXGBN,,15.99,0,Active,AMAZON_EU,30/06/2026 22:30:10 MEST
IT,KEEP-PARENT,variation parent in Google Sheet,CANADA-PREMIUM-ESIM,B0H7391BT2,,,0,Incomplete,DEFAULT,30/06/2026 22:26:53 MEST
IT,KEEP,in master list,CAPE-VERDE-20GB-30D,B0H6M9VSPG,,163.99,0,Active,AMAZON_EU,30/06/2026 15:51:33 MEST
IT,KEEP,in master list,CAPE-VERDE-3GB-15D,B0H6M9R16H,,32.99,0,Active,AMAZON_EU,30/06/2026 15:44:20 MEST
IT,KEEP,in master list,CAPE-VERDE-5GB-30D,B0H6MFG453,,54.99,0,Active,AMAZON_EU,30/06/2026 15:48:05 MEST
IT,KEEP-PARENT,variation parent in Google Sheet,CAPE-VERDE-ESIM,B0H7283LD4,,,0,Incomplete,DEFAULT,30/06/2026 15:44:16 MEST
IT,KEEP,in master list,CAYMAN-ISLANDS-20GB-30D,B0H6MGXYNS,,95.99,0,Active,AMAZON_EU,30/06/2026 16:01:39 MEST
IT,KEEP,in master list,CAYMAN-ISLANDS-3GB-15D,B0H6MLHBD7,,26.99,0,Active,AMAZON_EU,30/06/2026 15:54:57 MEST
IT,KEEP,in master list,CAYMAN-ISLANDS-5GB-30D,B0H6M55MKK,,35.99,0,Active,AMAZON_EU,30/06/2026 15:58:33 MEST
IT,KEEP-PARENT,variation parent in Google Sheet,CAYMAN-ISLANDS-ESIM,B0H72FKK9W,,,0,Incomplete,DEFAULT,30/06/2026 15:54:53 MEST
IT,KEEP,in master list,CENTRAL-AFRICAN-REPUBLIC-3GB-15D,B0FR9RK8FP,,21.99,0,Active,AMAZON_EU,01/07/2026 00:47:52 MEST
IT,KEEP,in master list,CENTRAL-AFRICAN-REPUBLIC-5GB-30D,B0FR9R3NMC,,33.99,0,Active,AMAZON_EU,01/07/2026 00:51:16 MEST
IT,KEEP-PARENT,variation parent in Google Sheet,CENTRAL-AFRICAN-REPUBLIC-ESIM,B0H734B4ZB,,,0,Incomplete,DEFAULT,01/07/2026 00:47:49 MEST
IT,KEEP,in master list,CHAD-3GB-15D,B0FR9SG4MK,,17.99,0,Active,AMAZON_EU,01/07/2026 00:54:19 MEST
IT,KEEP,in master list,CHAD-5GB-30D,B0FR9L414C,,28.99,0,Active,AMAZON_EU,01/07/2026 00:57:31 MEST
IT,KEEP-PARENT,variation parent in Google Sheet,CHAD-ESIM,B0H7388RCN,,,0,Incomplete,DEFAULT,01/07/2026 00:54:15 MEST
IT,KEEP,in master list,CHILE-3GB-15D,B0FR9RY1RT,,14.99,0,Inactive,AMAZON_EU,01/07/2026 01:00:56 MEST
IT,KEEP-PARENT,variation parent in Google Sheet,CHILE-ESIM,B0H73HD832,,,0,Incomplete,DEFAULT,01/07/2026 01:00:52 MEST
IT,KEEP,in master list,CHINA-20GB-30D,B0FR9GD6X9,,18.99,0,Inactive,AMAZON_EU,01/07/2026 01:12:47 MEST
IT,KEEP,in master list,CHINA-3GB-15D,B0FR9QZ578,,8.99,0,Active,AMAZON_EU,01/07/2026 01:05:10 MEST
IT,KEEP,in master list,CHINA-5GB-30D,B0FR9HX7XH,,9.99,0,Active,AMAZON_EU,01/07/2026 01:09:08 MEST
IT,KEEP-PARENT,variation parent in Google Sheet,CHINA-ESIM,B0H73758ZN,,,0,Incomplete,DEFAULT,01/07/2026 01:05:06 MEST
IT,KEEP,in master list,COLOMBIA-3GB-15D,B0FR9RL8W5,,14.99,0,Active,AMAZON_EU,01/07/2026 01:16:32 MEST
IT,KEEP-PARENT,variation parent in Google Sheet,COLOMBIA-ESIM,B0H73Q8FD2,,,0,Incomplete,DEFAULT,01/07/2026 01:16:29 MEST
IT,KEEP,in master list,COSTA-RICA-3GB-15D,B0FR9LNRMN,,15.99,0,Active,AMAZON_EU,01/07/2026 01:27:22 MEST
IT,KEEP-PARENT,variation parent in Google Sheet,COSTA-RICA-ESIM,B0H73MBN8W,,,0,Incomplete,DEFAULT,01/07/2026 01:27:18 MEST
IT,KEEP,in master list,COTE-D-IVOIRE-3GB-15D,B0FR9HW9DJ,,24.99,0,Active,AMAZON_EU,01/07/2026 01:30:52 MEST
IT,KEEP,in master list,COTE-D-IVOIRE-5GB-30D,B0FR9V5LYJ,,31.99,0,Active,AMAZON_EU,01/07/2026 01:34:36 MEST
IT,KEEP-PARENT,variation parent in Google Sheet,COTE-D-IVOIRE-ESIM,B0H73D7LDB,,,0,Incomplete,DEFAULT,01/07/2026 01:30:49 MEST
IT,KEEP,in master list,CROATIA-20GB-30D,B0FR9TYCSL,,17.99,0,Active,AMAZON_EU,01/07/2026 01:44:21 MEST
IT,KEEP,in master list,CROATIA-3GB-15D,B0FR9GDKT1,,8.99,0,Active,AMAZON_EU,01/07/2026 01:38:22 MEST
IT,KEEP,in master list,CROATIA-5GB-30D,B0FR9BVV58,,9.99,0,Active,AMAZON_EU,01/07/2026 01:41:46 MEST
IT,KEEP-PARENT,variation parent in Google Sheet,CROATIA-ESIM,B0H73C4VB3,,,0,Incomplete,DEFAULT,01/07/2026 01:38:18 MEST
IT,KEEP,in master list,CURACAO-20GB-30D,B0H6MF51WH,,79.99,0,Active,AMAZON_EU,30/06/2026 16:11:57 MEST
IT,KEEP,in master list,CURACAO-3GB-15D,B0H6M81JPM,,22.99,0,Active,AMAZON_EU,30/06/2026 16:05:14 MEST
IT,KEEP,in master list,CURACAO-5GB-30D,B0H6MGZLBC,,29.99,0,Active,AMAZON_EU,30/06/2026 16:08:50 MEST
IT,KEEP-PARENT,variation parent in Google Sheet,CURACAO-ESIM,B0H7289LVF,,,0,Incomplete,DEFAULT,30/06/2026 16:05:10 MEST
IT,KEEP,in master list,CYPRUS-3GB-15D,B0FR8XJWWG,,8.99,0,Active,AMAZON_EU,01/07/2026 01:47:34 MEST
IT,KEEP,in master list,CYPRUS-5GB-30D,B0FR8XHWZV,,9.99,0,Active,AMAZON_EU,01/07/2026 01:50:47 MEST
IT,KEEP-PARENT,variation parent in Google Sheet,CYPRUS-ESIM,B0H72VHPWQ,,,0,Incomplete,DEFAULT,01/07/2026 01:47:31 MEST
IT,KEEP,in master list,CZECH-REPUBLIC-20GB-30D,B0FR9SVN9H,,17.99,0,Active,AMAZON_EU,01/07/2026 02:00:42 MEST
IT,KEEP,in master list,CZECH-REPUBLIC-3GB-15D,B0FR9SB2Q3,,8.99,0,Active,AMAZON_EU,01/07/2026 01:54:11 MEST
IT,KEEP,in master list,CZECH-REPUBLIC-5GB-30D,B0FR9BY2LF,,9.99,0,Active,AMAZON_EU,01/07/2026 01:57:36 MEST
IT,KEEP-PARENT,variation parent in Google Sheet,CZECH-REPUBLIC-ESIM,B0H738JXLD,,,0,Incomplete,DEFAULT,01/07/2026 01:54:08 MEST
IT,KEEP,in master list,DEMOCRATIC-REPUBLIC-OF-THE-CONGO-3GB-15D,B0H6LZL22Y,,13.99,0,Active,AMAZON_EU,30/06/2026 16:15:32 MEST
IT,KEEP,in master list,DEMOCRATIC-REPUBLIC-OF-THE-CONGO-5GB-30D,B0H6M6L8Z8,,22.99,0,Active,AMAZON_EU,30/06/2026 16:18:57 MEST
IT,KEEP-PARENT,variation parent in Google Sheet,DEMOCRATIC-REPUBLIC-OF-THE-CONGO-ESIM,B0H72G37TZ,,,0,Incomplete,DEFAULT,30/06/2026 16:15:28 MEST
IT,KEEP,in master list,DENMARK-20GB-30D,B0FR9QPF45,,15.99,0,Active,AMAZON_EU,01/07/2026 02:10:27 MEST
IT,KEEP,in master list,DENMARK-3GB-15D,B0FR9GSNP4,,8.99,0,Active,AMAZON_EU,01/07/2026 02:03:56 MEST
IT,KEEP,in master list,DENMARK-5GB-30D,B0FR8XQYR4,,9.99,0,Active,AMAZON_EU,01/07/2026 02:07:31 MEST
IT,KEEP-PARENT,variation parent in Google Sheet,DENMARK-ESIM,B0H72W3JBT,,,0,Incomplete,DEFAULT,01/07/2026 02:03:53 MEST
IT,KEEP,in master list,DOMINICA-20GB-30D,B0H6MK8XTJ,,87.99,0,Active,AMAZON_EU,30/06/2026 16:32:35 MEST
IT,KEEP,in master list,DOMINICA-3GB-15D,B0H6M9H54M,,24.99,0,Active,AMAZON_EU,30/06/2026 16:26:14 MEST
IT,KEEP,in master list,DOMINICA-5GB-30D,B0H6M5HR32,,32.99,0,Active,AMAZON_EU,30/06/2026 16:29:28 MEST
IT,KEEP-PARENT,variation parent in Google Sheet,DOMINICA-ESIM,B0H7289BJW,,,0,Incomplete,DEFAULT,30/06/2026 16:26:11 MEST
IT,KEEP,in master list,DOMINICAN-REPUBLIC-20GB-30D,B0FR9C6DJF,,39.99,0,Active,AMAZON_EU,01/07/2026 02:19:39 MEST
IT,KEEP,in master list,DOMINICAN-REPUBLIC-3GB-15D,B0FR9GSKZF,,12.99,0,Active,AMAZON_EU,01/07/2026 02:13:40 MEST
IT,KEEP,in master list,DOMINICAN-REPUBLIC-5GB-30D,B0FR9GQKCM,,15.99,0,Active,AMAZON_EU,01/07/2026 02:16:53 MEST
IT,KEEP-PARENT,variation parent in Google Sheet,DOMINICAN-REPUBLIC-ESIM,B0H73TC548,,,0,Incomplete,DEFAULT,01/07/2026 02:13:36 MEST
IT,KEEP-PARENT,variation parent in Google Sheet,DR-CONGO-ESIM,B0H725WQ7N,,,0,Incomplete,DEFAULT,30/06/2026 16:22:28 MEST
IT,KEEP,in master list,DRC-20GB-30D,B0H6MZWFM7,,59.99,0,Active,AMAZON_EU,30/06/2026 16:22:31 MEST
IT,KEEP,in master list,ECUADOR-3GB-15D,B0FR9RM6MP,,14.99,0,Active,AMAZON_EU,01/07/2026 02:22:42 MEST
IT,KEEP-PARENT,variation parent in Google Sheet,ECUADOR-ESIM,B0H738JYFL,,,0,Incomplete,DEFAULT,01/07/2026 02:22:38 MEST
IT,KEEP,in master list,EGYPT-20GB-30D,B0FR9GQBGL,,29.99,0,Active,AMAZON_EU,01/07/2026 02:32:57 MEST
IT,KEEP,in master list,EGYPT-3GB-15D,B0FR9C784N,,10.99,0,Active,AMAZON_EU,01/07/2026 02:26:45 MEST
IT,KEEP,in master list,EGYPT-5GB-30D,B0FR9LR5KJ,,15.99,0,Active,AMAZON_EU,01/07/2026 02:30:10 MEST
IT,KEEP-PARENT,variation parent in Google Sheet,EGYPT-ESIM,B0H73BTGBN,,,0,Incomplete,DEFAULT,01/07/2026 02:26:42 MEST
IT,KEEP,in master list,EL-SALVADOR-3GB-15D,B0FR9LJ7X4,,17.99,0,Active,AMAZON_EU,01/07/2026 02:36:22 MEST
IT,KEEP-PARENT,variation parent in Google Sheet,EL-SALVADOR-ESIM,B0H73CXVT7,,,0,Incomplete,DEFAULT,01/07/2026 02:36:18 MEST
IT,KEEP,in master list,ESTONIA-20GB-30D,B0FR9L527N,,15.99,0,Active,AMAZON_EU,01/07/2026 02:46:03 MEST
IT,KEEP,in master list,ESTONIA-3GB-15D,B0FR9GST1S,,8.99,0,Active,AMAZON_EU,01/07/2026 02:40:04 MEST
IT,KEEP,in master list,ESTONIA-5GB-30D,B0FR9GQYKB,,9.99,0,Active,AMAZON_EU,01/07/2026 02:43:18 MEST
IT,KEEP-PARENT,variation parent in Google Sheet,ESTONIA-ESIM,B0H735LG8Q,,,0,Incomplete,DEFAULT,01/07/2026 02:40:01 MEST
IT,KEEP,in master list,EUROPE-40-AREAS-20GB-30D,B0FR9TNPV3,,19.99,0,Inactive,AMAZON_EU,01/07/2026 02:52:01 MEST
IT,KEEP,in master list,EUROPE-40-AREAS-5GB-30D,B0FR9RYSSS,,9.99,0,Active,AMAZON_EU,01/07/2026 02:48:47 MEST
IT,KEEP-PARENT,variation parent in Google Sheet,EUROPE-40-AREAS-ESIM,B0H73FNTQH,,,0,Incomplete,DEFAULT,01/07/2026 02:48:43 MEST
IT,KEEP,in master list,FAROE-ISLANDS-20GB-30D,B0H6MB82ZV,,29.99,0,Active,AMAZON_EU,30/06/2026 16:42:32 MEST
IT,KEEP,in master list,FAROE-ISLANDS-3GB-15D,B0H6ML935Q,,9.99,0,Active,AMAZON_EU,30/06/2026 16:36:00 MEST
IT,KEEP,in master list,FAROE-ISLANDS-5GB-30D,B0H6MF2TVH,,11.99,0,Active,AMAZON_EU,30/06/2026 16:39:35 MEST
IT,KEEP-PARENT,variation parent in Google Sheet,FAROE-ISLANDS-ESIM,B0H72CW2M7,,,0,Incomplete,DEFAULT,30/06/2026 16:35:56 MEST
IT,KEEP,in master list,FIJI-20GB-30D,B0H6MGBL3N,,40.99,0,Active,AMAZON_EU,30/06/2026 16:51:37 MEST
IT,KEEP,in master list,FIJI-3GB-15D,B0H6MFLWYD,,12.99,0,Active,AMAZON_EU,30/06/2026 16:45:47 MEST
IT,KEEP,in master list,FIJI-5GB-30D,B0H6MJ7GS6,,13.99,0,Active,AMAZON_EU,30/06/2026 16:48:50 MEST
IT,KEEP-PARENT,variation parent in Google Sheet,FIJI-ESIM,B0H72LWG6H,,,0,Incomplete,DEFAULT,30/06/2026 16:45:43 MEST
IT,KEEP,in master list,FINLAND-3GB-15D,B0FR9GSND6,,8.99,0,Active,AMAZON_EU,01/07/2026 02:55:25 MEST
IT,KEEP,in master list,FINLAND-5GB-30D,B0FR9SB3BJ,,9.99,0,Active,AMAZON_EU,01/07/2026 02:58:49 MEST
IT,KEEP-PARENT,variation parent in Google Sheet,FINLAND-ESIM,B0H73KVYVK,,,0,Incomplete,DEFAULT,01/07/2026 02:55:21 MEST
IT,KEEP,in master list,FRANCE-20GB-30D,B0FR9GPMC5,,15.99,0,Active,AMAZON_EU,01/07/2026 03:10:12 MEST
IT,KEEP,in master list,FRANCE-3GB-15D,B0FR9C5ZB6,,8.99,0,Active,AMAZON_EU,01/07/2026 03:02:35 MEST
IT,KEEP,in master list,FRANCE-5GB-30D,B0FR9LMDW5,,9.99,0,Active,AMAZON_EU,01/07/2026 03:06:32 MEST
IT,KEEP-PARENT,variation parent in Google Sheet,FRANCE-ESIM,B0H735XH57,,,0,Incomplete,DEFAULT,01/07/2026 03:02:32 MEST
IT,KEEP,in master list,FRENCH-GUIANA-20GB-30D,B0H6MDNXJJ,,17.99,0,Active,AMAZON_EU,30/06/2026 17:01:13 MEST
IT,KEEP,in master list,FRENCH-GUIANA-3GB-15D,B0H6MFD6Z3,,8.99,0,Active,AMAZON_EU,30/06/2026 16:54:40 MEST
IT,KEEP,in master list,FRENCH-GUIANA-5GB-30D,B0H6MGC352,,9.99,0,Active,AMAZON_EU,30/06/2026 16:58:06 MEST
IT,KEEP-PARENT,variation parent in Google Sheet,FRENCH-GUIANA-ESIM,B0H728DSPS,,,0,Incomplete,DEFAULT,30/06/2026 16:54:37 MEST
IT,KEEP,in master list,FRENCH-POLYNESIA-20GB-30D,B0H6M59GH9,,242.99,0,Active,AMAZON_EU,30/06/2026 17:10:48 MEST
IT,KEEP,in master list,FRENCH-POLYNESIA-3GB-15D,B0H6MF6GHP,,47.99,0,Active,AMAZON_EU,30/06/2026 17:04:17 MEST
IT,KEEP,in master list,FRENCH-POLYNESIA-5GB-30D,B0H6MD2GXY,,66.99,0,Active,AMAZON_EU,30/06/2026 17:07:32 MEST
IT,KEEP-PARENT,variation parent in Google Sheet,FRENCH-POLYNESIA-ESIM,B0H72CG8LL,,,0,Incomplete,DEFAULT,30/06/2026 17:04:14 MEST
IT,KEEP,in master list,GABON-3GB-15D,B0FR9GPX9T,,17.99,0,Active,AMAZON_EU,01/07/2026 03:13:38 MEST
IT,KEEP-PARENT,variation parent in Google Sheet,GABON-ESIM,B0H73KXV3H,,,0,Incomplete,DEFAULT,01/07/2026 03:13:34 MEST
IT,KEEP,in master list,GAMBIA-3GB-15D,B0H2FTMBBQ,,35.99,0,Active,AMAZON_EU,01/07/2026 16:12:46 MEST
IT,KEEP,in master list,GAMBIA-5GB-30D,B0H2FQ3QJ9,,57.99,0,Active,AMAZON_EU,01/07/2026 16:16:44 MEST
IT,KEEP-PARENT,variation parent in Google Sheet,GAMBIA-ESIM,B0H75V15G6,,,0,Incomplete,DEFAULT,01/07/2026 16:12:43 MEST
IT,KEEP,in master list,GEORGIA-20GB-30D,B0FR9C73NK,,25.99,0,Active,AMAZON_EU,01/07/2026 03:20:43 MEST
IT,KEEP,in master list,GEORGIA-3GB-15D,B0FR9KMX2N,,9.99,0,Active,AMAZON_EU,01/07/2026 03:17:08 MEST
IT,KEEP-PARENT,variation parent in Google Sheet,GEORGIA-ESIM,B0H738B4DX,,,0,Incomplete,DEFAULT,01/07/2026 03:17:05 MEST
IT,KEEP,in master list,GERMANY-20GB-30D,B0GSZP9H94,,15.99,0,Inactive,AMAZON_EU,01/07/2026 03:32:04 MEST
IT,KEEP,in master list,GERMANY-3GB-15D,B0GSZBMLKV,,8.99,0,Inactive,AMAZON_EU,01/07/2026 03:24:27 MEST
IT,KEEP,in master list,GERMANY-5GB-30D,B0GSZDYWLZ,,9.99,0,Inactive,AMAZON_EU,01/07/2026 03:28:25 MEST
IT,KEEP-PARENT,variation parent in Google Sheet,GERMANY-ESIM,B0H73B64MZ,,,0,Incomplete,DEFAULT,01/07/2026 03:24:23 MEST
IT,KEEP,in master list,GHANA-20GB-30D,B0H6M9CG3G,,40.99,0,Active,AMAZON_EU,30/06/2026 17:20:33 MEST
IT,KEEP,in master list,GHANA-3GB-15D,B0H6M7CH6H,,12.99,0,Active,AMAZON_EU,30/06/2026 17:14:22 MEST
IT,KEEP,in master list,GHANA-5GB-30D,B0H6MD48NZ,,14.99,0,Active,AMAZON_EU,30/06/2026 17:17:36 MEST
IT,KEEP-PARENT,variation parent in Google Sheet,GHANA-ESIM,B0H727XFYM,,,0,Incomplete,DEFAULT,30/06/2026 17:14:19 MEST
IT,KEEP,in master list,GIBRALTAR-3GB-15D,B0FR8XSPMC,,8.99,0,Active,AMAZON_EU,01/07/2026 03:35:29 MEST
IT,KEEP-PARENT,variation parent in Google Sheet,GIBRALTAR-ESIM,B0H73QB3J9,,,0,Incomplete,DEFAULT,01/07/2026 03:35:26 MEST
IT,KEEP,in master list,GLOBAL139-5GB-30D,B0FR9VNTLY,,42.99,0,Inactive,AMAZON_EU,01/07/2026 03:39:21 MEST
IT,KEEP-PARENT,variation parent in Google Sheet,GLOBAL139-ESIM,B0H72VQ15G,,,0,Incomplete,DEFAULT,01/07/2026 03:39:18 MEST
IT,KEEP,in master list,GREECE-20GB-30D,B0FR9KJGBG,,17.99,0,Active,AMAZON_EU,01/07/2026 03:51:04 MEST
IT,KEEP,in master list,GREECE-3GB-15D,B0FR9L85F6,,8.99,0,Active,AMAZON_EU,01/07/2026 03:43:25 MEST
IT,KEEP,in master list,GREECE-5GB-30D,B0FR9C7SMF,,9.99,0,Active,AMAZON_EU,01/07/2026 03:47:23 MEST
IT,KEEP-PARENT,variation parent in Google Sheet,GREECE-ESIM,B0H73D2CTC,,,0,Incomplete,DEFAULT,01/07/2026 03:43:21 MEST
IT,KEEP,in master list,GREENLAND-20GB-30D,B0H6MBT3TW,,113.99,0,Active,AMAZON_EU,30/06/2026 17:30:39 MEST
IT,KEEP,in master list,GREENLAND-3GB-15D,B0H6MLNBK2,,27.99,0,Active,AMAZON_EU,30/06/2026 17:24:08 MEST
IT,KEEP,in master list,GREENLAND-5GB-30D,B0H6MFMLK9,,37.99,0,Active,AMAZON_EU,30/06/2026 17:27:32 MEST
IT,KEEP-PARENT,variation parent in Google Sheet,GREENLAND-ESIM,B0H72M9PSN,,,0,Incomplete,DEFAULT,30/06/2026 17:24:04 MEST
IT,KEEP,in master list,GRENADA-20GB-30D,B0H6MGRF37,,103.99,0,Active,AMAZON_EU,30/06/2026 17:40:44 MEST
IT,KEEP,in master list,GRENADA-3GB-15D,B0H6M8K37V,,29.99,0,Active,AMAZON_EU,30/06/2026 17:34:02 MEST
IT,KEEP,in master list,GRENADA-5GB-30D,B0H6MLJR6Z,,38.99,0,Active,AMAZON_EU,30/06/2026 17:37:38 MEST
IT,KEEP-PARENT,variation parent in Google Sheet,GRENADA-ESIM,B0H72FTHJJ,,,0,Incomplete,DEFAULT,30/06/2026 17:33:59 MEST
IT,KEEP,in master list,GUADELOUPE-20GB-30D,B0FR8XTBF6,,17.99,0,Active,AMAZON_EU,01/07/2026 03:58:14 MEST
IT,KEEP,in master list,GUADELOUPE-3GB-15D,B0FR9TMVWK,,8.99,0,Active,AMAZON_EU,01/07/2026 03:54:50 MEST
IT,KEEP-PARENT,variation parent in Google Sheet,GUADELOUPE-ESIM,B0H73NYG6X,,,0,Incomplete,DEFAULT,01/07/2026 03:54:47 MEST
IT,KEEP,in master list,GUAM-20GB-30D,B0FR9C7MGP,,58.99,0,Active,AMAZON_EU,01/07/2026 04:08:08 MEST
IT,KEEP,in master list,GUAM-3GB-15D,B0FR9GVSSF,,17.99,0,Active,AMAZON_EU,01/07/2026 04:01:27 MEST
IT,KEEP,in master list,GUAM-5GB-30D,B0FR9SVP8Y,,19.99,0,Active,AMAZON_EU,01/07/2026 04:04:52 MEST
IT,KEEP-PARENT,variation parent in Google Sheet,GUAM-ESIM,B0H73S4SBV,,,0,Incomplete,DEFAULT,01/07/2026 04:01:23 MEST
IT,KEEP,in master list,GUATEMALA-3GB-15D,B0FR9VC6VD,,16.99,0,Active,AMAZON_EU,01/07/2026 04:12:04 MEST
IT,KEEP-PARENT,variation parent in Google Sheet,GUATEMALA-ESIM,B0H73NVN27,,,0,Incomplete,DEFAULT,01/07/2026 04:12:01 MEST
IT,KEEP,in master list,GUERNSEY-20GB-30D,B0FR9LYWWY,,47.99,0,Active,AMAZON_EU,01/07/2026 04:22:31 MEST
IT,KEEP,in master list,GUERNSEY-3GB-15D,B0FR9SMWDN,,14.99,0,Active,AMAZON_EU,01/07/2026 04:16:00 MEST
IT,KEEP,in master list,GUERNSEY-5GB-30D,B0FR9C5PXR,,21.99,0,Active,AMAZON_EU,01/07/2026 04:19:24 MEST
IT,KEEP-PARENT,variation parent in Google Sheet,GUERNSEY-ESIM,B0H73LFWJG,,,0,Incomplete,DEFAULT,01/07/2026 04:15:56 MEST
IT,KEEP,in master list,GUINEA-20GB-30D,B0H6M7VHYP,,82.99,0,Active,AMAZON_EU,30/06/2026 17:50:28 MEST
IT,KEEP,in master list,GUINEA-3GB-15D,B0H6MGZTF1,,21.99,0,Active,AMAZON_EU,30/06/2026 17:44:09 MEST
IT,KEEP,in master list,GUINEA-5GB-30D,B0H6MFTVX6,,33.99,0,Active,AMAZON_EU,30/06/2026 17:47:43 MEST
IT,KEEP,in master list,GUINEA-BISSAU-20GB-30D,B0H6MF1JJS,,81.99,0,Active,AMAZON_EU,30/06/2026 17:59:51 MEST
IT,KEEP,in master list,GUINEA-BISSAU-3GB-15D,B0H6MG6X8D,,20.99,0,Active,AMAZON_EU,30/06/2026 17:53:21 MEST
IT,KEEP,in master list,GUINEA-BISSAU-5GB-30D,B0H6MCJ4Y9,,33.99,0,Active,AMAZON_EU,30/06/2026 17:56:35 MEST
IT,KEEP-PARENT,variation parent in Google Sheet,GUINEA-BISSAU-ESIM,B0H727BC4R,,,0,Incomplete,DEFAULT,30/06/2026 17:53:18 MEST
IT,KEEP-PARENT,variation parent in Google Sheet,GUINEA-ESIM,B0H72G4347,,,0,Incomplete,DEFAULT,30/06/2026 17:44:06 MEST
IT,KEEP,in master list,GUYANA-20GB-30D,B0H6MD1PB7,,90.99,0,Active,AMAZON_EU,30/06/2026 18:09:45 MEST
IT,KEEP,in master list,GUYANA-3GB-15D,B0H6MCG586,,20.99,0,Active,AMAZON_EU,30/06/2026 18:03:14 MEST
IT,KEEP,in master list,GUYANA-5GB-30D,B0H6MB3FHF,,32.99,0,Active,AMAZON_EU,30/06/2026 18:06:49 MEST
IT,KEEP-PARENT,variation parent in Google Sheet,GUYANA-ESIM,B0H72JHRZ3,,,0,Incomplete,DEFAULT,30/06/2026 18:03:11 MEST
IT,KEEP,in master list,HAITI-20GB-30D,B0H6MBNF3Y,,149.99,0,Active,AMAZON_EU,30/06/2026 18:19:51 MEST
IT,KEEP,in master list,HAITI-3GB-15D,B0H6M9YTL4,,29.99,0,Active,AMAZON_EU,30/06/2026 18:13:20 MEST
IT,KEEP,in master list,HAITI-5GB-30D,B0H6MDHPCV,,48.99,0,Active,AMAZON_EU,30/06/2026 18:17:05 MEST
IT,KEEP-PARENT,variation parent in Google Sheet,HAITI-ESIM,B0H72HMLDC,,,0,Incomplete,DEFAULT,30/06/2026 18:13:16 MEST
IT,KEEP,in master list,HONDURAS-3GB-15D,B0FR9ZYV5G,,14.99,0,Active,AMAZON_EU,01/07/2026 04:26:16 MEST
IT,KEEP-PARENT,variation parent in Google Sheet,HONDURAS-ESIM,B0H73LPQQK,,,0,Incomplete,DEFAULT,01/07/2026 04:26:12 MEST
IT,KEEP,in master list,HONG-KONG-20GB-30D,B0FR9GXZ6F,,15.99,0,Active,AMAZON_EU,01/07/2026 04:38:05 MEST
IT,KEEP,in master list,HONG-KONG-3GB-15D,B0FR9CC6Q8,,8.99,0,Active,AMAZON_EU,01/07/2026 04:30:29 MEST
IT,KEEP,in master list,HONG-KONG-5GB-30D,B0FR9GXYYL,,9.99,0,Active,AMAZON_EU,01/07/2026 04:34:26 MEST
IT,KEEP-PARENT,variation parent in Google Sheet,HONG-KONG-ESIM,B0H73MTW9W,,,0,Incomplete,DEFAULT,01/07/2026 04:30:26 MEST
IT,KEEP,in master list,HUNGARY-20GB-30D,B0FR9ZVYYQ,,15.99,0,Active,AMAZON_EU,01/07/2026 04:47:39 MEST
IT,KEEP,in master list,HUNGARY-3GB-15D,B0FR9C9JVW,,8.99,0,Active,AMAZON_EU,01/07/2026 04:40:49 MEST
IT,KEEP,in master list,HUNGARY-5GB-30D,B0FR9GY3R5,,9.99,0,Active,AMAZON_EU,01/07/2026 04:44:33 MEST
IT,KEEP-PARENT,variation parent in Google Sheet,HUNGARY-ESIM,B0H73K188L,,,0,Incomplete,DEFAULT,01/07/2026 04:40:45 MEST
IT,KEEP,in master list,ICELAND-20GB-30D,B0FR9GX6LF,,17.99,0,Active,AMAZON_EU,01/07/2026 04:57:54 MEST
IT,KEEP,in master list,ICELAND-3GB-15D,B0FR9TBBK1,,8.99,0,Active,AMAZON_EU,01/07/2026 04:51:13 MEST
IT,KEEP,in master list,ICELAND-5GB-30D,B0FR9ZWQBD,,9.99,0,Active,AMAZON_EU,01/07/2026 04:54:37 MEST
IT,KEEP-PARENT,variation parent in Google Sheet,ICELAND-ESIM,B0H73Y1ZTL,,,0,Incomplete,DEFAULT,01/07/2026 04:51:10 MEST
IT,KEEP,in master list,INDIA-20GB-30D,B0FR9DYMHX,,42.99,0,Active,AMAZON_EU,01/07/2026 05:09:08 MEST
IT,KEEP,in master list,INDIA-3GB-15D,B0FR9ZM116,,14.99,0,Active,AMAZON_EU,01/07/2026 05:01:29 MEST
IT,KEEP,in master list,INDIA-5GB-30D,B0FR9GXWN9,,15.99,0,Active,AMAZON_EU,01/07/2026 05:05:28 MEST
IT,KEEP-PARENT,variation parent in Google Sheet,INDIA-ESIM,B0H73TWL3D,,,0,Incomplete,DEFAULT,01/07/2026 05:01:25 MEST
IT,KEEP,in master list,INDONESIA-20GB-30D,B0FR9QXRDQ,,15.99,0,Active,AMAZON_EU,01/07/2026 05:20:47 MEST
IT,KEEP,in master list,INDONESIA-3GB-15D,B0FR9T6QPZ,,8.99,0,Active,AMAZON_EU,01/07/2026 05:13:07 MEST
IT,KEEP,in master list,INDONESIA-5GB-30D,B0FR8XW5DR,,9.99,0,Active,AMAZON_EU,01/07/2026 05:17:06 MEST
IT,KEEP-PARENT,variation parent in Google Sheet,INDONESIA-ESIM,B0H73NTRVR,,,0,Incomplete,DEFAULT,01/07/2026 05:13:04 MEST
IT,KEEP,in master list,IRAQ-20GB-30D,B0H6M956TN,,32.99,0,Inactive,AMAZON_EU,30/06/2026 18:29:15 MEST
IT,KEEP,in master list,IRAQ-3GB-15D,B0H6MGX6P7,,10.99,0,Active,AMAZON_EU,30/06/2026 18:23:06 MEST
IT,KEEP,in master list,IRAQ-5GB-30D,B0H6MFRHZN,,16.99,0,Inactive,AMAZON_EU,30/06/2026 18:26:19 MEST
IT,KEEP-PARENT,variation parent in Google Sheet,IRAQ-ESIM,B0H72MBG76,,,0,Incomplete,DEFAULT,30/06/2026 18:23:02 MEST
IT,KEEP,in master list,IRELAND-20GB-30D,B0FR9SZG2Z,,17.99,0,Active,AMAZON_EU,01/07/2026 05:32:27 MEST
IT,KEEP,in master list,IRELAND-3GB-15D,B0FR8XV57F,,8.99,0,Active,AMAZON_EU,01/07/2026 05:24:45 MEST
IT,KEEP,in master list,IRELAND-5GB-30D,B0FR9GYKQL,,9.99,0,Active,AMAZON_EU,01/07/2026 05:28:46 MEST
IT,KEEP-PARENT,variation parent in Google Sheet,IRELAND-ESIM,B0H73PKDMW,,,0,Incomplete,DEFAULT,01/07/2026 05:24:42 MEST
IT,KEEP,in master list,ISLE-OF-MAN-20GB-30D,B0FR9CB5LK,,23.99,0,Active,AMAZON_EU,01/07/2026 05:43:16 MEST
IT,KEEP,in master list,ISLE-OF-MAN-3GB-15D,B0FR9LZ7RL,,9.99,0,Active,AMAZON_EU,01/07/2026 05:36:14 MEST
IT,KEEP,in master list,ISLE-OF-MAN-5GB-30D,B0FR9M27XY,,11.99,0,Active,AMAZON_EU,01/07/2026 05:39:59 MEST
IT,KEEP-PARENT,variation parent in Google Sheet,ISLE-OF-MAN-ESIM,B0H743CPJV,,,0,Incomplete,DEFAULT,01/07/2026 05:36:10 MEST
IT,KEEP,in master list,ISRAEL-20GB-30D,B0FR9K8SQ1,,29.99,0,Active,AMAZON_EU,01/07/2026 05:53:53 MEST
IT,KEEP,in master list,ISRAEL-3GB-15D,B0FR9M11H1,,9.99,0,Active,AMAZON_EU,01/07/2026 05:47:11 MEST
IT,KEEP,in master list,ISRAEL-5GB-30D,B0FR8XVZZM,,11.99,0,Active,AMAZON_EU,01/07/2026 05:50:45 MEST
IT,KEEP-PARENT,variation parent in Google Sheet,ISRAEL-ESIM,B0H741X7WC,,,0,Incomplete,DEFAULT,01/07/2026 05:47:08 MEST
IT,KEEP,in master list,ITALY-20GB-30D,B0FR9RNZV2,,15.99,0,Active,AMAZON_EU,01/07/2026 06:05:31 MEST
IT,KEEP,in master list,ITALY-3GB-15D,B0FR9GXZ18,,8.99,0,Active,AMAZON_EU,01/07/2026 05:57:49 MEST
IT,KEEP,in master list,ITALY-5GB-30D,B0FR9ZR2TH,,9.99,0,Active,AMAZON_EU,01/07/2026 06:01:51 MEST
IT,KEEP-PARENT,variation parent in Google Sheet,ITALY-ESIM,B0H73ZR3JQ,,,0,Incomplete,DEFAULT,01/07/2026 05:57:45 MEST
IT,KEEP,in master list,JAMAICA-20GB-30D,B0H6MF52ZZ,,87.99,0,Active,AMAZON_EU,30/06/2026 18:38:59 MEST
IT,KEEP,in master list,JAMAICA-3GB-15D,B0H6MF3PNQ,,24.99,0,Active,AMAZON_EU,30/06/2026 18:32:28 MEST
IT,KEEP,in master list,JAMAICA-5GB-30D,B0H6MJQCMF,,31.99,0,Active,AMAZON_EU,30/06/2026 18:36:03 MEST
IT,KEEP-PARENT,variation parent in Google Sheet,JAMAICA-ESIM,B0H72GCC1D,,,0,Incomplete,DEFAULT,30/06/2026 18:32:25 MEST
IT,KEEP,in master list,JAPAN-20GB-30D,B0FR9RZKRB,,15.99,0,Active,AMAZON_EU,01/07/2026 06:17:08 MEST
IT,KEEP,in master list,JAPAN-3GB-15D,B0FR9LVZVQ,,8.99,0,Active,AMAZON_EU,01/07/2026 06:09:28 MEST
IT,KEEP,in master list,JAPAN-5GB-30D,B0FR9TLXXH,,9.99,0,Active,AMAZON_EU,01/07/2026 06:13:27 MEST
IT,KEEP-PARENT,variation parent in Google Sheet,JAPAN-ESIM,B0H73NYTR5,,,0,Incomplete,DEFAULT,01/07/2026 06:09:25 MEST
IT,KEEP,in master list,JERSEY-20GB-30D,B0FR9CBQDH,,15.99,0,Active,AMAZON_EU,01/07/2026 06:27:47 MEST
IT,KEEP,in master list,JERSEY-3GB-15D,B0FR9GYMR5,,8.99,0,Active,AMAZON_EU,01/07/2026 06:20:44 MEST
IT,KEEP,in master list,JERSEY-5GB-30D,B0FR9M27GP,,9.99,0,Active,AMAZON_EU,01/07/2026 06:24:29 MEST
IT,KEEP-PARENT,variation parent in Google Sheet,JERSEY-ESIM,B0H747BQB8,,,0,Incomplete,DEFAULT,01/07/2026 06:20:40 MEST
IT,KEEP,in master list,JORDAN-20GB-30D,B0FR9ST188,,43.99,0,Active,AMAZON_EU,01/07/2026 06:38:34 MEST
IT,KEEP,in master list,JORDAN-3GB-15D,B0FR9M144Z,,14.99,0,Active,AMAZON_EU,01/07/2026 06:31:21 MEST
IT,KEEP,in master list,JORDAN-5GB-30D,B0FR9ZTZNK,,14.99,0,Active,AMAZON_EU,01/07/2026 06:35:07 MEST
IT,KEEP-PARENT,variation parent in Google Sheet,JORDAN-ESIM,B0H74DQHD4,,,0,Incomplete,DEFAULT,01/07/2026 06:31:18 MEST
IT,KEEP,in master list,KAZAKHSTAN-20GB-30D,B0FR9TLNNW,,21.99,0,Active,AMAZON_EU,01/07/2026 06:48:18 MEST
IT,KEEP,in master list,KAZAKHSTAN-3GB-15D,B0FR9T4DG2,,8.99,0,Active,AMAZON_EU,01/07/2026 06:41:48 MEST
IT,KEEP,in master list,KAZAKHSTAN-5GB-30D,B0FR9ZMMSH,,9.99,0,Active,AMAZON_EU,01/07/2026 06:45:12 MEST
IT,KEEP-PARENT,variation parent in Google Sheet,KAZAKHSTAN-ESIM,B0H74J42H4,,,0,Incomplete,DEFAULT,01/07/2026 06:41:44 MEST
IT,KEEP,in master list,KENYA-3GB-15D,B0FR9GZ14G,,14.99,0,Active,AMAZON_EU,01/07/2026 06:52:04 MEST
IT,KEEP,in master list,KENYA-5GB-30D,B0FR9T4DG6,,15.99,0,Active,AMAZON_EU,01/07/2026 06:56:02 MEST
IT,KEEP-PARENT,variation parent in Google Sheet,KENYA-ESIM,B0H74FHHXW,,,0,Incomplete,DEFAULT,01/07/2026 06:52:01 MEST
IT,KEEP,in master list,KUWAIT-20GB-30D,B0FR9KBF4P,,29.99,0,Active,AMAZON_EU,01/07/2026 07:06:29 MEST
IT,KEEP,in master list,KUWAIT-3GB-15D,B0FR9LZJ3X,,10.99,0,Active,AMAZON_EU,01/07/2026 06:59:38 MEST
IT,KEEP,in master list,KUWAIT-5GB-30D,B0FR9M2TXP,,16.99,0,Active,AMAZON_EU,01/07/2026 07:03:12 MEST
IT,KEEP-PARENT,variation parent in Google Sheet,KUWAIT-ESIM,B0H74D2RCF,,,0,Incomplete,DEFAULT,01/07/2026 06:59:35 MEST
IT,KEEP,in master list,KYRGYZSTAN-20GB-30D,B0FR8XXBHM,,19.99,0,Active,AMAZON_EU,01/07/2026 07:13:06 MEST
IT,KEEP,in master list,KYRGYZSTAN-3GB-15D,B0FR9TVF4R,,8.99,0,Active,AMAZON_EU,01/07/2026 07:09:42 MEST
IT,KEEP,in master list,LAOS-20GB-30D,B0H6MBWGX1,,34.99,0,Active,AMAZON_EU,30/06/2026 18:47:52 MEST
IT,KEEP,in master list,LAOS-3GB-15D,B0H6M96WPB,,10.99,0,Active,AMAZON_EU,30/06/2026 18:41:51 MEST
IT,KEEP,in master list,LAOS-5GB-30D,B0H6MBJN5B,,16.99,0,Active,AMAZON_EU,30/06/2026 18:45:06 MEST
IT,KEEP-PARENT,variation parent in Google Sheet,LAOS-ESIM,B0H729BHFL,,,0,Incomplete,DEFAULT,30/06/2026 18:41:48 MEST
IT,KEEP,in master list,LATVIA-20GB-30D,B0FR9SWN6V,,15.99,0,Active,AMAZON_EU,01/07/2026 07:23:14 MEST
IT,KEEP,in master list,LATVIA-3GB-15D,B0FR9VM4K6,,8.99,0,Active,AMAZON_EU,01/07/2026 07:16:33 MEST
IT,KEEP,in master list,LATVIA-5GB-30D,B0FR9TR99S,,9.99,0,Active,AMAZON_EU,01/07/2026 07:19:57 MEST
IT,KEEP-PARENT,variation parent in Google Sheet,LATVIA-ESIM,B0H74KVPT5,,,0,Incomplete,DEFAULT,01/07/2026 07:16:30 MEST
IT,KEEP,in master list,LIBERIA-3GB-15D,B0FR9H18JQ,,21.99,0,Active,AMAZON_EU,01/07/2026 15:00:38 MEST
IT,KEEP,in master list,LIBERIA-5GB-30D,B0FR9SJ1YH,,33.99,0,Active,AMAZON_EU,01/07/2026 07:29:33 MEST
IT,KEEP-PARENT,variation parent in Google Sheet,LIBERIA-ESIM,B0H747Y6M7,,,0,Incomplete,DEFAULT,01/07/2026 07:25:54 MEST
IT,KEEP,in master list,LIBYA-20GB-30D,B0H6MFWD2Y,,125.99,0,Active,AMAZON_EU,30/06/2026 18:57:16 MEST
IT,KEEP,in master list,LIBYA-3GB-15D,B0H6MBYGXZ,,33.99,0,Active,AMAZON_EU,30/06/2026 18:50:56 MEST
IT,KEEP,in master list,LIBYA-5GB-30D,B0H6M5PVSB,,44.99,0,Active,AMAZON_EU,30/06/2026 18:54:10 MEST
IT,KEEP-PARENT,variation parent in Google Sheet,LIBYA-ESIM,B0H72FQ723,,,0,Incomplete,DEFAULT,30/06/2026 18:50:52 MEST
IT,KEEP,in master list,LIECHTENSTEIN-3GB-15D,B0FR9S35ZH,,8.99,0,Active,AMAZON_EU,01/07/2026 07:32:57 MEST
IT,KEEP-PARENT,variation parent in Google Sheet,LIECHTENSTEIN-ESIM,B0H74CWHP8,,,0,Incomplete,DEFAULT,01/07/2026 07:32:53 MEST
IT,KEEP,in master list,LITHUANIA-20GB-30D,B0FR9TQN8N,,17.99,0,Active,AMAZON_EU,01/07/2026 07:44:10 MEST
IT,KEEP,in master list,LITHUANIA-3GB-15D,B0FR9KS3P4,,8.99,0,Active,AMAZON_EU,01/07/2026 07:36:58 MEST
IT,KEEP,in master list,LITHUANIA-5GB-30D,B0FR9R598C,,9.99,0,Active,AMAZON_EU,01/07/2026 07:40:33 MEST
IT,KEEP-PARENT,variation parent in Google Sheet,LITHUANIA-ESIM,B0H74HLJ3Y,,,0,Incomplete,DEFAULT,01/07/2026 07:36:54 MEST
IT,KEEP,in master list,LUXEMBOURG-20GB-30D,B0FR8XXXZB,,17.99,0,Active,AMAZON_EU,01/07/2026 07:54:38 MEST
IT,KEEP,in master list,LUXEMBOURG-3GB-15D,B0FR9SHRKM,,8.99,0,Active,AMAZON_EU,01/07/2026 07:48:07 MEST
IT,KEEP,in master list,LUXEMBOURG-5GB-30D,B0FR9SB862,,9.99,0,Active,AMAZON_EU,01/07/2026 07:51:11 MEST
IT,KEEP-PARENT,variation parent in Google Sheet,LUXEMBOURG-ESIM,B0H74P1YLB,,,0,Incomplete,DEFAULT,01/07/2026 07:48:03 MEST
IT,KEEP,in master list,MACAO-20GB-30D,B0FR9CDBN2,,15.99,0,Active,AMAZON_EU,01/07/2026 08:04:02 MEST
IT,KEEP,in master list,MACAO-3GB-15D,B0FR9M485M,,8.99,0,Active,AMAZON_EU,01/07/2026 07:57:41 MEST
IT,KEEP,in master list,MACAO-5GB-30D,B0FR9L9624,,9.99,0,Active,AMAZON_EU,01/07/2026 08:00:55 MEST
IT,KEEP-PARENT,variation parent in Google Sheet,MACAO-ESIM,B0H74BWVCZ,,,0,Incomplete,DEFAULT,01/07/2026 07:57:37 MEST
IT,KEEP,in master list,MADAGASCAR-3GB-15D,B0FR9H2NS1,,25.99,0,Active,AMAZON_EU,01/07/2026 08:07:36 MEST
IT,KEEP-PARENT,variation parent in Google Sheet,MADAGASCAR-ESIM,B0H74NSV2Y,,,0,Incomplete,DEFAULT,01/07/2026 08:07:33 MEST
IT,KEEP,in master list,MALAWI-3GB-15D,B0FR9H3JDK,,17.99,0,Active,AMAZON_EU,01/07/2026 08:10:57 MEST
IT,KEEP,in master list,MALAWI-5GB-30D,B0FR9GXY24,,28.99,0,Active,AMAZON_EU,01/07/2026 08:14:21 MEST
IT,KEEP-PARENT,variation parent in Google Sheet,MALAWI-ESIM,B0H74BBDQW,,,0,Incomplete,DEFAULT,01/07/2026 08:10:54 MEST
IT,KEEP,in master list,MALAYSIA-20GB-30D,B0FR9VMWYD,,15.99,0,Active,AMAZON_EU,01/07/2026 08:25:56 MEST
IT,KEEP,in master list,MALAYSIA-3GB-15D,B0FR9H1Q65,,8.99,0,Active,AMAZON_EU,01/07/2026 08:18:17 MEST
IT,KEEP,in master list,MALAYSIA-5GB-30D,B0FR9LDGX8,,9.99,0,Active,AMAZON_EU,01/07/2026 08:22:15 MEST
IT,KEEP-PARENT,variation parent in Google Sheet,MALAYSIA-ESIM,B0H74QPJDJ,,,0,Incomplete,DEFAULT,01/07/2026 08:18:14 MEST
IT,KEEP,in master list,MALDIVES-20GB-30D,B0H6MM5SCJ,,117.99,0,Active,AMAZON_EU,30/06/2026 19:06:39 MEST
IT,KEEP,in master list,MALDIVES-3GB-15D,B0H6MD6Y71,,33.99,0,Active,AMAZON_EU,30/06/2026 19:00:19 MEST
IT,KEEP,in master list,MALDIVES-5GB-30D,B0H6MJQZ8Y,,44.99,0,Active,AMAZON_EU,30/06/2026 19:03:32 MEST
IT,KEEP-PARENT,variation parent in Google Sheet,MALDIVES-ESIM,B0H72JGNQX,,,0,Incomplete,DEFAULT,30/06/2026 19:00:15 MEST
IT,KEEP,in master list,MALI-3GB-15D,B0FR9TRDSY,,21.99,0,Active,AMAZON_EU,01/07/2026 08:29:43 MEST
IT,KEEP-PARENT,variation parent in Google Sheet,MALI-ESIM,B0H74QGJ1S,,,0,Incomplete,DEFAULT,01/07/2026 08:29:40 MEST
IT,KEEP,in master list,MALTA-20GB-30D,B0FR9VL1Q9,,15.99,0,Active,AMAZON_EU,01/07/2026 08:40:47 MEST
IT,KEEP,in master list,MALTA-3GB-15D,B0FR9M3PNR,,8.99,0,Active,AMAZON_EU,01/07/2026 08:33:45 MEST
IT,KEEP,in master list,MALTA-5GB-30D,B0FR9ZSMTC,,9.99,0,Active,AMAZON_EU,01/07/2026 08:37:30 MEST
IT,KEEP-PARENT,variation parent in Google Sheet,MALTA-ESIM,B0H74WGW5W,,,0,Incomplete,DEFAULT,01/07/2026 08:33:42 MEST
IT,KEEP,in master list,MARTINIQUE-20GB-30D,B0H6MH94KV,,16.99,0,Active,AMAZON_EU,30/06/2026 19:16:04 MEST
IT,KEEP,in master list,MARTINIQUE-3GB-15D,B0H6M7SBFQ,,8.99,0,Active,AMAZON_EU,30/06/2026 19:10:14 MEST
IT,KEEP,in master list,MARTINIQUE-5GB-30D,B0H6MKCD1X,,9.99,0,Active,AMAZON_EU,30/06/2026 19:13:18 MEST
IT,KEEP-PARENT,variation parent in Google Sheet,MARTINIQUE-ESIM,B0H7294YLD,,,0,Incomplete,DEFAULT,30/06/2026 19:10:10 MEST
IT,KEEP,in master list,MAURITIUS-3GB-15D,B0H2FYRLRC,,16.99,0,Active,AMAZON_EU,01/07/2026 16:20:42 MEST
IT,KEEP,in master list,MAURITIUS-5GB-30D,B0H2G2XMS3,,17.99,0,Active,AMAZON_EU,01/07/2026 16:24:39 MEST
IT,KEEP-PARENT,variation parent in Google Sheet,MAURITIUS-ESIM,B0H7663NQD,,,0,Incomplete,DEFAULT,01/07/2026 16:20:38 MEST
IT,KEEP,in master list,MAYOTTE-20GB-30D,B0H6M5L8MC,,16.99,0,Active,AMAZON_EU,30/06/2026 19:25:59 MEST
IT,KEEP,in master list,MAYOTTE-3GB-15D,B0H6MFWP88,,8.99,0,Active,AMAZON_EU,30/06/2026 19:19:28 MEST
IT,KEEP,in master list,MAYOTTE-5GB-30D,B0H6MD9C4Y,,9.99,0,Active,AMAZON_EU,30/06/2026 19:22:42 MEST
IT,KEEP-PARENT,variation parent in Google Sheet,MAYOTTE-ESIM,B0H72M171W,,,0,Incomplete,DEFAULT,30/06/2026 19:19:25 MEST
IT,KEEP,in master list,MEXICO-20GB-30D,B0FR9VDSJX,,35.99,0,Active,AMAZON_EU,01/07/2026 08:51:56 MEST
IT,KEEP,in master list,MEXICO-3GB-15D,B0FR9SZSTG,,11.99,0,Active,AMAZON_EU,01/07/2026 08:44:33 MEST
IT,KEEP,in master list,MEXICO-5GB-30D,B0FR9H2K1C,,14.99,0,Active,AMAZON_EU,01/07/2026 08:48:29 MEST
IT,KEEP-PARENT,variation parent in Google Sheet,MEXICO-ESIM,B0H74WJCSM,,,0,Incomplete,DEFAULT,01/07/2026 08:44:30 MEST
IT,KEEP,in master list,MIDDLE-EAST-5GB-30D,B0FR9SYKP6,,36.99,0,Active,AMAZON_EU,01/07/2026 08:55:19 MEST
IT,KEEP-PARENT,variation parent in Google Sheet,MIDDLE-EAST-ESIM,B0H74SNZQZ,,,0,Incomplete,DEFAULT,01/07/2026 08:55:16 MEST
IT,KEEP,in master list,MOLDOVA-3GB-15D,B0FR9CFQYY,,8.99,0,Active,AMAZON_EU,01/07/2026 08:59:11 MEST
IT,KEEP-PARENT,variation parent in Google Sheet,MOLDOVA-ESIM,B0H74JW2GH,,,0,Incomplete,DEFAULT,01/07/2026 08:59:08 MEST
IT,KEEP,in master list,MONACO-3GB-15D,B0FR9ZS6GM,,63.99,0,Active,AMAZON_EU,01/07/2026 09:03:03 MEST
IT,KEEP,in master list,MONACO-5GB-30D,B0FR9H1H4M,,85.99,0,Active,AMAZON_EU,01/07/2026 09:06:47 MEST
IT,KEEP-PARENT,variation parent in Google Sheet,MONACO-ESIM,B0H74SM76M,,,0,Incomplete,DEFAULT,01/07/2026 09:02:59 MEST
IT,KEEP,in master list,MONGOLIA-3GB-15D,B0FR9LSYTX,,16.99,0,Active,AMAZON_EU,01/07/2026 09:10:21 MEST
IT,KEEP-PARENT,variation parent in Google Sheet,MONGOLIA-ESIM,B0H74RQSWC,,,0,Incomplete,DEFAULT,01/07/2026 09:10:18 MEST
IT,KEEP,in master list,MONTENEGRO-3GB-15D,B0FR9R5HR7,,8.99,0,Active,AMAZON_EU,01/07/2026 09:13:18 MEST
IT,KEEP,in master list,MONTSERRAT-20GB-30D,B0H6MG87HK,,94.99,0,Active,AMAZON_EU,30/06/2026 19:35:56 MEST
IT,KEEP,in master list,MONTSERRAT-3GB-15D,B0H6MDJ2ZR,,25.99,0,Active,AMAZON_EU,30/06/2026 19:29:23 MEST
IT,KEEP,in master list,MONTSERRAT-5GB-30D,B0H6MGQ1Y4,,33.99,0,Active,AMAZON_EU,30/06/2026 19:32:37 MEST
IT,KEEP-PARENT,variation parent in Google Sheet,MONTSERRAT-ESIM,B0H72JN6V9,,,0,Incomplete,DEFAULT,30/06/2026 19:29:20 MEST
IT,KEEP,in master list,MOROCCO-20GB-30D,B0FR9M57DY,,26.99,0,Active,AMAZON_EU,01/07/2026 09:25:55 MEST
IT,KEEP,in master list,MOROCCO-3GB-15D,B0FR9CFZQR,,9.99,0,Active,AMAZON_EU,01/07/2026 09:18:16 MEST
IT,KEEP,in master list,MOROCCO-5GB-30D,B0FR9CDDQ8,,14.99,0,Active,AMAZON_EU,01/07/2026 09:22:14 MEST
IT,KEEP-PARENT,variation parent in Google Sheet,MOROCCO-ESIM,B0H74SJK14,,,0,Incomplete,DEFAULT,01/07/2026 09:18:12 MEST
IT,KEEP,in master list,MOZAMBIQUE-20GB-30D,B0FR9CFLS7,,75.99,0,Active,AMAZON_EU,01/07/2026 09:33:47 MEST
IT,KEEP,in master list,MOZAMBIQUE-3GB-15D,B0FRB1M6HK,,19.99,0,Active,AMAZON_EU,01/07/2026 09:29:53 MEST
IT,KEEP-PARENT,variation parent in Google Sheet,MOZAMBIQUE-ESIM,B0H751SQ6R,,,0,Incomplete,DEFAULT,01/07/2026 09:29:49 MEST
IT,KEEP,in master list,NEPAL-3GB-15D,B0FRB1TD7L,,14.99,0,Active,AMAZON_EU,01/07/2026 09:37:22 MEST
IT,KEEP-PARENT,variation parent in Google Sheet,NEPAL-ESIM,B0H74R4THS,,,0,Incomplete,DEFAULT,01/07/2026 09:37:19 MEST
IT,KEEP,in master list,NETHERLANDS-20GB-30D,B0FR9NG7LB,,16.99,0,Active,AMAZON_EU,01/07/2026 09:49:13 MEST
IT,KEEP,in master list,NETHERLANDS-3GB-15D,B0FRB5GNM2,,8.99,0,Active,AMAZON_EU,01/07/2026 09:41:35 MEST
IT,KEEP,in master list,NETHERLANDS-5GB-30D,B0FR9NHP7Q,,9.99,0,Active,AMAZON_EU,01/07/2026 09:45:32 MEST
IT,KEEP-PARENT,variation parent in Google Sheet,NETHERLANDS-ESIM,B0H74SXSLF,,,0,Incomplete,DEFAULT,01/07/2026 09:41:32 MEST
IT,KEEP,in master list,NEW-ZEALAND-20GB-30D,B0FRB1TWT8,,24.99,0,Active,AMAZON_EU,01/07/2026 09:59:30 MEST
IT,KEEP,in master list,NEW-ZEALAND-3GB-15D,B0FR9NKXF5,,9.99,0,Active,AMAZON_EU,01/07/2026 09:52:49 MEST
IT,KEEP,in master list,NEW-ZEALAND-5GB-30D,B0FR9NHFWQ,,11.99,0,Active,AMAZON_EU,01/07/2026 09:56:13 MEST
IT,KEEP-PARENT,variation parent in Google Sheet,NEW-ZEALAND-ESIM,B0H74YSV95,,,0,Incomplete,DEFAULT,01/07/2026 09:52:45 MEST
IT,KEEP,in master list,NICARAGUA-3GB-15D,B0FRB33MPG,,14.99,0,Active,AMAZON_EU,01/07/2026 10:02:54 MEST
IT,KEEP-PARENT,variation parent in Google Sheet,NICARAGUA-ESIM,B0H74VV1Z1,,,0,Incomplete,DEFAULT,01/07/2026 10:02:51 MEST
IT,KEEP,in master list,NIGER-3GB-15D,B0FR9NPT1H,,17.99,0,Active,AMAZON_EU,01/07/2026 10:07:08 MEST
IT,KEEP-PARENT,variation parent in Google Sheet,NIGER-ESIM,B0H753QV52,,,0,Incomplete,DEFAULT,01/07/2026 10:07:04 MEST
IT,KEEP,in master list,NIGERIA-3GB-15D,B0FR9X17QY,,14.99,0,Active,AMAZON_EU,01/07/2026 10:11:22 MEST
IT,KEEP-PARENT,variation parent in Google Sheet,NIGERIA-ESIM,B0H754GH3Q,,,0,Incomplete,DEFAULT,01/07/2026 10:11:19 MEST
IT,KEEP,in master list,NORTH-AMERICA-5GB-30D,B0FRBDQ8H5,,16.99,0,Active,AMAZON_EU,01/07/2026 19:19:07 MEST
IT,KEEP-PARENT,variation parent in Google Sheet,NORTH-AMERICA-ESIM,B0H752198B,,,0,Incomplete,DEFAULT,01/07/2026 10:15:33 MEST
IT,KEEP,in master list,NORTH-MACEDONIA-3GB-15D,B0FRB59DJS,,9.99,0,Active,AMAZON_EU,01/07/2026 10:19:51 MEST
IT,KEEP,in master list,NORTH-MACEDONIA-5GB-30D,B0FR9WNHHX,,14.99,0,Active,AMAZON_EU,01/07/2026 10:23:47 MEST
IT,KEEP-PARENT,variation parent in Google Sheet,NORTH-MACEDONIA-ESIM,B0H754WZJL,,,0,Incomplete,DEFAULT,01/07/2026 10:19:47 MEST
IT,KEEP,in master list,NORWAY-20GB-30D,B0FRB572L8,,15.99,0,Inactive,AMAZON_EU,01/07/2026 10:35:20 MEST
IT,KEEP,in master list,NORWAY-3GB-15D,B0FR9WNK2H,,8.99,0,Active,AMAZON_EU,01/07/2026 16:21:17 MEST
IT,KEEP,in master list,NORWAY-5GB-30D,B0FRBNPZ9D,,9.99,0,Active,AMAZON_EU,01/07/2026 10:31:42 MEST
IT,KEEP-PARENT,variation parent in Google Sheet,NORWAY-ESIM,B0H753ZNVM,,,0,Incomplete,DEFAULT,01/07/2026 10:27:41 MEST
IT,KEEP,in master list,OMAN-20GB-30D,B0FRB4R3FK,,32.99,0,Active,AMAZON_EU,01/07/2026 16:36:38 MEST
IT,KEEP,in master list,OMAN-3GB-15D,B0FRB4BL4W,,11.99,0,Active,AMAZON_EU,01/07/2026 10:39:18 MEST
IT,KEEP-PARENT,variation parent in Google Sheet,OMAN-ESIM,B0H74VS4LX,,,0,Incomplete,DEFAULT,01/07/2026 10:39:14 MEST
IT,KEEP,in master list,PAKISTAN-20GB-30D,B0FRB691X8,,22.99,0,Active,AMAZON_EU,01/07/2026 10:54:48 MEST
IT,KEEP,in master list,PAKISTAN-3GB-15D,B0FRB4HL3B,,8.99,0,Active,AMAZON_EU,01/07/2026 10:47:13 MEST
IT,KEEP,in master list,PAKISTAN-5GB-30D,B0FRB48QKZ,,10.99,0,Active,AMAZON_EU,01/07/2026 10:51:10 MEST
IT,KEEP-PARENT,variation parent in Google Sheet,PAKISTAN-ESIM,B0H75FHZWF,,,0,Incomplete,DEFAULT,01/07/2026 10:47:09 MEST
IT,KEEP,in master list,PANAMA-3GB-15D,B0FRB3VFW6,,17.99,0,Inactive,AMAZON_EU,01/07/2026 10:58:46 MEST
IT,KEEP-PARENT,variation parent in Google Sheet,PANAMA-ESIM,B0H755LGTF,,,0,Incomplete,DEFAULT,01/07/2026 10:58:42 MEST
IT,KEEP,in master list,PARAGUAY-3GB-15D,B0FRB3V7CS,,14.99,0,Active,AMAZON_EU,01/07/2026 11:03:01 MEST
IT,KEEP-PARENT,variation parent in Google Sheet,PARAGUAY-ESIM,B0H756BRTH,,,0,Incomplete,DEFAULT,01/07/2026 11:02:58 MEST
IT,KEEP,in master list,PERU-20GB-30D,B0H6M8BLBD,,42.99,0,Active,AMAZON_EU,30/06/2026 13:19:45 MEST
IT,KEEP,in master list,PERU-3GB-15D,B0H6M5WW3B,,14.99,0,Active,AMAZON_EU,30/06/2026 13:15:31 MEST
IT,KEEP-PARENT,variation parent in Google Sheet,PERU-ESIM,B0H71PLZ2D,,,0,Incomplete,DEFAULT,30/06/2026 13:15:27 MEST
IT,KEEP,in master list,PHILIPPINES-20GB-30D,B0FRB4K2D4,,23.99,0,Active,AMAZON_EU,01/07/2026 11:15:20 MEST
IT,KEEP,in master list,PHILIPPINES-3GB-15D,B0FRB1GVXK,,8.99,0,Active,AMAZON_EU,01/07/2026 11:07:17 MEST
IT,KEEP,in master list,PHILIPPINES-5GB-30D,B0FRB4VCKG,,10.99,0,Active,AMAZON_EU,01/07/2026 11:11:16 MEST
IT,KEEP-PARENT,variation parent in Google Sheet,PHILIPPINES-ESIM,B0H75DD6JB,,,0,Incomplete,DEFAULT,01/07/2026 11:07:14 MEST
IT,KEEP,in master list,POLAND-20GB-30D,B0FRB5HSK7,,15.99,0,Active,AMAZON_EU,01/07/2026 11:26:33 MEST
IT,KEEP,in master list,POLAND-3GB-15D,B0FRB4JVKR,,8.99,0,Active,AMAZON_EU,01/07/2026 11:18:54 MEST
IT,KEEP,in master list,POLAND-5GB-30D,B0FRBDPQ9J,,9.99,0,Active,AMAZON_EU,01/07/2026 11:23:40 MEST
IT,KEEP-PARENT,variation parent in Google Sheet,POLAND-ESIM,B0H75FJSY4,,,0,Incomplete,DEFAULT,01/07/2026 11:18:51 MEST
IT,KEEP,in master list,PORTUGAL-20GB-30D,B0FRB354KV,,15.99,0,Active,AMAZON_EU,01/07/2026 11:39:45 MEST
IT,KEEP,in master list,PORTUGAL-3GB-15D,B0FRB4314T,,8.99,0,Active,AMAZON_EU,01/07/2026 11:30:31 MEST
IT,KEEP,in master list,PORTUGAL-5GB-30D,B0FRB4X799,,9.99,0,Active,AMAZON_EU,01/07/2026 11:34:53 MEST
IT,KEEP-PARENT,variation parent in Google Sheet,PORTUGAL-ESIM,B0H75FZJ7L,,,0,Incomplete,DEFAULT,01/07/2026 11:30:27 MEST
IT,KEEP,in master list,PUERTO-RICO-3GB-15D,B0FRB5MSF1,,12.99,0,Active,AMAZON_EU,01/07/2026 17:52:19 MEST
IT,KEEP,in master list,PUERTO-RICO-5GB-30D,B0FR9WMX9V,,14.99,0,Active,AMAZON_EU,01/07/2026 11:46:07 MEST
IT,KEEP-PARENT,variation parent in Google Sheet,PUERTO-RICO-ESIM,B0H75FNRF6,,,0,Incomplete,DEFAULT,01/07/2026 11:42:04 MEST
IT,KEEP,in master list,QATAR-20GB-30D,B0FR9X3QGM,,31.99,0,Active,AMAZON_EU,01/07/2026 17:34:59 MEST
IT,KEEP,in master list,QATAR-3GB-15D,B0FR9NXH43,,10.99,0,Active,AMAZON_EU,01/07/2026 16:45:20 MEST
IT,KEEP,in master list,QATAR-5GB-30D,B0FR9X5KB1,,17.99,0,Active,AMAZON_EU,01/07/2026 11:54:01 MEST
IT,KEEP-PARENT,variation parent in Google Sheet,QATAR-ESIM,B0H75HPSZT,,,0,Incomplete,DEFAULT,01/07/2026 11:50:00 MEST
IT,KEEP,in master list,REPUBLIC-OF-THE-CONGO-20GB-30D,B0H6MJ756Y,,78.99,0,Active,AMAZON_EU,30/06/2026 19:45:42 MEST
IT,KEEP,in master list,REPUBLIC-OF-THE-CONGO-3GB-15D,B0H6MM6DKT,,22.99,0,Active,AMAZON_EU,30/06/2026 19:39:31 MEST
IT,KEEP,in master list,REPUBLIC-OF-THE-CONGO-5GB-30D,B0H6MBXD3B,,33.99,0,Active,AMAZON_EU,30/06/2026 19:42:35 MEST
IT,KEEP-PARENT,variation parent in Google Sheet,REPUBLIC-OF-THE-CONGO-ESIM,B0H72J2SJP,,,0,Incomplete,DEFAULT,30/06/2026 19:39:27 MEST
IT,KEEP,in master list,REUNION-3GB-15D,B0FRB3KCNQ,,8.99,0,Inactive,AMAZON_EU,01/07/2026 12:01:40 MEST
IT,KEEP,in master list,REUNION-5GB-30D,B0FRB47TQW,,9.99,0,Inactive,AMAZON_EU,01/07/2026 12:05:38 MEST
IT,KEEP-PARENT,variation parent in Google Sheet,REUNION-ESIM,B0H75PGPFH,,,0,Incomplete,DEFAULT,01/07/2026 12:01:36 MEST
IT,KEEP,in master list,ROMANIA-20GB-30D,B0H6MGRC1F,,15.99,0,Active,AMAZON_EU,30/06/2026 19:55:39 MEST
IT,KEEP,in master list,ROMANIA-3GB-15D,B0H6MKQH2C,,8.99,0,Active,AMAZON_EU,30/06/2026 19:49:07 MEST
IT,KEEP,in master list,ROMANIA-5GB-30D,B0H6MFVLCB,,9.99,0,Active,AMAZON_EU,30/06/2026 19:52:21 MEST
IT,KEEP-PARENT,variation parent in Google Sheet,ROMANIA-ESIM,B0H72SN9Y7,,,0,Incomplete,DEFAULT,30/06/2026 19:49:03 MEST
IT,KEEP,in master list,RUSSIA-20GB-30D,B0H6MDSLNC,,23.99,0,Active,AMAZON_EU,30/06/2026 20:05:15 MEST
IT,KEEP,in master list,RUSSIA-3GB-15D,B0H6MDNPC8,,9.99,0,Active,AMAZON_EU,30/06/2026 19:58:43 MEST
IT,KEEP,in master list,RUSSIA-5GB-30D,B0H6MLHHB2,,13.99,0,Active,AMAZON_EU,30/06/2026 20:01:57 MEST
IT,KEEP-PARENT,variation parent in Google Sheet,RUSSIA-ESIM,B0H72LSZF4,,,0,Incomplete,DEFAULT,30/06/2026 19:58:39 MEST
IT,KEEP,in master list,RWANDA-20GB-30D,B0H6M66BWN,,97.99,0,Active,AMAZON_EU,30/06/2026 20:15:01 MEST
IT,KEEP,in master list,RWANDA-3GB-15D,B0H6MK2ZBQ,,24.99,0,Active,AMAZON_EU,30/06/2026 20:08:39 MEST
IT,KEEP,in master list,RWANDA-5GB-30D,B0H6MJZHP1,,32.99,0,Active,AMAZON_EU,30/06/2026 20:12:04 MEST
IT,KEEP-PARENT,variation parent in Google Sheet,RWANDA-ESIM,B0H72V9QP2,,,0,Incomplete,DEFAULT,30/06/2026 20:08:35 MEST
IT,KEEP,in master list,SAINT-BARTHELEMY-20GB-30D,B0H6MJHHNB,,16.99,0,Active,AMAZON_EU,30/06/2026 20:24:47 MEST
IT,KEEP,in master list,SAINT-BARTHELEMY-3GB-15D,B0H6MDMD63,,8.99,0,Active,AMAZON_EU,30/06/2026 20:18:16 MEST
IT,KEEP,in master list,SAINT-BARTHELEMY-5GB-30D,B0H6MBS246,,9.99,0,Active,AMAZON_EU,30/06/2026 20:21:40 MEST
IT,KEEP-PARENT,variation parent in Google Sheet,SAINT-BARTHELEMY-ESIM,B0H732F9SK,,,0,Incomplete,DEFAULT,30/06/2026 20:18:12 MEST
IT,KEEP,in master list,SAINT-KITTS-AND-NEVIS-20GB-30D,B0H6MJQSR4,,103.99,0,Active,AMAZON_EU,30/06/2026 20:34:12 MEST
IT,KEEP,in master list,SAINT-KITTS-AND-NEVIS-3GB-15D,B0H6MDHJ2B,,29.99,0,Active,AMAZON_EU,30/06/2026 20:28:02 MEST
IT,KEEP,in master list,SAINT-KITTS-AND-NEVIS-5GB-30D,B0H6MBK615,,38.99,0,Active,AMAZON_EU,30/06/2026 20:30:54 MEST
IT,KEEP-PARENT,variation parent in Google Sheet,SAINT-KITTS-AND-NEVIS-ESIM,B0H7342JR2,,,0,Incomplete,DEFAULT,30/06/2026 20:27:58 MEST
IT,KEEP,in master list,SAINT-LUCIA-20GB-30D,B0H6MDX8DY,,103.99,0,Active,AMAZON_EU,30/06/2026 20:43:25 MEST
IT,KEEP,in master list,SAINT-LUCIA-3GB-15D,B0H6M7Y1CD,,29.99,0,Active,AMAZON_EU,30/06/2026 20:37:35 MEST
IT,KEEP,in master list,SAINT-LUCIA-5GB-30D,B0H6MGBXNV,,38.99,0,Active,AMAZON_EU,30/06/2026 20:40:39 MEST
IT,KEEP-PARENT,variation parent in Google Sheet,SAINT-LUCIA-ESIM,B0H72VBV8M,,,0,Incomplete,DEFAULT,30/06/2026 20:37:32 MEST
IT,KEEP,in master list,SAINT-MARTIN-20GB-30D,B0H6MF7K64,,16.99,0,Active,AMAZON_EU,30/06/2026 20:53:20 MEST
IT,KEEP,in master list,SAINT-MARTIN-3GB-15D,B0H6MDB2CN,,8.99,0,Active,AMAZON_EU,30/06/2026 20:46:49 MEST
IT,KEEP,in master list,SAINT-MARTIN-5GB-30D,B0H6MC37Q1,,9.99,0,Active,AMAZON_EU,30/06/2026 20:50:03 MEST
IT,KEEP-PARENT,variation parent in Google Sheet,SAINT-MARTIN-ESIM,B0H7377L98,,,0,Incomplete,DEFAULT,30/06/2026 20:46:45 MEST
IT,KEEP,in master list,SAINT-VINCENT-AND-THE-GRENADINES-3GB-15D,B0H6MF3FWZ,,34.99,0,Active,AMAZON_EU,30/06/2026 20:56:34 MEST
IT,KEEP,in master list,SAINT-VINCENT-AND-THE-GRENADINES-5GB-30D,B0H6MJXH8Z,,46.99,0,Active,AMAZON_EU,30/06/2026 20:59:59 MEST
IT,KEEP-PARENT,variation parent in Google Sheet,SAINT-VINCENT-AND-THE-GRENADINES-ESIM,B0H73KHH46,,,0,Incomplete,DEFAULT,30/06/2026 20:56:31 MEST
IT,KEEP,in master list,SAMOA-20GB-30D,B0H6MJQDSM,,295.99,0,Active,AMAZON_EU,30/06/2026 21:13:55 MEST
IT,KEEP,in master list,SAMOA-3GB-15D,B0H6MGJ45S,,58.99,0,Active,AMAZON_EU,30/06/2026 21:07:25 MEST
IT,KEEP,in master list,SAMOA-5GB-30D,B0H6MFFZH1,,80.99,0,Active,AMAZON_EU,30/06/2026 21:11:10 MEST
IT,KEEP-PARENT,variation parent in Google Sheet,SAMOA-ESIM,B0H73W1M1F,,,0,Incomplete,DEFAULT,30/06/2026 21:07:21 MEST
IT,KEEP,in master list,SAN-MARINO-20GB-30D,B0H6MDHJFJ,,16.99,0,Active,AMAZON_EU,30/06/2026 21:23:41 MEST
IT,KEEP,in master list,SAN-MARINO-3GB-15D,B0H6MG33GL,,8.99,0,Active,AMAZON_EU,30/06/2026 21:17:10 MEST
IT,KEEP,in master list,SAN-MARINO-5GB-30D,B0H6ML6C38,,9.99,0,Active,AMAZON_EU,30/06/2026 21:20:35 MEST
IT,KEEP-PARENT,variation parent in Google Sheet,SAN-MARINO-ESIM,B0H73FGYX7,,,0,Incomplete,DEFAULT,30/06/2026 21:17:06 MEST
IT,KEEP,in master list,SAUDI-ARABIA-20GB-30D,B0FRB5PZTS,,33.99,0,Active,AMAZON_EU,01/07/2026 12:17:14 MEST
IT,KEEP,in master list,SAUDI-ARABIA-3GB-15D,B0FRB3N2KL,,11.99,0,Active,AMAZON_EU,01/07/2026 12:09:35 MEST
IT,KEEP,in master list,SAUDI-ARABIA-5GB-30D,B0FRB1SRZY,,14.99,0,Active,AMAZON_EU,01/07/2026 22:59:10 MEST
IT,KEEP-PARENT,variation parent in Google Sheet,SAUDI-ARABIA-ESIM,B0H75FYWYL,,,0,Incomplete,DEFAULT,01/07/2026 12:09:31 MEST
IT,KEEP,in master list,SENEGAL-3GB-15D,B0FRB4HX92,,16.99,0,Active,AMAZON_EU,01/07/2026 12:21:13 MEST
IT,KEEP,in master list,SENEGAL-5GB-30D,B0FRB68H77,,18.99,0,Active,AMAZON_EU,01/07/2026 12:25:12 MEST
IT,KEEP-PARENT,variation parent in Google Sheet,SENEGAL-ESIM,B0H75QZLQZ,,,0,Incomplete,DEFAULT,01/07/2026 12:21:10 MEST
IT,KEEP,in master list,SERBIA-20GB-30D,B0FRB5K8JC,,21.99,0,Inactive,AMAZON_EU,01/07/2026 12:32:59 MEST
IT,KEEP,in master list,SERBIA-3GB-15D,B0FRB5TJV2,,8.99,0,Active,AMAZON_EU,01/07/2026 12:29:01 MEST
IT,KEEP-PARENT,variation parent in Google Sheet,SERBIA-ESIM,B0H75HY6JL,,,0,Incomplete,DEFAULT,01/07/2026 12:28:56 MEST
IT,KEEP,in master list,SEYCHELLES-3GB-15D,B0FRB55T3H,,17.99,0,Active,AMAZON_EU,01/07/2026 12:36:58 MEST
IT,KEEP,in master list,SEYCHELLES-5GB-30D,B0FR9P7N6M,,28.99,0,Active,AMAZON_EU,01/07/2026 21:54:40 MEST
IT,KEEP-PARENT,variation parent in Google Sheet,SEYCHELLES-ESIM,B0H75N8VRC,,,0,Incomplete,DEFAULT,01/07/2026 12:36:54 MEST
IT,KEEP,in master list,SIERRA-LEONE-20GB-30D,B0H6ML1JW1,,94.99,0,Active,AMAZON_EU,30/06/2026 21:33:38 MEST
IT,KEEP,in master list,SIERRA-LEONE-3GB-15D,B0H6MHPWKP,,26.99,0,Active,AMAZON_EU,30/06/2026 21:27:16 MEST
IT,KEEP,in master list,SIERRA-LEONE-5GB-30D,B0H6MBK6HZ,,33.99,0,Active,AMAZON_EU,30/06/2026 21:30:42 MEST
IT,KEEP-PARENT,variation parent in Google Sheet,SIERRA-LEONE-ESIM,B0H73W19ZH,,,0,Incomplete,DEFAULT,30/06/2026 21:27:13 MEST
IT,KEEP,in master list,SINGAPORE-20GB-30D,B0FRB256K8,,15.99,0,Active,AMAZON_EU,01/07/2026 12:48:54 MEST
IT,KEEP,in master list,SINGAPORE-5GB-30D,B0FR9X3Y3R,,9.99,0,Active,AMAZON_EU,01/07/2026 12:44:55 MEST
IT,KEEP-PARENT,variation parent in Google Sheet,SINGAPORE-ESIM,B0H75KT1KB,,,0,Incomplete,DEFAULT,01/07/2026 12:44:52 MEST
IT,KEEP,in master list,SLOVAKIA-20GB-30D,B0FRB14YYC,,15.99,0,Active,AMAZON_EU,01/07/2026 13:00:05 MEST
IT,KEEP,in master list,SLOVAKIA-3GB-15D,B0FR9XC4BW,,8.99,0,Active,AMAZON_EU,01/07/2026 12:52:41 MEST
IT,KEEP,in master list,SLOVAKIA-5GB-30D,B0FRB2X84M,,9.99,0,Active,AMAZON_EU,01/07/2026 12:56:37 MEST
IT,KEEP-PARENT,variation parent in Google Sheet,SLOVAKIA-ESIM,B0H75MKN65,,,0,Incomplete,DEFAULT,01/07/2026 12:52:37 MEST
IT,KEEP,in master list,SLOVENIA-20GB-30D,B0FR9X15V2,,15.99,0,Active,AMAZON_EU,01/07/2026 13:11:38 MEST
IT,KEEP,in master list,SLOVENIA-3GB-15D,B0FR9XCF27,,8.99,0,Active,AMAZON_EU,01/07/2026 13:04:00 MEST
IT,KEEP,in master list,SLOVENIA-5GB-30D,B0FRB3SJMR,,9.99,0,Active,AMAZON_EU,01/07/2026 13:07:57 MEST
IT,KEEP-PARENT,variation parent in Google Sheet,SLOVENIA-ESIM,B0H75RGKGR,,,0,Incomplete,DEFAULT,01/07/2026 13:03:57 MEST
IT,KEEP,in master list,SOUTH-AFRICA-5GB-30D,B0FRB3R6F3,,15.99,0,Active,AMAZON_EU,01/07/2026 13:15:36 MEST
IT,KEEP-PARENT,variation parent in Google Sheet,SOUTH-AFRICA-ESIM,B0H75HX58X,,,0,Incomplete,DEFAULT,01/07/2026 13:15:33 MEST
IT,KEEP,in master list,SOUTH-AMERICA-5GB-30D,B0FRB8D7HC,,21.99,0,Active,AMAZON_EU,01/07/2026 13:19:52 MEST
IT,KEEP-PARENT,variation parent in Google Sheet,SOUTH-AMERICA-ESIM,B0H75J8P43,,,0,Incomplete,DEFAULT,01/07/2026 13:19:49 MEST
IT,KEEP,in master list,SOUTH-KOREA-20GB-30D,B0FRC4P51Z,,15.99,0,Inactive,AMAZON_EU,01/07/2026 13:31:47 MEST
IT,KEEP,in master list,SOUTH-KOREA-3GB-15D,B0FRC4RTDF,,8.99,0,Active,AMAZON_EU,01/07/2026 22:20:06 MEST
IT,KEEP,in master list,SOUTH-KOREA-5GB-30D,B0FRD9LC4C,,9.99,0,Inactive,AMAZON_EU,01/07/2026 22:31:24 MEST
IT,KEEP-PARENT,variation parent in Google Sheet,SOUTH-KOREA-ESIM,B0H75QBXCD,,,0,Incomplete,DEFAULT,01/07/2026 13:24:04 MEST
IT,KEEP,in master list,SPAIN-20GB-30D,B0FRCMPGPL,,15.99,0,Inactive,AMAZON_EU,01/07/2026 13:43:27 MEST
IT,KEEP,in master list,SPAIN-3GB-15D,B0FRCDHTZ7,,8.99,0,Active,AMAZON_EU,01/07/2026 13:35:45 MEST
IT,KEEP,in master list,SPAIN-5GB-30D,B0FRBQCLZN,,9.99,0,Active,AMAZON_EU,01/07/2026 13:39:46 MEST
IT,KEEP-PARENT,variation parent in Google Sheet,SPAIN-ESIM,B0H75RNC6Z,,,0,Incomplete,DEFAULT,01/07/2026 13:35:42 MEST
IT,KEEP,in master list,SRI-LANKA-20GB-30D,B0FRC2DZN5,,28.99,0,Active,AMAZON_EU,01/07/2026 13:55:04 MEST
IT,KEEP,in master list,SRI-LANKA-3GB-15D,B0FRB7Z1NW,,10.99,0,Active,AMAZON_EU,01/07/2026 13:47:25 MEST
IT,KEEP,in master list,SRI-LANKA-5GB-30D,B0FRB64B8M,,12.99,0,Active,AMAZON_EU,01/07/2026 13:51:25 MEST
IT,KEEP-PARENT,variation parent in Google Sheet,SRI-LANKA-ESIM,B0H75XCKGJ,,,0,Incomplete,DEFAULT,01/07/2026 13:47:22 MEST
IT,KEEP,in master list,SUDAN-3GB-15D,B0FRCKTXNQ,,22.99,0,Active,AMAZON_EU,01/07/2026 13:59:02 MEST
IT,KEEP,in master list,SUDAN-5GB-30D,B0FRC799N3,,30.99,0,Active,AMAZON_EU,01/07/2026 14:02:39 MEST
IT,KEEP-PARENT,variation parent in Google Sheet,SUDAN-ESIM,B0H75ZDY3D,,,0,Incomplete,DEFAULT,01/07/2026 13:58:58 MEST
IT,KEEP,in master list,SURINAME-20GB-30D,B0H6MNKY5H,,74.99,0,Active,AMAZON_EU,30/06/2026 21:43:32 MEST
IT,KEEP,in master list,SURINAME-3GB-15D,B0H6MLWJMY,,19.99,0,Active,AMAZON_EU,30/06/2026 21:37:02 MEST
IT,KEEP,in master list,SURINAME-5GB-30D,B0H6MNS3N5,,32.99,0,Active,AMAZON_EU,30/06/2026 21:40:26 MEST
IT,KEEP-PARENT,variation parent in Google Sheet,SURINAME-ESIM,B0H73TG468,,,0,Incomplete,DEFAULT,30/06/2026 21:36:58 MEST
IT,KEEP,in master list,SVG-20GB-30D,B0H6MWF5B5,,125.99,0,Active,AMAZON_EU,30/06/2026 21:03:23 MEST
IT,KEEP-PARENT,variation parent in Google Sheet,SVG-ESIM,B0H73L2PZC,,,0,Incomplete,DEFAULT,30/06/2026 21:03:19 MEST
IT,KEEP,in master list,SWEDEN-20GB-30D,B0FRB7X5SP,,15.99,0,Inactive,AMAZON_EU,01/07/2026 14:14:19 MEST
IT,KEEP,in master list,SWEDEN-3GB-15D,B0FRCC6W9S,,8.99,0,Active,AMAZON_EU,01/07/2026 14:06:37 MEST
IT,KEEP,in master list,SWEDEN-5GB-30D,B0FRCS524D,,9.99,0,Inactive,AMAZON_EU,01/07/2026 23:57:12 MEST
IT,KEEP-PARENT,variation parent in Google Sheet,SWEDEN-ESIM,B0H762H72C,,,0,Incomplete,DEFAULT,01/07/2026 14:06:34 MEST
IT,KEEP,in master list,SWITZERLAND-20GB-30D,B0FRB6VY7S,,15.99,0,Inactive,AMAZON_EU,01/07/2026 14:26:00 MEST
IT,KEEP,in master list,SWITZERLAND-3GB-15D,B0FRB5LFVC,,8.99,0,Active,AMAZON_EU,01/07/2026 14:18:17 MEST
IT,KEEP,in master list,SWITZERLAND-5GB-30D,B0FRB7G4VW,,9.99,0,Active,AMAZON_EU,01/07/2026 14:22:17 MEST
IT,KEEP-PARENT,variation parent in Google Sheet,SWITZERLAND-ESIM,B0H75T72JS,,,0,Incomplete,DEFAULT,01/07/2026 14:18:14 MEST
IT,KEEP,in master list,TAJIKISTAN-20GB-30D,B0H6M85C77,,41.99,0,Active,AMAZON_EU,30/06/2026 21:53:36 MEST
IT,KEEP,in master list,TAJIKISTAN-3GB-15D,B0H6M7XFN6,,15.99,0,Active,AMAZON_EU,30/06/2026 21:46:45 MEST
IT,KEEP,in master list,TAJIKISTAN-5GB-30D,B0H6MFYMXZ,,16.99,0,Active,AMAZON_EU,30/06/2026 21:50:30 MEST
IT,KEEP-PARENT,variation parent in Google Sheet,TAJIKISTAN-ESIM,B0H73F33S7,,,0,Incomplete,DEFAULT,30/06/2026 21:46:42 MEST
IT,KEEP,in master list,TANZANIA-3GB-15D,B0FRC81NPJ,,16.99,0,Active,AMAZON_EU,01/07/2026 14:29:59 MEST
IT,KEEP-PARENT,variation parent in Google Sheet,TANZANIA-ESIM,B0H75TBT83,,,0,Incomplete,DEFAULT,01/07/2026 14:29:56 MEST
IT,KEEP,in master list,THAILAND-20GB-30D,B0FRCHW3MW,,15.99,0,Inactive,AMAZON_EU,01/07/2026 14:42:19 MEST
IT,KEEP,in master list,THAILAND-3GB-15D,B0FRCDPJSH,,8.99,0,Active,AMAZON_EU,01/07/2026 14:34:16 MEST
IT,KEEP,in master list,THAILAND-5GB-30D,B0FR9Q5D1J,,9.99,0,Active,AMAZON_EU,01/07/2026 14:38:38 MEST
IT,KEEP-PARENT,variation parent in Google Sheet,THAILAND-ESIM,B0H75VQ562,,,0,Incomplete,DEFAULT,01/07/2026 14:34:13 MEST
IT,KEEP,in master list,TRINIDAD-AND-TOBAGO-20GB-30D,B0H6MF31VP,,96.99,0,Active,AMAZON_EU,30/06/2026 22:03:51 MEST
IT,KEEP,in master list,TRINIDAD-AND-TOBAGO-3GB-15D,B0H6MJTHXK,,22.99,0,Active,AMAZON_EU,30/06/2026 21:57:00 MEST
IT,KEEP,in master list,TRINIDAD-AND-TOBAGO-5GB-30D,B0H6MJTHY9,,33.99,0,Active,AMAZON_EU,30/06/2026 22:00:34 MEST
IT,KEEP-PARENT,variation parent in Google Sheet,TRINIDAD-AND-TOBAGO-ESIM,B0H72WP6TQ,,,0,Incomplete,DEFAULT,30/06/2026 21:56:56 MEST
IT,KEEP,in master list,TUNISIA-5GB-30D,B0FRB7Q96Z,,11.99,0,Inactive,AMAZON_EU,01/07/2026 14:45:53 MEST
IT,KEEP-PARENT,variation parent in Google Sheet,TUNISIA-ESIM,B0H75TL5BT,,,0,Incomplete,DEFAULT,01/07/2026 14:45:49 MEST
IT,KEEP,in master list,TURKEY-20GB-30D,B0FRCYMWCX,,17.99,0,Inactive,AMAZON_EU,01/07/2026 14:57:47 MEST
IT,KEEP,in master list,TURKEY-3GB-15D,B0FRC2PSHM,,8.99,0,Active,AMAZON_EU,01/07/2026 14:50:35 MEST
IT,KEEP,in master list,TURKEY-5GB-30D,B0FRCBZ1BB,,8.99,0,Active,AMAZON_EU,01/07/2026 14:54:06 MEST
IT,KEEP-PARENT,variation parent in Google Sheet,TURKEY-ESIM,B0H75XZ3LR,,,0,Incomplete,DEFAULT,01/07/2026 14:50:05 MEST
IT,KEEP,in master list,TURKS-AND-CAICOS-ISLANDS-20GB-30D,B0H6MLBGX7,,90.99,0,Active,AMAZON_EU,30/06/2026 22:13:56 MEST
IT,KEEP,in master list,TURKS-AND-CAICOS-ISLANDS-3GB-15D,B0H6MNNXGL,,23.99,0,Active,AMAZON_EU,30/06/2026 22:07:15 MEST
IT,KEEP,in master list,TURKS-AND-CAICOS-ISLANDS-5GB-30D,B0H6MLH1KM,,29.99,0,Active,AMAZON_EU,30/06/2026 22:10:39 MEST
IT,KEEP-PARENT,variation parent in Google Sheet,TURKS-AND-CAICOS-ISLANDS-ESIM,B0H73C5MT2,,,0,Incomplete,DEFAULT,30/06/2026 22:07:12 MEST
IT,KEEP,in master list,UGANDA-3GB-15D,B0FRB7F7Z9,,18.99,0,Active,AMAZON_EU,01/07/2026 15:01:44 MEST
IT,KEEP-PARENT,variation parent in Google Sheet,UGANDA-ESIM,B0H761CGH5,,,0,Incomplete,DEFAULT,01/07/2026 15:01:41 MEST
IT,KEEP,in master list,UKRAINE-3GB-15D,B0FRB9SBFR,,8.99,0,Active,AMAZON_EU,02/07/2026 01:03:19 MEST
IT,KEEP,in master list,UKRAINE-5GB-30D,B0FRC2NRKG,,9.99,0,Inactive,AMAZON_EU,01/07/2026 15:09:38 MEST
IT,KEEP-PARENT,variation parent in Google Sheet,UKRAINE-ESIM,B0H75V3B9Q,,,0,Incomplete,DEFAULT,01/07/2026 15:05:35 MEST
IT,KEEP,in master list,UNITED-ARAB-EMIRATES-20GB-30D,B0FRB7TFJR,,36.99,0,Active,AMAZON_EU,07/07/2026 12:48:53 MEST
IT,KEEP,in master list,UNITED-ARAB-EMIRATES-3GB-15D,B0FRBBYBGH,,12.99,0,Active,AMAZON_EU,01/07/2026 15:13:35 MEST
IT,KEEP,in master list,UNITED-ARAB-EMIRATES-5GB-30D,B0FRB89XHX,,15.99,0,Active,AMAZON_EU,07/07/2026 12:48:53 MEST
IT,KEEP-PARENT,variation parent in Google Sheet,UNITED-ARAB-EMIRATES-ESIM,B0H7653R25,,,0,Incomplete,DEFAULT,01/07/2026 15:13:31 MEST
IT,KEEP,in master list,UNITED-KINGDOM-20GB-30D,B0FRDGCBTN,,15.99,0,Active,AMAZON_EU,01/07/2026 15:32:51 MEST
IT,KEEP,in master list,UNITED-KINGDOM-3GB-15D,B0FRCPD8TS,,8.99,0,Active,AMAZON_EU,01/07/2026 15:25:11 MEST
IT,KEEP,in master list,UNITED-KINGDOM-5GB-30D,B0FRDDRGJF,,9.99,0,Active,AMAZON_EU,07/07/2026 12:48:55 MEST
IT,KEEP-PARENT,variation parent in Google Sheet,UNITED-KINGDOM-ESIM,B0H75YKKW8,,,0,Incomplete,DEFAULT,01/07/2026 15:25:07 MEST
IT,KEEP,in master list,UNITED-STATES-3GB-15D,B0FRCFXK3V,,8.99,0,Active,AMAZON_EU,01/07/2026 15:36:49 MEST
IT,KEEP,in master list,UNITED-STATES-5GB-30D,B0FRC2PQ8H,,9.99,0,Active,AMAZON_EU,01/07/2026 15:40:47 MEST
IT,KEEP-PARENT,variation parent in Google Sheet,UNITED-STATES-ESIM,B0H762XGD2,,,0,Incomplete,DEFAULT,01/07/2026 15:36:45 MEST
IT,KEEP,in master list,URUGUAY-3GB-15D,B0FRB7LHGN,,17.99,0,Active,AMAZON_EU,01/07/2026 22:40:59 MEST
IT,KEEP-PARENT,variation parent in Google Sheet,URUGUAY-ESIM,B0H7611Q3S,,,0,Incomplete,DEFAULT,01/07/2026 15:44:41 MEST
IT,KEEP,in master list,UZBEKISTAN-5GB-30D,B0FRBWFZ6M,,9.99,0,Active,AMAZON_EU,01/07/2026 15:48:59 MEST
IT,KEEP-PARENT,variation parent in Google Sheet,UZBEKISTAN-ESIM,B0H7637KFT,,,0,Incomplete,DEFAULT,01/07/2026 15:48:56 MEST
IT,KEEP,in master list,VATICAN-CITY-20GB-30D,B0H6MDPLZ9,,15.99,0,Active,AMAZON_EU,30/06/2026 22:23:31 MEST
IT,KEEP,in master list,VATICAN-CITY-3GB-15D,B0H6MBMF8G,,8.99,0,Active,AMAZON_EU,30/06/2026 22:16:59 MEST
IT,KEEP,in master list,VATICAN-CITY-5GB-30D,B0H6M7YXNP,,9.99,0,Active,AMAZON_EU,30/06/2026 22:20:24 MEST
IT,KEEP-PARENT,variation parent in Google Sheet,VATICAN-CITY-ESIM,B0H73M1QV9,,,0,Incomplete,DEFAULT,30/06/2026 22:16:56 MEST
IT,KEEP,in master list,VIETNAM-20GB-30D,B0FRC2NKC4,,22.99,0,Active,AMAZON_EU,01/07/2026 16:02:28 MEST
IT,KEEP,in master list,VIETNAM-3GB-15D,B0FRBR2DHW,,8.99,0,Inactive,AMAZON_EU,01/07/2026 15:53:14 MEST
IT,KEEP,in master list,VIETNAM-5GB-30D,B0FRCBXRGV,,10.99,0,Active,AMAZON_EU,01/07/2026 15:57:12 MEST
IT,KEEP-PARENT,variation parent in Google Sheet,VIETNAM-ESIM,B0H765YPGP,,,0,Incomplete,DEFAULT,01/07/2026 15:53:11 MEST
IT,KEEP,in master list,ZAMBIA-3GB-15D,B0FRC2NSM2,,17.99,0,Active,AMAZON_EU,01/07/2026 16:04:50 MEST
IT,KEEP,in master list,ZAMBIA-5GB-30D,B0FRCL97L4,,28.99,0,Active,AMAZON_EU,01/07/2026 16:09:13 MEST
IT,KEEP-PARENT,variation parent in Google Sheet,ZAMBIA-ESIM,B0H766JG6B,,,0,Incomplete,DEFAULT,01/07/2026 16:04:47 MEST
ES,DELETE,not in master list,AE_20_30,B0FRB7TFJR,,42.48,0,Active,AMAZON_EU,25/03/2026 09:14:22 MET
ES,DELETE,not in master list,AE_3_15,B0FRBBYBGH,,10.96,0,Active,AMAZON_EU,25/03/2026 10:05:25 MET
ES,DELETE,not in master list,AE_5_30,B0FRB89XHX,,16.29,0,Active,AMAZON_EU,25/03/2026 08:49:37 MET
ES,DELETE,not in master list,AU_20_30,B0FR9G1ZQJ,,15.6,0,Active,AMAZON_EU,25/03/2026 10:05:41 MET
ES,DELETE,not in master list,AU_3_15,B0FR9SKY4D,,6.9,0,Active,AMAZON_EU,25/03/2026 12:21:09 MET
ES,DELETE,not in master list,AU_5_30,B0FR9JRB62,,8.64,0,Active,AMAZON_EU,25/03/2026 10:07:25 MET
ES,DELETE,not in master list,BE_20_30,B0FR9BVRCH,,19.83,0,Active,AMAZON_EU,25/03/2026 10:55:08 MET
ES,DELETE,not in master list,BE_3_15,B0FR9G432K,,7.48,0,Active,AMAZON_EU,25/03/2026 09:21:01 MET
ES,DELETE,not in master list,BE_5_30,B0FR9SXCW6,,8.64,0,Active,AMAZON_EU,25/03/2026 09:20:31 MET
ES,DELETE,not in master list,CA_20_30,B0FR9BY42D,,29.67,0,Inactive,AMAZON_EU,25/03/2026 10:12:38 MET
ES,DELETE,not in master list,CA_3_15,B0FR9RZLF3,,12.23,0,Inactive,AMAZON_EU,25/03/2026 10:12:10 MET
ES,DELETE,not in master list,CA_5_30,B0FR9SYCBK,,15.68,0,Inactive,AMAZON_EU,25/03/2026 09:27:21 MET
ES,DELETE,not in master list,CH_20_30,B0FRB6VY7S,,16.76,0,Inactive,AMAZON_EU,25/03/2026 10:07:07 MET
ES,DELETE,not in master list,CH_3_15,B0FRB5LFVC,,6.33,0,Active,AMAZON_EU,25/03/2026 10:10:36 MET
ES,DELETE,not in master list,CH_5_30,B0FRB7G4VW,,8.64,0,Active,AMAZON_EU,25/03/2026 10:06:42 MET
ES,DELETE,not in master list,CN_20_30,B0FR9GD6X9,,19.83,0,Inactive,AMAZON_EU,25/03/2026 09:26:14 MET
ES,DELETE,not in master list,CN_3_15,B0FR9QZ578,,7.48,0,Active,AMAZON_EU,25/03/2026 09:28:04 MET
ES,DELETE,not in master list,CN_5_30,B0FR9HX7XH,,9.8,0,Active,AMAZON_EU,25/03/2026 10:04:44 MET
ES,DELETE,not in master list,DE_20_30,B0GSZP9H94,,32.52,0,Inactive,AMAZON_EU,25/03/2026 09:04:40 MET
ES,DELETE,not in master list,DE_3_15,B0GSZBMLKV,,9.93,0,Inactive,AMAZON_EU,25/03/2026 09:19:31 MET
ES,DELETE,not in master list,DE_5_30,B0GSZDYWLZ,,11.66,0,Inactive,AMAZON_EU,25/03/2026 10:02:27 MET
ES,DELETE,not in master list,EG_20_30,B0FR9GQBGL,,35.53,0,Active,AMAZON_EU,25/03/2026 09:26:28 MET
ES,DELETE,not in master list,EG_3_15,B0FR9C784N,,10.96,0,Active,AMAZON_EU,25/03/2026 09:28:51 MET
ES,DELETE,not in master list,EG_3_30,B0FR9GNL93,,14.51,0,Inactive,AMAZON_EU,25/03/2026 11:22:04 MET
ES,DELETE,not in master list,ES_20_30,B0FRCMPGPL,,17.92,0,Inactive,AMAZON_EU,25/03/2026 10:08:51 MET
ES,DELETE,not in master list,ES_3_15,B0FRCDHTZ7,,7.48,0,Active,AMAZON_EU,25/03/2026 10:02:25 MET
ES,DELETE,not in master list,ES_5_30,B0FRBQCLZN,,9.8,0,Active,AMAZON_EU,25/03/2026 10:06:54 MET
ES,DELETE,not in master list,FR_20_30,B0FR9GPMC5,,23.3,0,Active,AMAZON_EU,28/03/2026 14:51:05 MET
ES,DELETE,not in master list,FR_3_15,B0FR9C5ZB6,,8.64,0,Active,AMAZON_EU,28/03/2026 14:52:50 MET
ES,DELETE,not in master list,FR_5_30,B0FR9LMDW5,,10.96,0,Active,AMAZON_EU,17/04/2026 18:09:01 MEST
ES,DELETE,not in master list,GB_20_30,B0FRDGCBTN,,16.88,0,Active,AMAZON_EU,25/03/2026 09:19:35 MET
ES,DELETE,not in master list,GB_3_15,B0FRCPD8TS,,5.15,0,Active,AMAZON_EU,25/03/2026 10:05:40 MET
ES,DELETE,not in master list,GB_5_30,B0FRDDRGJF,,6.33,0,Active,AMAZON_EU,25/03/2026 10:55:37 MET
ES,DELETE,not in master list,GR_20_30,B0FR9KJGBG,,19.83,0,Active,AMAZON_EU,25/03/2026 10:07:56 MET
ES,DELETE,not in master list,GR_3_15,B0FR9L85F6,,6.33,0,Active,AMAZON_EU,25/03/2026 12:33:32 MET
ES,DELETE,not in master list,GR_5_30,B0FR9C7SMF,,5.74,0,Active,AMAZON_EU,25/03/2026 09:19:13 MET
ES,DELETE,not in master list,HAJJ-LUX-10GB-30D,B0H3L75HDS,,71.99,0,Inactive,AMAZON_EU,01/06/2026 22:32:59 MEST
ES,DELETE,not in master list,HAJJ-LUXURY-ESIM,B0H71WX2W4,,,0,Incomplete,DEFAULT,30/06/2026 13:08:26 MEST
ES,DELETE,not in master list,HK_20_30,B0FR9GXZ6F,,21.51,0,Active,AMAZON_EU,25/03/2026 09:20:03 MET
ES,DELETE,not in master list,HK_3_15,B0FR9CC6Q8,,9.92,0,Active,AMAZON_EU,25/03/2026 11:30:05 MET
ES,DELETE,not in master list,HK_5_30,B0FR9GXYYL,,6.45,0,Active,AMAZON_EU,25/03/2026 09:19:17 MET
ES,DELETE,not in master list,ID_20_30,B0FR9QXRDQ,,16.76,0,Active,AMAZON_EU,25/03/2026 10:06:11 MET
ES,DELETE,not in master list,ID_3_15,B0FR9T6QPZ,,6.33,0,Active,AMAZON_EU,25/03/2026 11:28:29 MET
ES,DELETE,not in master list,ID_5_30,B0FR8XW5DR,,4.59,0,Active,AMAZON_EU,25/03/2026 09:49:27 MET
ES,DELETE,not in master list,IE_20_30,B0FR9SZG2Z,,17.92,0,Active,AMAZON_EU,25/03/2026 09:03:34 MET
ES,DELETE,not in master list,IE_3_15,B0FR8XV57F,,6.33,0,Active,AMAZON_EU,25/03/2026 09:20:49 MET
ES,DELETE,not in master list,IE_5_30,B0FR9GYKQL,,5.74,0,Active,AMAZON_EU,25/03/2026 10:11:25 MET
ES,DELETE,not in master list,IN_20_30,B0FR9DYMHX,,41.33,0,Active,AMAZON_EU,28/03/2026 15:51:24 MET
ES,DELETE,not in master list,IN_3_15,B0FR9ZM116,,12.11,0,Active,AMAZON_EU,25/03/2026 09:19:51 MET
ES,DELETE,not in master list,IN_5_30,B0FR9GXWN9,,16.76,0,Active,AMAZON_EU,25/03/2026 10:06:32 MET
ES,DELETE,not in master list,IT_20_30,B0FR9RNZV2,,16.76,0,Active,AMAZON_EU,25/03/2026 09:27:45 MET
ES,DELETE,not in master list,IT_3_15,B0FR9GXZ18,,6.33,0,Active,AMAZON_EU,25/03/2026 09:59:09 MET
ES,DELETE,not in master list,IT_5_30,B0FR9ZR2TH,,4.59,0,Active,AMAZON_EU,25/03/2026 09:29:07 MET
ES,DELETE,not in master list,JP_20_30,B0FR9RZKRB,,16.76,0,Active,AMAZON_EU,25/03/2026 12:25:34 MET
ES,DELETE,not in master list,JP_3_15,B0FR9LVZVQ,,6.33,0,Active,AMAZON_EU,25/03/2026 09:27:01 MET
ES,DELETE,not in master list,JP_5_30,B0FR9TLXXH,,4.59,0,Active,AMAZON_EU,25/03/2026 10:43:49 MET
ES,DELETE,not in master list,KE_3_15,B0FR9GZ14G,,26.24,0,Active,AMAZON_EU,25/03/2026 10:00:45 MET
ES,DELETE,not in master list,KE_5_30,B0FR9T4DG6,,35.54,0,Active,AMAZON_EU,25/03/2026 10:11:32 MET
ES,DELETE,not in master list,MA_20_30,B0FR9M57DY,,29.73,0,Active,AMAZON_EU,25/03/2026 08:49:20 MET
ES,DELETE,not in master list,MA_3_15,B0FR9CFZQR,,8.64,0,Active,AMAZON_EU,25/03/2026 11:29:49 MET
ES,DELETE,not in master list,MA_5_30,B0FR9CDDQ8,,9.22,0,Active,AMAZON_EU,25/03/2026 10:10:45 MET
ES,DELETE,not in master list,MY_20_30,B0FR9VMWYD,,16.76,0,Active,AMAZON_EU,25/03/2026 09:26:02 MET
ES,DELETE,not in master list,MY_3_15,B0FR9H1Q65,,6.33,0,Active,AMAZON_EU,25/03/2026 09:25:41 MET
ES,DELETE,not in master list,MY_5_30,B0FR9LDGX8,,8.64,0,Active,AMAZON_EU,25/03/2026 09:28:06 MET
ES,DELETE,not in master list,NL_20_30,B0FR9NG7LB,,21.01,0,Active,AMAZON_EU,25/03/2026 11:28:15 MET
ES,DELETE,not in master list,NL_3_15,B0FRB5GNM2,,6.33,0,Active,AMAZON_EU,25/03/2026 10:43:55 MET
ES,DELETE,not in master list,NL_5_30,B0FR9NHP7Q,,5.74,0,Active,AMAZON_EU,25/03/2026 09:14:47 MET
ES,DELETE,not in master list,PH_20_30,B0FRB4K2D4,,34.38,0,Active,AMAZON_EU,25/03/2026 09:25:35 MET
ES,DELETE,not in master list,PH_3_15,B0FRB1GVXK,,9.8,0,Active,AMAZON_EU,25/03/2026 10:05:30 MET
ES,DELETE,not in master list,PH_5_30,B0FRB4VCKG,,13.29,0,Active,AMAZON_EU,25/03/2026 09:19:55 MET
ES,DELETE,not in master list,PL_20_30,B0FRB5HSK7,,16.76,0,Active,AMAZON_EU,25/03/2026 11:18:33 MET
ES,DELETE,not in master list,PL_3_15,B0FRB4JVKR,,6.33,0,Active,AMAZON_EU,25/03/2026 10:11:49 MET
ES,DELETE,not in master list,PL_5_30,B0FRBDPQ9J,,4.59,0,Active,AMAZON_EU,25/03/2026 08:41:43 MET
ES,DELETE,not in master list,PT_20_30,B0FRB354KV,,21.01,0,Active,AMAZON_EU,25/03/2026 10:04:16 MET
ES,DELETE,not in master list,PT_3_15,B0FRB4314T,,6.33,0,Active,AMAZON_EU,25/03/2026 11:24:40 MET
ES,DELETE,not in master list,PT_5_30,B0FRB4X799,,5.74,0,Active,AMAZON_EU,25/03/2026 09:26:14 MET
ES,DELETE,not in master list,SG_20_30,B0FRB256K8,,17.92,0,Active,AMAZON_EU,25/03/2026 10:05:57 MET
ES,DELETE,not in master list,SG_3_30,B0FRB3KY59,,12.25,0,Inactive,AMAZON_EU,25/03/2026 09:23:16 MET
ES,DELETE,not in master list,SG_5_30,B0FR9X3Y3R,,9.8,0,Active,AMAZON_EU,25/03/2026 09:19:28 MET
ES,DELETE,not in master list,SN_3_15,B0FRB4HX92,,29.73,0,Active,AMAZON_EU,25/03/2026 10:04:13 MET
ES,DELETE,not in master list,SN_5_30,B0FRB68H77,,43.64,0,Active,AMAZON_EU,25/03/2026 11:28:39 MET
ES,DELETE,not in master list,TH_20_30,B0FRCHW3MW,,17.91,0,Inactive,AMAZON_EU,25/03/2026 11:29:18 MET
ES,DELETE,not in master list,TH_3_15,B0FRCDPJSH,,6.96,0,Active,AMAZON_EU,25/03/2026 09:14:40 MET
ES,DELETE,not in master list,TH_5_30,B0FR9Q5D1J,,4.59,0,Active,AMAZON_EU,25/03/2026 10:56:42 MET
ES,DELETE,not in master list,TN_10_30,B0FRB85GLD,,23.28,0,Inactive,AMAZON_EU,25/03/2026 09:27:41 MET
ES,DELETE,not in master list,TN_3_30,B0FRCKZKVY,,11.63,0,Inactive,AMAZON_EU,25/03/2026 10:04:37 MET
ES,DELETE,not in master list,TN_5_30,B0FRB7Q96Z,,14.44,0,Inactive,AMAZON_EU,25/03/2026 10:11:57 MET
ES,DELETE,not in master list,TR_20_30,B0FRCYMWCX,,16.76,0,Inactive,AMAZON_EU,25/03/2026 12:25:02 MET
ES,DELETE,not in master list,TR_3_15,B0FRC2PSHM,,6.33,0,Active,AMAZON_EU,25/03/2026 09:58:44 MET
ES,DELETE,not in master list,TR_5_30,B0FRCBZ1BB,,4.59,0,Active,AMAZON_EU,25/03/2026 10:12:14 MET
ES,DELETE,not in master list,TZ_3_15,B0FRC81NPJ,,26.24,0,Active,AMAZON_EU,25/03/2026 10:06:43 MET
ES,DELETE,not in master list,US_20_90,B0FRB9JP2K,,26.78,0,Inactive,AMAZON_EU,25/03/2026 10:11:47 MET
ES,DELETE,not in master list,US_3_15,B0FRCFXK3V,,7.55,0,Active,AMAZON_EU,25/03/2026 09:04:29 MET
ES,DELETE,not in master list,US_5_30,B0FRC2PQ8H,,6.33,0,Active,AMAZON_EU,25/03/2026 10:04:25 MET
ES,DELETE,not in master list,VN_20_30,B0FRC2NKC4,,,0,Incomplete,AMAZON_EU,28/03/2026 16:21:10 MET
ES,DELETE,not in master list,VN_3_15,B0FRBR2DHW,,,0,Incomplete,AMAZON_EU,28/03/2026 15:51:24 MET
ES,DELETE,not in master list,VN_5_30,B0FRCBXRGV,,,0,Incomplete,AMAZON_EU,28/03/2026 16:21:44 MET
ES,DELETE,not in master list,ZA_10_30,B0FRB4RSW2,,31.4,0,Inactive,AMAZON_EU,25/03/2026 09:31:32 MET
ES,DELETE,not in master list,ZA_5_30,B0FRB3R6F3,,17.92,0,Active,AMAZON_EU,25/03/2026 08:51:23 MET
ES,DELETE,not in master list,ZM_3_15,B0FRC2NSM2,,,0,Incomplete,AMAZON_EU,28/03/2026 16:21:11 MET
ES,DELETE,not in master list,ZM_5_30,B0FRCL97L4,,,0,Incomplete,AMAZON_EU,28/03/2026 15:47:07 MET
ES,KEEP,in master list,AALAND-ISLANDS-20GB-30D,B0FR39Q1KJ,,33.99,0,Active,AMAZON_EU,30/06/2026 22:43:35 MEST
ES,KEEP,in master list,AALAND-ISLANDS-3GB-15D,B0FR3CCSMB,,9.99,0,Active,AMAZON_EU,30/06/2026 22:36:48 MEST
ES,KEEP,in master list,AALAND-ISLANDS-5GB-30D,B0FR3G6JWB,,13.99,0,Active,AMAZON_EU,30/06/2026 22:40:29 MEST
ES,KEEP-PARENT,variation parent in Google Sheet,AALAND-ISLANDS-ESIM,B0H73HGWRZ,,,0,Incomplete,DEFAULT,30/06/2026 22:36:44 MEST
ES,KEEP,in master list,AFRICA-5GB-30D,B0FR3GK9Z7,,29.99,0,Active,AMAZON_EU,30/06/2026 22:46:52 MEST
ES,KEEP-PARENT,variation parent in Google Sheet,AFRICA-ESIM,B0H73DTMBB,,,0,Incomplete,DEFAULT,30/06/2026 22:46:49 MEST
ES,KEEP,in master list,ALBANIA-5GB-30D,B0FR4ZG3Z6,,10.99,0,Inactive,AMAZON_EU,30/06/2026 22:50:33 MEST
ES,KEEP-PARENT,variation parent in Google Sheet,ALBANIA-ESIM,B0H73BT9WD,,,0,Incomplete,DEFAULT,30/06/2026 22:50:29 MEST
ES,KEEP,in master list,ALGERIA-20GB-30D,B0H6M5TDMD,,26.99,0,Active,AMAZON_EU,30/06/2026 13:31:31 MEST
ES,KEEP,in master list,ALGERIA-3GB-15D,B0H6M9R3WH,,9.99,0,Active,AMAZON_EU,30/06/2026 13:23:30 MEST
ES,KEEP,in master list,ALGERIA-5GB-30D,B0H6MDYKG8,,11.99,0,Active,AMAZON_EU,30/06/2026 13:27:40 MEST
ES,KEEP-PARENT,variation parent in Google Sheet,ALGERIA-ESIM,B0H71S2K2B,,,0,Incomplete,DEFAULT,30/06/2026 13:23:26 MEST
ES,KEEP,in master list,ANDORRA-20GB-30D,B0H6MJ97WC,,44.99,0,Active,AMAZON_EU,30/06/2026 13:43:02 MEST
ES,KEEP,in master list,ANDORRA-3GB-15D,B0H6MBPRYN,,15.99,0,Active,AMAZON_EU,30/06/2026 13:35:32 MEST
ES,KEEP,in master list,ANDORRA-5GB-30D,B0H6M5P65S,,16.99,0,Active,AMAZON_EU,30/06/2026 13:39:22 MEST
ES,KEEP-PARENT,variation parent in Google Sheet,ANDORRA-ESIM,B0H71WNCQ9,,,0,Incomplete,DEFAULT,30/06/2026 13:35:29 MEST
ES,KEEP,in master list,ANGOLA-3GB-15D,B0H6M5RWZH,,35.99,0,Active,AMAZON_EU,30/06/2026 13:46:12 MEST
ES,KEEP,in master list,ANGOLA-5GB-30D,B0H6MKZSB4,,58.99,0,Active,AMAZON_EU,30/06/2026 13:50:01 MEST
ES,KEEP-PARENT,variation parent in Google Sheet,ANGOLA-ESIM,B0H721TH8W,,,0,Incomplete,DEFAULT,30/06/2026 13:46:09 MEST
ES,KEEP,in master list,ANGUILLA-20GB-30D,B0H6MHMZY8,,87.99,0,Active,AMAZON_EU,30/06/2026 14:10:11 MEST
ES,KEEP,in master list,ANGUILLA-3GB-15D,B0H6M7X7QY,,24.99,0,Active,AMAZON_EU,30/06/2026 14:02:45 MEST
ES,KEEP,in master list,ANGUILLA-5GB-30D,B0H6MFJ63H,,32.99,0,Active,AMAZON_EU,30/06/2026 14:06:38 MEST
ES,KEEP-PARENT,variation parent in Google Sheet,ANGUILLA-ESIM,B0H71XD3Z6,,,0,Incomplete,DEFAULT,30/06/2026 14:02:42 MEST
ES,KEEP,in master list,ANTIGUA-AND-BARBUDA-20GB-30D,B0H6M2MQJB,,99.99,0,Active,AMAZON_EU,30/06/2026 14:38:41 MEST
ES,KEEP,in master list,ANTIGUA-AND-BARBUDA-3GB-15D,B0H6MBBFLQ,,26.99,0,Active,AMAZON_EU,30/06/2026 14:13:41 MEST
ES,KEEP,in master list,ANTIGUA-AND-BARBUDA-5GB-30D,B0H6MCR5F9,,35.99,0,Active,AMAZON_EU,30/06/2026 14:35:34 MEST
ES,KEEP-PARENT,variation parent in Google Sheet,ANTIGUA-AND-BARBUDA-ESIM,B0H72CBH9C,,,0,Incomplete,DEFAULT,30/06/2026 14:13:38 MEST
ES,KEEP,in master list,ARGENTINA-20GB-30D,B0FR5DCH33,,37.99,0,Active,AMAZON_EU,30/06/2026 22:57:56 MEST
ES,KEEP,in master list,ARGENTINA-3GB-15D,B0FR554SXN,,12.99,0,Active,AMAZON_EU,30/06/2026 22:54:25 MEST
ES,KEEP-PARENT,variation parent in Google Sheet,ARGENTINA-ESIM,B0H73G5PCH,,,0,Incomplete,DEFAULT,30/06/2026 22:54:21 MEST
ES,KEEP,in master list,ARMENIA-20GB-30D,B0FR4ZT5XT,,31.99,0,Active,AMAZON_EU,30/06/2026 23:04:33 MEST
ES,KEEP,in master list,ARMENIA-3GB-15D,B0FR5BK9R4,,9.99,0,Active,AMAZON_EU,30/06/2026 23:01:13 MEST
ES,KEEP-PARENT,variation parent in Google Sheet,ARMENIA-ESIM,B0H735T5WZ,,,0,Incomplete,DEFAULT,30/06/2026 23:01:09 MEST
ES,KEEP,in master list,ASIA-20-3GB-15D,B0FR9FZ4RF,,12.99,0,Inactive,AMAZON_EU,30/06/2026 23:08:11 MEST
ES,KEEP,in master list,ASIA-20-5GB-30D,B0FR9BQNSV,,13.99,0,Inactive,AMAZON_EU,30/06/2026 23:12:05 MEST
ES,KEEP-PARENT,variation parent in Google Sheet,ASIA-20-ESIM,B0H73JJVJS,,,0,Incomplete,DEFAULT,30/06/2026 23:08:08 MEST
ES,KEEP,in master list,AUSTRALIA-20GB-30D,B0FR9G1ZQJ,,15.99,0,Active,AMAZON_EU,30/06/2026 23:23:40 MEST
ES,KEEP,in master list,AUSTRALIA-3GB-15D,B0FR9SKY4D,,8.99,0,Active,AMAZON_EU,30/06/2026 23:16:06 MEST
ES,KEEP,in master list,AUSTRALIA-5GB-30D,B0FR9JRB62,,9.99,0,Active,AMAZON_EU,30/06/2026 23:20:01 MEST
ES,KEEP-PARENT,variation parent in Google Sheet,AUSTRALIA-ESIM,B0H72XGQN9,,,0,Incomplete,DEFAULT,30/06/2026 23:16:03 MEST
ES,KEEP,in master list,AUSTRIA-20GB-30D,B0FR8XBSBP,,15.99,0,Active,AMAZON_EU,30/06/2026 23:33:28 MEST
ES,KEEP,in master list,AUSTRIA-3GB-15D,B0FR9QSMSP,,8.99,0,Active,AMAZON_EU,30/06/2026 23:27:10 MEST
ES,KEEP,in master list,AUSTRIA-5GB-30D,B0FR8XCH78,,9.99,0,Active,AMAZON_EU,30/06/2026 23:30:31 MEST
ES,KEEP-PARENT,variation parent in Google Sheet,AUSTRIA-ESIM,B0H73D17TZ,,,0,Incomplete,DEFAULT,30/06/2026 23:27:07 MEST
ES,KEEP,in master list,AZERBAIJAN-3GB-15D,B0FR9BTC98,,12.99,0,Active,AMAZON_EU,30/06/2026 23:37:07 MEST
ES,KEEP-PARENT,variation parent in Google Sheet,AZERBAIJAN-ESIM,B0H72WLRK4,,,0,Incomplete,DEFAULT,30/06/2026 23:37:04 MEST
ES,KEEP,in master list,BAHAMAS-20GB-30D,B0H6MCPR9P,,121.99,0,Active,AMAZON_EU,30/06/2026 14:48:48 MEST
ES,KEEP,in master list,BAHAMAS-3GB-15D,B0H6MB828R,,32.99,0,Active,AMAZON_EU,30/06/2026 14:42:20 MEST
ES,KEEP,in master list,BAHAMAS-5GB-30D,B0H6MFGH8P,,43.99,0,Active,AMAZON_EU,30/06/2026 14:45:31 MEST
ES,KEEP-PARENT,variation parent in Google Sheet,BAHAMAS-ESIM,B0H721SGZ9,,,0,Incomplete,DEFAULT,30/06/2026 14:42:17 MEST
ES,KEEP,in master list,BAHRAIN-3GB-15D,B0FR9K64KF,,10.99,0,Active,AMAZON_EU,30/06/2026 23:40:59 MEST
ES,KEEP-PARENT,variation parent in Google Sheet,BAHRAIN-ESIM,B0H72WLRMK,,,0,Incomplete,DEFAULT,30/06/2026 23:40:56 MEST
ES,KEEP,in master list,BANGLADESH-20GB-30D,B0FR8FJ3HJ,,23.99,0,Active,AMAZON_EU,30/06/2026 23:51:30 MEST
ES,KEEP,in master list,BANGLADESH-3GB-15D,B0FR9L7SG3,,9.99,0,Active,AMAZON_EU,30/06/2026 23:44:52 MEST
ES,KEEP,in master list,BANGLADESH-5GB-30D,B0FR9BQFCM,,10.99,0,Active,AMAZON_EU,30/06/2026 23:48:34 MEST
ES,KEEP-PARENT,variation parent in Google Sheet,BANGLADESH-ESIM,B0H72W4ZF6,,,0,Incomplete,DEFAULT,30/06/2026 23:44:48 MEST
ES,KEEP,in master list,BARBADOS-20GB-30D,B0H6MJ921X,,85.99,0,Active,AMAZON_EU,30/06/2026 14:59:15 MEST
ES,KEEP,in master list,BARBADOS-3GB-15D,B0H6MCD72X,,23.99,0,Active,AMAZON_EU,30/06/2026 14:52:37 MEST
ES,KEEP,in master list,BARBADOS-5GB-30D,B0H6MG6VYJ,,31.99,0,Active,AMAZON_EU,30/06/2026 14:56:19 MEST
ES,KEEP-PARENT,variation parent in Google Sheet,BARBADOS-ESIM,B0H72CJQ4R,,,0,Incomplete,DEFAULT,30/06/2026 14:52:33 MEST
ES,KEEP,in master list,BELARUS-3GB-15D,B0FR9G3Z82,,9.99,0,Active,AMAZON_EU,30/06/2026 23:54:16 MEST
ES,KEEP,in master list,BELARUS-5GB-30D,B0FR8FFT4D,,11.99,0,Active,AMAZON_EU,30/06/2026 23:57:16 MEST
ES,KEEP-PARENT,variation parent in Google Sheet,BELARUS-ESIM,B0H72XFT6G,,,0,Incomplete,DEFAULT,30/06/2026 23:54:13 MEST
ES,KEEP,in master list,BELGIUM-20GB-30D,B0FR9BVRCH,,15.99,0,Active,AMAZON_EU,01/07/2026 00:08:41 MEST
ES,KEEP,in master list,BELGIUM-3GB-15D,B0FR9G432K,,8.99,0,Active,AMAZON_EU,01/07/2026 00:01:06 MEST
ES,KEEP,in master list,BELGIUM-5GB-30D,B0FR9SXCW6,,9.99,0,Active,AMAZON_EU,01/07/2026 00:05:00 MEST
ES,KEEP-PARENT,variation parent in Google Sheet,BELGIUM-ESIM,B0H73GC1RT,,,0,Incomplete,DEFAULT,01/07/2026 00:01:02 MEST
ES,KEEP,in master list,BELIZE-20GB-30D,B0H6MBSQM8,,145.99,0,Active,AMAZON_EU,30/06/2026 15:09:32 MEST
ES,KEEP,in master list,BELIZE-3GB-15D,B0H6MFPNTX,,32.99,0,Active,AMAZON_EU,30/06/2026 15:02:54 MEST
ES,KEEP,in master list,BELIZE-5GB-30D,B0H6MF1H4V,,53.99,0,Active,AMAZON_EU,30/06/2026 15:06:15 MEST
ES,KEEP-PARENT,variation parent in Google Sheet,BELIZE-ESIM,B0H72K682M,,,0,Incomplete,DEFAULT,30/06/2026 15:02:50 MEST
ES,KEEP,in master list,BENIN-20GB-30D,B0H6M7VGSZ,,77.99,0,Active,AMAZON_EU,30/06/2026 15:19:08 MEST
ES,KEEP,in master list,BENIN-3GB-15D,B0H6M9YHDR,,18.99,0,Active,AMAZON_EU,30/06/2026 15:13:11 MEST
ES,KEEP,in master list,BENIN-5GB-30D,B0H6MHRNBH,,31.99,0,Active,AMAZON_EU,30/06/2026 15:16:33 MEST
ES,KEEP-PARENT,variation parent in Google Sheet,BENIN-ESIM,B0H72CKD4G,,,0,Incomplete,DEFAULT,30/06/2026 15:13:07 MEST
ES,KEEP,in master list,BERMUDA-20GB-30D,B0H6MCGQ77,,101.99,0,Active,AMAZON_EU,30/06/2026 15:30:00 MEST
ES,KEEP,in master list,BERMUDA-3GB-15D,B0H6MDMTGH,,25.99,0,Inactive,AMAZON_EU,30/06/2026 15:23:01 MEST
ES,KEEP,in master list,BERMUDA-5GB-30D,B0H6MFM5X4,,33.99,0,Inactive,AMAZON_EU,30/06/2026 15:26:43 MEST
ES,KEEP-PARENT,variation parent in Google Sheet,BERMUDA-ESIM,B0H726P8DM,,,0,Incomplete,DEFAULT,30/06/2026 15:22:58 MEST
ES,KEEP,in master list,BHUTAN-20GB-30D,B0H6M5WDSH,,58.99,0,Active,AMAZON_EU,30/06/2026 15:41:09 MEST
ES,KEEP,in master list,BHUTAN-3GB-15D,B0H6MJB588,,17.99,0,Active,AMAZON_EU,30/06/2026 15:33:58 MEST
ES,KEEP,in master list,BHUTAN-5GB-30D,B0H6M9C23Q,,19.99,0,Active,AMAZON_EU,30/06/2026 15:37:51 MEST
ES,KEEP-PARENT,variation parent in Google Sheet,BHUTAN-ESIM,B0H72BVKND,,,0,Incomplete,DEFAULT,30/06/2026 15:33:54 MEST
ES,KEEP,in master list,BOLIVIA-20GB-30D,B0FR9RH588,,89.99,0,Active,AMAZON_EU,01/07/2026 00:15:30 MEST
ES,KEEP,in master list,BOLIVIA-3GB-15D,B0FR8FKPKH,,24.99,0,Active,AMAZON_EU,01/07/2026 00:12:20 MEST
ES,KEEP-PARENT,variation parent in Google Sheet,BOLIVIA-ESIM,B0H72WHND5,,,0,Incomplete,DEFAULT,01/07/2026 00:12:16 MEST
ES,KEEP,in master list,BOSNIA-AND-HERZEGOVINA-3GB-15D,B0FR9G8ZVK,,11.99,0,Active,AMAZON_EU,01/07/2026 00:18:27 MEST
ES,KEEP-PARENT,variation parent in Google Sheet,BOSNIA-AND-HERZEGOVINA-ESIM,B0H738GNKN,,,0,Incomplete,DEFAULT,01/07/2026 00:18:23 MEST
ES,KEEP,in master list,BOTSWANA-3GB-15D,B0FR9G7N2Q,,23.99,0,Active,AMAZON_EU,01/07/2026 00:22:07 MEST
ES,KEEP-PARENT,variation parent in Google Sheet,BOTSWANA-ESIM,B0H73HSZSW,,,0,Incomplete,DEFAULT,01/07/2026 00:22:04 MEST
ES,KEEP,in master list,BRAZIL-20GB-30D,B0FR9KLZCR,,33.99,0,Active,AMAZON_EU,01/07/2026 00:28:38 MEST
ES,KEEP,in master list,BRAZIL-3GB-15D,B0FR9G5LKV,,10.99,0,Active,AMAZON_EU,01/07/2026 00:25:38 MEST
ES,KEEP-PARENT,variation parent in Google Sheet,BRAZIL-ESIM,B0H72X94S2,,,0,Incomplete,DEFAULT,01/07/2026 00:25:34 MEST
ES,KEEP,in master list,BRUNEI-DARUSSALAM-20GB-30D,B0FR9F971C,,66.99,0,Active,AMAZON_EU,01/07/2026 00:34:35 MEST
ES,KEEP,in master list,BRUNEI-DARUSSALAM-3GB-15D,B0FR9KTJND,,13.99,0,Active,AMAZON_EU,01/07/2026 00:31:46 MEST
ES,KEEP-PARENT,variation parent in Google Sheet,BRUNEI-DARUSSALAM-ESIM,B0H72WDJNN,,,0,Incomplete,DEFAULT,01/07/2026 00:31:42 MEST
ES,KEEP,in master list,BULGARIA-3GB-15D,B0H6MCT4Y5,,8.99,0,Active,AMAZON_EU,30/06/2026 13:11:36 MEST
ES,KEEP-PARENT,variation parent in Google Sheet,BULGARIA-ESIM,B0H7216Q19,,,0,Incomplete,DEFAULT,30/06/2026 13:11:33 MEST
ES,KEEP,in master list,BURKINA-FASO-3GB-15D,B0FR9HWFSK,,12.99,0,Active,AMAZON_EU,01/07/2026 00:37:42 MEST
ES,KEEP,in master list,BURKINA-FASO-5GB-30D,B0FR9BWKSY,,29.99,0,Active,AMAZON_EU,01/07/2026 00:40:51 MEST
ES,KEEP-PARENT,variation parent in Google Sheet,BURKINA-FASO-ESIM,B0H732NCDN,,,0,Incomplete,DEFAULT,01/07/2026 00:37:38 MEST
ES,KEEP,in master list,CAMBODIA-20GB-30D,B0FR9GFJPL,,26.99,0,Active,AMAZON_EU,01/07/2026 01:24:22 MEST
ES,KEEP,in master list,CAMBODIA-3GB-15D,B0FR8XKMJ4,,9.99,0,Active,AMAZON_EU,01/07/2026 01:20:50 MEST
ES,KEEP-PARENT,variation parent in Google Sheet,CAMBODIA-ESIM,B0H7385XQN,,,0,Incomplete,DEFAULT,01/07/2026 01:20:47 MEST
ES,KEEP,in master list,CAMEROON-3GB-15D,B0FR9VJ1ZB,,21.99,0,Active,AMAZON_EU,01/07/2026 00:44:18 MEST
ES,KEEP-PARENT,variation parent in Google Sheet,CAMEROON-ESIM,B0H739YDNG,,,0,Incomplete,DEFAULT,01/07/2026 00:44:15 MEST
ES,KEEP,in master list,CANADA-PREMIUM-20GB-30D,B0H6MJ9N4Y,,29.99,0,Active,AMAZON_EU,30/06/2026 22:33:31 MEST
ES,KEEP,in master list,CANADA-PREMIUM-3GB-15D,B0H6MJ1HMJ,,10.99,0,Active,AMAZON_EU,30/06/2026 22:27:14 MEST
ES,KEEP,in master list,CANADA-PREMIUM-5GB-30D,B0H6MPXGBN,,15.99,0,Active,AMAZON_EU,30/06/2026 22:30:34 MEST
ES,KEEP-PARENT,variation parent in Google Sheet,CANADA-PREMIUM-ESIM,B0H72WS1XZ,,,0,Incomplete,DEFAULT,30/06/2026 22:27:10 MEST
ES,KEEP,in master list,CAPE-VERDE-20GB-30D,B0H6M9VSPG,,163.99,0,Active,AMAZON_EU,30/06/2026 15:51:57 MEST
ES,KEEP,in master list,CAPE-VERDE-3GB-15D,B0H6M9R16H,,32.99,0,Active,AMAZON_EU,30/06/2026 15:44:47 MEST
ES,KEEP,in master list,CAPE-VERDE-5GB-30D,B0H6MFG453,,54.99,0,Active,AMAZON_EU,30/06/2026 15:48:29 MEST
ES,KEEP-PARENT,variation parent in Google Sheet,CAPE-VERDE-ESIM,B0H726V2YP,,,0,Incomplete,DEFAULT,30/06/2026 15:44:43 MEST
ES,KEEP,in master list,CAYMAN-ISLANDS-20GB-30D,B0H6MGXYNS,,95.99,0,Active,AMAZON_EU,30/06/2026 16:01:53 MEST
ES,KEEP,in master list,CAYMAN-ISLANDS-3GB-15D,B0H6MLHBD7,,26.99,0,Active,AMAZON_EU,30/06/2026 15:55:25 MEST
ES,KEEP,in master list,CAYMAN-ISLANDS-5GB-30D,B0H6M55MKK,,35.99,0,Active,AMAZON_EU,30/06/2026 15:58:56 MEST
ES,KEEP-PARENT,variation parent in Google Sheet,CAYMAN-ISLANDS-ESIM,B0H72J567P,,,0,Incomplete,DEFAULT,30/06/2026 15:55:21 MEST
ES,KEEP,in master list,CENTRAL-AFRICAN-REPUBLIC-3GB-15D,B0FR9RK8FP,,21.99,0,Active,AMAZON_EU,01/07/2026 00:48:19 MEST
ES,KEEP,in master list,CENTRAL-AFRICAN-REPUBLIC-5GB-30D,B0FR9R3NMC,,33.99,0,Active,AMAZON_EU,01/07/2026 00:51:39 MEST
ES,KEEP-PARENT,variation parent in Google Sheet,CENTRAL-AFRICAN-REPUBLIC-ESIM,B0H72XFJVM,,,0,Incomplete,DEFAULT,01/07/2026 00:48:16 MEST
ES,KEEP,in master list,CHAD-3GB-15D,B0FR9SG4MK,,17.99,0,Active,AMAZON_EU,01/07/2026 00:54:46 MEST
ES,KEEP,in master list,CHAD-5GB-30D,B0FR9L414C,,28.99,0,Active,AMAZON_EU,01/07/2026 00:57:44 MEST
ES,KEEP-PARENT,variation parent in Google Sheet,CHAD-ESIM,B0H739P6DR,,,0,Incomplete,DEFAULT,01/07/2026 00:54:42 MEST
ES,KEEP,in master list,CHILE-3GB-15D,B0FR9RY1RT,,14.99,0,Inactive,AMAZON_EU,01/07/2026 01:01:23 MEST
ES,KEEP-PARENT,variation parent in Google Sheet,CHILE-ESIM,B0H72WHZP9,,,0,Incomplete,DEFAULT,01/07/2026 01:01:20 MEST
ES,KEEP,in master list,CHINA-20GB-30D,B0FR9GD6X9,,18.99,0,Inactive,AMAZON_EU,01/07/2026 01:13:10 MEST
ES,KEEP,in master list,CHINA-3GB-15D,B0FR9QZ578,,8.99,0,Active,AMAZON_EU,01/07/2026 01:05:37 MEST
ES,KEEP,in master list,CHINA-5GB-30D,B0FR9HX7XH,,9.99,0,Active,AMAZON_EU,01/07/2026 01:09:31 MEST
ES,KEEP-PARENT,variation parent in Google Sheet,CHINA-ESIM,B0H739M1D2,,,0,Incomplete,DEFAULT,01/07/2026 01:05:34 MEST
ES,KEEP,in master list,COLOMBIA-3GB-15D,B0FR9RL8W5,,14.99,0,Active,AMAZON_EU,01/07/2026 01:16:59 MEST
ES,KEEP-PARENT,variation parent in Google Sheet,COLOMBIA-ESIM,B0H73Q8QFR,,,0,Incomplete,DEFAULT,01/07/2026 01:16:56 MEST
ES,KEEP,in master list,COSTA-RICA-3GB-15D,B0FR9LNRMN,,15.99,0,Active,AMAZON_EU,01/07/2026 01:27:49 MEST
ES,KEEP-PARENT,variation parent in Google Sheet,COSTA-RICA-ESIM,B0H73FYJHX,,,0,Incomplete,DEFAULT,01/07/2026 01:27:45 MEST
ES,KEEP,in master list,COTE-D-IVOIRE-3GB-15D,B0FR9HW9DJ,,24.99,0,Active,AMAZON_EU,01/07/2026 01:31:09 MEST
ES,KEEP,in master list,COTE-D-IVOIRE-5GB-30D,B0FR9V5LYJ,,31.99,0,Active,AMAZON_EU,01/07/2026 01:35:00 MEST
ES,KEEP-PARENT,variation parent in Google Sheet,COTE-D-IVOIRE-ESIM,B0H73B9SKQ,,,0,Incomplete,DEFAULT,01/07/2026 01:31:05 MEST
ES,KEEP,in master list,CROATIA-20GB-30D,B0FR9TYCSL,,17.99,0,Active,AMAZON_EU,01/07/2026 01:44:45 MEST
ES,KEEP,in master list,CROATIA-3GB-15D,B0FR9GDKT1,,8.99,0,Active,AMAZON_EU,01/07/2026 01:38:49 MEST
ES,KEEP,in master list,CROATIA-5GB-30D,B0FR9BVV58,,9.99,0,Active,AMAZON_EU,01/07/2026 01:42:00 MEST
ES,KEEP-PARENT,variation parent in Google Sheet,CROATIA-ESIM,B0H73KHCD7,,,0,Incomplete,DEFAULT,01/07/2026 01:38:46 MEST
ES,KEEP,in master list,CURACAO-20GB-30D,B0H6MF51WH,,79.99,0,Active,AMAZON_EU,30/06/2026 16:12:20 MEST
ES,KEEP,in master list,CURACAO-3GB-15D,B0H6M81JPM,,22.99,0,Active,AMAZON_EU,30/06/2026 16:05:41 MEST
ES,KEEP,in master list,CURACAO-5GB-30D,B0H6MGZLBC,,29.99,0,Active,AMAZON_EU,30/06/2026 16:09:14 MEST
ES,KEEP-PARENT,variation parent in Google Sheet,CURACAO-ESIM,B0H72G6F92,,,0,Incomplete,DEFAULT,30/06/2026 16:05:37 MEST
ES,KEEP,in master list,CYPRUS-3GB-15D,B0FR8XJWWG,,8.99,0,Active,AMAZON_EU,01/07/2026 01:47:51 MEST
ES,KEEP,in master list,CYPRUS-5GB-30D,B0FR8XHWZV,,9.99,0,Active,AMAZON_EU,01/07/2026 01:51:11 MEST
ES,KEEP-PARENT,variation parent in Google Sheet,CYPRUS-ESIM,B0H72WB38S,,,0,Incomplete,DEFAULT,01/07/2026 01:47:48 MEST
ES,KEEP,in master list,CZECH-REPUBLIC-20GB-30D,B0FR9SVN9H,,17.99,0,Active,AMAZON_EU,01/07/2026 02:00:55 MEST
ES,KEEP,in master list,CZECH-REPUBLIC-3GB-15D,B0FR9SB2Q3,,8.99,0,Active,AMAZON_EU,01/07/2026 01:54:39 MEST
ES,KEEP,in master list,CZECH-REPUBLIC-5GB-30D,B0FR9BY2LF,,9.99,0,Active,AMAZON_EU,01/07/2026 01:58:00 MEST
ES,KEEP-PARENT,variation parent in Google Sheet,CZECH-REPUBLIC-ESIM,B0H72W78DF,,,0,Incomplete,DEFAULT,01/07/2026 01:54:36 MEST
ES,KEEP,in master list,DEMOCRATIC-REPUBLIC-OF-THE-CONGO-3GB-15D,B0H6LZL22Y,,14.99,0,Active,AMAZON_EU,30/06/2026 16:15:48 MEST
ES,KEEP,in master list,DEMOCRATIC-REPUBLIC-OF-THE-CONGO-5GB-30D,B0H6M6L8Z8,,22.99,0,Active,AMAZON_EU,30/06/2026 16:19:20 MEST
ES,KEEP-PARENT,variation parent in Google Sheet,DEMOCRATIC-REPUBLIC-OF-THE-CONGO-ESIM,B0H72BB94G,,,0,Incomplete,DEFAULT,30/06/2026 16:15:45 MEST
ES,KEEP,in master list,DENMARK-20GB-30D,B0FR9QPF45,,15.99,0,Active,AMAZON_EU,01/07/2026 02:10:40 MEST
ES,KEEP,in master list,DENMARK-3GB-15D,B0FR9GSNP4,,8.99,0,Active,AMAZON_EU,01/07/2026 02:04:23 MEST
ES,KEEP,in master list,DENMARK-5GB-30D,B0FR8XQYR4,,9.99,0,Active,AMAZON_EU,01/07/2026 02:07:44 MEST
ES,KEEP-PARENT,variation parent in Google Sheet,DENMARK-ESIM,B0H738C9N5,,,0,Incomplete,DEFAULT,01/07/2026 02:04:20 MEST
ES,KEEP,in master list,DOMINICA-20GB-30D,B0H6MK8XTJ,,87.99,0,Active,AMAZON_EU,30/06/2026 16:32:59 MEST
ES,KEEP,in master list,DOMINICA-3GB-15D,B0H6M9H54M,,24.99,0,Active,AMAZON_EU,30/06/2026 16:26:31 MEST
ES,KEEP,in master list,DOMINICA-5GB-30D,B0H6M5HR32,,32.99,0,Active,AMAZON_EU,30/06/2026 16:29:52 MEST
ES,KEEP-PARENT,variation parent in Google Sheet,DOMINICA-ESIM,B0H728DP63,,,0,Incomplete,DEFAULT,30/06/2026 16:26:27 MEST
ES,KEEP,in master list,DOMINICAN-REPUBLIC-20GB-30D,B0FR9C6DJF,,39.99,0,Active,AMAZON_EU,01/07/2026 02:20:03 MEST
ES,KEEP,in master list,DOMINICAN-REPUBLIC-3GB-15D,B0FR9GSKZF,,12.99,0,Active,AMAZON_EU,01/07/2026 02:14:07 MEST
ES,KEEP,in master list,DOMINICAN-REPUBLIC-5GB-30D,B0FR9GQKCM,,15.99,0,Active,AMAZON_EU,01/07/2026 02:17:07 MEST
ES,KEEP-PARENT,variation parent in Google Sheet,DOMINICAN-REPUBLIC-ESIM,B0H72VJK52,,,0,Incomplete,DEFAULT,01/07/2026 02:14:03 MEST
ES,KEEP-PARENT,variation parent in Google Sheet,DR-CONGO-ESIM,B0H72FFLDF,,,0,Incomplete,DEFAULT,30/06/2026 16:22:55 MEST
ES,KEEP,in master list,DRC-20GB-30D,B0H6MZWFM7,,59.99,0,Active,AMAZON_EU,30/06/2026 16:22:58 MEST
ES,KEEP,in master list,ECUADOR-3GB-15D,B0FR9RM6MP,,14.99,0,Active,AMAZON_EU,01/07/2026 02:22:58 MEST
ES,KEEP-PARENT,variation parent in Google Sheet,ECUADOR-ESIM,B0H73FNT1X,,,0,Incomplete,DEFAULT,01/07/2026 02:22:55 MEST
ES,KEEP,in master list,EGYPT-20GB-30D,B0FR9GQBGL,,29.99,0,Active,AMAZON_EU,01/07/2026 02:33:21 MEST
ES,KEEP,in master list,EGYPT-3GB-15D,B0FR9C784N,,10.99,0,Active,AMAZON_EU,01/07/2026 02:27:13 MEST
ES,KEEP,in master list,EGYPT-5GB-30D,B0FR9LR5KJ,,15.99,0,Active,AMAZON_EU,01/07/2026 02:30:24 MEST
ES,KEEP-PARENT,variation parent in Google Sheet,EGYPT-ESIM,B0H736342W,,,0,Incomplete,DEFAULT,01/07/2026 02:27:09 MEST
ES,KEEP,in master list,EL-SALVADOR-3GB-15D,B0FR9LJ7X4,,17.99,0,Active,AMAZON_EU,01/07/2026 02:36:39 MEST
ES,KEEP-PARENT,variation parent in Google Sheet,EL-SALVADOR-ESIM,B0H73G1R4K,,,0,Incomplete,DEFAULT,01/07/2026 02:36:35 MEST
ES,KEEP,in master list,ESTONIA-20GB-30D,B0FR9L527N,,15.99,0,Active,AMAZON_EU,01/07/2026 02:46:16 MEST
ES,KEEP,in master list,ESTONIA-3GB-15D,B0FR9GST1S,,8.99,0,Active,AMAZON_EU,01/07/2026 02:40:31 MEST
ES,KEEP,in master list,ESTONIA-5GB-30D,B0FR9GQYKB,,9.99,0,Active,AMAZON_EU,01/07/2026 02:43:31 MEST
ES,KEEP-PARENT,variation parent in Google Sheet,ESTONIA-ESIM,B0H73FZ6VT,,,0,Incomplete,DEFAULT,01/07/2026 02:40:28 MEST
ES,KEEP,in master list,EUROPE-40-AREAS-20GB-30D,B0FR9TNPV3,,19.99,0,Inactive,AMAZON_EU,01/07/2026 02:52:25 MEST
ES,KEEP,in master list,EUROPE-40-AREAS-5GB-30D,B0FR9RYSSS,,9.99,0,Active,AMAZON_EU,01/07/2026 02:49:03 MEST
ES,KEEP-PARENT,variation parent in Google Sheet,EUROPE-40-AREAS-ESIM,B0H7376WLP,,,0,Incomplete,DEFAULT,01/07/2026 02:49:00 MEST
ES,KEEP,in master list,FAROE-ISLANDS-20GB-30D,B0H6MB82ZV,,29.99,0,Active,AMAZON_EU,30/06/2026 16:42:45 MEST
ES,KEEP,in master list,FAROE-ISLANDS-3GB-15D,B0H6ML935Q,,9.99,0,Active,AMAZON_EU,30/06/2026 16:36:17 MEST
ES,KEEP,in master list,FAROE-ISLANDS-5GB-30D,B0H6MF2TVH,,11.99,0,Active,AMAZON_EU,30/06/2026 16:39:48 MEST
ES,KEEP-PARENT,variation parent in Google Sheet,FAROE-ISLANDS-ESIM,B0H728MWKX,,,0,Incomplete,DEFAULT,30/06/2026 16:36:14 MEST
ES,KEEP,in master list,FIJI-20GB-30D,B0H6MGBL3N,,40.99,0,Active,AMAZON_EU,30/06/2026 16:52:00 MEST
ES,KEEP,in master list,FIJI-3GB-15D,B0H6MFLWYD,,12.99,0,Active,AMAZON_EU,30/06/2026 16:46:04 MEST
ES,KEEP,in master list,FIJI-5GB-30D,B0H6MJ7GS6,,14.99,0,Active,AMAZON_EU,30/06/2026 16:49:14 MEST
ES,KEEP-PARENT,variation parent in Google Sheet,FIJI-ESIM,B0H725WMRH,,,0,Incomplete,DEFAULT,30/06/2026 16:46:00 MEST
ES,KEEP,in master list,FINLAND-3GB-15D,B0FR9GSND6,,8.99,0,Active,AMAZON_EU,01/07/2026 02:55:42 MEST
ES,KEEP,in master list,FINLAND-5GB-30D,B0FR9SB3BJ,,9.99,0,Active,AMAZON_EU,01/07/2026 02:59:13 MEST
ES,KEEP-PARENT,variation parent in Google Sheet,FINLAND-ESIM,B0H73G4L8X,,,0,Incomplete,DEFAULT,01/07/2026 02:55:38 MEST
ES,KEEP,in master list,FRANCE-20GB-30D,B0FR9GPMC5,,15.99,0,Active,AMAZON_EU,01/07/2026 03:10:36 MEST
ES,KEEP,in master list,FRANCE-3GB-15D,B0FR9C5ZB6,,8.99,0,Active,AMAZON_EU,01/07/2026 03:03:02 MEST
ES,KEEP,in master list,FRANCE-5GB-30D,B0FR9LMDW5,,9.99,0,Active,AMAZON_EU,01/07/2026 03:06:56 MEST
ES,KEEP-PARENT,variation parent in Google Sheet,FRANCE-ESIM,B0H73DJ4JV,,,0,Incomplete,DEFAULT,01/07/2026 03:02:59 MEST
ES,KEEP,in master list,FRENCH-GUIANA-20GB-30D,B0H6MDNXJJ,,17.99,0,Active,AMAZON_EU,30/06/2026 17:01:26 MEST
ES,KEEP,in master list,FRENCH-GUIANA-3GB-15D,B0H6MFD6Z3,,8.99,0,Active,AMAZON_EU,30/06/2026 16:54:57 MEST
ES,KEEP,in master list,FRENCH-GUIANA-5GB-30D,B0H6MGC352,,9.99,0,Active,AMAZON_EU,30/06/2026 16:58:29 MEST
ES,KEEP-PARENT,variation parent in Google Sheet,FRENCH-GUIANA-ESIM,B0H72J43MG,,,0,Incomplete,DEFAULT,30/06/2026 16:54:54 MEST
ES,KEEP,in master list,FRENCH-POLYNESIA-20GB-30D,B0H6M59GH9,,242.99,0,Active,AMAZON_EU,30/06/2026 17:11:12 MEST
ES,KEEP,in master list,FRENCH-POLYNESIA-3GB-15D,B0H6MF6GHP,,47.99,0,Active,AMAZON_EU,30/06/2026 17:04:34 MEST
ES,KEEP,in master list,FRENCH-POLYNESIA-5GB-30D,B0H6MD2GXY,,66.99,0,Active,AMAZON_EU,30/06/2026 17:07:45 MEST
ES,KEEP-PARENT,variation parent in Google Sheet,FRENCH-POLYNESIA-ESIM,B0H72H3BGB,,,0,Incomplete,DEFAULT,30/06/2026 17:04:31 MEST
ES,KEEP,in master list,GABON-3GB-15D,B0FR9GPX9T,,17.99,0,Active,AMAZON_EU,01/07/2026 03:13:55 MEST
ES,KEEP-PARENT,variation parent in Google Sheet,GABON-ESIM,B0H73K86Z2,,,0,Incomplete,DEFAULT,01/07/2026 03:13:51 MEST
ES,KEEP,in master list,GAMBIA-3GB-15D,B0H2FTMBBQ,,35.99,0,Active,AMAZON_EU,01/07/2026 20:39:51 MEST
ES,KEEP,in master list,GAMBIA-5GB-30D,B0H2FQ3QJ9,,57.99,0,Active,AMAZON_EU,01/07/2026 23:30:46 MEST
ES,KEEP-PARENT,variation parent in Google Sheet,GAMBIA-ESIM,B0H765ZJMD,,,0,Incomplete,DEFAULT,01/07/2026 16:13:10 MEST
ES,KEEP,in master list,GEORGIA-20GB-30D,B0FR9C73NK,,25.99,0,Active,AMAZON_EU,01/07/2026 03:20:56 MEST
ES,KEEP,in master list,GEORGIA-3GB-15D,B0FR9KMX2N,,9.99,0,Active,AMAZON_EU,01/07/2026 03:17:35 MEST
ES,KEEP-PARENT,variation parent in Google Sheet,GEORGIA-ESIM,B0H73H7MYZ,,,0,Incomplete,DEFAULT,01/07/2026 03:17:32 MEST
ES,KEEP,in master list,GERMANY-20GB-30D,B0GSZP9H94,,15.99,0,Inactive,AMAZON_EU,01/07/2026 03:32:28 MEST
ES,KEEP,in master list,GERMANY-3GB-15D,B0GSZBMLKV,,8.99,0,Inactive,AMAZON_EU,01/07/2026 03:24:54 MEST
ES,KEEP,in master list,GERMANY-5GB-30D,B0GSZDYWLZ,,9.99,0,Inactive,AMAZON_EU,01/07/2026 03:28:49 MEST
ES,KEEP-PARENT,variation parent in Google Sheet,GERMANY-ESIM,B0H73GT97V,,,0,Incomplete,DEFAULT,01/07/2026 03:24:50 MEST
ES,KEEP,in master list,GHANA-20GB-30D,B0H6M9CG3G,,40.99,0,Active,AMAZON_EU,30/06/2026 17:20:56 MEST
ES,KEEP,in master list,GHANA-3GB-15D,B0H6M7CH6H,,12.99,0,Active,AMAZON_EU,30/06/2026 17:14:39 MEST
ES,KEEP,in master list,GHANA-5GB-30D,B0H6MD48NZ,,14.99,0,Active,AMAZON_EU,30/06/2026 17:17:49 MEST
ES,KEEP-PARENT,variation parent in Google Sheet,GHANA-ESIM,B0H72F9WSY,,,0,Incomplete,DEFAULT,30/06/2026 17:14:36 MEST
ES,KEEP,in master list,GIBRALTAR-3GB-15D,B0FR8XSPMC,,8.99,0,Active,AMAZON_EU,01/07/2026 03:35:46 MEST
ES,KEEP-PARENT,variation parent in Google Sheet,GIBRALTAR-ESIM,B0H73PY4TY,,,0,Incomplete,DEFAULT,01/07/2026 03:35:42 MEST
ES,KEEP,in master list,GLOBAL139-5GB-30D,B0FR9VNTLY,,42.99,0,Inactive,AMAZON_EU,01/07/2026 03:39:38 MEST
ES,KEEP-PARENT,variation parent in Google Sheet,GLOBAL139-ESIM,B0H73753Q9,,,0,Incomplete,DEFAULT,01/07/2026 03:39:34 MEST
ES,KEEP,in master list,GREECE-20GB-30D,B0FR9KJGBG,,17.99,0,Active,AMAZON_EU,01/07/2026 03:51:28 MEST
ES,KEEP,in master list,GREECE-3GB-15D,B0FR9L85F6,,8.99,0,Active,AMAZON_EU,01/07/2026 03:43:52 MEST
ES,KEEP,in master list,GREECE-5GB-30D,B0FR9C7SMF,,9.99,0,Active,AMAZON_EU,01/07/2026 03:47:47 MEST
ES,KEEP-PARENT,variation parent in Google Sheet,GREECE-ESIM,B0H7395MLG,,,0,Incomplete,DEFAULT,01/07/2026 03:43:49 MEST
ES,KEEP,in master list,GREENLAND-20GB-30D,B0H6MBT3TW,,113.99,0,Active,AMAZON_EU,30/06/2026 17:31:02 MEST
ES,KEEP,in master list,GREENLAND-3GB-15D,B0H6MLNBK2,,28.99,0,Active,AMAZON_EU,30/06/2026 17:24:25 MEST
ES,KEEP,in master list,GREENLAND-5GB-30D,B0H6MFMLK9,,37.99,0,Active,AMAZON_EU,30/06/2026 17:27:45 MEST
ES,KEEP-PARENT,variation parent in Google Sheet,GREENLAND-ESIM,B0H72GDTL5,,,0,Incomplete,DEFAULT,30/06/2026 17:24:21 MEST
ES,KEEP,in master list,GRENADA-20GB-30D,B0H6MGRF37,,103.99,0,Active,AMAZON_EU,30/06/2026 17:41:08 MEST
ES,KEEP,in master list,GRENADA-3GB-15D,B0H6M8K37V,,29.99,0,Active,AMAZON_EU,30/06/2026 17:34:30 MEST
ES,KEEP,in master list,GRENADA-5GB-30D,B0H6MLJR6Z,,38.99,0,Active,AMAZON_EU,30/06/2026 17:37:51 MEST
ES,KEEP-PARENT,variation parent in Google Sheet,GRENADA-ESIM,B0H72KXPWR,,,0,Incomplete,DEFAULT,30/06/2026 17:34:26 MEST
ES,KEEP,in master list,GUADELOUPE-20GB-30D,B0FR8XTBF6,,17.99,0,Active,AMAZON_EU,01/07/2026 03:58:37 MEST
ES,KEEP,in master list,GUADELOUPE-3GB-15D,B0FR9TMVWK,,8.99,0,Active,AMAZON_EU,01/07/2026 03:55:07 MEST
ES,KEEP-PARENT,variation parent in Google Sheet,GUADELOUPE-ESIM,B0H73V2SLD,,,0,Incomplete,DEFAULT,01/07/2026 03:55:04 MEST
ES,KEEP,in master list,GUAM-20GB-30D,B0FR9C7MGP,,58.99,0,Active,AMAZON_EU,01/07/2026 04:08:32 MEST
ES,KEEP,in master list,GUAM-3GB-15D,B0FR9GVSSF,,17.99,0,Active,AMAZON_EU,01/07/2026 04:01:44 MEST
ES,KEEP,in master list,GUAM-5GB-30D,B0FR9SVP8Y,,19.99,0,Active,AMAZON_EU,01/07/2026 04:05:05 MEST
ES,KEEP-PARENT,variation parent in Google Sheet,GUAM-ESIM,B0H73SY74N,,,0,Incomplete,DEFAULT,01/07/2026 04:01:40 MEST
ES,KEEP,in master list,GUATEMALA-3GB-15D,B0FR9VC6VD,,16.99,0,Active,AMAZON_EU,01/07/2026 04:12:31 MEST
ES,KEEP-PARENT,variation parent in Google Sheet,GUATEMALA-ESIM,B0H73TTBCL,,,0,Incomplete,DEFAULT,01/07/2026 04:12:28 MEST
ES,KEEP,in master list,GUERNSEY-20GB-30D,B0FR9LYWWY,,47.99,0,Active,AMAZON_EU,01/07/2026 04:22:55 MEST
ES,KEEP,in master list,GUERNSEY-3GB-15D,B0FR9SMWDN,,14.99,0,Active,AMAZON_EU,01/07/2026 04:16:16 MEST
ES,KEEP,in master list,GUERNSEY-5GB-30D,B0FR9C5PXR,,21.99,0,Active,AMAZON_EU,01/07/2026 04:19:38 MEST
ES,KEEP-PARENT,variation parent in Google Sheet,GUERNSEY-ESIM,B0H73N3BQ2,,,0,Incomplete,DEFAULT,01/07/2026 04:16:13 MEST
ES,KEEP,in master list,GUINEA-20GB-30D,B0H6M7VHYP,,82.99,0,Active,AMAZON_EU,30/06/2026 17:50:42 MEST
ES,KEEP,in master list,GUINEA-3GB-15D,B0H6MGZTF1,,21.99,0,Active,AMAZON_EU,30/06/2026 17:44:37 MEST
ES,KEEP,in master list,GUINEA-5GB-30D,B0H6MFTVX6,,33.99,0,Active,AMAZON_EU,30/06/2026 17:47:56 MEST
ES,KEEP,in master list,GUINEA-BISSAU-20GB-30D,B0H6MF1JJS,,81.99,0,Active,AMAZON_EU,30/06/2026 18:00:14 MEST
ES,KEEP,in master list,GUINEA-BISSAU-3GB-15D,B0H6MG6X8D,,21.99,0,Active,AMAZON_EU,30/06/2026 17:53:38 MEST
ES,KEEP,in master list,GUINEA-BISSAU-5GB-30D,B0H6MCJ4Y9,,33.99,0,Active,AMAZON_EU,30/06/2026 17:56:58 MEST
ES,KEEP-PARENT,variation parent in Google Sheet,GUINEA-BISSAU-ESIM,B0H728R3P5,,,0,Incomplete,DEFAULT,30/06/2026 17:53:34 MEST
ES,KEEP-PARENT,variation parent in Google Sheet,GUINEA-ESIM,B0H72CMMCM,,,0,Incomplete,DEFAULT,30/06/2026 17:44:33 MEST
ES,KEEP,in master list,GUYANA-20GB-30D,B0H6MD1PB7,,90.99,0,Active,AMAZON_EU,30/06/2026 18:09:58 MEST
ES,KEEP,in master list,GUYANA-3GB-15D,B0H6MCG586,,20.99,0,Active,AMAZON_EU,30/06/2026 18:03:41 MEST
ES,KEEP,in master list,GUYANA-5GB-30D,B0H6MB3FHF,,32.99,0,Active,AMAZON_EU,30/06/2026 18:07:12 MEST
ES,KEEP-PARENT,variation parent in Google Sheet,GUYANA-ESIM,B0H72K851V,,,0,Incomplete,DEFAULT,30/06/2026 18:03:38 MEST
ES,KEEP,in master list,HAITI-20GB-30D,B0H6MBNF3Y,,149.99,0,Active,AMAZON_EU,30/06/2026 18:20:04 MEST
ES,KEEP,in master list,HAITI-3GB-15D,B0H6M9YTL4,,29.99,0,Active,AMAZON_EU,30/06/2026 18:13:47 MEST
ES,KEEP,in master list,HAITI-5GB-30D,B0H6MDHPCV,,49.99,0,Active,AMAZON_EU,30/06/2026 18:17:28 MEST
ES,KEEP-PARENT,variation parent in Google Sheet,HAITI-ESIM,B0H72M49WC,,,0,Incomplete,DEFAULT,30/06/2026 18:13:44 MEST
ES,KEEP,in master list,HONDURAS-3GB-15D,B0FR9ZYV5G,,14.99,0,Active,AMAZON_EU,01/07/2026 04:26:43 MEST
ES,KEEP-PARENT,variation parent in Google Sheet,HONDURAS-ESIM,B0H73MX4BV,,,0,Incomplete,DEFAULT,01/07/2026 04:26:39 MEST
ES,KEEP,in master list,HONG-KONG-20GB-30D,B0FR9GXZ6F,,15.99,0,Active,AMAZON_EU,01/07/2026 04:38:29 MEST
ES,KEEP,in master list,HONG-KONG-3GB-15D,B0FR9CC6Q8,,8.99,0,Active,AMAZON_EU,01/07/2026 04:30:57 MEST
ES,KEEP,in master list,HONG-KONG-5GB-30D,B0FR9GXYYL,,9.99,0,Active,AMAZON_EU,01/07/2026 04:34:49 MEST
ES,KEEP-PARENT,variation parent in Google Sheet,HONG-KONG-ESIM,B0H73VGQ2L,,,0,Incomplete,DEFAULT,01/07/2026 04:30:53 MEST
ES,KEEP,in master list,HUNGARY-20GB-30D,B0FR9ZVYYQ,,15.99,0,Active,AMAZON_EU,01/07/2026 04:48:03 MEST
ES,KEEP,in master list,HUNGARY-3GB-15D,B0FR9C9JVW,,8.99,0,Active,AMAZON_EU,01/07/2026 04:41:16 MEST
ES,KEEP,in master list,HUNGARY-5GB-30D,B0FR9GY3R5,,9.99,0,Active,AMAZON_EU,01/07/2026 04:44:57 MEST
ES,KEEP-PARENT,variation parent in Google Sheet,HUNGARY-ESIM,B0H73SPK73,,,0,Incomplete,DEFAULT,01/07/2026 04:41:13 MEST
ES,KEEP,in master list,ICELAND-20GB-30D,B0FR9GX6LF,,17.99,0,Active,AMAZON_EU,01/07/2026 04:58:07 MEST
ES,KEEP,in master list,ICELAND-3GB-15D,B0FR9TBBK1,,8.99,0,Active,AMAZON_EU,01/07/2026 04:51:30 MEST
ES,KEEP,in master list,ICELAND-5GB-30D,B0FR9ZWQBD,,9.99,0,Active,AMAZON_EU,01/07/2026 04:55:01 MEST
ES,KEEP-PARENT,variation parent in Google Sheet,ICELAND-ESIM,B0H73PV1M9,,,0,Incomplete,DEFAULT,01/07/2026 04:51:27 MEST
ES,KEEP,in master list,INDIA-20GB-30D,B0FR9DYMHX,,42.99,0,Active,AMAZON_EU,01/07/2026 05:09:33 MEST
ES,KEEP,in master list,INDIA-3GB-15D,B0FR9ZM116,,14.99,0,Active,AMAZON_EU,01/07/2026 05:01:56 MEST
ES,KEEP,in master list,INDIA-5GB-30D,B0FR9GXWN9,,15.99,0,Active,AMAZON_EU,01/07/2026 05:05:52 MEST
ES,KEEP-PARENT,variation parent in Google Sheet,INDIA-ESIM,B0H73LBFL8,,,0,Incomplete,DEFAULT,01/07/2026 05:01:53 MEST
ES,KEEP,in master list,INDONESIA-20GB-30D,B0FR9QXRDQ,,15.99,0,Active,AMAZON_EU,01/07/2026 05:21:11 MEST
ES,KEEP,in master list,INDONESIA-3GB-15D,B0FR9T6QPZ,,8.99,0,Active,AMAZON_EU,01/07/2026 05:13:34 MEST
ES,KEEP,in master list,INDONESIA-5GB-30D,B0FR8XW5DR,,9.99,0,Active,AMAZON_EU,01/07/2026 05:17:30 MEST
ES,KEEP-PARENT,variation parent in Google Sheet,INDONESIA-ESIM,B0H743LJ7D,,,0,Incomplete,DEFAULT,01/07/2026 05:13:31 MEST
ES,KEEP,in master list,IRAQ-20GB-30D,B0H6M956TN,,32.99,0,Inactive,AMAZON_EU,30/06/2026 18:29:28 MEST
ES,KEEP,in master list,IRAQ-3GB-15D,B0H6MGX6P7,,10.99,0,Active,AMAZON_EU,30/06/2026 18:23:33 MEST
ES,KEEP,in master list,IRAQ-5GB-30D,B0H6MFRHZN,,16.99,0,Inactive,AMAZON_EU,30/06/2026 18:26:43 MEST
ES,KEEP-PARENT,variation parent in Google Sheet,IRAQ-ESIM,B0H72H8XL2,,,0,Incomplete,DEFAULT,30/06/2026 18:23:30 MEST
ES,KEEP,in master list,IRELAND-20GB-30D,B0FR9SZG2Z,,17.99,0,Active,AMAZON_EU,01/07/2026 05:32:51 MEST
ES,KEEP,in master list,IRELAND-3GB-15D,B0FR8XV57F,,8.99,0,Active,AMAZON_EU,01/07/2026 05:25:13 MEST
ES,KEEP,in master list,IRELAND-5GB-30D,B0FR9GYKQL,,9.99,0,Active,AMAZON_EU,01/07/2026 05:29:10 MEST
ES,KEEP-PARENT,variation parent in Google Sheet,IRELAND-ESIM,B0H73TKRRQ,,,0,Incomplete,DEFAULT,01/07/2026 05:25:10 MEST
ES,KEEP,in master list,ISLE-OF-MAN-20GB-30D,B0FR9CB5LK,,23.99,0,Active,AMAZON_EU,01/07/2026 05:43:39 MEST
ES,KEEP,in master list,ISLE-OF-MAN-3GB-15D,B0FR9LZ7RL,,9.99,0,Active,AMAZON_EU,01/07/2026 05:36:41 MEST
ES,KEEP,in master list,ISLE-OF-MAN-5GB-30D,B0FR9M27XY,,11.99,0,Active,AMAZON_EU,01/07/2026 05:40:12 MEST
ES,KEEP-PARENT,variation parent in Google Sheet,ISLE-OF-MAN-ESIM,B0H7423D9N,,,0,Incomplete,DEFAULT,01/07/2026 05:36:38 MEST
ES,KEEP,in master list,ISRAEL-20GB-30D,B0FR9K8SQ1,,29.99,0,Active,AMAZON_EU,01/07/2026 05:54:16 MEST
ES,KEEP,in master list,ISRAEL-3GB-15D,B0FR9M11H1,,9.99,0,Active,AMAZON_EU,01/07/2026 05:47:38 MEST
ES,KEEP,in master list,ISRAEL-5GB-30D,B0FR8XVZZM,,11.99,0,Active,AMAZON_EU,01/07/2026 05:50:59 MEST
ES,KEEP-PARENT,variation parent in Google Sheet,ISRAEL-ESIM,B0H73Y7487,,,0,Incomplete,DEFAULT,01/07/2026 05:47:35 MEST
ES,KEEP,in master list,ITALY-20GB-30D,B0FR9RNZV2,,15.99,0,Active,AMAZON_EU,01/07/2026 06:05:55 MEST
ES,KEEP,in master list,ITALY-3GB-15D,B0FR9GXZ18,,8.99,0,Active,AMAZON_EU,01/07/2026 05:58:16 MEST
ES,KEEP,in master list,ITALY-5GB-30D,B0FR9ZR2TH,,9.99,0,Active,AMAZON_EU,01/07/2026 06:02:15 MEST
ES,KEEP-PARENT,variation parent in Google Sheet,ITALY-ESIM,B0H749LTTV,,,0,Incomplete,DEFAULT,01/07/2026 05:58:13 MEST
ES,KEEP,in master list,JAMAICA-20GB-30D,B0H6MF52ZZ,,87.99,0,Active,AMAZON_EU,30/06/2026 18:39:12 MEST
ES,KEEP,in master list,JAMAICA-3GB-15D,B0H6MF3PNQ,,24.99,0,Active,AMAZON_EU,30/06/2026 18:32:56 MEST
ES,KEEP,in master list,JAMAICA-5GB-30D,B0H6MJQCMF,,31.99,0,Active,AMAZON_EU,30/06/2026 18:36:16 MEST
ES,KEEP-PARENT,variation parent in Google Sheet,JAMAICA-ESIM,B0H72KWJ1M,,,0,Incomplete,DEFAULT,30/06/2026 18:32:52 MEST
ES,KEEP,in master list,JAPAN-20GB-30D,B0FR9RZKRB,,15.99,0,Active,AMAZON_EU,01/07/2026 06:17:32 MEST
ES,KEEP,in master list,JAPAN-3GB-15D,B0FR9LVZVQ,,8.99,0,Active,AMAZON_EU,01/07/2026 06:09:56 MEST
ES,KEEP,in master list,JAPAN-5GB-30D,B0FR9TLXXH,,9.99,0,Active,AMAZON_EU,01/07/2026 06:13:51 MEST
ES,KEEP-PARENT,variation parent in Google Sheet,JAPAN-ESIM,B0H744JFHG,,,0,Incomplete,DEFAULT,01/07/2026 06:09:52 MEST
ES,KEEP,in master list,JERSEY-20GB-30D,B0FR9CBQDH,,15.99,0,Active,AMAZON_EU,01/07/2026 06:28:10 MEST
ES,KEEP,in master list,JERSEY-3GB-15D,B0FR9GYMR5,,8.99,0,Active,AMAZON_EU,01/07/2026 06:21:11 MEST
ES,KEEP,in master list,JERSEY-5GB-30D,B0FR9M27GP,,9.99,0,Active,AMAZON_EU,01/07/2026 06:24:52 MEST
ES,KEEP-PARENT,variation parent in Google Sheet,JERSEY-ESIM,B0H74D8YT4,,,0,Incomplete,DEFAULT,01/07/2026 06:21:08 MEST
ES,KEEP,in master list,JORDAN-20GB-30D,B0FR9ST188,,43.99,0,Active,AMAZON_EU,01/07/2026 06:38:47 MEST
ES,KEEP,in master list,JORDAN-3GB-15D,B0FR9M144Z,,14.99,0,Active,AMAZON_EU,01/07/2026 06:31:49 MEST
ES,KEEP,in master list,JORDAN-5GB-30D,B0FR9ZTZNK,,14.99,0,Active,AMAZON_EU,01/07/2026 06:35:31 MEST
ES,KEEP-PARENT,variation parent in Google Sheet,JORDAN-ESIM,B0H74BLVN3,,,0,Incomplete,DEFAULT,01/07/2026 06:31:45 MEST
ES,KEEP,in master list,KAZAKHSTAN-20GB-30D,B0FR9TLNNW,,21.99,0,Active,AMAZON_EU,01/07/2026 06:48:42 MEST
ES,KEEP,in master list,KAZAKHSTAN-3GB-15D,B0FR9T4DG2,,8.99,0,Active,AMAZON_EU,01/07/2026 06:42:15 MEST
ES,KEEP,in master list,KAZAKHSTAN-5GB-30D,B0FR9ZMMSH,,9.99,0,Active,AMAZON_EU,01/07/2026 06:45:35 MEST
ES,KEEP-PARENT,variation parent in Google Sheet,KAZAKHSTAN-ESIM,B0H74GFLQT,,,0,Incomplete,DEFAULT,01/07/2026 06:42:12 MEST
ES,KEEP,in master list,KENYA-3GB-15D,B0FR9GZ14G,,14.99,0,Active,AMAZON_EU,01/07/2026 06:52:32 MEST
ES,KEEP,in master list,KENYA-5GB-30D,B0FR9T4DG6,,15.99,0,Active,AMAZON_EU,01/07/2026 06:56:26 MEST
ES,KEEP-PARENT,variation parent in Google Sheet,KENYA-ESIM,B0H74JLNSG,,,0,Incomplete,DEFAULT,01/07/2026 06:52:28 MEST
ES,KEEP,in master list,KUWAIT-20GB-30D,B0FR9KBF4P,,29.99,0,Active,AMAZON_EU,01/07/2026 07:06:52 MEST
ES,KEEP,in master list,KUWAIT-3GB-15D,B0FR9LZJ3X,,10.99,0,Active,AMAZON_EU,01/07/2026 07:00:05 MEST
ES,KEEP,in master list,KUWAIT-5GB-30D,B0FR9M2TXP,,16.99,0,Active,AMAZON_EU,01/07/2026 07:03:36 MEST
ES,KEEP-PARENT,variation parent in Google Sheet,KUWAIT-ESIM,B0H74G22MQ,,,0,Incomplete,DEFAULT,01/07/2026 07:00:02 MEST
ES,KEEP,in master list,KYRGYZSTAN-20GB-30D,B0FR8XXBHM,,19.99,0,Active,AMAZON_EU,01/07/2026 07:13:30 MEST
ES,KEEP,in master list,KYRGYZSTAN-3GB-15D,B0FR9TVF4R,,8.99,0,Active,AMAZON_EU,01/07/2026 07:09:59 MEST
ES,KEEP,in master list,LAOS-20GB-30D,B0H6MBWGX1,,34.99,0,Active,AMAZON_EU,30/06/2026 18:48:05 MEST
ES,KEEP,in master list,LAOS-3GB-15D,B0H6M96WPB,,10.99,0,Active,AMAZON_EU,30/06/2026 18:42:19 MEST
ES,KEEP,in master list,LAOS-5GB-30D,B0H6MBJN5B,,16.99,0,Active,AMAZON_EU,30/06/2026 18:45:29 MEST
ES,KEEP-PARENT,variation parent in Google Sheet,LAOS-ESIM,B0H72FG4N1,,,0,Incomplete,DEFAULT,30/06/2026 18:42:15 MEST
ES,KEEP,in master list,LATVIA-20GB-30D,B0FR9SWN6V,,15.99,0,Active,AMAZON_EU,01/07/2026 07:23:37 MEST
ES,KEEP,in master list,LATVIA-3GB-15D,B0FR9VM4K6,,8.99,0,Active,AMAZON_EU,01/07/2026 07:17:00 MEST
ES,KEEP,in master list,LATVIA-5GB-30D,B0FR9TR99S,,9.99,0,Active,AMAZON_EU,01/07/2026 07:20:21 MEST
ES,KEEP-PARENT,variation parent in Google Sheet,LATVIA-ESIM,B0H74M1P19,,,0,Incomplete,DEFAULT,01/07/2026 07:16:57 MEST
ES,KEEP,in master list,LIBERIA-3GB-15D,B0FR9H18JQ,,21.99,0,Active,AMAZON_EU,01/07/2026 07:26:25 MEST
ES,KEEP,in master list,LIBERIA-5GB-30D,B0FR9SJ1YH,,33.99,0,Active,AMAZON_EU,01/07/2026 07:29:56 MEST
ES,KEEP-PARENT,variation parent in Google Sheet,LIBERIA-ESIM,B0H74KSYCB,,,0,Incomplete,DEFAULT,01/07/2026 07:26:21 MEST
ES,KEEP,in master list,LIBYA-20GB-30D,B0H6MFWD2Y,,125.99,0,Active,AMAZON_EU,30/06/2026 18:57:40 MEST
ES,KEEP,in master list,LIBYA-3GB-15D,B0H6MBYGXZ,,33.99,0,Active,AMAZON_EU,30/06/2026 18:51:13 MEST
ES,KEEP,in master list,LIBYA-5GB-30D,B0H6M5PVSB,,44.99,0,Active,AMAZON_EU,30/06/2026 18:54:34 MEST
ES,KEEP-PARENT,variation parent in Google Sheet,LIBYA-ESIM,B0H72K4LD7,,,0,Incomplete,DEFAULT,30/06/2026 18:51:10 MEST
ES,KEEP,in master list,LIECHTENSTEIN-3GB-15D,B0FR9S35ZH,,8.99,0,Active,AMAZON_EU,01/07/2026 07:33:24 MEST
ES,KEEP-PARENT,variation parent in Google Sheet,LIECHTENSTEIN-ESIM,B0H747SKMX,,,0,Incomplete,DEFAULT,01/07/2026 07:33:20 MEST
ES,KEEP,in master list,LITHUANIA-20GB-30D,B0FR9TQN8N,,17.99,0,Active,AMAZON_EU,01/07/2026 07:44:34 MEST
ES,KEEP,in master list,LITHUANIA-3GB-15D,B0FR9KS3P4,,8.99,0,Active,AMAZON_EU,01/07/2026 07:37:25 MEST
ES,KEEP,in master list,LITHUANIA-5GB-30D,B0FR9R598C,,9.99,0,Active,AMAZON_EU,01/07/2026 07:40:56 MEST
ES,KEEP-PARENT,variation parent in Google Sheet,LITHUANIA-ESIM,B0H74685SM,,,0,Incomplete,DEFAULT,01/07/2026 07:37:21 MEST
ES,KEEP,in master list,LUXEMBOURG-20GB-30D,B0FR8XXXZB,,17.99,0,Active,AMAZON_EU,01/07/2026 07:54:51 MEST
ES,KEEP,in master list,LUXEMBOURG-3GB-15D,B0FR9SHRKM,,8.99,0,Active,AMAZON_EU,01/07/2026 07:48:24 MEST
ES,KEEP,in master list,LUXEMBOURG-5GB-30D,B0FR9SB862,,9.99,0,Active,AMAZON_EU,01/07/2026 07:51:35 MEST
ES,KEEP-PARENT,variation parent in Google Sheet,LUXEMBOURG-ESIM,B0H74JNK8T,,,0,Incomplete,DEFAULT,01/07/2026 07:48:20 MEST
ES,KEEP,in master list,MACAO-20GB-30D,B0FR9CDBN2,,15.99,0,Active,AMAZON_EU,01/07/2026 08:04:26 MEST
ES,KEEP,in master list,MACAO-3GB-15D,B0FR9M485M,,8.99,0,Active,AMAZON_EU,01/07/2026 07:57:58 MEST
ES,KEEP,in master list,MACAO-5GB-30D,B0FR9L9624,,9.99,0,Active,AMAZON_EU,01/07/2026 08:01:19 MEST
ES,KEEP-PARENT,variation parent in Google Sheet,MACAO-ESIM,B0H74GDXPP,,,0,Incomplete,DEFAULT,01/07/2026 07:57:54 MEST
ES,KEEP,in master list,MADAGASCAR-3GB-15D,B0FR9H2NS1,,25.99,0,Active,AMAZON_EU,01/07/2026 08:07:53 MEST
ES,KEEP-PARENT,variation parent in Google Sheet,MADAGASCAR-ESIM,B0H74QZNTW,,,0,Incomplete,DEFAULT,01/07/2026 08:07:50 MEST
ES,KEEP,in master list,MALAWI-3GB-15D,B0FR9H3JDK,,17.99,0,Active,AMAZON_EU,01/07/2026 08:11:14 MEST
ES,KEEP,in master list,MALAWI-5GB-30D,B0FR9GXY24,,28.99,0,Active,AMAZON_EU,01/07/2026 08:14:45 MEST
ES,KEEP-PARENT,variation parent in Google Sheet,MALAWI-ESIM,B0H74NX2BD,,,0,Incomplete,DEFAULT,01/07/2026 08:11:11 MEST
ES,KEEP,in master list,MALAYSIA-20GB-30D,B0FR9VMWYD,,15.99,0,Active,AMAZON_EU,01/07/2026 08:26:21 MEST
ES,KEEP,in master list,MALAYSIA-3GB-15D,B0FR9H1Q65,,8.99,0,Active,AMAZON_EU,01/07/2026 08:18:45 MEST
ES,KEEP,in master list,MALAYSIA-5GB-30D,B0FR9LDGX8,,9.99,0,Active,AMAZON_EU,01/07/2026 08:22:39 MEST
ES,KEEP-PARENT,variation parent in Google Sheet,MALAYSIA-ESIM,B0H74MG19X,,,0,Incomplete,DEFAULT,01/07/2026 08:18:41 MEST
ES,KEEP,in master list,MALDIVES-20GB-30D,B0H6MM5SCJ,,117.99,0,Active,AMAZON_EU,30/06/2026 19:06:53 MEST
ES,KEEP,in master list,MALDIVES-3GB-15D,B0H6MD6Y71,,33.99,0,Active,AMAZON_EU,30/06/2026 19:00:36 MEST
ES,KEEP,in master list,MALDIVES-5GB-30D,B0H6MJQZ8Y,,44.99,0,Active,AMAZON_EU,30/06/2026 19:03:45 MEST
ES,KEEP-PARENT,variation parent in Google Sheet,MALDIVES-ESIM,B0H72G9GVH,,,0,Incomplete,DEFAULT,30/06/2026 19:00:32 MEST
ES,KEEP,in master list,MALI-3GB-15D,B0FR9TRDSY,,21.99,0,Active,AMAZON_EU,01/07/2026 08:30:00 MEST
ES,KEEP-PARENT,variation parent in Google Sheet,MALI-ESIM,B0H74WCFRX,,,0,Incomplete,DEFAULT,01/07/2026 08:29:57 MEST
ES,KEEP,in master list,MALTA-20GB-30D,B0FR9VL1Q9,,15.99,0,Active,AMAZON_EU,01/07/2026 08:41:11 MEST
ES,KEEP,in master list,MALTA-3GB-15D,B0FR9M3PNR,,8.99,0,Active,AMAZON_EU,01/07/2026 08:34:13 MEST
ES,KEEP,in master list,MALTA-5GB-30D,B0FR9ZSMTC,,9.99,0,Active,AMAZON_EU,01/07/2026 08:37:53 MEST
ES,KEEP-PARENT,variation parent in Google Sheet,MALTA-ESIM,B0H74Q32M8,,,0,Incomplete,DEFAULT,01/07/2026 08:34:09 MEST
ES,KEEP,in master list,MARTINIQUE-20GB-30D,B0H6MH94KV,,16.99,0,Active,AMAZON_EU,30/06/2026 19:16:17 MEST
ES,KEEP,in master list,MARTINIQUE-3GB-15D,B0H6M7SBFQ,,8.99,0,Active,AMAZON_EU,30/06/2026 19:10:41 MEST
ES,KEEP,in master list,MARTINIQUE-5GB-30D,B0H6MKCD1X,,9.99,0,Active,AMAZON_EU,30/06/2026 19:13:31 MEST
ES,KEEP-PARENT,variation parent in Google Sheet,MARTINIQUE-ESIM,B0H72JHZTW,,,0,Incomplete,DEFAULT,30/06/2026 19:10:38 MEST
ES,KEEP,in master list,MAURITIUS-3GB-15D,B0H2FYRLRC,,16.99,0,Active,AMAZON_EU,01/07/2026 16:21:09 MEST
ES,KEEP,in master list,MAURITIUS-5GB-30D,B0H2G2XMS3,,17.99,0,Active,AMAZON_EU,01/07/2026 16:25:03 MEST
ES,KEEP-PARENT,variation parent in Google Sheet,MAURITIUS-ESIM,B0H76857L4,,,0,Incomplete,DEFAULT,01/07/2026 16:21:06 MEST
ES,KEEP,in master list,MAYOTTE-20GB-30D,B0H6M5L8MC,,16.99,0,Active,AMAZON_EU,30/06/2026 19:26:23 MEST
ES,KEEP,in master list,MAYOTTE-3GB-15D,B0H6MFWP88,,8.99,0,Active,AMAZON_EU,30/06/2026 19:19:45 MEST
ES,KEEP,in master list,MAYOTTE-5GB-30D,B0H6MD9C4Y,,9.99,0,Active,AMAZON_EU,30/06/2026 19:23:05 MEST
ES,KEEP-PARENT,variation parent in Google Sheet,MAYOTTE-ESIM,B0H727L9P9,,,0,Incomplete,DEFAULT,30/06/2026 19:19:41 MEST
ES,KEEP,in master list,MEXICO-20GB-30D,B0FR9VDSJX,,35.99,0,Active,AMAZON_EU,01/07/2026 08:52:20 MEST
ES,KEEP,in master list,MEXICO-3GB-15D,B0FR9SZSTG,,11.99,0,Active,AMAZON_EU,01/07/2026 08:45:00 MEST
ES,KEEP,in master list,MEXICO-5GB-30D,B0FR9H2K1C,,14.99,0,Active,AMAZON_EU,01/07/2026 08:48:42 MEST
ES,KEEP-PARENT,variation parent in Google Sheet,MEXICO-ESIM,B0H74BMK75,,,0,Incomplete,DEFAULT,01/07/2026 08:44:57 MEST
ES,KEEP,in master list,MIDDLE-EAST-5GB-30D,B0FR9SYKP6,,36.99,0,Active,AMAZON_EU,01/07/2026 08:55:36 MEST
ES,KEEP-PARENT,variation parent in Google Sheet,MIDDLE-EAST-ESIM,B0H74PKKVY,,,0,Incomplete,DEFAULT,01/07/2026 08:55:33 MEST
ES,KEEP,in master list,MOLDOVA-3GB-15D,B0FR9CFQYY,,8.99,0,Active,AMAZON_EU,01/07/2026 08:59:39 MEST
ES,KEEP-PARENT,variation parent in Google Sheet,MOLDOVA-ESIM,B0H74NVB9K,,,0,Incomplete,DEFAULT,01/07/2026 08:59:35 MEST
ES,KEEP,in master list,MONACO-3GB-15D,B0FR9ZS6GM,,63.99,0,Active,AMAZON_EU,01/07/2026 09:03:30 MEST
ES,KEEP,in master list,MONACO-5GB-30D,B0FR9H1H4M,,85.99,0,Active,AMAZON_EU,01/07/2026 09:07:11 MEST
ES,KEEP-PARENT,variation parent in Google Sheet,MONACO-ESIM,B0H74WSSRK,,,0,Incomplete,DEFAULT,01/07/2026 09:03:27 MEST
ES,KEEP,in master list,MONGOLIA-3GB-15D,B0FR9LSYTX,,16.99,0,Active,AMAZON_EU,01/07/2026 09:10:49 MEST
ES,KEEP-PARENT,variation parent in Google Sheet,MONGOLIA-ESIM,B0H74TXJSD,,,0,Incomplete,DEFAULT,01/07/2026 09:10:45 MEST
ES,KEEP,in master list,MONTENEGRO-3GB-15D,B0FR9R5HR7,,8.99,0,Active,AMAZON_EU,01/07/2026 09:13:45 MEST
ES,KEEP,in master list,MONTSERRAT-20GB-30D,B0H6MG87HK,,94.99,0,Active,AMAZON_EU,30/06/2026 19:36:20 MEST
ES,KEEP,in master list,MONTSERRAT-3GB-15D,B0H6MDJ2ZR,,25.99,0,Active,AMAZON_EU,30/06/2026 19:29:40 MEST
ES,KEEP,in master list,MONTSERRAT-5GB-30D,B0H6MGQ1Y4,,33.99,0,Active,AMAZON_EU,30/06/2026 19:33:00 MEST
ES,KEEP-PARENT,variation parent in Google Sheet,MONTSERRAT-ESIM,B0H72QHHRG,,,0,Incomplete,DEFAULT,30/06/2026 19:29:37 MEST
ES,KEEP,in master list,MOROCCO-20GB-30D,B0FR9M57DY,,26.99,0,Active,AMAZON_EU,01/07/2026 09:26:19 MEST
ES,KEEP,in master list,MOROCCO-3GB-15D,B0FR9CFZQR,,9.99,0,Active,AMAZON_EU,01/07/2026 09:18:43 MEST
ES,KEEP,in master list,MOROCCO-5GB-30D,B0FR9CDDQ8,,14.99,0,Active,AMAZON_EU,01/07/2026 09:22:38 MEST
ES,KEEP-PARENT,variation parent in Google Sheet,MOROCCO-ESIM,B0H75289VG,,,0,Incomplete,DEFAULT,01/07/2026 09:18:40 MEST
ES,KEEP,in master list,MOZAMBIQUE-20GB-30D,B0FR9CFLS7,,75.99,0,Active,AMAZON_EU,01/07/2026 09:34:11 MEST
ES,KEEP,in master list,MOZAMBIQUE-3GB-15D,B0FRB1M6HK,,19.99,0,Active,AMAZON_EU,01/07/2026 09:30:20 MEST
ES,KEEP-PARENT,variation parent in Google Sheet,MOZAMBIQUE-ESIM,B0H74W78DB,,,0,Incomplete,DEFAULT,01/07/2026 09:30:16 MEST
ES,KEEP,in master list,NEPAL-3GB-15D,B0FRB1TD7L,,14.99,0,Active,AMAZON_EU,01/07/2026 09:37:49 MEST
ES,KEEP-PARENT,variation parent in Google Sheet,NEPAL-ESIM,B0H74WYLPX,,,0,Incomplete,DEFAULT,01/07/2026 09:37:46 MEST
ES,KEEP,in master list,NETHERLANDS-20GB-30D,B0FR9NG7LB,,16.99,0,Active,AMAZON_EU,01/07/2026 09:49:37 MEST
ES,KEEP,in master list,NETHERLANDS-3GB-15D,B0FRB5GNM2,,8.99,0,Active,AMAZON_EU,01/07/2026 09:42:02 MEST
ES,KEEP,in master list,NETHERLANDS-5GB-30D,B0FR9NHP7Q,,9.99,0,Active,AMAZON_EU,01/07/2026 09:45:56 MEST
ES,KEEP-PARENT,variation parent in Google Sheet,NETHERLANDS-ESIM,B0H7535ZVC,,,0,Incomplete,DEFAULT,01/07/2026 09:41:59 MEST
ES,KEEP,in master list,NEW-ZEALAND-20GB-30D,B0FRB1TWT8,,24.99,0,Active,AMAZON_EU,01/07/2026 09:59:54 MEST
ES,KEEP,in master list,NEW-ZEALAND-3GB-15D,B0FR9NKXF5,,9.99,0,Active,AMAZON_EU,01/07/2026 09:53:16 MEST
ES,KEEP,in master list,NEW-ZEALAND-5GB-30D,B0FR9NHFWQ,,11.99,0,Active,AMAZON_EU,01/07/2026 09:56:37 MEST
ES,KEEP-PARENT,variation parent in Google Sheet,NEW-ZEALAND-ESIM,B0H74WZBFM,,,0,Incomplete,DEFAULT,01/07/2026 09:53:13 MEST
ES,KEEP,in master list,NICARAGUA-3GB-15D,B0FRB33MPG,,14.99,0,Active,AMAZON_EU,01/07/2026 10:03:21 MEST
ES,KEEP-PARENT,variation parent in Google Sheet,NICARAGUA-ESIM,B0H74ZVFDW,,,0,Incomplete,DEFAULT,01/07/2026 10:03:18 MEST
ES,KEEP,in master list,NIGER-3GB-15D,B0FR9NPT1H,,17.99,0,Active,AMAZON_EU,01/07/2026 10:07:35 MEST
ES,KEEP-PARENT,variation parent in Google Sheet,NIGER-ESIM,B0H74RLTKF,,,0,Incomplete,DEFAULT,01/07/2026 10:07:31 MEST
ES,KEEP,in master list,NIGERIA-3GB-15D,B0FR9X17QY,,14.99,0,Active,AMAZON_EU,01/07/2026 10:11:49 MEST
ES,KEEP-PARENT,variation parent in Google Sheet,NIGERIA-ESIM,B0H74WVQYZ,,,0,Incomplete,DEFAULT,01/07/2026 10:11:46 MEST
ES,KEEP,in master list,NORTH-AMERICA-5GB-30D,B0FRBDQ8H5,,16.99,0,Active,AMAZON_EU,01/07/2026 19:35:33 MEST
ES,KEEP-PARENT,variation parent in Google Sheet,NORTH-AMERICA-ESIM,B0H751CYF2,,,0,Incomplete,DEFAULT,01/07/2026 10:16:00 MEST
ES,KEEP,in master list,NORTH-MACEDONIA-3GB-15D,B0FRB59DJS,,9.99,0,Active,AMAZON_EU,01/07/2026 10:20:18 MEST
ES,KEEP,in master list,NORTH-MACEDONIA-5GB-30D,B0FR9WNHHX,,14.99,0,Active,AMAZON_EU,01/07/2026 10:24:11 MEST
ES,KEEP-PARENT,variation parent in Google Sheet,NORTH-MACEDONIA-ESIM,B0H74ZT1Z7,,,0,Incomplete,DEFAULT,01/07/2026 10:20:14 MEST
ES,KEEP,in master list,NORWAY-20GB-30D,B0FRB572L8,,15.99,0,Inactive,AMAZON_EU,01/07/2026 10:35:43 MEST
ES,KEEP,in master list,NORWAY-3GB-15D,B0FR9WNK2H,,8.99,0,Active,AMAZON_EU,01/07/2026 16:42:16 MEST
ES,KEEP,in master list,NORWAY-5GB-30D,B0FRBNPZ9D,,9.99,0,Active,AMAZON_EU,01/07/2026 10:32:06 MEST
ES,KEEP-PARENT,variation parent in Google Sheet,NORWAY-ESIM,B0H753411J,,,0,Incomplete,DEFAULT,01/07/2026 10:28:08 MEST
ES,KEEP,in master list,OMAN-20GB-30D,B0FRB4R3FK,,32.99,0,Active,AMAZON_EU,02/07/2026 03:39:46 MEST
ES,KEEP,in master list,OMAN-3GB-15D,B0FRB4BL4W,,11.99,0,Active,AMAZON_EU,01/07/2026 10:39:45 MEST
ES,KEEP-PARENT,variation parent in Google Sheet,OMAN-ESIM,B0H758996T,,,0,Incomplete,DEFAULT,01/07/2026 10:39:41 MEST
ES,KEEP,in master list,PAKISTAN-20GB-30D,B0FRB691X8,,22.99,0,Active,AMAZON_EU,01/07/2026 10:55:12 MEST
ES,KEEP,in master list,PAKISTAN-3GB-15D,B0FRB4HL3B,,8.99,0,Active,AMAZON_EU,01/07/2026 10:47:40 MEST
ES,KEEP,in master list,PAKISTAN-5GB-30D,B0FRB48QKZ,,10.99,0,Active,AMAZON_EU,01/07/2026 10:51:33 MEST
ES,KEEP-PARENT,variation parent in Google Sheet,PAKISTAN-ESIM,B0H756TBKB,,,0,Incomplete,DEFAULT,01/07/2026 10:47:37 MEST
ES,KEEP,in master list,PANAMA-3GB-15D,B0FRB3VFW6,,17.99,0,Inactive,AMAZON_EU,01/07/2026 10:59:13 MEST
ES,KEEP-PARENT,variation parent in Google Sheet,PANAMA-ESIM,B0H755K4XJ,,,0,Incomplete,DEFAULT,01/07/2026 10:59:10 MEST
ES,KEEP,in master list,PARAGUAY-3GB-15D,B0FRB3V7CS,,14.99,0,Active,AMAZON_EU,01/07/2026 11:03:29 MEST
ES,KEEP-PARENT,variation parent in Google Sheet,PARAGUAY-ESIM,B0H75BCQB4,,,0,Incomplete,DEFAULT,01/07/2026 11:03:25 MEST
ES,KEEP,in master list,PERU-20GB-30D,B0H6M8BLBD,,42.99,0,Active,AMAZON_EU,30/06/2026 13:19:59 MEST
ES,KEEP,in master list,PERU-3GB-15D,B0H6M5WW3B,,14.99,0,Active,AMAZON_EU,30/06/2026 13:15:58 MEST
ES,KEEP-PARENT,variation parent in Google Sheet,PERU-ESIM,B0H7212VH8,,,0,Incomplete,DEFAULT,30/06/2026 13:15:55 MEST
ES,KEEP,in master list,PHILIPPINES-20GB-30D,B0FRB4K2D4,,23.99,0,Active,AMAZON_EU,01/07/2026 11:15:20 MEST
ES,KEEP,in master list,PHILIPPINES-3GB-15D,B0FRB1GVXK,,8.99,0,Active,AMAZON_EU,01/07/2026 11:08:13 MEST
ES,KEEP,in master list,PHILIPPINES-5GB-30D,B0FRB4VCKG,,10.99,0,Active,AMAZON_EU,01/07/2026 11:12:04 MEST
ES,KEEP-PARENT,variation parent in Google Sheet,PHILIPPINES-ESIM,B0H758FM9C,,,0,Incomplete,DEFAULT,01/07/2026 11:07:41 MEST
ES,KEEP,in master list,POLAND-20GB-30D,B0FRB5HSK7,,15.99,0,Active,AMAZON_EU,01/07/2026 11:27:45 MEST
ES,KEEP,in master list,POLAND-3GB-15D,B0FRB4JVKR,,8.99,0,Active,AMAZON_EU,01/07/2026 11:19:22 MEST
ES,KEEP,in master list,POLAND-5GB-30D,B0FRBDPQ9J,,9.99,0,Active,AMAZON_EU,01/07/2026 11:23:40 MEST
ES,KEEP-PARENT,variation parent in Google Sheet,POLAND-ESIM,B0H75JMSKJ,,,0,Incomplete,DEFAULT,01/07/2026 11:19:18 MEST
ES,KEEP,in master list,PORTUGAL-20GB-30D,B0FRB354KV,,15.99,0,Active,AMAZON_EU,01/07/2026 11:39:45 MEST
ES,KEEP,in master list,PORTUGAL-3GB-15D,B0FRB4314T,,8.99,0,Active,AMAZON_EU,01/07/2026 11:31:26 MEST
ES,KEEP,in master list,PORTUGAL-5GB-30D,B0FRB4X799,,9.99,0,Active,AMAZON_EU,01/07/2026 11:34:53 MEST
ES,KEEP-PARENT,variation parent in Google Sheet,PORTUGAL-ESIM,B0H75GZLTQ,,,0,Incomplete,DEFAULT,01/07/2026 11:30:55 MEST
ES,KEEP,in master list,PUERTO-RICO-3GB-15D,B0FRB5MSF1,,12.99,0,Active,AMAZON_EU,01/07/2026 18:55:00 MEST
ES,KEEP,in master list,PUERTO-RICO-5GB-30D,B0FR9WMX9V,,14.99,0,Active,AMAZON_EU,01/07/2026 11:46:30 MEST
ES,KEEP-PARENT,variation parent in Google Sheet,PUERTO-RICO-ESIM,B0H75DX3M5,,,0,Incomplete,DEFAULT,01/07/2026 11:42:32 MEST
ES,KEEP,in master list,QATAR-20GB-30D,B0FR9X3QGM,,31.99,0,Active,AMAZON_EU,01/07/2026 19:49:37 MEST
ES,KEEP,in master list,QATAR-3GB-15D,B0FR9NXH43,,10.99,0,Active,AMAZON_EU,01/07/2026 18:24:54 MEST
ES,KEEP,in master list,QATAR-5GB-30D,B0FR9X5KB1,,17.99,0,Active,AMAZON_EU,01/07/2026 18:25:04 MEST
ES,KEEP-PARENT,variation parent in Google Sheet,QATAR-ESIM,B0H75BXXG7,,,0,Incomplete,DEFAULT,01/07/2026 11:50:28 MEST
ES,KEEP,in master list,REPUBLIC-OF-THE-CONGO-20GB-30D,B0H6MJ756Y,,78.99,0,Active,AMAZON_EU,30/06/2026 19:46:06 MEST
ES,KEEP,in master list,REPUBLIC-OF-THE-CONGO-3GB-15D,B0H6MM6DKT,,22.99,0,Active,AMAZON_EU,30/06/2026 19:39:48 MEST
ES,KEEP,in master list,REPUBLIC-OF-THE-CONGO-5GB-30D,B0H6MBXD3B,,33.99,0,Active,AMAZON_EU,30/06/2026 19:42:48 MEST
ES,KEEP-PARENT,variation parent in Google Sheet,REPUBLIC-OF-THE-CONGO-ESIM,B0H72DJNP5,,,0,Incomplete,DEFAULT,30/06/2026 19:39:44 MEST
ES,KEEP,in master list,REUNION-3GB-15D,B0FRB3KCNQ,,8.99,0,Inactive,AMAZON_EU,01/07/2026 22:10:11 MEST
ES,KEEP,in master list,REUNION-5GB-30D,B0FRB47TQW,,9.99,0,Inactive,AMAZON_EU,01/07/2026 20:39:42 MEST
ES,KEEP-PARENT,variation parent in Google Sheet,REUNION-ESIM,B0H75HZ911,,,0,Incomplete,DEFAULT,01/07/2026 12:02:04 MEST
ES,KEEP,in master list,ROMANIA-20GB-30D,B0H6MGRC1F,,15.99,0,Active,AMAZON_EU,30/06/2026 19:56:02 MEST
ES,KEEP,in master list,ROMANIA-3GB-15D,B0H6MKQH2C,,8.99,0,Active,AMAZON_EU,30/06/2026 19:49:23 MEST
ES,KEEP,in master list,ROMANIA-5GB-30D,B0H6MFVLCB,,9.99,0,Active,AMAZON_EU,30/06/2026 19:52:44 MEST
ES,KEEP-PARENT,variation parent in Google Sheet,ROMANIA-ESIM,B0H72XMZHW,,,0,Incomplete,DEFAULT,30/06/2026 19:49:20 MEST
ES,KEEP,in master list,RUSSIA-20GB-30D,B0H6MDSLNC,,23.99,0,Active,AMAZON_EU,30/06/2026 20:05:38 MEST
ES,KEEP,in master list,RUSSIA-3GB-15D,B0H6MDNPC8,,9.99,0,Active,AMAZON_EU,30/06/2026 19:59:00 MEST
ES,KEEP,in master list,RUSSIA-5GB-30D,B0H6MLHHB2,,13.99,0,Active,AMAZON_EU,30/06/2026 20:02:21 MEST
ES,KEEP-PARENT,variation parent in Google Sheet,RUSSIA-ESIM,B0H732F5BG,,,0,Incomplete,DEFAULT,30/06/2026 19:58:56 MEST
ES,KEEP,in master list,RWANDA-20GB-30D,B0H6M66BWN,,97.99,0,Active,AMAZON_EU,30/06/2026 20:15:14 MEST
ES,KEEP,in master list,RWANDA-3GB-15D,B0H6MK2ZBQ,,24.99,0,Active,AMAZON_EU,30/06/2026 20:08:56 MEST
ES,KEEP,in master list,RWANDA-5GB-30D,B0H6MJZHP1,,32.99,0,Active,AMAZON_EU,30/06/2026 20:12:17 MEST
ES,KEEP-PARENT,variation parent in Google Sheet,RWANDA-ESIM,B0H72VBHTL,,,0,Incomplete,DEFAULT,30/06/2026 20:08:52 MEST
ES,KEEP,in master list,SAINT-BARTHELEMY-20GB-30D,B0H6MJHHNB,,16.99,0,Active,AMAZON_EU,30/06/2026 20:25:01 MEST
ES,KEEP,in master list,SAINT-BARTHELEMY-3GB-15D,B0H6MDMD63,,8.99,0,Active,AMAZON_EU,30/06/2026 20:18:43 MEST
ES,KEEP,in master list,SAINT-BARTHELEMY-5GB-30D,B0H6MBS246,,9.99,0,Active,AMAZON_EU,30/06/2026 20:22:04 MEST
ES,KEEP-PARENT,variation parent in Google Sheet,SAINT-BARTHELEMY-ESIM,B0H732HLSW,,,0,Incomplete,DEFAULT,30/06/2026 20:18:39 MEST
ES,KEEP,in master list,SAINT-KITTS-AND-NEVIS-20GB-30D,B0H6MJQSR4,,103.99,0,Active,AMAZON_EU,30/06/2026 20:34:35 MEST
ES,KEEP,in master list,SAINT-KITTS-AND-NEVIS-3GB-15D,B0H6MDHJ2B,,29.99,0,Active,AMAZON_EU,30/06/2026 20:28:29 MEST
ES,KEEP,in master list,SAINT-KITTS-AND-NEVIS-5GB-30D,B0H6MBK615,,38.99,0,Active,AMAZON_EU,30/06/2026 20:31:07 MEST
ES,KEEP-PARENT,variation parent in Google Sheet,SAINT-KITTS-AND-NEVIS-ESIM,B0H7386ZJ7,,,0,Incomplete,DEFAULT,30/06/2026 20:28:26 MEST
ES,KEEP,in master list,SAINT-LUCIA-20GB-30D,B0H6MDX8DY,,103.99,0,Active,AMAZON_EU,30/06/2026 20:43:38 MEST
ES,KEEP,in master list,SAINT-LUCIA-3GB-15D,B0H6M7Y1CD,,29.99,0,Active,AMAZON_EU,30/06/2026 20:37:52 MEST
ES,KEEP,in master list,SAINT-LUCIA-5GB-30D,B0H6MGBXNV,,38.99,0,Active,AMAZON_EU,30/06/2026 20:41:03 MEST
ES,KEEP-PARENT,variation parent in Google Sheet,SAINT-LUCIA-ESIM,B0H732KJ5R,,,0,Incomplete,DEFAULT,30/06/2026 20:37:49 MEST
ES,KEEP,in master list,SAINT-MARTIN-20GB-30D,B0H6MF7K64,,16.99,0,Active,AMAZON_EU,30/06/2026 20:53:33 MEST
ES,KEEP,in master list,SAINT-MARTIN-3GB-15D,B0H6MDB2CN,,8.99,0,Active,AMAZON_EU,30/06/2026 20:47:06 MEST
ES,KEEP,in master list,SAINT-MARTIN-5GB-30D,B0H6MC37Q1,,9.99,0,Active,AMAZON_EU,30/06/2026 20:50:27 MEST
ES,KEEP-PARENT,variation parent in Google Sheet,SAINT-MARTIN-ESIM,B0H73BBVHN,,,0,Incomplete,DEFAULT,30/06/2026 20:47:02 MEST
ES,KEEP,in master list,SAINT-VINCENT-AND-THE-GRENADINES-3GB-15D,B0H6MF3FWZ,,34.99,0,Active,AMAZON_EU,30/06/2026 20:57:02 MEST
ES,KEEP,in master list,SAINT-VINCENT-AND-THE-GRENADINES-5GB-30D,B0H6MJXH8Z,,46.99,0,Active,AMAZON_EU,30/06/2026 21:00:12 MEST
ES,KEEP-PARENT,variation parent in Google Sheet,SAINT-VINCENT-AND-THE-GRENADINES-ESIM,B0H738DNCV,,,0,Incomplete,DEFAULT,30/06/2026 20:56:58 MEST
ES,KEEP,in master list,SAMOA-20GB-30D,B0H6MJQDSM,,295.99,0,Active,AMAZON_EU,30/06/2026 21:14:19 MEST
ES,KEEP,in master list,SAMOA-3GB-15D,B0H6MGJ45S,,58.99,0,Active,AMAZON_EU,30/06/2026 21:07:52 MEST
ES,KEEP,in master list,SAMOA-5GB-30D,B0H6MFFZH1,,80.99,0,Active,AMAZON_EU,30/06/2026 21:11:23 MEST
ES,KEEP-PARENT,variation parent in Google Sheet,SAMOA-ESIM,B0H72X16DN,,,0,Incomplete,DEFAULT,30/06/2026 21:07:49 MEST
ES,KEEP,in master list,SAN-MARINO-20GB-30D,B0H6MDHJFJ,,16.99,0,Active,AMAZON_EU,30/06/2026 21:24:05 MEST
ES,KEEP,in master list,SAN-MARINO-3GB-15D,B0H6MG33GL,,8.99,0,Active,AMAZON_EU,30/06/2026 21:17:27 MEST
ES,KEEP,in master list,SAN-MARINO-5GB-30D,B0H6ML6C38,,9.99,0,Active,AMAZON_EU,30/06/2026 21:20:58 MEST
ES,KEEP-PARENT,variation parent in Google Sheet,SAN-MARINO-ESIM,B0H73W1XQF,,,0,Incomplete,DEFAULT,30/06/2026 21:17:23 MEST
ES,KEEP,in master list,SAUDI-ARABIA-20GB-30D,B0FRB5PZTS,,33.99,0,Active,AMAZON_EU,01/07/2026 12:17:38 MEST
ES,KEEP,in master list,SAUDI-ARABIA-3GB-15D,B0FRB3N2KL,,11.99,0,Active,AMAZON_EU,01/07/2026 18:49:37 MEST
ES,KEEP,in master list,SAUDI-ARABIA-5GB-30D,B0FRB1SRZY,,14.99,0,Active,AMAZON_EU,01/07/2026 12:13:57 MEST
ES,KEEP-PARENT,variation parent in Google Sheet,SAUDI-ARABIA-ESIM,B0H75GPY92,,,0,Incomplete,DEFAULT,01/07/2026 12:09:59 MEST
ES,KEEP,in master list,SENEGAL-3GB-15D,B0FRB4HX92,,16.99,0,Active,AMAZON_EU,01/07/2026 12:21:41 MEST
ES,KEEP,in master list,SENEGAL-5GB-30D,B0FRB68H77,,18.99,0,Active,AMAZON_EU,01/07/2026 12:25:37 MEST
ES,KEEP-PARENT,variation parent in Google Sheet,SENEGAL-ESIM,B0H75FTT98,,,0,Incomplete,DEFAULT,01/07/2026 12:21:37 MEST
ES,KEEP,in master list,SERBIA-20GB-30D,B0FRB5K8JC,,21.99,0,Inactive,AMAZON_EU,01/07/2026 12:33:23 MEST
ES,KEEP,in master list,SERBIA-3GB-15D,B0FRB5TJV2,,8.99,0,Active,AMAZON_EU,01/07/2026 12:29:28 MEST
ES,KEEP-PARENT,variation parent in Google Sheet,SERBIA-ESIM,B0H75R9HSW,,,0,Incomplete,DEFAULT,01/07/2026 12:29:25 MEST
ES,KEEP,in master list,SEYCHELLES-3GB-15D,B0FRB55T3H,,17.99,0,Active,AMAZON_EU,01/07/2026 12:37:25 MEST
ES,KEEP,in master list,SEYCHELLES-5GB-30D,B0FR9P7N6M,,28.99,0,Active,AMAZON_EU,02/07/2026 20:52:12 MEST
ES,KEEP-PARENT,variation parent in Google Sheet,SEYCHELLES-ESIM,B0H75HX62V,,,0,Incomplete,DEFAULT,01/07/2026 12:37:22 MEST
ES,KEEP,in master list,SIERRA-LEONE-20GB-30D,B0H6ML1JW1,,94.99,0,Active,AMAZON_EU,30/06/2026 21:34:02 MEST
ES,KEEP,in master list,SIERRA-LEONE-3GB-15D,B0H6MHPWKP,,26.99,0,Active,AMAZON_EU,01/07/2026 02:26:12 MEST
ES,KEEP,in master list,SIERRA-LEONE-5GB-30D,B0H6MBK6HZ,,33.99,0,Active,AMAZON_EU,30/06/2026 21:30:56 MEST
ES,KEEP-PARENT,variation parent in Google Sheet,SIERRA-LEONE-ESIM,B0H72VJCQ2,,,0,Incomplete,DEFAULT,30/06/2026 21:27:40 MEST
ES,KEEP,in master list,SINGAPORE-20GB-30D,B0FRB256K8,,15.99,0,Active,AMAZON_EU,01/07/2026 12:49:18 MEST
ES,KEEP,in master list,SINGAPORE-5GB-30D,B0FR9X3Y3R,,9.99,0,Active,AMAZON_EU,01/07/2026 12:45:23 MEST
ES,KEEP-PARENT,variation parent in Google Sheet,SINGAPORE-ESIM,B0H75KFLNC,,,0,Incomplete,DEFAULT,01/07/2026 12:45:20 MEST
ES,KEEP,in master list,SLOVAKIA-20GB-30D,B0FRB14YYC,,15.99,0,Active,AMAZON_EU,01/07/2026 13:00:28 MEST
ES,KEEP,in master list,SLOVAKIA-3GB-15D,B0FR9XC4BW,,8.99,0,Active,AMAZON_EU,01/07/2026 12:53:08 MEST
ES,KEEP,in master list,SLOVAKIA-5GB-30D,B0FRB2X84M,,9.99,0,Active,AMAZON_EU,01/07/2026 12:57:01 MEST
ES,KEEP-PARENT,variation parent in Google Sheet,SLOVAKIA-ESIM,B0H75R6813,,,0,Incomplete,DEFAULT,01/07/2026 12:53:05 MEST
ES,KEEP,in master list,SLOVENIA-20GB-30D,B0FR9X15V2,,15.99,0,Active,AMAZON_EU,01/07/2026 13:12:02 MEST
ES,KEEP,in master list,SLOVENIA-3GB-15D,B0FR9XCF27,,8.99,0,Active,AMAZON_EU,01/07/2026 13:04:28 MEST
ES,KEEP,in master list,SLOVENIA-5GB-30D,B0FRB3SJMR,,9.99,0,Active,AMAZON_EU,01/07/2026 13:08:21 MEST
ES,KEEP-PARENT,variation parent in Google Sheet,SLOVENIA-ESIM,B0H75QGPNL,,,0,Incomplete,DEFAULT,01/07/2026 13:04:24 MEST
ES,KEEP,in master list,SOUTH-AFRICA-5GB-30D,B0FRB3R6F3,,15.99,0,Active,AMAZON_EU,01/07/2026 13:16:04 MEST
ES,KEEP-PARENT,variation parent in Google Sheet,SOUTH-AFRICA-ESIM,B0H75T1DDN,,,0,Incomplete,DEFAULT,01/07/2026 13:16:01 MEST
ES,KEEP,in master list,SOUTH-AMERICA-5GB-30D,B0FRB8D7HC,,21.99,0,Active,AMAZON_EU,01/07/2026 13:20:19 MEST
ES,KEEP-PARENT,variation parent in Google Sheet,SOUTH-AMERICA-ESIM,B0H75M4LP1,,,0,Incomplete,DEFAULT,01/07/2026 13:20:16 MEST
ES,KEEP,in master list,SOUTH-KOREA-20GB-30D,B0FRC4P51Z,,15.99,0,Inactive,AMAZON_EU,01/07/2026 13:32:11 MEST
ES,KEEP,in master list,SOUTH-KOREA-3GB-15D,B0FRC4RTDF,,8.99,0,Active,AMAZON_EU,02/07/2026 02:14:38 MEST
ES,KEEP,in master list,SOUTH-KOREA-5GB-30D,B0FRD9LC4C,,9.99,0,Inactive,AMAZON_EU,07/07/2026 12:54:43 MEST
ES,KEEP-PARENT,variation parent in Google Sheet,SOUTH-KOREA-ESIM,B0H75RZ1ZG,,,0,Incomplete,DEFAULT,01/07/2026 13:24:31 MEST
ES,KEEP,in master list,SPAIN-20GB-30D,B0FRCMPGPL,,15.99,0,Inactive,AMAZON_EU,01/07/2026 13:44:15 MEST
ES,KEEP,in master list,SPAIN-3GB-15D,B0FRCDHTZ7,,8.99,0,Active,AMAZON_EU,01/07/2026 13:36:13 MEST
ES,KEEP,in master list,SPAIN-5GB-30D,B0FRBQCLZN,,9.99,0,Active,AMAZON_EU,01/07/2026 13:40:34 MEST
ES,KEEP-PARENT,variation parent in Google Sheet,SPAIN-ESIM,B0H75VTLK7,,,0,Incomplete,DEFAULT,01/07/2026 13:36:10 MEST
ES,KEEP,in master list,SRI-LANKA-20GB-30D,B0FRC2DZN5,,28.99,0,Active,AMAZON_EU,01/07/2026 13:55:28 MEST
ES,KEEP,in master list,SRI-LANKA-3GB-15D,B0FRB7Z1NW,,10.99,0,Active,AMAZON_EU,01/07/2026 18:24:19 MEST
ES,KEEP,in master list,SRI-LANKA-5GB-30D,B0FRB64B8M,,12.99,0,Active,AMAZON_EU,01/07/2026 22:14:45 MEST
ES,KEEP-PARENT,variation parent in Google Sheet,SRI-LANKA-ESIM,B0H75TJ2X6,,,0,Incomplete,DEFAULT,01/07/2026 13:47:50 MEST
ES,KEEP,in master list,SUDAN-3GB-15D,B0FRCKTXNQ,,22.99,0,Active,AMAZON_EU,01/07/2026 13:59:29 MEST
ES,KEEP,in master list,SUDAN-5GB-30D,B0FRC799N3,,30.99,0,Active,AMAZON_EU,02/07/2026 22:43:19 MEST
ES,KEEP-PARENT,variation parent in Google Sheet,SUDAN-ESIM,B0H75XTR7C,,,0,Incomplete,DEFAULT,01/07/2026 13:59:26 MEST
ES,KEEP,in master list,SURINAME-20GB-30D,B0H6MNKY5H,,74.99,0,Active,AMAZON_EU,30/06/2026 21:43:45 MEST
ES,KEEP,in master list,SURINAME-3GB-15D,B0H6MLWJMY,,19.99,0,Active,AMAZON_EU,30/06/2026 21:37:29 MEST
ES,KEEP,in master list,SURINAME-5GB-30D,B0H6MNS3N5,,32.99,0,Active,AMAZON_EU,30/06/2026 21:40:39 MEST
ES,KEEP-PARENT,variation parent in Google Sheet,SURINAME-ESIM,B0H73Q2MRG,,,0,Incomplete,DEFAULT,30/06/2026 21:37:26 MEST
ES,KEEP,in master list,SVG-20GB-30D,B0H6MWF5B5,,125.99,0,Active,AMAZON_EU,30/06/2026 21:03:50 MEST
ES,KEEP-PARENT,variation parent in Google Sheet,SVG-ESIM,B0H73JJGLM,,,0,Incomplete,DEFAULT,30/06/2026 21:03:46 MEST
ES,KEEP,in master list,SWEDEN-20GB-30D,B0FRB7X5SP,,15.99,0,Inactive,AMAZON_EU,01/07/2026 14:14:43 MEST
ES,KEEP,in master list,SWEDEN-3GB-15D,B0FRCC6W9S,,8.99,0,Active,AMAZON_EU,02/07/2026 22:12:51 MEST
ES,KEEP,in master list,SWEDEN-5GB-30D,B0FRCS524D,,9.99,0,Inactive,AMAZON_EU,01/07/2026 14:11:02 MEST
ES,KEEP-PARENT,variation parent in Google Sheet,SWEDEN-ESIM,B0H762P7SG,,,0,Incomplete,DEFAULT,01/07/2026 14:07:01 MEST
ES,KEEP,in master list,SWITZERLAND-20GB-30D,B0FRB6VY7S,,15.99,0,Inactive,AMAZON_EU,01/07/2026 14:26:24 MEST
ES,KEEP,in master list,SWITZERLAND-3GB-15D,B0FRB5LFVC,,8.99,0,Active,AMAZON_EU,01/07/2026 14:18:45 MEST
ES,KEEP,in master list,SWITZERLAND-5GB-30D,B0FRB7G4VW,,9.99,0,Active,AMAZON_EU,01/07/2026 14:23:05 MEST
ES,KEEP-PARENT,variation parent in Google Sheet,SWITZERLAND-ESIM,B0H75NY3KY,,,0,Incomplete,DEFAULT,01/07/2026 14:18:42 MEST
ES,KEEP,in master list,TAJIKISTAN-20GB-30D,B0H6M85C77,,41.99,0,Active,AMAZON_EU,30/06/2026 21:54:00 MEST
ES,KEEP,in master list,TAJIKISTAN-3GB-15D,B0H6M7XFN6,,15.99,0,Active,AMAZON_EU,30/06/2026 21:47:13 MEST
ES,KEEP,in master list,TAJIKISTAN-5GB-30D,B0H6MFYMXZ,,16.99,0,Active,AMAZON_EU,30/06/2026 21:50:53 MEST
ES,KEEP-PARENT,variation parent in Google Sheet,TAJIKISTAN-ESIM,B0H737Q2VZ,,,0,Incomplete,DEFAULT,30/06/2026 21:47:09 MEST
ES,KEEP,in master list,TANZANIA-3GB-15D,B0FRC81NPJ,,16.99,0,Active,AMAZON_EU,01/07/2026 14:30:27 MEST
ES,KEEP-PARENT,variation parent in Google Sheet,TANZANIA-ESIM,B0H75Y3TWL,,,0,Incomplete,DEFAULT,01/07/2026 14:30:24 MEST
ES,KEEP,in master list,THAILAND-20GB-30D,B0FRCHW3MW,,15.99,0,Inactive,AMAZON_EU,01/07/2026 14:42:19 MEST
ES,KEEP,in master list,THAILAND-3GB-15D,B0FRCDPJSH,,8.99,0,Active,AMAZON_EU,01/07/2026 14:34:44 MEST
ES,KEEP,in master list,THAILAND-5GB-30D,B0FR9Q5D1J,,9.99,0,Active,AMAZON_EU,01/07/2026 14:38:38 MEST
ES,KEEP-PARENT,variation parent in Google Sheet,THAILAND-ESIM,B0H75W45RY,,,0,Incomplete,DEFAULT,01/07/2026 14:34:40 MEST
ES,KEEP,in master list,TRINIDAD-AND-TOBAGO-20GB-30D,B0H6MF31VP,,96.99,0,Active,AMAZON_EU,30/06/2026 22:04:14 MEST
ES,KEEP,in master list,TRINIDAD-AND-TOBAGO-3GB-15D,B0H6MJTHXK,,22.99,0,Active,AMAZON_EU,30/06/2026 21:57:27 MEST
ES,KEEP,in master list,TRINIDAD-AND-TOBAGO-5GB-30D,B0H6MJTHY9,,33.99,0,Active,AMAZON_EU,30/06/2026 22:00:58 MEST
ES,KEEP-PARENT,variation parent in Google Sheet,TRINIDAD-AND-TOBAGO-ESIM,B0H73CWFCW,,,0,Incomplete,DEFAULT,30/06/2026 21:57:23 MEST
ES,KEEP,in master list,TUNISIA-5GB-30D,B0FRB7Q96Z,,11.99,0,Inactive,AMAZON_EU,01/07/2026 14:46:20 MEST
ES,KEEP-PARENT,variation parent in Google Sheet,TUNISIA-ESIM,B0H75TLK1S,,,0,Incomplete,DEFAULT,01/07/2026 14:46:17 MEST
ES,KEEP,in master list,TURKEY-20GB-30D,B0FRCYMWCX,,17.99,0,Inactive,AMAZON_EU,01/07/2026 14:59:47 MEST
ES,KEEP,in master list,TURKEY-3GB-15D,B0FRC2PSHM,,8.99,0,Active,AMAZON_EU,01/07/2026 14:50:35 MEST
ES,KEEP,in master list,TURKEY-5GB-30D,B0FRCBZ1BB,,8.99,0,Active,AMAZON_EU,01/07/2026 14:54:30 MEST
ES,KEEP-PARENT,variation parent in Google Sheet,TURKEY-ESIM,B0H75Y9PQN,,,0,Incomplete,DEFAULT,01/07/2026 14:50:32 MEST
ES,KEEP,in master list,TURKS-AND-CAICOS-ISLANDS-20GB-30D,B0H6MLBGX7,,90.99,0,Active,AMAZON_EU,30/06/2026 22:14:09 MEST
ES,KEEP,in master list,TURKS-AND-CAICOS-ISLANDS-3GB-15D,B0H6MNNXGL,,23.99,0,Active,AMAZON_EU,30/06/2026 22:07:32 MEST
ES,KEEP,in master list,TURKS-AND-CAICOS-ISLANDS-5GB-30D,B0H6MLH1KM,,29.99,0,Active,AMAZON_EU,30/06/2026 22:11:03 MEST
ES,KEEP-PARENT,variation parent in Google Sheet,TURKS-AND-CAICOS-ISLANDS-ESIM,B0H73CWR3G,,,0,Incomplete,DEFAULT,30/06/2026 22:07:28 MEST
ES,KEEP,in master list,UGANDA-3GB-15D,B0FRB7F7Z9,,18.99,0,Active,AMAZON_EU,01/07/2026 15:02:12 MEST
ES,KEEP-PARENT,variation parent in Google Sheet,UGANDA-ESIM,B0H75TNZCH,,,0,Incomplete,DEFAULT,01/07/2026 15:02:08 MEST
ES,KEEP,in master list,UKRAINE-3GB-15D,B0FRB9SBFR,,8.99,0,Active,AMAZON_EU,01/07/2026 15:06:06 MEST
ES,KEEP,in master list,UKRAINE-5GB-30D,B0FRC2NRKG,,9.99,0,Inactive,AMAZON_EU,01/07/2026 15:10:01 MEST
ES,KEEP-PARENT,variation parent in Google Sheet,UKRAINE-ESIM,B0H75ZRLJW,,,0,Incomplete,DEFAULT,01/07/2026 15:06:03 MEST
ES,KEEP,in master list,UNITED-ARAB-EMIRATES-20GB-30D,B0FRB7TFJR,,36.99,0,Active,AMAZON_EU,07/07/2026 12:55:06 MEST
ES,KEEP,in master list,UNITED-ARAB-EMIRATES-3GB-15D,B0FRBBYBGH,,12.99,0,Active,AMAZON_EU,01/07/2026 15:14:02 MEST
ES,KEEP,in master list,UNITED-ARAB-EMIRATES-5GB-30D,B0FRB89XHX,,15.99,0,Active,AMAZON_EU,07/07/2026 12:55:05 MEST
ES,KEEP-PARENT,variation parent in Google Sheet,UNITED-ARAB-EMIRATES-ESIM,B0H7635SCN,,,0,Incomplete,DEFAULT,01/07/2026 15:13:59 MEST
ES,KEEP,in master list,UNITED-KINGDOM-20GB-30D,B0FRDGCBTN,,15.99,0,Active,AMAZON_EU,07/07/2026 12:55:08 MEST
ES,KEEP,in master list,UNITED-KINGDOM-3GB-15D,B0FRCPD8TS,,8.99,0,Active,AMAZON_EU,01/07/2026 15:26:07 MEST
ES,KEEP,in master list,UNITED-KINGDOM-5GB-30D,B0FRDDRGJF,,9.99,0,Active,AMAZON_EU,07/07/2026 12:55:08 MEST
ES,KEEP-PARENT,variation parent in Google Sheet,UNITED-KINGDOM-ESIM,B0H762YX2D,,,0,Incomplete,DEFAULT,01/07/2026 15:25:35 MEST
ES,KEEP,in master list,UNITED-STATES-3GB-15D,B0FRCFXK3V,,8.99,0,Active,AMAZON_EU,01/07/2026 15:37:16 MEST
ES,KEEP,in master list,UNITED-STATES-5GB-30D,B0FRC2PQ8H,,9.99,0,Active,AMAZON_EU,01/07/2026 15:41:11 MEST
ES,KEEP-PARENT,variation parent in Google Sheet,UNITED-STATES-ESIM,B0H761B8PM,,,0,Incomplete,DEFAULT,01/07/2026 15:37:13 MEST
ES,KEEP,in master list,URUGUAY-3GB-15D,B0FRB7LHGN,,17.99,0,Active,AMAZON_EU,01/07/2026 23:13:01 MEST
ES,KEEP-PARENT,variation parent in Google Sheet,URUGUAY-ESIM,B0H7662LMM,,,0,Incomplete,DEFAULT,01/07/2026 15:45:08 MEST
ES,KEEP,in master list,UZBEKISTAN-5GB-30D,B0FRBWFZ6M,,9.99,0,Active,AMAZON_EU,01/07/2026 15:49:27 MEST
ES,KEEP-PARENT,variation parent in Google Sheet,UZBEKISTAN-ESIM,B0H75WW4RV,,,0,Incomplete,DEFAULT,01/07/2026 15:49:24 MEST
ES,KEEP,in master list,VATICAN-CITY-20GB-30D,B0H6MDPLZ9,,15.99,0,Active,AMAZON_EU,30/06/2026 22:23:54 MEST
ES,KEEP,in master list,VATICAN-CITY-3GB-15D,B0H6MBMF8G,,8.99,0,Active,AMAZON_EU,30/06/2026 22:17:27 MEST
ES,KEEP,in master list,VATICAN-CITY-5GB-30D,B0H6M7YXNP,,9.99,0,Active,AMAZON_EU,30/06/2026 22:20:37 MEST
ES,KEEP-PARENT,variation parent in Google Sheet,VATICAN-CITY-ESIM,B0H73PXLFC,,,0,Incomplete,DEFAULT,30/06/2026 22:17:23 MEST
ES,KEEP,in master list,VIETNAM-20GB-30D,B0FRC2NKC4,,22.99,0,Active,AMAZON_EU,01/07/2026 16:02:28 MEST
ES,KEEP,in master list,VIETNAM-3GB-15D,B0FRBR2DHW,,8.99,0,Inactive,AMAZON_EU,01/07/2026 15:53:42 MEST
ES,KEEP,in master list,VIETNAM-5GB-30D,B0FRCBXRGV,,10.99,0,Active,AMAZON_EU,01/07/2026 15:58:24 MEST
ES,KEEP-PARENT,variation parent in Google Sheet,VIETNAM-ESIM,B0H75X83NG,,,0,Incomplete,DEFAULT,01/07/2026 15:53:39 MEST
ES,KEEP,in master list,ZAMBIA-3GB-15D,B0FRC2NSM2,,17.99,0,Active,AMAZON_EU,01/07/2026 16:05:17 MEST
ES,KEEP,in master list,ZAMBIA-5GB-30D,B0FRCL97L4,,28.99,0,Active,AMAZON_EU,01/07/2026 16:09:13 MEST
ES,KEEP-PARENT,variation parent in Google Sheet,ZAMBIA-ESIM,B0H765DW33,,,0,Incomplete,DEFAULT,01/07/2026 16:05:14 MEST
NL,DELETE,not in master list,AE_20_30,B0FRB7TFJR,,41.78,0,Active,AMAZON_EU,2026-03-25 09:33:02 CET
NL,DELETE,not in master list,AE_3_15,B0FRBBYBGH,,10.65,0,Active,AMAZON_EU,2026-03-25 09:20:07 CET
NL,DELETE,not in master list,AE_5_30,B0FRB89XHX,,,0,Incomplete,AMAZON_EU,2026-03-25 06:10:43 CET
NL,DELETE,not in master list,AU_20_30,B0FR9G1ZQJ,,15.32,0,Active,AMAZON_EU,2026-03-27 09:37:22 CET
NL,DELETE,not in master list,AU_3_15,B0FR9SKY4D,,6.62,0,Active,AMAZON_EU,2026-03-27 09:47:36 CET
NL,DELETE,not in master list,AU_5_30,B0FR9JRB62,,8.35,0,Active,AMAZON_EU,2026-03-25 10:20:03 CET
NL,DELETE,not in master list,BE_20_30,B0FR9BVRCH,,19.25,0,Active,AMAZON_EU,2026-03-27 15:30:56 CET
NL,DELETE,not in master list,BE_3_15,B0FR9G432K,,7.2,0,Active,AMAZON_EU,2026-03-27 10:15:25 CET
NL,DELETE,not in master list,BE_5_30,B0FR9SXCW6,,8.35,0,Active,AMAZON_EU,2026-03-27 14:07:31 CET
NL,DELETE,not in master list,CA_20_30,B0FR9BY42D,,29.77,0,Inactive,AMAZON_EU,2026-03-27 09:49:34 CET
NL,DELETE,not in master list,CA_3_15,B0FR9RZLF3,,12.32,0,Inactive,AMAZON_EU,2026-03-27 09:40:10 CET
NL,DELETE,not in master list,CA_5_30,B0FR9SYCBK,,15.77,0,Inactive,AMAZON_EU,2026-03-27 13:42:31 CET
NL,DELETE,not in master list,CH_20_30,B0FRB6VY7S,,,0,Incomplete,AMAZON_EU,2026-03-25 06:13:35 CET
NL,DELETE,not in master list,CH_3_15,B0FRB5LFVC,,6.05,0,Active,AMAZON_EU,2026-03-25 10:34:37 CET
NL,DELETE,not in master list,CH_5_30,B0FRB7G4VW,,,0,Incomplete,AMAZON_EU,2026-03-25 06:16:45 CET
NL,DELETE,not in master list,CN_20_30,B0FR9GD6X9,,19.2,0,Inactive,AMAZON_EU,2026-03-27 09:50:44 CET
NL,DELETE,not in master list,CN_3_15,B0FR9QZ578,,7.2,0,Active,AMAZON_EU,2026-03-25 10:54:55 CET
NL,DELETE,not in master list,CN_5_30,B0FR9HX7XH,,9.52,0,Active,AMAZON_EU,2026-03-27 12:11:27 CET
NL,DELETE,not in master list,DE_20_30,B0GSZP9H94,,32.66,0,Active,AMAZON_EU,2026-03-27 09:35:47 CET
NL,DELETE,not in master list,DE_3_15,B0GSZBMLKV,,10.01,0,Active,AMAZON_EU,2026-03-27 11:07:14 CET
NL,DELETE,not in master list,DE_5_30,B0GSZDYWLZ,,11.75,0,Active,AMAZON_EU,2026-03-27 10:59:55 CET
NL,DELETE,not in master list,EG_20_30,B0FR9GQBGL,,34.85,0,Active,AMAZON_EU,2026-03-27 10:01:19 CET
NL,DELETE,not in master list,EG_3_15,B0FR9C784N,,10.65,0,Active,AMAZON_EU,2026-03-27 10:58:54 CET
NL,DELETE,not in master list,EG_3_30,B0FR9GNL93,,14.59,0,Inactive,AMAZON_EU,2026-03-27 12:52:48 CET
NL,DELETE,not in master list,ES_20_30,B0FRCMPGPL,,17.61,0,Inactive,AMAZON_EU,2026-03-27 14:18:21 CET
NL,DELETE,not in master list,ES_3_15,B0FRCDHTZ7,,7.2,0,Active,AMAZON_EU,2026-03-27 10:53:58 CET
NL,DELETE,not in master list,ES_5_30,B0FRBQCLZN,,9.51,0,Active,AMAZON_EU,2026-03-25 12:46:49 CET
NL,DELETE,not in master list,FR_20_30,B0FR9GPMC5,,22.71,0,Active,AMAZON_EU,2026-03-25 06:17:32 CET
NL,DELETE,not in master list,FR_3_15,B0FR9C5ZB6,,8.36,0,Active,AMAZON_EU,2026-03-25 06:07:48 CET
NL,DELETE,not in master list,FR_5_30,B0FR9LMDW5,,10.66,0,Active,AMAZON_EU,2026-04-12 13:27:28 CEST
NL,DELETE,not in master list,GB_20_30,B0FRDGCBTN,,,0,Incomplete,AMAZON_EU,2026-03-25 06:19:42 CET
NL,DELETE,not in master list,GB_3_15,B0FRCPD8TS,,,0,Incomplete,AMAZON_EU,2026-03-25 06:15:38 CET
NL,DELETE,not in master list,GB_5_30,B0FRDDRGJF,,,0,Incomplete,AMAZON_EU,2026-03-25 06:12:28 CET
NL,DELETE,not in master list,GR_20_30,B0FR9KJGBG,,19.24,0,Active,AMAZON_EU,2026-03-25 09:33:05 CET
NL,DELETE,not in master list,GR_3_15,B0FR9L85F6,,6.04,0,Active,AMAZON_EU,2026-03-25 10:39:53 CET
NL,DELETE,not in master list,GR_5_30,B0FR9C7SMF,,5.46,0,Active,AMAZON_EU,2026-03-27 12:48:38 CET
NL,DELETE,not in master list,HAJJ-LUX-10GB-30D,B0H3L75HDS,,71.99,0,Inactive,AMAZON_EU,2026-06-03 22:49:00 CEST
NL,DELETE,not in master list,HAJJ-LUXURY-ESIM,B0H724PXPY,,,0,Incomplete,DEFAULT,2026-06-30 13:08:33 CEST
NL,DELETE,not in master list,HK_20_30,B0FR9GXZ6F,,17.61,0,Active,AMAZON_EU,2026-03-27 13:00:54 CET
NL,DELETE,not in master list,HK_3_15,B0FR9CC6Q8,,6.05,0,Active,AMAZON_EU,2026-03-25 13:23:48 CET
NL,DELETE,not in master list,HK_5_30,B0FR9GXYYL,,2.57,0,Active,AMAZON_EU,2026-03-25 10:54:05 CET
NL,DELETE,not in master list,ID_20_30,B0FR9QXRDQ,,16.46,0,Active,AMAZON_EU,2026-03-27 15:25:59 CET
NL,DELETE,not in master list,ID_3_15,B0FR9T6QPZ,,6.04,0,Active,AMAZON_EU,2026-03-27 09:45:38 CET
NL,DELETE,not in master list,ID_5_30,B0FR8XW5DR,,4.31,0,Active,AMAZON_EU,2026-03-27 09:31:49 CET
NL,DELETE,not in master list,IE_20_30,B0FR9SZG2Z,,17.61,0,Active,AMAZON_EU,2026-03-27 11:06:10 CET
NL,DELETE,not in master list,IE_3_15,B0FR8XV57F,,6.04,0,Active,AMAZON_EU,2026-03-27 09:44:24 CET
NL,DELETE,not in master list,IE_5_30,B0FR9GYKQL,,5.46,0,Active,AMAZON_EU,2026-03-25 13:57:34 CET
NL,DELETE,not in master list,IN_20_30,B0FR9DYMHX,,40.69,0,Active,AMAZON_EU,2026-03-25 06:13:58 CET
NL,DELETE,not in master list,IN_3_15,B0FR9ZM116,,11.8,0,Active,AMAZON_EU,2026-03-27 13:18:43 CET
NL,DELETE,not in master list,IN_5_30,B0FR9GXWN9,,16.46,0,Active,AMAZON_EU,2026-03-25 09:48:27 CET
NL,DELETE,not in master list,IT_20_30,B0FR9RNZV2,,16.46,0,Active,AMAZON_EU,2026-03-25 11:01:14 CET
NL,DELETE,not in master list,IT_3_15,B0FR9GXZ18,,6.05,0,Active,AMAZON_EU,2026-03-25 10:04:58 CET
NL,DELETE,not in master list,IT_5_30,B0FR9ZR2TH,,4.31,0,Active,AMAZON_EU,2026-03-25 10:40:39 CET
NL,DELETE,not in master list,JP_20_30,B0FR9RZKRB,,16.48,0,Active,AMAZON_EU,2026-03-27 14:57:51 CET
NL,DELETE,not in master list,JP_3_15,B0FR9LVZVQ,,6.05,0,Active,AMAZON_EU,2026-03-25 11:04:34 CET
NL,DELETE,not in master list,JP_5_30,B0FR9TLXXH,,4.31,0,Active,AMAZON_EU,2026-03-25 09:45:22 CET
NL,DELETE,not in master list,KE_3_15,B0FR9GZ14G,,25.64,0,Active,AMAZON_EU,2026-03-25 11:05:47 CET
NL,DELETE,not in master list,KE_5_30,B0FR9T4DG6,,34.91,0,Active,AMAZON_EU,2026-03-25 09:56:07 CET
NL,DELETE,not in master list,MA_20_30,B0FR9M57DY,,29.11,0,Active,AMAZON_EU,2026-03-27 14:27:36 CET
NL,DELETE,not in master list,MA_3_15,B0FR9CFZQR,,8.35,0,Active,AMAZON_EU,2026-03-25 10:02:29 CET
NL,DELETE,not in master list,MA_5_30,B0FR9CDDQ8,,8.94,0,Active,AMAZON_EU,2026-03-27 09:38:13 CET
NL,DELETE,not in master list,MY_20_30,B0FR9VMWYD,,16.46,0,Active,AMAZON_EU,2026-03-27 12:48:08 CET
NL,DELETE,not in master list,MY_3_15,B0FR9H1Q65,,6.04,0,Active,AMAZON_EU,2026-03-27 15:36:11 CET
NL,DELETE,not in master list,MY_5_30,B0FR9LDGX8,,8.35,0,Active,AMAZON_EU,2026-03-27 11:58:56 CET
NL,DELETE,not in master list,NL_20_30,B0FR9NG7LB,,20.41,0,Active,AMAZON_EU,2026-03-25 15:15:38 CET
NL,DELETE,not in master list,NL_3_15,B0FRB5GNM2,,6.04,0,Active,AMAZON_EU,2026-03-25 09:24:31 CET
NL,DELETE,not in master list,NL_5_30,B0FR9NHP7Q,,5.46,0,Active,AMAZON_EU,2026-03-27 10:57:16 CET
NL,DELETE,not in master list,PH_20_30,B0FRB4K2D4,,33.76,0,Active,AMAZON_EU,2026-03-27 11:14:46 CET
NL,DELETE,not in master list,PH_3_15,B0FRB1GVXK,,9.51,0,Active,AMAZON_EU,2026-03-27 10:48:18 CET
NL,DELETE,not in master list,PH_5_30,B0FRB4VCKG,,13,0,Active,AMAZON_EU,2026-03-27 10:56:44 CET
NL,DELETE,not in master list,PL_20_30,B0FRB5HSK7,,16.46,0,Active,AMAZON_EU,2026-03-25 11:09:21 CET
NL,DELETE,not in master list,PL_3_15,B0FRB4JVKR,,6.04,0,Active,AMAZON_EU,2026-03-27 09:39:03 CET
NL,DELETE,not in master list,PL_5_30,B0FRBDPQ9J,,4.31,0,Active,AMAZON_EU,2026-03-27 10:31:37 CET
NL,DELETE,not in master list,PT_20_30,B0FRB354KV,,20.41,0,Active,AMAZON_EU,2026-03-27 09:22:50 CET
NL,DELETE,not in master list,PT_3_15,B0FRB4314T,,6.04,0,Active,AMAZON_EU,2026-03-27 12:58:45 CET
NL,DELETE,not in master list,PT_5_30,B0FRB4X799,,5.46,0,Active,AMAZON_EU,2026-03-25 12:18:44 CET
NL,DELETE,not in master list,SG_20_30,B0FRB256K8,,17.62,0,Active,AMAZON_EU,2026-03-27 09:44:53 CET
NL,DELETE,not in master list,SG_3_30,B0FRB3KY59,,12.31,0,Inactive,AMAZON_EU,2026-03-27 10:07:21 CET
NL,DELETE,not in master list,SG_5_30,B0FR9X3Y3R,,9.5,0,Active,AMAZON_EU,2026-03-27 14:29:33 CET
NL,DELETE,not in master list,SN_3_15,B0FRB4HX92,,29.12,0,Active,AMAZON_EU,2026-03-25 10:18:18 CET
NL,DELETE,not in master list,SN_5_30,B0FRB68H77,,43.02,0,Active,AMAZON_EU,2026-03-25 09:52:01 CET
NL,DELETE,not in master list,TH_20_30,B0FRCHW3MW,,17.63,0,Inactive,AMAZON_EU,2026-03-25 10:22:24 CET
NL,DELETE,not in master list,TH_3_15,B0FRCDPJSH,,,0,Incomplete,AMAZON_EU,2026-03-25 06:27:27 CET
NL,DELETE,not in master list,TH_5_30,B0FR9Q5D1J,,4.31,0,Active,AMAZON_EU,2026-03-25 10:03:02 CET
NL,DELETE,not in master list,TN_10_30,B0FRB85GLD,,23.37,0,Inactive,AMAZON_EU,2026-03-25 10:41:48 CET
NL,DELETE,not in master list,TN_3_30,B0FRCKZKVY,,11.71,0,Inactive,AMAZON_EU,2026-03-25 12:01:59 CET
NL,DELETE,not in master list,TN_5_30,B0FRB7Q96Z,,14.16,0,Inactive,AMAZON_EU,2026-03-25 09:39:22 CET
NL,DELETE,not in master list,TR_20_30,B0FRCYMWCX,,,0,Incomplete,AMAZON_EU,2026-03-25 06:24:44 CET
NL,DELETE,not in master list,TR_3_15,B0FRC2PSHM,,,0,Incomplete,AMAZON_EU,2026-03-25 06:22:08 CET
NL,DELETE,not in master list,TR_5_30,B0FRCBZ1BB,,,0,Incomplete,AMAZON_EU,2026-03-25 06:19:49 CET
NL,DELETE,not in master list,TZ_3_15,B0FRC81NPJ,,,0,Incomplete,AMAZON_EU,2026-03-25 06:27:45 CET
NL,DELETE,not in master list,US_20_90,B0FRB9JP2K,,26.26,0,Inactive,AMAZON_EU,2026-03-25 10:32:21 CET
NL,DELETE,not in master list,US_3_15,B0FRCFXK3V,,7.2,0,Active,AMAZON_EU,2026-03-25 09:58:57 CET
NL,DELETE,not in master list,US_5_30,B0FRC2PQ8H,,6.04,0,Active,AMAZON_EU,2026-03-25 10:54:26 CET
NL,DELETE,not in master list,VN_20_30,B0FRC2NKC4,,,0,Incomplete,AMAZON_EU,2026-03-25 06:26:10 CET
NL,DELETE,not in master list,VN_3_15,B0FRBR2DHW,,,0,Incomplete,AMAZON_EU,2026-03-28 20:16:23 CET
NL,DELETE,not in master list,VN_5_30,B0FRCBXRGV,,,0,Incomplete,AMAZON_EU,2026-03-28 20:13:02 CET
NL,DELETE,not in master list,ZA_10_30,B0FRB4RSW2,,31.47,0,Inactive,AMAZON_EU,2026-03-25 10:00:20 CET
NL,DELETE,not in master list,ZA_5_30,B0FRB3R6F3,,17.62,0,Active,AMAZON_EU,2026-03-25 10:29:10 CET
NL,DELETE,not in master list,ZM_3_15,B0FRC2NSM2,,,0,Incomplete,AMAZON_EU,2026-03-28 20:02:45 CET
NL,DELETE,not in master list,ZM_5_30,B0FRCL97L4,,,0,Incomplete,AMAZON_EU,2026-03-28 20:57:26 CET
NL,KEEP,in master list,AALAND-ISLANDS-20GB-30D,B0FR39Q1KJ,,33.99,0,Active,AMAZON_EU,2026-06-30 22:43:48 CEST
NL,KEEP,in master list,AALAND-ISLANDS-3GB-15D,B0FR3CCSMB,,9.99,0,Active,AMAZON_EU,2026-06-30 22:37:15 CEST
NL,KEEP,in master list,AALAND-ISLANDS-5GB-30D,B0FR3G6JWB,,13.99,0,Active,AMAZON_EU,2026-06-30 22:40:52 CEST
NL,KEEP-PARENT,variation parent in Google Sheet,AALAND-ISLANDS-ESIM,B0H73GNNYD,,,0,Incomplete,DEFAULT,2026-06-30 22:37:12 CEST
NL,KEEP,in master list,AFRICA-5GB-30D,B0FR3GK9Z7,,29.99,0,Active,AMAZON_EU,2026-06-30 22:47:19 CEST
NL,KEEP-PARENT,variation parent in Google Sheet,AFRICA-ESIM,B0H73H3NLF,,,0,Incomplete,DEFAULT,2026-06-30 22:47:16 CEST
NL,KEEP,in master list,ALBANIA-5GB-30D,B0FR4ZG3Z6,,10.99,0,Inactive,AMAZON_EU,2026-06-30 22:51:00 CEST
NL,KEEP-PARENT,variation parent in Google Sheet,ALBANIA-ESIM,B0H73CTWPL,,,0,Incomplete,DEFAULT,2026-06-30 22:50:57 CEST
NL,KEEP,in master list,ALGERIA-20GB-30D,B0H6M5TDMD,,26.99,0,Active,AMAZON_EU,2026-06-30 13:31:54 CEST
NL,KEEP,in master list,ALGERIA-3GB-15D,B0H6M9R3WH,,9.99,0,Active,AMAZON_EU,2026-06-30 13:23:57 CEST
NL,KEEP,in master list,ALGERIA-5GB-30D,B0H6MDYKG8,,11.99,0,Active,AMAZON_EU,2026-06-30 13:28:04 CEST
NL,KEEP-PARENT,variation parent in Google Sheet,ALGERIA-ESIM,B0H71RQJCW,,,0,Incomplete,DEFAULT,2026-06-30 13:23:53 CEST
NL,KEEP,in master list,ANDORRA-20GB-30D,B0H6MJ97WC,,44.99,0,Active,AMAZON_EU,2026-06-30 13:43:16 CEST
NL,KEEP,in master list,ANDORRA-3GB-15D,B0H6MBPRYN,,15.99,0,Active,AMAZON_EU,2026-06-30 13:36:00 CEST
NL,KEEP,in master list,ANDORRA-5GB-30D,B0H6M5P65S,,16.99,0,Active,AMAZON_EU,2026-06-30 13:39:46 CEST
NL,KEEP-PARENT,variation parent in Google Sheet,ANDORRA-ESIM,B0H71YY3G7,,,0,Incomplete,DEFAULT,2026-06-30 13:35:57 CEST
NL,KEEP,in master list,ANGOLA-3GB-15D,B0H6M5RWZH,,35.99,0,Active,AMAZON_EU,2026-06-30 13:46:40 CEST
NL,KEEP,in master list,ANGOLA-5GB-30D,B0H6MKZSB4,,58.99,0,Active,AMAZON_EU,2026-06-30 14:29:37 CEST
NL,KEEP-PARENT,variation parent in Google Sheet,ANGOLA-ESIM,B0H71ZT5KH,,,0,Incomplete,DEFAULT,2026-06-30 13:46:36 CEST
NL,KEEP,in master list,ANGUILLA-20GB-30D,B0H6MHMZY8,,87.99,0,Active,AMAZON_EU,2026-06-30 14:31:44 CEST
NL,KEEP,in master list,ANGUILLA-3GB-15D,B0H6M7X7QY,,24.99,0,Active,AMAZON_EU,2026-06-30 14:30:32 CEST
NL,KEEP,in master list,ANGUILLA-5GB-30D,B0H6MFJ63H,,32.99,0,Active,AMAZON_EU,2026-06-30 14:31:14 CEST
NL,KEEP-PARENT,variation parent in Google Sheet,ANGUILLA-ESIM,B0H725KNG7,,,0,Incomplete,DEFAULT,2026-06-30 14:30:28 CEST
NL,KEEP,in master list,ANTIGUA-AND-BARBUDA-20GB-30D,B0H6M2MQJB,,99.99,0,Active,AMAZON_EU,2026-06-30 14:39:05 CEST
NL,KEEP,in master list,ANTIGUA-AND-BARBUDA-3GB-15D,B0H6MBBFLQ,,26.99,0,Active,AMAZON_EU,2026-06-30 14:32:41 CEST
NL,KEEP,in master list,ANTIGUA-AND-BARBUDA-5GB-30D,B0H6MCR5F9,,35.99,0,Active,AMAZON_EU,2026-06-30 14:35:58 CEST
NL,KEEP-PARENT,variation parent in Google Sheet,ANTIGUA-AND-BARBUDA-ESIM,B0H723ZJ1S,,,0,Incomplete,DEFAULT,2026-06-30 14:32:37 CEST
NL,KEEP,in master list,ARGENTINA-20GB-30D,B0FR5DCH33,,37.99,0,Active,AMAZON_EU,2026-06-30 22:58:20 CEST
NL,KEEP,in master list,ARGENTINA-3GB-15D,B0FR554SXN,,12.99,0,Active,AMAZON_EU,2026-06-30 22:54:52 CEST
NL,KEEP-PARENT,variation parent in Google Sheet,ARGENTINA-ESIM,B0H73GFSRD,,,0,Incomplete,DEFAULT,2026-06-30 22:54:49 CEST
NL,KEEP,in master list,ARMENIA-20GB-30D,B0FR4ZT5XT,,31.99,0,Active,AMAZON_EU,2026-06-30 23:04:57 CEST
NL,KEEP,in master list,ARMENIA-3GB-15D,B0FR5BK9R4,,9.99,0,Active,AMAZON_EU,2026-06-30 23:01:40 CEST
NL,KEEP-PARENT,variation parent in Google Sheet,ARMENIA-ESIM,B0H73BZMZD,,,0,Incomplete,DEFAULT,2026-06-30 23:01:36 CEST
NL,KEEP,in master list,ASIA-20-3GB-15D,B0FR9FZ4RF,,12.99,0,Inactive,AMAZON_EU,2026-06-30 23:08:38 CEST
NL,KEEP,in master list,ASIA-20-5GB-30D,B0FR9BQNSV,,13.99,0,Inactive,AMAZON_EU,2026-06-30 23:13:41 CEST
NL,KEEP-PARENT,variation parent in Google Sheet,ASIA-20-ESIM,B0H738N7P8,,,0,Incomplete,DEFAULT,2026-06-30 23:08:35 CEST
NL,KEEP,in master list,AUSTRALIA-20GB-30D,B0FR9G1ZQJ,,15.99,0,Active,AMAZON_EU,2026-06-30 23:24:05 CEST
NL,KEEP,in master list,AUSTRALIA-3GB-15D,B0FR9SKY4D,,8.99,0,Active,AMAZON_EU,2026-06-30 23:16:34 CEST
NL,KEEP,in master list,AUSTRALIA-5GB-30D,B0FR9JRB62,,9.99,0,Active,AMAZON_EU,2026-06-30 23:20:25 CEST
NL,KEEP-PARENT,variation parent in Google Sheet,AUSTRALIA-ESIM,B0H73Q9WGZ,,,0,Incomplete,DEFAULT,2026-06-30 23:16:30 CEST
NL,KEEP,in master list,AUSTRIA-20GB-30D,B0FR8XBSBP,,15.99,0,Active,AMAZON_EU,2026-06-30 23:33:52 CEST
NL,KEEP,in master list,AUSTRIA-3GB-15D,B0FR9QSMSP,,8.99,0,Active,AMAZON_EU,2026-06-30 23:27:37 CEST
NL,KEEP,in master list,AUSTRIA-5GB-30D,B0FR8XCH78,,9.99,0,Active,AMAZON_EU,2026-06-30 23:30:45 CEST
NL,KEEP-PARENT,variation parent in Google Sheet,AUSTRIA-ESIM,B0H73KDFTM,,,0,Incomplete,DEFAULT,2026-06-30 23:27:34 CEST
NL,KEEP,in master list,AZERBAIJAN-3GB-15D,B0FR9BTC98,,12.99,0,Active,AMAZON_EU,2026-06-30 23:37:34 CEST
NL,KEEP-PARENT,variation parent in Google Sheet,AZERBAIJAN-ESIM,B0H7371553,,,0,Incomplete,DEFAULT,2026-06-30 23:37:31 CEST
NL,KEEP,in master list,BAHAMAS-20GB-30D,B0H6MCPR9P,,121.99,0,Active,AMAZON_EU,2026-06-30 14:49:12 CEST
NL,KEEP,in master list,BAHAMAS-3GB-15D,B0H6MB828R,,32.99,0,Active,AMAZON_EU,2026-06-30 14:42:37 CEST
NL,KEEP,in master list,BAHAMAS-5GB-30D,B0H6MFGH8P,,43.99,0,Active,AMAZON_EU,2026-06-30 14:45:54 CEST
NL,KEEP-PARENT,variation parent in Google Sheet,BAHAMAS-ESIM,B0H724C284,,,0,Incomplete,DEFAULT,2026-06-30 14:42:34 CEST
NL,KEEP,in master list,BAHRAIN-3GB-15D,B0FR9K64KF,,10.99,0,Active,AMAZON_EU,2026-06-30 23:41:26 CEST
NL,KEEP-PARENT,variation parent in Google Sheet,BAHRAIN-ESIM,B0H737RD6G,,,0,Incomplete,DEFAULT,2026-06-30 23:41:23 CEST
NL,KEEP,in master list,BANGLADESH-20GB-30D,B0FR8FJ3HJ,,23.99,0,Active,AMAZON_EU,2026-06-30 23:51:43 CEST
NL,KEEP,in master list,BANGLADESH-3GB-15D,B0FR9L7SG3,,9.99,0,Active,AMAZON_EU,2026-06-30 23:45:19 CEST
NL,KEEP,in master list,BANGLADESH-5GB-30D,B0FR9BQFCM,,10.99,0,Active,AMAZON_EU,2026-06-30 23:48:57 CEST
NL,KEEP-PARENT,variation parent in Google Sheet,BANGLADESH-ESIM,B0H7345ZBF,,,0,Incomplete,DEFAULT,2026-06-30 23:45:16 CEST
NL,KEEP,in master list,BARBADOS-20GB-30D,B0H6MJ921X,,85.99,0,Active,AMAZON_EU,2026-06-30 14:59:38 CEST
NL,KEEP,in master list,BARBADOS-3GB-15D,B0H6MCD72X,,23.99,0,Active,AMAZON_EU,2026-06-30 14:53:04 CEST
NL,KEEP,in master list,BARBADOS-5GB-30D,B0H6MG6VYJ,,31.99,0,Inactive,AMAZON_EU,2026-06-30 14:56:42 CEST
NL,KEEP-PARENT,variation parent in Google Sheet,BARBADOS-ESIM,B0H7231RVZ,,,0,Incomplete,DEFAULT,2026-06-30 14:53:00 CEST
NL,KEEP,in master list,BELARUS-3GB-15D,B0FR9G3Z82,,9.99,0,Active,AMAZON_EU,2026-06-30 23:54:33 CEST
NL,KEEP,in master list,BELARUS-5GB-30D,B0FR8FFT4D,,11.99,0,Active,AMAZON_EU,2026-06-30 23:57:40 CEST
NL,KEEP-PARENT,variation parent in Google Sheet,BELARUS-ESIM,B0H73J2RRV,,,0,Incomplete,DEFAULT,2026-06-30 23:54:30 CEST
NL,KEEP,in master list,BELGIUM-20GB-30D,B0FR9BVRCH,,15.99,0,Active,AMAZON_EU,2026-07-01 00:09:05 CEST
NL,KEEP,in master list,BELGIUM-3GB-15D,B0FR9G432K,,8.99,0,Active,AMAZON_EU,2026-07-01 00:01:33 CEST
NL,KEEP,in master list,BELGIUM-5GB-30D,B0FR9SXCW6,,9.99,0,Active,AMAZON_EU,2026-07-01 00:05:24 CEST
NL,KEEP-PARENT,variation parent in Google Sheet,BELGIUM-ESIM,B0H737JHPL,,,0,Incomplete,DEFAULT,2026-07-01 00:01:29 CEST
NL,KEEP,in master list,BELIZE-20GB-30D,B0H6MBSQM8,,145.99,0,Active,AMAZON_EU,2026-06-30 15:09:56 CEST
NL,KEEP,in master list,BELIZE-3GB-15D,B0H6MFPNTX,,32.99,0,Active,AMAZON_EU,2026-06-30 15:03:21 CEST
NL,KEEP,in master list,BELIZE-5GB-30D,B0H6MF1H4V,,53.99,0,Active,AMAZON_EU,2026-06-30 15:06:39 CEST
NL,KEEP-PARENT,variation parent in Google Sheet,BELIZE-ESIM,B0H7245KMX,,,0,Incomplete,DEFAULT,2026-06-30 15:03:18 CEST
NL,KEEP,in master list,BENIN-20GB-30D,B0H6M7VGSZ,,77.99,0,Active,AMAZON_EU,2026-06-30 15:19:32 CEST
NL,KEEP,in master list,BENIN-3GB-15D,B0H6M9YHDR,,18.99,0,Active,AMAZON_EU,2026-06-30 15:13:28 CEST
NL,KEEP,in master list,BENIN-5GB-30D,B0H6MHRNBH,,31.99,0,Active,AMAZON_EU,2026-06-30 15:16:56 CEST
NL,KEEP-PARENT,variation parent in Google Sheet,BENIN-ESIM,B0H7261Y49,,,0,Incomplete,DEFAULT,2026-06-30 15:13:24 CEST
NL,KEEP,in master list,BERMUDA-20GB-30D,B0H6MCGQ77,,101.99,0,Active,AMAZON_EU,2026-06-30 15:30:23 CEST
NL,KEEP,in master list,BERMUDA-3GB-15D,B0H6MDMTGH,,25.99,0,Active,AMAZON_EU,2026-06-30 15:23:28 CEST
NL,KEEP,in master list,BERMUDA-5GB-30D,B0H6MFM5X4,,33.99,0,Active,AMAZON_EU,2026-06-30 15:26:56 CEST
NL,KEEP-PARENT,variation parent in Google Sheet,BERMUDA-ESIM,B0H72CR5HK,,,0,Incomplete,DEFAULT,2026-06-30 15:23:25 CEST
NL,KEEP,in master list,BHUTAN-20GB-30D,B0H6M5WDSH,,58.99,0,Active,AMAZON_EU,2026-06-30 15:41:22 CEST
NL,KEEP,in master list,BHUTAN-3GB-15D,B0H6MJB588,,17.99,0,Active,AMAZON_EU,2026-06-30 15:34:26 CEST
NL,KEEP,in master list,BHUTAN-5GB-30D,B0H6M9C23Q,,19.99,0,Active,AMAZON_EU,2026-06-30 15:38:15 CEST
NL,KEEP-PARENT,variation parent in Google Sheet,BHUTAN-ESIM,B0H725XGS2,,,0,Incomplete,DEFAULT,2026-06-30 15:34:22 CEST
NL,KEEP,in master list,BOLIVIA-20GB-30D,B0FR9RH588,,89.99,0,Active,AMAZON_EU,2026-07-01 00:15:43 CEST
NL,KEEP,in master list,BOLIVIA-3GB-15D,B0FR8FKPKH,,24.99,0,Active,AMAZON_EU,2026-07-01 00:12:47 CEST
NL,KEEP-PARENT,variation parent in Google Sheet,BOLIVIA-ESIM,B0H73BBZD2,,,0,Incomplete,DEFAULT,2026-07-01 00:12:43 CEST
NL,KEEP,in master list,BOSNIA-AND-HERZEGOVINA-3GB-15D,B0FR9G8ZVK,,11.99,0,Active,AMAZON_EU,2026-07-01 00:18:54 CEST
NL,KEEP-PARENT,variation parent in Google Sheet,BOSNIA-AND-HERZEGOVINA-ESIM,B0H73J6TYT,,,0,Incomplete,DEFAULT,2026-07-01 00:18:50 CEST
NL,KEEP,in master list,BOTSWANA-3GB-15D,B0FR9G7N2Q,,23.99,0,Active,AMAZON_EU,2026-07-01 00:22:35 CEST
NL,KEEP-PARENT,variation parent in Google Sheet,BOTSWANA-ESIM,B0H73CKD32,,,0,Incomplete,DEFAULT,2026-07-01 00:22:31 CEST
NL,KEEP,in master list,BRAZIL-20GB-30D,B0FR9KLZCR,,33.99,0,Active,AMAZON_EU,2026-07-01 00:29:02 CEST
NL,KEEP,in master list,BRAZIL-3GB-15D,B0FR9G5LKV,,10.99,0,Active,AMAZON_EU,2026-07-01 00:25:55 CEST
NL,KEEP-PARENT,variation parent in Google Sheet,BRAZIL-ESIM,B0H7345C4W,,,0,Incomplete,DEFAULT,2026-07-01 00:25:51 CEST
NL,KEEP,in master list,BRUNEI-DARUSSALAM-20GB-30D,B0FR9F971C,,66.99,0,Active,AMAZON_EU,2026-07-01 00:34:48 CEST
NL,KEEP,in master list,BRUNEI-DARUSSALAM-3GB-15D,B0FR9KTJND,,13.99,0,Active,AMAZON_EU,2026-07-01 00:32:13 CEST
NL,KEEP-PARENT,variation parent in Google Sheet,BRUNEI-DARUSSALAM-ESIM,B0H73DBP6B,,,0,Incomplete,DEFAULT,2026-07-01 00:32:09 CEST
NL,KEEP,in master list,BULGARIA-3GB-15D,B0H6MCT4Y5,,8.99,0,Active,AMAZON_EU,2026-06-30 13:12:04 CEST
NL,KEEP-PARENT,variation parent in Google Sheet,BULGARIA-ESIM,B0H71X8HYS,,,0,Incomplete,DEFAULT,2026-06-30 13:12:00 CEST
NL,KEEP,in master list,BURKINA-FASO-3GB-15D,B0FR9HWFSK,,12.99,0,Active,AMAZON_EU,2026-07-01 00:38:09 CEST
NL,KEEP,in master list,BURKINA-FASO-5GB-30D,B0FR9BWKSY,,29.99,0,Active,AMAZON_EU,2026-07-01 00:41:15 CEST
NL,KEEP-PARENT,variation parent in Google Sheet,BURKINA-FASO-ESIM,B0H73QD4RX,,,0,Incomplete,DEFAULT,2026-07-01 00:38:05 CEST
NL,KEEP,in master list,CAMBODIA-20GB-30D,B0FR9GFJPL,,26.99,0,Active,AMAZON_EU,2026-07-01 01:24:45 CEST
NL,KEEP,in master list,CAMBODIA-3GB-15D,B0FR8XKMJ4,,9.99,0,Active,AMAZON_EU,2026-07-01 01:21:18 CEST
NL,KEEP-PARENT,variation parent in Google Sheet,CAMBODIA-ESIM,B0H738NMG2,,,0,Incomplete,DEFAULT,2026-07-01 01:21:14 CEST
NL,KEEP,in master list,CAMEROON-3GB-15D,B0FR9VJ1ZB,,21.99,0,Active,AMAZON_EU,2026-07-01 00:44:45 CEST
NL,KEEP-PARENT,variation parent in Google Sheet,CAMEROON-ESIM,B0H73PYMDH,,,0,Incomplete,DEFAULT,2026-07-01 00:44:42 CEST
NL,KEEP,in master list,CANADA-PREMIUM-20GB-30D,B0H6MJ9N4Y,,29.99,0,Active,AMAZON_EU,2026-06-30 22:33:55 CEST
NL,KEEP,in master list,CANADA-PREMIUM-3GB-15D,B0H6MJ1HMJ,,10.99,0,Active,AMAZON_EU,2026-06-30 22:27:41 CEST
NL,KEEP,in master list,CANADA-PREMIUM-5GB-30D,B0H6MPXGBN,,15.99,0,Active,AMAZON_EU,2026-06-30 22:30:58 CEST
NL,KEEP-PARENT,variation parent in Google Sheet,CANADA-PREMIUM-ESIM,B0H737KPN6,,,0,Incomplete,DEFAULT,2026-06-30 22:27:37 CEST
NL,KEEP,in master list,CAPE-VERDE-20GB-30D,B0H6M9VSPG,,163.99,0,Active,AMAZON_EU,2026-06-30 15:52:20 CEST
NL,KEEP,in master list,CAPE-VERDE-3GB-15D,B0H6M9R16H,,32.99,0,Active,AMAZON_EU,2026-06-30 15:45:14 CEST
NL,KEEP,in master list,CAPE-VERDE-5GB-30D,B0H6MFG453,,54.99,0,Active,AMAZON_EU,2026-06-30 15:48:42 CEST
NL,KEEP-PARENT,variation parent in Google Sheet,CAPE-VERDE-ESIM,B0H7283LF4,,,0,Incomplete,DEFAULT,2026-06-30 15:45:11 CEST
NL,KEEP,in master list,CAYMAN-ISLANDS-20GB-30D,B0H6MGXYNS,,95.99,0,Active,AMAZON_EU,2026-06-30 16:02:06 CEST
NL,KEEP,in master list,CAYMAN-ISLANDS-3GB-15D,B0H6MLHBD7,,26.99,0,Active,AMAZON_EU,2026-06-30 15:55:41 CEST
NL,KEEP,in master list,CAYMAN-ISLANDS-5GB-30D,B0H6M55MKK,,35.99,0,Active,AMAZON_EU,2026-06-30 15:59:10 CEST
NL,KEEP-PARENT,variation parent in Google Sheet,CAYMAN-ISLANDS-ESIM,B0H72KGCCX,,,0,Incomplete,DEFAULT,2026-06-30 15:55:38 CEST
NL,KEEP,in master list,CENTRAL-AFRICAN-REPUBLIC-3GB-15D,B0FR9RK8FP,,21.99,0,Active,AMAZON_EU,2026-07-01 00:48:46 CEST
NL,KEEP,in master list,CENTRAL-AFRICAN-REPUBLIC-5GB-30D,B0FR9R3NMC,,33.99,0,Active,AMAZON_EU,2026-07-01 00:51:53 CEST
NL,KEEP-PARENT,variation parent in Google Sheet,CENTRAL-AFRICAN-REPUBLIC-ESIM,B0H73W2JC5,,,0,Incomplete,DEFAULT,2026-07-01 00:48:43 CEST
NL,KEEP,in master list,CHAD-3GB-15D,B0FR9SG4MK,,17.99,0,Active,AMAZON_EU,2026-07-01 00:55:02 CEST
NL,KEEP,in master list,CHAD-5GB-30D,B0FR9L414C,,28.99,0,Active,AMAZON_EU,2026-07-01 00:58:08 CEST
NL,KEEP-PARENT,variation parent in Google Sheet,CHAD-ESIM,B0H73HG37M,,,0,Incomplete,DEFAULT,2026-07-01 00:54:59 CEST
NL,KEEP,in master list,CHILE-3GB-15D,B0FR9RY1RT,,14.99,0,Inactive,AMAZON_EU,2026-07-01 01:01:50 CEST
NL,KEEP-PARENT,variation parent in Google Sheet,CHILE-ESIM,B0H7374BP6,,,0,Incomplete,DEFAULT,2026-07-01 01:01:47 CEST
NL,KEEP,in master list,CHINA-20GB-30D,B0FR9GD6X9,,18.99,0,Inactive,AMAZON_EU,2026-07-01 01:13:34 CEST
NL,KEEP,in master list,CHINA-3GB-15D,B0FR9QZ578,,8.99,0,Active,AMAZON_EU,2026-07-01 01:06:05 CEST
NL,KEEP,in master list,CHINA-5GB-30D,B0FR9HX7XH,,9.99,0,Active,AMAZON_EU,2026-07-01 01:09:55 CEST
NL,KEEP-PARENT,variation parent in Google Sheet,CHINA-ESIM,B0H73LV5TJ,,,0,Incomplete,DEFAULT,2026-07-01 01:06:01 CEST
NL,KEEP,in master list,COLOMBIA-3GB-15D,B0FR9RL8W5,,14.99,0,Active,AMAZON_EU,2026-07-01 01:17:26 CEST
NL,KEEP-PARENT,variation parent in Google Sheet,COLOMBIA-ESIM,B0H73DM5BH,,,0,Incomplete,DEFAULT,2026-07-01 01:17:23 CEST
NL,KEEP,in master list,COSTA-RICA-3GB-15D,B0FR9LNRMN,,15.99,0,Active,AMAZON_EU,2026-07-01 01:28:05 CEST
NL,KEEP-PARENT,variation parent in Google Sheet,COSTA-RICA-ESIM,B0H72X1227,,,0,Incomplete,DEFAULT,2026-07-01 01:28:02 CEST
NL,KEEP,in master list,COTE-D-IVOIRE-3GB-15D,B0FR9HW9DJ,,24.99,0,Active,AMAZON_EU,2026-07-01 01:31:36 CEST
NL,KEEP,in master list,COTE-D-IVOIRE-5GB-30D,B0FR9V5LYJ,,31.99,0,Active,AMAZON_EU,2026-07-01 01:35:24 CEST
NL,KEEP-PARENT,variation parent in Google Sheet,COTE-D-IVOIRE-ESIM,B0H73CQKXP,,,0,Incomplete,DEFAULT,2026-07-01 01:31:32 CEST
NL,KEEP,in master list,CROATIA-20GB-30D,B0FR9TYCSL,,17.99,0,Active,AMAZON_EU,2026-07-01 01:45:08 CEST
NL,KEEP,in master list,CROATIA-3GB-15D,B0FR9GDKT1,,8.99,0,Active,AMAZON_EU,2026-07-01 01:39:16 CEST
NL,KEEP,in master list,CROATIA-5GB-30D,B0FR9BVV58,,9.99,0,Active,AMAZON_EU,2026-07-01 01:42:13 CEST
NL,KEEP-PARENT,variation parent in Google Sheet,CROATIA-ESIM,B0H73JLV2T,,,0,Incomplete,DEFAULT,2026-07-01 01:39:13 CEST
NL,KEEP,in master list,CURACAO-20GB-30D,B0H6MF51WH,,79.99,0,Active,AMAZON_EU,2026-06-30 16:12:44 CEST
NL,KEEP,in master list,CURACAO-3GB-15D,B0H6M81JPM,,22.99,0,Active,AMAZON_EU,2026-06-30 16:06:09 CEST
NL,KEEP,in master list,CURACAO-5GB-30D,B0H6MGZLBC,,29.99,0,Active,AMAZON_EU,2026-06-30 16:09:27 CEST
NL,KEEP-PARENT,variation parent in Google Sheet,CURACAO-ESIM,B0H72FKKL5,,,0,Incomplete,DEFAULT,2026-06-30 16:06:05 CEST
NL,KEEP,in master list,CYPRUS-3GB-15D,B0FR8XJWWG,,8.99,0,Active,AMAZON_EU,2026-07-01 01:48:08 CEST
NL,KEEP,in master list,CYPRUS-5GB-30D,B0FR8XHWZV,,9.99,0,Active,AMAZON_EU,2026-07-01 01:51:35 CEST
NL,KEEP-PARENT,variation parent in Google Sheet,CYPRUS-ESIM,B0H73BTQRC,,,0,Incomplete,DEFAULT,2026-07-01 01:48:05 CEST
NL,KEEP,in master list,CZECH-REPUBLIC-20GB-30D,B0FR9SVN9H,,17.99,0,Active,AMAZON_EU,2026-07-01 02:01:19 CEST
NL,KEEP,in master list,CZECH-REPUBLIC-3GB-15D,B0FR9SB2Q3,,8.99,0,Active,AMAZON_EU,2026-07-01 01:55:06 CEST
NL,KEEP,in master list,CZECH-REPUBLIC-5GB-30D,B0FR9BY2LF,,9.99,0,Active,AMAZON_EU,2026-07-01 01:58:23 CEST
NL,KEEP-PARENT,variation parent in Google Sheet,CZECH-REPUBLIC-ESIM,B0H73D8KBD,,,0,Incomplete,DEFAULT,2026-07-01 01:55:03 CEST
NL,KEEP,in master list,DEMOCRATIC-REPUBLIC-OF-THE-CONGO-3GB-15D,B0H6LZL22Y,,14.99,0,Active,AMAZON_EU,2026-06-30 16:16:16 CEST
NL,KEEP,in master list,DEMOCRATIC-REPUBLIC-OF-THE-CONGO-5GB-30D,B0H6M6L8Z8,,22.99,0,Active,AMAZON_EU,2026-06-30 16:19:44 CEST
NL,KEEP-PARENT,variation parent in Google Sheet,DEMOCRATIC-REPUBLIC-OF-THE-CONGO-ESIM,B0H72CNW7P,,,0,Incomplete,DEFAULT,2026-06-30 16:16:12 CEST
NL,KEEP,in master list,DENMARK-20GB-30D,B0FR9QPF45,,15.99,0,Active,AMAZON_EU,2026-07-01 02:11:04 CEST
NL,KEEP,in master list,DENMARK-3GB-15D,B0FR9GSNP4,,8.99,0,Active,AMAZON_EU,2026-07-01 02:04:51 CEST
NL,KEEP,in master list,DENMARK-5GB-30D,B0FR8XQYR4,,9.99,0,Active,AMAZON_EU,2026-07-01 02:08:08 CEST
NL,KEEP-PARENT,variation parent in Google Sheet,DENMARK-ESIM,B0H73W23WG,,,0,Incomplete,DEFAULT,2026-07-01 02:04:47 CEST
NL,KEEP,in master list,DOMINICA-20GB-30D,B0H6MK8XTJ,,87.99,0,Active,AMAZON_EU,2026-06-30 16:33:22 CEST
NL,KEEP,in master list,DOMINICA-3GB-15D,B0H6M9H54M,,24.99,0,Active,AMAZON_EU,2026-06-30 16:26:58 CEST
NL,KEEP,in master list,DOMINICA-5GB-30D,B0H6M5HR32,,32.99,0,Active,AMAZON_EU,2026-06-30 16:30:16 CEST
NL,KEEP-PARENT,variation parent in Google Sheet,DOMINICA-ESIM,B0H72KCDJM,,,0,Incomplete,DEFAULT,2026-06-30 16:26:54 CEST
NL,KEEP,in master list,DOMINICAN-REPUBLIC-20GB-30D,B0FR9C6DJF,,39.99,0,Active,AMAZON_EU,2026-07-01 02:20:16 CEST
NL,KEEP,in master list,DOMINICAN-REPUBLIC-3GB-15D,B0FR9GSKZF,,12.99,0,Active,AMAZON_EU,2026-07-01 02:14:34 CEST
NL,KEEP,in master list,DOMINICAN-REPUBLIC-5GB-30D,B0FR9GQKCM,,15.99,0,Active,AMAZON_EU,2026-07-01 02:17:20 CEST
NL,KEEP-PARENT,variation parent in Google Sheet,DOMINICAN-REPUBLIC-ESIM,B0H732PZ4S,,,0,Incomplete,DEFAULT,2026-07-01 02:14:31 CEST
NL,KEEP-PARENT,variation parent in Google Sheet,DR-CONGO-ESIM,B0H725TCKX,,,0,Incomplete,DEFAULT,2026-06-30 16:23:22 CEST
NL,KEEP,in master list,DRC-20GB-30D,B0H6MZWFM7,,59.99,0,Active,AMAZON_EU,2026-06-30 16:23:26 CEST
NL,KEEP,in master list,ECUADOR-3GB-15D,B0FR9RM6MP,,14.99,0,Active,AMAZON_EU,2026-07-01 02:23:26 CEST
NL,KEEP-PARENT,variation parent in Google Sheet,ECUADOR-ESIM,B0H73F13Y3,,,0,Incomplete,DEFAULT,2026-07-01 02:23:22 CEST
NL,KEEP,in master list,EGYPT-20GB-30D,B0FR9GQBGL,,29.99,0,Active,AMAZON_EU,2026-07-01 02:33:45 CEST
NL,KEEP,in master list,EGYPT-3GB-15D,B0FR9C784N,,10.99,0,Active,AMAZON_EU,2026-07-01 02:27:40 CEST
NL,KEEP,in master list,EGYPT-5GB-30D,B0FR9LR5KJ,,15.99,0,Active,AMAZON_EU,2026-07-01 02:30:37 CEST
NL,KEEP-PARENT,variation parent in Google Sheet,EGYPT-ESIM,B0H73Q18MW,,,0,Incomplete,DEFAULT,2026-07-01 02:27:37 CEST
NL,KEEP,in master list,EL-SALVADOR-3GB-15D,B0FR9LJ7X4,,17.99,0,Active,AMAZON_EU,2026-07-01 02:37:06 CEST
NL,KEEP-PARENT,variation parent in Google Sheet,EL-SALVADOR-ESIM,B0H72VL45F,,,0,Incomplete,DEFAULT,2026-07-01 02:37:03 CEST
NL,KEEP,in master list,ESTONIA-20GB-30D,B0FR9L527N,,15.99,0,Active,AMAZON_EU,2026-07-01 02:46:40 CEST
NL,KEEP,in master list,ESTONIA-3GB-15D,B0FR9GST1S,,8.99,0,Active,AMAZON_EU,2026-07-01 02:40:58 CEST
NL,KEEP,in master list,ESTONIA-5GB-30D,B0FR9GQYKB,,9.99,0,Active,AMAZON_EU,2026-07-01 02:43:45 CEST
NL,KEEP-PARENT,variation parent in Google Sheet,ESTONIA-ESIM,B0H73K4414,,,0,Incomplete,DEFAULT,2026-07-01 02:40:55 CEST
NL,KEEP,in master list,EUROPE-40-AREAS-20GB-30D,B0FR9TNPV3,,19.99,0,Inactive,AMAZON_EU,2026-07-01 02:52:48 CEST
NL,KEEP,in master list,EUROPE-40-AREAS-5GB-30D,B0FR9RYSSS,,9.99,0,Active,AMAZON_EU,2026-07-01 02:49:31 CEST
NL,KEEP-PARENT,variation parent in Google Sheet,EUROPE-40-AREAS-ESIM,B0H73869YJ,,,0,Incomplete,DEFAULT,2026-07-01 02:49:27 CEST
NL,KEEP,in master list,FAROE-ISLANDS-20GB-30D,B0H6MB82ZV,,29.99,0,Active,AMAZON_EU,2026-06-30 16:42:59 CEST
NL,KEEP,in master list,FAROE-ISLANDS-3GB-15D,B0H6ML935Q,,9.99,0,Active,AMAZON_EU,2026-06-30 16:36:44 CEST
NL,KEEP,in master list,FAROE-ISLANDS-5GB-30D,B0H6MF2TVH,,11.99,0,Active,AMAZON_EU,2026-06-30 16:40:12 CEST
NL,KEEP-PARENT,variation parent in Google Sheet,FAROE-ISLANDS-ESIM,B0H72DS2KM,,,0,Incomplete,DEFAULT,2026-06-30 16:36:40 CEST
NL,KEEP,in master list,FIJI-20GB-30D,B0H6MGBL3N,,40.99,0,Active,AMAZON_EU,2026-06-30 16:52:14 CEST
NL,KEEP,in master list,FIJI-3GB-15D,B0H6MFLWYD,,12.99,0,Active,AMAZON_EU,2026-06-30 16:46:21 CEST
NL,KEEP,in master list,FIJI-5GB-30D,B0H6MJ7GS6,,14.99,0,Active,AMAZON_EU,2026-06-30 16:49:28 CEST
NL,KEEP-PARENT,variation parent in Google Sheet,FIJI-ESIM,B0H727MK49,,,0,Incomplete,DEFAULT,2026-06-30 16:46:17 CEST
NL,KEEP,in master list,FINLAND-3GB-15D,B0FR9GSND6,,8.99,0,Active,AMAZON_EU,2026-07-01 02:56:09 CEST
NL,KEEP,in master list,FINLAND-5GB-30D,B0FR9SB3BJ,,9.99,0,Active,AMAZON_EU,2026-07-01 02:59:36 CEST
NL,KEEP-PARENT,variation parent in Google Sheet,FINLAND-ESIM,B0H73DM7SQ,,,0,Incomplete,DEFAULT,2026-07-01 02:56:05 CEST
NL,KEEP,in master list,FRANCE-20GB-30D,B0FR9GPMC5,,15.99,0,Active,AMAZON_EU,2026-07-01 03:11:00 CEST
NL,KEEP,in master list,FRANCE-3GB-15D,B0FR9C5ZB6,,8.99,0,Active,AMAZON_EU,2026-07-01 03:03:30 CEST
NL,KEEP,in master list,FRANCE-5GB-30D,B0FR9LMDW5,,9.99,0,Active,AMAZON_EU,2026-07-01 03:07:20 CEST
NL,KEEP-PARENT,variation parent in Google Sheet,FRANCE-ESIM,B0H73J1NS6,,,0,Incomplete,DEFAULT,2026-07-01 03:03:26 CEST
NL,KEEP,in master list,FRENCH-GUIANA-20GB-30D,B0H6MDNXJJ,,17.99,0,Active,AMAZON_EU,2026-06-30 17:01:50 CEST
NL,KEEP,in master list,FRENCH-GUIANA-3GB-15D,B0H6MFD6Z3,,8.99,0,Active,AMAZON_EU,2026-06-30 16:55:26 CEST
NL,KEEP,in master list,FRENCH-GUIANA-5GB-30D,B0H6MGC352,,9.99,0,Active,AMAZON_EU,2026-06-30 16:58:53 CEST
NL,KEEP-PARENT,variation parent in Google Sheet,FRENCH-GUIANA-ESIM,B0H728FJQW,,,0,Incomplete,DEFAULT,2026-06-30 16:55:21 CEST
NL,KEEP,in master list,FRENCH-POLYNESIA-20GB-30D,B0H6M59GH9,,242.99,0,Active,AMAZON_EU,2026-06-30 17:11:36 CEST
NL,KEEP,in master list,FRENCH-POLYNESIA-3GB-15D,B0H6MF6GHP,,47.99,0,Active,AMAZON_EU,2026-06-30 17:05:02 CEST
NL,KEEP,in master list,FRENCH-POLYNESIA-5GB-30D,B0H6MD2GXY,,66.99,0,Active,AMAZON_EU,2026-06-30 17:08:08 CEST
NL,KEEP-PARENT,variation parent in Google Sheet,FRENCH-POLYNESIA-ESIM,B0H72MCYFX,,,0,Incomplete,DEFAULT,2026-06-30 17:04:58 CEST
NL,KEEP,in master list,GABON-3GB-15D,B0FR9GPX9T,,17.99,0,Active,AMAZON_EU,2026-07-01 03:14:22 CEST
NL,KEEP-PARENT,variation parent in Google Sheet,GABON-ESIM,B0H73Q6M9P,,,0,Incomplete,DEFAULT,2026-07-01 03:14:18 CEST
NL,KEEP,in master list,GAMBIA-3GB-15D,B0H2FTMBBQ,,35.99,0,Active,AMAZON_EU,2026-07-01 16:13:41 CEST
NL,KEEP,in master list,GAMBIA-5GB-30D,B0H2FQ3QJ9,,57.99,0,Active,AMAZON_EU,2026-07-01 16:17:32 CEST
NL,KEEP-PARENT,variation parent in Google Sheet,GAMBIA-ESIM,B0H7668DQ6,,,0,Incomplete,DEFAULT,2026-07-01 16:13:38 CEST
NL,KEEP,in master list,GEORGIA-20GB-30D,B0FR9C73NK,,25.99,0,Active,AMAZON_EU,2026-07-01 03:21:20 CEST
NL,KEEP,in master list,GEORGIA-3GB-15D,B0FR9KMX2N,,9.99,0,Active,AMAZON_EU,2026-07-01 03:18:03 CEST
NL,KEEP-PARENT,variation parent in Google Sheet,GEORGIA-ESIM,B0H739FZGP,,,0,Incomplete,DEFAULT,2026-07-01 03:17:59 CEST
NL,KEEP,in master list,GERMANY-20GB-30D,B0GSZP9H94,,15.99,0,Active,AMAZON_EU,2026-07-01 03:32:52 CEST
NL,KEEP,in master list,GERMANY-3GB-15D,B0GSZBMLKV,,8.99,0,Active,AMAZON_EU,2026-07-01 03:25:21 CEST
NL,KEEP,in master list,GERMANY-5GB-30D,B0GSZDYWLZ,,9.99,0,Active,AMAZON_EU,2026-07-01 03:29:13 CEST
NL,KEEP-PARENT,variation parent in Google Sheet,GERMANY-ESIM,B0H72WZTL1,,,0,Incomplete,DEFAULT,2026-07-01 03:25:18 CEST
NL,KEEP,in master list,GHANA-20GB-30D,B0H6M9CG3G,,40.99,0,Active,AMAZON_EU,2026-06-30 17:21:20 CEST
NL,KEEP,in master list,GHANA-3GB-15D,B0H6M7CH6H,,12.99,0,Active,AMAZON_EU,2026-06-30 17:15:06 CEST
NL,KEEP,in master list,GHANA-5GB-30D,B0H6MD48NZ,,14.99,0,Active,AMAZON_EU,2026-06-30 17:18:13 CEST
NL,KEEP-PARENT,variation parent in Google Sheet,GHANA-ESIM,B0H72FV91W,,,0,Incomplete,DEFAULT,2026-06-30 17:15:03 CEST
NL,KEEP,in master list,GIBRALTAR-3GB-15D,B0FR8XSPMC,,8.99,0,Active,AMAZON_EU,2026-07-01 03:36:13 CEST
NL,KEEP-PARENT,variation parent in Google Sheet,GIBRALTAR-ESIM,B0H73JDMQQ,,,0,Incomplete,DEFAULT,2026-07-01 03:36:10 CEST
NL,KEEP,in master list,GLOBAL139-5GB-30D,B0FR9VNTLY,,42.99,0,Inactive,AMAZON_EU,2026-07-01 03:40:05 CEST
NL,KEEP-PARENT,variation parent in Google Sheet,GLOBAL139-ESIM,B0H73SMJ7G,,,0,Incomplete,DEFAULT,2026-07-01 03:40:02 CEST
NL,KEEP,in master list,GREECE-20GB-30D,B0FR9KJGBG,,17.99,0,Active,AMAZON_EU,2026-07-01 03:51:52 CEST
NL,KEEP,in master list,GREECE-3GB-15D,B0FR9L85F6,,8.99,0,Active,AMAZON_EU,2026-07-01 03:44:20 CEST
NL,KEEP,in master list,GREECE-5GB-30D,B0FR9C7SMF,,9.99,0,Active,AMAZON_EU,2026-07-01 03:48:11 CEST
NL,KEEP-PARENT,variation parent in Google Sheet,GREECE-ESIM,B0H73LZ3KS,,,0,Incomplete,DEFAULT,2026-07-01 03:44:16 CEST
NL,KEEP,in master list,GREENLAND-20GB-30D,B0H6MBT3TW,,113.99,0,Active,AMAZON_EU,2026-06-30 17:31:26 CEST
NL,KEEP,in master list,GREENLAND-3GB-15D,B0H6MLNBK2,,28.99,0,Active,AMAZON_EU,2026-06-30 17:24:52 CEST
NL,KEEP,in master list,GREENLAND-5GB-30D,B0H6MFMLK9,,37.99,0,Active,AMAZON_EU,2026-06-30 17:28:09 CEST
NL,KEEP-PARENT,variation parent in Google Sheet,GREENLAND-ESIM,B0H72KV2ZF,,,0,Incomplete,DEFAULT,2026-06-30 17:24:48 CEST
NL,KEEP,in master list,GRENADA-20GB-30D,B0H6MGRF37,,103.99,0,Active,AMAZON_EU,2026-06-30 17:41:32 CEST
NL,KEEP,in master list,GRENADA-3GB-15D,B0H6M8K37V,,29.99,0,Active,AMAZON_EU,2026-06-30 17:34:57 CEST
NL,KEEP,in master list,GRENADA-5GB-30D,B0H6MLJR6Z,,38.99,0,Active,AMAZON_EU,2026-06-30 17:38:15 CEST
NL,KEEP-PARENT,variation parent in Google Sheet,GRENADA-ESIM,B0H72F69HF,,,0,Incomplete,DEFAULT,2026-06-30 17:34:54 CEST
NL,KEEP,in master list,GUADELOUPE-20GB-30D,B0FR8XTBF6,,17.99,0,Active,AMAZON_EU,2026-07-01 03:59:01 CEST
NL,KEEP,in master list,GUADELOUPE-3GB-15D,B0FR9TMVWK,,8.99,0,Active,AMAZON_EU,2026-07-01 03:55:34 CEST
NL,KEEP-PARENT,variation parent in Google Sheet,GUADELOUPE-ESIM,B0H73L14H5,,,0,Incomplete,DEFAULT,2026-07-01 03:55:31 CEST
NL,KEEP,in master list,GUAM-20GB-30D,B0FR9C7MGP,,58.99,0,Active,AMAZON_EU,2026-07-01 04:08:55 CEST
NL,KEEP,in master list,GUAM-3GB-15D,B0FR9GVSSF,,17.99,0,Active,AMAZON_EU,2026-07-01 04:02:01 CEST
NL,KEEP,in master list,GUAM-5GB-30D,B0FR9SVP8Y,,19.99,0,Active,AMAZON_EU,2026-07-01 04:05:29 CEST
NL,KEEP-PARENT,variation parent in Google Sheet,GUAM-ESIM,B0H73SMJZ7,,,0,Incomplete,DEFAULT,2026-07-01 04:01:57 CEST
NL,KEEP,in master list,GUATEMALA-3GB-15D,B0FR9VC6VD,,16.99,0,Active,AMAZON_EU,2026-07-01 04:12:58 CEST
NL,KEEP-PARENT,variation parent in Google Sheet,GUATEMALA-ESIM,B0H73P9JTT,,,0,Incomplete,DEFAULT,2026-07-01 04:12:55 CEST
NL,KEEP,in master list,GUERNSEY-20GB-30D,B0FR9LYWWY,,47.99,0,Active,AMAZON_EU,2026-07-01 04:23:19 CEST
NL,KEEP,in master list,GUERNSEY-3GB-15D,B0FR9SMWDN,,14.99,0,Active,AMAZON_EU,2026-07-01 04:16:44 CEST
NL,KEEP,in master list,GUERNSEY-5GB-30D,B0FR9C5PXR,,21.99,0,Active,AMAZON_EU,2026-07-01 04:20:01 CEST
NL,KEEP-PARENT,variation parent in Google Sheet,GUERNSEY-ESIM,B0H73T78TS,,,0,Incomplete,DEFAULT,2026-07-01 04:16:40 CEST
NL,KEEP,in master list,GUINEA-20GB-30D,B0H6M7VHYP,,82.99,0,Active,AMAZON_EU,2026-06-30 17:50:55 CEST
NL,KEEP,in master list,GUINEA-3GB-15D,B0H6MGZTF1,,21.99,0,Active,AMAZON_EU,2026-06-30 17:45:04 CEST
NL,KEEP,in master list,GUINEA-5GB-30D,B0H6MFTVX6,,33.99,0,Active,AMAZON_EU,2026-06-30 17:48:20 CEST
NL,KEEP,in master list,GUINEA-BISSAU-20GB-30D,B0H6MF1JJS,,81.99,0,Active,AMAZON_EU,2026-06-30 18:00:38 CEST
NL,KEEP,in master list,GUINEA-BISSAU-3GB-15D,B0H6MG6X8D,,20.99,0,Active,AMAZON_EU,2026-06-30 17:53:55 CEST
NL,KEEP,in master list,GUINEA-BISSAU-5GB-30D,B0H6MCJ4Y9,,33.99,0,Active,AMAZON_EU,2026-06-30 17:57:22 CEST
NL,KEEP-PARENT,variation parent in Google Sheet,GUINEA-BISSAU-ESIM,B0H72JP1LM,,,0,Incomplete,DEFAULT,2026-06-30 17:53:51 CEST
NL,KEEP-PARENT,variation parent in Google Sheet,GUINEA-ESIM,B0H72JNT71,,,0,Incomplete,DEFAULT,2026-06-30 17:45:00 CEST
NL,KEEP,in master list,GUYANA-20GB-30D,B0H6MD1PB7,,91.99,0,Active,AMAZON_EU,2026-06-30 18:10:22 CEST
NL,KEEP,in master list,GUYANA-3GB-15D,B0H6MCG586,,21.99,0,Active,AMAZON_EU,2026-06-30 18:04:08 CEST
NL,KEEP,in master list,GUYANA-5GB-30D,B0H6MB3FHF,,32.99,0,Active,AMAZON_EU,2026-06-30 18:07:36 CEST
NL,KEEP-PARENT,variation parent in Google Sheet,GUYANA-ESIM,B0H72HX2BD,,,0,Incomplete,DEFAULT,2026-06-30 18:04:05 CEST
NL,KEEP,in master list,HAITI-20GB-30D,B0H6MBNF3Y,,149.99,0,Active,AMAZON_EU,2026-06-30 18:20:28 CEST
NL,KEEP,in master list,HAITI-3GB-15D,B0H6M9YTL4,,29.99,0,Active,AMAZON_EU,2026-06-30 18:14:14 CEST
NL,KEEP,in master list,HAITI-5GB-30D,B0H6MDHPCV,,48.99,0,Active,AMAZON_EU,2026-06-30 18:17:52 CEST
NL,KEEP-PARENT,variation parent in Google Sheet,HAITI-ESIM,B0H732S2ZG,,,0,Incomplete,DEFAULT,2026-06-30 18:14:11 CEST
NL,KEEP,in master list,HONDURAS-3GB-15D,B0FR9ZYV5G,,14.99,0,Active,AMAZON_EU,2026-07-01 04:27:11 CEST
NL,KEEP-PARENT,variation parent in Google Sheet,HONDURAS-ESIM,B0H73QX4XB,,,0,Incomplete,DEFAULT,2026-07-01 04:27:07 CEST
NL,KEEP,in master list,HONG-KONG-3GB-15D,B0FR9CC6Q8,,8.99,0,Active,AMAZON_EU,2026-07-01 04:31:24 CEST
NL,KEEP,in master list,HONG-KONG-5GB-30D,B0FR9GXYYL,,9.99,0,Active,AMAZON_EU,2026-07-01 04:35:13 CEST
NL,KEEP-PARENT,variation parent in Google Sheet,HONG-KONG-ESIM,B0H73TYH82,,,0,Incomplete,DEFAULT,2026-07-01 04:31:21 CEST
NL,KEEP,in master list,HUNGARY-20GB-30D,B0FR9ZVYYQ,,15.99,0,Active,AMAZON_EU,2026-07-01 04:48:26 CEST
NL,KEEP,in master list,HUNGARY-3GB-15D,B0FR9C9JVW,,8.99,0,Active,AMAZON_EU,2026-07-01 04:41:43 CEST
NL,KEEP,in master list,HUNGARY-5GB-30D,B0FR9GY3R5,,9.99,0,Active,AMAZON_EU,2026-07-01 04:45:10 CEST
NL,KEEP-PARENT,variation parent in Google Sheet,HUNGARY-ESIM,B0H73LP8J6,,,0,Incomplete,DEFAULT,2026-07-01 04:41:40 CEST
NL,KEEP,in master list,ICELAND-20GB-30D,B0FR9GX6LF,,17.99,0,Active,AMAZON_EU,2026-07-01 04:58:31 CEST
NL,KEEP,in master list,ICELAND-3GB-15D,B0FR9TBBK1,,8.99,0,Active,AMAZON_EU,2026-07-01 04:51:47 CEST
NL,KEEP,in master list,ICELAND-5GB-30D,B0FR9ZWQBD,,9.99,0,Active,AMAZON_EU,2026-07-01 04:55:24 CEST
NL,KEEP-PARENT,variation parent in Google Sheet,ICELAND-ESIM,B0H741BXKD,,,0,Incomplete,DEFAULT,2026-07-01 04:51:43 CEST
NL,KEEP,in master list,INDIA-20GB-30D,B0FR9DYMHX,,42.99,0,Active,AMAZON_EU,2026-07-01 05:09:01 CEST
NL,KEEP,in master list,INDIA-3GB-15D,B0FR9ZM116,,14.99,0,Active,AMAZON_EU,2026-07-01 05:02:23 CEST
NL,KEEP,in master list,INDIA-5GB-30D,B0FR9GXWN9,,15.99,0,Active,AMAZON_EU,2026-07-01 05:06:16 CEST
NL,KEEP-PARENT,variation parent in Google Sheet,INDIA-ESIM,B0H73K26CF,,,0,Incomplete,DEFAULT,2026-07-01 05:02:20 CEST
NL,KEEP,in master list,INDONESIA-20GB-30D,B0FR9QXRDQ,,15.99,0,Active,AMAZON_EU,2026-07-01 05:21:35 CEST
NL,KEEP,in master list,INDONESIA-3GB-15D,B0FR9T6QPZ,,8.99,0,Active,AMAZON_EU,2026-07-01 05:14:02 CEST
NL,KEEP,in master list,INDONESIA-5GB-30D,B0FR8XW5DR,,9.99,0,Active,AMAZON_EU,2026-07-01 05:17:54 CEST
NL,KEEP-PARENT,variation parent in Google Sheet,INDONESIA-ESIM,B0H744LT5K,,,0,Incomplete,DEFAULT,2026-07-01 05:13:59 CEST
NL,KEEP,in master list,IRAQ-20GB-30D,B0H6M956TN,,32.99,0,Inactive,AMAZON_EU,2026-06-30 18:29:52 CEST
NL,KEEP,in master list,IRAQ-3GB-15D,B0H6MGX6P7,,10.99,0,Active,AMAZON_EU,2026-06-30 18:24:00 CEST
NL,KEEP,in master list,IRAQ-5GB-30D,B0H6MFRHZN,,16.99,0,Inactive,AMAZON_EU,2026-06-30 18:26:56 CEST
NL,KEEP-PARENT,variation parent in Google Sheet,IRAQ-ESIM,B0H72J4PHJ,,,0,Incomplete,DEFAULT,2026-06-30 18:23:57 CEST
NL,KEEP,in master list,IRELAND-20GB-30D,B0FR9SZG2Z,,17.99,0,Active,AMAZON_EU,2026-07-01 05:33:15 CEST
NL,KEEP,in master list,IRELAND-3GB-15D,B0FR8XV57F,,8.99,0,Active,AMAZON_EU,2026-07-01 05:25:41 CEST
NL,KEEP,in master list,IRELAND-5GB-30D,B0FR9GYKQL,,9.99,0,Active,AMAZON_EU,2026-07-01 05:29:35 CEST
NL,KEEP-PARENT,variation parent in Google Sheet,IRELAND-ESIM,B0H73XMJX4,,,0,Incomplete,DEFAULT,2026-07-01 05:25:37 CEST
NL,KEEP,in master list,ISLE-OF-MAN-20GB-30D,B0FR9CB5LK,,23.99,0,Active,AMAZON_EU,2026-07-01 05:44:03 CEST
NL,KEEP,in master list,ISLE-OF-MAN-3GB-15D,B0FR9LZ7RL,,9.99,0,Active,AMAZON_EU,2026-07-01 05:37:08 CEST
NL,KEEP,in master list,ISLE-OF-MAN-5GB-30D,B0FR9M27XY,,11.99,0,Active,AMAZON_EU,2026-07-01 05:40:36 CEST
NL,KEEP-PARENT,variation parent in Google Sheet,ISLE-OF-MAN-ESIM,B0H741DY23,,,0,Incomplete,DEFAULT,2026-07-01 05:37:05 CEST
NL,KEEP,in master list,ISRAEL-20GB-30D,B0FR9K8SQ1,,29.99,0,Active,AMAZON_EU,2026-07-01 05:54:40 CEST
NL,KEEP,in master list,ISRAEL-3GB-15D,B0FR9M11H1,,9.99,0,Active,AMAZON_EU,2026-07-01 05:48:05 CEST
NL,KEEP,in master list,ISRAEL-5GB-30D,B0FR8XVZZM,,11.99,0,Active,AMAZON_EU,2026-07-01 05:51:22 CEST
NL,KEEP-PARENT,variation parent in Google Sheet,ISRAEL-ESIM,B0H73VQM9N,,,0,Incomplete,DEFAULT,2026-07-01 05:48:02 CEST
NL,KEEP,in master list,ITALY-20GB-30D,B0FR9RNZV2,,15.99,0,Active,AMAZON_EU,2026-07-01 06:06:19 CEST
NL,KEEP,in master list,ITALY-3GB-15D,B0FR9GXZ18,,8.99,0,Active,AMAZON_EU,2026-07-01 05:58:44 CEST
NL,KEEP,in master list,ITALY-5GB-30D,B0FR9ZR2TH,,9.99,0,Active,AMAZON_EU,2026-07-01 06:02:39 CEST
NL,KEEP-PARENT,variation parent in Google Sheet,ITALY-ESIM,B0H743GL82,,,0,Incomplete,DEFAULT,2026-07-01 05:58:40 CEST
NL,KEEP,in master list,JAMAICA-20GB-30D,B0H6MF52ZZ,,87.99,0,Active,AMAZON_EU,2026-06-30 18:39:25 CEST
NL,KEEP,in master list,JAMAICA-3GB-15D,B0H6MF3PNQ,,24.99,0,Active,AMAZON_EU,2026-06-30 18:33:23 CEST
NL,KEEP,in master list,JAMAICA-5GB-30D,B0H6MJQCMF,,31.99,0,Active,AMAZON_EU,2026-06-30 18:36:40 CEST
NL,KEEP-PARENT,variation parent in Google Sheet,JAMAICA-ESIM,B0H728T1P8,,,0,Incomplete,DEFAULT,2026-06-30 18:33:19 CEST
NL,KEEP,in master list,JAPAN-20GB-30D,B0FR9RZKRB,,15.99,0,Active,AMAZON_EU,2026-07-01 06:17:56 CEST
NL,KEEP,in master list,JAPAN-3GB-15D,B0FR9LVZVQ,,8.99,0,Active,AMAZON_EU,2026-07-01 06:10:23 CEST
NL,KEEP,in master list,JAPAN-5GB-30D,B0FR9TLXXH,,9.99,0,Active,AMAZON_EU,2026-07-01 06:14:15 CEST
NL,KEEP-PARENT,variation parent in Google Sheet,JAPAN-ESIM,B0H743L5PB,,,0,Incomplete,DEFAULT,2026-07-01 06:10:20 CEST
NL,KEEP,in master list,JERSEY-20GB-30D,B0FR9CBQDH,,15.99,0,Active,AMAZON_EU,2026-07-01 06:28:34 CEST
NL,KEEP,in master list,JERSEY-3GB-15D,B0FR9GYMR5,,8.99,0,Active,AMAZON_EU,2026-07-01 06:21:39 CEST
NL,KEEP,in master list,JERSEY-5GB-30D,B0FR9M27GP,,9.99,0,Active,AMAZON_EU,2026-07-01 06:25:16 CEST
NL,KEEP-PARENT,variation parent in Google Sheet,JERSEY-ESIM,B0H74J2K1K,,,0,Incomplete,DEFAULT,2026-07-01 06:21:35 CEST
NL,KEEP,in master list,JORDAN-20GB-30D,B0FR9ST188,,43.99,0,Active,AMAZON_EU,2026-07-01 06:39:00 CEST
NL,KEEP,in master list,JORDAN-3GB-15D,B0FR9M144Z,,14.99,0,Active,AMAZON_EU,2026-07-01 06:32:16 CEST
NL,KEEP,in master list,JORDAN-5GB-30D,B0FR9ZTZNK,,14.99,0,Active,AMAZON_EU,2026-07-01 06:35:54 CEST
NL,KEEP-PARENT,variation parent in Google Sheet,JORDAN-ESIM,B0H74BB5CB,,,0,Incomplete,DEFAULT,2026-07-01 06:32:13 CEST
NL,KEEP,in master list,KAZAKHSTAN-20GB-30D,B0FR9TLNNW,,21.99,0,Active,AMAZON_EU,2026-07-01 06:49:05 CEST
NL,KEEP,in master list,KAZAKHSTAN-3GB-15D,B0FR9T4DG2,,8.99,0,Active,AMAZON_EU,2026-07-01 06:42:32 CEST
NL,KEEP,in master list,KAZAKHSTAN-5GB-30D,B0FR9ZMMSH,,9.99,0,Active,AMAZON_EU,2026-07-01 06:45:49 CEST
NL,KEEP-PARENT,variation parent in Google Sheet,KAZAKHSTAN-ESIM,B0H74C2V9F,,,0,Incomplete,DEFAULT,2026-07-01 06:42:29 CEST
NL,KEEP,in master list,KENYA-3GB-15D,B0FR9GZ14G,,14.99,0,Active,AMAZON_EU,2026-07-01 06:52:59 CEST
NL,KEEP,in master list,KENYA-5GB-30D,B0FR9T4DG6,,15.99,0,Active,AMAZON_EU,2026-07-01 06:56:50 CEST
NL,KEEP-PARENT,variation parent in Google Sheet,KENYA-ESIM,B0H74BB912,,,0,Incomplete,DEFAULT,2026-07-01 06:52:56 CEST
NL,KEEP,in master list,KUWAIT-20GB-30D,B0FR9KBF4P,,29.99,0,Active,AMAZON_EU,2026-07-01 07:07:16 CEST
NL,KEEP,in master list,KUWAIT-3GB-15D,B0FR9LZJ3X,,10.99,0,Active,AMAZON_EU,2026-07-01 07:00:22 CEST
NL,KEEP,in master list,KUWAIT-5GB-30D,B0FR9M2TXP,,16.99,0,Active,AMAZON_EU,2026-07-01 07:04:00 CEST
NL,KEEP-PARENT,variation parent in Google Sheet,KUWAIT-ESIM,B0H7462LRX,,,0,Incomplete,DEFAULT,2026-07-01 07:00:18 CEST
NL,KEEP,in master list,KYRGYZSTAN-20GB-30D,B0FR8XXBHM,,19.99,0,Active,AMAZON_EU,2026-07-01 07:13:54 CEST
NL,KEEP,in master list,KYRGYZSTAN-3GB-15D,B0FR9TVF4R,,8.99,0,Active,AMAZON_EU,2026-07-01 07:10:26 CEST
NL,KEEP-PARENT,variation parent in Google Sheet,KYRGYZSTAN-ESIM,B0H74HMPKM,,,0,Incomplete,DEFAULT,2026-07-01 07:10:22 CEST
NL,KEEP,in master list,LAOS-20GB-30D,B0H6MBWGX1,,35.99,0,Active,AMAZON_EU,2026-06-30 18:48:29 CEST
NL,KEEP,in master list,LAOS-3GB-15D,B0H6M96WPB,,10.99,0,Active,AMAZON_EU,2026-06-30 18:42:46 CEST
NL,KEEP,in master list,LAOS-5GB-30D,B0H6MBJN5B,,16.99,0,Active,AMAZON_EU,2026-06-30 18:45:53 CEST
NL,KEEP-PARENT,variation parent in Google Sheet,LAOS-ESIM,B0H72DD9WK,,,0,Incomplete,DEFAULT,2026-06-30 18:42:42 CEST
NL,KEEP,in master list,LATVIA-20GB-30D,B0FR9SWN6V,,15.99,0,Active,AMAZON_EU,2026-07-01 07:24:01 CEST
NL,KEEP,in master list,LATVIA-3GB-15D,B0FR9VM4K6,,8.99,0,Active,AMAZON_EU,2026-07-01 07:17:28 CEST
NL,KEEP,in master list,LATVIA-5GB-30D,B0FR9TR99S,,9.99,0,Active,AMAZON_EU,2026-07-01 07:20:45 CEST
NL,KEEP-PARENT,variation parent in Google Sheet,LATVIA-ESIM,B0H74B99DY,,,0,Incomplete,DEFAULT,2026-07-01 07:17:24 CEST
NL,KEEP,in master list,LIBERIA-3GB-15D,B0FR9H18JQ,,21.99,0,Active,AMAZON_EU,2026-07-01 07:26:52 CEST
NL,KEEP,in master list,LIBERIA-5GB-30D,B0FR9SJ1YH,,33.99,0,Active,AMAZON_EU,2026-07-01 07:30:10 CEST
NL,KEEP-PARENT,variation parent in Google Sheet,LIBERIA-ESIM,B0H74NVWDM,,,0,Incomplete,DEFAULT,2026-07-01 07:26:48 CEST
NL,KEEP,in master list,LIBYA-20GB-30D,B0H6MFWD2Y,,125.99,0,Active,AMAZON_EU,2026-06-30 18:58:03 CEST
NL,KEEP,in master list,LIBYA-3GB-15D,B0H6MBYGXZ,,33.99,0,Active,AMAZON_EU,2026-06-30 18:51:40 CEST
NL,KEEP,in master list,LIBYA-5GB-30D,B0H6M5PVSB,,44.99,0,Active,AMAZON_EU,2026-06-30 18:54:57 CEST
NL,KEEP-PARENT,variation parent in Google Sheet,LIBYA-ESIM,B0H72J24BJ,,,0,Incomplete,DEFAULT,2026-06-30 18:51:37 CEST
NL,KEEP,in master list,LIECHTENSTEIN-3GB-15D,B0FR9S35ZH,,8.99,0,Active,AMAZON_EU,2026-07-01 07:33:51 CEST
NL,KEEP-PARENT,variation parent in Google Sheet,LIECHTENSTEIN-ESIM,B0H74L8H8K,,,0,Incomplete,DEFAULT,2026-07-01 07:33:47 CEST
NL,KEEP,in master list,LITHUANIA-20GB-30D,B0FR9TQN8N,,17.99,0,Active,AMAZON_EU,2026-07-01 07:44:58 CEST
NL,KEEP,in master list,LITHUANIA-3GB-15D,B0FR9KS3P4,,8.99,0,Active,AMAZON_EU,2026-07-01 07:37:52 CEST
NL,KEEP,in master list,LITHUANIA-5GB-30D,B0FR9R598C,,9.99,0,Active,AMAZON_EU,2026-07-01 07:41:20 CEST
NL,KEEP-PARENT,variation parent in Google Sheet,LITHUANIA-ESIM,B0H74P1TS8,,,0,Incomplete,DEFAULT,2026-07-01 07:37:49 CEST
NL,KEEP,in master list,LUXEMBOURG-20GB-30D,B0FR8XXXZB,,17.99,0,Active,AMAZON_EU,2026-07-01 07:55:15 CEST
NL,KEEP,in master list,LUXEMBOURG-3GB-15D,B0FR9SHRKM,,8.99,0,Active,AMAZON_EU,2026-07-01 07:48:41 CEST
NL,KEEP,in master list,LUXEMBOURG-5GB-30D,B0FR9SB862,,9.99,0,Active,AMAZON_EU,2026-07-01 07:51:58 CEST
NL,KEEP-PARENT,variation parent in Google Sheet,LUXEMBOURG-ESIM,B0H74P6WRH,,,0,Incomplete,DEFAULT,2026-07-01 07:48:37 CEST
NL,KEEP,in master list,MACAO-20GB-30D,B0FR9CDBN2,,15.99,0,Active,AMAZON_EU,2026-07-01 08:04:39 CEST
NL,KEEP,in master list,MACAO-3GB-15D,B0FR9M485M,,8.99,0,Active,AMAZON_EU,2026-07-01 07:58:25 CEST
NL,KEEP,in master list,MACAO-5GB-30D,B0FR9L9624,,9.99,0,Active,AMAZON_EU,2026-07-01 08:01:42 CEST
NL,KEEP-PARENT,variation parent in Google Sheet,MACAO-ESIM,B0H74MNG5D,,,0,Incomplete,DEFAULT,2026-07-01 07:58:22 CEST
NL,KEEP,in master list,MADAGASCAR-3GB-15D,B0FR9H2NS1,,25.99,0,Active,AMAZON_EU,2026-07-01 08:08:20 CEST
NL,KEEP-PARENT,variation parent in Google Sheet,MADAGASCAR-ESIM,B0H74P3HFT,,,0,Incomplete,DEFAULT,2026-07-01 08:08:17 CEST
NL,KEEP,in master list,MALAWI-3GB-15D,B0FR9H3JDK,,17.99,0,Active,AMAZON_EU,2026-07-01 08:11:41 CEST
NL,KEEP,in master list,MALAWI-5GB-30D,B0FR9GXY24,,28.99,0,Active,AMAZON_EU,2026-07-01 08:15:08 CEST
NL,KEEP-PARENT,variation parent in Google Sheet,MALAWI-ESIM,B0H74P7V4Y,,,0,Incomplete,DEFAULT,2026-07-01 08:11:38 CEST
NL,KEEP,in master list,MALAYSIA-20GB-30D,B0FR9VMWYD,,15.99,0,Active,AMAZON_EU,2026-07-01 08:26:45 CEST
NL,KEEP,in master list,MALAYSIA-3GB-15D,B0FR9H1Q65,,8.99,0,Active,AMAZON_EU,2026-07-01 08:19:12 CEST
NL,KEEP,in master list,MALAYSIA-5GB-30D,B0FR9LDGX8,,9.99,0,Active,AMAZON_EU,2026-07-01 08:23:03 CEST
NL,KEEP-PARENT,variation parent in Google Sheet,MALAYSIA-ESIM,B0H74SPWMD,,,0,Incomplete,DEFAULT,2026-07-01 08:19:09 CEST
NL,KEEP,in master list,MALDIVES-20GB-30D,B0H6MM5SCJ,,117.99,0,Active,AMAZON_EU,2026-06-30 19:07:06 CEST
NL,KEEP,in master list,MALDIVES-3GB-15D,B0H6MD6Y71,,33.99,0,Active,AMAZON_EU,2026-06-30 19:01:03 CEST
NL,KEEP,in master list,MALDIVES-5GB-30D,B0H6MJQZ8Y,,44.99,0,Active,AMAZON_EU,2026-06-30 19:04:09 CEST
NL,KEEP-PARENT,variation parent in Google Sheet,MALDIVES-ESIM,B0H72LSN68,,,0,Incomplete,DEFAULT,2026-06-30 19:01:00 CEST
NL,KEEP,in master list,MALI-3GB-15D,B0FR9TRDSY,,21.99,0,Active,AMAZON_EU,2026-07-01 08:30:27 CEST
NL,KEEP-PARENT,variation parent in Google Sheet,MALI-ESIM,B0H74VP637,,,0,Incomplete,DEFAULT,2026-07-01 08:30:24 CEST
NL,KEEP,in master list,MALTA-20GB-30D,B0FR9VL1Q9,,15.99,0,Active,AMAZON_EU,2026-07-01 08:41:35 CEST
NL,KEEP,in master list,MALTA-3GB-15D,B0FR9M3PNR,,8.99,0,Active,AMAZON_EU,2026-07-01 08:34:40 CEST
NL,KEEP,in master list,MALTA-5GB-30D,B0FR9ZSMTC,,9.99,0,Active,AMAZON_EU,2026-07-01 08:38:17 CEST
NL,KEEP-PARENT,variation parent in Google Sheet,MALTA-ESIM,B0H74TMQ9G,,,0,Incomplete,DEFAULT,2026-07-01 08:34:36 CEST
NL,KEEP,in master list,MARTINIQUE-20GB-30D,B0H6MH94KV,,16.99,0,Active,AMAZON_EU,2026-06-30 19:16:41 CEST
NL,KEEP,in master list,MARTINIQUE-3GB-15D,B0H6M7SBFQ,,8.99,0,Active,AMAZON_EU,2026-06-30 19:10:58 CEST
NL,KEEP,in master list,MARTINIQUE-5GB-30D,B0H6MKCD1X,,9.99,0,Active,AMAZON_EU,2026-06-30 19:13:55 CEST
NL,KEEP-PARENT,variation parent in Google Sheet,MARTINIQUE-ESIM,B0H72NPGPT,,,0,Incomplete,DEFAULT,2026-06-30 19:10:54 CEST
NL,KEEP,in master list,MAURITIUS-3GB-15D,B0H2FYRLRC,,16.99,0,Active,AMAZON_EU,2026-07-01 16:21:36 CEST
NL,KEEP,in master list,MAURITIUS-5GB-30D,B0H2G2XMS3,,17.99,0,Active,AMAZON_EU,2026-07-01 16:25:51 CEST
NL,KEEP-PARENT,variation parent in Google Sheet,MAURITIUS-ESIM,B0H7699Q7Y,,,0,Incomplete,DEFAULT,2026-07-01 16:21:33 CEST
NL,KEEP,in master list,MAYOTTE-20GB-30D,B0H6M5L8MC,,16.99,0,Active,AMAZON_EU,2026-06-30 19:26:36 CEST
NL,KEEP,in master list,MAYOTTE-3GB-15D,B0H6MFWP88,,8.99,0,Active,AMAZON_EU,2026-06-30 19:20:01 CEST
NL,KEEP,in master list,MAYOTTE-5GB-30D,B0H6MD9C4Y,,9.99,0,Active,AMAZON_EU,2026-06-30 19:23:29 CEST
NL,KEEP-PARENT,variation parent in Google Sheet,MAYOTTE-ESIM,B0H72KJZBM,,,0,Incomplete,DEFAULT,2026-06-30 19:19:58 CEST
NL,KEEP,in master list,MEXICO-20GB-30D,B0FR9VDSJX,,35.99,0,Active,AMAZON_EU,2026-07-01 08:52:43 CEST
NL,KEEP,in master list,MEXICO-3GB-15D,B0FR9SZSTG,,11.99,0,Active,AMAZON_EU,2026-07-01 08:45:27 CEST
NL,KEEP,in master list,MEXICO-5GB-30D,B0FR9H2K1C,,14.99,0,Active,AMAZON_EU,2026-07-01 08:49:06 CEST
NL,KEEP-PARENT,variation parent in Google Sheet,MEXICO-ESIM,B0H74S56Q7,,,0,Incomplete,DEFAULT,2026-07-01 08:45:24 CEST
NL,KEEP,in master list,MIDDLE-EAST-5GB-30D,B0FR9SYKP6,,36.99,0,Active,AMAZON_EU,2026-07-01 08:56:03 CEST
NL,KEEP-PARENT,variation parent in Google Sheet,MIDDLE-EAST-ESIM,B0H74VVB1Q,,,0,Incomplete,DEFAULT,2026-07-01 08:56:00 CEST
NL,KEEP,in master list,MOLDOVA-3GB-15D,B0FR9CFQYY,,8.99,0,Active,AMAZON_EU,2026-07-01 08:59:55 CEST
NL,KEEP-PARENT,variation parent in Google Sheet,MOLDOVA-ESIM,B0H74T474K,,,0,Incomplete,DEFAULT,2026-07-01 08:59:52 CEST
NL,KEEP,in master list,MONACO-3GB-15D,B0FR9ZS6GM,,63.99,0,Active,AMAZON_EU,2026-07-01 09:03:57 CEST
NL,KEEP,in master list,MONACO-5GB-30D,B0FR9H1H4M,,85.99,0,Active,AMAZON_EU,2026-07-01 09:07:35 CEST
NL,KEEP-PARENT,variation parent in Google Sheet,MONACO-ESIM,B0H74PKV9J,,,0,Incomplete,DEFAULT,2026-07-01 09:03:54 CEST
NL,KEEP,in master list,MONGOLIA-3GB-15D,B0FR9LSYTX,,16.99,0,Active,AMAZON_EU,2026-07-01 09:11:16 CEST
NL,KEEP-PARENT,variation parent in Google Sheet,MONGOLIA-ESIM,B0H74RMT3B,,,0,Incomplete,DEFAULT,2026-07-01 09:11:12 CEST
NL,KEEP,in master list,MONTENEGRO-3GB-15D,B0FR9R5HR7,,8.99,0,Active,AMAZON_EU,2026-07-01 09:15:07 CEST
NL,KEEP-PARENT,variation parent in Google Sheet,MONTENEGRO-ESIM,B0H74W16NN,,,0,Incomplete,DEFAULT,2026-07-01 09:15:04 CEST
NL,KEEP,in master list,MONTSERRAT-20GB-30D,B0H6MG87HK,,94.99,0,Active,AMAZON_EU,2026-06-30 19:36:43 CEST
NL,KEEP,in master list,MONTSERRAT-3GB-15D,B0H6MDJ2ZR,,25.99,0,Active,AMAZON_EU,2026-06-30 19:30:07 CEST
NL,KEEP,in master list,MONTSERRAT-5GB-30D,B0H6MGQ1Y4,,33.99,0,Active,AMAZON_EU,2026-06-30 19:33:26 CEST
NL,KEEP-PARENT,variation parent in Google Sheet,MONTSERRAT-ESIM,B0H72Y7BHQ,,,0,Incomplete,DEFAULT,2026-06-30 19:30:04 CEST
NL,KEEP,in master list,MOROCCO-20GB-30D,B0FR9M57DY,,26.99,0,Active,AMAZON_EU,2026-07-01 09:26:43 CEST
NL,KEEP,in master list,MOROCCO-3GB-15D,B0FR9CFZQR,,9.99,0,Active,AMAZON_EU,2026-07-01 09:19:11 CEST
NL,KEEP,in master list,MOROCCO-5GB-30D,B0FR9CDDQ8,,14.99,0,Active,AMAZON_EU,2026-07-01 09:23:02 CEST
NL,KEEP-PARENT,variation parent in Google Sheet,MOROCCO-ESIM,B0H74SKR1S,,,0,Incomplete,DEFAULT,2026-07-01 09:19:07 CEST
NL,KEEP,in master list,MOZAMBIQUE-20GB-30D,B0FR9CFLS7,,75.99,0,Active,AMAZON_EU,2026-07-01 09:34:35 CEST
NL,KEEP,in master list,MOZAMBIQUE-3GB-15D,B0FRB1M6HK,,19.99,0,Active,AMAZON_EU,2026-07-01 09:30:47 CEST
NL,KEEP-PARENT,variation parent in Google Sheet,MOZAMBIQUE-ESIM,B0H754YJD1,,,0,Incomplete,DEFAULT,2026-07-01 09:30:43 CEST
NL,KEEP,in master list,NEPAL-3GB-15D,B0FRB1TD7L,,14.99,0,Active,AMAZON_EU,2026-07-01 09:38:16 CEST
NL,KEEP-PARENT,variation parent in Google Sheet,NEPAL-ESIM,B0H74Y2BB5,,,0,Incomplete,DEFAULT,2026-07-01 09:38:13 CEST
NL,KEEP,in master list,NETHERLANDS-20GB-30D,B0FR9NG7LB,,16.99,0,Active,AMAZON_EU,2026-07-01 09:50:01 CEST
NL,KEEP,in master list,NETHERLANDS-3GB-15D,B0FRB5GNM2,,8.99,0,Active,AMAZON_EU,2026-07-01 09:42:30 CEST
NL,KEEP,in master list,NETHERLANDS-5GB-30D,B0FR9NHP7Q,,9.99,0,Active,AMAZON_EU,2026-07-01 09:46:20 CEST
NL,KEEP-PARENT,variation parent in Google Sheet,NETHERLANDS-ESIM,B0H74Y3THL,,,0,Incomplete,DEFAULT,2026-07-01 09:42:26 CEST
NL,KEEP,in master list,NEW-ZEALAND-20GB-30D,B0FRB1TWT8,,24.99,0,Active,AMAZON_EU,2026-07-01 10:00:17 CEST
NL,KEEP,in master list,NEW-ZEALAND-3GB-15D,B0FR9NKXF5,,9.99,0,Active,AMAZON_EU,2026-07-01 09:53:43 CEST
NL,KEEP,in master list,NEW-ZEALAND-5GB-30D,B0FR9NHFWQ,,11.99,0,Active,AMAZON_EU,2026-07-01 09:57:01 CEST
NL,KEEP-PARENT,variation parent in Google Sheet,NEW-ZEALAND-ESIM,B0H752M1Y8,,,0,Incomplete,DEFAULT,2026-07-01 09:53:39 CEST
NL,KEEP,in master list,NICARAGUA-3GB-15D,B0FRB33MPG,,14.99,0,Active,AMAZON_EU,2026-07-01 10:03:48 CEST
NL,KEEP-PARENT,variation parent in Google Sheet,NICARAGUA-ESIM,B0H74W9WW2,,,0,Incomplete,DEFAULT,2026-07-01 10:03:45 CEST
NL,KEEP,in master list,NIGER-3GB-15D,B0FR9NPT1H,,17.99,0,Active,AMAZON_EU,2026-07-01 10:08:02 CEST
NL,KEEP-PARENT,variation parent in Google Sheet,NIGER-ESIM,B0H751J534,,,0,Incomplete,DEFAULT,2026-07-01 10:07:58 CEST
NL,KEEP,in master list,NIGERIA-3GB-15D,B0FR9X17QY,,14.99,0,Active,AMAZON_EU,2026-07-01 10:12:44 CEST
NL,KEEP-PARENT,variation parent in Google Sheet,NIGERIA-ESIM,B0H74XXT26,,,0,Incomplete,DEFAULT,2026-07-01 10:12:13 CEST
NL,KEEP,in master list,NORTH-AMERICA-5GB-30D,B0FRBDQ8H5,,16.99,0,Active,AMAZON_EU,2026-07-01 10:16:31 CEST
NL,KEEP-PARENT,variation parent in Google Sheet,NORTH-AMERICA-ESIM,B0H753CVHR,,,0,Incomplete,DEFAULT,2026-07-01 10:16:27 CEST
NL,KEEP,in master list,NORTH-MACEDONIA-3GB-15D,B0FRB59DJS,,9.99,0,Active,AMAZON_EU,2026-07-01 10:20:45 CEST
NL,KEEP,in master list,NORTH-MACEDONIA-5GB-30D,B0FR9WNHHX,,14.99,0,Active,AMAZON_EU,2026-07-01 10:24:35 CEST
NL,KEEP-PARENT,variation parent in Google Sheet,NORTH-MACEDONIA-ESIM,B0H756Y1J8,,,0,Incomplete,DEFAULT,2026-07-01 10:20:42 CEST
NL,KEEP,in master list,NORWAY-20GB-30D,B0FRB572L8,,15.99,0,Inactive,AMAZON_EU,2026-07-01 10:36:07 CEST
NL,KEEP,in master list,NORWAY-3GB-15D,B0FR9WNK2H,,8.99,0,Active,AMAZON_EU,2026-07-01 10:30:03 CEST
NL,KEEP,in master list,NORWAY-5GB-30D,B0FRBNPZ9D,,9.99,0,Active,AMAZON_EU,2026-07-01 10:32:30 CEST
NL,KEEP-PARENT,variation parent in Google Sheet,NORWAY-ESIM,B0H7573FS6,,,0,Incomplete,DEFAULT,2026-07-01 10:28:37 CEST
NL,KEEP,in master list,OMAN-20GB-30D,B0FRB4R3FK,,32.99,0,Active,AMAZON_EU,2026-07-01 10:45:15 CEST
NL,KEEP,in master list,OMAN-3GB-15D,B0FRB4BL4W,,11.99,0,Active,AMAZON_EU,2026-07-01 10:40:12 CEST
NL,KEEP-PARENT,variation parent in Google Sheet,OMAN-ESIM,B0H756CQ23,,,0,Incomplete,DEFAULT,2026-07-01 10:40:09 CEST
NL,KEEP,in master list,PAKISTAN-20GB-30D,B0FRB691X8,,22.99,0,Active,AMAZON_EU,2026-07-01 10:55:36 CEST
NL,KEEP,in master list,PAKISTAN-3GB-15D,B0FRB4HL3B,,8.99,0,Active,AMAZON_EU,2026-07-01 10:48:08 CEST
NL,KEEP,in master list,PAKISTAN-5GB-30D,B0FRB48QKZ,,10.99,0,Active,AMAZON_EU,2026-07-01 10:51:57 CEST
NL,KEEP-PARENT,variation parent in Google Sheet,PAKISTAN-ESIM,B0H74XYS4K,,,0,Incomplete,DEFAULT,2026-07-01 10:48:04 CEST
NL,KEEP,in master list,PANAMA-3GB-15D,B0FRB3VFW6,,17.99,0,Active,AMAZON_EU,2026-07-01 10:59:41 CEST
NL,KEEP-PARENT,variation parent in Google Sheet,PANAMA-ESIM,B0H758X7NT,,,0,Incomplete,DEFAULT,2026-07-01 10:59:38 CEST
NL,KEEP,in master list,PARAGUAY-3GB-15D,B0FRB3V7CS,,14.99,0,Active,AMAZON_EU,2026-07-01 11:04:24 CEST
NL,KEEP-PARENT,variation parent in Google Sheet,PARAGUAY-ESIM,B0H758BFYY,,,0,Incomplete,DEFAULT,2026-07-01 11:03:53 CEST
NL,KEEP,in master list,PERU-20GB-30D,B0H6M8BLBD,,42.99,0,Active,AMAZON_EU,2026-06-30 13:20:12 CEST
NL,KEEP,in master list,PERU-3GB-15D,B0H6M5WW3B,,14.99,0,Active,AMAZON_EU,2026-06-30 13:16:15 CEST
NL,KEEP-PARENT,variation parent in Google Sheet,PERU-ESIM,B0H71ZL3J5,,,0,Incomplete,DEFAULT,2026-06-30 13:16:12 CEST
NL,KEEP,in master list,PHILIPPINES-20GB-30D,B0FRB4K2D4,,23.99,0,Active,AMAZON_EU,2026-07-01 11:16:08 CEST
NL,KEEP,in master list,PHILIPPINES-3GB-15D,B0FRB1GVXK,,8.99,0,Active,AMAZON_EU,2026-07-01 11:08:13 CEST
NL,KEEP,in master list,PHILIPPINES-5GB-30D,B0FRB4VCKG,,10.99,0,Active,AMAZON_EU,2026-07-01 11:12:04 CEST
NL,KEEP-PARENT,variation parent in Google Sheet,PHILIPPINES-ESIM,B0H75852FK,,,0,Incomplete,DEFAULT,2026-07-01 11:08:09 CEST
NL,KEEP,in master list,POLAND-20GB-30D,B0FRB5HSK7,,15.99,0,Active,AMAZON_EU,2026-07-01 11:27:45 CEST
NL,KEEP,in master list,POLAND-3GB-15D,B0FRB4JVKR,,8.99,0,Active,AMAZON_EU,2026-07-01 11:20:44 CEST
NL,KEEP,in master list,POLAND-5GB-30D,B0FRBDPQ9J,,9.99,0,Active,AMAZON_EU,2026-07-01 11:23:40 CEST
NL,KEEP-PARENT,variation parent in Google Sheet,POLAND-ESIM,B0H7565FV6,,,0,Incomplete,DEFAULT,2026-07-01 11:19:46 CEST
NL,KEEP,in master list,PORTUGAL-20GB-30D,B0FRB354KV,,15.99,0,Active,AMAZON_EU,2026-07-01 11:39:45 CEST
NL,KEEP,in master list,PORTUGAL-3GB-15D,B0FRB4314T,,8.99,0,Active,AMAZON_EU,2026-07-01 11:31:26 CEST
NL,KEEP,in master list,PORTUGAL-5GB-30D,B0FRB4X799,,9.99,0,Active,AMAZON_EU,2026-07-01 11:35:41 CEST
NL,KEEP-PARENT,variation parent in Google Sheet,PORTUGAL-ESIM,B0H75GBS9V,,,0,Incomplete,DEFAULT,2026-07-01 11:31:23 CEST
NL,KEEP,in master list,PUERTO-RICO-3GB-15D,B0FRB5MSF1,,12.99,0,Active,AMAZON_EU,2026-07-01 11:43:31 CEST
NL,KEEP,in master list,PUERTO-RICO-5GB-30D,B0FR9WMX9V,,14.99,0,Active,AMAZON_EU,2026-07-01 11:47:43 CEST
NL,KEEP-PARENT,variation parent in Google Sheet,PUERTO-RICO-ESIM,B0H75L2F18,,,0,Incomplete,DEFAULT,2026-07-01 11:42:59 CEST
NL,KEEP,in master list,QATAR-20GB-30D,B0FR9X3QGM,,31.99,0,Active,AMAZON_EU,2026-07-01 11:58:30 CEST
NL,KEEP,in master list,QATAR-3GB-15D,B0FR9NXH43,,10.99,0,Active,AMAZON_EU,2026-07-01 11:51:26 CEST
NL,KEEP,in master list,QATAR-5GB-30D,B0FR9X5KB1,,17.99,0,Active,AMAZON_EU,2026-07-01 11:55:13 CEST
NL,KEEP-PARENT,variation parent in Google Sheet,QATAR-ESIM,B0H75MZ7LY,,,0,Incomplete,DEFAULT,2026-07-01 11:51:23 CEST
NL,KEEP,in master list,REPUBLIC-OF-THE-CONGO-20GB-30D,B0H6MJ756Y,,78.99,0,Active,AMAZON_EU,2026-06-30 19:46:30 CEST
NL,KEEP,in master list,REPUBLIC-OF-THE-CONGO-3GB-15D,B0H6MM6DKT,,22.99,0,Active,AMAZON_EU,2026-06-30 19:40:05 CEST
NL,KEEP,in master list,REPUBLIC-OF-THE-CONGO-5GB-30D,B0H6MBXD3B,,33.99,0,Active,AMAZON_EU,2026-06-30 19:43:12 CEST
NL,KEEP-PARENT,variation parent in Google Sheet,REPUBLIC-OF-THE-CONGO-ESIM,B0H72LJ89V,,,0,Incomplete,DEFAULT,2026-06-30 19:40:01 CEST
NL,KEEP,in master list,REUNION-3GB-15D,B0FRB3KCNQ,,8.99,0,Inactive,AMAZON_EU,2026-07-01 12:03:03 CEST
NL,KEEP,in master list,REUNION-5GB-30D,B0FRB47TQW,,9.99,0,Inactive,AMAZON_EU,2026-07-01 12:07:38 CEST
NL,KEEP-PARENT,variation parent in Google Sheet,REUNION-ESIM,B0H75JBWTV,,,0,Incomplete,DEFAULT,2026-07-01 12:02:31 CEST
NL,KEEP,in master list,ROMANIA-20GB-30D,B0H6MGRC1F,,15.99,0,Active,AMAZON_EU,2026-06-30 19:56:26 CEST
NL,KEEP,in master list,ROMANIA-3GB-15D,B0H6MKQH2C,,8.99,0,Active,AMAZON_EU,2026-06-30 19:49:51 CEST
NL,KEEP,in master list,ROMANIA-5GB-30D,B0H6MFVLCB,,9.99,0,Active,AMAZON_EU,2026-06-30 19:53:08 CEST
NL,KEEP-PARENT,variation parent in Google Sheet,ROMANIA-ESIM,B0H72K1B85,,,0,Incomplete,DEFAULT,2026-06-30 19:49:47 CEST
NL,KEEP,in master list,RUSSIA-20GB-30D,B0H6MDSLNC,,23.99,0,Active,AMAZON_EU,2026-06-30 20:05:52 CEST
NL,KEEP,in master list,RUSSIA-3GB-15D,B0H6MDNPC8,,9.99,0,Active,AMAZON_EU,2026-06-30 19:59:17 CEST
NL,KEEP,in master list,RUSSIA-5GB-30D,B0H6MLHHB2,,13.99,0,Active,AMAZON_EU,2026-06-30 20:02:44 CEST
NL,KEEP-PARENT,variation parent in Google Sheet,RUSSIA-ESIM,B0H72KYPN6,,,0,Incomplete,DEFAULT,2026-06-30 19:59:13 CEST
NL,KEEP,in master list,RWANDA-20GB-30D,B0H6M66BWN,,97.99,0,Active,AMAZON_EU,2026-06-30 20:15:38 CEST
NL,KEEP,in master list,RWANDA-3GB-15D,B0H6MK2ZBQ,,24.99,0,Active,AMAZON_EU,2026-06-30 20:09:23 CEST
NL,KEEP,in master list,RWANDA-5GB-30D,B0H6MJZHP1,,32.99,0,Active,AMAZON_EU,2026-06-30 20:12:41 CEST
NL,KEEP-PARENT,variation parent in Google Sheet,RWANDA-ESIM,B0H733Z28P,,,0,Incomplete,DEFAULT,2026-06-30 20:09:20 CEST
NL,KEEP,in master list,SAINT-BARTHELEMY-20GB-30D,B0H6MJHHNB,,16.99,0,Active,AMAZON_EU,2026-06-30 20:25:14 CEST
NL,KEEP,in master list,SAINT-BARTHELEMY-3GB-15D,B0H6MDMD63,,8.99,0,Active,AMAZON_EU,2026-06-30 20:19:10 CEST
NL,KEEP,in master list,SAINT-BARTHELEMY-5GB-30D,B0H6MBS246,,9.99,0,Active,AMAZON_EU,2026-06-30 20:22:28 CEST
NL,KEEP-PARENT,variation parent in Google Sheet,SAINT-BARTHELEMY-ESIM,B0H735CKBD,,,0,Incomplete,DEFAULT,2026-06-30 20:19:07 CEST
NL,KEEP,in master list,SAINT-KITTS-AND-NEVIS-20GB-30D,B0H6MJQSR4,,103.99,0,Active,AMAZON_EU,2026-06-30 20:34:59 CEST
NL,KEEP,in master list,SAINT-KITTS-AND-NEVIS-3GB-15D,B0H6MDHJ2B,,29.99,0,Active,AMAZON_EU,2026-06-30 20:28:56 CEST
NL,KEEP,in master list,SAINT-KITTS-AND-NEVIS-5GB-30D,B0H6MBK615,,38.99,0,Active,AMAZON_EU,2026-06-30 20:31:31 CEST
NL,KEEP-PARENT,variation parent in Google Sheet,SAINT-KITTS-AND-NEVIS-ESIM,B0H732JN4X,,,0,Incomplete,DEFAULT,2026-06-30 20:28:53 CEST
NL,KEEP,in master list,SAINT-LUCIA-20GB-30D,B0H6MDX8DY,,103.99,0,Active,AMAZON_EU,2026-06-30 20:44:02 CEST
NL,KEEP,in master list,SAINT-LUCIA-3GB-15D,B0H6M7Y1CD,,29.99,0,Active,AMAZON_EU,2026-06-30 20:38:09 CEST
NL,KEEP,in master list,SAINT-LUCIA-5GB-30D,B0H6MGBXNV,,38.99,0,Active,AMAZON_EU,2026-06-30 20:41:16 CEST
NL,KEEP-PARENT,variation parent in Google Sheet,SAINT-LUCIA-ESIM,B0H735HRWJ,,,0,Incomplete,DEFAULT,2026-06-30 20:38:06 CEST
NL,KEEP,in master list,SAINT-MARTIN-20GB-30D,B0H6MF7K64,,16.99,0,Active,AMAZON_EU,2026-06-30 20:53:47 CEST
NL,KEEP,in master list,SAINT-MARTIN-3GB-15D,B0H6MDB2CN,,8.99,0,Active,AMAZON_EU,2026-06-30 20:47:23 CEST
NL,KEEP,in master list,SAINT-MARTIN-5GB-30D,B0H6MC37Q1,,9.99,0,Active,AMAZON_EU,2026-06-30 20:50:50 CEST
NL,KEEP-PARENT,variation parent in Google Sheet,SAINT-MARTIN-ESIM,B0H739NQ28,,,0,Incomplete,DEFAULT,2026-06-30 20:47:19 CEST
NL,KEEP,in master list,SAINT-VINCENT-AND-THE-GRENADINES-3GB-15D,B0H6MF3FWZ,,34.99,0,Active,AMAZON_EU,2026-06-30 20:57:29 CEST
NL,KEEP,in master list,SAINT-VINCENT-AND-THE-GRENADINES-5GB-30D,B0H6MJXH8Z,,46.99,0,Active,AMAZON_EU,2026-06-30 21:00:36 CEST
NL,KEEP-PARENT,variation parent in Google Sheet,SAINT-VINCENT-AND-THE-GRENADINES-ESIM,B0H73HN5Q7,,,0,Incomplete,DEFAULT,2026-06-30 20:57:26 CEST
NL,KEEP,in master list,SAMOA-20GB-30D,B0H6MJQDSM,,295.99,0,Active,AMAZON_EU,2026-06-30 21:14:43 CEST
NL,KEEP,in master list,SAMOA-3GB-15D,B0H6MGJ45S,,58.99,0,Active,AMAZON_EU,2026-06-30 21:08:19 CEST
NL,KEEP,in master list,SAMOA-5GB-30D,B0H6MFFZH1,,80.99,0,Active,AMAZON_EU,2026-06-30 21:11:47 CEST
NL,KEEP-PARENT,variation parent in Google Sheet,SAMOA-ESIM,B0H73GRFNW,,,0,Incomplete,DEFAULT,2026-06-30 21:08:16 CEST
NL,KEEP,in master list,SAN-MARINO-20GB-30D,B0H6MDHJFJ,,16.99,0,Active,AMAZON_EU,2026-06-30 21:24:28 CEST
NL,KEEP,in master list,SAN-MARINO-3GB-15D,B0H6MG33GL,,8.99,0,Active,AMAZON_EU,2026-06-30 21:17:54 CEST
NL,KEEP,in master list,SAN-MARINO-5GB-30D,B0H6ML6C38,,9.99,0,Active,AMAZON_EU,2026-06-30 21:21:22 CEST
NL,KEEP-PARENT,variation parent in Google Sheet,SAN-MARINO-ESIM,B0H73M97VP,,,0,Incomplete,DEFAULT,2026-06-30 21:17:51 CEST
NL,KEEP,in master list,SAUDI-ARABIA-20GB-30D,B0FRB5PZTS,,33.99,0,Active,AMAZON_EU,2026-07-01 12:18:03 CEST
NL,KEEP,in master list,SAUDI-ARABIA-3GB-15D,B0FRB3N2KL,,11.99,0,Active,AMAZON_EU,2026-07-01 12:10:30 CEST
NL,KEEP,in master list,SAUDI-ARABIA-5GB-30D,B0FRB1SRZY,,14.99,0,Active,AMAZON_EU,2026-07-01 12:14:21 CEST
NL,KEEP-PARENT,variation parent in Google Sheet,SAUDI-ARABIA-ESIM,B0H75PCK1B,,,0,Incomplete,DEFAULT,2026-07-01 12:10:26 CEST
NL,KEEP,in master list,SENEGAL-3GB-15D,B0FRB4HX92,,16.99,0,Active,AMAZON_EU,2026-07-01 12:22:09 CEST
NL,KEEP,in master list,SENEGAL-5GB-30D,B0FRB68H77,,18.99,0,Active,AMAZON_EU,2026-07-01 12:26:01 CEST
NL,KEEP-PARENT,variation parent in Google Sheet,SENEGAL-ESIM,B0H75LYWHJ,,,0,Incomplete,DEFAULT,2026-07-01 12:22:05 CEST
NL,KEEP,in master list,SERBIA-20GB-30D,B0FRB5K8JC,,21.99,0,Inactive,AMAZON_EU,2026-07-01 12:33:47 CEST
NL,KEEP,in master list,SERBIA-3GB-15D,B0FRB5TJV2,,8.99,0,Active,AMAZON_EU,2026-07-01 12:29:55 CEST
NL,KEEP-PARENT,variation parent in Google Sheet,SERBIA-ESIM,B0H75N6RFT,,,0,Incomplete,DEFAULT,2026-07-01 12:29:52 CEST
NL,KEEP,in master list,SEYCHELLES-3GB-15D,B0FRB55T3H,,17.99,0,Active,AMAZON_EU,2026-07-01 12:38:21 CEST
NL,KEEP,in master list,SEYCHELLES-5GB-30D,B0FR9P7N6M,,28.99,0,Active,AMAZON_EU,2026-07-01 12:41:45 CEST
NL,KEEP-PARENT,variation parent in Google Sheet,SEYCHELLES-ESIM,B0H75NDFHN,,,0,Incomplete,DEFAULT,2026-07-01 12:37:50 CEST
NL,KEEP,in master list,SIERRA-LEONE-20GB-30D,B0H6ML1JW1,,94.99,0,Active,AMAZON_EU,2026-06-30 21:34:25 CEST
NL,KEEP,in master list,SIERRA-LEONE-3GB-15D,B0H6MHPWKP,,26.99,0,Active,AMAZON_EU,2026-06-30 21:29:34 CEST
NL,KEEP,in master list,SIERRA-LEONE-5GB-30D,B0H6MBK6HZ,,33.99,0,Active,AMAZON_EU,2026-06-30 21:31:19 CEST
NL,KEEP-PARENT,variation parent in Google Sheet,SIERRA-LEONE-ESIM,B0H73JC3YH,,,0,Incomplete,DEFAULT,2026-06-30 21:28:08 CEST
NL,KEEP,in master list,SINGAPORE-20GB-30D,B0FRB256K8,,15.99,0,Active,AMAZON_EU,2026-07-01 12:49:42 CEST
NL,KEEP,in master list,SINGAPORE-5GB-30D,B0FR9X3Y3R,,9.99,0,Active,AMAZON_EU,2026-07-01 12:45:51 CEST
NL,KEEP-PARENT,variation parent in Google Sheet,SINGAPORE-ESIM,B0H75SN8D1,,,0,Incomplete,DEFAULT,2026-07-01 12:45:47 CEST
NL,KEEP,in master list,SLOVAKIA-20GB-30D,B0FRB14YYC,,15.99,0,Active,AMAZON_EU,2026-07-01 13:00:52 CEST
NL,KEEP,in master list,SLOVAKIA-3GB-15D,B0FR9XC4BW,,8.99,0,Active,AMAZON_EU,2026-07-01 12:53:35 CEST
NL,KEEP,in master list,SLOVAKIA-5GB-30D,B0FRB2X84M,,9.99,0,Active,AMAZON_EU,2026-07-01 12:57:25 CEST
NL,KEEP-PARENT,variation parent in Google Sheet,SLOVAKIA-ESIM,B0H75RDLZF,,,0,Incomplete,DEFAULT,2026-07-01 12:53:32 CEST
NL,KEEP,in master list,SLOVENIA-20GB-30D,B0FR9X15V2,,15.99,0,Active,AMAZON_EU,2026-07-01 13:12:26 CEST
NL,KEEP,in master list,SLOVENIA-3GB-15D,B0FR9XCF27,,8.99,0,Active,AMAZON_EU,2026-07-01 13:04:55 CEST
NL,KEEP,in master list,SLOVENIA-5GB-30D,B0FRB3SJMR,,9.99,0,Active,AMAZON_EU,2026-07-01 13:08:45 CEST
NL,KEEP-PARENT,variation parent in Google Sheet,SLOVENIA-ESIM,B0H75QZCZ5,,,0,Incomplete,DEFAULT,2026-07-01 13:04:51 CEST
NL,KEEP,in master list,SOUTH-AFRICA-5GB-30D,B0FRB3R6F3,,15.99,0,Active,AMAZON_EU,2026-07-07 13:00:52 CEST
NL,KEEP-PARENT,variation parent in Google Sheet,SOUTH-AFRICA-ESIM,B0H75KJ4NR,,,0,Incomplete,DEFAULT,2026-07-01 13:16:28 CEST
NL,KEEP,in master list,SOUTH-AMERICA-5GB-30D,B0FRB8D7HC,,21.99,0,Active,AMAZON_EU,2026-07-01 13:21:14 CEST
NL,KEEP-PARENT,variation parent in Google Sheet,SOUTH-AMERICA-ESIM,B0H75QK158,,,0,Incomplete,DEFAULT,2026-07-01 13:20:43 CEST
NL,KEEP,in master list,SOUTH-KOREA-20GB-30D,B0FRC4P51Z,,15.99,0,Inactive,AMAZON_EU,2026-07-01 13:33:47 CEST
NL,KEEP,in master list,SOUTH-KOREA-3GB-15D,B0FRC4RTDF,,8.99,0,Active,AMAZON_EU,2026-07-01 13:25:03 CEST
NL,KEEP,in master list,SOUTH-KOREA-5GB-30D,B0FRD9LC4C,,9.99,0,Inactive,AMAZON_EU,2026-07-01 13:28:53 CEST
NL,KEEP-PARENT,variation parent in Google Sheet,SOUTH-KOREA-ESIM,B0H75NLWZD,,,0,Incomplete,DEFAULT,2026-07-01 13:24:59 CEST
NL,KEEP,in master list,SPAIN-20GB-30D,B0FRCMPGPL,,15.99,0,Inactive,AMAZON_EU,2026-07-01 13:44:15 CEST
NL,KEEP,in master list,SPAIN-3GB-15D,B0FRCDHTZ7,,8.99,0,Active,AMAZON_EU,2026-07-01 13:36:41 CEST
NL,KEEP,in master list,SPAIN-5GB-30D,B0FRBQCLZN,,9.99,0,Active,AMAZON_EU,2026-07-01 13:40:34 CEST
NL,KEEP-PARENT,variation parent in Google Sheet,SPAIN-ESIM,B0H75QMXZF,,,0,Incomplete,DEFAULT,2026-07-01 13:36:37 CEST
NL,KEEP,in master list,SRI-LANKA-20GB-30D,B0FRC2DZN5,,28.99,0,Active,AMAZON_EU,2026-07-01 13:55:52 CEST
NL,KEEP,in master list,SRI-LANKA-3GB-15D,B0FRB7Z1NW,,10.99,0,Active,AMAZON_EU,2026-07-01 13:48:21 CEST
NL,KEEP,in master list,SRI-LANKA-5GB-30D,B0FRB64B8M,,12.99,0,Active,AMAZON_EU,2026-07-01 13:52:13 CEST
NL,KEEP-PARENT,variation parent in Google Sheet,SRI-LANKA-ESIM,B0H75RT1GM,,,0,Incomplete,DEFAULT,2026-07-01 13:48:17 CEST
NL,KEEP,in master list,SUDAN-3GB-15D,B0FRCKTXNQ,,22.99,0,Active,AMAZON_EU,2026-07-01 13:59:57 CEST
NL,KEEP,in master list,SUDAN-5GB-30D,B0FRC799N3,,30.99,0,Active,AMAZON_EU,2026-07-01 14:03:51 CEST
NL,KEEP-PARENT,variation parent in Google Sheet,SUDAN-ESIM,B0H75YQ36S,,,0,Incomplete,DEFAULT,2026-07-01 13:59:53 CEST
NL,KEEP,in master list,SURINAME-20GB-30D,B0H6MNKY5H,,74.99,0,Active,AMAZON_EU,2026-06-30 21:44:09 CEST
NL,KEEP,in master list,SURINAME-3GB-15D,B0H6MLWJMY,,19.99,0,Active,AMAZON_EU,2026-06-30 21:37:46 CEST
NL,KEEP,in master list,SURINAME-5GB-30D,B0H6MNS3N5,,32.99,0,Active,AMAZON_EU,2026-06-30 21:41:02 CEST
NL,KEEP-PARENT,variation parent in Google Sheet,SURINAME-ESIM,B0H73FQT28,,,0,Incomplete,DEFAULT,2026-06-30 21:37:43 CEST
NL,KEEP,in master list,SVG-20GB-30D,B0H6MWF5B5,,125.99,0,Active,AMAZON_EU,2026-06-30 21:04:17 CEST
NL,KEEP-PARENT,variation parent in Google Sheet,SVG-ESIM,B0H73M6393,,,0,Incomplete,DEFAULT,2026-06-30 21:04:14 CEST
NL,KEEP,in master list,SWEDEN-20GB-30D,B0FRB7X5SP,,15.99,0,Inactive,AMAZON_EU,2026-07-01 14:15:07 CEST
NL,KEEP,in master list,SWEDEN-3GB-15D,B0FRCC6W9S,,8.99,0,Active,AMAZON_EU,2026-07-01 14:07:33 CEST
NL,KEEP,in master list,SWEDEN-5GB-30D,B0FRCS524D,,9.99,0,Inactive,AMAZON_EU,2026-07-01 14:11:26 CEST
NL,KEEP-PARENT,variation parent in Google Sheet,SWEDEN-ESIM,B0H75Y54M6,,,0,Incomplete,DEFAULT,2026-07-01 14:07:29 CEST
NL,KEEP,in master list,SWITZERLAND-20GB-30D,B0FRB6VY7S,,15.99,0,Inactive,AMAZON_EU,2026-07-01 14:28:01 CEST
NL,KEEP,in master list,SWITZERLAND-3GB-15D,B0FRB5LFVC,,8.99,0,Active,AMAZON_EU,2026-07-01 14:19:41 CEST
NL,KEEP,in master list,SWITZERLAND-5GB-30D,B0FRB7G4VW,,9.99,0,Active,AMAZON_EU,2026-07-01 14:23:05 CEST
NL,KEEP-PARENT,variation parent in Google Sheet,SWITZERLAND-ESIM,B0H75V3NJY,,,0,Incomplete,DEFAULT,2026-07-01 14:19:09 CEST
NL,KEEP,in master list,TAJIKISTAN-20GB-30D,B0H6M85C77,,41.99,0,Active,AMAZON_EU,2026-06-30 21:54:13 CEST
NL,KEEP,in master list,TAJIKISTAN-3GB-15D,B0H6M7XFN6,,15.99,0,Active,AMAZON_EU,2026-06-30 21:47:40 CEST
NL,KEEP,in master list,TAJIKISTAN-5GB-30D,B0H6MFYMXZ,,16.99,0,Active,AMAZON_EU,2026-06-30 21:51:17 CEST
NL,KEEP-PARENT,variation parent in Google Sheet,TAJIKISTAN-ESIM,B0H72VJ2PC,,,0,Incomplete,DEFAULT,2026-06-30 21:47:36 CEST
NL,KEEP,in master list,TANZANIA-3GB-15D,B0FRC81NPJ,,16.99,0,Active,AMAZON_EU,2026-07-01 14:31:50 CEST
NL,KEEP-PARENT,variation parent in Google Sheet,TANZANIA-ESIM,B0H75WH5W3,,,0,Incomplete,DEFAULT,2026-07-01 14:30:51 CEST
NL,KEEP,in master list,THAILAND-20GB-30D,B0FRCHW3MW,,15.99,0,Inactive,AMAZON_EU,2026-07-01 14:42:43 CEST
NL,KEEP,in master list,THAILAND-3GB-15D,B0FRCDPJSH,,8.99,0,Active,AMAZON_EU,2026-07-01 14:35:39 CEST
NL,KEEP,in master list,THAILAND-5GB-30D,B0FR9Q5D1J,,9.99,0,Active,AMAZON_EU,2026-07-01 14:39:50 CEST
NL,KEEP-PARENT,variation parent in Google Sheet,THAILAND-ESIM,B0H761NVKL,,,0,Incomplete,DEFAULT,2026-07-01 14:35:08 CEST
NL,KEEP,in master list,TRINIDAD-AND-TOBAGO-20GB-30D,B0H6MF31VP,,96.99,0,Active,AMAZON_EU,2026-06-30 22:04:38 CEST
NL,KEEP,in master list,TRINIDAD-AND-TOBAGO-3GB-15D,B0H6MJTHXK,,22.99,0,Active,AMAZON_EU,2026-06-30 21:57:54 CEST
NL,KEEP,in master list,TRINIDAD-AND-TOBAGO-5GB-30D,B0H6MJTHY9,,33.99,0,Active,AMAZON_EU,2026-06-30 22:01:11 CEST
NL,KEEP-PARENT,variation parent in Google Sheet,TRINIDAD-AND-TOBAGO-ESIM,B0H735M6HT,,,0,Incomplete,DEFAULT,2026-06-30 21:57:51 CEST
NL,KEEP,in master list,TUNISIA-5GB-30D,B0FRB7Q96Z,,11.99,0,Inactive,AMAZON_EU,2026-07-01 14:46:48 CEST
NL,KEEP-PARENT,variation parent in Google Sheet,TUNISIA-ESIM,B0H75WFC8B,,,0,Incomplete,DEFAULT,2026-07-01 14:46:44 CEST
NL,KEEP,in master list,TURKEY-20GB-30D,B0FRCYMWCX,,17.99,0,Inactive,AMAZON_EU,2026-07-01 14:59:47 CEST
NL,KEEP,in master list,TURKEY-3GB-15D,B0FRC2PSHM,,8.99,0,Active,AMAZON_EU,2026-07-01 14:51:03 CEST
NL,KEEP,in master list,TURKEY-5GB-30D,B0FRCBZ1BB,,8.99,0,Active,AMAZON_EU,2026-07-01 14:54:54 CEST
NL,KEEP-PARENT,variation parent in Google Sheet,TURKEY-ESIM,B0H75TPCVM,,,0,Incomplete,DEFAULT,2026-07-01 14:51:00 CEST
NL,KEEP,in master list,TURKS-AND-CAICOS-ISLANDS-20GB-30D,B0H6MLBGX7,,90.99,0,Active,AMAZON_EU,2026-06-30 22:14:23 CEST
NL,KEEP,in master list,TURKS-AND-CAICOS-ISLANDS-3GB-15D,B0H6MNNXGL,,23.99,0,Active,AMAZON_EU,2026-06-30 22:07:49 CEST
NL,KEEP,in master list,TURKS-AND-CAICOS-ISLANDS-5GB-30D,B0H6MLH1KM,,29.99,0,Active,AMAZON_EU,2026-06-30 22:11:27 CEST
NL,KEEP-PARENT,variation parent in Google Sheet,TURKS-AND-CAICOS-ISLANDS-ESIM,B0H7396MMZ,,,0,Incomplete,DEFAULT,2026-06-30 22:07:45 CEST
NL,KEEP,in master list,UGANDA-3GB-15D,B0FRB7F7Z9,,18.99,0,Active,AMAZON_EU,2026-07-01 15:02:46 CEST
NL,KEEP-PARENT,variation parent in Google Sheet,UGANDA-ESIM,B0H75XTV3X,,,0,Incomplete,DEFAULT,2026-07-01 15:02:43 CEST
NL,KEEP,in master list,UKRAINE-3GB-15D,B0FRB9SBFR,,8.99,0,Active,AMAZON_EU,2026-07-01 15:06:34 CEST
NL,KEEP,in master list,UKRAINE-5GB-30D,B0FRC2NRKG,,9.99,0,Inactive,AMAZON_EU,2026-07-01 15:10:25 CEST
NL,KEEP-PARENT,variation parent in Google Sheet,UKRAINE-ESIM,B0H75TLTZJ,,,0,Incomplete,DEFAULT,2026-07-01 15:06:30 CEST
NL,KEEP,in master list,UNITED-ARAB-EMIRATES-3GB-15D,B0FRBBYBGH,,12.99,0,Active,AMAZON_EU,2026-07-01 15:14:57 CEST
NL,KEEP-PARENT,variation parent in Google Sheet,UNITED-ARAB-EMIRATES-ESIM,B0H75ZTR9K,,,0,Incomplete,DEFAULT,2026-07-01 15:14:26 CEST
NL,KEEP,in master list,UNITED-KINGDOM-3GB-15D,B0FRCPD8TS,,8.99,0,Active,AMAZON_EU,2026-07-01 15:26:07 CEST
NL,KEEP,in master list,UNITED-KINGDOM-5GB-30D,B0FRDDRGJF,,9.99,0,Active,AMAZON_EU,2026-07-07 13:01:19 CEST
NL,KEEP-PARENT,variation parent in Google Sheet,UNITED-KINGDOM-ESIM,B0H75YYLLD,,,0,Incomplete,DEFAULT,2026-07-01 15:26:03 CEST
NL,KEEP,in master list,UNITED-STATES-3GB-15D,B0FRCFXK3V,,8.99,0,Active,AMAZON_EU,2026-07-01 15:37:43 CEST
NL,KEEP,in master list,UNITED-STATES-5GB-30D,B0FRC2PQ8H,,9.99,0,Active,AMAZON_EU,2026-07-07 12:57:58 CEST
NL,KEEP-PARENT,variation parent in Google Sheet,UNITED-STATES-ESIM,B0H75XP8DB,,,0,Incomplete,DEFAULT,2026-07-01 15:37:40 CEST
NL,KEEP,in master list,URUGUAY-3GB-15D,B0FRB7LHGN,,17.99,0,Active,AMAZON_EU,2026-07-01 15:45:39 CEST
NL,KEEP-PARENT,variation parent in Google Sheet,URUGUAY-ESIM,B0H764NCC1,,,0,Incomplete,DEFAULT,2026-07-01 15:45:36 CEST
NL,KEEP,in master list,UZBEKISTAN-5GB-30D,B0FRBWFZ6M,,9.99,0,Active,AMAZON_EU,2026-07-01 15:49:54 CEST
NL,KEEP-PARENT,variation parent in Google Sheet,UZBEKISTAN-ESIM,B0H764QT7J,,,0,Incomplete,DEFAULT,2026-07-01 15:49:51 CEST
NL,KEEP,in master list,VATICAN-CITY-20GB-30D,B0H6MDPLZ9,,15.99,0,Active,AMAZON_EU,2026-06-30 22:24:18 CEST
NL,KEEP,in master list,VATICAN-CITY-3GB-15D,B0H6MBMF8G,,8.99,0,Active,AMAZON_EU,2026-06-30 22:17:54 CEST
NL,KEEP,in master list,VATICAN-CITY-5GB-30D,B0H6M7YXNP,,9.99,0,Active,AMAZON_EU,2026-06-30 22:21:01 CEST
NL,KEEP-PARENT,variation parent in Google Sheet,VATICAN-CITY-ESIM,B0H73BYCF3,,,0,Incomplete,DEFAULT,2026-06-30 22:17:50 CEST
NL,KEEP,in master list,VIETNAM-20GB-30D,B0FRC2NKC4,,22.99,0,Active,AMAZON_EU,2026-07-01 16:02:28 CEST
NL,KEEP,in master list,VIETNAM-3GB-15D,B0FRBR2DHW,,8.99,0,Inactive,AMAZON_EU,2026-07-01 15:54:10 CEST
NL,KEEP,in master list,VIETNAM-5GB-30D,B0FRCBXRGV,,10.99,0,Active,AMAZON_EU,2026-07-01 15:58:24 CEST
NL,KEEP-PARENT,variation parent in Google Sheet,VIETNAM-ESIM,B0H75Y7D6Z,,,0,Incomplete,DEFAULT,2026-07-01 15:54:06 CEST
NL,KEEP,in master list,ZAMBIA-3GB-15D,B0FRC2NSM2,,17.99,0,Active,AMAZON_EU,2026-07-01 16:06:13 CEST
NL,KEEP,in master list,ZAMBIA-5GB-30D,B0FRCL97L4,,28.99,0,Active,AMAZON_EU,2026-07-01 16:09:37 CEST
NL,KEEP-PARENT,variation parent in Google Sheet,ZAMBIA-ESIM,B0H764RLGN,,,0,Incomplete,DEFAULT,2026-07-01 16:05:42 CEST
BE,DELETE,not in master list,AE_20_30,B0FRB7TFJR,,41.85,0,Active,AMAZON_EU,2026-03-25 09:31:17 CET
BE,DELETE,not in master list,AE_3_15,B0FRBBYBGH,,10.43,0,Active,AMAZON_EU,2026-03-25 09:39:14 CET
BE,DELETE,not in master list,AE_5_30,B0FRB89XHX,,,0,Incomplete,AMAZON_EU,2026-03-25 06:11:08 CET
BE,DELETE,not in master list,AU_20_30,B0FR9G1ZQJ,,15.1,0,Active,AMAZON_EU,2026-03-27 09:36:02 CET
BE,DELETE,not in master list,AU_3_15,B0FR9SKY4D,,6.4,0,Active,AMAZON_EU,2026-03-27 11:48:20 CET
BE,DELETE,not in master list,AU_5_30,B0FR9JRB62,,8.13,0,Active,AMAZON_EU,2026-03-25 10:13:06 CET
BE,DELETE,not in master list,BE_20_30,B0FR9BVRCH,,19.2,0,Active,AMAZON_EU,2026-03-27 11:51:15 CET
BE,DELETE,not in master list,BE_3_15,B0FR9G432K,,6.98,0,Active,AMAZON_EU,2026-03-27 09:43:33 CET
BE,DELETE,not in master list,BE_5_30,B0FR9SXCW6,,8.13,0,Active,AMAZON_EU,2026-03-27 12:01:46 CET
BE,DELETE,not in master list,CA_20_30,B0FR9BY42D,,29.75,0,Inactive,AMAZON_EU,2026-03-27 09:37:32 CET
BE,DELETE,not in master list,CA_3_15,B0FR9RZLF3,,12.31,0,Inactive,AMAZON_EU,2026-03-27 11:42:10 CET
BE,DELETE,not in master list,CA_5_30,B0FR9SYCBK,,15.77,0,Inactive,AMAZON_EU,2026-03-27 09:45:29 CET
BE,DELETE,not in master list,CH_20_30,B0FRB6VY7S,,,0,Incomplete,AMAZON_EU,2026-03-25 06:14:05 CET
BE,DELETE,not in master list,CH_3_15,B0FRB5LFVC,,5.83,0,Active,AMAZON_EU,2026-03-25 10:11:55 CET
BE,DELETE,not in master list,CH_5_30,B0FRB7G4VW,,,0,Incomplete,AMAZON_EU,2026-03-25 06:16:49 CET
BE,DELETE,not in master list,CN_20_30,B0FR9GD6X9,,19.14,0,Inactive,AMAZON_EU,2026-03-27 10:59:30 CET
BE,DELETE,not in master list,CN_3_15,B0FR9QZ578,,6.98,0,Active,AMAZON_EU,2026-03-25 10:05:22 CET
BE,DELETE,not in master list,CN_5_30,B0FR9HX7XH,,9.3,0,Active,AMAZON_EU,2026-03-25 10:13:16 CET
BE,DELETE,not in master list,DE_20_30,B0GSZP9H94,,32.66,0,Active,AMAZON_EU,2026-03-27 11:16:35 CET
BE,DELETE,not in master list,DE_3_15,B0GSZBMLKV,,10.01,0,Active,AMAZON_EU,2026-03-27 11:17:08 CET
BE,DELETE,not in master list,DE_5_30,B0GSZDYWLZ,,11.75,0,Active,AMAZON_EU,2026-03-27 10:54:02 CET
BE,DELETE,not in master list,EG_20_30,B0FR9GQBGL,,34.79,0,Active,AMAZON_EU,2026-03-27 10:59:19 CET
BE,DELETE,not in master list,EG_3_15,B0FR9C784N,,10.43,0,Active,AMAZON_EU,2026-03-27 11:42:58 CET
BE,DELETE,not in master list,EG_3_30,B0FR9GNL93,,14.59,0,Inactive,AMAZON_EU,2026-03-27 11:53:45 CET
BE,DELETE,not in master list,ES_20_30,B0FRCMPGPL,,17.39,0,Inactive,AMAZON_EU,2026-03-27 11:39:18 CET
BE,DELETE,not in master list,ES_3_15,B0FRCDHTZ7,,6.98,0,Active,AMAZON_EU,2026-03-25 10:09:38 CET
BE,DELETE,not in master list,ES_5_30,B0FRBQCLZN,,9.29,0,Active,AMAZON_EU,2026-03-25 13:27:15 CET
BE,DELETE,not in master list,FR_20_30,B0FR9GPMC5,,22.65,0,Active,AMAZON_EU,2026-03-28 19:03:28 CET
BE,DELETE,not in master list,FR_3_15,B0FR9C5ZB6,,8.14,0,Active,AMAZON_EU,2026-03-25 06:08:23 CET
BE,DELETE,not in master list,FR_5_30,B0FR9LMDW5,,10.44,0,Active,AMAZON_EU,2026-04-12 13:27:51 CEST
BE,DELETE,not in master list,GB_20_30,B0FRDGCBTN,,,0,Incomplete,AMAZON_EU,2026-03-25 06:09:40 CET
BE,DELETE,not in master list,GB_3_15,B0FRCPD8TS,,,0,Incomplete,AMAZON_EU,2026-03-25 06:15:47 CET
BE,DELETE,not in master list,GB_5_30,B0FRDDRGJF,,,0,Incomplete,AMAZON_EU,2026-03-25 06:22:12 CET
BE,DELETE,not in master list,GR_20_30,B0FR9KJGBG,,19.18,0,Active,AMAZON_EU,2026-03-25 09:22:30 CET
BE,DELETE,not in master list,GR_3_15,B0FR9L85F6,,5.82,0,Active,AMAZON_EU,2026-03-25 10:23:31 CET
BE,DELETE,not in master list,GR_5_30,B0FR9C7SMF,,5.24,0,Active,AMAZON_EU,2026-03-27 11:22:50 CET
BE,DELETE,not in master list,HAJJ-LUX-10GB-30D,B0H3L75HDS,,71.99,0,Inactive,AMAZON_EU,2026-06-10 12:32:58 CEST
BE,DELETE,not in master list,HAJJ-LUXURY-ESIM,B0H721Z95F,,,0,Incomplete,DEFAULT,2026-06-30 13:08:42 CEST
BE,DELETE,not in master list,HK_20_30,B0FR9GXZ6F,,17.39,0,Active,AMAZON_EU,2026-03-27 09:47:20 CET
BE,DELETE,not in master list,HK_3_15,B0FR9CC6Q8,,5.83,0,Active,AMAZON_EU,2026-03-25 13:23:57 CET
BE,DELETE,not in master list,HK_5_30,B0FR9GXYYL,,2.35,0,Active,AMAZON_EU,2026-03-25 11:31:04 CET
BE,DELETE,not in master list,ID_20_30,B0FR9QXRDQ,,16.24,0,Active,AMAZON_EU,2026-03-27 11:32:05 CET
BE,DELETE,not in master list,ID_3_15,B0FR9T6QPZ,,5.82,0,Active,AMAZON_EU,2026-03-27 13:19:55 CET
BE,DELETE,not in master list,ID_5_30,B0FR8XW5DR,,4.09,0,Active,AMAZON_EU,2026-03-27 09:58:06 CET
BE,DELETE,not in master list,IE_20_30,B0FR9SZG2Z,,17.39,0,Active,AMAZON_EU,2026-03-27 11:53:40 CET
BE,DELETE,not in master list,IE_3_15,B0FR8XV57F,,5.82,0,Active,AMAZON_EU,2026-03-27 10:27:42 CET
BE,DELETE,not in master list,IE_5_30,B0FR9GYKQL,,5.24,0,Active,AMAZON_EU,2026-03-25 10:41:30 CET
BE,DELETE,not in master list,IN_20_30,B0FR9DYMHX,,40.63,0,Active,AMAZON_EU,2026-03-25 06:14:13 CET
BE,DELETE,not in master list,IN_3_15,B0FR9ZM116,,11.58,0,Active,AMAZON_EU,2026-03-27 10:38:19 CET
BE,DELETE,not in master list,IN_5_30,B0FR9GXWN9,,16.24,0,Active,AMAZON_EU,2026-03-27 13:26:49 CET
BE,DELETE,not in master list,IT_20_30,B0FR9RNZV2,,16.24,0,Active,AMAZON_EU,2026-03-25 09:41:04 CET
BE,DELETE,not in master list,IT_3_15,B0FR9GXZ18,,5.83,0,Active,AMAZON_EU,2026-03-25 13:49:00 CET
BE,DELETE,not in master list,IT_5_30,B0FR9ZR2TH,,4.09,0,Active,AMAZON_EU,2026-03-25 09:24:22 CET
BE,DELETE,not in master list,JP_20_30,B0FR9RZKRB,,16.26,0,Active,AMAZON_EU,2026-03-25 11:07:25 CET
BE,DELETE,not in master list,JP_3_15,B0FR9LVZVQ,,5.83,0,Active,AMAZON_EU,2026-03-25 10:43:13 CET
BE,DELETE,not in master list,JP_5_30,B0FR9TLXXH,,4.09,0,Active,AMAZON_EU,2026-03-25 10:04:10 CET
BE,DELETE,not in master list,KE_3_15,B0FR9GZ14G,,25.58,0,Active,AMAZON_EU,2026-03-25 10:06:26 CET
BE,DELETE,not in master list,KE_5_30,B0FR9T4DG6,,34.85,0,Active,AMAZON_EU,2026-03-27 10:53:55 CET
BE,DELETE,not in master list,MA_20_30,B0FR9M57DY,,29.05,0,Active,AMAZON_EU,2026-03-27 09:42:43 CET
BE,DELETE,not in master list,MA_3_15,B0FR9CFZQR,,8.13,0,Active,AMAZON_EU,2026-03-27 11:49:27 CET
BE,DELETE,not in master list,MA_5_30,B0FR9CDDQ8,,8.72,0,Active,AMAZON_EU,2026-03-27 09:34:20 CET
BE,DELETE,not in master list,MY_20_30,B0FR9VMWYD,,16.24,0,Active,AMAZON_EU,2026-03-27 11:07:07 CET
BE,DELETE,not in master list,MY_3_15,B0FR9H1Q65,,5.82,0,Active,AMAZON_EU,2026-03-27 15:41:27 CET
BE,DELETE,not in master list,MY_5_30,B0FR9LDGX8,,8.13,0,Active,AMAZON_EU,2026-03-27 11:30:28 CET
BE,DELETE,not in master list,NL_20_30,B0FR9NG7LB,,20.35,0,Active,AMAZON_EU,2026-03-25 12:25:14 CET
BE,DELETE,not in master list,NL_3_15,B0FRB5GNM2,,5.82,0,Active,AMAZON_EU,2026-03-25 13:28:30 CET
BE,DELETE,not in master list,NL_5_30,B0FR9NHP7Q,,5.24,0,Active,AMAZON_EU,2026-03-27 11:27:57 CET
BE,DELETE,not in master list,PH_20_30,B0FRB4K2D4,,33.7,0,Active,AMAZON_EU,2026-03-27 09:30:02 CET
BE,DELETE,not in master list,PH_3_15,B0FRB1GVXK,,9.29,0,Active,AMAZON_EU,2026-03-27 10:22:40 CET
BE,DELETE,not in master list,PH_5_30,B0FRB4VCKG,,12.78,0,Active,AMAZON_EU,2026-03-27 10:18:03 CET
BE,DELETE,not in master list,PL_20_30,B0FRB5HSK7,,16.24,0,Active,AMAZON_EU,2026-03-25 10:42:38 CET
BE,DELETE,not in master list,PL_3_15,B0FRB4JVKR,,5.82,0,Active,AMAZON_EU,2026-03-27 11:35:56 CET
BE,DELETE,not in master list,PL_5_30,B0FRBDPQ9J,,4.09,0,Active,AMAZON_EU,2026-03-27 14:50:18 CET
BE,DELETE,not in master list,PT_20_30,B0FRB354KV,,20.35,0,Active,AMAZON_EU,2026-03-27 09:30:26 CET
BE,DELETE,not in master list,PT_3_15,B0FRB4314T,,5.82,0,Active,AMAZON_EU,2026-03-27 11:50:10 CET
BE,DELETE,not in master list,PT_5_30,B0FRB4X799,,5.24,0,Active,AMAZON_EU,2026-03-25 11:00:27 CET
BE,DELETE,not in master list,SG_20_30,B0FRB256K8,,17.4,0,Active,AMAZON_EU,2026-03-27 10:49:49 CET
BE,DELETE,not in master list,SG_3_30,B0FRB3KY59,,12.33,0,Inactive,AMAZON_EU,2026-03-27 10:49:33 CET
BE,DELETE,not in master list,SG_5_30,B0FR9X3Y3R,,9.28,0,Active,AMAZON_EU,2026-03-27 11:02:11 CET
BE,DELETE,not in master list,SN_3_15,B0FRB4HX92,,29.06,0,Active,AMAZON_EU,2026-03-25 12:35:08 CET
BE,DELETE,not in master list,SN_5_30,B0FRB68H77,,42.96,0,Active,AMAZON_EU,2026-03-25 13:03:11 CET
BE,DELETE,not in master list,TH_20_30,B0FRCHW3MW,,17.41,0,Inactive,AMAZON_EU,2026-03-25 13:15:18 CET
BE,DELETE,not in master list,TH_3_15,B0FRCDPJSH,,,0,Incomplete,AMAZON_EU,2026-03-25 06:17:14 CET
BE,DELETE,not in master list,TH_5_30,B0FR9Q5D1J,,4.09,0,Active,AMAZON_EU,2026-03-25 14:19:09 CET
BE,DELETE,not in master list,TN_10_30,B0FRB85GLD,,23.37,0,Inactive,AMAZON_EU,2026-03-25 13:41:25 CET
BE,DELETE,not in master list,TN_3_30,B0FRCKZKVY,,,0,Incomplete,AMAZON_EU,2026-03-25 06:15:19 CET
BE,DELETE,not in master list,TN_5_30,B0FRB7Q96Z,,13.94,0,Inactive,AMAZON_EU,2026-03-25 12:19:44 CET
BE,DELETE,not in master list,TR_20_30,B0FRCYMWCX,,,0,Incomplete,AMAZON_EU,2026-03-25 06:24:48 CET
BE,DELETE,not in master list,TR_3_15,B0FRC2PSHM,,,0,Incomplete,AMAZON_EU,2026-03-25 06:32:40 CET
BE,DELETE,not in master list,TR_5_30,B0FRCBZ1BB,,,0,Incomplete,AMAZON_EU,2026-03-25 06:20:01 CET
BE,DELETE,not in master list,TZ_3_15,B0FRC81NPJ,,,0,Incomplete,AMAZON_EU,2026-03-25 06:17:39 CET
BE,DELETE,not in master list,US_20_90,B0FRB9JP2K,,26.21,0,Inactive,AMAZON_EU,2026-03-25 10:35:44 CET
BE,DELETE,not in master list,US_3_15,B0FRCFXK3V,,6.98,0,Active,AMAZON_EU,2026-03-25 10:26:08 CET
BE,DELETE,not in master list,US_5_30,B0FRC2PQ8H,,5.83,0,Active,AMAZON_EU,2026-03-25 11:37:45 CET
BE,DELETE,not in master list,VN_20_30,B0FRC2NKC4,,,0,Incomplete,AMAZON_EU,2026-03-25 06:16:19 CET
BE,DELETE,not in master list,VN_3_15,B0FRBR2DHW,,,0,Incomplete,AMAZON_EU,2026-03-28 19:36:31 CET
BE,DELETE,not in master list,VN_5_30,B0FRCBXRGV,,,0,Incomplete,AMAZON_EU,2026-03-28 19:58:43 CET
BE,DELETE,not in master list,ZA_10_30,B0FRB4RSW2,,31.46,0,Inactive,AMAZON_EU,2026-03-25 11:07:14 CET
BE,DELETE,not in master list,ZA_5_30,B0FRB3R6F3,,17.4,0,Active,AMAZON_EU,2026-03-25 10:49:51 CET
BE,DELETE,not in master list,ZM_3_15,B0FRC2NSM2,,,0,Incomplete,AMAZON_EU,2026-03-28 21:46:21 CET
BE,DELETE,not in master list,ZM_5_30,B0FRCL97L4,,,0,Incomplete,AMAZON_EU,2026-03-28 20:58:31 CET
BE,KEEP,in master list,AALAND-ISLANDS-20GB-30D,B0FR39Q1KJ,,33.99,0,Active,AMAZON_EU,2026-06-30 22:44:12 CEST
BE,KEEP,in master list,AALAND-ISLANDS-3GB-15D,B0FR3CCSMB,,9.99,0,Active,AMAZON_EU,2026-06-30 22:37:42 CEST
BE,KEEP,in master list,AALAND-ISLANDS-5GB-30D,B0FR3G6JWB,,13.99,0,Active,AMAZON_EU,2026-06-30 22:41:17 CEST
BE,KEEP-PARENT,variation parent in Google Sheet,AALAND-ISLANDS-ESIM,B0H73RN1CD,,,0,Incomplete,DEFAULT,2026-06-30 22:37:39 CEST
BE,KEEP,in master list,AFRICA-5GB-30D,B0FR3GK9Z7,,29.99,0,Active,AMAZON_EU,2026-06-30 22:47:47 CEST
BE,KEEP-PARENT,variation parent in Google Sheet,AFRICA-ESIM,B0H73QBTF5,,,0,Incomplete,DEFAULT,2026-06-30 22:47:43 CEST
BE,KEEP,in master list,ALBANIA-5GB-30D,B0FR4ZG3Z6,,10.99,0,Inactive,AMAZON_EU,2026-06-30 22:51:27 CEST
BE,KEEP-PARENT,variation parent in Google Sheet,ALBANIA-ESIM,B0H73KG9RN,,,0,Incomplete,DEFAULT,2026-06-30 22:51:24 CEST
BE,KEEP,in master list,ALGERIA-20GB-30D,B0H6M5TDMD,,26.99,0,Active,AMAZON_EU,2026-06-30 13:32:18 CEST
BE,KEEP,in master list,ALGERIA-3GB-15D,B0H6M9R3WH,,9.99,0,Active,AMAZON_EU,2026-06-30 13:24:24 CEST
BE,KEEP,in master list,ALGERIA-5GB-30D,B0H6MDYKG8,,11.99,0,Active,AMAZON_EU,2026-06-30 13:28:28 CEST
BE,KEEP-PARENT,variation parent in Google Sheet,ALGERIA-ESIM,B0H71YVBKL,,,0,Incomplete,DEFAULT,2026-06-30 13:24:21 CEST
BE,KEEP,in master list,ANDORRA-20GB-30D,B0H6MJ97WC,,44.99,0,Active,AMAZON_EU,2026-06-30 13:43:39 CEST
BE,KEEP,in master list,ANDORRA-3GB-15D,B0H6MBPRYN,,15.99,0,Active,AMAZON_EU,2026-06-30 13:36:17 CEST
BE,KEEP,in master list,ANDORRA-5GB-30D,B0H6M5P65S,,16.99,0,Active,AMAZON_EU,2026-06-30 13:40:10 CEST
BE,KEEP-PARENT,variation parent in Google Sheet,ANDORRA-ESIM,B0H7227B1P,,,0,Incomplete,DEFAULT,2026-06-30 13:36:14 CEST
BE,KEEP,in master list,ANGOLA-3GB-15D,B0H6M5RWZH,,35.99,0,Active,AMAZON_EU,2026-06-30 13:47:07 CEST
BE,KEEP,in master list,ANGOLA-5GB-30D,B0H6MKZSB4,,58.99,0,Active,AMAZON_EU,2026-06-30 14:29:39 CEST
BE,KEEP-PARENT,variation parent in Google Sheet,ANGOLA-ESIM,B0H7226WDW,,,0,Incomplete,DEFAULT,2026-06-30 13:47:04 CEST
BE,KEEP,in master list,ANGUILLA-20GB-30D,B0H6MHMZY8,,87.99,0,Active,AMAZON_EU,2026-06-30 14:31:47 CEST
BE,KEEP,in master list,ANGUILLA-3GB-15D,B0H6M7X7QY,,24.99,0,Active,AMAZON_EU,2026-06-30 14:30:38 CEST
BE,KEEP,in master list,ANGUILLA-5GB-30D,B0H6MFJ63H,,32.99,0,Active,AMAZON_EU,2026-06-30 14:31:22 CEST
BE,KEEP-PARENT,variation parent in Google Sheet,ANGUILLA-ESIM,B0H726MDQ3,,,0,Incomplete,DEFAULT,2026-06-30 14:30:35 CEST
BE,KEEP,in master list,ANTIGUA-AND-BARBUDA-20GB-30D,B0H6M2MQJB,,99.99,0,Active,AMAZON_EU,2026-06-30 14:39:29 CEST
BE,KEEP,in master list,ANTIGUA-AND-BARBUDA-3GB-15D,B0H6MBBFLQ,,26.99,0,Active,AMAZON_EU,2026-06-30 14:32:47 CEST
BE,KEEP,in master list,ANTIGUA-AND-BARBUDA-5GB-30D,B0H6MCR5F9,,35.99,0,Active,AMAZON_EU,2026-06-30 14:36:12 CEST
BE,KEEP-PARENT,variation parent in Google Sheet,ANTIGUA-AND-BARBUDA-ESIM,B0H729QCT5,,,0,Incomplete,DEFAULT,2026-06-30 14:32:44 CEST
BE,KEEP,in master list,ARGENTINA-20GB-30D,B0FR5DCH33,,37.99,0,Active,AMAZON_EU,2026-06-30 22:58:33 CEST
BE,KEEP,in master list,ARGENTINA-3GB-15D,B0FR554SXN,,12.99,0,Active,AMAZON_EU,2026-06-30 22:55:19 CEST
BE,KEEP-PARENT,variation parent in Google Sheet,ARGENTINA-ESIM,B0H738X724,,,0,Incomplete,DEFAULT,2026-06-30 22:55:16 CEST
BE,KEEP,in master list,ARMENIA-20GB-30D,B0FR4ZT5XT,,31.99,0,Active,AMAZON_EU,2026-06-30 23:05:20 CEST
BE,KEEP,in master list,ARMENIA-3GB-15D,B0FR5BK9R4,,9.99,0,Active,AMAZON_EU,2026-06-30 23:02:07 CEST
BE,KEEP-PARENT,variation parent in Google Sheet,ARMENIA-ESIM,B0H73KM16X,,,0,Incomplete,DEFAULT,2026-06-30 23:02:04 CEST
BE,KEEP,in master list,ASIA-20-3GB-15D,B0FR9FZ4RF,,12.99,0,Inactive,AMAZON_EU,2026-06-30 23:09:06 CEST
BE,KEEP,in master list,ASIA-20-5GB-30D,B0FR9BQNSV,,13.99,0,Inactive,AMAZON_EU,2026-06-30 23:13:41 CEST
BE,KEEP-PARENT,variation parent in Google Sheet,ASIA-20-ESIM,B0H73BTB66,,,0,Incomplete,DEFAULT,2026-06-30 23:09:02 CEST
BE,KEEP,in master list,AUSTRALIA-20GB-30D,B0FR9G1ZQJ,,15.99,0,Active,AMAZON_EU,2026-06-30 23:24:28 CEST
BE,KEEP,in master list,AUSTRALIA-3GB-15D,B0FR9SKY4D,,8.99,0,Active,AMAZON_EU,2026-06-30 23:17:01 CEST
BE,KEEP,in master list,AUSTRALIA-5GB-30D,B0FR9JRB62,,9.99,0,Active,AMAZON_EU,2026-06-30 23:20:49 CEST
BE,KEEP-PARENT,variation parent in Google Sheet,AUSTRALIA-ESIM,B0H73BJWL1,,,0,Incomplete,DEFAULT,2026-06-30 23:16:58 CEST
BE,KEEP,in master list,AUSTRIA-20GB-30D,B0FR8XBSBP,,15.99,0,Active,AMAZON_EU,2026-06-30 23:34:16 CEST
BE,KEEP,in master list,AUSTRIA-3GB-15D,B0FR9QSMSP,,8.99,0,Active,AMAZON_EU,2026-06-30 23:27:54 CEST
BE,KEEP,in master list,AUSTRIA-5GB-30D,B0FR8XCH78,,9.99,0,Active,AMAZON_EU,2026-06-30 23:30:58 CEST
BE,KEEP-PARENT,variation parent in Google Sheet,AUSTRIA-ESIM,B0H73CP842,,,0,Incomplete,DEFAULT,2026-06-30 23:27:50 CEST
BE,KEEP,in master list,AZERBAIJAN-3GB-15D,B0FR9BTC98,,12.99,0,Active,AMAZON_EU,2026-06-30 23:38:01 CEST
BE,KEEP-PARENT,variation parent in Google Sheet,AZERBAIJAN-ESIM,B0H73GY1V3,,,0,Incomplete,DEFAULT,2026-06-30 23:37:58 CEST
BE,KEEP,in master list,BAHAMAS-20GB-30D,B0H6MCPR9P,,121.99,0,Active,AMAZON_EU,2026-06-30 14:49:35 CEST
BE,KEEP,in master list,BAHAMAS-3GB-15D,B0H6MB828R,,32.99,0,Active,AMAZON_EU,2026-06-30 14:43:04 CEST
BE,KEEP,in master list,BAHAMAS-5GB-30D,B0H6MFGH8P,,43.99,0,Active,AMAZON_EU,2026-06-30 14:46:18 CEST
BE,KEEP-PARENT,variation parent in Google Sheet,BAHAMAS-ESIM,B0H722QQNG,,,0,Incomplete,DEFAULT,2026-06-30 14:43:01 CEST
BE,KEEP,in master list,BAHRAIN-3GB-15D,B0FR9K64KF,,10.99,0,Active,AMAZON_EU,2026-06-30 23:41:54 CEST
BE,KEEP-PARENT,variation parent in Google Sheet,BAHRAIN-ESIM,B0H73W216W,,,0,Incomplete,DEFAULT,2026-06-30 23:41:51 CEST
BE,KEEP,in master list,BANGLADESH-20GB-30D,B0FR8FJ3HJ,,23.99,0,Active,AMAZON_EU,2026-06-30 23:51:57 CEST
BE,KEEP,in master list,BANGLADESH-3GB-15D,B0FR9L7SG3,,9.99,0,Active,AMAZON_EU,2026-06-30 23:45:46 CEST
BE,KEEP,in master list,BANGLADESH-5GB-30D,B0FR9BQFCM,,10.99,0,Active,AMAZON_EU,2026-06-30 23:49:21 CEST
BE,KEEP-PARENT,variation parent in Google Sheet,BANGLADESH-ESIM,B0H7392Y2S,,,0,Incomplete,DEFAULT,2026-06-30 23:45:43 CEST
BE,KEEP,in master list,BARBADOS-20GB-30D,B0H6MJ921X,,85.99,0,Active,AMAZON_EU,2026-06-30 14:59:51 CEST
BE,KEEP,in master list,BARBADOS-3GB-15D,B0H6MCD72X,,23.99,0,Active,AMAZON_EU,2026-06-30 14:53:31 CEST
BE,KEEP,in master list,BARBADOS-5GB-30D,B0H6MG6VYJ,,31.99,0,Active,AMAZON_EU,2026-06-30 14:57:06 CEST
BE,KEEP-PARENT,variation parent in Google Sheet,BARBADOS-ESIM,B0H7269XX1,,,0,Incomplete,DEFAULT,2026-06-30 14:53:28 CEST
BE,KEEP,in master list,BELARUS-3GB-15D,B0FR9G3Z82,,9.99,0,Active,AMAZON_EU,2026-06-30 23:55:00 CEST
BE,KEEP,in master list,BELARUS-5GB-30D,B0FR8FFT4D,,11.99,0,Active,AMAZON_EU,2026-06-30 23:57:53 CEST
BE,KEEP-PARENT,variation parent in Google Sheet,BELARUS-ESIM,B0H73BZC3F,,,0,Incomplete,DEFAULT,2026-06-30 23:54:57 CEST
BE,KEEP,in master list,BELGIUM-20GB-30D,B0FR9BVRCH,,15.99,0,Active,AMAZON_EU,2026-07-01 00:09:29 CEST
BE,KEEP,in master list,BELGIUM-3GB-15D,B0FR9G432K,,8.99,0,Active,AMAZON_EU,2026-07-01 00:02:00 CEST
BE,KEEP,in master list,BELGIUM-5GB-30D,B0FR9SXCW6,,9.99,0,Active,AMAZON_EU,2026-07-01 00:05:48 CEST
BE,KEEP-PARENT,variation parent in Google Sheet,BELGIUM-ESIM,B0H73FWLCB,,,0,Incomplete,DEFAULT,2026-07-01 00:01:57 CEST
BE,KEEP,in master list,BELIZE-20GB-30D,B0H6MBSQM8,,145.99,0,Active,AMAZON_EU,2026-06-30 15:10:19 CEST
BE,KEEP,in master list,BELIZE-3GB-15D,B0H6MFPNTX,,32.99,0,Active,AMAZON_EU,2026-06-30 15:03:48 CEST
BE,KEEP,in master list,BELIZE-5GB-30D,B0H6MF1H4V,,53.99,0,Active,AMAZON_EU,2026-06-30 15:07:03 CEST
BE,KEEP-PARENT,variation parent in Google Sheet,BELIZE-ESIM,B0H724K3BY,,,0,Incomplete,DEFAULT,2026-06-30 15:03:45 CEST
BE,KEEP,in master list,BENIN-20GB-30D,B0H6M7VGSZ,,77.99,0,Active,AMAZON_EU,2026-06-30 15:20:00 CEST
BE,KEEP,in master list,BENIN-3GB-15D,B0H6M9YHDR,,18.99,0,Active,AMAZON_EU,2026-06-30 15:13:55 CEST
BE,KEEP,in master list,BENIN-5GB-30D,B0H6MHRNBH,,31.99,0,Active,AMAZON_EU,2026-06-30 15:17:10 CEST
BE,KEEP-PARENT,variation parent in Google Sheet,BENIN-ESIM,B0H728CJ77,,,0,Incomplete,DEFAULT,2026-06-30 15:13:52 CEST
BE,KEEP,in master list,BERMUDA-20GB-30D,B0H6MCGQ77,,101.99,0,Active,AMAZON_EU,2026-06-30 15:30:47 CEST
BE,KEEP,in master list,BERMUDA-3GB-15D,B0H6MDMTGH,,25.99,0,Active,AMAZON_EU,2026-06-30 15:23:56 CEST
BE,KEEP,in master list,BERMUDA-5GB-30D,B0H6MFM5X4,,33.99,0,Active,AMAZON_EU,2026-06-30 15:27:20 CEST
BE,KEEP-PARENT,variation parent in Google Sheet,BERMUDA-ESIM,B0H72CHZD9,,,0,Incomplete,DEFAULT,2026-06-30 15:23:52 CEST
BE,KEEP,in master list,BHUTAN-20GB-30D,B0H6M5WDSH,,58.99,0,Active,AMAZON_EU,2026-06-30 15:41:46 CEST
BE,KEEP,in master list,BHUTAN-3GB-15D,B0H6MJB588,,17.99,0,Active,AMAZON_EU,2026-06-30 15:34:53 CEST
BE,KEEP,in master list,BHUTAN-5GB-30D,B0H6M9C23Q,,19.99,0,Active,AMAZON_EU,2026-06-30 15:38:28 CEST
BE,KEEP-PARENT,variation parent in Google Sheet,BHUTAN-ESIM,B0H72JD22V,,,0,Incomplete,DEFAULT,2026-06-30 15:34:49 CEST
BE,KEEP,in master list,BOLIVIA-20GB-30D,B0FR9RH588,,89.99,0,Active,AMAZON_EU,2026-07-01 00:15:56 CEST
BE,KEEP,in master list,BOLIVIA-3GB-15D,B0FR8FKPKH,,24.99,0,Active,AMAZON_EU,2026-07-01 00:13:04 CEST
BE,KEEP-PARENT,variation parent in Google Sheet,BOLIVIA-ESIM,B0H73FY5WS,,,0,Incomplete,DEFAULT,2026-07-01 00:13:00 CEST
BE,KEEP,in master list,BOSNIA-AND-HERZEGOVINA-3GB-15D,B0FR9G8ZVK,,11.99,0,Active,AMAZON_EU,2026-07-01 00:19:21 CEST
BE,KEEP-PARENT,variation parent in Google Sheet,BOSNIA-AND-HERZEGOVINA-ESIM,B0H737KRRN,,,0,Incomplete,DEFAULT,2026-07-01 00:19:17 CEST
BE,KEEP,in master list,BOTSWANA-3GB-15D,B0FR9G7N2Q,,23.99,0,Active,AMAZON_EU,2026-07-01 00:22:51 CEST
BE,KEEP-PARENT,variation parent in Google Sheet,BOTSWANA-ESIM,B0H732MN9V,,,0,Incomplete,DEFAULT,2026-07-01 00:22:48 CEST
BE,KEEP,in master list,BRAZIL-20GB-30D,B0FR9KLZCR,,33.99,0,Active,AMAZON_EU,2026-07-01 00:29:15 CEST
BE,KEEP,in master list,BRAZIL-3GB-15D,B0FR9G5LKV,,10.99,0,Active,AMAZON_EU,2026-07-01 00:26:23 CEST
BE,KEEP-PARENT,variation parent in Google Sheet,BRAZIL-ESIM,B0H73H5XGG,,,0,Incomplete,DEFAULT,2026-07-01 00:26:19 CEST
BE,KEEP,in master list,BRUNEI-DARUSSALAM-20GB-30D,B0FR9F971C,,66.99,0,Active,AMAZON_EU,2026-07-01 00:35:12 CEST
BE,KEEP,in master list,BRUNEI-DARUSSALAM-3GB-15D,B0FR9KTJND,,13.99,0,Active,AMAZON_EU,2026-07-01 00:32:29 CEST
BE,KEEP-PARENT,variation parent in Google Sheet,BRUNEI-DARUSSALAM-ESIM,B0H73BTZYH,,,0,Incomplete,DEFAULT,2026-07-01 00:32:26 CEST
BE,KEEP,in master list,BULGARIA-3GB-15D,B0H6MCT4Y5,,8.99,0,Active,AMAZON_EU,2026-06-30 13:12:31 CEST
BE,KEEP-PARENT,variation parent in Google Sheet,BULGARIA-ESIM,B0H71ZJ1L4,,,0,Incomplete,DEFAULT,2026-06-30 13:12:28 CEST
BE,KEEP,in master list,BURKINA-FASO-3GB-15D,B0FR9HWFSK,,12.99,0,Active,AMAZON_EU,2026-07-01 00:38:36 CEST
BE,KEEP,in master list,BURKINA-FASO-5GB-30D,B0FR9BWKSY,,29.99,0,Active,AMAZON_EU,2026-07-01 00:41:38 CEST
BE,KEEP-PARENT,variation parent in Google Sheet,BURKINA-FASO-ESIM,B0H73FCBVZ,,,0,Incomplete,DEFAULT,2026-07-01 00:38:32 CEST
BE,KEEP,in master list,CAMBODIA-20GB-30D,B0FR9GFJPL,,26.99,0,Active,AMAZON_EU,2026-07-01 01:24:59 CEST
BE,KEEP,in master list,CAMBODIA-3GB-15D,B0FR8XKMJ4,,9.99,0,Active,AMAZON_EU,2026-07-01 01:21:34 CEST
BE,KEEP-PARENT,variation parent in Google Sheet,CAMBODIA-ESIM,B0H73GSJZP,,,0,Incomplete,DEFAULT,2026-07-01 01:21:31 CEST
BE,KEEP,in master list,CAMEROON-3GB-15D,B0FR9VJ1ZB,,21.99,0,Active,AMAZON_EU,2026-07-01 00:45:12 CEST
BE,KEEP-PARENT,variation parent in Google Sheet,CAMEROON-ESIM,B0H73TF9FD,,,0,Incomplete,DEFAULT,2026-07-01 00:45:09 CEST
BE,KEEP,in master list,CANADA-PREMIUM-20GB-30D,B0H6MJ9N4Y,,29.99,0,Active,AMAZON_EU,2026-06-30 22:34:08 CEST
BE,KEEP,in master list,CANADA-PREMIUM-3GB-15D,B0H6MJ1HMJ,,10.99,0,Active,AMAZON_EU,2026-06-30 22:27:58 CEST
BE,KEEP,in master list,CANADA-PREMIUM-5GB-30D,B0H6MPXGBN,,15.99,0,Active,AMAZON_EU,2026-06-30 22:31:11 CEST
BE,KEEP-PARENT,variation parent in Google Sheet,CANADA-PREMIUM-ESIM,B0H72VKBTH,,,0,Incomplete,DEFAULT,2026-06-30 22:27:54 CEST
BE,KEEP,in master list,CAPE-VERDE-20GB-30D,B0H6M9VSPG,,163.99,0,Active,AMAZON_EU,2026-06-30 15:52:44 CEST
BE,KEEP,in master list,CAPE-VERDE-3GB-15D,B0H6M9R16H,,32.99,0,Active,AMAZON_EU,2026-06-30 15:45:41 CEST
BE,KEEP,in master list,CAPE-VERDE-5GB-30D,B0H6MFG453,,54.99,0,Active,AMAZON_EU,2026-06-30 15:49:06 CEST
BE,KEEP-PARENT,variation parent in Google Sheet,CAPE-VERDE-ESIM,B0H72CPKKT,,,0,Incomplete,DEFAULT,2026-06-30 15:45:38 CEST
BE,KEEP,in master list,CAYMAN-ISLANDS-20GB-30D,B0H6MGXYNS,,95.99,0,Active,AMAZON_EU,2026-06-30 16:02:30 CEST
BE,KEEP,in master list,CAYMAN-ISLANDS-3GB-15D,B0H6MLHBD7,,26.99,0,Active,AMAZON_EU,2026-06-30 15:56:09 CEST
BE,KEEP,in master list,CAYMAN-ISLANDS-5GB-30D,B0H6M55MKK,,35.99,0,Active,AMAZON_EU,2026-06-30 15:59:33 CEST
BE,KEEP-PARENT,variation parent in Google Sheet,CAYMAN-ISLANDS-ESIM,B0H72HTHJH,,,0,Incomplete,DEFAULT,2026-06-30 15:56:05 CEST
BE,KEEP,in master list,CENTRAL-AFRICAN-REPUBLIC-3GB-15D,B0FR9RK8FP,,21.99,0,Active,AMAZON_EU,2026-07-01 00:49:13 CEST
BE,KEEP,in master list,CENTRAL-AFRICAN-REPUBLIC-5GB-30D,B0FR9R3NMC,,33.99,0,Active,AMAZON_EU,2026-07-01 00:52:16 CEST
BE,KEEP-PARENT,variation parent in Google Sheet,CENTRAL-AFRICAN-REPUBLIC-ESIM,B0H734D1BW,,,0,Incomplete,DEFAULT,2026-07-01 00:49:10 CEST
BE,KEEP,in master list,CHAD-3GB-15D,B0FR9SG4MK,,17.99,0,Active,AMAZON_EU,2026-07-01 00:55:29 CEST
BE,KEEP,in master list,CHAD-5GB-30D,B0FR9L414C,,28.99,0,Active,AMAZON_EU,2026-07-01 00:58:32 CEST
BE,KEEP-PARENT,variation parent in Google Sheet,CHAD-ESIM,B0H72XD99Y,,,0,Incomplete,DEFAULT,2026-07-01 00:55:26 CEST
BE,KEEP,in master list,CHILE-3GB-15D,B0FR9RY1RT,,14.99,0,Inactive,AMAZON_EU,2026-07-01 01:02:18 CEST
BE,KEEP-PARENT,variation parent in Google Sheet,CHILE-ESIM,B0H739ZNBZ,,,0,Incomplete,DEFAULT,2026-07-01 01:02:14 CEST
BE,KEEP,in master list,CHINA-20GB-30D,B0FR9GD6X9,,18.99,0,Inactive,AMAZON_EU,2026-07-01 01:13:58 CEST
BE,KEEP,in master list,CHINA-3GB-15D,B0FR9QZ578,,8.99,0,Active,AMAZON_EU,2026-07-01 01:06:32 CEST
BE,KEEP,in master list,CHINA-5GB-30D,B0FR9HX7XH,,9.99,0,Active,AMAZON_EU,2026-07-01 01:10:19 CEST
BE,KEEP-PARENT,variation parent in Google Sheet,CHINA-ESIM,B0H73443PL,,,0,Incomplete,DEFAULT,2026-07-01 01:06:29 CEST
BE,KEEP,in master list,COLOMBIA-3GB-15D,B0FR9RL8W5,,14.99,0,Active,AMAZON_EU,2026-07-01 01:17:53 CEST
BE,KEEP-PARENT,variation parent in Google Sheet,COLOMBIA-ESIM,B0H73F7XNM,,,0,Incomplete,DEFAULT,2026-07-01 01:17:50 CEST
BE,KEEP,in master list,COSTA-RICA-3GB-15D,B0FR9LNRMN,,15.99,0,Active,AMAZON_EU,2026-07-01 01:28:22 CEST
BE,KEEP-PARENT,variation parent in Google Sheet,COSTA-RICA-ESIM,B0H73CC4V3,,,0,Incomplete,DEFAULT,2026-07-01 01:28:19 CEST
BE,KEEP,in master list,COTE-D-IVOIRE-3GB-15D,B0FR9HW9DJ,,24.99,0,Active,AMAZON_EU,2026-07-01 01:32:03 CEST
BE,KEEP,in master list,COTE-D-IVOIRE-5GB-30D,B0FR9V5LYJ,,31.99,0,Active,AMAZON_EU,2026-07-01 01:35:48 CEST
BE,KEEP-PARENT,variation parent in Google Sheet,COTE-D-IVOIRE-ESIM,B0H7363DGT,,,0,Incomplete,DEFAULT,2026-07-01 01:32:00 CEST
BE,KEEP,in master list,CROATIA-20GB-30D,B0FR9TYCSL,,17.99,0,Active,AMAZON_EU,2026-07-01 01:45:22 CEST
BE,KEEP,in master list,CROATIA-3GB-15D,B0FR9GDKT1,,8.99,0,Active,AMAZON_EU,2026-07-01 01:39:44 CEST
BE,KEEP,in master list,CROATIA-5GB-30D,B0FR9BVV58,,9.99,0,Active,AMAZON_EU,2026-07-01 01:42:37 CEST
BE,KEEP-PARENT,variation parent in Google Sheet,CROATIA-ESIM,B0H72VY3VG,,,0,Incomplete,DEFAULT,2026-07-01 01:39:40 CEST
BE,KEEP,in master list,CURACAO-20GB-30D,B0H6MF51WH,,79.99,0,Active,AMAZON_EU,2026-06-30 16:13:08 CEST
BE,KEEP,in master list,CURACAO-3GB-15D,B0H6M81JPM,,22.99,0,Active,AMAZON_EU,2026-06-30 16:06:36 CEST
BE,KEEP,in master list,CURACAO-5GB-30D,B0H6MGZLBC,,29.99,0,Active,AMAZON_EU,2026-06-30 16:09:41 CEST
BE,KEEP-PARENT,variation parent in Google Sheet,CURACAO-ESIM,B0H729WDP3,,,0,Incomplete,DEFAULT,2026-06-30 16:06:33 CEST
BE,KEEP,in master list,CYPRUS-3GB-15D,B0FR8XJWWG,,8.99,0,Active,AMAZON_EU,2026-07-01 01:48:25 CEST
BE,KEEP,in master list,CYPRUS-5GB-30D,B0FR8XHWZV,,9.99,0,Active,AMAZON_EU,2026-07-01 01:51:48 CEST
BE,KEEP-PARENT,variation parent in Google Sheet,CYPRUS-ESIM,B0H73GPFDY,,,0,Incomplete,DEFAULT,2026-07-01 01:48:21 CEST
BE,KEEP,in master list,CZECH-REPUBLIC-20GB-30D,B0FR9SVN9H,,17.99,0,Active,AMAZON_EU,2026-07-01 02:01:33 CEST
BE,KEEP,in master list,CZECH-REPUBLIC-3GB-15D,B0FR9SB2Q3,,8.99,0,Active,AMAZON_EU,2026-07-01 01:55:34 CEST
BE,KEEP,in master list,CZECH-REPUBLIC-5GB-30D,B0FR9BY2LF,,9.99,0,Active,AMAZON_EU,2026-07-01 01:58:47 CEST
BE,KEEP-PARENT,variation parent in Google Sheet,CZECH-REPUBLIC-ESIM,B0H738NMYW,,,0,Incomplete,DEFAULT,2026-07-01 01:55:30 CEST
BE,KEEP,in master list,DEMOCRATIC-REPUBLIC-OF-THE-CONGO-3GB-15D,B0H6LZL22Y,,14.99,0,Active,AMAZON_EU,2026-06-30 16:16:43 CEST
BE,KEEP,in master list,DEMOCRATIC-REPUBLIC-OF-THE-CONGO-5GB-30D,B0H6M6L8Z8,,22.99,0,Active,AMAZON_EU,2026-06-30 16:20:08 CEST
BE,KEEP-PARENT,variation parent in Google Sheet,DEMOCRATIC-REPUBLIC-OF-THE-CONGO-ESIM,B0H72BXWVV,,,0,Incomplete,DEFAULT,2026-06-30 16:16:40 CEST
BE,KEEP,in master list,DENMARK-20GB-30D,B0FR9QPF45,,15.99,0,Active,AMAZON_EU,2026-07-01 02:11:27 CEST
BE,KEEP,in master list,DENMARK-3GB-15D,B0FR9GSNP4,,8.99,0,Active,AMAZON_EU,2026-07-01 02:05:18 CEST
BE,KEEP,in master list,DENMARK-5GB-30D,B0FR8XQYR4,,9.99,0,Active,AMAZON_EU,2026-07-01 02:08:32 CEST
BE,KEEP-PARENT,variation parent in Google Sheet,DENMARK-ESIM,B0H73868PD,,,0,Incomplete,DEFAULT,2026-07-01 02:05:14 CEST
BE,KEEP,in master list,DOMINICA-20GB-30D,B0H6MK8XTJ,,87.99,0,Active,AMAZON_EU,2026-06-30 16:33:46 CEST
BE,KEEP,in master list,DOMINICA-3GB-15D,B0H6M9H54M,,24.99,0,Active,AMAZON_EU,2026-06-30 16:27:25 CEST
BE,KEEP,in master list,DOMINICA-5GB-30D,B0H6M5HR32,,32.99,0,Active,AMAZON_EU,2026-06-30 16:30:29 CEST
BE,KEEP-PARENT,variation parent in Google Sheet,DOMINICA-ESIM,B0H72866QQ,,,0,Incomplete,DEFAULT,2026-06-30 16:27:22 CEST
BE,KEEP,in master list,DOMINICAN-REPUBLIC-20GB-30D,B0FR9C6DJF,,39.99,0,Active,AMAZON_EU,2026-07-01 02:20:40 CEST
BE,KEEP,in master list,DOMINICAN-REPUBLIC-3GB-15D,B0FR9GSKZF,,12.99,0,Active,AMAZON_EU,2026-07-01 02:15:01 CEST
BE,KEEP,in master list,DOMINICAN-REPUBLIC-5GB-30D,B0FR9GQKCM,,15.99,0,Active,AMAZON_EU,2026-07-01 02:17:44 CEST
BE,KEEP-PARENT,variation parent in Google Sheet,DOMINICAN-REPUBLIC-ESIM,B0H73L5V67,,,0,Incomplete,DEFAULT,2026-07-01 02:14:58 CEST
BE,KEEP-PARENT,variation parent in Google Sheet,DR-CONGO-ESIM,B0H72M2QNY,,,0,Incomplete,DEFAULT,2026-06-30 16:23:40 CEST
BE,KEEP,in master list,DRC-20GB-30D,B0H6MZWFM7,,59.99,0,Active,AMAZON_EU,2026-06-30 16:23:43 CEST
BE,KEEP,in master list,ECUADOR-3GB-15D,B0FR9RM6MP,,14.99,0,Active,AMAZON_EU,2026-07-01 02:23:53 CEST
BE,KEEP-PARENT,variation parent in Google Sheet,ECUADOR-ESIM,B0H73Q34KH,,,0,Incomplete,DEFAULT,2026-07-01 02:23:49 CEST
BE,KEEP,in master list,EGYPT-20GB-30D,B0FR9GQBGL,,29.99,0,Active,AMAZON_EU,2026-07-01 02:34:09 CEST
BE,KEEP,in master list,EGYPT-3GB-15D,B0FR9C784N,,10.99,0,Active,AMAZON_EU,2026-07-01 02:28:07 CEST
BE,KEEP,in master list,EGYPT-5GB-30D,B0FR9LR5KJ,,15.99,0,Active,AMAZON_EU,2026-07-01 02:30:50 CEST
BE,KEEP-PARENT,variation parent in Google Sheet,EGYPT-ESIM,B0H72VHQTF,,,0,Incomplete,DEFAULT,2026-07-01 02:28:04 CEST
BE,KEEP,in master list,EL-SALVADOR-3GB-15D,B0FR9LJ7X4,,17.99,0,Active,AMAZON_EU,2026-07-01 02:37:33 CEST
BE,KEEP-PARENT,variation parent in Google Sheet,EL-SALVADOR-ESIM,B0H73F5645,,,0,Incomplete,DEFAULT,2026-07-01 02:37:30 CEST
BE,KEEP,in master list,ESTONIA-20GB-30D,B0FR9L527N,,15.99,0,Active,AMAZON_EU,2026-07-01 02:46:53 CEST
BE,KEEP,in master list,ESTONIA-3GB-15D,B0FR9GST1S,,8.99,0,Active,AMAZON_EU,2026-07-01 02:41:15 CEST
BE,KEEP,in master list,ESTONIA-5GB-30D,B0FR9GQYKB,,9.99,0,Active,AMAZON_EU,2026-07-01 02:44:08 CEST
BE,KEEP-PARENT,variation parent in Google Sheet,ESTONIA-ESIM,B0H7374PVV,,,0,Incomplete,DEFAULT,2026-07-01 02:41:12 CEST
BE,KEEP,in master list,EUROPE-40-AREAS-20GB-30D,B0FR9TNPV3,,19.99,0,Inactive,AMAZON_EU,2026-07-01 02:53:02 CEST
BE,KEEP,in master list,EUROPE-40-AREAS-5GB-30D,B0FR9RYSSS,,9.99,0,Active,AMAZON_EU,2026-07-01 02:49:58 CEST
BE,KEEP-PARENT,variation parent in Google Sheet,EUROPE-40-AREAS-ESIM,B0H73F56FS,,,0,Incomplete,DEFAULT,2026-07-01 02:49:54 CEST
BE,KEEP,in master list,FAROE-ISLANDS-20GB-30D,B0H6MB82ZV,,29.99,0,Active,AMAZON_EU,2026-06-30 16:43:23 CEST
BE,KEEP,in master list,FAROE-ISLANDS-3GB-15D,B0H6ML935Q,,9.99,0,Active,AMAZON_EU,2026-06-30 16:37:11 CEST
BE,KEEP,in master list,FAROE-ISLANDS-5GB-30D,B0H6MF2TVH,,11.99,0,Active,AMAZON_EU,2026-06-30 16:40:35 CEST
BE,KEEP-PARENT,variation parent in Google Sheet,FAROE-ISLANDS-ESIM,B0H725WLWS,,,0,Incomplete,DEFAULT,2026-06-30 16:37:08 CEST
BE,KEEP,in master list,FIJI-20GB-30D,B0H6MGBL3N,,40.99,0,Active,AMAZON_EU,2026-06-30 16:52:27 CEST
BE,KEEP,in master list,FIJI-3GB-15D,B0H6MFLWYD,,12.99,0,Active,AMAZON_EU,2026-06-30 16:46:48 CEST
BE,KEEP,in master list,FIJI-5GB-30D,B0H6MJ7GS6,,14.99,0,Active,AMAZON_EU,2026-06-30 16:49:51 CEST
BE,KEEP-PARENT,variation parent in Google Sheet,FIJI-ESIM,B0H72C3M3W,,,0,Incomplete,DEFAULT,2026-06-30 16:46:44 CEST
BE,KEEP,in master list,FINLAND-3GB-15D,B0FR9GSND6,,8.99,0,Active,AMAZON_EU,2026-07-01 02:56:36 CEST
BE,KEEP,in master list,FINLAND-5GB-30D,B0FR9SB3BJ,,9.99,0,Active,AMAZON_EU,2026-07-01 03:00:00 CEST
BE,KEEP-PARENT,variation parent in Google Sheet,FINLAND-ESIM,B0H73M8TYZ,,,0,Incomplete,DEFAULT,2026-07-01 02:56:32 CEST
BE,KEEP,in master list,FRANCE-20GB-30D,B0FR9GPMC5,,15.99,0,Active,AMAZON_EU,2026-07-01 03:11:24 CEST
BE,KEEP,in master list,FRANCE-3GB-15D,B0FR9C5ZB6,,8.99,0,Active,AMAZON_EU,2026-07-01 03:03:57 CEST
BE,KEEP,in master list,FRANCE-5GB-30D,B0FR9LMDW5,,9.99,0,Active,AMAZON_EU,2026-07-01 03:07:44 CEST
BE,KEEP-PARENT,variation parent in Google Sheet,FRANCE-ESIM,B0H73Q8HWJ,,,0,Incomplete,DEFAULT,2026-07-01 03:03:54 CEST
BE,KEEP,in master list,FRENCH-GUIANA-20GB-30D,B0H6MDNXJJ,,17.99,0,Active,AMAZON_EU,2026-06-30 17:02:13 CEST
BE,KEEP,in master list,FRENCH-GUIANA-3GB-15D,B0H6MFD6Z3,,8.99,0,Active,AMAZON_EU,2026-06-30 16:55:53 CEST
BE,KEEP,in master list,FRENCH-GUIANA-5GB-30D,B0H6MGC352,,9.99,0,Active,AMAZON_EU,2026-06-30 16:59:07 CEST
BE,KEEP-PARENT,variation parent in Google Sheet,FRENCH-GUIANA-ESIM,B0H727C8CZ,,,0,Incomplete,DEFAULT,2026-06-30 16:55:50 CEST
BE,KEEP,in master list,FRENCH-POLYNESIA-20GB-30D,B0H6M59GH9,,242.99,0,Active,AMAZON_EU,2026-06-30 17:11:59 CEST
BE,KEEP,in master list,FRENCH-POLYNESIA-3GB-15D,B0H6MF6GHP,,47.99,0,Active,AMAZON_EU,2026-06-30 17:05:18 CEST
BE,KEEP,in master list,FRENCH-POLYNESIA-5GB-30D,B0H6MD2GXY,,66.99,0,Active,AMAZON_EU,2026-06-30 17:08:32 CEST
BE,KEEP-PARENT,variation parent in Google Sheet,FRENCH-POLYNESIA-ESIM,B0H72FDMNN,,,0,Incomplete,DEFAULT,2026-06-30 17:05:15 CEST
BE,KEEP,in master list,GABON-3GB-15D,B0FR9GPX9T,,17.99,0,Active,AMAZON_EU,2026-07-01 03:14:49 CEST
BE,KEEP-PARENT,variation parent in Google Sheet,GABON-ESIM,B0H73JKC2R,,,0,Incomplete,DEFAULT,2026-07-01 03:14:46 CEST
BE,KEEP,in master list,GAMBIA-3GB-15D,B0H2FTMBBQ,,35.99,0,Active,AMAZON_EU,2026-07-01 16:14:09 CEST
BE,KEEP,in master list,GAMBIA-5GB-30D,B0H2FQ3QJ9,,57.99,0,Active,AMAZON_EU,2026-07-01 16:17:56 CEST
BE,KEEP-PARENT,variation parent in Google Sheet,GAMBIA-ESIM,B0H764GNRK,,,0,Incomplete,DEFAULT,2026-07-01 16:14:05 CEST
BE,KEEP,in master list,GEORGIA-20GB-30D,B0FR9C73NK,,25.99,0,Active,AMAZON_EU,2026-07-01 03:21:43 CEST
BE,KEEP,in master list,GEORGIA-3GB-15D,B0FR9KMX2N,,9.99,0,Active,AMAZON_EU,2026-07-01 03:18:30 CEST
BE,KEEP-PARENT,variation parent in Google Sheet,GEORGIA-ESIM,B0H73MB4FK,,,0,Incomplete,DEFAULT,2026-07-01 03:18:26 CEST
BE,KEEP,in master list,GERMANY-20GB-30D,B0GSZP9H94,,15.99,0,Active,AMAZON_EU,2026-07-01 03:33:16 CEST
BE,KEEP,in master list,GERMANY-3GB-15D,B0GSZBMLKV,,8.99,0,Active,AMAZON_EU,2026-07-01 03:25:49 CEST
BE,KEEP,in master list,GERMANY-5GB-30D,B0GSZDYWLZ,,9.99,0,Active,AMAZON_EU,2026-07-01 03:29:36 CEST
BE,KEEP-PARENT,variation parent in Google Sheet,GERMANY-ESIM,B0H734CJ2N,,,0,Incomplete,DEFAULT,2026-07-01 03:25:45 CEST
BE,KEEP,in master list,GHANA-20GB-30D,B0H6M9CG3G,,40.99,0,Active,AMAZON_EU,2026-06-30 17:21:44 CEST
BE,KEEP,in master list,GHANA-3GB-15D,B0H6M7CH6H,,12.99,0,Active,AMAZON_EU,2026-06-30 17:15:34 CEST
BE,KEEP,in master list,GHANA-5GB-30D,B0H6MD48NZ,,14.99,0,Active,AMAZON_EU,2026-06-30 17:18:26 CEST
BE,KEEP-PARENT,variation parent in Google Sheet,GHANA-ESIM,B0H72L8XTZ,,,0,Incomplete,DEFAULT,2026-06-30 17:15:30 CEST
BE,KEEP,in master list,GIBRALTAR-3GB-15D,B0FR8XSPMC,,8.99,0,Active,AMAZON_EU,2026-07-01 03:36:40 CEST
BE,KEEP-PARENT,variation parent in Google Sheet,GIBRALTAR-ESIM,B0H73QD98Y,,,0,Incomplete,DEFAULT,2026-07-01 03:36:37 CEST
BE,KEEP,in master list,GLOBAL139-5GB-30D,B0FR9VNTLY,,42.99,0,Inactive,AMAZON_EU,2026-07-01 03:40:32 CEST
BE,KEEP-PARENT,variation parent in Google Sheet,GLOBAL139-ESIM,B0H73942TH,,,0,Incomplete,DEFAULT,2026-07-01 03:40:29 CEST
BE,KEEP,in master list,GREECE-20GB-30D,B0FR9KJGBG,,17.99,0,Active,AMAZON_EU,2026-07-01 03:52:16 CEST
BE,KEEP,in master list,GREECE-3GB-15D,B0FR9L85F6,,8.99,0,Active,AMAZON_EU,2026-07-01 03:44:48 CEST
BE,KEEP,in master list,GREECE-5GB-30D,B0FR9C7SMF,,9.99,0,Active,AMAZON_EU,2026-07-01 03:48:35 CEST
BE,KEEP-PARENT,variation parent in Google Sheet,GREECE-ESIM,B0H73NVB6V,,,0,Incomplete,DEFAULT,2026-07-01 03:44:44 CEST
BE,KEEP,in master list,GREENLAND-20GB-30D,B0H6MBT3TW,,113.99,0,Active,AMAZON_EU,2026-06-30 17:31:50 CEST
BE,KEEP,in master list,GREENLAND-3GB-15D,B0H6MLNBK2,,27.99,0,Active,AMAZON_EU,2026-06-30 17:25:09 CEST
BE,KEEP,in master list,GREENLAND-5GB-30D,B0H6MFMLK9,,37.99,0,Active,AMAZON_EU,2026-06-30 17:28:22 CEST
BE,KEEP-PARENT,variation parent in Google Sheet,GREENLAND-ESIM,B0H72J6P3D,,,0,Incomplete,DEFAULT,2026-06-30 17:25:05 CEST
BE,KEEP,in master list,GRENADA-20GB-30D,B0H6MGRF37,,103.99,0,Active,AMAZON_EU,2026-06-30 17:41:46 CEST
BE,KEEP,in master list,GRENADA-3GB-15D,B0H6M8K37V,,29.99,0,Active,AMAZON_EU,2026-06-30 17:35:14 CEST
BE,KEEP,in master list,GRENADA-5GB-30D,B0H6MLJR6Z,,38.99,0,Active,AMAZON_EU,2026-06-30 17:38:39 CEST
BE,KEEP-PARENT,variation parent in Google Sheet,GRENADA-ESIM,B0H72CNJDX,,,0,Incomplete,DEFAULT,2026-06-30 17:35:10 CEST
BE,KEEP,in master list,GUADELOUPE-20GB-30D,B0FR8XTBF6,,17.99,0,Active,AMAZON_EU,2026-07-01 03:59:14 CEST
BE,KEEP,in master list,GUADELOUPE-3GB-15D,B0FR9TMVWK,,8.99,0,Active,AMAZON_EU,2026-07-01 03:56:01 CEST
BE,KEEP-PARENT,variation parent in Google Sheet,GUADELOUPE-ESIM,B0H73TPH5N,,,0,Incomplete,DEFAULT,2026-07-01 03:55:58 CEST
BE,KEEP,in master list,GUAM-20GB-30D,B0FR9C7MGP,,58.99,0,Active,AMAZON_EU,2026-07-01 04:09:19 CEST
BE,KEEP,in master list,GUAM-3GB-15D,B0FR9GVSSF,,17.99,0,Active,AMAZON_EU,2026-07-01 04:02:28 CEST
BE,KEEP,in master list,GUAM-5GB-30D,B0FR9SVP8Y,,19.99,0,Active,AMAZON_EU,2026-07-01 04:05:53 CEST
BE,KEEP-PARENT,variation parent in Google Sheet,GUAM-ESIM,B0H73JXY2N,,,0,Incomplete,DEFAULT,2026-07-01 04:02:24 CEST
BE,KEEP,in master list,GUATEMALA-3GB-15D,B0FR9VC6VD,,16.99,0,Active,AMAZON_EU,2026-07-01 04:13:26 CEST
BE,KEEP-PARENT,variation parent in Google Sheet,GUATEMALA-ESIM,B0H73YCQXJ,,,0,Incomplete,DEFAULT,2026-07-01 04:13:22 CEST
BE,KEEP,in master list,GUERNSEY-20GB-30D,B0FR9LYWWY,,47.99,0,Active,AMAZON_EU,2026-07-01 04:23:43 CEST
BE,KEEP,in master list,GUERNSEY-3GB-15D,B0FR9SMWDN,,14.99,0,Active,AMAZON_EU,2026-07-01 04:17:01 CEST
BE,KEEP,in master list,GUERNSEY-5GB-30D,B0FR9C5PXR,,21.99,0,Active,AMAZON_EU,2026-07-01 04:20:25 CEST
BE,KEEP-PARENT,variation parent in Google Sheet,GUERNSEY-ESIM,B0H73R2CPC,,,0,Incomplete,DEFAULT,2026-07-01 04:16:58 CEST
BE,KEEP,in master list,GUINEA-20GB-30D,B0H6M7VHYP,,82.99,0,Active,AMAZON_EU,2026-06-30 17:51:09 CEST
BE,KEEP,in master list,GUINEA-3GB-15D,B0H6MGZTF1,,21.99,0,Active,AMAZON_EU,2026-06-30 17:45:31 CEST
BE,KEEP,in master list,GUINEA-5GB-30D,B0H6MFTVX6,,33.99,0,Active,AMAZON_EU,2026-06-30 17:48:33 CEST
BE,KEEP,in master list,GUINEA-BISSAU-20GB-30D,B0H6MF1JJS,,81.99,0,Active,AMAZON_EU,2026-06-30 18:01:02 CEST
BE,KEEP,in master list,GUINEA-BISSAU-3GB-15D,B0H6MG6X8D,,20.99,0,Active,AMAZON_EU,2026-06-30 17:54:22 CEST
BE,KEEP,in master list,GUINEA-BISSAU-5GB-30D,B0H6MCJ4Y9,,33.99,0,Active,AMAZON_EU,2026-06-30 17:57:46 CEST
BE,KEEP-PARENT,variation parent in Google Sheet,GUINEA-BISSAU-ESIM,B0H72GRJNW,,,0,Incomplete,DEFAULT,2026-06-30 17:54:18 CEST
BE,KEEP-PARENT,variation parent in Google Sheet,GUINEA-ESIM,B0H72H8722,,,0,Incomplete,DEFAULT,2026-06-30 17:45:27 CEST
BE,KEEP,in master list,GUYANA-20GB-30D,B0H6MD1PB7,,90.99,0,Active,AMAZON_EU,2026-06-30 18:10:46 CEST
BE,KEEP,in master list,GUYANA-3GB-15D,B0H6MCG586,,20.99,0,Active,AMAZON_EU,2026-06-30 18:04:35 CEST
BE,KEEP,in master list,GUYANA-5GB-30D,B0H6MB3FHF,,32.99,0,Active,AMAZON_EU,2026-06-30 18:07:49 CEST
BE,KEEP-PARENT,variation parent in Google Sheet,GUYANA-ESIM,B0H72KV7NJ,,,0,Incomplete,DEFAULT,2026-06-30 18:04:32 CEST
BE,KEEP,in master list,HAITI-20GB-30D,B0H6MBNF3Y,,149.99,0,Active,AMAZON_EU,2026-06-30 18:20:41 CEST
BE,KEEP,in master list,HAITI-3GB-15D,B0H6M9YTL4,,30.99,0,Active,AMAZON_EU,2026-06-30 18:14:41 CEST
BE,KEEP,in master list,HAITI-5GB-30D,B0H6MDHPCV,,49.99,0,Active,AMAZON_EU,2026-06-30 18:18:06 CEST
BE,KEEP-PARENT,variation parent in Google Sheet,HAITI-ESIM,B0H72HW5XF,,,0,Incomplete,DEFAULT,2026-06-30 18:14:38 CEST
BE,KEEP,in master list,HONDURAS-3GB-15D,B0FR9ZYV5G,,14.99,0,Active,AMAZON_EU,2026-07-01 04:27:38 CEST
BE,KEEP-PARENT,variation parent in Google Sheet,HONDURAS-ESIM,B0H73WSYMM,,,0,Incomplete,DEFAULT,2026-07-01 04:27:34 CEST
BE,KEEP,in master list,HONG-KONG-20GB-30D,B0FR9GXZ6F,,15.99,0,Active,AMAZON_EU,2026-07-01 04:39:17 CEST
BE,KEEP,in master list,HONG-KONG-3GB-15D,B0FR9CC6Q8,,8.99,0,Active,AMAZON_EU,2026-07-01 04:31:51 CEST
BE,KEEP,in master list,HONG-KONG-5GB-30D,B0FR9GXYYL,,9.99,0,Active,AMAZON_EU,2026-07-01 04:35:37 CEST
BE,KEEP-PARENT,variation parent in Google Sheet,HONG-KONG-ESIM,B0H73T2SRN,,,0,Incomplete,DEFAULT,2026-07-01 04:31:48 CEST
BE,KEEP,in master list,HUNGARY-20GB-30D,B0FR9ZVYYQ,,15.99,0,Active,AMAZON_EU,2026-07-01 04:48:50 CEST
BE,KEEP,in master list,HUNGARY-3GB-15D,B0FR9C9JVW,,8.99,0,Active,AMAZON_EU,2026-07-01 04:42:10 CEST
BE,KEEP,in master list,HUNGARY-5GB-30D,B0FR9GY3R5,,9.99,0,Active,AMAZON_EU,2026-07-01 04:45:34 CEST
BE,KEEP-PARENT,variation parent in Google Sheet,HUNGARY-ESIM,B0H73RZ5T9,,,0,Incomplete,DEFAULT,2026-07-01 04:42:07 CEST
BE,KEEP,in master list,ICELAND-20GB-30D,B0FR9GX6LF,,17.99,0,Active,AMAZON_EU,2026-07-01 04:58:54 CEST
BE,KEEP,in master list,ICELAND-3GB-15D,B0FR9TBBK1,,8.99,0,Active,AMAZON_EU,2026-07-01 04:52:14 CEST
BE,KEEP,in master list,ICELAND-5GB-30D,B0FR9ZWQBD,,9.99,0,Active,AMAZON_EU,2026-07-01 04:55:48 CEST
BE,KEEP-PARENT,variation parent in Google Sheet,ICELAND-ESIM,B0H73K1W65,,,0,Incomplete,DEFAULT,2026-07-01 04:52:10 CEST
BE,KEEP,in master list,INDIA-20GB-30D,B0FR9DYMHX,,42.99,0,Active,AMAZON_EU,2026-07-01 05:10:21 CEST
BE,KEEP,in master list,INDIA-3GB-15D,B0FR9ZM116,,14.99,0,Active,AMAZON_EU,2026-07-01 05:02:51 CEST
BE,KEEP,in master list,INDIA-5GB-30D,B0FR9GXWN9,,15.99,0,Active,AMAZON_EU,2026-07-01 05:06:40 CEST
BE,KEEP-PARENT,variation parent in Google Sheet,INDIA-ESIM,B0H73TQZJT,,,0,Incomplete,DEFAULT,2026-07-01 05:02:47 CEST
BE,KEEP,in master list,INDONESIA-20GB-30D,B0FR9QXRDQ,,15.99,0,Active,AMAZON_EU,2026-07-01 05:21:59 CEST
BE,KEEP,in master list,INDONESIA-3GB-15D,B0FR9T6QPZ,,8.99,0,Active,AMAZON_EU,2026-07-01 05:14:30 CEST
BE,KEEP,in master list,INDONESIA-5GB-30D,B0FR8XW5DR,,9.99,0,Active,AMAZON_EU,2026-07-01 05:18:17 CEST
BE,KEEP-PARENT,variation parent in Google Sheet,INDONESIA-ESIM,B0H7417CL5,,,0,Incomplete,DEFAULT,2026-07-01 05:14:26 CEST
BE,KEEP,in master list,IRAQ-20GB-30D,B0H6M956TN,,32.99,0,Inactive,AMAZON_EU,2026-06-30 18:30:16 CEST
BE,KEEP,in master list,IRAQ-3GB-15D,B0H6MGX6P7,,10.99,0,Active,AMAZON_EU,2026-06-30 18:24:17 CEST
BE,KEEP,in master list,IRAQ-5GB-30D,B0H6MFRHZN,,16.99,0,Inactive,AMAZON_EU,2026-06-30 18:27:20 CEST
BE,KEEP-PARENT,variation parent in Google Sheet,IRAQ-ESIM,B0H72DSFZ4,,,0,Incomplete,DEFAULT,2026-06-30 18:24:13 CEST
BE,KEEP,in master list,IRELAND-20GB-30D,B0FR9SZG2Z,,17.99,0,Active,AMAZON_EU,2026-07-01 05:33:40 CEST
BE,KEEP,in master list,IRELAND-3GB-15D,B0FR8XV57F,,8.99,0,Active,AMAZON_EU,2026-07-01 05:26:08 CEST
BE,KEEP,in master list,IRELAND-5GB-30D,B0FR9GYKQL,,9.99,0,Active,AMAZON_EU,2026-07-01 05:29:58 CEST
BE,KEEP-PARENT,variation parent in Google Sheet,IRELAND-ESIM,B0H73NZ5X8,,,0,Incomplete,DEFAULT,2026-07-01 05:26:05 CEST
BE,KEEP,in master list,ISLE-OF-MAN-20GB-30D,B0FR9CB5LK,,23.99,0,Active,AMAZON_EU,2026-07-01 05:44:27 CEST
BE,KEEP,in master list,ISLE-OF-MAN-3GB-15D,B0FR9LZ7RL,,9.99,0,Active,AMAZON_EU,2026-07-01 05:37:36 CEST
BE,KEEP,in master list,ISLE-OF-MAN-5GB-30D,B0FR9M27XY,,11.99,0,Active,AMAZON_EU,2026-07-01 05:41:00 CEST
BE,KEEP-PARENT,variation parent in Google Sheet,ISLE-OF-MAN-ESIM,B0H7483BKL,,,0,Incomplete,DEFAULT,2026-07-01 05:37:32 CEST
BE,KEEP,in master list,ISRAEL-20GB-30D,B0FR9K8SQ1,,29.99,0,Active,AMAZON_EU,2026-07-01 05:55:04 CEST
BE,KEEP,in master list,ISRAEL-3GB-15D,B0FR9M11H1,,9.99,0,Active,AMAZON_EU,2026-07-01 05:48:32 CEST
BE,KEEP,in master list,ISRAEL-5GB-30D,B0FR8XVZZM,,11.99,0,Active,AMAZON_EU,2026-07-01 05:51:36 CEST
BE,KEEP-PARENT,variation parent in Google Sheet,ISRAEL-ESIM,B0H74362L9,,,0,Incomplete,DEFAULT,2026-07-01 05:48:29 CEST
BE,KEEP,in master list,ITALY-20GB-30D,B0FR9RNZV2,,15.99,0,Active,AMAZON_EU,2026-07-01 06:06:43 CEST
BE,KEEP,in master list,ITALY-3GB-15D,B0FR9GXZ18,,8.99,0,Active,AMAZON_EU,2026-07-01 05:59:11 CEST
BE,KEEP,in master list,ITALY-5GB-30D,B0FR9ZR2TH,,9.99,0,Active,AMAZON_EU,2026-07-01 06:03:02 CEST
BE,KEEP-PARENT,variation parent in Google Sheet,ITALY-ESIM,B0H743M2YJ,,,0,Incomplete,DEFAULT,2026-07-01 05:59:08 CEST
BE,KEEP,in master list,JAMAICA-20GB-30D,B0H6MF52ZZ,,87.99,0,Active,AMAZON_EU,2026-06-30 18:39:49 CEST
BE,KEEP,in master list,JAMAICA-3GB-15D,B0H6MF3PNQ,,24.99,0,Active,AMAZON_EU,2026-06-30 18:33:50 CEST
BE,KEEP,in master list,JAMAICA-5GB-30D,B0H6MJQCMF,,31.99,0,Active,AMAZON_EU,2026-06-30 18:37:04 CEST
BE,KEEP-PARENT,variation parent in Google Sheet,JAMAICA-ESIM,B0H72GPXBQ,,,0,Incomplete,DEFAULT,2026-06-30 18:33:46 CEST
BE,KEEP,in master list,JAPAN-20GB-30D,B0FR9RZKRB,,15.99,0,Active,AMAZON_EU,2026-07-01 06:18:20 CEST
BE,KEEP,in master list,JAPAN-3GB-15D,B0FR9LVZVQ,,8.99,0,Active,AMAZON_EU,2026-07-01 06:10:51 CEST
BE,KEEP,in master list,JAPAN-5GB-30D,B0FR9TLXXH,,9.99,0,Active,AMAZON_EU,2026-07-01 06:14:39 CEST
BE,KEEP-PARENT,variation parent in Google Sheet,JAPAN-ESIM,B0H744D3W7,,,0,Incomplete,DEFAULT,2026-07-01 06:10:47 CEST
BE,KEEP,in master list,JERSEY-20GB-30D,B0FR9CBQDH,,15.99,0,Active,AMAZON_EU,2026-07-01 06:28:58 CEST
BE,KEEP,in master list,JERSEY-3GB-15D,B0FR9GYMR5,,8.99,0,Active,AMAZON_EU,2026-07-01 06:22:06 CEST
BE,KEEP,in master list,JERSEY-5GB-30D,B0FR9M27GP,,9.99,0,Active,AMAZON_EU,2026-07-01 06:25:40 CEST
BE,KEEP-PARENT,variation parent in Google Sheet,JERSEY-ESIM,B0H745S8SH,,,0,Incomplete,DEFAULT,2026-07-01 06:22:02 CEST
BE,KEEP,in master list,JORDAN-20GB-30D,B0FR9ST188,,43.99,0,Active,AMAZON_EU,2026-07-01 06:39:14 CEST
BE,KEEP,in master list,JORDAN-3GB-15D,B0FR9M144Z,,14.99,0,Active,AMAZON_EU,2026-07-01 06:32:43 CEST
BE,KEEP,in master list,JORDAN-5GB-30D,B0FR9ZTZNK,,14.99,0,Active,AMAZON_EU,2026-07-01 06:36:18 CEST
BE,KEEP-PARENT,variation parent in Google Sheet,JORDAN-ESIM,B0H74HTZV3,,,0,Incomplete,DEFAULT,2026-07-01 06:32:40 CEST
BE,KEEP,in master list,KAZAKHSTAN-20GB-30D,B0FR9TLNNW,,21.99,0,Active,AMAZON_EU,2026-07-01 06:49:29 CEST
BE,KEEP,in master list,KAZAKHSTAN-3GB-15D,B0FR9T4DG2,,8.99,0,Active,AMAZON_EU,2026-07-01 06:42:49 CEST
BE,KEEP,in master list,KAZAKHSTAN-5GB-30D,B0FR9ZMMSH,,9.99,0,Active,AMAZON_EU,2026-07-01 06:46:13 CEST
BE,KEEP-PARENT,variation parent in Google Sheet,KAZAKHSTAN-ESIM,B0H7495RHC,,,0,Incomplete,DEFAULT,2026-07-01 06:42:45 CEST
BE,KEEP,in master list,KENYA-3GB-15D,B0FR9GZ14G,,14.99,0,Active,AMAZON_EU,2026-07-01 06:53:27 CEST
BE,KEEP,in master list,KENYA-5GB-30D,B0FR9T4DG6,,15.99,0,Active,AMAZON_EU,2026-07-01 06:57:14 CEST
BE,KEEP-PARENT,variation parent in Google Sheet,KENYA-ESIM,B0H748GYHB,,,0,Incomplete,DEFAULT,2026-07-01 06:53:23 CEST
BE,KEEP,in master list,KUWAIT-20GB-30D,B0FR9KBF4P,,29.99,0,Inactive,AMAZON_EU,2026-07-01 07:07:29 CEST
BE,KEEP,in master list,KUWAIT-3GB-15D,B0FR9LZJ3X,,10.99,0,Active,AMAZON_EU,2026-07-01 07:00:49 CEST
BE,KEEP,in master list,KUWAIT-5GB-30D,B0FR9M2TXP,,16.99,0,Active,AMAZON_EU,2026-07-01 07:04:13 CEST
BE,KEEP-PARENT,variation parent in Google Sheet,KUWAIT-ESIM,B0H74LQTLK,,,0,Incomplete,DEFAULT,2026-07-01 07:00:45 CEST
BE,KEEP,in master list,KYRGYZSTAN-20GB-30D,B0FR8XXBHM,,19.99,0,Active,AMAZON_EU,2026-07-01 07:14:18 CEST
BE,KEEP,in master list,KYRGYZSTAN-3GB-15D,B0FR9TVF4R,,8.99,0,Active,AMAZON_EU,2026-07-01 07:10:53 CEST
BE,KEEP-PARENT,variation parent in Google Sheet,KYRGYZSTAN-ESIM,B0H748WDZC,,,0,Incomplete,DEFAULT,2026-07-01 07:10:50 CEST
BE,KEEP,in master list,LAOS-20GB-30D,B0H6MBWGX1,,34.99,0,Active,AMAZON_EU,2026-06-30 18:48:42 CEST
BE,KEEP,in master list,LAOS-3GB-15D,B0H6M96WPB,,10.99,0,Active,AMAZON_EU,2026-06-30 18:43:13 CEST
BE,KEEP,in master list,LAOS-5GB-30D,B0H6MBJN5B,,16.99,0,Active,AMAZON_EU,2026-06-30 18:46:06 CEST
BE,KEEP-PARENT,variation parent in Google Sheet,LAOS-ESIM,B0H72GNWS4,,,0,Incomplete,DEFAULT,2026-06-30 18:43:10 CEST
BE,KEEP,in master list,LATVIA-20GB-30D,B0FR9SWN6V,,15.99,0,Active,AMAZON_EU,2026-07-01 07:24:15 CEST
BE,KEEP,in master list,LATVIA-3GB-15D,B0FR9VM4K6,,8.99,0,Active,AMAZON_EU,2026-07-01 07:17:55 CEST
BE,KEEP,in master list,LATVIA-5GB-30D,B0FR9TR99S,,9.99,0,Active,AMAZON_EU,2026-07-01 07:21:08 CEST
BE,KEEP-PARENT,variation parent in Google Sheet,LATVIA-ESIM,B0H74KL98N,,,0,Incomplete,DEFAULT,2026-07-01 07:17:52 CEST
BE,KEEP,in master list,LIBERIA-3GB-15D,B0FR9H18JQ,,21.99,0,Active,AMAZON_EU,2026-07-01 07:27:09 CEST
BE,KEEP,in master list,LIBERIA-5GB-30D,B0FR9SJ1YH,,33.99,0,Active,AMAZON_EU,2026-07-01 07:30:23 CEST
BE,KEEP-PARENT,variation parent in Google Sheet,LIBERIA-ESIM,B0H74JMT1P,,,0,Incomplete,DEFAULT,2026-07-01 07:27:06 CEST
BE,KEEP,in master list,LIBYA-20GB-30D,B0H6MFWD2Y,,125.99,0,Active,AMAZON_EU,2026-06-30 18:58:17 CEST
BE,KEEP,in master list,LIBYA-3GB-15D,B0H6MBYGXZ,,33.99,0,Active,AMAZON_EU,2026-06-30 18:51:57 CEST
BE,KEEP,in master list,LIBYA-5GB-30D,B0H6M5PVSB,,44.99,0,Active,AMAZON_EU,2026-06-30 18:55:21 CEST
BE,KEEP-PARENT,variation parent in Google Sheet,LIBYA-ESIM,B0H72M3XKH,,,0,Incomplete,DEFAULT,2026-06-30 18:51:54 CEST
BE,KEEP,in master list,LIECHTENSTEIN-3GB-15D,B0FR9S35ZH,,8.99,0,Active,AMAZON_EU,2026-07-01 07:34:18 CEST
BE,KEEP-PARENT,variation parent in Google Sheet,LIECHTENSTEIN-ESIM,B0H74FYV5Y,,,0,Incomplete,DEFAULT,2026-07-01 07:34:14 CEST
BE,KEEP,in master list,LITHUANIA-20GB-30D,B0FR9TQN8N,,17.99,0,Active,AMAZON_EU,2026-07-01 07:45:21 CEST
BE,KEEP,in master list,LITHUANIA-3GB-15D,B0FR9KS3P4,,8.99,0,Active,AMAZON_EU,2026-07-01 07:38:19 CEST
BE,KEEP,in master list,LITHUANIA-5GB-30D,B0FR9R598C,,9.99,0,Active,AMAZON_EU,2026-07-01 07:41:44 CEST
BE,KEEP-PARENT,variation parent in Google Sheet,LITHUANIA-ESIM,B0H74KLZF8,,,0,Incomplete,DEFAULT,2026-07-01 07:38:16 CEST
BE,KEEP,in master list,LUXEMBOURG-20GB-30D,B0FR8XXXZB,,17.99,0,Active,AMAZON_EU,2026-07-01 07:55:28 CEST
BE,KEEP,in master list,LUXEMBOURG-3GB-15D,B0FR9SHRKM,,8.99,0,Active,AMAZON_EU,2026-07-01 07:49:08 CEST
BE,KEEP,in master list,LUXEMBOURG-5GB-30D,B0FR9SB862,,9.99,0,Active,AMAZON_EU,2026-07-01 07:52:22 CEST
BE,KEEP-PARENT,variation parent in Google Sheet,LUXEMBOURG-ESIM,B0H74MJQQ6,,,0,Incomplete,DEFAULT,2026-07-01 07:49:05 CEST
BE,KEEP,in master list,MACAO-20GB-30D,B0FR9CDBN2,,15.99,0,Active,AMAZON_EU,2026-07-01 08:05:03 CEST
BE,KEEP,in master list,MACAO-3GB-15D,B0FR9M485M,,8.99,0,Active,AMAZON_EU,2026-07-01 07:58:53 CEST
BE,KEEP,in master list,MACAO-5GB-30D,B0FR9L9624,,9.99,0,Active,AMAZON_EU,2026-07-01 08:01:56 CEST
BE,KEEP-PARENT,variation parent in Google Sheet,MACAO-ESIM,B0H74SRVC2,,,0,Incomplete,DEFAULT,2026-07-01 07:58:49 CEST
BE,KEEP,in master list,MADAGASCAR-3GB-15D,B0FR9H2NS1,,25.99,0,Active,AMAZON_EU,2026-07-01 08:08:37 CEST
BE,KEEP-PARENT,variation parent in Google Sheet,MADAGASCAR-ESIM,B0H74BKWM2,,,0,Incomplete,DEFAULT,2026-07-01 08:08:34 CEST
BE,KEEP,in master list,MALAWI-3GB-15D,B0FR9H3JDK,,17.99,0,Active,AMAZON_EU,2026-07-01 08:12:09 CEST
BE,KEEP,in master list,MALAWI-5GB-30D,B0FR9GXY24,,28.99,0,Active,AMAZON_EU,2026-07-01 08:15:32 CEST
BE,KEEP-PARENT,variation parent in Google Sheet,MALAWI-ESIM,B0H74VTXVW,,,0,Incomplete,DEFAULT,2026-07-01 08:12:05 CEST
BE,KEEP,in master list,MALAYSIA-20GB-30D,B0FR9VMWYD,,15.99,0,Active,AMAZON_EU,2026-07-01 08:27:09 CEST
BE,KEEP,in master list,MALAYSIA-3GB-15D,B0FR9H1Q65,,8.99,0,Active,AMAZON_EU,2026-07-01 08:19:40 CEST
BE,KEEP,in master list,MALAYSIA-5GB-30D,B0FR9LDGX8,,9.99,0,Active,AMAZON_EU,2026-07-01 08:23:27 CEST
BE,KEEP-PARENT,variation parent in Google Sheet,MALAYSIA-ESIM,B0H74L9NJB,,,0,Incomplete,DEFAULT,2026-07-01 08:19:36 CEST
BE,KEEP,in master list,MALDIVES-20GB-30D,B0H6MM5SCJ,,117.99,0,Active,AMAZON_EU,2026-06-30 19:07:30 CEST
BE,KEEP,in master list,MALDIVES-3GB-15D,B0H6MD6Y71,,33.99,0,Active,AMAZON_EU,2026-06-30 19:01:30 CEST
BE,KEEP,in master list,MALDIVES-5GB-30D,B0H6MJQZ8Y,,44.99,0,Active,AMAZON_EU,2026-06-30 19:04:22 CEST
BE,KEEP-PARENT,variation parent in Google Sheet,MALDIVES-ESIM,B0H72FCZL6,,,0,Incomplete,DEFAULT,2026-06-30 19:01:27 CEST
BE,KEEP,in master list,MALI-3GB-15D,B0FR9TRDSY,,21.99,0,Active,AMAZON_EU,2026-07-01 08:30:55 CEST
BE,KEEP-PARENT,variation parent in Google Sheet,MALI-ESIM,B0H74RZZD5,,,0,Incomplete,DEFAULT,2026-07-01 08:30:51 CEST
BE,KEEP,in master list,MALTA-20GB-30D,B0FR9VL1Q9,,15.99,0,Active,AMAZON_EU,2026-07-01 08:41:59 CEST
BE,KEEP,in master list,MALTA-3GB-15D,B0FR9M3PNR,,8.99,0,Active,AMAZON_EU,2026-07-01 08:35:07 CEST
BE,KEEP,in master list,MALTA-5GB-30D,B0FR9ZSMTC,,9.99,0,Active,AMAZON_EU,2026-07-01 08:38:41 CEST
BE,KEEP-PARENT,variation parent in Google Sheet,MALTA-ESIM,B0H7513FNF,,,0,Incomplete,DEFAULT,2026-07-01 08:35:03 CEST
BE,KEEP,in master list,MARTINIQUE-20GB-30D,B0H6MH94KV,,16.99,0,Active,AMAZON_EU,2026-06-30 19:17:05 CEST
BE,KEEP,in master list,MARTINIQUE-3GB-15D,B0H6M7SBFQ,,8.99,0,Active,AMAZON_EU,2026-06-30 19:11:25 CEST
BE,KEEP,in master list,MARTINIQUE-5GB-30D,B0H6MKCD1X,,9.99,0,Active,AMAZON_EU,2026-06-30 19:14:08 CEST
BE,KEEP-PARENT,variation parent in Google Sheet,MARTINIQUE-ESIM,B0H72LBK8P,,,0,Incomplete,DEFAULT,2026-06-30 19:11:22 CEST
BE,KEEP,in master list,MAURITIUS-3GB-15D,B0H2FYRLRC,,16.99,0,Active,AMAZON_EU,2026-07-01 16:22:04 CEST
BE,KEEP,in master list,MAURITIUS-5GB-30D,B0H2G2XMS3,,17.99,0,Active,AMAZON_EU,2026-07-01 16:25:51 CEST
BE,KEEP-PARENT,variation parent in Google Sheet,MAURITIUS-ESIM,B0H761FBZT,,,0,Incomplete,DEFAULT,2026-07-01 16:22:01 CEST
BE,KEEP,in master list,MAYOTTE-20GB-30D,B0H6M5L8MC,,16.99,0,Active,AMAZON_EU,2026-06-30 19:27:00 CEST
BE,KEEP,in master list,MAYOTTE-3GB-15D,B0H6MFWP88,,8.99,0,Active,AMAZON_EU,2026-06-30 19:20:29 CEST
BE,KEEP,in master list,MAYOTTE-5GB-30D,B0H6MD9C4Y,,9.99,0,Active,AMAZON_EU,2026-06-30 19:23:53 CEST
BE,KEEP-PARENT,variation parent in Google Sheet,MAYOTTE-ESIM,B0H72JJ14D,,,0,Incomplete,DEFAULT,2026-06-30 19:20:25 CEST
BE,KEEP,in master list,MEXICO-20GB-30D,B0FR9VDSJX,,35.99,0,Active,AMAZON_EU,2026-07-01 08:52:57 CEST
BE,KEEP,in master list,MEXICO-3GB-15D,B0FR9SZSTG,,11.99,0,Active,AMAZON_EU,2026-07-01 08:45:55 CEST
BE,KEEP,in master list,MEXICO-5GB-30D,B0FR9H2K1C,,14.99,0,Active,AMAZON_EU,2026-07-01 08:49:29 CEST
BE,KEEP-PARENT,variation parent in Google Sheet,MEXICO-ESIM,B0H74RXM6P,,,0,Incomplete,DEFAULT,2026-07-01 08:45:51 CEST
BE,KEEP,in master list,MIDDLE-EAST-5GB-30D,B0FR9SYKP6,,36.99,0,Active,AMAZON_EU,2026-07-01 08:56:20 CEST
BE,KEEP-PARENT,variation parent in Google Sheet,MIDDLE-EAST-ESIM,B0H74VB4K9,,,0,Incomplete,DEFAULT,2026-07-01 08:56:17 CEST
BE,KEEP,in master list,MOLDOVA-3GB-15D,B0FR9CFQYY,,8.99,0,Active,AMAZON_EU,2026-07-01 09:00:23 CEST
BE,KEEP-PARENT,variation parent in Google Sheet,MOLDOVA-ESIM,B0H74TNGMK,,,0,Incomplete,DEFAULT,2026-07-01 09:00:19 CEST
BE,KEEP,in master list,MONACO-3GB-15D,B0FR9ZS6GM,,63.99,0,Active,AMAZON_EU,2026-07-01 09:04:24 CEST
BE,KEEP,in master list,MONACO-5GB-30D,B0FR9H1H4M,,85.99,0,Active,AMAZON_EU,2026-07-01 09:07:58 CEST
BE,KEEP-PARENT,variation parent in Google Sheet,MONACO-ESIM,B0H74Q8SDB,,,0,Incomplete,DEFAULT,2026-07-01 09:04:21 CEST
BE,KEEP,in master list,MONGOLIA-3GB-15D,B0FR9LSYTX,,16.99,0,Active,AMAZON_EU,2026-07-01 09:11:43 CEST
BE,KEEP-PARENT,variation parent in Google Sheet,MONGOLIA-ESIM,B0H74ZPGY3,,,0,Incomplete,DEFAULT,2026-07-01 09:11:39 CEST
BE,KEEP,in master list,MONTENEGRO-3GB-15D,B0FR9R5HR7,,8.99,0,Active,AMAZON_EU,2026-07-01 09:15:24 CEST
BE,KEEP-PARENT,variation parent in Google Sheet,MONTENEGRO-ESIM,B0H74S4K8P,,,0,Incomplete,DEFAULT,2026-07-01 09:15:20 CEST
BE,KEEP,in master list,MONTSERRAT-20GB-30D,B0H6MG87HK,,94.99,0,Active,AMAZON_EU,2026-06-30 19:37:07 CEST
BE,KEEP,in master list,MONTSERRAT-3GB-15D,B0H6MDJ2ZR,,25.99,0,Active,AMAZON_EU,2026-06-30 19:30:34 CEST
BE,KEEP,in master list,MONTSERRAT-5GB-30D,B0H6MGQ1Y4,,33.99,0,Active,AMAZON_EU,2026-06-30 19:33:50 CEST
BE,KEEP-PARENT,variation parent in Google Sheet,MONTSERRAT-ESIM,B0H72RXW7R,,,0,Incomplete,DEFAULT,2026-06-30 19:30:31 CEST
BE,KEEP,in master list,MOROCCO-20GB-30D,B0FR9M57DY,,26.99,0,Active,AMAZON_EU,2026-07-01 09:27:07 CEST
BE,KEEP,in master list,MOROCCO-3GB-15D,B0FR9CFZQR,,9.99,0,Active,AMAZON_EU,2026-07-01 09:19:38 CEST
BE,KEEP,in master list,MOROCCO-5GB-30D,B0FR9CDDQ8,,14.99,0,Active,AMAZON_EU,2026-07-01 09:23:26 CEST
BE,KEEP-PARENT,variation parent in Google Sheet,MOROCCO-ESIM,B0H74R8PP8,,,0,Incomplete,DEFAULT,2026-07-01 09:19:35 CEST
BE,KEEP,in master list,MOZAMBIQUE-20GB-30D,B0FR9CFLS7,,75.99,0,Active,AMAZON_EU,2026-07-01 09:34:59 CEST
BE,KEEP,in master list,MOZAMBIQUE-3GB-15D,B0FRB1M6HK,,19.99,0,Active,AMAZON_EU,2026-07-01 09:31:14 CEST
BE,KEEP-PARENT,variation parent in Google Sheet,MOZAMBIQUE-ESIM,B0H74RKJQT,,,0,Incomplete,DEFAULT,2026-07-01 09:31:11 CEST
BE,KEEP,in master list,NEPAL-3GB-15D,B0FRB1TD7L,,14.99,0,Active,AMAZON_EU,2026-07-01 09:38:43 CEST
BE,KEEP-PARENT,variation parent in Google Sheet,NEPAL-ESIM,B0H74SYPMY,,,0,Incomplete,DEFAULT,2026-07-01 09:38:40 CEST
BE,KEEP,in master list,NETHERLANDS-20GB-30D,B0FR9NG7LB,,16.99,0,Active,AMAZON_EU,2026-07-01 09:50:25 CEST
BE,KEEP,in master list,NETHERLANDS-3GB-15D,B0FRB5GNM2,,8.99,0,Active,AMAZON_EU,2026-07-01 09:42:57 CEST
BE,KEEP,in master list,NETHERLANDS-5GB-30D,B0FR9NHP7Q,,9.99,0,Active,AMAZON_EU,2026-07-01 09:46:44 CEST
BE,KEEP-PARENT,variation parent in Google Sheet,NETHERLANDS-ESIM,B0H752N1L7,,,0,Incomplete,DEFAULT,2026-07-01 09:42:54 CEST
BE,KEEP,in master list,NEW-ZEALAND-20GB-30D,B0FRB1TWT8,,24.99,0,Active,AMAZON_EU,2026-07-01 10:00:31 CEST
BE,KEEP,in master list,NEW-ZEALAND-3GB-15D,B0FR9NKXF5,,9.99,0,Active,AMAZON_EU,2026-07-01 09:54:10 CEST
BE,KEEP,in master list,NEW-ZEALAND-5GB-30D,B0FR9NHFWQ,,11.99,0,Active,AMAZON_EU,2026-07-01 09:57:24 CEST
BE,KEEP-PARENT,variation parent in Google Sheet,NEW-ZEALAND-ESIM,B0H74ZZKMY,,,0,Incomplete,DEFAULT,2026-07-01 09:54:07 CEST
BE,KEEP,in master list,NICARAGUA-3GB-15D,B0FRB33MPG,,14.99,0,Active,AMAZON_EU,2026-07-01 10:04:15 CEST
BE,KEEP-PARENT,variation parent in Google Sheet,NICARAGUA-ESIM,B0H74X1JZM,,,0,Incomplete,DEFAULT,2026-07-01 10:04:12 CEST
BE,KEEP,in master list,NIGER-3GB-15D,B0FR9NPT1H,,17.99,0,Active,AMAZON_EU,2026-07-01 10:08:30 CEST
BE,KEEP-PARENT,variation parent in Google Sheet,NIGER-ESIM,B0H74PYHVF,,,0,Incomplete,DEFAULT,2026-07-01 10:08:26 CEST
BE,KEEP,in master list,NIGERIA-3GB-15D,B0FR9X17QY,,14.99,0,Active,AMAZON_EU,2026-07-01 10:12:44 CEST
BE,KEEP-PARENT,variation parent in Google Sheet,NIGERIA-ESIM,B0H74QJPGD,,,0,Incomplete,DEFAULT,2026-07-01 10:12:41 CEST
BE,KEEP,in master list,NORTH-AMERICA-5GB-30D,B0FRBDQ8H5,,16.99,0,Active,AMAZON_EU,2026-07-01 10:17:26 CEST
BE,KEEP-PARENT,variation parent in Google Sheet,NORTH-AMERICA-ESIM,B0H755KC1P,,,0,Incomplete,DEFAULT,2026-07-01 10:16:55 CEST
BE,KEEP,in master list,NORTH-MACEDONIA-3GB-15D,B0FRB59DJS,,9.99,0,Active,AMAZON_EU,2026-07-01 10:21:13 CEST
BE,KEEP,in master list,NORTH-MACEDONIA-5GB-30D,B0FR9WNHHX,,14.99,0,Active,AMAZON_EU,2026-07-01 10:24:59 CEST
BE,KEEP-PARENT,variation parent in Google Sheet,NORTH-MACEDONIA-ESIM,B0H754X3RM,,,0,Incomplete,DEFAULT,2026-07-01 10:21:09 CEST
BE,KEEP,in master list,NORWAY-20GB-30D,B0FRB572L8,,15.99,0,Inactive,AMAZON_EU,2026-07-01 10:36:31 CEST
BE,KEEP,in master list,NORWAY-3GB-15D,B0FR9WNK2H,,8.99,0,Active,AMAZON_EU,2026-07-01 10:30:03 CEST
BE,KEEP,in master list,NORWAY-5GB-30D,B0FRBNPZ9D,,9.99,0,Active,AMAZON_EU,2026-07-01 10:32:53 CEST
BE,KEEP-PARENT,variation parent in Google Sheet,NORWAY-ESIM,B0H74W2WLH,,,0,Incomplete,DEFAULT,2026-07-01 10:29:04 CEST
BE,KEEP,in master list,OMAN-20GB-30D,B0FRB4R3FK,,32.99,0,Active,AMAZON_EU,2026-07-01 10:45:15 CEST
BE,KEEP,in master list,OMAN-3GB-15D,B0FRB4BL4W,,11.99,0,Active,AMAZON_EU,2026-07-01 10:40:40 CEST
BE,KEEP-PARENT,variation parent in Google Sheet,OMAN-ESIM,B0H74Y2VJD,,,0,Incomplete,DEFAULT,2026-07-01 10:40:37 CEST
BE,KEEP,in master list,PAKISTAN-20GB-30D,B0FRB691X8,,22.99,0,Active,AMAZON_EU,2026-07-01 10:56:00 CEST
BE,KEEP,in master list,PAKISTAN-3GB-15D,B0FRB4HL3B,,8.99,0,Active,AMAZON_EU,2026-07-01 10:48:35 CEST
BE,KEEP,in master list,PAKISTAN-5GB-30D,B0FRB48QKZ,,10.99,0,Active,AMAZON_EU,2026-07-01 10:52:21 CEST
BE,KEEP-PARENT,variation parent in Google Sheet,PAKISTAN-ESIM,B0H75552WR,,,0,Incomplete,DEFAULT,2026-07-01 10:48:31 CEST
BE,KEEP,in master list,PANAMA-3GB-15D,B0FRB3VFW6,,17.99,0,Active,AMAZON_EU,2026-07-01 11:00:08 CEST
BE,KEEP-PARENT,variation parent in Google Sheet,PANAMA-ESIM,B0H75BFMBS,,,0,Incomplete,DEFAULT,2026-07-01 11:00:05 CEST
BE,KEEP,in master list,PARAGUAY-3GB-15D,B0FRB3V7CS,,14.99,0,Active,AMAZON_EU,2026-07-01 11:04:24 CEST
BE,KEEP-PARENT,variation parent in Google Sheet,PARAGUAY-ESIM,B0H75BN1FB,,,0,Incomplete,DEFAULT,2026-07-01 11:04:21 CEST
BE,KEEP,in master list,PERU-20GB-30D,B0H6M8BLBD,,42.99,0,Active,AMAZON_EU,2026-06-30 13:20:36 CEST
BE,KEEP,in master list,PERU-3GB-15D,B0H6M5WW3B,,14.99,0,Active,AMAZON_EU,2026-06-30 13:16:43 CEST
BE,KEEP-PARENT,variation parent in Google Sheet,PERU-ESIM,B0H71VWDVV,,,0,Incomplete,DEFAULT,2026-06-30 13:16:39 CEST
BE,KEEP,in master list,PHILIPPINES-20GB-30D,B0FRB4K2D4,,23.99,0,Active,AMAZON_EU,2026-07-01 11:16:08 CEST
BE,KEEP,in master list,PHILIPPINES-3GB-15D,B0FRB1GVXK,,8.99,0,Active,AMAZON_EU,2026-07-01 11:09:08 CEST
BE,KEEP,in master list,PHILIPPINES-5GB-30D,B0FRB4VCKG,,10.45,0,Active,AMAZON_EU,2026-07-01 11:12:28 CEST
BE,KEEP-PARENT,variation parent in Google Sheet,PHILIPPINES-ESIM,B0H75C7SFM,,,0,Incomplete,DEFAULT,2026-07-01 11:08:37 CEST
BE,KEEP,in master list,POLAND-20GB-30D,B0FRB5HSK7,,15.99,0,Active,AMAZON_EU,2026-07-01 11:27:45 CEST
BE,KEEP,in master list,POLAND-3GB-15D,B0FRB4JVKR,,8.99,0,Active,AMAZON_EU,2026-07-01 11:20:44 CEST
BE,KEEP,in master list,POLAND-5GB-30D,B0FRBDPQ9J,,9.99,0,Active,AMAZON_EU,2026-07-01 11:24:28 CEST
BE,KEEP-PARENT,variation parent in Google Sheet,POLAND-ESIM,B0H75BN36M,,,0,Incomplete,DEFAULT,2026-07-01 11:20:13 CEST
BE,KEEP,in master list,PORTUGAL-20GB-30D,B0FRB354KV,,15.99,0,Active,AMAZON_EU,2026-07-01 11:39:45 CEST
BE,KEEP,in master list,PORTUGAL-3GB-15D,B0FRB4314T,,8.99,0,Active,AMAZON_EU,2026-07-01 11:31:54 CEST
BE,KEEP,in master list,PORTUGAL-5GB-30D,B0FRB4X799,,9.99,0,Active,AMAZON_EU,2026-07-01 11:35:41 CEST
BE,KEEP-PARENT,variation parent in Google Sheet,PORTUGAL-ESIM,B0H75J83ZX,,,0,Incomplete,DEFAULT,2026-07-01 11:31:50 CEST
BE,KEEP,in master list,PUERTO-RICO-3GB-15D,B0FRB5MSF1,,12.99,0,Active,AMAZON_EU,2026-07-01 11:43:31 CEST
BE,KEEP,in master list,PUERTO-RICO-5GB-30D,B0FR9WMX9V,,14.99,0,Active,AMAZON_EU,2026-07-01 11:47:43 CEST
BE,KEEP-PARENT,variation parent in Google Sheet,PUERTO-RICO-ESIM,B0H75LF8F1,,,0,Incomplete,DEFAULT,2026-07-01 11:43:27 CEST
BE,KEEP,in master list,QATAR-20GB-30D,B0FR9X3QGM,,31.99,0,Active,AMAZON_EU,2026-07-01 11:59:18 CEST
BE,KEEP,in master list,QATAR-3GB-15D,B0FR9NXH43,,10.99,0,Active,AMAZON_EU,2026-07-01 11:51:26 CEST
BE,KEEP,in master list,QATAR-5GB-30D,B0FR9X5KB1,,17.99,0,Active,AMAZON_EU,2026-07-01 11:55:13 CEST
BE,KEEP-PARENT,variation parent in Google Sheet,QATAR-ESIM,B0H75MZ7LY,,,0,Incomplete,DEFAULT,2026-07-01 11:51:23 CEST
BE,KEEP,in master list,REPUBLIC-OF-THE-CONGO-20GB-30D,B0H6MJ756Y,,78.99,0,Active,AMAZON_EU,2026-06-30 19:46:53 CEST
BE,KEEP,in master list,REPUBLIC-OF-THE-CONGO-3GB-15D,B0H6MM6DKT,,22.99,0,Active,AMAZON_EU,2026-06-30 19:40:22 CEST
BE,KEEP,in master list,REPUBLIC-OF-THE-CONGO-5GB-30D,B0H6MBXD3B,,33.99,0,Active,AMAZON_EU,2026-06-30 19:43:36 CEST
BE,KEEP-PARENT,variation parent in Google Sheet,REPUBLIC-OF-THE-CONGO-ESIM,B0H72H57W9,,,0,Incomplete,DEFAULT,2026-06-30 19:40:18 CEST
BE,KEEP,in master list,REUNION-3GB-15D,B0FRB3KCNQ,,8.99,0,Inactive,AMAZON_EU,2026-07-01 12:03:03 CEST
BE,KEEP,in master list,REUNION-5GB-30D,B0FRB47TQW,,9.99,0,Inactive,AMAZON_EU,2026-07-01 12:07:38 CEST
BE,KEEP-PARENT,variation parent in Google Sheet,REUNION-ESIM,B0H75FXWTC,,,0,Incomplete,DEFAULT,2026-07-01 12:02:59 CEST
BE,KEEP,in master list,ROMANIA-20GB-30D,B0H6MGRC1F,,15.99,0,Active,AMAZON_EU,2026-06-30 19:56:40 CEST
BE,KEEP,in master list,ROMANIA-3GB-15D,B0H6MKQH2C,,8.99,0,Active,AMAZON_EU,2026-06-30 19:50:18 CEST
BE,KEEP,in master list,ROMANIA-5GB-30D,B0H6MFVLCB,,9.99,0,Active,AMAZON_EU,2026-06-30 19:53:32 CEST
BE,KEEP-PARENT,variation parent in Google Sheet,ROMANIA-ESIM,B0H72PC6TN,,,0,Incomplete,DEFAULT,2026-06-30 19:50:15 CEST
BE,KEEP,in master list,RUSSIA-20GB-30D,B0H6MDSLNC,,23.99,0,Active,AMAZON_EU,2026-06-30 20:06:05 CEST
BE,KEEP,in master list,RUSSIA-3GB-15D,B0H6MDNPC8,,9.99,0,Active,AMAZON_EU,2026-06-30 19:59:33 CEST
BE,KEEP,in master list,RUSSIA-5GB-30D,B0H6MLHHB2,,13.99,0,Active,AMAZON_EU,2026-06-30 20:03:08 CEST
BE,KEEP-PARENT,variation parent in Google Sheet,RUSSIA-ESIM,B0H72VF6PZ,,,0,Incomplete,DEFAULT,2026-06-30 19:59:30 CEST
BE,KEEP,in master list,RWANDA-20GB-30D,B0H6M66BWN,,97.99,0,Active,AMAZON_EU,2026-06-30 20:16:02 CEST
BE,KEEP,in master list,RWANDA-3GB-15D,B0H6MK2ZBQ,,24.99,0,Active,AMAZON_EU,2026-06-30 20:09:51 CEST
BE,KEEP,in master list,RWANDA-5GB-30D,B0H6MJZHP1,,32.99,0,Active,AMAZON_EU,2026-06-30 20:12:54 CEST
BE,KEEP-PARENT,variation parent in Google Sheet,RWANDA-ESIM,B0H736TRVY,,,0,Incomplete,DEFAULT,2026-06-30 20:09:47 CEST
BE,KEEP,in master list,SAINT-BARTHELEMY-20GB-30D,B0H6MJHHNB,,16.99,0,Active,AMAZON_EU,2026-06-30 20:25:38 CEST
BE,KEEP,in master list,SAINT-BARTHELEMY-3GB-15D,B0H6MDMD63,,8.99,0,Active,AMAZON_EU,2026-06-30 20:19:27 CEST
BE,KEEP,in master list,SAINT-BARTHELEMY-5GB-30D,B0H6MBS246,,9.99,0,Active,AMAZON_EU,2026-06-30 20:22:52 CEST
BE,KEEP-PARENT,variation parent in Google Sheet,SAINT-BARTHELEMY-ESIM,B0H733ZGKJ,,,0,Incomplete,DEFAULT,2026-06-30 20:19:24 CEST
BE,KEEP,in master list,SAINT-KITTS-AND-NEVIS-20GB-30D,B0H6MJQSR4,,103.99,0,Active,AMAZON_EU,2026-06-30 20:35:23 CEST
BE,KEEP,in master list,SAINT-KITTS-AND-NEVIS-3GB-15D,B0H6MDHJ2B,,29.99,0,Active,AMAZON_EU,2026-06-30 20:29:13 CEST
BE,KEEP,in master list,SAINT-KITTS-AND-NEVIS-5GB-30D,B0H6MBK615,,38.99,0,Active,AMAZON_EU,2026-06-30 20:31:55 CEST
BE,KEEP-PARENT,variation parent in Google Sheet,SAINT-KITTS-AND-NEVIS-ESIM,B0H735F6SS,,,0,Incomplete,DEFAULT,2026-06-30 20:29:09 CEST
BE,KEEP,in master list,SAINT-LUCIA-20GB-30D,B0H6MDX8DY,,103.99,0,Active,AMAZON_EU,2026-06-30 20:44:25 CEST
BE,KEEP,in master list,SAINT-LUCIA-3GB-15D,B0H6M7Y1CD,,29.99,0,Active,AMAZON_EU,2026-06-30 20:38:37 CEST
BE,KEEP,in master list,SAINT-LUCIA-5GB-30D,B0H6MGBXNV,,38.99,0,Active,AMAZON_EU,2026-06-30 20:41:29 CEST
BE,KEEP-PARENT,variation parent in Google Sheet,SAINT-LUCIA-ESIM,B0H73C6KQN,,,0,Incomplete,DEFAULT,2026-06-30 20:38:33 CEST
BE,KEEP,in master list,SAINT-MARTIN-20GB-30D,B0H6MF7K64,,16.99,0,Active,AMAZON_EU,2026-06-30 20:54:10 CEST
BE,KEEP,in master list,SAINT-MARTIN-3GB-15D,B0H6MDB2CN,,8.99,0,Active,AMAZON_EU,2026-06-30 20:47:50 CEST
BE,KEEP,in master list,SAINT-MARTIN-5GB-30D,B0H6MC37Q1,,9.99,0,Active,AMAZON_EU,2026-06-30 20:51:14 CEST
BE,KEEP-PARENT,variation parent in Google Sheet,SAINT-MARTIN-ESIM,B0H73BTVFN,,,0,Incomplete,DEFAULT,2026-06-30 20:47:46 CEST
BE,KEEP,in master list,SAINT-VINCENT-AND-THE-GRENADINES-3GB-15D,B0H6MF3FWZ,,34.99,0,Active,AMAZON_EU,2026-06-30 20:57:46 CEST
BE,KEEP,in master list,SAINT-VINCENT-AND-THE-GRENADINES-5GB-30D,B0H6MJXH8Z,,46.99,0,Active,AMAZON_EU,2026-06-30 21:00:49 CEST
BE,KEEP-PARENT,variation parent in Google Sheet,SAINT-VINCENT-AND-THE-GRENADINES-ESIM,B0H73D8NRH,,,0,Incomplete,DEFAULT,2026-06-30 20:57:43 CEST
BE,KEEP,in master list,SAMOA-20GB-30D,B0H6MJQDSM,,295.99,0,Active,AMAZON_EU,2026-06-30 21:15:07 CEST
BE,KEEP,in master list,SAMOA-3GB-15D,B0H6MGJ45S,,58.99,0,Active,AMAZON_EU,2026-06-30 21:08:47 CEST
BE,KEEP,in master list,SAMOA-5GB-30D,B0H6MFFZH1,,80.99,0,Active,AMAZON_EU,2026-06-30 21:12:10 CEST
BE,KEEP-PARENT,variation parent in Google Sheet,SAMOA-ESIM,B0H73FC6R9,,,0,Incomplete,DEFAULT,2026-06-30 21:08:43 CEST
BE,KEEP,in master list,SAN-MARINO-20GB-30D,B0H6MDHJFJ,,16.99,0,Active,AMAZON_EU,2026-06-30 21:24:52 CEST
BE,KEEP,in master list,SAN-MARINO-3GB-15D,B0H6MG33GL,,8.99,0,Active,AMAZON_EU,2026-06-30 21:18:21 CEST
BE,KEEP,in master list,SAN-MARINO-5GB-30D,B0H6ML6C38,,9.99,0,Active,AMAZON_EU,2026-06-30 21:21:46 CEST
BE,KEEP-PARENT,variation parent in Google Sheet,SAN-MARINO-ESIM,B0H73BWRJJ,,,0,Incomplete,DEFAULT,2026-06-30 21:18:18 CEST
BE,KEEP,in master list,SAUDI-ARABIA-20GB-30D,B0FRB5PZTS,,33.99,0,Active,AMAZON_EU,2026-07-01 12:18:27 CEST
BE,KEEP,in master list,SAUDI-ARABIA-3GB-15D,B0FRB3N2KL,,11.99,0,Active,AMAZON_EU,2026-07-01 12:10:58 CEST
BE,KEEP,in master list,SAUDI-ARABIA-5GB-30D,B0FRB1SRZY,,14.99,0,Active,AMAZON_EU,2026-07-01 12:14:46 CEST
BE,KEEP-PARENT,variation parent in Google Sheet,SAUDI-ARABIA-ESIM,B0H75H1MC8,,,0,Incomplete,DEFAULT,2026-07-01 12:10:54 CEST
BE,KEEP,in master list,SENEGAL-3GB-15D,B0FRB4HX92,,16.99,0,Active,AMAZON_EU,2026-07-01 12:22:36 CEST
BE,KEEP,in master list,SENEGAL-5GB-30D,B0FRB68H77,,18.99,0,Active,AMAZON_EU,2026-07-01 12:26:25 CEST
BE,KEEP-PARENT,variation parent in Google Sheet,SENEGAL-ESIM,B0H75K5CVK,,,0,Incomplete,DEFAULT,2026-07-01 12:22:33 CEST
BE,KEEP,in master list,SERBIA-20GB-30D,B0FRB5K8JC,,21.99,0,Inactive,AMAZON_EU,2026-07-01 12:34:11 CEST
BE,KEEP,in master list,SERBIA-3GB-15D,B0FRB5TJV2,,8.99,0,Active,AMAZON_EU,2026-07-01 12:30:23 CEST
BE,KEEP-PARENT,variation parent in Google Sheet,SERBIA-ESIM,B0H75MGTW3,,,0,Incomplete,DEFAULT,2026-07-01 12:30:19 CEST
BE,KEEP,in master list,SEYCHELLES-3GB-15D,B0FRB55T3H,,17.99,0,Active,AMAZON_EU,2026-07-01 12:38:21 CEST
BE,KEEP,in master list,SEYCHELLES-5GB-30D,B0FR9P7N6M,,28.99,0,Active,AMAZON_EU,2026-07-01 12:42:09 CEST
BE,KEEP-PARENT,variation parent in Google Sheet,SEYCHELLES-ESIM,B0H759PDXM,,,0,Incomplete,DEFAULT,2026-07-01 12:38:18 CEST
BE,KEEP,in master list,SIERRA-LEONE-20GB-30D,B0H6ML1JW1,,94.99,0,Active,AMAZON_EU,2026-06-30 21:34:39 CEST
BE,KEEP,in master list,SIERRA-LEONE-3GB-15D,B0H6MHPWKP,,26.99,0,Active,AMAZON_EU,2026-06-30 21:29:34 CEST
BE,KEEP,in master list,SIERRA-LEONE-5GB-30D,B0H6MBK6HZ,,33.99,0,Active,AMAZON_EU,2026-06-30 21:31:32 CEST
BE,KEEP-PARENT,variation parent in Google Sheet,SIERRA-LEONE-ESIM,B0H73W2PVK,,,0,Incomplete,DEFAULT,2026-06-30 21:28:36 CEST
BE,KEEP,in master list,SINGAPORE-20GB-30D,B0FRB256K8,,15.99,0,Active,AMAZON_EU,2026-07-01 12:50:06 CEST
BE,KEEP,in master list,SINGAPORE-5GB-30D,B0FR9X3Y3R,,9.99,0,Active,AMAZON_EU,2026-07-01 12:47:13 CEST
BE,KEEP-PARENT,variation parent in Google Sheet,SINGAPORE-ESIM,B0H75KHWJN,,,0,Incomplete,DEFAULT,2026-07-01 12:46:15 CEST
BE,KEEP,in master list,SLOVAKIA-20GB-30D,B0FRB14YYC,,15.99,0,Active,AMAZON_EU,2026-07-01 13:01:16 CEST
BE,KEEP,in master list,SLOVAKIA-3GB-15D,B0FR9XC4BW,,8.99,0,Active,AMAZON_EU,2026-07-01 12:54:03 CEST
BE,KEEP,in master list,SLOVAKIA-5GB-30D,B0FRB2X84M,,9.99,0,Active,AMAZON_EU,2026-07-01 12:57:49 CEST
BE,KEEP-PARENT,variation parent in Google Sheet,SLOVAKIA-ESIM,B0H75NQB8N,,,0,Incomplete,DEFAULT,2026-07-01 12:53:59 CEST
BE,KEEP,in master list,SLOVENIA-20GB-30D,B0FR9X15V2,,15.99,0,Active,AMAZON_EU,2026-07-01 13:12:50 CEST
BE,KEEP,in master list,SLOVENIA-3GB-15D,B0FR9XCF27,,8.99,0,Active,AMAZON_EU,2026-07-01 13:05:22 CEST
BE,KEEP,in master list,SLOVENIA-5GB-30D,B0FRB3SJMR,,9.99,0,Active,AMAZON_EU,2026-07-01 13:09:33 CEST
BE,KEEP-PARENT,variation parent in Google Sheet,SLOVENIA-ESIM,B0H75V2MDK,,,0,Incomplete,DEFAULT,2026-07-01 13:05:19 CEST
BE,KEEP-PARENT,variation parent in Google Sheet,SOUTH-AFRICA-ESIM,B0H75T8R4X,,,0,Incomplete,DEFAULT,2026-07-01 13:16:55 CEST
BE,KEEP,in master list,SOUTH-AMERICA-5GB-30D,B0FRB8D7HC,,21.99,0,Active,AMAZON_EU,2026-07-01 13:21:14 CEST
BE,KEEP-PARENT,variation parent in Google Sheet,SOUTH-AMERICA-ESIM,B0H75NHYYN,,,0,Incomplete,DEFAULT,2026-07-01 13:21:11 CEST
BE,KEEP,in master list,SOUTH-KOREA-20GB-30D,B0FRC4P51Z,,15.99,0,Inactive,AMAZON_EU,2026-07-01 13:33:47 CEST
BE,KEEP,in master list,SOUTH-KOREA-3GB-15D,B0FRC4RTDF,,8.99,0,Active,AMAZON_EU,2026-07-01 13:25:30 CEST
BE,KEEP,in master list,SOUTH-KOREA-5GB-30D,B0FRD9LC4C,,9.99,0,Inactive,AMAZON_EU,2026-07-01 13:29:19 CEST
BE,KEEP-PARENT,variation parent in Google Sheet,SOUTH-KOREA-ESIM,B0H75X27F1,,,0,Incomplete,DEFAULT,2026-07-01 13:25:27 CEST
BE,KEEP,in master list,SPAIN-20GB-30D,B0FRCMPGPL,,15.08,0,Inactive,AMAZON_EU,2026-07-01 13:44:39 CEST
BE,KEEP,in master list,SPAIN-3GB-15D,B0FRCDHTZ7,,8.99,0,Active,AMAZON_EU,2026-07-01 13:37:36 CEST
BE,KEEP,in master list,SPAIN-5GB-30D,B0FRBQCLZN,,9.99,0,Active,AMAZON_EU,2026-07-01 13:40:58 CEST
BE,KEEP-PARENT,variation parent in Google Sheet,SPAIN-ESIM,B0H75LY22R,,,0,Incomplete,DEFAULT,2026-07-01 13:37:05 CEST
BE,KEEP,in master list,SRI-LANKA-20GB-30D,B0FRC2DZN5,,28.99,0,Active,AMAZON_EU,2026-07-01 13:56:41 CEST
BE,KEEP,in master list,SRI-LANKA-3GB-15D,B0FRB7Z1NW,,10.99,0,Active,AMAZON_EU,2026-07-01 13:48:49 CEST
BE,KEEP,in master list,SRI-LANKA-5GB-30D,B0FRB64B8M,,12.99,0,Active,AMAZON_EU,2026-07-01 13:53:25 CEST
BE,KEEP-PARENT,variation parent in Google Sheet,SRI-LANKA-ESIM,B0H75SMC19,,,0,Incomplete,DEFAULT,2026-07-01 13:48:45 CEST
BE,KEEP,in master list,SUDAN-3GB-15D,B0FRCKTXNQ,,22.99,0,Active,AMAZON_EU,2026-07-01 14:00:25 CEST
BE,KEEP,in master list,SUDAN-5GB-30D,B0FRC799N3,,30.99,0,Active,AMAZON_EU,2026-07-01 14:03:51 CEST
BE,KEEP-PARENT,variation parent in Google Sheet,SUDAN-ESIM,B0H75QCS41,,,0,Incomplete,DEFAULT,2026-07-01 14:00:21 CEST
BE,KEEP,in master list,SURINAME-20GB-30D,B0H6MNKY5H,,74.99,0,Active,AMAZON_EU,2026-06-30 21:44:32 CEST
BE,KEEP,in master list,SURINAME-3GB-15D,B0H6MLWJMY,,19.99,0,Active,AMAZON_EU,2026-06-30 21:38:13 CEST
BE,KEEP,in master list,SURINAME-5GB-30D,B0H6MNS3N5,,32.99,0,Active,AMAZON_EU,2026-06-30 21:41:16 CEST
BE,KEEP-PARENT,variation parent in Google Sheet,SURINAME-ESIM,B0H73QFLJW,,,0,Incomplete,DEFAULT,2026-06-30 21:38:10 CEST
BE,KEEP,in master list,SVG-20GB-30D,B0H6MWF5B5,,125.99,0,Active,AMAZON_EU,2026-06-30 21:04:34 CEST
BE,KEEP-PARENT,variation parent in Google Sheet,SVG-ESIM,B0H73QJGYM,,,0,Incomplete,DEFAULT,2026-06-30 21:04:30 CEST
BE,KEEP,in master list,SWEDEN-20GB-30D,B0FRB7X5SP,,15.99,0,Inactive,AMAZON_EU,2026-07-01 14:16:19 CEST
BE,KEEP,in master list,SWEDEN-3GB-15D,B0FRCC6W9S,,8.99,0,Active,AMAZON_EU,2026-07-01 14:08:01 CEST
BE,KEEP,in master list,SWEDEN-5GB-30D,B0FRCS524D,,9.99,0,Inactive,AMAZON_EU,2026-07-01 14:11:50 CEST
BE,KEEP-PARENT,variation parent in Google Sheet,SWEDEN-ESIM,B0H75S5RCD,,,0,Incomplete,DEFAULT,2026-07-01 14:07:57 CEST
BE,KEEP,in master list,SWITZERLAND-20GB-30D,B0FRB6VY7S,,15.99,0,Inactive,AMAZON_EU,2026-07-01 14:28:01 CEST
BE,KEEP,in master list,SWITZERLAND-3GB-15D,B0FRB5LFVC,,8.99,0,Active,AMAZON_EU,2026-07-01 14:19:41 CEST
BE,KEEP,in master list,SWITZERLAND-5GB-30D,B0FRB7G4VW,,9.99,0,Active,AMAZON_EU,2026-07-01 14:23:29 CEST
BE,KEEP-PARENT,variation parent in Google Sheet,SWITZERLAND-ESIM,B0H75W3TNQ,,,0,Incomplete,DEFAULT,2026-07-01 14:19:37 CEST
BE,KEEP,in master list,TAJIKISTAN-20GB-30D,B0H6M85C77,,41.99,0,Active,AMAZON_EU,2026-06-30 21:54:37 CEST
BE,KEEP,in master list,TAJIKISTAN-3GB-15D,B0H6M7XFN6,,15.99,0,Active,AMAZON_EU,2026-06-30 21:48:07 CEST
BE,KEEP,in master list,TAJIKISTAN-5GB-30D,B0H6MFYMXZ,,16.99,0,Active,AMAZON_EU,2026-06-30 21:51:41 CEST
BE,KEEP-PARENT,variation parent in Google Sheet,TAJIKISTAN-ESIM,B0H73FFFLB,,,0,Incomplete,DEFAULT,2026-06-30 21:48:04 CEST
BE,KEEP,in master list,TANZANIA-3GB-15D,B0FRC81NPJ,,16.99,0,Active,AMAZON_EU,2026-07-01 14:31:50 CEST
BE,KEEP-PARENT,variation parent in Google Sheet,TANZANIA-ESIM,B0H75ZSW8G,,,0,Incomplete,DEFAULT,2026-07-01 14:31:19 CEST
BE,KEEP,in master list,THAILAND-20GB-30D,B0FRCHW3MW,,15.99,0,Inactive,AMAZON_EU,2026-07-01 14:43:31 CEST
BE,KEEP,in master list,THAILAND-3GB-15D,B0FRCDPJSH,,8.99,0,Active,AMAZON_EU,2026-07-01 14:35:39 CEST
BE,KEEP,in master list,THAILAND-5GB-30D,B0FR9Q5D1J,,9.99,0,Active,AMAZON_EU,2026-07-01 14:39:50 CEST
BE,KEEP-PARENT,variation parent in Google Sheet,THAILAND-ESIM,B0H75T9TR3,,,0,Incomplete,DEFAULT,2026-07-01 14:35:36 CEST
BE,KEEP,in master list,TRINIDAD-AND-TOBAGO-20GB-30D,B0H6MF31VP,,96.99,0,Active,AMAZON_EU,2026-06-30 22:05:02 CEST
BE,KEEP,in master list,TRINIDAD-AND-TOBAGO-3GB-15D,B0H6MJTHXK,,22.99,0,Active,AMAZON_EU,2026-06-30 21:58:11 CEST
BE,KEEP,in master list,TRINIDAD-AND-TOBAGO-5GB-30D,B0H6MJTHY9,,33.99,0,Active,AMAZON_EU,2026-06-30 22:01:35 CEST
BE,KEEP-PARENT,variation parent in Google Sheet,TRINIDAD-AND-TOBAGO-ESIM,B0H7395D3R,,,0,Incomplete,DEFAULT,2026-06-30 21:58:08 CEST
BE,KEEP,in master list,TUNISIA-5GB-30D,B0FRB7Q96Z,,11.99,0,Inactive,AMAZON_EU,2026-07-01 14:47:43 CEST
BE,KEEP-PARENT,variation parent in Google Sheet,TUNISIA-ESIM,B0H762F36D,,,0,Incomplete,DEFAULT,2026-07-01 14:47:12 CEST
BE,KEEP,in master list,TURKEY-20GB-30D,B0FRCYMWCX,,17.99,0,Inactive,AMAZON_EU,2026-07-01 14:59:47 CEST
BE,KEEP,in master list,TURKEY-3GB-15D,B0FRC2PSHM,,8.99,0,Active,AMAZON_EU,2026-07-01 14:52:26 CEST
BE,KEEP,in master list,TURKEY-5GB-30D,B0FRCBZ1BB,,8.99,0,Active,AMAZON_EU,2026-07-01 14:55:18 CEST
BE,KEEP-PARENT,variation parent in Google Sheet,TURKEY-ESIM,B0H75ZLTM8,,,0,Incomplete,DEFAULT,2026-07-01 14:51:27 CEST
BE,KEEP,in master list,TURKS-AND-CAICOS-ISLANDS-20GB-30D,B0H6MLBGX7,,90.99,0,Active,AMAZON_EU,2026-06-30 22:14:46 CEST
BE,KEEP,in master list,TURKS-AND-CAICOS-ISLANDS-3GB-15D,B0H6MNNXGL,,23.99,0,Active,AMAZON_EU,2026-06-30 22:08:16 CEST
BE,KEEP,in master list,TURKS-AND-CAICOS-ISLANDS-5GB-30D,B0H6MLH1KM,,29.99,0,Active,AMAZON_EU,2026-06-30 22:11:50 CEST
BE,KEEP-PARENT,variation parent in Google Sheet,TURKS-AND-CAICOS-ISLANDS-ESIM,B0H73J6RW8,,,0,Incomplete,DEFAULT,2026-06-30 22:08:12 CEST
BE,KEEP,in master list,UGANDA-3GB-15D,B0FRB7F7Z9,,18.99,0,Active,AMAZON_EU,2026-07-01 15:02:46 CEST
BE,KEEP-PARENT,variation parent in Google Sheet,UGANDA-ESIM,B0H75XTV3X,,,0,Incomplete,DEFAULT,2026-07-01 15:02:43 CEST
BE,KEEP,in master list,UKRAINE-3GB-15D,B0FRB9SBFR,,8.99,0,Active,AMAZON_EU,2026-07-01 15:07:02 CEST
BE,KEEP,in master list,UKRAINE-5GB-30D,B0FRC2NRKG,,9.99,0,Inactive,AMAZON_EU,2026-07-01 15:10:49 CEST
BE,KEEP-PARENT,variation parent in Google Sheet,UKRAINE-ESIM,B0H75VMQ1N,,,0,Incomplete,DEFAULT,2026-07-01 15:06:58 CEST
BE,KEEP,in master list,UNITED-ARAB-EMIRATES-20GB-30D,B0FRB7TFJR,,36.99,0,Active,AMAZON_EU,2026-07-07 13:07:39 CEST
BE,KEEP,in master list,UNITED-ARAB-EMIRATES-3GB-15D,B0FRBBYBGH,,12.99,0,Active,AMAZON_EU,2026-07-01 15:14:57 CEST
BE,KEEP,in master list,UNITED-ARAB-EMIRATES-5GB-30D,B0FRB89XHX,,15.99,0,Active,AMAZON_EU,2026-07-07 13:07:38 CEST
BE,KEEP-PARENT,variation parent in Google Sheet,UNITED-ARAB-EMIRATES-ESIM,B0H762K1ZW,,,0,Incomplete,DEFAULT,2026-07-01 15:14:53 CEST
BE,KEEP-PARENT,variation parent in Google Sheet,UNITED-KINGDOM-ESIM,B0H75X9FVS,,,0,Incomplete,DEFAULT,2026-07-01 15:26:31 CEST
BE,KEEP-PARENT,variation parent in Google Sheet,UNITED-STATES-ESIM,B0H766M2S6,,,0,Incomplete,DEFAULT,2026-07-01 15:38:08 CEST
BE,KEEP,in master list,URUGUAY-3GB-15D,B0FRB7LHGN,,17.99,0,Active,AMAZON_EU,2026-07-01 15:46:07 CEST
BE,KEEP-PARENT,variation parent in Google Sheet,URUGUAY-ESIM,B0H75XSG4F,,,0,Incomplete,DEFAULT,2026-07-01 15:46:04 CEST
BE,KEEP,in master list,UZBEKISTAN-5GB-30D,B0FRBWFZ6M,,9.99,0,Active,AMAZON_EU,2026-07-01 15:50:22 CEST
BE,KEEP-PARENT,variation parent in Google Sheet,UZBEKISTAN-ESIM,B0H76BTYZV,,,0,Incomplete,DEFAULT,2026-07-01 15:50:18 CEST
BE,KEEP,in master list,VATICAN-CITY-20GB-30D,B0H6MDPLZ9,,15.99,0,Active,AMAZON_EU,2026-06-30 22:24:32 CEST
BE,KEEP,in master list,VATICAN-CITY-3GB-15D,B0H6MBMF8G,,8.99,0,Active,AMAZON_EU,2026-06-30 22:18:11 CEST
BE,KEEP,in master list,VATICAN-CITY-5GB-30D,B0H6M7YXNP,,9.99,0,Active,AMAZON_EU,2026-06-30 22:21:15 CEST
BE,KEEP-PARENT,variation parent in Google Sheet,VATICAN-CITY-ESIM,B0H73KLCF5,,,0,Incomplete,DEFAULT,2026-06-30 22:18:07 CEST
BE,KEEP,in master list,VIETNAM-20GB-30D,B0FRC2NKC4,,22.99,0,Active,AMAZON_EU,2026-07-01 16:02:28 CEST
BE,KEEP,in master list,VIETNAM-3GB-15D,B0FRBR2DHW,,8.99,0,Inactive,AMAZON_EU,2026-07-01 15:54:38 CEST
BE,KEEP,in master list,VIETNAM-5GB-30D,B0FRCBXRGV,,10.99,0,Active,AMAZON_EU,2026-07-01 15:58:24 CEST
BE,KEEP-PARENT,variation parent in Google Sheet,VIETNAM-ESIM,B0H75YQ159,,,0,Incomplete,DEFAULT,2026-07-01 15:54:34 CEST
BE,KEEP,in master list,ZAMBIA-3GB-15D,B0FRC2NSM2,,17.99,0,Active,AMAZON_EU,2026-07-01 16:06:13 CEST
BE,KEEP,in master list,ZAMBIA-5GB-30D,B0FRCL97L4,,28.99,0,Active,AMAZON_EU,2026-07-01 16:10:48 CEST
BE,KEEP-PARENT,variation parent in Google Sheet,ZAMBIA-ESIM,B0H765JN3F,,,0,Incomplete,DEFAULT,2026-07-01 16:06:09 CEST
SE,DELETE,not in master list,AE_20_30,B0FRB7TFJR,,493.88,0,Active,AMAZON_EU,2026-03-25 09:21:19 CET
SE,DELETE,not in master list,AE_3_15,B0FRBBYBGH,,132.23,0,Active,AMAZON_EU,2026-03-25 10:12:51 CET
SE,DELETE,not in master list,AE_5_30,B0FRB89XHX,,,0,Incomplete,AMAZON_EU,2026-03-25 06:05:51 CET
SE,DELETE,not in master list,AU_20_30,B0FR9G1ZQJ,,217.99,0,Inactive,AMAZON_EU,2026-03-27 10:20:47 CET
SE,DELETE,not in master list,AU_3_15,B0FR9SKY4D,,85.28,0,Active,AMAZON_EU,2026-03-27 10:52:31 CET
SE,DELETE,not in master list,AU_5_30,B0FR9JRB62,,105.3,0,Active,AMAZON_EU,2026-03-25 10:21:07 CET
SE,DELETE,not in master list,BE_20_30,B0FR9BVRCH,,225.3,0,Active,AMAZON_EU,2026-03-27 13:26:39 CET
SE,DELETE,not in master list,BE_3_15,B0FR9G432K,,92.08,0,Active,AMAZON_EU,2026-03-27 10:13:05 CET
SE,DELETE,not in master list,BE_5_30,B0FR9SXCW6,,105.18,0,Active,AMAZON_EU,2026-03-27 10:23:53 CET
SE,DELETE,not in master list,CA_20_30,B0FR9BY42D,,337.34,0,Inactive,AMAZON_EU,2026-03-27 10:31:42 CET
SE,DELETE,not in master list,CA_3_15,B0FR9RZLF3,,136.29,0,Inactive,AMAZON_EU,2026-03-27 13:48:10 CET
SE,DELETE,not in master list,CA_5_30,B0FR9SYCBK,,176.56,0,Inactive,AMAZON_EU,2026-03-27 12:16:36 CET
SE,DELETE,not in master list,CH_20_30,B0FRB6VY7S,,,0,Incomplete,AMAZON_EU,2026-03-25 06:10:17 CET
SE,DELETE,not in master list,CH_3_15,B0FRB5LFVC,,78.84,0,Active,AMAZON_EU,2026-03-25 10:16:13 CET
SE,DELETE,not in master list,CH_5_30,B0FRB7G4VW,,,0,Incomplete,AMAZON_EU,2026-03-25 06:13:54 CET
SE,DELETE,not in master list,CN_20_30,B0FR9GD6X9,,257.26,0,Inactive,AMAZON_EU,2026-03-27 11:00:32 CET
SE,DELETE,not in master list,CN_3_15,B0FR9QZ578,,91.98,0,Active,AMAZON_EU,2026-03-25 10:12:22 CET
SE,DELETE,not in master list,CN_5_30,B0FR9HX7XH,,118.84,0,Active,AMAZON_EU,2026-03-25 09:13:35 CET
SE,DELETE,not in master list,DE_20_30,B0GSZP9H94,,369.76,0,Inactive,AMAZON_EU,2026-03-27 13:00:10 CET
SE,DELETE,not in master list,DE_3_15,B0GSZBMLKV,,109.76,0,Inactive,AMAZON_EU,2026-03-27 12:06:32 CET
SE,DELETE,not in master list,DE_5_30,B0GSZDYWLZ,,129.74,0,Inactive,AMAZON_EU,2026-03-27 10:26:10 CET
SE,DELETE,not in master list,EG_20_30,B0FR9GQBGL,,437.3,0,Inactive,AMAZON_EU,2026-03-27 12:24:54 CET
SE,DELETE,not in master list,EG_3_15,B0FR9C784N,,132.23,0,Active,AMAZON_EU,2026-03-27 11:00:17 CET
SE,DELETE,not in master list,EG_3_30,B0FR9GNL93,,160.59,0,Inactive,AMAZON_EU,2026-03-27 11:00:07 CET
SE,DELETE,not in master list,ES_20_30,B0FRCMPGPL,,242.88,0,Inactive,AMAZON_EU,2026-03-27 10:16:15 CET
SE,DELETE,not in master list,ES_3_15,B0FRCDHTZ7,,92.01,0,Active,AMAZON_EU,2026-03-27 14:05:27 CET
SE,DELETE,not in master list,ES_5_30,B0FRBQCLZN,,118.73,0,Active,AMAZON_EU,2026-03-25 09:07:43 CET
SE,DELETE,not in master list,FR_20_30,B0FR9GPMC5,,296.1,0,Inactive,AMAZON_EU,2026-03-25 06:22:30 CET
SE,DELETE,not in master list,FR_3_15,B0FR9C5ZB6,,105.23,0,Active,AMAZON_EU,2026-03-25 06:04:37 CET
SE,DELETE,not in master list,FR_5_30,B0FR9LMDW5,,131.95,0,Active,AMAZON_EU,2026-04-12 13:27:02 CEST
SE,DELETE,not in master list,GB_20_30,B0FRDGCBTN,,,0,Incomplete,AMAZON_EU,2026-03-25 06:05:28 CET
SE,DELETE,not in master list,GB_3_15,B0FRCPD8TS,,,0,Incomplete,AMAZON_EU,2026-03-25 06:12:44 CET
SE,DELETE,not in master list,GB_5_30,B0FRDDRGJF,,,0,Incomplete,AMAZON_EU,2026-03-25 06:17:23 CET
SE,DELETE,not in master list,GR_20_30,B0FR9KJGBG,,225.08,0,Active,AMAZON_EU,2026-03-25 09:14:05 CET
SE,DELETE,not in master list,GR_3_15,B0FR9L85F6,,78.76,0,Active,AMAZON_EU,2026-03-25 10:31:03 CET
SE,DELETE,not in master list,GR_5_30,B0FR9C7SMF,,72.05,0,Active,AMAZON_EU,2026-03-27 10:20:28 CET
SE,DELETE,not in master list,HAJJ-LUX-10GB-30D,B0H3L75HDS,,779.99,0,Inactive,AMAZON_EU,2026-06-10 12:32:58 CEST
SE,DELETE,not in master list,HAJJ-LUXURY-ESIM,B0H71TYTXD,,,0,Incomplete,DEFAULT,2026-06-30 13:08:49 CEST
SE,DELETE,not in master list,HK_20_30,B0FR9GXZ6F,,242.88,0,Inactive,AMAZON_EU,2026-03-27 13:43:52 CET
SE,DELETE,not in master list,HK_3_15,B0FR9CC6Q8,,78.69,0,Active,AMAZON_EU,2026-03-25 13:13:20 CET
SE,DELETE,not in master list,HK_5_30,B0FR9GXYYL,,38.83,0,Active,AMAZON_EU,2026-03-25 09:06:08 CET
SE,DELETE,not in master list,ID_20_30,B0FR9QXRDQ,,229.61,0,Inactive,AMAZON_EU,2026-03-27 15:44:37 CET
SE,DELETE,not in master list,ID_3_15,B0FR9T6QPZ,,78.76,0,Active,AMAZON_EU,2026-03-27 10:19:49 CET
SE,DELETE,not in master list,ID_5_30,B0FR8XW5DR,,58.79,0,Active,AMAZON_EU,2026-03-27 12:26:16 CET
SE,DELETE,not in master list,IE_20_30,B0FR9SZG2Z,,242.88,0,Inactive,AMAZON_EU,2026-03-27 12:04:17 CET
SE,DELETE,not in master list,IE_3_15,B0FR8XV57F,,78.76,0,Active,AMAZON_EU,2026-03-27 10:38:25 CET
SE,DELETE,not in master list,IE_5_30,B0FR9GYKQL,,72.05,0,Active,AMAZON_EU,2026-03-25 10:29:51 CET
SE,DELETE,not in master list,IN_20_30,B0FR9DYMHX,,503.05,0,Inactive,AMAZON_EU,2026-03-25 06:19:33 CET
SE,DELETE,not in master list,IN_3_15,B0FR9ZM116,,176.48,0,Inactive,AMAZON_EU,2026-03-27 12:12:08 CET
SE,DELETE,not in master list,IN_5_30,B0FR9GXWN9,,230.1,0,Inactive,AMAZON_EU,2026-03-25 10:21:48 CET
SE,DELETE,not in master list,IT_20_30,B0FR9RNZV2,,198.6,0,Active,AMAZON_EU,2026-03-25 10:16:33 CET
SE,DELETE,not in master list,IT_3_15,B0FR9GXZ18,,78.83,0,Active,AMAZON_EU,2026-03-25 10:15:27 CET
SE,DELETE,not in master list,IT_5_30,B0FR9ZR2TH,,58.79,0,Active,AMAZON_EU,2026-03-25 10:08:18 CET
SE,DELETE,not in master list,JP_20_30,B0FR9RZKRB,,232.36,0,Inactive,AMAZON_EU,2026-03-25 10:15:32 CET
SE,DELETE,not in master list,JP_3_15,B0FR9LVZVQ,,78.73,0,Active,AMAZON_EU,2026-03-25 10:15:28 CET
SE,DELETE,not in master list,JP_5_30,B0FR9TLXXH,,58.83,0,Active,AMAZON_EU,2026-03-25 10:44:19 CET
SE,DELETE,not in master list,KE_3_15,B0FR9GZ14G,,304.61,0,Active,AMAZON_EU,2026-03-25 12:00:32 CET
SE,DELETE,not in master list,KE_5_30,B0FR9T4DG6,,411.15,0,Active,AMAZON_EU,2026-03-27 14:28:19 CET
SE,DELETE,not in master list,MA_20_30,B0FR9M57DY,,369.76,0,Inactive,AMAZON_EU,2026-03-27 10:25:07 CET
SE,DELETE,not in master list,MA_3_15,B0FR9CFZQR,,105.28,0,Active,AMAZON_EU,2026-03-25 10:10:23 CET
SE,DELETE,not in master list,MA_5_30,B0FR9CDDQ8,,142.75,0,Inactive,AMAZON_EU,2026-03-27 11:21:04 CET
SE,DELETE,not in master list,MY_20_30,B0FR9VMWYD,,229.61,0,Inactive,AMAZON_EU,2026-03-27 10:18:16 CET
SE,DELETE,not in master list,MY_3_15,B0FR9H1Q65,,78.76,0,Active,AMAZON_EU,2026-03-27 11:03:20 CET
SE,DELETE,not in master list,MY_5_30,B0FR9LDGX8,,105.28,0,Active,AMAZON_EU,2026-03-27 11:08:22 CET
SE,DELETE,not in master list,NL_20_30,B0FR9NG7LB,,244.48,0,Active,AMAZON_EU,2026-03-25 12:19:00 CET
SE,DELETE,not in master list,NL_3_15,B0FRB5GNM2,,78.78,0,Active,AMAZON_EU,2026-03-25 10:17:51 CET
SE,DELETE,not in master list,NL_5_30,B0FR9NHP7Q,,72.06,0,Active,AMAZON_EU,2026-03-27 10:14:56 CET
SE,DELETE,not in master list,PH_20_30,B0FRB4K2D4,,423.15,0,Inactive,AMAZON_EU,2026-03-27 11:04:53 CET
SE,DELETE,not in master list,PH_3_15,B0FRB1GVXK,,118.73,0,Active,AMAZON_EU,2026-03-27 13:31:50 CET
SE,DELETE,not in master list,PH_5_30,B0FRB4VCKG,,190.04,0,Inactive,AMAZON_EU,2026-03-27 10:13:11 CET
SE,DELETE,not in master list,PL_20_30,B0FRB5HSK7,,229.61,0,Inactive,AMAZON_EU,2026-03-25 10:23:38 CET
SE,DELETE,not in master list,PL_3_15,B0FRB4JVKR,,78.78,0,Active,AMAZON_EU,2026-03-27 10:22:16 CET
SE,DELETE,not in master list,PL_5_30,B0FRBDPQ9J,,58.8,0,Active,AMAZON_EU,2026-03-27 09:19:52 CET
SE,DELETE,not in master list,PT_20_30,B0FRB354KV,,269.58,0,Inactive,AMAZON_EU,2026-03-27 10:18:35 CET
SE,DELETE,not in master list,PT_3_15,B0FRB4314T,,78.76,0,Active,AMAZON_EU,2026-03-27 11:11:50 CET
SE,DELETE,not in master list,PT_5_30,B0FRB4X799,,72.05,0,Active,AMAZON_EU,2026-03-25 10:43:06 CET
SE,DELETE,not in master list,SG_20_30,B0FRB256K8,,242.88,0,Inactive,AMAZON_EU,2026-03-27 11:04:26 CET
SE,DELETE,not in master list,SG_3_30,B0FRB3KY59,,136.5,0,Inactive,AMAZON_EU,2026-03-27 09:32:29 CET
SE,DELETE,not in master list,SG_5_30,B0FR9X3Y3R,,118.93,0,Active,AMAZON_EU,2026-03-27 10:24:13 CET
SE,DELETE,not in master list,SN_3_15,B0FRB4HX92,,370.68,0,Inactive,AMAZON_EU,2026-03-25 10:14:18 CET
SE,DELETE,not in master list,SN_5_30,B0FRB68H77,,504.48,0,Active,AMAZON_EU,2026-03-25 08:41:20 CET
SE,DELETE,not in master list,TH_20_30,B0FRCHW3MW,,186.25,0,Inactive,AMAZON_EU,2026-03-25 09:21:15 CET
SE,DELETE,not in master list,TH_3_15,B0FRCDPJSH,,,0,Incomplete,AMAZON_EU,2026-03-25 06:20:35 CET
SE,DELETE,not in master list,TH_5_30,B0FR9Q5D1J,,58.8,0,Active,AMAZON_EU,2026-03-25 10:25:56 CET
SE,DELETE,not in master list,TN_10_30,B0FRB85GLD,,257.81,0,Inactive,AMAZON_EU,2026-03-25 15:21:03 CET
SE,DELETE,not in master list,TN_3_30,B0FRCKZKVY,,127.66,0,Inactive,AMAZON_EU,2026-03-25 11:53:29 CET
SE,DELETE,not in master list,TN_5_30,B0FRB7Q96Z,,171.96,0,Inactive,AMAZON_EU,2026-03-25 10:21:16 CET
SE,DELETE,not in master list,TR_20_30,B0FRCYMWCX,,,0,Incomplete,AMAZON_EU,2026-03-25 06:17:49 CET
SE,DELETE,not in master list,TR_3_15,B0FRC2PSHM,,,0,Incomplete,AMAZON_EU,2026-03-25 06:18:27 CET
SE,DELETE,not in master list,TR_5_30,B0FRCBZ1BB,,,0,Incomplete,AMAZON_EU,2026-03-25 06:25:28 CET
SE,DELETE,not in master list,TZ_3_15,B0FRC81NPJ,,,0,Incomplete,AMAZON_EU,2026-03-25 06:11:54 CET
SE,DELETE,not in master list,US_20_90,B0FRB9JP2K,,311.85,0,Inactive,AMAZON_EU,2026-03-25 11:29:39 CET
SE,DELETE,not in master list,US_3_15,B0FRCFXK3V,,92.04,0,Active,AMAZON_EU,2026-03-25 10:12:51 CET
SE,DELETE,not in master list,US_5_30,B0FRC2PQ8H,,79.03,0,Active,AMAZON_EU,2026-03-25 10:15:58 CET
SE,DELETE,not in master list,VN_20_30,B0FRC2NKC4,,,0,Incomplete,AMAZON_EU,2026-03-25 06:16:27 CET
SE,DELETE,not in master list,VN_3_15,B0FRBR2DHW,,,0,Incomplete,AMAZON_EU,2026-03-28 20:04:36 CET
SE,DELETE,not in master list,VN_5_30,B0FRCBXRGV,,,0,Incomplete,AMAZON_EU,2026-03-28 20:53:07 CET
SE,DELETE,not in master list,ZA_10_30,B0FRB4RSW2,,356.5,0,Inactive,AMAZON_EU,2026-03-25 10:49:38 CET
SE,DELETE,not in master list,ZA_5_30,B0FRB3R6F3,,211.89,0,Active,AMAZON_EU,2026-03-25 10:16:18 CET
SE,DELETE,not in master list,ZM_3_15,B0FRC2NSM2,,,0,Incomplete,AMAZON_EU,2026-03-28 21:00:55 CET
SE,DELETE,not in master list,ZM_5_30,B0FRCL97L4,,,0,Incomplete,AMAZON_EU,2026-03-28 20:26:09 CET
SE,KEEP,in master list,AALAND-ISLANDS-20GB-30D,B0FR39Q1KJ,,370.99,0,Inactive,AMAZON_EU,2026-06-30 22:44:36 CEST
SE,KEEP,in master list,AALAND-ISLANDS-3GB-15D,B0FR3CCSMB,,102.99,0,Active,AMAZON_EU,2026-06-30 22:38:09 CEST
SE,KEEP,in master list,AALAND-ISLANDS-5GB-30D,B0FR3G6JWB,,153.99,0,Inactive,AMAZON_EU,2026-06-30 22:41:30 CEST
SE,KEEP-PARENT,variation parent in Google Sheet,AALAND-ISLANDS-ESIM,B0H739GR1G,,,0,Incomplete,DEFAULT,2026-06-30 22:38:06 CEST
SE,KEEP,in master list,AFRICA-5GB-30D,B0FR3GK9Z7,,319.99,0,Inactive,AMAZON_EU,2026-06-30 22:48:14 CEST
SE,KEEP-PARENT,variation parent in Google Sheet,AFRICA-ESIM,B0H72WCJQB,,,0,Incomplete,DEFAULT,2026-06-30 22:48:10 CEST
SE,KEEP,in master list,ALBANIA-5GB-30D,B0FR4ZG3Z6,,114.99,0,Inactive,AMAZON_EU,2026-06-30 22:51:54 CEST
SE,KEEP-PARENT,variation parent in Google Sheet,ALBANIA-ESIM,B0H73CD1NR,,,0,Incomplete,DEFAULT,2026-06-30 22:51:51 CEST
SE,KEEP,in master list,ALGERIA-20GB-30D,B0H6M5TDMD,,293.99,0,Active,AMAZON_EU,2026-06-30 13:32:42 CEST
SE,KEEP,in master list,ALGERIA-3GB-15D,B0H6M9R3WH,,102.99,0,Active,AMAZON_EU,2026-06-30 13:24:52 CEST
SE,KEEP,in master list,ALGERIA-5GB-30D,B0H6MDYKG8,,127.99,0,Active,AMAZON_EU,2026-06-30 13:28:52 CEST
SE,KEEP-PARENT,variation parent in Google Sheet,ALGERIA-ESIM,B0H71N4C23,,,0,Incomplete,DEFAULT,2026-06-30 13:24:48 CEST
SE,KEEP,in master list,ANDORRA-20GB-30D,B0H6MJ97WC,,485.99,0,Active,AMAZON_EU,2026-06-30 13:44:03 CEST
SE,KEEP,in master list,ANDORRA-3GB-15D,B0H6MBPRYN,,166.99,0,Inactive,AMAZON_EU,2026-06-30 13:36:45 CEST
SE,KEEP,in master list,ANDORRA-5GB-30D,B0H6M5P65S,,178.99,0,Inactive,AMAZON_EU,2026-06-30 13:40:33 CEST
SE,KEEP-PARENT,variation parent in Google Sheet,ANDORRA-ESIM,B0H71ZQX6L,,,0,Incomplete,DEFAULT,2026-06-30 13:36:41 CEST
SE,KEEP,in master list,ANGOLA-3GB-15D,B0H6M5RWZH,,383.99,0,Inactive,AMAZON_EU,2026-06-30 13:47:34 CEST
SE,KEEP,in master list,ANGOLA-5GB-30D,B0H6MKZSB4,,639.99,0,Inactive,AMAZON_EU,2026-06-30 14:29:45 CEST
SE,KEEP-PARENT,variation parent in Google Sheet,ANGOLA-ESIM,B0H71T93GY,,,0,Incomplete,DEFAULT,2026-06-30 13:47:31 CEST
SE,KEEP,in master list,ANGUILLA-20GB-30D,B0H6MHMZY8,,958.99,0,Active,AMAZON_EU,2026-06-30 14:31:53 CEST
SE,KEEP,in master list,ANGUILLA-3GB-15D,B0H6M7X7QY,,268.99,0,Inactive,AMAZON_EU,2026-06-30 14:30:45 CEST
SE,KEEP,in master list,ANGUILLA-5GB-30D,B0H6MFJ63H,,357.99,0,Active,AMAZON_EU,2026-06-30 14:31:22 CEST
SE,KEEP-PARENT,variation parent in Google Sheet,ANGUILLA-ESIM,B0H71YLV2C,,,0,Incomplete,DEFAULT,2026-06-30 14:30:41 CEST
SE,KEEP,in master list,ANTIGUA-AND-BARBUDA-20GB-30D,B0H6M2MQJB,,1086.99,0,Inactive,AMAZON_EU,2026-06-30 14:39:53 CEST
SE,KEEP,in master list,ANTIGUA-AND-BARBUDA-3GB-15D,B0H6MBBFLQ,,293.99,0,Active,AMAZON_EU,2026-06-30 14:33:14 CEST
SE,KEEP,in master list,ANTIGUA-AND-BARBUDA-5GB-30D,B0H6MCR5F9,,383.99,0,Active,AMAZON_EU,2026-06-30 14:36:36 CEST
SE,KEEP-PARENT,variation parent in Google Sheet,ANTIGUA-AND-BARBUDA-ESIM,B0H722PSWK,,,0,Incomplete,DEFAULT,2026-06-30 14:33:11 CEST
SE,KEEP,in master list,ARGENTINA-20GB-30D,B0FR5DCH33,,409.99,0,Inactive,AMAZON_EU,2026-06-30 22:58:57 CEST
SE,KEEP,in master list,ARGENTINA-3GB-15D,B0FR554SXN,,140.99,0,Inactive,AMAZON_EU,2026-06-30 22:55:46 CEST
SE,KEEP-PARENT,variation parent in Google Sheet,ARGENTINA-ESIM,B0H73TC1B3,,,0,Incomplete,DEFAULT,2026-06-30 22:55:43 CEST
SE,KEEP,in master list,ARMENIA-20GB-30D,B0FR4ZT5XT,,344.99,0,Active,AMAZON_EU,2026-06-30 23:05:34 CEST
SE,KEEP,in master list,ARMENIA-3GB-15D,B0FR5BK9R4,,102.99,0,Active,AMAZON_EU,2026-06-30 23:02:34 CEST
SE,KEEP-PARENT,variation parent in Google Sheet,ARMENIA-ESIM,B0H7395QN9,,,0,Incomplete,DEFAULT,2026-06-30 23:02:31 CEST
SE,KEEP,in master list,ASIA-20-3GB-15D,B0FR9FZ4RF,,140.99,0,Inactive,AMAZON_EU,2026-06-30 23:09:33 CEST
SE,KEEP,in master list,ASIA-20-5GB-30D,B0FR9BQNSV,,153.99,0,Inactive,AMAZON_EU,2026-06-30 23:13:41 CEST
SE,KEEP-PARENT,variation parent in Google Sheet,ASIA-20-ESIM,B0H73W4Z38,,,0,Incomplete,DEFAULT,2026-06-30 23:09:30 CEST
SE,KEEP,in master list,AUSTRALIA-20GB-30D,B0FR9G1ZQJ,,166.99,0,Inactive,AMAZON_EU,2026-06-30 23:24:53 CEST
SE,KEEP,in master list,AUSTRALIA-3GB-15D,B0FR9SKY4D,,89.99,0,Active,AMAZON_EU,2026-06-30 23:17:29 CEST
SE,KEEP,in master list,AUSTRALIA-5GB-30D,B0FR9JRB62,,102.99,0,Active,AMAZON_EU,2026-06-30 23:21:13 CEST
SE,KEEP-PARENT,variation parent in Google Sheet,AUSTRALIA-ESIM,B0H72XDV67,,,0,Incomplete,DEFAULT,2026-06-30 23:17:26 CEST
SE,KEEP,in master list,AUSTRIA-20GB-30D,B0FR8XBSBP,,165.99,0,Inactive,AMAZON_EU,2026-06-30 23:34:39 CEST
SE,KEEP,in master list,AUSTRIA-3GB-15D,B0FR9QSMSP,,89.99,0,Active,AMAZON_EU,2026-06-30 23:28:21 CEST
SE,KEEP,in master list,AUSTRIA-5GB-30D,B0FR8XCH78,,102.99,0,Active,AMAZON_EU,2026-06-30 23:31:11 CEST
SE,KEEP-PARENT,variation parent in Google Sheet,AUSTRIA-ESIM,B0H72WHMK8,,,0,Incomplete,DEFAULT,2026-06-30 23:28:18 CEST
SE,KEEP,in master list,AZERBAIJAN-3GB-15D,B0FR9BTC98,,140.99,0,Inactive,AMAZON_EU,2026-06-30 23:38:28 CEST
SE,KEEP-PARENT,variation parent in Google Sheet,AZERBAIJAN-ESIM,B0H7393W1F,,,0,Incomplete,DEFAULT,2026-06-30 23:38:25 CEST
SE,KEEP,in master list,BAHAMAS-20GB-30D,B0H6MCPR9P,,1329.99,0,Inactive,AMAZON_EU,2026-06-30 14:49:59 CEST
SE,KEEP,in master list,BAHAMAS-3GB-15D,B0H6MB828R,,357.99,0,Inactive,AMAZON_EU,2026-06-30 14:43:32 CEST
SE,KEEP,in master list,BAHAMAS-5GB-30D,B0H6MFGH8P,,472.99,0,Inactive,AMAZON_EU,2026-06-30 14:46:42 CEST
SE,KEEP-PARENT,variation parent in Google Sheet,BAHAMAS-ESIM,B0H72HLZ5V,,,0,Incomplete,DEFAULT,2026-06-30 14:43:28 CEST
SE,KEEP,in master list,BAHRAIN-3GB-15D,B0FR9K64KF,,114.99,0,Active,AMAZON_EU,2026-06-30 23:42:21 CEST
SE,KEEP-PARENT,variation parent in Google Sheet,BAHRAIN-ESIM,B0H73BT1P3,,,0,Incomplete,DEFAULT,2026-06-30 23:42:18 CEST
SE,KEEP,in master list,BANGLADESH-20GB-30D,B0FR8FJ3HJ,,255.99,0,Active,AMAZON_EU,2026-06-30 23:52:10 CEST
SE,KEEP,in master list,BANGLADESH-3GB-15D,B0FR9L7SG3,,102.99,0,Active,AMAZON_EU,2026-06-30 23:46:13 CEST
SE,KEEP,in master list,BANGLADESH-5GB-30D,B0FR9BQFCM,,114.99,0,Active,AMAZON_EU,2026-06-30 23:49:45 CEST
SE,KEEP-PARENT,variation parent in Google Sheet,BANGLADESH-ESIM,B0H73W59SG,,,0,Incomplete,DEFAULT,2026-06-30 23:46:10 CEST
SE,KEEP,in master list,BARBADOS-20GB-30D,B0H6MJ921X,,933.99,0,Inactive,AMAZON_EU,2026-06-30 15:00:15 CEST
SE,KEEP,in master list,BARBADOS-3GB-15D,B0H6MCD72X,,255.99,0,Active,AMAZON_EU,2026-06-30 14:53:59 CEST
SE,KEEP,in master list,BARBADOS-5GB-30D,B0H6MG6VYJ,,345.99,0,Active,AMAZON_EU,2026-06-30 14:57:19 CEST
SE,KEEP-PARENT,variation parent in Google Sheet,BARBADOS-ESIM,B0H71YQ8CD,,,0,Incomplete,DEFAULT,2026-06-30 14:53:55 CEST
SE,KEEP,in master list,BELARUS-3GB-15D,B0FR9G3Z82,,102.99,0,Active,AMAZON_EU,2026-06-30 23:55:28 CEST
SE,KEEP,in master list,BELARUS-5GB-30D,B0FR8FFT4D,,127.99,0,Active,AMAZON_EU,2026-06-30 23:58:17 CEST
SE,KEEP-PARENT,variation parent in Google Sheet,BELARUS-ESIM,B0H73JH15K,,,0,Incomplete,DEFAULT,2026-06-30 23:55:24 CEST
SE,KEEP,in master list,BELGIUM-20GB-30D,B0FR9BVRCH,,165.99,0,Active,AMAZON_EU,2026-07-01 00:09:53 CEST
SE,KEEP,in master list,BELGIUM-3GB-15D,B0FR9G432K,,89.99,0,Active,AMAZON_EU,2026-07-01 00:02:28 CEST
SE,KEEP,in master list,BELGIUM-5GB-30D,B0FR9SXCW6,,102.99,0,Active,AMAZON_EU,2026-07-01 00:06:11 CEST
SE,KEEP-PARENT,variation parent in Google Sheet,BELGIUM-ESIM,B0H72WMDP9,,,0,Incomplete,DEFAULT,2026-07-01 00:02:25 CEST
SE,KEEP,in master list,BELIZE-20GB-30D,B0H6MBSQM8,,1598.99,0,Active,AMAZON_EU,2026-06-30 15:10:43 CEST
SE,KEEP,in master list,BELIZE-3GB-15D,B0H6MFPNTX,,357.99,0,Inactive,AMAZON_EU,2026-06-30 15:04:05 CEST
SE,KEEP,in master list,BELIZE-5GB-30D,B0H6MF1H4V,,588.99,0,Active,AMAZON_EU,2026-06-30 15:07:26 CEST
SE,KEEP-PARENT,variation parent in Google Sheet,BELIZE-ESIM,B0H72HS9GC,,,0,Incomplete,DEFAULT,2026-06-30 15:04:02 CEST
SE,KEEP,in master list,BENIN-20GB-30D,B0H6M7VGSZ,,843.99,0,Active,AMAZON_EU,2026-06-30 15:20:24 CEST
SE,KEEP,in master list,BENIN-3GB-15D,B0H6M9YHDR,,204.99,0,Active,AMAZON_EU,2026-06-30 15:14:22 CEST
SE,KEEP,in master list,BENIN-5GB-30D,B0H6MHRNBH,,345.99,0,Inactive,AMAZON_EU,2026-06-30 15:17:33 CEST
SE,KEEP-PARENT,variation parent in Google Sheet,BENIN-ESIM,B0H725Y6CT,,,0,Incomplete,DEFAULT,2026-06-30 15:14:19 CEST
SE,KEEP,in master list,BERMUDA-20GB-30D,B0H6MCGQ77,,1112.99,0,Inactive,AMAZON_EU,2026-06-30 15:31:11 CEST
SE,KEEP,in master list,BERMUDA-3GB-15D,B0H6MDMTGH,,281.99,0,Inactive,AMAZON_EU,2026-06-30 15:24:23 CEST
SE,KEEP,in master list,BERMUDA-5GB-30D,B0H6MFM5X4,,370.99,0,Inactive,AMAZON_EU,2026-06-30 15:27:44 CEST
SE,KEEP-PARENT,variation parent in Google Sheet,BERMUDA-ESIM,B0H727TYJF,,,0,Incomplete,DEFAULT,2026-06-30 15:24:20 CEST
SE,KEEP,in master list,BHUTAN-20GB-30D,B0H6M5WDSH,,639.99,0,Inactive,AMAZON_EU,2026-06-30 15:42:09 CEST
SE,KEEP,in master list,BHUTAN-3GB-15D,B0H6MJB588,,191.99,0,Inactive,AMAZON_EU,2026-06-30 15:35:20 CEST
SE,KEEP,in master list,BHUTAN-5GB-30D,B0H6M9C23Q,,217.99,0,Active,AMAZON_EU,2026-06-30 15:38:52 CEST
SE,KEEP-PARENT,variation parent in Google Sheet,BHUTAN-ESIM,B0H7278KFD,,,0,Incomplete,DEFAULT,2026-06-30 15:35:17 CEST
SE,KEEP,in master list,BOLIVIA-20GB-30D,B0FR9RH588,,983.99,0,Active,AMAZON_EU,2026-07-01 00:16:20 CEST
SE,KEEP,in master list,BOLIVIA-3GB-15D,B0FR8FKPKH,,268.99,0,Active,AMAZON_EU,2026-07-01 00:13:31 CEST
SE,KEEP-PARENT,variation parent in Google Sheet,BOLIVIA-ESIM,B0H73CWTHM,,,0,Incomplete,DEFAULT,2026-07-01 00:13:27 CEST
SE,KEEP,in master list,BOSNIA-AND-HERZEGOVINA-3GB-15D,B0FR9G8ZVK,,127.99,0,Active,AMAZON_EU,2026-07-01 00:19:48 CEST
SE,KEEP-PARENT,variation parent in Google Sheet,BOSNIA-AND-HERZEGOVINA-ESIM,B0H73DMFWF,,,0,Incomplete,DEFAULT,2026-07-01 00:19:45 CEST
SE,KEEP,in master list,BOTSWANA-3GB-15D,B0FR9G7N2Q,,255.99,0,Active,AMAZON_EU,2026-07-01 00:23:18 CEST
SE,KEEP-PARENT,variation parent in Google Sheet,BOTSWANA-ESIM,B0H72WKV8K,,,0,Incomplete,DEFAULT,2026-07-01 00:23:15 CEST
SE,KEEP,in master list,BRAZIL-20GB-30D,B0FR9KLZCR,,370.99,0,Inactive,AMAZON_EU,2026-07-01 00:29:39 CEST
SE,KEEP,in master list,BRAZIL-3GB-15D,B0FR9G5LKV,,114.99,0,Inactive,AMAZON_EU,2026-07-01 00:26:50 CEST
SE,KEEP-PARENT,variation parent in Google Sheet,BRAZIL-ESIM,B0H737RQLR,,,0,Incomplete,DEFAULT,2026-07-01 00:26:46 CEST
SE,KEEP,in master list,BRUNEI-DARUSSALAM-20GB-30D,B0FR9F971C,,727.99,0,Active,AMAZON_EU,2026-07-01 00:35:25 CEST
SE,KEEP,in master list,BRUNEI-DARUSSALAM-3GB-15D,B0FR9KTJND,,153.99,0,Active,AMAZON_EU,2026-07-01 00:32:56 CEST
SE,KEEP-PARENT,variation parent in Google Sheet,BRUNEI-DARUSSALAM-ESIM,B0H73B18L4,,,0,Incomplete,DEFAULT,2026-07-01 00:32:53 CEST
SE,KEEP,in master list,BULGARIA-3GB-15D,B0H6MCT4Y5,,89.99,0,Active,AMAZON_EU,2026-06-30 13:12:58 CEST
SE,KEEP-PARENT,variation parent in Google Sheet,BULGARIA-ESIM,B0H71RT3KH,,,0,Incomplete,DEFAULT,2026-06-30 13:12:55 CEST
SE,KEEP,in master list,BURKINA-FASO-3GB-15D,B0FR9HWFSK,,140.99,0,Active,AMAZON_EU,2026-07-01 00:39:03 CEST
SE,KEEP,in master list,BURKINA-FASO-5GB-30D,B0FR9BWKSY,,319.99,0,Active,AMAZON_EU,2026-07-01 00:42:02 CEST
SE,KEEP-PARENT,variation parent in Google Sheet,BURKINA-FASO-ESIM,B0H73B9G2Z,,,0,Incomplete,DEFAULT,2026-07-01 00:39:00 CEST
SE,KEEP,in master list,CAMBODIA-20GB-30D,B0FR9GFJPL,,293.99,0,Inactive,AMAZON_EU,2026-07-01 01:25:22 CEST
SE,KEEP,in master list,CAMBODIA-3GB-15D,B0FR8XKMJ4,,102.99,0,Active,AMAZON_EU,2026-07-01 01:22:01 CEST
SE,KEEP-PARENT,variation parent in Google Sheet,CAMBODIA-ESIM,B0H735SMR9,,,0,Incomplete,DEFAULT,2026-07-01 01:21:58 CEST
SE,KEEP,in master list,CAMEROON-3GB-15D,B0FR9VJ1ZB,,230.99,0,Active,AMAZON_EU,2026-07-01 00:45:39 CEST
SE,KEEP-PARENT,variation parent in Google Sheet,CAMEROON-ESIM,B0H73F5QMZ,,,0,Incomplete,DEFAULT,2026-07-01 00:45:36 CEST
SE,KEEP,in master list,CANADA-PREMIUM-20GB-30D,B0H6MJ9N4Y,,319.99,0,Inactive,AMAZON_EU,2026-06-30 22:34:21 CEST
SE,KEEP,in master list,CANADA-PREMIUM-3GB-15D,B0H6MJ1HMJ,,114.99,0,Inactive,AMAZON_EU,2026-06-30 22:28:25 CEST
SE,KEEP,in master list,CANADA-PREMIUM-5GB-30D,B0H6MPXGBN,,165.99,0,Inactive,AMAZON_EU,2026-06-30 22:31:35 CEST
SE,KEEP-PARENT,variation parent in Google Sheet,CANADA-PREMIUM-ESIM,B0H73MCSHS,,,0,Incomplete,DEFAULT,2026-06-30 22:28:21 CEST
SE,KEEP,in master list,CAPE-VERDE-20GB-30D,B0H6M9VSPG,,1789.99,0,Inactive,AMAZON_EU,2026-06-30 15:53:08 CEST
SE,KEEP,in master list,CAPE-VERDE-3GB-15D,B0H6M9R16H,,357.99,0,Inactive,AMAZON_EU,2026-06-30 15:46:09 CEST
SE,KEEP,in master list,CAPE-VERDE-5GB-30D,B0H6MFG453,,600.99,0,Active,AMAZON_EU,2026-06-30 15:49:30 CEST
SE,KEEP-PARENT,variation parent in Google Sheet,CAPE-VERDE-ESIM,B0H7287RJH,,,0,Incomplete,DEFAULT,2026-06-30 15:46:05 CEST
SE,KEEP,in master list,CAYMAN-ISLANDS-20GB-30D,B0H6MGXYNS,,1048.99,0,Active,AMAZON_EU,2026-06-30 16:02:53 CEST
SE,KEEP,in master list,CAYMAN-ISLANDS-3GB-15D,B0H6MLHBD7,,293.99,0,Active,AMAZON_EU,2026-06-30 15:56:36 CEST
SE,KEEP,in master list,CAYMAN-ISLANDS-5GB-30D,B0H6M55MKK,,383.99,0,Active,AMAZON_EU,2026-06-30 15:59:57 CEST
SE,KEEP-PARENT,variation parent in Google Sheet,CAYMAN-ISLANDS-ESIM,B0H725W378,,,0,Incomplete,DEFAULT,2026-06-30 15:56:33 CEST
SE,KEEP,in master list,CENTRAL-AFRICAN-REPUBLIC-3GB-15D,B0FR9RK8FP,,230.99,0,Inactive,AMAZON_EU,2026-07-01 00:49:40 CEST
SE,KEEP,in master list,CENTRAL-AFRICAN-REPUBLIC-5GB-30D,B0FR9R3NMC,,370.99,0,Active,AMAZON_EU,2026-07-01 00:52:30 CEST
SE,KEEP-PARENT,variation parent in Google Sheet,CENTRAL-AFRICAN-REPUBLIC-ESIM,B0H73J6K3D,,,0,Incomplete,DEFAULT,2026-07-01 00:49:37 CEST
SE,KEEP,in master list,CHAD-3GB-15D,B0FR9SG4MK,,191.99,0,Active,AMAZON_EU,2026-07-01 00:55:56 CEST
SE,KEEP,in master list,CHAD-5GB-30D,B0FR9L414C,,306.99,0,Active,AMAZON_EU,2026-07-01 00:58:56 CEST
SE,KEEP-PARENT,variation parent in Google Sheet,CHAD-ESIM,B0H72VW6TK,,,0,Incomplete,DEFAULT,2026-07-01 00:55:53 CEST
SE,KEEP,in master list,CHILE-3GB-15D,B0FR9RY1RT,,153.99,0,Inactive,AMAZON_EU,2026-07-01 01:02:45 CEST
SE,KEEP-PARENT,variation parent in Google Sheet,CHILE-ESIM,B0H739N8F8,,,0,Incomplete,DEFAULT,2026-07-01 01:02:41 CEST
SE,KEEP,in master list,CHINA-20GB-30D,B0FR9GD6X9,,204.99,0,Inactive,AMAZON_EU,2026-07-01 01:14:22 CEST
SE,KEEP,in master list,CHINA-3GB-15D,B0FR9QZ578,,89.99,0,Active,AMAZON_EU,2026-07-01 01:07:00 CEST
SE,KEEP,in master list,CHINA-5GB-30D,B0FR9HX7XH,,102.99,0,Active,AMAZON_EU,2026-07-01 01:10:43 CEST
SE,KEEP-PARENT,variation parent in Google Sheet,CHINA-ESIM,B0H73HDJPF,,,0,Incomplete,DEFAULT,2026-07-01 01:06:56 CEST
SE,KEEP,in master list,COLOMBIA-3GB-15D,B0FR9RL8W5,,153.99,0,Inactive,AMAZON_EU,2026-07-01 01:18:21 CEST
SE,KEEP-PARENT,variation parent in Google Sheet,COLOMBIA-ESIM,B0H734BHBP,,,0,Incomplete,DEFAULT,2026-07-01 01:18:17 CEST
SE,KEEP,in master list,COSTA-RICA-3GB-15D,B0FR9LNRMN,,166.99,0,Inactive,AMAZON_EU,2026-07-01 01:28:49 CEST
SE,KEEP-PARENT,variation parent in Google Sheet,COSTA-RICA-ESIM,B0H7385XWF,,,0,Incomplete,DEFAULT,2026-07-01 01:28:46 CEST
SE,KEEP,in master list,COTE-D-IVOIRE-3GB-15D,B0FR9HW9DJ,,268.99,0,Inactive,AMAZON_EU,2026-07-01 01:32:30 CEST
SE,KEEP,in master list,COTE-D-IVOIRE-5GB-30D,B0FR9V5LYJ,,345.99,0,Active,AMAZON_EU,2026-07-01 01:36:11 CEST
SE,KEEP-PARENT,variation parent in Google Sheet,COTE-D-IVOIRE-ESIM,B0H739ZNWX,,,0,Incomplete,DEFAULT,2026-07-01 01:32:27 CEST
SE,KEEP,in master list,CROATIA-20GB-30D,B0FR9TYCSL,,191.99,0,Inactive,AMAZON_EU,2026-07-01 01:45:45 CEST
SE,KEEP,in master list,CROATIA-3GB-15D,B0FR9GDKT1,,89.99,0,Active,AMAZON_EU,2026-07-01 01:40:11 CEST
SE,KEEP,in master list,CROATIA-5GB-30D,B0FR9BVV58,,102.99,0,Active,AMAZON_EU,2026-07-01 01:42:50 CEST
SE,KEEP-PARENT,variation parent in Google Sheet,CROATIA-ESIM,B0H739M252,,,0,Incomplete,DEFAULT,2026-07-01 01:40:07 CEST
SE,KEEP,in master list,CURACAO-20GB-30D,B0H6MF51WH,,869.99,0,Inactive,AMAZON_EU,2026-06-30 16:13:31 CEST
SE,KEEP,in master list,CURACAO-3GB-15D,B0H6M81JPM,,242.99,0,Active,AMAZON_EU,2026-06-30 16:07:04 CEST
SE,KEEP,in master list,CURACAO-5GB-30D,B0H6MGZLBC,,319.99,0,Active,AMAZON_EU,2026-06-30 16:10:04 CEST
SE,KEEP-PARENT,variation parent in Google Sheet,CURACAO-ESIM,B0H72DBLHD,,,0,Incomplete,DEFAULT,2026-06-30 16:07:00 CEST
SE,KEEP,in master list,CYPRUS-3GB-15D,B0FR8XJWWG,,89.99,0,Active,AMAZON_EU,2026-07-01 01:48:52 CEST
SE,KEEP,in master list,CYPRUS-5GB-30D,B0FR8XHWZV,,102.99,0,Active,AMAZON_EU,2026-07-01 01:52:12 CEST
SE,KEEP-PARENT,variation parent in Google Sheet,CYPRUS-ESIM,B0H73FY7N1,,,0,Incomplete,DEFAULT,2026-07-01 01:48:49 CEST
SE,KEEP,in master list,CZECH-REPUBLIC-20GB-30D,B0FR9SVN9H,,191.99,0,Active,AMAZON_EU,2026-07-01 02:01:46 CEST
SE,KEEP,in master list,CZECH-REPUBLIC-3GB-15D,B0FR9SB2Q3,,89.99,0,Active,AMAZON_EU,2026-07-01 01:56:01 CEST
SE,KEEP,in master list,CZECH-REPUBLIC-5GB-30D,B0FR9BY2LF,,102.99,0,Active,AMAZON_EU,2026-07-01 01:59:11 CEST
SE,KEEP-PARENT,variation parent in Google Sheet,CZECH-REPUBLIC-ESIM,B0H73K42ZS,,,0,Incomplete,DEFAULT,2026-07-01 01:55:57 CEST
SE,KEEP,in master list,DEMOCRATIC-REPUBLIC-OF-THE-CONGO-3GB-15D,B0H6LZL22Y,,153.99,0,Inactive,AMAZON_EU,2026-06-30 16:17:10 CEST
SE,KEEP,in master list,DEMOCRATIC-REPUBLIC-OF-THE-CONGO-5GB-30D,B0H6M6L8Z8,,242.99,0,Inactive,AMAZON_EU,2026-06-30 16:20:32 CEST
SE,KEEP-PARENT,variation parent in Google Sheet,DEMOCRATIC-REPUBLIC-OF-THE-CONGO-ESIM,B0H728F9YR,,,0,Incomplete,DEFAULT,2026-06-30 16:17:07 CEST
SE,KEEP,in master list,DENMARK-20GB-30D,B0FR9QPF45,,166.99,0,Inactive,AMAZON_EU,2026-07-01 02:11:51 CEST
SE,KEEP,in master list,DENMARK-3GB-15D,B0FR9GSNP4,,89.99,0,Active,AMAZON_EU,2026-07-01 02:05:45 CEST
SE,KEEP,in master list,DENMARK-5GB-30D,B0FR8XQYR4,,102.99,0,Active,AMAZON_EU,2026-07-01 02:08:56 CEST
SE,KEEP-PARENT,variation parent in Google Sheet,DENMARK-ESIM,B0H73HRSR9,,,0,Incomplete,DEFAULT,2026-07-01 02:05:42 CEST
SE,KEEP,in master list,DOMINICA-20GB-30D,B0H6MK8XTJ,,958.99,0,Active,AMAZON_EU,2026-06-30 16:34:10 CEST
SE,KEEP,in master list,DOMINICA-3GB-15D,B0H6M9H54M,,268.99,0,Active,AMAZON_EU,2026-06-30 16:27:52 CEST
SE,KEEP,in master list,DOMINICA-5GB-30D,B0H6M5HR32,,357.99,0,Inactive,AMAZON_EU,2026-06-30 16:30:53 CEST
SE,KEEP-PARENT,variation parent in Google Sheet,DOMINICA-ESIM,B0H72DYW55,,,0,Incomplete,DEFAULT,2026-06-30 16:27:49 CEST
SE,KEEP,in master list,DOMINICAN-REPUBLIC-20GB-30D,B0FR9C6DJF,,434.99,0,Inactive,AMAZON_EU,2026-07-01 02:21:03 CEST
SE,KEEP,in master list,DOMINICAN-REPUBLIC-3GB-15D,B0FR9GSKZF,,140.99,0,Active,AMAZON_EU,2026-07-01 02:15:18 CEST
SE,KEEP,in master list,DOMINICAN-REPUBLIC-5GB-30D,B0FR9GQKCM,,166.99,0,Active,AMAZON_EU,2026-07-01 02:18:08 CEST
SE,KEEP-PARENT,variation parent in Google Sheet,DOMINICAN-REPUBLIC-ESIM,B0H73HNZNY,,,0,Incomplete,DEFAULT,2026-07-01 02:15:15 CEST
SE,KEEP-PARENT,variation parent in Google Sheet,DR-CONGO-ESIM,B0H727P678,,,0,Incomplete,DEFAULT,2026-06-30 16:24:07 CEST
SE,KEEP,in master list,DRC-20GB-30D,B0H6MZWFM7,,651.99,0,Inactive,AMAZON_EU,2026-06-30 16:24:10 CEST
SE,KEEP,in master list,ECUADOR-3GB-15D,B0FR9RM6MP,,153.99,0,Active,AMAZON_EU,2026-07-01 02:24:20 CEST
SE,KEEP-PARENT,variation parent in Google Sheet,ECUADOR-ESIM,B0H73FWDC9,,,0,Incomplete,DEFAULT,2026-07-01 02:24:17 CEST
SE,KEEP,in master list,EGYPT-20GB-30D,B0FR9GQBGL,,319.99,0,Inactive,AMAZON_EU,2026-07-01 02:34:33 CEST
SE,KEEP,in master list,EGYPT-3GB-15D,B0FR9C784N,,114.99,0,Active,AMAZON_EU,2026-07-01 02:28:35 CEST
SE,KEEP,in master list,EGYPT-5GB-30D,B0FR9LR5KJ,,166.99,0,Inactive,AMAZON_EU,2026-07-01 02:31:14 CEST
SE,KEEP-PARENT,variation parent in Google Sheet,EGYPT-ESIM,B0H72WWYPB,,,0,Incomplete,DEFAULT,2026-07-01 02:28:31 CEST
SE,KEEP,in master list,EL-SALVADOR-3GB-15D,B0FR9LJ7X4,,191.99,0,Active,AMAZON_EU,2026-07-01 02:38:01 CEST
SE,KEEP-PARENT,variation parent in Google Sheet,EL-SALVADOR-ESIM,B0H73RQNGH,,,0,Incomplete,DEFAULT,2026-07-01 02:37:57 CEST
SE,KEEP,in master list,ESTONIA-20GB-30D,B0FR9L527N,,166.99,0,Active,AMAZON_EU,2026-07-01 02:47:07 CEST
SE,KEEP,in master list,ESTONIA-3GB-15D,B0FR9GST1S,,89.99,0,Active,AMAZON_EU,2026-07-01 02:41:42 CEST
SE,KEEP,in master list,ESTONIA-5GB-30D,B0FR9GQYKB,,102.99,0,Active,AMAZON_EU,2026-07-01 02:44:32 CEST
SE,KEEP-PARENT,variation parent in Google Sheet,ESTONIA-ESIM,B0H73LSCLC,,,0,Incomplete,DEFAULT,2026-07-01 02:41:39 CEST
SE,KEEP,in master list,EUROPE-40-AREAS-20GB-30D,B0FR9TNPV3,,217.99,0,Inactive,AMAZON_EU,2026-07-01 02:53:26 CEST
SE,KEEP,in master list,EUROPE-40-AREAS-5GB-30D,B0FR9RYSSS,,102.99,0,Inactive,AMAZON_EU,2026-07-01 02:50:25 CEST
SE,KEEP-PARENT,variation parent in Google Sheet,EUROPE-40-AREAS-ESIM,B0H73JLWMF,,,0,Incomplete,DEFAULT,2026-07-01 02:50:22 CEST
SE,KEEP,in master list,FAROE-ISLANDS-20GB-30D,B0H6MB82ZV,,319.99,0,Active,AMAZON_EU,2026-06-30 16:43:47 CEST
SE,KEEP,in master list,FAROE-ISLANDS-3GB-15D,B0H6ML935Q,,102.99,0,Active,AMAZON_EU,2026-06-30 16:37:39 CEST
SE,KEEP,in master list,FAROE-ISLANDS-5GB-30D,B0H6MF2TVH,,127.99,0,Active,AMAZON_EU,2026-06-30 16:40:59 CEST
SE,KEEP-PARENT,variation parent in Google Sheet,FAROE-ISLANDS-ESIM,B0H72NK2FX,,,0,Incomplete,DEFAULT,2026-06-30 16:37:35 CEST
SE,KEEP,in master list,FIJI-20GB-30D,B0H6MGBL3N,,447.99,0,Inactive,AMAZON_EU,2026-06-30 16:52:51 CEST
SE,KEEP,in master list,FIJI-3GB-15D,B0H6MFLWYD,,140.99,0,Inactive,AMAZON_EU,2026-06-30 16:47:15 CEST
SE,KEEP,in master list,FIJI-5GB-30D,B0H6MJ7GS6,,153.99,0,Active,AMAZON_EU,2026-06-30 16:50:05 CEST
SE,KEEP-PARENT,variation parent in Google Sheet,FIJI-ESIM,B0H72CLP1H,,,0,Incomplete,DEFAULT,2026-06-30 16:47:11 CEST
SE,KEEP,in master list,FINLAND-3GB-15D,B0FR9GSND6,,89.99,0,Active,AMAZON_EU,2026-07-01 02:57:03 CEST
SE,KEEP,in master list,FINLAND-5GB-30D,B0FR9SB3BJ,,102.99,0,Active,AMAZON_EU,2026-07-01 03:00:13 CEST
SE,KEEP-PARENT,variation parent in Google Sheet,FINLAND-ESIM,B0H73GLCFL,,,0,Incomplete,DEFAULT,2026-07-01 02:56:59 CEST
SE,KEEP,in master list,FRANCE-20GB-30D,B0FR9GPMC5,,166.99,0,Inactive,AMAZON_EU,2026-07-01 03:11:48 CEST
SE,KEEP,in master list,FRANCE-3GB-15D,B0FR9C5ZB6,,89.99,0,Active,AMAZON_EU,2026-07-01 03:04:25 CEST
SE,KEEP,in master list,FRANCE-5GB-30D,B0FR9LMDW5,,102.99,0,Active,AMAZON_EU,2026-07-01 03:08:08 CEST
SE,KEEP-PARENT,variation parent in Google Sheet,FRANCE-ESIM,B0H738RJGX,,,0,Incomplete,DEFAULT,2026-07-01 03:04:21 CEST
SE,KEEP,in master list,FRENCH-GUIANA-20GB-30D,B0H6MDNXJJ,,191.99,0,Inactive,AMAZON_EU,2026-06-30 17:02:27 CEST
SE,KEEP,in master list,FRENCH-GUIANA-3GB-15D,B0H6MFD6Z3,,89.99,0,Active,AMAZON_EU,2026-06-30 16:56:20 CEST
SE,KEEP,in master list,FRENCH-GUIANA-5GB-30D,B0H6MGC352,,102.99,0,Active,AMAZON_EU,2026-06-30 16:59:30 CEST
SE,KEEP-PARENT,variation parent in Google Sheet,FRENCH-GUIANA-ESIM,B0H72627QN,,,0,Incomplete,DEFAULT,2026-06-30 16:56:17 CEST
SE,KEEP,in master list,FRENCH-POLYNESIA-20GB-30D,B0H6M59GH9,,2659.99,0,Inactive,AMAZON_EU,2026-06-30 17:12:23 CEST
SE,KEEP,in master list,FRENCH-POLYNESIA-3GB-15D,B0H6MF6GHP,,524.99,0,Active,AMAZON_EU,2026-06-30 17:05:46 CEST
SE,KEEP,in master list,FRENCH-POLYNESIA-5GB-30D,B0H6MD2GXY,,728.99,0,Active,AMAZON_EU,2026-06-30 17:08:56 CEST
SE,KEEP-PARENT,variation parent in Google Sheet,FRENCH-POLYNESIA-ESIM,B0H728SYQG,,,0,Incomplete,DEFAULT,2026-06-30 17:05:42 CEST
SE,KEEP,in master list,GABON-3GB-15D,B0FR9GPX9T,,191.99,0,Active,AMAZON_EU,2026-07-01 03:15:16 CEST
SE,KEEP-PARENT,variation parent in Google Sheet,GABON-ESIM,B0H738BFKF,,,0,Incomplete,DEFAULT,2026-07-01 03:15:13 CEST
SE,KEEP,in master list,GAMBIA-3GB-15D,B0H2FTMBBQ,,383.99,0,Active,AMAZON_EU,2026-07-01 16:14:36 CEST
SE,KEEP,in master list,GAMBIA-5GB-30D,B0H2FQ3QJ9,,626.99,0,Inactive,AMAZON_EU,2026-07-01 16:18:20 CEST
SE,KEEP-PARENT,variation parent in Google Sheet,GAMBIA-ESIM,B0H763DG9B,,,0,Incomplete,DEFAULT,2026-07-01 16:14:33 CEST
SE,KEEP,in master list,GEORGIA-20GB-30D,B0FR9C73NK,,281.99,0,Active,AMAZON_EU,2026-07-01 03:22:07 CEST
SE,KEEP,in master list,GEORGIA-3GB-15D,B0FR9KMX2N,,102.99,0,Active,AMAZON_EU,2026-07-01 03:18:57 CEST
SE,KEEP-PARENT,variation parent in Google Sheet,GEORGIA-ESIM,B0H737LVB9,,,0,Incomplete,DEFAULT,2026-07-01 03:18:54 CEST
SE,KEEP,in master list,GERMANY-20GB-30D,B0GSZP9H94,,166.99,0,Inactive,AMAZON_EU,2026-07-01 03:33:40 CEST
SE,KEEP,in master list,GERMANY-3GB-15D,B0GSZBMLKV,,89.99,0,Inactive,AMAZON_EU,2026-07-01 03:26:16 CEST
SE,KEEP,in master list,GERMANY-5GB-30D,B0GSZDYWLZ,,102.99,0,Inactive,AMAZON_EU,2026-07-01 03:30:01 CEST
SE,KEEP-PARENT,variation parent in Google Sheet,GERMANY-ESIM,B0H73W3WY2,,,0,Incomplete,DEFAULT,2026-07-01 03:26:13 CEST
SE,KEEP,in master list,GHANA-20GB-30D,B0H6M9CG3G,,447.99,0,Inactive,AMAZON_EU,2026-06-30 17:22:07 CEST
SE,KEEP,in master list,GHANA-3GB-15D,B0H6M7CH6H,,140.99,0,Inactive,AMAZON_EU,2026-06-30 17:16:01 CEST
SE,KEEP,in master list,GHANA-5GB-30D,B0H6MD48NZ,,153.99,0,Inactive,AMAZON_EU,2026-06-30 17:18:50 CEST
SE,KEEP-PARENT,variation parent in Google Sheet,GHANA-ESIM,B0H728XHMQ,,,0,Incomplete,DEFAULT,2026-06-30 17:15:58 CEST
SE,KEEP,in master list,GIBRALTAR-3GB-15D,B0FR8XSPMC,,89.99,0,Inactive,AMAZON_EU,2026-07-01 03:37:07 CEST
SE,KEEP-PARENT,variation parent in Google Sheet,GIBRALTAR-ESIM,B0H73GW1PQ,,,0,Incomplete,DEFAULT,2026-07-01 03:37:04 CEST
SE,KEEP,in master list,GLOBAL139-5GB-30D,B0FR9VNTLY,,460.99,0,Inactive,AMAZON_EU,2026-07-01 03:41:00 CEST
SE,KEEP-PARENT,variation parent in Google Sheet,GLOBAL139-ESIM,B0H73M1Z5N,,,0,Incomplete,DEFAULT,2026-07-01 03:40:56 CEST
SE,KEEP,in master list,GREECE-20GB-30D,B0FR9KJGBG,,191.99,0,Active,AMAZON_EU,2026-07-01 03:52:40 CEST
SE,KEEP,in master list,GREECE-3GB-15D,B0FR9L85F6,,89.99,0,Active,AMAZON_EU,2026-07-01 03:45:16 CEST
SE,KEEP,in master list,GREECE-5GB-30D,B0FR9C7SMF,,102.99,0,Active,AMAZON_EU,2026-07-01 03:48:59 CEST
SE,KEEP-PARENT,variation parent in Google Sheet,GREECE-ESIM,B0H73888R9,,,0,Incomplete,DEFAULT,2026-07-01 03:45:12 CEST
SE,KEEP,in master list,GREENLAND-20GB-30D,B0H6MBT3TW,,1240.99,0,Active,AMAZON_EU,2026-06-30 17:32:13 CEST
SE,KEEP,in master list,GREENLAND-3GB-15D,B0H6MLNBK2,,306.99,0,Inactive,AMAZON_EU,2026-06-30 17:25:36 CEST
SE,KEEP,in master list,GREENLAND-5GB-30D,B0H6MFMLK9,,409.99,0,Inactive,AMAZON_EU,2026-06-30 17:28:46 CEST
SE,KEEP-PARENT,variation parent in Google Sheet,GREENLAND-ESIM,B0H72GGNDR,,,0,Incomplete,DEFAULT,2026-06-30 17:25:33 CEST
SE,KEEP,in master list,GRENADA-20GB-30D,B0H6MGRF37,,1137.99,0,Active,AMAZON_EU,2026-06-30 17:42:09 CEST
SE,KEEP,in master list,GRENADA-3GB-15D,B0H6M8K37V,,319.99,0,Active,AMAZON_EU,2026-06-30 17:35:41 CEST
SE,KEEP,in master list,GRENADA-5GB-30D,B0H6MLJR6Z,,421.99,0,Inactive,AMAZON_EU,2026-06-30 17:39:02 CEST
SE,KEEP-PARENT,variation parent in Google Sheet,GRENADA-ESIM,B0H72LXYLS,,,0,Incomplete,DEFAULT,2026-06-30 17:35:38 CEST
SE,KEEP,in master list,GUADELOUPE-20GB-30D,B0FR8XTBF6,,191.99,0,Inactive,AMAZON_EU,2026-07-01 03:59:39 CEST
SE,KEEP,in master list,GUADELOUPE-3GB-15D,B0FR9TMVWK,,89.99,0,Active,AMAZON_EU,2026-07-01 03:56:29 CEST
SE,KEEP-PARENT,variation parent in Google Sheet,GUADELOUPE-ESIM,B0H73P24BM,,,0,Incomplete,DEFAULT,2026-07-01 03:56:25 CEST
SE,KEEP,in master list,GUAM-20GB-30D,B0FR9C7MGP,,639.99,0,Inactive,AMAZON_EU,2026-07-01 04:09:43 CEST
SE,KEEP,in master list,GUAM-3GB-15D,B0FR9GVSSF,,191.99,0,Inactive,AMAZON_EU,2026-07-01 04:02:56 CEST
SE,KEEP,in master list,GUAM-5GB-30D,B0FR9SVP8Y,,217.99,0,Inactive,AMAZON_EU,2026-07-01 04:06:16 CEST
SE,KEEP-PARENT,variation parent in Google Sheet,GUAM-ESIM,B0H73N48BD,,,0,Incomplete,DEFAULT,2026-07-01 04:02:52 CEST
SE,KEEP,in master list,GUATEMALA-3GB-15D,B0FR9VC6VD,,178.99,0,Active,AMAZON_EU,2026-07-01 04:13:53 CEST
SE,KEEP-PARENT,variation parent in Google Sheet,GUATEMALA-ESIM,B0H73TNC6K,,,0,Incomplete,DEFAULT,2026-07-01 04:13:49 CEST
SE,KEEP,in master list,GUERNSEY-20GB-30D,B0FR9LYWWY,,524.99,0,Active,AMAZON_EU,2026-07-01 04:24:06 CEST
SE,KEEP,in master list,GUERNSEY-3GB-15D,B0FR9SMWDN,,153.99,0,Active,AMAZON_EU,2026-07-01 04:17:18 CEST
SE,KEEP,in master list,GUERNSEY-5GB-30D,B0FR9C5PXR,,230.99,0,Active,AMAZON_EU,2026-07-01 04:20:38 CEST
SE,KEEP-PARENT,variation parent in Google Sheet,GUERNSEY-ESIM,B0H73S88FZ,,,0,Incomplete,DEFAULT,2026-07-01 04:17:14 CEST
SE,KEEP,in master list,GUINEA-20GB-30D,B0H6M7VHYP,,907.99,0,Inactive,AMAZON_EU,2026-06-30 17:51:32 CEST
SE,KEEP,in master list,GUINEA-3GB-15D,B0H6MGZTF1,,230.99,0,Active,AMAZON_EU,2026-06-30 17:45:58 CEST
SE,KEEP,in master list,GUINEA-5GB-30D,B0H6MFTVX6,,370.99,0,Inactive,AMAZON_EU,2026-06-30 17:48:57 CEST
SE,KEEP,in master list,GUINEA-BISSAU-20GB-30D,B0H6MF1JJS,,894.99,0,Active,AMAZON_EU,2026-06-30 18:01:25 CEST
SE,KEEP,in master list,GUINEA-BISSAU-3GB-15D,B0H6MG6X8D,,230.99,0,Active,AMAZON_EU,2026-06-30 17:54:49 CEST
SE,KEEP,in master list,GUINEA-BISSAU-5GB-30D,B0H6MCJ4Y9,,370.99,0,Active,AMAZON_EU,2026-06-30 17:58:09 CEST
SE,KEEP-PARENT,variation parent in Google Sheet,GUINEA-BISSAU-ESIM,B0H72LWHH9,,,0,Incomplete,DEFAULT,2026-06-30 17:54:46 CEST
SE,KEEP-PARENT,variation parent in Google Sheet,GUINEA-ESIM,B0H7274KHR,,,0,Incomplete,DEFAULT,2026-06-30 17:45:54 CEST
SE,KEEP,in master list,GUYANA-20GB-30D,B0H6MD1PB7,,997.99,0,Active,AMAZON_EU,2026-06-30 18:10:59 CEST
SE,KEEP,in master list,GUYANA-3GB-15D,B0H6MCG586,,230.99,0,Active,AMAZON_EU,2026-06-30 18:05:02 CEST
SE,KEEP,in master list,GUYANA-5GB-30D,B0H6MB3FHF,,357.99,0,Active,AMAZON_EU,2026-06-30 18:08:13 CEST
SE,KEEP-PARENT,variation parent in Google Sheet,GUYANA-ESIM,B0H72DF6R7,,,0,Incomplete,DEFAULT,2026-06-30 18:04:59 CEST
SE,KEEP,in master list,HAITI-20GB-30D,B0H6MBNF3Y,,1623.99,0,Active,AMAZON_EU,2026-06-30 18:21:05 CEST
SE,KEEP,in master list,HAITI-3GB-15D,B0H6M9YTL4,,319.99,0,Inactive,AMAZON_EU,2026-06-30 18:15:09 CEST
SE,KEEP,in master list,HAITI-5GB-30D,B0H6MDHPCV,,536.99,0,Active,AMAZON_EU,2026-06-30 18:18:29 CEST
SE,KEEP-PARENT,variation parent in Google Sheet,HAITI-ESIM,B0H72F12ZG,,,0,Incomplete,DEFAULT,2026-06-30 18:15:05 CEST
SE,KEEP,in master list,HONDURAS-3GB-15D,B0FR9ZYV5G,,153.99,0,Inactive,AMAZON_EU,2026-07-01 04:28:05 CEST
SE,KEEP-PARENT,variation parent in Google Sheet,HONDURAS-ESIM,B0H73NYZBZ,,,0,Incomplete,DEFAULT,2026-07-01 04:28:01 CEST
SE,KEEP,in master list,HONG-KONG-20GB-30D,B0FR9GXZ6F,,166.99,0,Inactive,AMAZON_EU,2026-07-01 04:39:20 CEST
SE,KEEP,in master list,HONG-KONG-3GB-15D,B0FR9CC6Q8,,89.99,0,Active,AMAZON_EU,2026-07-01 04:32:19 CEST
SE,KEEP,in master list,HONG-KONG-5GB-30D,B0FR9GXYYL,,102.99,0,Active,AMAZON_EU,2026-07-01 04:36:01 CEST
SE,KEEP-PARENT,variation parent in Google Sheet,HONG-KONG-ESIM,B0H73YDX5Q,,,0,Incomplete,DEFAULT,2026-07-01 04:32:15 CEST
SE,KEEP,in master list,HUNGARY-20GB-30D,B0FR9ZVYYQ,,166.99,0,Inactive,AMAZON_EU,2026-07-01 04:49:04 CEST
SE,KEEP,in master list,HUNGARY-3GB-15D,B0FR9C9JVW,,89.99,0,Active,AMAZON_EU,2026-07-01 04:42:37 CEST
SE,KEEP,in master list,HUNGARY-5GB-30D,B0FR9GY3R5,,102.99,0,Active,AMAZON_EU,2026-07-01 04:45:58 CEST
SE,KEEP-PARENT,variation parent in Google Sheet,HUNGARY-ESIM,B0H73JRX5P,,,0,Incomplete,DEFAULT,2026-07-01 04:42:34 CEST
SE,KEEP,in master list,ICELAND-20GB-30D,B0FR9GX6LF,,191.99,0,Inactive,AMAZON_EU,2026-07-01 04:59:18 CEST
SE,KEEP,in master list,ICELAND-3GB-15D,B0FR9TBBK1,,89.99,0,Active,AMAZON_EU,2026-07-01 04:52:41 CEST
SE,KEEP,in master list,ICELAND-5GB-30D,B0FR9ZWQBD,,102.99,0,Active,AMAZON_EU,2026-07-01 04:56:12 CEST
SE,KEEP-PARENT,variation parent in Google Sheet,ICELAND-ESIM,B0H73WSGPQ,,,0,Incomplete,DEFAULT,2026-07-01 04:52:38 CEST
SE,KEEP,in master list,INDIA-20GB-30D,B0FR9DYMHX,,460.99,0,Inactive,AMAZON_EU,2026-07-01 05:10:45 CEST
SE,KEEP,in master list,INDIA-3GB-15D,B0FR9ZM116,,153.99,0,Inactive,AMAZON_EU,2026-07-01 05:03:18 CEST
SE,KEEP,in master list,INDIA-5GB-30D,B0FR9GXWN9,,166.99,0,Inactive,AMAZON_EU,2026-07-01 05:07:04 CEST
SE,KEEP-PARENT,variation parent in Google Sheet,INDIA-ESIM,B0H73R2J4H,,,0,Incomplete,DEFAULT,2026-07-01 05:03:15 CEST
SE,KEEP,in master list,INDONESIA-20GB-30D,B0FR9QXRDQ,,166.99,0,Inactive,AMAZON_EU,2026-07-01 05:22:23 CEST
SE,KEEP,in master list,INDONESIA-3GB-15D,B0FR9T6QPZ,,89.99,0,Active,AMAZON_EU,2026-07-01 05:14:57 CEST
SE,KEEP,in master list,INDONESIA-5GB-30D,B0FR8XW5DR,,102.99,0,Active,AMAZON_EU,2026-07-01 05:18:41 CEST
SE,KEEP-PARENT,variation parent in Google Sheet,INDONESIA-ESIM,B0H73XX73J,,,0,Incomplete,DEFAULT,2026-07-01 05:14:54 CEST
SE,KEEP,in master list,IRAQ-20GB-30D,B0H6M956TN,,357.99,0,Inactive,AMAZON_EU,2026-06-30 18:30:39 CEST
SE,KEEP,in master list,IRAQ-3GB-15D,B0H6MGX6P7,,114.99,0,Inactive,AMAZON_EU,2026-06-30 18:24:44 CEST
SE,KEEP,in master list,IRAQ-5GB-30D,B0H6MFRHZN,,178.99,0,Inactive,AMAZON_EU,2026-06-30 18:27:43 CEST
SE,KEEP-PARENT,variation parent in Google Sheet,IRAQ-ESIM,B0H72DKM4M,,,0,Incomplete,DEFAULT,2026-06-30 18:24:41 CEST
SE,KEEP,in master list,IRELAND-20GB-30D,B0FR9SZG2Z,,191.99,0,Inactive,AMAZON_EU,2026-07-01 05:34:03 CEST
SE,KEEP,in master list,IRELAND-3GB-15D,B0FR8XV57F,,89.99,0,Active,AMAZON_EU,2026-07-01 05:26:36 CEST
SE,KEEP,in master list,IRELAND-5GB-30D,B0FR9GYKQL,,102.99,0,Active,AMAZON_EU,2026-07-01 05:30:23 CEST
SE,KEEP-PARENT,variation parent in Google Sheet,IRELAND-ESIM,B0H73XTH7P,,,0,Incomplete,DEFAULT,2026-07-01 05:26:32 CEST
SE,KEEP,in master list,ISLE-OF-MAN-20GB-30D,B0FR9CB5LK,,255.99,0,Inactive,AMAZON_EU,2026-07-01 05:44:50 CEST
SE,KEEP,in master list,ISLE-OF-MAN-3GB-15D,B0FR9LZ7RL,,102.99,0,Active,AMAZON_EU,2026-07-01 05:38:03 CEST
SE,KEEP,in master list,ISLE-OF-MAN-5GB-30D,B0FR9M27XY,,127.99,0,Active,AMAZON_EU,2026-07-01 05:41:23 CEST
SE,KEEP-PARENT,variation parent in Google Sheet,ISLE-OF-MAN-ESIM,B0H73X81D6,,,0,Incomplete,DEFAULT,2026-07-01 05:37:59 CEST
SE,KEEP,in master list,ISRAEL-20GB-30D,B0FR9K8SQ1,,319.99,0,Active,AMAZON_EU,2026-07-01 05:55:27 CEST
SE,KEEP,in master list,ISRAEL-3GB-15D,B0FR9M11H1,,102.99,0,Active,AMAZON_EU,2026-07-01 05:49:00 CEST
SE,KEEP,in master list,ISRAEL-5GB-30D,B0FR8XVZZM,,127.99,0,Active,AMAZON_EU,2026-07-01 05:52:00 CEST
SE,KEEP-PARENT,variation parent in Google Sheet,ISRAEL-ESIM,B0H73VFH1D,,,0,Incomplete,DEFAULT,2026-07-01 05:48:56 CEST
SE,KEEP,in master list,ITALY-20GB-30D,B0FR9RNZV2,,166.99,0,Active,AMAZON_EU,2026-07-01 06:07:07 CEST
SE,KEEP,in master list,ITALY-3GB-15D,B0FR9GXZ18,,89.99,0,Active,AMAZON_EU,2026-07-01 05:59:39 CEST
SE,KEEP,in master list,ITALY-5GB-30D,B0FR9ZR2TH,,102.99,0,Active,AMAZON_EU,2026-07-01 06:03:27 CEST
SE,KEEP-PARENT,variation parent in Google Sheet,ITALY-ESIM,B0H73T38JC,,,0,Incomplete,DEFAULT,2026-07-01 05:59:36 CEST
SE,KEEP,in master list,JAMAICA-20GB-30D,B0H6MF52ZZ,,958.99,0,Active,AMAZON_EU,2026-06-30 18:40:13 CEST
SE,KEEP,in master list,JAMAICA-3GB-15D,B0H6MF3PNQ,,268.99,0,Inactive,AMAZON_EU,2026-06-30 18:34:17 CEST
SE,KEEP,in master list,JAMAICA-5GB-30D,B0H6MJQCMF,,345.99,0,Inactive,AMAZON_EU,2026-06-30 18:37:17 CEST
SE,KEEP-PARENT,variation parent in Google Sheet,JAMAICA-ESIM,B0H72FDD9Q,,,0,Incomplete,DEFAULT,2026-06-30 18:34:14 CEST
SE,KEEP,in master list,JAPAN-20GB-30D,B0FR9RZKRB,,166.99,0,Inactive,AMAZON_EU,2026-07-01 06:18:44 CEST
SE,KEEP,in master list,JAPAN-3GB-15D,B0FR9LVZVQ,,89.99,0,Active,AMAZON_EU,2026-07-01 06:11:19 CEST
SE,KEEP,in master list,JAPAN-5GB-30D,B0FR9TLXXH,,102.99,0,Active,AMAZON_EU,2026-07-01 06:15:03 CEST
SE,KEEP-PARENT,variation parent in Google Sheet,JAPAN-ESIM,B0H744MLM9,,,0,Incomplete,DEFAULT,2026-07-01 06:11:15 CEST
SE,KEEP,in master list,JERSEY-20GB-30D,B0FR9CBQDH,,166.99,0,Active,AMAZON_EU,2026-07-01 06:29:22 CEST
SE,KEEP,in master list,JERSEY-3GB-15D,B0FR9GYMR5,,89.99,0,Active,AMAZON_EU,2026-07-01 06:22:33 CEST
SE,KEEP,in master list,JERSEY-5GB-30D,B0FR9M27GP,,102.99,0,Active,AMAZON_EU,2026-07-01 06:26:04 CEST
SE,KEEP-PARENT,variation parent in Google Sheet,JERSEY-ESIM,B0H74HZK2V,,,0,Incomplete,DEFAULT,2026-07-01 06:22:30 CEST
SE,KEEP,in master list,JORDAN-20GB-30D,B0FR9ST188,,472.99,0,Inactive,AMAZON_EU,2026-07-01 06:39:37 CEST
SE,KEEP,in master list,JORDAN-3GB-15D,B0FR9M144Z,,153.99,0,Inactive,AMAZON_EU,2026-07-01 06:33:11 CEST
SE,KEEP,in master list,JORDAN-5GB-30D,B0FR9ZTZNK,,153.99,0,Inactive,AMAZON_EU,2026-07-01 06:36:41 CEST
SE,KEEP-PARENT,variation parent in Google Sheet,JORDAN-ESIM,B0H74M13HM,,,0,Incomplete,DEFAULT,2026-07-01 06:33:07 CEST
SE,KEEP,in master list,KAZAKHSTAN-20GB-30D,B0FR9TLNNW,,230.99,0,Active,AMAZON_EU,2026-07-01 06:49:53 CEST
SE,KEEP,in master list,KAZAKHSTAN-3GB-15D,B0FR9T4DG2,,89.99,0,Active,AMAZON_EU,2026-07-01 06:43:16 CEST
SE,KEEP,in master list,KAZAKHSTAN-5GB-30D,B0FR9ZMMSH,,102.99,0,Active,AMAZON_EU,2026-07-01 06:46:26 CEST
SE,KEEP-PARENT,variation parent in Google Sheet,KAZAKHSTAN-ESIM,B0H745XMJP,,,0,Incomplete,DEFAULT,2026-07-01 06:43:12 CEST
SE,KEEP,in master list,KENYA-3GB-15D,B0FR9GZ14G,,153.99,0,Active,AMAZON_EU,2026-07-01 06:53:54 CEST
SE,KEEP,in master list,KENYA-5GB-30D,B0FR9T4DG6,,166.99,0,Active,AMAZON_EU,2026-07-01 06:57:38 CEST
SE,KEEP-PARENT,variation parent in Google Sheet,KENYA-ESIM,B0H74D391X,,,0,Incomplete,DEFAULT,2026-07-01 06:53:51 CEST
SE,KEEP,in master list,KUWAIT-20GB-30D,B0FR9KBF4P,,319.99,0,Inactive,AMAZON_EU,2026-07-01 07:07:53 CEST
SE,KEEP,in master list,KUWAIT-3GB-15D,B0FR9LZJ3X,,114.99,0,Active,AMAZON_EU,2026-07-01 07:01:16 CEST
SE,KEEP,in master list,KUWAIT-5GB-30D,B0FR9M2TXP,,178.99,0,Inactive,AMAZON_EU,2026-07-01 07:04:37 CEST
SE,KEEP-PARENT,variation parent in Google Sheet,KUWAIT-ESIM,B0H74N5DS7,,,0,Incomplete,DEFAULT,2026-07-01 07:01:13 CEST
SE,KEEP,in master list,KYRGYZSTAN-20GB-30D,B0FR8XXBHM,,217.99,0,Active,AMAZON_EU,2026-07-01 07:14:42 CEST
SE,KEEP,in master list,KYRGYZSTAN-3GB-15D,B0FR9TVF4R,,89.99,0,Active,AMAZON_EU,2026-07-01 07:11:21 CEST
SE,KEEP-PARENT,variation parent in Google Sheet,KYRGYZSTAN-ESIM,B0H74652RB,,,0,Incomplete,DEFAULT,2026-07-01 07:11:17 CEST
SE,KEEP,in master list,LAOS-20GB-30D,B0H6MBWGX1,,383.99,0,Active,AMAZON_EU,2026-06-30 18:49:06 CEST
SE,KEEP,in master list,LAOS-3GB-15D,B0H6M96WPB,,114.99,0,Active,AMAZON_EU,2026-06-30 18:43:40 CEST
SE,KEEP,in master list,LAOS-5GB-30D,B0H6MBJN5B,,178.99,0,Active,AMAZON_EU,2026-06-30 18:46:30 CEST
SE,KEEP-PARENT,variation parent in Google Sheet,LAOS-ESIM,B0H728NF37,,,0,Incomplete,DEFAULT,2026-06-30 18:43:37 CEST
SE,KEEP,in master list,LATVIA-20GB-30D,B0FR9SWN6V,,166.99,0,Active,AMAZON_EU,2026-07-01 07:24:39 CEST
SE,KEEP,in master list,LATVIA-3GB-15D,B0FR9VM4K6,,89.99,0,Active,AMAZON_EU,2026-07-01 07:18:22 CEST
SE,KEEP,in master list,LATVIA-5GB-30D,B0FR9TR99S,,102.99,0,Active,AMAZON_EU,2026-07-01 07:21:32 CEST
SE,KEEP-PARENT,variation parent in Google Sheet,LATVIA-ESIM,B0H74KVHT3,,,0,Incomplete,DEFAULT,2026-07-01 07:18:19 CEST
SE,KEEP,in master list,LIBERIA-3GB-15D,B0FR9H18JQ,,230.99,0,Active,AMAZON_EU,2026-07-01 07:27:37 CEST
SE,KEEP,in master list,LIBERIA-5GB-30D,B0FR9SJ1YH,,370.99,0,Active,AMAZON_EU,2026-07-01 07:30:47 CEST
SE,KEEP-PARENT,variation parent in Google Sheet,LIBERIA-ESIM,B0H748HWYN,,,0,Incomplete,DEFAULT,2026-07-01 07:27:33 CEST
SE,KEEP,in master list,LIBYA-20GB-30D,B0H6MFWD2Y,,1380.99,0,Active,AMAZON_EU,2026-06-30 18:58:40 CEST
SE,KEEP,in master list,LIBYA-3GB-15D,B0H6MBYGXZ,,370.99,0,Inactive,AMAZON_EU,2026-06-30 18:52:24 CEST
SE,KEEP,in master list,LIBYA-5GB-30D,B0H6M5PVSB,,485.99,0,Active,AMAZON_EU,2026-06-30 18:55:34 CEST
SE,KEEP-PARENT,variation parent in Google Sheet,LIBYA-ESIM,B0H72G2GDD,,,0,Incomplete,DEFAULT,2026-06-30 18:52:21 CEST
SE,KEEP,in master list,LIECHTENSTEIN-3GB-15D,B0FR9S35ZH,,89.99,0,Active,AMAZON_EU,2026-07-01 07:34:45 CEST
SE,KEEP-PARENT,variation parent in Google Sheet,LIECHTENSTEIN-ESIM,B0H74NZ9M6,,,0,Incomplete,DEFAULT,2026-07-01 07:34:41 CEST
SE,KEEP,in master list,LITHUANIA-20GB-30D,B0FR9TQN8N,,191.99,0,Inactive,AMAZON_EU,2026-07-01 07:45:46 CEST
SE,KEEP,in master list,LITHUANIA-3GB-15D,B0FR9KS3P4,,89.99,0,Active,AMAZON_EU,2026-07-01 07:38:47 CEST
SE,KEEP,in master list,LITHUANIA-5GB-30D,B0FR9R598C,,102.99,0,Active,AMAZON_EU,2026-07-01 07:42:08 CEST
SE,KEEP-PARENT,variation parent in Google Sheet,LITHUANIA-ESIM,B0H74JSJGN,,,0,Incomplete,DEFAULT,2026-07-01 07:38:43 CEST
SE,KEEP,in master list,LUXEMBOURG-20GB-30D,B0FR8XXXZB,,191.99,0,Active,AMAZON_EU,2026-07-01 07:55:52 CEST
SE,KEEP,in master list,LUXEMBOURG-3GB-15D,B0FR9SHRKM,,89.99,0,Active,AMAZON_EU,2026-07-01 07:49:35 CEST
SE,KEEP,in master list,LUXEMBOURG-5GB-30D,B0FR9SB862,,102.99,0,Active,AMAZON_EU,2026-07-01 07:52:46 CEST
SE,KEEP-PARENT,variation parent in Google Sheet,LUXEMBOURG-ESIM,B0H74JPFTF,,,0,Incomplete,DEFAULT,2026-07-01 07:49:32 CEST
SE,KEEP,in master list,MACAO-20GB-30D,B0FR9CDBN2,,166.99,0,Inactive,AMAZON_EU,2026-07-01 08:05:26 CEST
SE,KEEP,in master list,MACAO-3GB-15D,B0FR9M485M,,89.99,0,Active,AMAZON_EU,2026-07-01 07:59:20 CEST
SE,KEEP,in master list,MACAO-5GB-30D,B0FR9L9624,,102.99,0,Active,AMAZON_EU,2026-07-01 08:02:20 CEST
SE,KEEP-PARENT,variation parent in Google Sheet,MACAO-ESIM,B0H74L7MBL,,,0,Incomplete,DEFAULT,2026-07-01 07:59:17 CEST
SE,KEEP,in master list,MADAGASCAR-3GB-15D,B0FR9H2NS1,,281.99,0,Active,AMAZON_EU,2026-07-01 08:09:05 CEST
SE,KEEP-PARENT,variation parent in Google Sheet,MADAGASCAR-ESIM,B0H74M96M3,,,0,Incomplete,DEFAULT,2026-07-01 08:09:01 CEST
SE,KEEP,in master list,MALAWI-3GB-15D,B0FR9H3JDK,,191.99,0,Active,AMAZON_EU,2026-07-01 08:12:36 CEST
SE,KEEP,in master list,MALAWI-5GB-30D,B0FR9GXY24,,306.99,0,Inactive,AMAZON_EU,2026-07-01 08:15:56 CEST
SE,KEEP-PARENT,variation parent in Google Sheet,MALAWI-ESIM,B0H74ZFNFW,,,0,Incomplete,DEFAULT,2026-07-01 08:12:32 CEST
SE,KEEP,in master list,MALAYSIA-20GB-30D,B0FR9VMWYD,,166.99,0,Inactive,AMAZON_EU,2026-07-01 08:27:33 CEST
SE,KEEP,in master list,MALAYSIA-3GB-15D,B0FR9H1Q65,,89.99,0,Active,AMAZON_EU,2026-07-01 08:20:07 CEST
SE,KEEP,in master list,MALAYSIA-5GB-30D,B0FR9LDGX8,,102.99,0,Active,AMAZON_EU,2026-07-01 08:23:52 CEST
SE,KEEP-PARENT,variation parent in Google Sheet,MALAYSIA-ESIM,B0H74LQN7R,,,0,Incomplete,DEFAULT,2026-07-01 08:20:04 CEST
SE,KEEP,in master list,MALDIVES-20GB-30D,B0H6MM5SCJ,,1291.99,0,Inactive,AMAZON_EU,2026-06-30 19:07:54 CEST
SE,KEEP,in master list,MALDIVES-3GB-15D,B0H6MD6Y71,,370.99,0,Inactive,AMAZON_EU,2026-06-30 19:01:57 CEST
SE,KEEP,in master list,MALDIVES-5GB-30D,B0H6MJQZ8Y,,485.99,0,Active,AMAZON_EU,2026-06-30 19:04:46 CEST
SE,KEEP-PARENT,variation parent in Google Sheet,MALDIVES-ESIM,B0H72H8YJH,,,0,Incomplete,DEFAULT,2026-06-30 19:01:54 CEST
SE,KEEP,in master list,MALI-3GB-15D,B0FR9TRDSY,,230.99,0,Active,AMAZON_EU,2026-07-01 08:31:22 CEST
SE,KEEP-PARENT,variation parent in Google Sheet,MALI-ESIM,B0H74GC8NT,,,0,Incomplete,DEFAULT,2026-07-01 08:31:19 CEST
SE,KEEP,in master list,MALTA-20GB-30D,B0FR9VL1Q9,,166.99,0,Inactive,AMAZON_EU,2026-07-01 08:42:47 CEST
SE,KEEP,in master list,MALTA-3GB-15D,B0FR9M3PNR,,89.99,0,Active,AMAZON_EU,2026-07-01 08:35:34 CEST
SE,KEEP,in master list,MALTA-5GB-30D,B0FR9ZSMTC,,102.99,0,Active,AMAZON_EU,2026-07-01 08:39:05 CEST
SE,KEEP-PARENT,variation parent in Google Sheet,MALTA-ESIM,B0H74PLJ6R,,,0,Incomplete,DEFAULT,2026-07-01 08:35:31 CEST
SE,KEEP,in master list,MARTINIQUE-20GB-30D,B0H6MH94KV,,178.99,0,Active,AMAZON_EU,2026-06-30 19:17:28 CEST
SE,KEEP,in master list,MARTINIQUE-3GB-15D,B0H6M7SBFQ,,89.99,0,Active,AMAZON_EU,2026-06-30 19:11:42 CEST
SE,KEEP,in master list,MARTINIQUE-5GB-30D,B0H6MKCD1X,,102.99,0,Active,AMAZON_EU,2026-06-30 19:14:32 CEST
SE,KEEP-PARENT,variation parent in Google Sheet,MARTINIQUE-ESIM,B0H72QB5WG,,,0,Incomplete,DEFAULT,2026-06-30 19:11:38 CEST
SE,KEEP,in master list,MAURITIUS-3GB-15D,B0H2FYRLRC,,178.99,0,Active,AMAZON_EU,2026-07-01 16:22:59 CEST
SE,KEEP,in master list,MAURITIUS-5GB-30D,B0H2G2XMS3,,191.99,0,Inactive,AMAZON_EU,2026-07-01 16:26:15 CEST
SE,KEEP-PARENT,variation parent in Google Sheet,MAURITIUS-ESIM,B0H764HZHJ,,,0,Incomplete,DEFAULT,2026-07-01 16:22:28 CEST
SE,KEEP,in master list,MAYOTTE-20GB-30D,B0H6M5L8MC,,178.99,0,Inactive,AMAZON_EU,2026-06-30 19:27:24 CEST
SE,KEEP,in master list,MAYOTTE-3GB-15D,B0H6MFWP88,,89.99,0,Active,AMAZON_EU,2026-06-30 19:20:56 CEST
SE,KEEP,in master list,MAYOTTE-5GB-30D,B0H6MD9C4Y,,102.99,0,Active,AMAZON_EU,2026-06-30 19:24:16 CEST
SE,KEEP-PARENT,variation parent in Google Sheet,MAYOTTE-ESIM,B0H72P6JKS,,,0,Incomplete,DEFAULT,2026-06-30 19:20:52 CEST
SE,KEEP,in master list,MEXICO-20GB-30D,B0FR9VDSJX,,383.99,0,Inactive,AMAZON_EU,2026-07-01 08:53:20 CEST
SE,KEEP,in master list,MEXICO-3GB-15D,B0FR9SZSTG,,127.99,0,Inactive,AMAZON_EU,2026-07-01 08:46:22 CEST
SE,KEEP,in master list,MEXICO-5GB-30D,B0FR9H2K1C,,153.99,0,Active,AMAZON_EU,2026-07-01 08:49:53 CEST
SE,KEEP-PARENT,variation parent in Google Sheet,MEXICO-ESIM,B0H74WSRXP,,,0,Incomplete,DEFAULT,2026-07-01 08:46:18 CEST
SE,KEEP,in master list,MIDDLE-EAST-5GB-30D,B0FR9SYKP6,,396.99,0,Inactive,AMAZON_EU,2026-07-01 08:56:47 CEST
SE,KEEP-PARENT,variation parent in Google Sheet,MIDDLE-EAST-ESIM,B0H74VD8JC,,,0,Incomplete,DEFAULT,2026-07-01 08:56:44 CEST
SE,KEEP,in master list,MOLDOVA-3GB-15D,B0FR9CFQYY,,89.99,0,Active,AMAZON_EU,2026-07-01 09:00:50 CEST
SE,KEEP-PARENT,variation parent in Google Sheet,MOLDOVA-ESIM,B0H74VZL4S,,,0,Incomplete,DEFAULT,2026-07-01 09:00:46 CEST
SE,KEEP,in master list,MONACO-3GB-15D,B0FR9ZS6GM,,690.99,0,Active,AMAZON_EU,2026-07-01 09:04:52 CEST
SE,KEEP,in master list,MONACO-5GB-30D,B0FR9H1H4M,,933.99,0,Active,AMAZON_EU,2026-07-01 09:08:22 CEST
SE,KEEP-PARENT,variation parent in Google Sheet,MONACO-ESIM,B0H74Q554G,,,0,Incomplete,DEFAULT,2026-07-01 09:04:48 CEST
SE,KEEP,in master list,MONGOLIA-3GB-15D,B0FR9LSYTX,,178.99,0,Active,AMAZON_EU,2026-07-01 09:12:00 CEST
SE,KEEP-PARENT,variation parent in Google Sheet,MONGOLIA-ESIM,B0H74QPM6Z,,,0,Incomplete,DEFAULT,2026-07-01 09:11:56 CEST
SE,KEEP,in master list,MONTENEGRO-3GB-15D,B0FR9R5HR7,,89.99,0,Active,AMAZON_EU,2026-07-01 09:15:51 CEST
SE,KEEP-PARENT,variation parent in Google Sheet,MONTENEGRO-ESIM,B0H74WCXTB,,,0,Incomplete,DEFAULT,2026-07-01 09:15:48 CEST
SE,KEEP,in master list,MONTSERRAT-20GB-30D,B0H6MG87HK,,1035.99,0,Inactive,AMAZON_EU,2026-06-30 19:37:31 CEST
SE,KEEP,in master list,MONTSERRAT-3GB-15D,B0H6MDJ2ZR,,281.99,0,Inactive,AMAZON_EU,2026-06-30 19:30:51 CEST
SE,KEEP,in master list,MONTSERRAT-5GB-30D,B0H6MGQ1Y4,,370.99,0,Inactive,AMAZON_EU,2026-06-30 19:34:14 CEST
SE,KEEP-PARENT,variation parent in Google Sheet,MONTSERRAT-ESIM,B0H72R4TL1,,,0,Incomplete,DEFAULT,2026-06-30 19:30:48 CEST
SE,KEEP,in master list,MOROCCO-20GB-30D,B0FR9M57DY,,293.99,0,Inactive,AMAZON_EU,2026-07-01 09:27:31 CEST
SE,KEEP,in master list,MOROCCO-3GB-15D,B0FR9CFZQR,,102.99,0,Active,AMAZON_EU,2026-07-01 09:20:06 CEST
SE,KEEP,in master list,MOROCCO-5GB-30D,B0FR9CDDQ8,,153.99,0,Inactive,AMAZON_EU,2026-07-01 09:23:50 CEST
SE,KEEP-PARENT,variation parent in Google Sheet,MOROCCO-ESIM,B0H74TSDB2,,,0,Incomplete,DEFAULT,2026-07-01 09:20:02 CEST
SE,KEEP,in master list,MOZAMBIQUE-20GB-30D,B0FR9CFLS7,,830.99,0,Active,AMAZON_EU,2026-07-01 09:35:23 CEST
SE,KEEP,in master list,MOZAMBIQUE-3GB-15D,B0FRB1M6HK,,217.99,0,Inactive,AMAZON_EU,2026-07-01 09:31:42 CEST
SE,KEEP-PARENT,variation parent in Google Sheet,MOZAMBIQUE-ESIM,B0H74XWRQC,,,0,Incomplete,DEFAULT,2026-07-01 09:31:38 CEST
SE,KEEP,in master list,NEPAL-3GB-15D,B0FRB1TD7L,,153.99,0,Inactive,AMAZON_EU,2026-07-01 09:39:11 CEST
SE,KEEP-PARENT,variation parent in Google Sheet,NEPAL-ESIM,B0H74T5RWY,,,0,Incomplete,DEFAULT,2026-07-01 09:39:07 CEST
SE,KEEP,in master list,NETHERLANDS-20GB-30D,B0FR9NG7LB,,178.99,0,Active,AMAZON_EU,2026-07-01 09:50:49 CEST
SE,KEEP,in master list,NETHERLANDS-3GB-15D,B0FRB5GNM2,,89.99,0,Active,AMAZON_EU,2026-07-01 09:43:25 CEST
SE,KEEP,in master list,NETHERLANDS-5GB-30D,B0FR9NHP7Q,,102.99,0,Active,AMAZON_EU,2026-07-01 09:47:08 CEST
SE,KEEP-PARENT,variation parent in Google Sheet,NETHERLANDS-ESIM,B0H751PMP2,,,0,Incomplete,DEFAULT,2026-07-01 09:43:21 CEST
SE,KEEP,in master list,NEW-ZEALAND-20GB-30D,B0FRB1TWT8,,268.99,0,Active,AMAZON_EU,2026-07-01 10:00:55 CEST
SE,KEEP,in master list,NEW-ZEALAND-3GB-15D,B0FR9NKXF5,,102.99,0,Active,AMAZON_EU,2026-07-01 09:54:27 CEST
SE,KEEP,in master list,NEW-ZEALAND-5GB-30D,B0FR9NHFWQ,,127.99,0,Active,AMAZON_EU,2026-07-01 09:57:48 CEST
SE,KEEP-PARENT,variation parent in Google Sheet,NEW-ZEALAND-ESIM,B0H753RBY1,,,0,Incomplete,DEFAULT,2026-07-01 09:54:24 CEST
SE,KEEP,in master list,NICARAGUA-3GB-15D,B0FRB33MPG,,153.99,0,Inactive,AMAZON_EU,2026-07-01 10:04:42 CEST
SE,KEEP-PARENT,variation parent in Google Sheet,NICARAGUA-ESIM,B0H751KLBY,,,0,Incomplete,DEFAULT,2026-07-01 10:04:39 CEST
SE,KEEP,in master list,NIGER-3GB-15D,B0FR9NPT1H,,191.99,0,Active,AMAZON_EU,2026-07-01 10:08:57 CEST
SE,KEEP-PARENT,variation parent in Google Sheet,NIGER-ESIM,B0H74XBGH3,,,0,Incomplete,DEFAULT,2026-07-01 10:08:53 CEST
SE,KEEP,in master list,NIGERIA-3GB-15D,B0FR9X17QY,,153.99,0,Active,AMAZON_EU,2026-07-01 10:13:12 CEST
SE,KEEP-PARENT,variation parent in Google Sheet,NIGERIA-ESIM,B0H74XY6WK,,,0,Incomplete,DEFAULT,2026-07-01 10:13:08 CEST
SE,KEEP,in master list,NORTH-AMERICA-5GB-30D,B0FRBDQ8H5,,178.99,0,Inactive,AMAZON_EU,2026-07-01 10:17:26 CEST
SE,KEEP-PARENT,variation parent in Google Sheet,NORTH-AMERICA-ESIM,B0H7567VQV,,,0,Incomplete,DEFAULT,2026-07-01 10:17:22 CEST
SE,KEEP,in master list,NORTH-MACEDONIA-3GB-15D,B0FRB59DJS,,102.99,0,Active,AMAZON_EU,2026-07-01 10:21:40 CEST
SE,KEEP,in master list,NORTH-MACEDONIA-5GB-30D,B0FR9WNHHX,,153.99,0,Inactive,AMAZON_EU,2026-07-01 10:25:23 CEST
SE,KEEP-PARENT,variation parent in Google Sheet,NORTH-MACEDONIA-ESIM,B0H74Z674K,,,0,Incomplete,DEFAULT,2026-07-01 10:21:37 CEST
SE,KEEP,in master list,NORWAY-20GB-30D,B0FRB572L8,,166.99,0,Inactive,AMAZON_EU,2026-07-01 10:36:55 CEST
SE,KEEP,in master list,NORWAY-3GB-15D,B0FR9WNK2H,,89.99,0,Active,AMAZON_EU,2026-07-01 10:30:03 CEST
SE,KEEP,in master list,NORWAY-5GB-30D,B0FRBNPZ9D,,102.99,0,Active,AMAZON_EU,2026-07-01 10:33:17 CEST
SE,KEEP-PARENT,variation parent in Google Sheet,NORWAY-ESIM,B0H751QFMC,,,0,Incomplete,DEFAULT,2026-07-01 10:29:32 CEST
SE,KEEP,in master list,OMAN-20GB-30D,B0FRB4R3FK,,357.99,0,Inactive,AMAZON_EU,2026-07-01 10:45:15 CEST
SE,KEEP,in master list,OMAN-3GB-15D,B0FRB4BL4W,,127.99,0,Active,AMAZON_EU,2026-07-01 10:41:07 CEST
SE,KEEP-PARENT,variation parent in Google Sheet,OMAN-ESIM,B0H74XRV1F,,,0,Incomplete,DEFAULT,2026-07-01 10:41:04 CEST
SE,KEEP,in master list,PAKISTAN-20GB-30D,B0FRB691X8,,242.99,0,Inactive,AMAZON_EU,2026-07-01 10:56:24 CEST
SE,KEEP,in master list,PAKISTAN-3GB-15D,B0FRB4HL3B,,89.99,0,Active,AMAZON_EU,2026-07-01 10:49:03 CEST
SE,KEEP,in master list,PAKISTAN-5GB-30D,B0FRB48QKZ,,114.99,0,Active,AMAZON_EU,2026-07-01 10:52:45 CEST
SE,KEEP-PARENT,variation parent in Google Sheet,PAKISTAN-ESIM,B0H756DTLP,,,0,Incomplete,DEFAULT,2026-07-01 10:48:59 CEST
SE,KEEP,in master list,PANAMA-3GB-15D,B0FRB3VFW6,,191.99,0,Inactive,AMAZON_EU,2026-07-01 11:00:36 CEST
SE,KEEP-PARENT,variation parent in Google Sheet,PANAMA-ESIM,B0H75CW9DG,,,0,Incomplete,DEFAULT,2026-07-01 11:00:32 CEST
SE,KEEP,in master list,PARAGUAY-3GB-15D,B0FRB3V7CS,,153.99,0,Active,AMAZON_EU,2026-07-01 11:04:52 CEST
SE,KEEP-PARENT,variation parent in Google Sheet,PARAGUAY-ESIM,B0H754LJFJ,,,0,Incomplete,DEFAULT,2026-07-01 11:04:48 CEST
SE,KEEP,in master list,PERU-20GB-30D,B0H6M8BLBD,,460.99,0,Inactive,AMAZON_EU,2026-06-30 13:21:00 CEST
SE,KEEP,in master list,PERU-3GB-15D,B0H6M5WW3B,,153.99,0,Inactive,AMAZON_EU,2026-06-30 13:17:11 CEST
SE,KEEP-PARENT,variation parent in Google Sheet,PERU-ESIM,B0H71W1GWJ,,,0,Incomplete,DEFAULT,2026-06-30 13:17:07 CEST
SE,KEEP,in master list,PHILIPPINES-20GB-30D,B0FRB4K2D4,,255.99,0,Inactive,AMAZON_EU,2026-07-01 11:16:57 CEST
SE,KEEP,in master list,PHILIPPINES-3GB-15D,B0FRB1GVXK,,89.99,0,Active,AMAZON_EU,2026-07-01 11:09:08 CEST
SE,KEEP,in master list,PHILIPPINES-5GB-30D,B0FRB4VCKG,,114.99,0,Inactive,AMAZON_EU,2026-07-01 11:13:16 CEST
SE,KEEP-PARENT,variation parent in Google Sheet,PHILIPPINES-ESIM,B0H757HB4S,,,0,Incomplete,DEFAULT,2026-07-01 11:09:04 CEST
SE,KEEP,in master list,POLAND-20GB-30D,B0FRB5HSK7,,166.99,0,Inactive,AMAZON_EU,2026-07-01 11:28:33 CEST
SE,KEEP,in master list,POLAND-3GB-15D,B0FRB4JVKR,,89.99,0,Active,AMAZON_EU,2026-07-01 11:20:44 CEST
SE,KEEP,in master list,POLAND-5GB-30D,B0FRBDPQ9J,,102.99,0,Active,AMAZON_EU,2026-07-01 11:24:28 CEST
SE,KEEP-PARENT,variation parent in Google Sheet,POLAND-ESIM,B0H75438NM,,,0,Incomplete,DEFAULT,2026-07-01 11:20:41 CEST
SE,KEEP,in master list,PORTUGAL-20GB-30D,B0FRB354KV,,166.99,0,Inactive,AMAZON_EU,2026-07-01 11:39:45 CEST
SE,KEEP,in master list,PORTUGAL-3GB-15D,B0FRB4314T,,89.99,0,Active,AMAZON_EU,2026-07-01 11:32:49 CEST
SE,KEEP,in master list,PORTUGAL-5GB-30D,B0FRB4X799,,102.99,0,Active,AMAZON_EU,2026-07-01 11:36:29 CEST
SE,KEEP-PARENT,variation parent in Google Sheet,PORTUGAL-ESIM,B0H75JF8MW,,,0,Incomplete,DEFAULT,2026-07-01 11:32:18 CEST
SE,KEEP,in master list,PUERTO-RICO-3GB-15D,B0FRB5MSF1,,140.99,0,Inactive,AMAZON_EU,2026-07-01 11:44:26 CEST
SE,KEEP,in master list,PUERTO-RICO-5GB-30D,B0FR9WMX9V,,153.99,0,Inactive,AMAZON_EU,2026-07-01 11:47:43 CEST
SE,KEEP-PARENT,variation parent in Google Sheet,PUERTO-RICO-ESIM,B0H75FXGDS,,,0,Incomplete,DEFAULT,2026-07-01 11:43:55 CEST
SE,KEEP,in master list,QATAR-20GB-30D,B0FR9X3QGM,,345.99,0,Inactive,AMAZON_EU,2026-07-01 11:59:18 CEST
SE,KEEP,in master list,QATAR-3GB-15D,B0FR9NXH43,,114.99,0,Active,AMAZON_EU,2026-07-01 11:51:53 CEST
SE,KEEP,in master list,QATAR-5GB-30D,B0FR9X5KB1,,191.99,0,Inactive,AMAZON_EU,2026-07-01 11:56:02 CEST
SE,KEEP-PARENT,variation parent in Google Sheet,QATAR-ESIM,B0H75DM4TW,,,0,Incomplete,DEFAULT,2026-07-01 11:51:50 CEST
SE,KEEP,in master list,REPUBLIC-OF-THE-CONGO-20GB-30D,B0H6MJ756Y,,843.99,0,Active,AMAZON_EU,2026-06-30 19:47:17 CEST
SE,KEEP,in master list,REPUBLIC-OF-THE-CONGO-3GB-15D,B0H6MM6DKT,,242.99,0,Inactive,AMAZON_EU,2026-06-30 19:40:49 CEST
SE,KEEP,in master list,REPUBLIC-OF-THE-CONGO-5GB-30D,B0H6MBXD3B,,370.99,0,Active,AMAZON_EU,2026-06-30 19:44:00 CEST
SE,KEEP-PARENT,variation parent in Google Sheet,REPUBLIC-OF-THE-CONGO-ESIM,B0H72MP3RH,,,0,Incomplete,DEFAULT,2026-06-30 19:40:45 CEST
SE,KEEP,in master list,REUNION-3GB-15D,B0FRB3KCNQ,,89.99,0,Inactive,AMAZON_EU,2026-07-01 12:03:57 CEST
SE,KEEP,in master list,REUNION-5GB-30D,B0FRB47TQW,,102.99,0,Inactive,AMAZON_EU,2026-07-01 12:07:38 CEST
SE,KEEP-PARENT,variation parent in Google Sheet,REUNION-ESIM,B0H75K4LRF,,,0,Incomplete,DEFAULT,2026-07-01 12:03:27 CEST
SE,KEEP,in master list,ROMANIA-20GB-30D,B0H6MGRC1F,,166.99,0,Inactive,AMAZON_EU,2026-06-30 19:57:03 CEST
SE,KEEP,in master list,ROMANIA-3GB-15D,B0H6MKQH2C,,89.99,0,Active,AMAZON_EU,2026-06-30 19:50:35 CEST
SE,KEEP,in master list,ROMANIA-5GB-30D,B0H6MFVLCB,,102.99,0,Active,AMAZON_EU,2026-06-30 19:53:56 CEST
SE,KEEP-PARENT,variation parent in Google Sheet,ROMANIA-ESIM,B0H72SJW2X,,,0,Incomplete,DEFAULT,2026-06-30 19:50:32 CEST
SE,KEEP,in master list,RUSSIA-20GB-30D,B0H6MDSLNC,,255.99,0,Inactive,AMAZON_EU,2026-06-30 20:06:29 CEST
SE,KEEP,in master list,RUSSIA-3GB-15D,B0H6MDNPC8,,102.99,0,Active,AMAZON_EU,2026-06-30 20:00:00 CEST
SE,KEEP,in master list,RUSSIA-5GB-30D,B0H6MLHHB2,,153.99,0,Inactive,AMAZON_EU,2026-06-30 20:03:32 CEST
SE,KEEP-PARENT,variation parent in Google Sheet,RUSSIA-ESIM,B0H72V8TG9,,,0,Incomplete,DEFAULT,2026-06-30 19:59:57 CEST
SE,KEEP,in master list,RWANDA-20GB-30D,B0H6M66BWN,,1073.99,0,Inactive,AMAZON_EU,2026-06-30 20:16:26 CEST
SE,KEEP,in master list,RWANDA-3GB-15D,B0H6MK2ZBQ,,268.99,0,Active,AMAZON_EU,2026-06-30 20:10:07 CEST
SE,KEEP,in master list,RWANDA-5GB-30D,B0H6MJZHP1,,357.99,0,Active,AMAZON_EU,2026-06-30 20:13:08 CEST
SE,KEEP-PARENT,variation parent in Google Sheet,RWANDA-ESIM,B0H732HZMW,,,0,Incomplete,DEFAULT,2026-06-30 20:10:04 CEST
SE,KEEP,in master list,SAINT-BARTHELEMY-20GB-30D,B0H6MJHHNB,,178.99,0,Active,AMAZON_EU,2026-06-30 20:26:02 CEST
SE,KEEP,in master list,SAINT-BARTHELEMY-3GB-15D,B0H6MDMD63,,89.99,0,Active,AMAZON_EU,2026-06-30 20:19:44 CEST
SE,KEEP,in master list,SAINT-BARTHELEMY-5GB-30D,B0H6MBS246,,102.99,0,Active,AMAZON_EU,2026-06-30 20:23:15 CEST
SE,KEEP-PARENT,variation parent in Google Sheet,SAINT-BARTHELEMY-ESIM,B0H72VB8YD,,,0,Incomplete,DEFAULT,2026-06-30 20:19:40 CEST
SE,KEEP,in master list,SAINT-KITTS-AND-NEVIS-20GB-30D,B0H6MJQSR4,,1137.99,0,Inactive,AMAZON_EU,2026-06-30 20:35:46 CEST
SE,KEEP,in master list,SAINT-KITTS-AND-NEVIS-3GB-15D,B0H6MDHJ2B,,319.99,0,Inactive,AMAZON_EU,2026-06-30 20:29:30 CEST
SE,KEEP,in master list,SAINT-KITTS-AND-NEVIS-5GB-30D,B0H6MBK615,,421.99,0,Active,AMAZON_EU,2026-06-30 20:32:19 CEST
SE,KEEP-PARENT,variation parent in Google Sheet,SAINT-KITTS-AND-NEVIS-ESIM,B0H732GT1H,,,0,Incomplete,DEFAULT,2026-06-30 20:29:26 CEST
SE,KEEP,in master list,SAINT-LUCIA-20GB-30D,B0H6MDX8DY,,1137.99,0,Inactive,AMAZON_EU,2026-06-30 20:44:49 CEST
SE,KEEP,in master list,SAINT-LUCIA-3GB-15D,B0H6M7Y1CD,,319.99,0,Active,AMAZON_EU,2026-06-30 20:39:04 CEST
SE,KEEP,in master list,SAINT-LUCIA-5GB-30D,B0H6MGBXNV,,421.99,0,Inactive,AMAZON_EU,2026-06-30 20:41:53 CEST
SE,KEEP-PARENT,variation parent in Google Sheet,SAINT-LUCIA-ESIM,B0H7341Y1B,,,0,Incomplete,DEFAULT,2026-06-30 20:39:00 CEST
SE,KEEP,in master list,SAINT-MARTIN-20GB-30D,B0H6MF7K64,,178.99,0,Active,AMAZON_EU,2026-06-30 20:54:34 CEST
SE,KEEP,in master list,SAINT-MARTIN-3GB-15D,B0H6MDB2CN,,89.99,0,Active,AMAZON_EU,2026-06-30 20:48:17 CEST
SE,KEEP,in master list,SAINT-MARTIN-5GB-30D,B0H6MC37Q1,,102.99,0,Active,AMAZON_EU,2026-06-30 20:51:38 CEST
SE,KEEP-PARENT,variation parent in Google Sheet,SAINT-MARTIN-ESIM,B0H734322X,,,0,Incomplete,DEFAULT,2026-06-30 20:48:14 CEST
SE,KEEP,in master list,SAINT-VINCENT-AND-THE-GRENADINES-3GB-15D,B0H6MF3FWZ,,383.99,0,Active,AMAZON_EU,2026-06-30 20:58:13 CEST
SE,KEEP,in master list,SAINT-VINCENT-AND-THE-GRENADINES-5GB-30D,B0H6MJXH8Z,,511.99,0,Active,AMAZON_EU,2026-06-30 21:01:13 CEST
SE,KEEP-PARENT,variation parent in Google Sheet,SAINT-VINCENT-AND-THE-GRENADINES-ESIM,B0H73HZGYL,,,0,Incomplete,DEFAULT,2026-06-30 20:58:10 CEST
SE,KEEP,in master list,SAMOA-20GB-30D,B0H6MJQDSM,,3231.99,0,Active,AMAZON_EU,2026-06-30 21:15:20 CEST
SE,KEEP,in master list,SAMOA-3GB-15D,B0H6MGJ45S,,638.99,0,Active,AMAZON_EU,2026-06-30 21:09:14 CEST
SE,KEEP,in master list,SAMOA-5GB-30D,B0H6MFFZH1,,881.99,0,Active,AMAZON_EU,2026-06-30 21:12:34 CEST
SE,KEEP-PARENT,variation parent in Google Sheet,SAMOA-ESIM,B0H73G6VX2,,,0,Incomplete,DEFAULT,2026-06-30 21:09:10 CEST
SE,KEEP,in master list,SAN-MARINO-20GB-30D,B0H6MDHJFJ,,178.99,0,Inactive,AMAZON_EU,2026-06-30 21:25:16 CEST
SE,KEEP,in master list,SAN-MARINO-3GB-15D,B0H6MG33GL,,89.99,0,Active,AMAZON_EU,2026-06-30 21:18:48 CEST
SE,KEEP,in master list,SAN-MARINO-5GB-30D,B0H6ML6C38,,102.99,0,Active,AMAZON_EU,2026-06-30 21:21:59 CEST
SE,KEEP-PARENT,variation parent in Google Sheet,SAN-MARINO-ESIM,B0H72WXPLC,,,0,Incomplete,DEFAULT,2026-06-30 21:18:45 CEST
SE,KEEP,in master list,SAUDI-ARABIA-20GB-30D,B0FRB5PZTS,,370.99,0,Inactive,AMAZON_EU,2026-07-01 12:18:50 CEST
SE,KEEP,in master list,SAUDI-ARABIA-3GB-15D,B0FRB3N2KL,,127.99,0,Active,AMAZON_EU,2026-07-01 12:11:25 CEST
SE,KEEP,in master list,SAUDI-ARABIA-5GB-30D,B0FRB1SRZY,,153.99,0,Inactive,AMAZON_EU,2026-07-01 12:15:10 CEST
SE,KEEP-PARENT,variation parent in Google Sheet,SAUDI-ARABIA-ESIM,B0H75GNBQP,,,0,Incomplete,DEFAULT,2026-07-01 12:11:22 CEST
SE,KEEP,in master list,SENEGAL-3GB-15D,B0FRB4HX92,,178.99,0,Inactive,AMAZON_EU,2026-07-01 12:23:04 CEST
SE,KEEP,in master list,SENEGAL-5GB-30D,B0FRB68H77,,204.99,0,Active,AMAZON_EU,2026-07-01 12:26:49 CEST
SE,KEEP-PARENT,variation parent in Google Sheet,SENEGAL-ESIM,B0H75G3WKK,,,0,Incomplete,DEFAULT,2026-07-01 12:23:00 CEST
SE,KEEP,in master list,SERBIA-20GB-30D,B0FRB5K8JC,,230.99,0,Inactive,AMAZON_EU,2026-07-01 12:34:35 CEST
SE,KEEP,in master list,SERBIA-3GB-15D,B0FRB5TJV2,,89.99,0,Active,AMAZON_EU,2026-07-01 12:30:51 CEST
SE,KEEP-PARENT,variation parent in Google Sheet,SERBIA-ESIM,B0H75P35J6,,,0,Incomplete,DEFAULT,2026-07-01 12:30:47 CEST
SE,KEEP,in master list,SEYCHELLES-3GB-15D,B0FRB55T3H,,191.99,0,Inactive,AMAZON_EU,2026-07-01 12:38:49 CEST
SE,KEEP,in master list,SEYCHELLES-5GB-30D,B0FR9P7N6M,,306.99,0,Inactive,AMAZON_EU,2026-07-01 12:42:33 CEST
SE,KEEP-PARENT,variation parent in Google Sheet,SEYCHELLES-ESIM,B0H75F6JR9,,,0,Incomplete,DEFAULT,2026-07-01 12:38:46 CEST
SE,KEEP,in master list,SIERRA-LEONE-20GB-30D,B0H6ML1JW1,,1035.99,0,Active,AMAZON_EU,2026-06-30 21:35:02 CEST
SE,KEEP,in master list,SIERRA-LEONE-3GB-15D,B0H6MHPWKP,,293.99,0,Inactive,AMAZON_EU,2026-06-30 21:29:34 CEST
SE,KEEP,in master list,SIERRA-LEONE-5GB-30D,B0H6MBK6HZ,,370.99,0,Active,AMAZON_EU,2026-06-30 21:31:56 CEST
SE,KEEP-PARENT,variation parent in Google Sheet,SIERRA-LEONE-ESIM,B0H72WWRP1,,,0,Incomplete,DEFAULT,2026-06-30 21:29:03 CEST
SE,KEEP,in master list,SINGAPORE-20GB-30D,B0FRB256K8,,166.99,0,Inactive,AMAZON_EU,2026-07-01 12:50:30 CEST
SE,KEEP,in master list,SINGAPORE-5GB-30D,B0FR9X3Y3R,,102.99,0,Active,AMAZON_EU,2026-07-01 12:47:13 CEST
SE,KEEP-PARENT,variation parent in Google Sheet,SINGAPORE-ESIM,B0H75HH56H,,,0,Incomplete,DEFAULT,2026-07-01 12:46:42 CEST
SE,KEEP,in master list,SLOVAKIA-20GB-30D,B0FRB14YYC,,166.99,0,Inactive,AMAZON_EU,2026-07-01 13:01:40 CEST
SE,KEEP,in master list,SLOVAKIA-3GB-15D,B0FR9XC4BW,,89.99,0,Active,AMAZON_EU,2026-07-01 12:54:30 CEST
SE,KEEP,in master list,SLOVAKIA-5GB-30D,B0FRB2X84M,,102.99,0,Active,AMAZON_EU,2026-07-01 12:58:12 CEST
SE,KEEP-PARENT,variation parent in Google Sheet,SLOVAKIA-ESIM,B0H75KPKB4,,,0,Incomplete,DEFAULT,2026-07-01 12:54:27 CEST
SE,KEEP,in master list,SLOVENIA-20GB-30D,B0FR9X15V2,,166.99,0,Active,AMAZON_EU,2026-07-01 13:13:14 CEST
SE,KEEP,in master list,SLOVENIA-3GB-15D,B0FR9XCF27,,89.99,0,Active,AMAZON_EU,2026-07-01 13:05:50 CEST
SE,KEEP,in master list,SLOVENIA-5GB-30D,B0FRB3SJMR,,102.99,0,Active,AMAZON_EU,2026-07-01 13:09:33 CEST
SE,KEEP-PARENT,variation parent in Google Sheet,SLOVENIA-ESIM,B0H75HSLDC,,,0,Incomplete,DEFAULT,2026-07-01 13:05:46 CEST
SE,KEEP-PARENT,variation parent in Google Sheet,SOUTH-AFRICA-ESIM,B0H75P4WMJ,,,0,Incomplete,DEFAULT,2026-07-01 13:17:23 CEST
SE,KEEP,in master list,SOUTH-AMERICA-5GB-30D,B0FRB8D7HC,,230.99,0,Inactive,AMAZON_EU,2026-07-01 13:21:42 CEST
SE,KEEP-PARENT,variation parent in Google Sheet,SOUTH-AMERICA-ESIM,B0H75SMZQT,,,0,Incomplete,DEFAULT,2026-07-01 13:21:38 CEST
SE,KEEP,in master list,SOUTH-KOREA-20GB-30D,B0FRC4P51Z,,166.99,0,Inactive,AMAZON_EU,2026-07-01 13:33:47 CEST
SE,KEEP,in master list,SOUTH-KOREA-3GB-15D,B0FRC4RTDF,,89.99,0,Active,AMAZON_EU,2026-07-01 13:25:58 CEST
SE,KEEP,in master list,SOUTH-KOREA-5GB-30D,B0FRD9LC4C,,102.99,0,Inactive,AMAZON_EU,2026-07-01 13:29:43 CEST
SE,KEEP-PARENT,variation parent in Google Sheet,SOUTH-KOREA-ESIM,B0H75RL46Z,,,0,Incomplete,DEFAULT,2026-07-01 13:25:54 CEST
SE,KEEP,in master list,SPAIN-20GB-30D,B0FRCMPGPL,,166.99,0,Inactive,AMAZON_EU,2026-07-01 13:45:27 CEST
SE,KEEP,in master list,SPAIN-3GB-15D,B0FRCDHTZ7,,89.99,0,Active,AMAZON_EU,2026-07-01 13:37:36 CEST
SE,KEEP,in master list,SPAIN-5GB-30D,B0FRBQCLZN,,102.99,0,Active,AMAZON_EU,2026-07-01 13:41:46 CEST
SE,KEEP-PARENT,variation parent in Google Sheet,SPAIN-ESIM,B0H75M4FP3,,,0,Incomplete,DEFAULT,2026-07-01 13:37:32 CEST
SE,KEEP,in master list,SRI-LANKA-20GB-30D,B0FRC2DZN5,,306.99,0,Inactive,AMAZON_EU,2026-07-01 13:56:41 CEST
SE,KEEP,in master list,SRI-LANKA-3GB-15D,B0FRB7Z1NW,,114.99,0,Active,AMAZON_EU,2026-07-01 13:49:44 CEST
SE,KEEP,in master list,SRI-LANKA-5GB-30D,B0FRB64B8M,,140.99,0,Active,AMAZON_EU,2026-07-01 13:53:25 CEST
SE,KEEP-PARENT,variation parent in Google Sheet,SRI-LANKA-ESIM,B0H75TR42B,,,0,Incomplete,DEFAULT,2026-07-01 13:49:13 CEST
SE,KEEP,in master list,SUDAN-3GB-15D,B0FRCKTXNQ,,242.99,0,Active,AMAZON_EU,2026-07-01 14:00:52 CEST
SE,KEEP,in master list,SUDAN-5GB-30D,B0FRC799N3,,332.99,0,Active,AMAZON_EU,2026-07-01 14:04:15 CEST
SE,KEEP-PARENT,variation parent in Google Sheet,SUDAN-ESIM,B0H75WY8TB,,,0,Incomplete,DEFAULT,2026-07-01 14:00:49 CEST
SE,KEEP,in master list,SURINAME-20GB-30D,B0H6MNKY5H,,818.99,0,Inactive,AMAZON_EU,2026-06-30 21:44:56 CEST
SE,KEEP,in master list,SURINAME-3GB-15D,B0H6MLWJMY,,217.99,0,Active,AMAZON_EU,2026-06-30 21:38:40 CEST
SE,KEEP,in master list,SURINAME-5GB-30D,B0H6MNS3N5,,357.99,0,Inactive,AMAZON_EU,2026-06-30 21:41:40 CEST
SE,KEEP-PARENT,variation parent in Google Sheet,SURINAME-ESIM,B0H73D2QX3,,,0,Incomplete,DEFAULT,2026-06-30 21:38:37 CEST
SE,KEEP,in master list,SVG-20GB-30D,B0H6MWF5B5,,1380.99,0,Inactive,AMAZON_EU,2026-06-30 21:05:01 CEST
SE,KEEP-PARENT,variation parent in Google Sheet,SVG-ESIM,B0H73M12GC,,,0,Incomplete,DEFAULT,2026-06-30 21:04:57 CEST
SE,KEEP,in master list,SWEDEN-20GB-30D,B0FRB7X5SP,,166.99,0,Inactive,AMAZON_EU,2026-07-01 14:16:19 CEST
SE,KEEP,in master list,SWEDEN-3GB-15D,B0FRCC6W9S,,89.99,0,Active,AMAZON_EU,2026-07-01 14:08:58 CEST
SE,KEEP,in master list,SWEDEN-5GB-30D,B0FRCS524D,,102.99,0,Inactive,AMAZON_EU,2026-07-01 14:12:14 CEST
SE,KEEP-PARENT,variation parent in Google Sheet,SWEDEN-ESIM,B0H75R7XXY,,,0,Incomplete,DEFAULT,2026-07-01 14:08:25 CEST
SE,KEEP,in master list,SWITZERLAND-20GB-30D,B0FRB6VY7S,,166.99,0,Inactive,AMAZON_EU,2026-07-01 14:28:01 CEST
SE,KEEP,in master list,SWITZERLAND-3GB-15D,B0FRB5LFVC,,89.99,0,Active,AMAZON_EU,2026-07-01 14:20:08 CEST
SE,KEEP,in master list,SWITZERLAND-5GB-30D,B0FRB7G4VW,,102.99,0,Active,AMAZON_EU,2026-07-01 14:23:53 CEST
SE,KEEP-PARENT,variation parent in Google Sheet,SWITZERLAND-ESIM,B0H75VCSCB,,,0,Incomplete,DEFAULT,2026-07-01 14:20:05 CEST
SE,KEEP,in master list,TAJIKISTAN-20GB-30D,B0H6M85C77,,460.99,0,Inactive,AMAZON_EU,2026-06-30 21:55:00 CEST
SE,KEEP,in master list,TAJIKISTAN-3GB-15D,B0H6M7XFN6,,166.99,0,Inactive,AMAZON_EU,2026-06-30 21:48:34 CEST
SE,KEEP,in master list,TAJIKISTAN-5GB-30D,B0H6MFYMXZ,,178.99,0,Inactive,AMAZON_EU,2026-06-30 21:52:05 CEST
SE,KEEP-PARENT,variation parent in Google Sheet,TAJIKISTAN-ESIM,B0H73THDD2,,,0,Incomplete,DEFAULT,2026-06-30 21:48:31 CEST
SE,KEEP,in master list,TANZANIA-3GB-15D,B0FRC81NPJ,,178.99,0,Inactive,AMAZON_EU,2026-07-01 14:31:50 CEST
SE,KEEP-PARENT,variation parent in Google Sheet,TANZANIA-ESIM,B0H75S31RR,,,0,Incomplete,DEFAULT,2026-07-01 14:31:46 CEST
SE,KEEP,in master list,THAILAND-20GB-30D,B0FRCHW3MW,,166.99,0,Inactive,AMAZON_EU,2026-07-01 14:43:31 CEST
SE,KEEP,in master list,THAILAND-3GB-15D,B0FRCDPJSH,,89.99,0,Active,AMAZON_EU,2026-07-01 14:36:07 CEST
SE,KEEP,in master list,THAILAND-5GB-30D,B0FR9Q5D1J,,102.99,0,Active,AMAZON_EU,2026-07-01 14:39:50 CEST
SE,KEEP-PARENT,variation parent in Google Sheet,THAILAND-ESIM,B0H76546WD,,,0,Incomplete,DEFAULT,2026-07-01 14:36:03 CEST
SE,KEEP,in master list,TRINIDAD-AND-TOBAGO-20GB-30D,B0H6MF31VP,,1061.99,0,Active,AMAZON_EU,2026-06-30 22:05:25 CEST
SE,KEEP,in master list,TRINIDAD-AND-TOBAGO-3GB-15D,B0H6MJTHXK,,242.99,0,Inactive,AMAZON_EU,2026-06-30 21:58:38 CEST
SE,KEEP,in master list,TRINIDAD-AND-TOBAGO-5GB-30D,B0H6MJTHY9,,370.99,0,Inactive,AMAZON_EU,2026-06-30 22:01:58 CEST
SE,KEEP-PARENT,variation parent in Google Sheet,TRINIDAD-AND-TOBAGO-ESIM,B0H73HW3QZ,,,0,Incomplete,DEFAULT,2026-06-30 21:58:35 CEST
SE,KEEP,in master list,TUNISIA-5GB-30D,B0FRB7Q96Z,,127.99,0,Inactive,AMAZON_EU,2026-07-01 14:47:43 CEST
SE,KEEP-PARENT,variation parent in Google Sheet,TUNISIA-ESIM,B0H75TQ735,,,0,Incomplete,DEFAULT,2026-07-01 14:47:39 CEST
SE,KEEP,in master list,TURKEY-20GB-30D,B0FRCYMWCX,,191.99,0,Inactive,AMAZON_EU,2026-07-01 14:59:47 CEST
SE,KEEP,in master list,TURKEY-3GB-15D,B0FRC2PSHM,,89.99,0,Active,AMAZON_EU,2026-07-01 14:52:26 CEST
SE,KEEP,in master list,TURKEY-5GB-30D,B0FRCBZ1BB,,89.99,0,Active,AMAZON_EU,2026-07-01 14:56:07 CEST
SE,KEEP-PARENT,variation parent in Google Sheet,TURKEY-ESIM,B0H75YB1FW,,,0,Incomplete,DEFAULT,2026-07-01 14:51:55 CEST
SE,KEEP,in master list,TURKS-AND-CAICOS-ISLANDS-20GB-30D,B0H6MLBGX7,,997.99,0,Inactive,AMAZON_EU,2026-06-30 22:15:00 CEST
SE,KEEP,in master list,TURKS-AND-CAICOS-ISLANDS-3GB-15D,B0H6MNNXGL,,255.99,0,Inactive,AMAZON_EU,2026-06-30 22:08:43 CEST
SE,KEEP,in master list,TURKS-AND-CAICOS-ISLANDS-5GB-30D,B0H6MLH1KM,,319.99,0,Active,AMAZON_EU,2026-06-30 22:12:14 CEST
SE,KEEP-PARENT,variation parent in Google Sheet,TURKS-AND-CAICOS-ISLANDS-ESIM,B0H737P54Z,,,0,Incomplete,DEFAULT,2026-06-30 22:08:40 CEST
SE,KEEP,in master list,UGANDA-3GB-15D,B0FRB7F7Z9,,204.99,0,Inactive,AMAZON_EU,2026-07-01 15:03:13 CEST
SE,KEEP-PARENT,variation parent in Google Sheet,UGANDA-ESIM,B0H75ZS3WM,,,0,Incomplete,DEFAULT,2026-07-01 15:03:10 CEST
SE,KEEP,in master list,UKRAINE-3GB-15D,B0FRB9SBFR,,89.99,0,Active,AMAZON_EU,2026-07-01 15:07:57 CEST
SE,KEEP,in master list,UKRAINE-5GB-30D,B0FRC2NRKG,,102.99,0,Inactive,AMAZON_EU,2026-07-01 15:11:38 CEST
SE,KEEP-PARENT,variation parent in Google Sheet,UKRAINE-ESIM,B0H75TXQ1K,,,0,Incomplete,DEFAULT,2026-07-01 15:07:26 CEST
SE,KEEP-PARENT,variation parent in Google Sheet,UNITED-ARAB-EMIRATES-ESIM,B0H75VNPZT,,,0,Incomplete,DEFAULT,2026-07-01 15:15:21 CEST
SE,KEEP-PARENT,variation parent in Google Sheet,UNITED-KINGDOM-ESIM,B0H75ZZ9KR,,,0,Incomplete,DEFAULT,2026-07-01 15:26:58 CEST
SE,KEEP-PARENT,variation parent in Google Sheet,UNITED-STATES-ESIM,B0H76119CW,,,0,Incomplete,DEFAULT,2026-07-01 15:38:35 CEST
SE,KEEP,in master list,URUGUAY-3GB-15D,B0FRB7LHGN,,191.99,0,Inactive,AMAZON_EU,2026-07-01 15:47:02 CEST
SE,KEEP-PARENT,variation parent in Google Sheet,URUGUAY-ESIM,B0H766NCL6,,,0,Incomplete,DEFAULT,2026-07-01 15:46:31 CEST
SE,KEEP,in master list,UZBEKISTAN-5GB-30D,B0FRBWFZ6M,,102.99,0,Active,AMAZON_EU,2026-07-01 15:51:16 CEST
SE,KEEP-PARENT,variation parent in Google Sheet,UZBEKISTAN-ESIM,B0H766C768,,,0,Incomplete,DEFAULT,2026-07-01 15:50:46 CEST
SE,KEEP,in master list,VATICAN-CITY-20GB-30D,B0H6MDPLZ9,,165.99,0,Inactive,AMAZON_EU,2026-06-30 22:24:55 CEST
SE,KEEP,in master list,VATICAN-CITY-3GB-15D,B0H6MBMF8G,,89.99,0,Active,AMAZON_EU,2026-06-30 22:18:38 CEST
SE,KEEP,in master list,VATICAN-CITY-5GB-30D,B0H6M7YXNP,,102.99,0,Active,AMAZON_EU,2026-06-30 22:21:38 CEST
SE,KEEP-PARENT,variation parent in Google Sheet,VATICAN-CITY-ESIM,B0H739N58P,,,0,Incomplete,DEFAULT,2026-06-30 22:18:35 CEST
SE,KEEP,in master list,VIETNAM-20GB-30D,B0FRC2NKC4,,242.99,0,Inactive,AMAZON_EU,2026-07-01 16:02:28 CEST
SE,KEEP,in master list,VIETNAM-3GB-15D,B0FRBR2DHW,,89.99,0,Inactive,AMAZON_EU,2026-07-01 15:55:05 CEST
SE,KEEP,in master list,VIETNAM-5GB-30D,B0FRCBXRGV,,114.99,0,Active,AMAZON_EU,2026-07-01 15:58:48 CEST
SE,KEEP-PARENT,variation parent in Google Sheet,VIETNAM-ESIM,B0H76372WK,,,0,Incomplete,DEFAULT,2026-07-01 15:55:02 CEST
SE,KEEP,in master list,ZAMBIA-3GB-15D,B0FRC2NSM2,,191.99,0,Active,AMAZON_EU,2026-07-01 16:06:40 CEST
SE,KEEP,in master list,ZAMBIA-5GB-30D,B0FRCL97L4,,306.99,0,Inactive,AMAZON_EU,2026-07-01 16:10:48 CEST
SE,KEEP-PARENT,variation parent in Google Sheet,ZAMBIA-ESIM,B0H7614NRC,,,0,Incomplete,DEFAULT,2026-07-01 16:06:37 CEST
PL,DELETE,not in master list,AE_20_30,B0FRB7TFJR,,177.13,0,Active,AMAZON_EU,2026-03-25 09:29:49 CET
PL,DELETE,not in master list,AE_3_15,B0FRBBYBGH,,39.8,0,Active,AMAZON_EU,2026-03-25 09:30:01 CET
PL,DELETE,not in master list,AE_5_30,B0FRB89XHX,,,0,Incomplete,AMAZON_EU,2026-03-25 06:09:38 CET
PL,DELETE,not in master list,AU_20_30,B0FR9G1ZQJ,,60.77,0,Active,AMAZON_EU,2026-03-27 11:08:21 CET
PL,DELETE,not in master list,AU_3_15,B0FR9SKY4D,,21.43,0,Active,AMAZON_EU,2026-03-27 10:28:42 CET
PL,DELETE,not in master list,AU_5_30,B0FR9JRB62,,29.3,0,Active,AMAZON_EU,2026-03-25 09:30:01 CET
PL,DELETE,not in master list,BE_20_30,B0FR9BVRCH,,75.49,0,Active,AMAZON_EU,2026-03-27 13:30:14 CET
PL,DELETE,not in master list,BE_3_15,B0FR9G432K,,23.99,0,Active,AMAZON_EU,2026-03-27 11:09:11 CET
PL,DELETE,not in master list,BE_5_30,B0FR9SXCW6,,29.19,0,Active,AMAZON_EU,2026-03-27 11:48:18 CET
PL,DELETE,not in master list,CA_20_30,B0FR9BY42D,,130.17,0,Inactive,AMAZON_EU,2026-03-27 15:26:06 CET
PL,DELETE,not in master list,CA_3_15,B0FR9RZLF3,,53.64,0,Inactive,AMAZON_EU,2026-03-27 09:46:39 CET
PL,DELETE,not in master list,CA_5_30,B0FR9SYCBK,,69.51,0,Inactive,AMAZON_EU,2026-03-27 09:36:36 CET
PL,DELETE,not in master list,CH_20_30,B0FRB6VY7S,,,0,Incomplete,AMAZON_EU,2026-03-25 06:23:33 CET
PL,DELETE,not in master list,CH_3_15,B0FRB5LFVC,,30.48,0,Inactive,AMAZON_EU,2026-03-25 12:44:04 CET
PL,DELETE,not in master list,CH_5_30,B0FRB7G4VW,,,0,Incomplete,AMAZON_EU,2026-03-25 06:16:35 CET
PL,DELETE,not in master list,CN_20_30,B0FR9GD6X9,,109.31,0,Inactive,AMAZON_EU,2026-03-27 09:28:40 CET
PL,DELETE,not in master list,CN_3_15,B0FR9QZ578,,24.06,0,Active,AMAZON_EU,2026-03-25 13:06:04 CET
PL,DELETE,not in master list,CN_5_30,B0FR9HX7XH,,34.58,0,Active,AMAZON_EU,2026-03-27 14:50:41 CET
PL,DELETE,not in master list,DE_20_30,B0GSZP9H94,,142.68,0,Inactive,AMAZON_EU,2026-03-27 13:17:42 CET
PL,DELETE,not in master list,DE_3_15,B0GSZBMLKV,,43.2,0,Inactive,AMAZON_EU,2026-03-27 09:30:25 CET
PL,DELETE,not in master list,DE_5_30,B0GSZDYWLZ,,51.07,0,Inactive,AMAZON_EU,2026-03-27 10:52:25 CET
PL,DELETE,not in master list,EG_20_30,B0FR9GQBGL,,145.79,0,Active,AMAZON_EU,2026-03-27 11:02:18 CET
PL,DELETE,not in master list,EG_3_15,B0FR9C784N,,39.68,0,Active,AMAZON_EU,2026-03-27 09:41:17 CET
PL,DELETE,not in master list,EG_3_30,B0FR9GNL93,,60.97,0,Inactive,AMAZON_EU,2026-03-27 13:27:48 CET
PL,DELETE,not in master list,ES_20_30,B0FRCMPGPL,,70.55,0,Inactive,AMAZON_EU,2026-03-27 12:06:13 CET
PL,DELETE,not in master list,ES_3_15,B0FRCDHTZ7,,24.06,0,Active,AMAZON_EU,2026-03-27 11:06:17 CET
PL,DELETE,not in master list,ES_5_30,B0FRBQCLZN,,34.46,0,Active,AMAZON_EU,2026-03-25 10:39:59 CET
PL,DELETE,not in master list,FR_20_30,B0FR9GPMC5,,90.1,0,Active,AMAZON_EU,2026-03-25 06:27:20 CET
PL,DELETE,not in master list,FR_3_15,B0FR9C5ZB6,,29.19,0,Active,AMAZON_EU,2026-03-25 06:07:20 CET
PL,DELETE,not in master list,FR_5_30,B0FR9LMDW5,,39.68,0,Active,AMAZON_EU,2026-04-12 13:25:48 CEST
PL,DELETE,not in master list,GB_20_30,B0FRDGCBTN,,,0,Incomplete,AMAZON_EU,2026-03-25 06:09:29 CET
PL,DELETE,not in master list,GB_3_15,B0FRCPD8TS,,,0,Incomplete,AMAZON_EU,2026-03-25 06:15:17 CET
PL,DELETE,not in master list,GB_5_30,B0FRDDRGJF,,,0,Incomplete,AMAZON_EU,2026-03-25 06:21:18 CET
PL,DELETE,not in master list,GR_20_30,B0FR9KJGBG,,75.74,0,Active,AMAZON_EU,2026-03-25 11:44:12 CET
PL,DELETE,not in master list,GR_3_15,B0FR9L85F6,,18.83,0,Active,AMAZON_EU,2026-03-25 13:15:13 CET
PL,DELETE,not in master list,GR_5_30,B0FR9C7SMF,,16.14,0,Active,AMAZON_EU,2026-03-27 09:26:43 CET
PL,DELETE,not in master list,HAJJ-LUX-10GB-30D,B0H3L75HDS,,306.99,0,Inactive,AMAZON_EU,2026-06-04 00:58:27 CEST
PL,DELETE,not in master list,HAJJ-LUXURY-ESIM,B0H71PC226,,,0,Incomplete,DEFAULT,2026-06-30 13:08:57 CEST
PL,DELETE,not in master list,HK_20_30,B0FR9GXZ6F,,94.66,0,Active,AMAZON_EU,2026-03-27 11:02:42 CET
PL,DELETE,not in master list,HK_3_15,B0FR9CC6Q8,,43.23,0,Active,AMAZON_EU,2026-03-25 13:23:11 CET
PL,DELETE,not in master list,HK_5_30,B0FR9GXYYL,,27.47,0,Active,AMAZON_EU,2026-03-25 10:39:22 CET
PL,DELETE,not in master list,ID_20_30,B0FR9QXRDQ,,65.39,0,Active,AMAZON_EU,2026-03-27 14:34:59 CET
PL,DELETE,not in master list,ID_3_15,B0FR9T6QPZ,,18.83,0,Active,AMAZON_EU,2026-03-27 09:46:02 CET
PL,DELETE,not in master list,ID_5_30,B0FR8XW5DR,,10.96,0,Active,AMAZON_EU,2026-03-27 09:32:56 CET
PL,DELETE,not in master list,IE_20_30,B0FR9SZG2Z,,70.55,0,Active,AMAZON_EU,2026-03-27 09:40:19 CET
PL,DELETE,not in master list,IE_3_15,B0FR8XV57F,,18.83,0,Active,AMAZON_EU,2026-03-27 14:10:18 CET
PL,DELETE,not in master list,IE_5_30,B0FR9GYKQL,,16.14,0,Active,AMAZON_EU,2026-03-25 10:02:00 CET
PL,DELETE,not in master list,IN_20_30,B0FR9DYMHX,,172.02,0,Active,AMAZON_EU,2026-03-25 06:24:13 CET
PL,DELETE,not in master list,IN_3_15,B0FR9ZM116,,45.35,0,Active,AMAZON_EU,2026-03-27 09:37:24 CET
PL,DELETE,not in master list,IN_5_30,B0FR9GXWN9,,65.39,0,Active,AMAZON_EU,2026-03-25 10:00:18 CET
PL,DELETE,not in master list,IT_20_30,B0FR9RNZV2,,65.39,0,Active,AMAZON_EU,2026-03-25 10:02:26 CET
PL,DELETE,not in master list,IT_3_15,B0FR9GXZ18,,18.78,0,Active,AMAZON_EU,2026-03-25 10:08:21 CET
PL,DELETE,not in master list,IT_5_30,B0FR9ZR2TH,,10.96,0,Active,AMAZON_EU,2026-03-25 12:11:47 CET
PL,DELETE,not in master list,JP_20_30,B0FR9RZKRB,,65.39,0,Active,AMAZON_EU,2026-03-27 14:08:06 CET
PL,DELETE,not in master list,JP_3_15,B0FR9LVZVQ,,18.83,0,Active,AMAZON_EU,2026-03-25 09:32:34 CET
PL,DELETE,not in master list,JP_5_30,B0FR9TLXXH,,10.96,0,Active,AMAZON_EU,2026-03-25 09:24:08 CET
PL,DELETE,not in master list,KE_3_15,B0FR9GZ14G,,105.12,0,Active,AMAZON_EU,2026-03-25 09:19:00 CET
PL,DELETE,not in master list,KE_5_30,B0FR9T4DG6,,146.31,0,Active,AMAZON_EU,2026-03-25 09:31:12 CET
PL,DELETE,not in master list,MA_20_30,B0FR9M57DY,,120.55,0,Active,AMAZON_EU,2026-03-27 09:24:06 CET
PL,DELETE,not in master list,MA_3_15,B0FR9CFZQR,,29.29,0,Active,AMAZON_EU,2026-03-27 11:11:01 CET
PL,DELETE,not in master list,MA_5_30,B0FR9CDDQ8,,62.13,0,Inactive,AMAZON_EU,2026-03-27 09:42:28 CET
PL,DELETE,not in master list,MY_20_30,B0FR9VMWYD,,65.4,0,Active,AMAZON_EU,2026-03-27 13:04:03 CET
PL,DELETE,not in master list,MY_3_15,B0FR9H1Q65,,18.84,0,Active,AMAZON_EU,2026-03-27 13:33:37 CET
PL,DELETE,not in master list,MY_5_30,B0FR9LDGX8,,29.3,0,Active,AMAZON_EU,2026-03-27 09:49:58 CET
PL,DELETE,not in master list,NL_20_30,B0FR9NG7LB,,79.9,0,Active,AMAZON_EU,2026-03-25 11:21:53 CET
PL,DELETE,not in master list,NL_3_15,B0FRB5GNM2,,18.84,0,Active,AMAZON_EU,2026-03-25 10:08:00 CET
PL,DELETE,not in master list,NL_5_30,B0FR9NHP7Q,,16.19,0,Active,AMAZON_EU,2026-03-27 13:08:54 CET
PL,DELETE,not in master list,PH_20_30,B0FRB4K2D4,,141.23,0,Active,AMAZON_EU,2026-03-27 10:41:27 CET
PL,DELETE,not in master list,PH_3_15,B0FRB1GVXK,,34.46,0,Active,AMAZON_EU,2026-03-27 14:20:11 CET
PL,DELETE,not in master list,PH_5_30,B0FRB4VCKG,,50.34,0,Active,AMAZON_EU,2026-03-27 11:44:43 CET
PL,DELETE,not in master list,PL_20_30,B0FRB5HSK7,,65.42,0,Active,AMAZON_EU,2026-03-25 10:00:48 CET
PL,DELETE,not in master list,PL_3_15,B0FRB4JVKR,,18.84,0,Active,AMAZON_EU,2026-03-27 09:29:24 CET
PL,DELETE,not in master list,PL_5_30,B0FRBDPQ9J,,10.97,0,Active,AMAZON_EU,2026-03-27 14:21:57 CET
PL,DELETE,not in master list,PT_20_30,B0FRB354KV,,80.21,0,Active,AMAZON_EU,2026-03-25 09:16:52 CET
PL,DELETE,not in master list,PT_3_15,B0FRB4314T,,18.84,0,Active,AMAZON_EU,2026-03-27 11:53:55 CET
PL,DELETE,not in master list,PT_5_30,B0FRB4X799,,16.14,0,Active,AMAZON_EU,2026-03-25 13:13:25 CET
PL,DELETE,not in master list,SG_20_30,B0FRB256K8,,70.59,0,Active,AMAZON_EU,2026-03-27 14:45:28 CET
PL,DELETE,not in master list,SG_3_30,B0FRB3KY59,,53.73,0,Inactive,AMAZON_EU,2026-03-27 11:52:08 CET
PL,DELETE,not in master list,SG_5_30,B0FR9X3Y3R,,34.59,0,Active,AMAZON_EU,2026-03-27 11:08:31 CET
PL,DELETE,not in master list,SN_3_15,B0FRB4HX92,,120.6,0,Active,AMAZON_EU,2026-03-25 12:36:34 CET
PL,DELETE,not in master list,SN_5_30,B0FRB68H77,,182.29,0,Active,AMAZON_EU,2026-03-25 13:15:26 CET
PL,DELETE,not in master list,TH_20_30,B0FRCHW3MW,,94.73,0,Inactive,AMAZON_EU,2026-03-25 10:02:38 CET
PL,DELETE,not in master list,TH_3_15,B0FRCDPJSH,,,0,Incomplete,AMAZON_EU,2026-03-25 06:26:28 CET
PL,DELETE,not in master list,TH_5_30,B0FR9Q5D1J,,35.25,0,Inactive,AMAZON_EU,2026-03-25 13:19:42 CET
PL,DELETE,not in master list,TN_10_30,B0FRB85GLD,,93.15,0,Inactive,AMAZON_EU,2026-03-25 14:54:14 CET
PL,DELETE,not in master list,TN_3_30,B0FRCKZKVY,,,0,Incomplete,AMAZON_EU,2026-03-25 06:13:21 CET
PL,DELETE,not in master list,TN_5_30,B0FRB7Q96Z,,55.57,0,Inactive,AMAZON_EU,2026-03-25 09:42:30 CET
PL,DELETE,not in master list,TR_20_30,B0FRCYMWCX,,,0,Incomplete,AMAZON_EU,2026-03-25 06:23:46 CET
PL,DELETE,not in master list,TR_3_15,B0FRC2PSHM,,,0,Incomplete,AMAZON_EU,2026-03-25 06:32:12 CET
PL,DELETE,not in master list,TR_5_30,B0FRCBZ1BB,,,0,Incomplete,AMAZON_EU,2026-03-25 06:19:17 CET
PL,DELETE,not in master list,TZ_3_15,B0FRC81NPJ,,109.04,0,Inactive,AMAZON_EU,2026-03-25 09:23:40 CET
PL,DELETE,not in master list,US_20_90,B0FRB9JP2K,,106.76,0,Inactive,AMAZON_EU,2026-03-25 09:24:23 CET
PL,DELETE,not in master list,US_3_15,B0FRCFXK3V,,32.83,0,Active,AMAZON_EU,2026-03-25 11:23:19 CET
PL,DELETE,not in master list,US_5_30,B0FRC2PQ8H,,18.83,0,Active,AMAZON_EU,2026-03-25 14:30:10 CET
PL,DELETE,not in master list,VN_20_30,B0FRC2NKC4,,,0,Incomplete,AMAZON_EU,2026-03-25 06:15:54 CET
PL,DELETE,not in master list,VN_3_15,B0FRBR2DHW,,,0,Incomplete,AMAZON_EU,2026-03-28 20:52:37 CET
PL,DELETE,not in master list,VN_5_30,B0FRCBXRGV,,,0,Incomplete,AMAZON_EU,2026-03-28 21:12:28 CET
PL,DELETE,not in master list,ZA_10_30,B0FRB4RSW2,,137.56,0,Inactive,AMAZON_EU,2026-03-25 10:49:11 CET
PL,DELETE,not in master list,ZA_5_30,B0FRB3R6F3,,70.59,0,Active,AMAZON_EU,2026-03-25 10:55:21 CET
PL,DELETE,not in master list,ZM_3_15,B0FRC2NSM2,,,0,Incomplete,AMAZON_EU,2026-03-28 19:35:00 CET
PL,DELETE,not in master list,ZM_5_30,B0FRCL97L4,,,0,Incomplete,AMAZON_EU,2026-03-28 20:41:40 CET
PL,KEEP,in master list,AALAND-ISLANDS-20GB-30D,B0FR39Q1KJ,,145.99,0,Active,AMAZON_EU,2026-06-30 22:45:00 CEST
PL,KEEP,in master list,AALAND-ISLANDS-3GB-15D,B0FR3CCSMB,,40.99,0,Active,AMAZON_EU,2026-06-30 22:38:37 CEST
PL,KEEP,in master list,AALAND-ISLANDS-5GB-30D,B0FR3G6JWB,,60.99,0,Active,AMAZON_EU,2026-06-30 22:41:53 CEST
PL,KEEP-PARENT,variation parent in Google Sheet,AALAND-ISLANDS-ESIM,B0H73KNW32,,,0,Incomplete,DEFAULT,2026-06-30 22:38:33 CEST
PL,KEEP,in master list,AFRICA-5GB-30D,B0FR3GK9Z7,,125.99,0,Inactive,AMAZON_EU,2026-06-30 22:48:31 CEST
PL,KEEP-PARENT,variation parent in Google Sheet,AFRICA-ESIM,B0H73MFPXN,,,0,Incomplete,DEFAULT,2026-06-30 22:48:27 CEST
PL,KEEP,in master list,ALBANIA-5GB-30D,B0FR4ZG3Z6,,45.99,0,Inactive,AMAZON_EU,2026-06-30 22:52:21 CEST
PL,KEEP-PARENT,variation parent in Google Sheet,ALBANIA-ESIM,B0H73KB7MB,,,0,Incomplete,DEFAULT,2026-06-30 22:52:18 CEST
PL,KEEP,in master list,ALGERIA-20GB-30D,B0H6M5TDMD,,115.99,0,Active,AMAZON_EU,2026-06-30 13:33:06 CEST
PL,KEEP,in master list,ALGERIA-3GB-15D,B0H6M9R3WH,,40.99,0,Inactive,AMAZON_EU,2026-06-30 13:25:19 CEST
PL,KEEP,in master list,ALGERIA-5GB-30D,B0H6MDYKG8,,50.99,0,Active,AMAZON_EU,2026-06-30 13:29:16 CEST
PL,KEEP-PARENT,variation parent in Google Sheet,ALGERIA-ESIM,B0H71WQ2K4,,,0,Incomplete,DEFAULT,2026-06-30 13:25:16 CEST
PL,KEEP,in master list,ANDORRA-20GB-30D,B0H6MJ97WC,,190.99,0,Active,AMAZON_EU,2026-06-30 13:44:27 CEST
PL,KEEP,in master list,ANDORRA-3GB-15D,B0H6MBPRYN,,65.99,0,Inactive,AMAZON_EU,2026-06-30 13:37:12 CEST
PL,KEEP,in master list,ANDORRA-5GB-30D,B0H6M5P65S,,70.99,0,Active,AMAZON_EU,2026-06-30 13:40:57 CEST
PL,KEEP-PARENT,variation parent in Google Sheet,ANDORRA-ESIM,B0H71ZR46N,,,0,Incomplete,DEFAULT,2026-06-30 13:37:09 CEST
PL,KEEP,in master list,ANGOLA-3GB-15D,B0H6M5RWZH,,150.99,0,Active,AMAZON_EU,2026-06-30 13:48:02 CEST
PL,KEEP,in master list,ANGOLA-5GB-30D,B0H6MKZSB4,,250.99,0,Active,AMAZON_EU,2026-06-30 14:29:45 CEST
PL,KEEP-PARENT,variation parent in Google Sheet,ANGOLA-ESIM,B0H725GRG2,,,0,Incomplete,DEFAULT,2026-06-30 13:47:58 CEST
PL,KEEP,in master list,ANGUILLA-20GB-30D,B0H6MHMZY8,,376.99,0,Active,AMAZON_EU,2026-06-30 14:31:53 CEST
PL,KEEP,in master list,ANGUILLA-3GB-15D,B0H6M7X7QY,,105.99,0,Active,AMAZON_EU,2026-06-30 14:30:51 CEST
PL,KEEP,in master list,ANGUILLA-5GB-30D,B0H6MFJ63H,,140.99,0,Active,AMAZON_EU,2026-06-30 14:31:22 CEST
PL,KEEP-PARENT,variation parent in Google Sheet,ANGUILLA-ESIM,B0H71TNSZY,,,0,Incomplete,DEFAULT,2026-06-30 14:30:48 CEST
PL,KEEP,in master list,ANTIGUA-AND-BARBUDA-20GB-30D,B0H6M2MQJB,,426.99,0,Active,AMAZON_EU,2026-06-30 14:40:17 CEST
PL,KEEP,in master list,ANTIGUA-AND-BARBUDA-3GB-15D,B0H6MBBFLQ,,115.99,0,Inactive,AMAZON_EU,2026-06-30 14:33:42 CEST
PL,KEEP,in master list,ANTIGUA-AND-BARBUDA-5GB-30D,B0H6MCR5F9,,150.99,0,Inactive,AMAZON_EU,2026-06-30 14:36:59 CEST
PL,KEEP-PARENT,variation parent in Google Sheet,ANTIGUA-AND-BARBUDA-ESIM,B0H725B732,,,0,Incomplete,DEFAULT,2026-06-30 14:33:38 CEST
PL,KEEP,in master list,ARGENTINA-20GB-30D,B0FR5DCH33,,160.99,0,Inactive,AMAZON_EU,2026-06-30 22:59:20 CEST
PL,KEEP,in master list,ARGENTINA-3GB-15D,B0FR554SXN,,55.99,0,Inactive,AMAZON_EU,2026-06-30 22:56:13 CEST
PL,KEEP-PARENT,variation parent in Google Sheet,ARGENTINA-ESIM,B0H7392X5T,,,0,Incomplete,DEFAULT,2026-06-30 22:56:10 CEST
PL,KEEP,in master list,ARMENIA-20GB-30D,B0FR4ZT5XT,,135.99,0,Inactive,AMAZON_EU,2026-06-30 23:05:58 CEST
PL,KEEP,in master list,ARMENIA-3GB-15D,B0FR5BK9R4,,40.99,0,Inactive,AMAZON_EU,2026-06-30 23:03:02 CEST
PL,KEEP-PARENT,variation parent in Google Sheet,ARMENIA-ESIM,B0H73MFC6N,,,0,Incomplete,DEFAULT,2026-06-30 23:02:58 CEST
PL,KEEP,in master list,ASIA-20-3GB-15D,B0FR9FZ4RF,,55.99,0,Inactive,AMAZON_EU,2026-06-30 23:10:01 CEST
PL,KEEP,in master list,ASIA-20-5GB-30D,B0FR9BQNSV,,60.99,0,Inactive,AMAZON_EU,2026-06-30 23:13:41 CEST
PL,KEEP-PARENT,variation parent in Google Sheet,ASIA-20-ESIM,B0H73GGR2Z,,,0,Incomplete,DEFAULT,2026-06-30 23:09:57 CEST
PL,KEEP,in master list,AUSTRALIA-20GB-30D,B0FR9G1ZQJ,,65.99,0,Active,AMAZON_EU,2026-06-30 23:25:17 CEST
PL,KEEP,in master list,AUSTRALIA-3GB-15D,B0FR9SKY4D,,35.99,0,Active,AMAZON_EU,2026-06-30 23:17:56 CEST
PL,KEEP,in master list,AUSTRALIA-5GB-30D,B0FR9JRB62,,40.99,0,Active,AMAZON_EU,2026-06-30 23:21:37 CEST
PL,KEEP-PARENT,variation parent in Google Sheet,AUSTRALIA-ESIM,B0H72W6V2C,,,0,Incomplete,DEFAULT,2026-06-30 23:17:53 CEST
PL,KEEP,in master list,AUSTRIA-20GB-30D,B0FR8XBSBP,,65.99,0,Active,AMAZON_EU,2026-06-30 23:35:03 CEST
PL,KEEP,in master list,AUSTRIA-3GB-15D,B0FR9QSMSP,,35.99,0,Inactive,AMAZON_EU,2026-06-30 23:28:48 CEST
PL,KEEP,in master list,AUSTRIA-5GB-30D,B0FR8XCH78,,40.99,0,Active,AMAZON_EU,2026-06-30 23:31:35 CEST
PL,KEEP-PARENT,variation parent in Google Sheet,AUSTRIA-ESIM,B0H73FFSZH,,,0,Incomplete,DEFAULT,2026-06-30 23:28:45 CEST
PL,KEEP,in master list,AZERBAIJAN-3GB-15D,B0FR9BTC98,,55.99,0,Inactive,AMAZON_EU,2026-06-30 23:38:56 CEST
PL,KEEP-PARENT,variation parent in Google Sheet,AZERBAIJAN-ESIM,B0H7371RWL,,,0,Incomplete,DEFAULT,2026-06-30 23:38:52 CEST
PL,KEEP,in master list,BAHAMAS-20GB-30D,B0H6MCPR9P,,521.99,0,Active,AMAZON_EU,2026-06-30 14:50:23 CEST
PL,KEEP,in master list,BAHAMAS-3GB-15D,B0H6MB828R,,140.99,0,Inactive,AMAZON_EU,2026-06-30 14:43:59 CEST
PL,KEEP,in master list,BAHAMAS-5GB-30D,B0H6MFGH8P,,185.99,0,Active,AMAZON_EU,2026-06-30 14:47:06 CEST
PL,KEEP-PARENT,variation parent in Google Sheet,BAHAMAS-ESIM,B0H729HHF7,,,0,Incomplete,DEFAULT,2026-06-30 14:43:55 CEST
PL,KEEP,in master list,BAHRAIN-3GB-15D,B0FR9K64KF,,45.99,0,Inactive,AMAZON_EU,2026-06-30 23:42:48 CEST
PL,KEEP-PARENT,variation parent in Google Sheet,BAHRAIN-ESIM,B0H73TCCPY,,,0,Incomplete,DEFAULT,2026-06-30 23:42:45 CEST
PL,KEEP,in master list,BANGLADESH-20GB-30D,B0FR8FJ3HJ,,100.99,0,Active,AMAZON_EU,2026-06-30 23:52:34 CEST
PL,KEEP,in master list,BANGLADESH-3GB-15D,B0FR9L7SG3,,40.99,0,Inactive,AMAZON_EU,2026-06-30 23:46:40 CEST
PL,KEEP,in master list,BANGLADESH-5GB-30D,B0FR9BQFCM,,45.99,0,Active,AMAZON_EU,2026-06-30 23:50:08 CEST
PL,KEEP-PARENT,variation parent in Google Sheet,BANGLADESH-ESIM,B0H73FKWFQ,,,0,Incomplete,DEFAULT,2026-06-30 23:46:37 CEST
PL,KEEP,in master list,BARBADOS-20GB-30D,B0H6MJ921X,,366.99,0,Active,AMAZON_EU,2026-06-30 15:00:39 CEST
PL,KEEP,in master list,BARBADOS-3GB-15D,B0H6MCD72X,,100.99,0,Inactive,AMAZON_EU,2026-06-30 14:54:26 CEST
PL,KEEP,in master list,BARBADOS-5GB-30D,B0H6MG6VYJ,,135.99,0,Active,AMAZON_EU,2026-06-30 14:57:43 CEST
PL,KEEP-PARENT,variation parent in Google Sheet,BARBADOS-ESIM,B0H72D584L,,,0,Incomplete,DEFAULT,2026-06-30 14:54:23 CEST
PL,KEEP,in master list,BELARUS-3GB-15D,B0FR9G3Z82,,40.99,0,Inactive,AMAZON_EU,2026-06-30 23:55:55 CEST
PL,KEEP,in master list,BELARUS-5GB-30D,B0FR8FFT4D,,50.99,0,Active,AMAZON_EU,2026-06-30 23:58:40 CEST
PL,KEEP-PARENT,variation parent in Google Sheet,BELARUS-ESIM,B0H72W689T,,,0,Incomplete,DEFAULT,2026-06-30 23:55:51 CEST
PL,KEEP,in master list,BELGIUM-20GB-30D,B0FR9BVRCH,,65.99,0,Active,AMAZON_EU,2026-07-01 00:10:17 CEST
PL,KEEP,in master list,BELGIUM-3GB-15D,B0FR9G432K,,35.99,0,Active,AMAZON_EU,2026-07-01 00:02:55 CEST
PL,KEEP,in master list,BELGIUM-5GB-30D,B0FR9SXCW6,,40.99,0,Active,AMAZON_EU,2026-07-01 00:06:36 CEST
PL,KEEP-PARENT,variation parent in Google Sheet,BELGIUM-ESIM,B0H72VLBPQ,,,0,Incomplete,DEFAULT,2026-07-01 00:02:52 CEST
PL,KEEP,in master list,BELIZE-20GB-30D,B0H6MBSQM8,,627.99,0,Active,AMAZON_EU,2026-06-30 15:11:07 CEST
PL,KEEP,in master list,BELIZE-3GB-15D,B0H6MFPNTX,,140.99,0,Active,AMAZON_EU,2026-06-30 15:04:33 CEST
PL,KEEP,in master list,BELIZE-5GB-30D,B0H6MF1H4V,,230.99,0,Active,AMAZON_EU,2026-06-30 15:07:50 CEST
PL,KEEP-PARENT,variation parent in Google Sheet,BELIZE-ESIM,B0H729T3ZY,,,0,Incomplete,DEFAULT,2026-06-30 15:04:29 CEST
PL,KEEP,in master list,BENIN-20GB-30D,B0H6M7VGSZ,,331.99,0,Active,AMAZON_EU,2026-06-30 15:20:48 CEST
PL,KEEP,in master list,BENIN-3GB-15D,B0H6M9YHDR,,80.99,0,Active,AMAZON_EU,2026-06-30 15:14:50 CEST
PL,KEEP,in master list,BENIN-5GB-30D,B0H6MHRNBH,,135.99,0,Active,AMAZON_EU,2026-06-30 15:17:47 CEST
PL,KEEP-PARENT,variation parent in Google Sheet,BENIN-ESIM,B0H7227GF3,,,0,Incomplete,DEFAULT,2026-06-30 15:14:46 CEST
PL,KEEP,in master list,BERMUDA-20GB-30D,B0H6MCGQ77,,436.99,0,Active,AMAZON_EU,2026-06-30 15:31:35 CEST
PL,KEEP,in master list,BERMUDA-3GB-15D,B0H6MDMTGH,,110.99,0,Active,AMAZON_EU,2026-06-30 15:24:50 CEST
PL,KEEP,in master list,BERMUDA-5GB-30D,B0H6MFM5X4,,145.99,0,Active,AMAZON_EU,2026-06-30 15:28:08 CEST
PL,KEEP-PARENT,variation parent in Google Sheet,BERMUDA-ESIM,B0H72FS2RS,,,0,Incomplete,DEFAULT,2026-06-30 15:24:47 CEST
PL,KEEP,in master list,BHUTAN-20GB-30D,B0H6M5WDSH,,250.99,0,Active,AMAZON_EU,2026-06-30 15:42:33 CEST
PL,KEEP,in master list,BHUTAN-3GB-15D,B0H6MJB588,,75.99,0,Inactive,AMAZON_EU,2026-06-30 15:35:48 CEST
PL,KEEP,in master list,BHUTAN-5GB-30D,B0H6M9C23Q,,85.99,0,Active,AMAZON_EU,2026-06-30 15:39:16 CEST
PL,KEEP-PARENT,variation parent in Google Sheet,BHUTAN-ESIM,B0H724JX88,,,0,Incomplete,DEFAULT,2026-06-30 15:35:44 CEST
PL,KEEP,in master list,BOLIVIA-20GB-30D,B0FR9RH588,,386.99,0,Inactive,AMAZON_EU,2026-07-01 00:16:44 CEST
PL,KEEP,in master list,BOLIVIA-3GB-15D,B0FR8FKPKH,,105.99,0,Inactive,AMAZON_EU,2026-07-01 00:13:58 CEST
PL,KEEP-PARENT,variation parent in Google Sheet,BOLIVIA-ESIM,B0H72WLS5Q,,,0,Incomplete,DEFAULT,2026-07-01 00:13:54 CEST
PL,KEEP,in master list,BOSNIA-AND-HERZEGOVINA-3GB-15D,B0FR9G8ZVK,,9.99,0,Active,AMAZON_EU,2026-07-01 00:20:15 CEST
PL,KEEP-PARENT,variation parent in Google Sheet,BOSNIA-AND-HERZEGOVINA-ESIM,B0H73QBW4F,,,0,Incomplete,DEFAULT,2026-07-01 00:20:12 CEST
PL,KEEP,in master list,BOTSWANA-3GB-15D,B0FR9G7N2Q,,100.99,0,Active,AMAZON_EU,2026-07-01 00:23:46 CEST
PL,KEEP-PARENT,variation parent in Google Sheet,BOTSWANA-ESIM,B0H73DTCP2,,,0,Incomplete,DEFAULT,2026-07-01 00:23:42 CEST
PL,KEEP,in master list,BRAZIL-20GB-30D,B0FR9KLZCR,,145.99,0,Inactive,AMAZON_EU,2026-07-01 00:30:03 CEST
PL,KEEP,in master list,BRAZIL-3GB-15D,B0FR9G5LKV,,45.99,0,Inactive,AMAZON_EU,2026-07-01 00:27:17 CEST
PL,KEEP-PARENT,variation parent in Google Sheet,BRAZIL-ESIM,B0H737HWLN,,,0,Incomplete,DEFAULT,2026-07-01 00:27:14 CEST
PL,KEEP,in master list,BRUNEI-DARUSSALAM-20GB-30D,B0FR9F971C,,285.99,0,Inactive,AMAZON_EU,2026-07-01 00:35:49 CEST
PL,KEEP,in master list,BRUNEI-DARUSSALAM-3GB-15D,B0FR9KTJND,,60.99,0,Inactive,AMAZON_EU,2026-07-01 00:33:23 CEST
PL,KEEP-PARENT,variation parent in Google Sheet,BRUNEI-DARUSSALAM-ESIM,B0H72VVVZG,,,0,Incomplete,DEFAULT,2026-07-01 00:33:20 CEST
PL,KEEP,in master list,BULGARIA-3GB-15D,B0H6MCT4Y5,,6.99,0,Active,AMAZON_EU,2026-06-30 13:13:26 CEST
PL,KEEP-PARENT,variation parent in Google Sheet,BULGARIA-ESIM,B0H71V963F,,,0,Incomplete,DEFAULT,2026-06-30 13:13:22 CEST
PL,KEEP,in master list,BURKINA-FASO-3GB-15D,B0FR9HWFSK,,55.99,0,Active,AMAZON_EU,2026-07-01 00:39:30 CEST
PL,KEEP,in master list,BURKINA-FASO-5GB-30D,B0FR9BWKSY,,125.99,0,Active,AMAZON_EU,2026-07-01 00:42:26 CEST
PL,KEEP-PARENT,variation parent in Google Sheet,BURKINA-FASO-ESIM,B0H73DBD8M,,,0,Incomplete,DEFAULT,2026-07-01 00:39:27 CEST
PL,KEEP,in master list,CAMBODIA-20GB-30D,B0FR9GFJPL,,115.99,0,Inactive,AMAZON_EU,2026-07-01 01:25:46 CEST
PL,KEEP,in master list,CAMBODIA-3GB-15D,B0FR8XKMJ4,,40.99,0,Inactive,AMAZON_EU,2026-07-01 01:22:29 CEST
PL,KEEP-PARENT,variation parent in Google Sheet,CAMBODIA-ESIM,B0H73HT26D,,,0,Incomplete,DEFAULT,2026-07-01 01:22:26 CEST
PL,KEEP,in master list,CAMEROON-3GB-15D,B0FR9VJ1ZB,,90.99,0,Inactive,AMAZON_EU,2026-07-01 00:46:06 CEST
PL,KEEP-PARENT,variation parent in Google Sheet,CAMEROON-ESIM,B0H73MDZVV,,,0,Incomplete,DEFAULT,2026-07-01 00:46:03 CEST
PL,KEEP,in master list,CANADA-PREMIUM-20GB-30D,B0H6MJ9N4Y,,125.99,0,Active,AMAZON_EU,2026-06-30 22:34:45 CEST
PL,KEEP,in master list,CANADA-PREMIUM-3GB-15D,B0H6MJ1HMJ,,45.99,0,Inactive,AMAZON_EU,2026-06-30 22:28:52 CEST
PL,KEEP,in master list,CANADA-PREMIUM-5GB-30D,B0H6MPXGBN,,65.99,0,Active,AMAZON_EU,2026-06-30 22:31:59 CEST
PL,KEEP-PARENT,variation parent in Google Sheet,CANADA-PREMIUM-ESIM,B0H738XJ3Y,,,0,Incomplete,DEFAULT,2026-06-30 22:28:48 CEST
PL,KEEP,in master list,CAPE-VERDE-20GB-30D,B0H6M9VSPG,,702.99,0,Inactive,AMAZON_EU,2026-06-30 15:53:31 CEST
PL,KEEP,in master list,CAPE-VERDE-3GB-15D,B0H6M9R16H,,140.99,0,Inactive,AMAZON_EU,2026-06-30 15:46:36 CEST
PL,KEEP,in master list,CAPE-VERDE-5GB-30D,B0H6MFG453,,235.99,0,Inactive,AMAZON_EU,2026-06-30 15:49:54 CEST
PL,KEEP-PARENT,variation parent in Google Sheet,CAPE-VERDE-ESIM,B0H72FRLKC,,,0,Incomplete,DEFAULT,2026-06-30 15:46:32 CEST
PL,KEEP,in master list,CAYMAN-ISLANDS-20GB-30D,B0H6MGXYNS,,411.99,0,Active,AMAZON_EU,2026-06-30 16:03:17 CEST
PL,KEEP,in master list,CAYMAN-ISLANDS-3GB-15D,B0H6MLHBD7,,115.99,0,Active,AMAZON_EU,2026-06-30 15:57:03 CEST
PL,KEEP,in master list,CAYMAN-ISLANDS-5GB-30D,B0H6M55MKK,,150.99,0,Active,AMAZON_EU,2026-06-30 16:00:21 CEST
PL,KEEP-PARENT,variation parent in Google Sheet,CAYMAN-ISLANDS-ESIM,B0H725W8Z8,,,0,Incomplete,DEFAULT,2026-06-30 15:57:00 CEST
PL,KEEP,in master list,CENTRAL-AFRICAN-REPUBLIC-3GB-15D,B0FR9RK8FP,,90.99,0,Inactive,AMAZON_EU,2026-07-01 00:50:07 CEST
PL,KEEP,in master list,CENTRAL-AFRICAN-REPUBLIC-5GB-30D,B0FR9R3NMC,,145.99,0,Active,AMAZON_EU,2026-07-01 00:52:43 CEST
PL,KEEP-PARENT,variation parent in Google Sheet,CENTRAL-AFRICAN-REPUBLIC-ESIM,B0H73G1NXP,,,0,Incomplete,DEFAULT,2026-07-01 00:50:04 CEST
PL,KEEP,in master list,CHAD-3GB-15D,B0FR9SG4MK,,75.99,0,Active,AMAZON_EU,2026-07-01 00:56:24 CEST
PL,KEEP,in master list,CHAD-5GB-30D,B0FR9L414C,,120.99,0,Active,AMAZON_EU,2026-07-01 00:59:20 CEST
PL,KEEP-PARENT,variation parent in Google Sheet,CHAD-ESIM,B0H72VTN6Q,,,0,Incomplete,DEFAULT,2026-07-01 00:56:20 CEST
PL,KEEP,in master list,CHILE-3GB-15D,B0FR9RY1RT,,60.99,0,Inactive,AMAZON_EU,2026-07-01 01:03:12 CEST
PL,KEEP-PARENT,variation parent in Google Sheet,CHILE-ESIM,B0H73JF4DH,,,0,Incomplete,DEFAULT,2026-07-01 01:03:09 CEST
PL,KEEP,in master list,CHINA-20GB-30D,B0FR9GD6X9,,80.99,0,Inactive,AMAZON_EU,2026-07-01 01:14:46 CEST
PL,KEEP,in master list,CHINA-3GB-15D,B0FR9QZ578,,35.99,0,Inactive,AMAZON_EU,2026-07-01 01:07:27 CEST
PL,KEEP,in master list,CHINA-5GB-30D,B0FR9HX7XH,,40.99,0,Active,AMAZON_EU,2026-07-01 01:11:07 CEST
PL,KEEP-PARENT,variation parent in Google Sheet,CHINA-ESIM,B0H73LYN8W,,,0,Incomplete,DEFAULT,2026-07-01 01:07:24 CEST
PL,KEEP,in master list,COLOMBIA-3GB-15D,B0FR9RL8W5,,60.99,0,Inactive,AMAZON_EU,2026-07-01 01:18:48 CEST
PL,KEEP-PARENT,variation parent in Google Sheet,COLOMBIA-ESIM,B0H73KK7F4,,,0,Incomplete,DEFAULT,2026-07-01 01:18:45 CEST
PL,KEEP,in master list,COSTA-RICA-3GB-15D,B0FR9LNRMN,,65.99,0,Inactive,AMAZON_EU,2026-07-01 01:29:07 CEST
PL,KEEP-PARENT,variation parent in Google Sheet,COSTA-RICA-ESIM,B0H7378Q4K,,,0,Incomplete,DEFAULT,2026-07-01 01:29:03 CEST
PL,KEEP,in master list,COTE-D-IVOIRE-3GB-15D,B0FR9HW9DJ,,105.99,0,Active,AMAZON_EU,2026-07-01 01:32:58 CEST
PL,KEEP,in master list,COTE-D-IVOIRE-5GB-30D,B0FR9V5LYJ,,135.99,0,Active,AMAZON_EU,2026-07-01 01:36:35 CEST
PL,KEEP-PARENT,variation parent in Google Sheet,COTE-D-IVOIRE-ESIM,B0H72W7K93,,,0,Incomplete,DEFAULT,2026-07-01 01:32:54 CEST
PL,KEEP,in master list,CROATIA-20GB-30D,B0FR9TYCSL,,75.99,0,Inactive,AMAZON_EU,2026-07-01 01:45:59 CEST
PL,KEEP,in master list,CROATIA-3GB-15D,B0FR9GDKT1,,35.99,0,Inactive,AMAZON_EU,2026-07-01 01:40:38 CEST
PL,KEEP,in master list,CROATIA-5GB-30D,B0FR9BVV58,,40.99,0,Inactive,AMAZON_EU,2026-07-01 01:43:03 CEST
PL,KEEP-PARENT,variation parent in Google Sheet,CROATIA-ESIM,B0H73DZG1K,,,0,Incomplete,DEFAULT,2026-07-01 01:40:34 CEST
PL,KEEP,in master list,CURACAO-20GB-30D,B0H6MF51WH,,341.99,0,Active,AMAZON_EU,2026-06-30 16:13:55 CEST
PL,KEEP,in master list,CURACAO-3GB-15D,B0H6M81JPM,,95.99,0,Inactive,AMAZON_EU,2026-06-30 16:07:32 CEST
PL,KEEP,in master list,CURACAO-5GB-30D,B0H6MGZLBC,,125.99,0,Inactive,AMAZON_EU,2026-06-30 16:10:28 CEST
PL,KEEP-PARENT,variation parent in Google Sheet,CURACAO-ESIM,B0H722HXCK,,,0,Incomplete,DEFAULT,2026-06-30 16:07:28 CEST
PL,KEEP,in master list,CYPRUS-3GB-15D,B0FR8XJWWG,,35.99,0,Inactive,AMAZON_EU,2026-07-01 01:49:19 CEST
PL,KEEP,in master list,CYPRUS-5GB-30D,B0FR8XHWZV,,40.99,0,Active,AMAZON_EU,2026-07-01 01:52:36 CEST
PL,KEEP-PARENT,variation parent in Google Sheet,CYPRUS-ESIM,B0H73K7TDV,,,0,Incomplete,DEFAULT,2026-07-01 01:49:16 CEST
PL,KEEP,in master list,CZECH-REPUBLIC-20GB-30D,B0FR9SVN9H,,75.99,0,Active,AMAZON_EU,2026-07-01 02:02:10 CEST
PL,KEEP,in master list,CZECH-REPUBLIC-3GB-15D,B0FR9SB2Q3,,35.99,0,Inactive,AMAZON_EU,2026-07-01 01:56:28 CEST
PL,KEEP,in master list,CZECH-REPUBLIC-5GB-30D,B0FR9BY2LF,,40.99,0,Inactive,AMAZON_EU,2026-07-01 01:59:34 CEST
PL,KEEP-PARENT,variation parent in Google Sheet,CZECH-REPUBLIC-ESIM,B0H73BVP6L,,,0,Incomplete,DEFAULT,2026-07-01 01:56:24 CEST
PL,KEEP,in master list,DEMOCRATIC-REPUBLIC-OF-THE-CONGO-3GB-15D,B0H6LZL22Y,,60.99,0,Inactive,AMAZON_EU,2026-06-30 16:17:38 CEST
PL,KEEP,in master list,DEMOCRATIC-REPUBLIC-OF-THE-CONGO-5GB-30D,B0H6M6L8Z8,,95.99,0,Active,AMAZON_EU,2026-06-30 16:20:55 CEST
PL,KEEP-PARENT,variation parent in Google Sheet,DEMOCRATIC-REPUBLIC-OF-THE-CONGO-ESIM,B0H72CWBP6,,,0,Incomplete,DEFAULT,2026-06-30 16:17:34 CEST
PL,KEEP,in master list,DENMARK-20GB-30D,B0FR9QPF45,,65.99,0,Active,AMAZON_EU,2026-07-01 02:12:15 CEST
PL,KEEP,in master list,DENMARK-3GB-15D,B0FR9GSNP4,,35.99,0,Inactive,AMAZON_EU,2026-07-01 02:06:12 CEST
PL,KEEP,in master list,DENMARK-5GB-30D,B0FR8XQYR4,,40.99,0,Active,AMAZON_EU,2026-07-01 02:09:19 CEST
PL,KEEP-PARENT,variation parent in Google Sheet,DENMARK-ESIM,B0H73CLPNV,,,0,Incomplete,DEFAULT,2026-07-01 02:06:09 CEST
PL,KEEP,in master list,DOMINICA-20GB-30D,B0H6MK8XTJ,,376.99,0,Active,AMAZON_EU,2026-06-30 16:34:33 CEST
PL,KEEP,in master list,DOMINICA-3GB-15D,B0H6M9H54M,,105.99,0,Inactive,AMAZON_EU,2026-06-30 16:28:20 CEST
PL,KEEP,in master list,DOMINICA-5GB-30D,B0H6M5HR32,,140.99,0,Active,AMAZON_EU,2026-06-30 16:31:17 CEST
PL,KEEP-PARENT,variation parent in Google Sheet,DOMINICA-ESIM,B0H72D9162,,,0,Incomplete,DEFAULT,2026-06-30 16:28:16 CEST
PL,KEEP,in master list,DOMINICAN-REPUBLIC-20GB-30D,B0FR9C6DJF,,170.99,0,Inactive,AMAZON_EU,2026-07-01 02:21:17 CEST
PL,KEEP,in master list,DOMINICAN-REPUBLIC-3GB-15D,B0FR9GSKZF,,55.99,0,Inactive,AMAZON_EU,2026-07-01 02:15:46 CEST
PL,KEEP,in master list,DOMINICAN-REPUBLIC-5GB-30D,B0FR9GQKCM,,65.99,0,Inactive,AMAZON_EU,2026-07-01 02:18:31 CEST
PL,KEEP-PARENT,variation parent in Google Sheet,DOMINICAN-REPUBLIC-ESIM,B0H73GN6J9,,,0,Incomplete,DEFAULT,2026-07-01 02:15:42 CEST
PL,KEEP-PARENT,variation parent in Google Sheet,DR-CONGO-ESIM,B0H728J43H,,,0,Incomplete,DEFAULT,2026-06-30 16:24:34 CEST
PL,KEEP,in master list,DRC-20GB-30D,B0H6MZWFM7,,255.99,0,Inactive,AMAZON_EU,2026-06-30 16:24:37 CEST
PL,KEEP,in master list,ECUADOR-3GB-15D,B0FR9RM6MP,,60.99,0,Inactive,AMAZON_EU,2026-07-01 02:24:47 CEST
PL,KEEP-PARENT,variation parent in Google Sheet,ECUADOR-ESIM,B0H73GX769,,,0,Incomplete,DEFAULT,2026-07-01 02:24:44 CEST
PL,KEEP,in master list,EGYPT-20GB-30D,B0FR9GQBGL,,125.99,0,Active,AMAZON_EU,2026-07-01 02:34:57 CEST
PL,KEEP,in master list,EGYPT-3GB-15D,B0FR9C784N,,45.99,0,Active,AMAZON_EU,2026-07-01 02:29:02 CEST
PL,KEEP,in master list,EGYPT-5GB-30D,B0FR9LR5KJ,,65.99,0,Inactive,AMAZON_EU,2026-07-01 02:31:28 CEST
PL,KEEP-PARENT,variation parent in Google Sheet,EGYPT-ESIM,B0H72WKB96,,,0,Incomplete,DEFAULT,2026-07-01 02:28:59 CEST
PL,KEEP,in master list,EL-SALVADOR-3GB-15D,B0FR9LJ7X4,,75.99,0,Inactive,AMAZON_EU,2026-07-01 02:38:28 CEST
PL,KEEP-PARENT,variation parent in Google Sheet,EL-SALVADOR-ESIM,B0H73KK92K,,,0,Incomplete,DEFAULT,2026-07-01 02:38:25 CEST
PL,KEEP,in master list,ESTONIA-20GB-30D,B0FR9L527N,,65.99,0,Active,AMAZON_EU,2026-07-01 02:47:20 CEST
PL,KEEP,in master list,ESTONIA-3GB-15D,B0FR9GST1S,,35.99,0,Inactive,AMAZON_EU,2026-07-01 02:42:11 CEST
PL,KEEP,in master list,ESTONIA-5GB-30D,B0FR9GQYKB,,40.99,0,Active,AMAZON_EU,2026-07-01 02:44:45 CEST
PL,KEEP-PARENT,variation parent in Google Sheet,ESTONIA-ESIM,B0H73M43X5,,,0,Incomplete,DEFAULT,2026-07-01 02:42:07 CEST
PL,KEEP,in master list,EUROPE-40-AREAS-20GB-30D,B0FR9TNPV3,,85.99,0,Inactive,AMAZON_EU,2026-07-01 02:53:50 CEST
PL,KEEP,in master list,EUROPE-40-AREAS-5GB-30D,B0FR9RYSSS,,40.99,0,Active,AMAZON_EU,2026-07-01 02:50:52 CEST
PL,KEEP-PARENT,variation parent in Google Sheet,EUROPE-40-AREAS-ESIM,B0H735R4Q4,,,0,Incomplete,DEFAULT,2026-07-01 02:50:49 CEST
PL,KEEP,in master list,FAROE-ISLANDS-20GB-30D,B0H6MB82ZV,,125.99,0,Active,AMAZON_EU,2026-06-30 16:44:11 CEST
PL,KEEP,in master list,FAROE-ISLANDS-3GB-15D,B0H6ML935Q,,40.99,0,Inactive,AMAZON_EU,2026-06-30 16:38:06 CEST
PL,KEEP,in master list,FAROE-ISLANDS-5GB-30D,B0H6MF2TVH,,50.99,0,Inactive,AMAZON_EU,2026-06-30 16:41:23 CEST
PL,KEEP-PARENT,variation parent in Google Sheet,FAROE-ISLANDS-ESIM,B0H727P9Y1,,,0,Incomplete,DEFAULT,2026-06-30 16:38:03 CEST
PL,KEEP,in master list,FIJI-20GB-30D,B0H6MGBL3N,,175.99,0,Active,AMAZON_EU,2026-06-30 16:53:14 CEST
PL,KEEP,in master list,FIJI-3GB-15D,B0H6MFLWYD,,55.99,0,Inactive,AMAZON_EU,2026-06-30 16:47:42 CEST
PL,KEEP,in master list,FIJI-5GB-30D,B0H6MJ7GS6,,60.99,0,Active,AMAZON_EU,2026-06-30 16:50:29 CEST
PL,KEEP-PARENT,variation parent in Google Sheet,FIJI-ESIM,B0H72LP36M,,,0,Incomplete,DEFAULT,2026-06-30 16:47:38 CEST
PL,KEEP,in master list,FINLAND-3GB-15D,B0FR9GSND6,,35.99,0,Inactive,AMAZON_EU,2026-07-01 02:57:31 CEST
PL,KEEP,in master list,FINLAND-5GB-30D,B0FR9SB3BJ,,40.99,0,Inactive,AMAZON_EU,2026-07-01 03:00:37 CEST
PL,KEEP-PARENT,variation parent in Google Sheet,FINLAND-ESIM,B0H73KJZWT,,,0,Incomplete,DEFAULT,2026-07-01 02:57:27 CEST
PL,KEEP,in master list,FRANCE-20GB-30D,B0FR9GPMC5,,65.99,0,Active,AMAZON_EU,2026-07-01 03:12:12 CEST
PL,KEEP,in master list,FRANCE-3GB-15D,B0FR9C5ZB6,,35.99,0,Active,AMAZON_EU,2026-07-01 03:04:52 CEST
PL,KEEP,in master list,FRANCE-5GB-30D,B0FR9LMDW5,,40.99,0,Active,AMAZON_EU,2026-07-01 03:08:32 CEST
PL,KEEP-PARENT,variation parent in Google Sheet,FRANCE-ESIM,B0H737LTVJ,,,0,Incomplete,DEFAULT,2026-07-01 03:04:49 CEST
PL,KEEP,in master list,FRENCH-GUIANA-20GB-30D,B0H6MDNXJJ,,75.99,0,Inactive,AMAZON_EU,2026-06-30 17:02:51 CEST
PL,KEEP,in master list,FRENCH-GUIANA-3GB-15D,B0H6MFD6Z3,,35.99,0,Inactive,AMAZON_EU,2026-06-30 16:56:48 CEST
PL,KEEP,in master list,FRENCH-GUIANA-5GB-30D,B0H6MGC352,,40.99,0,Inactive,AMAZON_EU,2026-06-30 16:59:54 CEST
PL,KEEP-PARENT,variation parent in Google Sheet,FRENCH-GUIANA-ESIM,B0H7261BBC,,,0,Incomplete,DEFAULT,2026-06-30 16:56:44 CEST
PL,KEEP,in master list,FRENCH-POLYNESIA-20GB-30D,B0H6M59GH9,,1043.99,0,Active,AMAZON_EU,2026-06-30 17:12:47 CEST
PL,KEEP,in master list,FRENCH-POLYNESIA-3GB-15D,B0H6MF6GHP,,205.99,0,Inactive,AMAZON_EU,2026-06-30 17:06:13 CEST
PL,KEEP,in master list,FRENCH-POLYNESIA-5GB-30D,B0H6MD2GXY,,285.99,0,Inactive,AMAZON_EU,2026-06-30 17:09:19 CEST
PL,KEEP-PARENT,variation parent in Google Sheet,FRENCH-POLYNESIA-ESIM,B0H72G2YV6,,,0,Incomplete,DEFAULT,2026-06-30 17:06:10 CEST
PL,KEEP,in master list,GABON-3GB-15D,B0FR9GPX9T,,75.99,0,Active,AMAZON_EU,2026-07-01 03:15:43 CEST
PL,KEEP-PARENT,variation parent in Google Sheet,GABON-ESIM,B0H735WVH8,,,0,Incomplete,DEFAULT,2026-07-01 03:15:40 CEST
PL,KEEP,in master list,GAMBIA-3GB-15D,B0H2FTMBBQ,,150.99,0,Inactive,AMAZON_EU,2026-07-01 16:15:03 CEST
PL,KEEP,in master list,GAMBIA-5GB-30D,B0H2FQ3QJ9,,245.99,0,Active,AMAZON_EU,2026-07-01 16:18:44 CEST
PL,KEEP-PARENT,variation parent in Google Sheet,GAMBIA-ESIM,B0H7652BJX,,,0,Incomplete,DEFAULT,2026-07-01 16:15:00 CEST
PL,KEEP,in master list,GEORGIA-20GB-30D,B0FR9C73NK,,110.99,0,Inactive,AMAZON_EU,2026-07-01 03:22:30 CEST
PL,KEEP,in master list,GEORGIA-3GB-15D,B0FR9KMX2N,,40.99,0,Inactive,AMAZON_EU,2026-07-01 03:19:24 CEST
PL,KEEP-PARENT,variation parent in Google Sheet,GEORGIA-ESIM,B0H735VXF2,,,0,Incomplete,DEFAULT,2026-07-01 03:19:21 CEST
PL,KEEP,in master list,GERMANY-20GB-30D,B0GSZP9H94,,65.99,0,Inactive,AMAZON_EU,2026-07-01 03:34:04 CEST
PL,KEEP,in master list,GERMANY-3GB-15D,B0GSZBMLKV,,35.99,0,Inactive,AMAZON_EU,2026-07-01 03:26:45 CEST
PL,KEEP,in master list,GERMANY-5GB-30D,B0GSZDYWLZ,,40.99,0,Inactive,AMAZON_EU,2026-07-01 03:30:25 CEST
PL,KEEP-PARENT,variation parent in Google Sheet,GERMANY-ESIM,B0H737PZS3,,,0,Incomplete,DEFAULT,2026-07-01 03:26:40 CEST
PL,KEEP,in master list,GHANA-20GB-30D,B0H6M9CG3G,,175.99,0,Inactive,AMAZON_EU,2026-06-30 17:22:31 CEST
PL,KEEP,in master list,GHANA-3GB-15D,B0H6M7CH6H,,55.99,0,Inactive,AMAZON_EU,2026-06-30 17:16:28 CEST
PL,KEEP,in master list,GHANA-5GB-30D,B0H6MD48NZ,,60.99,0,Inactive,AMAZON_EU,2026-06-30 17:19:14 CEST
PL,KEEP-PARENT,variation parent in Google Sheet,GHANA-ESIM,B0H7278QSX,,,0,Incomplete,DEFAULT,2026-06-30 17:16:25 CEST
PL,KEEP,in master list,GIBRALTAR-3GB-15D,B0FR8XSPMC,,35.99,0,Active,AMAZON_EU,2026-07-01 03:37:34 CEST
PL,KEEP-PARENT,variation parent in Google Sheet,GIBRALTAR-ESIM,B0H73MJL15,,,0,Incomplete,DEFAULT,2026-07-01 03:37:31 CEST
PL,KEEP,in master list,GLOBAL139-5GB-30D,B0FR9VNTLY,,180.99,0,Inactive,AMAZON_EU,2026-07-01 03:41:27 CEST
PL,KEEP-PARENT,variation parent in Google Sheet,GLOBAL139-ESIM,B0H73BJRZ5,,,0,Incomplete,DEFAULT,2026-07-01 03:41:24 CEST
PL,KEEP,in master list,GREECE-20GB-30D,B0FR9KJGBG,,75.99,0,Active,AMAZON_EU,2026-07-01 03:53:04 CEST
PL,KEEP,in master list,GREECE-3GB-15D,B0FR9L85F6,,35.99,0,Active,AMAZON_EU,2026-07-01 03:45:43 CEST
PL,KEEP,in master list,GREECE-5GB-30D,B0FR9C7SMF,,40.99,0,Active,AMAZON_EU,2026-07-01 03:49:23 CEST
PL,KEEP-PARENT,variation parent in Google Sheet,GREECE-ESIM,B0H73KQP4R,,,0,Incomplete,DEFAULT,2026-07-01 03:45:40 CEST
PL,KEEP,in master list,GREENLAND-20GB-30D,B0H6MBT3TW,,486.99,0,Inactive,AMAZON_EU,2026-06-30 17:32:37 CEST
PL,KEEP,in master list,GREENLAND-3GB-15D,B0H6MLNBK2,,23.99,0,Active,AMAZON_EU,2026-06-30 17:25:53 CEST
PL,KEEP,in master list,GREENLAND-5GB-30D,B0H6MFMLK9,,160.99,0,Inactive,AMAZON_EU,2026-06-30 17:29:10 CEST
PL,KEEP-PARENT,variation parent in Google Sheet,GREENLAND-ESIM,B0H72G89WB,,,0,Incomplete,DEFAULT,2026-06-30 17:25:50 CEST
PL,KEEP,in master list,GRENADA-20GB-30D,B0H6MGRF37,,446.99,0,Active,AMAZON_EU,2026-06-30 17:42:33 CEST
PL,KEEP,in master list,GRENADA-3GB-15D,B0H6M8K37V,,125.99,0,Active,AMAZON_EU,2026-06-30 17:36:09 CEST
PL,KEEP,in master list,GRENADA-5GB-30D,B0H6MLJR6Z,,165.99,0,Active,AMAZON_EU,2026-06-30 17:39:26 CEST
PL,KEEP-PARENT,variation parent in Google Sheet,GRENADA-ESIM,B0H72KZXTT,,,0,Incomplete,DEFAULT,2026-06-30 17:36:05 CEST
PL,KEEP,in master list,GUADELOUPE-20GB-30D,B0FR8XTBF6,,75.99,0,Active,AMAZON_EU,2026-07-01 04:00:02 CEST
PL,KEEP,in master list,GUADELOUPE-3GB-15D,B0FR9TMVWK,,35.99,0,Inactive,AMAZON_EU,2026-07-01 03:56:56 CEST
PL,KEEP-PARENT,variation parent in Google Sheet,GUADELOUPE-ESIM,B0H73RZ88C,,,0,Incomplete,DEFAULT,2026-07-01 03:56:52 CEST
PL,KEEP,in master list,GUAM-20GB-30D,B0FR9C7MGP,,250.99,0,Active,AMAZON_EU,2026-07-01 04:10:07 CEST
PL,KEEP,in master list,GUAM-3GB-15D,B0FR9GVSSF,,75.99,0,Active,AMAZON_EU,2026-07-01 04:03:23 CEST
PL,KEEP,in master list,GUAM-5GB-30D,B0FR9SVP8Y,,85.99,0,Active,AMAZON_EU,2026-07-01 04:06:40 CEST
PL,KEEP-PARENT,variation parent in Google Sheet,GUAM-ESIM,B0H73LNWXQ,,,0,Incomplete,DEFAULT,2026-07-01 04:03:19 CEST
PL,KEEP,in master list,GUATEMALA-3GB-15D,B0FR9VC6VD,,70.99,0,Active,AMAZON_EU,2026-07-01 04:14:20 CEST
PL,KEEP-PARENT,variation parent in Google Sheet,GUATEMALA-ESIM,B0H73WRWRT,,,0,Incomplete,DEFAULT,2026-07-01 04:14:17 CEST
PL,KEEP,in master list,GUERNSEY-20GB-30D,B0FR9LYWWY,,205.99,0,Active,AMAZON_EU,2026-07-01 04:24:30 CEST
PL,KEEP,in master list,GUERNSEY-3GB-15D,B0FR9SMWDN,,60.99,0,Inactive,AMAZON_EU,2026-07-01 04:17:45 CEST
PL,KEEP,in master list,GUERNSEY-5GB-30D,B0FR9C5PXR,,90.99,0,Inactive,AMAZON_EU,2026-07-01 04:21:02 CEST
PL,KEEP-PARENT,variation parent in Google Sheet,GUERNSEY-ESIM,B0H73R3D6B,,,0,Incomplete,DEFAULT,2026-07-01 04:17:42 CEST
PL,KEEP,in master list,GUINEA-20GB-30D,B0H6M7VHYP,,356.99,0,Active,AMAZON_EU,2026-06-30 17:51:56 CEST
PL,KEEP,in master list,GUINEA-3GB-15D,B0H6MGZTF1,,90.99,0,Active,AMAZON_EU,2026-06-30 17:46:25 CEST
PL,KEEP,in master list,GUINEA-5GB-30D,B0H6MFTVX6,,145.99,0,Active,AMAZON_EU,2026-06-30 17:49:21 CEST
PL,KEEP,in master list,GUINEA-BISSAU-20GB-30D,B0H6MF1JJS,,351.99,0,Inactive,AMAZON_EU,2026-06-30 18:01:49 CEST
PL,KEEP,in master list,GUINEA-BISSAU-3GB-15D,B0H6MG6X8D,,17.99,0,Active,AMAZON_EU,2026-06-30 17:55:06 CEST
PL,KEEP,in master list,GUINEA-BISSAU-5GB-30D,B0H6MCJ4Y9,,145.99,0,Inactive,AMAZON_EU,2026-06-30 17:58:33 CEST
PL,KEEP-PARENT,variation parent in Google Sheet,GUINEA-BISSAU-ESIM,B0H72DW8HY,,,0,Incomplete,DEFAULT,2026-06-30 17:55:03 CEST
PL,KEEP-PARENT,variation parent in Google Sheet,GUINEA-ESIM,B0H72CNNS9,,,0,Incomplete,DEFAULT,2026-06-30 17:46:21 CEST
PL,KEEP,in master list,GUYANA-20GB-30D,B0H6MD1PB7,,391.99,0,Active,AMAZON_EU,2026-06-30 18:11:23 CEST
PL,KEEP,in master list,GUYANA-3GB-15D,B0H6MCG586,,90.99,0,Inactive,AMAZON_EU,2026-06-30 18:05:30 CEST
PL,KEEP,in master list,GUYANA-5GB-30D,B0H6MB3FHF,,140.99,0,Active,AMAZON_EU,2026-06-30 18:08:37 CEST
PL,KEEP-PARENT,variation parent in Google Sheet,GUYANA-ESIM,B0H727VYZK,,,0,Incomplete,DEFAULT,2026-06-30 18:05:26 CEST
PL,KEEP,in master list,HAITI-20GB-30D,B0H6MBNF3Y,,637.99,0,Active,AMAZON_EU,2026-06-30 18:21:29 CEST
PL,KEEP,in master list,HAITI-3GB-15D,B0H6M9YTL4,,125.99,0,Inactive,AMAZON_EU,2026-06-30 18:15:26 CEST
PL,KEEP,in master list,HAITI-5GB-30D,B0H6MDHPCV,,210.99,0,Active,AMAZON_EU,2026-06-30 18:18:42 CEST
PL,KEEP-PARENT,variation parent in Google Sheet,HAITI-ESIM,B0H72JZG5V,,,0,Incomplete,DEFAULT,2026-06-30 18:15:22 CEST
PL,KEEP,in master list,HONDURAS-3GB-15D,B0FR9ZYV5G,,60.99,0,Inactive,AMAZON_EU,2026-07-01 04:28:32 CEST
PL,KEEP-PARENT,variation parent in Google Sheet,HONDURAS-ESIM,B0H73LPBLS,,,0,Incomplete,DEFAULT,2026-07-01 04:28:28 CEST
PL,KEEP,in master list,HONG-KONG-20GB-30D,B0FR9GXZ6F,,65.99,0,Active,AMAZON_EU,2026-07-01 04:39:23 CEST
PL,KEEP,in master list,HONG-KONG-3GB-15D,B0FR9CC6Q8,,35.99,0,Active,AMAZON_EU,2026-07-01 04:32:46 CEST
PL,KEEP,in master list,HONG-KONG-5GB-30D,B0FR9GXYYL,,40.99,0,Active,AMAZON_EU,2026-07-01 04:36:25 CEST
PL,KEEP-PARENT,variation parent in Google Sheet,HONG-KONG-ESIM,B0H73S8K14,,,0,Incomplete,DEFAULT,2026-07-01 04:32:42 CEST
PL,KEEP,in master list,HUNGARY-20GB-30D,B0FR9ZVYYQ,,65.99,0,Inactive,AMAZON_EU,2026-07-01 04:49:27 CEST
PL,KEEP,in master list,HUNGARY-3GB-15D,B0FR9C9JVW,,35.99,0,Inactive,AMAZON_EU,2026-07-01 04:43:05 CEST
PL,KEEP,in master list,HUNGARY-5GB-30D,B0FR9GY3R5,,40.99,0,Inactive,AMAZON_EU,2026-07-01 04:46:21 CEST
PL,KEEP-PARENT,variation parent in Google Sheet,HUNGARY-ESIM,B0H73JXNKK,,,0,Incomplete,DEFAULT,2026-07-01 04:43:01 CEST
PL,KEEP,in master list,ICELAND-20GB-30D,B0FR9GX6LF,,75.99,0,Inactive,AMAZON_EU,2026-07-01 04:59:32 CEST
PL,KEEP,in master list,ICELAND-3GB-15D,B0FR9TBBK1,,35.99,0,Inactive,AMAZON_EU,2026-07-01 04:53:08 CEST
PL,KEEP,in master list,ICELAND-5GB-30D,B0FR9ZWQBD,,40.99,0,Inactive,AMAZON_EU,2026-07-01 04:56:36 CEST
PL,KEEP-PARENT,variation parent in Google Sheet,ICELAND-ESIM,B0H741DGVK,,,0,Incomplete,DEFAULT,2026-07-01 04:53:05 CEST
PL,KEEP,in master list,INDIA-20GB-30D,B0FR9DYMHX,,180.99,0,Active,AMAZON_EU,2026-07-01 05:11:09 CEST
PL,KEEP,in master list,INDIA-3GB-15D,B0FR9ZM116,,60.99,0,Active,AMAZON_EU,2026-07-01 05:03:46 CEST
PL,KEEP,in master list,INDIA-5GB-30D,B0FR9GXWN9,,65.99,0,Active,AMAZON_EU,2026-07-01 05:07:28 CEST
PL,KEEP-PARENT,variation parent in Google Sheet,INDIA-ESIM,B0H73PCDX9,,,0,Incomplete,DEFAULT,2026-07-01 05:03:42 CEST
PL,KEEP,in master list,INDONESIA-20GB-30D,B0FR9QXRDQ,,65.99,0,Active,AMAZON_EU,2026-07-01 05:22:47 CEST
PL,KEEP,in master list,INDONESIA-3GB-15D,B0FR9T6QPZ,,35.99,0,Active,AMAZON_EU,2026-07-01 05:15:25 CEST
PL,KEEP,in master list,INDONESIA-5GB-30D,B0FR8XW5DR,,40.99,0,Active,AMAZON_EU,2026-07-01 05:19:05 CEST
PL,KEEP-PARENT,variation parent in Google Sheet,INDONESIA-ESIM,B0H7412XB2,,,0,Incomplete,DEFAULT,2026-07-01 05:15:21 CEST
PL,KEEP,in master list,IRAQ-20GB-30D,B0H6M956TN,,140.99,0,Inactive,AMAZON_EU,2026-06-30 18:31:03 CEST
PL,KEEP,in master list,IRAQ-3GB-15D,B0H6MGX6P7,,45.99,0,Active,AMAZON_EU,2026-06-30 18:25:11 CEST
PL,KEEP,in master list,IRAQ-5GB-30D,B0H6MFRHZN,,70.99,0,Inactive,AMAZON_EU,2026-06-30 18:28:07 CEST
PL,KEEP-PARENT,variation parent in Google Sheet,IRAQ-ESIM,B0H72CKJ6W,,,0,Incomplete,DEFAULT,2026-06-30 18:25:08 CEST
PL,KEEP,in master list,IRELAND-20GB-30D,B0FR9SZG2Z,,75.99,0,Active,AMAZON_EU,2026-07-01 05:34:27 CEST
PL,KEEP,in master list,IRELAND-3GB-15D,B0FR8XV57F,,35.99,0,Active,AMAZON_EU,2026-07-01 05:27:04 CEST
PL,KEEP,in master list,IRELAND-5GB-30D,B0FR9GYKQL,,40.99,0,Active,AMAZON_EU,2026-07-01 05:30:47 CEST
PL,KEEP-PARENT,variation parent in Google Sheet,IRELAND-ESIM,B0H74262MW,,,0,Incomplete,DEFAULT,2026-07-01 05:27:01 CEST
PL,KEEP,in master list,ISLE-OF-MAN-20GB-30D,B0FR9CB5LK,,100.99,0,Inactive,AMAZON_EU,2026-07-01 05:45:14 CEST
PL,KEEP,in master list,ISLE-OF-MAN-3GB-15D,B0FR9LZ7RL,,40.99,0,Inactive,AMAZON_EU,2026-07-01 05:38:30 CEST
PL,KEEP,in master list,ISLE-OF-MAN-5GB-30D,B0FR9M27XY,,50.99,0,Active,AMAZON_EU,2026-07-01 05:41:47 CEST
PL,KEEP-PARENT,variation parent in Google Sheet,ISLE-OF-MAN-ESIM,B0H73V2N4C,,,0,Incomplete,DEFAULT,2026-07-01 05:38:26 CEST
PL,KEEP,in master list,ISRAEL-20GB-30D,B0FR9K8SQ1,,125.99,0,Inactive,AMAZON_EU,2026-07-01 05:55:51 CEST
PL,KEEP,in master list,ISRAEL-3GB-15D,B0FR9M11H1,,40.99,0,Inactive,AMAZON_EU,2026-07-01 05:49:27 CEST
PL,KEEP,in master list,ISRAEL-5GB-30D,B0FR8XVZZM,,50.99,0,Active,AMAZON_EU,2026-07-01 05:52:24 CEST
PL,KEEP-PARENT,variation parent in Google Sheet,ISRAEL-ESIM,B0H7424WNQ,,,0,Incomplete,DEFAULT,2026-07-01 05:49:24 CEST
PL,KEEP,in master list,ITALY-20GB-30D,B0FR9RNZV2,,65.99,0,Active,AMAZON_EU,2026-07-01 06:07:31 CEST
PL,KEEP,in master list,ITALY-3GB-15D,B0FR9GXZ18,,35.99,0,Active,AMAZON_EU,2026-07-01 06:00:07 CEST
PL,KEEP,in master list,ITALY-5GB-30D,B0FR9ZR2TH,,40.99,0,Active,AMAZON_EU,2026-07-01 06:03:51 CEST
PL,KEEP-PARENT,variation parent in Google Sheet,ITALY-ESIM,B0H73VN4D4,,,0,Incomplete,DEFAULT,2026-07-01 06:00:03 CEST
PL,KEEP,in master list,JAMAICA-20GB-30D,B0H6MF52ZZ,,376.99,0,Inactive,AMAZON_EU,2026-06-30 18:40:27 CEST
PL,KEEP,in master list,JAMAICA-3GB-15D,B0H6MF3PNQ,,20.99,0,Active,AMAZON_EU,2026-06-30 18:34:44 CEST
PL,KEEP,in master list,JAMAICA-5GB-30D,B0H6MJQCMF,,135.99,0,Inactive,AMAZON_EU,2026-06-30 18:37:40 CEST
PL,KEEP-PARENT,variation parent in Google Sheet,JAMAICA-ESIM,B0H72C1HL5,,,0,Incomplete,DEFAULT,2026-06-30 18:34:41 CEST
PL,KEEP,in master list,JAPAN-20GB-30D,B0FR9RZKRB,,65.99,0,Active,AMAZON_EU,2026-07-01 06:19:08 CEST
PL,KEEP,in master list,JAPAN-3GB-15D,B0FR9LVZVQ,,35.99,0,Active,AMAZON_EU,2026-07-01 06:11:46 CEST
PL,KEEP,in master list,JAPAN-5GB-30D,B0FR9TLXXH,,40.99,0,Active,AMAZON_EU,2026-07-01 06:15:27 CEST
PL,KEEP-PARENT,variation parent in Google Sheet,JAPAN-ESIM,B0H74JTZY3,,,0,Incomplete,DEFAULT,2026-07-01 06:11:43 CEST
PL,KEEP,in master list,JERSEY-20GB-30D,B0FR9CBQDH,,65.99,0,Active,AMAZON_EU,2026-07-01 06:29:46 CEST
PL,KEEP,in master list,JERSEY-3GB-15D,B0FR9GYMR5,,35.99,0,Inactive,AMAZON_EU,2026-07-01 06:23:00 CEST
PL,KEEP,in master list,JERSEY-5GB-30D,B0FR9M27GP,,40.99,0,Inactive,AMAZON_EU,2026-07-01 06:26:27 CEST
PL,KEEP-PARENT,variation parent in Google Sheet,JERSEY-ESIM,B0H744NXKQ,,,0,Incomplete,DEFAULT,2026-07-01 06:22:57 CEST
PL,KEEP,in master list,JORDAN-20GB-30D,B0FR9ST188,,185.99,0,Active,AMAZON_EU,2026-07-01 06:40:01 CEST
PL,KEEP,in master list,JORDAN-3GB-15D,B0FR9M144Z,,60.99,0,Active,AMAZON_EU,2026-07-01 06:33:38 CEST
PL,KEEP,in master list,JORDAN-5GB-30D,B0FR9ZTZNK,,60.99,0,Inactive,AMAZON_EU,2026-07-01 06:37:05 CEST
PL,KEEP-PARENT,variation parent in Google Sheet,JORDAN-ESIM,B0H74BKNQQ,,,0,Incomplete,DEFAULT,2026-07-01 06:33:34 CEST
PL,KEEP,in master list,KAZAKHSTAN-20GB-30D,B0FR9TLNNW,,90.99,0,Inactive,AMAZON_EU,2026-07-01 06:50:16 CEST
PL,KEEP,in master list,KAZAKHSTAN-3GB-15D,B0FR9T4DG2,,35.99,0,Inactive,AMAZON_EU,2026-07-01 06:43:43 CEST
PL,KEEP,in master list,KAZAKHSTAN-5GB-30D,B0FR9ZMMSH,,40.99,0,Inactive,AMAZON_EU,2026-07-01 06:46:50 CEST
PL,KEEP-PARENT,variation parent in Google Sheet,KAZAKHSTAN-ESIM,B0H747W99M,,,0,Incomplete,DEFAULT,2026-07-01 06:43:39 CEST
PL,KEEP,in master list,KENYA-3GB-15D,B0FR9GZ14G,,60.99,0,Active,AMAZON_EU,2026-07-01 06:54:22 CEST
PL,KEEP,in master list,KENYA-5GB-30D,B0FR9T4DG6,,65.99,0,Active,AMAZON_EU,2026-07-01 06:58:02 CEST
PL,KEEP-PARENT,variation parent in Google Sheet,KENYA-ESIM,B0H74HPLYP,,,0,Incomplete,DEFAULT,2026-07-01 06:54:19 CEST
PL,KEEP,in master list,KUWAIT-20GB-30D,B0FR9KBF4P,,125.99,0,Active,AMAZON_EU,2026-07-01 07:08:06 CEST
PL,KEEP,in master list,KUWAIT-3GB-15D,B0FR9LZJ3X,,45.99,0,Inactive,AMAZON_EU,2026-07-01 07:01:44 CEST
PL,KEEP,in master list,KUWAIT-5GB-30D,B0FR9M2TXP,,70.99,0,Active,AMAZON_EU,2026-07-01 07:05:00 CEST
PL,KEEP-PARENT,variation parent in Google Sheet,KUWAIT-ESIM,B0H74FSVWW,,,0,Incomplete,DEFAULT,2026-07-01 07:01:40 CEST
PL,KEEP,in master list,KYRGYZSTAN-20GB-30D,B0FR8XXBHM,,85.99,0,Inactive,AMAZON_EU,2026-07-01 07:15:06 CEST
PL,KEEP,in master list,KYRGYZSTAN-3GB-15D,B0FR9TVF4R,,35.99,0,Inactive,AMAZON_EU,2026-07-01 07:11:48 CEST
PL,KEEP-PARENT,variation parent in Google Sheet,KYRGYZSTAN-ESIM,B0H74FWBR6,,,0,Incomplete,DEFAULT,2026-07-01 07:11:44 CEST
PL,KEEP,in master list,LAOS-20GB-30D,B0H6MBWGX1,,150.99,0,Active,AMAZON_EU,2026-06-30 18:49:30 CEST
PL,KEEP,in master list,LAOS-3GB-15D,B0H6M96WPB,,45.99,0,Inactive,AMAZON_EU,2026-06-30 18:43:57 CEST
PL,KEEP,in master list,LAOS-5GB-30D,B0H6MBJN5B,,70.99,0,Active,AMAZON_EU,2026-06-30 18:46:44 CEST
PL,KEEP-PARENT,variation parent in Google Sheet,LAOS-ESIM,B0H72FHB89,,,0,Incomplete,DEFAULT,2026-06-30 18:43:54 CEST
PL,KEEP,in master list,LATVIA-20GB-30D,B0FR9SWN6V,,65.99,0,Active,AMAZON_EU,2026-07-01 07:25:03 CEST
PL,KEEP,in master list,LATVIA-3GB-15D,B0FR9VM4K6,,35.99,0,Inactive,AMAZON_EU,2026-07-01 07:18:39 CEST
PL,KEEP,in master list,LATVIA-5GB-30D,B0FR9TR99S,,40.99,0,Inactive,AMAZON_EU,2026-07-01 07:21:56 CEST
PL,KEEP-PARENT,variation parent in Google Sheet,LATVIA-ESIM,B0H74HDKWF,,,0,Incomplete,DEFAULT,2026-07-01 07:18:36 CEST
PL,KEEP,in master list,LIBERIA-3GB-15D,B0FR9H18JQ,,90.99,0,Active,AMAZON_EU,2026-07-01 07:28:04 CEST
PL,KEEP,in master list,LIBERIA-5GB-30D,B0FR9SJ1YH,,145.99,0,Active,AMAZON_EU,2026-07-01 07:31:10 CEST
PL,KEEP-PARENT,variation parent in Google Sheet,LIBERIA-ESIM,B0H74N3287,,,0,Incomplete,DEFAULT,2026-07-01 07:28:01 CEST
PL,KEEP,in master list,LIBYA-20GB-30D,B0H6MFWD2Y,,541.99,0,Active,AMAZON_EU,2026-06-30 18:59:04 CEST
PL,KEEP,in master list,LIBYA-3GB-15D,B0H6MBYGXZ,,145.99,0,Inactive,AMAZON_EU,2026-06-30 18:52:51 CEST
PL,KEEP,in master list,LIBYA-5GB-30D,B0H6M5PVSB,,190.99,0,Active,AMAZON_EU,2026-06-30 18:55:48 CEST
PL,KEEP-PARENT,variation parent in Google Sheet,LIBYA-ESIM,B0H72FHBH5,,,0,Incomplete,DEFAULT,2026-06-30 18:52:48 CEST
PL,KEEP,in master list,LIECHTENSTEIN-3GB-15D,B0FR9S35ZH,,35.99,0,Active,AMAZON_EU,2026-07-01 07:35:12 CEST
PL,KEEP-PARENT,variation parent in Google Sheet,LIECHTENSTEIN-ESIM,B0H74QN2CD,,,0,Incomplete,DEFAULT,2026-07-01 07:35:09 CEST
PL,KEEP,in master list,LITHUANIA-20GB-30D,B0FR9TQN8N,,75.99,0,Inactive,AMAZON_EU,2026-07-01 07:46:09 CEST
PL,KEEP,in master list,LITHUANIA-3GB-15D,B0FR9KS3P4,,35.99,0,Inactive,AMAZON_EU,2026-07-01 07:39:14 CEST
PL,KEEP,in master list,LITHUANIA-5GB-30D,B0FR9R598C,,40.99,0,Inactive,AMAZON_EU,2026-07-01 07:42:31 CEST
PL,KEEP-PARENT,variation parent in Google Sheet,LITHUANIA-ESIM,B0H74KGNBX,,,0,Incomplete,DEFAULT,2026-07-01 07:39:11 CEST
PL,KEEP,in master list,LUXEMBOURG-20GB-30D,B0FR8XXXZB,,75.99,0,Active,AMAZON_EU,2026-07-01 07:56:16 CEST
PL,KEEP,in master list,LUXEMBOURG-3GB-15D,B0FR9SHRKM,,35.99,0,Inactive,AMAZON_EU,2026-07-01 07:50:03 CEST
PL,KEEP,in master list,LUXEMBOURG-5GB-30D,B0FR9SB862,,40.99,0,Active,AMAZON_EU,2026-07-01 07:53:09 CEST
PL,KEEP-PARENT,variation parent in Google Sheet,LUXEMBOURG-ESIM,B0H74L96XB,,,0,Incomplete,DEFAULT,2026-07-01 07:49:59 CEST
PL,KEEP,in master list,MACAO-20GB-30D,B0FR9CDBN2,,65.99,0,Active,AMAZON_EU,2026-07-01 08:05:50 CEST
PL,KEEP,in master list,MACAO-3GB-15D,B0FR9M485M,,35.99,0,Active,AMAZON_EU,2026-07-01 07:59:47 CEST
PL,KEEP,in master list,MACAO-5GB-30D,B0FR9L9624,,40.99,0,Active,AMAZON_EU,2026-07-01 08:02:43 CEST
PL,KEEP-PARENT,variation parent in Google Sheet,MACAO-ESIM,B0H74S4FF2,,,0,Incomplete,DEFAULT,2026-07-01 07:59:44 CEST
PL,KEEP,in master list,MADAGASCAR-3GB-15D,B0FR9H2NS1,,110.99,0,Inactive,AMAZON_EU,2026-07-01 08:09:32 CEST
PL,KEEP-PARENT,variation parent in Google Sheet,MADAGASCAR-ESIM,B0H74LYJXY,,,0,Incomplete,DEFAULT,2026-07-01 08:09:28 CEST
PL,KEEP,in master list,MALAWI-3GB-15D,B0FR9H3JDK,,75.99,0,Active,AMAZON_EU,2026-07-01 08:12:52 CEST
PL,KEEP,in master list,MALAWI-5GB-30D,B0FR9GXY24,,120.99,0,Active,AMAZON_EU,2026-07-01 08:16:19 CEST
PL,KEEP-PARENT,variation parent in Google Sheet,MALAWI-ESIM,B0H748PX41,,,0,Incomplete,DEFAULT,2026-07-01 08:12:49 CEST
PL,KEEP,in master list,MALAYSIA-20GB-30D,B0FR9VMWYD,,65.99,0,Active,AMAZON_EU,2026-07-01 08:27:57 CEST
PL,KEEP,in master list,MALAYSIA-3GB-15D,B0FR9H1Q65,,35.99,0,Active,AMAZON_EU,2026-07-01 08:20:34 CEST
PL,KEEP,in master list,MALAYSIA-5GB-30D,B0FR9LDGX8,,40.99,0,Active,AMAZON_EU,2026-07-01 08:24:16 CEST
PL,KEEP-PARENT,variation parent in Google Sheet,MALAYSIA-ESIM,B0H74TLZD6,,,0,Incomplete,DEFAULT,2026-07-01 08:20:31 CEST
PL,KEEP,in master list,MALDIVES-20GB-30D,B0H6MM5SCJ,,506.99,0,Inactive,AMAZON_EU,2026-06-30 19:08:17 CEST
PL,KEEP,in master list,MALDIVES-3GB-15D,B0H6MD6Y71,,145.99,0,Inactive,AMAZON_EU,2026-06-30 19:02:24 CEST
PL,KEEP,in master list,MALDIVES-5GB-30D,B0H6MJQZ8Y,,190.99,0,Inactive,AMAZON_EU,2026-06-30 19:05:10 CEST
PL,KEEP-PARENT,variation parent in Google Sheet,MALDIVES-ESIM,B0H72NF5NM,,,0,Incomplete,DEFAULT,2026-06-30 19:02:21 CEST
PL,KEEP,in master list,MALI-3GB-15D,B0FR9TRDSY,,90.99,0,Inactive,AMAZON_EU,2026-07-01 08:31:49 CEST
PL,KEEP-PARENT,variation parent in Google Sheet,MALI-ESIM,B0H74ZHZ2L,,,0,Incomplete,DEFAULT,2026-07-01 08:31:46 CEST
PL,KEEP,in master list,MALTA-20GB-30D,B0FR9VL1Q9,,65.99,0,Inactive,AMAZON_EU,2026-07-01 08:42:47 CEST
PL,KEEP,in master list,MALTA-3GB-15D,B0FR9M3PNR,,35.99,0,Inactive,AMAZON_EU,2026-07-01 08:36:02 CEST
PL,KEEP,in master list,MALTA-5GB-30D,B0FR9ZSMTC,,40.99,0,Inactive,AMAZON_EU,2026-07-01 08:39:29 CEST
PL,KEEP-PARENT,variation parent in Google Sheet,MALTA-ESIM,B0H74PQQ7F,,,0,Incomplete,DEFAULT,2026-07-01 08:35:58 CEST
PL,KEEP,in master list,MARTINIQUE-20GB-30D,B0H6MH94KV,,70.99,0,Inactive,AMAZON_EU,2026-06-30 19:17:52 CEST
PL,KEEP,in master list,MARTINIQUE-3GB-15D,B0H6M7SBFQ,,35.99,0,Inactive,AMAZON_EU,2026-06-30 19:12:09 CEST
PL,KEEP,in master list,MARTINIQUE-5GB-30D,B0H6MKCD1X,,40.99,0,Active,AMAZON_EU,2026-06-30 19:14:56 CEST
PL,KEEP-PARENT,variation parent in Google Sheet,MARTINIQUE-ESIM,B0H72JJ3TG,,,0,Incomplete,DEFAULT,2026-06-30 19:12:06 CEST
PL,KEEP,in master list,MAURITIUS-3GB-15D,B0H2FYRLRC,,70.99,0,Inactive,AMAZON_EU,2026-07-01 16:22:59 CEST
PL,KEEP,in master list,MAURITIUS-5GB-30D,B0H2G2XMS3,,75.99,0,Active,AMAZON_EU,2026-07-01 16:26:39 CEST
PL,KEEP-PARENT,variation parent in Google Sheet,MAURITIUS-ESIM,B0H75ZP4PT,,,0,Incomplete,DEFAULT,2026-07-01 16:22:56 CEST
PL,KEEP,in master list,MAYOTTE-20GB-30D,B0H6M5L8MC,,70.99,0,Active,AMAZON_EU,2026-06-30 19:27:47 CEST
PL,KEEP,in master list,MAYOTTE-3GB-15D,B0H6MFWP88,,35.99,0,Inactive,AMAZON_EU,2026-06-30 19:21:23 CEST
PL,KEEP,in master list,MAYOTTE-5GB-30D,B0H6MD9C4Y,,40.99,0,Active,AMAZON_EU,2026-06-30 19:24:40 CEST
PL,KEEP-PARENT,variation parent in Google Sheet,MAYOTTE-ESIM,B0H72MBSJK,,,0,Incomplete,DEFAULT,2026-06-30 19:21:20 CEST
PL,KEEP,in master list,MEXICO-20GB-30D,B0FR9VDSJX,,150.99,0,Inactive,AMAZON_EU,2026-07-01 08:53:44 CEST
PL,KEEP,in master list,MEXICO-3GB-15D,B0FR9SZSTG,,50.99,0,Inactive,AMAZON_EU,2026-07-01 08:46:49 CEST
PL,KEEP,in master list,MEXICO-5GB-30D,B0FR9H2K1C,,60.99,0,Inactive,AMAZON_EU,2026-07-01 08:50:17 CEST
PL,KEEP-PARENT,variation parent in Google Sheet,MEXICO-ESIM,B0H74QZ44M,,,0,Incomplete,DEFAULT,2026-07-01 08:46:45 CEST
PL,KEEP,in master list,MIDDLE-EAST-5GB-30D,B0FR9SYKP6,,155.99,0,Inactive,AMAZON_EU,2026-07-01 08:57:15 CEST
PL,KEEP-PARENT,variation parent in Google Sheet,MIDDLE-EAST-ESIM,B0H74T4PW4,,,0,Incomplete,DEFAULT,2026-07-01 08:57:11 CEST
PL,KEEP,in master list,MOLDOVA-3GB-15D,B0FR9CFQYY,,35.99,0,Inactive,AMAZON_EU,2026-07-01 09:01:07 CEST
PL,KEEP-PARENT,variation parent in Google Sheet,MOLDOVA-ESIM,B0H74SQ2VS,,,0,Incomplete,DEFAULT,2026-07-01 09:01:03 CEST
PL,KEEP,in master list,MONACO-3GB-15D,B0FR9ZS6GM,,270.99,0,Inactive,AMAZON_EU,2026-07-01 09:05:19 CEST
PL,KEEP,in master list,MONACO-5GB-30D,B0FR9H1H4M,,366.99,0,Active,AMAZON_EU,2026-07-01 09:08:46 CEST
PL,KEEP-PARENT,variation parent in Google Sheet,MONACO-ESIM,B0H75189ZL,,,0,Incomplete,DEFAULT,2026-07-01 09:05:15 CEST
PL,KEEP,in master list,MONGOLIA-3GB-15D,B0FR9LSYTX,,70.99,0,Inactive,AMAZON_EU,2026-07-01 09:12:27 CEST
PL,KEEP-PARENT,variation parent in Google Sheet,MONGOLIA-ESIM,B0H74QPB2W,,,0,Incomplete,DEFAULT,2026-07-01 09:12:24 CEST
PL,KEEP,in master list,MONTENEGRO-3GB-15D,B0FR9R5HR7,,35.99,0,Inactive,AMAZON_EU,2026-07-01 09:16:18 CEST
PL,KEEP-PARENT,variation parent in Google Sheet,MONTENEGRO-ESIM,B0H74MHM1G,,,0,Incomplete,DEFAULT,2026-07-01 09:16:15 CEST
PL,KEEP,in master list,MONTSERRAT-20GB-30D,B0H6MG87HK,,406.99,0,Active,AMAZON_EU,2026-06-30 19:37:55 CEST
PL,KEEP,in master list,MONTSERRAT-3GB-15D,B0H6MDJ2ZR,,110.99,0,Inactive,AMAZON_EU,2026-06-30 19:31:18 CEST
PL,KEEP,in master list,MONTSERRAT-5GB-30D,B0H6MGQ1Y4,,145.99,0,Inactive,AMAZON_EU,2026-06-30 19:34:38 CEST
PL,KEEP-PARENT,variation parent in Google Sheet,MONTSERRAT-ESIM,B0H72JWWVN,,,0,Incomplete,DEFAULT,2026-06-30 19:31:15 CEST
PL,KEEP,in master list,MOROCCO-20GB-30D,B0FR9M57DY,,115.99,0,Active,AMAZON_EU,2026-07-01 09:27:55 CEST
PL,KEEP,in master list,MOROCCO-3GB-15D,B0FR9CFZQR,,40.99,0,Active,AMAZON_EU,2026-07-01 09:20:34 CEST
PL,KEEP,in master list,MOROCCO-5GB-30D,B0FR9CDDQ8,,60.99,0,Inactive,AMAZON_EU,2026-07-01 09:24:15 CEST
PL,KEEP-PARENT,variation parent in Google Sheet,MOROCCO-ESIM,B0H74N4BTF,,,0,Incomplete,DEFAULT,2026-07-01 09:20:30 CEST
PL,KEEP,in master list,MOZAMBIQUE-20GB-30D,B0FR9CFLS7,,326.99,0,Active,AMAZON_EU,2026-07-01 09:35:47 CEST
PL,KEEP,in master list,MOZAMBIQUE-3GB-15D,B0FRB1M6HK,,85.99,0,Inactive,AMAZON_EU,2026-07-01 09:32:09 CEST
PL,KEEP-PARENT,variation parent in Google Sheet,MOZAMBIQUE-ESIM,B0H74XRP4G,,,0,Incomplete,DEFAULT,2026-07-01 09:32:05 CEST
PL,KEEP,in master list,NEPAL-3GB-15D,B0FRB1TD7L,,60.99,0,Inactive,AMAZON_EU,2026-07-01 09:39:38 CEST
PL,KEEP-PARENT,variation parent in Google Sheet,NEPAL-ESIM,B0H74S6N98,,,0,Incomplete,DEFAULT,2026-07-01 09:39:35 CEST
PL,KEEP,in master list,NETHERLANDS-20GB-30D,B0FR9NG7LB,,70.99,0,Active,AMAZON_EU,2026-07-01 09:51:13 CEST
PL,KEEP,in master list,NETHERLANDS-3GB-15D,B0FRB5GNM2,,35.99,0,Active,AMAZON_EU,2026-07-01 09:43:52 CEST
PL,KEEP,in master list,NETHERLANDS-5GB-30D,B0FR9NHP7Q,,40.99,0,Active,AMAZON_EU,2026-07-01 09:47:32 CEST
PL,KEEP-PARENT,variation parent in Google Sheet,NETHERLANDS-ESIM,B0H74YVXLR,,,0,Incomplete,DEFAULT,2026-07-01 09:43:49 CEST
PL,KEEP,in master list,NEW-ZEALAND-20GB-30D,B0FRB1TWT8,,105.99,0,Inactive,AMAZON_EU,2026-07-01 10:01:19 CEST
PL,KEEP,in master list,NEW-ZEALAND-3GB-15D,B0FR9NKXF5,,40.99,0,Inactive,AMAZON_EU,2026-07-01 09:54:55 CEST
PL,KEEP,in master list,NEW-ZEALAND-5GB-30D,B0FR9NHFWQ,,50.99,0,Active,AMAZON_EU,2026-07-01 09:58:12 CEST
PL,KEEP-PARENT,variation parent in Google Sheet,NEW-ZEALAND-ESIM,B0H74XC3MP,,,0,Incomplete,DEFAULT,2026-07-01 09:54:51 CEST
PL,KEEP,in master list,NICARAGUA-3GB-15D,B0FRB33MPG,,60.99,0,Inactive,AMAZON_EU,2026-07-01 10:05:12 CEST
PL,KEEP-PARENT,variation parent in Google Sheet,NICARAGUA-ESIM,B0H74YLSHR,,,0,Incomplete,DEFAULT,2026-07-01 10:05:08 CEST
PL,KEEP,in master list,NIGER-3GB-15D,B0FR9NPT1H,,75.99,0,Inactive,AMAZON_EU,2026-07-01 10:09:24 CEST
PL,KEEP-PARENT,variation parent in Google Sheet,NIGER-ESIM,B0H756FZ27,,,0,Incomplete,DEFAULT,2026-07-01 10:09:21 CEST
PL,KEEP,in master list,NIGERIA-3GB-15D,B0FR9X17QY,,60.99,0,Active,AMAZON_EU,2026-07-01 10:13:39 CEST
PL,KEEP-PARENT,variation parent in Google Sheet,NIGERIA-ESIM,B0H756K9S6,,,0,Incomplete,DEFAULT,2026-07-01 10:13:36 CEST
PL,KEEP,in master list,NORTH-AMERICA-5GB-30D,B0FRBDQ8H5,,70.99,0,Inactive,AMAZON_EU,2026-07-01 10:17:53 CEST
PL,KEEP-PARENT,variation parent in Google Sheet,NORTH-AMERICA-ESIM,B0H74XB8N1,,,0,Incomplete,DEFAULT,2026-07-01 10:17:50 CEST
PL,KEEP,in master list,NORTH-MACEDONIA-3GB-15D,B0FRB59DJS,,40.99,0,Inactive,AMAZON_EU,2026-07-01 10:22:08 CEST
PL,KEEP,in master list,NORTH-MACEDONIA-5GB-30D,B0FR9WNHHX,,60.99,0,Inactive,AMAZON_EU,2026-07-01 10:25:47 CEST
PL,KEEP-PARENT,variation parent in Google Sheet,NORTH-MACEDONIA-ESIM,B0H755V9S9,,,0,Incomplete,DEFAULT,2026-07-01 10:22:04 CEST
PL,KEEP,in master list,NORWAY-20GB-30D,B0FRB572L8,,65.99,0,Inactive,AMAZON_EU,2026-07-01 10:37:19 CEST
PL,KEEP,in master list,NORWAY-3GB-15D,B0FR9WNK2H,,35.99,0,Inactive,AMAZON_EU,2026-07-01 10:30:03 CEST
PL,KEEP,in master list,NORWAY-5GB-30D,B0FRBNPZ9D,,40.99,0,Inactive,AMAZON_EU,2026-07-01 10:33:41 CEST
PL,KEEP-PARENT,variation parent in Google Sheet,NORWAY-ESIM,B0H7567D82,,,0,Incomplete,DEFAULT,2026-07-01 10:29:59 CEST
PL,KEEP,in master list,OMAN-20GB-30D,B0FRB4R3FK,,140.99,0,Active,AMAZON_EU,2026-07-01 10:45:15 CEST
PL,KEEP,in master list,OMAN-3GB-15D,B0FRB4BL4W,,50.99,0,Inactive,AMAZON_EU,2026-07-01 10:41:35 CEST
PL,KEEP-PARENT,variation parent in Google Sheet,OMAN-ESIM,B0H756CMHC,,,0,Incomplete,DEFAULT,2026-07-01 10:41:32 CEST
PL,KEEP,in master list,PAKISTAN-20GB-30D,B0FRB691X8,,95.99,0,Active,AMAZON_EU,2026-07-01 10:56:48 CEST
PL,KEEP,in master list,PAKISTAN-3GB-15D,B0FRB4HL3B,,35.99,0,Inactive,AMAZON_EU,2026-07-01 10:49:30 CEST
PL,KEEP,in master list,PAKISTAN-5GB-30D,B0FRB48QKZ,,45.99,0,Active,AMAZON_EU,2026-07-01 10:53:09 CEST
PL,KEEP-PARENT,variation parent in Google Sheet,PAKISTAN-ESIM,B0H756Y92L,,,0,Incomplete,DEFAULT,2026-07-01 10:49:26 CEST
PL,KEEP,in master list,PANAMA-3GB-15D,B0FRB3VFW6,,75.99,0,Inactive,AMAZON_EU,2026-07-01 11:01:03 CEST
PL,KEEP-PARENT,variation parent in Google Sheet,PANAMA-ESIM,B0H758V7RD,,,0,Incomplete,DEFAULT,2026-07-01 11:01:00 CEST
PL,KEEP,in master list,PARAGUAY-3GB-15D,B0FRB3V7CS,,60.99,0,Active,AMAZON_EU,2026-07-01 11:05:19 CEST
PL,KEEP-PARENT,variation parent in Google Sheet,PARAGUAY-ESIM,B0H756D5Y1,,,0,Incomplete,DEFAULT,2026-07-01 11:05:16 CEST
PL,KEEP,in master list,PERU-20GB-30D,B0H6M8BLBD,,180.99,0,Inactive,AMAZON_EU,2026-06-30 13:21:13 CEST
PL,KEEP,in master list,PERU-3GB-15D,B0H6M5WW3B,,60.99,0,Inactive,AMAZON_EU,2026-06-30 13:17:38 CEST
PL,KEEP-PARENT,variation parent in Google Sheet,PERU-ESIM,B0H71TRRV8,,,0,Incomplete,DEFAULT,2026-06-30 13:17:35 CEST
PL,KEEP,in master list,PHILIPPINES-20GB-30D,B0FRB4K2D4,,100.99,0,Active,AMAZON_EU,2026-07-01 11:16:57 CEST
PL,KEEP,in master list,PHILIPPINES-3GB-15D,B0FRB1GVXK,,35.99,0,Active,AMAZON_EU,2026-07-01 11:09:35 CEST
PL,KEEP,in master list,PHILIPPINES-5GB-30D,B0FRB4VCKG,,45.99,0,Active,AMAZON_EU,2026-07-01 11:13:16 CEST
PL,KEEP-PARENT,variation parent in Google Sheet,PHILIPPINES-ESIM,B0H75BM2Y6,,,0,Incomplete,DEFAULT,2026-07-01 11:09:32 CEST
PL,KEEP,in master list,POLAND-20GB-30D,B0FRB5HSK7,,65.99,0,Active,AMAZON_EU,2026-07-01 11:28:33 CEST
PL,KEEP,in master list,POLAND-3GB-15D,B0FRB4JVKR,,35.99,0,Active,AMAZON_EU,2026-07-01 11:21:12 CEST
PL,KEEP,in master list,POLAND-5GB-30D,B0FRBDPQ9J,,40.99,0,Active,AMAZON_EU,2026-07-01 11:24:52 CEST
PL,KEEP-PARENT,variation parent in Google Sheet,POLAND-ESIM,B0H75CPRWQ,,,0,Incomplete,DEFAULT,2026-07-01 11:21:08 CEST
PL,KEEP,in master list,PORTUGAL-20GB-30D,B0FRB354KV,,65.99,0,Active,AMAZON_EU,2026-07-01 11:40:10 CEST
PL,KEEP,in master list,PORTUGAL-3GB-15D,B0FRB4314T,,35.99,0,Active,AMAZON_EU,2026-07-01 11:32:49 CEST
PL,KEEP,in master list,PORTUGAL-5GB-30D,B0FRB4X799,,40.99,0,Active,AMAZON_EU,2026-07-01 11:36:29 CEST
PL,KEEP-PARENT,variation parent in Google Sheet,PORTUGAL-ESIM,B0H75D155B,,,0,Incomplete,DEFAULT,2026-07-01 11:32:45 CEST
PL,KEEP,in master list,PUERTO-RICO-3GB-15D,B0FRB5MSF1,,55.99,0,Active,AMAZON_EU,2026-07-01 11:44:26 CEST
PL,KEEP,in master list,PUERTO-RICO-5GB-30D,B0FR9WMX9V,,60.99,0,Active,AMAZON_EU,2026-07-01 11:48:07 CEST
PL,KEEP-PARENT,variation parent in Google Sheet,PUERTO-RICO-ESIM,B0H75GMJ2S,,,0,Incomplete,DEFAULT,2026-07-01 11:44:22 CEST
PL,KEEP,in master list,QATAR-20GB-30D,B0FR9X3QGM,,135.99,0,Active,AMAZON_EU,2026-07-01 11:59:42 CEST
PL,KEEP,in master list,QATAR-3GB-15D,B0FR9NXH43,,45.99,0,Inactive,AMAZON_EU,2026-07-01 11:52:21 CEST
PL,KEEP,in master list,QATAR-5GB-30D,B0FR9X5KB1,,75.99,0,Active,AMAZON_EU,2026-07-01 11:56:02 CEST
PL,KEEP-PARENT,variation parent in Google Sheet,QATAR-ESIM,B0H75BJC3W,,,0,Incomplete,DEFAULT,2026-07-01 11:52:17 CEST
PL,KEEP,in master list,REPUBLIC-OF-THE-CONGO-20GB-30D,B0H6MJ756Y,,331.99,0,Active,AMAZON_EU,2026-06-30 19:47:41 CEST
PL,KEEP,in master list,REPUBLIC-OF-THE-CONGO-3GB-15D,B0H6MM6DKT,,95.99,0,Active,AMAZON_EU,2026-06-30 19:41:16 CEST
PL,KEEP,in master list,REPUBLIC-OF-THE-CONGO-5GB-30D,B0H6MBXD3B,,145.99,0,Active,AMAZON_EU,2026-06-30 19:44:23 CEST
PL,KEEP-PARENT,variation parent in Google Sheet,REPUBLIC-OF-THE-CONGO-ESIM,B0H72PTP4N,,,0,Incomplete,DEFAULT,2026-06-30 19:41:12 CEST
PL,KEEP,in master list,REUNION-3GB-15D,B0FRB3KCNQ,,35.99,0,Inactive,AMAZON_EU,2026-07-01 12:03:57 CEST
PL,KEEP,in master list,REUNION-5GB-30D,B0FRB47TQW,,40.99,0,Inactive,AMAZON_EU,2026-07-01 12:07:38 CEST
PL,KEEP-PARENT,variation parent in Google Sheet,REUNION-ESIM,B0H75BDP9R,,,0,Incomplete,DEFAULT,2026-07-01 12:03:54 CEST
PL,KEEP,in master list,ROMANIA-20GB-30D,B0H6MGRC1F,,65.99,0,Inactive,AMAZON_EU,2026-06-30 19:57:17 CEST
PL,KEEP,in master list,ROMANIA-3GB-15D,B0H6MKQH2C,,6.99,0,Active,AMAZON_EU,2026-06-30 19:51:02 CEST
PL,KEEP,in master list,ROMANIA-5GB-30D,B0H6MFVLCB,,40.99,0,Inactive,AMAZON_EU,2026-06-30 19:54:20 CEST
PL,KEEP-PARENT,variation parent in Google Sheet,ROMANIA-ESIM,B0H72RXWRJ,,,0,Incomplete,DEFAULT,2026-06-30 19:50:59 CEST
PL,KEEP,in master list,RUSSIA-20GB-30D,B0H6MDSLNC,,100.99,0,Inactive,AMAZON_EU,2026-06-30 20:06:52 CEST
PL,KEEP,in master list,RUSSIA-3GB-15D,B0H6MDNPC8,,40.99,0,Inactive,AMAZON_EU,2026-06-30 20:00:28 CEST
PL,KEEP,in master list,RUSSIA-5GB-30D,B0H6MLHHB2,,60.99,0,Inactive,AMAZON_EU,2026-06-30 20:03:56 CEST
PL,KEEP-PARENT,variation parent in Google Sheet,RUSSIA-ESIM,B0H73C6SWK,,,0,Incomplete,DEFAULT,2026-06-30 20:00:24 CEST
PL,KEEP,in master list,RWANDA-20GB-30D,B0H6M66BWN,,421.99,0,Active,AMAZON_EU,2026-06-30 20:16:50 CEST
PL,KEEP,in master list,RWANDA-3GB-15D,B0H6MK2ZBQ,,105.99,0,Active,AMAZON_EU,2026-06-30 20:10:34 CEST
PL,KEEP,in master list,RWANDA-5GB-30D,B0H6MJZHP1,,140.99,0,Active,AMAZON_EU,2026-06-30 20:13:32 CEST
PL,KEEP-PARENT,variation parent in Google Sheet,RWANDA-ESIM,B0H73C6K2K,,,0,Incomplete,DEFAULT,2026-06-30 20:10:31 CEST
PL,KEEP,in master list,SAINT-BARTHELEMY-20GB-30D,B0H6MJHHNB,,70.99,0,Active,AMAZON_EU,2026-06-30 20:26:26 CEST
PL,KEEP,in master list,SAINT-BARTHELEMY-3GB-15D,B0H6MDMD63,,35.99,0,Active,AMAZON_EU,2026-06-30 20:20:11 CEST
PL,KEEP,in master list,SAINT-BARTHELEMY-5GB-30D,B0H6MBS246,,40.99,0,Active,AMAZON_EU,2026-06-30 20:23:39 CEST
PL,KEEP-PARENT,variation parent in Google Sheet,SAINT-BARTHELEMY-ESIM,B0H72Z5QFX,,,0,Incomplete,DEFAULT,2026-06-30 20:20:08 CEST
PL,KEEP,in master list,SAINT-KITTS-AND-NEVIS-20GB-30D,B0H6MJQSR4,,446.99,0,Inactive,AMAZON_EU,2026-06-30 20:36:10 CEST
PL,KEEP,in master list,SAINT-KITTS-AND-NEVIS-3GB-15D,B0H6MDHJ2B,,125.99,0,Inactive,AMAZON_EU,2026-06-30 20:29:46 CEST
PL,KEEP,in master list,SAINT-KITTS-AND-NEVIS-5GB-30D,B0H6MBK615,,165.99,0,Inactive,AMAZON_EU,2026-06-30 20:32:42 CEST
PL,KEEP-PARENT,variation parent in Google Sheet,SAINT-KITTS-AND-NEVIS-ESIM,B0H733XRM7,,,0,Incomplete,DEFAULT,2026-06-30 20:29:43 CEST
PL,KEEP,in master list,SAINT-LUCIA-20GB-30D,B0H6MDX8DY,,446.99,0,Active,AMAZON_EU,2026-06-30 20:45:13 CEST
PL,KEEP,in master list,SAINT-LUCIA-3GB-15D,B0H6M7Y1CD,,125.99,0,Active,AMAZON_EU,2026-06-30 20:39:21 CEST
PL,KEEP,in master list,SAINT-LUCIA-5GB-30D,B0H6MGBXNV,,165.99,0,Inactive,AMAZON_EU,2026-06-30 20:42:17 CEST
PL,KEEP-PARENT,variation parent in Google Sheet,SAINT-LUCIA-ESIM,B0H72Z5RQD,,,0,Incomplete,DEFAULT,2026-06-30 20:39:17 CEST
PL,KEEP,in master list,SAINT-MARTIN-20GB-30D,B0H6MF7K64,,70.99,0,Inactive,AMAZON_EU,2026-06-30 20:54:58 CEST
PL,KEEP,in master list,SAINT-MARTIN-3GB-15D,B0H6MDB2CN,,35.99,0,Inactive,AMAZON_EU,2026-06-30 20:48:44 CEST
PL,KEEP,in master list,SAINT-MARTIN-5GB-30D,B0H6MC37Q1,,40.99,0,Inactive,AMAZON_EU,2026-06-30 20:52:01 CEST
PL,KEEP-PARENT,variation parent in Google Sheet,SAINT-MARTIN-ESIM,B0H732MJ75,,,0,Incomplete,DEFAULT,2026-06-30 20:48:41 CEST
PL,KEEP,in master list,SAINT-VINCENT-AND-THE-GRENADINES-3GB-15D,B0H6MF3FWZ,,150.99,0,Active,AMAZON_EU,2026-06-30 20:58:40 CEST
PL,KEEP,in master list,SAINT-VINCENT-AND-THE-GRENADINES-5GB-30D,B0H6MJXH8Z,,200.99,0,Inactive,AMAZON_EU,2026-06-30 21:01:37 CEST
PL,KEEP-PARENT,variation parent in Google Sheet,SAINT-VINCENT-AND-THE-GRENADINES-ESIM,B0H739T5ZT,,,0,Incomplete,DEFAULT,2026-06-30 20:58:37 CEST
PL,KEEP,in master list,SAMOA-20GB-30D,B0H6MJQDSM,,1269.99,0,Active,AMAZON_EU,2026-06-30 21:15:44 CEST
PL,KEEP,in master list,SAMOA-3GB-15D,B0H6MGJ45S,,250.99,0,Inactive,AMAZON_EU,2026-06-30 21:09:41 CEST
PL,KEEP,in master list,SAMOA-5GB-30D,B0H6MFFZH1,,346.99,0,Active,AMAZON_EU,2026-06-30 21:12:47 CEST
PL,KEEP-PARENT,variation parent in Google Sheet,SAMOA-ESIM,B0H72VWZHY,,,0,Incomplete,DEFAULT,2026-06-30 21:09:37 CEST
PL,KEEP,in master list,SAN-MARINO-20GB-30D,B0H6MDHJFJ,,70.99,0,Inactive,AMAZON_EU,2026-06-30 21:25:39 CEST
PL,KEEP,in master list,SAN-MARINO-3GB-15D,B0H6MG33GL,,35.99,0,Inactive,AMAZON_EU,2026-06-30 21:19:16 CEST
PL,KEEP,in master list,SAN-MARINO-5GB-30D,B0H6ML6C38,,40.99,0,Inactive,AMAZON_EU,2026-06-30 21:22:23 CEST
PL,KEEP-PARENT,variation parent in Google Sheet,SAN-MARINO-ESIM,B0H73KWZ3M,,,0,Incomplete,DEFAULT,2026-06-30 21:19:12 CEST
PL,KEEP,in master list,SAUDI-ARABIA-20GB-30D,B0FRB5PZTS,,145.99,0,Inactive,AMAZON_EU,2026-07-01 12:19:14 CEST
PL,KEEP,in master list,SAUDI-ARABIA-3GB-15D,B0FRB3N2KL,,50.99,0,Inactive,AMAZON_EU,2026-07-01 12:11:53 CEST
PL,KEEP,in master list,SAUDI-ARABIA-5GB-30D,B0FRB1SRZY,,60.99,0,Inactive,AMAZON_EU,2026-07-01 12:15:34 CEST
PL,KEEP-PARENT,variation parent in Google Sheet,SAUDI-ARABIA-ESIM,B0H75HDKFX,,,0,Incomplete,DEFAULT,2026-07-01 12:11:50 CEST
PL,KEEP,in master list,SENEGAL-3GB-15D,B0FRB4HX92,,70.99,0,Active,AMAZON_EU,2026-07-01 12:23:31 CEST
PL,KEEP,in master list,SENEGAL-5GB-30D,B0FRB68H77,,80.99,0,Active,AMAZON_EU,2026-07-01 12:27:12 CEST
PL,KEEP-PARENT,variation parent in Google Sheet,SENEGAL-ESIM,B0H75GTJH4,,,0,Incomplete,DEFAULT,2026-07-01 12:23:28 CEST
PL,KEEP,in master list,SERBIA-20GB-30D,B0FRB5K8JC,,90.99,0,Inactive,AMAZON_EU,2026-07-01 12:35:00 CEST
PL,KEEP,in master list,SERBIA-3GB-15D,B0FRB5TJV2,,35.99,0,Inactive,AMAZON_EU,2026-07-01 12:31:19 CEST
PL,KEEP-PARENT,variation parent in Google Sheet,SERBIA-ESIM,B0H75NLTK7,,,0,Incomplete,DEFAULT,2026-07-01 12:31:15 CEST
PL,KEEP,in master list,SEYCHELLES-3GB-15D,B0FRB55T3H,,75.99,0,Inactive,AMAZON_EU,2026-07-01 12:39:17 CEST
PL,KEEP,in master list,SEYCHELLES-5GB-30D,B0FR9P7N6M,,120.99,0,Inactive,AMAZON_EU,2026-07-01 12:42:57 CEST
PL,KEEP-PARENT,variation parent in Google Sheet,SEYCHELLES-ESIM,B0H75HHTS1,,,0,Incomplete,DEFAULT,2026-07-01 12:39:13 CEST
PL,KEEP,in master list,SIERRA-LEONE-20GB-30D,B0H6ML1JW1,,406.99,0,Active,AMAZON_EU,2026-06-30 21:35:26 CEST
PL,KEEP,in master list,SIERRA-LEONE-3GB-15D,B0H6MHPWKP,,115.99,0,Inactive,AMAZON_EU,2026-06-30 21:29:34 CEST
PL,KEEP,in master list,SIERRA-LEONE-5GB-30D,B0H6MBK6HZ,,145.99,0,Inactive,AMAZON_EU,2026-06-30 21:32:20 CEST
PL,KEEP-PARENT,variation parent in Google Sheet,SIERRA-LEONE-ESIM,B0H73DR1PM,,,0,Incomplete,DEFAULT,2026-06-30 21:29:30 CEST
PL,KEEP,in master list,SINGAPORE-20GB-30D,B0FRB256K8,,65.99,0,Active,AMAZON_EU,2026-07-01 12:50:54 CEST
PL,KEEP,in master list,SINGAPORE-5GB-30D,B0FR9X3Y3R,,40.99,0,Active,AMAZON_EU,2026-07-01 12:47:13 CEST
PL,KEEP-PARENT,variation parent in Google Sheet,SINGAPORE-ESIM,B0H75XX528,,,0,Incomplete,DEFAULT,2026-07-01 12:47:10 CEST
PL,KEEP,in master list,SLOVAKIA-20GB-30D,B0FRB14YYC,,65.99,0,Active,AMAZON_EU,2026-07-01 13:02:04 CEST
PL,KEEP,in master list,SLOVAKIA-3GB-15D,B0FR9XC4BW,,35.99,0,Active,AMAZON_EU,2026-07-01 12:54:58 CEST
PL,KEEP,in master list,SLOVAKIA-5GB-30D,B0FRB2X84M,,40.99,0,Inactive,AMAZON_EU,2026-07-01 12:58:36 CEST
PL,KEEP-PARENT,variation parent in Google Sheet,SLOVAKIA-ESIM,B0H75FCMSN,,,0,Incomplete,DEFAULT,2026-07-01 12:54:54 CEST
PL,KEEP,in master list,SLOVENIA-20GB-30D,B0FR9X15V2,,65.99,0,Active,AMAZON_EU,2026-07-01 13:13:38 CEST
PL,KEEP,in master list,SLOVENIA-3GB-15D,B0FR9XCF27,,35.99,0,Inactive,AMAZON_EU,2026-07-01 13:06:16 CEST
PL,KEEP,in master list,SLOVENIA-5GB-30D,B0FRB3SJMR,,40.99,0,Inactive,AMAZON_EU,2026-07-01 13:09:57 CEST
PL,KEEP-PARENT,variation parent in Google Sheet,SLOVENIA-ESIM,B0H75QDHJK,,,0,Incomplete,DEFAULT,2026-07-01 13:06:13 CEST
PL,KEEP-PARENT,variation parent in Google Sheet,SOUTH-AFRICA-ESIM,B0H75N91SS,,,0,Incomplete,DEFAULT,2026-07-01 13:17:51 CEST
PL,KEEP,in master list,SOUTH-AMERICA-5GB-30D,B0FRB8D7HC,,90.99,0,Inactive,AMAZON_EU,2026-07-01 13:22:09 CEST
PL,KEEP-PARENT,variation parent in Google Sheet,SOUTH-AMERICA-ESIM,B0H75LKDJC,,,0,Incomplete,DEFAULT,2026-07-01 13:22:06 CEST
PL,KEEP,in master list,SOUTH-KOREA-20GB-30D,B0FRC4P51Z,,65.99,0,Inactive,AMAZON_EU,2026-07-01 13:33:47 CEST
PL,KEEP,in master list,SOUTH-KOREA-3GB-15D,B0FRC4RTDF,,6.99,0,Active,AMAZON_EU,2026-07-01 13:26:26 CEST
PL,KEEP,in master list,SOUTH-KOREA-5GB-30D,B0FRD9LC4C,,40.99,0,Inactive,AMAZON_EU,2026-07-01 13:30:07 CEST
PL,KEEP-PARENT,variation parent in Google Sheet,SOUTH-KOREA-ESIM,B0H75LVJ2W,,,0,Incomplete,DEFAULT,2026-07-01 13:26:22 CEST
PL,KEEP,in master list,SPAIN-20GB-30D,B0FRCMPGPL,,65.99,0,Inactive,AMAZON_EU,2026-07-01 13:45:27 CEST
PL,KEEP,in master list,SPAIN-3GB-15D,B0FRCDHTZ7,,35.99,0,Active,AMAZON_EU,2026-07-01 13:38:05 CEST
PL,KEEP,in master list,SPAIN-5GB-30D,B0FRBQCLZN,,40.99,0,Active,AMAZON_EU,2026-07-01 13:41:46 CEST
PL,KEEP-PARENT,variation parent in Google Sheet,SPAIN-ESIM,B0H75PYSVB,,,0,Incomplete,DEFAULT,2026-07-01 13:38:02 CEST
PL,KEEP,in master list,SRI-LANKA-20GB-30D,B0FRC2DZN5,,120.99,0,Inactive,AMAZON_EU,2026-07-01 13:57:04 CEST
PL,KEEP,in master list,SRI-LANKA-3GB-15D,B0FRB7Z1NW,,45.99,0,Inactive,AMAZON_EU,2026-07-01 13:49:44 CEST
PL,KEEP,in master list,SRI-LANKA-5GB-30D,B0FRB64B8M,,55.99,0,Inactive,AMAZON_EU,2026-07-01 13:53:25 CEST
PL,KEEP-PARENT,variation parent in Google Sheet,SRI-LANKA-ESIM,B0H75LG9R2,,,0,Incomplete,DEFAULT,2026-07-01 13:49:40 CEST
PL,KEEP,in master list,SUDAN-3GB-15D,B0FRCKTXNQ,,95.99,0,Active,AMAZON_EU,2026-07-01 14:01:20 CEST
PL,KEEP,in master list,SUDAN-5GB-30D,B0FRC799N3,,130.99,0,Active,AMAZON_EU,2026-07-01 14:04:39 CEST
PL,KEEP-PARENT,variation parent in Google Sheet,SUDAN-ESIM,B0H75SF3YH,,,0,Incomplete,DEFAULT,2026-07-01 14:01:16 CEST
PL,KEEP,in master list,SURINAME-20GB-30D,B0H6MNKY5H,,321.99,0,Active,AMAZON_EU,2026-06-30 21:45:19 CEST
PL,KEEP,in master list,SURINAME-3GB-15D,B0H6MLWJMY,,85.99,0,Active,AMAZON_EU,2026-06-30 21:39:07 CEST
PL,KEEP,in master list,SURINAME-5GB-30D,B0H6MNS3N5,,140.99,0,Inactive,AMAZON_EU,2026-06-30 21:42:03 CEST
PL,KEEP-PARENT,variation parent in Google Sheet,SURINAME-ESIM,B0H72WF22D,,,0,Incomplete,DEFAULT,2026-06-30 21:39:04 CEST
PL,KEEP,in master list,SVG-20GB-30D,B0H6MWF5B5,,541.99,0,Inactive,AMAZON_EU,2026-06-30 21:05:28 CEST
PL,KEEP-PARENT,variation parent in Google Sheet,SVG-ESIM,B0H734D686,,,0,Incomplete,DEFAULT,2026-06-30 21:05:24 CEST
PL,KEEP,in master list,SWEDEN-20GB-30D,B0FRB7X5SP,,65.99,0,Inactive,AMAZON_EU,2026-07-01 14:16:19 CEST
PL,KEEP,in master list,SWEDEN-3GB-15D,B0FRCC6W9S,,35.99,0,Inactive,AMAZON_EU,2026-07-01 14:08:58 CEST
PL,KEEP,in master list,SWEDEN-5GB-30D,B0FRCS524D,,40.99,0,Inactive,AMAZON_EU,2026-07-01 14:12:38 CEST
PL,KEEP-PARENT,variation parent in Google Sheet,SWEDEN-ESIM,B0H75XKP5R,,,0,Incomplete,DEFAULT,2026-07-01 14:08:55 CEST
PL,KEEP,in master list,SWITZERLAND-20GB-30D,B0FRB6VY7S,,65.99,0,Inactive,AMAZON_EU,2026-07-01 14:28:01 CEST
PL,KEEP,in master list,SWITZERLAND-3GB-15D,B0FRB5LFVC,,35.99,0,Inactive,AMAZON_EU,2026-07-01 14:20:36 CEST
PL,KEEP,in master list,SWITZERLAND-5GB-30D,B0FRB7G4VW,,40.99,0,Inactive,AMAZON_EU,2026-07-01 14:24:20 CEST
PL,KEEP-PARENT,variation parent in Google Sheet,SWITZERLAND-ESIM,B0H75VY61B,,,0,Incomplete,DEFAULT,2026-07-01 14:20:32 CEST
PL,KEEP,in master list,TAJIKISTAN-20GB-30D,B0H6M85C77,,180.99,0,Active,AMAZON_EU,2026-06-30 21:55:24 CEST
PL,KEEP,in master list,TAJIKISTAN-3GB-15D,B0H6M7XFN6,,65.99,0,Inactive,AMAZON_EU,2026-06-30 21:49:01 CEST
PL,KEEP,in master list,TAJIKISTAN-5GB-30D,B0H6MFYMXZ,,70.99,0,Active,AMAZON_EU,2026-06-30 21:52:28 CEST
PL,KEEP-PARENT,variation parent in Google Sheet,TAJIKISTAN-ESIM,B0H73C8SVC,,,0,Incomplete,DEFAULT,2026-06-30 21:48:58 CEST
PL,KEEP,in master list,TANZANIA-3GB-15D,B0FRC81NPJ,,70.99,0,Inactive,AMAZON_EU,2026-07-01 14:32:18 CEST
PL,KEEP-PARENT,variation parent in Google Sheet,TANZANIA-ESIM,B0H75WVY4Q,,,0,Incomplete,DEFAULT,2026-07-01 14:32:14 CEST
PL,KEEP,in master list,THAILAND-20GB-30D,B0FRCHW3MW,,65.99,0,Inactive,AMAZON_EU,2026-07-01 14:43:55 CEST
PL,KEEP,in master list,THAILAND-3GB-15D,B0FRCDPJSH,,35.99,0,Inactive,AMAZON_EU,2026-07-01 14:36:34 CEST
PL,KEEP,in master list,THAILAND-5GB-30D,B0FR9Q5D1J,,40.99,0,Inactive,AMAZON_EU,2026-07-01 14:40:15 CEST
PL,KEEP-PARENT,variation parent in Google Sheet,THAILAND-ESIM,B0H75Z17RR,,,0,Incomplete,DEFAULT,2026-07-01 14:36:31 CEST
PL,KEEP,in master list,TRINIDAD-AND-TOBAGO-20GB-30D,B0H6MF31VP,,416.99,0,Active,AMAZON_EU,2026-06-30 22:05:49 CEST
PL,KEEP,in master list,TRINIDAD-AND-TOBAGO-3GB-15D,B0H6MJTHXK,,95.99,0,Active,AMAZON_EU,2026-06-30 21:59:05 CEST
PL,KEEP,in master list,TRINIDAD-AND-TOBAGO-5GB-30D,B0H6MJTHY9,,145.99,0,Active,AMAZON_EU,2026-06-30 22:02:22 CEST
PL,KEEP-PARENT,variation parent in Google Sheet,TRINIDAD-AND-TOBAGO-ESIM,B0H73C2S3W,,,0,Incomplete,DEFAULT,2026-06-30 21:59:02 CEST
PL,KEEP,in master list,TUNISIA-5GB-30D,B0FRB7Q96Z,,50.99,0,Inactive,AMAZON_EU,2026-07-01 14:48:10 CEST
PL,KEEP-PARENT,variation parent in Google Sheet,TUNISIA-ESIM,B0H75Y5WF7,,,0,Incomplete,DEFAULT,2026-07-01 14:48:07 CEST
PL,KEEP,in master list,TURKEY-20GB-30D,B0FRCYMWCX,,75.99,0,Inactive,AMAZON_EU,2026-07-01 14:59:47 CEST
PL,KEEP,in master list,TURKEY-3GB-15D,B0FRC2PSHM,,35.99,0,Inactive,AMAZON_EU,2026-07-01 14:52:26 CEST
PL,KEEP,in master list,TURKEY-5GB-30D,B0FRCBZ1BB,,35.99,0,Inactive,AMAZON_EU,2026-07-01 14:56:07 CEST
PL,KEEP-PARENT,variation parent in Google Sheet,TURKEY-ESIM,B0H75WG911,,,0,Incomplete,DEFAULT,2026-07-01 14:52:22 CEST
PL,KEEP,in master list,TURKS-AND-CAICOS-ISLANDS-20GB-30D,B0H6MLBGX7,,391.99,0,Active,AMAZON_EU,2026-06-30 22:15:13 CEST
PL,KEEP,in master list,TURKS-AND-CAICOS-ISLANDS-3GB-15D,B0H6MNNXGL,,100.99,0,Inactive,AMAZON_EU,2026-06-30 22:09:10 CEST
PL,KEEP,in master list,TURKS-AND-CAICOS-ISLANDS-5GB-30D,B0H6MLH1KM,,125.99,0,Inactive,AMAZON_EU,2026-06-30 22:12:38 CEST
PL,KEEP-PARENT,variation parent in Google Sheet,TURKS-AND-CAICOS-ISLANDS-ESIM,B0H73BXQPD,,,0,Incomplete,DEFAULT,2026-06-30 22:09:07 CEST
PL,KEEP,in master list,UGANDA-3GB-15D,B0FRB7F7Z9,,80.99,0,Inactive,AMAZON_EU,2026-07-01 15:03:41 CEST
PL,KEEP-PARENT,variation parent in Google Sheet,UGANDA-ESIM,B0H75W7DP8,,,0,Incomplete,DEFAULT,2026-07-01 15:03:38 CEST
PL,KEEP,in master list,UKRAINE-3GB-15D,B0FRB9SBFR,,35.99,0,Inactive,AMAZON_EU,2026-07-01 15:07:57 CEST
PL,KEEP,in master list,UKRAINE-5GB-30D,B0FRC2NRKG,,40.99,0,Inactive,AMAZON_EU,2026-07-01 15:11:38 CEST
PL,KEEP-PARENT,variation parent in Google Sheet,UKRAINE-ESIM,B0H7619K8D,,,0,Incomplete,DEFAULT,2026-07-01 15:07:53 CEST
PL,KEEP-PARENT,variation parent in Google Sheet,UNITED-ARAB-EMIRATES-ESIM,B0H75ZVCMP,,,0,Incomplete,DEFAULT,2026-07-01 15:15:48 CEST
PL,KEEP-PARENT,variation parent in Google Sheet,UNITED-KINGDOM-ESIM,B0H75TW5DP,,,0,Incomplete,DEFAULT,2026-07-01 15:27:26 CEST
PL,KEEP-PARENT,variation parent in Google Sheet,UNITED-STATES-ESIM,B0H75TTR4T,,,0,Incomplete,DEFAULT,2026-07-01 15:39:03 CEST
PL,KEEP,in master list,URUGUAY-3GB-15D,B0FRB7LHGN,,75.99,0,Active,AMAZON_EU,2026-07-01 15:47:02 CEST
PL,KEEP-PARENT,variation parent in Google Sheet,URUGUAY-ESIM,B0H75SQQT8,,,0,Incomplete,DEFAULT,2026-07-01 15:46:58 CEST
PL,KEEP,in master list,UZBEKISTAN-5GB-30D,B0FRBWFZ6M,,40.99,0,Inactive,AMAZON_EU,2026-07-01 15:51:16 CEST
PL,KEEP-PARENT,variation parent in Google Sheet,UZBEKISTAN-ESIM,B0H7669T79,,,0,Incomplete,DEFAULT,2026-07-01 15:51:13 CEST
PL,KEEP,in master list,VATICAN-CITY-20GB-30D,B0H6MDPLZ9,,65.99,0,Inactive,AMAZON_EU,2026-06-30 22:25:20 CEST
PL,KEEP,in master list,VATICAN-CITY-3GB-15D,B0H6MBMF8G,,35.99,0,Inactive,AMAZON_EU,2026-06-30 22:19:05 CEST
PL,KEEP,in master list,VATICAN-CITY-5GB-30D,B0H6M7YXNP,,40.99,0,Inactive,AMAZON_EU,2026-06-30 22:22:02 CEST
PL,KEEP-PARENT,variation parent in Google Sheet,VATICAN-CITY-ESIM,B0H73Q47CH,,,0,Incomplete,DEFAULT,2026-06-30 22:19:02 CEST
PL,KEEP,in master list,VIETNAM-20GB-30D,B0FRC2NKC4,,95.99,0,Inactive,AMAZON_EU,2026-07-01 16:02:52 CEST
PL,KEEP,in master list,VIETNAM-3GB-15D,B0FRBR2DHW,,35.99,0,Inactive,AMAZON_EU,2026-07-01 15:55:32 CEST
PL,KEEP,in master list,VIETNAM-5GB-30D,B0FRCBXRGV,,45.99,0,Inactive,AMAZON_EU,2026-07-01 15:59:12 CEST
PL,KEEP-PARENT,variation parent in Google Sheet,VIETNAM-ESIM,B0H7619LT8,,,0,Incomplete,DEFAULT,2026-07-01 15:55:29 CEST
PL,KEEP,in master list,ZAMBIA-3GB-15D,B0FRC2NSM2,,75.99,0,Inactive,AMAZON_EU,2026-07-01 16:07:08 CEST
PL,KEEP,in master list,ZAMBIA-5GB-30D,B0FRCL97L4,,120.99,0,Active,AMAZON_EU,2026-07-01 16:10:48 CEST
PL,KEEP-PARENT,variation parent in Google Sheet,ZAMBIA-ESIM,B0H75WNJRL,,,0,Incomplete,DEFAULT,2026-07-01 16:07:04 CEST
