when,market,sku,asin,method,result,issues
2026-08-18T06:47:37+00:00,IE,ZAMBIA-3GB-15D,B0FRC2NSM2,fbm0,DEACTIVATED,
2026-08-18T06:47:39+00:00,IE,MAURITIUS-3GB-15D,B0H2FYRLRC,fbm0,DEACTIVATED,
2026-08-18T06:47:40+00:00,IE,HAJJ-LUX-10GB-30D,B0H3L75HDS,fbm0,ALREADY_OFF,offer already on DEFAULT
2026-08-18T06:47:41+00:00,IE,BULGARIA-3GB-15D,B0H6MCT4Y5,fbm0,ALREADY_OFF,offer already on DEFAULT
2026-08-18T06:47:42+00:00,IE,PERU-3GB-15D,B0H6M5WW3B,fbm0,ALREADY_OFF,offer already on DEFAULT
2026-08-18T06:47:44+00:00,IE,PERU-20GB-30D,B0H6M8BLBD,fbm0,ALREADY_OFF,offer already on DEFAULT
2026-08-18T06:47:45+00:00,IE,ALGERIA-3GB-15D,B0H6M9R3WH,fbm0,ALREADY_OFF,offer already on DEFAULT
2026-08-18T06:47:46+00:00,IE,ALGERIA-5GB-30D,B0H6MDYKG8,fbm0,ALREADY_OFF,offer already on DEFAULT
2026-08-18T06:47:47+00:00,IE,ALGERIA-20GB-30D,B0H6M5TDMD,fbm0,ALREADY_OFF,offer already on DEFAULT
2026-08-18T06:47:49+00:00,IE,ANDORRA-3GB-15D,B0H6MBPRYN,fbm0,ALREADY_OFF,offer already on DEFAULT
2026-08-18T06:47:50+00:00,IE,ANDORRA-5GB-30D,B0H6M5P65S,fbm0,ALREADY_OFF,offer already on DEFAULT
2026-08-18T06:47:51+00:00,IE,ANDORRA-20GB-30D,B0H6MJ97WC,fbm0,ALREADY_OFF,offer already on DEFAULT
2026-08-18T06:47:52+00:00,IE,ANGOLA-3GB-15D,B0H6M5RWZH,fbm0,ALREADY_OFF,offer already on DEFAULT
2026-08-18T06:47:53+00:00,IE,ANGOLA-5GB-30D,B0H6MKZSB4,fbm0,ALREADY_OFF,offer already on DEFAULT
2026-08-18T06:47:55+00:00,IE,ANGUILLA-3GB-15D,B0H6M7X7QY,fbm0,ALREADY_OFF,offer already on DEFAULT
2026-08-18T06:47:56+00:00,IE,ANGUILLA-5GB-30D,B0H6MFJ63H,fbm0,ALREADY_OFF,offer already on DEFAULT
2026-08-18T06:47:57+00:00,IE,ANGUILLA-20GB-30D,B0H6MHMZY8,fbm0,ALREADY_OFF,offer already on DEFAULT
2026-08-18T06:47:58+00:00,IE,ANTIGUA-AND-BARBUDA-3GB-15D,B0H6MBBFLQ,fbm0,ALREADY_OFF,offer already on DEFAULT
2026-08-18T06:48:00+00:00,IE,ANTIGUA-AND-BARBUDA-5GB-30D,B0H6MCR5F9,fbm0,ALREADY_OFF,offer already on DEFAULT
2026-08-18T06:48:01+00:00,IE,ANTIGUA-AND-BARBUDA-20GB-30D,B0H6M2MQJB,fbm0,ALREADY_OFF,offer already on DEFAULT
2026-08-18T06:48:02+00:00,IE,BAHAMAS-3GB-15D,B0H6MB828R,fbm0,ALREADY_OFF,offer already on DEFAULT
2026-08-18T06:48:04+00:00,IE,BAHAMAS-5GB-30D,B0H6MFGH8P,fbm0,ALREADY_OFF,offer already on DEFAULT
2026-08-18T06:48:05+00:00,IE,BAHAMAS-20GB-30D,B0H6MCPR9P,fbm0,ALREADY_OFF,offer already on DEFAULT
2026-08-18T06:48:06+00:00,IE,BARBADOS-3GB-15D,B0H6MCD72X,fbm0,ALREADY_OFF,offer already on DEFAULT
2026-08-18T06:48:08+00:00,IE,BARBADOS-5GB-30D,B0H6MG6VYJ,fbm0,ALREADY_OFF,offer already on DEFAULT
2026-08-18T06:48:09+00:00,IE,BARBADOS-20GB-30D,B0H6MJ921X,fbm0,ALREADY_OFF,offer already on DEFAULT
2026-08-18T06:48:10+00:00,IE,BELIZE-3GB-15D,B0H6MFPNTX,fbm0,ALREADY_OFF,offer already on DEFAULT
2026-08-18T06:48:11+00:00,IE,BELIZE-5GB-30D,B0H6MF1H4V,fbm0,ALREADY_OFF,offer already on DEFAULT
2026-08-18T06:48:13+00:00,IE,BELIZE-20GB-30D,B0H6MBSQM8,fbm0,ALREADY_OFF,offer already on DEFAULT
2026-08-18T06:48:14+00:00,IE,BENIN-3GB-15D,B0H6M9YHDR,fbm0,ALREADY_OFF,offer already on DEFAULT
2026-08-18T06:48:15+00:00,IE,BENIN-5GB-30D,B0H6MHRNBH,fbm0,ALREADY_OFF,offer already on DEFAULT
2026-08-18T06:48:17+00:00,IE,BENIN-20GB-30D,B0H6M7VGSZ,fbm0,ALREADY_OFF,offer already on DEFAULT
2026-08-18T06:48:18+00:00,IE,BERMUDA-3GB-15D,B0H6MDMTGH,fbm0,ALREADY_OFF,offer already on DEFAULT
2026-08-18T06:48:19+00:00,IE,BERMUDA-5GB-30D,B0H6MFM5X4,fbm0,ALREADY_OFF,offer already on DEFAULT
2026-08-18T06:48:20+00:00,IE,BERMUDA-20GB-30D,B0H6MCGQ77,fbm0,ALREADY_OFF,offer already on DEFAULT
2026-08-18T06:48:22+00:00,IE,BHUTAN-3GB-15D,B0H6MJB588,fbm0,ALREADY_OFF,offer already on DEFAULT
2026-08-18T06:48:23+00:00,IE,BHUTAN-5GB-30D,B0H6M9C23Q,fbm0,ALREADY_OFF,offer already on DEFAULT
2026-08-18T06:48:24+00:00,IE,BHUTAN-20GB-30D,B0H6M5WDSH,fbm0,ALREADY_OFF,offer already on DEFAULT
2026-08-18T06:48:25+00:00,IE,CAPE-VERDE-3GB-15D,B0H6M9R16H,fbm0,ALREADY_OFF,offer already on DEFAULT
2026-08-18T06:48:27+00:00,IE,CAPE-VERDE-5GB-30D,B0H6MFG453,fbm0,ALREADY_OFF,offer already on DEFAULT
2026-08-18T06:48:28+00:00,IE,CAPE-VERDE-20GB-30D,B0H6M9VSPG,fbm0,ALREADY_OFF,offer already on DEFAULT
2026-08-18T06:48:29+00:00,IE,CAYMAN-ISLANDS-3GB-15D,B0H6MLHBD7,fbm0,ALREADY_OFF,offer already on DEFAULT
2026-08-18T06:48:31+00:00,IE,CAYMAN-ISLANDS-5GB-30D,B0H6M55MKK,fbm0,ALREADY_OFF,offer already on DEFAULT
2026-08-18T06:48:32+00:00,IE,CAYMAN-ISLANDS-20GB-30D,B0H6MGXYNS,fbm0,ALREADY_OFF,offer already on DEFAULT
2026-08-18T06:48:33+00:00,IE,CURACAO-3GB-15D,B0H6M81JPM,fbm0,ALREADY_OFF,offer already on DEFAULT
2026-08-18T06:48:34+00:00,IE,CURACAO-5GB-30D,B0H6MGZLBC,fbm0,ALREADY_OFF,offer already on DEFAULT
2026-08-18T06:48:36+00:00,IE,CURACAO-20GB-30D,B0H6MF51WH,fbm0,ALREADY_OFF,offer already on DEFAULT
2026-08-18T06:48:37+00:00,IE,DEMOCRATIC-REPUBLIC-OF-THE-CONGO-3GB-15D,B0H6LZL22Y,fbm0,ALREADY_OFF,offer already on DEFAULT
2026-08-18T06:48:38+00:00,IE,DEMOCRATIC-REPUBLIC-OF-THE-CONGO-5GB-30D,B0H6M6L8Z8,fbm0,ALREADY_OFF,offer already on DEFAULT
2026-08-18T06:48:40+00:00,IE,DRC-20GB-30D,B0H6MZWFM7,fbm0,ALREADY_OFF,offer already on DEFAULT
2026-08-18T06:48:41+00:00,IE,DOMINICA-3GB-15D,B0H6M9H54M,fbm0,ALREADY_OFF,offer already on DEFAULT
2026-08-18T06:48:42+00:00,IE,DOMINICA-5GB-30D,B0H6M5HR32,fbm0,ALREADY_OFF,offer already on DEFAULT
2026-08-18T06:48:43+00:00,IE,DOMINICA-20GB-30D,B0H6MK8XTJ,fbm0,ALREADY_OFF,offer already on DEFAULT
2026-08-18T06:48:45+00:00,IE,FAROE-ISLANDS-3GB-15D,B0H6ML935Q,fbm0,ALREADY_OFF,offer already on DEFAULT
2026-08-18T06:48:46+00:00,IE,FAROE-ISLANDS-5GB-30D,B0H6MF2TVH,fbm0,ALREADY_OFF,offer already on DEFAULT
2026-08-18T06:48:47+00:00,IE,FAROE-ISLANDS-20GB-30D,B0H6MB82ZV,fbm0,ALREADY_OFF,offer already on DEFAULT
2026-08-18T06:48:48+00:00,IE,FIJI-3GB-15D,B0H6MFLWYD,fbm0,ALREADY_OFF,offer already on DEFAULT
2026-08-18T06:48:50+00:00,IE,FIJI-5GB-30D,B0H6MJ7GS6,fbm0,ALREADY_OFF,offer already on DEFAULT
2026-08-18T06:48:51+00:00,IE,FIJI-20GB-30D,B0H6MGBL3N,fbm0,ALREADY_OFF,offer already on DEFAULT
2026-08-18T06:48:52+00:00,IE,FRENCH-GUIANA-3GB-15D,B0H6MFD6Z3,fbm0,ALREADY_OFF,offer already on DEFAULT
2026-08-18T06:48:54+00:00,IE,FRENCH-GUIANA-5GB-30D,B0H6MGC352,fbm0,ALREADY_OFF,offer already on DEFAULT
2026-08-18T06:48:55+00:00,IE,FRENCH-GUIANA-20GB-30D,B0H6MDNXJJ,fbm0,ALREADY_OFF,offer already on DEFAULT
2026-08-18T06:48:56+00:00,IE,FRENCH-POLYNESIA-3GB-15D,B0H6MF6GHP,fbm0,ALREADY_OFF,offer already on DEFAULT
2026-08-18T06:48:57+00:00,IE,FRENCH-POLYNESIA-5GB-30D,B0H6MD2GXY,fbm0,ALREADY_OFF,offer already on DEFAULT
2026-08-18T06:48:59+00:00,IE,FRENCH-POLYNESIA-20GB-30D,B0H6M59GH9,fbm0,ALREADY_OFF,offer already on DEFAULT
2026-08-18T06:49:00+00:00,IE,GHANA-3GB-15D,B0H6M7CH6H,fbm0,ALREADY_OFF,offer already on DEFAULT
2026-08-18T06:49:01+00:00,IE,GHANA-5GB-30D,B0H6MD48NZ,fbm0,ALREADY_OFF,offer already on DEFAULT
2026-08-18T06:49:03+00:00,IE,GHANA-20GB-30D,B0H6M9CG3G,fbm0,ALREADY_OFF,offer already on DEFAULT
2026-08-18T06:49:04+00:00,IE,GREENLAND-3GB-15D,B0H6MLNBK2,fbm0,ALREADY_OFF,offer already on DEFAULT
2026-08-18T06:49:05+00:00,IE,GREENLAND-5GB-30D,B0H6MFMLK9,fbm0,ALREADY_OFF,offer already on DEFAULT
2026-08-18T06:49:06+00:00,IE,GREENLAND-20GB-30D,B0H6MBT3TW,fbm0,ALREADY_OFF,offer already on DEFAULT
2026-08-18T06:49:07+00:00,IE,GRENADA-3GB-15D,B0H6M8K37V,fbm0,ALREADY_OFF,offer already on DEFAULT
2026-08-18T06:49:09+00:00,IE,GRENADA-5GB-30D,B0H6MLJR6Z,fbm0,ALREADY_OFF,offer already on DEFAULT
2026-08-18T06:49:10+00:00,IE,GRENADA-20GB-30D,B0H6MGRF37,fbm0,ALREADY_OFF,offer already on DEFAULT
2026-08-18T06:49:11+00:00,IE,GUINEA-3GB-15D,B0H6MGZTF1,fbm0,ALREADY_OFF,offer already on DEFAULT
2026-08-18T06:49:12+00:00,IE,GUINEA-5GB-30D,B0H6MFTVX6,fbm0,ALREADY_OFF,offer already on DEFAULT
2026-08-18T06:49:14+00:00,IE,GUINEA-20GB-30D,B0H6M7VHYP,fbm0,ALREADY_OFF,offer already on DEFAULT
2026-08-18T06:49:15+00:00,IE,GUINEA-BISSAU-3GB-15D,B0H6MG6X8D,fbm0,ALREADY_OFF,offer already on DEFAULT
2026-08-18T06:49:16+00:00,IE,GUINEA-BISSAU-5GB-30D,B0H6MCJ4Y9,fbm0,ALREADY_OFF,offer already on DEFAULT
2026-08-18T06:49:17+00:00,IE,GUINEA-BISSAU-20GB-30D,B0H6MF1JJS,fbm0,ALREADY_OFF,offer already on DEFAULT
2026-08-18T06:49:19+00:00,IE,GUYANA-3GB-15D,B0H6MCG586,fbm0,ALREADY_OFF,offer already on DEFAULT
2026-08-18T06:49:20+00:00,IE,GUYANA-5GB-30D,B0H6MB3FHF,fbm0,ALREADY_OFF,offer already on DEFAULT
2026-08-18T06:49:21+00:00,IE,GUYANA-20GB-30D,B0H6MD1PB7,fbm0,ALREADY_OFF,offer already on DEFAULT
2026-08-18T06:49:22+00:00,IE,HAITI-3GB-15D,B0H6M9YTL4,fbm0,ALREADY_OFF,offer already on DEFAULT
2026-08-18T06:49:24+00:00,IE,HAITI-5GB-30D,B0H6MDHPCV,fbm0,ALREADY_OFF,offer already on DEFAULT
2026-08-18T06:49:25+00:00,IE,HAITI-20GB-30D,B0H6MBNF3Y,fbm0,ALREADY_OFF,offer already on DEFAULT
2026-08-18T06:49:26+00:00,IE,IRAQ-3GB-15D,B0H6MGX6P7,fbm0,ALREADY_OFF,offer already on DEFAULT
2026-08-18T06:49:28+00:00,IE,IRAQ-5GB-30D,B0H6MFRHZN,fbm0,ALREADY_OFF,offer already on DEFAULT
2026-08-18T06:49:29+00:00,IE,IRAQ-20GB-30D,B0H6M956TN,fbm0,ALREADY_OFF,offer already on DEFAULT
2026-08-18T06:49:30+00:00,IE,JAMAICA-3GB-15D,B0H6MF3PNQ,fbm0,ALREADY_OFF,offer already on DEFAULT
2026-08-18T06:49:32+00:00,IE,JAMAICA-5GB-30D,B0H6MJQCMF,fbm0,ALREADY_OFF,offer already on DEFAULT
2026-08-18T06:49:33+00:00,IE,JAMAICA-20GB-30D,B0H6MF52ZZ,fbm0,ALREADY_OFF,offer already on DEFAULT
2026-08-18T06:49:34+00:00,IE,LAOS-3GB-15D,B0H6M96WPB,fbm0,ALREADY_OFF,offer already on DEFAULT
2026-08-18T06:49:36+00:00,IE,LAOS-5GB-30D,B0H6MBJN5B,fbm0,ALREADY_OFF,offer already on DEFAULT
2026-08-18T06:49:37+00:00,IE,LAOS-20GB-30D,B0H6MBWGX1,fbm0,ALREADY_OFF,offer already on DEFAULT
2026-08-18T06:49:38+00:00,IE,LIBYA-3GB-15D,B0H6MBYGXZ,fbm0,ALREADY_OFF,offer already on DEFAULT
2026-08-18T06:49:39+00:00,IE,LIBYA-5GB-30D,B0H6M5PVSB,fbm0,ALREADY_OFF,offer already on DEFAULT
2026-08-18T06:49:41+00:00,IE,LIBYA-20GB-30D,B0H6MFWD2Y,fbm0,ALREADY_OFF,offer already on DEFAULT
2026-08-18T06:49:42+00:00,IE,MALDIVES-3GB-15D,B0H6MD6Y71,fbm0,ALREADY_OFF,offer already on DEFAULT
2026-08-18T06:49:44+00:00,IE,MALDIVES-5GB-30D,B0H6MJQZ8Y,fbm0,ALREADY_OFF,offer already on DEFAULT
2026-08-18T06:49:45+00:00,IE,MALDIVES-20GB-30D,B0H6MM5SCJ,fbm0,ALREADY_OFF,offer already on DEFAULT
2026-08-18T06:49:46+00:00,IE,MARTINIQUE-3GB-15D,B0H6M7SBFQ,fbm0,ALREADY_OFF,offer already on DEFAULT
2026-08-18T06:49:48+00:00,IE,MARTINIQUE-5GB-30D,B0H6MKCD1X,fbm0,ALREADY_OFF,offer already on DEFAULT
2026-08-18T06:49:49+00:00,IE,MARTINIQUE-20GB-30D,B0H6MH94KV,fbm0,ALREADY_OFF,offer already on DEFAULT
2026-08-18T06:49:50+00:00,IE,MAYOTTE-3GB-15D,B0H6MFWP88,fbm0,ALREADY_OFF,offer already on DEFAULT
2026-08-18T06:49:51+00:00,IE,MAYOTTE-5GB-30D,B0H6MD9C4Y,fbm0,ALREADY_OFF,offer already on DEFAULT
2026-08-18T06:49:53+00:00,IE,MAYOTTE-20GB-30D,B0H6M5L8MC,fbm0,ALREADY_OFF,offer already on DEFAULT
2026-08-18T06:49:54+00:00,IE,MONTSERRAT-3GB-15D,B0H6MDJ2ZR,fbm0,ALREADY_OFF,offer already on DEFAULT
2026-08-18T06:49:55+00:00,IE,MONTSERRAT-5GB-30D,B0H6MGQ1Y4,fbm0,ALREADY_OFF,offer already on DEFAULT
2026-08-18T06:49:56+00:00,IE,MONTSERRAT-20GB-30D,B0H6MG87HK,fbm0,ALREADY_OFF,offer already on DEFAULT
2026-08-18T06:49:58+00:00,IE,REPUBLIC-OF-THE-CONGO-3GB-15D,B0H6MM6DKT,fbm0,ALREADY_OFF,offer already on DEFAULT
2026-08-18T06:49:59+00:00,IE,REPUBLIC-OF-THE-CONGO-5GB-30D,B0H6MBXD3B,fbm0,ALREADY_OFF,offer already on DEFAULT
2026-08-18T06:50:00+00:00,IE,REPUBLIC-OF-THE-CONGO-20GB-30D,B0H6MJ756Y,fbm0,ALREADY_OFF,offer already on DEFAULT
2026-08-18T06:50:01+00:00,IE,ROMANIA-3GB-15D,B0H6MKQH2C,fbm0,ALREADY_OFF,offer already on DEFAULT
2026-08-18T06:50:03+00:00,IE,ROMANIA-5GB-30D,B0H6MFVLCB,fbm0,ALREADY_OFF,offer already on DEFAULT
2026-08-18T06:50:04+00:00,IE,ROMANIA-20GB-30D,B0H6MGRC1F,fbm0,ALREADY_OFF,offer already on DEFAULT
2026-08-18T06:50:05+00:00,IE,RUSSIA-3GB-15D,B0H6MDNPC8,fbm0,ALREADY_OFF,offer already on DEFAULT
2026-08-18T06:50:07+00:00,IE,RUSSIA-5GB-30D,B0H6MLHHB2,fbm0,ALREADY_OFF,offer already on DEFAULT
2026-08-18T06:50:08+00:00,IE,RUSSIA-20GB-30D,B0H6MDSLNC,fbm0,ALREADY_OFF,offer already on DEFAULT
2026-08-18T06:50:09+00:00,IE,RWANDA-3GB-15D,B0H6MK2ZBQ,fbm0,ALREADY_OFF,offer already on DEFAULT
2026-08-18T06:50:11+00:00,IE,RWANDA-5GB-30D,B0H6MJZHP1,fbm0,ALREADY_OFF,offer already on DEFAULT
2026-08-18T06:50:12+00:00,IE,RWANDA-20GB-30D,B0H6M66BWN,fbm0,ALREADY_OFF,offer already on DEFAULT
2026-08-18T06:50:13+00:00,IE,SAINT-BARTHELEMY-3GB-15D,B0H6MDMD63,fbm0,ALREADY_OFF,offer already on DEFAULT
2026-08-18T06:50:15+00:00,IE,SAINT-BARTHELEMY-5GB-30D,B0H6MBS246,fbm0,ALREADY_OFF,offer already on DEFAULT
2026-08-18T06:50:16+00:00,IE,SAINT-BARTHELEMY-20GB-30D,B0H6MJHHNB,fbm0,ALREADY_OFF,offer already on DEFAULT
2026-08-18T06:50:17+00:00,IE,SAINT-KITTS-AND-NEVIS-3GB-15D,B0H6MDHJ2B,fbm0,ALREADY_OFF,offer already on DEFAULT
2026-08-18T06:50:18+00:00,IE,SAINT-KITTS-AND-NEVIS-5GB-30D,B0H6MBK615,fbm0,ALREADY_OFF,offer already on DEFAULT
2026-08-18T06:50:20+00:00,IE,SAINT-KITTS-AND-NEVIS-20GB-30D,B0H6MJQSR4,fbm0,ALREADY_OFF,offer already on DEFAULT
2026-08-18T06:50:21+00:00,IE,SAINT-LUCIA-3GB-15D,B0H6M7Y1CD,fbm0,ALREADY_OFF,offer already on DEFAULT
2026-08-18T06:50:22+00:00,IE,SAINT-LUCIA-5GB-30D,B0H6MGBXNV,fbm0,ALREADY_OFF,offer already on DEFAULT
2026-08-18T06:50:23+00:00,IE,SAINT-LUCIA-20GB-30D,B0H6MDX8DY,fbm0,ALREADY_OFF,offer already on DEFAULT
2026-08-18T06:50:25+00:00,IE,SAINT-MARTIN-3GB-15D,B0H6MDB2CN,fbm0,ALREADY_OFF,offer already on DEFAULT
2026-08-18T06:50:26+00:00,IE,SAINT-MARTIN-5GB-30D,B0H6MC37Q1,fbm0,ALREADY_OFF,offer already on DEFAULT
2026-08-18T06:50:27+00:00,IE,SAINT-MARTIN-20GB-30D,B0H6MF7K64,fbm0,ALREADY_OFF,offer already on DEFAULT
2026-08-18T06:50:28+00:00,IE,SAINT-VINCENT-AND-THE-GRENADINES-3GB-15D,B0H6MF3FWZ,fbm0,ALREADY_OFF,offer already on DEFAULT
2026-08-18T06:50:30+00:00,IE,SAINT-VINCENT-AND-THE-GRENADINES-5GB-30D,B0H6MJXH8Z,fbm0,ALREADY_OFF,offer already on DEFAULT
2026-08-18T06:50:31+00:00,IE,SVG-20GB-30D,B0H6MWF5B5,fbm0,ALREADY_OFF,offer already on DEFAULT
2026-08-18T06:50:32+00:00,IE,SAMOA-3GB-15D,B0H6MGJ45S,fbm0,ALREADY_OFF,offer already on DEFAULT
2026-08-18T06:50:34+00:00,IE,SAMOA-5GB-30D,B0H6MFFZH1,fbm0,ALREADY_OFF,offer already on DEFAULT
2026-08-18T06:50:35+00:00,IE,SAMOA-20GB-30D,B0H6MJQDSM,fbm0,ALREADY_OFF,offer already on DEFAULT
2026-08-18T06:50:36+00:00,IE,SAN-MARINO-3GB-15D,B0H6MG33GL,fbm0,ALREADY_OFF,offer already on DEFAULT
2026-08-18T06:50:38+00:00,IE,SAN-MARINO-5GB-30D,B0H6ML6C38,fbm0,ALREADY_OFF,offer already on DEFAULT
2026-08-18T06:50:39+00:00,IE,SAN-MARINO-20GB-30D,B0H6MDHJFJ,fbm0,ALREADY_OFF,offer already on DEFAULT
2026-08-18T06:50:40+00:00,IE,SIERRA-LEONE-3GB-15D,B0H6MHPWKP,fbm0,ALREADY_OFF,offer already on DEFAULT
2026-08-18T06:50:41+00:00,IE,SIERRA-LEONE-5GB-30D,B0H6MBK6HZ,fbm0,ALREADY_OFF,offer already on DEFAULT
2026-08-18T06:50:42+00:00,IE,SIERRA-LEONE-20GB-30D,B0H6ML1JW1,fbm0,ALREADY_OFF,offer already on DEFAULT
2026-08-18T06:50:44+00:00,IE,SURINAME-3GB-15D,B0H6MLWJMY,fbm0,ALREADY_OFF,offer already on DEFAULT
2026-08-18T06:50:45+00:00,IE,SURINAME-5GB-30D,B0H6MNS3N5,fbm0,ALREADY_OFF,offer already on DEFAULT
2026-08-18T06:50:46+00:00,IE,SURINAME-20GB-30D,B0H6MNKY5H,fbm0,ALREADY_OFF,offer already on DEFAULT
2026-08-18T06:50:47+00:00,IE,TAJIKISTAN-3GB-15D,B0H6M7XFN6,fbm0,ALREADY_OFF,offer already on DEFAULT
2026-08-18T06:50:49+00:00,IE,TAJIKISTAN-5GB-30D,B0H6MFYMXZ,fbm0,ALREADY_OFF,offer already on DEFAULT
2026-08-18T06:50:50+00:00,IE,TAJIKISTAN-20GB-30D,B0H6M85C77,fbm0,ALREADY_OFF,offer already on DEFAULT
2026-08-18T06:50:51+00:00,IE,TRINIDAD-AND-TOBAGO-3GB-15D,B0H6MJTHXK,fbm0,ALREADY_OFF,offer already on DEFAULT
2026-08-18T06:50:52+00:00,IE,TRINIDAD-AND-TOBAGO-5GB-30D,B0H6MJTHY9,fbm0,ALREADY_OFF,offer already on DEFAULT
2026-08-18T06:50:54+00:00,IE,TRINIDAD-AND-TOBAGO-20GB-30D,B0H6MF31VP,fbm0,ALREADY_OFF,offer already on DEFAULT
2026-08-18T06:50:56+00:00,IE,TURKS-AND-CAICOS-ISLANDS-3GB-15D,B0H6MNNXGL,fbm0,ALREADY_OFF,offer already on DEFAULT
2026-08-18T06:50:57+00:00,IE,TURKS-AND-CAICOS-ISLANDS-5GB-30D,B0H6MLH1KM,fbm0,ALREADY_OFF,offer already on DEFAULT
2026-08-18T06:50:58+00:00,IE,TURKS-AND-CAICOS-ISLANDS-20GB-30D,B0H6MLBGX7,fbm0,ALREADY_OFF,offer already on DEFAULT
2026-08-18T06:50:59+00:00,IE,VATICAN-CITY-3GB-15D,B0H6MBMF8G,fbm0,ALREADY_OFF,offer already on DEFAULT
2026-08-18T06:51:01+00:00,IE,VATICAN-CITY-5GB-30D,B0H6M7YXNP,fbm0,ALREADY_OFF,offer already on DEFAULT
2026-08-18T06:51:02+00:00,IE,VATICAN-CITY-20GB-30D,B0H6MDPLZ9,fbm0,ALREADY_OFF,offer already on DEFAULT
2026-08-18T06:51:03+00:00,IE,CANADA-PREMIUM-3GB-15D,B0H6MJ1HMJ,fbm0,ALREADY_OFF,offer already on DEFAULT
2026-08-18T06:51:04+00:00,IE,CANADA-PREMIUM-5GB-30D,B0H6MPXGBN,fbm0,ALREADY_OFF,offer already on DEFAULT
2026-08-18T06:51:06+00:00,IE,CANADA-PREMIUM-20GB-30D,B0H6MJ9N4Y,fbm0,ALREADY_OFF,offer already on DEFAULT
2026-08-18T06:51:07+00:00,IE,AALAND-ISLANDS-3GB-15D,B0FR3CCSMB,fbm0,ALREADY_OFF,offer already on DEFAULT
2026-08-18T06:51:08+00:00,IE,AALAND-ISLANDS-5GB-30D,B0FR3G6JWB,fbm0,ALREADY_OFF,offer already on DEFAULT
2026-08-18T06:51:09+00:00,IE,AALAND-ISLANDS-20GB-30D,B0FR39Q1KJ,fbm0,ALREADY_OFF,offer already on DEFAULT
2026-08-18T06:51:10+00:00,IE,AFRICA-5GB-30D,B0FR3GK9Z7,fbm0,ALREADY_OFF,offer already on DEFAULT
2026-08-18T06:51:11+00:00,IE,ALBANIA-5GB-30D,B0FR4ZG3Z6,fbm0,ALREADY_OFF,offer already on DEFAULT
2026-08-18T06:51:13+00:00,IE,ARGENTINA-3GB-15D,B0FR554SXN,fbm0,ALREADY_OFF,offer already on DEFAULT
2026-08-18T06:51:15+00:00,IE,ARGENTINA-20GB-30D,B0FR5DCH33,fbm0,ALREADY_OFF,offer already on DEFAULT
2026-08-18T06:51:16+00:00,IE,ARMENIA-3GB-15D,B0FR5BK9R4,fbm0,ALREADY_OFF,offer already on DEFAULT
2026-08-18T06:51:17+00:00,IE,ARMENIA-20GB-30D,B0FR4ZT5XT,fbm0,ALREADY_OFF,offer already on DEFAULT
2026-08-18T06:51:18+00:00,IE,ASIA-20-3GB-15D,B0FR9FZ4RF,fbm0,ALREADY_OFF,offer already on DEFAULT
2026-08-18T06:51:19+00:00,IE,ASIA-20-5GB-30D,B0FR9BQNSV,fbm0,ALREADY_OFF,offer already on DEFAULT
2026-08-18T06:51:21+00:00,IE,AUSTRALIA-3GB-15D,B0FR9SKY4D,fbm0,ALREADY_OFF,offer already on DEFAULT
2026-08-18T06:51:22+00:00,IE,AUSTRALIA-5GB-30D,B0FR9JRB62,fbm0,ALREADY_OFF,offer already on DEFAULT
2026-08-18T06:51:23+00:00,IE,AUSTRALIA-20GB-30D,B0FR9G1ZQJ,fbm0,ALREADY_OFF,offer already on DEFAULT
2026-08-18T06:51:24+00:00,IE,AUSTRIA-3GB-15D,B0FR9QSMSP,fbm0,ALREADY_OFF,offer already on DEFAULT
2026-08-18T06:51:26+00:00,IE,AUSTRIA-5GB-30D,B0FR8XCH78,fbm0,ALREADY_OFF,offer already on DEFAULT
2026-08-18T06:51:27+00:00,IE,AUSTRIA-20GB-30D,B0FR8XBSBP,fbm0,ALREADY_OFF,offer already on DEFAULT
2026-08-18T06:51:28+00:00,IE,AZERBAIJAN-3GB-15D,B0FR9BTC98,fbm0,ALREADY_OFF,offer already on DEFAULT
2026-08-18T06:51:29+00:00,IE,BAHRAIN-3GB-15D,B0FR9K64KF,fbm0,ALREADY_OFF,offer already on DEFAULT
2026-08-18T06:51:31+00:00,IE,BANGLADESH-3GB-15D,B0FR9L7SG3,fbm0,ALREADY_OFF,offer already on DEFAULT
2026-08-18T06:51:32+00:00,IE,BANGLADESH-5GB-30D,B0FR9BQFCM,fbm0,ALREADY_OFF,offer already on DEFAULT
2026-08-18T06:51:33+00:00,IE,BANGLADESH-20GB-30D,B0FR8FJ3HJ,fbm0,ALREADY_OFF,offer already on DEFAULT
2026-08-18T06:51:35+00:00,IE,BELARUS-3GB-15D,B0FR9G3Z82,fbm0,ALREADY_OFF,offer already on DEFAULT
2026-08-18T06:51:36+00:00,IE,BELARUS-5GB-30D,B0FR8FFT4D,fbm0,ALREADY_OFF,offer already on DEFAULT
2026-08-18T06:51:37+00:00,IE,BELGIUM-3GB-15D,B0FR9G432K,fbm0,ALREADY_OFF,offer already on DEFAULT
2026-08-18T06:51:39+00:00,IE,BELGIUM-5GB-30D,B0FR9SXCW6,fbm0,ALREADY_OFF,offer already on DEFAULT
2026-08-18T06:51:40+00:00,IE,BELGIUM-20GB-30D,B0FR9BVRCH,fbm0,ALREADY_OFF,offer already on DEFAULT
2026-08-18T06:51:41+00:00,IE,BOLIVIA-3GB-15D,B0FR8FKPKH,fbm0,ALREADY_OFF,offer already on DEFAULT
2026-08-18T06:51:43+00:00,IE,BOLIVIA-20GB-30D,B0FR9RH588,fbm0,ALREADY_OFF,offer already on DEFAULT
2026-08-18T06:51:44+00:00,IE,BOSNIA-AND-HERZEGOVINA-3GB-15D,B0FR9G8ZVK,fbm0,ALREADY_OFF,offer already on DEFAULT
2026-08-18T06:51:45+00:00,IE,BOTSWANA-3GB-15D,B0FR9G7N2Q,fbm0,ALREADY_OFF,offer already on DEFAULT
2026-08-18T06:51:47+00:00,IE,BRAZIL-3GB-15D,B0FR9G5LKV,fbm0,ALREADY_OFF,offer already on DEFAULT
2026-08-18T06:51:48+00:00,IE,BRAZIL-20GB-30D,B0FR9KLZCR,fbm0,ALREADY_OFF,offer already on DEFAULT
2026-08-18T06:51:49+00:00,IE,BRUNEI-DARUSSALAM-3GB-15D,B0FR9KTJND,fbm0,ALREADY_OFF,offer already on DEFAULT
2026-08-18T06:51:51+00:00,IE,BRUNEI-DARUSSALAM-20GB-30D,B0FR9F971C,fbm0,ALREADY_OFF,offer already on DEFAULT
2026-08-18T06:51:52+00:00,IE,BURKINA-FASO-3GB-15D,B0FR9HWFSK,fbm0,ALREADY_OFF,offer already on DEFAULT
2026-08-18T06:51:54+00:00,IE,BURKINA-FASO-5GB-30D,B0FR9BWKSY,fbm0,ALREADY_OFF,offer already on DEFAULT
2026-08-18T06:51:55+00:00,IE,CAMEROON-3GB-15D,B0FR9VJ1ZB,fbm0,ALREADY_OFF,offer already on DEFAULT
2026-08-18T06:51:56+00:00,IE,CENTRAL-AFRICAN-REPUBLIC-3GB-15D,B0FR9RK8FP,fbm0,ALREADY_OFF,offer already on DEFAULT
2026-08-18T06:51:57+00:00,IE,CENTRAL-AFRICAN-REPUBLIC-5GB-30D,B0FR9R3NMC,fbm0,ALREADY_OFF,offer already on DEFAULT
2026-08-18T06:51:58+00:00,IE,CHAD-3GB-15D,B0FR9SG4MK,fbm0,ALREADY_OFF,offer already on DEFAULT
2026-08-18T06:52:00+00:00,IE,CHAD-5GB-30D,B0FR9L414C,fbm0,ALREADY_OFF,offer already on DEFAULT
2026-08-18T06:52:01+00:00,IE,CHILE-3GB-15D,B0FR9RY1RT,fbm0,ALREADY_OFF,offer already on DEFAULT
2026-08-18T06:52:02+00:00,IE,CHINA-3GB-15D,B0FR9QZ578,fbm0,ALREADY_OFF,offer already on DEFAULT
2026-08-18T06:52:04+00:00,IE,CHINA-5GB-30D,B0FR9HX7XH,fbm0,ALREADY_OFF,offer already on DEFAULT
2026-08-18T06:52:05+00:00,IE,CHINA-20GB-30D,B0FR9GD6X9,fbm0,ALREADY_OFF,offer already on DEFAULT
2026-08-18T06:52:07+00:00,IE,COLOMBIA-3GB-15D,B0FR9RL8W5,fbm0,ALREADY_OFF,offer already on DEFAULT
2026-08-18T06:52:08+00:00,IE,CAMBODIA-3GB-15D,B0FR8XKMJ4,fbm0,ALREADY_OFF,offer already on DEFAULT
2026-08-18T06:52:09+00:00,IE,CAMBODIA-20GB-30D,B0FR9GFJPL,fbm0,ALREADY_OFF,offer already on DEFAULT
2026-08-18T06:52:11+00:00,IE,COSTA-RICA-3GB-15D,B0FR9LNRMN,fbm0,ALREADY_OFF,offer already on DEFAULT
2026-08-18T06:52:12+00:00,IE,COTE-D-IVOIRE-3GB-15D,B0FR9HW9DJ,fbm0,ALREADY_OFF,offer already on DEFAULT
2026-08-18T06:52:13+00:00,IE,COTE-D-IVOIRE-5GB-30D,B0FR9V5LYJ,fbm0,ALREADY_OFF,offer already on DEFAULT
2026-08-18T06:52:14+00:00,IE,CROATIA-3GB-15D,B0FR9GDKT1,fbm0,ALREADY_OFF,offer already on DEFAULT
2026-08-18T06:52:16+00:00,IE,CROATIA-5GB-30D,B0FR9BVV58,fbm0,ALREADY_OFF,offer already on DEFAULT
2026-08-18T06:52:17+00:00,IE,CROATIA-20GB-30D,B0FR9TYCSL,fbm0,ALREADY_OFF,offer already on DEFAULT
2026-08-18T06:52:18+00:00,IE,CYPRUS-3GB-15D,B0FR8XJWWG,fbm0,ALREADY_OFF,offer already on DEFAULT
2026-08-18T06:52:20+00:00,IE,CYPRUS-5GB-30D,B0FR8XHWZV,fbm0,ALREADY_OFF,offer already on DEFAULT
2026-08-18T06:52:21+00:00,IE,CZECH-REPUBLIC-3GB-15D,B0FR9SB2Q3,fbm0,ALREADY_OFF,offer already on DEFAULT
2026-08-18T06:52:22+00:00,IE,CZECH-REPUBLIC-5GB-30D,B0FR9BY2LF,fbm0,ALREADY_OFF,offer already on DEFAULT
2026-08-18T06:52:23+00:00,IE,CZECH-REPUBLIC-20GB-30D,B0FR9SVN9H,fbm0,ALREADY_OFF,offer already on DEFAULT
2026-08-18T06:52:25+00:00,IE,DENMARK-3GB-15D,B0FR9GSNP4,fbm0,ALREADY_OFF,offer already on DEFAULT
2026-08-18T06:52:27+00:00,IE,DENMARK-5GB-30D,B0FR8XQYR4,fbm0,ALREADY_OFF,offer already on DEFAULT
2026-08-18T06:52:28+00:00,IE,DENMARK-20GB-30D,B0FR9QPF45,fbm0,ALREADY_OFF,offer already on DEFAULT
2026-08-18T06:52:29+00:00,IE,DOMINICAN-REPUBLIC-3GB-15D,B0FR9GSKZF,fbm0,ALREADY_OFF,offer already on DEFAULT
2026-08-18T06:52:31+00:00,IE,DOMINICAN-REPUBLIC-5GB-30D,B0FR9GQKCM,fbm0,ALREADY_OFF,offer already on DEFAULT
2026-08-18T06:52:32+00:00,IE,DOMINICAN-REPUBLIC-20GB-30D,B0FR9C6DJF,fbm0,ALREADY_OFF,offer already on DEFAULT
2026-08-18T06:52:33+00:00,IE,ECUADOR-3GB-15D,B0FR9RM6MP,fbm0,ALREADY_OFF,offer already on DEFAULT
2026-08-18T06:52:35+00:00,IE,EGYPT-3GB-15D,B0FR9C784N,fbm0,ALREADY_OFF,offer already on DEFAULT
2026-08-18T06:52:36+00:00,IE,EGYPT-5GB-30D,B0FR9LR5KJ,fbm0,ALREADY_OFF,offer already on DEFAULT
2026-08-18T06:52:37+00:00,IE,EGYPT-20GB-30D,B0FR9GQBGL,fbm0,ALREADY_OFF,offer already on DEFAULT
2026-08-18T06:52:39+00:00,IE,EL-SALVADOR-3GB-15D,B0FR9LJ7X4,fbm0,ALREADY_OFF,offer already on DEFAULT
2026-08-18T06:52:40+00:00,IE,ESTONIA-3GB-15D,B0FR9GST1S,fbm0,ALREADY_OFF,offer already on DEFAULT
2026-08-18T06:52:41+00:00,IE,ESTONIA-5GB-30D,B0FR9GQYKB,fbm0,ALREADY_OFF,offer already on DEFAULT
2026-08-18T06:52:42+00:00,IE,ESTONIA-20GB-30D,B0FR9L527N,fbm0,ALREADY_OFF,offer already on DEFAULT
2026-08-18T06:52:44+00:00,IE,EUROPE-40-AREAS-5GB-30D,B0FR9RYSSS,fbm0,ALREADY_OFF,offer already on DEFAULT
2026-08-18T06:52:45+00:00,IE,EUROPE-40-AREAS-20GB-30D,B0FR9TNPV3,fbm0,ALREADY_OFF,offer already on DEFAULT
2026-08-18T06:52:46+00:00,IE,FINLAND-3GB-15D,B0FR9GSND6,fbm0,ALREADY_OFF,offer already on DEFAULT
2026-08-18T06:52:47+00:00,IE,FINLAND-5GB-30D,B0FR9SB3BJ,fbm0,ALREADY_OFF,offer already on DEFAULT
2026-08-18T06:52:49+00:00,IE,FRANCE-3GB-15D,B0FR9C5ZB6,fbm0,ALREADY_OFF,offer already on DEFAULT
2026-08-18T06:52:50+00:00,IE,FRANCE-5GB-30D,B0FR9LMDW5,fbm0,ALREADY_OFF,offer already on DEFAULT
2026-08-18T06:52:51+00:00,IE,FRANCE-20GB-30D,B0FR9GPMC5,fbm0,ALREADY_OFF,offer already on DEFAULT
2026-08-18T06:52:53+00:00,IE,GABON-3GB-15D,B0FR9GPX9T,fbm0,ALREADY_OFF,offer already on DEFAULT
2026-08-18T06:52:54+00:00,IE,GEORGIA-3GB-15D,B0FR9KMX2N,fbm0,ALREADY_OFF,offer already on DEFAULT
2026-08-18T06:52:55+00:00,IE,GEORGIA-20GB-30D,B0FR9C73NK,fbm0,ALREADY_OFF,offer already on DEFAULT
2026-08-18T06:52:56+00:00,IE,GERMANY-3GB-15D,B0GSZBMLKV,fbm0,ALREADY_OFF,offer already on DEFAULT
2026-08-18T06:52:58+00:00,IE,GERMANY-5GB-30D,B0GSZDYWLZ,fbm0,ALREADY_OFF,offer already on DEFAULT
2026-08-18T06:52:59+00:00,IE,GERMANY-20GB-30D,B0GSZP9H94,fbm0,ALREADY_OFF,offer already on DEFAULT
2026-08-18T06:53:00+00:00,IE,GIBRALTAR-3GB-15D,B0FR8XSPMC,fbm0,ALREADY_OFF,offer already on DEFAULT
2026-08-18T06:53:02+00:00,IE,GLOBAL139-5GB-30D,B0FR9VNTLY,fbm0,ALREADY_OFF,offer already on DEFAULT
2026-08-18T06:53:03+00:00,IE,GREECE-3GB-15D,B0FR9L85F6,fbm0,ALREADY_OFF,offer already on DEFAULT
2026-08-18T06:53:04+00:00,IE,GREECE-5GB-30D,B0FR9C7SMF,fbm0,ALREADY_OFF,offer already on DEFAULT
2026-08-18T06:53:06+00:00,IE,GREECE-20GB-30D,B0FR9KJGBG,fbm0,ALREADY_OFF,offer already on DEFAULT
2026-08-18T06:53:07+00:00,IE,GUADELOUPE-3GB-15D,B0FR9TMVWK,fbm0,ALREADY_OFF,offer already on DEFAULT
2026-08-18T06:53:08+00:00,IE,GUADELOUPE-20GB-30D,B0FR8XTBF6,fbm0,ALREADY_OFF,offer already on DEFAULT
2026-08-18T06:53:09+00:00,IE,GUAM-3GB-15D,B0FR9GVSSF,fbm0,ALREADY_OFF,offer already on DEFAULT
2026-08-18T06:53:11+00:00,IE,GUAM-5GB-30D,B0FR9SVP8Y,fbm0,ALREADY_OFF,offer already on DEFAULT
2026-08-18T06:53:12+00:00,IE,GUAM-20GB-30D,B0FR9C7MGP,fbm0,ALREADY_OFF,offer already on DEFAULT
2026-08-18T06:53:13+00:00,IE,GUATEMALA-3GB-15D,B0FR9VC6VD,fbm0,ALREADY_OFF,offer already on DEFAULT
2026-08-18T06:53:15+00:00,IE,GUERNSEY-3GB-15D,B0FR9SMWDN,fbm0,ALREADY_OFF,offer already on DEFAULT
2026-08-18T06:53:16+00:00,IE,GUERNSEY-5GB-30D,B0FR9C5PXR,fbm0,ALREADY_OFF,offer already on DEFAULT
2026-08-18T06:53:17+00:00,IE,GUERNSEY-20GB-30D,B0FR9LYWWY,fbm0,ALREADY_OFF,offer already on DEFAULT
2026-08-18T06:53:18+00:00,IE,HONDURAS-3GB-15D,B0FR9ZYV5G,fbm0,ALREADY_OFF,offer already on DEFAULT
2026-08-18T06:53:20+00:00,IE,HONG-KONG-3GB-15D,B0FR9CC6Q8,fbm0,ALREADY_OFF,offer already on DEFAULT
2026-08-18T06:53:21+00:00,IE,HONG-KONG-5GB-30D,B0FR9GXYYL,fbm0,ALREADY_OFF,offer already on DEFAULT
2026-08-18T06:53:22+00:00,IE,HONG-KONG-20GB-30D,B0FR9GXZ6F,fbm0,ALREADY_OFF,offer already on DEFAULT
2026-08-18T06:53:23+00:00,IE,HUNGARY-3GB-15D,B0FR9C9JVW,fbm0,ALREADY_OFF,offer already on DEFAULT
2026-08-18T06:53:25+00:00,IE,HUNGARY-5GB-30D,B0FR9GY3R5,fbm0,ALREADY_OFF,offer already on DEFAULT
2026-08-18T06:53:26+00:00,IE,HUNGARY-20GB-30D,B0FR9ZVYYQ,fbm0,ALREADY_OFF,offer already on DEFAULT
2026-08-18T06:53:27+00:00,IE,ICELAND-3GB-15D,B0FR9TBBK1,fbm0,ALREADY_OFF,offer already on DEFAULT
2026-08-18T06:53:28+00:00,IE,ICELAND-5GB-30D,B0FR9ZWQBD,fbm0,ALREADY_OFF,offer already on DEFAULT
2026-08-18T06:53:30+00:00,IE,ICELAND-20GB-30D,B0FR9GX6LF,fbm0,ALREADY_OFF,offer already on DEFAULT
2026-08-18T06:53:31+00:00,IE,INDIA-3GB-15D,B0FR9ZM116,fbm0,ALREADY_OFF,offer already on DEFAULT
2026-08-18T06:53:32+00:00,IE,INDIA-5GB-30D,B0FR9GXWN9,fbm0,ALREADY_OFF,offer already on DEFAULT
2026-08-18T06:53:34+00:00,IE,INDIA-20GB-30D,B0FR9DYMHX,fbm0,ALREADY_OFF,offer already on DEFAULT
2026-08-18T06:53:35+00:00,IE,INDONESIA-3GB-15D,B0FR9T6QPZ,fbm0,ALREADY_OFF,offer already on DEFAULT
2026-08-18T06:53:37+00:00,IE,INDONESIA-5GB-30D,B0FR8XW5DR,fbm0,ALREADY_OFF,offer already on DEFAULT
2026-08-18T06:53:38+00:00,IE,INDONESIA-20GB-30D,B0FR9QXRDQ,fbm0,ALREADY_OFF,offer already on DEFAULT
2026-08-18T06:53:39+00:00,IE,IRELAND-3GB-15D,B0FR8XV57F,fbm0,ALREADY_OFF,offer already on DEFAULT
2026-08-18T06:53:40+00:00,IE,IRELAND-5GB-30D,B0FR9GYKQL,fbm0,ALREADY_OFF,offer already on DEFAULT
2026-08-18T06:53:42+00:00,IE,IRELAND-20GB-30D,B0FR9SZG2Z,fbm0,ALREADY_OFF,offer already on DEFAULT
2026-08-18T06:53:43+00:00,IE,ISLE-OF-MAN-3GB-15D,B0FR9LZ7RL,fbm0,ALREADY_OFF,offer already on DEFAULT
2026-08-18T06:53:44+00:00,IE,ISLE-OF-MAN-5GB-30D,B0FR9M27XY,fbm0,ALREADY_OFF,offer already on DEFAULT
2026-08-18T06:53:45+00:00,IE,ISLE-OF-MAN-20GB-30D,B0FR9CB5LK,fbm0,ALREADY_OFF,offer already on DEFAULT
2026-08-18T06:53:47+00:00,IE,ISRAEL-3GB-15D,B0FR9M11H1,fbm0,ALREADY_OFF,offer already on DEFAULT
2026-08-18T06:53:48+00:00,IE,ISRAEL-5GB-30D,B0FR8XVZZM,fbm0,ALREADY_OFF,offer already on DEFAULT
2026-08-18T06:53:49+00:00,IE,ISRAEL-20GB-30D,B0FR9K8SQ1,fbm0,ALREADY_OFF,offer already on DEFAULT
2026-08-18T06:53:51+00:00,IE,ITALY-3GB-15D,B0FR9GXZ18,fbm0,ALREADY_OFF,offer already on DEFAULT
2026-08-18T06:53:52+00:00,IE,ITALY-5GB-30D,B0FR9ZR2TH,fbm0,ALREADY_OFF,offer already on DEFAULT
2026-08-18T06:53:53+00:00,IE,ITALY-20GB-30D,B0FR9RNZV2,fbm0,ALREADY_OFF,offer already on DEFAULT
2026-08-18T06:53:54+00:00,IE,JAPAN-3GB-15D,B0FR9LVZVQ,fbm0,ALREADY_OFF,offer already on DEFAULT
2026-08-18T06:53:56+00:00,IE,JAPAN-5GB-30D,B0FR9TLXXH,fbm0,ALREADY_OFF,offer already on DEFAULT
2026-08-18T06:53:57+00:00,IE,JAPAN-20GB-30D,B0FR9RZKRB,fbm0,ALREADY_OFF,offer already on DEFAULT
2026-08-18T06:53:58+00:00,IE,JERSEY-3GB-15D,B0FR9GYMR5,fbm0,ALREADY_OFF,offer already on DEFAULT
2026-08-18T06:54:00+00:00,IE,JERSEY-5GB-30D,B0FR9M27GP,fbm0,ALREADY_OFF,offer already on DEFAULT
2026-08-18T06:54:01+00:00,IE,JERSEY-20GB-30D,B0FR9CBQDH,fbm0,ALREADY_OFF,offer already on DEFAULT
2026-08-18T06:54:03+00:00,IE,JORDAN-3GB-15D,B0FR9M144Z,fbm0,ALREADY_OFF,offer already on DEFAULT
2026-08-18T06:54:04+00:00,IE,JORDAN-5GB-30D,B0FR9ZTZNK,fbm0,ALREADY_OFF,offer already on DEFAULT
2026-08-18T06:54:05+00:00,IE,JORDAN-20GB-30D,B0FR9ST188,fbm0,ALREADY_OFF,offer already on DEFAULT
2026-08-18T06:54:06+00:00,IE,KAZAKHSTAN-3GB-15D,B0FR9T4DG2,fbm0,ALREADY_OFF,offer already on DEFAULT
2026-08-18T06:54:08+00:00,IE,KAZAKHSTAN-5GB-30D,B0FR9ZMMSH,fbm0,ALREADY_OFF,offer already on DEFAULT
2026-08-18T06:54:09+00:00,IE,KAZAKHSTAN-20GB-30D,B0FR9TLNNW,fbm0,ALREADY_OFF,offer already on DEFAULT
2026-08-18T06:54:10+00:00,IE,KENYA-3GB-15D,B0FR9GZ14G,fbm0,ALREADY_OFF,offer already on DEFAULT
2026-08-18T06:54:11+00:00,IE,KENYA-5GB-30D,B0FR9T4DG6,fbm0,ALREADY_OFF,offer already on DEFAULT
2026-08-18T06:54:13+00:00,IE,KUWAIT-3GB-15D,B0FR9LZJ3X,fbm0,ALREADY_OFF,offer already on DEFAULT
2026-08-18T06:54:14+00:00,IE,KUWAIT-5GB-30D,B0FR9M2TXP,fbm0,ALREADY_OFF,offer already on DEFAULT
2026-08-18T06:54:15+00:00,IE,KUWAIT-20GB-30D,B0FR9KBF4P,fbm0,ALREADY_OFF,offer already on DEFAULT
2026-08-18T06:54:17+00:00,IE,KYRGYZSTAN-3GB-15D,B0FR9TVF4R,fbm0,ALREADY_OFF,offer already on DEFAULT
2026-08-18T06:54:18+00:00,IE,KYRGYZSTAN-20GB-30D,B0FR8XXBHM,fbm0,ALREADY_OFF,offer already on DEFAULT
2026-08-18T06:54:19+00:00,IE,LATVIA-3GB-15D,B0FR9VM4K6,fbm0,ALREADY_OFF,offer already on DEFAULT
2026-08-18T06:54:21+00:00,IE,LATVIA-5GB-30D,B0FR9TR99S,fbm0,ALREADY_OFF,offer already on DEFAULT
2026-08-18T06:54:22+00:00,IE,LATVIA-20GB-30D,B0FR9SWN6V,fbm0,ALREADY_OFF,offer already on DEFAULT
2026-08-18T06:54:23+00:00,IE,LIBERIA-3GB-15D,B0FR9H18JQ,fbm0,ALREADY_OFF,offer already on DEFAULT
2026-08-18T06:54:25+00:00,IE,LIBERIA-5GB-30D,B0FR9SJ1YH,fbm0,ALREADY_OFF,offer already on DEFAULT
2026-08-18T06:54:26+00:00,IE,LIECHTENSTEIN-3GB-15D,B0FR9S35ZH,fbm0,ALREADY_OFF,offer already on DEFAULT
2026-08-18T06:54:27+00:00,IE,LITHUANIA-3GB-15D,B0FR9KS3P4,fbm0,ALREADY_OFF,offer already on DEFAULT
2026-08-18T06:54:29+00:00,IE,LITHUANIA-5GB-30D,B0FR9R598C,fbm0,ALREADY_OFF,offer already on DEFAULT
2026-08-18T06:54:30+00:00,IE,LITHUANIA-20GB-30D,B0FR9TQN8N,fbm0,ALREADY_OFF,offer already on DEFAULT
2026-08-18T06:54:31+00:00,IE,LUXEMBOURG-3GB-15D,B0FR9SHRKM,fbm0,ALREADY_OFF,offer already on DEFAULT
2026-08-18T06:54:33+00:00,IE,LUXEMBOURG-5GB-30D,B0FR9SB862,fbm0,ALREADY_OFF,offer already on DEFAULT
2026-08-18T06:54:34+00:00,IE,LUXEMBOURG-20GB-30D,B0FR8XXXZB,fbm0,ALREADY_OFF,offer already on DEFAULT
2026-08-18T06:54:35+00:00,IE,MACAO-3GB-15D,B0FR9M485M,fbm0,ALREADY_OFF,offer already on DEFAULT
2026-08-18T06:54:37+00:00,IE,MACAO-5GB-30D,B0FR9L9624,fbm0,ALREADY_OFF,offer already on DEFAULT
2026-08-18T06:54:38+00:00,IE,MACAO-20GB-30D,B0FR9CDBN2,fbm0,ALREADY_OFF,offer already on DEFAULT
2026-08-18T06:54:39+00:00,IE,MADAGASCAR-3GB-15D,B0FR9H2NS1,fbm0,ALREADY_OFF,offer already on DEFAULT
2026-08-18T06:54:40+00:00,IE,MALAWI-3GB-15D,B0FR9H3JDK,fbm0,ALREADY_OFF,offer already on DEFAULT
2026-08-18T06:54:42+00:00,IE,MALAWI-5GB-30D,B0FR9GXY24,fbm0,ALREADY_OFF,offer already on DEFAULT
2026-08-18T06:54:43+00:00,IE,MALAYSIA-3GB-15D,B0FR9H1Q65,fbm0,ALREADY_OFF,offer already on DEFAULT
2026-08-18T06:54:44+00:00,IE,MALAYSIA-5GB-30D,B0FR9LDGX8,fbm0,ALREADY_OFF,offer already on DEFAULT
2026-08-18T06:54:46+00:00,IE,MALAYSIA-20GB-30D,B0FR9VMWYD,fbm0,ALREADY_OFF,offer already on DEFAULT
2026-08-18T06:54:47+00:00,IE,MALI-3GB-15D,B0FR9TRDSY,fbm0,ALREADY_OFF,offer already on DEFAULT
2026-08-18T06:54:48+00:00,IE,MALTA-3GB-15D,B0FR9M3PNR,fbm0,ALREADY_OFF,offer already on DEFAULT
2026-08-18T06:54:49+00:00,IE,MALTA-5GB-30D,B0FR9ZSMTC,fbm0,ALREADY_OFF,offer already on DEFAULT
2026-08-18T06:54:51+00:00,IE,MALTA-20GB-30D,B0FR9VL1Q9,fbm0,ALREADY_OFF,offer already on DEFAULT
2026-08-18T06:54:52+00:00,IE,MEXICO-3GB-15D,B0FR9SZSTG,fbm0,ALREADY_OFF,offer already on DEFAULT
2026-08-18T06:54:53+00:00,IE,MEXICO-5GB-30D,B0FR9H2K1C,fbm0,ALREADY_OFF,offer already on DEFAULT
2026-08-18T06:54:55+00:00,IE,MEXICO-20GB-30D,B0FR9VDSJX,fbm0,ALREADY_OFF,offer already on DEFAULT
2026-08-18T06:54:56+00:00,IE,MIDDLE-EAST-5GB-30D,B0FR9SYKP6,fbm0,ALREADY_OFF,offer already on DEFAULT
2026-08-18T06:54:57+00:00,IE,MOLDOVA-3GB-15D,B0FR9CFQYY,fbm0,ALREADY_OFF,offer already on DEFAULT
2026-08-18T06:54:59+00:00,IE,MONACO-3GB-15D,B0FR9ZS6GM,fbm0,ALREADY_OFF,offer already on DEFAULT
2026-08-18T06:55:00+00:00,IE,MONACO-5GB-30D,B0FR9H1H4M,fbm0,ALREADY_OFF,offer already on DEFAULT
2026-08-18T06:55:01+00:00,IE,MONGOLIA-3GB-15D,B0FR9LSYTX,fbm0,ALREADY_OFF,offer already on DEFAULT
2026-08-18T06:55:02+00:00,IE,MONTENEGRO-3GB-15D,B0FR9R5HR7,fbm0,ALREADY_OFF,offer already on DEFAULT
2026-08-18T06:55:04+00:00,IE,MOROCCO-3GB-15D,B0FR9CFZQR,fbm0,ALREADY_OFF,offer already on DEFAULT
2026-08-18T06:55:05+00:00,IE,MOROCCO-5GB-30D,B0FR9CDDQ8,fbm0,ALREADY_OFF,offer already on DEFAULT
2026-08-18T06:55:06+00:00,IE,MOROCCO-20GB-30D,B0FR9M57DY,fbm0,ALREADY_OFF,offer already on DEFAULT
2026-08-18T06:55:08+00:00,IE,MOZAMBIQUE-3GB-15D,B0FRB1M6HK,fbm0,ALREADY_OFF,offer already on DEFAULT
2026-08-18T06:55:09+00:00,IE,MOZAMBIQUE-20GB-30D,B0FR9CFLS7,fbm0,ALREADY_OFF,offer already on DEFAULT
2026-08-18T06:55:10+00:00,IE,NEPAL-3GB-15D,B0FRB1TD7L,fbm0,ALREADY_OFF,offer already on DEFAULT
2026-08-18T06:55:12+00:00,IE,NETHERLANDS-3GB-15D,B0FRB5GNM2,fbm0,ALREADY_OFF,offer already on DEFAULT
2026-08-18T06:55:13+00:00,IE,NETHERLANDS-5GB-30D,B0FR9NHP7Q,fbm0,ALREADY_OFF,offer already on DEFAULT
2026-08-18T06:55:14+00:00,IE,NETHERLANDS-20GB-30D,B0FR9NG7LB,fbm0,ALREADY_OFF,offer already on DEFAULT
2026-08-18T06:55:16+00:00,IE,NEW-ZEALAND-3GB-15D,B0FR9NKXF5,fbm0,ALREADY_OFF,offer already on DEFAULT
2026-08-18T06:55:18+00:00,IE,NEW-ZEALAND-5GB-30D,B0FR9NHFWQ,fbm0,ALREADY_OFF,offer already on DEFAULT
2026-08-18T06:55:19+00:00,IE,NEW-ZEALAND-20GB-30D,B0FRB1TWT8,fbm0,ALREADY_OFF,offer already on DEFAULT
2026-08-18T06:55:20+00:00,IE,NICARAGUA-3GB-15D,B0FRB33MPG,fbm0,ALREADY_OFF,offer already on DEFAULT
2026-08-18T06:55:21+00:00,IE,NIGER-3GB-15D,B0FR9NPT1H,fbm0,ALREADY_OFF,offer already on DEFAULT
2026-08-18T06:55:23+00:00,IE,NIGERIA-3GB-15D,B0FR9X17QY,fbm0,ALREADY_OFF,offer already on DEFAULT
2026-08-18T06:55:25+00:00,IE,NORTH-AMERICA-5GB-30D,B0FRBDQ8H5,fbm0,ALREADY_OFF,offer already on DEFAULT
2026-08-18T06:55:26+00:00,IE,NORTH-MACEDONIA-3GB-15D,B0FRB59DJS,fbm0,ALREADY_OFF,offer already on DEFAULT
2026-08-18T06:55:27+00:00,IE,NORTH-MACEDONIA-5GB-30D,B0FR9WNHHX,fbm0,ALREADY_OFF,offer already on DEFAULT
2026-08-18T06:55:28+00:00,IE,NORWAY-3GB-15D,B0FR9WNK2H,fbm0,ALREADY_OFF,offer already on DEFAULT
2026-08-18T06:55:30+00:00,IE,NORWAY-5GB-30D,B0FRBNPZ9D,fbm0,ALREADY_OFF,offer already on DEFAULT
2026-08-18T06:55:31+00:00,IE,NORWAY-20GB-30D,B0FRB572L8,fbm0,ALREADY_OFF,offer already on DEFAULT
2026-08-18T06:55:32+00:00,IE,OMAN-3GB-15D,B0FRB4BL4W,fbm0,ALREADY_OFF,offer already on DEFAULT
2026-08-18T06:55:34+00:00,IE,OMAN-20GB-30D,B0FRB4R3FK,fbm0,ALREADY_OFF,offer already on DEFAULT
2026-08-18T06:55:35+00:00,IE,PAKISTAN-3GB-15D,B0FRB4HL3B,fbm0,ALREADY_OFF,offer already on DEFAULT
2026-08-18T06:55:36+00:00,IE,PAKISTAN-5GB-30D,B0FRB48QKZ,fbm0,ALREADY_OFF,offer already on DEFAULT
2026-08-18T06:55:38+00:00,IE,PAKISTAN-20GB-30D,B0FRB691X8,fbm0,ALREADY_OFF,offer already on DEFAULT
2026-08-18T06:55:39+00:00,IE,PANAMA-3GB-15D,B0FRB3VFW6,fbm0,ALREADY_OFF,offer already on DEFAULT
2026-08-18T06:55:40+00:00,IE,PARAGUAY-3GB-15D,B0FRB3V7CS,fbm0,ALREADY_OFF,offer already on DEFAULT
2026-08-18T06:55:42+00:00,IE,PHILIPPINES-3GB-15D,B0FRB1GVXK,fbm0,ALREADY_OFF,offer already on DEFAULT
2026-08-18T06:55:43+00:00,IE,PHILIPPINES-5GB-30D,B0FRB4VCKG,fbm0,ALREADY_OFF,offer already on DEFAULT
2026-08-18T06:55:44+00:00,IE,PHILIPPINES-20GB-30D,B0FRB4K2D4,fbm0,ALREADY_OFF,offer already on DEFAULT
2026-08-18T06:55:45+00:00,IE,POLAND-3GB-15D,B0FRB4JVKR,fbm0,ALREADY_OFF,offer already on DEFAULT
2026-08-18T06:55:47+00:00,IE,POLAND-5GB-30D,B0FRBDPQ9J,fbm0,ALREADY_OFF,offer already on DEFAULT
2026-08-18T06:55:48+00:00,IE,POLAND-20GB-30D,B0FRB5HSK7,fbm0,ALREADY_OFF,offer already on DEFAULT
2026-08-18T06:55:49+00:00,IE,PORTUGAL-3GB-15D,B0FRB4314T,fbm0,ALREADY_OFF,offer already on DEFAULT
2026-08-18T06:55:51+00:00,IE,PORTUGAL-5GB-30D,B0FRB4X799,fbm0,ALREADY_OFF,offer already on DEFAULT
2026-08-18T06:55:52+00:00,IE,PORTUGAL-20GB-30D,B0FRB354KV,fbm0,ALREADY_OFF,offer already on DEFAULT
2026-08-18T06:55:53+00:00,IE,PUERTO-RICO-3GB-15D,B0FRB5MSF1,fbm0,ALREADY_OFF,offer already on DEFAULT
2026-08-18T06:55:55+00:00,IE,PUERTO-RICO-5GB-30D,B0FR9WMX9V,fbm0,ALREADY_OFF,offer already on DEFAULT
2026-08-18T06:55:56+00:00,IE,QATAR-3GB-15D,B0FR9NXH43,fbm0,ALREADY_OFF,offer already on DEFAULT
2026-08-18T06:55:57+00:00,IE,QATAR-5GB-30D,B0FR9X5KB1,fbm0,ALREADY_OFF,offer already on DEFAULT
2026-08-18T06:55:59+00:00,IE,QATAR-20GB-30D,B0FR9X3QGM,fbm0,ALREADY_OFF,offer already on DEFAULT
2026-08-18T06:56:00+00:00,IE,REUNION-3GB-15D,B0FRB3KCNQ,fbm0,ALREADY_OFF,offer already on DEFAULT
2026-08-18T06:56:01+00:00,IE,REUNION-5GB-30D,B0FRB47TQW,fbm0,ALREADY_OFF,offer already on DEFAULT
2026-08-18T06:56:02+00:00,IE,SAUDI-ARABIA-3GB-15D,B0FRB3N2KL,fbm0,ALREADY_OFF,offer already on DEFAULT
2026-08-18T06:56:04+00:00,IE,SAUDI-ARABIA-5GB-30D,B0FRB1SRZY,fbm0,ALREADY_OFF,offer already on DEFAULT
2026-08-18T06:56:05+00:00,IE,SAUDI-ARABIA-20GB-30D,B0FRB5PZTS,fbm0,ALREADY_OFF,offer already on DEFAULT
2026-08-18T06:56:06+00:00,IE,SENEGAL-3GB-15D,B0FRB4HX92,fbm0,ALREADY_OFF,offer already on DEFAULT
2026-08-18T06:56:08+00:00,IE,SENEGAL-5GB-30D,B0FRB68H77,fbm0,ALREADY_OFF,offer already on DEFAULT
2026-08-18T06:56:09+00:00,IE,SERBIA-3GB-15D,B0FRB5TJV2,fbm0,ALREADY_OFF,offer already on DEFAULT
2026-08-18T06:56:10+00:00,IE,SERBIA-20GB-30D,B0FRB5K8JC,fbm0,ALREADY_OFF,offer already on DEFAULT
2026-08-18T06:56:12+00:00,IE,SEYCHELLES-3GB-15D,B0FRB55T3H,fbm0,ALREADY_OFF,offer already on DEFAULT
2026-08-18T06:56:13+00:00,IE,SEYCHELLES-5GB-30D,B0FR9P7N6M,fbm0,ALREADY_OFF,offer already on DEFAULT
2026-08-18T06:56:15+00:00,IE,SINGAPORE-5GB-30D,B0FR9X3Y3R,fbm0,ALREADY_OFF,offer already on DEFAULT
2026-08-18T06:56:16+00:00,IE,SINGAPORE-20GB-30D,B0FRB256K8,fbm0,ALREADY_OFF,offer already on DEFAULT
2026-08-18T06:56:17+00:00,IE,SLOVAKIA-3GB-15D,B0FR9XC4BW,fbm0,ALREADY_OFF,offer already on DEFAULT
2026-08-18T06:56:19+00:00,IE,SLOVAKIA-5GB-30D,B0FRB2X84M,fbm0,ALREADY_OFF,offer already on DEFAULT
2026-08-18T06:56:20+00:00,IE,SLOVAKIA-20GB-30D,B0FRB14YYC,fbm0,ALREADY_OFF,offer already on DEFAULT
2026-08-18T06:56:21+00:00,IE,SLOVENIA-3GB-15D,B0FR9XCF27,fbm0,ALREADY_OFF,offer already on DEFAULT
2026-08-18T06:56:23+00:00,IE,SLOVENIA-5GB-30D,B0FRB3SJMR,fbm0,ALREADY_OFF,offer already on DEFAULT
2026-08-18T06:56:24+00:00,IE,SLOVENIA-20GB-30D,B0FR9X15V2,fbm0,ALREADY_OFF,offer already on DEFAULT
2026-08-18T06:56:25+00:00,IE,SOUTH-AFRICA-5GB-30D,B0FRB3R6F3,fbm0,ALREADY_OFF,offer already on DEFAULT
2026-08-18T06:56:26+00:00,IE,SOUTH-AMERICA-5GB-30D,B0FRB8D7HC,fbm0,ALREADY_OFF,offer already on DEFAULT
2026-08-18T06:56:28+00:00,IE,SOUTH-KOREA-3GB-15D,B0FRC4RTDF,fbm0,ALREADY_OFF,offer already on DEFAULT
2026-08-18T06:56:29+00:00,IE,SOUTH-KOREA-5GB-30D,B0FRD9LC4C,fbm0,ALREADY_OFF,offer already on DEFAULT
2026-08-18T06:56:30+00:00,IE,SOUTH-KOREA-20GB-30D,B0FRC4P51Z,fbm0,ALREADY_OFF,offer already on DEFAULT
2026-08-18T06:56:32+00:00,IE,SPAIN-3GB-15D,B0FRCDHTZ7,fbm0,ALREADY_OFF,offer already on DEFAULT
2026-08-18T06:56:33+00:00,IE,SPAIN-5GB-30D,B0FRBQCLZN,fbm0,ALREADY_OFF,offer already on DEFAULT
2026-08-18T06:56:34+00:00,IE,SPAIN-20GB-30D,B0FRCMPGPL,fbm0,ALREADY_OFF,offer already on DEFAULT
2026-08-18T06:56:36+00:00,IE,SRI-LANKA-3GB-15D,B0FRB7Z1NW,fbm0,ALREADY_OFF,offer already on DEFAULT
2026-08-18T06:56:37+00:00,IE,SRI-LANKA-5GB-30D,B0FRB64B8M,fbm0,ALREADY_OFF,offer already on DEFAULT
2026-08-18T06:56:38+00:00,IE,SRI-LANKA-20GB-30D,B0FRC2DZN5,fbm0,ALREADY_OFF,offer already on DEFAULT
2026-08-18T06:56:40+00:00,IE,SUDAN-3GB-15D,B0FRCKTXNQ,fbm0,ALREADY_OFF,offer already on DEFAULT
2026-08-18T06:56:41+00:00,IE,SUDAN-5GB-30D,B0FRC799N3,fbm0,ALREADY_OFF,offer already on DEFAULT
2026-08-18T06:56:42+00:00,IE,SWEDEN-3GB-15D,B0FRCC6W9S,fbm0,ALREADY_OFF,offer already on DEFAULT
2026-08-18T06:56:44+00:00,IE,SWEDEN-5GB-30D,B0FRCS524D,fbm0,ALREADY_OFF,offer already on DEFAULT
2026-08-18T06:56:45+00:00,IE,SWEDEN-20GB-30D,B0FRB7X5SP,fbm0,ALREADY_OFF,offer already on DEFAULT
2026-08-18T06:56:46+00:00,IE,SWITZERLAND-3GB-15D,B0FRB5LFVC,fbm0,ALREADY_OFF,offer already on DEFAULT
2026-08-18T06:56:48+00:00,IE,SWITZERLAND-5GB-30D,B0FRB7G4VW,fbm0,ALREADY_OFF,offer already on DEFAULT
2026-08-18T06:56:49+00:00,IE,SWITZERLAND-20GB-30D,B0FRB6VY7S,fbm0,ALREADY_OFF,offer already on DEFAULT
2026-08-18T06:56:50+00:00,IE,TANZANIA-3GB-15D,B0FRC81NPJ,fbm0,ALREADY_OFF,offer already on DEFAULT
2026-08-18T06:56:52+00:00,IE,THAILAND-3GB-15D,B0FRCDPJSH,fbm0,ALREADY_OFF,offer already on DEFAULT
2026-08-18T06:56:53+00:00,IE,THAILAND-5GB-30D,B0FR9Q5D1J,fbm0,ALREADY_OFF,offer already on DEFAULT
2026-08-18T06:56:54+00:00,IE,THAILAND-20GB-30D,B0FRCHW3MW,fbm0,ALREADY_OFF,offer already on DEFAULT
2026-08-18T06:56:55+00:00,IE,TUNISIA-5GB-30D,B0FRB7Q96Z,fbm0,ALREADY_OFF,offer already on DEFAULT
2026-08-18T06:56:57+00:00,IE,TURKEY-3GB-15D,B0FRC2PSHM,fbm0,ALREADY_OFF,offer already on DEFAULT
2026-08-18T06:56:58+00:00,IE,TURKEY-5GB-30D,B0FRCBZ1BB,fbm0,ALREADY_OFF,offer already on DEFAULT
2026-08-18T06:56:59+00:00,IE,TURKEY-20GB-30D,B0FRCYMWCX,fbm0,ALREADY_OFF,offer already on DEFAULT
2026-08-18T06:57:01+00:00,IE,UGANDA-3GB-15D,B0FRB7F7Z9,fbm0,ALREADY_OFF,offer already on DEFAULT
2026-08-18T06:57:02+00:00,IE,UKRAINE-3GB-15D,B0FRB9SBFR,fbm0,ALREADY_OFF,offer already on DEFAULT
2026-08-18T06:57:03+00:00,IE,UKRAINE-5GB-30D,B0FRC2NRKG,fbm0,ALREADY_OFF,offer already on DEFAULT
2026-08-18T06:57:05+00:00,IE,UNITED-ARAB-EMIRATES-3GB-15D,B0FRBBYBGH,fbm0,ALREADY_OFF,offer already on DEFAULT
2026-08-18T06:57:06+00:00,IE,UNITED-ARAB-EMIRATES-5GB-30D,B0FRB89XHX,fbm0,ALREADY_OFF,offer already on DEFAULT
2026-08-18T06:57:07+00:00,IE,UNITED-ARAB-EMIRATES-20GB-30D,B0FRB7TFJR,fbm0,ALREADY_OFF,offer already on DEFAULT
2026-08-18T06:57:08+00:00,IE,UNITED-KINGDOM-3GB-15D,B0FRCPD8TS,fbm0,ALREADY_OFF,offer already on DEFAULT
2026-08-18T06:57:10+00:00,IE,UNITED-KINGDOM-5GB-30D,B0FRDDRGJF,fbm0,ALREADY_OFF,offer already on DEFAULT
2026-08-18T06:57:11+00:00,IE,UNITED-KINGDOM-20GB-30D,B0FRDGCBTN,fbm0,ALREADY_OFF,offer already on DEFAULT
2026-08-18T06:57:12+00:00,IE,UNITED-STATES-3GB-15D,B0FRCFXK3V,fbm0,ALREADY_OFF,offer already on DEFAULT
2026-08-18T06:57:13+00:00,IE,UNITED-STATES-5GB-30D,B0FRC2PQ8H,fbm0,ALREADY_OFF,offer already on DEFAULT
2026-08-18T06:57:15+00:00,IE,URUGUAY-3GB-15D,B0FRB7LHGN,fbm0,ALREADY_OFF,offer already on DEFAULT
2026-08-18T06:57:16+00:00,IE,UZBEKISTAN-5GB-30D,B0FRBWFZ6M,fbm0,ALREADY_OFF,offer already on DEFAULT
2026-08-18T06:57:17+00:00,IE,VIETNAM-3GB-15D,B0FRBR2DHW,fbm0,ALREADY_OFF,offer already on DEFAULT
2026-08-18T06:57:18+00:00,IE,VIETNAM-5GB-30D,B0FRCBXRGV,fbm0,ALREADY_OFF,offer already on DEFAULT
2026-08-18T06:57:20+00:00,IE,VIETNAM-20GB-30D,B0FRC2NKC4,fbm0,ALREADY_OFF,offer already on DEFAULT
2026-08-18T06:57:21+00:00,IE,ZAMBIA-5GB-30D,B0FRCL97L4,fbm0,ALREADY_OFF,offer already on DEFAULT
2026-08-18T06:57:22+00:00,IE,GAMBIA-3GB-15D,B0H2FTMBBQ,fbm0,ALREADY_OFF,offer already on DEFAULT
2026-08-18T06:57:24+00:00,IE,GAMBIA-5GB-30D,B0H2FQ3QJ9,fbm0,ALREADY_OFF,offer already on DEFAULT
2026-08-18T06:57:25+00:00,IE,MAURITIUS-5GB-30D,B0H2G2XMS3,fbm0,ALREADY_OFF,offer already on DEFAULT
2026-08-18T06:57:26+00:00,IE,AE_20_30,B0FRB7TFJR,fbm0,ALREADY_OFF,offer already on DEFAULT
2026-08-18T06:57:27+00:00,IE,AE_3_15,B0FRBBYBGH,fbm0,ALREADY_OFF,offer already on DEFAULT
2026-08-18T06:57:29+00:00,IE,AE_5_30,B0FRB89XHX,fbm0,ALREADY_OFF,offer already on DEFAULT
2026-08-18T06:57:30+00:00,IE,AF-29_5_30,B0FR3GK9Z7,fbm0,ALREADY_OFF,offer already on DEFAULT
2026-08-18T06:57:31+00:00,IE,AL_5_30,B0FR4ZG3Z6,fbm0,ALREADY_OFF,offer already on DEFAULT
2026-08-18T06:57:33+00:00,IE,AM_20_30,B0FR4ZT5XT,fbm0,ALREADY_OFF,offer already on DEFAULT
2026-08-18T06:57:34+00:00,IE,AM_3_15,B0FR5BK9R4,fbm0,ALREADY_OFF,offer already on DEFAULT
2026-08-18T06:57:35+00:00,IE,AR_20_30,B0FR5DCH33,fbm0,ALREADY_OFF,offer already on DEFAULT
2026-08-18T06:57:36+00:00,IE,AR_3_15,B0FR554SXN,fbm0,ALREADY_OFF,offer already on DEFAULT
2026-08-18T06:57:38+00:00,IE,AS-20_3_15,B0FR9FZ4RF,fbm0,ALREADY_OFF,offer already on DEFAULT
2026-08-18T06:57:39+00:00,IE,AS-20_5_30,B0FR9BQNSV,fbm0,ALREADY_OFF,offer already on DEFAULT
2026-08-18T06:57:40+00:00,IE,AT_20_30,B0FR8XBSBP,fbm0,ALREADY_OFF,offer already on DEFAULT
2026-08-18T06:57:41+00:00,IE,AT_3_15,B0FR9QSMSP,fbm0,ALREADY_OFF,offer already on DEFAULT
2026-08-18T06:57:43+00:00,IE,AT_5_30,B0FR8XCH78,fbm0,ALREADY_OFF,offer already on DEFAULT
2026-08-18T06:57:44+00:00,IE,AU_20_30,B0FR9G1ZQJ,fbm0,ALREADY_OFF,offer already on DEFAULT
2026-08-18T06:57:45+00:00,IE,AU_3_15,B0FR9SKY4D,fbm0,ALREADY_OFF,offer already on DEFAULT
2026-08-18T06:57:46+00:00,IE,AU_5_30,B0FR9JRB62,fbm0,ALREADY_OFF,offer already on DEFAULT
2026-08-18T06:57:48+00:00,IE,AX_20_30,B0FR39Q1KJ,fbm0,ALREADY_OFF,offer already on DEFAULT
2026-08-18T06:57:49+00:00,IE,AX_3_15,B0FR3CCSMB,fbm0,ALREADY_OFF,offer already on DEFAULT
2026-08-18T06:57:50+00:00,IE,AX_5_30,B0FR3G6JWB,fbm0,ALREADY_OFF,offer already on DEFAULT
2026-08-18T06:57:51+00:00,IE,AZ_3_15,B0FR9BTC98,fbm0,ALREADY_OFF,offer already on DEFAULT
2026-08-18T06:57:53+00:00,IE,BA_3_15,B0FR9G8ZVK,fbm0,ALREADY_OFF,offer already on DEFAULT
2026-08-18T06:57:54+00:00,IE,BD_20_30,B0FR8FJ3HJ,fbm0,ALREADY_OFF,offer already on DEFAULT
2026-08-18T06:57:55+00:00,IE,BD_3_15,B0FR9L7SG3,fbm0,ALREADY_OFF,offer already on DEFAULT
2026-08-18T06:57:56+00:00,IE,BD_5_30,B0FR9BQFCM,fbm0,ALREADY_OFF,offer already on DEFAULT
2026-08-18T06:57:58+00:00,IE,BE_20_30,B0FR9BVRCH,fbm0,ALREADY_OFF,offer already on DEFAULT
2026-08-18T06:57:59+00:00,IE,BE_3_15,B0FR9G432K,fbm0,ALREADY_OFF,offer already on DEFAULT
2026-08-18T06:58:00+00:00,IE,BE_5_30,B0FR9SXCW6,fbm0,ALREADY_OFF,offer already on DEFAULT
2026-08-18T06:58:01+00:00,IE,BF_3_15,B0FR9HWFSK,fbm0,ALREADY_OFF,offer already on DEFAULT
2026-08-18T06:58:03+00:00,IE,BF_5_30,B0FR9BWKSY,fbm0,ALREADY_OFF,offer already on DEFAULT
2026-08-18T06:58:04+00:00,IE,BH_3_15,B0FR9K64KF,fbm0,ALREADY_OFF,offer already on DEFAULT
2026-08-18T06:58:05+00:00,IE,BN_20_30,B0FR9F971C,fbm0,ALREADY_OFF,offer already on DEFAULT
2026-08-18T06:58:07+00:00,IE,BN_3_15,B0FR9KTJND,fbm0,ALREADY_OFF,offer already on DEFAULT
2026-08-18T06:58:08+00:00,IE,BO_20_30,B0FR9RH588,fbm0,ALREADY_OFF,offer already on DEFAULT
2026-08-18T06:58:09+00:00,IE,BO_3_15,B0FR8FKPKH,fbm0,ALREADY_OFF,offer already on DEFAULT
2026-08-18T06:58:11+00:00,IE,BR_20_30,B0FR9KLZCR,fbm0,ALREADY_OFF,offer already on DEFAULT
2026-08-18T06:58:12+00:00,IE,BR_3_15,B0FR9G5LKV,fbm0,ALREADY_OFF,offer already on DEFAULT
2026-08-18T06:58:13+00:00,IE,BW_3_15,B0FR9G7N2Q,fbm0,ALREADY_OFF,offer already on DEFAULT
2026-08-18T06:58:14+00:00,IE,BY_3_15,B0FR9G3Z82,fbm0,ALREADY_OFF,offer already on DEFAULT
2026-08-18T06:58:16+00:00,IE,BY_5_30,B0FR8FFT4D,fbm0,ALREADY_OFF,offer already on DEFAULT
2026-08-18T06:58:17+00:00,IE,CF_3_15,B0FR9RK8FP,fbm0,ALREADY_OFF,offer already on DEFAULT
2026-08-18T06:58:18+00:00,IE,CF_5_30,B0FR9R3NMC,fbm0,ALREADY_OFF,offer already on DEFAULT
2026-08-18T06:58:19+00:00,IE,CH_20_30,B0FRB6VY7S,fbm0,ALREADY_OFF,offer already on DEFAULT
2026-08-18T06:58:21+00:00,IE,CH_3_15,B0FRB5LFVC,fbm0,ALREADY_OFF,offer already on DEFAULT
2026-08-18T06:58:23+00:00,IE,CH_5_30,B0FRB7G4VW,fbm0,ALREADY_OFF,offer already on DEFAULT
2026-08-18T06:58:24+00:00,IE,CI_3_15,B0FR9HW9DJ,fbm0,ALREADY_OFF,offer already on DEFAULT
2026-08-18T06:58:25+00:00,IE,CI_5_30,B0FR9V5LYJ,fbm0,ALREADY_OFF,offer already on DEFAULT
2026-08-18T06:58:27+00:00,IE,CL_3_15,B0FR9RY1RT,fbm0,ALREADY_OFF,offer already on DEFAULT
2026-08-18T06:58:28+00:00,IE,CM_3_15,B0FR9VJ1ZB,fbm0,ALREADY_OFF,offer already on DEFAULT
2026-08-18T06:58:29+00:00,IE,CN_20_30,B0FR9GD6X9,fbm0,ALREADY_OFF,offer already on DEFAULT
2026-08-18T06:58:31+00:00,IE,CN_3_15,B0FR9QZ578,fbm0,DEACTIVATED,
2026-08-18T06:58:33+00:00,IE,CN_5_30,B0FR9HX7XH,fbm0,DEACTIVATED,
2026-08-18T06:58:34+00:00,IE,CO_3_15,B0FR9RL8W5,fbm0,DEACTIVATED,
2026-08-18T06:58:36+00:00,IE,CR_3_15,B0FR9LNRMN,fbm0,DEACTIVATED,
2026-08-18T06:58:38+00:00,IE,CY_3_15,B0FR8XJWWG,fbm0,DEACTIVATED,
2026-08-18T06:58:40+00:00,IE,CY_5_30,B0FR8XHWZV,fbm0,DEACTIVATED,
2026-08-18T06:58:42+00:00,IE,CZ_20_30,B0FR9SVN9H,fbm0,DEACTIVATED,
2026-08-18T06:58:43+00:00,IE,CZ_5_30,B0FR9BY2LF,fbm0,DEACTIVATED,
2026-08-18T06:58:45+00:00,IE,DE_20_30,B0GSZP9H94,fbm0,DEACTIVATED,
2026-08-18T06:58:47+00:00,IE,DE_3_15,B0GSZBMLKV,fbm0,DEACTIVATED,
2026-08-18T06:58:49+00:00,IE,DE_5_30,B0GSZDYWLZ,fbm0,DEACTIVATED,
2026-08-18T06:58:51+00:00,IE,DK_20_30,B0FR9QPF45,fbm0,DEACTIVATED,
2026-08-18T06:58:53+00:00,IE,DK_3_15,B0FR9GSNP4,fbm0,DEACTIVATED,
2026-08-18T06:58:54+00:00,IE,DK_5_30,B0FR8XQYR4,fbm0,DEACTIVATED,
2026-08-18T06:58:56+00:00,IE,DO_20_30,B0FR9C6DJF,fbm0,DEACTIVATED,
2026-08-18T06:58:58+00:00,IE,DO_3_15,B0FR9GSKZF,fbm0,DEACTIVATED,
2026-08-18T06:59:00+00:00,IE,DO_5_30,B0FR9GQKCM,fbm0,DEACTIVATED,
2026-08-18T06:59:02+00:00,IE,EC_3_15,B0FR9RM6MP,fbm0,DEACTIVATED,
2026-08-18T06:59:03+00:00,IE,EE_20_30,B0FR9L527N,fbm0,DEACTIVATED,
2026-08-18T06:59:05+00:00,IE,EE_3_15,B0FR9GST1S,fbm0,DEACTIVATED,
2026-08-18T06:59:07+00:00,IE,EE_5_30,B0FR9GQYKB,fbm0,DEACTIVATED,
2026-08-18T06:59:09+00:00,IE,EG_20_30,B0FR9GQBGL,fbm0,DEACTIVATED,
2026-08-18T06:59:11+00:00,IE,EG_3_15,B0FR9C784N,fbm0,DEACTIVATED,
2026-08-18T06:59:12+00:00,IE,EG_5_30,B0FR9LR5KJ,fbm0,DEACTIVATED,
2026-08-18T06:59:14+00:00,IE,ES_20_30,B0FRCMPGPL,fbm0,DEACTIVATED,
2026-08-18T06:59:16+00:00,IE,ES_3_15,B0FRCDHTZ7,fbm0,DEACTIVATED,
2026-08-18T06:59:18+00:00,IE,ES_5_30,B0FRBQCLZN,fbm0,DEACTIVATED,
2026-08-18T06:59:19+00:00,IE,EU-42_20_30,B0FR9TNPV3,fbm0,DEACTIVATED,
2026-08-18T06:59:21+00:00,IE,EU-42_5_30,B0FR9RYSSS,fbm0,DEACTIVATED,
2026-08-18T06:59:23+00:00,IE,FI_3_15,B0FR9GSND6,fbm0,DEACTIVATED,
2026-08-18T06:59:24+00:00,IE,FI_5_30,B0FR9SB3BJ,fbm0,DEACTIVATED,
2026-08-18T06:59:26+00:00,IE,FR_20_30,B0FR9GPMC5,fbm0,DEACTIVATED,
2026-08-18T06:59:28+00:00,IE,FR_3_15,B0FR9C5ZB6,fbm0,DEACTIVATED,
2026-08-18T06:59:30+00:00,IE,FR_5_30,B0FR9LMDW5,fbm0,DEACTIVATED,
2026-08-18T06:59:31+00:00,IE,GA_3_15,B0FR9GPX9T,fbm0,DEACTIVATED,
2026-08-18T06:59:33+00:00,IE,GB_20_30,B0FRDGCBTN,fbm0,DEACTIVATED,
2026-08-18T06:59:35+00:00,IE,GB_3_15,B0FRCPD8TS,fbm0,DEACTIVATED,
2026-08-18T06:59:37+00:00,IE,GB_5_30,B0FRDDRGJF,fbm0,DEACTIVATED,
2026-08-18T06:59:39+00:00,IE,GE_20_30,B0FR9C73NK,fbm0,DEACTIVATED,
2026-08-18T06:59:41+00:00,IE,GE_3_15,B0FR9KMX2N,fbm0,DEACTIVATED,
2026-08-18T06:59:42+00:00,IE,GG_20_30,B0FR9LYWWY,fbm0,DEACTIVATED,
2026-08-18T06:59:44+00:00,IE,GG_3_15,B0FR9SMWDN,fbm0,DEACTIVATED,
2026-08-18T06:59:46+00:00,IE,GG_5_30,B0FR9C5PXR,fbm0,DEACTIVATED,
2026-08-18T06:59:48+00:00,IE,GI_3_15,B0FR8XSPMC,fbm0,DEACTIVATED,
2026-08-18T06:59:49+00:00,IE,GL-139_5_30,B0FR9VNTLY,fbm0,DEACTIVATED,
2026-08-18T06:59:51+00:00,IE,GP_20_30,B0FR8XTBF6,fbm0,DEACTIVATED,
2026-08-18T06:59:53+00:00,IE,GP_3_15,B0FR9TMVWK,fbm0,DEACTIVATED,
2026-08-18T06:59:55+00:00,IE,GR_20_30,B0FR9KJGBG,fbm0,DEACTIVATED,
2026-08-18T06:59:57+00:00,IE,GR_3_15,B0FR9L85F6,fbm0,DEACTIVATED,
2026-08-18T06:59:59+00:00,IE,GR_5_30,B0FR9C7SMF,fbm0,DEACTIVATED,
2026-08-18T07:00:00+00:00,IE,GT_3_15,B0FR9VC6VD,fbm0,DEACTIVATED,
2026-08-18T07:00:02+00:00,IE,GU_20_30,B0FR9C7MGP,fbm0,DEACTIVATED,
2026-08-18T07:00:04+00:00,IE,GU_3_15,B0FR9GVSSF,fbm0,DEACTIVATED,
2026-08-18T07:00:06+00:00,IE,GU_5_30,B0FR9SVP8Y,fbm0,DEACTIVATED,
2026-08-18T07:00:08+00:00,IE,HK_20_30,B0FR9GXZ6F,fbm0,DEACTIVATED,
2026-08-18T07:00:10+00:00,IE,HK_3_15,B0FR9CC6Q8,fbm0,DEACTIVATED,
2026-08-18T07:00:11+00:00,IE,HK_5_30,B0FR9GXYYL,fbm0,DEACTIVATED,
2026-08-18T07:00:13+00:00,IE,HN_3_15,B0FR9ZYV5G,fbm0,DEACTIVATED,
2026-08-18T07:00:15+00:00,IE,HR_20_30,B0FR9TYCSL,fbm0,DEACTIVATED,
2026-08-18T07:00:17+00:00,IE,HR_3_15,B0FR9GDKT1,fbm0,DEACTIVATED,
2026-08-18T07:00:19+00:00,IE,HR_5_30,B0FR9BVV58,fbm0,DEACTIVATED,
2026-08-18T07:00:20+00:00,IE,HU_20_30,B0FR9ZVYYQ,fbm0,DEACTIVATED,
2026-08-18T07:00:22+00:00,IE,HU_3_15,B0FR9C9JVW,fbm0,DEACTIVATED,
2026-08-18T07:00:24+00:00,IE,HU_5_30,B0FR9GY3R5,fbm0,DEACTIVATED,
2026-08-18T07:00:26+00:00,IE,ID_20_30,B0FR9QXRDQ,fbm0,DEACTIVATED,
2026-08-18T07:00:28+00:00,IE,ID_3_15,B0FR9T6QPZ,fbm0,DEACTIVATED,
2026-08-18T07:00:29+00:00,IE,ID_5_30,B0FR8XW5DR,fbm0,DEACTIVATED,
2026-08-18T07:00:31+00:00,IE,IE_20_30,B0FR9SZG2Z,fbm0,DEACTIVATED,
2026-08-18T07:00:33+00:00,IE,IE_3_15,B0FR8XV57F,fbm0,DEACTIVATED,
2026-08-18T07:00:34+00:00,IE,IE_5_30,B0FR9GYKQL,fbm0,DEACTIVATED,
2026-08-18T07:00:36+00:00,IE,IL_20_30,B0FR9K8SQ1,fbm0,DEACTIVATED,
2026-08-18T07:00:38+00:00,IE,IL_3_15,B0FR9M11H1,fbm0,DEACTIVATED,
2026-08-18T07:00:40+00:00,IE,IL_5_30,B0FR8XVZZM,fbm0,DEACTIVATED,
2026-08-18T07:00:42+00:00,IE,IM_20_30,B0FR9CB5LK,fbm0,DEACTIVATED,
2026-08-18T07:00:44+00:00,IE,IM_3_15,B0FR9LZ7RL,fbm0,DEACTIVATED,
2026-08-18T07:00:45+00:00,IE,IM_5_30,B0FR9M27XY,fbm0,DEACTIVATED,
2026-08-18T07:00:47+00:00,IE,IN_20_30,B0FR9DYMHX,fbm0,DEACTIVATED,
2026-08-18T07:00:49+00:00,IE,IN_3_15,B0FR9ZM116,fbm0,DEACTIVATED,
2026-08-18T07:00:51+00:00,IE,IN_5_30,B0FR9GXWN9,fbm0,DEACTIVATED,
2026-08-18T07:00:52+00:00,IE,IS_20_30,B0FR9GX6LF,fbm0,DEACTIVATED,
2026-08-18T07:00:54+00:00,IE,IS_3_15,B0FR9TBBK1,fbm0,DEACTIVATED,
2026-08-18T07:00:56+00:00,IE,IS_5_30,B0FR9ZWQBD,fbm0,DEACTIVATED,
2026-08-18T07:00:58+00:00,IE,IT_20_30,B0FR9RNZV2,fbm0,DEACTIVATED,
2026-08-18T07:00:59+00:00,IE,IT_3_15,B0FR9GXZ18,fbm0,DEACTIVATED,
2026-08-18T07:01:01+00:00,IE,IT_5_30,B0FR9ZR2TH,fbm0,DEACTIVATED,
2026-08-18T07:01:03+00:00,IE,JE_20_30,B0FR9CBQDH,fbm0,DEACTIVATED,
2026-08-18T07:01:05+00:00,IE,JE_3_15,B0FR9GYMR5,fbm0,DEACTIVATED,
2026-08-18T07:01:07+00:00,IE,JE_5_30,B0FR9M27GP,fbm0,DEACTIVATED,
2026-08-18T07:01:08+00:00,IE,JO_20_30,B0FR9ST188,fbm0,DEACTIVATED,
2026-08-18T07:01:10+00:00,IE,JO_3_15,B0FR9M144Z,fbm0,DEACTIVATED,
2026-08-18T07:01:12+00:00,IE,JO_5_30,B0FR9ZTZNK,fbm0,DEACTIVATED,
2026-08-18T07:01:14+00:00,IE,JP_20_30,B0FR9RZKRB,fbm0,DEACTIVATED,
2026-08-18T07:01:15+00:00,IE,JP_3_15,B0FR9LVZVQ,fbm0,DEACTIVATED,
2026-08-18T07:01:17+00:00,IE,JP_5_30,B0FR9TLXXH,fbm0,DEACTIVATED,
2026-08-18T07:01:19+00:00,IE,KE_3_15,B0FR9GZ14G,fbm0,DEACTIVATED,
2026-08-18T07:01:21+00:00,IE,KE_5_30,B0FR9T4DG6,fbm0,DEACTIVATED,
2026-08-18T07:01:22+00:00,IE,KG_20_30,B0FR8XXBHM,fbm0,DEACTIVATED,
2026-08-18T07:01:25+00:00,IE,KG_3_15,B0FR9TVF4R,fbm0,DEACTIVATED,
2026-08-18T07:01:26+00:00,IE,KH_20_30,B0FR9GFJPL,fbm0,DEACTIVATED,
2026-08-18T07:01:28+00:00,IE,KH_3_15,B0FR8XKMJ4,fbm0,DEACTIVATED,
2026-08-18T07:01:31+00:00,IE,KR_20_30,B0FRC4P51Z,fbm0,DEACTIVATED,
2026-08-18T07:01:33+00:00,IE,KR_3_15,B0FRC4RTDF,fbm0,DEACTIVATED,
2026-08-18T07:01:34+00:00,IE,KR_5_30,B0FRD9LC4C,fbm0,DEACTIVATED,
2026-08-18T07:01:36+00:00,IE,KW_20_30,B0FR9KBF4P,fbm0,DEACTIVATED,
2026-08-18T07:01:38+00:00,IE,KW_3_15,B0FR9LZJ3X,fbm0,DEACTIVATED,
2026-08-18T07:01:40+00:00,IE,KW_5_30,B0FR9M2TXP,fbm0,DEACTIVATED,
2026-08-18T07:01:42+00:00,IE,KZ_20_30,B0FR9TLNNW,fbm0,DEACTIVATED,
2026-08-18T07:01:44+00:00,IE,KZ_3_15,B0FR9T4DG2,fbm0,DEACTIVATED,
2026-08-18T07:01:46+00:00,IE,KZ_5_30,B0FR9ZMMSH,fbm0,DEACTIVATED,
2026-08-18T07:01:48+00:00,IE,LI_3_15,B0FR9S35ZH,fbm0,DEACTIVATED,
2026-08-18T07:01:49+00:00,IE,LK_20_30,B0FRC2DZN5,fbm0,DEACTIVATED,
2026-08-18T07:01:51+00:00,IE,LK_3_15,B0FRB7Z1NW,fbm0,DEACTIVATED,
2026-08-18T07:01:53+00:00,IE,LK_5_30,B0FRB64B8M,fbm0,DEACTIVATED,
2026-08-18T07:01:55+00:00,IE,LR_3_15,B0FR9H18JQ,fbm0,DEACTIVATED,
2026-08-18T07:01:56+00:00,IE,LR_5_30,B0FR9SJ1YH,fbm0,DEACTIVATED,
2026-08-18T07:01:58+00:00,IE,LT_20_30,B0FR9TQN8N,fbm0,DEACTIVATED,
2026-08-18T07:02:00+00:00,IE,LT_3_15,B0FR9KS3P4,fbm0,DEACTIVATED,
2026-08-18T07:02:02+00:00,IE,LT_5_30,B0FR9R598C,fbm0,DEACTIVATED,
2026-08-18T07:02:04+00:00,IE,LU_20_30,B0FR8XXXZB,fbm0,DEACTIVATED,
2026-08-18T07:02:05+00:00,IE,LU_3_15,B0FR9SHRKM,fbm0,DEACTIVATED,
2026-08-18T07:02:07+00:00,IE,LU_5_30,B0FR9SB862,fbm0,DEACTIVATED,
2026-08-18T07:02:09+00:00,IE,LV_20_30,B0FR9SWN6V,fbm0,DEACTIVATED,
2026-08-18T07:02:11+00:00,IE,LV_3_15,B0FR9VM4K6,fbm0,DEACTIVATED,
2026-08-18T07:02:13+00:00,IE,LV_5_30,B0FR9TR99S,fbm0,DEACTIVATED,
2026-08-18T07:02:14+00:00,IE,MA_20_30,B0FR9M57DY,fbm0,DEACTIVATED,
2026-08-18T07:02:16+00:00,IE,MA_3_15,B0FR9CFZQR,fbm0,DEACTIVATED,
2026-08-18T07:02:18+00:00,IE,MA_5_30,B0FR9CDDQ8,fbm0,DEACTIVATED,
2026-08-18T07:02:19+00:00,IE,MC_3_15,B0FR9ZS6GM,fbm0,DEACTIVATED,
2026-08-18T07:02:21+00:00,IE,MC_5_30,B0FR9H1H4M,fbm0,DEACTIVATED,
2026-08-18T07:02:23+00:00,IE,MD_3_15,B0FR9CFQYY,fbm0,DEACTIVATED,
2026-08-18T07:02:25+00:00,IE,ME-13_5_30,B0FR9SYKP6,fbm0,DEACTIVATED,
2026-08-18T07:02:27+00:00,IE,ME_3_15,B0FR9R5HR7,fbm0,DEACTIVATED,
2026-08-18T07:02:28+00:00,IE,MG_3_15,B0FR9H2NS1,fbm0,DEACTIVATED,
2026-08-18T07:02:31+00:00,IE,MK_3_15,B0FRB59DJS,fbm0,DEACTIVATED,
2026-08-18T07:02:32+00:00,IE,MK_5_30,B0FR9WNHHX,fbm0,DEACTIVATED,
2026-08-18T07:02:35+00:00,IE,ML_3_15,B0FR9TRDSY,fbm0,DEACTIVATED,
2026-08-18T07:02:37+00:00,IE,MN_3_15,B0FR9LSYTX,fbm0,DEACTIVATED,
2026-08-18T07:02:39+00:00,IE,MO_20_30,B0FR9CDBN2,fbm0,DEACTIVATED,
2026-08-18T07:02:40+00:00,IE,MO_3_15,B0FR9M485M,fbm0,DEACTIVATED,
2026-08-18T07:02:42+00:00,IE,MO_5_30,B0FR9L9624,fbm0,DEACTIVATED,
2026-08-18T07:02:45+00:00,IE,MT_20_30,B0FR9VL1Q9,fbm0,DEACTIVATED,
2026-08-18T07:02:47+00:00,IE,MT_3_15,B0FR9M3PNR,fbm0,DEACTIVATED,
2026-08-18T07:02:48+00:00,IE,MT_5_30,B0FR9ZSMTC,fbm0,DEACTIVATED,
2026-08-18T07:02:50+00:00,IE,MW_3_15,B0FR9H3JDK,fbm0,DEACTIVATED,
2026-08-18T07:02:52+00:00,IE,MW_5_30,B0FR9GXY24,fbm0,DEACTIVATED,
2026-08-18T07:02:54+00:00,IE,MX_20_30,B0FR9VDSJX,fbm0,DEACTIVATED,
2026-08-18T07:02:56+00:00,IE,MX_3_15,B0FR9SZSTG,fbm0,DEACTIVATED,
2026-08-18T07:02:58+00:00,IE,MX_5_30,B0FR9H2K1C,fbm0,DEACTIVATED,
2026-08-18T07:03:00+00:00,IE,MY_20_30,B0FR9VMWYD,fbm0,DEACTIVATED,
2026-08-18T07:03:01+00:00,IE,MY_3_15,B0FR9H1Q65,fbm0,DEACTIVATED,
2026-08-18T07:03:03+00:00,IE,MY_5_30,B0FR9LDGX8,fbm0,DEACTIVATED,
2026-08-18T07:03:05+00:00,IE,MZ_20_30,B0FR9CFLS7,fbm0,DEACTIVATED,
2026-08-18T07:03:07+00:00,IE,MZ_3_15,B0FRB1M6HK,fbm0,DEACTIVATED,
2026-08-18T07:03:09+00:00,IE,NA-3_5_30,B0FRBDQ8H5,fbm0,DEACTIVATED,
2026-08-18T07:03:10+00:00,IE,NE_3_15,B0FR9NPT1H,fbm0,DEACTIVATED,
2026-08-18T07:03:12+00:00,IE,NG_3_15,B0FR9X17QY,fbm0,DEACTIVATED,
2026-08-18T07:03:14+00:00,IE,NI_3_15,B0FRB33MPG,fbm0,DEACTIVATED,
2026-08-18T07:03:16+00:00,IE,NL_20_30,B0FR9NG7LB,fbm0,DEACTIVATED,
2026-08-18T07:03:18+00:00,IE,NL_3_15,B0FRB5GNM2,fbm0,DEACTIVATED,
2026-08-18T07:03:19+00:00,IE,NL_5_30,B0FR9NHP7Q,fbm0,DEACTIVATED,
2026-08-18T07:03:21+00:00,IE,NO_20_30,B0FRB572L8,fbm0,DEACTIVATED,
2026-08-18T07:03:23+00:00,IE,NO_3_15,B0FR9WNK2H,fbm0,DEACTIVATED,
2026-08-18T07:03:25+00:00,IE,NO_5_30,B0FRBNPZ9D,fbm0,DEACTIVATED,
2026-08-18T07:03:27+00:00,IE,NP_3_15,B0FRB1TD7L,fbm0,DEACTIVATED,
2026-08-18T07:03:29+00:00,IE,NZ_20_30,B0FRB1TWT8,fbm0,DEACTIVATED,
2026-08-18T07:03:31+00:00,IE,NZ_3_15,B0FR9NKXF5,fbm0,DEACTIVATED,
2026-08-18T07:03:32+00:00,IE,NZ_5_30,B0FR9NHFWQ,fbm0,DEACTIVATED,
2026-08-18T07:03:34+00:00,IE,OM_20_30,B0FRB4R3FK,fbm0,DEACTIVATED,
2026-08-18T07:03:36+00:00,IE,OM_3_15,B0FRB4BL4W,fbm0,DEACTIVATED,
2026-08-18T07:03:38+00:00,IE,PA_3_15,B0FRB3VFW6,fbm0,DEACTIVATED,
2026-08-18T07:03:40+00:00,IE,PH_20_30,B0FRB4K2D4,fbm0,DEACTIVATED,
2026-08-18T07:03:42+00:00,IE,PH_3_15,B0FRB1GVXK,fbm0,DEACTIVATED,
2026-08-18T07:03:43+00:00,IE,PH_5_30,B0FRB4VCKG,fbm0,DEACTIVATED,
2026-08-18T07:03:45+00:00,IE,PK_20_30,B0FRB691X8,fbm0,DEACTIVATED,
2026-08-18T07:03:47+00:00,IE,PK_3_15,B0FRB4HL3B,fbm0,DEACTIVATED,
2026-08-18T07:03:49+00:00,IE,PK_5_30,B0FRB48QKZ,fbm0,DEACTIVATED,
2026-08-18T07:03:51+00:00,IE,PL_20_30,B0FRB5HSK7,fbm0,DEACTIVATED,
2026-08-18T07:03:52+00:00,IE,PL_3_15,B0FRB4JVKR,fbm0,DEACTIVATED,
2026-08-18T07:03:54+00:00,IE,PL_5_30,B0FRBDPQ9J,fbm0,DEACTIVATED,
2026-08-18T07:03:56+00:00,IE,PR_3_15,B0FRB5MSF1,fbm0,DEACTIVATED,
2026-08-18T07:03:58+00:00,IE,PR_5_30,B0FR9WMX9V,fbm0,DEACTIVATED,
2026-08-18T07:03:59+00:00,IE,PT_20_30,B0FRB354KV,fbm0,DEACTIVATED,
2026-08-18T07:04:01+00:00,IE,PT_3_15,B0FRB4314T,fbm0,DEACTIVATED,
2026-08-18T07:04:03+00:00,IE,PT_5_30,B0FRB4X799,fbm0,DEACTIVATED,
2026-08-18T07:04:05+00:00,IE,PY_3_15,B0FRB3V7CS,fbm0,DEACTIVATED,
2026-08-18T07:04:07+00:00,IE,QA_20_30,B0FR9X3QGM,fbm0,DEACTIVATED,
2026-08-18T07:04:08+00:00,IE,QA_3_15,B0FR9NXH43,fbm0,DEACTIVATED,
2026-08-18T07:04:10+00:00,IE,QA_5_30,B0FR9X5KB1,fbm0,DEACTIVATED,
2026-08-18T07:04:12+00:00,IE,RE_3_15,B0FRB3KCNQ,fbm0,DEACTIVATED,
2026-08-18T07:04:14+00:00,IE,RE_5_30,B0FRB47TQW,fbm0,DEACTIVATED,
2026-08-18T07:04:16+00:00,IE,RS_20_30,B0FRB5K8JC,fbm0,DEACTIVATED,
2026-08-18T07:04:17+00:00,IE,RS_3_15,B0FRB5TJV2,fbm0,DEACTIVATED,
2026-08-18T07:04:19+00:00,IE,SA-18_5_30,B0FRB8D7HC,fbm0,DEACTIVATED,
2026-08-18T07:04:21+00:00,IE,SA_20_30,B0FRB5PZTS,fbm0,DEACTIVATED,
2026-08-18T07:04:22+00:00,IE,SA_3_15,B0FRB3N2KL,fbm0,DEACTIVATED,
2026-08-18T07:04:24+00:00,IE,SA_5_30,B0FRB1SRZY,fbm0,DEACTIVATED,
2026-08-18T07:04:26+00:00,IE,SC_3_15,B0FRB55T3H,fbm0,DEACTIVATED,
2026-08-18T07:04:28+00:00,IE,SC_5_30,B0FR9P7N6M,fbm0,DEACTIVATED,
2026-08-18T07:04:30+00:00,IE,SD_3_15,B0FRCKTXNQ,fbm0,DEACTIVATED,
2026-08-18T07:04:32+00:00,IE,SD_5_30,B0FRC799N3,fbm0,DEACTIVATED,
2026-08-18T07:04:34+00:00,IE,SE_20_30,B0FRB7X5SP,fbm0,DEACTIVATED,
2026-08-18T07:04:35+00:00,IE,SE_3_15,B0FRCC6W9S,fbm0,DEACTIVATED,
2026-08-18T07:04:37+00:00,IE,SE_5_30,B0FRCS524D,fbm0,DEACTIVATED,
2026-08-18T07:04:39+00:00,IE,SG_20_30,B0FRB256K8,fbm0,DEACTIVATED,
2026-08-18T07:04:41+00:00,IE,SG_5_30,B0FR9X3Y3R,fbm0,DEACTIVATED,
2026-08-18T07:04:43+00:00,IE,SI_20_30,B0FR9X15V2,fbm0,DEACTIVATED,
2026-08-18T07:04:45+00:00,IE,SI_3_15,B0FR9XCF27,fbm0,DEACTIVATED,
2026-08-18T07:04:47+00:00,IE,SI_5_30,B0FRB3SJMR,fbm0,DEACTIVATED,
2026-08-18T07:04:49+00:00,IE,SK_20_30,B0FRB14YYC,fbm0,DEACTIVATED,
2026-08-18T07:04:50+00:00,IE,SK_3_15,B0FR9XC4BW,fbm0,DEACTIVATED,
2026-08-18T07:04:52+00:00,IE,SK_5_30,B0FRB2X84M,fbm0,DEACTIVATED,
2026-08-18T07:04:54+00:00,IE,SN_3_15,B0FRB4HX92,fbm0,DEACTIVATED,
2026-08-18T07:04:56+00:00,IE,SN_5_30,B0FRB68H77,fbm0,DEACTIVATED,
2026-08-18T07:04:57+00:00,IE,SV_3_15,B0FR9LJ7X4,fbm0,DEACTIVATED,
2026-08-18T07:04:59+00:00,IE,TD_3_15,B0FR9SG4MK,fbm0,DEACTIVATED,
2026-08-18T07:05:01+00:00,IE,TD_5_30,B0FR9L414C,fbm0,DEACTIVATED,
2026-08-18T07:05:03+00:00,IE,TH_20_30,B0FRCHW3MW,fbm0,DEACTIVATED,
2026-08-18T07:05:05+00:00,IE,TH_3_15,B0FRCDPJSH,fbm0,DEACTIVATED,
2026-08-18T07:05:06+00:00,IE,TH_5_30,B0FR9Q5D1J,fbm0,DEACTIVATED,
2026-08-18T07:05:08+00:00,IE,TN_5_30,B0FRB7Q96Z,fbm0,DEACTIVATED,
2026-08-18T07:05:10+00:00,IE,TR_20_30,B0FRCYMWCX,fbm0,DEACTIVATED,
2026-08-18T07:05:12+00:00,IE,TR_3_15,B0FRC2PSHM,fbm0,DEACTIVATED,
2026-08-18T07:05:14+00:00,IE,TR_5_30,B0FRCBZ1BB,fbm0,DEACTIVATED,
2026-08-18T07:05:16+00:00,IE,TZ_3_15,B0FRC81NPJ,fbm0,DEACTIVATED,
2026-08-18T07:05:18+00:00,IE,UA_3_15,B0FRB9SBFR,fbm0,DEACTIVATED,
2026-08-18T07:05:20+00:00,IE,UA_5_30,B0FRC2NRKG,fbm0,DEACTIVATED,
2026-08-18T07:05:21+00:00,IE,UG_3_15,B0FRB7F7Z9,fbm0,DEACTIVATED,
2026-08-18T07:05:23+00:00,IE,US_3_15,B0FRCFXK3V,fbm0,DEACTIVATED,
2026-08-18T07:05:25+00:00,IE,US_5_30,B0FRC2PQ8H,fbm0,DEACTIVATED,
2026-08-18T07:05:27+00:00,IE,UY_3_15,B0FRB7LHGN,fbm0,DEACTIVATED,
2026-08-18T07:05:28+00:00,IE,UZ_5_30,B0FRBWFZ6M,fbm0,DEACTIVATED,
2026-08-18T07:05:30+00:00,IE,VN_20_30,B0FRC2NKC4,fbm0,DEACTIVATED,
2026-08-18T07:05:32+00:00,IE,VN_3_15,B0FRBR2DHW,fbm0,DEACTIVATED,
2026-08-18T07:05:34+00:00,IE,VN_5_30,B0FRCBXRGV,fbm0,DEACTIVATED,
2026-08-18T07:05:35+00:00,IE,ZA_5_30,B0FRB3R6F3,fbm0,DEACTIVATED,
2026-08-18T07:05:37+00:00,IE,ZM_3_15,B0FRC2NSM2,fbm0,DEACTIVATED,
2026-08-18T07:05:39+00:00,IE,ZM_5_30,B0FRCL97L4,fbm0,DEACTIVATED,
2026-08-18T07:05:41+00:00,IE,CA_20_30,B0FR9BY42D,fbm0,DEACTIVATED,
2026-08-18T07:05:42+00:00,IE,CA_3_15,B0FR9RZLF3,fbm0,DEACTIVATED,
2026-08-18T07:05:44+00:00,IE,CA_5_30,B0FR9SYCBK,fbm0,DEACTIVATED,
2026-08-18T07:05:46+00:00,IE,EG_3_30,B0FR9GNL93,fbm0,DEACTIVATED,
2026-08-18T07:05:48+00:00,IE,SG_3_30,B0FRB3KY59,fbm0,DEACTIVATED,
2026-08-18T07:05:50+00:00,IE,TN_10_30,B0FRB85GLD,fbm0,DEACTIVATED,
2026-08-18T07:05:51+00:00,IE,TN_3_30,B0FRCKZKVY,fbm0,DEACTIVATED,
2026-08-18T07:05:53+00:00,IE,US_20_90,B0FRB9JP2K,fbm0,DEACTIVATED,
2026-08-18T07:05:55+00:00,IE,ZA_10_30,B0FRB4RSW2,fbm0,DEACTIVATED,
2026-08-18T07:06:28+00:00,FR,ZAMBIA-3GB-15D,B0FRC2NSM2,fbm0,ALREADY_OFF,offer already on DEFAULT
2026-08-18T07:06:29+00:00,FR,MAURITIUS-3GB-15D,B0H2FYRLRC,fbm0,ALREADY_OFF,offer already on DEFAULT
2026-08-18T07:06:30+00:00,FR,HAJJ-LUX-10GB-30D,B0H3L75HDS,fbm0,ALREADY_OFF,offer already on DEFAULT
2026-08-18T07:06:31+00:00,FR,BULGARIA-3GB-15D,B0H6MCT4Y5,fbm0,ALREADY_OFF,offer already on DEFAULT
2026-08-18T07:06:33+00:00,FR,PERU-3GB-15D,B0H6M5WW3B,fbm0,DEACTIVATED,
2026-08-18T07:06:35+00:00,FR,PERU-20GB-30D,B0H6M8BLBD,fbm0,DEACTIVATED,
2026-08-18T07:06:37+00:00,FR,ALGERIA-3GB-15D,B0H6M9R3WH,fbm0,DEACTIVATED,
2026-08-18T07:06:38+00:00,FR,ALGERIA-5GB-30D,B0H6MDYKG8,fbm0,DEACTIVATED,
2026-08-18T07:06:40+00:00,FR,ALGERIA-20GB-30D,B0H6M5TDMD,fbm0,DEACTIVATED,
2026-08-18T07:06:41+00:00,FR,ANDORRA-3GB-15D,B0H6MBPRYN,fbm0,DEACTIVATED,
2026-08-18T07:06:43+00:00,FR,ANDORRA-5GB-30D,B0H6M5P65S,fbm0,DEACTIVATED,
2026-08-18T07:06:44+00:00,FR,ANDORRA-20GB-30D,B0H6MJ97WC,fbm0,DEACTIVATED,
2026-08-18T07:06:46+00:00,FR,ANGOLA-3GB-15D,B0H6M5RWZH,fbm0,DEACTIVATED,
2026-08-18T07:06:47+00:00,FR,ANGOLA-5GB-30D,B0H6MKZSB4,fbm0,DEACTIVATED,
2026-08-18T07:06:49+00:00,FR,ANGUILLA-3GB-15D,B0H6M7X7QY,fbm0,DEACTIVATED,
2026-08-18T07:06:51+00:00,FR,ANGUILLA-5GB-30D,B0H6MFJ63H,fbm0,DEACTIVATED,
2026-08-18T07:06:52+00:00,FR,ANGUILLA-20GB-30D,B0H6MHMZY8,fbm0,DEACTIVATED,
2026-08-18T07:06:54+00:00,FR,ANTIGUA-AND-BARBUDA-3GB-15D,B0H6MBBFLQ,fbm0,DEACTIVATED,
2026-08-18T07:06:55+00:00,FR,ANTIGUA-AND-BARBUDA-5GB-30D,B0H6MCR5F9,fbm0,DEACTIVATED,
2026-08-18T07:06:57+00:00,FR,ANTIGUA-AND-BARBUDA-20GB-30D,B0H6M2MQJB,fbm0,DEACTIVATED,
2026-08-18T07:06:59+00:00,FR,BAHAMAS-3GB-15D,B0H6MB828R,fbm0,DEACTIVATED,
2026-08-18T07:07:00+00:00,FR,BAHAMAS-5GB-30D,B0H6MFGH8P,fbm0,DEACTIVATED,
2026-08-18T07:07:02+00:00,FR,BAHAMAS-20GB-30D,B0H6MCPR9P,fbm0,DEACTIVATED,
2026-08-18T07:07:03+00:00,FR,BARBADOS-3GB-15D,B0H6MCD72X,fbm0,DEACTIVATED,
2026-08-18T07:07:05+00:00,FR,BARBADOS-5GB-30D,B0H6MG6VYJ,fbm0,DEACTIVATED,
2026-08-18T07:07:07+00:00,FR,BARBADOS-20GB-30D,B0H6MJ921X,fbm0,DEACTIVATED,
2026-08-18T07:07:08+00:00,FR,BELIZE-3GB-15D,B0H6MFPNTX,fbm0,DEACTIVATED,
2026-08-18T07:07:10+00:00,FR,BELIZE-5GB-30D,B0H6MF1H4V,fbm0,DEACTIVATED,
2026-08-18T07:07:11+00:00,FR,BELIZE-20GB-30D,B0H6MBSQM8,fbm0,ALREADY_OFF,offer already on DEFAULT
2026-08-18T07:07:13+00:00,FR,BENIN-3GB-15D,B0H6M9YHDR,fbm0,DEACTIVATED,
2026-08-18T07:07:14+00:00,FR,BENIN-5GB-30D,B0H6MHRNBH,fbm0,DEACTIVATED,
2026-08-18T07:07:15+00:00,FR,BENIN-20GB-30D,B0H6M7VGSZ,fbm0,ALREADY_OFF,offer already on DEFAULT
2026-08-18T07:07:17+00:00,FR,BERMUDA-3GB-15D,B0H6MDMTGH,fbm0,DEACTIVATED,
2026-08-18T07:07:19+00:00,FR,BERMUDA-5GB-30D,B0H6MFM5X4,fbm0,DEACTIVATED,
2026-08-18T07:07:20+00:00,FR,BERMUDA-20GB-30D,B0H6MCGQ77,fbm0,DEACTIVATED,
2026-08-18T07:07:22+00:00,FR,BHUTAN-3GB-15D,B0H6MJB588,fbm0,DEACTIVATED,
2026-08-18T07:07:24+00:00,FR,BHUTAN-5GB-30D,B0H6M9C23Q,fbm0,DEACTIVATED,
2026-08-18T07:07:25+00:00,FR,BHUTAN-20GB-30D,B0H6M5WDSH,fbm0,DEACTIVATED,
2026-08-18T07:07:27+00:00,FR,CAPE-VERDE-3GB-15D,B0H6M9R16H,fbm0,DEACTIVATED,
2026-08-18T07:07:28+00:00,FR,CAPE-VERDE-5GB-30D,B0H6MFG453,fbm0,DEACTIVATED,
2026-08-18T07:07:30+00:00,FR,CAPE-VERDE-20GB-30D,B0H6M9VSPG,fbm0,DEACTIVATED,
2026-08-18T07:07:31+00:00,FR,CAYMAN-ISLANDS-3GB-15D,B0H6MLHBD7,fbm0,ALREADY_OFF,offer already on DEFAULT
2026-08-18T07:07:32+00:00,FR,CAYMAN-ISLANDS-5GB-30D,B0H6M55MKK,fbm0,ALREADY_OFF,offer already on DEFAULT
2026-08-18T07:07:33+00:00,FR,CAYMAN-ISLANDS-20GB-30D,B0H6MGXYNS,fbm0,ALREADY_OFF,offer already on DEFAULT
2026-08-18T07:07:35+00:00,FR,CURACAO-3GB-15D,B0H6M81JPM,fbm0,DEACTIVATED,
2026-08-18T07:07:37+00:00,FR,CURACAO-5GB-30D,B0H6MGZLBC,fbm0,DEACTIVATED,
2026-08-18T07:07:38+00:00,FR,CURACAO-20GB-30D,B0H6MF51WH,fbm0,DEACTIVATED,
2026-08-18T07:07:40+00:00,FR,DEMOCRATIC-REPUBLIC-OF-THE-CONGO-3GB-15D,B0H6LZL22Y,fbm0,DEACTIVATED,
2026-08-18T07:07:41+00:00,FR,DEMOCRATIC-REPUBLIC-OF-THE-CONGO-5GB-30D,B0H6M6L8Z8,fbm0,DEACTIVATED,
2026-08-18T07:07:43+00:00,FR,DRC-20GB-30D,B0H6MZWFM7,fbm0,DEACTIVATED,
2026-08-18T07:07:44+00:00,FR,DOMINICA-3GB-15D,B0H6M9H54M,fbm0,DEACTIVATED,
2026-08-18T07:07:46+00:00,FR,DOMINICA-5GB-30D,B0H6M5HR32,fbm0,DEACTIVATED,
2026-08-18T07:07:48+00:00,FR,DOMINICA-20GB-30D,B0H6MK8XTJ,fbm0,DEACTIVATED,
2026-08-18T07:07:50+00:00,FR,FAROE-ISLANDS-3GB-15D,B0H6ML935Q,fbm0,DEACTIVATED,
2026-08-18T07:07:52+00:00,FR,FAROE-ISLANDS-5GB-30D,B0H6MF2TVH,fbm0,DEACTIVATED,
2026-08-18T07:07:53+00:00,FR,FAROE-ISLANDS-20GB-30D,B0H6MB82ZV,fbm0,DEACTIVATED,
2026-08-18T07:07:55+00:00,FR,FIJI-3GB-15D,B0H6MFLWYD,fbm0,DEACTIVATED,
2026-08-18T07:07:57+00:00,FR,FIJI-5GB-30D,B0H6MJ7GS6,fbm0,DEACTIVATED,
2026-08-18T07:07:58+00:00,FR,FIJI-20GB-30D,B0H6MGBL3N,fbm0,DEACTIVATED,
2026-08-18T07:08:00+00:00,FR,FRENCH-GUIANA-3GB-15D,B0H6MFD6Z3,fbm0,DEACTIVATED,
2026-08-18T07:08:01+00:00,FR,FRENCH-GUIANA-5GB-30D,B0H6MGC352,fbm0,DEACTIVATED,
2026-08-18T07:08:03+00:00,FR,FRENCH-GUIANA-20GB-30D,B0H6MDNXJJ,fbm0,DEACTIVATED,
2026-08-18T07:08:04+00:00,FR,FRENCH-POLYNESIA-3GB-15D,B0H6MF6GHP,fbm0,DEACTIVATED,
2026-08-18T07:08:06+00:00,FR,FRENCH-POLYNESIA-5GB-30D,B0H6MD2GXY,fbm0,DEACTIVATED,
2026-08-18T07:08:08+00:00,FR,FRENCH-POLYNESIA-20GB-30D,B0H6M59GH9,fbm0,DEACTIVATED,
2026-08-18T07:08:09+00:00,FR,GHANA-3GB-15D,B0H6M7CH6H,fbm0,DEACTIVATED,
2026-08-18T07:08:11+00:00,FR,GHANA-5GB-30D,B0H6MD48NZ,fbm0,DEACTIVATED,
2026-08-18T07:08:12+00:00,FR,GHANA-20GB-30D,B0H6M9CG3G,fbm0,DEACTIVATED,
2026-08-18T07:08:14+00:00,FR,GREENLAND-3GB-15D,B0H6MLNBK2,fbm0,DEACTIVATED,
2026-08-18T07:08:16+00:00,FR,GREENLAND-5GB-30D,B0H6MFMLK9,fbm0,DEACTIVATED,
2026-08-18T07:08:17+00:00,FR,GREENLAND-20GB-30D,B0H6MBT3TW,fbm0,ALREADY_OFF,offer already on DEFAULT
2026-08-18T07:08:18+00:00,FR,GRENADA-3GB-15D,B0H6M8K37V,fbm0,ALREADY_OFF,offer already on DEFAULT
2026-08-18T07:08:19+00:00,FR,GRENADA-5GB-30D,B0H6MLJR6Z,fbm0,DEACTIVATED,
2026-08-18T07:08:21+00:00,FR,GRENADA-20GB-30D,B0H6MGRF37,fbm0,DEACTIVATED,
2026-08-18T07:08:22+00:00,FR,GUINEA-3GB-15D,B0H6MGZTF1,fbm0,ALREADY_OFF,offer already on DEFAULT
2026-08-18T07:08:24+00:00,FR,GUINEA-5GB-30D,B0H6MFTVX6,fbm0,DEACTIVATED,
2026-08-18T07:08:26+00:00,FR,GUINEA-20GB-30D,B0H6M7VHYP,fbm0,DEACTIVATED,
2026-08-18T07:08:27+00:00,FR,GUINEA-BISSAU-3GB-15D,B0H6MG6X8D,fbm0,ALREADY_OFF,offer already on DEFAULT
2026-08-18T07:08:29+00:00,FR,GUINEA-BISSAU-5GB-30D,B0H6MCJ4Y9,fbm0,DEACTIVATED,
2026-08-18T07:08:30+00:00,FR,GUINEA-BISSAU-20GB-30D,B0H6MF1JJS,fbm0,DEACTIVATED,
2026-08-18T07:08:32+00:00,FR,GUYANA-3GB-15D,B0H6MCG586,fbm0,DEACTIVATED,
2026-08-18T07:08:33+00:00,FR,GUYANA-5GB-30D,B0H6MB3FHF,fbm0,DEACTIVATED,
2026-08-18T07:08:35+00:00,FR,GUYANA-20GB-30D,B0H6MD1PB7,fbm0,DEACTIVATED,
2026-08-18T07:08:37+00:00,FR,HAITI-3GB-15D,B0H6M9YTL4,fbm0,DEACTIVATED,
2026-08-18T07:08:38+00:00,FR,HAITI-5GB-30D,B0H6MDHPCV,fbm0,ALREADY_OFF,offer already on DEFAULT
2026-08-18T07:08:39+00:00,FR,HAITI-20GB-30D,B0H6MBNF3Y,fbm0,ALREADY_OFF,offer already on DEFAULT
2026-08-18T07:08:41+00:00,FR,IRAQ-3GB-15D,B0H6MGX6P7,fbm0,DEACTIVATED,
2026-08-18T07:08:42+00:00,FR,IRAQ-5GB-30D,B0H6MFRHZN,fbm0,DEACTIVATED,
2026-08-18T07:08:44+00:00,FR,IRAQ-20GB-30D,B0H6M956TN,fbm0,DEACTIVATED,
2026-08-18T07:08:46+00:00,FR,JAMAICA-3GB-15D,B0H6MF3PNQ,fbm0,DEACTIVATED,
2026-08-18T07:08:47+00:00,FR,JAMAICA-5GB-30D,B0H6MJQCMF,fbm0,DEACTIVATED,
2026-08-18T07:08:49+00:00,FR,JAMAICA-20GB-30D,B0H6MF52ZZ,fbm0,DEACTIVATED,
2026-08-18T07:08:51+00:00,FR,LAOS-3GB-15D,B0H6M96WPB,fbm0,DEACTIVATED,
2026-08-18T07:08:52+00:00,FR,LAOS-5GB-30D,B0H6MBJN5B,fbm0,DEACTIVATED,
2026-08-18T07:08:54+00:00,FR,LAOS-20GB-30D,B0H6MBWGX1,fbm0,ALREADY_OFF,offer already on DEFAULT
2026-08-18T07:08:55+00:00,FR,LIBYA-3GB-15D,B0H6MBYGXZ,fbm0,ALREADY_OFF,offer already on DEFAULT
2026-08-18T07:08:56+00:00,FR,LIBYA-5GB-30D,B0H6M5PVSB,fbm0,ALREADY_OFF,offer already on DEFAULT
2026-08-18T07:08:58+00:00,FR,LIBYA-20GB-30D,B0H6MFWD2Y,fbm0,ALREADY_OFF,offer already on DEFAULT
2026-08-18T07:08:59+00:00,FR,MALDIVES-3GB-15D,B0H6MD6Y71,fbm0,ALREADY_OFF,offer already on DEFAULT
2026-08-18T07:09:00+00:00,FR,MALDIVES-5GB-30D,B0H6MJQZ8Y,fbm0,ALREADY_OFF,offer already on DEFAULT
2026-08-18T07:09:01+00:00,FR,MALDIVES-20GB-30D,B0H6MM5SCJ,fbm0,ALREADY_OFF,offer already on DEFAULT
2026-08-18T07:09:02+00:00,FR,MARTINIQUE-3GB-15D,B0H6M7SBFQ,fbm0,ALREADY_OFF,offer already on DEFAULT
2026-08-18T07:09:04+00:00,FR,MARTINIQUE-5GB-30D,B0H6MKCD1X,fbm0,ALREADY_OFF,offer already on DEFAULT
2026-08-18T07:09:05+00:00,FR,MARTINIQUE-20GB-30D,B0H6MH94KV,fbm0,ALREADY_OFF,offer already on DEFAULT
2026-08-18T07:09:06+00:00,FR,MAYOTTE-3GB-15D,B0H6MFWP88,fbm0,ALREADY_OFF,offer already on DEFAULT
2026-08-18T07:09:07+00:00,FR,MAYOTTE-5GB-30D,B0H6MD9C4Y,fbm0,ALREADY_OFF,offer already on DEFAULT
2026-08-18T07:09:08+00:00,FR,MAYOTTE-20GB-30D,B0H6M5L8MC,fbm0,ALREADY_OFF,offer already on DEFAULT
2026-08-18T07:09:09+00:00,FR,MONTSERRAT-3GB-15D,B0H6MDJ2ZR,fbm0,ALREADY_OFF,offer already on DEFAULT
2026-08-18T07:09:11+00:00,FR,MONTSERRAT-5GB-30D,B0H6MGQ1Y4,fbm0,ALREADY_OFF,offer already on DEFAULT
2026-08-18T07:09:12+00:00,FR,MONTSERRAT-20GB-30D,B0H6MG87HK,fbm0,ALREADY_OFF,offer already on DEFAULT
2026-08-18T07:09:13+00:00,FR,REPUBLIC-OF-THE-CONGO-3GB-15D,B0H6MM6DKT,fbm0,ALREADY_OFF,offer already on DEFAULT
2026-08-18T07:09:15+00:00,FR,REPUBLIC-OF-THE-CONGO-5GB-30D,B0H6MBXD3B,fbm0,ALREADY_OFF,offer already on DEFAULT
2026-08-18T07:09:16+00:00,FR,REPUBLIC-OF-THE-CONGO-20GB-30D,B0H6MJ756Y,fbm0,ALREADY_OFF,offer already on DEFAULT
2026-08-18T07:09:17+00:00,FR,ROMANIA-3GB-15D,B0H6MKQH2C,fbm0,ALREADY_OFF,offer already on DEFAULT
2026-08-18T07:09:18+00:00,FR,ROMANIA-5GB-30D,B0H6MFVLCB,fbm0,ALREADY_OFF,offer already on DEFAULT
2026-08-18T07:09:19+00:00,FR,ROMANIA-20GB-30D,B0H6MGRC1F,fbm0,ALREADY_OFF,offer already on DEFAULT
2026-08-18T07:09:20+00:00,FR,RUSSIA-3GB-15D,B0H6MDNPC8,fbm0,ALREADY_OFF,offer already on DEFAULT
2026-08-18T07:09:21+00:00,FR,RUSSIA-5GB-30D,B0H6MLHHB2,fbm0,ALREADY_OFF,offer already on DEFAULT
2026-08-18T07:09:23+00:00,FR,RUSSIA-20GB-30D,B0H6MDSLNC,fbm0,ALREADY_OFF,offer already on DEFAULT
2026-08-18T07:09:24+00:00,FR,RWANDA-3GB-15D,B0H6MK2ZBQ,fbm0,ALREADY_OFF,offer already on DEFAULT
2026-08-18T07:09:25+00:00,FR,RWANDA-5GB-30D,B0H6MJZHP1,fbm0,ALREADY_OFF,offer already on DEFAULT
2026-08-18T07:09:27+00:00,FR,RWANDA-20GB-30D,B0H6M66BWN,fbm0,ALREADY_OFF,offer already on DEFAULT
2026-08-18T07:09:28+00:00,FR,SAINT-BARTHELEMY-3GB-15D,B0H6MDMD63,fbm0,ALREADY_OFF,offer already on DEFAULT
2026-08-18T07:09:29+00:00,FR,SAINT-BARTHELEMY-5GB-30D,B0H6MBS246,fbm0,ALREADY_OFF,offer already on DEFAULT
2026-08-18T07:09:31+00:00,FR,SAINT-BARTHELEMY-20GB-30D,B0H6MJHHNB,fbm0,ALREADY_OFF,offer already on DEFAULT
2026-08-18T07:09:32+00:00,FR,SAINT-KITTS-AND-NEVIS-3GB-15D,B0H6MDHJ2B,fbm0,ALREADY_OFF,offer already on DEFAULT
2026-08-18T07:09:33+00:00,FR,SAINT-KITTS-AND-NEVIS-5GB-30D,B0H6MBK615,fbm0,ALREADY_OFF,offer already on DEFAULT
2026-08-18T07:09:34+00:00,FR,SAINT-KITTS-AND-NEVIS-20GB-30D,B0H6MJQSR4,fbm0,ALREADY_OFF,offer already on DEFAULT
2026-08-18T07:09:36+00:00,FR,SAINT-LUCIA-3GB-15D,B0H6M7Y1CD,fbm0,ALREADY_OFF,offer already on DEFAULT
2026-08-18T07:09:37+00:00,FR,SAINT-LUCIA-5GB-30D,B0H6MGBXNV,fbm0,ALREADY_OFF,offer already on DEFAULT
2026-08-18T07:09:38+00:00,FR,SAINT-LUCIA-20GB-30D,B0H6MDX8DY,fbm0,ALREADY_OFF,offer already on DEFAULT
2026-08-18T07:09:39+00:00,FR,SAINT-MARTIN-3GB-15D,B0H6MDB2CN,fbm0,ALREADY_OFF,offer already on DEFAULT
2026-08-18T07:09:41+00:00,FR,SAINT-MARTIN-5GB-30D,B0H6MC37Q1,fbm0,ALREADY_OFF,offer already on DEFAULT
2026-08-18T07:09:42+00:00,FR,SAINT-MARTIN-20GB-30D,B0H6MF7K64,fbm0,ALREADY_OFF,offer already on DEFAULT
2026-08-18T07:09:43+00:00,FR,SAINT-VINCENT-AND-THE-GRENADINES-3GB-15D,B0H6MF3FWZ,fbm0,ALREADY_OFF,offer already on DEFAULT
2026-08-18T07:09:44+00:00,FR,SAINT-VINCENT-AND-THE-GRENADINES-5GB-30D,B0H6MJXH8Z,fbm0,ALREADY_OFF,offer already on DEFAULT
2026-08-18T07:09:46+00:00,FR,SVG-20GB-30D,B0H6MWF5B5,fbm0,ALREADY_OFF,offer already on DEFAULT
2026-08-18T07:09:47+00:00,FR,SAMOA-3GB-15D,B0H6MGJ45S,fbm0,ALREADY_OFF,offer already on DEFAULT
2026-08-18T07:09:48+00:00,FR,SAMOA-5GB-30D,B0H6MFFZH1,fbm0,ALREADY_OFF,offer already on DEFAULT
2026-08-18T07:09:49+00:00,FR,SAMOA-20GB-30D,B0H6MJQDSM,fbm0,ALREADY_OFF,offer already on DEFAULT
2026-08-18T07:09:51+00:00,FR,SAN-MARINO-3GB-15D,B0H6MG33GL,fbm0,ALREADY_OFF,offer already on DEFAULT
2026-08-18T07:09:52+00:00,FR,SAN-MARINO-5GB-30D,B0H6ML6C38,fbm0,ALREADY_OFF,offer already on DEFAULT
2026-08-18T07:09:53+00:00,FR,SAN-MARINO-20GB-30D,B0H6MDHJFJ,fbm0,ALREADY_OFF,offer already on DEFAULT
2026-08-18T07:09:54+00:00,FR,SIERRA-LEONE-3GB-15D,B0H6MHPWKP,fbm0,ALREADY_OFF,offer already on DEFAULT
2026-08-18T07:09:55+00:00,FR,SIERRA-LEONE-5GB-30D,B0H6MBK6HZ,fbm0,ALREADY_OFF,offer already on DEFAULT
2026-08-18T07:09:57+00:00,FR,SIERRA-LEONE-20GB-30D,B0H6ML1JW1,fbm0,ALREADY_OFF,offer already on DEFAULT
2026-08-18T07:09:58+00:00,FR,SURINAME-3GB-15D,B0H6MLWJMY,fbm0,ALREADY_OFF,offer already on DEFAULT
2026-08-18T07:09:59+00:00,FR,SURINAME-5GB-30D,B0H6MNS3N5,fbm0,ALREADY_OFF,offer already on DEFAULT
2026-08-18T07:10:01+00:00,FR,SURINAME-20GB-30D,B0H6MNKY5H,fbm0,ALREADY_OFF,offer already on DEFAULT
2026-08-18T07:10:02+00:00,FR,TAJIKISTAN-3GB-15D,B0H6M7XFN6,fbm0,ALREADY_OFF,offer already on DEFAULT
2026-08-18T07:10:03+00:00,FR,TAJIKISTAN-5GB-30D,B0H6MFYMXZ,fbm0,ALREADY_OFF,offer already on DEFAULT
2026-08-18T07:10:05+00:00,FR,TAJIKISTAN-20GB-30D,B0H6M85C77,fbm0,ALREADY_OFF,offer already on DEFAULT
2026-08-18T07:10:06+00:00,FR,TRINIDAD-AND-TOBAGO-3GB-15D,B0H6MJTHXK,fbm0,ALREADY_OFF,offer already on DEFAULT
2026-08-18T07:10:08+00:00,FR,TRINIDAD-AND-TOBAGO-5GB-30D,B0H6MJTHY9,fbm0,ALREADY_OFF,offer already on DEFAULT
2026-08-18T07:10:09+00:00,FR,TRINIDAD-AND-TOBAGO-20GB-30D,B0H6MF31VP,fbm0,ALREADY_OFF,offer already on DEFAULT
2026-08-18T07:10:10+00:00,FR,TURKS-AND-CAICOS-ISLANDS-3GB-15D,B0H6MNNXGL,fbm0,ALREADY_OFF,offer already on DEFAULT
2026-08-18T07:10:11+00:00,FR,TURKS-AND-CAICOS-ISLANDS-5GB-30D,B0H6MLH1KM,fbm0,ALREADY_OFF,offer already on DEFAULT
2026-08-18T07:10:12+00:00,FR,TURKS-AND-CAICOS-ISLANDS-20GB-30D,B0H6MLBGX7,fbm0,ALREADY_OFF,offer already on DEFAULT
2026-08-18T07:10:13+00:00,FR,VATICAN-CITY-3GB-15D,B0H6MBMF8G,fbm0,ALREADY_OFF,offer already on DEFAULT
2026-08-18T07:10:15+00:00,FR,VATICAN-CITY-5GB-30D,B0H6M7YXNP,fbm0,ALREADY_OFF,offer already on DEFAULT
2026-08-18T07:10:16+00:00,FR,VATICAN-CITY-20GB-30D,B0H6MDPLZ9,fbm0,ALREADY_OFF,offer already on DEFAULT
2026-08-18T07:10:17+00:00,FR,CANADA-PREMIUM-3GB-15D,B0H6MJ1HMJ,fbm0,ALREADY_OFF,offer already on DEFAULT
2026-08-18T07:10:18+00:00,FR,CANADA-PREMIUM-5GB-30D,B0H6MPXGBN,fbm0,ALREADY_OFF,offer already on DEFAULT
2026-08-18T07:10:20+00:00,FR,CANADA-PREMIUM-20GB-30D,B0H6MJ9N4Y,fbm0,ALREADY_OFF,offer already on DEFAULT
2026-08-18T07:10:21+00:00,FR,AALAND-ISLANDS-3GB-15D,B0FR3CCSMB,fbm0,ALREADY_OFF,offer already on DEFAULT
2026-08-18T07:10:23+00:00,FR,AALAND-ISLANDS-5GB-30D,B0FR3G6JWB,fbm0,ALREADY_OFF,offer already on DEFAULT
2026-08-18T07:10:24+00:00,FR,AALAND-ISLANDS-20GB-30D,B0FR39Q1KJ,fbm0,ALREADY_OFF,offer already on DEFAULT
2026-08-18T07:10:25+00:00,FR,AFRICA-5GB-30D,B0FR3GK9Z7,fbm0,ALREADY_OFF,offer already on DEFAULT
2026-08-18T07:10:27+00:00,FR,ALBANIA-5GB-30D,B0FR4ZG3Z6,fbm0,ALREADY_OFF,offer already on DEFAULT
2026-08-18T07:10:28+00:00,FR,ARGENTINA-3GB-15D,B0FR554SXN,fbm0,ALREADY_OFF,offer already on DEFAULT
2026-08-18T07:10:29+00:00,FR,ARGENTINA-20GB-30D,B0FR5DCH33,fbm0,ALREADY_OFF,offer already on DEFAULT
2026-08-18T07:10:31+00:00,FR,ARMENIA-3GB-15D,B0FR5BK9R4,fbm0,ALREADY_OFF,offer already on DEFAULT
2026-08-18T07:10:32+00:00,FR,ARMENIA-20GB-30D,B0FR4ZT5XT,fbm0,ALREADY_OFF,offer already on DEFAULT
2026-08-18T07:10:33+00:00,FR,ASIA-20-3GB-15D,B0FR9FZ4RF,fbm0,ALREADY_OFF,offer already on DEFAULT
2026-08-18T07:10:35+00:00,FR,ASIA-20-5GB-30D,B0FR9BQNSV,fbm0,ALREADY_OFF,offer already on DEFAULT
2026-08-18T07:10:36+00:00,FR,AUSTRALIA-3GB-15D,B0FR9SKY4D,fbm0,ALREADY_OFF,offer already on DEFAULT
2026-08-18T07:10:37+00:00,FR,AUSTRALIA-5GB-30D,B0FR9JRB62,fbm0,ALREADY_OFF,offer already on DEFAULT
2026-08-18T07:10:38+00:00,FR,AUSTRALIA-20GB-30D,B0FR9G1ZQJ,fbm0,ALREADY_OFF,offer already on DEFAULT
2026-08-18T07:10:39+00:00,FR,AUSTRIA-3GB-15D,B0FR9QSMSP,fbm0,ALREADY_OFF,offer already on DEFAULT
2026-08-18T07:10:41+00:00,FR,AUSTRIA-5GB-30D,B0FR8XCH78,fbm0,ALREADY_OFF,offer already on DEFAULT
2026-08-18T07:10:42+00:00,FR,AUSTRIA-20GB-30D,B0FR8XBSBP,fbm0,ALREADY_OFF,offer already on DEFAULT
2026-08-18T07:10:43+00:00,FR,AZERBAIJAN-3GB-15D,B0FR9BTC98,fbm0,ALREADY_OFF,offer already on DEFAULT
2026-08-18T07:10:44+00:00,FR,BAHRAIN-3GB-15D,B0FR9K64KF,fbm0,ALREADY_OFF,offer already on DEFAULT
2026-08-18T07:10:46+00:00,FR,BANGLADESH-3GB-15D,B0FR9L7SG3,fbm0,ALREADY_OFF,offer already on DEFAULT
2026-08-18T07:10:47+00:00,FR,BANGLADESH-5GB-30D,B0FR9BQFCM,fbm0,ALREADY_OFF,offer already on DEFAULT
2026-08-18T07:10:48+00:00,FR,BANGLADESH-20GB-30D,B0FR8FJ3HJ,fbm0,ALREADY_OFF,offer already on DEFAULT
2026-08-18T07:10:49+00:00,FR,BELARUS-3GB-15D,B0FR9G3Z82,fbm0,ALREADY_OFF,offer already on DEFAULT
2026-08-18T07:10:50+00:00,FR,BELARUS-5GB-30D,B0FR8FFT4D,fbm0,ALREADY_OFF,offer already on DEFAULT
2026-08-18T07:10:52+00:00,FR,BELGIUM-3GB-15D,B0FR9G432K,fbm0,ALREADY_OFF,offer already on DEFAULT
2026-08-18T07:10:53+00:00,FR,BELGIUM-5GB-30D,B0FR9SXCW6,fbm0,ALREADY_OFF,offer already on DEFAULT
2026-08-18T07:10:54+00:00,FR,BELGIUM-20GB-30D,B0FR9BVRCH,fbm0,ALREADY_OFF,offer already on DEFAULT
2026-08-18T07:10:56+00:00,FR,BOLIVIA-3GB-15D,B0FR8FKPKH,fbm0,ALREADY_OFF,offer already on DEFAULT
2026-08-18T07:10:57+00:00,FR,BOLIVIA-20GB-30D,B0FR9RH588,fbm0,ALREADY_OFF,offer already on DEFAULT
2026-08-18T07:10:58+00:00,FR,BOSNIA-AND-HERZEGOVINA-3GB-15D,B0FR9G8ZVK,fbm0,ALREADY_OFF,offer already on DEFAULT
2026-08-18T07:10:59+00:00,FR,BOTSWANA-3GB-15D,B0FR9G7N2Q,fbm0,ALREADY_OFF,offer already on DEFAULT
2026-08-18T07:11:00+00:00,FR,BRAZIL-3GB-15D,B0FR9G5LKV,fbm0,ALREADY_OFF,offer already on DEFAULT
2026-08-18T07:11:02+00:00,FR,BRAZIL-20GB-30D,B0FR9KLZCR,fbm0,ALREADY_OFF,offer already on DEFAULT
2026-08-18T07:11:03+00:00,FR,BRUNEI-DARUSSALAM-3GB-15D,B0FR9KTJND,fbm0,ALREADY_OFF,offer already on DEFAULT
2026-08-18T07:11:04+00:00,FR,BRUNEI-DARUSSALAM-20GB-30D,B0FR9F971C,fbm0,ALREADY_OFF,offer already on DEFAULT
2026-08-18T07:11:05+00:00,FR,BURKINA-FASO-3GB-15D,B0FR9HWFSK,fbm0,ALREADY_OFF,offer already on DEFAULT
2026-08-18T07:11:06+00:00,FR,BURKINA-FASO-5GB-30D,B0FR9BWKSY,fbm0,ALREADY_OFF,offer already on DEFAULT
2026-08-18T07:11:08+00:00,FR,CAMEROON-3GB-15D,B0FR9VJ1ZB,fbm0,ALREADY_OFF,offer already on DEFAULT
2026-08-18T07:11:09+00:00,FR,CENTRAL-AFRICAN-REPUBLIC-3GB-15D,B0FR9RK8FP,fbm0,ALREADY_OFF,offer already on DEFAULT
2026-08-18T07:11:10+00:00,FR,CENTRAL-AFRICAN-REPUBLIC-5GB-30D,B0FR9R3NMC,fbm0,ALREADY_OFF,offer already on DEFAULT
2026-08-18T07:11:11+00:00,FR,CHAD-3GB-15D,B0FR9SG4MK,fbm0,ALREADY_OFF,offer already on DEFAULT
2026-08-18T07:11:13+00:00,FR,CHAD-5GB-30D,B0FR9L414C,fbm0,ALREADY_OFF,offer already on DEFAULT
2026-08-18T07:11:14+00:00,FR,CHILE-3GB-15D,B0FR9RY1RT,fbm0,ALREADY_OFF,offer already on DEFAULT
2026-08-18T07:11:16+00:00,FR,CHINA-3GB-15D,B0FR9QZ578,fbm0,ALREADY_OFF,offer already on DEFAULT
2026-08-18T07:11:17+00:00,FR,CHINA-5GB-30D,B0FR9HX7XH,fbm0,ALREADY_OFF,offer already on DEFAULT
2026-08-18T07:11:19+00:00,FR,CHINA-20GB-30D,B0FR9GD6X9,fbm0,ALREADY_OFF,offer already on DEFAULT
2026-08-18T07:11:20+00:00,FR,COLOMBIA-3GB-15D,B0FR9RL8W5,fbm0,ALREADY_OFF,offer already on DEFAULT
2026-08-18T07:11:21+00:00,FR,CAMBODIA-3GB-15D,B0FR8XKMJ4,fbm0,ALREADY_OFF,offer already on DEFAULT
2026-08-18T07:11:22+00:00,FR,CAMBODIA-20GB-30D,B0FR9GFJPL,fbm0,ALREADY_OFF,offer already on DEFAULT
2026-08-18T07:11:24+00:00,FR,COSTA-RICA-3GB-15D,B0FR9LNRMN,fbm0,ALREADY_OFF,offer already on DEFAULT
2026-08-18T07:11:26+00:00,FR,COTE-D-IVOIRE-3GB-15D,B0FR9HW9DJ,fbm0,ALREADY_OFF,offer already on DEFAULT
2026-08-18T07:11:27+00:00,FR,COTE-D-IVOIRE-5GB-30D,B0FR9V5LYJ,fbm0,ALREADY_OFF,offer already on DEFAULT
2026-08-18T07:11:28+00:00,FR,CROATIA-3GB-15D,B0FR9GDKT1,fbm0,ALREADY_OFF,offer already on DEFAULT
2026-08-18T07:11:29+00:00,FR,CROATIA-5GB-30D,B0FR9BVV58,fbm0,ALREADY_OFF,offer already on DEFAULT
2026-08-18T07:11:31+00:00,FR,CROATIA-20GB-30D,B0FR9TYCSL,fbm0,ALREADY_OFF,offer already on DEFAULT
2026-08-18T07:11:32+00:00,FR,CYPRUS-3GB-15D,B0FR8XJWWG,fbm0,ALREADY_OFF,offer already on DEFAULT
2026-08-18T07:11:33+00:00,FR,CYPRUS-5GB-30D,B0FR8XHWZV,fbm0,ALREADY_OFF,offer already on DEFAULT
2026-08-18T07:11:35+00:00,FR,CZECH-REPUBLIC-3GB-15D,B0FR9SB2Q3,fbm0,ALREADY_OFF,offer already on DEFAULT
2026-08-18T07:11:36+00:00,FR,CZECH-REPUBLIC-5GB-30D,B0FR9BY2LF,fbm0,ALREADY_OFF,offer already on DEFAULT
2026-08-18T07:11:38+00:00,FR,CZECH-REPUBLIC-20GB-30D,B0FR9SVN9H,fbm0,ALREADY_OFF,offer already on DEFAULT
2026-08-18T07:11:39+00:00,FR,DENMARK-3GB-15D,B0FR9GSNP4,fbm0,ALREADY_OFF,offer already on DEFAULT
2026-08-18T07:11:40+00:00,FR,DENMARK-5GB-30D,B0FR8XQYR4,fbm0,ALREADY_OFF,offer already on DEFAULT
2026-08-18T07:11:41+00:00,FR,DENMARK-20GB-30D,B0FR9QPF45,fbm0,ALREADY_OFF,offer already on DEFAULT
2026-08-18T07:11:42+00:00,FR,DOMINICAN-REPUBLIC-3GB-15D,B0FR9GSKZF,fbm0,ALREADY_OFF,offer already on DEFAULT
2026-08-18T07:11:44+00:00,FR,DOMINICAN-REPUBLIC-5GB-30D,B0FR9GQKCM,fbm0,ALREADY_OFF,offer already on DEFAULT
2026-08-18T07:11:45+00:00,FR,DOMINICAN-REPUBLIC-20GB-30D,B0FR9C6DJF,fbm0,ALREADY_OFF,offer already on DEFAULT
2026-08-18T07:11:46+00:00,FR,ECUADOR-3GB-15D,B0FR9RM6MP,fbm0,ALREADY_OFF,offer already on DEFAULT
2026-08-18T07:11:47+00:00,FR,EGYPT-3GB-15D,B0FR9C784N,fbm0,ALREADY_OFF,offer already on DEFAULT
2026-08-18T07:11:48+00:00,FR,EGYPT-5GB-30D,B0FR9LR5KJ,fbm0,ALREADY_OFF,offer already on DEFAULT
2026-08-18T07:11:50+00:00,FR,EGYPT-20GB-30D,B0FR9GQBGL,fbm0,ALREADY_OFF,offer already on DEFAULT
2026-08-18T07:11:51+00:00,FR,EL-SALVADOR-3GB-15D,B0FR9LJ7X4,fbm0,ALREADY_OFF,offer already on DEFAULT
2026-08-18T07:11:52+00:00,FR,ESTONIA-3GB-15D,B0FR9GST1S,fbm0,ALREADY_OFF,offer already on DEFAULT
2026-08-18T07:11:53+00:00,FR,ESTONIA-5GB-30D,B0FR9GQYKB,fbm0,ALREADY_OFF,offer already on DEFAULT
2026-08-18T07:11:55+00:00,FR,ESTONIA-20GB-30D,B0FR9L527N,fbm0,ALREADY_OFF,offer already on DEFAULT
2026-08-18T07:11:56+00:00,FR,EUROPE-40-AREAS-5GB-30D,B0FR9RYSSS,fbm0,ALREADY_OFF,offer already on DEFAULT
2026-08-18T07:11:57+00:00,FR,EUROPE-40-AREAS-20GB-30D,B0FR9TNPV3,fbm0,ALREADY_OFF,offer already on DEFAULT
2026-08-18T07:11:58+00:00,FR,FINLAND-3GB-15D,B0FR9GSND6,fbm0,ALREADY_OFF,offer already on DEFAULT
2026-08-18T07:12:00+00:00,FR,FINLAND-5GB-30D,B0FR9SB3BJ,fbm0,ALREADY_OFF,offer already on DEFAULT
2026-08-18T07:12:01+00:00,FR,FRANCE-3GB-15D,B0FR9C5ZB6,fbm0,ALREADY_OFF,offer already on DEFAULT
2026-08-18T07:12:02+00:00,FR,FRANCE-5GB-30D,B0FR9LMDW5,fbm0,ALREADY_OFF,offer already on DEFAULT
2026-08-18T07:12:04+00:00,FR,FRANCE-20GB-30D,B0FR9GPMC5,fbm0,ALREADY_OFF,offer already on DEFAULT
2026-08-18T07:12:05+00:00,FR,GABON-3GB-15D,B0FR9GPX9T,fbm0,ALREADY_OFF,offer already on DEFAULT
2026-08-18T07:12:06+00:00,FR,GEORGIA-3GB-15D,B0FR9KMX2N,fbm0,ALREADY_OFF,offer already on DEFAULT
2026-08-18T07:12:07+00:00,FR,GEORGIA-20GB-30D,B0FR9C73NK,fbm0,ALREADY_OFF,offer already on DEFAULT
2026-08-18T07:12:08+00:00,FR,GERMANY-3GB-15D,B0GSZBMLKV,fbm0,ALREADY_OFF,offer already on DEFAULT
2026-08-18T07:12:10+00:00,FR,GERMANY-5GB-30D,B0GSZDYWLZ,fbm0,ALREADY_OFF,offer already on DEFAULT
2026-08-18T07:12:11+00:00,FR,GERMANY-20GB-30D,B0GSZP9H94,fbm0,ALREADY_OFF,offer already on DEFAULT
2026-08-18T07:12:12+00:00,FR,GIBRALTAR-3GB-15D,B0FR8XSPMC,fbm0,ALREADY_OFF,offer already on DEFAULT
2026-08-18T07:12:13+00:00,FR,GLOBAL139-5GB-30D,B0FR9VNTLY,fbm0,ALREADY_OFF,offer already on DEFAULT
2026-08-18T07:12:15+00:00,FR,GREECE-3GB-15D,B0FR9L85F6,fbm0,ALREADY_OFF,offer already on DEFAULT
2026-08-18T07:12:16+00:00,FR,GREECE-5GB-30D,B0FR9C7SMF,fbm0,ALREADY_OFF,offer already on DEFAULT
2026-08-18T07:12:17+00:00,FR,GREECE-20GB-30D,B0FR9KJGBG,fbm0,ALREADY_OFF,offer already on DEFAULT
2026-08-18T07:12:18+00:00,FR,GUADELOUPE-3GB-15D,B0FR9TMVWK,fbm0,ALREADY_OFF,offer already on DEFAULT
2026-08-18T07:12:19+00:00,FR,GUADELOUPE-20GB-30D,B0FR8XTBF6,fbm0,ALREADY_OFF,offer already on DEFAULT
2026-08-18T07:12:21+00:00,FR,GUAM-3GB-15D,B0FR9GVSSF,fbm0,ALREADY_OFF,offer already on DEFAULT
2026-08-18T07:12:22+00:00,FR,GUAM-5GB-30D,B0FR9SVP8Y,fbm0,ALREADY_OFF,offer already on DEFAULT
2026-08-18T07:12:23+00:00,FR,GUAM-20GB-30D,B0FR9C7MGP,fbm0,ALREADY_OFF,offer already on DEFAULT
2026-08-18T07:12:25+00:00,FR,GUATEMALA-3GB-15D,B0FR9VC6VD,fbm0,ALREADY_OFF,offer already on DEFAULT
2026-08-18T07:12:26+00:00,FR,GUERNSEY-3GB-15D,B0FR9SMWDN,fbm0,ALREADY_OFF,offer already on DEFAULT
2026-08-18T07:12:27+00:00,FR,GUERNSEY-5GB-30D,B0FR9C5PXR,fbm0,ALREADY_OFF,offer already on DEFAULT
2026-08-18T07:12:28+00:00,FR,GUERNSEY-20GB-30D,B0FR9LYWWY,fbm0,ALREADY_OFF,offer already on DEFAULT
2026-08-18T07:12:30+00:00,FR,HONDURAS-3GB-15D,B0FR9ZYV5G,fbm0,ALREADY_OFF,offer already on DEFAULT
2026-08-18T07:12:31+00:00,FR,HONG-KONG-3GB-15D,B0FR9CC6Q8,fbm0,ALREADY_OFF,offer already on DEFAULT
2026-08-18T07:12:32+00:00,FR,HONG-KONG-5GB-30D,B0FR9GXYYL,fbm0,ALREADY_OFF,offer already on DEFAULT
2026-08-18T07:12:33+00:00,FR,HONG-KONG-20GB-30D,B0FR9GXZ6F,fbm0,ALREADY_OFF,offer already on DEFAULT
2026-08-18T07:12:34+00:00,FR,HUNGARY-3GB-15D,B0FR9C9JVW,fbm0,ALREADY_OFF,offer already on DEFAULT
2026-08-18T07:12:36+00:00,FR,HUNGARY-5GB-30D,B0FR9GY3R5,fbm0,ALREADY_OFF,offer already on DEFAULT
2026-08-18T07:12:37+00:00,FR,HUNGARY-20GB-30D,B0FR9ZVYYQ,fbm0,ALREADY_OFF,offer already on DEFAULT
2026-08-18T07:12:38+00:00,FR,ICELAND-3GB-15D,B0FR9TBBK1,fbm0,ALREADY_OFF,offer already on DEFAULT
2026-08-18T07:12:39+00:00,FR,ICELAND-5GB-30D,B0FR9ZWQBD,fbm0,ALREADY_OFF,offer already on DEFAULT
2026-08-18T07:12:40+00:00,FR,ICELAND-20GB-30D,B0FR9GX6LF,fbm0,ALREADY_OFF,offer already on DEFAULT
2026-08-18T07:12:42+00:00,FR,INDIA-3GB-15D,B0FR9ZM116,fbm0,ALREADY_OFF,offer already on DEFAULT
2026-08-18T07:12:43+00:00,FR,INDIA-5GB-30D,B0FR9GXWN9,fbm0,ALREADY_OFF,offer already on DEFAULT
2026-08-18T07:12:44+00:00,FR,INDIA-20GB-30D,B0FR9DYMHX,fbm0,ALREADY_OFF,offer already on DEFAULT
2026-08-18T07:12:45+00:00,FR,INDONESIA-3GB-15D,B0FR9T6QPZ,fbm0,ALREADY_OFF,offer already on DEFAULT
2026-08-18T07:12:47+00:00,FR,INDONESIA-5GB-30D,B0FR8XW5DR,fbm0,ALREADY_OFF,offer already on DEFAULT
2026-08-18T07:12:48+00:00,FR,INDONESIA-20GB-30D,B0FR9QXRDQ,fbm0,ALREADY_OFF,offer already on DEFAULT
2026-08-18T07:12:49+00:00,FR,IRELAND-3GB-15D,B0FR8XV57F,fbm0,ALREADY_OFF,offer already on DEFAULT
2026-08-18T07:12:50+00:00,FR,IRELAND-5GB-30D,B0FR9GYKQL,fbm0,ALREADY_OFF,offer already on DEFAULT
2026-08-18T07:12:52+00:00,FR,IRELAND-20GB-30D,B0FR9SZG2Z,fbm0,ALREADY_OFF,offer already on DEFAULT
2026-08-18T07:12:53+00:00,FR,ISLE-OF-MAN-3GB-15D,B0FR9LZ7RL,fbm0,ALREADY_OFF,offer already on DEFAULT
2026-08-18T07:12:54+00:00,FR,ISLE-OF-MAN-5GB-30D,B0FR9M27XY,fbm0,ALREADY_OFF,offer already on DEFAULT
2026-08-18T07:12:55+00:00,FR,ISLE-OF-MAN-20GB-30D,B0FR9CB5LK,fbm0,ALREADY_OFF,offer already on DEFAULT
2026-08-18T07:12:56+00:00,FR,ISRAEL-3GB-15D,B0FR9M11H1,fbm0,ALREADY_OFF,offer already on DEFAULT
2026-08-18T07:12:58+00:00,FR,ISRAEL-5GB-30D,B0FR8XVZZM,fbm0,ALREADY_OFF,offer already on DEFAULT
2026-08-18T07:12:59+00:00,FR,ISRAEL-20GB-30D,B0FR9K8SQ1,fbm0,ALREADY_OFF,offer already on DEFAULT
2026-08-18T07:13:00+00:00,FR,ITALY-3GB-15D,B0FR9GXZ18,fbm0,ALREADY_OFF,offer already on DEFAULT
2026-08-18T07:13:02+00:00,FR,ITALY-5GB-30D,B0FR9ZR2TH,fbm0,ALREADY_OFF,offer already on DEFAULT
2026-08-18T07:13:03+00:00,FR,ITALY-20GB-30D,B0FR9RNZV2,fbm0,ALREADY_OFF,offer already on DEFAULT
2026-08-18T07:13:04+00:00,FR,JAPAN-3GB-15D,B0FR9LVZVQ,fbm0,ALREADY_OFF,offer already on DEFAULT
2026-08-18T07:13:05+00:00,FR,JAPAN-5GB-30D,B0FR9TLXXH,fbm0,ALREADY_OFF,offer already on DEFAULT
2026-08-18T07:13:07+00:00,FR,JAPAN-20GB-30D,B0FR9RZKRB,fbm0,ALREADY_OFF,offer already on DEFAULT
2026-08-18T07:13:08+00:00,FR,JERSEY-3GB-15D,B0FR9GYMR5,fbm0,ALREADY_OFF,offer already on DEFAULT
2026-08-18T07:13:09+00:00,FR,JERSEY-5GB-30D,B0FR9M27GP,fbm0,ALREADY_OFF,offer already on DEFAULT
2026-08-18T07:13:11+00:00,FR,JERSEY-20GB-30D,B0FR9CBQDH,fbm0,ALREADY_OFF,offer already on DEFAULT
2026-08-18T07:13:12+00:00,FR,JORDAN-3GB-15D,B0FR9M144Z,fbm0,ALREADY_OFF,offer already on DEFAULT
2026-08-18T07:13:13+00:00,FR,JORDAN-5GB-30D,B0FR9ZTZNK,fbm0,ALREADY_OFF,offer already on DEFAULT
2026-08-18T07:13:15+00:00,FR,JORDAN-20GB-30D,B0FR9ST188,fbm0,ALREADY_OFF,offer already on DEFAULT
2026-08-18T07:13:16+00:00,FR,KAZAKHSTAN-3GB-15D,B0FR9T4DG2,fbm0,ALREADY_OFF,offer already on DEFAULT
2026-08-18T07:13:17+00:00,FR,KAZAKHSTAN-5GB-30D,B0FR9ZMMSH,fbm0,ALREADY_OFF,offer already on DEFAULT
2026-08-18T07:13:18+00:00,FR,KAZAKHSTAN-20GB-30D,B0FR9TLNNW,fbm0,ALREADY_OFF,offer already on DEFAULT
2026-08-18T07:13:19+00:00,FR,KENYA-3GB-15D,B0FR9GZ14G,fbm0,ALREADY_OFF,offer already on DEFAULT
2026-08-18T07:13:21+00:00,FR,KENYA-5GB-30D,B0FR9T4DG6,fbm0,ALREADY_OFF,offer already on DEFAULT
2026-08-18T07:13:22+00:00,FR,KUWAIT-3GB-15D,B0FR9LZJ3X,fbm0,ALREADY_OFF,offer already on DEFAULT
2026-08-18T07:13:23+00:00,FR,KUWAIT-5GB-30D,B0FR9M2TXP,fbm0,ALREADY_OFF,offer already on DEFAULT
2026-08-18T07:13:25+00:00,FR,KUWAIT-20GB-30D,B0FR9KBF4P,fbm0,ALREADY_OFF,offer already on DEFAULT
2026-08-18T07:13:26+00:00,FR,KYRGYZSTAN-3GB-15D,B0FR9TVF4R,fbm0,ALREADY_OFF,offer already on DEFAULT
2026-08-18T07:13:27+00:00,FR,KYRGYZSTAN-20GB-30D,B0FR8XXBHM,fbm0,ALREADY_OFF,offer already on DEFAULT
2026-08-18T07:13:28+00:00,FR,LATVIA-3GB-15D,B0FR9VM4K6,fbm0,ALREADY_OFF,offer already on DEFAULT
2026-08-18T07:13:30+00:00,FR,LATVIA-5GB-30D,B0FR9TR99S,fbm0,ALREADY_OFF,offer already on DEFAULT
2026-08-18T07:13:31+00:00,FR,LATVIA-20GB-30D,B0FR9SWN6V,fbm0,ALREADY_OFF,offer already on DEFAULT
2026-08-18T07:13:32+00:00,FR,LIBERIA-3GB-15D,B0FR9H18JQ,fbm0,ALREADY_OFF,offer already on DEFAULT
2026-08-18T07:13:33+00:00,FR,LIBERIA-5GB-30D,B0FR9SJ1YH,fbm0,ALREADY_OFF,offer already on DEFAULT
2026-08-18T07:13:34+00:00,FR,LIECHTENSTEIN-3GB-15D,B0FR9S35ZH,fbm0,ALREADY_OFF,offer already on DEFAULT
2026-08-18T07:13:36+00:00,FR,LITHUANIA-3GB-15D,B0FR9KS3P4,fbm0,ALREADY_OFF,offer already on DEFAULT
2026-08-18T07:13:37+00:00,FR,LITHUANIA-5GB-30D,B0FR9R598C,fbm0,ALREADY_OFF,offer already on DEFAULT
2026-08-18T07:13:38+00:00,FR,LITHUANIA-20GB-30D,B0FR9TQN8N,fbm0,ALREADY_OFF,offer already on DEFAULT
2026-08-18T07:13:40+00:00,FR,LUXEMBOURG-3GB-15D,B0FR9SHRKM,fbm0,ALREADY_OFF,offer already on DEFAULT
2026-08-18T07:13:41+00:00,FR,LUXEMBOURG-5GB-30D,B0FR9SB862,fbm0,ALREADY_OFF,offer already on DEFAULT
2026-08-18T07:13:43+00:00,FR,LUXEMBOURG-20GB-30D,B0FR8XXXZB,fbm0,ALREADY_OFF,offer already on DEFAULT
2026-08-18T07:13:44+00:00,FR,MACAO-3GB-15D,B0FR9M485M,fbm0,ALREADY_OFF,offer already on DEFAULT
2026-08-18T07:13:45+00:00,FR,MACAO-5GB-30D,B0FR9L9624,fbm0,ALREADY_OFF,offer already on DEFAULT
2026-08-18T07:13:46+00:00,FR,MACAO-20GB-30D,B0FR9CDBN2,fbm0,ALREADY_OFF,offer already on DEFAULT
2026-08-18T07:13:47+00:00,FR,MADAGASCAR-3GB-15D,B0FR9H2NS1,fbm0,ALREADY_OFF,offer already on DEFAULT
2026-08-18T07:13:49+00:00,FR,MALAWI-3GB-15D,B0FR9H3JDK,fbm0,ALREADY_OFF,offer already on DEFAULT
2026-08-18T07:13:50+00:00,FR,MALAWI-5GB-30D,B0FR9GXY24,fbm0,ALREADY_OFF,offer already on DEFAULT
2026-08-18T07:13:51+00:00,FR,MALAYSIA-3GB-15D,B0FR9H1Q65,fbm0,ALREADY_OFF,offer already on DEFAULT
2026-08-18T07:13:52+00:00,FR,MALAYSIA-5GB-30D,B0FR9LDGX8,fbm0,ALREADY_OFF,offer already on DEFAULT
2026-08-18T07:13:54+00:00,FR,MALAYSIA-20GB-30D,B0FR9VMWYD,fbm0,ALREADY_OFF,offer already on DEFAULT
2026-08-18T07:13:55+00:00,FR,MALI-3GB-15D,B0FR9TRDSY,fbm0,ALREADY_OFF,offer already on DEFAULT
2026-08-18T07:13:56+00:00,FR,MALTA-3GB-15D,B0FR9M3PNR,fbm0,ALREADY_OFF,offer already on DEFAULT
2026-08-18T07:13:58+00:00,FR,MALTA-5GB-30D,B0FR9ZSMTC,fbm0,ALREADY_OFF,offer already on DEFAULT
2026-08-18T07:13:59+00:00,FR,MALTA-20GB-30D,B0FR9VL1Q9,fbm0,ALREADY_OFF,offer already on DEFAULT
2026-08-18T07:14:00+00:00,FR,MEXICO-3GB-15D,B0FR9SZSTG,fbm0,ALREADY_OFF,offer already on DEFAULT
2026-08-18T07:14:02+00:00,FR,MEXICO-5GB-30D,B0FR9H2K1C,fbm0,ALREADY_OFF,offer already on DEFAULT
2026-08-18T07:14:03+00:00,FR,MEXICO-20GB-30D,B0FR9VDSJX,fbm0,ALREADY_OFF,offer already on DEFAULT
2026-08-18T07:14:04+00:00,FR,MIDDLE-EAST-5GB-30D,B0FR9SYKP6,fbm0,ALREADY_OFF,offer already on DEFAULT
2026-08-18T07:14:05+00:00,FR,MOLDOVA-3GB-15D,B0FR9CFQYY,fbm0,ALREADY_OFF,offer already on DEFAULT
2026-08-18T07:14:06+00:00,FR,MONACO-3GB-15D,B0FR9ZS6GM,fbm0,ALREADY_OFF,offer already on DEFAULT
2026-08-18T07:14:08+00:00,FR,MONACO-5GB-30D,B0FR9H1H4M,fbm0,ALREADY_OFF,offer already on DEFAULT
2026-08-18T07:14:09+00:00,FR,MONGOLIA-3GB-15D,B0FR9LSYTX,fbm0,ALREADY_OFF,offer already on DEFAULT
2026-08-18T07:14:10+00:00,FR,MONTENEGRO-3GB-15D,B0FR9R5HR7,fbm0,ALREADY_OFF,offer already on DEFAULT
2026-08-18T07:14:11+00:00,FR,MOROCCO-3GB-15D,B0FR9CFZQR,fbm0,ALREADY_OFF,offer already on DEFAULT
2026-08-18T07:14:12+00:00,FR,MOROCCO-5GB-30D,B0FR9CDDQ8,fbm0,ALREADY_OFF,offer already on DEFAULT
2026-08-18T07:14:14+00:00,FR,MOROCCO-20GB-30D,B0FR9M57DY,fbm0,ALREADY_OFF,offer already on DEFAULT
2026-08-18T07:14:15+00:00,FR,MOZAMBIQUE-3GB-15D,B0FRB1M6HK,fbm0,ALREADY_OFF,offer already on DEFAULT
2026-08-18T07:14:17+00:00,FR,MOZAMBIQUE-20GB-30D,B0FR9CFLS7,fbm0,ALREADY_OFF,offer already on DEFAULT
2026-08-18T07:14:18+00:00,FR,NEPAL-3GB-15D,B0FRB1TD7L,fbm0,ALREADY_OFF,offer already on DEFAULT
2026-08-18T07:14:19+00:00,FR,NETHERLANDS-3GB-15D,B0FRB5GNM2,fbm0,ALREADY_OFF,offer already on DEFAULT
2026-08-18T07:14:20+00:00,FR,NETHERLANDS-5GB-30D,B0FR9NHP7Q,fbm0,ALREADY_OFF,offer already on DEFAULT
2026-08-18T07:14:21+00:00,FR,NETHERLANDS-20GB-30D,B0FR9NG7LB,fbm0,ALREADY_OFF,offer already on DEFAULT
2026-08-18T07:14:23+00:00,FR,NEW-ZEALAND-3GB-15D,B0FR9NKXF5,fbm0,ALREADY_OFF,offer already on DEFAULT
2026-08-18T07:14:24+00:00,FR,NEW-ZEALAND-5GB-30D,B0FR9NHFWQ,fbm0,ALREADY_OFF,offer already on DEFAULT
2026-08-18T07:14:25+00:00,FR,NEW-ZEALAND-20GB-30D,B0FRB1TWT8,fbm0,ALREADY_OFF,offer already on DEFAULT
2026-08-18T07:14:26+00:00,FR,NICARAGUA-3GB-15D,B0FRB33MPG,fbm0,ALREADY_OFF,offer already on DEFAULT
2026-08-18T07:14:28+00:00,FR,NIGER-3GB-15D,B0FR9NPT1H,fbm0,ALREADY_OFF,offer already on DEFAULT
2026-08-18T07:14:29+00:00,FR,NIGERIA-3GB-15D,B0FR9X17QY,fbm0,ALREADY_OFF,offer already on DEFAULT
2026-08-18T07:14:30+00:00,FR,NORTH-AMERICA-5GB-30D,B0FRBDQ8H5,fbm0,ALREADY_OFF,offer already on DEFAULT
2026-08-18T07:14:31+00:00,FR,NORTH-MACEDONIA-3GB-15D,B0FRB59DJS,fbm0,ALREADY_OFF,offer already on DEFAULT
2026-08-18T07:14:32+00:00,FR,NORTH-MACEDONIA-5GB-30D,B0FR9WNHHX,fbm0,ALREADY_OFF,offer already on DEFAULT
2026-08-18T07:14:34+00:00,FR,NORWAY-3GB-15D,B0FR9WNK2H,fbm0,ALREADY_OFF,offer already on DEFAULT
2026-08-18T07:14:35+00:00,FR,NORWAY-5GB-30D,B0FRBNPZ9D,fbm0,ALREADY_OFF,offer already on DEFAULT
2026-08-18T07:14:36+00:00,FR,NORWAY-20GB-30D,B0FRB572L8,fbm0,ALREADY_OFF,offer already on DEFAULT
2026-08-18T07:14:37+00:00,FR,OMAN-3GB-15D,B0FRB4BL4W,fbm0,ALREADY_OFF,offer already on DEFAULT
2026-08-18T07:14:38+00:00,FR,OMAN-20GB-30D,B0FRB4R3FK,fbm0,ALREADY_OFF,offer already on DEFAULT
2026-08-18T07:14:40+00:00,FR,PAKISTAN-3GB-15D,B0FRB4HL3B,fbm0,ALREADY_OFF,offer already on DEFAULT
2026-08-18T07:14:41+00:00,FR,PAKISTAN-5GB-30D,B0FRB48QKZ,fbm0,ALREADY_OFF,offer already on DEFAULT
2026-08-18T07:14:42+00:00,FR,PAKISTAN-20GB-30D,B0FRB691X8,fbm0,ALREADY_OFF,offer already on DEFAULT
2026-08-18T07:14:43+00:00,FR,PANAMA-3GB-15D,B0FRB3VFW6,fbm0,ALREADY_OFF,offer already on DEFAULT
2026-08-18T07:14:44+00:00,FR,PARAGUAY-3GB-15D,B0FRB3V7CS,fbm0,ALREADY_OFF,offer already on DEFAULT
2026-08-18T07:14:46+00:00,FR,PHILIPPINES-3GB-15D,B0FRB1GVXK,fbm0,ALREADY_OFF,offer already on DEFAULT
2026-08-18T07:14:47+00:00,FR,PHILIPPINES-5GB-30D,B0FRB4VCKG,fbm0,ALREADY_OFF,offer already on DEFAULT
2026-08-18T07:14:48+00:00,FR,PHILIPPINES-20GB-30D,B0FRB4K2D4,fbm0,ALREADY_OFF,offer already on DEFAULT
2026-08-18T07:14:49+00:00,FR,POLAND-3GB-15D,B0FRB4JVKR,fbm0,ALREADY_OFF,offer already on DEFAULT
2026-08-18T07:14:50+00:00,FR,POLAND-5GB-30D,B0FRBDPQ9J,fbm0,ALREADY_OFF,offer already on DEFAULT
2026-08-18T07:14:51+00:00,FR,POLAND-20GB-30D,B0FRB5HSK7,fbm0,ALREADY_OFF,offer already on DEFAULT
2026-08-18T07:14:53+00:00,FR,PORTUGAL-3GB-15D,B0FRB4314T,fbm0,ALREADY_OFF,offer already on DEFAULT
2026-08-18T07:14:54+00:00,FR,PORTUGAL-5GB-30D,B0FRB4X799,fbm0,ALREADY_OFF,offer already on DEFAULT
2026-08-18T07:14:55+00:00,FR,PORTUGAL-20GB-30D,B0FRB354KV,fbm0,ALREADY_OFF,offer already on DEFAULT
2026-08-18T07:14:56+00:00,FR,PUERTO-RICO-3GB-15D,B0FRB5MSF1,fbm0,ALREADY_OFF,offer already on DEFAULT
2026-08-18T07:14:57+00:00,FR,PUERTO-RICO-5GB-30D,B0FR9WMX9V,fbm0,ALREADY_OFF,offer already on DEFAULT
2026-08-18T07:14:59+00:00,FR,QATAR-3GB-15D,B0FR9NXH43,fbm0,ALREADY_OFF,offer already on DEFAULT
2026-08-18T07:15:00+00:00,FR,QATAR-5GB-30D,B0FR9X5KB1,fbm0,ALREADY_OFF,offer already on DEFAULT
2026-08-18T07:15:01+00:00,FR,QATAR-20GB-30D,B0FR9X3QGM,fbm0,ALREADY_OFF,offer already on DEFAULT
2026-08-18T07:15:02+00:00,FR,REUNION-3GB-15D,B0FRB3KCNQ,fbm0,ALREADY_OFF,offer already on DEFAULT
2026-08-18T07:15:04+00:00,FR,REUNION-5GB-30D,B0FRB47TQW,fbm0,ALREADY_OFF,offer already on DEFAULT
2026-08-18T07:15:05+00:00,FR,SAUDI-ARABIA-3GB-15D,B0FRB3N2KL,fbm0,ALREADY_OFF,offer already on DEFAULT
2026-08-18T07:15:07+00:00,FR,SAUDI-ARABIA-5GB-30D,B0FRB1SRZY,fbm0,ALREADY_OFF,offer already on DEFAULT
2026-08-18T07:15:08+00:00,FR,SAUDI-ARABIA-20GB-30D,B0FRB5PZTS,fbm0,ALREADY_OFF,offer already on DEFAULT
2026-08-18T07:15:09+00:00,FR,SENEGAL-3GB-15D,B0FRB4HX92,fbm0,ALREADY_OFF,offer already on DEFAULT
2026-08-18T07:15:10+00:00,FR,SENEGAL-5GB-30D,B0FRB68H77,fbm0,ALREADY_OFF,offer already on DEFAULT
2026-08-18T07:15:12+00:00,FR,SERBIA-3GB-15D,B0FRB5TJV2,fbm0,ALREADY_OFF,offer already on DEFAULT
2026-08-18T07:15:13+00:00,FR,SERBIA-20GB-30D,B0FRB5K8JC,fbm0,ALREADY_OFF,offer already on DEFAULT
2026-08-18T07:15:14+00:00,FR,SEYCHELLES-3GB-15D,B0FRB55T3H,fbm0,ALREADY_OFF,offer already on DEFAULT
2026-08-18T07:15:16+00:00,FR,SEYCHELLES-5GB-30D,B0FR9P7N6M,fbm0,ALREADY_OFF,offer already on DEFAULT
2026-08-18T07:15:17+00:00,FR,SINGAPORE-5GB-30D,B0FR9X3Y3R,fbm0,ALREADY_OFF,offer already on DEFAULT
2026-08-18T07:15:18+00:00,FR,SINGAPORE-20GB-30D,B0FRB256K8,fbm0,ALREADY_OFF,offer already on DEFAULT
2026-08-18T07:15:20+00:00,FR,SLOVAKIA-3GB-15D,B0FR9XC4BW,fbm0,ALREADY_OFF,offer already on DEFAULT
2026-08-18T07:15:21+00:00,FR,SLOVAKIA-5GB-30D,B0FRB2X84M,fbm0,ALREADY_OFF,offer already on DEFAULT
2026-08-18T07:15:22+00:00,FR,SLOVAKIA-20GB-30D,B0FRB14YYC,fbm0,ALREADY_OFF,offer already on DEFAULT
2026-08-18T07:15:23+00:00,FR,SLOVENIA-3GB-15D,B0FR9XCF27,fbm0,ALREADY_OFF,offer already on DEFAULT
2026-08-18T07:15:25+00:00,FR,SLOVENIA-5GB-30D,B0FRB3SJMR,fbm0,ALREADY_OFF,offer already on DEFAULT
2026-08-18T07:15:26+00:00,FR,SLOVENIA-20GB-30D,B0FR9X15V2,fbm0,ALREADY_OFF,offer already on DEFAULT
2026-08-18T07:15:27+00:00,FR,SOUTH-AFRICA-5GB-30D,B0FRB3R6F3,fbm0,ALREADY_OFF,offer already on DEFAULT
2026-08-18T07:15:29+00:00,FR,SOUTH-AMERICA-5GB-30D,B0FRB8D7HC,fbm0,ALREADY_OFF,offer already on DEFAULT
2026-08-18T07:15:30+00:00,FR,SOUTH-KOREA-3GB-15D,B0FRC4RTDF,fbm0,ALREADY_OFF,offer already on DEFAULT
2026-08-18T07:15:31+00:00,FR,SOUTH-KOREA-5GB-30D,B0FRD9LC4C,fbm0,ALREADY_OFF,offer already on DEFAULT
2026-08-18T07:15:33+00:00,FR,SOUTH-KOREA-20GB-30D,B0FRC4P51Z,fbm0,ALREADY_OFF,offer already on DEFAULT
2026-08-18T07:15:34+00:00,FR,SPAIN-3GB-15D,B0FRCDHTZ7,fbm0,ALREADY_OFF,offer already on DEFAULT
2026-08-18T07:15:35+00:00,FR,SPAIN-5GB-30D,B0FRBQCLZN,fbm0,ALREADY_OFF,offer already on DEFAULT
2026-08-18T07:15:37+00:00,FR,SPAIN-20GB-30D,B0FRCMPGPL,fbm0,ALREADY_OFF,offer already on DEFAULT
2026-08-18T07:15:38+00:00,FR,SRI-LANKA-3GB-15D,B0FRB7Z1NW,fbm0,ALREADY_OFF,offer already on DEFAULT
2026-08-18T07:15:39+00:00,FR,SRI-LANKA-5GB-30D,B0FRB64B8M,fbm0,ALREADY_OFF,offer already on DEFAULT
2026-08-18T07:15:40+00:00,FR,SRI-LANKA-20GB-30D,B0FRC2DZN5,fbm0,ALREADY_OFF,offer already on DEFAULT
2026-08-18T07:15:42+00:00,FR,SUDAN-3GB-15D,B0FRCKTXNQ,fbm0,ALREADY_OFF,offer already on DEFAULT
2026-08-18T07:15:43+00:00,FR,SUDAN-5GB-30D,B0FRC799N3,fbm0,ALREADY_OFF,offer already on DEFAULT
2026-08-18T07:15:44+00:00,FR,SWEDEN-3GB-15D,B0FRCC6W9S,fbm0,ALREADY_OFF,offer already on DEFAULT
2026-08-18T07:15:46+00:00,FR,SWEDEN-5GB-30D,B0FRCS524D,fbm0,ALREADY_OFF,offer already on DEFAULT
2026-08-18T07:15:47+00:00,FR,SWEDEN-20GB-30D,B0FRB7X5SP,fbm0,ALREADY_OFF,offer already on DEFAULT
2026-08-18T07:15:48+00:00,FR,SWITZERLAND-3GB-15D,B0FRB5LFVC,fbm0,ALREADY_OFF,offer already on DEFAULT
2026-08-18T07:15:50+00:00,FR,SWITZERLAND-5GB-30D,B0FRB7G4VW,fbm0,ALREADY_OFF,offer already on DEFAULT
2026-08-18T07:15:51+00:00,FR,SWITZERLAND-20GB-30D,B0FRB6VY7S,fbm0,ALREADY_OFF,offer already on DEFAULT
2026-08-18T07:15:52+00:00,FR,TANZANIA-3GB-15D,B0FRC81NPJ,fbm0,ALREADY_OFF,offer already on DEFAULT
2026-08-18T07:15:53+00:00,FR,THAILAND-3GB-15D,B0FRCDPJSH,fbm0,ALREADY_OFF,offer already on DEFAULT
2026-08-18T07:15:55+00:00,FR,THAILAND-5GB-30D,B0FR9Q5D1J,fbm0,ALREADY_OFF,offer already on DEFAULT
2026-08-18T07:15:56+00:00,FR,THAILAND-20GB-30D,B0FRCHW3MW,fbm0,ALREADY_OFF,offer already on DEFAULT
2026-08-18T07:15:57+00:00,FR,TUNISIA-5GB-30D,B0FRB7Q96Z,fbm0,ALREADY_OFF,offer already on DEFAULT
2026-08-18T07:15:58+00:00,FR,TURKEY-3GB-15D,B0FRC2PSHM,fbm0,ALREADY_OFF,offer already on DEFAULT
2026-08-18T07:16:00+00:00,FR,TURKEY-5GB-30D,B0FRCBZ1BB,fbm0,ALREADY_OFF,offer already on DEFAULT
2026-08-18T07:16:01+00:00,FR,TURKEY-20GB-30D,B0FRCYMWCX,fbm0,ALREADY_OFF,offer already on DEFAULT
2026-08-18T07:16:02+00:00,FR,UGANDA-3GB-15D,B0FRB7F7Z9,fbm0,ALREADY_OFF,offer already on DEFAULT
2026-08-18T07:16:03+00:00,FR,UKRAINE-3GB-15D,B0FRB9SBFR,fbm0,ALREADY_OFF,offer already on DEFAULT
2026-08-18T07:16:05+00:00,FR,UKRAINE-5GB-30D,B0FRC2NRKG,fbm0,ALREADY_OFF,offer already on DEFAULT
2026-08-18T07:16:06+00:00,FR,UNITED-ARAB-EMIRATES-3GB-15D,B0FRBBYBGH,fbm0,ALREADY_OFF,offer already on DEFAULT
2026-08-18T07:16:07+00:00,FR,UNITED-ARAB-EMIRATES-5GB-30D,B0FRB89XHX,fbm0,ALREADY_OFF,offer already on DEFAULT
2026-08-18T07:16:08+00:00,FR,UNITED-ARAB-EMIRATES-20GB-30D,B0FRB7TFJR,fbm0,ALREADY_OFF,offer already on DEFAULT
2026-08-18T07:16:10+00:00,FR,UNITED-KINGDOM-3GB-15D,B0FRCPD8TS,fbm0,ALREADY_OFF,offer already on DEFAULT
2026-08-18T07:16:11+00:00,FR,UNITED-KINGDOM-5GB-30D,B0FRDDRGJF,fbm0,ALREADY_OFF,offer already on DEFAULT
2026-08-18T07:16:12+00:00,FR,UNITED-KINGDOM-20GB-30D,B0FRDGCBTN,fbm0,ALREADY_OFF,offer already on DEFAULT
2026-08-18T07:16:13+00:00,FR,UNITED-STATES-3GB-15D,B0FRCFXK3V,fbm0,ALREADY_OFF,offer already on DEFAULT
2026-08-18T07:16:14+00:00,FR,UNITED-STATES-5GB-30D,B0FRC2PQ8H,fbm0,ALREADY_OFF,offer already on DEFAULT
2026-08-18T07:16:16+00:00,FR,URUGUAY-3GB-15D,B0FRB7LHGN,fbm0,ALREADY_OFF,offer already on DEFAULT
2026-08-18T07:16:17+00:00,FR,UZBEKISTAN-5GB-30D,B0FRBWFZ6M,fbm0,ALREADY_OFF,offer already on DEFAULT
2026-08-18T07:16:18+00:00,FR,VIETNAM-3GB-15D,B0FRBR2DHW,fbm0,ALREADY_OFF,offer already on DEFAULT
2026-08-18T07:16:19+00:00,FR,VIETNAM-5GB-30D,B0FRCBXRGV,fbm0,ALREADY_OFF,offer already on DEFAULT
2026-08-18T07:16:20+00:00,FR,VIETNAM-20GB-30D,B0FRC2NKC4,fbm0,ALREADY_OFF,offer already on DEFAULT
2026-08-18T07:16:21+00:00,FR,ZAMBIA-5GB-30D,B0FRCL97L4,fbm0,ALREADY_OFF,offer already on DEFAULT
2026-08-18T07:16:23+00:00,FR,GAMBIA-3GB-15D,B0H2FTMBBQ,fbm0,ALREADY_OFF,offer already on DEFAULT
2026-08-18T07:16:24+00:00,FR,GAMBIA-5GB-30D,B0H2FQ3QJ9,fbm0,ALREADY_OFF,offer already on DEFAULT
2026-08-18T07:16:25+00:00,FR,MAURITIUS-5GB-30D,B0H2G2XMS3,fbm0,ALREADY_OFF,offer already on DEFAULT
2026-08-18T07:16:26+00:00,FR,LT_3_15,B0FR9KS3P4,fbm0,ALREADY_OFF,offer already on DEFAULT
2026-08-18T07:16:28+00:00,FR,LT_5_30,B0FR9R598C,fbm0,ALREADY_OFF,offer already on DEFAULT
2026-08-18T07:16:29+00:00,FR,LU_20_30,B0FR8XXXZB,fbm0,ALREADY_OFF,offer already on DEFAULT
2026-08-18T07:16:30+00:00,FR,LU_3_15,B0FR9SHRKM,fbm0,ALREADY_OFF,offer already on DEFAULT
2026-08-18T07:16:31+00:00,FR,LU_5_30,B0FR9SB862,fbm0,ALREADY_OFF,offer already on DEFAULT
2026-08-18T07:16:33+00:00,FR,LV_20_30,B0FR9SWN6V,fbm0,ALREADY_OFF,offer already on DEFAULT
2026-08-18T07:16:34+00:00,FR,LV_3_15,B0FR9VM4K6,fbm0,ALREADY_OFF,offer already on DEFAULT
2026-08-18T07:16:35+00:00,FR,MA_5_30,B0FR9CDDQ8,fbm0,ALREADY_OFF,offer already on DEFAULT
2026-08-18T07:16:37+00:00,FR,MC_3_15,B0FR9ZS6GM,fbm0,ALREADY_OFF,offer already on DEFAULT
2026-08-18T07:16:38+00:00,FR,MD_3_15,B0FR9CFQYY,fbm0,ALREADY_OFF,offer already on DEFAULT
2026-08-18T07:16:40+00:00,FR,ME-13_5_30,B0FR9SYKP6,fbm0,ALREADY_OFF,offer already on DEFAULT
2026-08-18T07:16:41+00:00,FR,ME_3_15,B0FR9R5HR7,fbm0,ALREADY_OFF,offer already on DEFAULT
2026-08-18T07:16:42+00:00,FR,MG_3_15,B0FR9H2NS1,fbm0,ALREADY_OFF,offer already on DEFAULT
2026-08-18T07:16:44+00:00,FR,MK_3_15,B0FRB59DJS,fbm0,ALREADY_OFF,offer already on DEFAULT
2026-08-18T07:16:45+00:00,FR,MK_5_30,B0FR9WNHHX,fbm0,ALREADY_OFF,offer already on DEFAULT
2026-08-18T07:16:46+00:00,FR,ML_3_15,B0FR9TRDSY,fbm0,ALREADY_OFF,offer already on DEFAULT
2026-08-18T07:16:48+00:00,FR,MN_3_15,B0FR9LSYTX,fbm0,ALREADY_OFF,offer already on DEFAULT
2026-08-18T07:16:49+00:00,FR,MO_20_30,B0FR9CDBN2,fbm0,ALREADY_OFF,offer already on DEFAULT
2026-08-18T07:16:51+00:00,FR,MO_3_15,B0FR9M485M,fbm0,ALREADY_OFF,offer already on DEFAULT
2026-08-18T07:16:52+00:00,FR,MO_5_30,B0FR9L9624,fbm0,ALREADY_OFF,offer already on DEFAULT
2026-08-18T07:16:53+00:00,FR,MT_20_30,B0FR9VL1Q9,fbm0,ALREADY_OFF,offer already on DEFAULT
2026-08-18T07:16:55+00:00,FR,MT_3_15,B0FR9M3PNR,fbm0,ALREADY_OFF,offer already on DEFAULT
2026-08-18T07:16:56+00:00,FR,MT_5_30,B0FR9ZSMTC,fbm0,ALREADY_OFF,offer already on DEFAULT
2026-08-18T07:16:57+00:00,FR,MW_3_15,B0FR9H3JDK,fbm0,ALREADY_OFF,offer already on DEFAULT
2026-08-18T07:16:59+00:00,FR,MW_5_30,B0FR9GXY24,fbm0,ALREADY_OFF,offer already on DEFAULT
2026-08-18T07:17:00+00:00,FR,MX_20_30,B0FR9VDSJX,fbm0,ALREADY_OFF,offer already on DEFAULT
2026-08-18T07:17:01+00:00,FR,MX_3_15,B0FR9SZSTG,fbm0,ALREADY_OFF,offer already on DEFAULT
2026-08-18T07:17:03+00:00,FR,MX_5_30,B0FR9H2K1C,fbm0,ALREADY_OFF,offer already on DEFAULT
2026-08-18T07:17:04+00:00,FR,MY_20_30,B0FR9VMWYD,fbm0,ALREADY_OFF,offer already on DEFAULT
2026-08-18T07:17:05+00:00,FR,MY_3_15,B0FR9H1Q65,fbm0,ALREADY_OFF,offer already on DEFAULT
2026-08-18T07:17:06+00:00,FR,MY_5_30,B0FR9LDGX8,fbm0,ALREADY_OFF,offer already on DEFAULT
2026-08-18T07:17:08+00:00,FR,MZ_20_30,B0FR9CFLS7,fbm0,ALREADY_OFF,offer already on DEFAULT
2026-08-18T07:17:09+00:00,FR,MZ_3_15,B0FRB1M6HK,fbm0,ALREADY_OFF,offer already on DEFAULT
2026-08-18T07:17:11+00:00,FR,NA-3_5_30,B0FRBDQ8H5,fbm0,ALREADY_OFF,offer already on DEFAULT
2026-08-18T07:17:12+00:00,FR,NE_3_15,B0FR9NPT1H,fbm0,ALREADY_OFF,offer already on DEFAULT
2026-08-18T07:17:13+00:00,FR,NG_3_15,B0FR9X17QY,fbm0,ALREADY_OFF,offer already on DEFAULT
2026-08-18T07:17:15+00:00,FR,NI_3_15,B0FRB33MPG,fbm0,ALREADY_OFF,offer already on DEFAULT
2026-08-18T07:17:16+00:00,FR,NL_20_30,B0FR9NG7LB,fbm0,ALREADY_OFF,offer already on DEFAULT
2026-08-18T07:17:17+00:00,FR,NL_3_15,B0FRB5GNM2,fbm0,ALREADY_OFF,offer already on DEFAULT
2026-08-18T07:17:19+00:00,FR,NL_5_30,B0FR9NHP7Q,fbm0,ALREADY_OFF,offer already on DEFAULT
2026-08-18T07:17:20+00:00,FR,NO_20_30,B0FRB572L8,fbm0,ALREADY_OFF,offer already on DEFAULT
2026-08-18T07:17:21+00:00,FR,NO_3_15,B0FR9WNK2H,fbm0,ALREADY_OFF,offer already on DEFAULT
2026-08-18T07:17:23+00:00,FR,NO_5_30,B0FRBNPZ9D,fbm0,ALREADY_OFF,offer already on DEFAULT
2026-08-18T07:17:24+00:00,FR,NP_3_15,B0FRB1TD7L,fbm0,ALREADY_OFF,offer already on DEFAULT
2026-08-18T07:17:25+00:00,FR,NZ_20_30,B0FRB1TWT8,fbm0,ALREADY_OFF,offer already on DEFAULT
2026-08-18T07:17:27+00:00,FR,NZ_3_15,B0FR9NKXF5,fbm0,ALREADY_OFF,offer already on DEFAULT
2026-08-18T07:17:28+00:00,FR,NZ_5_30,B0FR9NHFWQ,fbm0,ALREADY_OFF,offer already on DEFAULT
2026-08-18T07:17:30+00:00,FR,OM_20_30,B0FRB4R3FK,fbm0,ALREADY_OFF,offer already on DEFAULT
2026-08-18T07:17:31+00:00,FR,OM_3_15,B0FRB4BL4W,fbm0,ALREADY_OFF,offer already on DEFAULT
2026-08-18T07:17:32+00:00,FR,PA_3_15,B0FRB3VFW6,fbm0,ALREADY_OFF,offer already on DEFAULT
2026-08-18T07:17:33+00:00,FR,PH_20_30,B0FRB4K2D4,fbm0,ALREADY_OFF,offer already on DEFAULT
2026-08-18T07:17:35+00:00,FR,PH_3_15,B0FRB1GVXK,fbm0,ALREADY_OFF,offer already on DEFAULT
2026-08-18T07:17:36+00:00,FR,PH_5_30,B0FRB4VCKG,fbm0,ALREADY_OFF,offer already on DEFAULT
2026-08-18T07:17:37+00:00,FR,PK_20_30,B0FRB691X8,fbm0,ALREADY_OFF,offer already on DEFAULT
2026-08-18T07:17:39+00:00,FR,PK_3_15,B0FRB4HL3B,fbm0,ALREADY_OFF,offer already on DEFAULT
2026-08-18T07:17:40+00:00,FR,PK_5_30,B0FRB48QKZ,fbm0,ALREADY_OFF,offer already on DEFAULT
2026-08-18T07:17:41+00:00,FR,PL_20_30,B0FRB5HSK7,fbm0,ALREADY_OFF,offer already on DEFAULT
2026-08-18T07:17:43+00:00,FR,PL_3_15,B0FRB4JVKR,fbm0,ALREADY_OFF,offer already on DEFAULT
2026-08-18T07:17:44+00:00,FR,PL_5_30,B0FRBDPQ9J,fbm0,ALREADY_OFF,offer already on DEFAULT
2026-08-18T07:17:45+00:00,FR,PR_3_15,B0FRB5MSF1,fbm0,ALREADY_OFF,offer already on DEFAULT
2026-08-18T07:17:47+00:00,FR,PR_5_30,B0FR9WMX9V,fbm0,ALREADY_OFF,offer already on DEFAULT
2026-08-18T07:17:48+00:00,FR,PT_20_30,B0FRB354KV,fbm0,ALREADY_OFF,offer already on DEFAULT
2026-08-18T07:17:49+00:00,FR,PT_3_15,B0FRB4314T,fbm0,ALREADY_OFF,offer already on DEFAULT
2026-08-18T07:17:50+00:00,FR,PT_5_30,B0FRB4X799,fbm0,ALREADY_OFF,offer already on DEFAULT
2026-08-18T07:17:52+00:00,FR,PY_3_15,B0FRB3V7CS,fbm0,ALREADY_OFF,offer already on DEFAULT
2026-08-18T07:17:53+00:00,FR,QA_20_30,B0FR9X3QGM,fbm0,ALREADY_OFF,offer already on DEFAULT
2026-08-18T07:17:54+00:00,FR,QA_3_15,B0FR9NXH43,fbm0,ALREADY_OFF,offer already on DEFAULT
2026-08-18T07:17:56+00:00,FR,QA_5_30,B0FR9X5KB1,fbm0,ALREADY_OFF,offer already on DEFAULT
2026-08-18T07:17:57+00:00,FR,RE_3_15,B0FRB3KCNQ,fbm0,ALREADY_OFF,offer already on DEFAULT
2026-08-18T07:17:58+00:00,FR,RE_5_30,B0FRB47TQW,fbm0,ALREADY_OFF,offer already on DEFAULT
2026-08-18T07:18:00+00:00,FR,RS_20_30,B0FRB5K8JC,fbm0,ALREADY_OFF,offer already on DEFAULT
2026-08-18T07:18:01+00:00,FR,RS_3_15,B0FRB5TJV2,fbm0,ALREADY_OFF,offer already on DEFAULT
2026-08-18T07:18:02+00:00,FR,SA-18_5_30,B0FRB8D7HC,fbm0,ALREADY_OFF,offer already on DEFAULT
2026-08-18T07:18:03+00:00,FR,SA_20_30,B0FRB5PZTS,fbm0,ALREADY_OFF,offer already on DEFAULT
2026-08-18T07:18:05+00:00,FR,SA_3_15,B0FRB3N2KL,fbm0,ALREADY_OFF,offer already on DEFAULT
2026-08-18T07:18:06+00:00,FR,SA_5_30,B0FRB1SRZY,fbm0,ALREADY_OFF,offer already on DEFAULT
2026-08-18T07:18:07+00:00,FR,SC_3_15,B0FRB55T3H,fbm0,ALREADY_OFF,offer already on DEFAULT
2026-08-18T07:18:09+00:00,FR,SC_5_30,B0FR9P7N6M,fbm0,ALREADY_OFF,offer already on DEFAULT
2026-08-18T07:18:10+00:00,FR,SD_3_15,B0FRCKTXNQ,fbm0,ALREADY_OFF,offer already on DEFAULT
2026-08-18T07:18:11+00:00,FR,SD_5_30,B0FRC799N3,fbm0,ALREADY_OFF,offer already on DEFAULT
2026-08-18T07:18:13+00:00,FR,SE_20_30,B0FRB7X5SP,fbm0,ALREADY_OFF,offer already on DEFAULT
2026-08-18T07:18:14+00:00,FR,SE_3_15,B0FRCC6W9S,fbm0,ALREADY_OFF,offer already on DEFAULT
2026-08-18T07:18:15+00:00,FR,SE_5_30,B0FRCS524D,fbm0,ALREADY_OFF,offer already on DEFAULT
2026-08-18T07:18:17+00:00,FR,SG_20_30,B0FRB256K8,fbm0,ALREADY_OFF,offer already on DEFAULT
2026-08-18T07:18:18+00:00,FR,SG_5_30,B0FR9X3Y3R,fbm0,ALREADY_OFF,offer already on DEFAULT
2026-08-18T07:18:19+00:00,FR,SI_20_30,B0FR9X15V2,fbm0,ALREADY_OFF,offer already on DEFAULT
2026-08-18T07:18:21+00:00,FR,SI_3_15,B0FR9XCF27,fbm0,ALREADY_OFF,offer already on DEFAULT
2026-08-18T07:18:22+00:00,FR,SI_5_30,B0FRB3SJMR,fbm0,ALREADY_OFF,offer already on DEFAULT
2026-08-18T07:18:24+00:00,FR,SK_20_30,B0FRB14YYC,fbm0,ALREADY_OFF,offer already on DEFAULT
2026-08-18T07:18:25+00:00,FR,SK_3_15,B0FR9XC4BW,fbm0,ALREADY_OFF,offer already on DEFAULT
2026-08-18T07:18:26+00:00,FR,SK_5_30,B0FRB2X84M,fbm0,ALREADY_OFF,offer already on DEFAULT
2026-08-18T07:18:27+00:00,FR,SN_3_15,B0FRB4HX92,fbm0,ALREADY_OFF,offer already on DEFAULT
2026-08-18T07:18:28+00:00,FR,SN_5_30,B0FRB68H77,fbm0,ALREADY_OFF,offer already on DEFAULT
2026-08-18T07:18:30+00:00,FR,SV_3_15,B0FR9LJ7X4,fbm0,ALREADY_OFF,offer already on DEFAULT
2026-08-18T07:18:32+00:00,FR,TD_3_15,B0FR9SG4MK,fbm0,ALREADY_OFF,offer already on DEFAULT
2026-08-18T07:18:33+00:00,FR,TD_5_30,B0FR9L414C,fbm0,ALREADY_OFF,offer already on DEFAULT
2026-08-18T07:18:34+00:00,FR,TH_20_30,B0FRCHW3MW,fbm0,ALREADY_OFF,offer already on DEFAULT
2026-08-18T07:18:36+00:00,FR,TH_3_15,B0FRCDPJSH,fbm0,ALREADY_OFF,offer already on DEFAULT
2026-08-18T07:18:37+00:00,FR,TH_5_30,B0FR9Q5D1J,fbm0,ALREADY_OFF,offer already on DEFAULT
2026-08-18T07:18:38+00:00,FR,TN_5_30,B0FRB7Q96Z,fbm0,ALREADY_OFF,offer already on DEFAULT
2026-08-18T07:18:40+00:00,FR,TR_20_30,B0FRCYMWCX,fbm0,ALREADY_OFF,offer already on DEFAULT
2026-08-18T07:18:41+00:00,FR,TR_3_15,B0FRC2PSHM,fbm0,ALREADY_OFF,offer already on DEFAULT
2026-08-18T07:18:42+00:00,FR,TR_5_30,B0FRCBZ1BB,fbm0,ALREADY_OFF,offer already on DEFAULT
2026-08-18T07:18:44+00:00,FR,TZ_3_15,B0FRC81NPJ,fbm0,ALREADY_OFF,offer already on DEFAULT
2026-08-18T07:18:45+00:00,FR,UA_3_15,B0FRB9SBFR,fbm0,ALREADY_OFF,offer already on DEFAULT
2026-08-18T07:18:46+00:00,FR,UA_5_30,B0FRC2NRKG,fbm0,ALREADY_OFF,offer already on DEFAULT
2026-08-18T07:18:48+00:00,FR,UG_3_15,B0FRB7F7Z9,fbm0,ALREADY_OFF,offer already on DEFAULT
2026-08-18T07:18:49+00:00,FR,US_3_15,B0FRCFXK3V,fbm0,ALREADY_OFF,offer already on DEFAULT
2026-08-18T07:18:50+00:00,FR,US_5_30,B0FRC2PQ8H,fbm0,ALREADY_OFF,offer already on DEFAULT
2026-08-18T07:18:51+00:00,FR,UY_3_15,B0FRB7LHGN,fbm0,ALREADY_OFF,offer already on DEFAULT
2026-08-18T07:18:53+00:00,FR,UZ_5_30,B0FRBWFZ6M,fbm0,ALREADY_OFF,offer already on DEFAULT
2026-08-18T07:18:54+00:00,FR,VN_20_30,B0FRC2NKC4,fbm0,ALREADY_OFF,offer already on DEFAULT
2026-08-18T07:18:55+00:00,FR,VN_3_15,B0FRBR2DHW,fbm0,ALREADY_OFF,offer already on DEFAULT
2026-08-18T07:18:57+00:00,FR,VN_5_30,B0FRCBXRGV,fbm0,ALREADY_OFF,offer already on DEFAULT
2026-08-18T07:18:58+00:00,FR,ZA_5_30,B0FRB3R6F3,fbm0,ALREADY_OFF,offer already on DEFAULT
2026-08-18T07:18:59+00:00,FR,ZM_3_15,B0FRC2NSM2,fbm0,ALREADY_OFF,offer already on DEFAULT
2026-08-18T07:19:01+00:00,FR,ZM_5_30,B0FRCL97L4,fbm0,ALREADY_OFF,offer already on DEFAULT
2026-08-18T07:19:02+00:00,FR,AE_20_30,B0FRB7TFJR,fbm0,ALREADY_OFF,offer already on DEFAULT
2026-08-18T07:19:04+00:00,FR,AE_3_15,B0FRBBYBGH,fbm0,ALREADY_OFF,offer already on DEFAULT
2026-08-18T07:19:05+00:00,FR,AE_5_30,B0FRB89XHX,fbm0,ALREADY_OFF,offer already on DEFAULT
2026-08-18T07:19:06+00:00,FR,AF-29_5_30,B0FR3GK9Z7,fbm0,ALREADY_OFF,offer already on DEFAULT
2026-08-18T07:19:07+00:00,FR,AL_5_30,B0FR4ZG3Z6,fbm0,ALREADY_OFF,offer already on DEFAULT
2026-08-18T07:19:09+00:00,FR,AM_20_30,B0FR4ZT5XT,fbm0,ALREADY_OFF,offer already on DEFAULT
2026-08-18T07:19:10+00:00,FR,AM_3_15,B0FR5BK9R4,fbm0,ALREADY_OFF,offer already on DEFAULT
2026-08-18T07:19:11+00:00,FR,AR_20_30,B0FR5DCH33,fbm0,ALREADY_OFF,offer already on DEFAULT
2026-08-18T07:19:12+00:00,FR,AR_3_15,B0FR554SXN,fbm0,ALREADY_OFF,offer already on DEFAULT
2026-08-18T07:19:13+00:00,FR,AS-20_3_15,B0FR9FZ4RF,fbm0,ALREADY_OFF,offer already on DEFAULT
2026-08-18T07:19:15+00:00,FR,AS-20_5_30,B0FR9BQNSV,fbm0,ALREADY_OFF,offer already on DEFAULT
2026-08-18T07:19:16+00:00,FR,AT_20_30,B0FR8XBSBP,fbm0,ALREADY_OFF,offer already on DEFAULT
2026-08-18T07:19:17+00:00,FR,AT_3_15,B0FR9QSMSP,fbm0,ALREADY_OFF,offer already on DEFAULT
2026-08-18T07:19:18+00:00,FR,AT_5_30,B0FR8XCH78,fbm0,ALREADY_OFF,offer already on DEFAULT
2026-08-18T07:19:20+00:00,FR,AU_20_30,B0FR9G1ZQJ,fbm0,ALREADY_OFF,offer already on DEFAULT
2026-08-18T07:19:21+00:00,FR,AU_3_15,B0FR9SKY4D,fbm0,ALREADY_OFF,offer already on DEFAULT
2026-08-18T07:19:22+00:00,FR,AU_5_30,B0FR9JRB62,fbm0,ALREADY_OFF,offer already on DEFAULT
2026-08-18T07:19:23+00:00,FR,AX_20_30,B0FR39Q1KJ,fbm0,ALREADY_OFF,offer already on DEFAULT
2026-08-18T07:19:25+00:00,FR,AX_3_15,B0FR3CCSMB,fbm0,ALREADY_OFF,offer already on DEFAULT
2026-08-18T07:19:27+00:00,FR,AX_5_30,B0FR3G6JWB,fbm0,ALREADY_OFF,offer already on DEFAULT
2026-08-18T07:19:28+00:00,FR,AZ_3_15,B0FR9BTC98,fbm0,ALREADY_OFF,offer already on DEFAULT
2026-08-18T07:19:29+00:00,FR,BA_3_15,B0FR9G8ZVK,fbm0,ALREADY_OFF,offer already on DEFAULT
2026-08-18T07:19:30+00:00,FR,BD_20_30,B0FR8FJ3HJ,fbm0,ALREADY_OFF,offer already on DEFAULT
2026-08-18T07:19:32+00:00,FR,BD_3_15,B0FR9L7SG3,fbm0,ALREADY_OFF,offer already on DEFAULT
2026-08-18T07:19:33+00:00,FR,BD_5_30,B0FR9BQFCM,fbm0,ALREADY_OFF,offer already on DEFAULT
2026-08-18T07:19:34+00:00,FR,BE_20_30,B0FR9BVRCH,fbm0,ALREADY_OFF,offer already on DEFAULT
2026-08-18T07:19:35+00:00,FR,BE_3_15,B0FR9G432K,fbm0,ALREADY_OFF,offer already on DEFAULT
2026-08-18T07:19:36+00:00,FR,BE_5_30,B0FR9SXCW6,fbm0,ALREADY_OFF,offer already on DEFAULT
2026-08-18T07:19:37+00:00,FR,BF_3_15,B0FR9HWFSK,fbm0,ALREADY_OFF,offer already on DEFAULT
2026-08-18T07:19:39+00:00,FR,BF_5_30,B0FR9BWKSY,fbm0,ALREADY_OFF,offer already on DEFAULT
2026-08-18T07:19:40+00:00,FR,BH_3_15,B0FR9K64KF,fbm0,ALREADY_OFF,offer already on DEFAULT
2026-08-18T07:19:41+00:00,FR,BN_20_30,B0FR9F971C,fbm0,ALREADY_OFF,offer already on DEFAULT
2026-08-18T07:19:42+00:00,FR,BN_3_15,B0FR9KTJND,fbm0,ALREADY_OFF,offer already on DEFAULT
2026-08-18T07:19:44+00:00,FR,BO_20_30,B0FR9RH588,fbm0,ALREADY_OFF,offer already on DEFAULT
2026-08-18T07:19:45+00:00,FR,BO_3_15,B0FR8FKPKH,fbm0,ALREADY_OFF,offer already on DEFAULT
2026-08-18T07:19:46+00:00,FR,BR_20_30,B0FR9KLZCR,fbm0,ALREADY_OFF,offer already on DEFAULT
2026-08-18T07:19:47+00:00,FR,BR_3_15,B0FR9G5LKV,fbm0,ALREADY_OFF,offer already on DEFAULT
2026-08-18T07:19:48+00:00,FR,BW_3_15,B0FR9G7N2Q,fbm0,ALREADY_OFF,offer already on DEFAULT
2026-08-18T07:19:49+00:00,FR,BY_3_15,B0FR9G3Z82,fbm0,ALREADY_OFF,offer already on DEFAULT
2026-08-18T07:19:51+00:00,FR,BY_5_30,B0FR8FFT4D,fbm0,ALREADY_OFF,offer already on DEFAULT
2026-08-18T07:19:52+00:00,FR,CA_20_30,B0FR9BY42D,fbm0,ALREADY_OFF,offer already on DEFAULT
2026-08-18T07:19:53+00:00,FR,CA_3_15,B0FR9RZLF3,fbm0,ALREADY_OFF,offer already on DEFAULT
2026-08-18T07:19:55+00:00,FR,CA_5_30,B0FR9SYCBK,fbm0,ALREADY_OFF,offer already on DEFAULT
2026-08-18T07:19:56+00:00,FR,CF_3_15,B0FR9RK8FP,fbm0,ALREADY_OFF,offer already on DEFAULT
2026-08-18T07:19:57+00:00,FR,CF_5_30,B0FR9R3NMC,fbm0,ALREADY_OFF,offer already on DEFAULT
2026-08-18T07:19:59+00:00,FR,CH_20_30,B0FRB6VY7S,fbm0,ALREADY_OFF,offer already on DEFAULT
2026-08-18T07:20:00+00:00,FR,CH_3_15,B0FRB5LFVC,fbm0,ALREADY_OFF,offer already on DEFAULT
2026-08-18T07:20:01+00:00,FR,CH_5_30,B0FRB7G4VW,fbm0,ALREADY_OFF,offer already on DEFAULT
2026-08-18T07:20:02+00:00,FR,CI_3_15,B0FR9HW9DJ,fbm0,ALREADY_OFF,offer already on DEFAULT
2026-08-18T07:20:04+00:00,FR,CI_5_30,B0FR9V5LYJ,fbm0,ALREADY_OFF,offer already on DEFAULT
2026-08-18T07:20:05+00:00,FR,CL_3_15,B0FR9RY1RT,fbm0,ALREADY_OFF,offer already on DEFAULT
2026-08-18T07:20:07+00:00,FR,CM_3_15,B0FR9VJ1ZB,fbm0,ALREADY_OFF,offer already on DEFAULT
2026-08-18T07:20:08+00:00,FR,CN_20_30,B0FR9GD6X9,fbm0,ALREADY_OFF,offer already on DEFAULT
2026-08-18T07:20:09+00:00,FR,CN_3_15,B0FR9QZ578,fbm0,ALREADY_OFF,offer already on DEFAULT
2026-08-18T07:20:10+00:00,FR,CN_5_30,B0FR9HX7XH,fbm0,ALREADY_OFF,offer already on DEFAULT
2026-08-18T07:20:12+00:00,FR,CO_3_15,B0FR9RL8W5,fbm0,ALREADY_OFF,offer already on DEFAULT
2026-08-18T07:20:13+00:00,FR,CR_3_15,B0FR9LNRMN,fbm0,ALREADY_OFF,offer already on DEFAULT
2026-08-18T07:20:15+00:00,FR,CY_3_15,B0FR8XJWWG,fbm0,ALREADY_OFF,offer already on DEFAULT
2026-08-18T07:20:16+00:00,FR,CY_5_30,B0FR8XHWZV,fbm0,ALREADY_OFF,offer already on DEFAULT
2026-08-18T07:20:17+00:00,FR,CZ_20_30,B0FR9SVN9H,fbm0,ALREADY_OFF,offer already on DEFAULT
2026-08-18T07:20:19+00:00,FR,CZ_5_30,B0FR9BY2LF,fbm0,ALREADY_OFF,offer already on DEFAULT
2026-08-18T07:20:20+00:00,FR,DE_20_30,B0GSZP9H94,fbm0,ALREADY_OFF,offer already on DEFAULT
2026-08-18T07:20:21+00:00,FR,DE_3_15,B0GSZBMLKV,fbm0,ALREADY_OFF,offer already on DEFAULT
2026-08-18T07:20:23+00:00,FR,DE_5_30,B0GSZDYWLZ,fbm0,ALREADY_OFF,offer already on DEFAULT
2026-08-18T07:20:24+00:00,FR,DK_20_30,B0FR9QPF45,fbm0,ALREADY_OFF,offer already on DEFAULT
2026-08-18T07:20:26+00:00,FR,DK_3_15,B0FR9GSNP4,fbm0,ALREADY_OFF,offer already on DEFAULT
2026-08-18T07:20:27+00:00,FR,DK_5_30,B0FR8XQYR4,fbm0,ALREADY_OFF,offer already on DEFAULT
2026-08-18T07:20:28+00:00,FR,DO_20_30,B0FR9C6DJF,fbm0,ALREADY_OFF,offer already on DEFAULT
2026-08-18T07:20:30+00:00,FR,DO_3_15,B0FR9GSKZF,fbm0,ALREADY_OFF,offer already on DEFAULT
2026-08-18T07:20:31+00:00,FR,DO_5_30,B0FR9GQKCM,fbm0,ALREADY_OFF,offer already on DEFAULT
2026-08-18T07:20:33+00:00,FR,EC_3_15,B0FR9RM6MP,fbm0,ALREADY_OFF,offer already on DEFAULT
2026-08-18T07:20:34+00:00,FR,EE_20_30,B0FR9L527N,fbm0,ALREADY_OFF,offer already on DEFAULT
2026-08-18T07:20:36+00:00,FR,EE_3_15,B0FR9GST1S,fbm0,ALREADY_OFF,offer already on DEFAULT
2026-08-18T07:20:37+00:00,FR,EE_5_30,B0FR9GQYKB,fbm0,ALREADY_OFF,offer already on DEFAULT
2026-08-18T07:20:38+00:00,FR,EG_20_30,B0FR9GQBGL,fbm0,ALREADY_OFF,offer already on DEFAULT
2026-08-18T07:20:39+00:00,FR,EG_3_15,B0FR9C784N,fbm0,ALREADY_OFF,offer already on DEFAULT
2026-08-18T07:20:41+00:00,FR,EG_3_30,B0FR9GNL93,fbm0,ALREADY_OFF,offer already on DEFAULT
2026-08-18T07:20:42+00:00,FR,EG_5_30,B0FR9LR5KJ,fbm0,ALREADY_OFF,offer already on DEFAULT
2026-08-18T07:20:43+00:00,FR,ES_20_30,B0FRCMPGPL,fbm0,ALREADY_OFF,offer already on DEFAULT
2026-08-18T07:20:45+00:00,FR,ES_3_15,B0FRCDHTZ7,fbm0,ALREADY_OFF,offer already on DEFAULT
2026-08-18T07:20:46+00:00,FR,ES_5_30,B0FRBQCLZN,fbm0,ALREADY_OFF,offer already on DEFAULT
2026-08-18T07:20:47+00:00,FR,EU-42_20_30,B0FR9TNPV3,fbm0,ALREADY_OFF,offer already on DEFAULT
2026-08-18T07:20:48+00:00,FR,EU-42_5_30,B0FR9RYSSS,fbm0,ALREADY_OFF,offer already on DEFAULT
2026-08-18T07:20:50+00:00,FR,FI_3_15,B0FR9GSND6,fbm0,ALREADY_OFF,offer already on DEFAULT
2026-08-18T07:20:51+00:00,FR,FI_5_30,B0FR9SB3BJ,fbm0,ALREADY_OFF,offer already on DEFAULT
2026-08-18T07:20:52+00:00,FR,FR_20_30,B0FR9GPMC5,fbm0,ALREADY_OFF,offer already on DEFAULT
2026-08-18T07:20:54+00:00,FR,FR_3_15,B0FR9C5ZB6,fbm0,ALREADY_OFF,offer already on DEFAULT
2026-08-18T07:20:55+00:00,FR,FR_5_30,B0FR9LMDW5,fbm0,ALREADY_OFF,offer already on DEFAULT
2026-08-18T07:20:56+00:00,FR,GA_3_15,B0FR9GPX9T,fbm0,ALREADY_OFF,offer already on DEFAULT
2026-08-18T07:20:57+00:00,FR,GB_20_30,B0FRDGCBTN,fbm0,ALREADY_OFF,offer already on DEFAULT
2026-08-18T07:20:59+00:00,FR,GB_3_15,B0FRCPD8TS,fbm0,ALREADY_OFF,offer already on DEFAULT
2026-08-18T07:21:00+00:00,FR,GB_5_30,B0FRDDRGJF,fbm0,ALREADY_OFF,offer already on DEFAULT
2026-08-18T07:21:02+00:00,FR,GE_20_30,B0FR9C73NK,fbm0,ALREADY_OFF,offer already on DEFAULT
2026-08-18T07:21:03+00:00,FR,GE_3_15,B0FR9KMX2N,fbm0,ALREADY_OFF,offer already on DEFAULT
2026-08-18T07:21:04+00:00,FR,GG_20_30,B0FR9LYWWY,fbm0,ALREADY_OFF,offer already on DEFAULT
2026-08-18T07:21:05+00:00,FR,GG_3_15,B0FR9SMWDN,fbm0,ALREADY_OFF,offer already on DEFAULT
2026-08-18T07:21:07+00:00,FR,GG_5_30,B0FR9C5PXR,fbm0,ALREADY_OFF,offer already on DEFAULT
2026-08-18T07:21:08+00:00,FR,GI_3_15,B0FR8XSPMC,fbm0,ALREADY_OFF,offer already on DEFAULT
2026-08-18T07:21:09+00:00,FR,GL-139_5_30,B0FR9VNTLY,fbm0,ALREADY_OFF,offer already on DEFAULT
2026-08-18T07:21:11+00:00,FR,GP_20_30,B0FR8XTBF6,fbm0,ALREADY_OFF,offer already on DEFAULT
2026-08-18T07:21:12+00:00,FR,GP_3_15,B0FR9TMVWK,fbm0,ALREADY_OFF,offer already on DEFAULT
2026-08-18T07:21:13+00:00,FR,GR_20_30,B0FR9KJGBG,fbm0,ALREADY_OFF,offer already on DEFAULT
2026-08-18T07:21:15+00:00,FR,GR_3_15,B0FR9L85F6,fbm0,ALREADY_OFF,offer already on DEFAULT
2026-08-18T07:21:16+00:00,FR,GR_5_30,B0FR9C7SMF,fbm0,ALREADY_OFF,offer already on DEFAULT
2026-08-18T07:21:17+00:00,FR,GT_3_15,B0FR9VC6VD,fbm0,ALREADY_OFF,offer already on DEFAULT
2026-08-18T07:21:18+00:00,FR,GU_20_30,B0FR9C7MGP,fbm0,ALREADY_OFF,offer already on DEFAULT
2026-08-18T07:21:20+00:00,FR,GU_3_15,B0FR9GVSSF,fbm0,ALREADY_OFF,offer already on DEFAULT
2026-08-18T07:21:21+00:00,FR,GU_5_30,B0FR9SVP8Y,fbm0,ALREADY_OFF,offer already on DEFAULT
2026-08-18T07:21:22+00:00,FR,HK_20_30,B0FR9GXZ6F,fbm0,ALREADY_OFF,offer already on DEFAULT
2026-08-18T07:21:23+00:00,FR,HK_3_15,B0FR9CC6Q8,fbm0,ALREADY_OFF,offer already on DEFAULT
2026-08-18T07:21:25+00:00,FR,HK_5_30,B0FR9GXYYL,fbm0,ALREADY_OFF,offer already on DEFAULT
2026-08-18T07:21:26+00:00,FR,HN_3_15,B0FR9ZYV5G,fbm0,ALREADY_OFF,offer already on DEFAULT
2026-08-18T07:21:27+00:00,FR,HR_20_30,B0FR9TYCSL,fbm0,ALREADY_OFF,offer already on DEFAULT
2026-08-18T07:21:29+00:00,FR,HR_3_15,B0FR9GDKT1,fbm0,ALREADY_OFF,offer already on DEFAULT
2026-08-18T07:21:30+00:00,FR,HR_5_30,B0FR9BVV58,fbm0,ALREADY_OFF,offer already on DEFAULT
2026-08-18T07:21:31+00:00,FR,HU_20_30,B0FR9ZVYYQ,fbm0,ALREADY_OFF,offer already on DEFAULT
2026-08-18T07:21:33+00:00,FR,HU_3_15,B0FR9C9JVW,fbm0,ALREADY_OFF,offer already on DEFAULT
2026-08-18T07:21:34+00:00,FR,HU_5_30,B0FR9GY3R5,fbm0,ALREADY_OFF,offer already on DEFAULT
2026-08-18T07:21:35+00:00,FR,ID_20_30,B0FR9QXRDQ,fbm0,ALREADY_OFF,offer already on DEFAULT
2026-08-18T07:21:37+00:00,FR,ID_3_15,B0FR9T6QPZ,fbm0,ALREADY_OFF,offer already on DEFAULT
2026-08-18T07:21:38+00:00,FR,ID_5_30,B0FR8XW5DR,fbm0,ALREADY_OFF,offer already on DEFAULT
2026-08-18T07:21:39+00:00,FR,IE_20_30,B0FR9SZG2Z,fbm0,ALREADY_OFF,offer already on DEFAULT
2026-08-18T07:21:40+00:00,FR,IE_3_15,B0FR8XV57F,fbm0,ALREADY_OFF,offer already on DEFAULT
2026-08-18T07:21:42+00:00,FR,IE_5_30,B0FR9GYKQL,fbm0,ALREADY_OFF,offer already on DEFAULT
2026-08-18T07:21:43+00:00,FR,IL_20_30,B0FR9K8SQ1,fbm0,ALREADY_OFF,offer already on DEFAULT
2026-08-18T07:21:44+00:00,FR,IL_3_15,B0FR9M11H1,fbm0,ALREADY_OFF,offer already on DEFAULT
2026-08-18T07:21:46+00:00,FR,IL_5_30,B0FR8XVZZM,fbm0,ALREADY_OFF,offer already on DEFAULT
2026-08-18T07:21:47+00:00,FR,IM_20_30,B0FR9CB5LK,fbm0,ALREADY_OFF,offer already on DEFAULT
2026-08-18T07:21:48+00:00,FR,IM_3_15,B0FR9LZ7RL,fbm0,ALREADY_OFF,offer already on DEFAULT
2026-08-18T07:21:50+00:00,FR,IM_5_30,B0FR9M27XY,fbm0,ALREADY_OFF,offer already on DEFAULT
2026-08-18T07:21:51+00:00,FR,IN_20_30,B0FR9DYMHX,fbm0,ALREADY_OFF,offer already on DEFAULT
2026-08-18T07:21:52+00:00,FR,IN_3_15,B0FR9ZM116,fbm0,ALREADY_OFF,offer already on DEFAULT
2026-08-18T07:21:53+00:00,FR,IN_5_30,B0FR9GXWN9,fbm0,ALREADY_OFF,offer already on DEFAULT
2026-08-18T07:21:55+00:00,FR,IS_20_30,B0FR9GX6LF,fbm0,ALREADY_OFF,offer already on DEFAULT
2026-08-18T07:21:56+00:00,FR,IS_3_15,B0FR9TBBK1,fbm0,ALREADY_OFF,offer already on DEFAULT
2026-08-18T07:21:57+00:00,FR,IS_5_30,B0FR9ZWQBD,fbm0,ALREADY_OFF,offer already on DEFAULT
2026-08-18T07:21:59+00:00,FR,IT_20_30,B0FR9RNZV2,fbm0,ALREADY_OFF,offer already on DEFAULT
2026-08-18T07:22:00+00:00,FR,IT_3_15,B0FR9GXZ18,fbm0,ALREADY_OFF,offer already on DEFAULT
2026-08-18T07:22:01+00:00,FR,IT_5_30,B0FR9ZR2TH,fbm0,ALREADY_OFF,offer already on DEFAULT
2026-08-18T07:22:02+00:00,FR,JE_20_30,B0FR9CBQDH,fbm0,ALREADY_OFF,offer already on DEFAULT
2026-08-18T07:22:04+00:00,FR,JE_3_15,B0FR9GYMR5,fbm0,ALREADY_OFF,offer already on DEFAULT
2026-08-18T07:22:05+00:00,FR,JE_5_30,B0FR9M27GP,fbm0,ALREADY_OFF,offer already on DEFAULT
2026-08-18T07:22:06+00:00,FR,JO_20_30,B0FR9ST188,fbm0,ALREADY_OFF,offer already on DEFAULT
2026-08-18T07:22:08+00:00,FR,JO_3_15,B0FR9M144Z,fbm0,ALREADY_OFF,offer already on DEFAULT
2026-08-18T07:22:09+00:00,FR,JO_5_30,B0FR9ZTZNK,fbm0,ALREADY_OFF,offer already on DEFAULT
2026-08-18T07:22:11+00:00,FR,JP_20_30,B0FR9RZKRB,fbm0,ALREADY_OFF,offer already on DEFAULT
2026-08-18T07:22:12+00:00,FR,JP_3_15,B0FR9LVZVQ,fbm0,ALREADY_OFF,offer already on DEFAULT
2026-08-18T07:22:13+00:00,FR,JP_5_30,B0FR9TLXXH,fbm0,ALREADY_OFF,offer already on DEFAULT
2026-08-18T07:22:14+00:00,FR,KE_3_15,B0FR9GZ14G,fbm0,ALREADY_OFF,offer already on DEFAULT
2026-08-18T07:22:16+00:00,FR,KE_5_30,B0FR9T4DG6,fbm0,ALREADY_OFF,offer already on DEFAULT
2026-08-18T07:22:17+00:00,FR,KG_20_30,B0FR8XXBHM,fbm0,ALREADY_OFF,offer already on DEFAULT
2026-08-18T07:22:19+00:00,FR,KG_3_15,B0FR9TVF4R,fbm0,ALREADY_OFF,offer already on DEFAULT
2026-08-18T07:22:20+00:00,FR,KH_20_30,B0FR9GFJPL,fbm0,ALREADY_OFF,offer already on DEFAULT
2026-08-18T07:22:22+00:00,FR,KH_3_15,B0FR8XKMJ4,fbm0,ALREADY_OFF,offer already on DEFAULT
2026-08-18T07:22:23+00:00,FR,KR_20_30,B0FRC4P51Z,fbm0,ALREADY_OFF,offer already on DEFAULT
2026-08-18T07:22:24+00:00,FR,KR_3_15,B0FRC4RTDF,fbm0,ALREADY_OFF,offer already on DEFAULT
2026-08-18T07:22:26+00:00,FR,KR_5_30,B0FRD9LC4C,fbm0,ALREADY_OFF,offer already on DEFAULT
2026-08-18T07:22:27+00:00,FR,KW_20_30,B0FR9KBF4P,fbm0,ALREADY_OFF,offer already on DEFAULT
2026-08-18T07:22:28+00:00,FR,KW_3_15,B0FR9LZJ3X,fbm0,ALREADY_OFF,offer already on DEFAULT
2026-08-18T07:22:30+00:00,FR,KW_5_30,B0FR9M2TXP,fbm0,ALREADY_OFF,offer already on DEFAULT
2026-08-18T07:22:31+00:00,FR,KZ_20_30,B0FR9TLNNW,fbm0,ALREADY_OFF,offer already on DEFAULT
2026-08-18T07:22:33+00:00,FR,KZ_3_15,B0FR9T4DG2,fbm0,ALREADY_OFF,offer already on DEFAULT
2026-08-18T07:22:34+00:00,FR,KZ_5_30,B0FR9ZMMSH,fbm0,ALREADY_OFF,offer already on DEFAULT
2026-08-18T07:22:35+00:00,FR,LI_3_15,B0FR9S35ZH,fbm0,ALREADY_OFF,offer already on DEFAULT
2026-08-18T07:22:37+00:00,FR,LK_20_30,B0FRC2DZN5,fbm0,ALREADY_OFF,offer already on DEFAULT
2026-08-18T07:22:38+00:00,FR,LK_3_15,B0FRB7Z1NW,fbm0,ALREADY_OFF,offer already on DEFAULT
2026-08-18T07:22:39+00:00,FR,LK_5_30,B0FRB64B8M,fbm0,ALREADY_OFF,offer already on DEFAULT
2026-08-18T07:22:41+00:00,FR,LR_3_15,B0FR9H18JQ,fbm0,ALREADY_OFF,offer already on DEFAULT
2026-08-18T07:22:42+00:00,FR,LR_5_30,B0FR9SJ1YH,fbm0,ALREADY_OFF,offer already on DEFAULT
2026-08-18T07:22:43+00:00,FR,LT_20_30,B0FR9TQN8N,fbm0,ALREADY_OFF,offer already on DEFAULT
2026-08-18T07:22:45+00:00,FR,LV_5_30,B0FR9TR99S,fbm0,ALREADY_OFF,offer already on DEFAULT
2026-08-18T07:22:46+00:00,FR,MA_20_30,B0FR9M57DY,fbm0,ALREADY_OFF,offer already on DEFAULT
2026-08-18T07:22:47+00:00,FR,MA_3_15,B0FR9CFZQR,fbm0,ALREADY_OFF,offer already on DEFAULT
2026-08-18T07:22:49+00:00,FR,MC_5_30,B0FR9H1H4M,fbm0,ALREADY_OFF,offer already on DEFAULT
2026-08-18T07:22:50+00:00,FR,SG_3_30,B0FRB3KY59,fbm0,ALREADY_OFF,offer already on DEFAULT
2026-08-18T07:22:51+00:00,FR,TN_10_30,B0FRB85GLD,fbm0,ALREADY_OFF,offer already on DEFAULT
2026-08-18T07:22:53+00:00,FR,TN_3_30,B0FRCKZKVY,fbm0,ALREADY_OFF,offer already on DEFAULT
2026-08-18T07:22:54+00:00,FR,US_20_90,B0FRB9JP2K,fbm0,ALREADY_OFF,offer already on DEFAULT
2026-08-18T07:22:55+00:00,FR,ZA_10_30,B0FRB4RSW2,fbm0,ALREADY_OFF,offer already on DEFAULT
2026-08-18T07:22:59+00:00,DE,ZAMBIA-3GB-15D,B0FRC2NSM2,fbm0,ALREADY_OFF,offer already on DEFAULT
2026-08-18T07:23:00+00:00,DE,MAURITIUS-3GB-15D,B0H2FYRLRC,fbm0,ALREADY_OFF,offer already on DEFAULT
2026-08-18T07:23:01+00:00,DE,HAJJ-LUX-10GB-30D,B0H3L75HDS,fbm0,ALREADY_OFF,offer already on DEFAULT
2026-08-18T07:23:03+00:00,DE,BULGARIA-3GB-15D,B0H6MCT4Y5,fbm0,ALREADY_OFF,offer already on DEFAULT
2026-08-18T07:23:04+00:00,DE,PERU-3GB-15D,B0H6M5WW3B,fbm0,ALREADY_OFF,offer already on DEFAULT
2026-08-18T07:23:05+00:00,DE,PERU-20GB-30D,B0H6M8BLBD,fbm0,ALREADY_OFF,offer already on DEFAULT
2026-08-18T07:23:06+00:00,DE,ALGERIA-3GB-15D,B0H6M9R3WH,fbm0,ALREADY_OFF,offer already on DEFAULT
2026-08-18T07:23:07+00:00,DE,ALGERIA-5GB-30D,B0H6MDYKG8,fbm0,ALREADY_OFF,offer already on DEFAULT
2026-08-18T07:23:09+00:00,DE,ALGERIA-20GB-30D,B0H6M5TDMD,fbm0,ALREADY_OFF,offer already on DEFAULT
2026-08-18T07:23:10+00:00,DE,ANDORRA-3GB-15D,B0H6MBPRYN,fbm0,ALREADY_OFF,offer already on DEFAULT
2026-08-18T07:23:11+00:00,DE,ANDORRA-5GB-30D,B0H6M5P65S,fbm0,ALREADY_OFF,offer already on DEFAULT
2026-08-18T07:23:12+00:00,DE,ANDORRA-20GB-30D,B0H6MJ97WC,fbm0,ALREADY_OFF,offer already on DEFAULT
2026-08-18T07:23:13+00:00,DE,ANGOLA-3GB-15D,B0H6M5RWZH,fbm0,ALREADY_OFF,offer already on DEFAULT
2026-08-18T07:23:14+00:00,DE,ANGOLA-5GB-30D,B0H6MKZSB4,fbm0,ALREADY_OFF,offer already on DEFAULT
2026-08-18T07:23:16+00:00,DE,ANGUILLA-3GB-15D,B0H6M7X7QY,fbm0,ALREADY_OFF,offer already on DEFAULT
2026-08-18T07:23:17+00:00,DE,ANGUILLA-5GB-30D,B0H6MFJ63H,fbm0,ALREADY_OFF,offer already on DEFAULT
2026-08-18T07:23:18+00:00,DE,ANGUILLA-20GB-30D,B0H6MHMZY8,fbm0,ALREADY_OFF,offer already on DEFAULT
2026-08-18T07:23:19+00:00,DE,ANTIGUA-AND-BARBUDA-3GB-15D,B0H6MBBFLQ,fbm0,ALREADY_OFF,offer already on DEFAULT
2026-08-18T07:23:21+00:00,DE,ANTIGUA-AND-BARBUDA-5GB-30D,B0H6MCR5F9,fbm0,ALREADY_OFF,offer already on DEFAULT
2026-08-18T07:23:22+00:00,DE,ANTIGUA-AND-BARBUDA-20GB-30D,B0H6M2MQJB,fbm0,ALREADY_OFF,offer already on DEFAULT
2026-08-18T07:23:23+00:00,DE,BAHAMAS-3GB-15D,B0H6MB828R,fbm0,ALREADY_OFF,offer already on DEFAULT
2026-08-18T07:23:24+00:00,DE,BAHAMAS-5GB-30D,B0H6MFGH8P,fbm0,ALREADY_OFF,offer already on DEFAULT
2026-08-18T07:23:25+00:00,DE,BAHAMAS-20GB-30D,B0H6MCPR9P,fbm0,ALREADY_OFF,offer already on DEFAULT
2026-08-18T07:23:27+00:00,DE,BARBADOS-3GB-15D,B0H6MCD72X,fbm0,ALREADY_OFF,offer already on DEFAULT
2026-08-18T07:23:28+00:00,DE,BARBADOS-5GB-30D,B0H6MG6VYJ,fbm0,ALREADY_OFF,offer already on DEFAULT
2026-08-18T07:23:29+00:00,DE,BARBADOS-20GB-30D,B0H6MJ921X,fbm0,ALREADY_OFF,offer already on DEFAULT
2026-08-18T07:23:30+00:00,DE,BELIZE-3GB-15D,B0H6MFPNTX,fbm0,ALREADY_OFF,offer already on DEFAULT
2026-08-18T07:23:32+00:00,DE,BELIZE-5GB-30D,B0H6MF1H4V,fbm0,ALREADY_OFF,offer already on DEFAULT
2026-08-18T07:23:33+00:00,DE,BELIZE-20GB-30D,B0H6MBSQM8,fbm0,ALREADY_OFF,offer already on DEFAULT
2026-08-18T07:23:34+00:00,DE,BENIN-3GB-15D,B0H6M9YHDR,fbm0,ALREADY_OFF,offer already on DEFAULT
2026-08-18T07:23:35+00:00,DE,BENIN-5GB-30D,B0H6MHRNBH,fbm0,ALREADY_OFF,offer already on DEFAULT
2026-08-18T07:23:37+00:00,DE,BENIN-20GB-30D,B0H6M7VGSZ,fbm0,ALREADY_OFF,offer already on DEFAULT
2026-08-18T07:23:38+00:00,DE,BERMUDA-3GB-15D,B0H6MDMTGH,fbm0,ALREADY_OFF,offer already on DEFAULT
2026-08-18T07:23:39+00:00,DE,BERMUDA-5GB-30D,B0H6MFM5X4,fbm0,ALREADY_OFF,offer already on DEFAULT
2026-08-18T07:23:40+00:00,DE,BERMUDA-20GB-30D,B0H6MCGQ77,fbm0,ALREADY_OFF,offer already on DEFAULT
2026-08-18T07:23:41+00:00,DE,BHUTAN-3GB-15D,B0H6MJB588,fbm0,ALREADY_OFF,offer already on DEFAULT
2026-08-18T07:23:43+00:00,DE,BHUTAN-5GB-30D,B0H6M9C23Q,fbm0,ALREADY_OFF,offer already on DEFAULT
2026-08-18T07:23:44+00:00,DE,BHUTAN-20GB-30D,B0H6M5WDSH,fbm0,ALREADY_OFF,offer already on DEFAULT
2026-08-18T07:23:45+00:00,DE,CAPE-VERDE-3GB-15D,B0H6M9R16H,fbm0,ALREADY_OFF,offer already on DEFAULT
2026-08-18T07:23:46+00:00,DE,CAPE-VERDE-5GB-30D,B0H6MFG453,fbm0,ALREADY_OFF,offer already on DEFAULT
2026-08-18T07:23:47+00:00,DE,CAPE-VERDE-20GB-30D,B0H6M9VSPG,fbm0,ALREADY_OFF,offer already on DEFAULT
2026-08-18T07:23:48+00:00,DE,CAYMAN-ISLANDS-3GB-15D,B0H6MLHBD7,fbm0,ALREADY_OFF,offer already on DEFAULT
2026-08-18T07:23:50+00:00,DE,CAYMAN-ISLANDS-5GB-30D,B0H6M55MKK,fbm0,ALREADY_OFF,offer already on DEFAULT
2026-08-18T07:23:51+00:00,DE,CAYMAN-ISLANDS-20GB-30D,B0H6MGXYNS,fbm0,ALREADY_OFF,offer already on DEFAULT
2026-08-18T07:23:52+00:00,DE,CURACAO-3GB-15D,B0H6M81JPM,fbm0,ALREADY_OFF,offer already on DEFAULT
2026-08-18T07:23:53+00:00,DE,CURACAO-5GB-30D,B0H6MGZLBC,fbm0,ALREADY_OFF,offer already on DEFAULT
2026-08-18T07:23:55+00:00,DE,CURACAO-20GB-30D,B0H6MF51WH,fbm0,ALREADY_OFF,offer already on DEFAULT
2026-08-18T07:23:56+00:00,DE,DEMOCRATIC-REPUBLIC-OF-THE-CONGO-3GB-15D,B0H6LZL22Y,fbm0,ALREADY_OFF,offer already on DEFAULT
2026-08-18T07:23:57+00:00,DE,DEMOCRATIC-REPUBLIC-OF-THE-CONGO-5GB-30D,B0H6M6L8Z8,fbm0,ALREADY_OFF,offer already on DEFAULT
2026-08-18T07:23:58+00:00,DE,DRC-20GB-30D,B0H6MZWFM7,fbm0,ALREADY_OFF,offer already on DEFAULT
2026-08-18T07:23:59+00:00,DE,DOMINICA-3GB-15D,B0H6M9H54M,fbm0,ALREADY_OFF,offer already on DEFAULT
2026-08-18T07:24:01+00:00,DE,DOMINICA-5GB-30D,B0H6M5HR32,fbm0,ALREADY_OFF,offer already on DEFAULT
2026-08-18T07:24:02+00:00,DE,DOMINICA-20GB-30D,B0H6MK8XTJ,fbm0,ALREADY_OFF,offer already on DEFAULT
2026-08-18T07:24:03+00:00,DE,FAROE-ISLANDS-3GB-15D,B0H6ML935Q,fbm0,ALREADY_OFF,offer already on DEFAULT
2026-08-18T07:24:04+00:00,DE,FAROE-ISLANDS-5GB-30D,B0H6MF2TVH,fbm0,ALREADY_OFF,offer already on DEFAULT
2026-08-18T07:24:05+00:00,DE,FAROE-ISLANDS-20GB-30D,B0H6MB82ZV,fbm0,ALREADY_OFF,offer already on DEFAULT
2026-08-18T07:24:06+00:00,DE,FIJI-3GB-15D,B0H6MFLWYD,fbm0,ALREADY_OFF,offer already on DEFAULT
2026-08-18T07:24:08+00:00,DE,FIJI-5GB-30D,B0H6MJ7GS6,fbm0,ALREADY_OFF,offer already on DEFAULT
2026-08-18T07:24:09+00:00,DE,FIJI-20GB-30D,B0H6MGBL3N,fbm0,ALREADY_OFF,offer already on DEFAULT
2026-08-18T07:24:10+00:00,DE,FRENCH-GUIANA-3GB-15D,B0H6MFD6Z3,fbm0,ALREADY_OFF,offer already on DEFAULT
2026-08-18T07:24:11+00:00,DE,FRENCH-GUIANA-5GB-30D,B0H6MGC352,fbm0,ALREADY_OFF,offer already on DEFAULT
2026-08-18T07:24:13+00:00,DE,FRENCH-GUIANA-20GB-30D,B0H6MDNXJJ,fbm0,ALREADY_OFF,offer already on DEFAULT
2026-08-18T07:24:14+00:00,DE,FRENCH-POLYNESIA-3GB-15D,B0H6MF6GHP,fbm0,ALREADY_OFF,offer already on DEFAULT
2026-08-18T07:24:15+00:00,DE,FRENCH-POLYNESIA-5GB-30D,B0H6MD2GXY,fbm0,ALREADY_OFF,offer already on DEFAULT
2026-08-18T07:24:17+00:00,DE,FRENCH-POLYNESIA-20GB-30D,B0H6M59GH9,fbm0,ALREADY_OFF,offer already on DEFAULT
2026-08-18T07:24:18+00:00,DE,GHANA-3GB-15D,B0H6M7CH6H,fbm0,ALREADY_OFF,offer already on DEFAULT
2026-08-18T07:24:19+00:00,DE,GHANA-5GB-30D,B0H6MD48NZ,fbm0,ALREADY_OFF,offer already on DEFAULT
2026-08-18T07:24:20+00:00,DE,GHANA-20GB-30D,B0H6M9CG3G,fbm0,ALREADY_OFF,offer already on DEFAULT
2026-08-18T07:24:22+00:00,DE,GREENLAND-3GB-15D,B0H6MLNBK2,fbm0,ALREADY_OFF,offer already on DEFAULT
2026-08-18T07:24:23+00:00,DE,GREENLAND-5GB-30D,B0H6MFMLK9,fbm0,ALREADY_OFF,offer already on DEFAULT
2026-08-18T07:24:25+00:00,DE,GREENLAND-20GB-30D,B0H6MBT3TW,fbm0,DEACTIVATED,
2026-08-18T07:24:26+00:00,DE,GRENADA-3GB-15D,B0H6M8K37V,fbm0,ALREADY_OFF,offer already on DEFAULT
2026-08-18T07:24:28+00:00,DE,GRENADA-5GB-30D,B0H6MLJR6Z,fbm0,ALREADY_OFF,offer already on DEFAULT
2026-08-18T07:24:29+00:00,DE,GRENADA-20GB-30D,B0H6MGRF37,fbm0,ALREADY_OFF,offer already on DEFAULT
2026-08-18T07:24:30+00:00,DE,GUINEA-3GB-15D,B0H6MGZTF1,fbm0,ALREADY_OFF,offer already on DEFAULT
2026-08-18T07:24:31+00:00,DE,GUINEA-5GB-30D,B0H6MFTVX6,fbm0,ALREADY_OFF,offer already on DEFAULT
2026-08-18T07:24:33+00:00,DE,GUINEA-20GB-30D,B0H6M7VHYP,fbm0,ALREADY_OFF,offer already on DEFAULT
2026-08-18T07:24:34+00:00,DE,GUINEA-BISSAU-3GB-15D,B0H6MG6X8D,fbm0,ALREADY_OFF,offer already on DEFAULT
2026-08-18T07:24:35+00:00,DE,GUINEA-BISSAU-5GB-30D,B0H6MCJ4Y9,fbm0,ALREADY_OFF,offer already on DEFAULT
2026-08-18T07:24:37+00:00,DE,GUINEA-BISSAU-20GB-30D,B0H6MF1JJS,fbm0,ALREADY_OFF,offer already on DEFAULT
2026-08-18T07:24:40+00:00,DE,GUYANA-3GB-15D,B0H6MCG586,fbm0,ALREADY_OFF,offer already on DEFAULT
2026-08-18T07:24:42+00:00,DE,GUYANA-5GB-30D,B0H6MB3FHF,fbm0,ALREADY_OFF,offer already on DEFAULT
2026-08-18T07:24:43+00:00,DE,GUYANA-20GB-30D,B0H6MD1PB7,fbm0,ALREADY_OFF,offer already on DEFAULT
2026-08-18T07:24:44+00:00,DE,HAITI-3GB-15D,B0H6M9YTL4,fbm0,ALREADY_OFF,offer already on DEFAULT
2026-08-18T07:24:45+00:00,DE,HAITI-5GB-30D,B0H6MDHPCV,fbm0,ALREADY_OFF,offer already on DEFAULT
2026-08-18T07:24:47+00:00,DE,HAITI-20GB-30D,B0H6MBNF3Y,fbm0,ALREADY_OFF,offer already on DEFAULT
2026-08-18T07:24:48+00:00,DE,IRAQ-3GB-15D,B0H6MGX6P7,fbm0,ALREADY_OFF,offer already on DEFAULT
2026-08-18T07:24:49+00:00,DE,IRAQ-5GB-30D,B0H6MFRHZN,fbm0,ALREADY_OFF,offer already on DEFAULT
2026-08-18T07:24:50+00:00,DE,IRAQ-20GB-30D,B0H6M956TN,fbm0,ALREADY_OFF,offer already on DEFAULT
2026-08-18T07:24:51+00:00,DE,JAMAICA-3GB-15D,B0H6MF3PNQ,fbm0,ALREADY_OFF,offer already on DEFAULT
2026-08-18T07:24:53+00:00,DE,JAMAICA-5GB-30D,B0H6MJQCMF,fbm0,ALREADY_OFF,offer already on DEFAULT
2026-08-18T07:24:54+00:00,DE,JAMAICA-20GB-30D,B0H6MF52ZZ,fbm0,ALREADY_OFF,offer already on DEFAULT
2026-08-18T07:24:55+00:00,DE,LAOS-3GB-15D,B0H6M96WPB,fbm0,ALREADY_OFF,offer already on DEFAULT
2026-08-18T07:24:56+00:00,DE,LAOS-5GB-30D,B0H6MBJN5B,fbm0,ALREADY_OFF,offer already on DEFAULT
2026-08-18T07:24:57+00:00,DE,LAOS-20GB-30D,B0H6MBWGX1,fbm0,ALREADY_OFF,offer already on DEFAULT
2026-08-18T07:24:59+00:00,DE,LIBYA-3GB-15D,B0H6MBYGXZ,fbm0,DEACTIVATED,
2026-08-18T07:25:00+00:00,DE,LIBYA-5GB-30D,B0H6M5PVSB,fbm0,DEACTIVATED,
2026-08-18T07:25:02+00:00,DE,LIBYA-20GB-30D,B0H6MFWD2Y,fbm0,ALREADY_OFF,offer already on DEFAULT
2026-08-18T07:25:03+00:00,DE,MALDIVES-3GB-15D,B0H6MD6Y71,fbm0,DEACTIVATED,
2026-08-18T07:25:05+00:00,DE,MALDIVES-5GB-30D,B0H6MJQZ8Y,fbm0,DEACTIVATED,
2026-08-18T07:25:07+00:00,DE,MALDIVES-20GB-30D,B0H6MM5SCJ,fbm0,DEACTIVATED,
2026-08-18T07:25:08+00:00,DE,MARTINIQUE-3GB-15D,B0H6M7SBFQ,fbm0,DEACTIVATED,
2026-08-18T07:25:10+00:00,DE,MARTINIQUE-5GB-30D,B0H6MKCD1X,fbm0,DEACTIVATED,
2026-08-18T07:25:12+00:00,DE,MARTINIQUE-20GB-30D,B0H6MH94KV,fbm0,DEACTIVATED,
2026-08-18T07:25:13+00:00,DE,MAYOTTE-3GB-15D,B0H6MFWP88,fbm0,DEACTIVATED,
2026-08-18T07:25:15+00:00,DE,MAYOTTE-5GB-30D,B0H6MD9C4Y,fbm0,DEACTIVATED,
2026-08-18T07:25:17+00:00,DE,MAYOTTE-20GB-30D,B0H6M5L8MC,fbm0,DEACTIVATED,
2026-08-18T07:25:18+00:00,DE,MONTSERRAT-3GB-15D,B0H6MDJ2ZR,fbm0,DEACTIVATED,
2026-08-18T07:25:20+00:00,DE,MONTSERRAT-5GB-30D,B0H6MGQ1Y4,fbm0,DEACTIVATED,
2026-08-18T07:25:22+00:00,DE,MONTSERRAT-20GB-30D,B0H6MG87HK,fbm0,DEACTIVATED,
2026-08-18T07:25:24+00:00,DE,REPUBLIC-OF-THE-CONGO-3GB-15D,B0H6MM6DKT,fbm0,DEACTIVATED,
2026-08-18T07:25:25+00:00,DE,REPUBLIC-OF-THE-CONGO-5GB-30D,B0H6MBXD3B,fbm0,DEACTIVATED,
2026-08-18T07:25:27+00:00,DE,REPUBLIC-OF-THE-CONGO-20GB-30D,B0H6MJ756Y,fbm0,DEACTIVATED,
2026-08-18T07:25:28+00:00,DE,ROMANIA-3GB-15D,B0H6MKQH2C,fbm0,DEACTIVATED,
2026-08-18T07:25:30+00:00,DE,ROMANIA-5GB-30D,B0H6MFVLCB,fbm0,DEACTIVATED,
2026-08-18T07:25:32+00:00,DE,ROMANIA-20GB-30D,B0H6MGRC1F,fbm0,DEACTIVATED,
2026-08-18T07:25:33+00:00,DE,RUSSIA-3GB-15D,B0H6MDNPC8,fbm0,DEACTIVATED,
2026-08-18T07:25:35+00:00,DE,RUSSIA-5GB-30D,B0H6MLHHB2,fbm0,DEACTIVATED,
2026-08-18T07:25:37+00:00,DE,RUSSIA-20GB-30D,B0H6MDSLNC,fbm0,DEACTIVATED,
2026-08-18T07:25:38+00:00,DE,RWANDA-3GB-15D,B0H6MK2ZBQ,fbm0,ALREADY_OFF,offer already on DEFAULT
2026-08-18T07:25:39+00:00,DE,RWANDA-5GB-30D,B0H6MJZHP1,fbm0,DEACTIVATED,
2026-08-18T07:25:41+00:00,DE,RWANDA-20GB-30D,B0H6M66BWN,fbm0,DEACTIVATED,
2026-08-18T07:25:42+00:00,DE,SAINT-BARTHELEMY-3GB-15D,B0H6MDMD63,fbm0,ALREADY_OFF,offer already on DEFAULT
2026-08-18T07:25:44+00:00,DE,SAINT-BARTHELEMY-5GB-30D,B0H6MBS246,fbm0,DEACTIVATED,
2026-08-18T07:25:45+00:00,DE,SAINT-BARTHELEMY-20GB-30D,B0H6MJHHNB,fbm0,DEACTIVATED,
2026-08-18T07:25:47+00:00,DE,SAINT-KITTS-AND-NEVIS-3GB-15D,B0H6MDHJ2B,fbm0,DEACTIVATED,
2026-08-18T07:25:48+00:00,DE,SAINT-KITTS-AND-NEVIS-5GB-30D,B0H6MBK615,fbm0,DEACTIVATED,
2026-08-18T07:25:50+00:00,DE,SAINT-KITTS-AND-NEVIS-20GB-30D,B0H6MJQSR4,fbm0,DEACTIVATED,
2026-08-18T07:25:51+00:00,DE,SAINT-LUCIA-3GB-15D,B0H6M7Y1CD,fbm0,ALREADY_OFF,offer already on DEFAULT
2026-08-18T07:25:53+00:00,DE,SAINT-LUCIA-5GB-30D,B0H6MGBXNV,fbm0,DEACTIVATED,
2026-08-18T07:25:54+00:00,DE,SAINT-LUCIA-20GB-30D,B0H6MDX8DY,fbm0,DEACTIVATED,
2026-08-18T07:25:56+00:00,DE,SAINT-MARTIN-3GB-15D,B0H6MDB2CN,fbm0,DEACTIVATED,
2026-08-18T07:25:57+00:00,DE,SAINT-MARTIN-5GB-30D,B0H6MC37Q1,fbm0,DEACTIVATED,
2026-08-18T07:25:59+00:00,DE,SAINT-MARTIN-20GB-30D,B0H6MF7K64,fbm0,DEACTIVATED,
2026-08-18T07:26:00+00:00,DE,SAINT-VINCENT-AND-THE-GRENADINES-3GB-15D,B0H6MF3FWZ,fbm0,ALREADY_OFF,offer already on DEFAULT
2026-08-18T07:26:02+00:00,DE,SAINT-VINCENT-AND-THE-GRENADINES-5GB-30D,B0H6MJXH8Z,fbm0,DEACTIVATED,
2026-08-18T07:26:04+00:00,DE,SVG-20GB-30D,B0H6MWF5B5,fbm0,DEACTIVATED,
2026-08-18T07:26:05+00:00,DE,SAMOA-3GB-15D,B0H6MGJ45S,fbm0,DEACTIVATED,
2026-08-18T07:26:07+00:00,DE,SAMOA-5GB-30D,B0H6MFFZH1,fbm0,DEACTIVATED,
2026-08-18T07:26:09+00:00,DE,SAMOA-20GB-30D,B0H6MJQDSM,fbm0,DEACTIVATED,
2026-08-18T07:26:10+00:00,DE,SAN-MARINO-3GB-15D,B0H6MG33GL,fbm0,DEACTIVATED,
2026-08-18T07:26:12+00:00,DE,SAN-MARINO-5GB-30D,B0H6ML6C38,fbm0,DEACTIVATED,
2026-08-18T07:26:14+00:00,DE,SAN-MARINO-20GB-30D,B0H6MDHJFJ,fbm0,DEACTIVATED,
2026-08-18T07:26:15+00:00,DE,SIERRA-LEONE-3GB-15D,B0H6MHPWKP,fbm0,DEACTIVATED,
2026-08-18T07:26:17+00:00,DE,SIERRA-LEONE-5GB-30D,B0H6MBK6HZ,fbm0,DEACTIVATED,
2026-08-18T07:26:18+00:00,DE,SIERRA-LEONE-20GB-30D,B0H6ML1JW1,fbm0,DEACTIVATED,
2026-08-18T07:26:20+00:00,DE,SURINAME-3GB-15D,B0H6MLWJMY,fbm0,DEACTIVATED,
2026-08-18T07:26:21+00:00,DE,SURINAME-5GB-30D,B0H6MNS3N5,fbm0,DEACTIVATED,
2026-08-18T07:26:23+00:00,DE,SURINAME-20GB-30D,B0H6MNKY5H,fbm0,DEACTIVATED,
2026-08-18T07:26:24+00:00,DE,TAJIKISTAN-3GB-15D,B0H6M7XFN6,fbm0,DEACTIVATED,
2026-08-18T07:26:26+00:00,DE,TAJIKISTAN-5GB-30D,B0H6MFYMXZ,fbm0,DEACTIVATED,
2026-08-18T07:26:28+00:00,DE,TAJIKISTAN-20GB-30D,B0H6M85C77,fbm0,DEACTIVATED,
2026-08-18T07:26:30+00:00,DE,TRINIDAD-AND-TOBAGO-3GB-15D,B0H6MJTHXK,fbm0,DEACTIVATED,
2026-08-18T07:26:31+00:00,DE,TRINIDAD-AND-TOBAGO-5GB-30D,B0H6MJTHY9,fbm0,DEACTIVATED,
2026-08-18T07:26:33+00:00,DE,TRINIDAD-AND-TOBAGO-20GB-30D,B0H6MF31VP,fbm0,DEACTIVATED,
2026-08-18T07:26:35+00:00,DE,TURKS-AND-CAICOS-ISLANDS-3GB-15D,B0H6MNNXGL,fbm0,DEACTIVATED,
2026-08-18T07:26:36+00:00,DE,TURKS-AND-CAICOS-ISLANDS-5GB-30D,B0H6MLH1KM,fbm0,DEACTIVATED,
2026-08-18T07:26:38+00:00,DE,TURKS-AND-CAICOS-ISLANDS-20GB-30D,B0H6MLBGX7,fbm0,DEACTIVATED,
2026-08-18T07:26:39+00:00,DE,VATICAN-CITY-3GB-15D,B0H6MBMF8G,fbm0,DEACTIVATED,
2026-08-18T07:26:41+00:00,DE,VATICAN-CITY-5GB-30D,B0H6M7YXNP,fbm0,DEACTIVATED,
2026-08-18T07:26:43+00:00,DE,VATICAN-CITY-20GB-30D,B0H6MDPLZ9,fbm0,DEACTIVATED,
2026-08-18T07:26:44+00:00,DE,CANADA-PREMIUM-3GB-15D,B0H6MJ1HMJ,fbm0,DEACTIVATED,
2026-08-18T07:26:46+00:00,DE,CANADA-PREMIUM-5GB-30D,B0H6MPXGBN,fbm0,DEACTIVATED,
2026-08-18T07:26:48+00:00,DE,CANADA-PREMIUM-20GB-30D,B0H6MJ9N4Y,fbm0,DEACTIVATED,
2026-08-18T07:26:49+00:00,DE,AALAND-ISLANDS-3GB-15D,B0FR3CCSMB,fbm0,ALREADY_OFF,offer already on no channel
2026-08-18T07:26:50+00:00,DE,AALAND-ISLANDS-5GB-30D,B0FR3G6JWB,fbm0,ALREADY_OFF,offer already on no channel
2026-08-18T07:26:51+00:00,DE,AALAND-ISLANDS-20GB-30D,B0FR39Q1KJ,fbm0,ALREADY_OFF,offer already on no channel
2026-08-18T07:26:53+00:00,DE,AFRICA-5GB-30D,B0FR3GK9Z7,fbm0,ALREADY_OFF,offer already on DEFAULT
2026-08-18T07:26:54+00:00,DE,ALBANIA-5GB-30D,B0FR4ZG3Z6,fbm0,ALREADY_OFF,offer already on DEFAULT
2026-08-18T07:26:55+00:00,DE,ARGENTINA-3GB-15D,B0FR554SXN,fbm0,ALREADY_OFF,offer already on DEFAULT
2026-08-18T07:26:56+00:00,DE,ARGENTINA-20GB-30D,B0FR5DCH33,fbm0,ALREADY_OFF,offer already on DEFAULT
2026-08-18T07:26:57+00:00,DE,ARMENIA-3GB-15D,B0FR5BK9R4,fbm0,ALREADY_OFF,offer already on DEFAULT
2026-08-18T07:26:58+00:00,DE,ARMENIA-20GB-30D,B0FR4ZT5XT,fbm0,ALREADY_OFF,offer already on DEFAULT
2026-08-18T07:27:00+00:00,DE,ASIA-20-3GB-15D,B0FR9FZ4RF,fbm0,ALREADY_OFF,offer already on DEFAULT
2026-08-18T07:27:01+00:00,DE,ASIA-20-5GB-30D,B0FR9BQNSV,fbm0,ALREADY_OFF,offer already on DEFAULT
2026-08-18T07:27:02+00:00,DE,AUSTRALIA-3GB-15D,B0FR9SKY4D,fbm0,ALREADY_OFF,offer already on DEFAULT
2026-08-18T07:27:04+00:00,DE,AUSTRALIA-5GB-30D,B0FR9JRB62,fbm0,ALREADY_OFF,offer already on DEFAULT
2026-08-18T07:27:05+00:00,DE,AUSTRALIA-20GB-30D,B0FR9G1ZQJ,fbm0,ALREADY_OFF,offer already on DEFAULT
2026-08-18T07:27:06+00:00,DE,AUSTRIA-3GB-15D,B0FR9QSMSP,fbm0,ALREADY_OFF,offer already on DEFAULT
2026-08-18T07:27:07+00:00,DE,AUSTRIA-5GB-30D,B0FR8XCH78,fbm0,ALREADY_OFF,offer already on DEFAULT
2026-08-18T07:27:08+00:00,DE,AUSTRIA-20GB-30D,B0FR8XBSBP,fbm0,ALREADY_OFF,offer already on DEFAULT
2026-08-18T07:27:09+00:00,DE,AZERBAIJAN-3GB-15D,B0FR9BTC98,fbm0,ALREADY_OFF,offer already on DEFAULT
2026-08-18T07:27:11+00:00,DE,BAHRAIN-3GB-15D,B0FR9K64KF,fbm0,ALREADY_OFF,offer already on DEFAULT
2026-08-18T07:27:12+00:00,DE,BANGLADESH-3GB-15D,B0FR9L7SG3,fbm0,ALREADY_OFF,offer already on DEFAULT
2026-08-18T07:27:13+00:00,DE,BANGLADESH-5GB-30D,B0FR9BQFCM,fbm0,ALREADY_OFF,offer already on DEFAULT
2026-08-18T07:27:14+00:00,DE,BANGLADESH-20GB-30D,B0FR8FJ3HJ,fbm0,ALREADY_OFF,offer already on DEFAULT
2026-08-18T07:27:15+00:00,DE,BELARUS-3GB-15D,B0FR9G3Z82,fbm0,ALREADY_OFF,offer already on DEFAULT
2026-08-18T07:27:17+00:00,DE,BELARUS-5GB-30D,B0FR8FFT4D,fbm0,ALREADY_OFF,offer already on DEFAULT
2026-08-18T07:27:18+00:00,DE,BELGIUM-3GB-15D,B0FR9G432K,fbm0,ALREADY_OFF,offer already on DEFAULT
2026-08-18T07:27:19+00:00,DE,BELGIUM-5GB-30D,B0FR9SXCW6,fbm0,ALREADY_OFF,offer already on DEFAULT
2026-08-18T07:27:20+00:00,DE,BELGIUM-20GB-30D,B0FR9BVRCH,fbm0,ALREADY_OFF,offer already on DEFAULT
2026-08-18T07:27:21+00:00,DE,BOLIVIA-3GB-15D,B0FR8FKPKH,fbm0,ALREADY_OFF,offer already on DEFAULT
2026-08-18T07:27:23+00:00,DE,BOLIVIA-20GB-30D,B0FR9RH588,fbm0,ALREADY_OFF,offer already on DEFAULT
2026-08-18T07:27:24+00:00,DE,BOSNIA-AND-HERZEGOVINA-3GB-15D,B0FR9G8ZVK,fbm0,ALREADY_OFF,offer already on DEFAULT
2026-08-18T07:27:25+00:00,DE,BOTSWANA-3GB-15D,B0FR9G7N2Q,fbm0,ALREADY_OFF,offer already on DEFAULT
2026-08-18T07:27:26+00:00,DE,BRAZIL-3GB-15D,B0FR9G5LKV,fbm0,ALREADY_OFF,offer already on DEFAULT
2026-08-18T07:27:28+00:00,DE,BRAZIL-20GB-30D,B0FR9KLZCR,fbm0,ALREADY_OFF,offer already on DEFAULT
2026-08-18T07:27:29+00:00,DE,BRUNEI-DARUSSALAM-3GB-15D,B0FR9KTJND,fbm0,ALREADY_OFF,offer already on DEFAULT
2026-08-18T07:27:31+00:00,DE,BRUNEI-DARUSSALAM-20GB-30D,B0FR9F971C,fbm0,ALREADY_OFF,offer already on DEFAULT
2026-08-18T07:27:32+00:00,DE,BURKINA-FASO-3GB-15D,B0FR9HWFSK,fbm0,ALREADY_OFF,offer already on DEFAULT
2026-08-18T07:27:33+00:00,DE,BURKINA-FASO-5GB-30D,B0FR9BWKSY,fbm0,ALREADY_OFF,offer already on DEFAULT
2026-08-18T07:27:34+00:00,DE,CAMEROON-3GB-15D,B0FR9VJ1ZB,fbm0,ALREADY_OFF,offer already on DEFAULT
2026-08-18T07:27:36+00:00,DE,CENTRAL-AFRICAN-REPUBLIC-3GB-15D,B0FR9RK8FP,fbm0,ALREADY_OFF,offer already on DEFAULT
2026-08-18T07:27:37+00:00,DE,CENTRAL-AFRICAN-REPUBLIC-5GB-30D,B0FR9R3NMC,fbm0,ALREADY_OFF,offer already on DEFAULT
2026-08-18T07:27:38+00:00,DE,CHAD-3GB-15D,B0FR9SG4MK,fbm0,ALREADY_OFF,offer already on DEFAULT
2026-08-18T07:27:39+00:00,DE,CHAD-5GB-30D,B0FR9L414C,fbm0,ALREADY_OFF,offer already on DEFAULT
2026-08-18T07:27:41+00:00,DE,CHILE-3GB-15D,B0FR9RY1RT,fbm0,ALREADY_OFF,offer already on DEFAULT
2026-08-18T07:27:42+00:00,DE,CHINA-3GB-15D,B0FR9QZ578,fbm0,ALREADY_OFF,offer already on DEFAULT
2026-08-18T07:27:43+00:00,DE,CHINA-5GB-30D,B0FR9HX7XH,fbm0,ALREADY_OFF,offer already on DEFAULT
2026-08-18T07:27:45+00:00,DE,CHINA-20GB-30D,B0FR9GD6X9,fbm0,ALREADY_OFF,offer already on DEFAULT
2026-08-18T07:27:46+00:00,DE,COLOMBIA-3GB-15D,B0FR9RL8W5,fbm0,ALREADY_OFF,offer already on DEFAULT
2026-08-18T07:27:47+00:00,DE,CAMBODIA-3GB-15D,B0FR8XKMJ4,fbm0,ALREADY_OFF,offer already on DEFAULT
2026-08-18T07:27:48+00:00,DE,CAMBODIA-20GB-30D,B0FR9GFJPL,fbm0,ALREADY_OFF,offer already on DEFAULT
2026-08-18T07:27:49+00:00,DE,COSTA-RICA-3GB-15D,B0FR9LNRMN,fbm0,ALREADY_OFF,offer already on DEFAULT
2026-08-18T07:27:50+00:00,DE,COTE-D-IVOIRE-3GB-15D,B0FR9HW9DJ,fbm0,ALREADY_OFF,offer already on DEFAULT
2026-08-18T07:27:52+00:00,DE,COTE-D-IVOIRE-5GB-30D,B0FR9V5LYJ,fbm0,ALREADY_OFF,offer already on DEFAULT
2026-08-18T07:27:53+00:00,DE,CROATIA-3GB-15D,B0FR9GDKT1,fbm0,ALREADY_OFF,offer already on DEFAULT
2026-08-18T07:27:54+00:00,DE,CROATIA-5GB-30D,B0FR9BVV58,fbm0,ALREADY_OFF,offer already on DEFAULT
2026-08-18T07:27:55+00:00,DE,CROATIA-20GB-30D,B0FR9TYCSL,fbm0,ALREADY_OFF,offer already on DEFAULT
2026-08-18T07:27:56+00:00,DE,CYPRUS-3GB-15D,B0FR8XJWWG,fbm0,ALREADY_OFF,offer already on DEFAULT
2026-08-18T07:27:57+00:00,DE,CYPRUS-5GB-30D,B0FR8XHWZV,fbm0,ALREADY_OFF,offer already on DEFAULT
2026-08-18T07:27:59+00:00,DE,CZECH-REPUBLIC-3GB-15D,B0FR9SB2Q3,fbm0,ALREADY_OFF,offer already on DEFAULT
2026-08-18T07:28:00+00:00,DE,CZECH-REPUBLIC-5GB-30D,B0FR9BY2LF,fbm0,ALREADY_OFF,offer already on DEFAULT
2026-08-18T07:28:01+00:00,DE,CZECH-REPUBLIC-20GB-30D,B0FR9SVN9H,fbm0,ALREADY_OFF,offer already on DEFAULT
2026-08-18T07:28:02+00:00,DE,DENMARK-3GB-15D,B0FR9GSNP4,fbm0,ALREADY_OFF,offer already on DEFAULT
2026-08-18T07:28:04+00:00,DE,DENMARK-5GB-30D,B0FR8XQYR4,fbm0,ALREADY_OFF,offer already on DEFAULT
2026-08-18T07:28:05+00:00,DE,DENMARK-20GB-30D,B0FR9QPF45,fbm0,ALREADY_OFF,offer already on DEFAULT
2026-08-18T07:28:06+00:00,DE,DOMINICAN-REPUBLIC-3GB-15D,B0FR9GSKZF,fbm0,ALREADY_OFF,offer already on DEFAULT
2026-08-18T07:28:08+00:00,DE,DOMINICAN-REPUBLIC-5GB-30D,B0FR9GQKCM,fbm0,ALREADY_OFF,offer already on DEFAULT
2026-08-18T07:28:09+00:00,DE,DOMINICAN-REPUBLIC-20GB-30D,B0FR9C6DJF,fbm0,ALREADY_OFF,offer already on DEFAULT
2026-08-18T07:28:11+00:00,DE,ECUADOR-3GB-15D,B0FR9RM6MP,fbm0,ALREADY_OFF,offer already on DEFAULT
2026-08-18T07:28:12+00:00,DE,EGYPT-3GB-15D,B0FR9C784N,fbm0,ALREADY_OFF,offer already on DEFAULT
2026-08-18T07:28:13+00:00,DE,EGYPT-5GB-30D,B0FR9LR5KJ,fbm0,ALREADY_OFF,offer already on DEFAULT
2026-08-18T07:28:14+00:00,DE,EGYPT-20GB-30D,B0FR9GQBGL,fbm0,ALREADY_OFF,offer already on DEFAULT
2026-08-18T07:28:16+00:00,DE,EL-SALVADOR-3GB-15D,B0FR9LJ7X4,fbm0,ALREADY_OFF,offer already on DEFAULT
2026-08-18T07:28:17+00:00,DE,ESTONIA-3GB-15D,B0FR9GST1S,fbm0,ALREADY_OFF,offer already on DEFAULT
2026-08-18T07:28:18+00:00,DE,ESTONIA-5GB-30D,B0FR9GQYKB,fbm0,ALREADY_OFF,offer already on DEFAULT
2026-08-18T07:28:20+00:00,DE,ESTONIA-20GB-30D,B0FR9L527N,fbm0,ALREADY_OFF,offer already on DEFAULT
2026-08-18T07:28:21+00:00,DE,EUROPE-40-AREAS-5GB-30D,B0FR9RYSSS,fbm0,ALREADY_OFF,offer already on DEFAULT
2026-08-18T07:28:22+00:00,DE,EUROPE-40-AREAS-20GB-30D,B0FR9TNPV3,fbm0,ALREADY_OFF,offer already on DEFAULT
2026-08-18T07:28:23+00:00,DE,FINLAND-3GB-15D,B0FR9GSND6,fbm0,ALREADY_OFF,offer already on DEFAULT
2026-08-18T07:28:25+00:00,DE,FINLAND-5GB-30D,B0FR9SB3BJ,fbm0,ALREADY_OFF,offer already on DEFAULT
2026-08-18T07:28:26+00:00,DE,FRANCE-3GB-15D,B0FR9C5ZB6,fbm0,ALREADY_OFF,offer already on DEFAULT
2026-08-18T07:28:27+00:00,DE,FRANCE-5GB-30D,B0FR9LMDW5,fbm0,ALREADY_OFF,offer already on DEFAULT
2026-08-18T07:28:28+00:00,DE,FRANCE-20GB-30D,B0FR9GPMC5,fbm0,ALREADY_OFF,offer already on DEFAULT
2026-08-18T07:28:30+00:00,DE,GABON-3GB-15D,B0FR9GPX9T,fbm0,ALREADY_OFF,offer already on DEFAULT
2026-08-18T07:28:31+00:00,DE,GEORGIA-3GB-15D,B0FR9KMX2N,fbm0,ALREADY_OFF,offer already on DEFAULT
2026-08-18T07:28:33+00:00,DE,GEORGIA-20GB-30D,B0FR9C73NK,fbm0,ALREADY_OFF,offer already on DEFAULT
2026-08-18T07:28:34+00:00,DE,GERMANY-3GB-15D,B0GSZBMLKV,fbm0,ALREADY_OFF,offer already on DEFAULT
2026-08-18T07:28:36+00:00,DE,GERMANY-5GB-30D,B0GSZDYWLZ,fbm0,ALREADY_OFF,offer already on DEFAULT
2026-08-18T07:28:37+00:00,DE,GERMANY-20GB-30D,B0GSZP9H94,fbm0,ALREADY_OFF,offer already on DEFAULT
2026-08-18T07:28:38+00:00,DE,GIBRALTAR-3GB-15D,B0FR8XSPMC,fbm0,ALREADY_OFF,offer already on DEFAULT
2026-08-18T07:28:40+00:00,DE,GLOBAL139-5GB-30D,B0FR9VNTLY,fbm0,ALREADY_OFF,offer already on DEFAULT
2026-08-18T07:28:41+00:00,DE,GREECE-3GB-15D,B0FR9L85F6,fbm0,ALREADY_OFF,offer already on DEFAULT
2026-08-18T07:28:42+00:00,DE,GREECE-5GB-30D,B0FR9C7SMF,fbm0,ALREADY_OFF,offer already on DEFAULT
2026-08-18T07:28:44+00:00,DE,GREECE-20GB-30D,B0FR9KJGBG,fbm0,ALREADY_OFF,offer already on DEFAULT
2026-08-18T07:28:45+00:00,DE,GUADELOUPE-3GB-15D,B0FR9TMVWK,fbm0,ALREADY_OFF,offer already on DEFAULT
2026-08-18T07:28:46+00:00,DE,GUADELOUPE-20GB-30D,B0FR8XTBF6,fbm0,ALREADY_OFF,offer already on DEFAULT
2026-08-18T07:28:47+00:00,DE,GUAM-3GB-15D,B0FR9GVSSF,fbm0,ALREADY_OFF,offer already on DEFAULT
2026-08-18T07:28:49+00:00,DE,GUAM-5GB-30D,B0FR9SVP8Y,fbm0,ALREADY_OFF,offer already on DEFAULT
2026-08-18T07:28:50+00:00,DE,GUAM-20GB-30D,B0FR9C7MGP,fbm0,ALREADY_OFF,offer already on DEFAULT
2026-08-18T07:28:51+00:00,DE,GUATEMALA-3GB-15D,B0FR9VC6VD,fbm0,ALREADY_OFF,offer already on DEFAULT
2026-08-18T07:28:52+00:00,DE,GUERNSEY-3GB-15D,B0FR9SMWDN,fbm0,ALREADY_OFF,offer already on DEFAULT
2026-08-18T07:28:54+00:00,DE,GUERNSEY-5GB-30D,B0FR9C5PXR,fbm0,ALREADY_OFF,offer already on DEFAULT
2026-08-18T07:28:55+00:00,DE,GUERNSEY-20GB-30D,B0FR9LYWWY,fbm0,ALREADY_OFF,offer already on DEFAULT
2026-08-18T07:28:56+00:00,DE,HONDURAS-3GB-15D,B0FR9ZYV5G,fbm0,ALREADY_OFF,offer already on DEFAULT
2026-08-18T07:28:57+00:00,DE,HONG-KONG-3GB-15D,B0FR9CC6Q8,fbm0,ALREADY_OFF,offer already on DEFAULT
2026-08-18T07:28:59+00:00,DE,HONG-KONG-5GB-30D,B0FR9GXYYL,fbm0,ALREADY_OFF,offer already on DEFAULT
2026-08-18T07:29:00+00:00,DE,HONG-KONG-20GB-30D,B0FR9GXZ6F,fbm0,ALREADY_OFF,offer already on DEFAULT
2026-08-18T07:29:01+00:00,DE,HUNGARY-3GB-15D,B0FR9C9JVW,fbm0,ALREADY_OFF,offer already on DEFAULT
2026-08-18T07:29:02+00:00,DE,HUNGARY-5GB-30D,B0FR9GY3R5,fbm0,ALREADY_OFF,offer already on DEFAULT
2026-08-18T07:29:03+00:00,DE,HUNGARY-20GB-30D,B0FR9ZVYYQ,fbm0,ALREADY_OFF,offer already on DEFAULT
2026-08-18T07:29:05+00:00,DE,ICELAND-3GB-15D,B0FR9TBBK1,fbm0,ALREADY_OFF,offer already on DEFAULT
2026-08-18T07:29:06+00:00,DE,ICELAND-5GB-30D,B0FR9ZWQBD,fbm0,ALREADY_OFF,offer already on DEFAULT
2026-08-18T07:29:07+00:00,DE,ICELAND-20GB-30D,B0FR9GX6LF,fbm0,ALREADY_OFF,offer already on DEFAULT
2026-08-18T07:29:08+00:00,DE,INDIA-3GB-15D,B0FR9ZM116,fbm0,ALREADY_OFF,offer already on DEFAULT
2026-08-18T07:29:10+00:00,DE,INDIA-5GB-30D,B0FR9GXWN9,fbm0,ALREADY_OFF,offer already on DEFAULT
2026-08-18T07:29:11+00:00,DE,INDIA-20GB-30D,B0FR9DYMHX,fbm0,ALREADY_OFF,offer already on DEFAULT
2026-08-18T07:29:12+00:00,DE,INDONESIA-3GB-15D,B0FR9T6QPZ,fbm0,ALREADY_OFF,offer already on DEFAULT
2026-08-18T07:29:13+00:00,DE,INDONESIA-5GB-30D,B0FR8XW5DR,fbm0,ALREADY_OFF,offer already on DEFAULT
2026-08-18T07:29:14+00:00,DE,INDONESIA-20GB-30D,B0FR9QXRDQ,fbm0,ALREADY_OFF,offer already on DEFAULT
2026-08-18T07:29:15+00:00,DE,IRELAND-3GB-15D,B0FR8XV57F,fbm0,ALREADY_OFF,offer already on DEFAULT
2026-08-18T07:29:17+00:00,DE,IRELAND-5GB-30D,B0FR9GYKQL,fbm0,ALREADY_OFF,offer already on DEFAULT
2026-08-18T07:29:18+00:00,DE,IRELAND-20GB-30D,B0FR9SZG2Z,fbm0,ALREADY_OFF,offer already on DEFAULT
2026-08-18T07:29:19+00:00,DE,ISLE-OF-MAN-3GB-15D,B0FR9LZ7RL,fbm0,ALREADY_OFF,offer already on DEFAULT
2026-08-18T07:29:20+00:00,DE,ISLE-OF-MAN-5GB-30D,B0FR9M27XY,fbm0,ALREADY_OFF,offer already on DEFAULT
2026-08-18T07:29:22+00:00,DE,ISLE-OF-MAN-20GB-30D,B0FR9CB5LK,fbm0,ALREADY_OFF,offer already on DEFAULT
2026-08-18T07:29:23+00:00,DE,ISRAEL-3GB-15D,B0FR9M11H1,fbm0,ALREADY_OFF,offer already on DEFAULT
2026-08-18T07:29:24+00:00,DE,ISRAEL-5GB-30D,B0FR8XVZZM,fbm0,ALREADY_OFF,offer already on DEFAULT
2026-08-18T07:29:25+00:00,DE,ISRAEL-20GB-30D,B0FR9K8SQ1,fbm0,ALREADY_OFF,offer already on DEFAULT
2026-08-18T07:29:26+00:00,DE,ITALY-3GB-15D,B0FR9GXZ18,fbm0,ALREADY_OFF,offer already on DEFAULT
2026-08-18T07:29:27+00:00,DE,ITALY-5GB-30D,B0FR9ZR2TH,fbm0,ALREADY_OFF,offer already on DEFAULT
2026-08-18T07:29:29+00:00,DE,ITALY-20GB-30D,B0FR9RNZV2,fbm0,ALREADY_OFF,offer already on DEFAULT
2026-08-18T07:29:30+00:00,DE,JAPAN-3GB-15D,B0FR9LVZVQ,fbm0,ALREADY_OFF,offer already on DEFAULT
2026-08-18T07:29:31+00:00,DE,JAPAN-5GB-30D,B0FR9TLXXH,fbm0,ALREADY_OFF,offer already on DEFAULT
2026-08-18T07:29:32+00:00,DE,JAPAN-20GB-30D,B0FR9RZKRB,fbm0,ALREADY_OFF,offer already on DEFAULT
2026-08-18T07:29:34+00:00,DE,JERSEY-3GB-15D,B0FR9GYMR5,fbm0,ALREADY_OFF,offer already on DEFAULT
2026-08-18T07:29:35+00:00,DE,JERSEY-5GB-30D,B0FR9M27GP,fbm0,ALREADY_OFF,offer already on DEFAULT
2026-08-18T07:29:36+00:00,DE,JERSEY-20GB-30D,B0FR9CBQDH,fbm0,ALREADY_OFF,offer already on DEFAULT
2026-08-18T07:29:37+00:00,DE,JORDAN-3GB-15D,B0FR9M144Z,fbm0,ALREADY_OFF,offer already on DEFAULT
2026-08-18T07:29:39+00:00,DE,JORDAN-5GB-30D,B0FR9ZTZNK,fbm0,ALREADY_OFF,offer already on DEFAULT
2026-08-18T07:29:40+00:00,DE,JORDAN-20GB-30D,B0FR9ST188,fbm0,ALREADY_OFF,offer already on DEFAULT
2026-08-18T07:29:41+00:00,DE,KAZAKHSTAN-3GB-15D,B0FR9T4DG2,fbm0,ALREADY_OFF,offer already on DEFAULT
2026-08-18T07:29:42+00:00,DE,KAZAKHSTAN-5GB-30D,B0FR9ZMMSH,fbm0,ALREADY_OFF,offer already on DEFAULT
2026-08-18T07:29:44+00:00,DE,KAZAKHSTAN-20GB-30D,B0FR9TLNNW,fbm0,ALREADY_OFF,offer already on DEFAULT
2026-08-18T07:29:45+00:00,DE,KENYA-3GB-15D,B0FR9GZ14G,fbm0,ALREADY_OFF,offer already on DEFAULT
2026-08-18T07:29:47+00:00,DE,KENYA-5GB-30D,B0FR9T4DG6,fbm0,ALREADY_OFF,offer already on DEFAULT
2026-08-18T07:29:48+00:00,DE,KUWAIT-3GB-15D,B0FR9LZJ3X,fbm0,ALREADY_OFF,offer already on DEFAULT
2026-08-18T07:29:49+00:00,DE,KUWAIT-5GB-30D,B0FR9M2TXP,fbm0,ALREADY_OFF,offer already on DEFAULT
2026-08-18T07:29:50+00:00,DE,KUWAIT-20GB-30D,B0FR9KBF4P,fbm0,ALREADY_OFF,offer already on DEFAULT
2026-08-18T07:29:52+00:00,DE,KYRGYZSTAN-3GB-15D,B0FR9TVF4R,fbm0,ALREADY_OFF,offer already on DEFAULT
2026-08-18T07:29:53+00:00,DE,KYRGYZSTAN-20GB-30D,B0FR8XXBHM,fbm0,ALREADY_OFF,offer already on DEFAULT
2026-08-18T07:29:54+00:00,DE,LATVIA-3GB-15D,B0FR9VM4K6,fbm0,ALREADY_OFF,offer already on DEFAULT
2026-08-18T07:29:56+00:00,DE,LATVIA-5GB-30D,B0FR9TR99S,fbm0,ALREADY_OFF,offer already on DEFAULT
2026-08-18T07:29:57+00:00,DE,LATVIA-20GB-30D,B0FR9SWN6V,fbm0,ALREADY_OFF,offer already on DEFAULT
2026-08-18T07:29:58+00:00,DE,LIBERIA-3GB-15D,B0FR9H18JQ,fbm0,ALREADY_OFF,offer already on DEFAULT
2026-08-18T07:30:00+00:00,DE,LIBERIA-5GB-30D,B0FR9SJ1YH,fbm0,ALREADY_OFF,offer already on DEFAULT
2026-08-18T07:30:01+00:00,DE,LIECHTENSTEIN-3GB-15D,B0FR9S35ZH,fbm0,ALREADY_OFF,offer already on DEFAULT
2026-08-18T07:30:02+00:00,DE,LITHUANIA-3GB-15D,B0FR9KS3P4,fbm0,ALREADY_OFF,offer already on DEFAULT
2026-08-18T07:30:03+00:00,DE,LITHUANIA-5GB-30D,B0FR9R598C,fbm0,ALREADY_OFF,offer already on DEFAULT
2026-08-18T07:30:05+00:00,DE,LITHUANIA-20GB-30D,B0FR9TQN8N,fbm0,ALREADY_OFF,offer already on DEFAULT
2026-08-18T07:30:06+00:00,DE,LUXEMBOURG-3GB-15D,B0FR9SHRKM,fbm0,ALREADY_OFF,offer already on DEFAULT
2026-08-18T07:30:07+00:00,DE,LUXEMBOURG-5GB-30D,B0FR9SB862,fbm0,ALREADY_OFF,offer already on DEFAULT
2026-08-18T07:30:08+00:00,DE,LUXEMBOURG-20GB-30D,B0FR8XXXZB,fbm0,ALREADY_OFF,offer already on DEFAULT
2026-08-18T07:30:10+00:00,DE,MACAO-3GB-15D,B0FR9M485M,fbm0,ALREADY_OFF,offer already on DEFAULT
2026-08-18T07:30:11+00:00,DE,MACAO-5GB-30D,B0FR9L9624,fbm0,ALREADY_OFF,offer already on DEFAULT
2026-08-18T07:30:12+00:00,DE,MACAO-20GB-30D,B0FR9CDBN2,fbm0,ALREADY_OFF,offer already on DEFAULT
2026-08-18T07:30:13+00:00,DE,MADAGASCAR-3GB-15D,B0FR9H2NS1,fbm0,ALREADY_OFF,offer already on DEFAULT
2026-08-18T07:30:15+00:00,DE,MALAWI-3GB-15D,B0FR9H3JDK,fbm0,ALREADY_OFF,offer already on DEFAULT
2026-08-18T07:30:16+00:00,DE,MALAWI-5GB-30D,B0FR9GXY24,fbm0,ALREADY_OFF,offer already on DEFAULT
2026-08-18T07:30:17+00:00,DE,MALAYSIA-3GB-15D,B0FR9H1Q65,fbm0,ALREADY_OFF,offer already on DEFAULT
2026-08-18T07:30:19+00:00,DE,MALAYSIA-5GB-30D,B0FR9LDGX8,fbm0,ALREADY_OFF,offer already on DEFAULT
2026-08-18T07:30:20+00:00,DE,MALAYSIA-20GB-30D,B0FR9VMWYD,fbm0,ALREADY_OFF,offer already on DEFAULT
2026-08-18T07:30:21+00:00,DE,MALI-3GB-15D,B0FR9TRDSY,fbm0,ALREADY_OFF,offer already on DEFAULT
2026-08-18T07:30:22+00:00,DE,MALTA-3GB-15D,B0FR9M3PNR,fbm0,ALREADY_OFF,offer already on DEFAULT
2026-08-18T07:30:24+00:00,DE,MALTA-5GB-30D,B0FR9ZSMTC,fbm0,ALREADY_OFF,offer already on DEFAULT
2026-08-18T07:30:25+00:00,DE,MALTA-20GB-30D,B0FR9VL1Q9,fbm0,ALREADY_OFF,offer already on DEFAULT
2026-08-18T07:30:26+00:00,DE,MEXICO-3GB-15D,B0FR9SZSTG,fbm0,ALREADY_OFF,offer already on DEFAULT
2026-08-18T07:30:28+00:00,DE,MEXICO-5GB-30D,B0FR9H2K1C,fbm0,ALREADY_OFF,offer already on DEFAULT
2026-08-18T07:30:29+00:00,DE,MEXICO-20GB-30D,B0FR9VDSJX,fbm0,ALREADY_OFF,offer already on DEFAULT
2026-08-18T07:30:30+00:00,DE,MIDDLE-EAST-5GB-30D,B0FR9SYKP6,fbm0,ALREADY_OFF,offer already on DEFAULT
2026-08-18T07:30:31+00:00,DE,MOLDOVA-3GB-15D,B0FR9CFQYY,fbm0,ALREADY_OFF,offer already on DEFAULT
2026-08-18T07:30:33+00:00,DE,MONACO-3GB-15D,B0FR9ZS6GM,fbm0,ALREADY_OFF,offer already on DEFAULT
2026-08-18T07:30:34+00:00,DE,MONACO-5GB-30D,B0FR9H1H4M,fbm0,ALREADY_OFF,offer already on DEFAULT
2026-08-18T07:30:35+00:00,DE,MONGOLIA-3GB-15D,B0FR9LSYTX,fbm0,ALREADY_OFF,offer already on DEFAULT
2026-08-18T07:30:37+00:00,DE,MONTENEGRO-3GB-15D,B0FR9R5HR7,fbm0,ALREADY_OFF,offer already on DEFAULT
2026-08-18T07:30:38+00:00,DE,MOROCCO-3GB-15D,B0FR9CFZQR,fbm0,ALREADY_OFF,offer already on DEFAULT
2026-08-18T07:30:39+00:00,DE,MOROCCO-5GB-30D,B0FR9CDDQ8,fbm0,ALREADY_OFF,offer already on DEFAULT
2026-08-18T07:30:40+00:00,DE,MOROCCO-20GB-30D,B0FR9M57DY,fbm0,ALREADY_OFF,offer already on DEFAULT
2026-08-18T07:30:41+00:00,DE,MOZAMBIQUE-3GB-15D,B0FRB1M6HK,fbm0,ALREADY_OFF,offer already on DEFAULT
2026-08-18T07:30:43+00:00,DE,MOZAMBIQUE-20GB-30D,B0FR9CFLS7,fbm0,ALREADY_OFF,offer already on DEFAULT
2026-08-18T07:30:44+00:00,DE,NEPAL-3GB-15D,B0FRB1TD7L,fbm0,ALREADY_OFF,offer already on DEFAULT
2026-08-18T07:30:45+00:00,DE,NETHERLANDS-3GB-15D,B0FRB5GNM2,fbm0,ALREADY_OFF,offer already on DEFAULT
2026-08-18T07:30:47+00:00,DE,NETHERLANDS-5GB-30D,B0FR9NHP7Q,fbm0,ALREADY_OFF,offer already on DEFAULT
2026-08-18T07:30:48+00:00,DE,NETHERLANDS-20GB-30D,B0FR9NG7LB,fbm0,ALREADY_OFF,offer already on DEFAULT
2026-08-18T07:30:49+00:00,DE,NEW-ZEALAND-3GB-15D,B0FR9NKXF5,fbm0,ALREADY_OFF,offer already on DEFAULT
2026-08-18T07:30:50+00:00,DE,NEW-ZEALAND-5GB-30D,B0FR9NHFWQ,fbm0,ALREADY_OFF,offer already on DEFAULT
2026-08-18T07:30:51+00:00,DE,NEW-ZEALAND-20GB-30D,B0FRB1TWT8,fbm0,ALREADY_OFF,offer already on DEFAULT
2026-08-18T07:30:53+00:00,DE,NICARAGUA-3GB-15D,B0FRB33MPG,fbm0,ALREADY_OFF,offer already on DEFAULT
2026-08-18T07:30:54+00:00,DE,NIGER-3GB-15D,B0FR9NPT1H,fbm0,ALREADY_OFF,offer already on DEFAULT
2026-08-18T07:30:55+00:00,DE,NIGERIA-3GB-15D,B0FR9X17QY,fbm0,ALREADY_OFF,offer already on DEFAULT
2026-08-18T07:30:56+00:00,DE,NORTH-AMERICA-5GB-30D,B0FRBDQ8H5,fbm0,ALREADY_OFF,offer already on DEFAULT
2026-08-18T07:30:58+00:00,DE,NORTH-MACEDONIA-3GB-15D,B0FRB59DJS,fbm0,ALREADY_OFF,offer already on DEFAULT
2026-08-18T07:30:59+00:00,DE,NORTH-MACEDONIA-5GB-30D,B0FR9WNHHX,fbm0,ALREADY_OFF,offer already on DEFAULT
2026-08-18T07:31:01+00:00,DE,NORWAY-3GB-15D,B0FR9WNK2H,fbm0,ALREADY_OFF,offer already on DEFAULT
2026-08-18T07:31:02+00:00,DE,NORWAY-5GB-30D,B0FRBNPZ9D,fbm0,ALREADY_OFF,offer already on DEFAULT
2026-08-18T07:31:03+00:00,DE,NORWAY-20GB-30D,B0FRB572L8,fbm0,ALREADY_OFF,offer already on DEFAULT
2026-08-18T07:31:04+00:00,DE,OMAN-3GB-15D,B0FRB4BL4W,fbm0,ALREADY_OFF,offer already on DEFAULT
2026-08-18T07:31:06+00:00,DE,OMAN-20GB-30D,B0FRB4R3FK,fbm0,ALREADY_OFF,offer already on DEFAULT
2026-08-18T07:31:07+00:00,DE,PAKISTAN-3GB-15D,B0FRB4HL3B,fbm0,ALREADY_OFF,offer already on DEFAULT
2026-08-18T07:31:08+00:00,DE,PAKISTAN-5GB-30D,B0FRB48QKZ,fbm0,ALREADY_OFF,offer already on DEFAULT
2026-08-18T07:31:10+00:00,DE,PAKISTAN-20GB-30D,B0FRB691X8,fbm0,ALREADY_OFF,offer already on DEFAULT
2026-08-18T07:31:11+00:00,DE,PANAMA-3GB-15D,B0FRB3VFW6,fbm0,ALREADY_OFF,offer already on DEFAULT
2026-08-18T07:31:12+00:00,DE,PARAGUAY-3GB-15D,B0FRB3V7CS,fbm0,ALREADY_OFF,offer already on DEFAULT
2026-08-18T07:31:13+00:00,DE,PHILIPPINES-3GB-15D,B0FRB1GVXK,fbm0,ALREADY_OFF,offer already on DEFAULT
2026-08-18T07:31:15+00:00,DE,PHILIPPINES-5GB-30D,B0FRB4VCKG,fbm0,ALREADY_OFF,offer already on DEFAULT
2026-08-18T07:31:16+00:00,DE,PHILIPPINES-20GB-30D,B0FRB4K2D4,fbm0,ALREADY_OFF,offer already on DEFAULT
2026-08-18T07:31:17+00:00,DE,POLAND-3GB-15D,B0FRB4JVKR,fbm0,ALREADY_OFF,offer already on DEFAULT
2026-08-18T07:31:19+00:00,DE,POLAND-5GB-30D,B0FRBDPQ9J,fbm0,ALREADY_OFF,offer already on DEFAULT
2026-08-18T07:31:20+00:00,DE,POLAND-20GB-30D,B0FRB5HSK7,fbm0,ALREADY_OFF,offer already on DEFAULT
2026-08-18T07:31:21+00:00,DE,PORTUGAL-3GB-15D,B0FRB4314T,fbm0,ALREADY_OFF,offer already on DEFAULT
2026-08-18T07:31:22+00:00,DE,PORTUGAL-5GB-30D,B0FRB4X799,fbm0,ALREADY_OFF,offer already on DEFAULT
2026-08-18T07:31:23+00:00,DE,PORTUGAL-20GB-30D,B0FRB354KV,fbm0,ALREADY_OFF,offer already on DEFAULT
2026-08-18T07:31:25+00:00,DE,PUERTO-RICO-3GB-15D,B0FRB5MSF1,fbm0,ALREADY_OFF,offer already on DEFAULT
2026-08-18T07:31:26+00:00,DE,PUERTO-RICO-5GB-30D,B0FR9WMX9V,fbm0,ALREADY_OFF,offer already on DEFAULT
2026-08-18T07:31:27+00:00,DE,QATAR-3GB-15D,B0FR9NXH43,fbm0,ALREADY_OFF,offer already on DEFAULT
2026-08-18T07:31:29+00:00,DE,QATAR-5GB-30D,B0FR9X5KB1,fbm0,ALREADY_OFF,offer already on DEFAULT
2026-08-18T07:31:30+00:00,DE,QATAR-20GB-30D,B0FR9X3QGM,fbm0,ALREADY_OFF,offer already on DEFAULT
2026-08-18T07:31:31+00:00,DE,REUNION-3GB-15D,B0FRB3KCNQ,fbm0,ALREADY_OFF,offer already on DEFAULT
2026-08-18T07:31:32+00:00,DE,REUNION-5GB-30D,B0FRB47TQW,fbm0,ALREADY_OFF,offer already on DEFAULT
2026-08-18T07:31:34+00:00,DE,SAUDI-ARABIA-3GB-15D,B0FRB3N2KL,fbm0,ALREADY_OFF,offer already on DEFAULT
2026-08-18T07:31:35+00:00,DE,SAUDI-ARABIA-5GB-30D,B0FRB1SRZY,fbm0,ALREADY_OFF,offer already on DEFAULT
2026-08-18T07:31:36+00:00,DE,SAUDI-ARABIA-20GB-30D,B0FRB5PZTS,fbm0,ALREADY_OFF,offer already on DEFAULT
2026-08-18T07:31:38+00:00,DE,SENEGAL-3GB-15D,B0FRB4HX92,fbm0,ALREADY_OFF,offer already on DEFAULT
2026-08-18T07:31:39+00:00,DE,SENEGAL-5GB-30D,B0FRB68H77,fbm0,ALREADY_OFF,offer already on DEFAULT
2026-08-18T07:31:40+00:00,DE,SERBIA-3GB-15D,B0FRB5TJV2,fbm0,ALREADY_OFF,offer already on DEFAULT
2026-08-18T07:31:41+00:00,DE,SERBIA-20GB-30D,B0FRB5K8JC,fbm0,ALREADY_OFF,offer already on DEFAULT
2026-08-18T07:31:42+00:00,DE,SEYCHELLES-3GB-15D,B0FRB55T3H,fbm0,ALREADY_OFF,offer already on DEFAULT
2026-08-18T07:31:44+00:00,DE,SEYCHELLES-5GB-30D,B0FR9P7N6M,fbm0,ALREADY_OFF,offer already on DEFAULT
2026-08-18T07:31:45+00:00,DE,SINGAPORE-5GB-30D,B0FR9X3Y3R,fbm0,ALREADY_OFF,offer already on DEFAULT
2026-08-18T07:31:46+00:00,DE,SINGAPORE-20GB-30D,B0FRB256K8,fbm0,ALREADY_OFF,offer already on DEFAULT
2026-08-18T07:31:47+00:00,DE,SLOVAKIA-3GB-15D,B0FR9XC4BW,fbm0,ALREADY_OFF,offer already on DEFAULT
2026-08-18T07:31:49+00:00,DE,SLOVAKIA-5GB-30D,B0FRB2X84M,fbm0,ALREADY_OFF,offer already on DEFAULT
2026-08-18T07:31:50+00:00,DE,SLOVAKIA-20GB-30D,B0FRB14YYC,fbm0,ALREADY_OFF,offer already on DEFAULT
2026-08-18T07:31:51+00:00,DE,SLOVENIA-3GB-15D,B0FR9XCF27,fbm0,ALREADY_OFF,offer already on DEFAULT
2026-08-18T07:31:52+00:00,DE,SLOVENIA-5GB-30D,B0FRB3SJMR,fbm0,ALREADY_OFF,offer already on DEFAULT
2026-08-18T07:31:54+00:00,DE,SLOVENIA-20GB-30D,B0FR9X15V2,fbm0,ALREADY_OFF,offer already on DEFAULT
2026-08-18T07:31:55+00:00,DE,SOUTH-AFRICA-5GB-30D,B0FRB3R6F3,fbm0,ALREADY_OFF,offer already on DEFAULT
2026-08-18T07:31:57+00:00,DE,SOUTH-AMERICA-5GB-30D,B0FRB8D7HC,fbm0,ALREADY_OFF,offer already on DEFAULT
2026-08-18T07:31:58+00:00,DE,SOUTH-KOREA-3GB-15D,B0FRC4RTDF,fbm0,ALREADY_OFF,offer already on DEFAULT
2026-08-18T07:31:59+00:00,DE,SOUTH-KOREA-5GB-30D,B0FRD9LC4C,fbm0,ALREADY_OFF,offer already on DEFAULT
2026-08-18T07:32:00+00:00,DE,SOUTH-KOREA-20GB-30D,B0FRC4P51Z,fbm0,ALREADY_OFF,offer already on DEFAULT
2026-08-18T07:32:01+00:00,DE,SPAIN-3GB-15D,B0FRCDHTZ7,fbm0,ALREADY_OFF,offer already on DEFAULT
2026-08-18T07:32:03+00:00,DE,SPAIN-5GB-30D,B0FRBQCLZN,fbm0,ALREADY_OFF,offer already on DEFAULT
2026-08-18T07:32:04+00:00,DE,SPAIN-20GB-30D,B0FRCMPGPL,fbm0,ALREADY_OFF,offer already on DEFAULT
2026-08-18T07:32:05+00:00,DE,SRI-LANKA-3GB-15D,B0FRB7Z1NW,fbm0,ALREADY_OFF,offer already on DEFAULT
2026-08-18T07:32:07+00:00,DE,SRI-LANKA-5GB-30D,B0FRB64B8M,fbm0,ALREADY_OFF,offer already on DEFAULT
2026-08-18T07:32:08+00:00,DE,SRI-LANKA-20GB-30D,B0FRC2DZN5,fbm0,ALREADY_OFF,offer already on DEFAULT
2026-08-18T07:32:09+00:00,DE,SUDAN-3GB-15D,B0FRCKTXNQ,fbm0,ALREADY_OFF,offer already on DEFAULT
2026-08-18T07:32:10+00:00,DE,SUDAN-5GB-30D,B0FRC799N3,fbm0,ALREADY_OFF,offer already on DEFAULT
2026-08-18T07:32:11+00:00,DE,SWEDEN-3GB-15D,B0FRCC6W9S,fbm0,ALREADY_OFF,offer already on DEFAULT
2026-08-18T07:32:13+00:00,DE,SWEDEN-5GB-30D,B0FRCS524D,fbm0,ALREADY_OFF,offer already on DEFAULT
2026-08-18T07:32:14+00:00,DE,SWEDEN-20GB-30D,B0FRB7X5SP,fbm0,ALREADY_OFF,offer already on DEFAULT
2026-08-18T07:32:15+00:00,DE,SWITZERLAND-3GB-15D,B0FRB5LFVC,fbm0,ALREADY_OFF,offer already on DEFAULT
2026-08-18T07:32:16+00:00,DE,SWITZERLAND-5GB-30D,B0FRB7G4VW,fbm0,ALREADY_OFF,offer already on DEFAULT
2026-08-18T07:32:17+00:00,DE,SWITZERLAND-20GB-30D,B0FRB6VY7S,fbm0,ALREADY_OFF,offer already on DEFAULT
2026-08-18T07:32:19+00:00,DE,TANZANIA-3GB-15D,B0FRC81NPJ,fbm0,ALREADY_OFF,offer already on DEFAULT
2026-08-18T07:32:20+00:00,DE,THAILAND-3GB-15D,B0FRCDPJSH,fbm0,ALREADY_OFF,offer already on DEFAULT
2026-08-18T07:32:21+00:00,DE,THAILAND-5GB-30D,B0FR9Q5D1J,fbm0,ALREADY_OFF,offer already on DEFAULT
2026-08-18T07:32:22+00:00,DE,THAILAND-20GB-30D,B0FRCHW3MW,fbm0,ALREADY_OFF,offer already on DEFAULT
2026-08-18T07:32:23+00:00,DE,TUNISIA-5GB-30D,B0FRB7Q96Z,fbm0,ALREADY_OFF,offer already on DEFAULT
2026-08-18T07:32:25+00:00,DE,TURKEY-3GB-15D,B0FRC2PSHM,fbm0,ALREADY_OFF,offer already on DEFAULT
2026-08-18T07:32:26+00:00,DE,TURKEY-5GB-30D,B0FRCBZ1BB,fbm0,ALREADY_OFF,offer already on DEFAULT
2026-08-18T07:32:27+00:00,DE,TURKEY-20GB-30D,B0FRCYMWCX,fbm0,ALREADY_OFF,offer already on DEFAULT
2026-08-18T07:32:28+00:00,DE,UGANDA-3GB-15D,B0FRB7F7Z9,fbm0,ALREADY_OFF,offer already on DEFAULT
2026-08-18T07:32:29+00:00,DE,UKRAINE-3GB-15D,B0FRB9SBFR,fbm0,ALREADY_OFF,offer already on DEFAULT
2026-08-18T07:32:31+00:00,DE,UKRAINE-5GB-30D,B0FRC2NRKG,fbm0,ALREADY_OFF,offer already on DEFAULT
2026-08-18T07:32:32+00:00,DE,UNITED-ARAB-EMIRATES-3GB-15D,B0FRBBYBGH,fbm0,ALREADY_OFF,offer already on DEFAULT
2026-08-18T07:32:33+00:00,DE,UNITED-ARAB-EMIRATES-5GB-30D,B0FRB89XHX,fbm0,ALREADY_OFF,offer already on DEFAULT
2026-08-18T07:32:34+00:00,DE,UNITED-ARAB-EMIRATES-20GB-30D,B0FRB7TFJR,fbm0,ALREADY_OFF,offer already on DEFAULT
2026-08-18T07:32:36+00:00,DE,UNITED-KINGDOM-3GB-15D,B0FRCPD8TS,fbm0,ALREADY_OFF,offer already on DEFAULT
2026-08-18T07:32:37+00:00,DE,UNITED-KINGDOM-5GB-30D,B0FRDDRGJF,fbm0,ALREADY_OFF,offer already on DEFAULT
2026-08-18T07:32:38+00:00,DE,UNITED-KINGDOM-20GB-30D,B0FRDGCBTN,fbm0,ALREADY_OFF,offer already on DEFAULT
2026-08-18T07:32:39+00:00,DE,UNITED-STATES-3GB-15D,B0FRCFXK3V,fbm0,ALREADY_OFF,offer already on DEFAULT
2026-08-18T07:32:41+00:00,DE,UNITED-STATES-5GB-30D,B0FRC2PQ8H,fbm0,ALREADY_OFF,offer already on DEFAULT
2026-08-18T07:32:42+00:00,DE,URUGUAY-3GB-15D,B0FRB7LHGN,fbm0,ALREADY_OFF,offer already on DEFAULT
2026-08-18T07:32:43+00:00,DE,UZBEKISTAN-5GB-30D,B0FRBWFZ6M,fbm0,ALREADY_OFF,offer already on DEFAULT
2026-08-18T07:32:44+00:00,DE,VIETNAM-3GB-15D,B0FRBR2DHW,fbm0,ALREADY_OFF,offer already on DEFAULT
2026-08-18T07:32:46+00:00,DE,VIETNAM-5GB-30D,B0FRCBXRGV,fbm0,ALREADY_OFF,offer already on DEFAULT
2026-08-18T07:32:47+00:00,DE,VIETNAM-20GB-30D,B0FRC2NKC4,fbm0,ALREADY_OFF,offer already on DEFAULT
2026-08-18T07:32:48+00:00,DE,ZAMBIA-5GB-30D,B0FRCL97L4,fbm0,ALREADY_OFF,offer already on DEFAULT
2026-08-18T07:32:49+00:00,DE,GAMBIA-3GB-15D,B0H2FTMBBQ,fbm0,ALREADY_OFF,offer already on DEFAULT
2026-08-18T07:32:51+00:00,DE,GAMBIA-5GB-30D,B0H2FQ3QJ9,fbm0,ALREADY_OFF,offer already on DEFAULT
2026-08-18T07:32:52+00:00,DE,MAURITIUS-5GB-30D,B0H2G2XMS3,fbm0,ALREADY_OFF,offer already on DEFAULT
2026-08-18T07:32:53+00:00,DE,AE_20_30,B0FRB7TFJR,fbm0,ALREADY_OFF,offer already on DEFAULT
2026-08-18T07:32:55+00:00,DE,AE_3_15,B0FRBBYBGH,fbm0,ALREADY_OFF,offer already on DEFAULT
2026-08-18T07:32:56+00:00,DE,AE_5_30,B0FRB89XHX,fbm0,ALREADY_OFF,offer already on DEFAULT
2026-08-18T07:32:58+00:00,DE,AF-29_5_30,B0FR3GK9Z7,fbm0,ALREADY_OFF,offer already on DEFAULT
2026-08-18T07:32:59+00:00,DE,AL_5_30,B0FR4ZG3Z6,fbm0,ALREADY_OFF,offer already on DEFAULT
2026-08-18T07:33:00+00:00,DE,AM_20_30,B0FR4ZT5XT,fbm0,ALREADY_OFF,offer already on DEFAULT
2026-08-18T07:33:01+00:00,DE,AM_3_15,B0FR5BK9R4,fbm0,ALREADY_OFF,offer already on DEFAULT
2026-08-18T07:33:03+00:00,DE,AR_20_30,B0FR5DCH33,fbm0,ALREADY_OFF,offer already on DEFAULT
2026-08-18T07:33:04+00:00,DE,AR_3_15,B0FR554SXN,fbm0,ALREADY_OFF,offer already on DEFAULT
2026-08-18T07:33:05+00:00,DE,AS-20_3_15,B0FR9FZ4RF,fbm0,ALREADY_OFF,offer already on DEFAULT
2026-08-18T07:33:06+00:00,DE,AS-20_5_30,B0FR9BQNSV,fbm0,ALREADY_OFF,offer already on DEFAULT
2026-08-18T07:33:07+00:00,DE,AT_20_30,B0FR8XBSBP,fbm0,ALREADY_OFF,offer already on DEFAULT
2026-08-18T07:33:08+00:00,DE,AT_3_15,B0FR9QSMSP,fbm0,ALREADY_OFF,offer already on DEFAULT
2026-08-18T07:33:09+00:00,DE,AT_5_30,B0FR8XCH78,fbm0,ALREADY_OFF,offer already on DEFAULT
2026-08-18T07:33:11+00:00,DE,AU_20_30,B0FR9G1ZQJ,fbm0,ALREADY_OFF,offer already on DEFAULT
2026-08-18T07:33:12+00:00,DE,AU_3_15,B0FR9SKY4D,fbm0,ALREADY_OFF,offer already on DEFAULT
2026-08-18T07:33:13+00:00,DE,AU_5_30,B0FR9JRB62,fbm0,ALREADY_OFF,offer already on DEFAULT
2026-08-18T07:33:15+00:00,DE,AX_20_30,B0FR39Q1KJ,fbm0,ALREADY_OFF,offer already on DEFAULT
2026-08-18T07:33:16+00:00,DE,AX_3_15,B0FR3CCSMB,fbm0,ALREADY_OFF,offer already on DEFAULT
2026-08-18T07:33:17+00:00,DE,AX_5_30,B0FR3G6JWB,fbm0,ALREADY_OFF,offer already on DEFAULT
2026-08-18T07:33:18+00:00,DE,AZ_3_15,B0FR9BTC98,fbm0,ALREADY_OFF,offer already on DEFAULT
2026-08-18T07:33:20+00:00,DE,BA_3_15,B0FR9G8ZVK,fbm0,ALREADY_OFF,offer already on DEFAULT
2026-08-18T07:33:21+00:00,DE,BD_20_30,B0FR8FJ3HJ,fbm0,ALREADY_OFF,offer already on DEFAULT
2026-08-18T07:33:22+00:00,DE,BD_3_15,B0FR9L7SG3,fbm0,ALREADY_OFF,offer already on DEFAULT
2026-08-18T07:33:24+00:00,DE,BD_5_30,B0FR9BQFCM,fbm0,ALREADY_OFF,offer already on DEFAULT
2026-08-18T07:33:25+00:00,DE,BE_20_30,B0FR9BVRCH,fbm0,ALREADY_OFF,offer already on DEFAULT
2026-08-18T07:33:26+00:00,DE,BE_3_15,B0FR9G432K,fbm0,ALREADY_OFF,offer already on DEFAULT
2026-08-18T07:33:28+00:00,DE,BE_5_30,B0FR9SXCW6,fbm0,ALREADY_OFF,offer already on DEFAULT
2026-08-18T07:33:29+00:00,DE,BF_3_15,B0FR9HWFSK,fbm0,ALREADY_OFF,offer already on DEFAULT
2026-08-18T07:33:31+00:00,DE,BF_5_30,B0FR9BWKSY,fbm0,ALREADY_OFF,offer already on DEFAULT
2026-08-18T07:33:32+00:00,DE,BH_3_15,B0FR9K64KF,fbm0,ALREADY_OFF,offer already on DEFAULT
2026-08-18T07:33:33+00:00,DE,BN_20_30,B0FR9F971C,fbm0,ALREADY_OFF,offer already on DEFAULT
2026-08-18T07:33:35+00:00,DE,BN_3_15,B0FR9KTJND,fbm0,ALREADY_OFF,offer already on DEFAULT
2026-08-18T07:33:36+00:00,DE,BO_20_30,B0FR9RH588,fbm0,ALREADY_OFF,offer already on DEFAULT
2026-08-18T07:33:37+00:00,DE,BO_3_15,B0FR8FKPKH,fbm0,ALREADY_OFF,offer already on DEFAULT
2026-08-18T07:33:39+00:00,DE,BR_20_30,B0FR9KLZCR,fbm0,ALREADY_OFF,offer already on DEFAULT
2026-08-18T07:33:40+00:00,DE,BR_3_15,B0FR9G5LKV,fbm0,ALREADY_OFF,offer already on DEFAULT
2026-08-18T07:33:42+00:00,DE,BW_3_15,B0FR9G7N2Q,fbm0,ALREADY_OFF,offer already on DEFAULT
2026-08-18T07:33:43+00:00,DE,BY_3_15,B0FR9G3Z82,fbm0,ALREADY_OFF,offer already on DEFAULT
2026-08-18T07:33:45+00:00,DE,BY_5_30,B0FR8FFT4D,fbm0,ALREADY_OFF,offer already on DEFAULT
2026-08-18T07:33:46+00:00,DE,CF_3_15,B0FR9RK8FP,fbm0,ALREADY_OFF,offer already on DEFAULT
2026-08-18T07:33:47+00:00,DE,CF_5_30,B0FR9R3NMC,fbm0,ALREADY_OFF,offer already on DEFAULT
2026-08-18T07:33:49+00:00,DE,CH_20_30,B0FRB6VY7S,fbm0,ALREADY_OFF,offer already on DEFAULT
2026-08-18T07:33:51+00:00,DE,CH_3_15,B0FRB5LFVC,fbm0,ALREADY_OFF,offer already on DEFAULT
2026-08-18T07:33:52+00:00,DE,CH_5_30,B0FRB7G4VW,fbm0,ALREADY_OFF,offer already on DEFAULT
2026-08-18T07:33:54+00:00,DE,CI_3_15,B0FR9HW9DJ,fbm0,ALREADY_OFF,offer already on DEFAULT
2026-08-18T07:33:55+00:00,DE,CI_5_30,B0FR9V5LYJ,fbm0,ALREADY_OFF,offer already on DEFAULT
2026-08-18T07:33:57+00:00,DE,CL_3_15,B0FR9RY1RT,fbm0,ALREADY_OFF,offer already on DEFAULT
2026-08-18T07:33:58+00:00,DE,CM_3_15,B0FR9VJ1ZB,fbm0,ALREADY_OFF,offer already on DEFAULT
2026-08-18T07:33:59+00:00,DE,CN_20_30,B0FR9GD6X9,fbm0,ALREADY_OFF,offer already on DEFAULT
2026-08-18T07:34:01+00:00,DE,CN_3_15,B0FR9QZ578,fbm0,ALREADY_OFF,offer already on DEFAULT
2026-08-18T07:34:02+00:00,DE,CN_5_30,B0FR9HX7XH,fbm0,ALREADY_OFF,offer already on DEFAULT
2026-08-18T07:34:04+00:00,DE,CO_3_15,B0FR9RL8W5,fbm0,ALREADY_OFF,offer already on DEFAULT
2026-08-18T07:34:06+00:00,DE,CR_3_15,B0FR9LNRMN,fbm0,ALREADY_OFF,offer already on DEFAULT
2026-08-18T07:34:07+00:00,DE,CY_3_15,B0FR8XJWWG,fbm0,ALREADY_OFF,offer already on DEFAULT
2026-08-18T07:34:09+00:00,DE,CY_5_30,B0FR8XHWZV,fbm0,ALREADY_OFF,offer already on DEFAULT
2026-08-18T07:34:10+00:00,DE,CZ_20_30,B0FR9SVN9H,fbm0,ALREADY_OFF,offer already on DEFAULT
2026-08-18T07:34:12+00:00,DE,CZ_5_30,B0FR9BY2LF,fbm0,ALREADY_OFF,offer already on DEFAULT
2026-08-18T07:34:13+00:00,DE,DE_20_30,B0GSZP9H94,fbm0,ALREADY_OFF,offer already on DEFAULT
2026-08-18T07:34:15+00:00,DE,DE_3_15,B0GSZBMLKV,fbm0,ALREADY_OFF,offer already on DEFAULT
2026-08-18T07:34:16+00:00,DE,DE_5_30,B0GSZDYWLZ,fbm0,ALREADY_OFF,offer already on DEFAULT
2026-08-18T07:34:17+00:00,DE,DK_20_30,B0FR9QPF45,fbm0,ALREADY_OFF,offer already on DEFAULT
2026-08-18T07:34:19+00:00,DE,DK_3_15,B0FR9GSNP4,fbm0,ALREADY_OFF,offer already on DEFAULT
2026-08-18T07:34:20+00:00,DE,DK_5_30,B0FR8XQYR4,fbm0,ALREADY_OFF,offer already on DEFAULT
2026-08-18T07:34:22+00:00,DE,DO_20_30,B0FR9C6DJF,fbm0,ALREADY_OFF,offer already on DEFAULT
2026-08-18T07:34:23+00:00,DE,DO_3_15,B0FR9GSKZF,fbm0,ALREADY_OFF,offer already on DEFAULT
2026-08-18T07:34:26+00:00,DE,DO_5_30,B0FR9GQKCM,fbm0,ALREADY_OFF,offer already on DEFAULT
2026-08-18T07:34:27+00:00,DE,EC_3_15,B0FR9RM6MP,fbm0,ALREADY_OFF,offer already on DEFAULT
2026-08-18T07:34:29+00:00,DE,EE_20_30,B0FR9L527N,fbm0,ALREADY_OFF,offer already on DEFAULT
2026-08-18T07:34:30+00:00,DE,EE_3_15,B0FR9GST1S,fbm0,ALREADY_OFF,offer already on DEFAULT
2026-08-18T07:34:31+00:00,DE,EE_5_30,B0FR9GQYKB,fbm0,ALREADY_OFF,offer already on DEFAULT
2026-08-18T07:34:33+00:00,DE,EG_20_30,B0FR9GQBGL,fbm0,ALREADY_OFF,offer already on DEFAULT
2026-08-18T07:34:34+00:00,DE,EG_3_15,B0FR9C784N,fbm0,ALREADY_OFF,offer already on DEFAULT
2026-08-18T07:34:35+00:00,DE,EG_5_30,B0FR9LR5KJ,fbm0,ALREADY_OFF,offer already on DEFAULT
2026-08-18T07:34:37+00:00,DE,ES_20_30,B0FRCMPGPL,fbm0,ALREADY_OFF,offer already on DEFAULT
2026-08-18T07:34:38+00:00,DE,ES_3_15,B0FRCDHTZ7,fbm0,ALREADY_OFF,offer already on DEFAULT
2026-08-18T07:34:39+00:00,DE,ES_5_30,B0FRBQCLZN,fbm0,ALREADY_OFF,offer already on DEFAULT
2026-08-18T07:34:40+00:00,DE,EU-42_20_30,B0FR9TNPV3,fbm0,ALREADY_OFF,offer already on DEFAULT
2026-08-18T07:34:42+00:00,DE,EU-42_5_30,B0FR9RYSSS,fbm0,ALREADY_OFF,offer already on DEFAULT
2026-08-18T07:34:43+00:00,DE,FI_3_15,B0FR9GSND6,fbm0,ALREADY_OFF,offer already on DEFAULT
2026-08-18T07:34:44+00:00,DE,FI_5_30,B0FR9SB3BJ,fbm0,ALREADY_OFF,offer already on DEFAULT
2026-08-18T07:34:45+00:00,DE,FR_20_30,B0FR9GPMC5,fbm0,ALREADY_OFF,offer already on DEFAULT
2026-08-18T07:34:47+00:00,DE,FR_3_15,B0FR9C5ZB6,fbm0,ALREADY_OFF,offer already on DEFAULT
2026-08-18T07:34:48+00:00,DE,FR_5_30,B0FR9LMDW5,fbm0,ALREADY_OFF,offer already on DEFAULT
2026-08-18T07:34:49+00:00,DE,GA_3_15,B0FR9GPX9T,fbm0,ALREADY_OFF,offer already on DEFAULT
2026-08-18T07:34:51+00:00,DE,GB_20_30,B0FRDGCBTN,fbm0,ALREADY_OFF,offer already on DEFAULT
2026-08-18T07:34:52+00:00,DE,GB_3_15,B0FRCPD8TS,fbm0,ALREADY_OFF,offer already on DEFAULT
2026-08-18T07:34:53+00:00,DE,GB_5_30,B0FRDDRGJF,fbm0,ALREADY_OFF,offer already on DEFAULT
2026-08-18T07:34:55+00:00,DE,GE_20_30,B0FR9C73NK,fbm0,ALREADY_OFF,offer already on DEFAULT
2026-08-18T07:34:56+00:00,DE,GE_3_15,B0FR9KMX2N,fbm0,ALREADY_OFF,offer already on DEFAULT
2026-08-18T07:34:57+00:00,DE,GG_20_30,B0FR9LYWWY,fbm0,ALREADY_OFF,offer already on DEFAULT
2026-08-18T07:34:59+00:00,DE,GG_3_15,B0FR9SMWDN,fbm0,ALREADY_OFF,offer already on DEFAULT
2026-08-18T07:35:00+00:00,DE,GG_5_30,B0FR9C5PXR,fbm0,ALREADY_OFF,offer already on DEFAULT
2026-08-18T07:35:01+00:00,DE,GI_3_15,B0FR8XSPMC,fbm0,ALREADY_OFF,offer already on DEFAULT
2026-08-18T07:35:03+00:00,DE,GL-139_5_30,B0FR9VNTLY,fbm0,ALREADY_OFF,offer already on DEFAULT
2026-08-18T07:35:04+00:00,DE,GP_20_30,B0FR8XTBF6,fbm0,ALREADY_OFF,offer already on DEFAULT
2026-08-18T07:35:05+00:00,DE,GP_3_15,B0FR9TMVWK,fbm0,ALREADY_OFF,offer already on DEFAULT
2026-08-18T07:35:06+00:00,DE,GR_20_30,B0FR9KJGBG,fbm0,ALREADY_OFF,offer already on DEFAULT
2026-08-18T07:35:08+00:00,DE,GR_3_15,B0FR9L85F6,fbm0,ALREADY_OFF,offer already on DEFAULT
2026-08-18T07:35:09+00:00,DE,GR_5_30,B0FR9C7SMF,fbm0,ALREADY_OFF,offer already on DEFAULT
2026-08-18T07:35:10+00:00,DE,GT_3_15,B0FR9VC6VD,fbm0,ALREADY_OFF,offer already on DEFAULT
2026-08-18T07:35:11+00:00,DE,GU_20_30,B0FR9C7MGP,fbm0,ALREADY_OFF,offer already on DEFAULT
2026-08-18T07:35:13+00:00,DE,GU_3_15,B0FR9GVSSF,fbm0,ALREADY_OFF,offer already on DEFAULT
2026-08-18T07:35:14+00:00,DE,GU_5_30,B0FR9SVP8Y,fbm0,ALREADY_OFF,offer already on DEFAULT
2026-08-18T07:35:16+00:00,DE,HK_20_30,B0FR9GXZ6F,fbm0,ALREADY_OFF,offer already on DEFAULT
2026-08-18T07:35:18+00:00,DE,HK_3_15,B0FR9CC6Q8,fbm0,ALREADY_OFF,offer already on DEFAULT
2026-08-18T07:35:19+00:00,DE,HK_5_30,B0FR9GXYYL,fbm0,ALREADY_OFF,offer already on DEFAULT
2026-08-18T07:35:21+00:00,DE,HN_3_15,B0FR9ZYV5G,fbm0,ALREADY_OFF,offer already on DEFAULT
2026-08-18T07:35:22+00:00,DE,HR_20_30,B0FR9TYCSL,fbm0,ALREADY_OFF,offer already on DEFAULT
2026-08-18T07:35:23+00:00,DE,HR_3_15,B0FR9GDKT1,fbm0,ALREADY_OFF,offer already on DEFAULT
2026-08-18T07:35:27+00:00,DE,HR_5_30,B0FR9BVV58,fbm0,ALREADY_OFF,offer already on DEFAULT
2026-08-18T07:35:29+00:00,DE,HU_20_30,B0FR9ZVYYQ,fbm0,ALREADY_OFF,offer already on DEFAULT
2026-08-18T07:35:30+00:00,DE,HU_3_15,B0FR9C9JVW,fbm0,ALREADY_OFF,offer already on DEFAULT
2026-08-18T07:35:31+00:00,DE,HU_5_30,B0FR9GY3R5,fbm0,ALREADY_OFF,offer already on DEFAULT
2026-08-18T07:35:33+00:00,DE,ID_20_30,B0FR9QXRDQ,fbm0,ALREADY_OFF,offer already on DEFAULT
2026-08-18T07:35:34+00:00,DE,ID_3_15,B0FR9T6QPZ,fbm0,ALREADY_OFF,offer already on DEFAULT
2026-08-18T07:35:35+00:00,DE,ID_5_30,B0FR8XW5DR,fbm0,ALREADY_OFF,offer already on DEFAULT
2026-08-18T07:35:37+00:00,DE,IE_20_30,B0FR9SZG2Z,fbm0,ALREADY_OFF,offer already on DEFAULT
2026-08-18T07:35:38+00:00,DE,IE_3_15,B0FR8XV57F,fbm0,ALREADY_OFF,offer already on DEFAULT
2026-08-18T07:35:39+00:00,DE,IE_5_30,B0FR9GYKQL,fbm0,ALREADY_OFF,offer already on DEFAULT
2026-08-18T07:35:44+00:00,DE,IL_20_30,B0FR9K8SQ1,fbm0,ALREADY_OFF,offer already on DEFAULT
2026-08-18T07:35:46+00:00,DE,IL_3_15,B0FR9M11H1,fbm0,ALREADY_OFF,offer already on DEFAULT
2026-08-18T07:35:47+00:00,DE,IL_5_30,B0FR8XVZZM,fbm0,ALREADY_OFF,offer already on DEFAULT
2026-08-18T07:35:49+00:00,DE,IM_20_30,B0FR9CB5LK,fbm0,ALREADY_OFF,offer already on DEFAULT
2026-08-18T07:35:51+00:00,DE,IM_3_15,B0FR9LZ7RL,fbm0,ALREADY_OFF,offer already on DEFAULT
2026-08-18T07:36:10+00:00,DE,IM_5_30,B0FR9M27XY,fbm0,ALREADY_OFF,offer already on DEFAULT
2026-08-18T07:36:11+00:00,DE,IN_20_30,B0FR9DYMHX,fbm0,ALREADY_OFF,offer already on DEFAULT
2026-08-18T07:36:13+00:00,DE,IN_3_15,B0FR9ZM116,fbm0,ALREADY_OFF,offer already on DEFAULT
2026-08-18T07:36:29+00:00,DE,IN_5_30,B0FR9GXWN9,fbm0,ALREADY_OFF,offer already on DEFAULT
2026-08-18T07:36:31+00:00,DE,IS_20_30,B0FR9GX6LF,fbm0,ALREADY_OFF,offer already on DEFAULT
2026-08-18T07:36:33+00:00,DE,IS_3_15,B0FR9TBBK1,fbm0,ALREADY_OFF,offer already on DEFAULT
2026-08-18T07:36:35+00:00,DE,IS_5_30,B0FR9ZWQBD,fbm0,ALREADY_OFF,offer already on DEFAULT
2026-08-18T07:36:38+00:00,DE,IT_20_30,B0FR9RNZV2,fbm0,ALREADY_OFF,offer already on DEFAULT
2026-08-18T07:36:39+00:00,DE,IT_3_15,B0FR9GXZ18,fbm0,ALREADY_OFF,offer already on DEFAULT
2026-08-18T07:36:43+00:00,DE,IT_5_30,B0FR9ZR2TH,fbm0,ALREADY_OFF,offer already on DEFAULT
2026-08-18T07:36:45+00:00,DE,JE_20_30,B0FR9CBQDH,fbm0,ALREADY_OFF,offer already on DEFAULT
2026-08-18T07:36:47+00:00,DE,JE_3_15,B0FR9GYMR5,fbm0,ALREADY_OFF,offer already on DEFAULT
2026-08-18T07:36:48+00:00,DE,JE_5_30,B0FR9M27GP,fbm0,ALREADY_OFF,offer already on DEFAULT
2026-08-18T07:36:50+00:00,DE,JO_20_30,B0FR9ST188,fbm0,ALREADY_OFF,offer already on DEFAULT
2026-08-18T07:36:52+00:00,DE,JO_3_15,B0FR9M144Z,fbm0,ALREADY_OFF,offer already on DEFAULT
2026-08-18T07:36:54+00:00,DE,JO_5_30,B0FR9ZTZNK,fbm0,ALREADY_OFF,offer already on DEFAULT
2026-08-18T07:36:55+00:00,DE,JP_20_30,B0FR9RZKRB,fbm0,ALREADY_OFF,offer already on DEFAULT
2026-08-18T07:36:56+00:00,DE,JP_3_15,B0FR9LVZVQ,fbm0,ALREADY_OFF,offer already on DEFAULT
2026-08-18T07:36:58+00:00,DE,JP_5_30,B0FR9TLXXH,fbm0,ALREADY_OFF,offer already on DEFAULT
2026-08-18T07:36:59+00:00,DE,KE_3_15,B0FR9GZ14G,fbm0,ALREADY_OFF,offer already on DEFAULT
2026-08-18T07:37:00+00:00,DE,KE_5_30,B0FR9T4DG6,fbm0,ALREADY_OFF,offer already on DEFAULT
2026-08-18T07:52:25+00:00,IE,HAJJ-LUX-10GB-30D,B0H3L75HDS,fbm0,ALREADY_OFF,offer already on DEFAULT
2026-08-18T07:52:26+00:00,IE,BULGARIA-3GB-15D,B0H6MCT4Y5,fbm0,ALREADY_OFF,offer already on DEFAULT
2026-08-18T07:52:29+00:00,IE,PERU-3GB-15D,B0H6M5WW3B,fbm0,DEACTIVATED,
2026-08-18T07:52:31+00:00,IE,PERU-20GB-30D,B0H6M8BLBD,fbm0,DEACTIVATED,
2026-08-18T07:52:32+00:00,IE,ALGERIA-3GB-15D,B0H6M9R3WH,fbm0,DEACTIVATED,
2026-08-18T07:52:34+00:00,IE,ALGERIA-5GB-30D,B0H6MDYKG8,fbm0,DEACTIVATED,
2026-08-18T07:52:36+00:00,IE,ALGERIA-20GB-30D,B0H6M5TDMD,fbm0,DEACTIVATED,
2026-08-18T07:52:37+00:00,IE,ANDORRA-3GB-15D,B0H6MBPRYN,fbm0,DEACTIVATED,
2026-08-18T07:52:39+00:00,IE,ANDORRA-5GB-30D,B0H6M5P65S,fbm0,DEACTIVATED,
2026-08-18T07:52:41+00:00,IE,ANDORRA-20GB-30D,B0H6MJ97WC,fbm0,DEACTIVATED,
2026-08-18T07:52:43+00:00,IE,ANGOLA-3GB-15D,B0H6M5RWZH,fbm0,DEACTIVATED,
2026-08-18T07:52:44+00:00,IE,ANGOLA-5GB-30D,B0H6MKZSB4,fbm0,DEACTIVATED,
2026-08-18T07:52:46+00:00,IE,ANGUILLA-3GB-15D,B0H6M7X7QY,fbm0,DEACTIVATED,
2026-08-18T07:52:48+00:00,IE,ANGUILLA-5GB-30D,B0H6MFJ63H,fbm0,DEACTIVATED,
2026-08-18T07:52:49+00:00,IE,ANGUILLA-20GB-30D,B0H6MHMZY8,fbm0,DEACTIVATED,
2026-08-18T07:52:51+00:00,IE,ANTIGUA-AND-BARBUDA-3GB-15D,B0H6MBBFLQ,fbm0,DEACTIVATED,
2026-08-18T07:52:53+00:00,IE,ANTIGUA-AND-BARBUDA-5GB-30D,B0H6MCR5F9,fbm0,DEACTIVATED,
2026-08-18T07:52:55+00:00,IE,ANTIGUA-AND-BARBUDA-20GB-30D,B0H6M2MQJB,fbm0,DEACTIVATED,
2026-08-18T07:52:56+00:00,IE,BAHAMAS-3GB-15D,B0H6MB828R,fbm0,DEACTIVATED,
2026-08-18T07:52:58+00:00,IE,BAHAMAS-5GB-30D,B0H6MFGH8P,fbm0,DEACTIVATED,
2026-08-18T07:53:00+00:00,IE,BAHAMAS-20GB-30D,B0H6MCPR9P,fbm0,DEACTIVATED,
2026-08-18T07:53:02+00:00,IE,BARBADOS-3GB-15D,B0H6MCD72X,fbm0,DEACTIVATED,
2026-08-18T07:53:03+00:00,IE,BARBADOS-5GB-30D,B0H6MG6VYJ,fbm0,DEACTIVATED,
2026-08-18T07:53:05+00:00,IE,BARBADOS-20GB-30D,B0H6MJ921X,fbm0,DEACTIVATED,
2026-08-18T07:53:07+00:00,IE,BELIZE-3GB-15D,B0H6MFPNTX,fbm0,DEACTIVATED,
2026-08-18T07:53:09+00:00,IE,BELIZE-5GB-30D,B0H6MF1H4V,fbm0,DEACTIVATED,
2026-08-18T07:53:10+00:00,IE,BELIZE-20GB-30D,B0H6MBSQM8,fbm0,ALREADY_OFF,offer already on DEFAULT
2026-08-18T07:53:12+00:00,IE,BENIN-3GB-15D,B0H6M9YHDR,fbm0,DEACTIVATED,
2026-08-18T07:53:13+00:00,IE,BENIN-5GB-30D,B0H6MHRNBH,fbm0,DEACTIVATED,
2026-08-18T07:53:15+00:00,IE,BENIN-20GB-30D,B0H6M7VGSZ,fbm0,ALREADY_OFF,offer already on DEFAULT
2026-08-18T07:53:16+00:00,IE,BERMUDA-3GB-15D,B0H6MDMTGH,fbm0,DEACTIVATED,
2026-08-18T07:53:18+00:00,IE,BERMUDA-5GB-30D,B0H6MFM5X4,fbm0,DEACTIVATED,
2026-08-18T07:53:20+00:00,IE,BERMUDA-20GB-30D,B0H6MCGQ77,fbm0,DEACTIVATED,
2026-08-18T07:53:22+00:00,IE,BHUTAN-3GB-15D,B0H6MJB588,fbm0,DEACTIVATED,
2026-08-18T07:53:23+00:00,IE,BHUTAN-5GB-30D,B0H6M9C23Q,fbm0,DEACTIVATED,
2026-08-18T07:53:25+00:00,IE,BHUTAN-20GB-30D,B0H6M5WDSH,fbm0,DEACTIVATED,
2026-08-18T07:53:27+00:00,IE,CAPE-VERDE-3GB-15D,B0H6M9R16H,fbm0,DEACTIVATED,
2026-08-18T07:53:28+00:00,IE,CAPE-VERDE-5GB-30D,B0H6MFG453,fbm0,DEACTIVATED,
2026-08-18T07:53:30+00:00,IE,CAPE-VERDE-20GB-30D,B0H6M9VSPG,fbm0,DEACTIVATED,
2026-08-18T07:53:32+00:00,IE,CAYMAN-ISLANDS-3GB-15D,B0H6MLHBD7,fbm0,ALREADY_OFF,offer already on DEFAULT
2026-08-18T07:53:33+00:00,IE,CAYMAN-ISLANDS-5GB-30D,B0H6M55MKK,fbm0,ALREADY_OFF,offer already on DEFAULT
2026-08-18T07:53:34+00:00,IE,CAYMAN-ISLANDS-20GB-30D,B0H6MGXYNS,fbm0,ALREADY_OFF,offer already on DEFAULT
2026-08-18T07:53:36+00:00,IE,CURACAO-3GB-15D,B0H6M81JPM,fbm0,DEACTIVATED,
2026-08-18T07:53:38+00:00,IE,CURACAO-5GB-30D,B0H6MGZLBC,fbm0,DEACTIVATED,
2026-08-18T07:53:40+00:00,IE,CURACAO-20GB-30D,B0H6MF51WH,fbm0,DEACTIVATED,
2026-08-18T07:53:41+00:00,IE,DEMOCRATIC-REPUBLIC-OF-THE-CONGO-3GB-15D,B0H6LZL22Y,fbm0,DEACTIVATED,
2026-08-18T07:53:43+00:00,IE,DEMOCRATIC-REPUBLIC-OF-THE-CONGO-5GB-30D,B0H6M6L8Z8,fbm0,DEACTIVATED,
2026-08-18T07:53:45+00:00,IE,DRC-20GB-30D,B0H6MZWFM7,fbm0,DEACTIVATED,
2026-08-18T07:53:47+00:00,IE,DOMINICA-3GB-15D,B0H6M9H54M,fbm0,DEACTIVATED,
2026-08-18T07:53:48+00:00,IE,DOMINICA-5GB-30D,B0H6M5HR32,fbm0,DEACTIVATED,
2026-08-18T07:53:50+00:00,IE,DOMINICA-20GB-30D,B0H6MK8XTJ,fbm0,DEACTIVATED,
2026-08-18T07:53:52+00:00,IE,FAROE-ISLANDS-3GB-15D,B0H6ML935Q,fbm0,DEACTIVATED,
2026-08-18T07:53:54+00:00,IE,FAROE-ISLANDS-5GB-30D,B0H6MF2TVH,fbm0,DEACTIVATED,
2026-08-18T07:53:56+00:00,IE,FAROE-ISLANDS-20GB-30D,B0H6MB82ZV,fbm0,DEACTIVATED,
2026-08-18T07:53:58+00:00,IE,FIJI-3GB-15D,B0H6MFLWYD,fbm0,DEACTIVATED,
2026-08-18T07:54:00+00:00,IE,FIJI-5GB-30D,B0H6MJ7GS6,fbm0,DEACTIVATED,
2026-08-18T07:54:01+00:00,IE,FIJI-20GB-30D,B0H6MGBL3N,fbm0,DEACTIVATED,
2026-08-18T07:54:03+00:00,IE,FRENCH-GUIANA-3GB-15D,B0H6MFD6Z3,fbm0,DEACTIVATED,
2026-08-18T07:54:05+00:00,IE,FRENCH-GUIANA-5GB-30D,B0H6MGC352,fbm0,DEACTIVATED,
2026-08-18T07:54:07+00:00,IE,FRENCH-GUIANA-20GB-30D,B0H6MDNXJJ,fbm0,DEACTIVATED,
2026-08-18T07:54:08+00:00,IE,FRENCH-POLYNESIA-3GB-15D,B0H6MF6GHP,fbm0,DEACTIVATED,
2026-08-18T07:54:10+00:00,IE,FRENCH-POLYNESIA-5GB-30D,B0H6MD2GXY,fbm0,DEACTIVATED,
2026-08-18T07:54:12+00:00,IE,FRENCH-POLYNESIA-20GB-30D,B0H6M59GH9,fbm0,DEACTIVATED,
2026-08-18T07:54:13+00:00,IE,GHANA-3GB-15D,B0H6M7CH6H,fbm0,DEACTIVATED,
2026-08-18T07:54:15+00:00,IE,GHANA-5GB-30D,B0H6MD48NZ,fbm0,DEACTIVATED,
2026-08-18T07:54:17+00:00,IE,GHANA-20GB-30D,B0H6M9CG3G,fbm0,DEACTIVATED,
2026-08-18T07:54:19+00:00,IE,GREENLAND-3GB-15D,B0H6MLNBK2,fbm0,DEACTIVATED,
2026-08-18T07:54:20+00:00,IE,GREENLAND-5GB-30D,B0H6MFMLK9,fbm0,DEACTIVATED,
2026-08-18T07:54:22+00:00,IE,GREENLAND-20GB-30D,B0H6MBT3TW,fbm0,DEACTIVATED,
2026-08-18T07:54:23+00:00,IE,GRENADA-3GB-15D,B0H6M8K37V,fbm0,ALREADY_OFF,offer already on DEFAULT
2026-08-18T07:54:25+00:00,IE,GRENADA-5GB-30D,B0H6MLJR6Z,fbm0,DEACTIVATED,
2026-08-18T07:54:27+00:00,IE,GRENADA-20GB-30D,B0H6MGRF37,fbm0,DEACTIVATED,
2026-08-18T07:54:28+00:00,IE,GUINEA-3GB-15D,B0H6MGZTF1,fbm0,ALREADY_OFF,offer already on DEFAULT
2026-08-18T07:54:30+00:00,IE,GUINEA-5GB-30D,B0H6MFTVX6,fbm0,DEACTIVATED,
2026-08-18T07:54:32+00:00,IE,GUINEA-20GB-30D,B0H6M7VHYP,fbm0,DEACTIVATED,
2026-08-18T07:54:33+00:00,IE,GUINEA-BISSAU-3GB-15D,B0H6MG6X8D,fbm0,ALREADY_OFF,offer already on DEFAULT
2026-08-18T07:54:34+00:00,IE,GUINEA-BISSAU-5GB-30D,B0H6MCJ4Y9,fbm0,DEACTIVATED,
2026-08-18T07:54:36+00:00,IE,GUINEA-BISSAU-20GB-30D,B0H6MF1JJS,fbm0,DEACTIVATED,
2026-08-18T07:54:38+00:00,IE,GUYANA-3GB-15D,B0H6MCG586,fbm0,ALREADY_OFF,offer already on DEFAULT
2026-08-18T07:54:39+00:00,IE,GUYANA-5GB-30D,B0H6MB3FHF,fbm0,ALREADY_OFF,offer already on DEFAULT
2026-08-18T07:54:41+00:00,IE,GUYANA-20GB-30D,B0H6MD1PB7,fbm0,DEACTIVATED,
2026-08-18T07:54:42+00:00,IE,HAITI-3GB-15D,B0H6M9YTL4,fbm0,ALREADY_OFF,offer already on DEFAULT
2026-08-18T07:54:43+00:00,IE,HAITI-5GB-30D,B0H6MDHPCV,fbm0,ALREADY_OFF,offer already on DEFAULT
2026-08-18T07:54:45+00:00,IE,HAITI-20GB-30D,B0H6MBNF3Y,fbm0,ALREADY_OFF,offer already on DEFAULT
2026-08-18T07:54:46+00:00,IE,IRAQ-3GB-15D,B0H6MGX6P7,fbm0,ALREADY_OFF,offer already on DEFAULT
2026-08-18T07:54:47+00:00,IE,IRAQ-5GB-30D,B0H6MFRHZN,fbm0,ALREADY_OFF,offer already on DEFAULT
2026-08-18T07:54:48+00:00,IE,IRAQ-20GB-30D,B0H6M956TN,fbm0,ALREADY_OFF,offer already on DEFAULT
2026-08-18T07:54:50+00:00,IE,JAMAICA-3GB-15D,B0H6MF3PNQ,fbm0,ALREADY_OFF,offer already on DEFAULT
2026-08-18T07:54:51+00:00,IE,JAMAICA-5GB-30D,B0H6MJQCMF,fbm0,ALREADY_OFF,offer already on DEFAULT
2026-08-18T07:54:52+00:00,IE,JAMAICA-20GB-30D,B0H6MF52ZZ,fbm0,ALREADY_OFF,offer already on DEFAULT
2026-08-18T07:54:53+00:00,IE,LAOS-3GB-15D,B0H6M96WPB,fbm0,ALREADY_OFF,offer already on DEFAULT
2026-08-18T07:54:55+00:00,IE,LAOS-5GB-30D,B0H6MBJN5B,fbm0,ALREADY_OFF,offer already on DEFAULT
2026-08-18T07:54:56+00:00,IE,LAOS-20GB-30D,B0H6MBWGX1,fbm0,ALREADY_OFF,offer already on DEFAULT
2026-08-18T07:54:58+00:00,IE,LIBYA-3GB-15D,B0H6MBYGXZ,fbm0,ALREADY_OFF,offer already on DEFAULT
2026-08-18T07:54:59+00:00,IE,LIBYA-5GB-30D,B0H6M5PVSB,fbm0,ALREADY_OFF,offer already on DEFAULT
2026-08-18T07:55:00+00:00,IE,LIBYA-20GB-30D,B0H6MFWD2Y,fbm0,ALREADY_OFF,offer already on DEFAULT
2026-08-18T07:55:02+00:00,IE,MALDIVES-3GB-15D,B0H6MD6Y71,fbm0,ALREADY_OFF,offer already on DEFAULT
2026-08-18T07:55:03+00:00,IE,MALDIVES-5GB-30D,B0H6MJQZ8Y,fbm0,ALREADY_OFF,offer already on DEFAULT
2026-08-18T07:55:04+00:00,IE,MALDIVES-20GB-30D,B0H6MM5SCJ,fbm0,ALREADY_OFF,offer already on DEFAULT
2026-08-18T07:55:05+00:00,IE,MARTINIQUE-3GB-15D,B0H6M7SBFQ,fbm0,ALREADY_OFF,offer already on DEFAULT
2026-08-18T07:55:07+00:00,IE,MARTINIQUE-5GB-30D,B0H6MKCD1X,fbm0,ALREADY_OFF,offer already on DEFAULT
2026-08-18T07:55:09+00:00,IE,MARTINIQUE-20GB-30D,B0H6MH94KV,fbm0,ALREADY_OFF,offer already on DEFAULT
2026-08-18T07:55:10+00:00,IE,MAYOTTE-3GB-15D,B0H6MFWP88,fbm0,ALREADY_OFF,offer already on DEFAULT
2026-08-18T07:55:12+00:00,IE,MAYOTTE-5GB-30D,B0H6MD9C4Y,fbm0,ALREADY_OFF,offer already on DEFAULT
2026-08-18T07:55:13+00:00,IE,MAYOTTE-20GB-30D,B0H6M5L8MC,fbm0,ALREADY_OFF,offer already on DEFAULT
2026-08-18T07:55:14+00:00,IE,MONTSERRAT-3GB-15D,B0H6MDJ2ZR,fbm0,ALREADY_OFF,offer already on DEFAULT
2026-08-18T07:55:16+00:00,IE,MONTSERRAT-5GB-30D,B0H6MGQ1Y4,fbm0,ALREADY_OFF,offer already on DEFAULT
2026-08-18T07:55:17+00:00,IE,MONTSERRAT-20GB-30D,B0H6MG87HK,fbm0,ALREADY_OFF,offer already on DEFAULT
2026-08-18T07:55:18+00:00,IE,REPUBLIC-OF-THE-CONGO-3GB-15D,B0H6MM6DKT,fbm0,ALREADY_OFF,offer already on DEFAULT
2026-08-18T07:55:20+00:00,IE,REPUBLIC-OF-THE-CONGO-5GB-30D,B0H6MBXD3B,fbm0,ALREADY_OFF,offer already on DEFAULT
2026-08-18T07:55:21+00:00,IE,REPUBLIC-OF-THE-CONGO-20GB-30D,B0H6MJ756Y,fbm0,ALREADY_OFF,offer already on DEFAULT
2026-08-18T07:55:22+00:00,IE,ROMANIA-3GB-15D,B0H6MKQH2C,fbm0,ALREADY_OFF,offer already on DEFAULT
2026-08-18T07:55:24+00:00,IE,ROMANIA-5GB-30D,B0H6MFVLCB,fbm0,ALREADY_OFF,offer already on DEFAULT
2026-08-18T07:55:25+00:00,IE,ROMANIA-20GB-30D,B0H6MGRC1F,fbm0,ALREADY_OFF,offer already on DEFAULT
2026-08-18T07:55:26+00:00,IE,RUSSIA-3GB-15D,B0H6MDNPC8,fbm0,ALREADY_OFF,offer already on DEFAULT
2026-08-18T07:55:28+00:00,IE,RUSSIA-5GB-30D,B0H6MLHHB2,fbm0,ALREADY_OFF,offer already on DEFAULT
2026-08-18T07:55:29+00:00,IE,RUSSIA-20GB-30D,B0H6MDSLNC,fbm0,ALREADY_OFF,offer already on DEFAULT
2026-08-18T07:55:30+00:00,IE,RWANDA-3GB-15D,B0H6MK2ZBQ,fbm0,ALREADY_OFF,offer already on DEFAULT
2026-08-18T07:55:32+00:00,IE,RWANDA-5GB-30D,B0H6MJZHP1,fbm0,ALREADY_OFF,offer already on DEFAULT
2026-08-18T07:55:33+00:00,IE,RWANDA-20GB-30D,B0H6M66BWN,fbm0,ALREADY_OFF,offer already on DEFAULT
2026-08-18T07:55:34+00:00,IE,SAINT-BARTHELEMY-3GB-15D,B0H6MDMD63,fbm0,ALREADY_OFF,offer already on DEFAULT
2026-08-18T07:55:35+00:00,IE,SAINT-BARTHELEMY-5GB-30D,B0H6MBS246,fbm0,ALREADY_OFF,offer already on DEFAULT
2026-08-18T07:55:37+00:00,IE,SAINT-BARTHELEMY-20GB-30D,B0H6MJHHNB,fbm0,ALREADY_OFF,offer already on DEFAULT
2026-08-18T07:55:38+00:00,IE,SAINT-KITTS-AND-NEVIS-3GB-15D,B0H6MDHJ2B,fbm0,ALREADY_OFF,offer already on DEFAULT
2026-08-18T07:55:40+00:00,IE,SAINT-KITTS-AND-NEVIS-5GB-30D,B0H6MBK615,fbm0,ALREADY_OFF,offer already on DEFAULT
2026-08-18T07:55:41+00:00,IE,SAINT-KITTS-AND-NEVIS-20GB-30D,B0H6MJQSR4,fbm0,ALREADY_OFF,offer already on DEFAULT
2026-08-18T07:55:42+00:00,IE,SAINT-LUCIA-3GB-15D,B0H6M7Y1CD,fbm0,ALREADY_OFF,offer already on DEFAULT
2026-08-18T07:55:44+00:00,IE,SAINT-LUCIA-5GB-30D,B0H6MGBXNV,fbm0,ALREADY_OFF,offer already on DEFAULT
2026-08-18T07:55:45+00:00,IE,SAINT-LUCIA-20GB-30D,B0H6MDX8DY,fbm0,ALREADY_OFF,offer already on DEFAULT
2026-08-18T07:55:46+00:00,IE,SAINT-MARTIN-3GB-15D,B0H6MDB2CN,fbm0,ALREADY_OFF,offer already on DEFAULT
2026-08-18T07:55:48+00:00,IE,SAINT-MARTIN-5GB-30D,B0H6MC37Q1,fbm0,ALREADY_OFF,offer already on DEFAULT
2026-08-18T07:55:49+00:00,IE,SAINT-MARTIN-20GB-30D,B0H6MF7K64,fbm0,ALREADY_OFF,offer already on DEFAULT
2026-08-18T07:55:51+00:00,IE,SAINT-VINCENT-AND-THE-GRENADINES-3GB-15D,B0H6MF3FWZ,fbm0,ALREADY_OFF,offer already on DEFAULT
2026-08-18T07:55:52+00:00,IE,SAINT-VINCENT-AND-THE-GRENADINES-5GB-30D,B0H6MJXH8Z,fbm0,ALREADY_OFF,offer already on DEFAULT
2026-08-18T07:55:53+00:00,IE,SVG-20GB-30D,B0H6MWF5B5,fbm0,ALREADY_OFF,offer already on DEFAULT
2026-08-18T07:55:55+00:00,IE,SAMOA-3GB-15D,B0H6MGJ45S,fbm0,ALREADY_OFF,offer already on DEFAULT
2026-08-18T07:55:56+00:00,IE,SAMOA-5GB-30D,B0H6MFFZH1,fbm0,ALREADY_OFF,offer already on DEFAULT
2026-08-18T07:55:57+00:00,IE,SAMOA-20GB-30D,B0H6MJQDSM,fbm0,ALREADY_OFF,offer already on DEFAULT
2026-08-18T07:55:59+00:00,IE,SAN-MARINO-3GB-15D,B0H6MG33GL,fbm0,ALREADY_OFF,offer already on DEFAULT
2026-08-18T07:56:00+00:00,IE,SAN-MARINO-5GB-30D,B0H6ML6C38,fbm0,ALREADY_OFF,offer already on DEFAULT
2026-08-18T07:56:01+00:00,IE,SAN-MARINO-20GB-30D,B0H6MDHJFJ,fbm0,ALREADY_OFF,offer already on DEFAULT
2026-08-18T07:56:03+00:00,IE,SIERRA-LEONE-3GB-15D,B0H6MHPWKP,fbm0,ALREADY_OFF,offer already on DEFAULT
2026-08-18T07:56:04+00:00,IE,SIERRA-LEONE-5GB-30D,B0H6MBK6HZ,fbm0,ALREADY_OFF,offer already on DEFAULT
2026-08-18T07:56:05+00:00,IE,SIERRA-LEONE-20GB-30D,B0H6ML1JW1,fbm0,ALREADY_OFF,offer already on DEFAULT
2026-08-18T07:56:07+00:00,IE,SURINAME-3GB-15D,B0H6MLWJMY,fbm0,ALREADY_OFF,offer already on DEFAULT
2026-08-18T07:56:08+00:00,IE,SURINAME-5GB-30D,B0H6MNS3N5,fbm0,ALREADY_OFF,offer already on DEFAULT
2026-08-18T07:56:09+00:00,IE,SURINAME-20GB-30D,B0H6MNKY5H,fbm0,ALREADY_OFF,offer already on DEFAULT
2026-08-18T07:56:11+00:00,IE,TAJIKISTAN-3GB-15D,B0H6M7XFN6,fbm0,ALREADY_OFF,offer already on DEFAULT
2026-08-18T07:56:12+00:00,IE,TAJIKISTAN-5GB-30D,B0H6MFYMXZ,fbm0,ALREADY_OFF,offer already on DEFAULT
2026-08-18T07:56:13+00:00,IE,TAJIKISTAN-20GB-30D,B0H6M85C77,fbm0,ALREADY_OFF,offer already on DEFAULT
2026-08-18T07:56:14+00:00,IE,TRINIDAD-AND-TOBAGO-3GB-15D,B0H6MJTHXK,fbm0,ALREADY_OFF,offer already on DEFAULT
2026-08-18T07:56:16+00:00,IE,TRINIDAD-AND-TOBAGO-5GB-30D,B0H6MJTHY9,fbm0,ALREADY_OFF,offer already on DEFAULT
2026-08-18T07:56:17+00:00,IE,TRINIDAD-AND-TOBAGO-20GB-30D,B0H6MF31VP,fbm0,ALREADY_OFF,offer already on DEFAULT
2026-08-18T07:56:18+00:00,IE,TURKS-AND-CAICOS-ISLANDS-3GB-15D,B0H6MNNXGL,fbm0,ALREADY_OFF,offer already on DEFAULT
2026-08-18T07:56:20+00:00,IE,TURKS-AND-CAICOS-ISLANDS-5GB-30D,B0H6MLH1KM,fbm0,ALREADY_OFF,offer already on DEFAULT
2026-08-18T07:56:21+00:00,IE,TURKS-AND-CAICOS-ISLANDS-20GB-30D,B0H6MLBGX7,fbm0,ALREADY_OFF,offer already on DEFAULT
2026-08-18T07:56:22+00:00,IE,VATICAN-CITY-3GB-15D,B0H6MBMF8G,fbm0,ALREADY_OFF,offer already on DEFAULT
2026-08-18T07:56:23+00:00,IE,VATICAN-CITY-5GB-30D,B0H6M7YXNP,fbm0,ALREADY_OFF,offer already on DEFAULT
2026-08-18T07:56:25+00:00,IE,VATICAN-CITY-20GB-30D,B0H6MDPLZ9,fbm0,ALREADY_OFF,offer already on DEFAULT
2026-08-18T07:56:26+00:00,IE,CANADA-PREMIUM-3GB-15D,B0H6MJ1HMJ,fbm0,ALREADY_OFF,offer already on DEFAULT
2026-08-18T07:56:27+00:00,IE,CANADA-PREMIUM-5GB-30D,B0H6MPXGBN,fbm0,ALREADY_OFF,offer already on DEFAULT
2026-08-18T07:56:28+00:00,IE,CANADA-PREMIUM-20GB-30D,B0H6MJ9N4Y,fbm0,ALREADY_OFF,offer already on DEFAULT
2026-08-18T07:56:30+00:00,IE,AALAND-ISLANDS-3GB-15D,B0FR3CCSMB,fbm0,DEACTIVATED,
2026-08-18T07:56:32+00:00,IE,AALAND-ISLANDS-5GB-30D,B0FR3G6JWB,fbm0,DEACTIVATED,
2026-08-18T07:56:34+00:00,IE,AALAND-ISLANDS-20GB-30D,B0FR39Q1KJ,fbm0,DEACTIVATED,
2026-08-18T07:56:35+00:00,IE,AFRICA-5GB-30D,B0FR3GK9Z7,fbm0,DEACTIVATED,
2026-08-18T07:56:37+00:00,IE,ALBANIA-5GB-30D,B0FR4ZG3Z6,fbm0,DEACTIVATED,
2026-08-18T07:56:38+00:00,IE,ARGENTINA-3GB-15D,B0FR554SXN,fbm0,DEACTIVATED,
2026-08-18T07:56:41+00:00,IE,ARGENTINA-20GB-30D,B0FR5DCH33,fbm0,DEACTIVATED,
2026-08-18T07:56:42+00:00,IE,ARMENIA-3GB-15D,B0FR5BK9R4,fbm0,DEACTIVATED,
2026-08-18T07:56:44+00:00,IE,ARMENIA-20GB-30D,B0FR4ZT5XT,fbm0,DEACTIVATED,
2026-08-18T07:56:46+00:00,IE,ASIA-20-3GB-15D,B0FR9FZ4RF,fbm0,DEACTIVATED,
2026-08-18T07:56:47+00:00,IE,ASIA-20-5GB-30D,B0FR9BQNSV,fbm0,DEACTIVATED,
2026-08-18T07:56:48+00:00,IE,AUSTRALIA-3GB-15D,B0FR9SKY4D,fbm0,ALREADY_OFF,offer already on DEFAULT
2026-08-18T07:56:50+00:00,IE,AUSTRALIA-5GB-30D,B0FR9JRB62,fbm0,DEACTIVATED,
2026-08-18T07:56:52+00:00,IE,AUSTRALIA-20GB-30D,B0FR9G1ZQJ,fbm0,DEACTIVATED,
2026-08-18T07:56:53+00:00,IE,AUSTRIA-3GB-15D,B0FR9QSMSP,fbm0,ALREADY_OFF,offer already on DEFAULT
2026-08-18T07:56:54+00:00,IE,AUSTRIA-5GB-30D,B0FR8XCH78,fbm0,ALREADY_OFF,offer already on DEFAULT
2026-08-18T07:56:56+00:00,IE,AUSTRIA-20GB-30D,B0FR8XBSBP,fbm0,ALREADY_OFF,offer already on DEFAULT
2026-08-18T07:56:57+00:00,IE,AZERBAIJAN-3GB-15D,B0FR9BTC98,fbm0,ALREADY_OFF,offer already on DEFAULT
2026-08-18T07:56:58+00:00,IE,BAHRAIN-3GB-15D,B0FR9K64KF,fbm0,ALREADY_OFF,offer already on DEFAULT
2026-08-18T07:56:59+00:00,IE,BANGLADESH-3GB-15D,B0FR9L7SG3,fbm0,ALREADY_OFF,offer already on DEFAULT
2026-08-18T07:57:00+00:00,IE,BANGLADESH-5GB-30D,B0FR9BQFCM,fbm0,ALREADY_OFF,offer already on DEFAULT
2026-08-18T07:57:02+00:00,IE,BANGLADESH-20GB-30D,B0FR8FJ3HJ,fbm0,ALREADY_OFF,offer already on DEFAULT
2026-08-18T07:57:03+00:00,IE,BELARUS-3GB-15D,B0FR9G3Z82,fbm0,ALREADY_OFF,offer already on DEFAULT
2026-08-18T07:57:04+00:00,IE,BELARUS-5GB-30D,B0FR8FFT4D,fbm0,ALREADY_OFF,offer already on DEFAULT
2026-08-18T07:57:06+00:00,IE,BELGIUM-3GB-15D,B0FR9G432K,fbm0,ALREADY_OFF,offer already on DEFAULT
2026-08-18T07:57:07+00:00,IE,BELGIUM-5GB-30D,B0FR9SXCW6,fbm0,ALREADY_OFF,offer already on DEFAULT
2026-08-18T07:57:08+00:00,IE,BELGIUM-20GB-30D,B0FR9BVRCH,fbm0,ALREADY_OFF,offer already on DEFAULT
2026-08-18T07:57:09+00:00,IE,BOLIVIA-3GB-15D,B0FR8FKPKH,fbm0,ALREADY_OFF,offer already on DEFAULT
2026-08-18T07:57:11+00:00,IE,BOLIVIA-20GB-30D,B0FR9RH588,fbm0,ALREADY_OFF,offer already on DEFAULT
2026-08-18T07:57:12+00:00,IE,BOSNIA-AND-HERZEGOVINA-3GB-15D,B0FR9G8ZVK,fbm0,ALREADY_OFF,offer already on DEFAULT
2026-08-18T07:57:13+00:00,IE,BOTSWANA-3GB-15D,B0FR9G7N2Q,fbm0,ALREADY_OFF,offer already on DEFAULT
2026-08-18T07:57:14+00:00,IE,BRAZIL-3GB-15D,B0FR9G5LKV,fbm0,ALREADY_OFF,offer already on DEFAULT
2026-08-18T07:57:16+00:00,IE,BRAZIL-20GB-30D,B0FR9KLZCR,fbm0,ALREADY_OFF,offer already on DEFAULT
2026-08-18T07:57:17+00:00,IE,BRUNEI-DARUSSALAM-3GB-15D,B0FR9KTJND,fbm0,ALREADY_OFF,offer already on DEFAULT
2026-08-18T07:57:18+00:00,IE,BRUNEI-DARUSSALAM-20GB-30D,B0FR9F971C,fbm0,ALREADY_OFF,offer already on DEFAULT
2026-08-18T07:57:20+00:00,IE,BURKINA-FASO-3GB-15D,B0FR9HWFSK,fbm0,ALREADY_OFF,offer already on DEFAULT
2026-08-18T07:57:21+00:00,IE,BURKINA-FASO-5GB-30D,B0FR9BWKSY,fbm0,ALREADY_OFF,offer already on DEFAULT
2026-08-18T07:57:22+00:00,IE,CAMEROON-3GB-15D,B0FR9VJ1ZB,fbm0,ALREADY_OFF,offer already on DEFAULT
2026-08-18T07:57:23+00:00,IE,CENTRAL-AFRICAN-REPUBLIC-3GB-15D,B0FR9RK8FP,fbm0,ALREADY_OFF,offer already on DEFAULT
2026-08-18T07:57:24+00:00,IE,CENTRAL-AFRICAN-REPUBLIC-5GB-30D,B0FR9R3NMC,fbm0,ALREADY_OFF,offer already on DEFAULT
2026-08-18T07:57:26+00:00,IE,CHAD-3GB-15D,B0FR9SG4MK,fbm0,ALREADY_OFF,offer already on DEFAULT
2026-08-18T07:57:27+00:00,IE,CHAD-5GB-30D,B0FR9L414C,fbm0,ALREADY_OFF,offer already on DEFAULT
2026-08-18T07:57:28+00:00,IE,CHILE-3GB-15D,B0FR9RY1RT,fbm0,ALREADY_OFF,offer already on DEFAULT
2026-08-18T07:57:30+00:00,IE,CHINA-3GB-15D,B0FR9QZ578,fbm0,ALREADY_OFF,offer already on DEFAULT
2026-08-18T07:57:31+00:00,IE,CHINA-5GB-30D,B0FR9HX7XH,fbm0,ALREADY_OFF,offer already on DEFAULT
2026-08-18T07:57:32+00:00,IE,CHINA-20GB-30D,B0FR9GD6X9,fbm0,ALREADY_OFF,offer already on DEFAULT
2026-08-18T07:57:33+00:00,IE,COLOMBIA-3GB-15D,B0FR9RL8W5,fbm0,ALREADY_OFF,offer already on DEFAULT
2026-08-18T07:57:35+00:00,IE,CAMBODIA-3GB-15D,B0FR8XKMJ4,fbm0,ALREADY_OFF,offer already on DEFAULT
2026-08-18T07:57:36+00:00,IE,CAMBODIA-20GB-30D,B0FR9GFJPL,fbm0,ALREADY_OFF,offer already on DEFAULT
2026-08-18T07:57:37+00:00,IE,COSTA-RICA-3GB-15D,B0FR9LNRMN,fbm0,ALREADY_OFF,offer already on DEFAULT
2026-08-18T07:57:39+00:00,IE,COTE-D-IVOIRE-3GB-15D,B0FR9HW9DJ,fbm0,ALREADY_OFF,offer already on DEFAULT
2026-08-18T07:57:40+00:00,IE,COTE-D-IVOIRE-5GB-30D,B0FR9V5LYJ,fbm0,ALREADY_OFF,offer already on DEFAULT
2026-08-18T07:57:41+00:00,IE,CROATIA-3GB-15D,B0FR9GDKT1,fbm0,ALREADY_OFF,offer already on DEFAULT
2026-08-18T07:57:43+00:00,IE,CROATIA-5GB-30D,B0FR9BVV58,fbm0,ALREADY_OFF,offer already on DEFAULT
2026-08-18T07:57:44+00:00,IE,CROATIA-20GB-30D,B0FR9TYCSL,fbm0,ALREADY_OFF,offer already on DEFAULT
2026-08-18T07:57:45+00:00,IE,CYPRUS-3GB-15D,B0FR8XJWWG,fbm0,ALREADY_OFF,offer already on DEFAULT
2026-08-18T07:57:47+00:00,IE,CYPRUS-5GB-30D,B0FR8XHWZV,fbm0,ALREADY_OFF,offer already on DEFAULT
2026-08-18T07:57:48+00:00,IE,CZECH-REPUBLIC-3GB-15D,B0FR9SB2Q3,fbm0,ALREADY_OFF,offer already on DEFAULT
2026-08-18T07:57:49+00:00,IE,CZECH-REPUBLIC-5GB-30D,B0FR9BY2LF,fbm0,ALREADY_OFF,offer already on DEFAULT
2026-08-18T07:57:51+00:00,IE,CZECH-REPUBLIC-20GB-30D,B0FR9SVN9H,fbm0,ALREADY_OFF,offer already on DEFAULT
2026-08-18T07:57:52+00:00,IE,DENMARK-3GB-15D,B0FR9GSNP4,fbm0,ALREADY_OFF,offer already on DEFAULT
2026-08-18T07:57:53+00:00,IE,DENMARK-5GB-30D,B0FR8XQYR4,fbm0,ALREADY_OFF,offer already on DEFAULT
2026-08-18T07:57:54+00:00,IE,DENMARK-20GB-30D,B0FR9QPF45,fbm0,ALREADY_OFF,offer already on DEFAULT
2026-08-18T07:57:56+00:00,IE,DOMINICAN-REPUBLIC-3GB-15D,B0FR9GSKZF,fbm0,ALREADY_OFF,offer already on DEFAULT
2026-08-18T07:57:57+00:00,IE,DOMINICAN-REPUBLIC-5GB-30D,B0FR9GQKCM,fbm0,ALREADY_OFF,offer already on DEFAULT
2026-08-18T07:57:58+00:00,IE,DOMINICAN-REPUBLIC-20GB-30D,B0FR9C6DJF,fbm0,ALREADY_OFF,offer already on DEFAULT
2026-08-18T07:57:59+00:00,IE,ECUADOR-3GB-15D,B0FR9RM6MP,fbm0,ALREADY_OFF,offer already on DEFAULT
2026-08-18T07:58:01+00:00,IE,EGYPT-3GB-15D,B0FR9C784N,fbm0,ALREADY_OFF,offer already on DEFAULT
2026-08-18T07:58:02+00:00,IE,EGYPT-5GB-30D,B0FR9LR5KJ,fbm0,ALREADY_OFF,offer already on DEFAULT
2026-08-18T07:58:03+00:00,IE,EGYPT-20GB-30D,B0FR9GQBGL,fbm0,ALREADY_OFF,offer already on DEFAULT
2026-08-18T07:58:05+00:00,IE,EL-SALVADOR-3GB-15D,B0FR9LJ7X4,fbm0,ALREADY_OFF,offer already on DEFAULT
2026-08-18T07:58:06+00:00,IE,ESTONIA-3GB-15D,B0FR9GST1S,fbm0,ALREADY_OFF,offer already on DEFAULT
2026-08-18T07:58:07+00:00,IE,ESTONIA-5GB-30D,B0FR9GQYKB,fbm0,ALREADY_OFF,offer already on DEFAULT
2026-08-18T07:58:08+00:00,IE,ESTONIA-20GB-30D,B0FR9L527N,fbm0,ALREADY_OFF,offer already on DEFAULT
2026-08-18T07:58:10+00:00,IE,EUROPE-40-AREAS-5GB-30D,B0FR9RYSSS,fbm0,ALREADY_OFF,offer already on DEFAULT
2026-08-18T07:58:11+00:00,IE,EUROPE-40-AREAS-20GB-30D,B0FR9TNPV3,fbm0,ALREADY_OFF,offer already on DEFAULT
2026-08-18T07:58:12+00:00,IE,FINLAND-3GB-15D,B0FR9GSND6,fbm0,ALREADY_OFF,offer already on DEFAULT
2026-08-18T07:58:13+00:00,IE,FINLAND-5GB-30D,B0FR9SB3BJ,fbm0,ALREADY_OFF,offer already on DEFAULT
2026-08-18T07:58:15+00:00,IE,FRANCE-3GB-15D,B0FR9C5ZB6,fbm0,ALREADY_OFF,offer already on DEFAULT
2026-08-18T07:58:16+00:00,IE,FRANCE-5GB-30D,B0FR9LMDW5,fbm0,ALREADY_OFF,offer already on DEFAULT
2026-08-18T07:58:17+00:00,IE,FRANCE-20GB-30D,B0FR9GPMC5,fbm0,ALREADY_OFF,offer already on DEFAULT
2026-08-18T07:58:19+00:00,IE,GABON-3GB-15D,B0FR9GPX9T,fbm0,ALREADY_OFF,offer already on DEFAULT
2026-08-18T07:58:20+00:00,IE,GEORGIA-3GB-15D,B0FR9KMX2N,fbm0,ALREADY_OFF,offer already on DEFAULT
2026-08-18T07:58:21+00:00,IE,GEORGIA-20GB-30D,B0FR9C73NK,fbm0,ALREADY_OFF,offer already on DEFAULT
2026-08-18T07:58:22+00:00,IE,GERMANY-3GB-15D,B0GSZBMLKV,fbm0,ALREADY_OFF,offer already on DEFAULT
2026-08-18T07:58:24+00:00,IE,GERMANY-5GB-30D,B0GSZDYWLZ,fbm0,ALREADY_OFF,offer already on DEFAULT
2026-08-18T07:58:25+00:00,IE,GERMANY-20GB-30D,B0GSZP9H94,fbm0,ALREADY_OFF,offer already on DEFAULT
2026-08-18T07:58:27+00:00,IE,GIBRALTAR-3GB-15D,B0FR8XSPMC,fbm0,ALREADY_OFF,offer already on DEFAULT
2026-08-18T07:58:28+00:00,IE,GLOBAL139-5GB-30D,B0FR9VNTLY,fbm0,ALREADY_OFF,offer already on DEFAULT
2026-08-18T07:58:29+00:00,IE,GREECE-3GB-15D,B0FR9L85F6,fbm0,ALREADY_OFF,offer already on DEFAULT
2026-08-18T07:58:30+00:00,IE,GREECE-5GB-30D,B0FR9C7SMF,fbm0,ALREADY_OFF,offer already on DEFAULT
2026-08-18T07:58:32+00:00,IE,GREECE-20GB-30D,B0FR9KJGBG,fbm0,ALREADY_OFF,offer already on DEFAULT
2026-08-18T07:58:33+00:00,IE,GUADELOUPE-3GB-15D,B0FR9TMVWK,fbm0,ALREADY_OFF,offer already on DEFAULT
2026-08-18T07:58:34+00:00,IE,GUADELOUPE-20GB-30D,B0FR8XTBF6,fbm0,ALREADY_OFF,offer already on DEFAULT
2026-08-18T07:58:36+00:00,IE,GUAM-3GB-15D,B0FR9GVSSF,fbm0,ALREADY_OFF,offer already on DEFAULT
2026-08-18T07:58:37+00:00,IE,GUAM-5GB-30D,B0FR9SVP8Y,fbm0,ALREADY_OFF,offer already on DEFAULT
2026-08-18T07:58:38+00:00,IE,GUAM-20GB-30D,B0FR9C7MGP,fbm0,ALREADY_OFF,offer already on DEFAULT
2026-08-18T07:58:40+00:00,IE,GUATEMALA-3GB-15D,B0FR9VC6VD,fbm0,ALREADY_OFF,offer already on DEFAULT
2026-08-18T07:58:41+00:00,IE,GUERNSEY-3GB-15D,B0FR9SMWDN,fbm0,ALREADY_OFF,offer already on DEFAULT
2026-08-18T07:58:42+00:00,IE,GUERNSEY-5GB-30D,B0FR9C5PXR,fbm0,ALREADY_OFF,offer already on DEFAULT
2026-08-18T07:58:43+00:00,IE,GUERNSEY-20GB-30D,B0FR9LYWWY,fbm0,ALREADY_OFF,offer already on DEFAULT
2026-08-18T07:58:45+00:00,IE,HONDURAS-3GB-15D,B0FR9ZYV5G,fbm0,ALREADY_OFF,offer already on DEFAULT
2026-08-18T07:58:46+00:00,IE,HONG-KONG-3GB-15D,B0FR9CC6Q8,fbm0,ALREADY_OFF,offer already on DEFAULT
2026-08-18T07:58:47+00:00,IE,HONG-KONG-5GB-30D,B0FR9GXYYL,fbm0,ALREADY_OFF,offer already on DEFAULT
2026-08-18T07:58:49+00:00,IE,HONG-KONG-20GB-30D,B0FR9GXZ6F,fbm0,ALREADY_OFF,offer already on DEFAULT
2026-08-18T07:58:50+00:00,IE,HUNGARY-3GB-15D,B0FR9C9JVW,fbm0,ALREADY_OFF,offer already on DEFAULT
2026-08-18T07:58:51+00:00,IE,HUNGARY-5GB-30D,B0FR9GY3R5,fbm0,ALREADY_OFF,offer already on DEFAULT
2026-08-18T07:58:53+00:00,IE,HUNGARY-20GB-30D,B0FR9ZVYYQ,fbm0,ALREADY_OFF,offer already on DEFAULT
2026-08-18T07:58:54+00:00,IE,ICELAND-3GB-15D,B0FR9TBBK1,fbm0,ALREADY_OFF,offer already on DEFAULT
2026-08-18T07:58:55+00:00,IE,ICELAND-5GB-30D,B0FR9ZWQBD,fbm0,ALREADY_OFF,offer already on DEFAULT
2026-08-18T07:58:56+00:00,IE,ICELAND-20GB-30D,B0FR9GX6LF,fbm0,ALREADY_OFF,offer already on DEFAULT
2026-08-18T07:58:58+00:00,IE,INDIA-3GB-15D,B0FR9ZM116,fbm0,ALREADY_OFF,offer already on DEFAULT
2026-08-18T07:58:59+00:00,IE,INDIA-5GB-30D,B0FR9GXWN9,fbm0,ALREADY_OFF,offer already on DEFAULT
2026-08-18T07:59:00+00:00,IE,INDIA-20GB-30D,B0FR9DYMHX,fbm0,ALREADY_OFF,offer already on DEFAULT
2026-08-18T07:59:02+00:00,IE,INDONESIA-3GB-15D,B0FR9T6QPZ,fbm0,ALREADY_OFF,offer already on DEFAULT
2026-08-18T07:59:03+00:00,IE,INDONESIA-5GB-30D,B0FR8XW5DR,fbm0,ALREADY_OFF,offer already on DEFAULT
2026-08-18T07:59:04+00:00,IE,INDONESIA-20GB-30D,B0FR9QXRDQ,fbm0,ALREADY_OFF,offer already on DEFAULT
2026-08-18T07:59:06+00:00,IE,IRELAND-3GB-15D,B0FR8XV57F,fbm0,ALREADY_OFF,offer already on DEFAULT
2026-08-18T07:59:07+00:00,IE,IRELAND-5GB-30D,B0FR9GYKQL,fbm0,ALREADY_OFF,offer already on DEFAULT
2026-08-18T07:59:08+00:00,IE,IRELAND-20GB-30D,B0FR9SZG2Z,fbm0,ALREADY_OFF,offer already on DEFAULT
2026-08-18T07:59:10+00:00,IE,ISLE-OF-MAN-3GB-15D,B0FR9LZ7RL,fbm0,ALREADY_OFF,offer already on DEFAULT
2026-08-18T07:59:11+00:00,IE,ISLE-OF-MAN-5GB-30D,B0FR9M27XY,fbm0,ALREADY_OFF,offer already on DEFAULT
2026-08-18T07:59:12+00:00,IE,ISLE-OF-MAN-20GB-30D,B0FR9CB5LK,fbm0,ALREADY_OFF,offer already on DEFAULT
2026-08-18T07:59:13+00:00,IE,ISRAEL-3GB-15D,B0FR9M11H1,fbm0,ALREADY_OFF,offer already on DEFAULT
2026-08-18T07:59:15+00:00,IE,ISRAEL-5GB-30D,B0FR8XVZZM,fbm0,ALREADY_OFF,offer already on DEFAULT
2026-08-18T07:59:16+00:00,IE,ISRAEL-20GB-30D,B0FR9K8SQ1,fbm0,ALREADY_OFF,offer already on DEFAULT
2026-08-18T07:59:17+00:00,IE,ITALY-3GB-15D,B0FR9GXZ18,fbm0,ALREADY_OFF,offer already on DEFAULT
2026-08-18T07:59:19+00:00,IE,ITALY-5GB-30D,B0FR9ZR2TH,fbm0,ALREADY_OFF,offer already on DEFAULT
2026-08-18T07:59:20+00:00,IE,ITALY-20GB-30D,B0FR9RNZV2,fbm0,ALREADY_OFF,offer already on DEFAULT
2026-08-18T07:59:21+00:00,IE,JAPAN-3GB-15D,B0FR9LVZVQ,fbm0,ALREADY_OFF,offer already on DEFAULT
2026-08-18T07:59:23+00:00,IE,JAPAN-5GB-30D,B0FR9TLXXH,fbm0,ALREADY_OFF,offer already on DEFAULT
2026-08-18T07:59:24+00:00,IE,JAPAN-20GB-30D,B0FR9RZKRB,fbm0,ALREADY_OFF,offer already on DEFAULT
2026-08-18T07:59:25+00:00,IE,JERSEY-3GB-15D,B0FR9GYMR5,fbm0,ALREADY_OFF,offer already on DEFAULT
2026-08-18T07:59:26+00:00,IE,JERSEY-5GB-30D,B0FR9M27GP,fbm0,ALREADY_OFF,offer already on DEFAULT
2026-08-18T07:59:28+00:00,IE,JERSEY-20GB-30D,B0FR9CBQDH,fbm0,ALREADY_OFF,offer already on DEFAULT
2026-08-18T07:59:29+00:00,IE,JORDAN-3GB-15D,B0FR9M144Z,fbm0,ALREADY_OFF,offer already on DEFAULT
2026-08-18T07:59:30+00:00,IE,JORDAN-5GB-30D,B0FR9ZTZNK,fbm0,ALREADY_OFF,offer already on DEFAULT
2026-08-18T07:59:31+00:00,IE,JORDAN-20GB-30D,B0FR9ST188,fbm0,ALREADY_OFF,offer already on DEFAULT
2026-08-18T07:59:33+00:00,IE,KAZAKHSTAN-3GB-15D,B0FR9T4DG2,fbm0,ALREADY_OFF,offer already on DEFAULT
2026-08-18T07:59:34+00:00,IE,KAZAKHSTAN-5GB-30D,B0FR9ZMMSH,fbm0,ALREADY_OFF,offer already on DEFAULT
2026-08-18T07:59:35+00:00,IE,KAZAKHSTAN-20GB-30D,B0FR9TLNNW,fbm0,ALREADY_OFF,offer already on DEFAULT
2026-08-18T07:59:36+00:00,IE,KENYA-3GB-15D,B0FR9GZ14G,fbm0,ALREADY_OFF,offer already on DEFAULT
2026-08-18T07:59:38+00:00,IE,KENYA-5GB-30D,B0FR9T4DG6,fbm0,ALREADY_OFF,offer already on DEFAULT
2026-08-18T07:59:39+00:00,IE,KUWAIT-3GB-15D,B0FR9LZJ3X,fbm0,ALREADY_OFF,offer already on DEFAULT
2026-08-18T07:59:40+00:00,IE,KUWAIT-5GB-30D,B0FR9M2TXP,fbm0,ALREADY_OFF,offer already on DEFAULT
2026-08-18T07:59:41+00:00,IE,KUWAIT-20GB-30D,B0FR9KBF4P,fbm0,ALREADY_OFF,offer already on DEFAULT
2026-08-18T07:59:43+00:00,IE,KYRGYZSTAN-3GB-15D,B0FR9TVF4R,fbm0,ALREADY_OFF,offer already on DEFAULT
2026-08-18T07:59:44+00:00,IE,KYRGYZSTAN-20GB-30D,B0FR8XXBHM,fbm0,ALREADY_OFF,offer already on DEFAULT
2026-08-18T07:59:45+00:00,IE,LATVIA-3GB-15D,B0FR9VM4K6,fbm0,ALREADY_OFF,offer already on DEFAULT
2026-08-18T07:59:47+00:00,IE,LATVIA-5GB-30D,B0FR9TR99S,fbm0,ALREADY_OFF,offer already on DEFAULT
2026-08-18T07:59:48+00:00,IE,LATVIA-20GB-30D,B0FR9SWN6V,fbm0,ALREADY_OFF,offer already on DEFAULT
2026-08-18T07:59:49+00:00,IE,LIBERIA-3GB-15D,B0FR9H18JQ,fbm0,ALREADY_OFF,offer already on DEFAULT
2026-08-18T07:59:51+00:00,IE,LIBERIA-5GB-30D,B0FR9SJ1YH,fbm0,ALREADY_OFF,offer already on DEFAULT
2026-08-18T07:59:52+00:00,IE,LIECHTENSTEIN-3GB-15D,B0FR9S35ZH,fbm0,ALREADY_OFF,offer already on DEFAULT
2026-08-18T07:59:53+00:00,IE,LITHUANIA-3GB-15D,B0FR9KS3P4,fbm0,ALREADY_OFF,offer already on DEFAULT
2026-08-18T07:59:55+00:00,IE,LITHUANIA-5GB-30D,B0FR9R598C,fbm0,ALREADY_OFF,offer already on DEFAULT
2026-08-18T07:59:56+00:00,IE,LITHUANIA-20GB-30D,B0FR9TQN8N,fbm0,ALREADY_OFF,offer already on DEFAULT
2026-08-18T07:59:57+00:00,IE,LUXEMBOURG-3GB-15D,B0FR9SHRKM,fbm0,ALREADY_OFF,offer already on DEFAULT
2026-08-18T07:59:59+00:00,IE,LUXEMBOURG-5GB-30D,B0FR9SB862,fbm0,ALREADY_OFF,offer already on DEFAULT
2026-08-18T08:00:00+00:00,IE,LUXEMBOURG-20GB-30D,B0FR8XXXZB,fbm0,ALREADY_OFF,offer already on DEFAULT
2026-08-18T08:00:02+00:00,IE,MACAO-3GB-15D,B0FR9M485M,fbm0,ALREADY_OFF,offer already on DEFAULT
2026-08-18T08:00:03+00:00,IE,MACAO-5GB-30D,B0FR9L9624,fbm0,ALREADY_OFF,offer already on DEFAULT
2026-08-18T08:00:05+00:00,IE,MACAO-20GB-30D,B0FR9CDBN2,fbm0,ALREADY_OFF,offer already on DEFAULT
2026-08-18T08:00:06+00:00,IE,MADAGASCAR-3GB-15D,B0FR9H2NS1,fbm0,ALREADY_OFF,offer already on DEFAULT
2026-08-18T08:00:07+00:00,IE,MALAWI-3GB-15D,B0FR9H3JDK,fbm0,ALREADY_OFF,offer already on DEFAULT
2026-08-18T08:00:08+00:00,IE,MALAWI-5GB-30D,B0FR9GXY24,fbm0,ALREADY_OFF,offer already on DEFAULT
2026-08-18T08:00:10+00:00,IE,MALAYSIA-3GB-15D,B0FR9H1Q65,fbm0,ALREADY_OFF,offer already on DEFAULT
2026-08-18T08:00:11+00:00,IE,MALAYSIA-5GB-30D,B0FR9LDGX8,fbm0,ALREADY_OFF,offer already on DEFAULT
2026-08-18T08:00:12+00:00,IE,MALAYSIA-20GB-30D,B0FR9VMWYD,fbm0,ALREADY_OFF,offer already on DEFAULT
2026-08-18T08:00:13+00:00,IE,MALI-3GB-15D,B0FR9TRDSY,fbm0,ALREADY_OFF,offer already on DEFAULT
2026-08-18T08:00:15+00:00,IE,MALTA-3GB-15D,B0FR9M3PNR,fbm0,ALREADY_OFF,offer already on DEFAULT
2026-08-18T08:00:16+00:00,IE,MALTA-5GB-30D,B0FR9ZSMTC,fbm0,ALREADY_OFF,offer already on DEFAULT
2026-08-18T08:00:18+00:00,IE,MALTA-20GB-30D,B0FR9VL1Q9,fbm0,ALREADY_OFF,offer already on DEFAULT
2026-08-18T08:00:19+00:00,IE,MEXICO-3GB-15D,B0FR9SZSTG,fbm0,ALREADY_OFF,offer already on DEFAULT
2026-08-18T08:00:20+00:00,IE,MEXICO-5GB-30D,B0FR9H2K1C,fbm0,ALREADY_OFF,offer already on DEFAULT
2026-08-18T08:00:22+00:00,IE,MEXICO-20GB-30D,B0FR9VDSJX,fbm0,ALREADY_OFF,offer already on DEFAULT
2026-08-18T08:00:23+00:00,IE,MIDDLE-EAST-5GB-30D,B0FR9SYKP6,fbm0,ALREADY_OFF,offer already on DEFAULT
2026-08-18T08:00:24+00:00,IE,MOLDOVA-3GB-15D,B0FR9CFQYY,fbm0,ALREADY_OFF,offer already on DEFAULT
2026-08-18T08:00:25+00:00,IE,MONACO-3GB-15D,B0FR9ZS6GM,fbm0,ALREADY_OFF,offer already on DEFAULT
2026-08-18T08:00:27+00:00,IE,MONACO-5GB-30D,B0FR9H1H4M,fbm0,ALREADY_OFF,offer already on DEFAULT
2026-08-18T08:00:28+00:00,IE,MONGOLIA-3GB-15D,B0FR9LSYTX,fbm0,ALREADY_OFF,offer already on DEFAULT
2026-08-18T08:00:29+00:00,IE,MONTENEGRO-3GB-15D,B0FR9R5HR7,fbm0,ALREADY_OFF,offer already on DEFAULT
2026-08-18T08:00:31+00:00,IE,MOROCCO-3GB-15D,B0FR9CFZQR,fbm0,ALREADY_OFF,offer already on DEFAULT
2026-08-18T08:00:32+00:00,IE,MOROCCO-5GB-30D,B0FR9CDDQ8,fbm0,ALREADY_OFF,offer already on DEFAULT
2026-08-18T08:00:33+00:00,IE,MOROCCO-20GB-30D,B0FR9M57DY,fbm0,ALREADY_OFF,offer already on DEFAULT
2026-08-18T08:00:34+00:00,IE,MOZAMBIQUE-3GB-15D,B0FRB1M6HK,fbm0,ALREADY_OFF,offer already on DEFAULT
2026-08-18T08:00:36+00:00,IE,MOZAMBIQUE-20GB-30D,B0FR9CFLS7,fbm0,ALREADY_OFF,offer already on DEFAULT
2026-08-18T08:00:37+00:00,IE,NEPAL-3GB-15D,B0FRB1TD7L,fbm0,ALREADY_OFF,offer already on DEFAULT
2026-08-18T08:00:38+00:00,IE,NETHERLANDS-3GB-15D,B0FRB5GNM2,fbm0,ALREADY_OFF,offer already on DEFAULT
2026-08-18T08:00:40+00:00,IE,NETHERLANDS-5GB-30D,B0FR9NHP7Q,fbm0,ALREADY_OFF,offer already on DEFAULT
2026-08-18T08:00:41+00:00,IE,NETHERLANDS-20GB-30D,B0FR9NG7LB,fbm0,ALREADY_OFF,offer already on DEFAULT
2026-08-18T08:00:42+00:00,IE,NEW-ZEALAND-3GB-15D,B0FR9NKXF5,fbm0,ALREADY_OFF,offer already on DEFAULT
2026-08-18T08:00:43+00:00,IE,NEW-ZEALAND-5GB-30D,B0FR9NHFWQ,fbm0,ALREADY_OFF,offer already on DEFAULT
2026-08-18T08:00:45+00:00,IE,NEW-ZEALAND-20GB-30D,B0FRB1TWT8,fbm0,ALREADY_OFF,offer already on DEFAULT
2026-08-18T08:00:46+00:00,IE,NICARAGUA-3GB-15D,B0FRB33MPG,fbm0,ALREADY_OFF,offer already on DEFAULT
2026-08-18T08:00:47+00:00,IE,NIGER-3GB-15D,B0FR9NPT1H,fbm0,ALREADY_OFF,offer already on DEFAULT
2026-08-18T08:00:49+00:00,IE,NIGERIA-3GB-15D,B0FR9X17QY,fbm0,ALREADY_OFF,offer already on DEFAULT
2026-08-18T08:00:50+00:00,IE,NORTH-AMERICA-5GB-30D,B0FRBDQ8H5,fbm0,ALREADY_OFF,offer already on DEFAULT
2026-08-18T08:00:51+00:00,IE,NORTH-MACEDONIA-3GB-15D,B0FRB59DJS,fbm0,ALREADY_OFF,offer already on DEFAULT
2026-08-18T08:00:53+00:00,IE,NORTH-MACEDONIA-5GB-30D,B0FR9WNHHX,fbm0,ALREADY_OFF,offer already on DEFAULT
2026-08-18T08:00:54+00:00,IE,NORWAY-3GB-15D,B0FR9WNK2H,fbm0,ALREADY_OFF,offer already on DEFAULT
2026-08-18T08:00:55+00:00,IE,NORWAY-5GB-30D,B0FRBNPZ9D,fbm0,ALREADY_OFF,offer already on DEFAULT
2026-08-18T08:00:56+00:00,IE,NORWAY-20GB-30D,B0FRB572L8,fbm0,ALREADY_OFF,offer already on DEFAULT
2026-08-18T08:00:58+00:00,IE,OMAN-3GB-15D,B0FRB4BL4W,fbm0,ALREADY_OFF,offer already on DEFAULT
2026-08-18T08:00:59+00:00,IE,OMAN-20GB-30D,B0FRB4R3FK,fbm0,ALREADY_OFF,offer already on DEFAULT
2026-08-18T08:01:00+00:00,IE,PAKISTAN-3GB-15D,B0FRB4HL3B,fbm0,ALREADY_OFF,offer already on DEFAULT
2026-08-18T08:01:02+00:00,IE,PAKISTAN-5GB-30D,B0FRB48QKZ,fbm0,ALREADY_OFF,offer already on DEFAULT
2026-08-18T08:01:03+00:00,IE,PAKISTAN-20GB-30D,B0FRB691X8,fbm0,ALREADY_OFF,offer already on DEFAULT
2026-08-18T08:01:04+00:00,IE,PANAMA-3GB-15D,B0FRB3VFW6,fbm0,ALREADY_OFF,offer already on DEFAULT
2026-08-18T08:01:06+00:00,IE,PARAGUAY-3GB-15D,B0FRB3V7CS,fbm0,ALREADY_OFF,offer already on DEFAULT
2026-08-18T08:01:07+00:00,IE,PHILIPPINES-3GB-15D,B0FRB1GVXK,fbm0,ALREADY_OFF,offer already on DEFAULT
2026-08-18T08:01:08+00:00,IE,PHILIPPINES-5GB-30D,B0FRB4VCKG,fbm0,ALREADY_OFF,offer already on DEFAULT
2026-08-18T08:01:09+00:00,IE,PHILIPPINES-20GB-30D,B0FRB4K2D4,fbm0,ALREADY_OFF,offer already on DEFAULT
2026-08-18T08:01:11+00:00,IE,POLAND-3GB-15D,B0FRB4JVKR,fbm0,ALREADY_OFF,offer already on DEFAULT
2026-08-18T08:01:12+00:00,IE,POLAND-5GB-30D,B0FRBDPQ9J,fbm0,ALREADY_OFF,offer already on DEFAULT
2026-08-18T08:01:13+00:00,IE,POLAND-20GB-30D,B0FRB5HSK7,fbm0,ALREADY_OFF,offer already on DEFAULT
2026-08-18T08:01:15+00:00,IE,PORTUGAL-3GB-15D,B0FRB4314T,fbm0,ALREADY_OFF,offer already on DEFAULT
2026-08-18T08:01:16+00:00,IE,PORTUGAL-5GB-30D,B0FRB4X799,fbm0,ALREADY_OFF,offer already on DEFAULT
2026-08-18T08:01:17+00:00,IE,PORTUGAL-20GB-30D,B0FRB354KV,fbm0,ALREADY_OFF,offer already on DEFAULT
2026-08-18T08:01:18+00:00,IE,PUERTO-RICO-3GB-15D,B0FRB5MSF1,fbm0,ALREADY_OFF,offer already on DEFAULT
2026-08-18T08:01:20+00:00,IE,PUERTO-RICO-5GB-30D,B0FR9WMX9V,fbm0,ALREADY_OFF,offer already on DEFAULT
2026-08-18T08:01:21+00:00,IE,QATAR-3GB-15D,B0FR9NXH43,fbm0,ALREADY_OFF,offer already on DEFAULT
2026-08-18T08:01:22+00:00,IE,QATAR-5GB-30D,B0FR9X5KB1,fbm0,ALREADY_OFF,offer already on DEFAULT
2026-08-18T08:01:24+00:00,IE,QATAR-20GB-30D,B0FR9X3QGM,fbm0,ALREADY_OFF,offer already on DEFAULT
2026-08-18T08:01:25+00:00,IE,REUNION-3GB-15D,B0FRB3KCNQ,fbm0,ALREADY_OFF,offer already on DEFAULT
2026-08-18T08:01:26+00:00,IE,REUNION-5GB-30D,B0FRB47TQW,fbm0,ALREADY_OFF,offer already on DEFAULT
2026-08-18T08:01:28+00:00,IE,SAUDI-ARABIA-3GB-15D,B0FRB3N2KL,fbm0,ALREADY_OFF,offer already on DEFAULT
2026-08-18T08:01:29+00:00,IE,SAUDI-ARABIA-5GB-30D,B0FRB1SRZY,fbm0,ALREADY_OFF,offer already on DEFAULT
2026-08-18T08:01:30+00:00,IE,SAUDI-ARABIA-20GB-30D,B0FRB5PZTS,fbm0,ALREADY_OFF,offer already on DEFAULT
2026-08-18T08:01:32+00:00,IE,SENEGAL-3GB-15D,B0FRB4HX92,fbm0,ALREADY_OFF,offer already on DEFAULT
2026-08-18T08:01:33+00:00,IE,SENEGAL-5GB-30D,B0FRB68H77,fbm0,ALREADY_OFF,offer already on DEFAULT
2026-08-18T08:01:34+00:00,IE,SERBIA-3GB-15D,B0FRB5TJV2,fbm0,ALREADY_OFF,offer already on DEFAULT
2026-08-18T08:01:35+00:00,IE,SERBIA-20GB-30D,B0FRB5K8JC,fbm0,ALREADY_OFF,offer already on DEFAULT
2026-08-18T08:01:37+00:00,IE,SEYCHELLES-3GB-15D,B0FRB55T3H,fbm0,ALREADY_OFF,offer already on DEFAULT
2026-08-18T08:01:38+00:00,IE,SEYCHELLES-5GB-30D,B0FR9P7N6M,fbm0,ALREADY_OFF,offer already on DEFAULT
2026-08-18T08:01:39+00:00,IE,SINGAPORE-5GB-30D,B0FR9X3Y3R,fbm0,ALREADY_OFF,offer already on DEFAULT
2026-08-18T08:01:41+00:00,IE,SINGAPORE-20GB-30D,B0FRB256K8,fbm0,ALREADY_OFF,offer already on DEFAULT
2026-08-18T08:01:42+00:00,IE,SLOVAKIA-3GB-15D,B0FR9XC4BW,fbm0,ALREADY_OFF,offer already on DEFAULT
2026-08-18T08:01:43+00:00,IE,SLOVAKIA-5GB-30D,B0FRB2X84M,fbm0,ALREADY_OFF,offer already on DEFAULT
2026-08-18T08:01:45+00:00,IE,SLOVAKIA-20GB-30D,B0FRB14YYC,fbm0,ALREADY_OFF,offer already on DEFAULT
2026-08-18T08:01:46+00:00,IE,SLOVENIA-3GB-15D,B0FR9XCF27,fbm0,ALREADY_OFF,offer already on DEFAULT
2026-08-18T08:01:47+00:00,IE,SLOVENIA-5GB-30D,B0FRB3SJMR,fbm0,ALREADY_OFF,offer already on DEFAULT
2026-08-18T08:01:48+00:00,IE,SLOVENIA-20GB-30D,B0FR9X15V2,fbm0,ALREADY_OFF,offer already on DEFAULT
2026-08-18T08:01:50+00:00,IE,SOUTH-AFRICA-5GB-30D,B0FRB3R6F3,fbm0,ALREADY_OFF,offer already on DEFAULT
2026-08-18T08:01:51+00:00,IE,SOUTH-AMERICA-5GB-30D,B0FRB8D7HC,fbm0,ALREADY_OFF,offer already on DEFAULT
2026-08-18T08:01:52+00:00,IE,SOUTH-KOREA-3GB-15D,B0FRC4RTDF,fbm0,ALREADY_OFF,offer already on DEFAULT
2026-08-18T08:01:54+00:00,IE,SOUTH-KOREA-5GB-30D,B0FRD9LC4C,fbm0,ALREADY_OFF,offer already on DEFAULT
2026-08-18T08:01:55+00:00,IE,SOUTH-KOREA-20GB-30D,B0FRC4P51Z,fbm0,ALREADY_OFF,offer already on DEFAULT
2026-08-18T08:01:56+00:00,IE,SPAIN-3GB-15D,B0FRCDHTZ7,fbm0,ALREADY_OFF,offer already on DEFAULT
2026-08-18T08:01:57+00:00,IE,SPAIN-5GB-30D,B0FRBQCLZN,fbm0,ALREADY_OFF,offer already on DEFAULT
2026-08-18T08:01:59+00:00,IE,SPAIN-20GB-30D,B0FRCMPGPL,fbm0,ALREADY_OFF,offer already on DEFAULT
2026-08-18T08:02:00+00:00,IE,SRI-LANKA-3GB-15D,B0FRB7Z1NW,fbm0,ALREADY_OFF,offer already on DEFAULT
2026-08-18T08:02:01+00:00,IE,SRI-LANKA-5GB-30D,B0FRB64B8M,fbm0,ALREADY_OFF,offer already on DEFAULT
2026-08-18T08:02:03+00:00,IE,SRI-LANKA-20GB-30D,B0FRC2DZN5,fbm0,ALREADY_OFF,offer already on DEFAULT
2026-08-18T08:02:04+00:00,IE,SUDAN-3GB-15D,B0FRCKTXNQ,fbm0,ALREADY_OFF,offer already on DEFAULT
2026-08-18T08:02:05+00:00,IE,SUDAN-5GB-30D,B0FRC799N3,fbm0,ALREADY_OFF,offer already on DEFAULT
2026-08-18T08:02:07+00:00,IE,SWEDEN-3GB-15D,B0FRCC6W9S,fbm0,ALREADY_OFF,offer already on DEFAULT
2026-08-18T08:02:08+00:00,IE,SWEDEN-5GB-30D,B0FRCS524D,fbm0,ALREADY_OFF,offer already on DEFAULT
2026-08-18T08:02:10+00:00,IE,SWEDEN-20GB-30D,B0FRB7X5SP,fbm0,ALREADY_OFF,offer already on DEFAULT
2026-08-18T08:02:11+00:00,IE,SWITZERLAND-3GB-15D,B0FRB5LFVC,fbm0,ALREADY_OFF,offer already on DEFAULT
2026-08-18T08:02:13+00:00,IE,SWITZERLAND-5GB-30D,B0FRB7G4VW,fbm0,ALREADY_OFF,offer already on DEFAULT
2026-08-18T08:02:14+00:00,IE,SWITZERLAND-20GB-30D,B0FRB6VY7S,fbm0,ALREADY_OFF,offer already on DEFAULT
2026-08-18T08:02:16+00:00,IE,TANZANIA-3GB-15D,B0FRC81NPJ,fbm0,ALREADY_OFF,offer already on DEFAULT
2026-08-18T08:02:17+00:00,IE,THAILAND-3GB-15D,B0FRCDPJSH,fbm0,ALREADY_OFF,offer already on DEFAULT
2026-08-18T08:02:18+00:00,IE,THAILAND-5GB-30D,B0FR9Q5D1J,fbm0,ALREADY_OFF,offer already on DEFAULT
2026-08-18T08:02:20+00:00,IE,THAILAND-20GB-30D,B0FRCHW3MW,fbm0,ALREADY_OFF,offer already on DEFAULT
2026-08-18T08:02:21+00:00,IE,TUNISIA-5GB-30D,B0FRB7Q96Z,fbm0,ALREADY_OFF,offer already on DEFAULT
2026-08-18T08:02:22+00:00,IE,TURKEY-3GB-15D,B0FRC2PSHM,fbm0,ALREADY_OFF,offer already on DEFAULT
2026-08-18T08:02:24+00:00,IE,TURKEY-5GB-30D,B0FRCBZ1BB,fbm0,ALREADY_OFF,offer already on DEFAULT
2026-08-18T08:02:25+00:00,IE,TURKEY-20GB-30D,B0FRCYMWCX,fbm0,ALREADY_OFF,offer already on DEFAULT
2026-08-18T08:02:26+00:00,IE,UGANDA-3GB-15D,B0FRB7F7Z9,fbm0,ALREADY_OFF,offer already on DEFAULT
2026-08-18T08:02:27+00:00,IE,UKRAINE-3GB-15D,B0FRB9SBFR,fbm0,ALREADY_OFF,offer already on DEFAULT
2026-08-18T08:02:29+00:00,IE,UKRAINE-5GB-30D,B0FRC2NRKG,fbm0,ALREADY_OFF,offer already on DEFAULT
2026-08-18T08:02:30+00:00,IE,UNITED-ARAB-EMIRATES-3GB-15D,B0FRBBYBGH,fbm0,ALREADY_OFF,offer already on DEFAULT
2026-08-18T08:02:31+00:00,IE,UNITED-ARAB-EMIRATES-5GB-30D,B0FRB89XHX,fbm0,ALREADY_OFF,offer already on DEFAULT
2026-08-18T08:02:33+00:00,IE,UNITED-ARAB-EMIRATES-20GB-30D,B0FRB7TFJR,fbm0,ALREADY_OFF,offer already on DEFAULT
2026-08-18T08:02:34+00:00,IE,UNITED-KINGDOM-3GB-15D,B0FRCPD8TS,fbm0,ALREADY_OFF,offer already on DEFAULT
2026-08-18T08:02:35+00:00,IE,UNITED-KINGDOM-5GB-30D,B0FRDDRGJF,fbm0,ALREADY_OFF,offer already on DEFAULT
2026-08-18T08:02:37+00:00,IE,UNITED-KINGDOM-20GB-30D,B0FRDGCBTN,fbm0,ALREADY_OFF,offer already on DEFAULT
2026-08-18T08:02:38+00:00,IE,UNITED-STATES-3GB-15D,B0FRCFXK3V,fbm0,ALREADY_OFF,offer already on DEFAULT
2026-08-18T08:02:39+00:00,IE,UNITED-STATES-5GB-30D,B0FRC2PQ8H,fbm0,ALREADY_OFF,offer already on DEFAULT
2026-08-18T08:02:41+00:00,IE,URUGUAY-3GB-15D,B0FRB7LHGN,fbm0,ALREADY_OFF,offer already on DEFAULT
2026-08-18T08:02:42+00:00,IE,UZBEKISTAN-5GB-30D,B0FRBWFZ6M,fbm0,ALREADY_OFF,offer already on DEFAULT
2026-08-18T08:02:43+00:00,IE,VIETNAM-3GB-15D,B0FRBR2DHW,fbm0,ALREADY_OFF,offer already on DEFAULT
2026-08-18T08:02:45+00:00,IE,VIETNAM-5GB-30D,B0FRCBXRGV,fbm0,ALREADY_OFF,offer already on DEFAULT
2026-08-18T08:02:46+00:00,IE,VIETNAM-20GB-30D,B0FRC2NKC4,fbm0,ALREADY_OFF,offer already on DEFAULT
2026-08-18T08:02:47+00:00,IE,ZAMBIA-5GB-30D,B0FRCL97L4,fbm0,ALREADY_OFF,offer already on DEFAULT
2026-08-18T08:02:49+00:00,IE,GAMBIA-3GB-15D,B0H2FTMBBQ,fbm0,ALREADY_OFF,offer already on DEFAULT
2026-08-18T08:02:50+00:00,IE,GAMBIA-5GB-30D,B0H2FQ3QJ9,fbm0,ALREADY_OFF,offer already on DEFAULT
2026-08-18T08:02:51+00:00,IE,MAURITIUS-5GB-30D,B0H2G2XMS3,fbm0,ALREADY_OFF,offer already on DEFAULT
2026-08-18T08:02:52+00:00,IE,AE_20_30,B0FRB7TFJR,fbm0,ALREADY_OFF,offer already on DEFAULT
2026-08-18T08:02:54+00:00,IE,AE_3_15,B0FRBBYBGH,fbm0,ALREADY_OFF,offer already on DEFAULT
2026-08-18T08:02:55+00:00,IE,AE_5_30,B0FRB89XHX,fbm0,ALREADY_OFF,offer already on DEFAULT
2026-08-18T08:02:56+00:00,IE,AF-29_5_30,B0FR3GK9Z7,fbm0,ALREADY_OFF,offer already on DEFAULT
2026-08-18T08:02:57+00:00,IE,AL_5_30,B0FR4ZG3Z6,fbm0,ALREADY_OFF,offer already on DEFAULT
2026-08-18T08:02:59+00:00,IE,AM_20_30,B0FR4ZT5XT,fbm0,ALREADY_OFF,offer already on DEFAULT
2026-08-18T08:03:00+00:00,IE,AM_3_15,B0FR5BK9R4,fbm0,ALREADY_OFF,offer already on DEFAULT
2026-08-18T08:03:01+00:00,IE,AR_20_30,B0FR5DCH33,fbm0,ALREADY_OFF,offer already on DEFAULT
2026-08-18T08:03:02+00:00,IE,AR_3_15,B0FR554SXN,fbm0,ALREADY_OFF,offer already on DEFAULT
2026-08-18T08:03:04+00:00,IE,AS-20_3_15,B0FR9FZ4RF,fbm0,ALREADY_OFF,offer already on DEFAULT
2026-08-18T08:03:05+00:00,IE,AS-20_5_30,B0FR9BQNSV,fbm0,ALREADY_OFF,offer already on DEFAULT
2026-08-18T08:03:06+00:00,IE,AT_20_30,B0FR8XBSBP,fbm0,ALREADY_OFF,offer already on DEFAULT
2026-08-18T08:03:08+00:00,IE,AT_3_15,B0FR9QSMSP,fbm0,ALREADY_OFF,offer already on DEFAULT
2026-08-18T08:03:09+00:00,IE,AT_5_30,B0FR8XCH78,fbm0,ALREADY_OFF,offer already on DEFAULT
2026-08-18T08:03:10+00:00,IE,AU_20_30,B0FR9G1ZQJ,fbm0,ALREADY_OFF,offer already on DEFAULT
2026-08-18T08:03:12+00:00,IE,AU_3_15,B0FR9SKY4D,fbm0,ALREADY_OFF,offer already on DEFAULT
2026-08-18T08:03:13+00:00,IE,AU_5_30,B0FR9JRB62,fbm0,ALREADY_OFF,offer already on DEFAULT
2026-08-18T08:03:15+00:00,IE,AX_20_30,B0FR39Q1KJ,fbm0,ALREADY_OFF,offer already on DEFAULT
2026-08-18T08:03:16+00:00,IE,AX_3_15,B0FR3CCSMB,fbm0,ALREADY_OFF,offer already on DEFAULT
2026-08-18T08:03:17+00:00,IE,AX_5_30,B0FR3G6JWB,fbm0,ALREADY_OFF,offer already on DEFAULT
2026-08-18T08:03:19+00:00,IE,AZ_3_15,B0FR9BTC98,fbm0,ALREADY_OFF,offer already on DEFAULT
2026-08-18T08:03:20+00:00,IE,BA_3_15,B0FR9G8ZVK,fbm0,ALREADY_OFF,offer already on DEFAULT
2026-08-18T08:03:21+00:00,IE,BD_20_30,B0FR8FJ3HJ,fbm0,ALREADY_OFF,offer already on DEFAULT
2026-08-18T08:03:22+00:00,IE,BD_3_15,B0FR9L7SG3,fbm0,ALREADY_OFF,offer already on DEFAULT
2026-08-18T08:03:24+00:00,IE,BD_5_30,B0FR9BQFCM,fbm0,ALREADY_OFF,offer already on DEFAULT
2026-08-18T08:03:25+00:00,IE,BE_20_30,B0FR9BVRCH,fbm0,ALREADY_OFF,offer already on DEFAULT
2026-08-18T08:03:26+00:00,IE,BE_3_15,B0FR9G432K,fbm0,ALREADY_OFF,offer already on DEFAULT
2026-08-18T08:03:27+00:00,IE,BE_5_30,B0FR9SXCW6,fbm0,ALREADY_OFF,offer already on DEFAULT
2026-08-18T08:03:29+00:00,IE,BF_3_15,B0FR9HWFSK,fbm0,ALREADY_OFF,offer already on DEFAULT
2026-08-18T08:03:30+00:00,IE,BF_5_30,B0FR9BWKSY,fbm0,ALREADY_OFF,offer already on DEFAULT
2026-08-18T08:03:31+00:00,IE,BH_3_15,B0FR9K64KF,fbm0,ALREADY_OFF,offer already on DEFAULT
2026-08-18T08:03:33+00:00,IE,BN_20_30,B0FR9F971C,fbm0,ALREADY_OFF,offer already on DEFAULT
2026-08-18T08:03:34+00:00,IE,BN_3_15,B0FR9KTJND,fbm0,ALREADY_OFF,offer already on DEFAULT
2026-08-18T08:03:35+00:00,IE,BO_20_30,B0FR9RH588,fbm0,ALREADY_OFF,offer already on DEFAULT
2026-08-18T08:03:36+00:00,IE,BO_3_15,B0FR8FKPKH,fbm0,ALREADY_OFF,offer already on DEFAULT
2026-08-18T08:03:38+00:00,IE,BR_20_30,B0FR9KLZCR,fbm0,ALREADY_OFF,offer already on DEFAULT
2026-08-18T08:03:39+00:00,IE,BR_3_15,B0FR9G5LKV,fbm0,ALREADY_OFF,offer already on DEFAULT
2026-08-18T08:03:40+00:00,IE,BW_3_15,B0FR9G7N2Q,fbm0,ALREADY_OFF,offer already on DEFAULT
2026-08-18T08:03:42+00:00,IE,BY_3_15,B0FR9G3Z82,fbm0,ALREADY_OFF,offer already on DEFAULT
2026-08-18T08:03:43+00:00,IE,BY_5_30,B0FR8FFT4D,fbm0,ALREADY_OFF,offer already on DEFAULT
2026-08-18T08:03:44+00:00,IE,CF_3_15,B0FR9RK8FP,fbm0,ALREADY_OFF,offer already on DEFAULT
2026-08-18T08:03:46+00:00,IE,CF_5_30,B0FR9R3NMC,fbm0,ALREADY_OFF,offer already on DEFAULT
2026-08-18T08:03:47+00:00,IE,CH_20_30,B0FRB6VY7S,fbm0,ALREADY_OFF,offer already on DEFAULT
2026-08-18T08:03:48+00:00,IE,CH_3_15,B0FRB5LFVC,fbm0,ALREADY_OFF,offer already on DEFAULT
2026-08-18T08:03:50+00:00,IE,CH_5_30,B0FRB7G4VW,fbm0,ALREADY_OFF,offer already on DEFAULT
2026-08-18T08:03:51+00:00,IE,CI_3_15,B0FR9HW9DJ,fbm0,ALREADY_OFF,offer already on DEFAULT
2026-08-18T08:03:52+00:00,IE,CI_5_30,B0FR9V5LYJ,fbm0,ALREADY_OFF,offer already on DEFAULT
2026-08-18T08:03:53+00:00,IE,CL_3_15,B0FR9RY1RT,fbm0,ALREADY_OFF,offer already on DEFAULT
2026-08-18T08:03:55+00:00,IE,CM_3_15,B0FR9VJ1ZB,fbm0,ALREADY_OFF,offer already on DEFAULT
2026-08-18T08:03:56+00:00,IE,CN_20_30,B0FR9GD6X9,fbm0,ALREADY_OFF,offer already on DEFAULT
2026-08-18T08:03:59+00:00,FR,ZAMBIA-3GB-15D,B0FRC2NSM2,fbm0,ALREADY_OFF,offer already on DEFAULT
2026-08-18T08:04:00+00:00,FR,MAURITIUS-3GB-15D,B0H2FYRLRC,fbm0,ALREADY_OFF,offer already on DEFAULT
2026-08-18T08:04:01+00:00,FR,HAJJ-LUX-10GB-30D,B0H3L75HDS,fbm0,ALREADY_OFF,offer already on DEFAULT
2026-08-18T08:04:03+00:00,FR,BULGARIA-3GB-15D,B0H6MCT4Y5,fbm0,ALREADY_OFF,offer already on DEFAULT
2026-08-18T08:04:04+00:00,FR,BELIZE-20GB-30D,B0H6MBSQM8,fbm0,ALREADY_OFF,offer already on DEFAULT
2026-08-18T08:04:05+00:00,FR,BENIN-20GB-30D,B0H6M7VGSZ,fbm0,ALREADY_OFF,offer already on DEFAULT
2026-08-18T08:04:07+00:00,FR,CAYMAN-ISLANDS-3GB-15D,B0H6MLHBD7,fbm0,ALREADY_OFF,offer already on DEFAULT
2026-08-18T08:04:08+00:00,FR,CAYMAN-ISLANDS-5GB-30D,B0H6M55MKK,fbm0,ALREADY_OFF,offer already on DEFAULT
2026-08-18T08:04:09+00:00,FR,CAYMAN-ISLANDS-20GB-30D,B0H6MGXYNS,fbm0,ALREADY_OFF,offer already on DEFAULT
2026-08-18T08:04:11+00:00,FR,GREENLAND-20GB-30D,B0H6MBT3TW,fbm0,ALREADY_OFF,offer already on DEFAULT
2026-08-18T08:04:12+00:00,FR,GRENADA-3GB-15D,B0H6M8K37V,fbm0,ALREADY_OFF,offer already on DEFAULT
2026-08-18T08:04:14+00:00,FR,GUINEA-3GB-15D,B0H6MGZTF1,fbm0,ALREADY_OFF,offer already on DEFAULT
2026-08-18T08:04:15+00:00,FR,GUINEA-BISSAU-3GB-15D,B0H6MG6X8D,fbm0,ALREADY_OFF,offer already on DEFAULT
2026-08-18T08:04:16+00:00,FR,HAITI-5GB-30D,B0H6MDHPCV,fbm0,ALREADY_OFF,offer already on DEFAULT
2026-08-18T08:04:18+00:00,FR,HAITI-20GB-30D,B0H6MBNF3Y,fbm0,ALREADY_OFF,offer already on DEFAULT
2026-08-18T08:04:19+00:00,FR,LAOS-20GB-30D,B0H6MBWGX1,fbm0,ALREADY_OFF,offer already on DEFAULT
2026-08-18T08:04:22+00:00,FR,LIBYA-3GB-15D,B0H6MBYGXZ,fbm0,DEACTIVATED,
2026-08-18T08:04:24+00:00,FR,LIBYA-5GB-30D,B0H6M5PVSB,fbm0,DEACTIVATED,
2026-08-18T08:04:25+00:00,FR,LIBYA-20GB-30D,B0H6MFWD2Y,fbm0,ALREADY_OFF,offer already on DEFAULT
2026-08-18T08:04:26+00:00,FR,MALDIVES-3GB-15D,B0H6MD6Y71,fbm0,DEACTIVATED,
2026-08-18T08:04:28+00:00,FR,MALDIVES-5GB-30D,B0H6MJQZ8Y,fbm0,DEACTIVATED,
2026-08-18T08:04:30+00:00,FR,MALDIVES-20GB-30D,B0H6MM5SCJ,fbm0,DEACTIVATED,
2026-08-18T08:04:31+00:00,FR,MARTINIQUE-3GB-15D,B0H6M7SBFQ,fbm0,DEACTIVATED,
2026-08-18T08:04:33+00:00,FR,MARTINIQUE-5GB-30D,B0H6MKCD1X,fbm0,DEACTIVATED,
2026-08-18T08:04:35+00:00,FR,MARTINIQUE-20GB-30D,B0H6MH94KV,fbm0,DEACTIVATED,
2026-08-18T08:04:36+00:00,FR,MAYOTTE-3GB-15D,B0H6MFWP88,fbm0,DEACTIVATED,
2026-08-18T08:04:38+00:00,FR,MAYOTTE-5GB-30D,B0H6MD9C4Y,fbm0,DEACTIVATED,
2026-08-18T08:04:40+00:00,FR,MAYOTTE-20GB-30D,B0H6M5L8MC,fbm0,DEACTIVATED,
2026-08-18T08:04:41+00:00,FR,MONTSERRAT-3GB-15D,B0H6MDJ2ZR,fbm0,DEACTIVATED,
2026-08-18T08:04:43+00:00,FR,MONTSERRAT-5GB-30D,B0H6MGQ1Y4,fbm0,DEACTIVATED,
2026-08-18T08:04:45+00:00,FR,MONTSERRAT-20GB-30D,B0H6MG87HK,fbm0,DEACTIVATED,
2026-08-18T08:04:47+00:00,FR,REPUBLIC-OF-THE-CONGO-3GB-15D,B0H6MM6DKT,fbm0,DEACTIVATED,
2026-08-18T08:04:48+00:00,FR,REPUBLIC-OF-THE-CONGO-5GB-30D,B0H6MBXD3B,fbm0,DEACTIVATED,
2026-08-18T08:04:50+00:00,FR,REPUBLIC-OF-THE-CONGO-20GB-30D,B0H6MJ756Y,fbm0,DEACTIVATED,
2026-08-18T08:04:52+00:00,FR,ROMANIA-3GB-15D,B0H6MKQH2C,fbm0,DEACTIVATED,
2026-08-18T08:04:53+00:00,FR,ROMANIA-5GB-30D,B0H6MFVLCB,fbm0,DEACTIVATED,
2026-08-18T08:04:55+00:00,FR,ROMANIA-20GB-30D,B0H6MGRC1F,fbm0,DEACTIVATED,
2026-08-18T08:04:57+00:00,FR,RUSSIA-3GB-15D,B0H6MDNPC8,fbm0,DEACTIVATED,
2026-08-18T08:04:59+00:00,FR,RUSSIA-5GB-30D,B0H6MLHHB2,fbm0,DEACTIVATED,
2026-08-18T08:05:00+00:00,FR,RUSSIA-20GB-30D,B0H6MDSLNC,fbm0,DEACTIVATED,
2026-08-18T08:05:02+00:00,FR,RWANDA-3GB-15D,B0H6MK2ZBQ,fbm0,ALREADY_OFF,offer already on DEFAULT
2026-08-18T08:05:04+00:00,FR,RWANDA-5GB-30D,B0H6MJZHP1,fbm0,DEACTIVATED,
2026-08-18T08:05:05+00:00,FR,RWANDA-20GB-30D,B0H6M66BWN,fbm0,DEACTIVATED,
2026-08-18T08:05:07+00:00,FR,SAINT-BARTHELEMY-3GB-15D,B0H6MDMD63,fbm0,ALREADY_OFF,offer already on DEFAULT
2026-08-18T08:05:09+00:00,FR,SAINT-BARTHELEMY-5GB-30D,B0H6MBS246,fbm0,DEACTIVATED,
2026-08-18T08:05:10+00:00,FR,SAINT-BARTHELEMY-20GB-30D,B0H6MJHHNB,fbm0,DEACTIVATED,
2026-08-18T08:05:12+00:00,FR,SAINT-KITTS-AND-NEVIS-3GB-15D,B0H6MDHJ2B,fbm0,DEACTIVATED,
2026-08-18T08:05:14+00:00,FR,SAINT-KITTS-AND-NEVIS-5GB-30D,B0H6MBK615,fbm0,DEACTIVATED,
2026-08-18T08:05:15+00:00,FR,SAINT-KITTS-AND-NEVIS-20GB-30D,B0H6MJQSR4,fbm0,DEACTIVATED,
2026-08-18T08:05:16+00:00,FR,SAINT-LUCIA-3GB-15D,B0H6M7Y1CD,fbm0,ALREADY_OFF,offer already on DEFAULT
2026-08-18T08:05:18+00:00,FR,SAINT-LUCIA-5GB-30D,B0H6MGBXNV,fbm0,DEACTIVATED,
2026-08-18T08:05:20+00:00,FR,SAINT-LUCIA-20GB-30D,B0H6MDX8DY,fbm0,ALREADY_OFF,offer already on DEFAULT
2026-08-18T08:05:21+00:00,FR,SAINT-MARTIN-3GB-15D,B0H6MDB2CN,fbm0,DEACTIVATED,
2026-08-18T08:05:23+00:00,FR,SAINT-MARTIN-5GB-30D,B0H6MC37Q1,fbm0,DEACTIVATED,
2026-08-18T08:05:25+00:00,FR,SAINT-MARTIN-20GB-30D,B0H6MF7K64,fbm0,DEACTIVATED,
2026-08-18T08:05:26+00:00,FR,SAINT-VINCENT-AND-THE-GRENADINES-3GB-15D,B0H6MF3FWZ,fbm0,ALREADY_OFF,offer already on DEFAULT
2026-08-18T08:05:27+00:00,FR,SAINT-VINCENT-AND-THE-GRENADINES-5GB-30D,B0H6MJXH8Z,fbm0,ALREADY_OFF,offer already on DEFAULT
2026-08-18T08:05:28+00:00,FR,SVG-20GB-30D,B0H6MWF5B5,fbm0,ALREADY_OFF,offer already on DEFAULT
2026-08-18T08:05:29+00:00,FR,SAMOA-3GB-15D,B0H6MGJ45S,fbm0,ALREADY_OFF,offer already on DEFAULT
2026-08-18T08:05:31+00:00,FR,SAMOA-5GB-30D,B0H6MFFZH1,fbm0,ALREADY_OFF,offer already on DEFAULT
2026-08-18T08:05:32+00:00,FR,SAMOA-20GB-30D,B0H6MJQDSM,fbm0,ALREADY_OFF,offer already on DEFAULT
2026-08-18T08:05:33+00:00,FR,SAN-MARINO-3GB-15D,B0H6MG33GL,fbm0,ALREADY_OFF,offer already on DEFAULT
2026-08-18T08:05:35+00:00,FR,SAN-MARINO-5GB-30D,B0H6ML6C38,fbm0,ALREADY_OFF,offer already on DEFAULT
2026-08-18T08:05:36+00:00,FR,SAN-MARINO-20GB-30D,B0H6MDHJFJ,fbm0,ALREADY_OFF,offer already on DEFAULT
2026-08-18T08:05:37+00:00,FR,SIERRA-LEONE-3GB-15D,B0H6MHPWKP,fbm0,ALREADY_OFF,offer already on DEFAULT
2026-08-18T08:05:38+00:00,FR,SIERRA-LEONE-5GB-30D,B0H6MBK6HZ,fbm0,ALREADY_OFF,offer already on DEFAULT
2026-08-18T08:05:40+00:00,FR,SIERRA-LEONE-20GB-30D,B0H6ML1JW1,fbm0,ALREADY_OFF,offer already on DEFAULT
2026-08-18T08:05:41+00:00,FR,SURINAME-3GB-15D,B0H6MLWJMY,fbm0,ALREADY_OFF,offer already on DEFAULT
2026-08-18T08:05:42+00:00,FR,SURINAME-5GB-30D,B0H6MNS3N5,fbm0,ALREADY_OFF,offer already on DEFAULT
2026-08-18T08:05:44+00:00,FR,SURINAME-20GB-30D,B0H6MNKY5H,fbm0,ALREADY_OFF,offer already on DEFAULT
2026-08-18T08:05:45+00:00,FR,TAJIKISTAN-3GB-15D,B0H6M7XFN6,fbm0,ALREADY_OFF,offer already on DEFAULT
2026-08-18T08:05:46+00:00,FR,TAJIKISTAN-5GB-30D,B0H6MFYMXZ,fbm0,ALREADY_OFF,offer already on DEFAULT
2026-08-18T08:05:47+00:00,FR,TAJIKISTAN-20GB-30D,B0H6M85C77,fbm0,ALREADY_OFF,offer already on DEFAULT
2026-08-18T08:05:49+00:00,FR,TRINIDAD-AND-TOBAGO-3GB-15D,B0H6MJTHXK,fbm0,ALREADY_OFF,offer already on DEFAULT
2026-08-18T08:05:50+00:00,FR,TRINIDAD-AND-TOBAGO-5GB-30D,B0H6MJTHY9,fbm0,ALREADY_OFF,offer already on DEFAULT
2026-08-18T08:05:51+00:00,FR,TRINIDAD-AND-TOBAGO-20GB-30D,B0H6MF31VP,fbm0,ALREADY_OFF,offer already on DEFAULT
2026-08-18T08:05:53+00:00,FR,TURKS-AND-CAICOS-ISLANDS-3GB-15D,B0H6MNNXGL,fbm0,ALREADY_OFF,offer already on DEFAULT
2026-08-18T08:05:54+00:00,FR,TURKS-AND-CAICOS-ISLANDS-5GB-30D,B0H6MLH1KM,fbm0,ALREADY_OFF,offer already on DEFAULT
2026-08-18T08:05:55+00:00,FR,TURKS-AND-CAICOS-ISLANDS-20GB-30D,B0H6MLBGX7,fbm0,ALREADY_OFF,offer already on DEFAULT
2026-08-18T08:05:56+00:00,FR,VATICAN-CITY-3GB-15D,B0H6MBMF8G,fbm0,ALREADY_OFF,offer already on DEFAULT
2026-08-18T08:05:58+00:00,FR,VATICAN-CITY-5GB-30D,B0H6M7YXNP,fbm0,ALREADY_OFF,offer already on DEFAULT
2026-08-18T08:05:59+00:00,FR,VATICAN-CITY-20GB-30D,B0H6MDPLZ9,fbm0,ALREADY_OFF,offer already on DEFAULT
2026-08-18T08:06:01+00:00,FR,CANADA-PREMIUM-3GB-15D,B0H6MJ1HMJ,fbm0,ALREADY_OFF,offer already on DEFAULT
2026-08-18T08:06:02+00:00,FR,CANADA-PREMIUM-5GB-30D,B0H6MPXGBN,fbm0,ALREADY_OFF,offer already on DEFAULT
2026-08-18T08:06:03+00:00,FR,CANADA-PREMIUM-20GB-30D,B0H6MJ9N4Y,fbm0,ALREADY_OFF,offer already on DEFAULT
2026-08-18T08:06:04+00:00,FR,AALAND-ISLANDS-3GB-15D,B0FR3CCSMB,fbm0,ALREADY_OFF,offer already on DEFAULT
2026-08-18T08:06:06+00:00,FR,AALAND-ISLANDS-5GB-30D,B0FR3G6JWB,fbm0,ALREADY_OFF,offer already on DEFAULT
2026-08-18T08:06:07+00:00,FR,AALAND-ISLANDS-20GB-30D,B0FR39Q1KJ,fbm0,ALREADY_OFF,offer already on DEFAULT
2026-08-18T08:06:08+00:00,FR,AFRICA-5GB-30D,B0FR3GK9Z7,fbm0,ALREADY_OFF,offer already on DEFAULT
2026-08-18T08:06:10+00:00,FR,ALBANIA-5GB-30D,B0FR4ZG3Z6,fbm0,ALREADY_OFF,offer already on DEFAULT
2026-08-18T08:06:11+00:00,FR,ARGENTINA-3GB-15D,B0FR554SXN,fbm0,ALREADY_OFF,offer already on DEFAULT
2026-08-18T08:06:12+00:00,FR,ARGENTINA-20GB-30D,B0FR5DCH33,fbm0,ALREADY_OFF,offer already on DEFAULT
2026-08-18T08:06:14+00:00,FR,ARMENIA-3GB-15D,B0FR5BK9R4,fbm0,ALREADY_OFF,offer already on DEFAULT
2026-08-18T08:06:15+00:00,FR,ARMENIA-20GB-30D,B0FR4ZT5XT,fbm0,ALREADY_OFF,offer already on DEFAULT
2026-08-18T08:06:16+00:00,FR,ASIA-20-3GB-15D,B0FR9FZ4RF,fbm0,ALREADY_OFF,offer already on DEFAULT
2026-08-18T08:06:17+00:00,FR,ASIA-20-5GB-30D,B0FR9BQNSV,fbm0,ALREADY_OFF,offer already on DEFAULT
2026-08-18T08:06:19+00:00,FR,AUSTRALIA-3GB-15D,B0FR9SKY4D,fbm0,ALREADY_OFF,offer already on DEFAULT
2026-08-18T08:06:20+00:00,FR,AUSTRALIA-5GB-30D,B0FR9JRB62,fbm0,ALREADY_OFF,offer already on DEFAULT
2026-08-18T08:06:21+00:00,FR,AUSTRALIA-20GB-30D,B0FR9G1ZQJ,fbm0,ALREADY_OFF,offer already on DEFAULT
2026-08-18T08:06:22+00:00,FR,AUSTRIA-3GB-15D,B0FR9QSMSP,fbm0,ALREADY_OFF,offer already on DEFAULT
2026-08-18T08:06:23+00:00,FR,AUSTRIA-5GB-30D,B0FR8XCH78,fbm0,ALREADY_OFF,offer already on DEFAULT
2026-08-18T08:06:25+00:00,FR,AUSTRIA-20GB-30D,B0FR8XBSBP,fbm0,ALREADY_OFF,offer already on DEFAULT
2026-08-18T08:06:26+00:00,FR,AZERBAIJAN-3GB-15D,B0FR9BTC98,fbm0,ALREADY_OFF,offer already on DEFAULT
2026-08-18T08:06:27+00:00,FR,BAHRAIN-3GB-15D,B0FR9K64KF,fbm0,ALREADY_OFF,offer already on DEFAULT
2026-08-18T08:06:28+00:00,FR,BANGLADESH-3GB-15D,B0FR9L7SG3,fbm0,ALREADY_OFF,offer already on DEFAULT
2026-08-18T08:06:30+00:00,FR,BANGLADESH-5GB-30D,B0FR9BQFCM,fbm0,ALREADY_OFF,offer already on DEFAULT
2026-08-18T08:06:31+00:00,FR,BANGLADESH-20GB-30D,B0FR8FJ3HJ,fbm0,ALREADY_OFF,offer already on DEFAULT
2026-08-18T08:06:32+00:00,FR,BELARUS-3GB-15D,B0FR9G3Z82,fbm0,ALREADY_OFF,offer already on DEFAULT
2026-08-18T08:06:34+00:00,FR,BELARUS-5GB-30D,B0FR8FFT4D,fbm0,ALREADY_OFF,offer already on DEFAULT
2026-08-18T08:06:35+00:00,FR,BELGIUM-3GB-15D,B0FR9G432K,fbm0,ALREADY_OFF,offer already on DEFAULT
2026-08-18T08:06:36+00:00,FR,BELGIUM-5GB-30D,B0FR9SXCW6,fbm0,ALREADY_OFF,offer already on DEFAULT
2026-08-18T08:06:37+00:00,FR,BELGIUM-20GB-30D,B0FR9BVRCH,fbm0,ALREADY_OFF,offer already on DEFAULT
2026-08-18T08:06:39+00:00,FR,BOLIVIA-3GB-15D,B0FR8FKPKH,fbm0,ALREADY_OFF,offer already on DEFAULT
2026-08-18T08:06:40+00:00,FR,BOLIVIA-20GB-30D,B0FR9RH588,fbm0,ALREADY_OFF,offer already on DEFAULT
2026-08-18T08:06:41+00:00,FR,BOSNIA-AND-HERZEGOVINA-3GB-15D,B0FR9G8ZVK,fbm0,ALREADY_OFF,offer already on DEFAULT
2026-08-18T08:06:42+00:00,FR,BOTSWANA-3GB-15D,B0FR9G7N2Q,fbm0,ALREADY_OFF,offer already on DEFAULT
2026-08-18T08:06:44+00:00,FR,BRAZIL-3GB-15D,B0FR9G5LKV,fbm0,ALREADY_OFF,offer already on DEFAULT
2026-08-18T08:06:45+00:00,FR,BRAZIL-20GB-30D,B0FR9KLZCR,fbm0,ALREADY_OFF,offer already on DEFAULT
2026-08-18T08:06:46+00:00,FR,BRUNEI-DARUSSALAM-3GB-15D,B0FR9KTJND,fbm0,ALREADY_OFF,offer already on DEFAULT
2026-08-18T08:06:47+00:00,FR,BRUNEI-DARUSSALAM-20GB-30D,B0FR9F971C,fbm0,ALREADY_OFF,offer already on DEFAULT
2026-08-18T08:06:48+00:00,FR,BURKINA-FASO-3GB-15D,B0FR9HWFSK,fbm0,ALREADY_OFF,offer already on DEFAULT
2026-08-18T08:06:50+00:00,FR,BURKINA-FASO-5GB-30D,B0FR9BWKSY,fbm0,ALREADY_OFF,offer already on DEFAULT
2026-08-18T08:06:51+00:00,FR,CAMEROON-3GB-15D,B0FR9VJ1ZB,fbm0,ALREADY_OFF,offer already on DEFAULT
2026-08-18T08:06:52+00:00,FR,CENTRAL-AFRICAN-REPUBLIC-3GB-15D,B0FR9RK8FP,fbm0,ALREADY_OFF,offer already on DEFAULT
2026-08-18T08:06:54+00:00,FR,CENTRAL-AFRICAN-REPUBLIC-5GB-30D,B0FR9R3NMC,fbm0,ALREADY_OFF,offer already on DEFAULT
2026-08-18T08:06:55+00:00,FR,CHAD-3GB-15D,B0FR9SG4MK,fbm0,ALREADY_OFF,offer already on DEFAULT
2026-08-18T08:06:56+00:00,FR,CHAD-5GB-30D,B0FR9L414C,fbm0,ALREADY_OFF,offer already on DEFAULT
2026-08-18T08:06:58+00:00,FR,CHILE-3GB-15D,B0FR9RY1RT,fbm0,ALREADY_OFF,offer already on DEFAULT
2026-08-18T08:06:59+00:00,FR,CHINA-3GB-15D,B0FR9QZ578,fbm0,ALREADY_OFF,offer already on DEFAULT
2026-08-18T08:07:00+00:00,FR,CHINA-5GB-30D,B0FR9HX7XH,fbm0,ALREADY_OFF,offer already on DEFAULT
2026-08-18T08:07:01+00:00,FR,CHINA-20GB-30D,B0FR9GD6X9,fbm0,ALREADY_OFF,offer already on DEFAULT
2026-08-18T08:07:03+00:00,FR,COLOMBIA-3GB-15D,B0FR9RL8W5,fbm0,ALREADY_OFF,offer already on DEFAULT
2026-08-18T08:07:04+00:00,FR,CAMBODIA-3GB-15D,B0FR8XKMJ4,fbm0,ALREADY_OFF,offer already on DEFAULT
2026-08-18T08:07:05+00:00,FR,CAMBODIA-20GB-30D,B0FR9GFJPL,fbm0,ALREADY_OFF,offer already on DEFAULT
2026-08-18T08:07:06+00:00,FR,COSTA-RICA-3GB-15D,B0FR9LNRMN,fbm0,ALREADY_OFF,offer already on DEFAULT
2026-08-18T08:07:07+00:00,FR,COTE-D-IVOIRE-3GB-15D,B0FR9HW9DJ,fbm0,ALREADY_OFF,offer already on DEFAULT
2026-08-18T08:07:09+00:00,FR,COTE-D-IVOIRE-5GB-30D,B0FR9V5LYJ,fbm0,ALREADY_OFF,offer already on DEFAULT
2026-08-18T08:07:10+00:00,FR,CROATIA-3GB-15D,B0FR9GDKT1,fbm0,ALREADY_OFF,offer already on DEFAULT
2026-08-18T08:07:11+00:00,FR,CROATIA-5GB-30D,B0FR9BVV58,fbm0,ALREADY_OFF,offer already on DEFAULT
2026-08-18T08:07:12+00:00,FR,CROATIA-20GB-30D,B0FR9TYCSL,fbm0,ALREADY_OFF,offer already on DEFAULT
2026-08-18T08:07:14+00:00,FR,CYPRUS-3GB-15D,B0FR8XJWWG,fbm0,ALREADY_OFF,offer already on DEFAULT
2026-08-18T08:07:15+00:00,FR,CYPRUS-5GB-30D,B0FR8XHWZV,fbm0,ALREADY_OFF,offer already on DEFAULT
2026-08-18T08:07:16+00:00,FR,CZECH-REPUBLIC-3GB-15D,B0FR9SB2Q3,fbm0,ALREADY_OFF,offer already on DEFAULT
2026-08-18T08:07:18+00:00,FR,CZECH-REPUBLIC-5GB-30D,B0FR9BY2LF,fbm0,ALREADY_OFF,offer already on DEFAULT
2026-08-18T08:07:19+00:00,FR,CZECH-REPUBLIC-20GB-30D,B0FR9SVN9H,fbm0,ALREADY_OFF,offer already on DEFAULT
2026-08-18T08:07:20+00:00,FR,DENMARK-3GB-15D,B0FR9GSNP4,fbm0,ALREADY_OFF,offer already on DEFAULT
2026-08-18T08:07:22+00:00,FR,DENMARK-5GB-30D,B0FR8XQYR4,fbm0,ALREADY_OFF,offer already on DEFAULT
2026-08-18T08:07:23+00:00,FR,DENMARK-20GB-30D,B0FR9QPF45,fbm0,ALREADY_OFF,offer already on DEFAULT
2026-08-18T08:07:24+00:00,FR,DOMINICAN-REPUBLIC-3GB-15D,B0FR9GSKZF,fbm0,ALREADY_OFF,offer already on DEFAULT
2026-08-18T08:07:26+00:00,FR,DOMINICAN-REPUBLIC-5GB-30D,B0FR9GQKCM,fbm0,ALREADY_OFF,offer already on DEFAULT
2026-08-18T08:07:27+00:00,FR,DOMINICAN-REPUBLIC-20GB-30D,B0FR9C6DJF,fbm0,ALREADY_OFF,offer already on DEFAULT
2026-08-18T08:07:28+00:00,FR,ECUADOR-3GB-15D,B0FR9RM6MP,fbm0,ALREADY_OFF,offer already on DEFAULT
2026-08-18T08:07:30+00:00,FR,EGYPT-3GB-15D,B0FR9C784N,fbm0,ALREADY_OFF,offer already on DEFAULT
2026-08-18T08:07:31+00:00,FR,EGYPT-5GB-30D,B0FR9LR5KJ,fbm0,ALREADY_OFF,offer already on DEFAULT
2026-08-18T08:07:32+00:00,FR,EGYPT-20GB-30D,B0FR9GQBGL,fbm0,ALREADY_OFF,offer already on DEFAULT
2026-08-18T08:07:33+00:00,FR,EL-SALVADOR-3GB-15D,B0FR9LJ7X4,fbm0,ALREADY_OFF,offer already on DEFAULT
2026-08-18T08:07:34+00:00,FR,ESTONIA-3GB-15D,B0FR9GST1S,fbm0,ALREADY_OFF,offer already on DEFAULT
2026-08-18T08:07:36+00:00,FR,ESTONIA-5GB-30D,B0FR9GQYKB,fbm0,ALREADY_OFF,offer already on DEFAULT
2026-08-18T08:07:37+00:00,FR,ESTONIA-20GB-30D,B0FR9L527N,fbm0,ALREADY_OFF,offer already on DEFAULT
2026-08-18T08:07:39+00:00,FR,EUROPE-40-AREAS-5GB-30D,B0FR9RYSSS,fbm0,ALREADY_OFF,offer already on DEFAULT
2026-08-18T08:07:40+00:00,FR,EUROPE-40-AREAS-20GB-30D,B0FR9TNPV3,fbm0,ALREADY_OFF,offer already on DEFAULT
2026-08-18T08:07:41+00:00,FR,FINLAND-3GB-15D,B0FR9GSND6,fbm0,ALREADY_OFF,offer already on DEFAULT
2026-08-18T08:07:42+00:00,FR,FINLAND-5GB-30D,B0FR9SB3BJ,fbm0,ALREADY_OFF,offer already on DEFAULT
2026-08-18T08:07:44+00:00,FR,FRANCE-3GB-15D,B0FR9C5ZB6,fbm0,ALREADY_OFF,offer already on DEFAULT
2026-08-18T08:07:45+00:00,FR,FRANCE-5GB-30D,B0FR9LMDW5,fbm0,ALREADY_OFF,offer already on DEFAULT
2026-08-18T08:07:46+00:00,FR,FRANCE-20GB-30D,B0FR9GPMC5,fbm0,ALREADY_OFF,offer already on DEFAULT
2026-08-18T08:07:47+00:00,FR,GABON-3GB-15D,B0FR9GPX9T,fbm0,ALREADY_OFF,offer already on DEFAULT
2026-08-18T08:07:49+00:00,FR,GEORGIA-3GB-15D,B0FR9KMX2N,fbm0,ALREADY_OFF,offer already on DEFAULT
2026-08-18T08:07:50+00:00,FR,GEORGIA-20GB-30D,B0FR9C73NK,fbm0,ALREADY_OFF,offer already on DEFAULT
2026-08-18T08:07:51+00:00,FR,GERMANY-3GB-15D,B0GSZBMLKV,fbm0,ALREADY_OFF,offer already on DEFAULT
2026-08-18T08:07:52+00:00,FR,GERMANY-5GB-30D,B0GSZDYWLZ,fbm0,ALREADY_OFF,offer already on DEFAULT
2026-08-18T08:07:54+00:00,FR,GERMANY-20GB-30D,B0GSZP9H94,fbm0,ALREADY_OFF,offer already on DEFAULT
2026-08-18T08:07:55+00:00,FR,GIBRALTAR-3GB-15D,B0FR8XSPMC,fbm0,ALREADY_OFF,offer already on DEFAULT
2026-08-18T08:07:56+00:00,FR,GLOBAL139-5GB-30D,B0FR9VNTLY,fbm0,ALREADY_OFF,offer already on DEFAULT
2026-08-18T08:07:58+00:00,FR,GREECE-3GB-15D,B0FR9L85F6,fbm0,ALREADY_OFF,offer already on DEFAULT
2026-08-18T08:07:59+00:00,FR,GREECE-5GB-30D,B0FR9C7SMF,fbm0,ALREADY_OFF,offer already on DEFAULT
2026-08-18T08:08:00+00:00,FR,GREECE-20GB-30D,B0FR9KJGBG,fbm0,ALREADY_OFF,offer already on DEFAULT
2026-08-18T08:08:01+00:00,FR,GUADELOUPE-3GB-15D,B0FR9TMVWK,fbm0,ALREADY_OFF,offer already on DEFAULT
2026-08-18T08:08:03+00:00,FR,GUADELOUPE-20GB-30D,B0FR8XTBF6,fbm0,ALREADY_OFF,offer already on DEFAULT
2026-08-18T08:08:04+00:00,FR,GUAM-3GB-15D,B0FR9GVSSF,fbm0,ALREADY_OFF,offer already on DEFAULT
2026-08-18T08:08:05+00:00,FR,GUAM-5GB-30D,B0FR9SVP8Y,fbm0,ALREADY_OFF,offer already on DEFAULT
2026-08-18T08:08:07+00:00,FR,GUAM-20GB-30D,B0FR9C7MGP,fbm0,ALREADY_OFF,offer already on DEFAULT
2026-08-18T08:08:08+00:00,FR,GUATEMALA-3GB-15D,B0FR9VC6VD,fbm0,ALREADY_OFF,offer already on DEFAULT
2026-08-18T08:08:10+00:00,FR,GUERNSEY-3GB-15D,B0FR9SMWDN,fbm0,ALREADY_OFF,offer already on DEFAULT
2026-08-18T08:08:11+00:00,FR,GUERNSEY-5GB-30D,B0FR9C5PXR,fbm0,ALREADY_OFF,offer already on DEFAULT
2026-08-18T08:08:12+00:00,FR,GUERNSEY-20GB-30D,B0FR9LYWWY,fbm0,ALREADY_OFF,offer already on DEFAULT
2026-08-18T08:08:13+00:00,FR,HONDURAS-3GB-15D,B0FR9ZYV5G,fbm0,ALREADY_OFF,offer already on DEFAULT
2026-08-18T08:08:15+00:00,FR,HONG-KONG-3GB-15D,B0FR9CC6Q8,fbm0,ALREADY_OFF,offer already on DEFAULT
2026-08-18T08:08:16+00:00,FR,HONG-KONG-5GB-30D,B0FR9GXYYL,fbm0,ALREADY_OFF,offer already on DEFAULT
2026-08-18T08:08:17+00:00,FR,HONG-KONG-20GB-30D,B0FR9GXZ6F,fbm0,ALREADY_OFF,offer already on DEFAULT
2026-08-18T08:08:18+00:00,FR,HUNGARY-3GB-15D,B0FR9C9JVW,fbm0,ALREADY_OFF,offer already on DEFAULT
2026-08-18T08:08:20+00:00,FR,HUNGARY-5GB-30D,B0FR9GY3R5,fbm0,ALREADY_OFF,offer already on DEFAULT
2026-08-18T08:08:21+00:00,FR,HUNGARY-20GB-30D,B0FR9ZVYYQ,fbm0,ALREADY_OFF,offer already on DEFAULT
2026-08-18T08:08:22+00:00,FR,ICELAND-3GB-15D,B0FR9TBBK1,fbm0,ALREADY_OFF,offer already on DEFAULT
2026-08-18T08:08:24+00:00,FR,ICELAND-5GB-30D,B0FR9ZWQBD,fbm0,ALREADY_OFF,offer already on DEFAULT
2026-08-18T08:08:25+00:00,FR,ICELAND-20GB-30D,B0FR9GX6LF,fbm0,ALREADY_OFF,offer already on DEFAULT
2026-08-18T08:08:26+00:00,FR,INDIA-3GB-15D,B0FR9ZM116,fbm0,ALREADY_OFF,offer already on DEFAULT
2026-08-18T08:08:28+00:00,FR,INDIA-5GB-30D,B0FR9GXWN9,fbm0,ALREADY_OFF,offer already on DEFAULT
2026-08-18T08:08:29+00:00,FR,INDIA-20GB-30D,B0FR9DYMHX,fbm0,ALREADY_OFF,offer already on DEFAULT
2026-08-18T08:08:30+00:00,FR,INDONESIA-3GB-15D,B0FR9T6QPZ,fbm0,ALREADY_OFF,offer already on DEFAULT
2026-08-18T08:08:32+00:00,FR,INDONESIA-5GB-30D,B0FR8XW5DR,fbm0,ALREADY_OFF,offer already on DEFAULT
2026-08-18T08:08:33+00:00,FR,INDONESIA-20GB-30D,B0FR9QXRDQ,fbm0,ALREADY_OFF,offer already on DEFAULT
2026-08-18T08:08:34+00:00,FR,IRELAND-3GB-15D,B0FR8XV57F,fbm0,ALREADY_OFF,offer already on DEFAULT
2026-08-18T08:08:35+00:00,FR,IRELAND-5GB-30D,B0FR9GYKQL,fbm0,ALREADY_OFF,offer already on DEFAULT
2026-08-18T08:08:37+00:00,FR,IRELAND-20GB-30D,B0FR9SZG2Z,fbm0,ALREADY_OFF,offer already on DEFAULT
2026-08-18T08:08:38+00:00,FR,ISLE-OF-MAN-3GB-15D,B0FR9LZ7RL,fbm0,ALREADY_OFF,offer already on DEFAULT
2026-08-18T08:08:39+00:00,FR,ISLE-OF-MAN-5GB-30D,B0FR9M27XY,fbm0,ALREADY_OFF,offer already on DEFAULT
2026-08-18T08:08:41+00:00,FR,ISLE-OF-MAN-20GB-30D,B0FR9CB5LK,fbm0,ALREADY_OFF,offer already on DEFAULT
2026-08-18T08:08:42+00:00,FR,ISRAEL-3GB-15D,B0FR9M11H1,fbm0,ALREADY_OFF,offer already on DEFAULT
2026-08-18T08:08:43+00:00,FR,ISRAEL-5GB-30D,B0FR8XVZZM,fbm0,ALREADY_OFF,offer already on DEFAULT
2026-08-18T08:08:45+00:00,FR,ISRAEL-20GB-30D,B0FR9K8SQ1,fbm0,ALREADY_OFF,offer already on DEFAULT
2026-08-18T08:08:46+00:00,FR,ITALY-3GB-15D,B0FR9GXZ18,fbm0,ALREADY_OFF,offer already on DEFAULT
2026-08-18T08:08:47+00:00,FR,ITALY-5GB-30D,B0FR9ZR2TH,fbm0,ALREADY_OFF,offer already on DEFAULT
2026-08-18T08:08:49+00:00,FR,ITALY-20GB-30D,B0FR9RNZV2,fbm0,ALREADY_OFF,offer already on DEFAULT
2026-08-18T08:08:50+00:00,FR,JAPAN-3GB-15D,B0FR9LVZVQ,fbm0,ALREADY_OFF,offer already on DEFAULT
2026-08-18T08:08:51+00:00,FR,JAPAN-5GB-30D,B0FR9TLXXH,fbm0,ALREADY_OFF,offer already on DEFAULT
2026-08-18T08:08:53+00:00,FR,JAPAN-20GB-30D,B0FR9RZKRB,fbm0,ALREADY_OFF,offer already on DEFAULT
2026-08-18T08:08:54+00:00,FR,JERSEY-3GB-15D,B0FR9GYMR5,fbm0,ALREADY_OFF,offer already on DEFAULT
2026-08-18T08:08:55+00:00,FR,JERSEY-5GB-30D,B0FR9M27GP,fbm0,ALREADY_OFF,offer already on DEFAULT
2026-08-18T08:08:56+00:00,FR,JERSEY-20GB-30D,B0FR9CBQDH,fbm0,ALREADY_OFF,offer already on DEFAULT
2026-08-18T08:08:58+00:00,FR,JORDAN-3GB-15D,B0FR9M144Z,fbm0,ALREADY_OFF,offer already on DEFAULT
2026-08-18T08:08:59+00:00,FR,JORDAN-5GB-30D,B0FR9ZTZNK,fbm0,ALREADY_OFF,offer already on DEFAULT
2026-08-18T08:09:00+00:00,FR,JORDAN-20GB-30D,B0FR9ST188,fbm0,ALREADY_OFF,offer already on DEFAULT
2026-08-18T08:09:01+00:00,FR,KAZAKHSTAN-3GB-15D,B0FR9T4DG2,fbm0,ALREADY_OFF,offer already on DEFAULT
2026-08-18T08:09:03+00:00,FR,KAZAKHSTAN-5GB-30D,B0FR9ZMMSH,fbm0,ALREADY_OFF,offer already on DEFAULT
2026-08-18T08:09:04+00:00,FR,KAZAKHSTAN-20GB-30D,B0FR9TLNNW,fbm0,ALREADY_OFF,offer already on DEFAULT
2026-08-18T08:09:05+00:00,FR,KENYA-3GB-15D,B0FR9GZ14G,fbm0,ALREADY_OFF,offer already on DEFAULT
2026-08-18T08:09:06+00:00,FR,KENYA-5GB-30D,B0FR9T4DG6,fbm0,ALREADY_OFF,offer already on DEFAULT
2026-08-18T08:09:08+00:00,FR,KUWAIT-3GB-15D,B0FR9LZJ3X,fbm0,ALREADY_OFF,offer already on DEFAULT
2026-08-18T08:09:09+00:00,FR,KUWAIT-5GB-30D,B0FR9M2TXP,fbm0,ALREADY_OFF,offer already on DEFAULT
2026-08-18T08:09:10+00:00,FR,KUWAIT-20GB-30D,B0FR9KBF4P,fbm0,ALREADY_OFF,offer already on DEFAULT
2026-08-18T08:09:11+00:00,FR,KYRGYZSTAN-3GB-15D,B0FR9TVF4R,fbm0,ALREADY_OFF,offer already on DEFAULT
2026-08-18T08:09:12+00:00,FR,KYRGYZSTAN-20GB-30D,B0FR8XXBHM,fbm0,ALREADY_OFF,offer already on DEFAULT
2026-08-18T08:09:14+00:00,FR,LATVIA-3GB-15D,B0FR9VM4K6,fbm0,ALREADY_OFF,offer already on DEFAULT
2026-08-18T08:09:15+00:00,FR,LATVIA-5GB-30D,B0FR9TR99S,fbm0,ALREADY_OFF,offer already on DEFAULT
2026-08-18T08:09:16+00:00,FR,LATVIA-20GB-30D,B0FR9SWN6V,fbm0,ALREADY_OFF,offer already on DEFAULT
2026-08-18T08:09:18+00:00,FR,LIBERIA-3GB-15D,B0FR9H18JQ,fbm0,ALREADY_OFF,offer already on DEFAULT
2026-08-18T08:09:19+00:00,FR,LIBERIA-5GB-30D,B0FR9SJ1YH,fbm0,ALREADY_OFF,offer already on DEFAULT
2026-08-18T08:09:20+00:00,FR,LIECHTENSTEIN-3GB-15D,B0FR9S35ZH,fbm0,ALREADY_OFF,offer already on DEFAULT
2026-08-18T08:09:22+00:00,FR,LITHUANIA-3GB-15D,B0FR9KS3P4,fbm0,ALREADY_OFF,offer already on DEFAULT
2026-08-18T08:09:23+00:00,FR,LITHUANIA-5GB-30D,B0FR9R598C,fbm0,ALREADY_OFF,offer already on DEFAULT
2026-08-18T08:09:25+00:00,FR,LITHUANIA-20GB-30D,B0FR9TQN8N,fbm0,ALREADY_OFF,offer already on DEFAULT
2026-08-18T08:09:26+00:00,FR,LUXEMBOURG-3GB-15D,B0FR9SHRKM,fbm0,ALREADY_OFF,offer already on DEFAULT
2026-08-18T08:09:27+00:00,FR,LUXEMBOURG-5GB-30D,B0FR9SB862,fbm0,ALREADY_OFF,offer already on DEFAULT
2026-08-18T08:09:28+00:00,FR,LUXEMBOURG-20GB-30D,B0FR8XXXZB,fbm0,ALREADY_OFF,offer already on DEFAULT
2026-08-18T08:09:30+00:00,FR,MACAO-3GB-15D,B0FR9M485M,fbm0,ALREADY_OFF,offer already on DEFAULT
2026-08-18T08:09:31+00:00,FR,MACAO-5GB-30D,B0FR9L9624,fbm0,ALREADY_OFF,offer already on DEFAULT
2026-08-18T08:09:32+00:00,FR,MACAO-20GB-30D,B0FR9CDBN2,fbm0,ALREADY_OFF,offer already on DEFAULT
2026-08-18T08:09:34+00:00,FR,MADAGASCAR-3GB-15D,B0FR9H2NS1,fbm0,ALREADY_OFF,offer already on DEFAULT
2026-08-18T08:09:35+00:00,FR,MALAWI-3GB-15D,B0FR9H3JDK,fbm0,ALREADY_OFF,offer already on DEFAULT
2026-08-18T08:09:36+00:00,FR,MALAWI-5GB-30D,B0FR9GXY24,fbm0,ALREADY_OFF,offer already on DEFAULT
2026-08-18T08:09:38+00:00,FR,MALAYSIA-3GB-15D,B0FR9H1Q65,fbm0,ALREADY_OFF,offer already on DEFAULT
2026-08-18T08:09:39+00:00,FR,MALAYSIA-5GB-30D,B0FR9LDGX8,fbm0,ALREADY_OFF,offer already on DEFAULT
2026-08-18T08:09:40+00:00,FR,MALAYSIA-20GB-30D,B0FR9VMWYD,fbm0,ALREADY_OFF,offer already on DEFAULT
2026-08-18T08:09:41+00:00,FR,MALI-3GB-15D,B0FR9TRDSY,fbm0,ALREADY_OFF,offer already on DEFAULT
2026-08-18T08:09:43+00:00,FR,MALTA-3GB-15D,B0FR9M3PNR,fbm0,ALREADY_OFF,offer already on DEFAULT
2026-08-18T08:09:44+00:00,FR,MALTA-5GB-30D,B0FR9ZSMTC,fbm0,ALREADY_OFF,offer already on DEFAULT
2026-08-18T08:09:45+00:00,FR,MALTA-20GB-30D,B0FR9VL1Q9,fbm0,ALREADY_OFF,offer already on DEFAULT
2026-08-18T08:09:46+00:00,FR,MEXICO-3GB-15D,B0FR9SZSTG,fbm0,ALREADY_OFF,offer already on DEFAULT
2026-08-18T08:09:48+00:00,FR,MEXICO-5GB-30D,B0FR9H2K1C,fbm0,ALREADY_OFF,offer already on DEFAULT
2026-08-18T08:09:49+00:00,FR,MEXICO-20GB-30D,B0FR9VDSJX,fbm0,ALREADY_OFF,offer already on DEFAULT
2026-08-18T08:09:50+00:00,FR,MIDDLE-EAST-5GB-30D,B0FR9SYKP6,fbm0,ALREADY_OFF,offer already on DEFAULT
2026-08-18T08:09:51+00:00,FR,MOLDOVA-3GB-15D,B0FR9CFQYY,fbm0,ALREADY_OFF,offer already on DEFAULT
2026-08-18T08:09:53+00:00,FR,MONACO-3GB-15D,B0FR9ZS6GM,fbm0,ALREADY_OFF,offer already on DEFAULT
2026-08-18T08:09:54+00:00,FR,MONACO-5GB-30D,B0FR9H1H4M,fbm0,ALREADY_OFF,offer already on DEFAULT
2026-08-18T08:09:55+00:00,FR,MONGOLIA-3GB-15D,B0FR9LSYTX,fbm0,ALREADY_OFF,offer already on DEFAULT
2026-08-18T08:09:57+00:00,FR,MONTENEGRO-3GB-15D,B0FR9R5HR7,fbm0,ALREADY_OFF,offer already on DEFAULT
2026-08-18T08:09:58+00:00,FR,MOROCCO-3GB-15D,B0FR9CFZQR,fbm0,ALREADY_OFF,offer already on DEFAULT
2026-08-18T08:09:59+00:00,FR,MOROCCO-5GB-30D,B0FR9CDDQ8,fbm0,ALREADY_OFF,offer already on DEFAULT
2026-08-18T08:10:00+00:00,FR,MOROCCO-20GB-30D,B0FR9M57DY,fbm0,ALREADY_OFF,offer already on DEFAULT
2026-08-18T08:10:01+00:00,FR,MOZAMBIQUE-3GB-15D,B0FRB1M6HK,fbm0,ALREADY_OFF,offer already on DEFAULT
2026-08-18T08:10:03+00:00,FR,MOZAMBIQUE-20GB-30D,B0FR9CFLS7,fbm0,ALREADY_OFF,offer already on DEFAULT
2026-08-18T08:10:04+00:00,FR,NEPAL-3GB-15D,B0FRB1TD7L,fbm0,ALREADY_OFF,offer already on DEFAULT
2026-08-18T08:10:05+00:00,FR,NETHERLANDS-3GB-15D,B0FRB5GNM2,fbm0,ALREADY_OFF,offer already on DEFAULT
2026-08-18T08:10:06+00:00,FR,NETHERLANDS-5GB-30D,B0FR9NHP7Q,fbm0,ALREADY_OFF,offer already on DEFAULT
2026-08-18T08:10:08+00:00,FR,NETHERLANDS-20GB-30D,B0FR9NG7LB,fbm0,ALREADY_OFF,offer already on DEFAULT
2026-08-18T08:10:09+00:00,FR,NEW-ZEALAND-3GB-15D,B0FR9NKXF5,fbm0,ALREADY_OFF,offer already on DEFAULT
2026-08-18T08:10:10+00:00,FR,NEW-ZEALAND-5GB-30D,B0FR9NHFWQ,fbm0,ALREADY_OFF,offer already on DEFAULT
2026-08-18T08:10:12+00:00,FR,NEW-ZEALAND-20GB-30D,B0FRB1TWT8,fbm0,ALREADY_OFF,offer already on DEFAULT
2026-08-18T08:10:13+00:00,FR,NICARAGUA-3GB-15D,B0FRB33MPG,fbm0,ALREADY_OFF,offer already on DEFAULT
2026-08-18T08:10:14+00:00,FR,NIGER-3GB-15D,B0FR9NPT1H,fbm0,ALREADY_OFF,offer already on DEFAULT
2026-08-18T08:10:16+00:00,FR,NIGERIA-3GB-15D,B0FR9X17QY,fbm0,ALREADY_OFF,offer already on DEFAULT
2026-08-18T08:10:17+00:00,FR,NORTH-AMERICA-5GB-30D,B0FRBDQ8H5,fbm0,ALREADY_OFF,offer already on DEFAULT
2026-08-18T08:10:19+00:00,FR,NORTH-MACEDONIA-3GB-15D,B0FRB59DJS,fbm0,ALREADY_OFF,offer already on DEFAULT
2026-08-18T08:10:20+00:00,FR,NORTH-MACEDONIA-5GB-30D,B0FR9WNHHX,fbm0,ALREADY_OFF,offer already on DEFAULT
2026-08-18T08:10:21+00:00,FR,NORWAY-3GB-15D,B0FR9WNK2H,fbm0,ALREADY_OFF,offer already on DEFAULT
2026-08-18T08:10:22+00:00,FR,NORWAY-5GB-30D,B0FRBNPZ9D,fbm0,ALREADY_OFF,offer already on DEFAULT
2026-08-18T08:10:24+00:00,FR,NORWAY-20GB-30D,B0FRB572L8,fbm0,ALREADY_OFF,offer already on DEFAULT
2026-08-18T08:10:25+00:00,FR,OMAN-3GB-15D,B0FRB4BL4W,fbm0,ALREADY_OFF,offer already on DEFAULT
2026-08-18T08:10:26+00:00,FR,OMAN-20GB-30D,B0FRB4R3FK,fbm0,ALREADY_OFF,offer already on DEFAULT
2026-08-18T08:10:27+00:00,FR,PAKISTAN-3GB-15D,B0FRB4HL3B,fbm0,ALREADY_OFF,offer already on DEFAULT
2026-08-18T08:10:29+00:00,FR,PAKISTAN-5GB-30D,B0FRB48QKZ,fbm0,ALREADY_OFF,offer already on DEFAULT
2026-08-18T08:10:30+00:00,FR,PAKISTAN-20GB-30D,B0FRB691X8,fbm0,ALREADY_OFF,offer already on DEFAULT
2026-08-18T08:10:31+00:00,FR,PANAMA-3GB-15D,B0FRB3VFW6,fbm0,ALREADY_OFF,offer already on DEFAULT
2026-08-18T08:10:33+00:00,FR,PARAGUAY-3GB-15D,B0FRB3V7CS,fbm0,ALREADY_OFF,offer already on DEFAULT
2026-08-18T08:10:34+00:00,FR,PHILIPPINES-3GB-15D,B0FRB1GVXK,fbm0,ALREADY_OFF,offer already on DEFAULT
2026-08-18T08:10:35+00:00,FR,PHILIPPINES-5GB-30D,B0FRB4VCKG,fbm0,ALREADY_OFF,offer already on DEFAULT
2026-08-18T08:10:36+00:00,FR,PHILIPPINES-20GB-30D,B0FRB4K2D4,fbm0,ALREADY_OFF,offer already on DEFAULT
2026-08-18T08:10:38+00:00,FR,POLAND-3GB-15D,B0FRB4JVKR,fbm0,ALREADY_OFF,offer already on DEFAULT
2026-08-18T08:10:39+00:00,FR,POLAND-5GB-30D,B0FRBDPQ9J,fbm0,ALREADY_OFF,offer already on DEFAULT
2026-08-18T08:10:40+00:00,FR,POLAND-20GB-30D,B0FRB5HSK7,fbm0,ALREADY_OFF,offer already on DEFAULT
2026-08-18T08:10:42+00:00,FR,PORTUGAL-3GB-15D,B0FRB4314T,fbm0,ALREADY_OFF,offer already on DEFAULT
2026-08-18T08:10:43+00:00,FR,PORTUGAL-5GB-30D,B0FRB4X799,fbm0,ALREADY_OFF,offer already on DEFAULT
2026-08-18T08:10:44+00:00,FR,PORTUGAL-20GB-30D,B0FRB354KV,fbm0,ALREADY_OFF,offer already on DEFAULT
2026-08-18T08:10:45+00:00,FR,PUERTO-RICO-3GB-15D,B0FRB5MSF1,fbm0,ALREADY_OFF,offer already on DEFAULT
2026-08-18T08:10:47+00:00,FR,PUERTO-RICO-5GB-30D,B0FR9WMX9V,fbm0,ALREADY_OFF,offer already on DEFAULT
2026-08-18T08:10:48+00:00,FR,QATAR-3GB-15D,B0FR9NXH43,fbm0,ALREADY_OFF,offer already on DEFAULT
2026-08-18T08:10:49+00:00,FR,QATAR-5GB-30D,B0FR9X5KB1,fbm0,ALREADY_OFF,offer already on DEFAULT
2026-08-18T08:10:50+00:00,FR,QATAR-20GB-30D,B0FR9X3QGM,fbm0,ALREADY_OFF,offer already on DEFAULT
2026-08-18T08:10:52+00:00,FR,REUNION-3GB-15D,B0FRB3KCNQ,fbm0,ALREADY_OFF,offer already on DEFAULT
2026-08-18T08:10:53+00:00,FR,REUNION-5GB-30D,B0FRB47TQW,fbm0,ALREADY_OFF,offer already on DEFAULT
2026-08-18T08:10:54+00:00,FR,SAUDI-ARABIA-3GB-15D,B0FRB3N2KL,fbm0,ALREADY_OFF,offer already on DEFAULT
2026-08-18T08:10:56+00:00,FR,SAUDI-ARABIA-5GB-30D,B0FRB1SRZY,fbm0,ALREADY_OFF,offer already on DEFAULT
2026-08-18T08:10:57+00:00,FR,SAUDI-ARABIA-20GB-30D,B0FRB5PZTS,fbm0,ALREADY_OFF,offer already on DEFAULT
2026-08-18T08:10:58+00:00,FR,SENEGAL-3GB-15D,B0FRB4HX92,fbm0,ALREADY_OFF,offer already on DEFAULT
2026-08-18T08:10:59+00:00,FR,SENEGAL-5GB-30D,B0FRB68H77,fbm0,ALREADY_OFF,offer already on DEFAULT
2026-08-18T08:11:01+00:00,FR,SERBIA-3GB-15D,B0FRB5TJV2,fbm0,ALREADY_OFF,offer already on DEFAULT
2026-08-18T08:11:02+00:00,FR,SERBIA-20GB-30D,B0FRB5K8JC,fbm0,ALREADY_OFF,offer already on DEFAULT
2026-08-18T08:11:03+00:00,FR,SEYCHELLES-3GB-15D,B0FRB55T3H,fbm0,ALREADY_OFF,offer already on DEFAULT
2026-08-18T08:11:05+00:00,FR,SEYCHELLES-5GB-30D,B0FR9P7N6M,fbm0,ALREADY_OFF,offer already on DEFAULT
2026-08-18T08:11:06+00:00,FR,SINGAPORE-5GB-30D,B0FR9X3Y3R,fbm0,ALREADY_OFF,offer already on DEFAULT
2026-08-18T08:11:07+00:00,FR,SINGAPORE-20GB-30D,B0FRB256K8,fbm0,ALREADY_OFF,offer already on DEFAULT
2026-08-18T08:11:08+00:00,FR,SLOVAKIA-3GB-15D,B0FR9XC4BW,fbm0,ALREADY_OFF,offer already on DEFAULT
2026-08-18T08:11:10+00:00,FR,SLOVAKIA-5GB-30D,B0FRB2X84M,fbm0,ALREADY_OFF,offer already on DEFAULT
2026-08-18T08:11:11+00:00,FR,SLOVAKIA-20GB-30D,B0FRB14YYC,fbm0,ALREADY_OFF,offer already on DEFAULT
2026-08-18T08:11:12+00:00,FR,SLOVENIA-3GB-15D,B0FR9XCF27,fbm0,ALREADY_OFF,offer already on DEFAULT
2026-08-18T08:11:13+00:00,FR,SLOVENIA-5GB-30D,B0FRB3SJMR,fbm0,ALREADY_OFF,offer already on DEFAULT
2026-08-18T08:11:15+00:00,FR,SLOVENIA-20GB-30D,B0FR9X15V2,fbm0,ALREADY_OFF,offer already on DEFAULT
2026-08-18T08:11:16+00:00,FR,SOUTH-AFRICA-5GB-30D,B0FRB3R6F3,fbm0,ALREADY_OFF,offer already on DEFAULT
2026-08-18T08:11:17+00:00,FR,SOUTH-AMERICA-5GB-30D,B0FRB8D7HC,fbm0,ALREADY_OFF,offer already on DEFAULT
2026-08-18T08:11:18+00:00,FR,SOUTH-KOREA-3GB-15D,B0FRC4RTDF,fbm0,ALREADY_OFF,offer already on DEFAULT
2026-08-18T08:11:20+00:00,FR,SOUTH-KOREA-5GB-30D,B0FRD9LC4C,fbm0,ALREADY_OFF,offer already on DEFAULT
2026-08-18T08:11:21+00:00,FR,SOUTH-KOREA-20GB-30D,B0FRC4P51Z,fbm0,ALREADY_OFF,offer already on DEFAULT
2026-08-18T08:11:22+00:00,FR,SPAIN-3GB-15D,B0FRCDHTZ7,fbm0,ALREADY_OFF,offer already on DEFAULT
2026-08-18T08:11:23+00:00,FR,SPAIN-5GB-30D,B0FRBQCLZN,fbm0,ALREADY_OFF,offer already on DEFAULT
2026-08-18T08:11:24+00:00,FR,SPAIN-20GB-30D,B0FRCMPGPL,fbm0,ALREADY_OFF,offer already on DEFAULT
2026-08-18T08:11:26+00:00,FR,SRI-LANKA-3GB-15D,B0FRB7Z1NW,fbm0,ALREADY_OFF,offer already on DEFAULT
2026-08-18T08:11:27+00:00,FR,SRI-LANKA-5GB-30D,B0FRB64B8M,fbm0,ALREADY_OFF,offer already on DEFAULT
2026-08-18T08:11:28+00:00,FR,SRI-LANKA-20GB-30D,B0FRC2DZN5,fbm0,ALREADY_OFF,offer already on DEFAULT
2026-08-18T08:11:29+00:00,FR,SUDAN-3GB-15D,B0FRCKTXNQ,fbm0,ALREADY_OFF,offer already on DEFAULT
2026-08-18T08:11:30+00:00,FR,SUDAN-5GB-30D,B0FRC799N3,fbm0,ALREADY_OFF,offer already on DEFAULT
2026-08-18T08:11:32+00:00,FR,SWEDEN-3GB-15D,B0FRCC6W9S,fbm0,ALREADY_OFF,offer already on DEFAULT
2026-08-18T08:11:33+00:00,FR,SWEDEN-5GB-30D,B0FRCS524D,fbm0,ALREADY_OFF,offer already on DEFAULT
2026-08-18T08:11:34+00:00,FR,SWEDEN-20GB-30D,B0FRB7X5SP,fbm0,ALREADY_OFF,offer already on DEFAULT
2026-08-18T08:11:35+00:00,FR,SWITZERLAND-3GB-15D,B0FRB5LFVC,fbm0,ALREADY_OFF,offer already on DEFAULT
2026-08-18T08:11:37+00:00,FR,SWITZERLAND-5GB-30D,B0FRB7G4VW,fbm0,ALREADY_OFF,offer already on DEFAULT
2026-08-18T08:11:38+00:00,FR,SWITZERLAND-20GB-30D,B0FRB6VY7S,fbm0,ALREADY_OFF,offer already on DEFAULT
2026-08-18T08:11:39+00:00,FR,TANZANIA-3GB-15D,B0FRC81NPJ,fbm0,ALREADY_OFF,offer already on DEFAULT
2026-08-18T08:11:41+00:00,FR,THAILAND-3GB-15D,B0FRCDPJSH,fbm0,ALREADY_OFF,offer already on DEFAULT
2026-08-18T08:11:42+00:00,FR,THAILAND-5GB-30D,B0FR9Q5D1J,fbm0,ALREADY_OFF,offer already on DEFAULT
2026-08-18T08:11:43+00:00,FR,THAILAND-20GB-30D,B0FRCHW3MW,fbm0,ALREADY_OFF,offer already on DEFAULT
2026-08-18T08:11:45+00:00,FR,TUNISIA-5GB-30D,B0FRB7Q96Z,fbm0,ALREADY_OFF,offer already on DEFAULT
2026-08-18T08:11:46+00:00,FR,TURKEY-3GB-15D,B0FRC2PSHM,fbm0,ALREADY_OFF,offer already on DEFAULT
2026-08-18T08:11:47+00:00,FR,TURKEY-5GB-30D,B0FRCBZ1BB,fbm0,ALREADY_OFF,offer already on DEFAULT
2026-08-18T08:11:49+00:00,FR,TURKEY-20GB-30D,B0FRCYMWCX,fbm0,ALREADY_OFF,offer already on DEFAULT
2026-08-18T08:11:50+00:00,FR,UGANDA-3GB-15D,B0FRB7F7Z9,fbm0,ALREADY_OFF,offer already on DEFAULT
2026-08-18T08:11:51+00:00,FR,UKRAINE-3GB-15D,B0FRB9SBFR,fbm0,ALREADY_OFF,offer already on DEFAULT
2026-08-18T08:11:53+00:00,FR,UKRAINE-5GB-30D,B0FRC2NRKG,fbm0,ALREADY_OFF,offer already on DEFAULT
2026-08-18T08:11:54+00:00,FR,UNITED-ARAB-EMIRATES-3GB-15D,B0FRBBYBGH,fbm0,ALREADY_OFF,offer already on DEFAULT
2026-08-18T08:11:55+00:00,FR,UNITED-ARAB-EMIRATES-5GB-30D,B0FRB89XHX,fbm0,ALREADY_OFF,offer already on DEFAULT
2026-08-18T08:11:57+00:00,FR,UNITED-ARAB-EMIRATES-20GB-30D,B0FRB7TFJR,fbm0,ALREADY_OFF,offer already on DEFAULT
2026-08-18T08:11:58+00:00,FR,UNITED-KINGDOM-3GB-15D,B0FRCPD8TS,fbm0,ALREADY_OFF,offer already on DEFAULT
2026-08-18T08:11:59+00:00,FR,UNITED-KINGDOM-5GB-30D,B0FRDDRGJF,fbm0,ALREADY_OFF,offer already on DEFAULT
2026-08-18T08:12:00+00:00,FR,UNITED-KINGDOM-20GB-30D,B0FRDGCBTN,fbm0,ALREADY_OFF,offer already on DEFAULT
2026-08-18T08:12:02+00:00,FR,UNITED-STATES-3GB-15D,B0FRCFXK3V,fbm0,ALREADY_OFF,offer already on DEFAULT
2026-08-18T08:12:03+00:00,FR,UNITED-STATES-5GB-30D,B0FRC2PQ8H,fbm0,ALREADY_OFF,offer already on DEFAULT
2026-08-18T08:12:04+00:00,FR,URUGUAY-3GB-15D,B0FRB7LHGN,fbm0,ALREADY_OFF,offer already on DEFAULT
2026-08-18T08:12:06+00:00,FR,UZBEKISTAN-5GB-30D,B0FRBWFZ6M,fbm0,ALREADY_OFF,offer already on DEFAULT
2026-08-18T08:12:07+00:00,FR,VIETNAM-3GB-15D,B0FRBR2DHW,fbm0,ALREADY_OFF,offer already on DEFAULT
2026-08-18T08:12:08+00:00,FR,VIETNAM-5GB-30D,B0FRCBXRGV,fbm0,ALREADY_OFF,offer already on DEFAULT
2026-08-18T08:12:09+00:00,FR,VIETNAM-20GB-30D,B0FRC2NKC4,fbm0,ALREADY_OFF,offer already on DEFAULT
2026-08-18T08:12:11+00:00,FR,ZAMBIA-5GB-30D,B0FRCL97L4,fbm0,ALREADY_OFF,offer already on DEFAULT
2026-08-18T08:12:12+00:00,FR,GAMBIA-3GB-15D,B0H2FTMBBQ,fbm0,ALREADY_OFF,offer already on DEFAULT
2026-08-18T08:12:13+00:00,FR,GAMBIA-5GB-30D,B0H2FQ3QJ9,fbm0,ALREADY_OFF,offer already on DEFAULT
2026-08-18T08:12:14+00:00,FR,MAURITIUS-5GB-30D,B0H2G2XMS3,fbm0,ALREADY_OFF,offer already on DEFAULT
2026-08-18T08:12:16+00:00,FR,LT_3_15,B0FR9KS3P4,fbm0,ALREADY_OFF,offer already on DEFAULT
2026-08-18T08:12:17+00:00,FR,LT_5_30,B0FR9R598C,fbm0,ALREADY_OFF,offer already on DEFAULT
2026-08-18T08:12:18+00:00,FR,LU_20_30,B0FR8XXXZB,fbm0,ALREADY_OFF,offer already on DEFAULT
2026-08-18T08:12:20+00:00,FR,LU_3_15,B0FR9SHRKM,fbm0,ALREADY_OFF,offer already on DEFAULT
2026-08-18T08:12:21+00:00,FR,LU_5_30,B0FR9SB862,fbm0,ALREADY_OFF,offer already on DEFAULT
2026-08-18T08:12:22+00:00,FR,LV_20_30,B0FR9SWN6V,fbm0,ALREADY_OFF,offer already on DEFAULT
2026-08-18T08:12:24+00:00,FR,LV_3_15,B0FR9VM4K6,fbm0,ALREADY_OFF,offer already on DEFAULT
2026-08-18T08:12:25+00:00,FR,MA_5_30,B0FR9CDDQ8,fbm0,ALREADY_OFF,offer already on DEFAULT
2026-08-18T08:12:27+00:00,FR,MC_3_15,B0FR9ZS6GM,fbm0,ALREADY_OFF,offer already on DEFAULT
2026-08-18T08:12:28+00:00,FR,MD_3_15,B0FR9CFQYY,fbm0,ALREADY_OFF,offer already on DEFAULT
2026-08-18T08:12:29+00:00,FR,ME-13_5_30,B0FR9SYKP6,fbm0,ALREADY_OFF,offer already on DEFAULT
2026-08-18T08:12:31+00:00,FR,ME_3_15,B0FR9R5HR7,fbm0,ALREADY_OFF,offer already on DEFAULT
2026-08-18T08:12:32+00:00,FR,MG_3_15,B0FR9H2NS1,fbm0,ALREADY_OFF,offer already on DEFAULT
2026-08-18T08:12:33+00:00,FR,MK_3_15,B0FRB59DJS,fbm0,ALREADY_OFF,offer already on DEFAULT
2026-08-18T08:12:34+00:00,FR,MK_5_30,B0FR9WNHHX,fbm0,ALREADY_OFF,offer already on DEFAULT
2026-08-18T08:12:36+00:00,FR,ML_3_15,B0FR9TRDSY,fbm0,ALREADY_OFF,offer already on DEFAULT
2026-08-18T08:12:37+00:00,FR,MN_3_15,B0FR9LSYTX,fbm0,ALREADY_OFF,offer already on DEFAULT
2026-08-18T08:12:38+00:00,FR,MO_20_30,B0FR9CDBN2,fbm0,ALREADY_OFF,offer already on DEFAULT
2026-08-18T08:12:39+00:00,FR,MO_3_15,B0FR9M485M,fbm0,ALREADY_OFF,offer already on DEFAULT
2026-08-18T08:12:41+00:00,FR,MO_5_30,B0FR9L9624,fbm0,ALREADY_OFF,offer already on DEFAULT
2026-08-18T08:12:42+00:00,FR,MT_20_30,B0FR9VL1Q9,fbm0,ALREADY_OFF,offer already on DEFAULT
2026-08-18T08:12:43+00:00,FR,MT_3_15,B0FR9M3PNR,fbm0,ALREADY_OFF,offer already on DEFAULT
2026-08-18T08:12:44+00:00,FR,MT_5_30,B0FR9ZSMTC,fbm0,ALREADY_OFF,offer already on DEFAULT
2026-08-18T08:12:46+00:00,FR,MW_3_15,B0FR9H3JDK,fbm0,ALREADY_OFF,offer already on DEFAULT
2026-08-18T08:12:47+00:00,FR,MW_5_30,B0FR9GXY24,fbm0,ALREADY_OFF,offer already on DEFAULT
2026-08-18T08:12:48+00:00,FR,MX_20_30,B0FR9VDSJX,fbm0,ALREADY_OFF,offer already on DEFAULT
2026-08-18T08:12:50+00:00,FR,MX_3_15,B0FR9SZSTG,fbm0,ALREADY_OFF,offer already on DEFAULT
2026-08-18T08:12:51+00:00,FR,MX_5_30,B0FR9H2K1C,fbm0,ALREADY_OFF,offer already on DEFAULT
2026-08-18T08:12:52+00:00,FR,MY_20_30,B0FR9VMWYD,fbm0,ALREADY_OFF,offer already on DEFAULT
2026-08-18T08:12:54+00:00,FR,MY_3_15,B0FR9H1Q65,fbm0,ALREADY_OFF,offer already on DEFAULT
2026-08-18T08:12:55+00:00,FR,MY_5_30,B0FR9LDGX8,fbm0,ALREADY_OFF,offer already on DEFAULT
2026-08-18T08:12:56+00:00,FR,MZ_20_30,B0FR9CFLS7,fbm0,ALREADY_OFF,offer already on DEFAULT
2026-08-18T08:12:57+00:00,FR,MZ_3_15,B0FRB1M6HK,fbm0,ALREADY_OFF,offer already on DEFAULT
2026-08-18T08:12:59+00:00,FR,NA-3_5_30,B0FRBDQ8H5,fbm0,ALREADY_OFF,offer already on DEFAULT
2026-08-18T08:13:00+00:00,FR,NE_3_15,B0FR9NPT1H,fbm0,ALREADY_OFF,offer already on DEFAULT
2026-08-18T08:13:01+00:00,FR,NG_3_15,B0FR9X17QY,fbm0,ALREADY_OFF,offer already on DEFAULT
2026-08-18T08:13:02+00:00,FR,NI_3_15,B0FRB33MPG,fbm0,ALREADY_OFF,offer already on DEFAULT
2026-08-18T08:13:03+00:00,FR,NL_20_30,B0FR9NG7LB,fbm0,ALREADY_OFF,offer already on DEFAULT
2026-08-18T08:13:05+00:00,FR,NL_3_15,B0FRB5GNM2,fbm0,ALREADY_OFF,offer already on DEFAULT
2026-08-18T08:13:06+00:00,FR,NL_5_30,B0FR9NHP7Q,fbm0,ALREADY_OFF,offer already on DEFAULT
2026-08-18T08:13:07+00:00,FR,NO_20_30,B0FRB572L8,fbm0,ALREADY_OFF,offer already on DEFAULT
2026-08-18T08:13:08+00:00,FR,NO_3_15,B0FR9WNK2H,fbm0,ALREADY_OFF,offer already on DEFAULT
2026-08-18T08:13:09+00:00,FR,NO_5_30,B0FRBNPZ9D,fbm0,ALREADY_OFF,offer already on DEFAULT
2026-08-18T08:13:11+00:00,FR,NP_3_15,B0FRB1TD7L,fbm0,ALREADY_OFF,offer already on DEFAULT
2026-08-18T08:13:12+00:00,FR,NZ_20_30,B0FRB1TWT8,fbm0,ALREADY_OFF,offer already on DEFAULT
2026-08-18T08:13:13+00:00,FR,NZ_3_15,B0FR9NKXF5,fbm0,ALREADY_OFF,offer already on DEFAULT
2026-08-18T08:13:14+00:00,FR,NZ_5_30,B0FR9NHFWQ,fbm0,ALREADY_OFF,offer already on DEFAULT
2026-08-18T08:13:16+00:00,FR,OM_20_30,B0FRB4R3FK,fbm0,ALREADY_OFF,offer already on DEFAULT
2026-08-18T08:13:17+00:00,FR,OM_3_15,B0FRB4BL4W,fbm0,ALREADY_OFF,offer already on DEFAULT
2026-08-18T08:13:18+00:00,FR,PA_3_15,B0FRB3VFW6,fbm0,ALREADY_OFF,offer already on DEFAULT
2026-08-18T08:13:20+00:00,FR,PH_20_30,B0FRB4K2D4,fbm0,ALREADY_OFF,offer already on DEFAULT
2026-08-18T08:13:21+00:00,FR,PH_3_15,B0FRB1GVXK,fbm0,ALREADY_OFF,offer already on DEFAULT
2026-08-18T08:13:22+00:00,FR,PH_5_30,B0FRB4VCKG,fbm0,ALREADY_OFF,offer already on DEFAULT
2026-08-18T08:13:24+00:00,FR,PK_20_30,B0FRB691X8,fbm0,ALREADY_OFF,offer already on DEFAULT
2026-08-18T08:13:25+00:00,FR,PK_3_15,B0FRB4HL3B,fbm0,ALREADY_OFF,offer already on DEFAULT
2026-08-18T08:13:26+00:00,FR,PK_5_30,B0FRB48QKZ,fbm0,ALREADY_OFF,offer already on DEFAULT
2026-08-18T08:13:27+00:00,FR,PL_20_30,B0FRB5HSK7,fbm0,ALREADY_OFF,offer already on DEFAULT
2026-08-18T08:13:29+00:00,FR,PL_3_15,B0FRB4JVKR,fbm0,ALREADY_OFF,offer already on DEFAULT
2026-08-18T08:13:30+00:00,FR,PL_5_30,B0FRBDPQ9J,fbm0,ALREADY_OFF,offer already on DEFAULT
2026-08-18T08:13:31+00:00,FR,PR_3_15,B0FRB5MSF1,fbm0,ALREADY_OFF,offer already on DEFAULT
2026-08-18T08:13:33+00:00,FR,PR_5_30,B0FR9WMX9V,fbm0,ALREADY_OFF,offer already on DEFAULT
2026-08-18T08:13:34+00:00,FR,PT_20_30,B0FRB354KV,fbm0,ALREADY_OFF,offer already on DEFAULT
2026-08-18T08:13:36+00:00,FR,PT_3_15,B0FRB4314T,fbm0,ALREADY_OFF,offer already on DEFAULT
2026-08-18T08:13:37+00:00,FR,PT_5_30,B0FRB4X799,fbm0,ALREADY_OFF,offer already on DEFAULT
2026-08-18T08:13:38+00:00,FR,PY_3_15,B0FRB3V7CS,fbm0,ALREADY_OFF,offer already on DEFAULT
2026-08-18T08:13:39+00:00,FR,QA_20_30,B0FR9X3QGM,fbm0,ALREADY_OFF,offer already on DEFAULT
2026-08-18T08:13:41+00:00,FR,QA_3_15,B0FR9NXH43,fbm0,ALREADY_OFF,offer already on DEFAULT
2026-08-18T08:13:42+00:00,FR,QA_5_30,B0FR9X5KB1,fbm0,ALREADY_OFF,offer already on DEFAULT
2026-08-18T08:13:43+00:00,FR,RE_3_15,B0FRB3KCNQ,fbm0,ALREADY_OFF,offer already on DEFAULT
2026-08-18T08:13:45+00:00,FR,RE_5_30,B0FRB47TQW,fbm0,ALREADY_OFF,offer already on DEFAULT
2026-08-18T08:13:46+00:00,FR,RS_20_30,B0FRB5K8JC,fbm0,ALREADY_OFF,offer already on DEFAULT
2026-08-18T08:13:47+00:00,FR,RS_3_15,B0FRB5TJV2,fbm0,ALREADY_OFF,offer already on DEFAULT
2026-08-18T08:13:48+00:00,FR,SA-18_5_30,B0FRB8D7HC,fbm0,ALREADY_OFF,offer already on DEFAULT
2026-08-18T08:13:50+00:00,FR,SA_20_30,B0FRB5PZTS,fbm0,ALREADY_OFF,offer already on DEFAULT
2026-08-18T08:13:51+00:00,FR,SA_3_15,B0FRB3N2KL,fbm0,ALREADY_OFF,offer already on DEFAULT
2026-08-18T08:13:52+00:00,FR,SA_5_30,B0FRB1SRZY,fbm0,ALREADY_OFF,offer already on DEFAULT
2026-08-18T08:13:53+00:00,FR,SC_3_15,B0FRB55T3H,fbm0,ALREADY_OFF,offer already on DEFAULT
2026-08-18T08:13:55+00:00,FR,SC_5_30,B0FR9P7N6M,fbm0,ALREADY_OFF,offer already on DEFAULT
2026-08-18T08:13:56+00:00,FR,SD_3_15,B0FRCKTXNQ,fbm0,ALREADY_OFF,offer already on DEFAULT
2026-08-18T08:13:57+00:00,FR,SD_5_30,B0FRC799N3,fbm0,ALREADY_OFF,offer already on DEFAULT
2026-08-18T08:13:59+00:00,FR,SE_20_30,B0FRB7X5SP,fbm0,ALREADY_OFF,offer already on DEFAULT
2026-08-18T08:14:00+00:00,FR,SE_3_15,B0FRCC6W9S,fbm0,ALREADY_OFF,offer already on DEFAULT
2026-08-18T08:14:01+00:00,FR,SE_5_30,B0FRCS524D,fbm0,ALREADY_OFF,offer already on DEFAULT
2026-08-18T08:14:02+00:00,FR,SG_20_30,B0FRB256K8,fbm0,ALREADY_OFF,offer already on DEFAULT
2026-08-18T08:14:03+00:00,FR,SG_5_30,B0FR9X3Y3R,fbm0,ALREADY_OFF,offer already on DEFAULT
2026-08-18T08:14:04+00:00,FR,SI_20_30,B0FR9X15V2,fbm0,ALREADY_OFF,offer already on DEFAULT
2026-08-18T08:14:06+00:00,FR,SI_3_15,B0FR9XCF27,fbm0,ALREADY_OFF,offer already on DEFAULT
2026-08-18T08:14:07+00:00,FR,SI_5_30,B0FRB3SJMR,fbm0,ALREADY_OFF,offer already on DEFAULT
2026-08-18T08:14:08+00:00,FR,SK_20_30,B0FRB14YYC,fbm0,ALREADY_OFF,offer already on DEFAULT
2026-08-18T08:14:09+00:00,FR,SK_3_15,B0FR9XC4BW,fbm0,ALREADY_OFF,offer already on DEFAULT
2026-08-18T08:14:11+00:00,FR,SK_5_30,B0FRB2X84M,fbm0,ALREADY_OFF,offer already on DEFAULT
2026-08-18T08:14:12+00:00,FR,SN_3_15,B0FRB4HX92,fbm0,ALREADY_OFF,offer already on DEFAULT
2026-08-18T08:14:13+00:00,FR,SN_5_30,B0FRB68H77,fbm0,ALREADY_OFF,offer already on DEFAULT
2026-08-18T08:14:15+00:00,FR,SV_3_15,B0FR9LJ7X4,fbm0,ALREADY_OFF,offer already on DEFAULT
2026-08-18T08:14:16+00:00,FR,TD_3_15,B0FR9SG4MK,fbm0,ALREADY_OFF,offer already on DEFAULT
2026-08-18T08:14:17+00:00,FR,TD_5_30,B0FR9L414C,fbm0,ALREADY_OFF,offer already on DEFAULT
2026-08-18T08:14:19+00:00,FR,TH_20_30,B0FRCHW3MW,fbm0,ALREADY_OFF,offer already on DEFAULT
2026-08-18T08:14:20+00:00,FR,TH_3_15,B0FRCDPJSH,fbm0,ALREADY_OFF,offer already on DEFAULT
2026-08-18T08:14:21+00:00,FR,TH_5_30,B0FR9Q5D1J,fbm0,ALREADY_OFF,offer already on DEFAULT
2026-08-18T08:14:23+00:00,FR,TN_5_30,B0FRB7Q96Z,fbm0,ALREADY_OFF,offer already on DEFAULT
2026-08-18T08:14:24+00:00,FR,TR_20_30,B0FRCYMWCX,fbm0,ALREADY_OFF,offer already on DEFAULT
2026-08-18T08:14:25+00:00,FR,TR_3_15,B0FRC2PSHM,fbm0,ALREADY_OFF,offer already on DEFAULT
2026-08-18T08:14:26+00:00,FR,TR_5_30,B0FRCBZ1BB,fbm0,ALREADY_OFF,offer already on DEFAULT
2026-08-18T08:14:28+00:00,FR,TZ_3_15,B0FRC81NPJ,fbm0,ALREADY_OFF,offer already on DEFAULT
2026-08-18T08:14:29+00:00,FR,UA_3_15,B0FRB9SBFR,fbm0,ALREADY_OFF,offer already on DEFAULT
2026-08-18T08:14:30+00:00,FR,UA_5_30,B0FRC2NRKG,fbm0,ALREADY_OFF,offer already on DEFAULT
2026-08-18T08:14:32+00:00,FR,UG_3_15,B0FRB7F7Z9,fbm0,ALREADY_OFF,offer already on DEFAULT
2026-08-18T08:14:33+00:00,FR,US_3_15,B0FRCFXK3V,fbm0,ALREADY_OFF,offer already on DEFAULT
2026-08-18T08:14:35+00:00,FR,US_5_30,B0FRC2PQ8H,fbm0,ALREADY_OFF,offer already on DEFAULT
2026-08-18T08:14:37+00:00,FR,UY_3_15,B0FRB7LHGN,fbm0,ALREADY_OFF,offer already on DEFAULT
2026-08-18T08:14:38+00:00,FR,UZ_5_30,B0FRBWFZ6M,fbm0,ALREADY_OFF,offer already on DEFAULT
2026-08-18T08:14:39+00:00,FR,VN_20_30,B0FRC2NKC4,fbm0,ALREADY_OFF,offer already on DEFAULT
2026-08-18T08:14:41+00:00,FR,VN_3_15,B0FRBR2DHW,fbm0,ALREADY_OFF,offer already on DEFAULT
2026-08-18T08:14:42+00:00,FR,VN_5_30,B0FRCBXRGV,fbm0,ALREADY_OFF,offer already on DEFAULT
2026-08-18T08:14:43+00:00,FR,ZA_5_30,B0FRB3R6F3,fbm0,ALREADY_OFF,offer already on DEFAULT
2026-08-18T08:14:45+00:00,FR,ZM_3_15,B0FRC2NSM2,fbm0,ALREADY_OFF,offer already on DEFAULT
2026-08-18T08:14:46+00:00,FR,ZM_5_30,B0FRCL97L4,fbm0,ALREADY_OFF,offer already on DEFAULT
2026-08-18T08:14:47+00:00,FR,AE_20_30,B0FRB7TFJR,fbm0,ALREADY_OFF,offer already on DEFAULT
2026-08-18T08:14:48+00:00,FR,AE_3_15,B0FRBBYBGH,fbm0,ALREADY_OFF,offer already on DEFAULT
2026-08-18T08:14:50+00:00,FR,AE_5_30,B0FRB89XHX,fbm0,ALREADY_OFF,offer already on DEFAULT
2026-08-18T08:14:51+00:00,FR,AF-29_5_30,B0FR3GK9Z7,fbm0,ALREADY_OFF,offer already on DEFAULT
2026-08-18T08:14:52+00:00,FR,AL_5_30,B0FR4ZG3Z6,fbm0,ALREADY_OFF,offer already on DEFAULT
2026-08-18T08:14:53+00:00,FR,AM_20_30,B0FR4ZT5XT,fbm0,ALREADY_OFF,offer already on DEFAULT
2026-08-18T08:14:54+00:00,FR,AM_3_15,B0FR5BK9R4,fbm0,ALREADY_OFF,offer already on DEFAULT
2026-08-18T08:14:56+00:00,FR,AR_20_30,B0FR5DCH33,fbm0,ALREADY_OFF,offer already on DEFAULT
2026-08-18T08:14:57+00:00,FR,AR_3_15,B0FR554SXN,fbm0,ALREADY_OFF,offer already on DEFAULT
2026-08-18T08:14:58+00:00,FR,AS-20_3_15,B0FR9FZ4RF,fbm0,ALREADY_OFF,offer already on DEFAULT
2026-08-18T08:15:00+00:00,FR,AS-20_5_30,B0FR9BQNSV,fbm0,ALREADY_OFF,offer already on DEFAULT
2026-08-18T08:15:01+00:00,FR,AT_20_30,B0FR8XBSBP,fbm0,ALREADY_OFF,offer already on DEFAULT
2026-08-18T08:15:02+00:00,FR,AT_3_15,B0FR9QSMSP,fbm0,ALREADY_OFF,offer already on DEFAULT
2026-08-18T08:15:03+00:00,FR,AT_5_30,B0FR8XCH78,fbm0,ALREADY_OFF,offer already on DEFAULT
2026-08-18T08:15:04+00:00,FR,AU_20_30,B0FR9G1ZQJ,fbm0,ALREADY_OFF,offer already on DEFAULT
2026-08-18T08:15:06+00:00,FR,AU_3_15,B0FR9SKY4D,fbm0,ALREADY_OFF,offer already on DEFAULT
2026-08-18T08:15:07+00:00,FR,AU_5_30,B0FR9JRB62,fbm0,ALREADY_OFF,offer already on DEFAULT
2026-08-18T08:15:08+00:00,FR,AX_20_30,B0FR39Q1KJ,fbm0,ALREADY_OFF,offer already on DEFAULT
2026-08-18T08:15:09+00:00,FR,AX_3_15,B0FR3CCSMB,fbm0,ALREADY_OFF,offer already on DEFAULT
2026-08-18T08:15:10+00:00,FR,AX_5_30,B0FR3G6JWB,fbm0,ALREADY_OFF,offer already on DEFAULT
2026-08-18T08:15:12+00:00,FR,AZ_3_15,B0FR9BTC98,fbm0,ALREADY_OFF,offer already on DEFAULT
2026-08-18T08:15:13+00:00,FR,BA_3_15,B0FR9G8ZVK,fbm0,ALREADY_OFF,offer already on DEFAULT
2026-08-18T08:15:14+00:00,FR,BD_20_30,B0FR8FJ3HJ,fbm0,ALREADY_OFF,offer already on DEFAULT
2026-08-18T08:15:15+00:00,FR,BD_3_15,B0FR9L7SG3,fbm0,ALREADY_OFF,offer already on DEFAULT
2026-08-18T08:15:16+00:00,FR,BD_5_30,B0FR9BQFCM,fbm0,ALREADY_OFF,offer already on DEFAULT
2026-08-18T08:15:18+00:00,FR,BE_20_30,B0FR9BVRCH,fbm0,ALREADY_OFF,offer already on DEFAULT
2026-08-18T08:15:19+00:00,FR,BE_3_15,B0FR9G432K,fbm0,ALREADY_OFF,offer already on DEFAULT
2026-08-18T08:15:20+00:00,FR,BE_5_30,B0FR9SXCW6,fbm0,ALREADY_OFF,offer already on DEFAULT
2026-08-18T08:15:21+00:00,FR,BF_3_15,B0FR9HWFSK,fbm0,ALREADY_OFF,offer already on DEFAULT
2026-08-18T08:15:22+00:00,FR,BF_5_30,B0FR9BWKSY,fbm0,ALREADY_OFF,offer already on DEFAULT
2026-08-18T08:15:24+00:00,FR,BH_3_15,B0FR9K64KF,fbm0,ALREADY_OFF,offer already on DEFAULT
2026-08-18T08:15:25+00:00,FR,BN_20_30,B0FR9F971C,fbm0,ALREADY_OFF,offer already on DEFAULT
2026-08-18T08:15:26+00:00,FR,BN_3_15,B0FR9KTJND,fbm0,ALREADY_OFF,offer already on DEFAULT
2026-08-18T08:15:27+00:00,FR,BO_20_30,B0FR9RH588,fbm0,ALREADY_OFF,offer already on DEFAULT
2026-08-18T08:15:29+00:00,FR,BO_3_15,B0FR8FKPKH,fbm0,ALREADY_OFF,offer already on DEFAULT
2026-08-18T08:15:30+00:00,FR,BR_20_30,B0FR9KLZCR,fbm0,ALREADY_OFF,offer already on DEFAULT
2026-08-18T08:15:31+00:00,FR,BR_3_15,B0FR9G5LKV,fbm0,ALREADY_OFF,offer already on DEFAULT
2026-08-18T08:15:32+00:00,FR,BW_3_15,B0FR9G7N2Q,fbm0,ALREADY_OFF,offer already on DEFAULT
2026-08-18T08:15:34+00:00,FR,BY_3_15,B0FR9G3Z82,fbm0,ALREADY_OFF,offer already on DEFAULT
2026-08-18T08:15:35+00:00,FR,BY_5_30,B0FR8FFT4D,fbm0,ALREADY_OFF,offer already on DEFAULT
2026-08-18T08:15:36+00:00,FR,CA_20_30,B0FR9BY42D,fbm0,ALREADY_OFF,offer already on DEFAULT
2026-08-18T08:15:37+00:00,FR,CA_3_15,B0FR9RZLF3,fbm0,ALREADY_OFF,offer already on DEFAULT
2026-08-18T08:15:39+00:00,FR,CA_5_30,B0FR9SYCBK,fbm0,ALREADY_OFF,offer already on DEFAULT
2026-08-18T08:15:40+00:00,FR,CF_3_15,B0FR9RK8FP,fbm0,ALREADY_OFF,offer already on DEFAULT
2026-08-18T08:15:41+00:00,FR,CF_5_30,B0FR9R3NMC,fbm0,ALREADY_OFF,offer already on DEFAULT
2026-08-18T08:15:42+00:00,FR,CH_20_30,B0FRB6VY7S,fbm0,ALREADY_OFF,offer already on DEFAULT
2026-08-18T08:15:44+00:00,FR,CH_3_15,B0FRB5LFVC,fbm0,ALREADY_OFF,offer already on DEFAULT
2026-08-18T08:15:45+00:00,FR,CH_5_30,B0FRB7G4VW,fbm0,ALREADY_OFF,offer already on DEFAULT
2026-08-18T08:15:46+00:00,FR,CI_3_15,B0FR9HW9DJ,fbm0,ALREADY_OFF,offer already on DEFAULT
2026-08-18T08:15:47+00:00,FR,CI_5_30,B0FR9V5LYJ,fbm0,ALREADY_OFF,offer already on DEFAULT
2026-08-18T08:15:49+00:00,FR,CL_3_15,B0FR9RY1RT,fbm0,ALREADY_OFF,offer already on DEFAULT
2026-08-18T08:15:50+00:00,FR,CM_3_15,B0FR9VJ1ZB,fbm0,ALREADY_OFF,offer already on DEFAULT
2026-08-18T08:15:51+00:00,FR,CN_20_30,B0FR9GD6X9,fbm0,ALREADY_OFF,offer already on DEFAULT
2026-08-18T08:15:53+00:00,FR,CN_3_15,B0FR9QZ578,fbm0,ALREADY_OFF,offer already on DEFAULT
2026-08-18T08:15:54+00:00,FR,CN_5_30,B0FR9HX7XH,fbm0,ALREADY_OFF,offer already on DEFAULT
2026-08-18T08:15:55+00:00,FR,CO_3_15,B0FR9RL8W5,fbm0,ALREADY_OFF,offer already on DEFAULT
2026-08-18T08:15:56+00:00,FR,CR_3_15,B0FR9LNRMN,fbm0,ALREADY_OFF,offer already on DEFAULT
2026-08-18T08:15:58+00:00,FR,CY_3_15,B0FR8XJWWG,fbm0,ALREADY_OFF,offer already on DEFAULT
2026-08-18T08:15:59+00:00,FR,CY_5_30,B0FR8XHWZV,fbm0,ALREADY_OFF,offer already on DEFAULT
2026-08-18T08:16:00+00:00,FR,CZ_20_30,B0FR9SVN9H,fbm0,ALREADY_OFF,offer already on DEFAULT
2026-08-18T08:16:01+00:00,FR,CZ_5_30,B0FR9BY2LF,fbm0,ALREADY_OFF,offer already on DEFAULT
2026-08-18T08:16:03+00:00,FR,DE_20_30,B0GSZP9H94,fbm0,ALREADY_OFF,offer already on DEFAULT
2026-08-18T08:16:04+00:00,FR,DE_3_15,B0GSZBMLKV,fbm0,ALREADY_OFF,offer already on DEFAULT
2026-08-18T08:16:05+00:00,FR,DE_5_30,B0GSZDYWLZ,fbm0,ALREADY_OFF,offer already on DEFAULT
2026-08-18T08:16:06+00:00,FR,DK_20_30,B0FR9QPF45,fbm0,ALREADY_OFF,offer already on DEFAULT
2026-08-18T08:16:07+00:00,FR,DK_3_15,B0FR9GSNP4,fbm0,ALREADY_OFF,offer already on DEFAULT
2026-08-18T08:16:09+00:00,FR,DK_5_30,B0FR8XQYR4,fbm0,ALREADY_OFF,offer already on DEFAULT
2026-08-18T08:16:10+00:00,FR,DO_20_30,B0FR9C6DJF,fbm0,ALREADY_OFF,offer already on DEFAULT
2026-08-18T08:16:11+00:00,FR,DO_3_15,B0FR9GSKZF,fbm0,ALREADY_OFF,offer already on DEFAULT
2026-08-18T08:16:12+00:00,FR,DO_5_30,B0FR9GQKCM,fbm0,ALREADY_OFF,offer already on DEFAULT
2026-08-18T08:16:14+00:00,FR,EC_3_15,B0FR9RM6MP,fbm0,ALREADY_OFF,offer already on DEFAULT
2026-08-18T08:16:15+00:00,FR,EE_20_30,B0FR9L527N,fbm0,ALREADY_OFF,offer already on DEFAULT
2026-08-18T08:16:16+00:00,FR,EE_3_15,B0FR9GST1S,fbm0,ALREADY_OFF,offer already on DEFAULT
2026-08-18T08:16:17+00:00,FR,EE_5_30,B0FR9GQYKB,fbm0,ALREADY_OFF,offer already on DEFAULT
2026-08-18T08:16:19+00:00,FR,EG_20_30,B0FR9GQBGL,fbm0,ALREADY_OFF,offer already on DEFAULT
2026-08-18T08:16:20+00:00,FR,EG_3_15,B0FR9C784N,fbm0,ALREADY_OFF,offer already on DEFAULT
2026-08-18T08:16:21+00:00,FR,EG_3_30,B0FR9GNL93,fbm0,ALREADY_OFF,offer already on DEFAULT
2026-08-18T08:16:23+00:00,FR,EG_5_30,B0FR9LR5KJ,fbm0,ALREADY_OFF,offer already on DEFAULT
2026-08-18T08:16:24+00:00,FR,ES_20_30,B0FRCMPGPL,fbm0,ALREADY_OFF,offer already on DEFAULT
2026-08-18T08:16:25+00:00,FR,ES_3_15,B0FRCDHTZ7,fbm0,ALREADY_OFF,offer already on DEFAULT
2026-08-18T08:16:26+00:00,FR,ES_5_30,B0FRBQCLZN,fbm0,ALREADY_OFF,offer already on DEFAULT
2026-08-18T08:16:27+00:00,FR,EU-42_20_30,B0FR9TNPV3,fbm0,ALREADY_OFF,offer already on DEFAULT
2026-08-18T08:16:29+00:00,FR,EU-42_5_30,B0FR9RYSSS,fbm0,ALREADY_OFF,offer already on DEFAULT
2026-08-18T08:16:30+00:00,FR,FI_3_15,B0FR9GSND6,fbm0,ALREADY_OFF,offer already on DEFAULT
2026-08-18T08:16:31+00:00,FR,FI_5_30,B0FR9SB3BJ,fbm0,ALREADY_OFF,offer already on DEFAULT
2026-08-18T08:16:32+00:00,FR,FR_20_30,B0FR9GPMC5,fbm0,ALREADY_OFF,offer already on DEFAULT
2026-08-18T08:16:34+00:00,FR,FR_3_15,B0FR9C5ZB6,fbm0,ALREADY_OFF,offer already on DEFAULT
2026-08-18T08:16:35+00:00,FR,FR_5_30,B0FR9LMDW5,fbm0,ALREADY_OFF,offer already on DEFAULT
2026-08-18T08:16:36+00:00,FR,GA_3_15,B0FR9GPX9T,fbm0,ALREADY_OFF,offer already on DEFAULT
2026-08-18T08:16:37+00:00,FR,GB_20_30,B0FRDGCBTN,fbm0,ALREADY_OFF,offer already on DEFAULT
2026-08-18T08:16:39+00:00,FR,GB_3_15,B0FRCPD8TS,fbm0,ALREADY_OFF,offer already on DEFAULT
2026-08-18T08:16:40+00:00,FR,GB_5_30,B0FRDDRGJF,fbm0,ALREADY_OFF,offer already on DEFAULT
2026-08-18T08:16:42+00:00,FR,GE_20_30,B0FR9C73NK,fbm0,ALREADY_OFF,offer already on DEFAULT
2026-08-18T08:16:43+00:00,FR,GE_3_15,B0FR9KMX2N,fbm0,ALREADY_OFF,offer already on DEFAULT
2026-08-18T08:16:44+00:00,FR,GG_20_30,B0FR9LYWWY,fbm0,ALREADY_OFF,offer already on DEFAULT
2026-08-18T08:16:45+00:00,FR,GG_3_15,B0FR9SMWDN,fbm0,ALREADY_OFF,offer already on DEFAULT
2026-08-18T08:16:46+00:00,FR,GG_5_30,B0FR9C5PXR,fbm0,ALREADY_OFF,offer already on DEFAULT
2026-08-18T08:16:48+00:00,FR,GI_3_15,B0FR8XSPMC,fbm0,ALREADY_OFF,offer already on DEFAULT
2026-08-18T08:16:49+00:00,FR,GL-139_5_30,B0FR9VNTLY,fbm0,ALREADY_OFF,offer already on DEFAULT
2026-08-18T08:16:50+00:00,FR,GP_20_30,B0FR8XTBF6,fbm0,ALREADY_OFF,offer already on DEFAULT
2026-08-18T08:16:51+00:00,FR,GP_3_15,B0FR9TMVWK,fbm0,ALREADY_OFF,offer already on DEFAULT
2026-08-18T08:16:53+00:00,FR,GR_20_30,B0FR9KJGBG,fbm0,ALREADY_OFF,offer already on DEFAULT
2026-08-18T08:16:54+00:00,FR,GR_3_15,B0FR9L85F6,fbm0,ALREADY_OFF,offer already on DEFAULT
2026-08-18T08:16:55+00:00,FR,GR_5_30,B0FR9C7SMF,fbm0,ALREADY_OFF,offer already on DEFAULT
2026-08-18T08:16:57+00:00,FR,GT_3_15,B0FR9VC6VD,fbm0,ALREADY_OFF,offer already on DEFAULT
2026-08-18T08:16:58+00:00,FR,GU_20_30,B0FR9C7MGP,fbm0,ALREADY_OFF,offer already on DEFAULT
2026-08-18T08:16:59+00:00,FR,GU_3_15,B0FR9GVSSF,fbm0,ALREADY_OFF,offer already on DEFAULT
2026-08-18T08:17:00+00:00,FR,GU_5_30,B0FR9SVP8Y,fbm0,ALREADY_OFF,offer already on DEFAULT
2026-08-18T08:17:02+00:00,FR,HK_20_30,B0FR9GXZ6F,fbm0,ALREADY_OFF,offer already on DEFAULT
2026-08-18T08:17:03+00:00,FR,HK_3_15,B0FR9CC6Q8,fbm0,ALREADY_OFF,offer already on DEFAULT
2026-08-18T08:17:04+00:00,FR,HK_5_30,B0FR9GXYYL,fbm0,ALREADY_OFF,offer already on DEFAULT
2026-08-18T08:17:05+00:00,FR,HN_3_15,B0FR9ZYV5G,fbm0,ALREADY_OFF,offer already on DEFAULT
2026-08-18T08:17:07+00:00,FR,HR_20_30,B0FR9TYCSL,fbm0,ALREADY_OFF,offer already on DEFAULT
2026-08-18T08:17:08+00:00,FR,HR_3_15,B0FR9GDKT1,fbm0,ALREADY_OFF,offer already on DEFAULT
2026-08-18T08:17:09+00:00,FR,HR_5_30,B0FR9BVV58,fbm0,ALREADY_OFF,offer already on DEFAULT
2026-08-18T08:17:10+00:00,FR,HU_20_30,B0FR9ZVYYQ,fbm0,ALREADY_OFF,offer already on DEFAULT
2026-08-18T08:17:12+00:00,FR,HU_3_15,B0FR9C9JVW,fbm0,ALREADY_OFF,offer already on DEFAULT
2026-08-18T08:17:13+00:00,FR,HU_5_30,B0FR9GY3R5,fbm0,ALREADY_OFF,offer already on DEFAULT
2026-08-18T08:17:14+00:00,FR,ID_20_30,B0FR9QXRDQ,fbm0,ALREADY_OFF,offer already on DEFAULT
2026-08-18T08:17:15+00:00,FR,ID_3_15,B0FR9T6QPZ,fbm0,ALREADY_OFF,offer already on DEFAULT
2026-08-18T08:17:16+00:00,FR,ID_5_30,B0FR8XW5DR,fbm0,ALREADY_OFF,offer already on DEFAULT
2026-08-18T08:17:18+00:00,FR,IE_20_30,B0FR9SZG2Z,fbm0,ALREADY_OFF,offer already on DEFAULT
2026-08-18T08:17:19+00:00,FR,IE_3_15,B0FR8XV57F,fbm0,ALREADY_OFF,offer already on DEFAULT
2026-08-18T08:17:20+00:00,FR,IE_5_30,B0FR9GYKQL,fbm0,ALREADY_OFF,offer already on DEFAULT
2026-08-18T08:17:21+00:00,FR,IL_20_30,B0FR9K8SQ1,fbm0,ALREADY_OFF,offer already on DEFAULT
2026-08-18T08:17:23+00:00,FR,IL_3_15,B0FR9M11H1,fbm0,ALREADY_OFF,offer already on DEFAULT
2026-08-18T08:17:24+00:00,FR,IL_5_30,B0FR8XVZZM,fbm0,ALREADY_OFF,offer already on DEFAULT
2026-08-18T08:17:25+00:00,FR,IM_20_30,B0FR9CB5LK,fbm0,ALREADY_OFF,offer already on DEFAULT
2026-08-18T08:17:26+00:00,FR,IM_3_15,B0FR9LZ7RL,fbm0,ALREADY_OFF,offer already on DEFAULT
2026-08-18T08:17:28+00:00,FR,IM_5_30,B0FR9M27XY,fbm0,ALREADY_OFF,offer already on DEFAULT
2026-08-18T08:17:29+00:00,FR,IN_20_30,B0FR9DYMHX,fbm0,ALREADY_OFF,offer already on DEFAULT
2026-08-18T08:17:30+00:00,FR,IN_3_15,B0FR9ZM116,fbm0,ALREADY_OFF,offer already on DEFAULT
2026-08-18T08:17:31+00:00,FR,IN_5_30,B0FR9GXWN9,fbm0,ALREADY_OFF,offer already on DEFAULT
2026-08-18T08:17:33+00:00,FR,IS_20_30,B0FR9GX6LF,fbm0,ALREADY_OFF,offer already on DEFAULT
2026-08-18T08:17:34+00:00,FR,IS_3_15,B0FR9TBBK1,fbm0,ALREADY_OFF,offer already on DEFAULT
2026-08-18T08:17:35+00:00,FR,IS_5_30,B0FR9ZWQBD,fbm0,ALREADY_OFF,offer already on DEFAULT
2026-08-18T08:17:36+00:00,FR,IT_20_30,B0FR9RNZV2,fbm0,ALREADY_OFF,offer already on DEFAULT
2026-08-18T08:17:37+00:00,FR,IT_3_15,B0FR9GXZ18,fbm0,ALREADY_OFF,offer already on DEFAULT
2026-08-18T08:17:39+00:00,FR,IT_5_30,B0FR9ZR2TH,fbm0,ALREADY_OFF,offer already on DEFAULT
2026-08-18T08:17:40+00:00,FR,JE_20_30,B0FR9CBQDH,fbm0,ALREADY_OFF,offer already on DEFAULT
2026-08-18T08:17:41+00:00,FR,JE_3_15,B0FR9GYMR5,fbm0,ALREADY_OFF,offer already on DEFAULT
2026-08-18T08:17:42+00:00,FR,JE_5_30,B0FR9M27GP,fbm0,ALREADY_OFF,offer already on DEFAULT
2026-08-18T08:17:44+00:00,FR,JO_20_30,B0FR9ST188,fbm0,ALREADY_OFF,offer already on DEFAULT
2026-08-18T08:17:45+00:00,FR,JO_3_15,B0FR9M144Z,fbm0,ALREADY_OFF,offer already on DEFAULT
2026-08-18T08:17:46+00:00,FR,JO_5_30,B0FR9ZTZNK,fbm0,ALREADY_OFF,offer already on DEFAULT
2026-08-18T08:17:48+00:00,FR,JP_20_30,B0FR9RZKRB,fbm0,ALREADY_OFF,offer already on DEFAULT
2026-08-18T08:17:49+00:00,FR,JP_3_15,B0FR9LVZVQ,fbm0,ALREADY_OFF,offer already on DEFAULT
2026-08-18T08:17:50+00:00,FR,JP_5_30,B0FR9TLXXH,fbm0,ALREADY_OFF,offer already on DEFAULT
2026-08-18T08:17:52+00:00,FR,KE_3_15,B0FR9GZ14G,fbm0,ALREADY_OFF,offer already on DEFAULT
2026-08-18T08:17:53+00:00,FR,KE_5_30,B0FR9T4DG6,fbm0,ALREADY_OFF,offer already on DEFAULT
2026-08-18T08:17:54+00:00,FR,KG_20_30,B0FR8XXBHM,fbm0,ALREADY_OFF,offer already on DEFAULT
2026-08-18T08:17:55+00:00,FR,KG_3_15,B0FR9TVF4R,fbm0,ALREADY_OFF,offer already on DEFAULT
2026-08-18T08:17:57+00:00,FR,KH_20_30,B0FR9GFJPL,fbm0,ALREADY_OFF,offer already on DEFAULT
2026-08-18T08:17:58+00:00,FR,KH_3_15,B0FR8XKMJ4,fbm0,ALREADY_OFF,offer already on DEFAULT
2026-08-18T08:17:59+00:00,FR,KR_20_30,B0FRC4P51Z,fbm0,ALREADY_OFF,offer already on DEFAULT
2026-08-18T08:18:01+00:00,FR,KR_3_15,B0FRC4RTDF,fbm0,ALREADY_OFF,offer already on DEFAULT
2026-08-18T08:18:02+00:00,FR,KR_5_30,B0FRD9LC4C,fbm0,ALREADY_OFF,offer already on DEFAULT
2026-08-18T08:18:03+00:00,FR,KW_20_30,B0FR9KBF4P,fbm0,ALREADY_OFF,offer already on DEFAULT
2026-08-18T08:18:04+00:00,FR,KW_3_15,B0FR9LZJ3X,fbm0,ALREADY_OFF,offer already on DEFAULT
2026-08-18T08:18:06+00:00,FR,KW_5_30,B0FR9M2TXP,fbm0,ALREADY_OFF,offer already on DEFAULT
2026-08-18T08:18:07+00:00,FR,KZ_20_30,B0FR9TLNNW,fbm0,ALREADY_OFF,offer already on DEFAULT
2026-08-18T08:18:08+00:00,FR,KZ_3_15,B0FR9T4DG2,fbm0,ALREADY_OFF,offer already on DEFAULT
2026-08-18T08:18:09+00:00,FR,KZ_5_30,B0FR9ZMMSH,fbm0,ALREADY_OFF,offer already on DEFAULT
2026-08-18T08:18:11+00:00,FR,LI_3_15,B0FR9S35ZH,fbm0,ALREADY_OFF,offer already on DEFAULT
2026-08-18T08:18:13+00:00,FR,LK_20_30,B0FRC2DZN5,fbm0,ALREADY_OFF,offer already on DEFAULT
2026-08-18T08:18:14+00:00,FR,LK_3_15,B0FRB7Z1NW,fbm0,ALREADY_OFF,offer already on DEFAULT
2026-08-18T08:18:15+00:00,FR,LK_5_30,B0FRB64B8M,fbm0,ALREADY_OFF,offer already on DEFAULT
2026-08-18T08:18:16+00:00,FR,LR_3_15,B0FR9H18JQ,fbm0,ALREADY_OFF,offer already on DEFAULT
2026-08-18T08:18:17+00:00,FR,LR_5_30,B0FR9SJ1YH,fbm0,ALREADY_OFF,offer already on DEFAULT
2026-08-18T08:18:19+00:00,FR,LT_20_30,B0FR9TQN8N,fbm0,ALREADY_OFF,offer already on DEFAULT
2026-08-18T08:18:20+00:00,FR,LV_5_30,B0FR9TR99S,fbm0,ALREADY_OFF,offer already on DEFAULT
2026-08-18T08:18:21+00:00,FR,MA_20_30,B0FR9M57DY,fbm0,ALREADY_OFF,offer already on DEFAULT
2026-08-18T08:18:23+00:00,FR,MA_3_15,B0FR9CFZQR,fbm0,ALREADY_OFF,offer already on DEFAULT
2026-08-18T08:18:24+00:00,FR,MC_5_30,B0FR9H1H4M,fbm0,ALREADY_OFF,offer already on DEFAULT
2026-08-18T08:18:26+00:00,FR,SG_3_30,B0FRB3KY59,fbm0,ALREADY_OFF,offer already on DEFAULT
2026-08-18T08:18:27+00:00,FR,TN_10_30,B0FRB85GLD,fbm0,ALREADY_OFF,offer already on DEFAULT
2026-08-18T08:18:28+00:00,FR,TN_3_30,B0FRCKZKVY,fbm0,ALREADY_OFF,offer already on DEFAULT
2026-08-18T08:18:30+00:00,FR,US_20_90,B0FRB9JP2K,fbm0,ALREADY_OFF,offer already on DEFAULT
2026-08-18T08:18:31+00:00,FR,ZA_10_30,B0FRB4RSW2,fbm0,ALREADY_OFF,offer already on DEFAULT
2026-08-18T08:18:37+00:00,DE,ZAMBIA-3GB-15D,B0FRC2NSM2,fbm0,ALREADY_OFF,offer already on DEFAULT
2026-08-18T08:18:38+00:00,DE,MAURITIUS-3GB-15D,B0H2FYRLRC,fbm0,ALREADY_OFF,offer already on DEFAULT
2026-08-18T08:18:40+00:00,DE,HAJJ-LUX-10GB-30D,B0H3L75HDS,fbm0,ALREADY_OFF,offer already on DEFAULT
2026-08-18T08:18:41+00:00,DE,BULGARIA-3GB-15D,B0H6MCT4Y5,fbm0,ALREADY_OFF,offer already on DEFAULT
2026-08-18T08:18:42+00:00,DE,PERU-3GB-15D,B0H6M5WW3B,fbm0,ALREADY_OFF,offer already on DEFAULT
2026-08-18T08:18:43+00:00,DE,PERU-20GB-30D,B0H6M8BLBD,fbm0,ALREADY_OFF,offer already on DEFAULT
2026-08-18T08:18:45+00:00,DE,ALGERIA-3GB-15D,B0H6M9R3WH,fbm0,ALREADY_OFF,offer already on DEFAULT
2026-08-18T08:18:46+00:00,DE,ALGERIA-5GB-30D,B0H6MDYKG8,fbm0,ALREADY_OFF,offer already on DEFAULT
2026-08-18T08:18:47+00:00,DE,ALGERIA-20GB-30D,B0H6M5TDMD,fbm0,ALREADY_OFF,offer already on DEFAULT
2026-08-18T08:18:48+00:00,DE,ANDORRA-3GB-15D,B0H6MBPRYN,fbm0,ALREADY_OFF,offer already on DEFAULT
2026-08-18T08:18:50+00:00,DE,ANDORRA-5GB-30D,B0H6M5P65S,fbm0,ALREADY_OFF,offer already on DEFAULT
2026-08-18T08:18:51+00:00,DE,ANDORRA-20GB-30D,B0H6MJ97WC,fbm0,ALREADY_OFF,offer already on DEFAULT
2026-08-18T08:18:52+00:00,DE,ANGOLA-3GB-15D,B0H6M5RWZH,fbm0,ALREADY_OFF,offer already on DEFAULT
2026-08-18T08:18:54+00:00,DE,ANGOLA-5GB-30D,B0H6MKZSB4,fbm0,ALREADY_OFF,offer already on DEFAULT
2026-08-18T08:18:55+00:00,DE,ANGUILLA-3GB-15D,B0H6M7X7QY,fbm0,ALREADY_OFF,offer already on DEFAULT
2026-08-18T08:18:56+00:00,DE,ANGUILLA-5GB-30D,B0H6MFJ63H,fbm0,ALREADY_OFF,offer already on DEFAULT
2026-08-18T08:18:57+00:00,DE,ANGUILLA-20GB-30D,B0H6MHMZY8,fbm0,ALREADY_OFF,offer already on DEFAULT
2026-08-18T08:18:58+00:00,DE,ANTIGUA-AND-BARBUDA-3GB-15D,B0H6MBBFLQ,fbm0,ALREADY_OFF,offer already on DEFAULT
2026-08-18T08:19:00+00:00,DE,ANTIGUA-AND-BARBUDA-5GB-30D,B0H6MCR5F9,fbm0,ALREADY_OFF,offer already on DEFAULT
2026-08-18T08:19:01+00:00,DE,ANTIGUA-AND-BARBUDA-20GB-30D,B0H6M2MQJB,fbm0,ALREADY_OFF,offer already on DEFAULT
2026-08-18T08:19:02+00:00,DE,BAHAMAS-3GB-15D,B0H6MB828R,fbm0,ALREADY_OFF,offer already on DEFAULT
2026-08-18T08:19:04+00:00,DE,BAHAMAS-5GB-30D,B0H6MFGH8P,fbm0,ALREADY_OFF,offer already on DEFAULT
2026-08-18T08:19:05+00:00,DE,BAHAMAS-20GB-30D,B0H6MCPR9P,fbm0,ALREADY_OFF,offer already on DEFAULT
2026-08-18T08:19:06+00:00,DE,BARBADOS-3GB-15D,B0H6MCD72X,fbm0,ALREADY_OFF,offer already on DEFAULT
2026-08-18T08:19:08+00:00,DE,BARBADOS-5GB-30D,B0H6MG6VYJ,fbm0,ALREADY_OFF,offer already on DEFAULT
2026-08-18T08:19:09+00:00,DE,BARBADOS-20GB-30D,B0H6MJ921X,fbm0,ALREADY_OFF,offer already on DEFAULT
2026-08-18T08:19:10+00:00,DE,BELIZE-3GB-15D,B0H6MFPNTX,fbm0,ALREADY_OFF,offer already on DEFAULT
2026-08-18T08:19:11+00:00,DE,BELIZE-5GB-30D,B0H6MF1H4V,fbm0,ALREADY_OFF,offer already on DEFAULT
2026-08-18T08:19:12+00:00,DE,BELIZE-20GB-30D,B0H6MBSQM8,fbm0,ALREADY_OFF,offer already on DEFAULT
2026-08-18T08:19:14+00:00,DE,BENIN-3GB-15D,B0H6M9YHDR,fbm0,ALREADY_OFF,offer already on DEFAULT
2026-08-18T08:19:15+00:00,DE,BENIN-5GB-30D,B0H6MHRNBH,fbm0,ALREADY_OFF,offer already on DEFAULT
2026-08-18T08:19:16+00:00,DE,BENIN-20GB-30D,B0H6M7VGSZ,fbm0,ALREADY_OFF,offer already on DEFAULT
2026-08-18T08:19:17+00:00,DE,BERMUDA-3GB-15D,B0H6MDMTGH,fbm0,ALREADY_OFF,offer already on DEFAULT
2026-08-18T08:19:19+00:00,DE,BERMUDA-5GB-30D,B0H6MFM5X4,fbm0,ALREADY_OFF,offer already on DEFAULT
2026-08-18T08:19:20+00:00,DE,BERMUDA-20GB-30D,B0H6MCGQ77,fbm0,ALREADY_OFF,offer already on DEFAULT
2026-08-18T08:19:21+00:00,DE,BHUTAN-3GB-15D,B0H6MJB588,fbm0,ALREADY_OFF,offer already on DEFAULT
2026-08-18T08:19:23+00:00,DE,BHUTAN-5GB-30D,B0H6M9C23Q,fbm0,ALREADY_OFF,offer already on DEFAULT
2026-08-18T08:19:24+00:00,DE,BHUTAN-20GB-30D,B0H6M5WDSH,fbm0,ALREADY_OFF,offer already on DEFAULT
2026-08-18T08:19:25+00:00,DE,CAPE-VERDE-3GB-15D,B0H6M9R16H,fbm0,ALREADY_OFF,offer already on DEFAULT
2026-08-18T08:19:27+00:00,DE,CAPE-VERDE-5GB-30D,B0H6MFG453,fbm0,ALREADY_OFF,offer already on DEFAULT
2026-08-18T08:19:29+00:00,DE,CAPE-VERDE-20GB-30D,B0H6M9VSPG,fbm0,ALREADY_OFF,offer already on DEFAULT
2026-08-18T08:19:30+00:00,DE,CAYMAN-ISLANDS-3GB-15D,B0H6MLHBD7,fbm0,ALREADY_OFF,offer already on DEFAULT
2026-08-18T08:19:31+00:00,DE,CAYMAN-ISLANDS-5GB-30D,B0H6M55MKK,fbm0,ALREADY_OFF,offer already on DEFAULT
2026-08-18T08:19:32+00:00,DE,CAYMAN-ISLANDS-20GB-30D,B0H6MGXYNS,fbm0,ALREADY_OFF,offer already on DEFAULT
2026-08-18T08:19:34+00:00,DE,CURACAO-3GB-15D,B0H6M81JPM,fbm0,ALREADY_OFF,offer already on DEFAULT
2026-08-18T08:19:35+00:00,DE,CURACAO-5GB-30D,B0H6MGZLBC,fbm0,ALREADY_OFF,offer already on DEFAULT
2026-08-18T08:19:36+00:00,DE,CURACAO-20GB-30D,B0H6MF51WH,fbm0,ALREADY_OFF,offer already on DEFAULT
2026-08-18T08:19:37+00:00,DE,DEMOCRATIC-REPUBLIC-OF-THE-CONGO-3GB-15D,B0H6LZL22Y,fbm0,ALREADY_OFF,offer already on DEFAULT
2026-08-18T08:19:39+00:00,DE,DEMOCRATIC-REPUBLIC-OF-THE-CONGO-5GB-30D,B0H6M6L8Z8,fbm0,ALREADY_OFF,offer already on DEFAULT
2026-08-18T08:19:40+00:00,DE,DRC-20GB-30D,B0H6MZWFM7,fbm0,ALREADY_OFF,offer already on DEFAULT
2026-08-18T08:19:41+00:00,DE,DOMINICA-3GB-15D,B0H6M9H54M,fbm0,ALREADY_OFF,offer already on DEFAULT
2026-08-18T08:19:43+00:00,DE,DOMINICA-5GB-30D,B0H6M5HR32,fbm0,ALREADY_OFF,offer already on DEFAULT
2026-08-18T08:19:44+00:00,DE,DOMINICA-20GB-30D,B0H6MK8XTJ,fbm0,ALREADY_OFF,offer already on DEFAULT
2026-08-18T08:19:45+00:00,DE,FAROE-ISLANDS-3GB-15D,B0H6ML935Q,fbm0,ALREADY_OFF,offer already on DEFAULT
2026-08-18T08:19:47+00:00,DE,FAROE-ISLANDS-5GB-30D,B0H6MF2TVH,fbm0,ALREADY_OFF,offer already on DEFAULT
2026-08-18T08:19:48+00:00,DE,FAROE-ISLANDS-20GB-30D,B0H6MB82ZV,fbm0,ALREADY_OFF,offer already on DEFAULT
2026-08-18T08:19:49+00:00,DE,FIJI-3GB-15D,B0H6MFLWYD,fbm0,ALREADY_OFF,offer already on DEFAULT
2026-08-18T08:19:50+00:00,DE,FIJI-5GB-30D,B0H6MJ7GS6,fbm0,ALREADY_OFF,offer already on DEFAULT
2026-08-18T08:19:52+00:00,DE,FIJI-20GB-30D,B0H6MGBL3N,fbm0,ALREADY_OFF,offer already on DEFAULT
2026-08-18T08:19:53+00:00,DE,FRENCH-GUIANA-3GB-15D,B0H6MFD6Z3,fbm0,ALREADY_OFF,offer already on DEFAULT
2026-08-18T08:19:54+00:00,DE,FRENCH-GUIANA-5GB-30D,B0H6MGC352,fbm0,ALREADY_OFF,offer already on DEFAULT
2026-08-18T08:19:56+00:00,DE,FRENCH-GUIANA-20GB-30D,B0H6MDNXJJ,fbm0,ALREADY_OFF,offer already on DEFAULT
2026-08-18T08:19:57+00:00,DE,FRENCH-POLYNESIA-3GB-15D,B0H6MF6GHP,fbm0,ALREADY_OFF,offer already on DEFAULT
2026-08-18T08:19:58+00:00,DE,FRENCH-POLYNESIA-5GB-30D,B0H6MD2GXY,fbm0,ALREADY_OFF,offer already on DEFAULT
2026-08-18T08:20:00+00:00,DE,FRENCH-POLYNESIA-20GB-30D,B0H6M59GH9,fbm0,ALREADY_OFF,offer already on DEFAULT
2026-08-18T08:20:01+00:00,DE,GHANA-3GB-15D,B0H6M7CH6H,fbm0,ALREADY_OFF,offer already on DEFAULT
2026-08-18T08:20:02+00:00,DE,GHANA-5GB-30D,B0H6MD48NZ,fbm0,ALREADY_OFF,offer already on DEFAULT
2026-08-18T08:20:03+00:00,DE,GHANA-20GB-30D,B0H6M9CG3G,fbm0,ALREADY_OFF,offer already on DEFAULT
2026-08-18T08:20:05+00:00,DE,GREENLAND-3GB-15D,B0H6MLNBK2,fbm0,ALREADY_OFF,offer already on DEFAULT
2026-08-18T08:20:06+00:00,DE,GREENLAND-5GB-30D,B0H6MFMLK9,fbm0,ALREADY_OFF,offer already on DEFAULT
2026-08-18T08:20:07+00:00,DE,GRENADA-3GB-15D,B0H6M8K37V,fbm0,ALREADY_OFF,offer already on DEFAULT
2026-08-18T08:20:09+00:00,DE,GRENADA-5GB-30D,B0H6MLJR6Z,fbm0,ALREADY_OFF,offer already on DEFAULT
2026-08-18T08:20:10+00:00,DE,GRENADA-20GB-30D,B0H6MGRF37,fbm0,ALREADY_OFF,offer already on DEFAULT
2026-08-18T08:20:11+00:00,DE,GUINEA-3GB-15D,B0H6MGZTF1,fbm0,ALREADY_OFF,offer already on DEFAULT
2026-08-18T08:20:13+00:00,DE,GUINEA-5GB-30D,B0H6MFTVX6,fbm0,ALREADY_OFF,offer already on DEFAULT
2026-08-18T08:20:14+00:00,DE,GUINEA-20GB-30D,B0H6M7VHYP,fbm0,ALREADY_OFF,offer already on DEFAULT
2026-08-18T08:20:15+00:00,DE,GUINEA-BISSAU-3GB-15D,B0H6MG6X8D,fbm0,ALREADY_OFF,offer already on DEFAULT
2026-08-18T08:20:17+00:00,DE,GUINEA-BISSAU-5GB-30D,B0H6MCJ4Y9,fbm0,ALREADY_OFF,offer already on DEFAULT
2026-08-18T08:20:18+00:00,DE,GUINEA-BISSAU-20GB-30D,B0H6MF1JJS,fbm0,ALREADY_OFF,offer already on DEFAULT
2026-08-18T08:20:20+00:00,DE,GUYANA-3GB-15D,B0H6MCG586,fbm0,DEACTIVATED,
2026-08-18T08:20:21+00:00,DE,GUYANA-5GB-30D,B0H6MB3FHF,fbm0,DEACTIVATED,
2026-08-18T08:20:23+00:00,DE,GUYANA-20GB-30D,B0H6MD1PB7,fbm0,ALREADY_OFF,offer already on DEFAULT
2026-08-18T08:20:24+00:00,DE,HAITI-3GB-15D,B0H6M9YTL4,fbm0,DEACTIVATED,
2026-08-18T08:20:26+00:00,DE,HAITI-5GB-30D,B0H6MDHPCV,fbm0,ALREADY_OFF,offer already on DEFAULT
2026-08-18T08:20:27+00:00,DE,HAITI-20GB-30D,B0H6MBNF3Y,fbm0,ALREADY_OFF,offer already on DEFAULT
2026-08-18T08:20:29+00:00,DE,IRAQ-3GB-15D,B0H6MGX6P7,fbm0,DEACTIVATED,
2026-08-18T08:20:30+00:00,DE,IRAQ-5GB-30D,B0H6MFRHZN,fbm0,DEACTIVATED,
2026-08-18T08:20:32+00:00,DE,IRAQ-20GB-30D,B0H6M956TN,fbm0,DEACTIVATED,
2026-08-18T08:20:34+00:00,DE,JAMAICA-3GB-15D,B0H6MF3PNQ,fbm0,DEACTIVATED,
2026-08-18T08:20:36+00:00,DE,JAMAICA-5GB-30D,B0H6MJQCMF,fbm0,DEACTIVATED,
2026-08-18T08:20:37+00:00,DE,JAMAICA-20GB-30D,B0H6MF52ZZ,fbm0,DEACTIVATED,
2026-08-18T08:20:39+00:00,DE,LAOS-3GB-15D,B0H6M96WPB,fbm0,DEACTIVATED,
2026-08-18T08:20:41+00:00,DE,LAOS-5GB-30D,B0H6MBJN5B,fbm0,DEACTIVATED,
2026-08-18T08:20:42+00:00,DE,LAOS-20GB-30D,B0H6MBWGX1,fbm0,ALREADY_OFF,offer already on DEFAULT
2026-08-18T08:20:44+00:00,DE,LIBYA-20GB-30D,B0H6MFWD2Y,fbm0,ALREADY_OFF,offer already on DEFAULT
2026-08-18T08:20:45+00:00,DE,RWANDA-3GB-15D,B0H6MK2ZBQ,fbm0,ALREADY_OFF,offer already on DEFAULT
2026-08-18T08:20:46+00:00,DE,SAINT-BARTHELEMY-3GB-15D,B0H6MDMD63,fbm0,ALREADY_OFF,offer already on DEFAULT
2026-08-18T08:20:48+00:00,DE,SAINT-LUCIA-3GB-15D,B0H6M7Y1CD,fbm0,ALREADY_OFF,offer already on DEFAULT
2026-08-18T08:20:49+00:00,DE,SAINT-VINCENT-AND-THE-GRENADINES-3GB-15D,B0H6MF3FWZ,fbm0,ALREADY_OFF,offer already on DEFAULT
2026-08-18T08:20:50+00:00,DE,AALAND-ISLANDS-3GB-15D,B0FR3CCSMB,fbm0,ALREADY_OFF,offer already on no channel
2026-08-18T08:20:52+00:00,DE,AALAND-ISLANDS-5GB-30D,B0FR3G6JWB,fbm0,ALREADY_OFF,offer already on no channel
2026-08-18T08:20:53+00:00,DE,AALAND-ISLANDS-20GB-30D,B0FR39Q1KJ,fbm0,ALREADY_OFF,offer already on no channel
2026-08-18T08:20:54+00:00,DE,AFRICA-5GB-30D,B0FR3GK9Z7,fbm0,ALREADY_OFF,offer already on DEFAULT
2026-08-18T08:20:56+00:00,DE,ALBANIA-5GB-30D,B0FR4ZG3Z6,fbm0,ALREADY_OFF,offer already on DEFAULT
2026-08-18T08:20:57+00:00,DE,ARGENTINA-3GB-15D,B0FR554SXN,fbm0,ALREADY_OFF,offer already on DEFAULT
2026-08-18T08:20:58+00:00,DE,ARGENTINA-20GB-30D,B0FR5DCH33,fbm0,ALREADY_OFF,offer already on DEFAULT
2026-08-18T08:21:00+00:00,DE,ARMENIA-3GB-15D,B0FR5BK9R4,fbm0,ALREADY_OFF,offer already on DEFAULT
2026-08-18T08:21:01+00:00,DE,ARMENIA-20GB-30D,B0FR4ZT5XT,fbm0,ALREADY_OFF,offer already on DEFAULT
2026-08-18T08:21:02+00:00,DE,ASIA-20-3GB-15D,B0FR9FZ4RF,fbm0,ALREADY_OFF,offer already on DEFAULT
2026-08-18T08:21:03+00:00,DE,ASIA-20-5GB-30D,B0FR9BQNSV,fbm0,ALREADY_OFF,offer already on DEFAULT
2026-08-18T08:21:04+00:00,DE,AUSTRALIA-3GB-15D,B0FR9SKY4D,fbm0,ALREADY_OFF,offer already on DEFAULT
2026-08-18T08:21:06+00:00,DE,AUSTRALIA-5GB-30D,B0FR9JRB62,fbm0,ALREADY_OFF,offer already on DEFAULT
2026-08-18T08:21:07+00:00,DE,AUSTRALIA-20GB-30D,B0FR9G1ZQJ,fbm0,ALREADY_OFF,offer already on DEFAULT
2026-08-18T08:21:08+00:00,DE,AUSTRIA-3GB-15D,B0FR9QSMSP,fbm0,ALREADY_OFF,offer already on DEFAULT
2026-08-18T08:21:09+00:00,DE,AUSTRIA-5GB-30D,B0FR8XCH78,fbm0,ALREADY_OFF,offer already on DEFAULT
2026-08-18T08:21:11+00:00,DE,AUSTRIA-20GB-30D,B0FR8XBSBP,fbm0,ALREADY_OFF,offer already on DEFAULT
2026-08-18T08:21:12+00:00,DE,AZERBAIJAN-3GB-15D,B0FR9BTC98,fbm0,ALREADY_OFF,offer already on DEFAULT
2026-08-18T08:21:13+00:00,DE,BAHRAIN-3GB-15D,B0FR9K64KF,fbm0,ALREADY_OFF,offer already on DEFAULT
2026-08-18T08:21:14+00:00,DE,BANGLADESH-3GB-15D,B0FR9L7SG3,fbm0,ALREADY_OFF,offer already on DEFAULT
2026-08-18T08:21:15+00:00,DE,BANGLADESH-5GB-30D,B0FR9BQFCM,fbm0,ALREADY_OFF,offer already on DEFAULT
2026-08-18T08:21:17+00:00,DE,BANGLADESH-20GB-30D,B0FR8FJ3HJ,fbm0,ALREADY_OFF,offer already on DEFAULT
2026-08-18T08:21:18+00:00,DE,BELARUS-3GB-15D,B0FR9G3Z82,fbm0,ALREADY_OFF,offer already on DEFAULT
2026-08-18T08:21:19+00:00,DE,BELARUS-5GB-30D,B0FR8FFT4D,fbm0,ALREADY_OFF,offer already on DEFAULT
2026-08-18T08:21:20+00:00,DE,BELGIUM-3GB-15D,B0FR9G432K,fbm0,ALREADY_OFF,offer already on DEFAULT
2026-08-18T08:21:22+00:00,DE,BELGIUM-5GB-30D,B0FR9SXCW6,fbm0,ALREADY_OFF,offer already on DEFAULT
2026-08-18T08:21:23+00:00,DE,BELGIUM-20GB-30D,B0FR9BVRCH,fbm0,ALREADY_OFF,offer already on DEFAULT
2026-08-18T08:21:24+00:00,DE,BOLIVIA-3GB-15D,B0FR8FKPKH,fbm0,ALREADY_OFF,offer already on DEFAULT
2026-08-18T08:21:26+00:00,DE,BOLIVIA-20GB-30D,B0FR9RH588,fbm0,ALREADY_OFF,offer already on DEFAULT
2026-08-18T08:21:27+00:00,DE,BOSNIA-AND-HERZEGOVINA-3GB-15D,B0FR9G8ZVK,fbm0,ALREADY_OFF,offer already on DEFAULT
2026-08-18T08:21:28+00:00,DE,BOTSWANA-3GB-15D,B0FR9G7N2Q,fbm0,ALREADY_OFF,offer already on DEFAULT
2026-08-18T08:21:29+00:00,DE,BRAZIL-3GB-15D,B0FR9G5LKV,fbm0,ALREADY_OFF,offer already on DEFAULT
2026-08-18T08:21:31+00:00,DE,BRAZIL-20GB-30D,B0FR9KLZCR,fbm0,ALREADY_OFF,offer already on DEFAULT
2026-08-18T08:21:32+00:00,DE,BRUNEI-DARUSSALAM-3GB-15D,B0FR9KTJND,fbm0,ALREADY_OFF,offer already on DEFAULT
2026-08-18T08:21:34+00:00,DE,BRUNEI-DARUSSALAM-20GB-30D,B0FR9F971C,fbm0,ALREADY_OFF,offer already on DEFAULT
2026-08-18T08:21:35+00:00,DE,BURKINA-FASO-3GB-15D,B0FR9HWFSK,fbm0,ALREADY_OFF,offer already on DEFAULT
2026-08-18T08:21:39+00:00,DE,BURKINA-FASO-5GB-30D,B0FR9BWKSY,fbm0,ALREADY_OFF,offer already on DEFAULT
2026-08-18T08:21:40+00:00,DE,CAMEROON-3GB-15D,B0FR9VJ1ZB,fbm0,ALREADY_OFF,offer already on DEFAULT
2026-08-18T08:21:42+00:00,DE,CENTRAL-AFRICAN-REPUBLIC-3GB-15D,B0FR9RK8FP,fbm0,ALREADY_OFF,offer already on DEFAULT
2026-08-18T08:21:43+00:00,DE,CENTRAL-AFRICAN-REPUBLIC-5GB-30D,B0FR9R3NMC,fbm0,ALREADY_OFF,offer already on DEFAULT
2026-08-18T08:21:44+00:00,DE,CHAD-3GB-15D,B0FR9SG4MK,fbm0,ALREADY_OFF,offer already on DEFAULT
2026-08-18T08:21:45+00:00,DE,CHAD-5GB-30D,B0FR9L414C,fbm0,ALREADY_OFF,offer already on DEFAULT
2026-08-18T08:21:47+00:00,DE,CHILE-3GB-15D,B0FR9RY1RT,fbm0,ALREADY_OFF,offer already on DEFAULT
2026-08-18T08:21:48+00:00,DE,CHINA-3GB-15D,B0FR9QZ578,fbm0,ALREADY_OFF,offer already on DEFAULT
2026-08-18T08:21:49+00:00,DE,CHINA-5GB-30D,B0FR9HX7XH,fbm0,ALREADY_OFF,offer already on DEFAULT
2026-08-18T08:21:51+00:00,DE,CHINA-20GB-30D,B0FR9GD6X9,fbm0,ALREADY_OFF,offer already on DEFAULT
2026-08-18T08:21:52+00:00,DE,COLOMBIA-3GB-15D,B0FR9RL8W5,fbm0,ALREADY_OFF,offer already on DEFAULT
2026-08-18T08:21:53+00:00,DE,CAMBODIA-3GB-15D,B0FR8XKMJ4,fbm0,ALREADY_OFF,offer already on DEFAULT
2026-08-18T08:21:54+00:00,DE,CAMBODIA-20GB-30D,B0FR9GFJPL,fbm0,ALREADY_OFF,offer already on DEFAULT
2026-08-18T08:21:56+00:00,DE,COSTA-RICA-3GB-15D,B0FR9LNRMN,fbm0,ALREADY_OFF,offer already on DEFAULT
2026-08-18T08:21:57+00:00,DE,COTE-D-IVOIRE-3GB-15D,B0FR9HW9DJ,fbm0,ALREADY_OFF,offer already on DEFAULT
2026-08-18T08:21:58+00:00,DE,COTE-D-IVOIRE-5GB-30D,B0FR9V5LYJ,fbm0,ALREADY_OFF,offer already on DEFAULT
2026-08-18T08:21:59+00:00,DE,CROATIA-3GB-15D,B0FR9GDKT1,fbm0,ALREADY_OFF,offer already on DEFAULT
2026-08-18T08:22:01+00:00,DE,CROATIA-5GB-30D,B0FR9BVV58,fbm0,ALREADY_OFF,offer already on DEFAULT
2026-08-18T08:22:02+00:00,DE,CROATIA-20GB-30D,B0FR9TYCSL,fbm0,ALREADY_OFF,offer already on DEFAULT
2026-08-18T08:22:03+00:00,DE,CYPRUS-3GB-15D,B0FR8XJWWG,fbm0,ALREADY_OFF,offer already on DEFAULT
2026-08-18T08:22:05+00:00,DE,CYPRUS-5GB-30D,B0FR8XHWZV,fbm0,ALREADY_OFF,offer already on DEFAULT
2026-08-18T08:22:06+00:00,DE,CZECH-REPUBLIC-3GB-15D,B0FR9SB2Q3,fbm0,ALREADY_OFF,offer already on DEFAULT
2026-08-18T08:22:07+00:00,DE,CZECH-REPUBLIC-5GB-30D,B0FR9BY2LF,fbm0,ALREADY_OFF,offer already on DEFAULT
2026-08-18T08:22:08+00:00,DE,CZECH-REPUBLIC-20GB-30D,B0FR9SVN9H,fbm0,ALREADY_OFF,offer already on DEFAULT
2026-08-18T08:22:09+00:00,DE,DENMARK-3GB-15D,B0FR9GSNP4,fbm0,ALREADY_OFF,offer already on DEFAULT
2026-08-18T08:22:11+00:00,DE,DENMARK-5GB-30D,B0FR8XQYR4,fbm0,ALREADY_OFF,offer already on DEFAULT
2026-08-18T08:22:12+00:00,DE,DENMARK-20GB-30D,B0FR9QPF45,fbm0,ALREADY_OFF,offer already on DEFAULT
2026-08-18T08:22:13+00:00,DE,DOMINICAN-REPUBLIC-3GB-15D,B0FR9GSKZF,fbm0,ALREADY_OFF,offer already on DEFAULT
2026-08-18T08:22:14+00:00,DE,DOMINICAN-REPUBLIC-5GB-30D,B0FR9GQKCM,fbm0,ALREADY_OFF,offer already on DEFAULT
2026-08-18T08:22:16+00:00,DE,DOMINICAN-REPUBLIC-20GB-30D,B0FR9C6DJF,fbm0,ALREADY_OFF,offer already on DEFAULT
2026-08-18T08:22:17+00:00,DE,ECUADOR-3GB-15D,B0FR9RM6MP,fbm0,ALREADY_OFF,offer already on DEFAULT
2026-08-18T08:22:18+00:00,DE,EGYPT-3GB-15D,B0FR9C784N,fbm0,ALREADY_OFF,offer already on DEFAULT
2026-08-18T08:22:19+00:00,DE,EGYPT-5GB-30D,B0FR9LR5KJ,fbm0,ALREADY_OFF,offer already on DEFAULT
2026-08-18T08:22:21+00:00,DE,EGYPT-20GB-30D,B0FR9GQBGL,fbm0,ALREADY_OFF,offer already on DEFAULT
2026-08-18T08:22:22+00:00,DE,EL-SALVADOR-3GB-15D,B0FR9LJ7X4,fbm0,ALREADY_OFF,offer already on DEFAULT
2026-08-18T08:22:23+00:00,DE,ESTONIA-3GB-15D,B0FR9GST1S,fbm0,ALREADY_OFF,offer already on DEFAULT
2026-08-18T08:22:25+00:00,DE,ESTONIA-5GB-30D,B0FR9GQYKB,fbm0,ALREADY_OFF,offer already on DEFAULT
2026-08-18T08:22:26+00:00,DE,ESTONIA-20GB-30D,B0FR9L527N,fbm0,ALREADY_OFF,offer already on DEFAULT
2026-08-18T08:22:27+00:00,DE,EUROPE-40-AREAS-5GB-30D,B0FR9RYSSS,fbm0,ALREADY_OFF,offer already on DEFAULT
2026-08-18T08:22:29+00:00,DE,EUROPE-40-AREAS-20GB-30D,B0FR9TNPV3,fbm0,ALREADY_OFF,offer already on DEFAULT
2026-08-18T08:22:30+00:00,DE,FINLAND-3GB-15D,B0FR9GSND6,fbm0,ALREADY_OFF,offer already on DEFAULT
2026-08-18T08:22:31+00:00,DE,FINLAND-5GB-30D,B0FR9SB3BJ,fbm0,ALREADY_OFF,offer already on DEFAULT
2026-08-18T08:22:32+00:00,DE,FRANCE-3GB-15D,B0FR9C5ZB6,fbm0,ALREADY_OFF,offer already on DEFAULT
2026-08-18T08:22:34+00:00,DE,FRANCE-5GB-30D,B0FR9LMDW5,fbm0,ALREADY_OFF,offer already on DEFAULT
2026-08-18T08:22:35+00:00,DE,FRANCE-20GB-30D,B0FR9GPMC5,fbm0,ALREADY_OFF,offer already on DEFAULT
2026-08-18T08:22:36+00:00,DE,GABON-3GB-15D,B0FR9GPX9T,fbm0,ALREADY_OFF,offer already on DEFAULT
2026-08-18T08:22:37+00:00,DE,GEORGIA-3GB-15D,B0FR9KMX2N,fbm0,ALREADY_OFF,offer already on DEFAULT
2026-08-18T08:22:39+00:00,DE,GEORGIA-20GB-30D,B0FR9C73NK,fbm0,ALREADY_OFF,offer already on DEFAULT
2026-08-18T08:22:40+00:00,DE,GERMANY-3GB-15D,B0GSZBMLKV,fbm0,ALREADY_OFF,offer already on DEFAULT
2026-08-18T08:22:41+00:00,DE,GERMANY-5GB-30D,B0GSZDYWLZ,fbm0,ALREADY_OFF,offer already on DEFAULT
2026-08-18T08:22:42+00:00,DE,GERMANY-20GB-30D,B0GSZP9H94,fbm0,ALREADY_OFF,offer already on DEFAULT
2026-08-18T08:22:44+00:00,DE,GIBRALTAR-3GB-15D,B0FR8XSPMC,fbm0,ALREADY_OFF,offer already on DEFAULT
2026-08-18T08:22:45+00:00,DE,GLOBAL139-5GB-30D,B0FR9VNTLY,fbm0,ALREADY_OFF,offer already on DEFAULT
2026-08-18T08:22:46+00:00,DE,GREECE-3GB-15D,B0FR9L85F6,fbm0,ALREADY_OFF,offer already on DEFAULT
2026-08-18T08:22:48+00:00,DE,GREECE-5GB-30D,B0FR9C7SMF,fbm0,ALREADY_OFF,offer already on DEFAULT
2026-08-18T08:22:49+00:00,DE,GREECE-20GB-30D,B0FR9KJGBG,fbm0,ALREADY_OFF,offer already on DEFAULT
2026-08-18T08:22:51+00:00,DE,GUADELOUPE-3GB-15D,B0FR9TMVWK,fbm0,ALREADY_OFF,offer already on DEFAULT
2026-08-18T08:22:52+00:00,DE,GUADELOUPE-20GB-30D,B0FR8XTBF6,fbm0,ALREADY_OFF,offer already on DEFAULT
2026-08-18T08:22:53+00:00,DE,GUAM-3GB-15D,B0FR9GVSSF,fbm0,ALREADY_OFF,offer already on DEFAULT
2026-08-18T08:22:54+00:00,DE,GUAM-5GB-30D,B0FR9SVP8Y,fbm0,ALREADY_OFF,offer already on DEFAULT
2026-08-18T08:22:55+00:00,DE,GUAM-20GB-30D,B0FR9C7MGP,fbm0,ALREADY_OFF,offer already on DEFAULT
2026-08-18T08:22:57+00:00,DE,GUATEMALA-3GB-15D,B0FR9VC6VD,fbm0,ALREADY_OFF,offer already on DEFAULT
2026-08-18T08:22:58+00:00,DE,GUERNSEY-3GB-15D,B0FR9SMWDN,fbm0,ALREADY_OFF,offer already on DEFAULT
2026-08-18T08:22:59+00:00,DE,GUERNSEY-5GB-30D,B0FR9C5PXR,fbm0,ALREADY_OFF,offer already on DEFAULT
2026-08-18T08:23:00+00:00,DE,GUERNSEY-20GB-30D,B0FR9LYWWY,fbm0,ALREADY_OFF,offer already on DEFAULT
2026-08-18T08:23:02+00:00,DE,HONDURAS-3GB-15D,B0FR9ZYV5G,fbm0,ALREADY_OFF,offer already on DEFAULT
2026-08-18T08:23:03+00:00,DE,HONG-KONG-3GB-15D,B0FR9CC6Q8,fbm0,ALREADY_OFF,offer already on DEFAULT
2026-08-18T08:23:04+00:00,DE,HONG-KONG-5GB-30D,B0FR9GXYYL,fbm0,ALREADY_OFF,offer already on DEFAULT
2026-08-18T08:23:06+00:00,DE,HONG-KONG-20GB-30D,B0FR9GXZ6F,fbm0,ALREADY_OFF,offer already on DEFAULT
2026-08-18T08:23:07+00:00,DE,HUNGARY-3GB-15D,B0FR9C9JVW,fbm0,ALREADY_OFF,offer already on DEFAULT
2026-08-18T08:23:08+00:00,DE,HUNGARY-5GB-30D,B0FR9GY3R5,fbm0,ALREADY_OFF,offer already on DEFAULT
2026-08-18T08:23:10+00:00,DE,HUNGARY-20GB-30D,B0FR9ZVYYQ,fbm0,ALREADY_OFF,offer already on DEFAULT
2026-08-18T08:23:11+00:00,DE,ICELAND-3GB-15D,B0FR9TBBK1,fbm0,ALREADY_OFF,offer already on DEFAULT
2026-08-18T08:23:12+00:00,DE,ICELAND-5GB-30D,B0FR9ZWQBD,fbm0,ALREADY_OFF,offer already on DEFAULT
2026-08-18T08:23:13+00:00,DE,ICELAND-20GB-30D,B0FR9GX6LF,fbm0,ALREADY_OFF,offer already on DEFAULT
2026-08-18T08:23:14+00:00,DE,INDIA-3GB-15D,B0FR9ZM116,fbm0,ALREADY_OFF,offer already on DEFAULT
2026-08-18T08:23:16+00:00,DE,INDIA-5GB-30D,B0FR9GXWN9,fbm0,ALREADY_OFF,offer already on DEFAULT
2026-08-18T08:23:17+00:00,DE,INDIA-20GB-30D,B0FR9DYMHX,fbm0,ALREADY_OFF,offer already on DEFAULT
2026-08-18T08:23:18+00:00,DE,INDONESIA-3GB-15D,B0FR9T6QPZ,fbm0,ALREADY_OFF,offer already on DEFAULT
2026-08-18T08:23:19+00:00,DE,INDONESIA-5GB-30D,B0FR8XW5DR,fbm0,ALREADY_OFF,offer already on DEFAULT
2026-08-18T08:23:21+00:00,DE,INDONESIA-20GB-30D,B0FR9QXRDQ,fbm0,ALREADY_OFF,offer already on DEFAULT
2026-08-18T08:23:22+00:00,DE,IRELAND-3GB-15D,B0FR8XV57F,fbm0,ALREADY_OFF,offer already on DEFAULT
2026-08-18T08:23:23+00:00,DE,IRELAND-5GB-30D,B0FR9GYKQL,fbm0,ALREADY_OFF,offer already on DEFAULT
2026-08-18T08:23:24+00:00,DE,IRELAND-20GB-30D,B0FR9SZG2Z,fbm0,ALREADY_OFF,offer already on DEFAULT
2026-08-18T08:23:26+00:00,DE,ISLE-OF-MAN-3GB-15D,B0FR9LZ7RL,fbm0,ALREADY_OFF,offer already on DEFAULT
2026-08-18T08:23:27+00:00,DE,ISLE-OF-MAN-5GB-30D,B0FR9M27XY,fbm0,ALREADY_OFF,offer already on DEFAULT
2026-08-18T08:23:28+00:00,DE,ISLE-OF-MAN-20GB-30D,B0FR9CB5LK,fbm0,ALREADY_OFF,offer already on DEFAULT
2026-08-18T08:23:30+00:00,DE,ISRAEL-3GB-15D,B0FR9M11H1,fbm0,ALREADY_OFF,offer already on DEFAULT
2026-08-18T08:23:31+00:00,DE,ISRAEL-5GB-30D,B0FR8XVZZM,fbm0,ALREADY_OFF,offer already on DEFAULT
2026-08-18T08:23:32+00:00,DE,ISRAEL-20GB-30D,B0FR9K8SQ1,fbm0,ALREADY_OFF,offer already on DEFAULT
2026-08-18T08:23:34+00:00,DE,ITALY-3GB-15D,B0FR9GXZ18,fbm0,ALREADY_OFF,offer already on DEFAULT
2026-08-18T08:23:35+00:00,DE,ITALY-5GB-30D,B0FR9ZR2TH,fbm0,ALREADY_OFF,offer already on DEFAULT
2026-08-18T08:23:36+00:00,DE,ITALY-20GB-30D,B0FR9RNZV2,fbm0,ALREADY_OFF,offer already on DEFAULT
2026-08-18T08:23:37+00:00,DE,JAPAN-3GB-15D,B0FR9LVZVQ,fbm0,ALREADY_OFF,offer already on DEFAULT
2026-08-18T08:23:38+00:00,DE,JAPAN-5GB-30D,B0FR9TLXXH,fbm0,ALREADY_OFF,offer already on DEFAULT
2026-08-18T08:23:40+00:00,DE,JAPAN-20GB-30D,B0FR9RZKRB,fbm0,ALREADY_OFF,offer already on DEFAULT
2026-08-18T08:23:41+00:00,DE,JERSEY-3GB-15D,B0FR9GYMR5,fbm0,ALREADY_OFF,offer already on DEFAULT
2026-08-18T08:23:42+00:00,DE,JERSEY-5GB-30D,B0FR9M27GP,fbm0,ALREADY_OFF,offer already on DEFAULT
2026-08-18T08:23:44+00:00,DE,JERSEY-20GB-30D,B0FR9CBQDH,fbm0,ALREADY_OFF,offer already on DEFAULT
2026-08-18T08:23:45+00:00,DE,JORDAN-3GB-15D,B0FR9M144Z,fbm0,ALREADY_OFF,offer already on DEFAULT
2026-08-18T08:23:46+00:00,DE,JORDAN-5GB-30D,B0FR9ZTZNK,fbm0,ALREADY_OFF,offer already on DEFAULT
2026-08-18T08:23:48+00:00,DE,JORDAN-20GB-30D,B0FR9ST188,fbm0,ALREADY_OFF,offer already on DEFAULT
2026-08-18T08:23:49+00:00,DE,KAZAKHSTAN-3GB-15D,B0FR9T4DG2,fbm0,ALREADY_OFF,offer already on DEFAULT
2026-08-18T08:23:50+00:00,DE,KAZAKHSTAN-5GB-30D,B0FR9ZMMSH,fbm0,ALREADY_OFF,offer already on DEFAULT
2026-08-18T08:23:51+00:00,DE,KAZAKHSTAN-20GB-30D,B0FR9TLNNW,fbm0,ALREADY_OFF,offer already on DEFAULT
2026-08-18T08:23:53+00:00,DE,KENYA-3GB-15D,B0FR9GZ14G,fbm0,ALREADY_OFF,offer already on DEFAULT
2026-08-18T08:23:54+00:00,DE,KENYA-5GB-30D,B0FR9T4DG6,fbm0,ALREADY_OFF,offer already on DEFAULT
2026-08-18T08:23:55+00:00,DE,KUWAIT-3GB-15D,B0FR9LZJ3X,fbm0,ALREADY_OFF,offer already on DEFAULT
2026-08-18T08:23:56+00:00,DE,KUWAIT-5GB-30D,B0FR9M2TXP,fbm0,ALREADY_OFF,offer already on DEFAULT
2026-08-18T08:23:58+00:00,DE,KUWAIT-20GB-30D,B0FR9KBF4P,fbm0,ALREADY_OFF,offer already on DEFAULT
2026-08-18T08:23:59+00:00,DE,KYRGYZSTAN-3GB-15D,B0FR9TVF4R,fbm0,ALREADY_OFF,offer already on DEFAULT
2026-08-18T08:24:00+00:00,DE,KYRGYZSTAN-20GB-30D,B0FR8XXBHM,fbm0,ALREADY_OFF,offer already on DEFAULT
2026-08-18T08:24:02+00:00,DE,LATVIA-3GB-15D,B0FR9VM4K6,fbm0,ALREADY_OFF,offer already on DEFAULT
2026-08-18T08:24:03+00:00,DE,LATVIA-5GB-30D,B0FR9TR99S,fbm0,ALREADY_OFF,offer already on DEFAULT
2026-08-18T08:24:04+00:00,DE,LATVIA-20GB-30D,B0FR9SWN6V,fbm0,ALREADY_OFF,offer already on DEFAULT
2026-08-18T08:24:05+00:00,DE,LIBERIA-3GB-15D,B0FR9H18JQ,fbm0,ALREADY_OFF,offer already on DEFAULT
2026-08-18T08:24:07+00:00,DE,LIBERIA-5GB-30D,B0FR9SJ1YH,fbm0,ALREADY_OFF,offer already on DEFAULT
2026-08-18T08:24:08+00:00,DE,LIECHTENSTEIN-3GB-15D,B0FR9S35ZH,fbm0,ALREADY_OFF,offer already on DEFAULT
2026-08-18T08:24:09+00:00,DE,LITHUANIA-3GB-15D,B0FR9KS3P4,fbm0,ALREADY_OFF,offer already on DEFAULT
2026-08-18T08:24:11+00:00,DE,LITHUANIA-5GB-30D,B0FR9R598C,fbm0,ALREADY_OFF,offer already on DEFAULT
2026-08-18T08:24:12+00:00,DE,LITHUANIA-20GB-30D,B0FR9TQN8N,fbm0,ALREADY_OFF,offer already on DEFAULT
2026-08-18T08:24:13+00:00,DE,LUXEMBOURG-3GB-15D,B0FR9SHRKM,fbm0,ALREADY_OFF,offer already on DEFAULT
2026-08-18T08:24:14+00:00,DE,LUXEMBOURG-5GB-30D,B0FR9SB862,fbm0,ALREADY_OFF,offer already on DEFAULT
2026-08-18T08:24:16+00:00,DE,LUXEMBOURG-20GB-30D,B0FR8XXXZB,fbm0,ALREADY_OFF,offer already on DEFAULT
2026-08-18T08:24:17+00:00,DE,MACAO-3GB-15D,B0FR9M485M,fbm0,ALREADY_OFF,offer already on DEFAULT
2026-08-18T08:24:18+00:00,DE,MACAO-5GB-30D,B0FR9L9624,fbm0,ALREADY_OFF,offer already on DEFAULT
2026-08-18T08:24:20+00:00,DE,MACAO-20GB-30D,B0FR9CDBN2,fbm0,ALREADY_OFF,offer already on DEFAULT
2026-08-18T08:24:21+00:00,DE,MADAGASCAR-3GB-15D,B0FR9H2NS1,fbm0,ALREADY_OFF,offer already on DEFAULT
2026-08-18T08:24:22+00:00,DE,MALAWI-3GB-15D,B0FR9H3JDK,fbm0,ALREADY_OFF,offer already on DEFAULT
2026-08-18T08:24:24+00:00,DE,MALAWI-5GB-30D,B0FR9GXY24,fbm0,ALREADY_OFF,offer already on DEFAULT
2026-08-18T08:24:25+00:00,DE,MALAYSIA-3GB-15D,B0FR9H1Q65,fbm0,ALREADY_OFF,offer already on DEFAULT
2026-08-18T08:24:26+00:00,DE,MALAYSIA-5GB-30D,B0FR9LDGX8,fbm0,ALREADY_OFF,offer already on DEFAULT
2026-08-18T08:24:27+00:00,DE,MALAYSIA-20GB-30D,B0FR9VMWYD,fbm0,ALREADY_OFF,offer already on DEFAULT
2026-08-18T08:24:29+00:00,DE,MALI-3GB-15D,B0FR9TRDSY,fbm0,ALREADY_OFF,offer already on DEFAULT
2026-08-18T08:24:30+00:00,DE,MALTA-3GB-15D,B0FR9M3PNR,fbm0,ALREADY_OFF,offer already on DEFAULT
2026-08-18T08:24:31+00:00,DE,MALTA-5GB-30D,B0FR9ZSMTC,fbm0,ALREADY_OFF,offer already on DEFAULT
2026-08-18T08:24:33+00:00,DE,MALTA-20GB-30D,B0FR9VL1Q9,fbm0,ALREADY_OFF,offer already on DEFAULT
2026-08-18T08:24:34+00:00,DE,MEXICO-3GB-15D,B0FR9SZSTG,fbm0,ALREADY_OFF,offer already on DEFAULT
2026-08-18T08:24:35+00:00,DE,MEXICO-5GB-30D,B0FR9H2K1C,fbm0,ALREADY_OFF,offer already on DEFAULT
2026-08-18T08:24:37+00:00,DE,MEXICO-20GB-30D,B0FR9VDSJX,fbm0,ALREADY_OFF,offer already on DEFAULT
2026-08-18T08:24:38+00:00,DE,MIDDLE-EAST-5GB-30D,B0FR9SYKP6,fbm0,ALREADY_OFF,offer already on DEFAULT
2026-08-18T08:24:39+00:00,DE,MOLDOVA-3GB-15D,B0FR9CFQYY,fbm0,ALREADY_OFF,offer already on DEFAULT
2026-08-18T08:24:40+00:00,DE,MONACO-3GB-15D,B0FR9ZS6GM,fbm0,ALREADY_OFF,offer already on DEFAULT
2026-08-18T08:24:41+00:00,DE,MONACO-5GB-30D,B0FR9H1H4M,fbm0,ALREADY_OFF,offer already on DEFAULT
2026-08-18T08:24:43+00:00,DE,MONGOLIA-3GB-15D,B0FR9LSYTX,fbm0,ALREADY_OFF,offer already on DEFAULT
2026-08-18T08:24:44+00:00,DE,MONTENEGRO-3GB-15D,B0FR9R5HR7,fbm0,ALREADY_OFF,offer already on DEFAULT
2026-08-18T08:24:45+00:00,DE,MOROCCO-3GB-15D,B0FR9CFZQR,fbm0,ALREADY_OFF,offer already on DEFAULT
2026-08-18T08:24:47+00:00,DE,MOROCCO-5GB-30D,B0FR9CDDQ8,fbm0,ALREADY_OFF,offer already on DEFAULT
2026-08-18T08:24:48+00:00,DE,MOROCCO-20GB-30D,B0FR9M57DY,fbm0,ALREADY_OFF,offer already on DEFAULT
2026-08-18T08:24:49+00:00,DE,MOZAMBIQUE-3GB-15D,B0FRB1M6HK,fbm0,ALREADY_OFF,offer already on DEFAULT
2026-08-18T08:24:50+00:00,DE,MOZAMBIQUE-20GB-30D,B0FR9CFLS7,fbm0,ALREADY_OFF,offer already on DEFAULT
2026-08-18T08:24:52+00:00,DE,NEPAL-3GB-15D,B0FRB1TD7L,fbm0,ALREADY_OFF,offer already on DEFAULT
2026-08-18T08:24:53+00:00,DE,NETHERLANDS-3GB-15D,B0FRB5GNM2,fbm0,ALREADY_OFF,offer already on DEFAULT
2026-08-18T08:24:54+00:00,DE,NETHERLANDS-5GB-30D,B0FR9NHP7Q,fbm0,ALREADY_OFF,offer already on DEFAULT
2026-08-18T08:24:56+00:00,DE,NETHERLANDS-20GB-30D,B0FR9NG7LB,fbm0,ALREADY_OFF,offer already on DEFAULT
2026-08-18T08:24:57+00:00,DE,NEW-ZEALAND-3GB-15D,B0FR9NKXF5,fbm0,ALREADY_OFF,offer already on DEFAULT
2026-08-18T08:24:58+00:00,DE,NEW-ZEALAND-5GB-30D,B0FR9NHFWQ,fbm0,ALREADY_OFF,offer already on DEFAULT
2026-08-18T08:25:00+00:00,DE,NEW-ZEALAND-20GB-30D,B0FRB1TWT8,fbm0,ALREADY_OFF,offer already on DEFAULT
2026-08-18T08:25:01+00:00,DE,NICARAGUA-3GB-15D,B0FRB33MPG,fbm0,ALREADY_OFF,offer already on DEFAULT
2026-08-18T08:25:02+00:00,DE,NIGER-3GB-15D,B0FR9NPT1H,fbm0,ALREADY_OFF,offer already on DEFAULT
2026-08-18T08:25:03+00:00,DE,NIGERIA-3GB-15D,B0FR9X17QY,fbm0,ALREADY_OFF,offer already on DEFAULT
2026-08-18T08:25:04+00:00,DE,NORTH-AMERICA-5GB-30D,B0FRBDQ8H5,fbm0,ALREADY_OFF,offer already on DEFAULT
2026-08-18T08:25:05+00:00,DE,NORTH-MACEDONIA-3GB-15D,B0FRB59DJS,fbm0,ALREADY_OFF,offer already on DEFAULT
2026-08-18T08:25:07+00:00,DE,NORTH-MACEDONIA-5GB-30D,B0FR9WNHHX,fbm0,ALREADY_OFF,offer already on DEFAULT
2026-08-18T08:25:08+00:00,DE,NORWAY-3GB-15D,B0FR9WNK2H,fbm0,ALREADY_OFF,offer already on DEFAULT
2026-08-18T08:25:09+00:00,DE,NORWAY-5GB-30D,B0FRBNPZ9D,fbm0,ALREADY_OFF,offer already on DEFAULT
2026-08-18T08:25:11+00:00,DE,NORWAY-20GB-30D,B0FRB572L8,fbm0,ALREADY_OFF,offer already on DEFAULT
2026-08-18T08:25:12+00:00,DE,OMAN-3GB-15D,B0FRB4BL4W,fbm0,ALREADY_OFF,offer already on DEFAULT
2026-08-18T08:25:13+00:00,DE,OMAN-20GB-30D,B0FRB4R3FK,fbm0,ALREADY_OFF,offer already on DEFAULT
2026-08-18T08:25:15+00:00,DE,PAKISTAN-3GB-15D,B0FRB4HL3B,fbm0,ALREADY_OFF,offer already on DEFAULT
2026-08-18T08:25:16+00:00,DE,PAKISTAN-5GB-30D,B0FRB48QKZ,fbm0,ALREADY_OFF,offer already on DEFAULT
2026-08-18T08:25:17+00:00,DE,PAKISTAN-20GB-30D,B0FRB691X8,fbm0,ALREADY_OFF,offer already on DEFAULT
2026-08-18T08:25:19+00:00,DE,PANAMA-3GB-15D,B0FRB3VFW6,fbm0,ALREADY_OFF,offer already on DEFAULT
2026-08-18T08:25:20+00:00,DE,PARAGUAY-3GB-15D,B0FRB3V7CS,fbm0,ALREADY_OFF,offer already on DEFAULT
2026-08-18T08:25:21+00:00,DE,PHILIPPINES-3GB-15D,B0FRB1GVXK,fbm0,ALREADY_OFF,offer already on DEFAULT
2026-08-18T08:25:22+00:00,DE,PHILIPPINES-5GB-30D,B0FRB4VCKG,fbm0,ALREADY_OFF,offer already on DEFAULT
2026-08-18T08:25:24+00:00,DE,PHILIPPINES-20GB-30D,B0FRB4K2D4,fbm0,ALREADY_OFF,offer already on DEFAULT
2026-08-18T08:25:25+00:00,DE,POLAND-3GB-15D,B0FRB4JVKR,fbm0,ALREADY_OFF,offer already on DEFAULT
2026-08-18T08:25:26+00:00,DE,POLAND-5GB-30D,B0FRBDPQ9J,fbm0,ALREADY_OFF,offer already on DEFAULT
2026-08-18T08:25:27+00:00,DE,POLAND-20GB-30D,B0FRB5HSK7,fbm0,ALREADY_OFF,offer already on DEFAULT
2026-08-18T08:25:28+00:00,DE,PORTUGAL-3GB-15D,B0FRB4314T,fbm0,ALREADY_OFF,offer already on DEFAULT
2026-08-18T08:25:30+00:00,DE,PORTUGAL-5GB-30D,B0FRB4X799,fbm0,ALREADY_OFF,offer already on DEFAULT
2026-08-18T08:25:31+00:00,DE,PORTUGAL-20GB-30D,B0FRB354KV,fbm0,ALREADY_OFF,offer already on DEFAULT
2026-08-18T08:25:32+00:00,DE,PUERTO-RICO-3GB-15D,B0FRB5MSF1,fbm0,ALREADY_OFF,offer already on DEFAULT
2026-08-18T08:25:34+00:00,DE,PUERTO-RICO-5GB-30D,B0FR9WMX9V,fbm0,ALREADY_OFF,offer already on DEFAULT
2026-08-18T08:25:35+00:00,DE,QATAR-3GB-15D,B0FR9NXH43,fbm0,ALREADY_OFF,offer already on DEFAULT
2026-08-18T08:25:36+00:00,DE,QATAR-5GB-30D,B0FR9X5KB1,fbm0,ALREADY_OFF,offer already on DEFAULT
2026-08-18T08:25:37+00:00,DE,QATAR-20GB-30D,B0FR9X3QGM,fbm0,ALREADY_OFF,offer already on DEFAULT
2026-08-18T08:25:39+00:00,DE,REUNION-3GB-15D,B0FRB3KCNQ,fbm0,ALREADY_OFF,offer already on DEFAULT
2026-08-18T08:25:40+00:00,DE,REUNION-5GB-30D,B0FRB47TQW,fbm0,ALREADY_OFF,offer already on DEFAULT
2026-08-18T08:25:41+00:00,DE,SAUDI-ARABIA-3GB-15D,B0FRB3N2KL,fbm0,ALREADY_OFF,offer already on DEFAULT
2026-08-18T08:25:43+00:00,DE,SAUDI-ARABIA-5GB-30D,B0FRB1SRZY,fbm0,ALREADY_OFF,offer already on DEFAULT
2026-08-18T08:25:44+00:00,DE,SAUDI-ARABIA-20GB-30D,B0FRB5PZTS,fbm0,ALREADY_OFF,offer already on DEFAULT
2026-08-18T08:25:45+00:00,DE,SENEGAL-3GB-15D,B0FRB4HX92,fbm0,ALREADY_OFF,offer already on DEFAULT
2026-08-18T08:25:46+00:00,DE,SENEGAL-5GB-30D,B0FRB68H77,fbm0,ALREADY_OFF,offer already on DEFAULT
2026-08-18T08:25:48+00:00,DE,SERBIA-3GB-15D,B0FRB5TJV2,fbm0,ALREADY_OFF,offer already on DEFAULT
2026-08-18T08:25:49+00:00,DE,SERBIA-20GB-30D,B0FRB5K8JC,fbm0,ALREADY_OFF,offer already on DEFAULT
2026-08-18T08:25:50+00:00,DE,SEYCHELLES-3GB-15D,B0FRB55T3H,fbm0,ALREADY_OFF,offer already on DEFAULT
2026-08-18T08:25:52+00:00,DE,SEYCHELLES-5GB-30D,B0FR9P7N6M,fbm0,ALREADY_OFF,offer already on DEFAULT
2026-08-18T08:25:53+00:00,DE,SINGAPORE-5GB-30D,B0FR9X3Y3R,fbm0,ALREADY_OFF,offer already on DEFAULT
2026-08-18T08:25:54+00:00,DE,SINGAPORE-20GB-30D,B0FRB256K8,fbm0,ALREADY_OFF,offer already on DEFAULT
2026-08-18T08:25:56+00:00,DE,SLOVAKIA-3GB-15D,B0FR9XC4BW,fbm0,ALREADY_OFF,offer already on DEFAULT
2026-08-18T08:25:57+00:00,DE,SLOVAKIA-5GB-30D,B0FRB2X84M,fbm0,ALREADY_OFF,offer already on DEFAULT
2026-08-18T08:25:59+00:00,DE,SLOVAKIA-20GB-30D,B0FRB14YYC,fbm0,ALREADY_OFF,offer already on DEFAULT
2026-08-18T08:26:00+00:00,DE,SLOVENIA-3GB-15D,B0FR9XCF27,fbm0,ALREADY_OFF,offer already on DEFAULT
2026-08-18T08:26:01+00:00,DE,SLOVENIA-5GB-30D,B0FRB3SJMR,fbm0,ALREADY_OFF,offer already on DEFAULT
2026-08-18T08:26:02+00:00,DE,SLOVENIA-20GB-30D,B0FR9X15V2,fbm0,ALREADY_OFF,offer already on DEFAULT
2026-08-18T08:26:04+00:00,DE,SOUTH-AFRICA-5GB-30D,B0FRB3R6F3,fbm0,ALREADY_OFF,offer already on DEFAULT
2026-08-18T08:26:05+00:00,DE,SOUTH-AMERICA-5GB-30D,B0FRB8D7HC,fbm0,ALREADY_OFF,offer already on DEFAULT
2026-08-18T08:26:06+00:00,DE,SOUTH-KOREA-3GB-15D,B0FRC4RTDF,fbm0,ALREADY_OFF,offer already on DEFAULT
2026-08-18T08:26:07+00:00,DE,SOUTH-KOREA-5GB-30D,B0FRD9LC4C,fbm0,ALREADY_OFF,offer already on DEFAULT
2026-08-18T08:26:09+00:00,DE,SOUTH-KOREA-20GB-30D,B0FRC4P51Z,fbm0,ALREADY_OFF,offer already on DEFAULT
2026-08-18T08:26:10+00:00,DE,SPAIN-3GB-15D,B0FRCDHTZ7,fbm0,ALREADY_OFF,offer already on DEFAULT
2026-08-18T08:26:11+00:00,DE,SPAIN-5GB-30D,B0FRBQCLZN,fbm0,ALREADY_OFF,offer already on DEFAULT
2026-08-18T08:26:13+00:00,DE,SPAIN-20GB-30D,B0FRCMPGPL,fbm0,ALREADY_OFF,offer already on DEFAULT
2026-08-18T08:26:14+00:00,DE,SRI-LANKA-3GB-15D,B0FRB7Z1NW,fbm0,ALREADY_OFF,offer already on DEFAULT
2026-08-18T08:26:15+00:00,DE,SRI-LANKA-5GB-30D,B0FRB64B8M,fbm0,ALREADY_OFF,offer already on DEFAULT
2026-08-18T08:26:16+00:00,DE,SRI-LANKA-20GB-30D,B0FRC2DZN5,fbm0,ALREADY_OFF,offer already on DEFAULT
2026-08-18T08:26:18+00:00,DE,SUDAN-3GB-15D,B0FRCKTXNQ,fbm0,ALREADY_OFF,offer already on DEFAULT
2026-08-18T08:26:19+00:00,DE,SUDAN-5GB-30D,B0FRC799N3,fbm0,ALREADY_OFF,offer already on DEFAULT
2026-08-18T08:26:20+00:00,DE,SWEDEN-3GB-15D,B0FRCC6W9S,fbm0,ALREADY_OFF,offer already on DEFAULT
2026-08-18T08:26:22+00:00,DE,SWEDEN-5GB-30D,B0FRCS524D,fbm0,ALREADY_OFF,offer already on DEFAULT
2026-08-18T08:26:23+00:00,DE,SWEDEN-20GB-30D,B0FRB7X5SP,fbm0,ALREADY_OFF,offer already on DEFAULT
2026-08-18T08:26:24+00:00,DE,SWITZERLAND-3GB-15D,B0FRB5LFVC,fbm0,ALREADY_OFF,offer already on DEFAULT
2026-08-18T08:26:25+00:00,DE,SWITZERLAND-5GB-30D,B0FRB7G4VW,fbm0,ALREADY_OFF,offer already on DEFAULT
2026-08-18T08:26:27+00:00,DE,SWITZERLAND-20GB-30D,B0FRB6VY7S,fbm0,ALREADY_OFF,offer already on DEFAULT
2026-08-18T08:26:28+00:00,DE,TANZANIA-3GB-15D,B0FRC81NPJ,fbm0,ALREADY_OFF,offer already on DEFAULT
2026-08-18T08:26:29+00:00,DE,THAILAND-3GB-15D,B0FRCDPJSH,fbm0,ALREADY_OFF,offer already on DEFAULT
2026-08-18T08:26:31+00:00,DE,THAILAND-5GB-30D,B0FR9Q5D1J,fbm0,ALREADY_OFF,offer already on DEFAULT
2026-08-18T08:26:32+00:00,DE,THAILAND-20GB-30D,B0FRCHW3MW,fbm0,ALREADY_OFF,offer already on DEFAULT
2026-08-18T08:26:33+00:00,DE,TUNISIA-5GB-30D,B0FRB7Q96Z,fbm0,ALREADY_OFF,offer already on DEFAULT
2026-08-18T08:26:34+00:00,DE,TURKEY-3GB-15D,B0FRC2PSHM,fbm0,ALREADY_OFF,offer already on DEFAULT
2026-08-18T08:26:36+00:00,DE,TURKEY-5GB-30D,B0FRCBZ1BB,fbm0,ALREADY_OFF,offer already on DEFAULT
2026-08-18T08:26:37+00:00,DE,TURKEY-20GB-30D,B0FRCYMWCX,fbm0,ALREADY_OFF,offer already on DEFAULT
2026-08-18T08:26:38+00:00,DE,UGANDA-3GB-15D,B0FRB7F7Z9,fbm0,ALREADY_OFF,offer already on DEFAULT
2026-08-18T08:26:40+00:00,DE,UKRAINE-3GB-15D,B0FRB9SBFR,fbm0,ALREADY_OFF,offer already on DEFAULT
2026-08-18T08:26:41+00:00,DE,UKRAINE-5GB-30D,B0FRC2NRKG,fbm0,ALREADY_OFF,offer already on DEFAULT
2026-08-18T08:26:43+00:00,DE,UNITED-ARAB-EMIRATES-3GB-15D,B0FRBBYBGH,fbm0,ALREADY_OFF,offer already on DEFAULT
2026-08-18T08:26:44+00:00,DE,UNITED-ARAB-EMIRATES-5GB-30D,B0FRB89XHX,fbm0,ALREADY_OFF,offer already on DEFAULT
2026-08-18T08:26:45+00:00,DE,UNITED-ARAB-EMIRATES-20GB-30D,B0FRB7TFJR,fbm0,ALREADY_OFF,offer already on DEFAULT
2026-08-18T08:26:47+00:00,DE,UNITED-KINGDOM-3GB-15D,B0FRCPD8TS,fbm0,ALREADY_OFF,offer already on DEFAULT
2026-08-18T08:26:48+00:00,DE,UNITED-KINGDOM-5GB-30D,B0FRDDRGJF,fbm0,ALREADY_OFF,offer already on DEFAULT
2026-08-18T08:26:49+00:00,DE,UNITED-KINGDOM-20GB-30D,B0FRDGCBTN,fbm0,ALREADY_OFF,offer already on DEFAULT
2026-08-18T08:26:50+00:00,DE,UNITED-STATES-3GB-15D,B0FRCFXK3V,fbm0,ALREADY_OFF,offer already on DEFAULT
2026-08-18T08:26:52+00:00,DE,UNITED-STATES-5GB-30D,B0FRC2PQ8H,fbm0,ALREADY_OFF,offer already on DEFAULT
2026-08-18T08:26:53+00:00,DE,URUGUAY-3GB-15D,B0FRB7LHGN,fbm0,ALREADY_OFF,offer already on DEFAULT
2026-08-18T08:26:54+00:00,DE,UZBEKISTAN-5GB-30D,B0FRBWFZ6M,fbm0,ALREADY_OFF,offer already on DEFAULT
2026-08-18T08:26:56+00:00,DE,VIETNAM-3GB-15D,B0FRBR2DHW,fbm0,ALREADY_OFF,offer already on DEFAULT
2026-08-18T08:26:57+00:00,DE,VIETNAM-5GB-30D,B0FRCBXRGV,fbm0,ALREADY_OFF,offer already on DEFAULT
2026-08-18T08:26:58+00:00,DE,VIETNAM-20GB-30D,B0FRC2NKC4,fbm0,ALREADY_OFF,offer already on DEFAULT
2026-08-18T08:26:59+00:00,DE,ZAMBIA-5GB-30D,B0FRCL97L4,fbm0,ALREADY_OFF,offer already on DEFAULT
2026-08-18T08:27:01+00:00,DE,GAMBIA-3GB-15D,B0H2FTMBBQ,fbm0,ALREADY_OFF,offer already on DEFAULT
2026-08-18T08:27:02+00:00,DE,GAMBIA-5GB-30D,B0H2FQ3QJ9,fbm0,ALREADY_OFF,offer already on DEFAULT
2026-08-18T08:27:03+00:00,DE,MAURITIUS-5GB-30D,B0H2G2XMS3,fbm0,ALREADY_OFF,offer already on DEFAULT
2026-08-18T08:27:05+00:00,DE,AE_20_30,B0FRB7TFJR,fbm0,ALREADY_OFF,offer already on DEFAULT
2026-08-18T08:27:06+00:00,DE,AE_3_15,B0FRBBYBGH,fbm0,ALREADY_OFF,offer already on DEFAULT
2026-08-18T08:27:07+00:00,DE,AE_5_30,B0FRB89XHX,fbm0,ALREADY_OFF,offer already on DEFAULT
2026-08-18T08:27:09+00:00,DE,AF-29_5_30,B0FR3GK9Z7,fbm0,ALREADY_OFF,offer already on DEFAULT
2026-08-18T08:27:10+00:00,DE,AL_5_30,B0FR4ZG3Z6,fbm0,ALREADY_OFF,offer already on DEFAULT
2026-08-18T08:27:11+00:00,DE,AM_20_30,B0FR4ZT5XT,fbm0,ALREADY_OFF,offer already on DEFAULT
2026-08-18T08:27:12+00:00,DE,AM_3_15,B0FR5BK9R4,fbm0,ALREADY_OFF,offer already on DEFAULT
2026-08-18T08:27:14+00:00,DE,AR_20_30,B0FR5DCH33,fbm0,ALREADY_OFF,offer already on DEFAULT
2026-08-18T08:27:15+00:00,DE,AR_3_15,B0FR554SXN,fbm0,ALREADY_OFF,offer already on DEFAULT
2026-08-18T08:27:16+00:00,DE,AS-20_3_15,B0FR9FZ4RF,fbm0,ALREADY_OFF,offer already on DEFAULT
2026-08-18T08:27:17+00:00,DE,AS-20_5_30,B0FR9BQNSV,fbm0,ALREADY_OFF,offer already on DEFAULT
2026-08-18T08:27:19+00:00,DE,AT_20_30,B0FR8XBSBP,fbm0,ALREADY_OFF,offer already on DEFAULT
2026-08-18T08:27:20+00:00,DE,AT_3_15,B0FR9QSMSP,fbm0,ALREADY_OFF,offer already on DEFAULT
2026-08-18T08:27:21+00:00,DE,AT_5_30,B0FR8XCH78,fbm0,ALREADY_OFF,offer already on DEFAULT
2026-08-18T08:27:22+00:00,DE,AU_20_30,B0FR9G1ZQJ,fbm0,ALREADY_OFF,offer already on DEFAULT
2026-08-18T08:27:24+00:00,DE,AU_3_15,B0FR9SKY4D,fbm0,ALREADY_OFF,offer already on DEFAULT
2026-08-18T08:27:25+00:00,DE,AU_5_30,B0FR9JRB62,fbm0,ALREADY_OFF,offer already on DEFAULT
2026-08-18T08:27:26+00:00,DE,AX_20_30,B0FR39Q1KJ,fbm0,ALREADY_OFF,offer already on DEFAULT
2026-08-18T08:27:27+00:00,DE,AX_3_15,B0FR3CCSMB,fbm0,ALREADY_OFF,offer already on DEFAULT
2026-08-18T08:27:28+00:00,DE,AX_5_30,B0FR3G6JWB,fbm0,ALREADY_OFF,offer already on DEFAULT
2026-08-18T08:27:30+00:00,DE,AZ_3_15,B0FR9BTC98,fbm0,ALREADY_OFF,offer already on DEFAULT
2026-08-18T08:27:31+00:00,DE,BA_3_15,B0FR9G8ZVK,fbm0,ALREADY_OFF,offer already on DEFAULT
2026-08-18T08:27:32+00:00,DE,BD_20_30,B0FR8FJ3HJ,fbm0,ALREADY_OFF,offer already on DEFAULT
2026-08-18T08:27:33+00:00,DE,BD_3_15,B0FR9L7SG3,fbm0,ALREADY_OFF,offer already on DEFAULT
2026-08-18T08:27:35+00:00,DE,BD_5_30,B0FR9BQFCM,fbm0,ALREADY_OFF,offer already on DEFAULT
2026-08-18T08:27:36+00:00,DE,BE_20_30,B0FR9BVRCH,fbm0,ALREADY_OFF,offer already on DEFAULT
2026-08-18T08:27:37+00:00,DE,BE_3_15,B0FR9G432K,fbm0,ALREADY_OFF,offer already on DEFAULT
2026-08-18T08:27:38+00:00,DE,BE_5_30,B0FR9SXCW6,fbm0,ALREADY_OFF,offer already on DEFAULT
2026-08-18T08:27:40+00:00,DE,BF_3_15,B0FR9HWFSK,fbm0,ALREADY_OFF,offer already on DEFAULT
2026-08-18T08:27:41+00:00,DE,BF_5_30,B0FR9BWKSY,fbm0,ALREADY_OFF,offer already on DEFAULT
2026-08-18T08:27:42+00:00,DE,BH_3_15,B0FR9K64KF,fbm0,ALREADY_OFF,offer already on DEFAULT
2026-08-18T08:27:44+00:00,DE,BN_20_30,B0FR9F971C,fbm0,ALREADY_OFF,offer already on DEFAULT
2026-08-18T08:27:45+00:00,DE,BN_3_15,B0FR9KTJND,fbm0,ALREADY_OFF,offer already on DEFAULT
2026-08-18T08:27:46+00:00,DE,BO_20_30,B0FR9RH588,fbm0,ALREADY_OFF,offer already on DEFAULT
2026-08-18T08:27:48+00:00,DE,BO_3_15,B0FR8FKPKH,fbm0,ALREADY_OFF,offer already on DEFAULT
2026-08-18T08:27:49+00:00,DE,BR_20_30,B0FR9KLZCR,fbm0,ALREADY_OFF,offer already on DEFAULT
2026-08-18T08:27:50+00:00,DE,BR_3_15,B0FR9G5LKV,fbm0,ALREADY_OFF,offer already on DEFAULT
2026-08-18T08:27:51+00:00,DE,BW_3_15,B0FR9G7N2Q,fbm0,ALREADY_OFF,offer already on DEFAULT
2026-08-18T08:27:52+00:00,DE,BY_3_15,B0FR9G3Z82,fbm0,ALREADY_OFF,offer already on DEFAULT
2026-08-18T08:27:53+00:00,DE,BY_5_30,B0FR8FFT4D,fbm0,ALREADY_OFF,offer already on DEFAULT
2026-08-18T08:27:55+00:00,DE,CF_3_15,B0FR9RK8FP,fbm0,ALREADY_OFF,offer already on DEFAULT
2026-08-18T08:27:56+00:00,DE,CF_5_30,B0FR9R3NMC,fbm0,ALREADY_OFF,offer already on DEFAULT
2026-08-18T08:27:57+00:00,DE,CH_20_30,B0FRB6VY7S,fbm0,ALREADY_OFF,offer already on DEFAULT
2026-08-18T08:27:58+00:00,DE,CH_3_15,B0FRB5LFVC,fbm0,ALREADY_OFF,offer already on DEFAULT
2026-08-18T08:27:59+00:00,DE,CH_5_30,B0FRB7G4VW,fbm0,ALREADY_OFF,offer already on DEFAULT
2026-08-18T08:28:01+00:00,DE,CI_3_15,B0FR9HW9DJ,fbm0,ALREADY_OFF,offer already on DEFAULT
2026-08-18T08:28:02+00:00,DE,CI_5_30,B0FR9V5LYJ,fbm0,ALREADY_OFF,offer already on DEFAULT
2026-08-18T08:28:03+00:00,DE,CL_3_15,B0FR9RY1RT,fbm0,ALREADY_OFF,offer already on DEFAULT
2026-08-18T08:28:05+00:00,DE,CM_3_15,B0FR9VJ1ZB,fbm0,ALREADY_OFF,offer already on DEFAULT
2026-08-18T08:28:06+00:00,DE,CN_20_30,B0FR9GD6X9,fbm0,ALREADY_OFF,offer already on DEFAULT
2026-08-18T08:28:07+00:00,DE,CN_3_15,B0FR9QZ578,fbm0,ALREADY_OFF,offer already on DEFAULT
2026-08-18T08:28:08+00:00,DE,CN_5_30,B0FR9HX7XH,fbm0,ALREADY_OFF,offer already on DEFAULT
2026-08-18T08:28:09+00:00,DE,CO_3_15,B0FR9RL8W5,fbm0,ALREADY_OFF,offer already on DEFAULT
2026-08-18T08:28:11+00:00,DE,CR_3_15,B0FR9LNRMN,fbm0,ALREADY_OFF,offer already on DEFAULT
2026-08-18T08:28:12+00:00,DE,CY_3_15,B0FR8XJWWG,fbm0,ALREADY_OFF,offer already on DEFAULT
2026-08-18T08:28:13+00:00,DE,CY_5_30,B0FR8XHWZV,fbm0,ALREADY_OFF,offer already on DEFAULT
2026-08-18T08:28:14+00:00,DE,CZ_20_30,B0FR9SVN9H,fbm0,ALREADY_OFF,offer already on DEFAULT
2026-08-18T08:28:15+00:00,DE,CZ_5_30,B0FR9BY2LF,fbm0,ALREADY_OFF,offer already on DEFAULT
2026-08-18T08:28:17+00:00,DE,DE_20_30,B0GSZP9H94,fbm0,ALREADY_OFF,offer already on DEFAULT
2026-08-18T08:28:18+00:00,DE,DE_3_15,B0GSZBMLKV,fbm0,ALREADY_OFF,offer already on DEFAULT
2026-08-18T08:28:19+00:00,DE,DE_5_30,B0GSZDYWLZ,fbm0,ALREADY_OFF,offer already on DEFAULT
2026-08-18T08:28:20+00:00,DE,DK_20_30,B0FR9QPF45,fbm0,ALREADY_OFF,offer already on DEFAULT
2026-08-18T08:28:22+00:00,DE,DK_3_15,B0FR9GSNP4,fbm0,ALREADY_OFF,offer already on DEFAULT
2026-08-18T08:28:23+00:00,DE,DK_5_30,B0FR8XQYR4,fbm0,ALREADY_OFF,offer already on DEFAULT
2026-08-18T08:28:24+00:00,DE,DO_20_30,B0FR9C6DJF,fbm0,ALREADY_OFF,offer already on DEFAULT
2026-08-18T08:28:26+00:00,DE,DO_3_15,B0FR9GSKZF,fbm0,ALREADY_OFF,offer already on DEFAULT
2026-08-18T08:28:27+00:00,DE,DO_5_30,B0FR9GQKCM,fbm0,ALREADY_OFF,offer already on DEFAULT
2026-08-18T08:28:28+00:00,DE,EC_3_15,B0FR9RM6MP,fbm0,ALREADY_OFF,offer already on DEFAULT
2026-08-18T08:28:29+00:00,DE,EE_20_30,B0FR9L527N,fbm0,ALREADY_OFF,offer already on DEFAULT
2026-08-18T08:28:31+00:00,DE,EE_3_15,B0FR9GST1S,fbm0,ALREADY_OFF,offer already on DEFAULT
2026-08-18T08:28:32+00:00,DE,EE_5_30,B0FR9GQYKB,fbm0,ALREADY_OFF,offer already on DEFAULT
2026-08-18T08:28:33+00:00,DE,EG_20_30,B0FR9GQBGL,fbm0,ALREADY_OFF,offer already on DEFAULT
2026-08-18T08:28:34+00:00,DE,EG_3_15,B0FR9C784N,fbm0,ALREADY_OFF,offer already on DEFAULT
2026-08-18T08:28:35+00:00,DE,EG_5_30,B0FR9LR5KJ,fbm0,ALREADY_OFF,offer already on DEFAULT
2026-08-18T08:28:36+00:00,DE,ES_20_30,B0FRCMPGPL,fbm0,ALREADY_OFF,offer already on DEFAULT
2026-08-18T08:28:38+00:00,DE,ES_3_15,B0FRCDHTZ7,fbm0,ALREADY_OFF,offer already on DEFAULT
2026-08-18T08:28:39+00:00,DE,ES_5_30,B0FRBQCLZN,fbm0,ALREADY_OFF,offer already on DEFAULT
2026-08-18T08:28:40+00:00,DE,EU-42_20_30,B0FR9TNPV3,fbm0,ALREADY_OFF,offer already on DEFAULT
2026-08-18T08:28:41+00:00,DE,EU-42_5_30,B0FR9RYSSS,fbm0,ALREADY_OFF,offer already on DEFAULT
2026-08-18T08:28:43+00:00,DE,FI_3_15,B0FR9GSND6,fbm0,ALREADY_OFF,offer already on DEFAULT
2026-08-18T08:28:44+00:00,DE,FI_5_30,B0FR9SB3BJ,fbm0,ALREADY_OFF,offer already on DEFAULT
2026-08-18T08:28:45+00:00,DE,FR_20_30,B0FR9GPMC5,fbm0,ALREADY_OFF,offer already on DEFAULT
2026-08-18T08:28:46+00:00,DE,FR_3_15,B0FR9C5ZB6,fbm0,ALREADY_OFF,offer already on DEFAULT
2026-08-18T08:28:48+00:00,DE,FR_5_30,B0FR9LMDW5,fbm0,ALREADY_OFF,offer already on DEFAULT
2026-08-18T08:28:49+00:00,DE,GA_3_15,B0FR9GPX9T,fbm0,ALREADY_OFF,offer already on DEFAULT
2026-08-18T08:28:50+00:00,DE,GB_20_30,B0FRDGCBTN,fbm0,ALREADY_OFF,offer already on DEFAULT
2026-08-18T08:28:51+00:00,DE,GB_3_15,B0FRCPD8TS,fbm0,ALREADY_OFF,offer already on DEFAULT
2026-08-18T08:28:53+00:00,DE,GB_5_30,B0FRDDRGJF,fbm0,ALREADY_OFF,offer already on DEFAULT
2026-08-18T08:28:54+00:00,DE,GE_20_30,B0FR9C73NK,fbm0,ALREADY_OFF,offer already on DEFAULT
2026-08-18T08:28:55+00:00,DE,GE_3_15,B0FR9KMX2N,fbm0,ALREADY_OFF,offer already on DEFAULT
2026-08-18T08:28:56+00:00,DE,GG_20_30,B0FR9LYWWY,fbm0,ALREADY_OFF,offer already on DEFAULT
2026-08-18T08:28:58+00:00,DE,GG_3_15,B0FR9SMWDN,fbm0,ALREADY_OFF,offer already on DEFAULT
2026-08-18T08:28:59+00:00,DE,GG_5_30,B0FR9C5PXR,fbm0,ALREADY_OFF,offer already on DEFAULT
2026-08-18T08:29:00+00:00,DE,GI_3_15,B0FR8XSPMC,fbm0,ALREADY_OFF,offer already on DEFAULT
2026-08-18T08:29:01+00:00,DE,GL-139_5_30,B0FR9VNTLY,fbm0,ALREADY_OFF,offer already on DEFAULT
2026-08-18T08:29:03+00:00,DE,GP_20_30,B0FR8XTBF6,fbm0,ALREADY_OFF,offer already on DEFAULT
2026-08-18T08:29:04+00:00,DE,GP_3_15,B0FR9TMVWK,fbm0,ALREADY_OFF,offer already on DEFAULT
2026-08-18T08:29:05+00:00,DE,GR_20_30,B0FR9KJGBG,fbm0,ALREADY_OFF,offer already on DEFAULT
2026-08-18T08:29:06+00:00,DE,GR_3_15,B0FR9L85F6,fbm0,ALREADY_OFF,offer already on DEFAULT
2026-08-18T08:29:08+00:00,DE,GR_5_30,B0FR9C7SMF,fbm0,ALREADY_OFF,offer already on DEFAULT
2026-08-18T08:29:09+00:00,DE,GT_3_15,B0FR9VC6VD,fbm0,ALREADY_OFF,offer already on DEFAULT
2026-08-18T08:29:11+00:00,DE,GU_20_30,B0FR9C7MGP,fbm0,ALREADY_OFF,offer already on DEFAULT
2026-08-18T08:29:12+00:00,DE,GU_3_15,B0FR9GVSSF,fbm0,ALREADY_OFF,offer already on DEFAULT
2026-08-18T08:29:13+00:00,DE,GU_5_30,B0FR9SVP8Y,fbm0,ALREADY_OFF,offer already on DEFAULT
2026-08-18T08:29:14+00:00,DE,HK_20_30,B0FR9GXZ6F,fbm0,ALREADY_OFF,offer already on DEFAULT
2026-08-18T08:29:16+00:00,DE,HK_3_15,B0FR9CC6Q8,fbm0,ALREADY_OFF,offer already on DEFAULT
2026-08-18T08:29:17+00:00,DE,HK_5_30,B0FR9GXYYL,fbm0,ALREADY_OFF,offer already on DEFAULT
2026-08-18T08:29:18+00:00,DE,HN_3_15,B0FR9ZYV5G,fbm0,ALREADY_OFF,offer already on DEFAULT
2026-08-18T08:29:19+00:00,DE,HR_20_30,B0FR9TYCSL,fbm0,ALREADY_OFF,offer already on DEFAULT
2026-08-18T08:29:20+00:00,DE,HR_3_15,B0FR9GDKT1,fbm0,ALREADY_OFF,offer already on DEFAULT
2026-08-18T08:29:22+00:00,DE,HR_5_30,B0FR9BVV58,fbm0,ALREADY_OFF,offer already on DEFAULT
2026-08-18T08:29:23+00:00,DE,HU_20_30,B0FR9ZVYYQ,fbm0,ALREADY_OFF,offer already on DEFAULT
2026-08-18T08:29:24+00:00,DE,HU_3_15,B0FR9C9JVW,fbm0,ALREADY_OFF,offer already on DEFAULT
2026-08-18T08:29:26+00:00,DE,HU_5_30,B0FR9GY3R5,fbm0,ALREADY_OFF,offer already on DEFAULT
2026-08-18T08:29:27+00:00,DE,ID_20_30,B0FR9QXRDQ,fbm0,ALREADY_OFF,offer already on DEFAULT
2026-08-18T08:29:28+00:00,DE,ID_3_15,B0FR9T6QPZ,fbm0,ALREADY_OFF,offer already on DEFAULT
2026-08-18T08:29:30+00:00,DE,ID_5_30,B0FR8XW5DR,fbm0,ALREADY_OFF,offer already on DEFAULT
2026-08-18T08:29:31+00:00,DE,IE_20_30,B0FR9SZG2Z,fbm0,ALREADY_OFF,offer already on DEFAULT
2026-08-18T08:29:32+00:00,DE,IE_3_15,B0FR8XV57F,fbm0,ALREADY_OFF,offer already on DEFAULT
2026-08-18T08:29:34+00:00,DE,IE_5_30,B0FR9GYKQL,fbm0,ALREADY_OFF,offer already on DEFAULT
2026-08-18T08:29:35+00:00,DE,IL_20_30,B0FR9K8SQ1,fbm0,ALREADY_OFF,offer already on DEFAULT
2026-08-18T08:29:36+00:00,DE,IL_3_15,B0FR9M11H1,fbm0,ALREADY_OFF,offer already on DEFAULT
2026-08-18T08:29:37+00:00,DE,IL_5_30,B0FR8XVZZM,fbm0,ALREADY_OFF,offer already on DEFAULT
2026-08-18T08:29:38+00:00,DE,IM_20_30,B0FR9CB5LK,fbm0,ALREADY_OFF,offer already on DEFAULT
2026-08-18T08:29:40+00:00,DE,IM_3_15,B0FR9LZ7RL,fbm0,ALREADY_OFF,offer already on DEFAULT
2026-08-18T08:29:41+00:00,DE,IM_5_30,B0FR9M27XY,fbm0,ALREADY_OFF,offer already on DEFAULT
2026-08-18T08:29:42+00:00,DE,IN_20_30,B0FR9DYMHX,fbm0,ALREADY_OFF,offer already on DEFAULT
2026-08-18T08:29:44+00:00,DE,IN_3_15,B0FR9ZM116,fbm0,ALREADY_OFF,offer already on DEFAULT
2026-08-18T08:29:45+00:00,DE,IN_5_30,B0FR9GXWN9,fbm0,ALREADY_OFF,offer already on DEFAULT
2026-08-18T08:29:46+00:00,DE,IS_20_30,B0FR9GX6LF,fbm0,ALREADY_OFF,offer already on DEFAULT
2026-08-18T08:29:47+00:00,DE,IS_3_15,B0FR9TBBK1,fbm0,ALREADY_OFF,offer already on DEFAULT
2026-08-18T08:29:49+00:00,DE,IS_5_30,B0FR9ZWQBD,fbm0,ALREADY_OFF,offer already on DEFAULT
2026-08-18T08:29:50+00:00,DE,IT_20_30,B0FR9RNZV2,fbm0,ALREADY_OFF,offer already on DEFAULT
2026-08-18T08:29:51+00:00,DE,IT_3_15,B0FR9GXZ18,fbm0,ALREADY_OFF,offer already on DEFAULT
2026-08-18T08:29:53+00:00,DE,IT_5_30,B0FR9ZR2TH,fbm0,ALREADY_OFF,offer already on DEFAULT
2026-08-18T08:29:54+00:00,DE,JE_20_30,B0FR9CBQDH,fbm0,ALREADY_OFF,offer already on DEFAULT
2026-08-18T08:29:55+00:00,DE,JE_3_15,B0FR9GYMR5,fbm0,ALREADY_OFF,offer already on DEFAULT
2026-08-18T08:29:57+00:00,DE,JE_5_30,B0FR9M27GP,fbm0,ALREADY_OFF,offer already on DEFAULT
2026-08-18T08:29:58+00:00,DE,JO_20_30,B0FR9ST188,fbm0,ALREADY_OFF,offer already on DEFAULT
2026-08-18T08:29:59+00:00,DE,JO_3_15,B0FR9M144Z,fbm0,ALREADY_OFF,offer already on DEFAULT
2026-08-18T08:30:00+00:00,DE,JO_5_30,B0FR9ZTZNK,fbm0,ALREADY_OFF,offer already on DEFAULT
2026-08-18T08:30:01+00:00,DE,JP_20_30,B0FR9RZKRB,fbm0,ALREADY_OFF,offer already on DEFAULT
2026-08-18T08:30:03+00:00,DE,JP_3_15,B0FR9LVZVQ,fbm0,ALREADY_OFF,offer already on DEFAULT
2026-08-18T08:30:04+00:00,DE,JP_5_30,B0FR9TLXXH,fbm0,ALREADY_OFF,offer already on DEFAULT
2026-08-18T08:30:05+00:00,DE,KE_3_15,B0FR9GZ14G,fbm0,ALREADY_OFF,offer already on DEFAULT
2026-08-18T08:30:06+00:00,DE,KE_5_30,B0FR9T4DG6,fbm0,ALREADY_OFF,offer already on DEFAULT
2026-08-18T08:30:08+00:00,DE,KG_20_30,B0FR8XXBHM,fbm0,ALREADY_OFF,offer already on DEFAULT
2026-08-18T08:30:09+00:00,DE,KG_3_15,B0FR9TVF4R,fbm0,ALREADY_OFF,offer already on DEFAULT
2026-08-18T08:30:11+00:00,DE,KH_20_30,B0FR9GFJPL,fbm0,ALREADY_OFF,offer already on DEFAULT
2026-08-18T08:30:12+00:00,DE,KH_3_15,B0FR8XKMJ4,fbm0,ALREADY_OFF,offer already on DEFAULT
2026-08-18T08:30:13+00:00,DE,KR_20_30,B0FRC4P51Z,fbm0,ALREADY_OFF,offer already on DEFAULT
2026-08-18T08:30:15+00:00,DE,KR_3_15,B0FRC4RTDF,fbm0,ALREADY_OFF,offer already on DEFAULT
2026-08-18T08:30:16+00:00,DE,KR_5_30,B0FRD9LC4C,fbm0,ALREADY_OFF,offer already on DEFAULT
2026-08-18T08:30:17+00:00,DE,KW_20_30,B0FR9KBF4P,fbm0,ALREADY_OFF,offer already on DEFAULT
2026-08-18T08:30:19+00:00,DE,KW_3_15,B0FR9LZJ3X,fbm0,ALREADY_OFF,offer already on DEFAULT
2026-08-18T08:30:20+00:00,DE,KW_5_30,B0FR9M2TXP,fbm0,ALREADY_OFF,offer already on DEFAULT
2026-08-18T08:30:22+00:00,DE,KZ_20_30,B0FR9TLNNW,fbm0,ALREADY_OFF,offer already on DEFAULT
2026-08-18T08:30:23+00:00,DE,KZ_3_15,B0FR9T4DG2,fbm0,ALREADY_OFF,offer already on DEFAULT
2026-08-18T08:30:24+00:00,DE,KZ_5_30,B0FR9ZMMSH,fbm0,ALREADY_OFF,offer already on DEFAULT
2026-08-18T08:30:26+00:00,DE,LI_3_15,B0FR9S35ZH,fbm0,ALREADY_OFF,offer already on DEFAULT
2026-08-18T08:30:27+00:00,DE,LK_20_30,B0FRC2DZN5,fbm0,ALREADY_OFF,offer already on DEFAULT
2026-08-18T08:30:29+00:00,DE,LK_3_15,B0FRB7Z1NW,fbm0,ALREADY_OFF,offer already on DEFAULT
2026-08-18T08:30:30+00:00,DE,LK_5_30,B0FRB64B8M,fbm0,ALREADY_OFF,offer already on DEFAULT
2026-08-18T08:30:31+00:00,DE,LR_3_15,B0FR9H18JQ,fbm0,ALREADY_OFF,offer already on DEFAULT
2026-08-18T08:30:33+00:00,DE,LR_5_30,B0FR9SJ1YH,fbm0,ALREADY_OFF,offer already on DEFAULT
2026-08-18T08:30:34+00:00,DE,LT_20_30,B0FR9TQN8N,fbm0,ALREADY_OFF,offer already on DEFAULT
2026-08-18T08:30:35+00:00,DE,LT_3_15,B0FR9KS3P4,fbm0,ALREADY_OFF,offer already on DEFAULT
2026-08-18T08:30:37+00:00,DE,LT_5_30,B0FR9R598C,fbm0,ALREADY_OFF,offer already on DEFAULT
2026-08-18T08:30:38+00:00,DE,LU_20_30,B0FR8XXXZB,fbm0,ALREADY_OFF,offer already on DEFAULT
2026-08-18T08:30:40+00:00,DE,LU_3_15,B0FR9SHRKM,fbm0,ALREADY_OFF,offer already on DEFAULT
2026-08-18T08:30:41+00:00,DE,LU_5_30,B0FR9SB862,fbm0,ALREADY_OFF,offer already on DEFAULT
2026-08-18T08:30:42+00:00,DE,LV_20_30,B0FR9SWN6V,fbm0,ALREADY_OFF,offer already on DEFAULT
2026-08-18T08:30:44+00:00,DE,LV_3_15,B0FR9VM4K6,fbm0,ALREADY_OFF,offer already on DEFAULT
2026-08-18T08:30:45+00:00,DE,LV_5_30,B0FR9TR99S,fbm0,ALREADY_OFF,offer already on DEFAULT
2026-08-18T08:30:46+00:00,DE,MA_20_30,B0FR9M57DY,fbm0,ALREADY_OFF,offer already on DEFAULT
2026-08-18T08:30:47+00:00,DE,MA_3_15,B0FR9CFZQR,fbm0,ALREADY_OFF,offer already on DEFAULT
2026-08-18T08:30:49+00:00,DE,MA_5_30,B0FR9CDDQ8,fbm0,ALREADY_OFF,offer already on DEFAULT
2026-08-18T08:30:50+00:00,DE,MC_3_15,B0FR9ZS6GM,fbm0,ALREADY_OFF,offer already on DEFAULT
2026-08-18T08:30:52+00:00,DE,MC_5_30,B0FR9H1H4M,fbm0,ALREADY_OFF,offer already on DEFAULT
2026-08-18T08:30:53+00:00,DE,MD_3_15,B0FR9CFQYY,fbm0,ALREADY_OFF,offer already on DEFAULT
2026-08-18T08:30:54+00:00,DE,ME-13_5_30,B0FR9SYKP6,fbm0,ALREADY_OFF,offer already on DEFAULT
2026-08-18T08:30:56+00:00,DE,ME_3_15,B0FR9R5HR7,fbm0,ALREADY_OFF,offer already on DEFAULT
2026-08-18T08:30:57+00:00,DE,MG_3_15,B0FR9H2NS1,fbm0,ALREADY_OFF,offer already on DEFAULT
2026-08-18T08:30:59+00:00,DE,MK_3_15,B0FRB59DJS,fbm0,ALREADY_OFF,offer already on DEFAULT
2026-08-18T08:31:00+00:00,DE,MK_5_30,B0FR9WNHHX,fbm0,ALREADY_OFF,offer already on DEFAULT
2026-08-18T08:31:02+00:00,DE,ML_3_15,B0FR9TRDSY,fbm0,ALREADY_OFF,offer already on DEFAULT
2026-08-18T08:31:03+00:00,DE,MO_20_30,B0FR9CDBN2,fbm0,ALREADY_OFF,offer already on DEFAULT
2026-08-18T08:31:04+00:00,DE,MO_3_15,B0FR9M485M,fbm0,ALREADY_OFF,offer already on DEFAULT
2026-08-18T08:31:06+00:00,DE,MO_5_30,B0FR9L9624,fbm0,ALREADY_OFF,offer already on DEFAULT
2026-08-18T08:31:07+00:00,DE,MT_20_30,B0FR9VL1Q9,fbm0,ALREADY_OFF,offer already on DEFAULT
2026-08-18T08:31:09+00:00,DE,MT_3_15,B0FR9M3PNR,fbm0,ALREADY_OFF,offer already on DEFAULT
2026-08-18T08:31:10+00:00,DE,MT_5_30,B0FR9ZSMTC,fbm0,ALREADY_OFF,offer already on DEFAULT
2026-08-18T08:31:11+00:00,DE,MW_3_15,B0FR9H3JDK,fbm0,ALREADY_OFF,offer already on DEFAULT
2026-08-18T08:31:13+00:00,DE,MW_5_30,B0FR9GXY24,fbm0,ALREADY_OFF,offer already on DEFAULT
2026-08-18T08:31:14+00:00,DE,MX_20_30,B0FR9VDSJX,fbm0,ALREADY_OFF,offer already on DEFAULT
2026-08-18T08:31:15+00:00,DE,MX_3_15,B0FR9SZSTG,fbm0,ALREADY_OFF,offer already on DEFAULT
2026-08-18T08:31:17+00:00,DE,MX_5_30,B0FR9H2K1C,fbm0,ALREADY_OFF,offer already on DEFAULT
2026-08-18T08:31:18+00:00,DE,MY_20_30,B0FR9VMWYD,fbm0,ALREADY_OFF,offer already on DEFAULT
2026-08-18T08:31:19+00:00,DE,MY_3_15,B0FR9H1Q65,fbm0,ALREADY_OFF,offer already on DEFAULT
2026-08-18T08:31:20+00:00,DE,MY_5_30,B0FR9LDGX8,fbm0,ALREADY_OFF,offer already on DEFAULT
2026-08-18T08:31:22+00:00,DE,MZ_20_30,B0FR9CFLS7,fbm0,ALREADY_OFF,offer already on DEFAULT
2026-08-18T08:31:24+00:00,DE,MZ_3_15,B0FRB1M6HK,fbm0,ALREADY_OFF,offer already on DEFAULT
2026-08-18T08:31:25+00:00,DE,NA-3_5_30,B0FRBDQ8H5,fbm0,ALREADY_OFF,offer already on DEFAULT
2026-08-18T08:31:27+00:00,DE,NE_3_15,B0FR9NPT1H,fbm0,ALREADY_OFF,offer already on DEFAULT
2026-08-18T08:31:28+00:00,DE,NG_3_15,B0FR9X17QY,fbm0,ALREADY_OFF,offer already on DEFAULT
2026-08-18T08:31:29+00:00,DE,NI_3_15,B0FRB33MPG,fbm0,ALREADY_OFF,offer already on DEFAULT
2026-08-18T08:31:31+00:00,DE,NL_20_30,B0FR9NG7LB,fbm0,ALREADY_OFF,offer already on DEFAULT
2026-08-18T08:31:32+00:00,DE,NL_3_15,B0FRB5GNM2,fbm0,ALREADY_OFF,offer already on DEFAULT
2026-08-18T08:31:33+00:00,DE,NL_5_30,B0FR9NHP7Q,fbm0,ALREADY_OFF,offer already on DEFAULT
2026-08-18T08:31:35+00:00,DE,NO_20_30,B0FRB572L8,fbm0,ALREADY_OFF,offer already on DEFAULT
2026-08-18T08:31:36+00:00,DE,NO_3_15,B0FR9WNK2H,fbm0,ALREADY_OFF,offer already on DEFAULT
2026-08-18T08:31:38+00:00,DE,NO_5_30,B0FRBNPZ9D,fbm0,ALREADY_OFF,offer already on DEFAULT
2026-08-18T08:31:39+00:00,DE,NP_3_15,B0FRB1TD7L,fbm0,ALREADY_OFF,offer already on DEFAULT
2026-08-18T08:31:41+00:00,DE,NZ_20_30,B0FRB1TWT8,fbm0,ALREADY_OFF,offer already on DEFAULT
2026-08-18T08:31:42+00:00,DE,NZ_3_15,B0FR9NKXF5,fbm0,ALREADY_OFF,offer already on DEFAULT
2026-08-18T08:31:43+00:00,DE,NZ_5_30,B0FR9NHFWQ,fbm0,ALREADY_OFF,offer already on DEFAULT
2026-08-18T08:31:45+00:00,DE,OM_20_30,B0FRB4R3FK,fbm0,ALREADY_OFF,offer already on DEFAULT
2026-08-18T08:31:46+00:00,DE,OM_3_15,B0FRB4BL4W,fbm0,ALREADY_OFF,offer already on DEFAULT
2026-08-18T08:31:48+00:00,DE,PA_3_15,B0FRB3VFW6,fbm0,ALREADY_OFF,offer already on DEFAULT
2026-08-18T08:31:49+00:00,DE,PH_20_30,B0FRB4K2D4,fbm0,ALREADY_OFF,offer already on DEFAULT
2026-08-18T08:31:50+00:00,DE,PH_3_15,B0FRB1GVXK,fbm0,ALREADY_OFF,offer already on DEFAULT
2026-08-18T08:31:51+00:00,DE,PH_5_30,B0FRB4VCKG,fbm0,ALREADY_OFF,offer already on DEFAULT
2026-08-18T08:31:53+00:00,DE,PK_20_30,B0FRB691X8,fbm0,ALREADY_OFF,offer already on DEFAULT
2026-08-18T08:31:54+00:00,DE,PK_3_15,B0FRB4HL3B,fbm0,ALREADY_OFF,offer already on DEFAULT
2026-08-18T08:31:55+00:00,DE,PK_5_30,B0FRB48QKZ,fbm0,ALREADY_OFF,offer already on DEFAULT
2026-08-18T08:31:57+00:00,DE,PL_20_30,B0FRB5HSK7,fbm0,ALREADY_OFF,offer already on DEFAULT
2026-08-18T08:31:58+00:00,DE,PL_3_15,B0FRB4JVKR,fbm0,ALREADY_OFF,offer already on DEFAULT
2026-08-18T08:31:59+00:00,DE,PL_5_30,B0FRBDPQ9J,fbm0,ALREADY_OFF,offer already on DEFAULT
2026-08-18T08:32:01+00:00,DE,PR_3_15,B0FRB5MSF1,fbm0,ALREADY_OFF,offer already on DEFAULT
2026-08-18T08:32:02+00:00,DE,PR_5_30,B0FR9WMX9V,fbm0,ALREADY_OFF,offer already on DEFAULT
2026-08-18T08:32:04+00:00,DE,PT_20_30,B0FRB354KV,fbm0,ALREADY_OFF,offer already on DEFAULT
2026-08-18T08:32:05+00:00,DE,PT_3_15,B0FRB4314T,fbm0,ALREADY_OFF,offer already on DEFAULT
2026-08-18T08:32:06+00:00,DE,PT_5_30,B0FRB4X799,fbm0,ALREADY_OFF,offer already on DEFAULT
2026-08-18T08:32:08+00:00,DE,PY_3_15,B0FRB3V7CS,fbm0,ALREADY_OFF,offer already on DEFAULT
2026-08-18T08:32:09+00:00,DE,QA_20_30,B0FR9X3QGM,fbm0,ALREADY_OFF,offer already on DEFAULT
2026-08-18T08:32:10+00:00,DE,QA_3_15,B0FR9NXH43,fbm0,ALREADY_OFF,offer already on DEFAULT
2026-08-18T08:32:11+00:00,DE,QA_5_30,B0FR9X5KB1,fbm0,ALREADY_OFF,offer already on DEFAULT
2026-08-18T08:32:13+00:00,DE,RE_3_15,B0FRB3KCNQ,fbm0,ALREADY_OFF,offer already on DEFAULT
2026-08-18T08:32:14+00:00,DE,RE_5_30,B0FRB47TQW,fbm0,ALREADY_OFF,offer already on DEFAULT
2026-08-18T08:32:15+00:00,DE,RS_20_30,B0FRB5K8JC,fbm0,ALREADY_OFF,offer already on DEFAULT
2026-08-18T08:32:17+00:00,DE,RS_3_15,B0FRB5TJV2,fbm0,ALREADY_OFF,offer already on DEFAULT
2026-08-18T08:32:18+00:00,DE,SA-18_5_30,B0FRB8D7HC,fbm0,ALREADY_OFF,offer already on DEFAULT
2026-08-18T08:32:19+00:00,DE,SA_20_30,B0FRB5PZTS,fbm0,ALREADY_OFF,offer already on DEFAULT
2026-08-18T08:32:21+00:00,DE,SA_3_15,B0FRB3N2KL,fbm0,ALREADY_OFF,offer already on DEFAULT
2026-08-18T08:32:22+00:00,DE,SA_5_30,B0FRB1SRZY,fbm0,ALREADY_OFF,offer already on DEFAULT
2026-08-18T08:32:23+00:00,DE,SC_3_15,B0FRB55T3H,fbm0,ALREADY_OFF,offer already on DEFAULT
2026-08-18T08:32:25+00:00,DE,SC_5_30,B0FR9P7N6M,fbm0,ALREADY_OFF,offer already on DEFAULT
2026-08-18T08:32:26+00:00,DE,SD_3_15,B0FRCKTXNQ,fbm0,ALREADY_OFF,offer already on DEFAULT
2026-08-18T08:32:27+00:00,DE,SD_5_30,B0FRC799N3,fbm0,ALREADY_OFF,offer already on DEFAULT
2026-08-18T08:32:29+00:00,DE,SE_20_30,B0FRB7X5SP,fbm0,ALREADY_OFF,offer already on DEFAULT
2026-08-18T08:32:30+00:00,DE,SE_3_15,B0FRCC6W9S,fbm0,ALREADY_OFF,offer already on DEFAULT
2026-08-18T08:32:31+00:00,DE,SE_5_30,B0FRCS524D,fbm0,ALREADY_OFF,offer already on DEFAULT
2026-08-18T08:32:33+00:00,DE,SG_20_30,B0FRB256K8,fbm0,ALREADY_OFF,offer already on DEFAULT
2026-08-18T08:32:34+00:00,DE,SG_5_30,B0FR9X3Y3R,fbm0,ALREADY_OFF,offer already on DEFAULT
2026-08-18T08:32:36+00:00,DE,SI_20_30,B0FR9X15V2,fbm0,ALREADY_OFF,offer already on DEFAULT
2026-08-18T08:32:37+00:00,DE,SI_3_15,B0FR9XCF27,fbm0,ALREADY_OFF,offer already on DEFAULT
2026-08-18T08:32:38+00:00,DE,SI_5_30,B0FRB3SJMR,fbm0,ALREADY_OFF,offer already on DEFAULT
2026-08-18T08:32:40+00:00,DE,SK_20_30,B0FRB14YYC,fbm0,ALREADY_OFF,offer already on DEFAULT
2026-08-18T08:32:41+00:00,DE,SK_3_15,B0FR9XC4BW,fbm0,ALREADY_OFF,offer already on DEFAULT
2026-08-18T08:32:43+00:00,DE,SK_5_30,B0FRB2X84M,fbm0,ALREADY_OFF,offer already on DEFAULT
2026-08-18T08:32:44+00:00,DE,SN_3_15,B0FRB4HX92,fbm0,ALREADY_OFF,offer already on DEFAULT
2026-08-18T08:32:45+00:00,DE,SN_5_30,B0FRB68H77,fbm0,ALREADY_OFF,offer already on DEFAULT
2026-08-18T08:32:46+00:00,DE,SV_3_15,B0FR9LJ7X4,fbm0,ALREADY_OFF,offer already on DEFAULT
2026-08-18T08:32:48+00:00,DE,TD_3_15,B0FR9SG4MK,fbm0,ALREADY_OFF,offer already on DEFAULT
2026-08-18T08:32:49+00:00,DE,TD_5_30,B0FR9L414C,fbm0,ALREADY_OFF,offer already on DEFAULT
2026-08-18T08:32:50+00:00,DE,TH_20_30,B0FRCHW3MW,fbm0,ALREADY_OFF,offer already on DEFAULT
2026-08-18T08:32:52+00:00,DE,TH_3_15,B0FRCDPJSH,fbm0,ALREADY_OFF,offer already on DEFAULT
2026-08-18T08:32:53+00:00,DE,TH_5_30,B0FR9Q5D1J,fbm0,ALREADY_OFF,offer already on DEFAULT
2026-08-18T08:32:55+00:00,DE,TN_5_30,B0FRB7Q96Z,fbm0,ALREADY_OFF,offer already on DEFAULT
2026-08-18T08:32:56+00:00,DE,TR_20_30,B0FRCYMWCX,fbm0,ALREADY_OFF,offer already on DEFAULT
2026-08-18T08:32:57+00:00,DE,TR_3_15,B0FRC2PSHM,fbm0,ALREADY_OFF,offer already on DEFAULT
2026-08-18T08:32:59+00:00,DE,TR_5_30,B0FRCBZ1BB,fbm0,ALREADY_OFF,offer already on DEFAULT
2026-08-18T08:33:00+00:00,DE,TZ_3_15,B0FRC81NPJ,fbm0,ALREADY_OFF,offer already on DEFAULT
2026-08-18T08:33:02+00:00,DE,UA_3_15,B0FRB9SBFR,fbm0,ALREADY_OFF,offer already on DEFAULT
2026-08-18T08:33:03+00:00,DE,UA_5_30,B0FRC2NRKG,fbm0,ALREADY_OFF,offer already on DEFAULT
2026-08-18T08:33:05+00:00,DE,UG_3_15,B0FRB7F7Z9,fbm0,ALREADY_OFF,offer already on DEFAULT
2026-08-18T08:33:06+00:00,DE,US_3_15,B0FRCFXK3V,fbm0,ALREADY_OFF,offer already on DEFAULT
2026-08-18T08:33:08+00:00,DE,US_5_30,B0FRC2PQ8H,fbm0,ALREADY_OFF,offer already on DEFAULT
2026-08-18T08:33:09+00:00,DE,UY_3_15,B0FRB7LHGN,fbm0,ALREADY_OFF,offer already on DEFAULT
2026-08-18T08:33:10+00:00,DE,UZ_5_30,B0FRBWFZ6M,fbm0,ALREADY_OFF,offer already on DEFAULT
2026-08-18T08:33:12+00:00,DE,VN_20_30,B0FRC2NKC4,fbm0,ALREADY_OFF,offer already on DEFAULT
2026-08-18T08:33:13+00:00,DE,VN_3_15,B0FRBR2DHW,fbm0,ALREADY_OFF,offer already on DEFAULT
2026-08-18T08:33:14+00:00,DE,VN_5_30,B0FRCBXRGV,fbm0,ALREADY_OFF,offer already on DEFAULT
2026-08-18T08:33:16+00:00,DE,ZA_5_30,B0FRB3R6F3,fbm0,ALREADY_OFF,offer already on DEFAULT
2026-08-18T08:33:17+00:00,DE,ZM_3_15,B0FRC2NSM2,fbm0,ALREADY_OFF,offer already on DEFAULT
2026-08-18T08:33:18+00:00,DE,ZM_5_30,B0FRCL97L4,fbm0,ALREADY_OFF,offer already on DEFAULT
2026-08-18T08:33:20+00:00,DE,CA_20_30,B0FR9BY42D,fbm0,ALREADY_OFF,offer already on DEFAULT
2026-08-18T08:33:21+00:00,DE,CA_3_15,B0FR9RZLF3,fbm0,ALREADY_OFF,offer already on DEFAULT
2026-08-18T08:33:22+00:00,DE,CA_5_30,B0FR9SYCBK,fbm0,ALREADY_OFF,offer already on DEFAULT
2026-08-18T08:33:24+00:00,DE,EG_3_30,B0FR9GNL93,fbm0,ALREADY_OFF,offer already on DEFAULT
2026-08-18T08:33:25+00:00,DE,MN_3_15,B0FR9LSYTX,fbm0,ALREADY_OFF,offer already on DEFAULT
2026-08-18T08:33:27+00:00,DE,SG_3_30,B0FRB3KY59,fbm0,ALREADY_OFF,offer already on DEFAULT
2026-08-18T08:33:28+00:00,DE,TN_10_30,B0FRB85GLD,fbm0,ALREADY_OFF,offer already on DEFAULT
2026-08-18T08:33:29+00:00,DE,TN_3_30,B0FRCKZKVY,fbm0,ALREADY_OFF,offer already on DEFAULT
2026-08-18T08:33:31+00:00,DE,US_20_90,B0FRB9JP2K,fbm0,ALREADY_OFF,offer already on DEFAULT
2026-08-18T08:33:32+00:00,DE,ZA_10_30,B0FRB4RSW2,fbm0,ALREADY_OFF,offer already on DEFAULT
2026-08-18T08:34:05+00:00,IT,ZAMBIA-3GB-15D,B0FRC2NSM2,fbm0,ALREADY_OFF,offer already on DEFAULT
2026-08-18T08:34:06+00:00,IT,MAURITIUS-3GB-15D,B0H2FYRLRC,fbm0,ALREADY_OFF,offer already on DEFAULT
2026-08-18T08:34:07+00:00,IT,HAJJ-LUX-10GB-30D,B0H3L75HDS,fbm0,ALREADY_OFF,offer already on DEFAULT
2026-08-18T08:34:09+00:00,IT,BULGARIA-3GB-15D,B0H6MCT4Y5,fbm0,ALREADY_OFF,offer already on DEFAULT
2026-08-18T08:34:11+00:00,IT,PERU-3GB-15D,B0H6M5WW3B,fbm0,DEACTIVATED,
2026-08-18T08:34:12+00:00,IT,PERU-20GB-30D,B0H6M8BLBD,fbm0,DEACTIVATED,
2026-08-18T08:34:14+00:00,IT,ALGERIA-3GB-15D,B0H6M9R3WH,fbm0,DEACTIVATED,
2026-08-18T08:34:16+00:00,IT,ALGERIA-5GB-30D,B0H6MDYKG8,fbm0,DEACTIVATED,
2026-08-18T08:34:17+00:00,IT,ALGERIA-20GB-30D,B0H6M5TDMD,fbm0,DEACTIVATED,
2026-08-18T08:34:19+00:00,IT,ANDORRA-3GB-15D,B0H6MBPRYN,fbm0,DEACTIVATED,
2026-08-18T08:34:21+00:00,IT,ANDORRA-5GB-30D,B0H6M5P65S,fbm0,DEACTIVATED,
2026-08-18T08:34:23+00:00,IT,ANDORRA-20GB-30D,B0H6MJ97WC,fbm0,DEACTIVATED,
2026-08-18T08:34:25+00:00,IT,ANGOLA-3GB-15D,B0H6M5RWZH,fbm0,DEACTIVATED,
2026-08-18T08:34:26+00:00,IT,ANGOLA-5GB-30D,B0H6MKZSB4,fbm0,DEACTIVATED,
2026-08-18T08:34:28+00:00,IT,ANGUILLA-3GB-15D,B0H6M7X7QY,fbm0,DEACTIVATED,
2026-08-18T08:34:29+00:00,IT,ANGUILLA-5GB-30D,B0H6MFJ63H,fbm0,DEACTIVATED,
2026-08-18T08:34:31+00:00,IT,ANGUILLA-20GB-30D,B0H6MHMZY8,fbm0,DEACTIVATED,
2026-08-18T08:34:33+00:00,IT,ANTIGUA-AND-BARBUDA-3GB-15D,B0H6MBBFLQ,fbm0,DEACTIVATED,
2026-08-18T08:34:35+00:00,IT,ANTIGUA-AND-BARBUDA-5GB-30D,B0H6MCR5F9,fbm0,DEACTIVATED,
2026-08-18T08:34:36+00:00,IT,ANTIGUA-AND-BARBUDA-20GB-30D,B0H6M2MQJB,fbm0,DEACTIVATED,
2026-08-18T08:34:38+00:00,IT,BAHAMAS-3GB-15D,B0H6MB828R,fbm0,DEACTIVATED,
2026-08-18T08:34:40+00:00,IT,BAHAMAS-5GB-30D,B0H6MFGH8P,fbm0,DEACTIVATED,
2026-08-18T08:34:42+00:00,IT,BAHAMAS-20GB-30D,B0H6MCPR9P,fbm0,DEACTIVATED,
2026-08-18T08:34:43+00:00,IT,BARBADOS-3GB-15D,B0H6MCD72X,fbm0,DEACTIVATED,
2026-08-18T08:34:45+00:00,IT,BARBADOS-5GB-30D,B0H6MG6VYJ,fbm0,DEACTIVATED,
2026-08-18T08:34:46+00:00,IT,BARBADOS-20GB-30D,B0H6MJ921X,fbm0,DEACTIVATED,
2026-08-18T08:34:48+00:00,IT,BELIZE-3GB-15D,B0H6MFPNTX,fbm0,DEACTIVATED,
2026-08-18T08:34:50+00:00,IT,BELIZE-5GB-30D,B0H6MF1H4V,fbm0,DEACTIVATED,
2026-08-18T08:34:51+00:00,IT,BELIZE-20GB-30D,B0H6MBSQM8,fbm0,ALREADY_OFF,offer already on DEFAULT
2026-08-18T08:34:53+00:00,IT,BENIN-3GB-15D,B0H6M9YHDR,fbm0,DEACTIVATED,
2026-08-18T08:34:54+00:00,IT,BENIN-5GB-30D,B0H6MHRNBH,fbm0,DEACTIVATED,
2026-08-18T08:34:56+00:00,IT,BENIN-20GB-30D,B0H6M7VGSZ,fbm0,ALREADY_OFF,offer already on DEFAULT
2026-08-18T08:34:57+00:00,IT,BERMUDA-3GB-15D,B0H6MDMTGH,fbm0,DEACTIVATED,
2026-08-18T08:34:59+00:00,IT,BERMUDA-5GB-30D,B0H6MFM5X4,fbm0,DEACTIVATED,
2026-08-18T08:35:01+00:00,IT,BERMUDA-20GB-30D,B0H6MCGQ77,fbm0,DEACTIVATED,
2026-08-18T08:35:03+00:00,IT,BHUTAN-3GB-15D,B0H6MJB588,fbm0,DEACTIVATED,
2026-08-18T08:35:04+00:00,IT,BHUTAN-5GB-30D,B0H6M9C23Q,fbm0,DEACTIVATED,
2026-08-18T08:35:06+00:00,IT,BHUTAN-20GB-30D,B0H6M5WDSH,fbm0,DEACTIVATED,
2026-08-18T08:35:08+00:00,IT,CAPE-VERDE-3GB-15D,B0H6M9R16H,fbm0,DEACTIVATED,
2026-08-18T08:35:09+00:00,IT,CAPE-VERDE-5GB-30D,B0H6MFG453,fbm0,DEACTIVATED,
2026-08-18T08:35:11+00:00,IT,CAPE-VERDE-20GB-30D,B0H6M9VSPG,fbm0,DEACTIVATED,
2026-08-18T08:35:12+00:00,IT,CAYMAN-ISLANDS-3GB-15D,B0H6MLHBD7,fbm0,ALREADY_OFF,offer already on DEFAULT
2026-08-18T08:35:13+00:00,IT,CAYMAN-ISLANDS-5GB-30D,B0H6M55MKK,fbm0,ALREADY_OFF,offer already on DEFAULT
2026-08-18T08:35:15+00:00,IT,CAYMAN-ISLANDS-20GB-30D,B0H6MGXYNS,fbm0,ALREADY_OFF,offer already on DEFAULT
2026-08-18T08:35:17+00:00,IT,CURACAO-3GB-15D,B0H6M81JPM,fbm0,DEACTIVATED,
2026-08-18T08:35:18+00:00,IT,CURACAO-5GB-30D,B0H6MGZLBC,fbm0,DEACTIVATED,
2026-08-18T08:35:20+00:00,IT,CURACAO-20GB-30D,B0H6MF51WH,fbm0,DEACTIVATED,
2026-08-18T08:35:22+00:00,IT,DEMOCRATIC-REPUBLIC-OF-THE-CONGO-3GB-15D,B0H6LZL22Y,fbm0,DEACTIVATED,
2026-08-18T08:35:24+00:00,IT,DEMOCRATIC-REPUBLIC-OF-THE-CONGO-5GB-30D,B0H6M6L8Z8,fbm0,DEACTIVATED,
2026-08-18T08:35:25+00:00,IT,DRC-20GB-30D,B0H6MZWFM7,fbm0,DEACTIVATED,
2026-08-18T08:35:27+00:00,IT,DOMINICA-3GB-15D,B0H6M9H54M,fbm0,DEACTIVATED,
2026-08-18T08:35:28+00:00,IT,DOMINICA-5GB-30D,B0H6M5HR32,fbm0,DEACTIVATED,
2026-08-18T08:35:30+00:00,IT,DOMINICA-20GB-30D,B0H6MK8XTJ,fbm0,DEACTIVATED,
2026-08-18T08:35:31+00:00,IT,FAROE-ISLANDS-3GB-15D,B0H6ML935Q,fbm0,ALREADY_OFF,offer already on DEFAULT
2026-08-18T08:35:33+00:00,IT,FAROE-ISLANDS-5GB-30D,B0H6MF2TVH,fbm0,ALREADY_OFF,offer already on DEFAULT
2026-08-18T08:35:34+00:00,IT,FAROE-ISLANDS-20GB-30D,B0H6MB82ZV,fbm0,ALREADY_OFF,offer already on DEFAULT
2026-08-18T08:35:36+00:00,IT,FIJI-3GB-15D,B0H6MFLWYD,fbm0,ALREADY_OFF,offer already on DEFAULT
2026-08-18T08:35:37+00:00,IT,FIJI-5GB-30D,B0H6MJ7GS6,fbm0,ALREADY_OFF,offer already on DEFAULT
2026-08-18T08:35:39+00:00,IT,FIJI-20GB-30D,B0H6MGBL3N,fbm0,ALREADY_OFF,offer already on DEFAULT
2026-08-18T08:35:40+00:00,IT,FRENCH-GUIANA-3GB-15D,B0H6MFD6Z3,fbm0,ALREADY_OFF,offer already on DEFAULT
2026-08-18T08:35:41+00:00,IT,FRENCH-GUIANA-5GB-30D,B0H6MGC352,fbm0,ALREADY_OFF,offer already on DEFAULT
2026-08-18T08:35:42+00:00,IT,FRENCH-GUIANA-20GB-30D,B0H6MDNXJJ,fbm0,ALREADY_OFF,offer already on DEFAULT
2026-08-18T08:35:44+00:00,IT,FRENCH-POLYNESIA-3GB-15D,B0H6MF6GHP,fbm0,ALREADY_OFF,offer already on DEFAULT
2026-08-18T08:35:45+00:00,IT,FRENCH-POLYNESIA-5GB-30D,B0H6MD2GXY,fbm0,ALREADY_OFF,offer already on DEFAULT
2026-08-18T08:35:46+00:00,IT,FRENCH-POLYNESIA-20GB-30D,B0H6M59GH9,fbm0,ALREADY_OFF,offer already on DEFAULT
2026-08-18T08:35:47+00:00,IT,GHANA-3GB-15D,B0H6M7CH6H,fbm0,ALREADY_OFF,offer already on DEFAULT
2026-08-18T08:35:48+00:00,IT,GHANA-5GB-30D,B0H6MD48NZ,fbm0,ALREADY_OFF,offer already on DEFAULT
2026-08-18T08:35:50+00:00,IT,GHANA-20GB-30D,B0H6M9CG3G,fbm0,ALREADY_OFF,offer already on DEFAULT
2026-08-18T08:35:51+00:00,IT,GREENLAND-3GB-15D,B0H6MLNBK2,fbm0,ALREADY_OFF,offer already on DEFAULT
2026-08-18T08:35:52+00:00,IT,GREENLAND-5GB-30D,B0H6MFMLK9,fbm0,ALREADY_OFF,offer already on DEFAULT
2026-08-18T08:35:54+00:00,IT,GREENLAND-20GB-30D,B0H6MBT3TW,fbm0,ALREADY_OFF,offer already on DEFAULT
2026-08-18T08:35:55+00:00,IT,GRENADA-3GB-15D,B0H6M8K37V,fbm0,ALREADY_OFF,offer already on DEFAULT
2026-08-18T08:35:56+00:00,IT,GRENADA-5GB-30D,B0H6MLJR6Z,fbm0,ALREADY_OFF,offer already on DEFAULT
2026-08-18T08:35:57+00:00,IT,GRENADA-20GB-30D,B0H6MGRF37,fbm0,ALREADY_OFF,offer already on DEFAULT
2026-08-18T08:35:58+00:00,IT,GUINEA-3GB-15D,B0H6MGZTF1,fbm0,ALREADY_OFF,offer already on DEFAULT
2026-08-18T08:36:00+00:00,IT,GUINEA-5GB-30D,B0H6MFTVX6,fbm0,ALREADY_OFF,offer already on DEFAULT
2026-08-18T08:36:01+00:00,IT,GUINEA-20GB-30D,B0H6M7VHYP,fbm0,ALREADY_OFF,offer already on DEFAULT
2026-08-18T08:36:02+00:00,IT,GUINEA-BISSAU-3GB-15D,B0H6MG6X8D,fbm0,ALREADY_OFF,offer already on DEFAULT
2026-08-18T08:36:03+00:00,IT,GUINEA-BISSAU-5GB-30D,B0H6MCJ4Y9,fbm0,ALREADY_OFF,offer already on DEFAULT
2026-08-18T08:36:04+00:00,IT,GUINEA-BISSAU-20GB-30D,B0H6MF1JJS,fbm0,ALREADY_OFF,offer already on DEFAULT
2026-08-18T08:36:06+00:00,IT,GUYANA-3GB-15D,B0H6MCG586,fbm0,ALREADY_OFF,offer already on DEFAULT
2026-08-18T08:36:07+00:00,IT,GUYANA-5GB-30D,B0H6MB3FHF,fbm0,ALREADY_OFF,offer already on DEFAULT
2026-08-18T08:36:08+00:00,IT,GUYANA-20GB-30D,B0H6MD1PB7,fbm0,ALREADY_OFF,offer already on DEFAULT
2026-08-18T08:36:10+00:00,IT,HAITI-3GB-15D,B0H6M9YTL4,fbm0,ALREADY_OFF,offer already on DEFAULT
2026-08-18T08:36:11+00:00,IT,HAITI-5GB-30D,B0H6MDHPCV,fbm0,ALREADY_OFF,offer already on DEFAULT
2026-08-18T08:36:12+00:00,IT,HAITI-20GB-30D,B0H6MBNF3Y,fbm0,ALREADY_OFF,offer already on DEFAULT
2026-08-18T08:36:13+00:00,IT,IRAQ-3GB-15D,B0H6MGX6P7,fbm0,ALREADY_OFF,offer already on DEFAULT
2026-08-18T08:36:15+00:00,IT,IRAQ-5GB-30D,B0H6MFRHZN,fbm0,ALREADY_OFF,offer already on DEFAULT
2026-08-18T08:36:16+00:00,IT,IRAQ-20GB-30D,B0H6M956TN,fbm0,ALREADY_OFF,offer already on DEFAULT
2026-08-18T08:36:17+00:00,IT,JAMAICA-3GB-15D,B0H6MF3PNQ,fbm0,ALREADY_OFF,offer already on DEFAULT
2026-08-18T08:36:18+00:00,IT,JAMAICA-5GB-30D,B0H6MJQCMF,fbm0,ALREADY_OFF,offer already on DEFAULT
2026-08-18T08:36:20+00:00,IT,JAMAICA-20GB-30D,B0H6MF52ZZ,fbm0,ALREADY_OFF,offer already on DEFAULT
2026-08-18T08:36:21+00:00,IT,LAOS-3GB-15D,B0H6M96WPB,fbm0,ALREADY_OFF,offer already on DEFAULT
2026-08-18T08:36:22+00:00,IT,LAOS-5GB-30D,B0H6MBJN5B,fbm0,ALREADY_OFF,offer already on DEFAULT
2026-08-18T08:36:24+00:00,IT,LAOS-20GB-30D,B0H6MBWGX1,fbm0,ALREADY_OFF,offer already on DEFAULT
2026-08-18T08:36:25+00:00,IT,LIBYA-3GB-15D,B0H6MBYGXZ,fbm0,ALREADY_OFF,offer already on DEFAULT
2026-08-18T08:36:26+00:00,IT,LIBYA-5GB-30D,B0H6M5PVSB,fbm0,ALREADY_OFF,offer already on DEFAULT
2026-08-18T08:36:27+00:00,IT,LIBYA-20GB-30D,B0H6MFWD2Y,fbm0,ALREADY_OFF,offer already on DEFAULT
2026-08-18T08:36:29+00:00,IT,MALDIVES-3GB-15D,B0H6MD6Y71,fbm0,ALREADY_OFF,offer already on DEFAULT
2026-08-18T08:36:30+00:00,IT,MALDIVES-5GB-30D,B0H6MJQZ8Y,fbm0,ALREADY_OFF,offer already on DEFAULT
2026-08-18T08:36:31+00:00,IT,MALDIVES-20GB-30D,B0H6MM5SCJ,fbm0,ALREADY_OFF,offer already on DEFAULT
2026-08-18T08:36:33+00:00,IT,MARTINIQUE-3GB-15D,B0H6M7SBFQ,fbm0,ALREADY_OFF,offer already on DEFAULT
2026-08-18T08:36:34+00:00,IT,MARTINIQUE-5GB-30D,B0H6MKCD1X,fbm0,ALREADY_OFF,offer already on DEFAULT
2026-08-18T08:36:35+00:00,IT,MARTINIQUE-20GB-30D,B0H6MH94KV,fbm0,ALREADY_OFF,offer already on DEFAULT
2026-08-18T08:36:36+00:00,IT,MAYOTTE-3GB-15D,B0H6MFWP88,fbm0,ALREADY_OFF,offer already on DEFAULT
2026-08-18T08:36:38+00:00,IT,MAYOTTE-5GB-30D,B0H6MD9C4Y,fbm0,ALREADY_OFF,offer already on DEFAULT
2026-08-18T08:36:39+00:00,IT,MAYOTTE-20GB-30D,B0H6M5L8MC,fbm0,ALREADY_OFF,offer already on DEFAULT
2026-08-18T08:36:40+00:00,IT,MONTSERRAT-3GB-15D,B0H6MDJ2ZR,fbm0,ALREADY_OFF,offer already on DEFAULT
2026-08-18T08:36:41+00:00,IT,MONTSERRAT-5GB-30D,B0H6MGQ1Y4,fbm0,ALREADY_OFF,offer already on DEFAULT
2026-08-18T08:36:43+00:00,IT,MONTSERRAT-20GB-30D,B0H6MG87HK,fbm0,ALREADY_OFF,offer already on DEFAULT
2026-08-18T08:36:44+00:00,IT,REPUBLIC-OF-THE-CONGO-3GB-15D,B0H6MM6DKT,fbm0,ALREADY_OFF,offer already on DEFAULT
2026-08-18T08:36:45+00:00,IT,REPUBLIC-OF-THE-CONGO-5GB-30D,B0H6MBXD3B,fbm0,ALREADY_OFF,offer already on DEFAULT
2026-08-18T08:36:46+00:00,IT,REPUBLIC-OF-THE-CONGO-20GB-30D,B0H6MJ756Y,fbm0,ALREADY_OFF,offer already on DEFAULT
2026-08-18T08:36:48+00:00,IT,ROMANIA-3GB-15D,B0H6MKQH2C,fbm0,ALREADY_OFF,offer already on DEFAULT
2026-08-18T08:36:49+00:00,IT,ROMANIA-5GB-30D,B0H6MFVLCB,fbm0,ALREADY_OFF,offer already on DEFAULT
2026-08-18T08:36:51+00:00,IT,ROMANIA-20GB-30D,B0H6MGRC1F,fbm0,ALREADY_OFF,offer already on DEFAULT
2026-08-18T08:36:52+00:00,IT,RUSSIA-3GB-15D,B0H6MDNPC8,fbm0,ALREADY_OFF,offer already on DEFAULT
2026-08-18T08:36:53+00:00,IT,RUSSIA-5GB-30D,B0H6MLHHB2,fbm0,ALREADY_OFF,offer already on DEFAULT
2026-08-18T08:36:55+00:00,IT,RUSSIA-20GB-30D,B0H6MDSLNC,fbm0,ALREADY_OFF,offer already on DEFAULT
2026-08-18T08:36:56+00:00,IT,RWANDA-3GB-15D,B0H6MK2ZBQ,fbm0,ALREADY_OFF,offer already on DEFAULT
2026-08-18T08:36:57+00:00,IT,RWANDA-5GB-30D,B0H6MJZHP1,fbm0,ALREADY_OFF,offer already on DEFAULT
2026-08-18T08:36:59+00:00,IT,RWANDA-20GB-30D,B0H6M66BWN,fbm0,ALREADY_OFF,offer already on DEFAULT
2026-08-18T08:37:00+00:00,IT,SAINT-BARTHELEMY-3GB-15D,B0H6MDMD63,fbm0,ALREADY_OFF,offer already on DEFAULT
2026-08-18T08:37:01+00:00,IT,SAINT-BARTHELEMY-5GB-30D,B0H6MBS246,fbm0,ALREADY_OFF,offer already on DEFAULT
2026-08-18T08:37:02+00:00,IT,SAINT-BARTHELEMY-20GB-30D,B0H6MJHHNB,fbm0,ALREADY_OFF,offer already on DEFAULT
2026-08-18T08:37:04+00:00,IT,SAINT-KITTS-AND-NEVIS-3GB-15D,B0H6MDHJ2B,fbm0,ALREADY_OFF,offer already on DEFAULT
2026-08-18T08:37:05+00:00,IT,SAINT-KITTS-AND-NEVIS-5GB-30D,B0H6MBK615,fbm0,ALREADY_OFF,offer already on DEFAULT
2026-08-18T08:37:06+00:00,IT,SAINT-KITTS-AND-NEVIS-20GB-30D,B0H6MJQSR4,fbm0,ALREADY_OFF,offer already on DEFAULT
2026-08-18T08:37:08+00:00,IT,SAINT-LUCIA-3GB-15D,B0H6M7Y1CD,fbm0,ALREADY_OFF,offer already on DEFAULT
2026-08-18T08:37:09+00:00,IT,SAINT-LUCIA-5GB-30D,B0H6MGBXNV,fbm0,ALREADY_OFF,offer already on DEFAULT
2026-08-18T08:37:10+00:00,IT,SAINT-LUCIA-20GB-30D,B0H6MDX8DY,fbm0,DEACTIVATED,
2026-08-18T08:37:12+00:00,IT,SAINT-MARTIN-3GB-15D,B0H6MDB2CN,fbm0,ALREADY_OFF,offer already on DEFAULT
2026-08-18T08:37:13+00:00,IT,SAINT-MARTIN-5GB-30D,B0H6MC37Q1,fbm0,ALREADY_OFF,offer already on DEFAULT
2026-08-18T08:37:14+00:00,IT,SAINT-MARTIN-20GB-30D,B0H6MF7K64,fbm0,ALREADY_OFF,offer already on DEFAULT
2026-08-18T08:37:16+00:00,IT,SAINT-VINCENT-AND-THE-GRENADINES-3GB-15D,B0H6MF3FWZ,fbm0,ALREADY_OFF,offer already on DEFAULT
2026-08-18T08:37:17+00:00,IT,SAINT-VINCENT-AND-THE-GRENADINES-5GB-30D,B0H6MJXH8Z,fbm0,DEACTIVATED,
2026-08-18T08:37:19+00:00,IT,SVG-20GB-30D,B0H6MWF5B5,fbm0,DEACTIVATED,
2026-08-18T08:37:21+00:00,IT,SAMOA-3GB-15D,B0H6MGJ45S,fbm0,DEACTIVATED,
2026-08-18T08:37:22+00:00,IT,SAMOA-5GB-30D,B0H6MFFZH1,fbm0,DEACTIVATED,
2026-08-18T08:37:24+00:00,IT,SAMOA-20GB-30D,B0H6MJQDSM,fbm0,DEACTIVATED,
2026-08-18T08:37:26+00:00,IT,SAN-MARINO-3GB-15D,B0H6MG33GL,fbm0,DEACTIVATED,
2026-08-18T08:37:27+00:00,IT,SAN-MARINO-5GB-30D,B0H6ML6C38,fbm0,DEACTIVATED,
2026-08-18T08:37:29+00:00,IT,SAN-MARINO-20GB-30D,B0H6MDHJFJ,fbm0,DEACTIVATED,
2026-08-18T08:37:31+00:00,IT,SIERRA-LEONE-3GB-15D,B0H6MHPWKP,fbm0,DEACTIVATED,
2026-08-18T08:37:32+00:00,IT,SIERRA-LEONE-5GB-30D,B0H6MBK6HZ,fbm0,DEACTIVATED,
2026-08-18T08:37:34+00:00,IT,SIERRA-LEONE-20GB-30D,B0H6ML1JW1,fbm0,DEACTIVATED,
2026-08-18T08:37:36+00:00,IT,SURINAME-3GB-15D,B0H6MLWJMY,fbm0,DEACTIVATED,
2026-08-18T08:37:38+00:00,IT,SURINAME-5GB-30D,B0H6MNS3N5,fbm0,DEACTIVATED,
2026-08-18T08:37:39+00:00,IT,SURINAME-20GB-30D,B0H6MNKY5H,fbm0,DEACTIVATED,
2026-08-18T08:37:41+00:00,IT,TAJIKISTAN-3GB-15D,B0H6M7XFN6,fbm0,DEACTIVATED,
2026-08-18T08:37:43+00:00,IT,TAJIKISTAN-5GB-30D,B0H6MFYMXZ,fbm0,DEACTIVATED,
2026-08-18T08:37:44+00:00,IT,TAJIKISTAN-20GB-30D,B0H6M85C77,fbm0,DEACTIVATED,
2026-08-18T08:37:46+00:00,IT,TRINIDAD-AND-TOBAGO-3GB-15D,B0H6MJTHXK,fbm0,DEACTIVATED,
2026-08-18T08:37:48+00:00,IT,TRINIDAD-AND-TOBAGO-5GB-30D,B0H6MJTHY9,fbm0,DEACTIVATED,
2026-08-18T08:37:49+00:00,IT,TRINIDAD-AND-TOBAGO-20GB-30D,B0H6MF31VP,fbm0,DEACTIVATED,
2026-08-18T08:37:51+00:00,IT,TURKS-AND-CAICOS-ISLANDS-3GB-15D,B0H6MNNXGL,fbm0,DEACTIVATED,
2026-08-18T08:37:53+00:00,IT,TURKS-AND-CAICOS-ISLANDS-5GB-30D,B0H6MLH1KM,fbm0,DEACTIVATED,
2026-08-18T08:37:55+00:00,IT,TURKS-AND-CAICOS-ISLANDS-20GB-30D,B0H6MLBGX7,fbm0,DEACTIVATED,
2026-08-18T08:37:56+00:00,IT,VATICAN-CITY-3GB-15D,B0H6MBMF8G,fbm0,DEACTIVATED,
2026-08-18T08:37:58+00:00,IT,VATICAN-CITY-5GB-30D,B0H6M7YXNP,fbm0,DEACTIVATED,
2026-08-18T08:37:59+00:00,IT,VATICAN-CITY-20GB-30D,B0H6MDPLZ9,fbm0,DEACTIVATED,
2026-08-18T08:38:01+00:00,IT,CANADA-PREMIUM-3GB-15D,B0H6MJ1HMJ,fbm0,DEACTIVATED,
2026-08-18T08:38:02+00:00,IT,CANADA-PREMIUM-5GB-30D,B0H6MPXGBN,fbm0,DEACTIVATED,
2026-08-18T08:38:04+00:00,IT,CANADA-PREMIUM-20GB-30D,B0H6MJ9N4Y,fbm0,DEACTIVATED,
2026-08-18T08:38:06+00:00,IT,AALAND-ISLANDS-3GB-15D,B0FR3CCSMB,fbm0,DEACTIVATED,
2026-08-18T08:38:08+00:00,IT,AALAND-ISLANDS-5GB-30D,B0FR3G6JWB,fbm0,DEACTIVATED,
2026-08-18T08:38:09+00:00,IT,AALAND-ISLANDS-20GB-30D,B0FR39Q1KJ,fbm0,DEACTIVATED,
2026-08-18T08:38:11+00:00,IT,AFRICA-5GB-30D,B0FR3GK9Z7,fbm0,ALREADY_OFF,offer already on DEFAULT
2026-08-18T08:38:12+00:00,IT,ALBANIA-5GB-30D,B0FR4ZG3Z6,fbm0,ALREADY_OFF,offer already on DEFAULT
2026-08-18T08:38:13+00:00,IT,ARGENTINA-3GB-15D,B0FR554SXN,fbm0,ALREADY_OFF,offer already on DEFAULT
2026-08-18T08:38:15+00:00,IT,ARGENTINA-20GB-30D,B0FR5DCH33,fbm0,ALREADY_OFF,offer already on DEFAULT
2026-08-18T08:38:16+00:00,IT,ARMENIA-3GB-15D,B0FR5BK9R4,fbm0,ALREADY_OFF,offer already on DEFAULT
2026-08-18T08:38:17+00:00,IT,ARMENIA-20GB-30D,B0FR4ZT5XT,fbm0,ALREADY_OFF,offer already on DEFAULT
2026-08-18T08:38:19+00:00,IT,ASIA-20-3GB-15D,B0FR9FZ4RF,fbm0,ALREADY_OFF,offer already on DEFAULT
2026-08-18T08:38:20+00:00,IT,ASIA-20-5GB-30D,B0FR9BQNSV,fbm0,ALREADY_OFF,offer already on DEFAULT
2026-08-18T08:38:21+00:00,IT,AUSTRALIA-3GB-15D,B0FR9SKY4D,fbm0,ALREADY_OFF,offer already on DEFAULT
2026-08-18T08:38:23+00:00,IT,AUSTRALIA-5GB-30D,B0FR9JRB62,fbm0,ALREADY_OFF,offer already on DEFAULT
2026-08-18T08:38:24+00:00,IT,AUSTRALIA-20GB-30D,B0FR9G1ZQJ,fbm0,ALREADY_OFF,offer already on DEFAULT
2026-08-18T08:38:25+00:00,IT,AUSTRIA-3GB-15D,B0FR9QSMSP,fbm0,ALREADY_OFF,offer already on DEFAULT
2026-08-18T08:38:26+00:00,IT,AUSTRIA-5GB-30D,B0FR8XCH78,fbm0,ALREADY_OFF,offer already on DEFAULT
2026-08-18T08:38:28+00:00,IT,AUSTRIA-20GB-30D,B0FR8XBSBP,fbm0,ALREADY_OFF,offer already on DEFAULT
2026-08-18T08:38:29+00:00,IT,AZERBAIJAN-3GB-15D,B0FR9BTC98,fbm0,ALREADY_OFF,offer already on DEFAULT
2026-08-18T08:38:30+00:00,IT,BAHRAIN-3GB-15D,B0FR9K64KF,fbm0,ALREADY_OFF,offer already on DEFAULT
2026-08-18T08:38:32+00:00,IT,BANGLADESH-3GB-15D,B0FR9L7SG3,fbm0,ALREADY_OFF,offer already on DEFAULT
2026-08-18T08:38:33+00:00,IT,BANGLADESH-5GB-30D,B0FR9BQFCM,fbm0,ALREADY_OFF,offer already on DEFAULT
2026-08-18T08:38:34+00:00,IT,BANGLADESH-20GB-30D,B0FR8FJ3HJ,fbm0,ALREADY_OFF,offer already on DEFAULT
2026-08-18T08:38:35+00:00,IT,BELARUS-3GB-15D,B0FR9G3Z82,fbm0,ALREADY_OFF,offer already on DEFAULT
2026-08-18T08:38:37+00:00,IT,BELARUS-5GB-30D,B0FR8FFT4D,fbm0,ALREADY_OFF,offer already on DEFAULT
2026-08-18T08:38:38+00:00,IT,BELGIUM-3GB-15D,B0FR9G432K,fbm0,ALREADY_OFF,offer already on DEFAULT
2026-08-18T08:38:39+00:00,IT,BELGIUM-5GB-30D,B0FR9SXCW6,fbm0,ALREADY_OFF,offer already on DEFAULT
2026-08-18T08:38:40+00:00,IT,BELGIUM-20GB-30D,B0FR9BVRCH,fbm0,ALREADY_OFF,offer already on DEFAULT
2026-08-18T08:38:42+00:00,IT,BOLIVIA-3GB-15D,B0FR8FKPKH,fbm0,ALREADY_OFF,offer already on DEFAULT
2026-08-18T08:38:43+00:00,IT,BOLIVIA-20GB-30D,B0FR9RH588,fbm0,ALREADY_OFF,offer already on DEFAULT
2026-08-18T08:38:44+00:00,IT,BOSNIA-AND-HERZEGOVINA-3GB-15D,B0FR9G8ZVK,fbm0,ALREADY_OFF,offer already on DEFAULT
2026-08-18T08:38:46+00:00,IT,BOTSWANA-3GB-15D,B0FR9G7N2Q,fbm0,ALREADY_OFF,offer already on DEFAULT
2026-08-18T08:38:47+00:00,IT,BRAZIL-3GB-15D,B0FR9G5LKV,fbm0,ALREADY_OFF,offer already on DEFAULT
2026-08-18T08:38:48+00:00,IT,BRAZIL-20GB-30D,B0FR9KLZCR,fbm0,ALREADY_OFF,offer already on DEFAULT
2026-08-18T08:38:50+00:00,IT,BRUNEI-DARUSSALAM-3GB-15D,B0FR9KTJND,fbm0,ALREADY_OFF,offer already on DEFAULT
2026-08-18T08:38:51+00:00,IT,BRUNEI-DARUSSALAM-20GB-30D,B0FR9F971C,fbm0,ALREADY_OFF,offer already on DEFAULT
2026-08-18T08:38:52+00:00,IT,BURKINA-FASO-3GB-15D,B0FR9HWFSK,fbm0,ALREADY_OFF,offer already on DEFAULT
2026-08-18T08:38:53+00:00,IT,BURKINA-FASO-5GB-30D,B0FR9BWKSY,fbm0,ALREADY_OFF,offer already on DEFAULT
2026-08-18T08:38:55+00:00,IT,CAMEROON-3GB-15D,B0FR9VJ1ZB,fbm0,ALREADY_OFF,offer already on DEFAULT
2026-08-18T08:38:57+00:00,IT,CENTRAL-AFRICAN-REPUBLIC-3GB-15D,B0FR9RK8FP,fbm0,ALREADY_OFF,offer already on DEFAULT
2026-08-18T08:38:58+00:00,IT,CENTRAL-AFRICAN-REPUBLIC-5GB-30D,B0FR9R3NMC,fbm0,ALREADY_OFF,offer already on DEFAULT
2026-08-18T08:38:59+00:00,IT,CHAD-3GB-15D,B0FR9SG4MK,fbm0,ALREADY_OFF,offer already on DEFAULT
2026-08-18T08:39:00+00:00,IT,CHAD-5GB-30D,B0FR9L414C,fbm0,ALREADY_OFF,offer already on DEFAULT
2026-08-18T08:39:02+00:00,IT,CHILE-3GB-15D,B0FR9RY1RT,fbm0,ALREADY_OFF,offer already on DEFAULT
2026-08-18T08:39:03+00:00,IT,CHINA-3GB-15D,B0FR9QZ578,fbm0,ALREADY_OFF,offer already on DEFAULT
2026-08-18T08:39:04+00:00,IT,CHINA-5GB-30D,B0FR9HX7XH,fbm0,ALREADY_OFF,offer already on DEFAULT
2026-08-18T08:39:05+00:00,IT,CHINA-20GB-30D,B0FR9GD6X9,fbm0,ALREADY_OFF,offer already on DEFAULT
2026-08-18T08:39:07+00:00,IT,COLOMBIA-3GB-15D,B0FR9RL8W5,fbm0,ALREADY_OFF,offer already on DEFAULT
2026-08-18T08:39:08+00:00,IT,CAMBODIA-3GB-15D,B0FR8XKMJ4,fbm0,ALREADY_OFF,offer already on DEFAULT
2026-08-18T08:39:09+00:00,IT,CAMBODIA-20GB-30D,B0FR9GFJPL,fbm0,ALREADY_OFF,offer already on DEFAULT
2026-08-18T08:39:11+00:00,IT,COSTA-RICA-3GB-15D,B0FR9LNRMN,fbm0,ALREADY_OFF,offer already on DEFAULT
2026-08-18T08:39:12+00:00,IT,COTE-D-IVOIRE-3GB-15D,B0FR9HW9DJ,fbm0,ALREADY_OFF,offer already on DEFAULT
2026-08-18T08:39:13+00:00,IT,COTE-D-IVOIRE-5GB-30D,B0FR9V5LYJ,fbm0,ALREADY_OFF,offer already on DEFAULT
2026-08-18T08:39:15+00:00,IT,CROATIA-3GB-15D,B0FR9GDKT1,fbm0,ALREADY_OFF,offer already on DEFAULT
2026-08-18T08:39:16+00:00,IT,CROATIA-5GB-30D,B0FR9BVV58,fbm0,ALREADY_OFF,offer already on DEFAULT
2026-08-18T08:39:17+00:00,IT,CROATIA-20GB-30D,B0FR9TYCSL,fbm0,ALREADY_OFF,offer already on DEFAULT
2026-08-18T08:39:19+00:00,IT,CYPRUS-3GB-15D,B0FR8XJWWG,fbm0,ALREADY_OFF,offer already on DEFAULT
2026-08-18T08:39:20+00:00,IT,CYPRUS-5GB-30D,B0FR8XHWZV,fbm0,ALREADY_OFF,offer already on DEFAULT
2026-08-18T08:39:21+00:00,IT,CZECH-REPUBLIC-3GB-15D,B0FR9SB2Q3,fbm0,ALREADY_OFF,offer already on DEFAULT
2026-08-18T08:39:22+00:00,IT,CZECH-REPUBLIC-5GB-30D,B0FR9BY2LF,fbm0,ALREADY_OFF,offer already on DEFAULT
2026-08-18T08:39:24+00:00,IT,CZECH-REPUBLIC-20GB-30D,B0FR9SVN9H,fbm0,ALREADY_OFF,offer already on DEFAULT
2026-08-18T08:39:25+00:00,IT,DENMARK-3GB-15D,B0FR9GSNP4,fbm0,ALREADY_OFF,offer already on DEFAULT
2026-08-18T08:39:27+00:00,IT,DENMARK-5GB-30D,B0FR8XQYR4,fbm0,ALREADY_OFF,offer already on DEFAULT
2026-08-18T08:39:28+00:00,IT,DENMARK-20GB-30D,B0FR9QPF45,fbm0,ALREADY_OFF,offer already on DEFAULT
2026-08-18T08:39:29+00:00,IT,DOMINICAN-REPUBLIC-3GB-15D,B0FR9GSKZF,fbm0,ALREADY_OFF,offer already on DEFAULT
2026-08-18T08:39:31+00:00,IT,DOMINICAN-REPUBLIC-5GB-30D,B0FR9GQKCM,fbm0,ALREADY_OFF,offer already on DEFAULT
2026-08-18T08:39:32+00:00,IT,DOMINICAN-REPUBLIC-20GB-30D,B0FR9C6DJF,fbm0,ALREADY_OFF,offer already on DEFAULT
2026-08-18T08:39:34+00:00,IT,ECUADOR-3GB-15D,B0FR9RM6MP,fbm0,ALREADY_OFF,offer already on DEFAULT
2026-08-18T08:39:36+00:00,IT,EGYPT-3GB-15D,B0FR9C784N,fbm0,ALREADY_OFF,offer already on DEFAULT
2026-08-18T08:39:37+00:00,IT,EGYPT-5GB-30D,B0FR9LR5KJ,fbm0,ALREADY_OFF,offer already on DEFAULT
2026-08-18T08:39:38+00:00,IT,EGYPT-20GB-30D,B0FR9GQBGL,fbm0,ALREADY_OFF,offer already on DEFAULT
2026-08-18T08:39:40+00:00,IT,EL-SALVADOR-3GB-15D,B0FR9LJ7X4,fbm0,ALREADY_OFF,offer already on DEFAULT
2026-08-18T08:39:41+00:00,IT,ESTONIA-3GB-15D,B0FR9GST1S,fbm0,ALREADY_OFF,offer already on DEFAULT
2026-08-18T08:39:43+00:00,IT,ESTONIA-5GB-30D,B0FR9GQYKB,fbm0,ALREADY_OFF,offer already on DEFAULT
2026-08-18T08:39:45+00:00,IT,ESTONIA-20GB-30D,B0FR9L527N,fbm0,ALREADY_OFF,offer already on DEFAULT
2026-08-18T08:39:46+00:00,IT,EUROPE-40-AREAS-5GB-30D,B0FR9RYSSS,fbm0,ALREADY_OFF,offer already on DEFAULT
2026-08-18T08:39:47+00:00,IT,EUROPE-40-AREAS-20GB-30D,B0FR9TNPV3,fbm0,ALREADY_OFF,offer already on DEFAULT
2026-08-18T08:39:49+00:00,IT,FINLAND-3GB-15D,B0FR9GSND6,fbm0,ALREADY_OFF,offer already on DEFAULT
2026-08-18T08:39:50+00:00,IT,FINLAND-5GB-30D,B0FR9SB3BJ,fbm0,ALREADY_OFF,offer already on DEFAULT
2026-08-18T08:39:51+00:00,IT,FRANCE-3GB-15D,B0FR9C5ZB6,fbm0,ALREADY_OFF,offer already on DEFAULT
2026-08-18T08:39:53+00:00,IT,FRANCE-5GB-30D,B0FR9LMDW5,fbm0,ALREADY_OFF,offer already on DEFAULT
2026-08-18T08:39:54+00:00,IT,FRANCE-20GB-30D,B0FR9GPMC5,fbm0,ALREADY_OFF,offer already on DEFAULT
2026-08-18T08:39:55+00:00,IT,GABON-3GB-15D,B0FR9GPX9T,fbm0,ALREADY_OFF,offer already on DEFAULT
2026-08-18T08:39:56+00:00,IT,GEORGIA-3GB-15D,B0FR9KMX2N,fbm0,ALREADY_OFF,offer already on DEFAULT
2026-08-18T08:39:57+00:00,IT,GEORGIA-20GB-30D,B0FR9C73NK,fbm0,ALREADY_OFF,offer already on DEFAULT
2026-08-18T08:39:59+00:00,IT,GERMANY-3GB-15D,B0GSZBMLKV,fbm0,ALREADY_OFF,offer already on DEFAULT
2026-08-18T08:40:00+00:00,IT,GERMANY-5GB-30D,B0GSZDYWLZ,fbm0,ALREADY_OFF,offer already on DEFAULT
2026-08-18T08:40:02+00:00,IT,GERMANY-20GB-30D,B0GSZP9H94,fbm0,ALREADY_OFF,offer already on DEFAULT
2026-08-18T08:40:03+00:00,IT,GIBRALTAR-3GB-15D,B0FR8XSPMC,fbm0,ALREADY_OFF,offer already on DEFAULT
2026-08-18T08:40:04+00:00,IT,GLOBAL139-5GB-30D,B0FR9VNTLY,fbm0,ALREADY_OFF,offer already on DEFAULT
2026-08-18T08:40:05+00:00,IT,GREECE-3GB-15D,B0FR9L85F6,fbm0,ALREADY_OFF,offer already on DEFAULT
2026-08-18T08:40:07+00:00,IT,GREECE-5GB-30D,B0FR9C7SMF,fbm0,ALREADY_OFF,offer already on DEFAULT
2026-08-18T08:40:08+00:00,IT,GREECE-20GB-30D,B0FR9KJGBG,fbm0,ALREADY_OFF,offer already on DEFAULT
2026-08-18T08:40:09+00:00,IT,GUADELOUPE-3GB-15D,B0FR9TMVWK,fbm0,ALREADY_OFF,offer already on DEFAULT
2026-08-18T08:40:10+00:00,IT,GUADELOUPE-20GB-30D,B0FR8XTBF6,fbm0,ALREADY_OFF,offer already on DEFAULT
2026-08-18T08:40:12+00:00,IT,GUAM-3GB-15D,B0FR9GVSSF,fbm0,ALREADY_OFF,offer already on DEFAULT
2026-08-18T08:40:13+00:00,IT,GUAM-5GB-30D,B0FR9SVP8Y,fbm0,ALREADY_OFF,offer already on DEFAULT
2026-08-18T08:40:14+00:00,IT,GUAM-20GB-30D,B0FR9C7MGP,fbm0,ALREADY_OFF,offer already on DEFAULT
2026-08-18T08:40:16+00:00,IT,GUATEMALA-3GB-15D,B0FR9VC6VD,fbm0,ALREADY_OFF,offer already on DEFAULT
2026-08-18T08:40:17+00:00,IT,GUERNSEY-3GB-15D,B0FR9SMWDN,fbm0,ALREADY_OFF,offer already on DEFAULT
2026-08-18T08:40:18+00:00,IT,GUERNSEY-5GB-30D,B0FR9C5PXR,fbm0,ALREADY_OFF,offer already on DEFAULT
2026-08-18T08:40:20+00:00,IT,GUERNSEY-20GB-30D,B0FR9LYWWY,fbm0,ALREADY_OFF,offer already on DEFAULT
2026-08-18T08:40:21+00:00,IT,HONDURAS-3GB-15D,B0FR9ZYV5G,fbm0,ALREADY_OFF,offer already on DEFAULT
2026-08-18T08:40:22+00:00,IT,HONG-KONG-3GB-15D,B0FR9CC6Q8,fbm0,ALREADY_OFF,offer already on DEFAULT
2026-08-18T08:40:23+00:00,IT,HONG-KONG-5GB-30D,B0FR9GXYYL,fbm0,ALREADY_OFF,offer already on DEFAULT
2026-08-18T08:40:25+00:00,IT,HONG-KONG-20GB-30D,B0FR9GXZ6F,fbm0,ALREADY_OFF,offer already on DEFAULT
2026-08-18T08:40:26+00:00,IT,HUNGARY-3GB-15D,B0FR9C9JVW,fbm0,ALREADY_OFF,offer already on DEFAULT
2026-08-18T08:40:27+00:00,IT,HUNGARY-5GB-30D,B0FR9GY3R5,fbm0,ALREADY_OFF,offer already on DEFAULT
2026-08-18T08:40:28+00:00,IT,HUNGARY-20GB-30D,B0FR9ZVYYQ,fbm0,ALREADY_OFF,offer already on DEFAULT
2026-08-18T08:40:30+00:00,IT,ICELAND-3GB-15D,B0FR9TBBK1,fbm0,ALREADY_OFF,offer already on DEFAULT
2026-08-18T08:40:31+00:00,IT,ICELAND-5GB-30D,B0FR9ZWQBD,fbm0,ALREADY_OFF,offer already on DEFAULT
2026-08-18T08:40:33+00:00,IT,ICELAND-20GB-30D,B0FR9GX6LF,fbm0,ALREADY_OFF,offer already on DEFAULT
2026-08-18T08:40:34+00:00,IT,INDIA-3GB-15D,B0FR9ZM116,fbm0,ALREADY_OFF,offer already on DEFAULT
2026-08-18T08:40:35+00:00,IT,INDIA-5GB-30D,B0FR9GXWN9,fbm0,ALREADY_OFF,offer already on DEFAULT
2026-08-18T08:40:36+00:00,IT,INDIA-20GB-30D,B0FR9DYMHX,fbm0,ALREADY_OFF,offer already on DEFAULT
2026-08-18T08:40:38+00:00,IT,INDONESIA-3GB-15D,B0FR9T6QPZ,fbm0,ALREADY_OFF,offer already on DEFAULT
2026-08-18T08:40:39+00:00,IT,INDONESIA-5GB-30D,B0FR8XW5DR,fbm0,ALREADY_OFF,offer already on DEFAULT
2026-08-18T08:40:40+00:00,IT,INDONESIA-20GB-30D,B0FR9QXRDQ,fbm0,ALREADY_OFF,offer already on DEFAULT
2026-08-18T08:40:41+00:00,IT,IRELAND-3GB-15D,B0FR8XV57F,fbm0,ALREADY_OFF,offer already on DEFAULT
2026-08-18T08:40:42+00:00,IT,IRELAND-5GB-30D,B0FR9GYKQL,fbm0,ALREADY_OFF,offer already on DEFAULT
2026-08-18T08:40:44+00:00,IT,IRELAND-20GB-30D,B0FR9SZG2Z,fbm0,ALREADY_OFF,offer already on DEFAULT
2026-08-18T08:40:45+00:00,IT,ISLE-OF-MAN-3GB-15D,B0FR9LZ7RL,fbm0,ALREADY_OFF,offer already on DEFAULT
2026-08-18T08:40:46+00:00,IT,ISLE-OF-MAN-5GB-30D,B0FR9M27XY,fbm0,ALREADY_OFF,offer already on DEFAULT
2026-08-18T08:40:47+00:00,IT,ISLE-OF-MAN-20GB-30D,B0FR9CB5LK,fbm0,ALREADY_OFF,offer already on DEFAULT
2026-08-18T08:40:48+00:00,IT,ISRAEL-3GB-15D,B0FR9M11H1,fbm0,ALREADY_OFF,offer already on DEFAULT
2026-08-18T08:40:50+00:00,IT,ISRAEL-5GB-30D,B0FR8XVZZM,fbm0,ALREADY_OFF,offer already on DEFAULT
2026-08-18T08:40:51+00:00,IT,ISRAEL-20GB-30D,B0FR9K8SQ1,fbm0,ALREADY_OFF,offer already on DEFAULT
2026-08-18T08:40:52+00:00,IT,ITALY-3GB-15D,B0FR9GXZ18,fbm0,ALREADY_OFF,offer already on DEFAULT
2026-08-18T08:40:53+00:00,IT,ITALY-5GB-30D,B0FR9ZR2TH,fbm0,ALREADY_OFF,offer already on DEFAULT
2026-08-18T08:40:55+00:00,IT,ITALY-20GB-30D,B0FR9RNZV2,fbm0,ALREADY_OFF,offer already on DEFAULT
2026-08-18T08:40:56+00:00,IT,JAPAN-3GB-15D,B0FR9LVZVQ,fbm0,ALREADY_OFF,offer already on DEFAULT
2026-08-18T08:40:57+00:00,IT,JAPAN-5GB-30D,B0FR9TLXXH,fbm0,ALREADY_OFF,offer already on DEFAULT
2026-08-18T08:40:59+00:00,IT,JAPAN-20GB-30D,B0FR9RZKRB,fbm0,ALREADY_OFF,offer already on DEFAULT
2026-08-18T08:41:00+00:00,IT,JERSEY-3GB-15D,B0FR9GYMR5,fbm0,ALREADY_OFF,offer already on DEFAULT
2026-08-18T08:41:01+00:00,IT,JERSEY-5GB-30D,B0FR9M27GP,fbm0,ALREADY_OFF,offer already on DEFAULT
2026-08-18T08:41:02+00:00,IT,JERSEY-20GB-30D,B0FR9CBQDH,fbm0,ALREADY_OFF,offer already on DEFAULT
2026-08-18T08:41:04+00:00,IT,JORDAN-3GB-15D,B0FR9M144Z,fbm0,ALREADY_OFF,offer already on DEFAULT
2026-08-18T08:41:05+00:00,IT,JORDAN-5GB-30D,B0FR9ZTZNK,fbm0,ALREADY_OFF,offer already on DEFAULT
2026-08-18T08:41:07+00:00,IT,JORDAN-20GB-30D,B0FR9ST188,fbm0,ALREADY_OFF,offer already on DEFAULT
2026-08-18T08:41:08+00:00,IT,KAZAKHSTAN-3GB-15D,B0FR9T4DG2,fbm0,ALREADY_OFF,offer already on DEFAULT
2026-08-18T08:41:10+00:00,IT,KAZAKHSTAN-5GB-30D,B0FR9ZMMSH,fbm0,ALREADY_OFF,offer already on DEFAULT
2026-08-18T08:41:11+00:00,IT,KAZAKHSTAN-20GB-30D,B0FR9TLNNW,fbm0,ALREADY_OFF,offer already on DEFAULT
2026-08-18T08:41:12+00:00,IT,KENYA-3GB-15D,B0FR9GZ14G,fbm0,ALREADY_OFF,offer already on DEFAULT
2026-08-18T08:41:14+00:00,IT,KENYA-5GB-30D,B0FR9T4DG6,fbm0,ALREADY_OFF,offer already on DEFAULT
2026-08-18T08:41:15+00:00,IT,KUWAIT-3GB-15D,B0FR9LZJ3X,fbm0,ALREADY_OFF,offer already on DEFAULT
2026-08-18T08:41:17+00:00,IT,KUWAIT-5GB-30D,B0FR9M2TXP,fbm0,ALREADY_OFF,offer already on DEFAULT
2026-08-18T08:41:18+00:00,IT,KUWAIT-20GB-30D,B0FR9KBF4P,fbm0,ALREADY_OFF,offer already on DEFAULT
2026-08-18T08:41:19+00:00,IT,KYRGYZSTAN-3GB-15D,B0FR9TVF4R,fbm0,ALREADY_OFF,offer already on DEFAULT
2026-08-18T08:41:21+00:00,IT,KYRGYZSTAN-20GB-30D,B0FR8XXBHM,fbm0,ALREADY_OFF,offer already on DEFAULT
2026-08-18T08:41:22+00:00,IT,LATVIA-3GB-15D,B0FR9VM4K6,fbm0,ALREADY_OFF,offer already on DEFAULT
2026-08-18T08:41:23+00:00,IT,LATVIA-5GB-30D,B0FR9TR99S,fbm0,ALREADY_OFF,offer already on DEFAULT
2026-08-18T08:41:25+00:00,IT,LATVIA-20GB-30D,B0FR9SWN6V,fbm0,ALREADY_OFF,offer already on DEFAULT
2026-08-18T08:41:26+00:00,IT,LIBERIA-3GB-15D,B0FR9H18JQ,fbm0,ALREADY_OFF,offer already on DEFAULT
2026-08-18T08:41:27+00:00,IT,LIBERIA-5GB-30D,B0FR9SJ1YH,fbm0,ALREADY_OFF,offer already on DEFAULT
2026-08-18T08:41:29+00:00,IT,LIECHTENSTEIN-3GB-15D,B0FR9S35ZH,fbm0,ALREADY_OFF,offer already on DEFAULT
2026-08-18T08:41:30+00:00,IT,LITHUANIA-3GB-15D,B0FR9KS3P4,fbm0,ALREADY_OFF,offer already on DEFAULT
2026-08-18T08:41:31+00:00,IT,LITHUANIA-5GB-30D,B0FR9R598C,fbm0,ALREADY_OFF,offer already on DEFAULT
2026-08-18T08:41:33+00:00,IT,LITHUANIA-20GB-30D,B0FR9TQN8N,fbm0,ALREADY_OFF,offer already on DEFAULT
2026-08-18T08:41:34+00:00,IT,LUXEMBOURG-3GB-15D,B0FR9SHRKM,fbm0,ALREADY_OFF,offer already on DEFAULT
2026-08-18T08:41:35+00:00,IT,LUXEMBOURG-5GB-30D,B0FR9SB862,fbm0,ALREADY_OFF,offer already on DEFAULT
2026-08-18T08:41:37+00:00,IT,LUXEMBOURG-20GB-30D,B0FR8XXXZB,fbm0,ALREADY_OFF,offer already on DEFAULT
2026-08-18T08:41:39+00:00,IT,MACAO-3GB-15D,B0FR9M485M,fbm0,ALREADY_OFF,offer already on DEFAULT
2026-08-18T08:41:40+00:00,IT,MACAO-5GB-30D,B0FR9L9624,fbm0,ALREADY_OFF,offer already on DEFAULT
2026-08-18T08:41:41+00:00,IT,MACAO-20GB-30D,B0FR9CDBN2,fbm0,ALREADY_OFF,offer already on DEFAULT
2026-08-18T08:41:43+00:00,IT,MADAGASCAR-3GB-15D,B0FR9H2NS1,fbm0,ALREADY_OFF,offer already on DEFAULT
2026-08-18T08:41:44+00:00,IT,MALAWI-3GB-15D,B0FR9H3JDK,fbm0,ALREADY_OFF,offer already on DEFAULT
2026-08-18T08:41:45+00:00,IT,MALAWI-5GB-30D,B0FR9GXY24,fbm0,ALREADY_OFF,offer already on DEFAULT
2026-08-18T08:41:47+00:00,IT,MALAYSIA-3GB-15D,B0FR9H1Q65,fbm0,ALREADY_OFF,offer already on DEFAULT
2026-08-18T08:41:48+00:00,IT,MALAYSIA-5GB-30D,B0FR9LDGX8,fbm0,ALREADY_OFF,offer already on DEFAULT
2026-08-18T08:41:49+00:00,IT,MALAYSIA-20GB-30D,B0FR9VMWYD,fbm0,ALREADY_OFF,offer already on DEFAULT
2026-08-18T08:41:50+00:00,IT,MALI-3GB-15D,B0FR9TRDSY,fbm0,ALREADY_OFF,offer already on DEFAULT
2026-08-18T08:41:52+00:00,IT,MALTA-3GB-15D,B0FR9M3PNR,fbm0,ALREADY_OFF,offer already on DEFAULT
2026-08-18T08:41:53+00:00,IT,MALTA-5GB-30D,B0FR9ZSMTC,fbm0,ALREADY_OFF,offer already on DEFAULT
2026-08-18T08:41:54+00:00,IT,MALTA-20GB-30D,B0FR9VL1Q9,fbm0,ALREADY_OFF,offer already on DEFAULT
2026-08-18T08:41:56+00:00,IT,MEXICO-3GB-15D,B0FR9SZSTG,fbm0,ALREADY_OFF,offer already on DEFAULT
2026-08-18T08:41:57+00:00,IT,MEXICO-5GB-30D,B0FR9H2K1C,fbm0,ALREADY_OFF,offer already on DEFAULT
2026-08-18T08:41:58+00:00,IT,MEXICO-20GB-30D,B0FR9VDSJX,fbm0,ALREADY_OFF,offer already on DEFAULT
2026-08-18T08:41:59+00:00,IT,MIDDLE-EAST-5GB-30D,B0FR9SYKP6,fbm0,ALREADY_OFF,offer already on DEFAULT
2026-08-18T08:42:01+00:00,IT,MOLDOVA-3GB-15D,B0FR9CFQYY,fbm0,ALREADY_OFF,offer already on DEFAULT
2026-08-18T08:42:02+00:00,IT,MONACO-3GB-15D,B0FR9ZS6GM,fbm0,ALREADY_OFF,offer already on DEFAULT
2026-08-18T08:42:03+00:00,IT,MONACO-5GB-30D,B0FR9H1H4M,fbm0,ALREADY_OFF,offer already on DEFAULT
2026-08-18T08:42:05+00:00,IT,MONGOLIA-3GB-15D,B0FR9LSYTX,fbm0,ALREADY_OFF,offer already on DEFAULT
2026-08-18T08:42:06+00:00,IT,MONTENEGRO-3GB-15D,B0FR9R5HR7,fbm0,ALREADY_OFF,offer already on DEFAULT
2026-08-18T08:42:07+00:00,IT,MOROCCO-3GB-15D,B0FR9CFZQR,fbm0,ALREADY_OFF,offer already on DEFAULT
2026-08-18T08:42:09+00:00,IT,MOROCCO-5GB-30D,B0FR9CDDQ8,fbm0,ALREADY_OFF,offer already on DEFAULT
2026-08-18T08:42:10+00:00,IT,MOROCCO-20GB-30D,B0FR9M57DY,fbm0,ALREADY_OFF,offer already on DEFAULT
2026-08-18T08:42:11+00:00,IT,MOZAMBIQUE-3GB-15D,B0FRB1M6HK,fbm0,ALREADY_OFF,offer already on DEFAULT
2026-08-18T08:42:13+00:00,IT,MOZAMBIQUE-20GB-30D,B0FR9CFLS7,fbm0,ALREADY_OFF,offer already on DEFAULT
2026-08-18T08:42:14+00:00,IT,NEPAL-3GB-15D,B0FRB1TD7L,fbm0,ALREADY_OFF,offer already on DEFAULT
2026-08-18T08:42:15+00:00,IT,NETHERLANDS-3GB-15D,B0FRB5GNM2,fbm0,ALREADY_OFF,offer already on DEFAULT
2026-08-18T08:42:16+00:00,IT,NETHERLANDS-5GB-30D,B0FR9NHP7Q,fbm0,ALREADY_OFF,offer already on DEFAULT
2026-08-18T08:42:17+00:00,IT,NETHERLANDS-20GB-30D,B0FR9NG7LB,fbm0,ALREADY_OFF,offer already on DEFAULT
2026-08-18T08:42:19+00:00,IT,NEW-ZEALAND-3GB-15D,B0FR9NKXF5,fbm0,ALREADY_OFF,offer already on DEFAULT
2026-08-18T08:42:20+00:00,IT,NEW-ZEALAND-5GB-30D,B0FR9NHFWQ,fbm0,ALREADY_OFF,offer already on DEFAULT
2026-08-18T08:42:21+00:00,IT,NEW-ZEALAND-20GB-30D,B0FRB1TWT8,fbm0,ALREADY_OFF,offer already on DEFAULT
2026-08-18T08:42:23+00:00,IT,NICARAGUA-3GB-15D,B0FRB33MPG,fbm0,ALREADY_OFF,offer already on DEFAULT
2026-08-18T08:42:24+00:00,IT,NIGER-3GB-15D,B0FR9NPT1H,fbm0,ALREADY_OFF,offer already on DEFAULT
2026-08-18T08:42:25+00:00,IT,NIGERIA-3GB-15D,B0FR9X17QY,fbm0,ALREADY_OFF,offer already on DEFAULT
2026-08-18T08:42:26+00:00,IT,NORTH-AMERICA-5GB-30D,B0FRBDQ8H5,fbm0,ALREADY_OFF,offer already on DEFAULT
2026-08-18T08:42:28+00:00,IT,NORTH-MACEDONIA-3GB-15D,B0FRB59DJS,fbm0,ALREADY_OFF,offer already on DEFAULT
2026-08-18T08:42:29+00:00,IT,NORTH-MACEDONIA-5GB-30D,B0FR9WNHHX,fbm0,ALREADY_OFF,offer already on DEFAULT
2026-08-18T08:42:30+00:00,IT,NORWAY-3GB-15D,B0FR9WNK2H,fbm0,ALREADY_OFF,offer already on DEFAULT
2026-08-18T08:42:32+00:00,IT,NORWAY-5GB-30D,B0FRBNPZ9D,fbm0,ALREADY_OFF,offer already on DEFAULT
2026-08-18T08:42:33+00:00,IT,NORWAY-20GB-30D,B0FRB572L8,fbm0,ALREADY_OFF,offer already on DEFAULT
2026-08-18T08:42:34+00:00,IT,OMAN-3GB-15D,B0FRB4BL4W,fbm0,ALREADY_OFF,offer already on DEFAULT
2026-08-18T08:42:36+00:00,IT,OMAN-20GB-30D,B0FRB4R3FK,fbm0,ALREADY_OFF,offer already on DEFAULT
2026-08-18T08:42:37+00:00,IT,PAKISTAN-3GB-15D,B0FRB4HL3B,fbm0,ALREADY_OFF,offer already on DEFAULT
2026-08-18T08:42:38+00:00,IT,PAKISTAN-5GB-30D,B0FRB48QKZ,fbm0,ALREADY_OFF,offer already on DEFAULT
2026-08-18T08:42:39+00:00,IT,PAKISTAN-20GB-30D,B0FRB691X8,fbm0,ALREADY_OFF,offer already on DEFAULT
2026-08-18T08:42:41+00:00,IT,PANAMA-3GB-15D,B0FRB3VFW6,fbm0,ALREADY_OFF,offer already on DEFAULT
2026-08-18T08:42:42+00:00,IT,PARAGUAY-3GB-15D,B0FRB3V7CS,fbm0,ALREADY_OFF,offer already on DEFAULT
2026-08-18T08:42:43+00:00,IT,PHILIPPINES-3GB-15D,B0FRB1GVXK,fbm0,ALREADY_OFF,offer already on DEFAULT
2026-08-18T08:42:45+00:00,IT,PHILIPPINES-5GB-30D,B0FRB4VCKG,fbm0,ALREADY_OFF,offer already on DEFAULT
2026-08-18T08:42:46+00:00,IT,PHILIPPINES-20GB-30D,B0FRB4K2D4,fbm0,ALREADY_OFF,offer already on DEFAULT
2026-08-18T08:42:47+00:00,IT,POLAND-3GB-15D,B0FRB4JVKR,fbm0,ALREADY_OFF,offer already on DEFAULT
2026-08-18T08:42:49+00:00,IT,POLAND-5GB-30D,B0FRBDPQ9J,fbm0,ALREADY_OFF,offer already on DEFAULT
2026-08-18T08:42:50+00:00,IT,POLAND-20GB-30D,B0FRB5HSK7,fbm0,ALREADY_OFF,offer already on DEFAULT
2026-08-18T08:42:51+00:00,IT,PORTUGAL-3GB-15D,B0FRB4314T,fbm0,ALREADY_OFF,offer already on DEFAULT
2026-08-18T08:42:53+00:00,IT,PORTUGAL-5GB-30D,B0FRB4X799,fbm0,ALREADY_OFF,offer already on DEFAULT
2026-08-18T08:42:54+00:00,IT,PORTUGAL-20GB-30D,B0FRB354KV,fbm0,ALREADY_OFF,offer already on DEFAULT
2026-08-18T08:42:55+00:00,IT,PUERTO-RICO-3GB-15D,B0FRB5MSF1,fbm0,ALREADY_OFF,offer already on DEFAULT
2026-08-18T08:42:56+00:00,IT,PUERTO-RICO-5GB-30D,B0FR9WMX9V,fbm0,ALREADY_OFF,offer already on DEFAULT
2026-08-18T08:42:58+00:00,IT,QATAR-3GB-15D,B0FR9NXH43,fbm0,ALREADY_OFF,offer already on DEFAULT
2026-08-18T08:42:59+00:00,IT,QATAR-5GB-30D,B0FR9X5KB1,fbm0,ALREADY_OFF,offer already on DEFAULT
2026-08-18T08:43:00+00:00,IT,QATAR-20GB-30D,B0FR9X3QGM,fbm0,ALREADY_OFF,offer already on DEFAULT
2026-08-18T08:43:01+00:00,IT,REUNION-3GB-15D,B0FRB3KCNQ,fbm0,ALREADY_OFF,offer already on DEFAULT
2026-08-18T08:43:02+00:00,IT,REUNION-5GB-30D,B0FRB47TQW,fbm0,ALREADY_OFF,offer already on DEFAULT
2026-08-18T08:43:04+00:00,IT,SAUDI-ARABIA-3GB-15D,B0FRB3N2KL,fbm0,ALREADY_OFF,offer already on DEFAULT
2026-08-18T08:43:05+00:00,IT,SAUDI-ARABIA-5GB-30D,B0FRB1SRZY,fbm0,ALREADY_OFF,offer already on DEFAULT
2026-08-18T08:43:06+00:00,IT,SAUDI-ARABIA-20GB-30D,B0FRB5PZTS,fbm0,ALREADY_OFF,offer already on DEFAULT
2026-08-18T08:43:07+00:00,IT,SENEGAL-3GB-15D,B0FRB4HX92,fbm0,ALREADY_OFF,offer already on DEFAULT
2026-08-18T08:43:09+00:00,IT,SENEGAL-5GB-30D,B0FRB68H77,fbm0,ALREADY_OFF,offer already on DEFAULT
2026-08-18T08:43:10+00:00,IT,SERBIA-3GB-15D,B0FRB5TJV2,fbm0,ALREADY_OFF,offer already on DEFAULT
2026-08-18T08:43:11+00:00,IT,SERBIA-20GB-30D,B0FRB5K8JC,fbm0,ALREADY_OFF,offer already on DEFAULT
2026-08-18T08:43:12+00:00,IT,SEYCHELLES-3GB-15D,B0FRB55T3H,fbm0,ALREADY_OFF,offer already on DEFAULT
2026-08-18T08:43:13+00:00,IT,SEYCHELLES-5GB-30D,B0FR9P7N6M,fbm0,ALREADY_OFF,offer already on DEFAULT
2026-08-18T08:43:14+00:00,IT,SINGAPORE-5GB-30D,B0FR9X3Y3R,fbm0,ALREADY_OFF,offer already on DEFAULT
2026-08-18T08:43:16+00:00,IT,SINGAPORE-20GB-30D,B0FRB256K8,fbm0,ALREADY_OFF,offer already on DEFAULT
2026-08-18T08:43:17+00:00,IT,SLOVAKIA-3GB-15D,B0FR9XC4BW,fbm0,ALREADY_OFF,offer already on DEFAULT
2026-08-18T08:43:18+00:00,IT,SLOVAKIA-5GB-30D,B0FRB2X84M,fbm0,ALREADY_OFF,offer already on DEFAULT
2026-08-18T08:43:19+00:00,IT,SLOVAKIA-20GB-30D,B0FRB14YYC,fbm0,ALREADY_OFF,offer already on DEFAULT
2026-08-18T08:43:20+00:00,IT,SLOVENIA-3GB-15D,B0FR9XCF27,fbm0,ALREADY_OFF,offer already on DEFAULT
2026-08-18T08:43:22+00:00,IT,SLOVENIA-5GB-30D,B0FRB3SJMR,fbm0,ALREADY_OFF,offer already on DEFAULT
2026-08-18T08:43:23+00:00,IT,SLOVENIA-20GB-30D,B0FR9X15V2,fbm0,ALREADY_OFF,offer already on DEFAULT
2026-08-18T08:43:24+00:00,IT,SOUTH-AFRICA-5GB-30D,B0FRB3R6F3,fbm0,ALREADY_OFF,offer already on DEFAULT
2026-08-18T08:43:26+00:00,IT,SOUTH-AMERICA-5GB-30D,B0FRB8D7HC,fbm0,ALREADY_OFF,offer already on DEFAULT
2026-08-18T08:43:27+00:00,IT,SOUTH-KOREA-3GB-15D,B0FRC4RTDF,fbm0,ALREADY_OFF,offer already on DEFAULT
2026-08-18T08:43:28+00:00,IT,SOUTH-KOREA-5GB-30D,B0FRD9LC4C,fbm0,ALREADY_OFF,offer already on DEFAULT
2026-08-18T08:43:29+00:00,IT,SOUTH-KOREA-20GB-30D,B0FRC4P51Z,fbm0,ALREADY_OFF,offer already on DEFAULT
2026-08-18T08:43:30+00:00,IT,SPAIN-3GB-15D,B0FRCDHTZ7,fbm0,ALREADY_OFF,offer already on DEFAULT
2026-08-18T08:43:32+00:00,IT,SPAIN-5GB-30D,B0FRBQCLZN,fbm0,ALREADY_OFF,offer already on DEFAULT
2026-08-18T08:43:33+00:00,IT,SPAIN-20GB-30D,B0FRCMPGPL,fbm0,ALREADY_OFF,offer already on DEFAULT
2026-08-18T08:43:34+00:00,IT,SRI-LANKA-3GB-15D,B0FRB7Z1NW,fbm0,ALREADY_OFF,offer already on DEFAULT
2026-08-18T08:43:36+00:00,IT,SRI-LANKA-5GB-30D,B0FRB64B8M,fbm0,ALREADY_OFF,offer already on DEFAULT
2026-08-18T08:43:37+00:00,IT,SRI-LANKA-20GB-30D,B0FRC2DZN5,fbm0,ALREADY_OFF,offer already on DEFAULT
2026-08-18T08:43:38+00:00,IT,SUDAN-3GB-15D,B0FRCKTXNQ,fbm0,ALREADY_OFF,offer already on DEFAULT
2026-08-18T08:43:39+00:00,IT,SUDAN-5GB-30D,B0FRC799N3,fbm0,ALREADY_OFF,offer already on DEFAULT
2026-08-18T08:43:41+00:00,IT,SWEDEN-3GB-15D,B0FRCC6W9S,fbm0,ALREADY_OFF,offer already on DEFAULT
2026-08-18T08:43:42+00:00,IT,SWEDEN-5GB-30D,B0FRCS524D,fbm0,ALREADY_OFF,offer already on DEFAULT
2026-08-18T08:43:43+00:00,IT,SWEDEN-20GB-30D,B0FRB7X5SP,fbm0,ALREADY_OFF,offer already on DEFAULT
2026-08-18T08:43:45+00:00,IT,SWITZERLAND-3GB-15D,B0FRB5LFVC,fbm0,ALREADY_OFF,offer already on DEFAULT
2026-08-18T08:43:47+00:00,IT,SWITZERLAND-5GB-30D,B0FRB7G4VW,fbm0,ALREADY_OFF,offer already on DEFAULT
2026-08-18T08:43:48+00:00,IT,SWITZERLAND-20GB-30D,B0FRB6VY7S,fbm0,ALREADY_OFF,offer already on DEFAULT
2026-08-18T08:43:49+00:00,IT,TANZANIA-3GB-15D,B0FRC81NPJ,fbm0,ALREADY_OFF,offer already on DEFAULT
2026-08-18T08:43:50+00:00,IT,THAILAND-3GB-15D,B0FRCDPJSH,fbm0,ALREADY_OFF,offer already on DEFAULT
2026-08-18T08:43:51+00:00,IT,THAILAND-5GB-30D,B0FR9Q5D1J,fbm0,ALREADY_OFF,offer already on DEFAULT
2026-08-18T08:43:52+00:00,IT,THAILAND-20GB-30D,B0FRCHW3MW,fbm0,ALREADY_OFF,offer already on DEFAULT
2026-08-18T08:43:54+00:00,IT,TUNISIA-5GB-30D,B0FRB7Q96Z,fbm0,ALREADY_OFF,offer already on DEFAULT
2026-08-18T08:43:55+00:00,IT,TURKEY-3GB-15D,B0FRC2PSHM,fbm0,ALREADY_OFF,offer already on DEFAULT
2026-08-18T08:43:56+00:00,IT,TURKEY-5GB-30D,B0FRCBZ1BB,fbm0,ALREADY_OFF,offer already on DEFAULT
2026-08-18T08:43:58+00:00,IT,TURKEY-20GB-30D,B0FRCYMWCX,fbm0,ALREADY_OFF,offer already on DEFAULT
2026-08-18T08:43:59+00:00,IT,UGANDA-3GB-15D,B0FRB7F7Z9,fbm0,ALREADY_OFF,offer already on DEFAULT
2026-08-18T08:44:00+00:00,IT,UKRAINE-3GB-15D,B0FRB9SBFR,fbm0,ALREADY_OFF,offer already on DEFAULT
2026-08-18T08:44:01+00:00,IT,UKRAINE-5GB-30D,B0FRC2NRKG,fbm0,ALREADY_OFF,offer already on DEFAULT
2026-08-18T08:44:03+00:00,IT,UNITED-ARAB-EMIRATES-3GB-15D,B0FRBBYBGH,fbm0,ALREADY_OFF,offer already on DEFAULT
2026-08-18T08:44:04+00:00,IT,UNITED-ARAB-EMIRATES-5GB-30D,B0FRB89XHX,fbm0,ALREADY_OFF,offer already on DEFAULT
2026-08-18T08:44:05+00:00,IT,UNITED-ARAB-EMIRATES-20GB-30D,B0FRB7TFJR,fbm0,ALREADY_OFF,offer already on DEFAULT
2026-08-18T08:44:06+00:00,IT,UNITED-KINGDOM-3GB-15D,B0FRCPD8TS,fbm0,ALREADY_OFF,offer already on DEFAULT
2026-08-18T08:44:08+00:00,IT,UNITED-KINGDOM-5GB-30D,B0FRDDRGJF,fbm0,ALREADY_OFF,offer already on DEFAULT
2026-08-18T08:44:09+00:00,IT,UNITED-KINGDOM-20GB-30D,B0FRDGCBTN,fbm0,ALREADY_OFF,offer already on DEFAULT
2026-08-18T08:44:10+00:00,IT,UNITED-STATES-3GB-15D,B0FRCFXK3V,fbm0,ALREADY_OFF,offer already on DEFAULT
2026-08-18T08:44:11+00:00,IT,UNITED-STATES-5GB-30D,B0FRC2PQ8H,fbm0,ALREADY_OFF,offer already on DEFAULT
2026-08-18T08:44:12+00:00,IT,URUGUAY-3GB-15D,B0FRB7LHGN,fbm0,ALREADY_OFF,offer already on DEFAULT
2026-08-18T08:44:14+00:00,IT,UZBEKISTAN-5GB-30D,B0FRBWFZ6M,fbm0,ALREADY_OFF,offer already on DEFAULT
2026-08-18T08:44:15+00:00,IT,VIETNAM-3GB-15D,B0FRBR2DHW,fbm0,ALREADY_OFF,offer already on DEFAULT
2026-08-18T08:44:16+00:00,IT,VIETNAM-5GB-30D,B0FRCBXRGV,fbm0,ALREADY_OFF,offer already on DEFAULT
2026-08-18T08:44:17+00:00,IT,VIETNAM-20GB-30D,B0FRC2NKC4,fbm0,ALREADY_OFF,offer already on DEFAULT
2026-08-18T08:44:19+00:00,IT,ZAMBIA-5GB-30D,B0FRCL97L4,fbm0,ALREADY_OFF,offer already on DEFAULT
2026-08-18T08:44:20+00:00,IT,GAMBIA-3GB-15D,B0H2FTMBBQ,fbm0,ALREADY_OFF,offer already on DEFAULT
2026-08-18T08:44:21+00:00,IT,GAMBIA-5GB-30D,B0H2FQ3QJ9,fbm0,ALREADY_OFF,offer already on DEFAULT
2026-08-18T08:44:22+00:00,IT,MAURITIUS-5GB-30D,B0H2G2XMS3,fbm0,ALREADY_OFF,offer already on DEFAULT
2026-08-18T08:44:24+00:00,IT,AE_20_30,B0FRB7TFJR,fbm0,ALREADY_OFF,offer already on DEFAULT
2026-08-18T08:44:25+00:00,IT,AE_3_15,B0FRBBYBGH,fbm0,ALREADY_OFF,offer already on DEFAULT
2026-08-18T08:44:26+00:00,IT,AE_5_30,B0FRB89XHX,fbm0,ALREADY_OFF,offer already on DEFAULT
2026-08-18T08:44:28+00:00,IT,AF-29_5_30,B0FR3GK9Z7,fbm0,ALREADY_OFF,offer already on DEFAULT
2026-08-18T08:44:29+00:00,IT,AL_5_30,B0FR4ZG3Z6,fbm0,ALREADY_OFF,offer already on DEFAULT
2026-08-18T08:44:30+00:00,IT,AM_20_30,B0FR4ZT5XT,fbm0,ALREADY_OFF,offer already on DEFAULT
2026-08-18T08:44:31+00:00,IT,AM_3_15,B0FR5BK9R4,fbm0,ALREADY_OFF,offer already on DEFAULT
2026-08-18T08:44:32+00:00,IT,AR_20_30,B0FR5DCH33,fbm0,ALREADY_OFF,offer already on DEFAULT
2026-08-18T08:44:34+00:00,IT,AR_3_15,B0FR554SXN,fbm0,ALREADY_OFF,offer already on DEFAULT
2026-08-18T08:44:35+00:00,IT,AS-20_3_15,B0FR9FZ4RF,fbm0,ALREADY_OFF,offer already on DEFAULT
2026-08-18T08:44:36+00:00,IT,AS-20_5_30,B0FR9BQNSV,fbm0,ALREADY_OFF,offer already on DEFAULT
2026-08-18T08:44:37+00:00,IT,AT_20_30,B0FR8XBSBP,fbm0,ALREADY_OFF,offer already on DEFAULT
2026-08-18T08:44:38+00:00,IT,AT_3_15,B0FR9QSMSP,fbm0,ALREADY_OFF,offer already on DEFAULT
2026-08-18T08:44:39+00:00,IT,AT_5_30,B0FR8XCH78,fbm0,ALREADY_OFF,offer already on DEFAULT
2026-08-18T08:44:41+00:00,IT,AU_20_30,B0FR9G1ZQJ,fbm0,ALREADY_OFF,offer already on DEFAULT
2026-08-18T08:44:42+00:00,IT,AU_3_15,B0FR9SKY4D,fbm0,ALREADY_OFF,offer already on DEFAULT
2026-08-18T08:44:43+00:00,IT,AU_5_30,B0FR9JRB62,fbm0,ALREADY_OFF,offer already on DEFAULT
2026-08-18T08:44:45+00:00,IT,AX_20_30,B0FR39Q1KJ,fbm0,ALREADY_OFF,offer already on DEFAULT
2026-08-18T08:44:46+00:00,IT,AX_3_15,B0FR3CCSMB,fbm0,ALREADY_OFF,offer already on DEFAULT
2026-08-18T08:44:47+00:00,IT,AX_5_30,B0FR3G6JWB,fbm0,ALREADY_OFF,offer already on DEFAULT
2026-08-18T08:44:49+00:00,IT,AZ_3_15,B0FR9BTC98,fbm0,ALREADY_OFF,offer already on DEFAULT
2026-08-18T08:44:50+00:00,IT,BA_3_15,B0FR9G8ZVK,fbm0,ALREADY_OFF,offer already on DEFAULT
2026-08-18T08:44:51+00:00,IT,BD_20_30,B0FR8FJ3HJ,fbm0,ALREADY_OFF,offer already on DEFAULT
2026-08-18T08:44:52+00:00,IT,BD_3_15,B0FR9L7SG3,fbm0,ALREADY_OFF,offer already on DEFAULT
2026-08-18T08:44:54+00:00,IT,BD_5_30,B0FR9BQFCM,fbm0,ALREADY_OFF,offer already on DEFAULT
2026-08-18T08:44:55+00:00,IT,BE_20_30,B0FR9BVRCH,fbm0,ALREADY_OFF,offer already on DEFAULT
2026-08-18T08:44:56+00:00,IT,BE_3_15,B0FR9G432K,fbm0,ALREADY_OFF,offer already on DEFAULT
2026-08-18T08:44:57+00:00,IT,BE_5_30,B0FR9SXCW6,fbm0,ALREADY_OFF,offer already on DEFAULT
2026-08-18T08:44:59+00:00,IT,BF_3_15,B0FR9HWFSK,fbm0,ALREADY_OFF,offer already on DEFAULT
2026-08-18T08:45:00+00:00,IT,BF_5_30,B0FR9BWKSY,fbm0,ALREADY_OFF,offer already on DEFAULT
2026-08-18T08:45:01+00:00,IT,BH_3_15,B0FR9K64KF,fbm0,ALREADY_OFF,offer already on DEFAULT
2026-08-18T08:45:02+00:00,IT,BN_20_30,B0FR9F971C,fbm0,ALREADY_OFF,offer already on DEFAULT
2026-08-18T08:45:03+00:00,IT,BN_3_15,B0FR9KTJND,fbm0,ALREADY_OFF,offer already on DEFAULT
2026-08-18T08:45:05+00:00,IT,BO_20_30,B0FR9RH588,fbm0,ALREADY_OFF,offer already on DEFAULT
2026-08-18T08:45:06+00:00,IT,BO_3_15,B0FR8FKPKH,fbm0,ALREADY_OFF,offer already on DEFAULT
2026-08-18T08:45:07+00:00,IT,BR_20_30,B0FR9KLZCR,fbm0,ALREADY_OFF,offer already on DEFAULT
2026-08-18T08:45:08+00:00,IT,BR_3_15,B0FR9G5LKV,fbm0,ALREADY_OFF,offer already on DEFAULT
2026-08-18T08:45:10+00:00,IT,BW_3_15,B0FR9G7N2Q,fbm0,ALREADY_OFF,offer already on DEFAULT
2026-08-18T08:45:11+00:00,IT,BY_3_15,B0FR9G3Z82,fbm0,ALREADY_OFF,offer already on DEFAULT
2026-08-18T08:45:12+00:00,IT,BY_5_30,B0FR8FFT4D,fbm0,ALREADY_OFF,offer already on DEFAULT
2026-08-18T08:45:13+00:00,IT,CA_20_30,B0FR9BY42D,fbm0,ALREADY_OFF,offer already on DEFAULT
2026-08-18T08:45:14+00:00,IT,CA_3_15,B0FR9RZLF3,fbm0,ALREADY_OFF,offer already on DEFAULT
2026-08-18T08:45:16+00:00,IT,CA_5_30,B0FR9SYCBK,fbm0,ALREADY_OFF,offer already on DEFAULT
2026-08-18T08:45:17+00:00,IT,CF_3_15,B0FR9RK8FP,fbm0,ALREADY_OFF,offer already on DEFAULT
2026-08-18T08:45:18+00:00,IT,CF_5_30,B0FR9R3NMC,fbm0,ALREADY_OFF,offer already on DEFAULT
2026-08-18T08:45:20+00:00,IT,CH_20_30,B0FRB6VY7S,fbm0,ALREADY_OFF,offer already on DEFAULT
2026-08-18T08:45:21+00:00,IT,CH_3_15,B0FRB5LFVC,fbm0,ALREADY_OFF,offer already on DEFAULT
2026-08-18T08:45:22+00:00,IT,CH_5_30,B0FRB7G4VW,fbm0,ALREADY_OFF,offer already on DEFAULT
2026-08-18T08:45:24+00:00,IT,CI_3_15,B0FR9HW9DJ,fbm0,ALREADY_OFF,offer already on DEFAULT
2026-08-18T08:45:25+00:00,IT,CI_5_30,B0FR9V5LYJ,fbm0,ALREADY_OFF,offer already on DEFAULT
2026-08-18T08:45:26+00:00,IT,CL_3_15,B0FR9RY1RT,fbm0,ALREADY_OFF,offer already on DEFAULT
2026-08-18T08:45:27+00:00,IT,CM_3_15,B0FR9VJ1ZB,fbm0,ALREADY_OFF,offer already on DEFAULT
2026-08-18T08:45:28+00:00,IT,CN_20_30,B0FR9GD6X9,fbm0,ALREADY_OFF,offer already on DEFAULT
2026-08-18T08:45:30+00:00,IT,CN_3_15,B0FR9QZ578,fbm0,ALREADY_OFF,offer already on DEFAULT
2026-08-18T08:45:31+00:00,IT,CN_5_30,B0FR9HX7XH,fbm0,ALREADY_OFF,offer already on DEFAULT
2026-08-18T08:45:32+00:00,IT,CO_3_15,B0FR9RL8W5,fbm0,ALREADY_OFF,offer already on DEFAULT
2026-08-18T08:45:34+00:00,IT,CR_3_15,B0FR9LNRMN,fbm0,ALREADY_OFF,offer already on DEFAULT
2026-08-18T08:45:35+00:00,IT,CY_3_15,B0FR8XJWWG,fbm0,ALREADY_OFF,offer already on DEFAULT
2026-08-18T08:45:37+00:00,IT,CY_5_30,B0FR8XHWZV,fbm0,ALREADY_OFF,offer already on DEFAULT
2026-08-18T08:45:38+00:00,IT,CZ_20_30,B0FR9SVN9H,fbm0,ALREADY_OFF,offer already on DEFAULT
2026-08-18T08:45:39+00:00,IT,CZ_5_30,B0FR9BY2LF,fbm0,ALREADY_OFF,offer already on DEFAULT
2026-08-18T08:45:41+00:00,IT,DE_20_30,B0GSZP9H94,fbm0,ALREADY_OFF,offer already on DEFAULT
2026-08-18T08:45:42+00:00,IT,DE_3_15,B0GSZBMLKV,fbm0,ALREADY_OFF,offer already on DEFAULT
2026-08-18T08:45:44+00:00,IT,DE_5_30,B0GSZDYWLZ,fbm0,ALREADY_OFF,offer already on DEFAULT
2026-08-18T08:45:46+00:00,IT,DK_20_30,B0FR9QPF45,fbm0,ALREADY_OFF,offer already on DEFAULT
2026-08-18T08:45:47+00:00,IT,DK_3_15,B0FR9GSNP4,fbm0,ALREADY_OFF,offer already on DEFAULT
2026-08-18T08:45:48+00:00,IT,DK_5_30,B0FR8XQYR4,fbm0,ALREADY_OFF,offer already on DEFAULT
2026-08-18T08:45:50+00:00,IT,DO_20_30,B0FR9C6DJF,fbm0,ALREADY_OFF,offer already on DEFAULT
2026-08-18T08:45:51+00:00,IT,DO_3_15,B0FR9GSKZF,fbm0,ALREADY_OFF,offer already on DEFAULT
2026-08-18T08:45:53+00:00,IT,DO_5_30,B0FR9GQKCM,fbm0,ALREADY_OFF,offer already on DEFAULT
2026-08-18T08:45:54+00:00,IT,EC_3_15,B0FR9RM6MP,fbm0,ALREADY_OFF,offer already on DEFAULT
2026-08-18T08:45:56+00:00,IT,EE_20_30,B0FR9L527N,fbm0,ALREADY_OFF,offer already on DEFAULT
2026-08-18T08:45:57+00:00,IT,EE_3_15,B0FR9GST1S,fbm0,ALREADY_OFF,offer already on DEFAULT
2026-08-18T08:45:58+00:00,IT,EE_5_30,B0FR9GQYKB,fbm0,ALREADY_OFF,offer already on DEFAULT
2026-08-18T08:45:59+00:00,IT,EG_20_30,B0FR9GQBGL,fbm0,ALREADY_OFF,offer already on DEFAULT
2026-08-18T08:46:01+00:00,IT,EG_3_15,B0FR9C784N,fbm0,ALREADY_OFF,offer already on DEFAULT
2026-08-18T08:46:02+00:00,IT,EG_3_30,B0FR9GNL93,fbm0,ALREADY_OFF,offer already on DEFAULT
2026-08-18T08:46:03+00:00,IT,EG_5_30,B0FR9LR5KJ,fbm0,ALREADY_OFF,offer already on DEFAULT
2026-08-18T08:46:04+00:00,IT,ES_20_30,B0FRCMPGPL,fbm0,ALREADY_OFF,offer already on DEFAULT
2026-08-18T08:46:06+00:00,IT,ES_3_15,B0FRCDHTZ7,fbm0,ALREADY_OFF,offer already on DEFAULT
2026-08-18T08:46:07+00:00,IT,ES_5_30,B0FRBQCLZN,fbm0,ALREADY_OFF,offer already on DEFAULT
2026-08-18T08:46:08+00:00,IT,EU-42_20_30,B0FR9TNPV3,fbm0,ALREADY_OFF,offer already on DEFAULT
2026-08-18T08:46:09+00:00,IT,EU-42_5_30,B0FR9RYSSS,fbm0,ALREADY_OFF,offer already on DEFAULT
2026-08-18T08:46:11+00:00,IT,FI_3_15,B0FR9GSND6,fbm0,ALREADY_OFF,offer already on DEFAULT
2026-08-18T08:46:12+00:00,IT,FI_5_30,B0FR9SB3BJ,fbm0,ALREADY_OFF,offer already on DEFAULT
2026-08-18T08:46:13+00:00,IT,FR_20_30,B0FR9GPMC5,fbm0,ALREADY_OFF,offer already on DEFAULT
2026-08-18T08:46:15+00:00,IT,FR_3_15,B0FR9C5ZB6,fbm0,ALREADY_OFF,offer already on DEFAULT
2026-08-18T08:46:16+00:00,IT,FR_5_30,B0FR9LMDW5,fbm0,ALREADY_OFF,offer already on DEFAULT
2026-08-18T08:46:17+00:00,IT,GA_3_15,B0FR9GPX9T,fbm0,ALREADY_OFF,offer already on DEFAULT
2026-08-18T08:46:19+00:00,IT,GB_20_30,B0FRDGCBTN,fbm0,ALREADY_OFF,offer already on DEFAULT
2026-08-18T08:46:20+00:00,IT,GB_3_15,B0FRCPD8TS,fbm0,ALREADY_OFF,offer already on DEFAULT
2026-08-18T08:46:22+00:00,IT,GB_5_30,B0FRDDRGJF,fbm0,ALREADY_OFF,offer already on DEFAULT
2026-08-18T08:46:23+00:00,IT,GE_20_30,B0FR9C73NK,fbm0,ALREADY_OFF,offer already on DEFAULT
2026-08-18T08:46:24+00:00,IT,GE_3_15,B0FR9KMX2N,fbm0,ALREADY_OFF,offer already on DEFAULT
2026-08-18T08:46:26+00:00,IT,GG_20_30,B0FR9LYWWY,fbm0,ALREADY_OFF,offer already on DEFAULT
2026-08-18T08:46:27+00:00,IT,GG_3_15,B0FR9SMWDN,fbm0,ALREADY_OFF,offer already on DEFAULT
2026-08-18T08:46:28+00:00,IT,GG_5_30,B0FR9C5PXR,fbm0,ALREADY_OFF,offer already on DEFAULT
2026-08-18T08:46:30+00:00,IT,GI_3_15,B0FR8XSPMC,fbm0,ALREADY_OFF,offer already on DEFAULT
2026-08-18T08:46:31+00:00,IT,GL-139_5_30,B0FR9VNTLY,fbm0,ALREADY_OFF,offer already on DEFAULT
2026-08-18T08:46:32+00:00,IT,GP_20_30,B0FR8XTBF6,fbm0,ALREADY_OFF,offer already on DEFAULT
2026-08-18T08:46:33+00:00,IT,GP_3_15,B0FR9TMVWK,fbm0,ALREADY_OFF,offer already on DEFAULT
2026-08-18T08:46:35+00:00,IT,GR_20_30,B0FR9KJGBG,fbm0,ALREADY_OFF,offer already on DEFAULT
2026-08-18T08:46:36+00:00,IT,GR_3_15,B0FR9L85F6,fbm0,ALREADY_OFF,offer already on DEFAULT
2026-08-18T08:46:37+00:00,IT,GR_5_30,B0FR9C7SMF,fbm0,ALREADY_OFF,offer already on DEFAULT
2026-08-18T08:46:39+00:00,IT,GT_3_15,B0FR9VC6VD,fbm0,ALREADY_OFF,offer already on DEFAULT
2026-08-18T08:46:40+00:00,IT,GU_20_30,B0FR9C7MGP,fbm0,ALREADY_OFF,offer already on DEFAULT
2026-08-18T08:46:41+00:00,IT,GU_3_15,B0FR9GVSSF,fbm0,ALREADY_OFF,offer already on DEFAULT
2026-08-18T08:46:43+00:00,IT,GU_5_30,B0FR9SVP8Y,fbm0,ALREADY_OFF,offer already on DEFAULT
2026-08-18T08:46:44+00:00,IT,HK_20_30,B0FR9GXZ6F,fbm0,ALREADY_OFF,offer already on DEFAULT
2026-08-18T08:46:45+00:00,IT,HK_3_15,B0FR9CC6Q8,fbm0,ALREADY_OFF,offer already on DEFAULT
2026-08-18T08:46:46+00:00,IT,HK_5_30,B0FR9GXYYL,fbm0,ALREADY_OFF,offer already on DEFAULT
2026-08-18T08:46:48+00:00,IT,HN_3_15,B0FR9ZYV5G,fbm0,ALREADY_OFF,offer already on DEFAULT
2026-08-18T08:46:49+00:00,IT,HR_20_30,B0FR9TYCSL,fbm0,ALREADY_OFF,offer already on DEFAULT
2026-08-18T08:46:50+00:00,IT,HR_3_15,B0FR9GDKT1,fbm0,ALREADY_OFF,offer already on DEFAULT
2026-08-18T08:46:52+00:00,IT,HR_5_30,B0FR9BVV58,fbm0,ALREADY_OFF,offer already on DEFAULT
2026-08-18T08:46:53+00:00,IT,HU_20_30,B0FR9ZVYYQ,fbm0,ALREADY_OFF,offer already on DEFAULT
2026-08-18T08:46:55+00:00,IT,HU_3_15,B0FR9C9JVW,fbm0,ALREADY_OFF,offer already on DEFAULT
2026-08-18T08:46:56+00:00,IT,HU_5_30,B0FR9GY3R5,fbm0,ALREADY_OFF,offer already on DEFAULT
2026-08-18T08:46:57+00:00,IT,ID_20_30,B0FR9QXRDQ,fbm0,ALREADY_OFF,offer already on DEFAULT
2026-08-18T08:46:59+00:00,IT,ID_3_15,B0FR9T6QPZ,fbm0,ALREADY_OFF,offer already on DEFAULT
2026-08-18T08:47:00+00:00,IT,ID_5_30,B0FR8XW5DR,fbm0,ALREADY_OFF,offer already on DEFAULT
2026-08-18T08:47:01+00:00,IT,IE_20_30,B0FR9SZG2Z,fbm0,ALREADY_OFF,offer already on DEFAULT
2026-08-18T08:47:02+00:00,IT,IE_3_15,B0FR8XV57F,fbm0,ALREADY_OFF,offer already on DEFAULT
2026-08-18T08:47:03+00:00,IT,IE_5_30,B0FR9GYKQL,fbm0,ALREADY_OFF,offer already on DEFAULT
2026-08-18T08:47:05+00:00,IT,IL_20_30,B0FR9K8SQ1,fbm0,ALREADY_OFF,offer already on DEFAULT
2026-08-18T08:47:06+00:00,IT,IL_3_15,B0FR9M11H1,fbm0,ALREADY_OFF,offer already on DEFAULT
2026-08-18T08:47:07+00:00,IT,IL_5_30,B0FR8XVZZM,fbm0,ALREADY_OFF,offer already on DEFAULT
2026-08-18T08:47:08+00:00,IT,IM_20_30,B0FR9CB5LK,fbm0,ALREADY_OFF,offer already on DEFAULT
2026-08-18T08:47:10+00:00,IT,IM_3_15,B0FR9LZ7RL,fbm0,ALREADY_OFF,offer already on DEFAULT
2026-08-18T08:47:11+00:00,IT,IM_5_30,B0FR9M27XY,fbm0,ALREADY_OFF,offer already on DEFAULT
2026-08-18T08:47:13+00:00,IT,IN_20_30,B0FR9DYMHX,fbm0,ALREADY_OFF,offer already on DEFAULT
2026-08-18T08:47:14+00:00,IT,IN_3_15,B0FR9ZM116,fbm0,ALREADY_OFF,offer already on DEFAULT
2026-08-18T08:47:15+00:00,IT,IN_5_30,B0FR9GXWN9,fbm0,ALREADY_OFF,offer already on DEFAULT
2026-08-18T08:47:16+00:00,IT,IS_20_30,B0FR9GX6LF,fbm0,ALREADY_OFF,offer already on DEFAULT
2026-08-18T08:47:18+00:00,IT,IS_3_15,B0FR9TBBK1,fbm0,ALREADY_OFF,offer already on DEFAULT
2026-08-18T08:47:19+00:00,IT,IS_5_30,B0FR9ZWQBD,fbm0,ALREADY_OFF,offer already on DEFAULT
2026-08-18T08:47:20+00:00,IT,IT_20_30,B0FR9RNZV2,fbm0,ALREADY_OFF,offer already on DEFAULT
2026-08-18T08:47:22+00:00,IT,IT_3_15,B0FR9GXZ18,fbm0,ALREADY_OFF,offer already on DEFAULT
2026-08-18T08:47:23+00:00,IT,IT_5_30,B0FR9ZR2TH,fbm0,ALREADY_OFF,offer already on DEFAULT
2026-08-18T08:47:24+00:00,IT,JE_20_30,B0FR9CBQDH,fbm0,ALREADY_OFF,offer already on DEFAULT
2026-08-18T08:47:25+00:00,IT,JE_3_15,B0FR9GYMR5,fbm0,ALREADY_OFF,offer already on DEFAULT
2026-08-18T08:47:27+00:00,IT,JE_5_30,B0FR9M27GP,fbm0,ALREADY_OFF,offer already on DEFAULT
2026-08-18T08:47:28+00:00,IT,JO_20_30,B0FR9ST188,fbm0,ALREADY_OFF,offer already on DEFAULT
2026-08-18T08:47:29+00:00,IT,JO_3_15,B0FR9M144Z,fbm0,ALREADY_OFF,offer already on DEFAULT
2026-08-18T08:47:31+00:00,IT,JO_5_30,B0FR9ZTZNK,fbm0,ALREADY_OFF,offer already on DEFAULT
2026-08-18T08:47:32+00:00,IT,JP_20_30,B0FR9RZKRB,fbm0,ALREADY_OFF,offer already on DEFAULT
2026-08-18T08:47:33+00:00,IT,JP_3_15,B0FR9LVZVQ,fbm0,ALREADY_OFF,offer already on DEFAULT
2026-08-18T08:47:35+00:00,IT,JP_5_30,B0FR9TLXXH,fbm0,ALREADY_OFF,offer already on DEFAULT
2026-08-18T08:47:36+00:00,IT,KE_3_15,B0FR9GZ14G,fbm0,ALREADY_OFF,offer already on DEFAULT
2026-08-18T08:47:37+00:00,IT,KE_5_30,B0FR9T4DG6,fbm0,ALREADY_OFF,offer already on DEFAULT
2026-08-18T08:47:39+00:00,IT,KG_20_30,B0FR8XXBHM,fbm0,ALREADY_OFF,offer already on DEFAULT
2026-08-18T08:47:40+00:00,IT,KG_3_15,B0FR9TVF4R,fbm0,ALREADY_OFF,offer already on DEFAULT
2026-08-18T08:47:41+00:00,IT,KH_20_30,B0FR9GFJPL,fbm0,ALREADY_OFF,offer already on DEFAULT
2026-08-18T08:47:43+00:00,IT,KH_3_15,B0FR8XKMJ4,fbm0,ALREADY_OFF,offer already on DEFAULT
2026-08-18T08:47:44+00:00,IT,KR_20_30,B0FRC4P51Z,fbm0,ALREADY_OFF,offer already on DEFAULT
2026-08-18T08:47:45+00:00,IT,KR_3_15,B0FRC4RTDF,fbm0,ALREADY_OFF,offer already on DEFAULT
2026-08-18T08:47:47+00:00,IT,KR_5_30,B0FRD9LC4C,fbm0,ALREADY_OFF,offer already on DEFAULT
2026-08-18T08:47:48+00:00,IT,KW_20_30,B0FR9KBF4P,fbm0,ALREADY_OFF,offer already on DEFAULT
2026-08-18T08:47:49+00:00,IT,KW_3_15,B0FR9LZJ3X,fbm0,ALREADY_OFF,offer already on DEFAULT
2026-08-18T08:47:51+00:00,IT,KW_5_30,B0FR9M2TXP,fbm0,ALREADY_OFF,offer already on DEFAULT
2026-08-18T08:47:52+00:00,IT,KZ_20_30,B0FR9TLNNW,fbm0,ALREADY_OFF,offer already on DEFAULT
2026-08-18T08:47:54+00:00,IT,KZ_3_15,B0FR9T4DG2,fbm0,ALREADY_OFF,offer already on DEFAULT
2026-08-18T08:47:55+00:00,IT,KZ_5_30,B0FR9ZMMSH,fbm0,ALREADY_OFF,offer already on DEFAULT
2026-08-18T08:47:56+00:00,IT,LI_3_15,B0FR9S35ZH,fbm0,ALREADY_OFF,offer already on DEFAULT
2026-08-18T08:47:57+00:00,IT,LK_20_30,B0FRC2DZN5,fbm0,ALREADY_OFF,offer already on DEFAULT
2026-08-18T08:47:59+00:00,IT,LK_3_15,B0FRB7Z1NW,fbm0,ALREADY_OFF,offer already on DEFAULT
2026-08-18T08:48:00+00:00,IT,LK_5_30,B0FRB64B8M,fbm0,ALREADY_OFF,offer already on DEFAULT
2026-08-18T08:48:01+00:00,IT,LR_3_15,B0FR9H18JQ,fbm0,ALREADY_OFF,offer already on DEFAULT
2026-08-18T08:48:03+00:00,IT,LR_5_30,B0FR9SJ1YH,fbm0,ALREADY_OFF,offer already on DEFAULT
2026-08-18T08:48:04+00:00,IT,LT_20_30,B0FR9TQN8N,fbm0,ALREADY_OFF,offer already on DEFAULT
2026-08-18T08:48:06+00:00,IT,LT_3_15,B0FR9KS3P4,fbm0,ALREADY_OFF,offer already on DEFAULT
2026-08-18T08:48:07+00:00,IT,LT_5_30,B0FR9R598C,fbm0,ALREADY_OFF,offer already on DEFAULT
2026-08-18T08:48:08+00:00,IT,LU_20_30,B0FR8XXXZB,fbm0,ALREADY_OFF,offer already on DEFAULT
2026-08-18T08:48:10+00:00,IT,LU_3_15,B0FR9SHRKM,fbm0,ALREADY_OFF,offer already on DEFAULT
2026-08-18T08:48:11+00:00,IT,LU_5_30,B0FR9SB862,fbm0,ALREADY_OFF,offer already on DEFAULT
2026-08-18T08:48:13+00:00,IT,LV_20_30,B0FR9SWN6V,fbm0,ALREADY_OFF,offer already on DEFAULT
2026-08-18T08:48:14+00:00,IT,LV_3_15,B0FR9VM4K6,fbm0,ALREADY_OFF,offer already on DEFAULT
2026-08-18T08:48:15+00:00,IT,LV_5_30,B0FR9TR99S,fbm0,ALREADY_OFF,offer already on DEFAULT
2026-08-18T08:48:17+00:00,IT,MA_20_30,B0FR9M57DY,fbm0,ALREADY_OFF,offer already on DEFAULT
2026-08-18T08:48:18+00:00,IT,MA_3_15,B0FR9CFZQR,fbm0,ALREADY_OFF,offer already on DEFAULT
2026-08-18T08:48:19+00:00,IT,MA_5_30,B0FR9CDDQ8,fbm0,ALREADY_OFF,offer already on DEFAULT
2026-08-18T08:48:20+00:00,IT,MC_3_15,B0FR9ZS6GM,fbm0,ALREADY_OFF,offer already on DEFAULT
2026-08-18T08:48:22+00:00,IT,MC_5_30,B0FR9H1H4M,fbm0,ALREADY_OFF,offer already on DEFAULT
2026-08-18T08:48:23+00:00,IT,MD_3_15,B0FR9CFQYY,fbm0,ALREADY_OFF,offer already on DEFAULT
2026-08-18T08:48:24+00:00,IT,ME-13_5_30,B0FR9SYKP6,fbm0,ALREADY_OFF,offer already on DEFAULT
2026-08-18T08:48:26+00:00,IT,ME_3_15,B0FR9R5HR7,fbm0,ALREADY_OFF,offer already on DEFAULT
2026-08-18T08:48:27+00:00,IT,MG_3_15,B0FR9H2NS1,fbm0,ALREADY_OFF,offer already on DEFAULT
2026-08-18T08:48:28+00:00,IT,MK_3_15,B0FRB59DJS,fbm0,ALREADY_OFF,offer already on DEFAULT
2026-08-18T08:48:30+00:00,IT,MK_5_30,B0FR9WNHHX,fbm0,ALREADY_OFF,offer already on DEFAULT
2026-08-18T08:48:31+00:00,IT,ML_3_15,B0FR9TRDSY,fbm0,ALREADY_OFF,offer already on DEFAULT
2026-08-18T08:48:32+00:00,IT,MN_3_15,B0FR9LSYTX,fbm0,ALREADY_OFF,offer already on DEFAULT
2026-08-18T08:48:33+00:00,IT,MO_20_30,B0FR9CDBN2,fbm0,ALREADY_OFF,offer already on DEFAULT
2026-08-18T08:48:35+00:00,IT,MO_3_15,B0FR9M485M,fbm0,ALREADY_OFF,offer already on DEFAULT
2026-08-18T08:48:36+00:00,IT,MO_5_30,B0FR9L9624,fbm0,ALREADY_OFF,offer already on DEFAULT
2026-08-18T08:48:38+00:00,IT,MT_20_30,B0FR9VL1Q9,fbm0,ALREADY_OFF,offer already on DEFAULT
2026-08-18T08:48:39+00:00,IT,MT_3_15,B0FR9M3PNR,fbm0,ALREADY_OFF,offer already on DEFAULT
2026-08-18T08:48:40+00:00,IT,MT_5_30,B0FR9ZSMTC,fbm0,ALREADY_OFF,offer already on DEFAULT
2026-08-18T08:48:42+00:00,IT,MW_3_15,B0FR9H3JDK,fbm0,ALREADY_OFF,offer already on DEFAULT
2026-08-18T08:48:43+00:00,IT,MW_5_30,B0FR9GXY24,fbm0,ALREADY_OFF,offer already on DEFAULT
2026-08-18T08:48:45+00:00,IT,MX_20_30,B0FR9VDSJX,fbm0,ALREADY_OFF,offer already on DEFAULT
2026-08-18T08:48:46+00:00,IT,MX_3_15,B0FR9SZSTG,fbm0,ALREADY_OFF,offer already on DEFAULT
2026-08-18T08:48:47+00:00,IT,MX_5_30,B0FR9H2K1C,fbm0,ALREADY_OFF,offer already on DEFAULT
2026-08-18T08:48:48+00:00,IT,MY_20_30,B0FR9VMWYD,fbm0,ALREADY_OFF,offer already on DEFAULT
2026-08-18T08:48:50+00:00,IT,MY_3_15,B0FR9H1Q65,fbm0,ALREADY_OFF,offer already on DEFAULT
2026-08-18T08:48:51+00:00,IT,MY_5_30,B0FR9LDGX8,fbm0,ALREADY_OFF,offer already on DEFAULT
2026-08-18T08:48:52+00:00,IT,MZ_20_30,B0FR9CFLS7,fbm0,ALREADY_OFF,offer already on DEFAULT
2026-08-18T08:48:54+00:00,IT,MZ_3_15,B0FRB1M6HK,fbm0,ALREADY_OFF,offer already on DEFAULT
2026-08-18T08:48:55+00:00,IT,NA-3_5_30,B0FRBDQ8H5,fbm0,ALREADY_OFF,offer already on DEFAULT
2026-08-18T08:48:56+00:00,IT,NE_3_15,B0FR9NPT1H,fbm0,ALREADY_OFF,offer already on DEFAULT
2026-08-18T08:48:57+00:00,IT,NG_3_15,B0FR9X17QY,fbm0,ALREADY_OFF,offer already on DEFAULT
2026-08-18T08:48:59+00:00,IT,NI_3_15,B0FRB33MPG,fbm0,ALREADY_OFF,offer already on DEFAULT
2026-08-18T08:49:00+00:00,IT,NL_20_30,B0FR9NG7LB,fbm0,ALREADY_OFF,offer already on DEFAULT
2026-08-18T08:49:01+00:00,IT,NL_3_15,B0FRB5GNM2,fbm0,ALREADY_OFF,offer already on DEFAULT
2026-08-18T08:49:03+00:00,IT,NL_5_30,B0FR9NHP7Q,fbm0,ALREADY_OFF,offer already on DEFAULT
2026-08-18T08:49:04+00:00,IT,NO_20_30,B0FRB572L8,fbm0,ALREADY_OFF,offer already on DEFAULT
2026-08-18T08:49:05+00:00,IT,NO_3_15,B0FR9WNK2H,fbm0,ALREADY_OFF,offer already on DEFAULT
2026-08-18T08:49:07+00:00,IT,NO_5_30,B0FRBNPZ9D,fbm0,ALREADY_OFF,offer already on DEFAULT
2026-08-18T08:49:08+00:00,IT,NP_3_15,B0FRB1TD7L,fbm0,ALREADY_OFF,offer already on DEFAULT
2026-08-18T08:49:09+00:00,IT,NZ_20_30,B0FRB1TWT8,fbm0,ALREADY_OFF,offer already on DEFAULT
2026-08-18T08:49:11+00:00,IT,NZ_3_15,B0FR9NKXF5,fbm0,ALREADY_OFF,offer already on DEFAULT
2026-08-18T08:49:12+00:00,IT,NZ_5_30,B0FR9NHFWQ,fbm0,ALREADY_OFF,offer already on DEFAULT
2026-08-18T08:49:13+00:00,IT,OM_20_30,B0FRB4R3FK,fbm0,ALREADY_OFF,offer already on DEFAULT
2026-08-18T08:49:14+00:00,IT,OM_3_15,B0FRB4BL4W,fbm0,ALREADY_OFF,offer already on DEFAULT
2026-08-18T08:49:16+00:00,IT,PA_3_15,B0FRB3VFW6,fbm0,ALREADY_OFF,offer already on DEFAULT
2026-08-18T08:49:17+00:00,IT,PH_20_30,B0FRB4K2D4,fbm0,ALREADY_OFF,offer already on DEFAULT
2026-08-18T08:49:18+00:00,IT,PH_3_15,B0FRB1GVXK,fbm0,ALREADY_OFF,offer already on DEFAULT
2026-08-18T08:49:19+00:00,IT,PH_5_30,B0FRB4VCKG,fbm0,ALREADY_OFF,offer already on DEFAULT
2026-08-18T08:49:21+00:00,IT,PK_20_30,B0FRB691X8,fbm0,ALREADY_OFF,offer already on DEFAULT
2026-08-18T08:49:22+00:00,IT,PK_3_15,B0FRB4HL3B,fbm0,ALREADY_OFF,offer already on DEFAULT
2026-08-18T08:49:23+00:00,IT,PK_5_30,B0FRB48QKZ,fbm0,ALREADY_OFF,offer already on DEFAULT
2026-08-18T08:49:24+00:00,IT,PL_20_30,B0FRB5HSK7,fbm0,ALREADY_OFF,offer already on DEFAULT
2026-08-18T08:49:26+00:00,IT,PL_3_15,B0FRB4JVKR,fbm0,ALREADY_OFF,offer already on DEFAULT
2026-08-18T08:49:27+00:00,IT,PL_5_30,B0FRBDPQ9J,fbm0,ALREADY_OFF,offer already on DEFAULT
2026-08-18T08:49:28+00:00,IT,PR_3_15,B0FRB5MSF1,fbm0,ALREADY_OFF,offer already on DEFAULT
2026-08-18T08:49:29+00:00,IT,PR_5_30,B0FR9WMX9V,fbm0,ALREADY_OFF,offer already on DEFAULT
2026-08-18T08:49:31+00:00,IT,PT_20_30,B0FRB354KV,fbm0,ALREADY_OFF,offer already on DEFAULT
2026-08-18T08:49:32+00:00,IT,PT_3_15,B0FRB4314T,fbm0,ALREADY_OFF,offer already on DEFAULT
2026-08-18T08:49:33+00:00,IT,PT_5_30,B0FRB4X799,fbm0,ALREADY_OFF,offer already on DEFAULT
2026-08-18T08:49:34+00:00,IT,PY_3_15,B0FRB3V7CS,fbm0,ALREADY_OFF,offer already on DEFAULT
2026-08-18T08:49:36+00:00,IT,QA_20_30,B0FR9X3QGM,fbm0,ALREADY_OFF,offer already on DEFAULT
2026-08-18T08:49:37+00:00,IT,QA_3_15,B0FR9NXH43,fbm0,ALREADY_OFF,offer already on DEFAULT
2026-08-18T08:49:38+00:00,IT,QA_5_30,B0FR9X5KB1,fbm0,ALREADY_OFF,offer already on DEFAULT
2026-08-18T08:49:40+00:00,IT,RE_3_15,B0FRB3KCNQ,fbm0,ALREADY_OFF,offer already on DEFAULT
2026-08-18T08:49:41+00:00,IT,RE_5_30,B0FRB47TQW,fbm0,ALREADY_OFF,offer already on DEFAULT
2026-08-18T08:49:43+00:00,IT,RS_20_30,B0FRB5K8JC,fbm0,ALREADY_OFF,offer already on DEFAULT
2026-08-18T08:49:44+00:00,IT,RS_3_15,B0FRB5TJV2,fbm0,ALREADY_OFF,offer already on DEFAULT
2026-08-18T08:49:45+00:00,IT,SA-18_5_30,B0FRB8D7HC,fbm0,ALREADY_OFF,offer already on DEFAULT
2026-08-18T08:49:46+00:00,IT,SA_20_30,B0FRB5PZTS,fbm0,ALREADY_OFF,offer already on DEFAULT
2026-08-18T08:49:48+00:00,IT,SA_3_15,B0FRB3N2KL,fbm0,ALREADY_OFF,offer already on DEFAULT
2026-08-18T08:49:49+00:00,IT,SA_5_30,B0FRB1SRZY,fbm0,ALREADY_OFF,offer already on DEFAULT
2026-08-18T08:49:50+00:00,IT,SC_3_15,B0FRB55T3H,fbm0,ALREADY_OFF,offer already on DEFAULT
2026-08-18T08:49:51+00:00,IT,SC_5_30,B0FR9P7N6M,fbm0,ALREADY_OFF,offer already on DEFAULT
2026-08-18T08:49:53+00:00,IT,SD_3_15,B0FRCKTXNQ,fbm0,ALREADY_OFF,offer already on DEFAULT
2026-08-18T08:49:54+00:00,IT,SD_5_30,B0FRC799N3,fbm0,ALREADY_OFF,offer already on DEFAULT
2026-08-18T08:49:55+00:00,IT,SE_20_30,B0FRB7X5SP,fbm0,ALREADY_OFF,offer already on DEFAULT
2026-08-18T08:49:57+00:00,IT,SE_3_15,B0FRCC6W9S,fbm0,ALREADY_OFF,offer already on DEFAULT
2026-08-18T08:49:58+00:00,IT,SE_5_30,B0FRCS524D,fbm0,ALREADY_OFF,offer already on DEFAULT
2026-08-18T08:49:59+00:00,IT,SG_20_30,B0FRB256K8,fbm0,ALREADY_OFF,offer already on DEFAULT
2026-08-18T08:50:01+00:00,IT,SG_3_30,B0FRB3KY59,fbm0,ALREADY_OFF,offer already on DEFAULT
2026-08-18T08:50:02+00:00,IT,SG_5_30,B0FR9X3Y3R,fbm0,ALREADY_OFF,offer already on DEFAULT
2026-08-18T08:50:04+00:00,IT,SI_20_30,B0FR9X15V2,fbm0,ALREADY_OFF,offer already on DEFAULT
2026-08-18T08:50:05+00:00,IT,SI_3_15,B0FR9XCF27,fbm0,ALREADY_OFF,offer already on DEFAULT
2026-08-18T08:50:06+00:00,IT,SI_5_30,B0FRB3SJMR,fbm0,ALREADY_OFF,offer already on DEFAULT
2026-08-18T08:50:08+00:00,IT,SK_20_30,B0FRB14YYC,fbm0,ALREADY_OFF,offer already on DEFAULT
2026-08-18T08:50:09+00:00,IT,SK_3_15,B0FR9XC4BW,fbm0,ALREADY_OFF,offer already on DEFAULT
2026-08-18T08:50:11+00:00,IT,SK_5_30,B0FRB2X84M,fbm0,ALREADY_OFF,offer already on DEFAULT
2026-08-18T08:50:12+00:00,IT,SN_3_15,B0FRB4HX92,fbm0,ALREADY_OFF,offer already on DEFAULT
2026-08-18T08:50:13+00:00,IT,SN_5_30,B0FRB68H77,fbm0,ALREADY_OFF,offer already on DEFAULT
2026-08-18T08:50:15+00:00,IT,SV_3_15,B0FR9LJ7X4,fbm0,ALREADY_OFF,offer already on DEFAULT
2026-08-18T08:50:16+00:00,IT,TD_3_15,B0FR9SG4MK,fbm0,ALREADY_OFF,offer already on DEFAULT
2026-08-18T08:50:18+00:00,IT,TD_5_30,B0FR9L414C,fbm0,ALREADY_OFF,offer already on DEFAULT
2026-08-18T08:50:19+00:00,IT,TH_20_30,B0FRCHW3MW,fbm0,ALREADY_OFF,offer already on DEFAULT
2026-08-18T08:50:20+00:00,IT,TH_3_15,B0FRCDPJSH,fbm0,ALREADY_OFF,offer already on DEFAULT
2026-08-18T08:50:22+00:00,IT,TH_5_30,B0FR9Q5D1J,fbm0,ALREADY_OFF,offer already on DEFAULT
2026-08-18T08:50:23+00:00,IT,TN_10_30,B0FRB85GLD,fbm0,ALREADY_OFF,offer already on DEFAULT
2026-08-18T08:50:25+00:00,IT,TN_3_30,B0FRCKZKVY,fbm0,ALREADY_OFF,offer already on DEFAULT
2026-08-18T08:50:26+00:00,IT,TN_5_30,B0FRB7Q96Z,fbm0,ALREADY_OFF,offer already on DEFAULT
2026-08-18T08:50:27+00:00,IT,TR_20_30,B0FRCYMWCX,fbm0,ALREADY_OFF,offer already on DEFAULT
2026-08-18T08:50:29+00:00,IT,TR_3_15,B0FRC2PSHM,fbm0,ALREADY_OFF,offer already on DEFAULT
2026-08-18T08:50:30+00:00,IT,TR_5_30,B0FRCBZ1BB,fbm0,ALREADY_OFF,offer already on DEFAULT
2026-08-18T08:50:32+00:00,IT,TZ_3_15,B0FRC81NPJ,fbm0,ALREADY_OFF,offer already on DEFAULT
2026-08-18T08:50:33+00:00,IT,UA_3_15,B0FRB9SBFR,fbm0,ALREADY_OFF,offer already on DEFAULT
2026-08-18T08:50:34+00:00,IT,UA_5_30,B0FRC2NRKG,fbm0,ALREADY_OFF,offer already on DEFAULT
2026-08-18T08:50:36+00:00,IT,UG_3_15,B0FRB7F7Z9,fbm0,ALREADY_OFF,offer already on DEFAULT
2026-08-18T08:50:37+00:00,IT,US_20_90,B0FRB9JP2K,fbm0,ALREADY_OFF,offer already on DEFAULT
2026-08-18T08:50:38+00:00,IT,US_3_15,B0FRCFXK3V,fbm0,ALREADY_OFF,offer already on DEFAULT
2026-08-18T08:50:40+00:00,IT,US_5_30,B0FRC2PQ8H,fbm0,ALREADY_OFF,offer already on DEFAULT
2026-08-18T08:50:41+00:00,IT,UY_3_15,B0FRB7LHGN,fbm0,ALREADY_OFF,offer already on DEFAULT
2026-08-18T08:50:42+00:00,IT,UZ_5_30,B0FRBWFZ6M,fbm0,ALREADY_OFF,offer already on DEFAULT
2026-08-18T08:50:43+00:00,IT,VN_20_30,B0FRC2NKC4,fbm0,ALREADY_OFF,offer already on DEFAULT
2026-08-18T08:50:45+00:00,IT,VN_3_15,B0FRBR2DHW,fbm0,ALREADY_OFF,offer already on DEFAULT
2026-08-18T08:50:46+00:00,IT,VN_5_30,B0FRCBXRGV,fbm0,ALREADY_OFF,offer already on DEFAULT
2026-08-18T08:50:47+00:00,IT,ZA_10_30,B0FRB4RSW2,fbm0,ALREADY_OFF,offer already on DEFAULT
2026-08-18T08:50:48+00:00,IT,ZA_5_30,B0FRB3R6F3,fbm0,ALREADY_OFF,offer already on DEFAULT
2026-08-18T08:50:50+00:00,IT,ZM_3_15,B0FRC2NSM2,fbm0,ALREADY_OFF,offer already on DEFAULT
2026-08-18T08:50:51+00:00,IT,ZM_5_30,B0FRCL97L4,fbm0,ALREADY_OFF,offer already on DEFAULT
2026-08-18T08:51:27+00:00,ES,ZAMBIA-3GB-15D,B0FRC2NSM2,fbm0,ALREADY_OFF,offer already on DEFAULT
2026-08-18T08:51:29+00:00,ES,MAURITIUS-3GB-15D,B0H2FYRLRC,fbm0,ALREADY_OFF,offer already on DEFAULT
2026-08-18T08:51:30+00:00,ES,HAJJ-LUX-10GB-30D,B0H3L75HDS,fbm0,ALREADY_OFF,offer already on DEFAULT
2026-08-18T08:51:31+00:00,ES,BULGARIA-3GB-15D,B0H6MCT4Y5,fbm0,ALREADY_OFF,offer already on DEFAULT
2026-08-18T08:51:33+00:00,ES,PERU-3GB-15D,B0H6M5WW3B,fbm0,ALREADY_OFF,offer already on DEFAULT
2026-08-18T08:51:34+00:00,ES,PERU-20GB-30D,B0H6M8BLBD,fbm0,ALREADY_OFF,offer already on DEFAULT
2026-08-18T08:51:35+00:00,ES,ALGERIA-3GB-15D,B0H6M9R3WH,fbm0,ALREADY_OFF,offer already on DEFAULT
2026-08-18T08:51:37+00:00,ES,ALGERIA-5GB-30D,B0H6MDYKG8,fbm0,ALREADY_OFF,offer already on DEFAULT
2026-08-18T08:51:38+00:00,ES,ALGERIA-20GB-30D,B0H6M5TDMD,fbm0,ALREADY_OFF,offer already on DEFAULT
2026-08-18T08:51:39+00:00,ES,ANDORRA-3GB-15D,B0H6MBPRYN,fbm0,ALREADY_OFF,offer already on DEFAULT
2026-08-18T08:51:41+00:00,ES,ANDORRA-5GB-30D,B0H6M5P65S,fbm0,ALREADY_OFF,offer already on DEFAULT
2026-08-18T08:51:42+00:00,ES,ANDORRA-20GB-30D,B0H6MJ97WC,fbm0,ALREADY_OFF,offer already on DEFAULT
2026-08-18T08:51:43+00:00,ES,ANGOLA-3GB-15D,B0H6M5RWZH,fbm0,ALREADY_OFF,offer already on DEFAULT
2026-08-18T08:51:44+00:00,ES,ANGOLA-5GB-30D,B0H6MKZSB4,fbm0,ALREADY_OFF,offer already on DEFAULT
2026-08-18T08:51:46+00:00,ES,ANGUILLA-3GB-15D,B0H6M7X7QY,fbm0,ALREADY_OFF,offer already on DEFAULT
2026-08-18T08:51:47+00:00,ES,ANGUILLA-5GB-30D,B0H6MFJ63H,fbm0,ALREADY_OFF,offer already on DEFAULT
2026-08-18T08:51:49+00:00,ES,ANGUILLA-20GB-30D,B0H6MHMZY8,fbm0,ALREADY_OFF,offer already on DEFAULT
2026-08-18T08:51:50+00:00,ES,ANTIGUA-AND-BARBUDA-3GB-15D,B0H6MBBFLQ,fbm0,ALREADY_OFF,offer already on DEFAULT
2026-08-18T08:51:51+00:00,ES,ANTIGUA-AND-BARBUDA-5GB-30D,B0H6MCR5F9,fbm0,ALREADY_OFF,offer already on DEFAULT
2026-08-18T08:51:53+00:00,ES,ANTIGUA-AND-BARBUDA-20GB-30D,B0H6M2MQJB,fbm0,ALREADY_OFF,offer already on DEFAULT
2026-08-18T08:51:54+00:00,ES,BAHAMAS-3GB-15D,B0H6MB828R,fbm0,ALREADY_OFF,offer already on DEFAULT
2026-08-18T08:51:55+00:00,ES,BAHAMAS-5GB-30D,B0H6MFGH8P,fbm0,ALREADY_OFF,offer already on DEFAULT
2026-08-18T08:51:56+00:00,ES,BAHAMAS-20GB-30D,B0H6MCPR9P,fbm0,ALREADY_OFF,offer already on DEFAULT
2026-08-18T08:51:57+00:00,ES,BARBADOS-3GB-15D,B0H6MCD72X,fbm0,ALREADY_OFF,offer already on DEFAULT
2026-08-18T08:51:59+00:00,ES,BARBADOS-5GB-30D,B0H6MG6VYJ,fbm0,ALREADY_OFF,offer already on DEFAULT
2026-08-18T08:52:00+00:00,ES,BARBADOS-20GB-30D,B0H6MJ921X,fbm0,ALREADY_OFF,offer already on DEFAULT
2026-08-18T08:52:01+00:00,ES,BELIZE-3GB-15D,B0H6MFPNTX,fbm0,ALREADY_OFF,offer already on DEFAULT
2026-08-18T08:52:02+00:00,ES,BELIZE-5GB-30D,B0H6MF1H4V,fbm0,ALREADY_OFF,offer already on DEFAULT
2026-08-18T08:52:04+00:00,ES,BELIZE-20GB-30D,B0H6MBSQM8,fbm0,ALREADY_OFF,offer already on DEFAULT
2026-08-18T08:52:05+00:00,ES,BENIN-3GB-15D,B0H6M9YHDR,fbm0,ALREADY_OFF,offer already on DEFAULT
2026-08-18T08:52:06+00:00,ES,BENIN-5GB-30D,B0H6MHRNBH,fbm0,ALREADY_OFF,offer already on DEFAULT
2026-08-18T08:52:08+00:00,ES,BENIN-20GB-30D,B0H6M7VGSZ,fbm0,ALREADY_OFF,offer already on DEFAULT
2026-08-18T08:52:09+00:00,ES,BERMUDA-3GB-15D,B0H6MDMTGH,fbm0,ALREADY_OFF,offer already on DEFAULT
2026-08-18T08:52:10+00:00,ES,BERMUDA-5GB-30D,B0H6MFM5X4,fbm0,ALREADY_OFF,offer already on DEFAULT
2026-08-18T08:52:12+00:00,ES,BERMUDA-20GB-30D,B0H6MCGQ77,fbm0,ALREADY_OFF,offer already on DEFAULT
2026-08-18T08:52:13+00:00,ES,BHUTAN-3GB-15D,B0H6MJB588,fbm0,ALREADY_OFF,offer already on DEFAULT
2026-08-18T08:52:14+00:00,ES,BHUTAN-5GB-30D,B0H6M9C23Q,fbm0,ALREADY_OFF,offer already on DEFAULT
2026-08-18T08:52:16+00:00,ES,BHUTAN-20GB-30D,B0H6M5WDSH,fbm0,ALREADY_OFF,offer already on DEFAULT
2026-08-18T08:52:17+00:00,ES,CAPE-VERDE-3GB-15D,B0H6M9R16H,fbm0,ALREADY_OFF,offer already on DEFAULT
2026-08-18T08:52:18+00:00,ES,CAPE-VERDE-5GB-30D,B0H6MFG453,fbm0,ALREADY_OFF,offer already on DEFAULT
2026-08-18T08:52:20+00:00,ES,CAPE-VERDE-20GB-30D,B0H6M9VSPG,fbm0,ALREADY_OFF,offer already on DEFAULT
2026-08-18T08:52:21+00:00,ES,CAYMAN-ISLANDS-3GB-15D,B0H6MLHBD7,fbm0,ALREADY_OFF,offer already on DEFAULT
2026-08-18T08:52:22+00:00,ES,CAYMAN-ISLANDS-5GB-30D,B0H6M55MKK,fbm0,ALREADY_OFF,offer already on DEFAULT
2026-08-18T08:52:23+00:00,ES,CAYMAN-ISLANDS-20GB-30D,B0H6MGXYNS,fbm0,ALREADY_OFF,offer already on DEFAULT
2026-08-18T08:52:24+00:00,ES,CURACAO-3GB-15D,B0H6M81JPM,fbm0,ALREADY_OFF,offer already on DEFAULT
2026-08-18T08:52:26+00:00,ES,CURACAO-5GB-30D,B0H6MGZLBC,fbm0,ALREADY_OFF,offer already on DEFAULT
2026-08-18T08:52:27+00:00,ES,CURACAO-20GB-30D,B0H6MF51WH,fbm0,ALREADY_OFF,offer already on DEFAULT
2026-08-18T08:52:28+00:00,ES,DEMOCRATIC-REPUBLIC-OF-THE-CONGO-3GB-15D,B0H6LZL22Y,fbm0,ALREADY_OFF,offer already on DEFAULT
2026-08-18T08:52:30+00:00,ES,DEMOCRATIC-REPUBLIC-OF-THE-CONGO-5GB-30D,B0H6M6L8Z8,fbm0,ALREADY_OFF,offer already on DEFAULT
2026-08-18T08:52:31+00:00,ES,DRC-20GB-30D,B0H6MZWFM7,fbm0,ALREADY_OFF,offer already on DEFAULT
2026-08-18T08:52:32+00:00,ES,DOMINICA-3GB-15D,B0H6M9H54M,fbm0,ALREADY_OFF,offer already on DEFAULT
2026-08-18T08:52:34+00:00,ES,DOMINICA-5GB-30D,B0H6M5HR32,fbm0,ALREADY_OFF,offer already on DEFAULT
2026-08-18T08:52:35+00:00,ES,DOMINICA-20GB-30D,B0H6MK8XTJ,fbm0,ALREADY_OFF,offer already on DEFAULT
2026-08-18T08:52:37+00:00,ES,FAROE-ISLANDS-3GB-15D,B0H6ML935Q,fbm0,DEACTIVATED,
2026-08-18T08:52:39+00:00,ES,FAROE-ISLANDS-5GB-30D,B0H6MF2TVH,fbm0,DEACTIVATED,
2026-08-18T08:52:41+00:00,ES,FAROE-ISLANDS-20GB-30D,B0H6MB82ZV,fbm0,DEACTIVATED,
2026-08-18T08:52:42+00:00,ES,FIJI-3GB-15D,B0H6MFLWYD,fbm0,DEACTIVATED,
2026-08-18T08:52:44+00:00,ES,FIJI-5GB-30D,B0H6MJ7GS6,fbm0,DEACTIVATED,
2026-08-18T08:52:46+00:00,ES,FIJI-20GB-30D,B0H6MGBL3N,fbm0,DEACTIVATED,
2026-08-18T08:52:47+00:00,ES,FRENCH-GUIANA-3GB-15D,B0H6MFD6Z3,fbm0,DEACTIVATED,
2026-08-18T08:52:49+00:00,ES,FRENCH-GUIANA-5GB-30D,B0H6MGC352,fbm0,DEACTIVATED,
2026-08-18T08:52:51+00:00,ES,FRENCH-GUIANA-20GB-30D,B0H6MDNXJJ,fbm0,DEACTIVATED,
2026-08-18T08:52:52+00:00,ES,FRENCH-POLYNESIA-3GB-15D,B0H6MF6GHP,fbm0,DEACTIVATED,
2026-08-18T08:52:54+00:00,ES,FRENCH-POLYNESIA-5GB-30D,B0H6MD2GXY,fbm0,DEACTIVATED,
2026-08-18T08:52:56+00:00,ES,FRENCH-POLYNESIA-20GB-30D,B0H6M59GH9,fbm0,DEACTIVATED,
2026-08-18T08:52:58+00:00,ES,GHANA-3GB-15D,B0H6M7CH6H,fbm0,DEACTIVATED,
2026-08-18T08:52:59+00:00,ES,GHANA-5GB-30D,B0H6MD48NZ,fbm0,DEACTIVATED,
2026-08-18T08:53:01+00:00,ES,GHANA-20GB-30D,B0H6M9CG3G,fbm0,DEACTIVATED,
2026-08-18T08:53:03+00:00,ES,GREENLAND-3GB-15D,B0H6MLNBK2,fbm0,DEACTIVATED,
2026-08-18T08:53:05+00:00,ES,GREENLAND-5GB-30D,B0H6MFMLK9,fbm0,DEACTIVATED,
2026-08-18T08:53:06+00:00,ES,GREENLAND-20GB-30D,B0H6MBT3TW,fbm0,DEACTIVATED,
2026-08-18T08:53:08+00:00,ES,GRENADA-3GB-15D,B0H6M8K37V,fbm0,ALREADY_OFF,offer already on DEFAULT
2026-08-18T08:53:09+00:00,ES,GRENADA-5GB-30D,B0H6MLJR6Z,fbm0,DEACTIVATED,
2026-08-18T08:53:11+00:00,ES,GRENADA-20GB-30D,B0H6MGRF37,fbm0,DEACTIVATED,
2026-08-18T08:53:12+00:00,ES,GUINEA-3GB-15D,B0H6MGZTF1,fbm0,ALREADY_OFF,offer already on DEFAULT
2026-08-18T08:53:14+00:00,ES,GUINEA-5GB-30D,B0H6MFTVX6,fbm0,DEACTIVATED,
2026-08-18T08:53:16+00:00,ES,GUINEA-20GB-30D,B0H6M7VHYP,fbm0,DEACTIVATED,
2026-08-18T08:53:17+00:00,ES,GUINEA-BISSAU-3GB-15D,B0H6MG6X8D,fbm0,ALREADY_OFF,offer already on DEFAULT
2026-08-18T08:53:19+00:00,ES,GUINEA-BISSAU-5GB-30D,B0H6MCJ4Y9,fbm0,DEACTIVATED,
2026-08-18T08:53:21+00:00,ES,GUINEA-BISSAU-20GB-30D,B0H6MF1JJS,fbm0,DEACTIVATED,
2026-08-18T08:53:23+00:00,ES,GUYANA-3GB-15D,B0H6MCG586,fbm0,DEACTIVATED,
2026-08-18T08:53:24+00:00,ES,GUYANA-5GB-30D,B0H6MB3FHF,fbm0,DEACTIVATED,
2026-08-18T08:53:26+00:00,ES,GUYANA-20GB-30D,B0H6MD1PB7,fbm0,DEACTIVATED,
2026-08-18T08:53:27+00:00,ES,HAITI-3GB-15D,B0H6M9YTL4,fbm0,DEACTIVATED,
2026-08-18T08:53:29+00:00,ES,HAITI-5GB-30D,B0H6MDHPCV,fbm0,ALREADY_OFF,offer already on DEFAULT
2026-08-18T08:53:30+00:00,ES,HAITI-20GB-30D,B0H6MBNF3Y,fbm0,ALREADY_OFF,offer already on DEFAULT
2026-08-18T08:53:31+00:00,ES,IRAQ-3GB-15D,B0H6MGX6P7,fbm0,DEACTIVATED,
2026-08-18T08:53:33+00:00,ES,IRAQ-5GB-30D,B0H6MFRHZN,fbm0,DEACTIVATED,
2026-08-18T08:53:35+00:00,ES,IRAQ-20GB-30D,B0H6M956TN,fbm0,DEACTIVATED,
2026-08-18T08:53:36+00:00,ES,JAMAICA-3GB-15D,B0H6MF3PNQ,fbm0,DEACTIVATED,
2026-08-18T08:53:38+00:00,ES,JAMAICA-5GB-30D,B0H6MJQCMF,fbm0,DEACTIVATED,
2026-08-18T08:53:40+00:00,ES,JAMAICA-20GB-30D,B0H6MF52ZZ,fbm0,DEACTIVATED,
2026-08-18T08:53:42+00:00,ES,LAOS-3GB-15D,B0H6M96WPB,fbm0,DEACTIVATED,
2026-08-18T08:53:44+00:00,ES,LAOS-5GB-30D,B0H6MBJN5B,fbm0,DEACTIVATED,
2026-08-18T08:53:45+00:00,ES,LAOS-20GB-30D,B0H6MBWGX1,fbm0,ALREADY_OFF,offer already on DEFAULT
2026-08-18T08:53:46+00:00,ES,LIBYA-3GB-15D,B0H6MBYGXZ,fbm0,DEACTIVATED,
2026-08-18T08:53:48+00:00,ES,LIBYA-5GB-30D,B0H6M5PVSB,fbm0,DEACTIVATED,
2026-08-18T08:53:49+00:00,ES,LIBYA-20GB-30D,B0H6MFWD2Y,fbm0,ALREADY_OFF,offer already on DEFAULT
2026-08-18T08:53:51+00:00,ES,MALDIVES-3GB-15D,B0H6MD6Y71,fbm0,DEACTIVATED,
2026-08-18T08:53:52+00:00,ES,MALDIVES-5GB-30D,B0H6MJQZ8Y,fbm0,DEACTIVATED,
2026-08-18T08:53:54+00:00,ES,MALDIVES-20GB-30D,B0H6MM5SCJ,fbm0,DEACTIVATED,
2026-08-18T08:53:56+00:00,ES,MARTINIQUE-3GB-15D,B0H6M7SBFQ,fbm0,DEACTIVATED,
2026-08-18T08:53:58+00:00,ES,MARTINIQUE-5GB-30D,B0H6MKCD1X,fbm0,DEACTIVATED,
2026-08-18T08:53:59+00:00,ES,MARTINIQUE-20GB-30D,B0H6MH94KV,fbm0,DEACTIVATED,
2026-08-18T08:54:01+00:00,ES,MAYOTTE-3GB-15D,B0H6MFWP88,fbm0,DEACTIVATED,
2026-08-18T08:54:03+00:00,ES,MAYOTTE-5GB-30D,B0H6MD9C4Y,fbm0,DEACTIVATED,
2026-08-18T08:54:04+00:00,ES,MAYOTTE-20GB-30D,B0H6M5L8MC,fbm0,DEACTIVATED,
2026-08-18T08:54:06+00:00,ES,MONTSERRAT-3GB-15D,B0H6MDJ2ZR,fbm0,DEACTIVATED,
2026-08-18T08:54:08+00:00,ES,MONTSERRAT-5GB-30D,B0H6MGQ1Y4,fbm0,DEACTIVATED,
2026-08-18T08:54:09+00:00,ES,MONTSERRAT-20GB-30D,B0H6MG87HK,fbm0,DEACTIVATED,
2026-08-18T08:54:11+00:00,ES,REPUBLIC-OF-THE-CONGO-3GB-15D,B0H6MM6DKT,fbm0,DEACTIVATED,
2026-08-18T08:54:12+00:00,ES,REPUBLIC-OF-THE-CONGO-5GB-30D,B0H6MBXD3B,fbm0,DEACTIVATED,
2026-08-18T08:54:14+00:00,ES,REPUBLIC-OF-THE-CONGO-20GB-30D,B0H6MJ756Y,fbm0,DEACTIVATED,
2026-08-18T08:54:16+00:00,ES,ROMANIA-3GB-15D,B0H6MKQH2C,fbm0,DEACTIVATED,
2026-08-18T08:54:17+00:00,ES,ROMANIA-5GB-30D,B0H6MFVLCB,fbm0,DEACTIVATED,
2026-08-18T08:54:19+00:00,ES,ROMANIA-20GB-30D,B0H6MGRC1F,fbm0,DEACTIVATED,
2026-08-18T08:54:21+00:00,ES,RUSSIA-3GB-15D,B0H6MDNPC8,fbm0,DEACTIVATED,
2026-08-18T08:54:22+00:00,ES,RUSSIA-5GB-30D,B0H6MLHHB2,fbm0,DEACTIVATED,
2026-08-18T08:54:24+00:00,ES,RUSSIA-20GB-30D,B0H6MDSLNC,fbm0,DEACTIVATED,
2026-08-18T08:54:25+00:00,ES,RWANDA-3GB-15D,B0H6MK2ZBQ,fbm0,ALREADY_OFF,offer already on DEFAULT
2026-08-18T08:54:27+00:00,ES,RWANDA-5GB-30D,B0H6MJZHP1,fbm0,DEACTIVATED,
2026-08-18T08:54:29+00:00,ES,RWANDA-20GB-30D,B0H6M66BWN,fbm0,DEACTIVATED,
2026-08-18T08:54:30+00:00,ES,SAINT-BARTHELEMY-3GB-15D,B0H6MDMD63,fbm0,ALREADY_OFF,offer already on DEFAULT
2026-08-18T08:54:31+00:00,ES,SAINT-BARTHELEMY-5GB-30D,B0H6MBS246,fbm0,DEACTIVATED,
2026-08-18T08:54:33+00:00,ES,SAINT-BARTHELEMY-20GB-30D,B0H6MJHHNB,fbm0,DEACTIVATED,
2026-08-18T08:54:35+00:00,ES,SAINT-KITTS-AND-NEVIS-3GB-15D,B0H6MDHJ2B,fbm0,DEACTIVATED,
2026-08-18T08:54:36+00:00,ES,SAINT-KITTS-AND-NEVIS-5GB-30D,B0H6MBK615,fbm0,DEACTIVATED,
2026-08-18T08:54:38+00:00,ES,SAINT-KITTS-AND-NEVIS-20GB-30D,B0H6MJQSR4,fbm0,DEACTIVATED,
2026-08-18T08:54:39+00:00,ES,SAINT-LUCIA-3GB-15D,B0H6M7Y1CD,fbm0,ALREADY_OFF,offer already on DEFAULT
2026-08-18T08:54:41+00:00,ES,SAINT-LUCIA-5GB-30D,B0H6MGBXNV,fbm0,DEACTIVATED,
2026-08-18T08:54:42+00:00,ES,SAINT-LUCIA-20GB-30D,B0H6MDX8DY,fbm0,DEACTIVATED,
2026-08-18T08:54:44+00:00,ES,SAINT-MARTIN-3GB-15D,B0H6MDB2CN,fbm0,DEACTIVATED,
2026-08-18T08:54:46+00:00,ES,SAINT-MARTIN-5GB-30D,B0H6MC37Q1,fbm0,DEACTIVATED,
2026-08-18T08:54:48+00:00,ES,SAINT-MARTIN-20GB-30D,B0H6MF7K64,fbm0,DEACTIVATED,
2026-08-18T08:54:49+00:00,ES,SAINT-VINCENT-AND-THE-GRENADINES-3GB-15D,B0H6MF3FWZ,fbm0,ALREADY_OFF,offer already on DEFAULT
2026-08-18T08:54:50+00:00,ES,SAINT-VINCENT-AND-THE-GRENADINES-5GB-30D,B0H6MJXH8Z,fbm0,DEACTIVATED,
2026-08-18T08:54:52+00:00,ES,SVG-20GB-30D,B0H6MWF5B5,fbm0,DEACTIVATED,
2026-08-18T08:54:54+00:00,ES,SAMOA-3GB-15D,B0H6MGJ45S,fbm0,DEACTIVATED,
2026-08-18T08:54:56+00:00,ES,SAMOA-5GB-30D,B0H6MFFZH1,fbm0,DEACTIVATED,
2026-08-18T08:54:57+00:00,ES,SAMOA-20GB-30D,B0H6MJQDSM,fbm0,DEACTIVATED,
2026-08-18T08:54:59+00:00,ES,SAN-MARINO-3GB-15D,B0H6MG33GL,fbm0,DEACTIVATED,
2026-08-18T08:55:01+00:00,ES,SAN-MARINO-5GB-30D,B0H6ML6C38,fbm0,DEACTIVATED,
2026-08-18T08:55:02+00:00,ES,SAN-MARINO-20GB-30D,B0H6MDHJFJ,fbm0,DEACTIVATED,
2026-08-18T08:55:04+00:00,ES,SIERRA-LEONE-3GB-15D,B0H6MHPWKP,fbm0,DEACTIVATED,
2026-08-18T08:55:06+00:00,ES,SIERRA-LEONE-5GB-30D,B0H6MBK6HZ,fbm0,DEACTIVATED,
2026-08-18T08:55:07+00:00,ES,SIERRA-LEONE-20GB-30D,B0H6ML1JW1,fbm0,DEACTIVATED,
2026-08-18T08:55:09+00:00,ES,SURINAME-3GB-15D,B0H6MLWJMY,fbm0,DEACTIVATED,
2026-08-18T08:55:11+00:00,ES,SURINAME-5GB-30D,B0H6MNS3N5,fbm0,DEACTIVATED,
2026-08-18T08:55:12+00:00,ES,SURINAME-20GB-30D,B0H6MNKY5H,fbm0,DEACTIVATED,
2026-08-18T08:55:14+00:00,ES,TAJIKISTAN-3GB-15D,B0H6M7XFN6,fbm0,DEACTIVATED,
2026-08-18T08:55:15+00:00,ES,TAJIKISTAN-5GB-30D,B0H6MFYMXZ,fbm0,ALREADY_OFF,offer already on DEFAULT
2026-08-18T08:55:16+00:00,ES,TAJIKISTAN-20GB-30D,B0H6M85C77,fbm0,ALREADY_OFF,offer already on DEFAULT
2026-08-18T08:55:18+00:00,ES,TRINIDAD-AND-TOBAGO-3GB-15D,B0H6MJTHXK,fbm0,DEACTIVATED,
2026-08-18T08:55:20+00:00,ES,TRINIDAD-AND-TOBAGO-5GB-30D,B0H6MJTHY9,fbm0,DEACTIVATED,
2026-08-18T08:55:21+00:00,ES,TRINIDAD-AND-TOBAGO-20GB-30D,B0H6MF31VP,fbm0,ALREADY_OFF,offer already on DEFAULT
2026-08-18T08:55:23+00:00,ES,TURKS-AND-CAICOS-ISLANDS-3GB-15D,B0H6MNNXGL,fbm0,ALREADY_OFF,offer already on DEFAULT
2026-08-18T08:55:24+00:00,ES,TURKS-AND-CAICOS-ISLANDS-5GB-30D,B0H6MLH1KM,fbm0,ALREADY_OFF,offer already on DEFAULT
2026-08-18T08:55:25+00:00,ES,TURKS-AND-CAICOS-ISLANDS-20GB-30D,B0H6MLBGX7,fbm0,ALREADY_OFF,offer already on DEFAULT
2026-08-18T08:55:26+00:00,ES,VATICAN-CITY-3GB-15D,B0H6MBMF8G,fbm0,ALREADY_OFF,offer already on DEFAULT
2026-08-18T08:55:28+00:00,ES,VATICAN-CITY-5GB-30D,B0H6M7YXNP,fbm0,ALREADY_OFF,offer already on DEFAULT
2026-08-18T08:55:29+00:00,ES,VATICAN-CITY-20GB-30D,B0H6MDPLZ9,fbm0,ALREADY_OFF,offer already on DEFAULT
2026-08-18T08:55:30+00:00,ES,CANADA-PREMIUM-3GB-15D,B0H6MJ1HMJ,fbm0,ALREADY_OFF,offer already on DEFAULT
2026-08-18T08:55:31+00:00,ES,CANADA-PREMIUM-5GB-30D,B0H6MPXGBN,fbm0,ALREADY_OFF,offer already on DEFAULT
2026-08-18T08:55:32+00:00,ES,CANADA-PREMIUM-20GB-30D,B0H6MJ9N4Y,fbm0,ALREADY_OFF,offer already on DEFAULT
2026-08-18T08:55:33+00:00,ES,AALAND-ISLANDS-3GB-15D,B0FR3CCSMB,fbm0,ALREADY_OFF,offer already on DEFAULT
2026-08-18T08:55:35+00:00,ES,AALAND-ISLANDS-5GB-30D,B0FR3G6JWB,fbm0,ALREADY_OFF,offer already on DEFAULT
2026-08-18T08:55:36+00:00,ES,AALAND-ISLANDS-20GB-30D,B0FR39Q1KJ,fbm0,ALREADY_OFF,offer already on DEFAULT
2026-08-18T08:55:37+00:00,ES,AFRICA-5GB-30D,B0FR3GK9Z7,fbm0,ALREADY_OFF,offer already on DEFAULT
2026-08-18T08:55:38+00:00,ES,ALBANIA-5GB-30D,B0FR4ZG3Z6,fbm0,ALREADY_OFF,offer already on DEFAULT
2026-08-18T08:55:39+00:00,ES,ARGENTINA-3GB-15D,B0FR554SXN,fbm0,ALREADY_OFF,offer already on DEFAULT
2026-08-18T08:55:40+00:00,ES,ARGENTINA-20GB-30D,B0FR5DCH33,fbm0,ALREADY_OFF,offer already on DEFAULT
2026-08-18T08:55:42+00:00,ES,ARMENIA-3GB-15D,B0FR5BK9R4,fbm0,ALREADY_OFF,offer already on DEFAULT
2026-08-18T08:55:43+00:00,ES,ARMENIA-20GB-30D,B0FR4ZT5XT,fbm0,ALREADY_OFF,offer already on DEFAULT
2026-08-18T08:55:44+00:00,ES,ASIA-20-3GB-15D,B0FR9FZ4RF,fbm0,ALREADY_OFF,offer already on DEFAULT
2026-08-18T08:55:45+00:00,ES,ASIA-20-5GB-30D,B0FR9BQNSV,fbm0,ALREADY_OFF,offer already on DEFAULT
2026-08-18T08:55:46+00:00,ES,AUSTRALIA-3GB-15D,B0FR9SKY4D,fbm0,ALREADY_OFF,offer already on DEFAULT
2026-08-18T08:55:48+00:00,ES,AUSTRALIA-5GB-30D,B0FR9JRB62,fbm0,ALREADY_OFF,offer already on DEFAULT
2026-08-18T08:55:49+00:00,ES,AUSTRALIA-20GB-30D,B0FR9G1ZQJ,fbm0,ALREADY_OFF,offer already on DEFAULT
2026-08-18T08:55:50+00:00,ES,AUSTRIA-3GB-15D,B0FR9QSMSP,fbm0,ALREADY_OFF,offer already on DEFAULT
2026-08-18T08:55:51+00:00,ES,AUSTRIA-5GB-30D,B0FR8XCH78,fbm0,ALREADY_OFF,offer already on DEFAULT
2026-08-18T08:55:52+00:00,ES,AUSTRIA-20GB-30D,B0FR8XBSBP,fbm0,ALREADY_OFF,offer already on DEFAULT
2026-08-18T08:55:54+00:00,ES,AZERBAIJAN-3GB-15D,B0FR9BTC98,fbm0,ALREADY_OFF,offer already on DEFAULT
2026-08-18T08:55:55+00:00,ES,BAHRAIN-3GB-15D,B0FR9K64KF,fbm0,ALREADY_OFF,offer already on DEFAULT
2026-08-18T08:55:56+00:00,ES,BANGLADESH-3GB-15D,B0FR9L7SG3,fbm0,ALREADY_OFF,offer already on DEFAULT
2026-08-18T08:55:58+00:00,ES,BANGLADESH-5GB-30D,B0FR9BQFCM,fbm0,ALREADY_OFF,offer already on DEFAULT
2026-08-18T08:55:59+00:00,ES,BANGLADESH-20GB-30D,B0FR8FJ3HJ,fbm0,ALREADY_OFF,offer already on DEFAULT
2026-08-18T08:56:00+00:00,ES,BELARUS-3GB-15D,B0FR9G3Z82,fbm0,ALREADY_OFF,offer already on DEFAULT
2026-08-18T08:56:01+00:00,ES,BELARUS-5GB-30D,B0FR8FFT4D,fbm0,ALREADY_OFF,offer already on DEFAULT
2026-08-18T08:56:02+00:00,ES,BELGIUM-3GB-15D,B0FR9G432K,fbm0,ALREADY_OFF,offer already on DEFAULT
2026-08-18T08:56:04+00:00,ES,BELGIUM-5GB-30D,B0FR9SXCW6,fbm0,ALREADY_OFF,offer already on DEFAULT
2026-08-18T08:56:05+00:00,ES,BELGIUM-20GB-30D,B0FR9BVRCH,fbm0,ALREADY_OFF,offer already on DEFAULT
2026-08-18T08:56:06+00:00,ES,BOLIVIA-3GB-15D,B0FR8FKPKH,fbm0,ALREADY_OFF,offer already on DEFAULT
2026-08-18T08:56:07+00:00,ES,BOLIVIA-20GB-30D,B0FR9RH588,fbm0,ALREADY_OFF,offer already on DEFAULT
2026-08-18T08:56:09+00:00,ES,BOSNIA-AND-HERZEGOVINA-3GB-15D,B0FR9G8ZVK,fbm0,ALREADY_OFF,offer already on DEFAULT
2026-08-18T08:56:10+00:00,ES,BOTSWANA-3GB-15D,B0FR9G7N2Q,fbm0,ALREADY_OFF,offer already on DEFAULT
2026-08-18T08:56:11+00:00,ES,BRAZIL-3GB-15D,B0FR9G5LKV,fbm0,ALREADY_OFF,offer already on DEFAULT
2026-08-18T08:56:12+00:00,ES,BRAZIL-20GB-30D,B0FR9KLZCR,fbm0,ALREADY_OFF,offer already on DEFAULT
2026-08-18T08:56:14+00:00,ES,BRUNEI-DARUSSALAM-3GB-15D,B0FR9KTJND,fbm0,ALREADY_OFF,offer already on DEFAULT
2026-08-18T08:56:15+00:00,ES,BRUNEI-DARUSSALAM-20GB-30D,B0FR9F971C,fbm0,ALREADY_OFF,offer already on DEFAULT
2026-08-18T08:56:16+00:00,ES,BURKINA-FASO-3GB-15D,B0FR9HWFSK,fbm0,ALREADY_OFF,offer already on DEFAULT
2026-08-18T08:56:17+00:00,ES,BURKINA-FASO-5GB-30D,B0FR9BWKSY,fbm0,ALREADY_OFF,offer already on DEFAULT
2026-08-18T08:56:18+00:00,ES,CAMEROON-3GB-15D,B0FR9VJ1ZB,fbm0,ALREADY_OFF,offer already on DEFAULT
2026-08-18T08:56:20+00:00,ES,CENTRAL-AFRICAN-REPUBLIC-3GB-15D,B0FR9RK8FP,fbm0,ALREADY_OFF,offer already on DEFAULT
2026-08-18T08:56:21+00:00,ES,CENTRAL-AFRICAN-REPUBLIC-5GB-30D,B0FR9R3NMC,fbm0,ALREADY_OFF,offer already on DEFAULT
2026-08-18T08:56:22+00:00,ES,CHAD-3GB-15D,B0FR9SG4MK,fbm0,ALREADY_OFF,offer already on DEFAULT
2026-08-18T08:56:23+00:00,ES,CHAD-5GB-30D,B0FR9L414C,fbm0,ALREADY_OFF,offer already on DEFAULT
2026-08-18T08:56:24+00:00,ES,CHILE-3GB-15D,B0FR9RY1RT,fbm0,ALREADY_OFF,offer already on DEFAULT
2026-08-18T08:56:26+00:00,ES,CHINA-3GB-15D,B0FR9QZ578,fbm0,ALREADY_OFF,offer already on DEFAULT
2026-08-18T08:56:27+00:00,ES,CHINA-5GB-30D,B0FR9HX7XH,fbm0,ALREADY_OFF,offer already on DEFAULT
2026-08-18T08:56:28+00:00,ES,CHINA-20GB-30D,B0FR9GD6X9,fbm0,ALREADY_OFF,offer already on DEFAULT
2026-08-18T08:56:29+00:00,ES,COLOMBIA-3GB-15D,B0FR9RL8W5,fbm0,ALREADY_OFF,offer already on DEFAULT
2026-08-18T08:56:31+00:00,ES,CAMBODIA-3GB-15D,B0FR8XKMJ4,fbm0,ALREADY_OFF,offer already on DEFAULT
2026-08-18T08:56:33+00:00,ES,CAMBODIA-20GB-30D,B0FR9GFJPL,fbm0,ALREADY_OFF,offer already on DEFAULT
2026-08-18T08:56:34+00:00,ES,COSTA-RICA-3GB-15D,B0FR9LNRMN,fbm0,ALREADY_OFF,offer already on DEFAULT
2026-08-18T08:56:35+00:00,ES,COTE-D-IVOIRE-3GB-15D,B0FR9HW9DJ,fbm0,ALREADY_OFF,offer already on DEFAULT
2026-08-18T08:56:36+00:00,ES,COTE-D-IVOIRE-5GB-30D,B0FR9V5LYJ,fbm0,ALREADY_OFF,offer already on DEFAULT
2026-08-18T08:56:38+00:00,ES,CROATIA-3GB-15D,B0FR9GDKT1,fbm0,ALREADY_OFF,offer already on DEFAULT
2026-08-18T08:56:39+00:00,ES,CROATIA-5GB-30D,B0FR9BVV58,fbm0,ALREADY_OFF,offer already on DEFAULT
2026-08-18T08:56:40+00:00,ES,CROATIA-20GB-30D,B0FR9TYCSL,fbm0,ALREADY_OFF,offer already on DEFAULT
2026-08-18T08:56:41+00:00,ES,CYPRUS-3GB-15D,B0FR8XJWWG,fbm0,ALREADY_OFF,offer already on DEFAULT
2026-08-18T08:56:42+00:00,ES,CYPRUS-5GB-30D,B0FR8XHWZV,fbm0,ALREADY_OFF,offer already on DEFAULT
2026-08-18T08:56:44+00:00,ES,CZECH-REPUBLIC-3GB-15D,B0FR9SB2Q3,fbm0,ALREADY_OFF,offer already on DEFAULT
2026-08-18T08:56:45+00:00,ES,CZECH-REPUBLIC-5GB-30D,B0FR9BY2LF,fbm0,ALREADY_OFF,offer already on DEFAULT
2026-08-18T08:56:46+00:00,ES,CZECH-REPUBLIC-20GB-30D,B0FR9SVN9H,fbm0,ALREADY_OFF,offer already on DEFAULT
2026-08-18T08:56:48+00:00,ES,DENMARK-3GB-15D,B0FR9GSNP4,fbm0,ALREADY_OFF,offer already on DEFAULT
2026-08-18T08:56:49+00:00,ES,DENMARK-5GB-30D,B0FR8XQYR4,fbm0,ALREADY_OFF,offer already on DEFAULT
2026-08-18T08:56:50+00:00,ES,DENMARK-20GB-30D,B0FR9QPF45,fbm0,ALREADY_OFF,offer already on DEFAULT
2026-08-18T08:56:52+00:00,ES,DOMINICAN-REPUBLIC-3GB-15D,B0FR9GSKZF,fbm0,ALREADY_OFF,offer already on DEFAULT
2026-08-18T08:56:53+00:00,ES,DOMINICAN-REPUBLIC-5GB-30D,B0FR9GQKCM,fbm0,ALREADY_OFF,offer already on DEFAULT
2026-08-18T08:56:55+00:00,ES,DOMINICAN-REPUBLIC-20GB-30D,B0FR9C6DJF,fbm0,ALREADY_OFF,offer already on DEFAULT
2026-08-18T08:56:56+00:00,ES,ECUADOR-3GB-15D,B0FR9RM6MP,fbm0,ALREADY_OFF,offer already on DEFAULT
2026-08-18T08:56:57+00:00,ES,EGYPT-3GB-15D,B0FR9C784N,fbm0,ALREADY_OFF,offer already on DEFAULT
2026-08-18T08:56:58+00:00,ES,EGYPT-5GB-30D,B0FR9LR5KJ,fbm0,ALREADY_OFF,offer already on DEFAULT
2026-08-18T08:56:59+00:00,ES,EGYPT-20GB-30D,B0FR9GQBGL,fbm0,ALREADY_OFF,offer already on DEFAULT
2026-08-18T08:57:01+00:00,ES,EL-SALVADOR-3GB-15D,B0FR9LJ7X4,fbm0,ALREADY_OFF,offer already on DEFAULT
2026-08-18T08:57:02+00:00,ES,ESTONIA-3GB-15D,B0FR9GST1S,fbm0,ALREADY_OFF,offer already on DEFAULT
2026-08-18T08:57:03+00:00,ES,ESTONIA-5GB-30D,B0FR9GQYKB,fbm0,ALREADY_OFF,offer already on DEFAULT
2026-08-18T08:57:04+00:00,ES,ESTONIA-20GB-30D,B0FR9L527N,fbm0,ALREADY_OFF,offer already on DEFAULT
2026-08-18T08:57:06+00:00,ES,EUROPE-40-AREAS-5GB-30D,B0FR9RYSSS,fbm0,ALREADY_OFF,offer already on DEFAULT
2026-08-18T08:57:07+00:00,ES,EUROPE-40-AREAS-20GB-30D,B0FR9TNPV3,fbm0,ALREADY_OFF,offer already on DEFAULT
2026-08-18T08:57:08+00:00,ES,FINLAND-3GB-15D,B0FR9GSND6,fbm0,ALREADY_OFF,offer already on DEFAULT
2026-08-18T08:57:09+00:00,ES,FINLAND-5GB-30D,B0FR9SB3BJ,fbm0,ALREADY_OFF,offer already on DEFAULT
2026-08-18T08:57:11+00:00,ES,FRANCE-3GB-15D,B0FR9C5ZB6,fbm0,ALREADY_OFF,offer already on DEFAULT
2026-08-18T08:57:12+00:00,ES,FRANCE-5GB-30D,B0FR9LMDW5,fbm0,ALREADY_OFF,offer already on DEFAULT
2026-08-18T08:57:13+00:00,ES,FRANCE-20GB-30D,B0FR9GPMC5,fbm0,ALREADY_OFF,offer already on DEFAULT
2026-08-18T08:57:14+00:00,ES,GABON-3GB-15D,B0FR9GPX9T,fbm0,ALREADY_OFF,offer already on DEFAULT
2026-08-18T08:57:15+00:00,ES,GEORGIA-3GB-15D,B0FR9KMX2N,fbm0,ALREADY_OFF,offer already on DEFAULT
2026-08-18T08:57:17+00:00,ES,GEORGIA-20GB-30D,B0FR9C73NK,fbm0,ALREADY_OFF,offer already on DEFAULT
2026-08-18T08:57:18+00:00,ES,GERMANY-3GB-15D,B0GSZBMLKV,fbm0,ALREADY_OFF,offer already on DEFAULT
2026-08-18T08:57:19+00:00,ES,GERMANY-5GB-30D,B0GSZDYWLZ,fbm0,ALREADY_OFF,offer already on DEFAULT
2026-08-18T08:57:20+00:00,ES,GERMANY-20GB-30D,B0GSZP9H94,fbm0,ALREADY_OFF,offer already on DEFAULT
2026-08-18T08:57:22+00:00,ES,GIBRALTAR-3GB-15D,B0FR8XSPMC,fbm0,ALREADY_OFF,offer already on DEFAULT
2026-08-18T08:57:23+00:00,ES,GLOBAL139-5GB-30D,B0FR9VNTLY,fbm0,ALREADY_OFF,offer already on DEFAULT
2026-08-18T08:57:24+00:00,ES,GREECE-3GB-15D,B0FR9L85F6,fbm0,ALREADY_OFF,offer already on DEFAULT
2026-08-18T08:57:25+00:00,ES,GREECE-5GB-30D,B0FR9C7SMF,fbm0,ALREADY_OFF,offer already on DEFAULT
2026-08-18T08:57:27+00:00,ES,GREECE-20GB-30D,B0FR9KJGBG,fbm0,ALREADY_OFF,offer already on DEFAULT
2026-08-18T08:57:28+00:00,ES,GUADELOUPE-3GB-15D,B0FR9TMVWK,fbm0,ALREADY_OFF,offer already on DEFAULT
2026-08-18T08:57:29+00:00,ES,GUADELOUPE-20GB-30D,B0FR8XTBF6,fbm0,ALREADY_OFF,offer already on DEFAULT
2026-08-18T08:57:30+00:00,ES,GUAM-3GB-15D,B0FR9GVSSF,fbm0,ALREADY_OFF,offer already on DEFAULT
2026-08-18T08:57:32+00:00,ES,GUAM-5GB-30D,B0FR9SVP8Y,fbm0,ALREADY_OFF,offer already on DEFAULT
2026-08-18T08:57:33+00:00,ES,GUAM-20GB-30D,B0FR9C7MGP,fbm0,ALREADY_OFF,offer already on DEFAULT
2026-08-18T08:57:34+00:00,ES,GUATEMALA-3GB-15D,B0FR9VC6VD,fbm0,ALREADY_OFF,offer already on DEFAULT
2026-08-18T08:57:35+00:00,ES,GUERNSEY-3GB-15D,B0FR9SMWDN,fbm0,ALREADY_OFF,offer already on DEFAULT
2026-08-18T08:57:37+00:00,ES,GUERNSEY-5GB-30D,B0FR9C5PXR,fbm0,ALREADY_OFF,offer already on DEFAULT
2026-08-18T08:57:38+00:00,ES,GUERNSEY-20GB-30D,B0FR9LYWWY,fbm0,ALREADY_OFF,offer already on DEFAULT
2026-08-18T08:57:39+00:00,ES,HONDURAS-3GB-15D,B0FR9ZYV5G,fbm0,ALREADY_OFF,offer already on DEFAULT
2026-08-18T08:57:40+00:00,ES,HONG-KONG-3GB-15D,B0FR9CC6Q8,fbm0,ALREADY_OFF,offer already on DEFAULT
2026-08-18T08:57:42+00:00,ES,HONG-KONG-5GB-30D,B0FR9GXYYL,fbm0,ALREADY_OFF,offer already on DEFAULT
2026-08-18T08:57:43+00:00,ES,HONG-KONG-20GB-30D,B0FR9GXZ6F,fbm0,ALREADY_OFF,offer already on DEFAULT
2026-08-18T08:57:44+00:00,ES,HUNGARY-3GB-15D,B0FR9C9JVW,fbm0,ALREADY_OFF,offer already on DEFAULT
2026-08-18T08:57:45+00:00,ES,HUNGARY-5GB-30D,B0FR9GY3R5,fbm0,ALREADY_OFF,offer already on DEFAULT
2026-08-18T08:57:47+00:00,ES,HUNGARY-20GB-30D,B0FR9ZVYYQ,fbm0,ALREADY_OFF,offer already on DEFAULT
2026-08-18T08:57:48+00:00,ES,ICELAND-3GB-15D,B0FR9TBBK1,fbm0,ALREADY_OFF,offer already on DEFAULT
2026-08-18T08:57:49+00:00,ES,ICELAND-5GB-30D,B0FR9ZWQBD,fbm0,ALREADY_OFF,offer already on DEFAULT
2026-08-18T08:57:50+00:00,ES,ICELAND-20GB-30D,B0FR9GX6LF,fbm0,ALREADY_OFF,offer already on DEFAULT
2026-08-18T08:57:51+00:00,ES,INDIA-3GB-15D,B0FR9ZM116,fbm0,ALREADY_OFF,offer already on DEFAULT
2026-08-18T08:57:53+00:00,ES,INDIA-5GB-30D,B0FR9GXWN9,fbm0,ALREADY_OFF,offer already on DEFAULT
2026-08-18T08:57:54+00:00,ES,INDIA-20GB-30D,B0FR9DYMHX,fbm0,ALREADY_OFF,offer already on DEFAULT
2026-08-18T08:57:55+00:00,ES,INDONESIA-3GB-15D,B0FR9T6QPZ,fbm0,ALREADY_OFF,offer already on DEFAULT
2026-08-18T08:57:56+00:00,ES,INDONESIA-5GB-30D,B0FR8XW5DR,fbm0,ALREADY_OFF,offer already on DEFAULT
2026-08-18T08:57:58+00:00,ES,INDONESIA-20GB-30D,B0FR9QXRDQ,fbm0,ALREADY_OFF,offer already on DEFAULT
2026-08-18T08:57:59+00:00,ES,IRELAND-3GB-15D,B0FR8XV57F,fbm0,ALREADY_OFF,offer already on DEFAULT
2026-08-18T08:58:00+00:00,ES,IRELAND-5GB-30D,B0FR9GYKQL,fbm0,ALREADY_OFF,offer already on DEFAULT
2026-08-18T08:58:02+00:00,ES,IRELAND-20GB-30D,B0FR9SZG2Z,fbm0,ALREADY_OFF,offer already on DEFAULT
2026-08-18T08:58:03+00:00,ES,ISLE-OF-MAN-3GB-15D,B0FR9LZ7RL,fbm0,ALREADY_OFF,offer already on DEFAULT
2026-08-18T08:58:04+00:00,ES,ISLE-OF-MAN-5GB-30D,B0FR9M27XY,fbm0,ALREADY_OFF,offer already on DEFAULT
2026-08-18T08:58:05+00:00,ES,ISLE-OF-MAN-20GB-30D,B0FR9CB5LK,fbm0,ALREADY_OFF,offer already on DEFAULT
2026-08-18T08:58:07+00:00,ES,ISRAEL-3GB-15D,B0FR9M11H1,fbm0,ALREADY_OFF,offer already on DEFAULT
2026-08-18T08:58:08+00:00,ES,ISRAEL-5GB-30D,B0FR8XVZZM,fbm0,ALREADY_OFF,offer already on DEFAULT
2026-08-18T08:58:09+00:00,ES,ISRAEL-20GB-30D,B0FR9K8SQ1,fbm0,ALREADY_OFF,offer already on DEFAULT
2026-08-18T08:58:10+00:00,ES,ITALY-3GB-15D,B0FR9GXZ18,fbm0,ALREADY_OFF,offer already on DEFAULT
2026-08-18T08:58:12+00:00,ES,ITALY-5GB-30D,B0FR9ZR2TH,fbm0,ALREADY_OFF,offer already on DEFAULT
2026-08-18T08:58:13+00:00,ES,ITALY-20GB-30D,B0FR9RNZV2,fbm0,ALREADY_OFF,offer already on DEFAULT
2026-08-18T08:58:14+00:00,ES,JAPAN-3GB-15D,B0FR9LVZVQ,fbm0,ALREADY_OFF,offer already on DEFAULT
2026-08-18T08:58:16+00:00,ES,JAPAN-5GB-30D,B0FR9TLXXH,fbm0,ALREADY_OFF,offer already on DEFAULT
2026-08-18T08:58:17+00:00,ES,JAPAN-20GB-30D,B0FR9RZKRB,fbm0,ALREADY_OFF,offer already on DEFAULT
2026-08-18T08:58:18+00:00,ES,JERSEY-3GB-15D,B0FR9GYMR5,fbm0,ALREADY_OFF,offer already on DEFAULT
2026-08-18T08:58:19+00:00,ES,JERSEY-5GB-30D,B0FR9M27GP,fbm0,ALREADY_OFF,offer already on DEFAULT
2026-08-18T08:58:21+00:00,ES,JERSEY-20GB-30D,B0FR9CBQDH,fbm0,ALREADY_OFF,offer already on DEFAULT
2026-08-18T08:58:22+00:00,ES,JORDAN-3GB-15D,B0FR9M144Z,fbm0,ALREADY_OFF,offer already on DEFAULT
2026-08-18T08:58:24+00:00,ES,JORDAN-5GB-30D,B0FR9ZTZNK,fbm0,ALREADY_OFF,offer already on DEFAULT
2026-08-18T08:58:25+00:00,ES,JORDAN-20GB-30D,B0FR9ST188,fbm0,ALREADY_OFF,offer already on DEFAULT
2026-08-18T08:58:26+00:00,ES,KAZAKHSTAN-3GB-15D,B0FR9T4DG2,fbm0,ALREADY_OFF,offer already on DEFAULT
2026-08-18T08:58:28+00:00,ES,KAZAKHSTAN-5GB-30D,B0FR9ZMMSH,fbm0,ALREADY_OFF,offer already on DEFAULT
2026-08-18T08:58:29+00:00,ES,KAZAKHSTAN-20GB-30D,B0FR9TLNNW,fbm0,ALREADY_OFF,offer already on DEFAULT
2026-08-18T08:58:30+00:00,ES,KENYA-3GB-15D,B0FR9GZ14G,fbm0,ALREADY_OFF,offer already on DEFAULT
2026-08-18T08:58:31+00:00,ES,KENYA-5GB-30D,B0FR9T4DG6,fbm0,ALREADY_OFF,offer already on DEFAULT
2026-08-18T08:58:33+00:00,ES,KUWAIT-3GB-15D,B0FR9LZJ3X,fbm0,ALREADY_OFF,offer already on DEFAULT
2026-08-18T08:58:34+00:00,ES,KUWAIT-5GB-30D,B0FR9M2TXP,fbm0,ALREADY_OFF,offer already on DEFAULT
2026-08-18T08:58:35+00:00,ES,KUWAIT-20GB-30D,B0FR9KBF4P,fbm0,ALREADY_OFF,offer already on DEFAULT
2026-08-18T08:58:37+00:00,ES,KYRGYZSTAN-3GB-15D,B0FR9TVF4R,fbm0,ALREADY_OFF,offer already on DEFAULT
2026-08-18T08:58:38+00:00,ES,KYRGYZSTAN-20GB-30D,B0FR8XXBHM,fbm0,ALREADY_OFF,offer already on DEFAULT
2026-08-18T08:58:40+00:00,ES,LATVIA-3GB-15D,B0FR9VM4K6,fbm0,ALREADY_OFF,offer already on DEFAULT
2026-08-18T08:58:41+00:00,ES,LATVIA-5GB-30D,B0FR9TR99S,fbm0,ALREADY_OFF,offer already on DEFAULT
2026-08-18T08:58:43+00:00,ES,LATVIA-20GB-30D,B0FR9SWN6V,fbm0,ALREADY_OFF,offer already on DEFAULT
2026-08-18T08:58:44+00:00,ES,LIBERIA-3GB-15D,B0FR9H18JQ,fbm0,ALREADY_OFF,offer already on DEFAULT
2026-08-18T08:58:45+00:00,ES,LIBERIA-5GB-30D,B0FR9SJ1YH,fbm0,ALREADY_OFF,offer already on DEFAULT
2026-08-18T08:58:47+00:00,ES,LIECHTENSTEIN-3GB-15D,B0FR9S35ZH,fbm0,ALREADY_OFF,offer already on DEFAULT
2026-08-18T08:58:48+00:00,ES,LITHUANIA-3GB-15D,B0FR9KS3P4,fbm0,ALREADY_OFF,offer already on DEFAULT
2026-08-18T08:58:49+00:00,ES,LITHUANIA-5GB-30D,B0FR9R598C,fbm0,ALREADY_OFF,offer already on DEFAULT
2026-08-18T08:58:51+00:00,ES,LITHUANIA-20GB-30D,B0FR9TQN8N,fbm0,ALREADY_OFF,offer already on DEFAULT
2026-08-18T08:58:52+00:00,ES,LUXEMBOURG-3GB-15D,B0FR9SHRKM,fbm0,ALREADY_OFF,offer already on DEFAULT
2026-08-18T08:58:53+00:00,ES,LUXEMBOURG-5GB-30D,B0FR9SB862,fbm0,ALREADY_OFF,offer already on DEFAULT
2026-08-18T08:58:55+00:00,ES,LUXEMBOURG-20GB-30D,B0FR8XXXZB,fbm0,ALREADY_OFF,offer already on DEFAULT
2026-08-18T08:58:57+00:00,ES,MACAO-3GB-15D,B0FR9M485M,fbm0,ALREADY_OFF,offer already on DEFAULT
2026-08-18T08:58:58+00:00,ES,MACAO-5GB-30D,B0FR9L9624,fbm0,ALREADY_OFF,offer already on DEFAULT
2026-08-18T08:58:59+00:00,ES,MACAO-20GB-30D,B0FR9CDBN2,fbm0,ALREADY_OFF,offer already on DEFAULT
2026-08-18T08:59:01+00:00,ES,MADAGASCAR-3GB-15D,B0FR9H2NS1,fbm0,ALREADY_OFF,offer already on DEFAULT
2026-08-18T08:59:02+00:00,ES,MALAWI-3GB-15D,B0FR9H3JDK,fbm0,ALREADY_OFF,offer already on DEFAULT
2026-08-18T08:59:04+00:00,ES,MALAWI-5GB-30D,B0FR9GXY24,fbm0,ALREADY_OFF,offer already on DEFAULT
2026-08-18T08:59:05+00:00,ES,MALAYSIA-3GB-15D,B0FR9H1Q65,fbm0,ALREADY_OFF,offer already on DEFAULT
2026-08-18T08:59:06+00:00,ES,MALAYSIA-5GB-30D,B0FR9LDGX8,fbm0,ALREADY_OFF,offer already on DEFAULT
2026-08-18T08:59:07+00:00,ES,MALAYSIA-20GB-30D,B0FR9VMWYD,fbm0,ALREADY_OFF,offer already on DEFAULT
2026-08-18T08:59:08+00:00,ES,MALI-3GB-15D,B0FR9TRDSY,fbm0,ALREADY_OFF,offer already on DEFAULT
2026-08-18T08:59:10+00:00,ES,MALTA-3GB-15D,B0FR9M3PNR,fbm0,ALREADY_OFF,offer already on DEFAULT
2026-08-18T08:59:11+00:00,ES,MALTA-5GB-30D,B0FR9ZSMTC,fbm0,ALREADY_OFF,offer already on DEFAULT
2026-08-18T08:59:12+00:00,ES,MALTA-20GB-30D,B0FR9VL1Q9,fbm0,ALREADY_OFF,offer already on DEFAULT
2026-08-18T08:59:13+00:00,ES,MEXICO-3GB-15D,B0FR9SZSTG,fbm0,ALREADY_OFF,offer already on DEFAULT
2026-08-18T08:59:15+00:00,ES,MEXICO-5GB-30D,B0FR9H2K1C,fbm0,ALREADY_OFF,offer already on DEFAULT
2026-08-18T08:59:16+00:00,ES,MEXICO-20GB-30D,B0FR9VDSJX,fbm0,ALREADY_OFF,offer already on DEFAULT
2026-08-18T08:59:17+00:00,ES,MIDDLE-EAST-5GB-30D,B0FR9SYKP6,fbm0,ALREADY_OFF,offer already on DEFAULT
2026-08-18T08:59:18+00:00,ES,MOLDOVA-3GB-15D,B0FR9CFQYY,fbm0,ALREADY_OFF,offer already on DEFAULT
2026-08-18T08:59:20+00:00,ES,MONACO-3GB-15D,B0FR9ZS6GM,fbm0,ALREADY_OFF,offer already on DEFAULT
2026-08-18T08:59:21+00:00,ES,MONACO-5GB-30D,B0FR9H1H4M,fbm0,ALREADY_OFF,offer already on DEFAULT
2026-08-18T08:59:23+00:00,ES,MONGOLIA-3GB-15D,B0FR9LSYTX,fbm0,ALREADY_OFF,offer already on DEFAULT
2026-08-18T08:59:24+00:00,ES,MONTENEGRO-3GB-15D,B0FR9R5HR7,fbm0,ALREADY_OFF,offer already on DEFAULT
2026-08-18T08:59:25+00:00,ES,MOROCCO-3GB-15D,B0FR9CFZQR,fbm0,ALREADY_OFF,offer already on DEFAULT
2026-08-18T08:59:26+00:00,ES,MOROCCO-5GB-30D,B0FR9CDDQ8,fbm0,ALREADY_OFF,offer already on DEFAULT
2026-08-18T08:59:27+00:00,ES,MOROCCO-20GB-30D,B0FR9M57DY,fbm0,ALREADY_OFF,offer already on DEFAULT
2026-08-18T08:59:29+00:00,ES,MOZAMBIQUE-3GB-15D,B0FRB1M6HK,fbm0,ALREADY_OFF,offer already on DEFAULT
2026-08-18T08:59:30+00:00,ES,MOZAMBIQUE-20GB-30D,B0FR9CFLS7,fbm0,ALREADY_OFF,offer already on DEFAULT
2026-08-18T08:59:32+00:00,ES,NEPAL-3GB-15D,B0FRB1TD7L,fbm0,ALREADY_OFF,offer already on DEFAULT
2026-08-18T08:59:33+00:00,ES,NETHERLANDS-3GB-15D,B0FRB5GNM2,fbm0,ALREADY_OFF,offer already on DEFAULT
2026-08-18T08:59:34+00:00,ES,NETHERLANDS-5GB-30D,B0FR9NHP7Q,fbm0,ALREADY_OFF,offer already on DEFAULT
2026-08-18T08:59:35+00:00,ES,NETHERLANDS-20GB-30D,B0FR9NG7LB,fbm0,ALREADY_OFF,offer already on DEFAULT
2026-08-18T08:59:37+00:00,ES,NEW-ZEALAND-3GB-15D,B0FR9NKXF5,fbm0,ALREADY_OFF,offer already on DEFAULT
2026-08-18T08:59:38+00:00,ES,NEW-ZEALAND-5GB-30D,B0FR9NHFWQ,fbm0,ALREADY_OFF,offer already on DEFAULT
2026-08-18T08:59:39+00:00,ES,NEW-ZEALAND-20GB-30D,B0FRB1TWT8,fbm0,ALREADY_OFF,offer already on DEFAULT
2026-08-18T08:59:41+00:00,ES,NICARAGUA-3GB-15D,B0FRB33MPG,fbm0,ALREADY_OFF,offer already on DEFAULT
2026-08-18T08:59:42+00:00,ES,NIGER-3GB-15D,B0FR9NPT1H,fbm0,ALREADY_OFF,offer already on DEFAULT
2026-08-18T08:59:43+00:00,ES,NIGERIA-3GB-15D,B0FR9X17QY,fbm0,ALREADY_OFF,offer already on DEFAULT
2026-08-18T08:59:44+00:00,ES,NORTH-AMERICA-5GB-30D,B0FRBDQ8H5,fbm0,ALREADY_OFF,offer already on DEFAULT
2026-08-18T08:59:45+00:00,ES,NORTH-MACEDONIA-3GB-15D,B0FRB59DJS,fbm0,ALREADY_OFF,offer already on DEFAULT
2026-08-18T08:59:46+00:00,ES,NORTH-MACEDONIA-5GB-30D,B0FR9WNHHX,fbm0,ALREADY_OFF,offer already on DEFAULT
2026-08-18T08:59:48+00:00,ES,NORWAY-3GB-15D,B0FR9WNK2H,fbm0,ALREADY_OFF,offer already on DEFAULT
2026-08-18T08:59:49+00:00,ES,NORWAY-5GB-30D,B0FRBNPZ9D,fbm0,ALREADY_OFF,offer already on DEFAULT
2026-08-18T08:59:50+00:00,ES,NORWAY-20GB-30D,B0FRB572L8,fbm0,ALREADY_OFF,offer already on DEFAULT
2026-08-18T08:59:51+00:00,ES,OMAN-3GB-15D,B0FRB4BL4W,fbm0,ALREADY_OFF,offer already on DEFAULT
2026-08-18T08:59:52+00:00,ES,OMAN-20GB-30D,B0FRB4R3FK,fbm0,ALREADY_OFF,offer already on DEFAULT
2026-08-18T08:59:54+00:00,ES,PAKISTAN-3GB-15D,B0FRB4HL3B,fbm0,ALREADY_OFF,offer already on DEFAULT
2026-08-18T08:59:55+00:00,ES,PAKISTAN-5GB-30D,B0FRB48QKZ,fbm0,ALREADY_OFF,offer already on DEFAULT
2026-08-18T08:59:56+00:00,ES,PAKISTAN-20GB-30D,B0FRB691X8,fbm0,ALREADY_OFF,offer already on DEFAULT
2026-08-18T08:59:57+00:00,ES,PANAMA-3GB-15D,B0FRB3VFW6,fbm0,ALREADY_OFF,offer already on DEFAULT
2026-08-18T08:59:59+00:00,ES,PARAGUAY-3GB-15D,B0FRB3V7CS,fbm0,ALREADY_OFF,offer already on DEFAULT
2026-08-18T09:00:00+00:00,ES,PHILIPPINES-3GB-15D,B0FRB1GVXK,fbm0,ALREADY_OFF,offer already on DEFAULT
2026-08-18T09:00:01+00:00,ES,PHILIPPINES-5GB-30D,B0FRB4VCKG,fbm0,ALREADY_OFF,offer already on DEFAULT
2026-08-18T09:00:03+00:00,ES,PHILIPPINES-20GB-30D,B0FRB4K2D4,fbm0,ALREADY_OFF,offer already on DEFAULT
2026-08-18T09:00:04+00:00,ES,POLAND-3GB-15D,B0FRB4JVKR,fbm0,ALREADY_OFF,offer already on DEFAULT
2026-08-18T09:00:05+00:00,ES,POLAND-5GB-30D,B0FRBDPQ9J,fbm0,ALREADY_OFF,offer already on DEFAULT
2026-08-18T09:00:07+00:00,ES,POLAND-20GB-30D,B0FRB5HSK7,fbm0,ALREADY_OFF,offer already on DEFAULT
2026-08-18T09:00:08+00:00,ES,PORTUGAL-3GB-15D,B0FRB4314T,fbm0,ALREADY_OFF,offer already on DEFAULT
2026-08-18T09:00:09+00:00,ES,PORTUGAL-5GB-30D,B0FRB4X799,fbm0,ALREADY_OFF,offer already on DEFAULT
2026-08-18T09:00:10+00:00,ES,PORTUGAL-20GB-30D,B0FRB354KV,fbm0,ALREADY_OFF,offer already on DEFAULT
2026-08-18T09:00:11+00:00,ES,PUERTO-RICO-3GB-15D,B0FRB5MSF1,fbm0,ALREADY_OFF,offer already on DEFAULT
2026-08-18T09:00:12+00:00,ES,PUERTO-RICO-5GB-30D,B0FR9WMX9V,fbm0,ALREADY_OFF,offer already on DEFAULT
2026-08-18T09:00:14+00:00,ES,QATAR-3GB-15D,B0FR9NXH43,fbm0,ALREADY_OFF,offer already on DEFAULT
2026-08-18T09:00:15+00:00,ES,QATAR-5GB-30D,B0FR9X5KB1,fbm0,ALREADY_OFF,offer already on DEFAULT
2026-08-18T09:00:16+00:00,ES,QATAR-20GB-30D,B0FR9X3QGM,fbm0,ALREADY_OFF,offer already on DEFAULT
2026-08-18T09:00:17+00:00,ES,REUNION-3GB-15D,B0FRB3KCNQ,fbm0,ALREADY_OFF,offer already on DEFAULT
2026-08-18T09:00:19+00:00,ES,REUNION-5GB-30D,B0FRB47TQW,fbm0,ALREADY_OFF,offer already on DEFAULT
2026-08-18T09:00:20+00:00,ES,SAUDI-ARABIA-3GB-15D,B0FRB3N2KL,fbm0,ALREADY_OFF,offer already on DEFAULT
2026-08-18T09:00:21+00:00,ES,SAUDI-ARABIA-5GB-30D,B0FRB1SRZY,fbm0,ALREADY_OFF,offer already on DEFAULT
2026-08-18T09:00:22+00:00,ES,SAUDI-ARABIA-20GB-30D,B0FRB5PZTS,fbm0,ALREADY_OFF,offer already on DEFAULT
2026-08-18T09:00:23+00:00,ES,SENEGAL-3GB-15D,B0FRB4HX92,fbm0,ALREADY_OFF,offer already on DEFAULT
2026-08-18T09:00:25+00:00,ES,SENEGAL-5GB-30D,B0FRB68H77,fbm0,ALREADY_OFF,offer already on DEFAULT
2026-08-18T09:00:26+00:00,ES,SERBIA-3GB-15D,B0FRB5TJV2,fbm0,ALREADY_OFF,offer already on DEFAULT
2026-08-18T09:00:27+00:00,ES,SERBIA-20GB-30D,B0FRB5K8JC,fbm0,ALREADY_OFF,offer already on DEFAULT
2026-08-18T09:00:28+00:00,ES,SEYCHELLES-3GB-15D,B0FRB55T3H,fbm0,ALREADY_OFF,offer already on DEFAULT
2026-08-18T09:00:30+00:00,ES,SEYCHELLES-5GB-30D,B0FR9P7N6M,fbm0,ALREADY_OFF,offer already on DEFAULT
2026-08-18T09:00:31+00:00,ES,SINGAPORE-5GB-30D,B0FR9X3Y3R,fbm0,ALREADY_OFF,offer already on DEFAULT
2026-08-18T09:00:32+00:00,ES,SINGAPORE-20GB-30D,B0FRB256K8,fbm0,ALREADY_OFF,offer already on DEFAULT
2026-08-18T09:00:33+00:00,ES,SLOVAKIA-3GB-15D,B0FR9XC4BW,fbm0,ALREADY_OFF,offer already on DEFAULT
2026-08-18T09:00:34+00:00,ES,SLOVAKIA-5GB-30D,B0FRB2X84M,fbm0,ALREADY_OFF,offer already on DEFAULT
2026-08-18T09:00:36+00:00,ES,SLOVAKIA-20GB-30D,B0FRB14YYC,fbm0,ALREADY_OFF,offer already on DEFAULT
2026-08-18T09:00:37+00:00,ES,SLOVENIA-3GB-15D,B0FR9XCF27,fbm0,ALREADY_OFF,offer already on DEFAULT
2026-08-18T09:00:38+00:00,ES,SLOVENIA-5GB-30D,B0FRB3SJMR,fbm0,ALREADY_OFF,offer already on DEFAULT
2026-08-18T09:00:39+00:00,ES,SLOVENIA-20GB-30D,B0FR9X15V2,fbm0,ALREADY_OFF,offer already on DEFAULT
2026-08-18T09:00:41+00:00,ES,SOUTH-AFRICA-5GB-30D,B0FRB3R6F3,fbm0,ALREADY_OFF,offer already on DEFAULT
2026-08-18T09:00:42+00:00,ES,SOUTH-AMERICA-5GB-30D,B0FRB8D7HC,fbm0,ALREADY_OFF,offer already on DEFAULT
2026-08-18T09:00:43+00:00,ES,SOUTH-KOREA-3GB-15D,B0FRC4RTDF,fbm0,ALREADY_OFF,offer already on DEFAULT
2026-08-18T09:00:44+00:00,ES,SOUTH-KOREA-5GB-30D,B0FRD9LC4C,fbm0,ALREADY_OFF,offer already on DEFAULT
2026-08-18T09:00:46+00:00,ES,SOUTH-KOREA-20GB-30D,B0FRC4P51Z,fbm0,ALREADY_OFF,offer already on DEFAULT
2026-08-18T09:00:48+00:00,ES,SPAIN-3GB-15D,B0FRCDHTZ7,fbm0,ALREADY_OFF,offer already on DEFAULT
2026-08-18T09:00:49+00:00,ES,SPAIN-5GB-30D,B0FRBQCLZN,fbm0,ALREADY_OFF,offer already on DEFAULT
2026-08-18T09:00:50+00:00,ES,SPAIN-20GB-30D,B0FRCMPGPL,fbm0,ALREADY_OFF,offer already on DEFAULT
2026-08-18T09:00:51+00:00,ES,SRI-LANKA-3GB-15D,B0FRB7Z1NW,fbm0,ALREADY_OFF,offer already on DEFAULT
2026-08-18T09:00:52+00:00,ES,SRI-LANKA-5GB-30D,B0FRB64B8M,fbm0,ALREADY_OFF,offer already on DEFAULT
2026-08-18T09:00:54+00:00,ES,SRI-LANKA-20GB-30D,B0FRC2DZN5,fbm0,ALREADY_OFF,offer already on DEFAULT
2026-08-18T09:00:55+00:00,ES,SUDAN-3GB-15D,B0FRCKTXNQ,fbm0,ALREADY_OFF,offer already on DEFAULT
2026-08-18T09:00:56+00:00,ES,SUDAN-5GB-30D,B0FRC799N3,fbm0,ALREADY_OFF,offer already on DEFAULT
2026-08-18T09:00:57+00:00,ES,SWEDEN-3GB-15D,B0FRCC6W9S,fbm0,ALREADY_OFF,offer already on DEFAULT
2026-08-18T09:00:59+00:00,ES,SWEDEN-5GB-30D,B0FRCS524D,fbm0,ALREADY_OFF,offer already on DEFAULT
2026-08-18T09:01:00+00:00,ES,SWEDEN-20GB-30D,B0FRB7X5SP,fbm0,ALREADY_OFF,offer already on DEFAULT
2026-08-18T09:01:01+00:00,ES,SWITZERLAND-3GB-15D,B0FRB5LFVC,fbm0,ALREADY_OFF,offer already on DEFAULT
2026-08-18T09:01:02+00:00,ES,SWITZERLAND-5GB-30D,B0FRB7G4VW,fbm0,ALREADY_OFF,offer already on DEFAULT
2026-08-18T09:01:04+00:00,ES,SWITZERLAND-20GB-30D,B0FRB6VY7S,fbm0,ALREADY_OFF,offer already on DEFAULT
2026-08-18T09:01:05+00:00,ES,TANZANIA-3GB-15D,B0FRC81NPJ,fbm0,ALREADY_OFF,offer already on DEFAULT
2026-08-18T09:01:06+00:00,ES,THAILAND-3GB-15D,B0FRCDPJSH,fbm0,ALREADY_OFF,offer already on DEFAULT
2026-08-18T09:01:07+00:00,ES,THAILAND-5GB-30D,B0FR9Q5D1J,fbm0,ALREADY_OFF,offer already on DEFAULT
2026-08-18T09:01:08+00:00,ES,THAILAND-20GB-30D,B0FRCHW3MW,fbm0,ALREADY_OFF,offer already on DEFAULT
2026-08-18T09:01:10+00:00,ES,TUNISIA-5GB-30D,B0FRB7Q96Z,fbm0,ALREADY_OFF,offer already on DEFAULT
2026-08-18T09:01:11+00:00,ES,TURKEY-3GB-15D,B0FRC2PSHM,fbm0,ALREADY_OFF,offer already on DEFAULT
2026-08-18T09:01:12+00:00,ES,TURKEY-5GB-30D,B0FRCBZ1BB,fbm0,ALREADY_OFF,offer already on DEFAULT
2026-08-18T09:01:14+00:00,ES,TURKEY-20GB-30D,B0FRCYMWCX,fbm0,ALREADY_OFF,offer already on DEFAULT
2026-08-18T09:01:15+00:00,ES,UGANDA-3GB-15D,B0FRB7F7Z9,fbm0,ALREADY_OFF,offer already on DEFAULT
2026-08-18T09:01:16+00:00,ES,UKRAINE-3GB-15D,B0FRB9SBFR,fbm0,ALREADY_OFF,offer already on DEFAULT
2026-08-18T09:01:17+00:00,ES,UKRAINE-5GB-30D,B0FRC2NRKG,fbm0,ALREADY_OFF,offer already on DEFAULT
2026-08-18T09:01:18+00:00,ES,UNITED-ARAB-EMIRATES-3GB-15D,B0FRBBYBGH,fbm0,ALREADY_OFF,offer already on DEFAULT
2026-08-18T09:01:19+00:00,ES,UNITED-ARAB-EMIRATES-5GB-30D,B0FRB89XHX,fbm0,ALREADY_OFF,offer already on DEFAULT
2026-08-18T09:01:21+00:00,ES,UNITED-ARAB-EMIRATES-20GB-30D,B0FRB7TFJR,fbm0,ALREADY_OFF,offer already on DEFAULT
2026-08-18T09:01:22+00:00,ES,UNITED-KINGDOM-3GB-15D,B0FRCPD8TS,fbm0,ALREADY_OFF,offer already on DEFAULT
2026-08-18T09:01:23+00:00,ES,UNITED-KINGDOM-5GB-30D,B0FRDDRGJF,fbm0,ALREADY_OFF,offer already on DEFAULT
2026-08-18T09:01:24+00:00,ES,UNITED-KINGDOM-20GB-30D,B0FRDGCBTN,fbm0,ALREADY_OFF,offer already on DEFAULT
2026-08-18T09:01:25+00:00,ES,UNITED-STATES-3GB-15D,B0FRCFXK3V,fbm0,ALREADY_OFF,offer already on DEFAULT
2026-08-18T09:01:27+00:00,ES,UNITED-STATES-5GB-30D,B0FRC2PQ8H,fbm0,ALREADY_OFF,offer already on DEFAULT
2026-08-18T09:01:28+00:00,ES,URUGUAY-3GB-15D,B0FRB7LHGN,fbm0,ALREADY_OFF,offer already on DEFAULT
2026-08-18T09:01:30+00:00,ES,UZBEKISTAN-5GB-30D,B0FRBWFZ6M,fbm0,ALREADY_OFF,offer already on DEFAULT
2026-08-18T09:01:31+00:00,ES,VIETNAM-3GB-15D,B0FRBR2DHW,fbm0,ALREADY_OFF,offer already on DEFAULT
2026-08-18T09:01:32+00:00,ES,VIETNAM-5GB-30D,B0FRCBXRGV,fbm0,ALREADY_OFF,offer already on DEFAULT
2026-08-18T09:01:33+00:00,ES,VIETNAM-20GB-30D,B0FRC2NKC4,fbm0,ALREADY_OFF,offer already on DEFAULT
2026-08-18T09:01:35+00:00,ES,ZAMBIA-5GB-30D,B0FRCL97L4,fbm0,ALREADY_OFF,offer already on DEFAULT
2026-08-18T09:01:36+00:00,ES,GAMBIA-3GB-15D,B0H2FTMBBQ,fbm0,ALREADY_OFF,offer already on DEFAULT
2026-08-18T09:01:37+00:00,ES,GAMBIA-5GB-30D,B0H2FQ3QJ9,fbm0,ALREADY_OFF,offer already on DEFAULT
2026-08-18T09:01:38+00:00,ES,MAURITIUS-5GB-30D,B0H2G2XMS3,fbm0,ALREADY_OFF,offer already on DEFAULT
2026-08-18T09:01:40+00:00,ES,AE_20_30,B0FRB7TFJR,fbm0,ALREADY_OFF,offer already on DEFAULT
2026-08-18T09:01:41+00:00,ES,AE_3_15,B0FRBBYBGH,fbm0,ALREADY_OFF,offer already on DEFAULT
2026-08-18T09:01:42+00:00,ES,AE_5_30,B0FRB89XHX,fbm0,ALREADY_OFF,offer already on DEFAULT
2026-08-18T09:01:44+00:00,ES,AF-29_5_30,B0FR3GK9Z7,fbm0,ALREADY_OFF,offer already on DEFAULT
2026-08-18T09:01:45+00:00,ES,AL_5_30,B0FR4ZG3Z6,fbm0,ALREADY_OFF,offer already on DEFAULT
2026-08-18T09:01:46+00:00,ES,AM_20_30,B0FR4ZT5XT,fbm0,ALREADY_OFF,offer already on DEFAULT
2026-08-18T09:01:47+00:00,ES,AM_3_15,B0FR5BK9R4,fbm0,ALREADY_OFF,offer already on DEFAULT
2026-08-18T09:01:49+00:00,ES,AR_20_30,B0FR5DCH33,fbm0,ALREADY_OFF,offer already on DEFAULT
2026-08-18T09:01:50+00:00,ES,AR_3_15,B0FR554SXN,fbm0,ALREADY_OFF,offer already on DEFAULT
2026-08-18T09:01:51+00:00,ES,AS-20_3_15,B0FR9FZ4RF,fbm0,ALREADY_OFF,offer already on DEFAULT
2026-08-18T09:01:52+00:00,ES,AS-20_5_30,B0FR9BQNSV,fbm0,ALREADY_OFF,offer already on DEFAULT
2026-08-18T09:01:54+00:00,ES,AT_20_30,B0FR8XBSBP,fbm0,ALREADY_OFF,offer already on DEFAULT
2026-08-18T09:01:55+00:00,ES,AT_3_15,B0FR9QSMSP,fbm0,ALREADY_OFF,offer already on DEFAULT
2026-08-18T09:01:56+00:00,ES,AT_5_30,B0FR8XCH78,fbm0,ALREADY_OFF,offer already on DEFAULT
2026-08-18T09:01:57+00:00,ES,AU_20_30,B0FR9G1ZQJ,fbm0,ALREADY_OFF,offer already on DEFAULT
2026-08-18T09:01:58+00:00,ES,AU_3_15,B0FR9SKY4D,fbm0,ALREADY_OFF,offer already on DEFAULT
2026-08-18T09:01:59+00:00,ES,AU_5_30,B0FR9JRB62,fbm0,ALREADY_OFF,offer already on DEFAULT
2026-08-18T09:02:01+00:00,ES,AX_20_30,B0FR39Q1KJ,fbm0,ALREADY_OFF,offer already on DEFAULT
2026-08-18T09:02:02+00:00,ES,AX_3_15,B0FR3CCSMB,fbm0,ALREADY_OFF,offer already on DEFAULT
2026-08-18T09:02:04+00:00,ES,AX_5_30,B0FR3G6JWB,fbm0,ALREADY_OFF,offer already on DEFAULT
2026-08-18T09:02:05+00:00,ES,AZ_3_15,B0FR9BTC98,fbm0,ALREADY_OFF,offer already on DEFAULT
2026-08-18T09:02:06+00:00,ES,BA_3_15,B0FR9G8ZVK,fbm0,ALREADY_OFF,offer already on DEFAULT
2026-08-18T09:02:07+00:00,ES,BD_20_30,B0FR8FJ3HJ,fbm0,ALREADY_OFF,offer already on DEFAULT
2026-08-18T09:02:08+00:00,ES,BD_3_15,B0FR9L7SG3,fbm0,ALREADY_OFF,offer already on DEFAULT
2026-08-18T09:02:10+00:00,ES,BD_5_30,B0FR9BQFCM,fbm0,ALREADY_OFF,offer already on DEFAULT
2026-08-18T09:02:11+00:00,ES,BE_20_30,B0FR9BVRCH,fbm0,ALREADY_OFF,offer already on DEFAULT
2026-08-18T09:02:12+00:00,ES,BE_3_15,B0FR9G432K,fbm0,ALREADY_OFF,offer already on DEFAULT
2026-08-18T09:02:13+00:00,ES,BE_5_30,B0FR9SXCW6,fbm0,ALREADY_OFF,offer already on DEFAULT
2026-08-18T09:02:15+00:00,ES,BF_3_15,B0FR9HWFSK,fbm0,ALREADY_OFF,offer already on DEFAULT
2026-08-18T09:02:16+00:00,ES,BF_5_30,B0FR9BWKSY,fbm0,ALREADY_OFF,offer already on DEFAULT
2026-08-18T09:02:17+00:00,ES,BH_3_15,B0FR9K64KF,fbm0,ALREADY_OFF,offer already on DEFAULT
2026-08-18T09:02:18+00:00,ES,BN_20_30,B0FR9F971C,fbm0,ALREADY_OFF,offer already on DEFAULT
2026-08-18T09:02:20+00:00,ES,BN_3_15,B0FR9KTJND,fbm0,ALREADY_OFF,offer already on DEFAULT
2026-08-18T09:02:21+00:00,ES,BO_20_30,B0FR9RH588,fbm0,ALREADY_OFF,offer already on DEFAULT
2026-08-18T09:02:22+00:00,ES,BO_3_15,B0FR8FKPKH,fbm0,ALREADY_OFF,offer already on DEFAULT
2026-08-18T09:02:23+00:00,ES,BR_20_30,B0FR9KLZCR,fbm0,ALREADY_OFF,offer already on DEFAULT
2026-08-18T09:02:25+00:00,ES,BR_3_15,B0FR9G5LKV,fbm0,ALREADY_OFF,offer already on DEFAULT
2026-08-18T09:02:26+00:00,ES,BW_3_15,B0FR9G7N2Q,fbm0,ALREADY_OFF,offer already on DEFAULT
2026-08-18T09:02:27+00:00,ES,BY_3_15,B0FR9G3Z82,fbm0,ALREADY_OFF,offer already on DEFAULT
2026-08-18T09:02:28+00:00,ES,BY_5_30,B0FR8FFT4D,fbm0,ALREADY_OFF,offer already on DEFAULT
2026-08-18T09:02:30+00:00,ES,CA_20_30,B0FR9BY42D,fbm0,ALREADY_OFF,offer already on DEFAULT
2026-08-18T09:02:31+00:00,ES,CA_3_15,B0FR9RZLF3,fbm0,ALREADY_OFF,offer already on DEFAULT
2026-08-18T09:02:32+00:00,ES,CA_5_30,B0FR9SYCBK,fbm0,ALREADY_OFF,offer already on DEFAULT
2026-08-18T09:02:33+00:00,ES,CF_3_15,B0FR9RK8FP,fbm0,ALREADY_OFF,offer already on DEFAULT
2026-08-18T09:02:34+00:00,ES,CF_5_30,B0FR9R3NMC,fbm0,ALREADY_OFF,offer already on DEFAULT
2026-08-18T09:02:36+00:00,ES,CH_20_30,B0FRB6VY7S,fbm0,ALREADY_OFF,offer already on DEFAULT
2026-08-18T09:02:37+00:00,ES,CH_3_15,B0FRB5LFVC,fbm0,ALREADY_OFF,offer already on DEFAULT
2026-08-18T09:02:38+00:00,ES,CH_5_30,B0FRB7G4VW,fbm0,ALREADY_OFF,offer already on DEFAULT
2026-08-18T09:02:40+00:00,ES,CI_3_15,B0FR9HW9DJ,fbm0,ALREADY_OFF,offer already on DEFAULT
2026-08-18T09:02:41+00:00,ES,CI_5_30,B0FR9V5LYJ,fbm0,ALREADY_OFF,offer already on DEFAULT
2026-08-18T09:02:42+00:00,ES,CL_3_15,B0FR9RY1RT,fbm0,ALREADY_OFF,offer already on DEFAULT
2026-08-18T09:02:44+00:00,ES,CM_3_15,B0FR9VJ1ZB,fbm0,ALREADY_OFF,offer already on DEFAULT
2026-08-18T09:02:45+00:00,ES,CN_20_30,B0FR9GD6X9,fbm0,ALREADY_OFF,offer already on DEFAULT
2026-08-18T09:02:46+00:00,ES,CN_3_15,B0FR9QZ578,fbm0,ALREADY_OFF,offer already on DEFAULT
2026-08-18T09:02:48+00:00,ES,CN_5_30,B0FR9HX7XH,fbm0,ALREADY_OFF,offer already on DEFAULT
2026-08-18T09:02:49+00:00,ES,CO_3_15,B0FR9RL8W5,fbm0,ALREADY_OFF,offer already on DEFAULT
2026-08-18T09:02:50+00:00,ES,CR_3_15,B0FR9LNRMN,fbm0,ALREADY_OFF,offer already on DEFAULT
2026-08-18T09:02:52+00:00,ES,CY_3_15,B0FR8XJWWG,fbm0,ALREADY_OFF,offer already on DEFAULT
2026-08-18T09:02:53+00:00,ES,CY_5_30,B0FR8XHWZV,fbm0,ALREADY_OFF,offer already on DEFAULT
2026-08-18T09:02:55+00:00,ES,CZ_20_30,B0FR9SVN9H,fbm0,ALREADY_OFF,offer already on DEFAULT
2026-08-18T09:02:56+00:00,ES,CZ_5_30,B0FR9BY2LF,fbm0,ALREADY_OFF,offer already on DEFAULT
2026-08-18T09:02:57+00:00,ES,DE_20_30,B0GSZP9H94,fbm0,ALREADY_OFF,offer already on DEFAULT
2026-08-18T09:02:59+00:00,ES,DE_3_15,B0GSZBMLKV,fbm0,ALREADY_OFF,offer already on DEFAULT
2026-08-18T09:03:00+00:00,ES,DE_5_30,B0GSZDYWLZ,fbm0,ALREADY_OFF,offer already on DEFAULT
2026-08-18T09:03:01+00:00,ES,DK_20_30,B0FR9QPF45,fbm0,ALREADY_OFF,offer already on DEFAULT
2026-08-18T09:03:03+00:00,ES,DK_3_15,B0FR9GSNP4,fbm0,ALREADY_OFF,offer already on DEFAULT
2026-08-18T09:03:04+00:00,ES,DK_5_30,B0FR8XQYR4,fbm0,ALREADY_OFF,offer already on DEFAULT
2026-08-18T09:03:05+00:00,ES,DO_20_30,B0FR9C6DJF,fbm0,ALREADY_OFF,offer already on DEFAULT
2026-08-18T09:03:06+00:00,ES,DO_3_15,B0FR9GSKZF,fbm0,ALREADY_OFF,offer already on DEFAULT
2026-08-18T09:03:08+00:00,ES,DO_5_30,B0FR9GQKCM,fbm0,ALREADY_OFF,offer already on DEFAULT
2026-08-18T09:03:09+00:00,ES,EC_3_15,B0FR9RM6MP,fbm0,ALREADY_OFF,offer already on DEFAULT
2026-08-18T09:03:11+00:00,ES,EE_20_30,B0FR9L527N,fbm0,ALREADY_OFF,offer already on DEFAULT
2026-08-18T09:03:12+00:00,ES,EE_3_15,B0FR9GST1S,fbm0,ALREADY_OFF,offer already on DEFAULT
2026-08-18T09:03:13+00:00,ES,EE_5_30,B0FR9GQYKB,fbm0,ALREADY_OFF,offer already on DEFAULT
2026-08-18T09:03:15+00:00,ES,EG_20_30,B0FR9GQBGL,fbm0,ALREADY_OFF,offer already on DEFAULT
2026-08-18T09:03:16+00:00,ES,EG_3_15,B0FR9C784N,fbm0,ALREADY_OFF,offer already on DEFAULT
2026-08-18T09:03:17+00:00,ES,EG_3_30,B0FR9GNL93,fbm0,ALREADY_OFF,offer already on DEFAULT
2026-08-18T09:03:19+00:00,ES,EG_5_30,B0FR9LR5KJ,fbm0,ALREADY_OFF,offer already on DEFAULT
2026-08-18T09:03:20+00:00,ES,ES_20_30,B0FRCMPGPL,fbm0,ALREADY_OFF,offer already on DEFAULT
2026-08-18T09:03:21+00:00,ES,ES_3_15,B0FRCDHTZ7,fbm0,ALREADY_OFF,offer already on DEFAULT
2026-08-18T09:03:22+00:00,ES,ES_5_30,B0FRBQCLZN,fbm0,ALREADY_OFF,offer already on DEFAULT
2026-08-18T09:03:24+00:00,ES,EU-42_20_30,B0FR9TNPV3,fbm0,ALREADY_OFF,offer already on DEFAULT
2026-08-18T09:03:25+00:00,ES,EU-42_5_30,B0FR9RYSSS,fbm0,ALREADY_OFF,offer already on DEFAULT
2026-08-18T09:03:26+00:00,ES,FI_3_15,B0FR9GSND6,fbm0,ALREADY_OFF,offer already on DEFAULT
2026-08-18T09:03:28+00:00,ES,FI_5_30,B0FR9SB3BJ,fbm0,ALREADY_OFF,offer already on DEFAULT
2026-08-18T09:03:29+00:00,ES,FR_20_30,B0FR9GPMC5,fbm0,ALREADY_OFF,offer already on DEFAULT
2026-08-18T09:03:30+00:00,ES,FR_3_15,B0FR9C5ZB6,fbm0,ALREADY_OFF,offer already on DEFAULT
2026-08-18T09:03:31+00:00,ES,FR_5_30,B0FR9LMDW5,fbm0,ALREADY_OFF,offer already on DEFAULT
2026-08-18T09:03:33+00:00,ES,GA_3_15,B0FR9GPX9T,fbm0,ALREADY_OFF,offer already on DEFAULT
2026-08-18T09:03:34+00:00,ES,GB_20_30,B0FRDGCBTN,fbm0,ALREADY_OFF,offer already on DEFAULT
2026-08-18T09:03:35+00:00,ES,GB_3_15,B0FRCPD8TS,fbm0,ALREADY_OFF,offer already on DEFAULT
2026-08-18T09:03:37+00:00,ES,GB_5_30,B0FRDDRGJF,fbm0,ALREADY_OFF,offer already on DEFAULT
2026-08-18T09:03:38+00:00,ES,GE_20_30,B0FR9C73NK,fbm0,ALREADY_OFF,offer already on DEFAULT
2026-08-18T09:03:39+00:00,ES,GE_3_15,B0FR9KMX2N,fbm0,ALREADY_OFF,offer already on DEFAULT
2026-08-18T09:03:41+00:00,ES,GG_20_30,B0FR9LYWWY,fbm0,ALREADY_OFF,offer already on DEFAULT
2026-08-18T09:03:42+00:00,ES,GG_3_15,B0FR9SMWDN,fbm0,ALREADY_OFF,offer already on DEFAULT
2026-08-18T09:03:43+00:00,ES,GG_5_30,B0FR9C5PXR,fbm0,ALREADY_OFF,offer already on DEFAULT
2026-08-18T09:03:45+00:00,ES,GI_3_15,B0FR8XSPMC,fbm0,ALREADY_OFF,offer already on DEFAULT
2026-08-18T09:03:46+00:00,ES,GL-139_5_30,B0FR9VNTLY,fbm0,ALREADY_OFF,offer already on DEFAULT
2026-08-18T09:03:47+00:00,ES,GP_20_30,B0FR8XTBF6,fbm0,ALREADY_OFF,offer already on DEFAULT
2026-08-18T09:03:49+00:00,ES,GP_3_15,B0FR9TMVWK,fbm0,ALREADY_OFF,offer already on DEFAULT
2026-08-18T09:03:50+00:00,ES,GR_20_30,B0FR9KJGBG,fbm0,ALREADY_OFF,offer already on DEFAULT
2026-08-18T09:03:51+00:00,ES,GR_3_15,B0FR9L85F6,fbm0,ALREADY_OFF,offer already on DEFAULT
2026-08-18T09:03:52+00:00,ES,GR_5_30,B0FR9C7SMF,fbm0,ALREADY_OFF,offer already on DEFAULT
2026-08-18T09:03:54+00:00,ES,GT_3_15,B0FR9VC6VD,fbm0,ALREADY_OFF,offer already on DEFAULT
2026-08-18T09:03:55+00:00,ES,GU_20_30,B0FR9C7MGP,fbm0,ALREADY_OFF,offer already on DEFAULT
2026-08-18T09:03:56+00:00,ES,GU_3_15,B0FR9GVSSF,fbm0,ALREADY_OFF,offer already on DEFAULT
2026-08-18T09:03:58+00:00,ES,GU_5_30,B0FR9SVP8Y,fbm0,ALREADY_OFF,offer already on DEFAULT
2026-08-18T09:03:59+00:00,ES,HK_20_30,B0FR9GXZ6F,fbm0,ALREADY_OFF,offer already on DEFAULT
2026-08-18T09:04:00+00:00,ES,HK_3_15,B0FR9CC6Q8,fbm0,ALREADY_OFF,offer already on DEFAULT
2026-08-18T09:04:01+00:00,ES,HK_5_30,B0FR9GXYYL,fbm0,ALREADY_OFF,offer already on DEFAULT
2026-08-18T09:04:03+00:00,ES,HN_3_15,B0FR9ZYV5G,fbm0,ALREADY_OFF,offer already on DEFAULT
2026-08-18T09:04:04+00:00,ES,HR_20_30,B0FR9TYCSL,fbm0,ALREADY_OFF,offer already on DEFAULT
2026-08-18T09:04:06+00:00,ES,HR_3_15,B0FR9GDKT1,fbm0,ALREADY_OFF,offer already on DEFAULT
2026-08-18T09:04:07+00:00,ES,HR_5_30,B0FR9BVV58,fbm0,ALREADY_OFF,offer already on DEFAULT
2026-08-18T09:04:08+00:00,ES,HU_20_30,B0FR9ZVYYQ,fbm0,ALREADY_OFF,offer already on DEFAULT
2026-08-18T09:04:10+00:00,ES,HU_3_15,B0FR9C9JVW,fbm0,ALREADY_OFF,offer already on DEFAULT
2026-08-18T09:04:11+00:00,ES,HU_5_30,B0FR9GY3R5,fbm0,ALREADY_OFF,offer already on DEFAULT
2026-08-18T09:04:13+00:00,ES,ID_20_30,B0FR9QXRDQ,fbm0,ALREADY_OFF,offer already on DEFAULT
2026-08-18T09:04:14+00:00,ES,ID_3_15,B0FR9T6QPZ,fbm0,ALREADY_OFF,offer already on DEFAULT
2026-08-18T09:04:15+00:00,ES,ID_5_30,B0FR8XW5DR,fbm0,ALREADY_OFF,offer already on DEFAULT
2026-08-18T09:04:16+00:00,ES,IE_20_30,B0FR9SZG2Z,fbm0,ALREADY_OFF,offer already on DEFAULT
2026-08-18T09:04:18+00:00,ES,IE_3_15,B0FR8XV57F,fbm0,ALREADY_OFF,offer already on DEFAULT
2026-08-18T09:04:19+00:00,ES,IE_5_30,B0FR9GYKQL,fbm0,ALREADY_OFF,offer already on DEFAULT
2026-08-18T09:04:20+00:00,ES,IL_20_30,B0FR9K8SQ1,fbm0,ALREADY_OFF,offer already on DEFAULT
2026-08-18T09:04:22+00:00,ES,IL_3_15,B0FR9M11H1,fbm0,ALREADY_OFF,offer already on DEFAULT
2026-08-18T09:04:23+00:00,ES,IL_5_30,B0FR8XVZZM,fbm0,ALREADY_OFF,offer already on DEFAULT
2026-08-18T09:04:24+00:00,ES,IM_20_30,B0FR9CB5LK,fbm0,ALREADY_OFF,offer already on DEFAULT
2026-08-18T09:04:26+00:00,ES,IM_3_15,B0FR9LZ7RL,fbm0,ALREADY_OFF,offer already on DEFAULT
2026-08-18T09:04:27+00:00,ES,IM_5_30,B0FR9M27XY,fbm0,ALREADY_OFF,offer already on DEFAULT
2026-08-18T09:04:28+00:00,ES,IN_20_30,B0FR9DYMHX,fbm0,ALREADY_OFF,offer already on DEFAULT
2026-08-18T09:04:29+00:00,ES,IN_3_15,B0FR9ZM116,fbm0,ALREADY_OFF,offer already on DEFAULT
2026-08-18T09:04:30+00:00,ES,IN_5_30,B0FR9GXWN9,fbm0,ALREADY_OFF,offer already on DEFAULT
2026-08-18T09:04:32+00:00,ES,IS_20_30,B0FR9GX6LF,fbm0,ALREADY_OFF,offer already on DEFAULT
2026-08-18T09:04:33+00:00,ES,IS_3_15,B0FR9TBBK1,fbm0,ALREADY_OFF,offer already on DEFAULT
2026-08-18T09:04:34+00:00,ES,IS_5_30,B0FR9ZWQBD,fbm0,ALREADY_OFF,offer already on DEFAULT
2026-08-18T09:04:36+00:00,ES,IT_20_30,B0FR9RNZV2,fbm0,ALREADY_OFF,offer already on DEFAULT
2026-08-18T09:04:37+00:00,ES,IT_3_15,B0FR9GXZ18,fbm0,ALREADY_OFF,offer already on DEFAULT
2026-08-18T09:04:38+00:00,ES,IT_5_30,B0FR9ZR2TH,fbm0,ALREADY_OFF,offer already on DEFAULT
2026-08-18T09:04:40+00:00,ES,JE_20_30,B0FR9CBQDH,fbm0,ALREADY_OFF,offer already on DEFAULT
2026-08-18T09:04:41+00:00,ES,JE_3_15,B0FR9GYMR5,fbm0,ALREADY_OFF,offer already on DEFAULT
2026-08-18T09:04:42+00:00,ES,JE_5_30,B0FR9M27GP,fbm0,ALREADY_OFF,offer already on DEFAULT
2026-08-18T09:04:43+00:00,ES,JO_20_30,B0FR9ST188,fbm0,ALREADY_OFF,offer already on DEFAULT
2026-08-18T09:04:45+00:00,ES,JO_3_15,B0FR9M144Z,fbm0,ALREADY_OFF,offer already on DEFAULT
2026-08-18T09:04:46+00:00,ES,JO_5_30,B0FR9ZTZNK,fbm0,ALREADY_OFF,offer already on DEFAULT
2026-08-18T09:04:47+00:00,ES,JP_20_30,B0FR9RZKRB,fbm0,ALREADY_OFF,offer already on DEFAULT
2026-08-18T09:04:48+00:00,ES,JP_3_15,B0FR9LVZVQ,fbm0,ALREADY_OFF,offer already on DEFAULT
2026-08-18T09:04:50+00:00,ES,JP_5_30,B0FR9TLXXH,fbm0,ALREADY_OFF,offer already on DEFAULT
2026-08-18T09:04:51+00:00,ES,KE_3_15,B0FR9GZ14G,fbm0,ALREADY_OFF,offer already on DEFAULT
2026-08-18T09:04:52+00:00,ES,KE_5_30,B0FR9T4DG6,fbm0,ALREADY_OFF,offer already on DEFAULT
2026-08-18T09:04:53+00:00,ES,KG_20_30,B0FR8XXBHM,fbm0,ALREADY_OFF,offer already on DEFAULT
2026-08-18T09:04:54+00:00,ES,KG_3_15,B0FR9TVF4R,fbm0,ALREADY_OFF,offer already on DEFAULT
2026-08-18T09:04:56+00:00,ES,KH_20_30,B0FR9GFJPL,fbm0,ALREADY_OFF,offer already on DEFAULT
2026-08-18T09:04:57+00:00,ES,KH_3_15,B0FR8XKMJ4,fbm0,ALREADY_OFF,offer already on DEFAULT
2026-08-18T09:04:58+00:00,ES,KR_20_30,B0FRC4P51Z,fbm0,ALREADY_OFF,offer already on DEFAULT
2026-08-18T09:05:00+00:00,ES,KR_3_15,B0FRC4RTDF,fbm0,ALREADY_OFF,offer already on DEFAULT
2026-08-18T09:05:01+00:00,ES,KR_5_30,B0FRD9LC4C,fbm0,ALREADY_OFF,offer already on DEFAULT
2026-08-18T09:05:02+00:00,ES,KW_20_30,B0FR9KBF4P,fbm0,ALREADY_OFF,offer already on DEFAULT
2026-08-18T09:05:04+00:00,ES,KW_3_15,B0FR9LZJ3X,fbm0,ALREADY_OFF,offer already on DEFAULT
2026-08-18T09:05:05+00:00,ES,KW_5_30,B0FR9M2TXP,fbm0,ALREADY_OFF,offer already on DEFAULT
2026-08-18T09:05:06+00:00,ES,KZ_20_30,B0FR9TLNNW,fbm0,ALREADY_OFF,offer already on DEFAULT
2026-08-18T09:05:08+00:00,ES,KZ_3_15,B0FR9T4DG2,fbm0,ALREADY_OFF,offer already on DEFAULT
2026-08-18T09:05:09+00:00,ES,KZ_5_30,B0FR9ZMMSH,fbm0,ALREADY_OFF,offer already on DEFAULT
2026-08-18T09:05:10+00:00,ES,LI_3_15,B0FR9S35ZH,fbm0,ALREADY_OFF,offer already on DEFAULT
2026-08-18T09:05:11+00:00,ES,LK_20_30,B0FRC2DZN5,fbm0,ALREADY_OFF,offer already on DEFAULT
2026-08-18T09:05:13+00:00,ES,LK_3_15,B0FRB7Z1NW,fbm0,ALREADY_OFF,offer already on DEFAULT
2026-08-18T09:05:14+00:00,ES,LK_5_30,B0FRB64B8M,fbm0,ALREADY_OFF,offer already on DEFAULT
2026-08-18T09:05:15+00:00,ES,LR_3_15,B0FR9H18JQ,fbm0,ALREADY_OFF,offer already on DEFAULT
2026-08-18T09:05:16+00:00,ES,LR_5_30,B0FR9SJ1YH,fbm0,ALREADY_OFF,offer already on DEFAULT
2026-08-18T09:05:18+00:00,ES,LT_20_30,B0FR9TQN8N,fbm0,ALREADY_OFF,offer already on DEFAULT
2026-08-18T09:05:19+00:00,ES,LT_3_15,B0FR9KS3P4,fbm0,ALREADY_OFF,offer already on DEFAULT
2026-08-18T09:05:20+00:00,ES,LT_5_30,B0FR9R598C,fbm0,ALREADY_OFF,offer already on DEFAULT
2026-08-18T09:05:22+00:00,ES,LU_20_30,B0FR8XXXZB,fbm0,ALREADY_OFF,offer already on DEFAULT
2026-08-18T09:05:23+00:00,ES,LU_3_15,B0FR9SHRKM,fbm0,ALREADY_OFF,offer already on DEFAULT
2026-08-18T09:05:24+00:00,ES,LU_5_30,B0FR9SB862,fbm0,ALREADY_OFF,offer already on DEFAULT
2026-08-18T09:05:25+00:00,ES,LV_20_30,B0FR9SWN6V,fbm0,ALREADY_OFF,offer already on DEFAULT
2026-08-18T09:05:27+00:00,ES,LV_3_15,B0FR9VM4K6,fbm0,ALREADY_OFF,offer already on DEFAULT
2026-08-18T09:05:28+00:00,ES,LV_5_30,B0FR9TR99S,fbm0,ALREADY_OFF,offer already on DEFAULT
2026-08-18T09:05:29+00:00,ES,MA_20_30,B0FR9M57DY,fbm0,ALREADY_OFF,offer already on DEFAULT
2026-08-18T09:05:30+00:00,ES,MA_3_15,B0FR9CFZQR,fbm0,ALREADY_OFF,offer already on DEFAULT
2026-08-18T09:05:32+00:00,ES,MA_5_30,B0FR9CDDQ8,fbm0,ALREADY_OFF,offer already on DEFAULT
2026-08-18T09:05:33+00:00,ES,MC_3_15,B0FR9ZS6GM,fbm0,ALREADY_OFF,offer already on DEFAULT
2026-08-18T09:05:34+00:00,ES,MC_5_30,B0FR9H1H4M,fbm0,ALREADY_OFF,offer already on DEFAULT
2026-08-18T09:05:36+00:00,ES,MD_3_15,B0FR9CFQYY,fbm0,ALREADY_OFF,offer already on DEFAULT
2026-08-18T09:05:37+00:00,ES,ME-13_5_30,B0FR9SYKP6,fbm0,ALREADY_OFF,offer already on DEFAULT
2026-08-18T09:05:38+00:00,ES,ME_3_15,B0FR9R5HR7,fbm0,ALREADY_OFF,offer already on DEFAULT
2026-08-18T09:05:39+00:00,ES,MG_3_15,B0FR9H2NS1,fbm0,ALREADY_OFF,offer already on DEFAULT
2026-08-18T09:05:41+00:00,ES,MK_3_15,B0FRB59DJS,fbm0,ALREADY_OFF,offer already on DEFAULT
2026-08-18T09:05:42+00:00,ES,MK_5_30,B0FR9WNHHX,fbm0,ALREADY_OFF,offer already on DEFAULT
2026-08-18T09:05:43+00:00,ES,ML_3_15,B0FR9TRDSY,fbm0,ALREADY_OFF,offer already on DEFAULT
2026-08-18T09:05:45+00:00,ES,MN_3_15,B0FR9LSYTX,fbm0,ALREADY_OFF,offer already on DEFAULT
2026-08-18T09:05:46+00:00,ES,MO_20_30,B0FR9CDBN2,fbm0,ALREADY_OFF,offer already on DEFAULT
2026-08-18T09:05:47+00:00,ES,MO_3_15,B0FR9M485M,fbm0,ALREADY_OFF,offer already on DEFAULT
2026-08-18T09:05:48+00:00,ES,MO_5_30,B0FR9L9624,fbm0,ALREADY_OFF,offer already on DEFAULT
2026-08-18T09:05:50+00:00,ES,MT_20_30,B0FR9VL1Q9,fbm0,ALREADY_OFF,offer already on DEFAULT
2026-08-18T09:05:51+00:00,ES,MT_3_15,B0FR9M3PNR,fbm0,ALREADY_OFF,offer already on DEFAULT
2026-08-18T09:05:52+00:00,ES,MT_5_30,B0FR9ZSMTC,fbm0,ALREADY_OFF,offer already on DEFAULT
2026-08-18T09:05:54+00:00,ES,MW_3_15,B0FR9H3JDK,fbm0,ALREADY_OFF,offer already on DEFAULT
2026-08-18T09:05:55+00:00,ES,MW_5_30,B0FR9GXY24,fbm0,ALREADY_OFF,offer already on DEFAULT
2026-08-18T09:05:56+00:00,ES,MX_20_30,B0FR9VDSJX,fbm0,ALREADY_OFF,offer already on DEFAULT
2026-08-18T09:05:57+00:00,ES,MX_3_15,B0FR9SZSTG,fbm0,ALREADY_OFF,offer already on DEFAULT
2026-08-18T09:05:59+00:00,ES,MX_5_30,B0FR9H2K1C,fbm0,ALREADY_OFF,offer already on DEFAULT
2026-08-18T09:06:00+00:00,ES,MY_20_30,B0FR9VMWYD,fbm0,ALREADY_OFF,offer already on DEFAULT
2026-08-18T09:06:01+00:00,ES,MY_3_15,B0FR9H1Q65,fbm0,ALREADY_OFF,offer already on DEFAULT
2026-08-18T09:06:03+00:00,ES,MY_5_30,B0FR9LDGX8,fbm0,ALREADY_OFF,offer already on DEFAULT
2026-08-18T09:06:04+00:00,ES,MZ_20_30,B0FR9CFLS7,fbm0,ALREADY_OFF,offer already on DEFAULT
2026-08-18T09:06:05+00:00,ES,MZ_3_15,B0FRB1M6HK,fbm0,ALREADY_OFF,offer already on DEFAULT
2026-08-18T09:06:06+00:00,ES,NA-3_5_30,B0FRBDQ8H5,fbm0,ALREADY_OFF,offer already on DEFAULT
2026-08-18T09:06:07+00:00,ES,NE_3_15,B0FR9NPT1H,fbm0,ALREADY_OFF,offer already on DEFAULT
2026-08-18T09:06:09+00:00,ES,NG_3_15,B0FR9X17QY,fbm0,ALREADY_OFF,offer already on DEFAULT
2026-08-18T09:06:10+00:00,ES,NI_3_15,B0FRB33MPG,fbm0,ALREADY_OFF,offer already on DEFAULT
2026-08-18T09:06:11+00:00,ES,NL_20_30,B0FR9NG7LB,fbm0,ALREADY_OFF,offer already on DEFAULT
2026-08-18T09:06:13+00:00,ES,NL_3_15,B0FRB5GNM2,fbm0,ALREADY_OFF,offer already on DEFAULT
2026-08-18T09:06:14+00:00,ES,NL_5_30,B0FR9NHP7Q,fbm0,ALREADY_OFF,offer already on DEFAULT
2026-08-18T09:06:15+00:00,ES,NO_20_30,B0FRB572L8,fbm0,ALREADY_OFF,offer already on DEFAULT
2026-08-18T09:06:16+00:00,ES,NO_3_15,B0FR9WNK2H,fbm0,ALREADY_OFF,offer already on DEFAULT
2026-08-18T09:06:18+00:00,ES,NO_5_30,B0FRBNPZ9D,fbm0,ALREADY_OFF,offer already on DEFAULT
2026-08-18T09:06:19+00:00,ES,NP_3_15,B0FRB1TD7L,fbm0,ALREADY_OFF,offer already on DEFAULT
2026-08-18T09:06:21+00:00,ES,NZ_20_30,B0FRB1TWT8,fbm0,ALREADY_OFF,offer already on DEFAULT
2026-08-18T09:06:22+00:00,ES,NZ_3_15,B0FR9NKXF5,fbm0,ALREADY_OFF,offer already on DEFAULT
2026-08-18T09:06:23+00:00,ES,NZ_5_30,B0FR9NHFWQ,fbm0,ALREADY_OFF,offer already on DEFAULT
2026-08-18T09:06:25+00:00,ES,OM_20_30,B0FRB4R3FK,fbm0,ALREADY_OFF,offer already on DEFAULT
2026-08-18T09:06:26+00:00,ES,OM_3_15,B0FRB4BL4W,fbm0,ALREADY_OFF,offer already on DEFAULT
2026-08-18T09:06:27+00:00,ES,PA_3_15,B0FRB3VFW6,fbm0,ALREADY_OFF,offer already on DEFAULT
2026-08-18T09:06:28+00:00,ES,PH_20_30,B0FRB4K2D4,fbm0,ALREADY_OFF,offer already on DEFAULT
2026-08-18T09:06:30+00:00,ES,PH_3_15,B0FRB1GVXK,fbm0,ALREADY_OFF,offer already on DEFAULT
2026-08-18T09:06:31+00:00,ES,PH_5_30,B0FRB4VCKG,fbm0,ALREADY_OFF,offer already on DEFAULT
2026-08-18T09:06:32+00:00,ES,PK_20_30,B0FRB691X8,fbm0,ALREADY_OFF,offer already on DEFAULT
2026-08-18T09:06:33+00:00,ES,PK_3_15,B0FRB4HL3B,fbm0,ALREADY_OFF,offer already on DEFAULT
2026-08-18T09:06:35+00:00,ES,PK_5_30,B0FRB48QKZ,fbm0,ALREADY_OFF,offer already on DEFAULT
2026-08-18T09:06:36+00:00,ES,PL_20_30,B0FRB5HSK7,fbm0,ALREADY_OFF,offer already on DEFAULT
2026-08-18T09:06:37+00:00,ES,PL_3_15,B0FRB4JVKR,fbm0,ALREADY_OFF,offer already on DEFAULT
2026-08-18T09:06:38+00:00,ES,PL_5_30,B0FRBDPQ9J,fbm0,ALREADY_OFF,offer already on DEFAULT
2026-08-18T09:06:40+00:00,ES,PR_3_15,B0FRB5MSF1,fbm0,ALREADY_OFF,offer already on DEFAULT
2026-08-18T09:06:41+00:00,ES,PR_5_30,B0FR9WMX9V,fbm0,ALREADY_OFF,offer already on DEFAULT
2026-08-18T09:06:42+00:00,ES,PT_20_30,B0FRB354KV,fbm0,ALREADY_OFF,offer already on DEFAULT
2026-08-18T09:06:44+00:00,ES,PT_3_15,B0FRB4314T,fbm0,ALREADY_OFF,offer already on DEFAULT
2026-08-18T09:06:45+00:00,ES,PT_5_30,B0FRB4X799,fbm0,ALREADY_OFF,offer already on DEFAULT
2026-08-18T09:06:46+00:00,ES,PY_3_15,B0FRB3V7CS,fbm0,ALREADY_OFF,offer already on DEFAULT
2026-08-18T09:06:48+00:00,ES,QA_20_30,B0FR9X3QGM,fbm0,ALREADY_OFF,offer already on DEFAULT
2026-08-18T09:06:49+00:00,ES,QA_3_15,B0FR9NXH43,fbm0,ALREADY_OFF,offer already on DEFAULT
2026-08-18T09:06:50+00:00,ES,QA_5_30,B0FR9X5KB1,fbm0,ALREADY_OFF,offer already on DEFAULT
2026-08-18T09:06:51+00:00,ES,RE_3_15,B0FRB3KCNQ,fbm0,ALREADY_OFF,offer already on DEFAULT
2026-08-18T09:06:53+00:00,ES,RE_5_30,B0FRB47TQW,fbm0,ALREADY_OFF,offer already on DEFAULT
2026-08-18T09:06:54+00:00,ES,RS_20_30,B0FRB5K8JC,fbm0,ALREADY_OFF,offer already on DEFAULT
2026-08-18T09:06:55+00:00,ES,RS_3_15,B0FRB5TJV2,fbm0,ALREADY_OFF,offer already on DEFAULT
2026-08-18T09:06:57+00:00,ES,SA-18_5_30,B0FRB8D7HC,fbm0,ALREADY_OFF,offer already on DEFAULT
2026-08-18T09:06:58+00:00,ES,SA_20_30,B0FRB5PZTS,fbm0,ALREADY_OFF,offer already on DEFAULT
2026-08-18T09:06:59+00:00,ES,SA_3_15,B0FRB3N2KL,fbm0,ALREADY_OFF,offer already on DEFAULT
2026-08-18T09:07:00+00:00,ES,SA_5_30,B0FRB1SRZY,fbm0,ALREADY_OFF,offer already on DEFAULT
2026-08-18T09:07:02+00:00,ES,SC_3_15,B0FRB55T3H,fbm0,ALREADY_OFF,offer already on DEFAULT
2026-08-18T09:07:03+00:00,ES,SC_5_30,B0FR9P7N6M,fbm0,ALREADY_OFF,offer already on DEFAULT
2026-08-18T09:07:04+00:00,ES,SD_3_15,B0FRCKTXNQ,fbm0,ALREADY_OFF,offer already on DEFAULT
2026-08-18T09:07:05+00:00,ES,SD_5_30,B0FRC799N3,fbm0,ALREADY_OFF,offer already on DEFAULT
2026-08-18T09:07:07+00:00,ES,SE_20_30,B0FRB7X5SP,fbm0,ALREADY_OFF,offer already on DEFAULT
2026-08-18T09:07:08+00:00,ES,SE_3_15,B0FRCC6W9S,fbm0,ALREADY_OFF,offer already on DEFAULT
2026-08-18T09:07:09+00:00,ES,SE_5_30,B0FRCS524D,fbm0,ALREADY_OFF,offer already on DEFAULT
2026-08-18T09:07:13+00:00,ES,SG_20_30,B0FRB256K8,fbm0,ALREADY_OFF,offer already on DEFAULT
2026-08-18T09:07:14+00:00,ES,SG_3_30,B0FRB3KY59,fbm0,ALREADY_OFF,offer already on DEFAULT
2026-08-18T09:07:16+00:00,ES,SG_5_30,B0FR9X3Y3R,fbm0,ALREADY_OFF,offer already on DEFAULT
2026-08-18T09:07:17+00:00,ES,SI_20_30,B0FR9X15V2,fbm0,ALREADY_OFF,offer already on DEFAULT
2026-08-18T09:07:18+00:00,ES,SI_3_15,B0FR9XCF27,fbm0,ALREADY_OFF,offer already on DEFAULT
2026-08-18T09:07:20+00:00,ES,SI_5_30,B0FRB3SJMR,fbm0,ALREADY_OFF,offer already on DEFAULT
2026-08-18T09:07:21+00:00,ES,SK_20_30,B0FRB14YYC,fbm0,ALREADY_OFF,offer already on DEFAULT
2026-08-18T09:07:22+00:00,ES,SK_3_15,B0FR9XC4BW,fbm0,ALREADY_OFF,offer already on DEFAULT
2026-08-18T09:07:23+00:00,ES,SK_5_30,B0FRB2X84M,fbm0,ALREADY_OFF,offer already on DEFAULT
2026-08-18T09:07:25+00:00,ES,SN_3_15,B0FRB4HX92,fbm0,ALREADY_OFF,offer already on DEFAULT
2026-08-18T09:07:26+00:00,ES,SN_5_30,B0FRB68H77,fbm0,ALREADY_OFF,offer already on DEFAULT
2026-08-18T09:07:27+00:00,ES,SV_3_15,B0FR9LJ7X4,fbm0,ALREADY_OFF,offer already on DEFAULT
2026-08-18T09:07:28+00:00,ES,TD_3_15,B0FR9SG4MK,fbm0,ALREADY_OFF,offer already on DEFAULT
2026-08-18T09:07:30+00:00,ES,TD_5_30,B0FR9L414C,fbm0,ALREADY_OFF,offer already on DEFAULT
2026-08-18T09:07:31+00:00,ES,TH_20_30,B0FRCHW3MW,fbm0,ALREADY_OFF,offer already on DEFAULT
2026-08-18T09:07:33+00:00,ES,TH_3_15,B0FRCDPJSH,fbm0,ALREADY_OFF,offer already on DEFAULT
2026-08-18T09:07:34+00:00,ES,TH_5_30,B0FR9Q5D1J,fbm0,ALREADY_OFF,offer already on DEFAULT
2026-08-18T09:07:35+00:00,ES,TN_10_30,B0FRB85GLD,fbm0,ALREADY_OFF,offer already on DEFAULT
2026-08-18T09:07:36+00:00,ES,TN_3_30,B0FRCKZKVY,fbm0,ALREADY_OFF,offer already on DEFAULT
2026-08-18T09:07:38+00:00,ES,TN_5_30,B0FRB7Q96Z,fbm0,ALREADY_OFF,offer already on DEFAULT
2026-08-18T09:07:39+00:00,ES,TR_20_30,B0FRCYMWCX,fbm0,ALREADY_OFF,offer already on DEFAULT
2026-08-18T09:07:40+00:00,ES,TR_3_15,B0FRC2PSHM,fbm0,ALREADY_OFF,offer already on DEFAULT
2026-08-18T09:07:42+00:00,ES,TR_5_30,B0FRCBZ1BB,fbm0,ALREADY_OFF,offer already on DEFAULT
2026-08-18T09:07:43+00:00,ES,TZ_3_15,B0FRC81NPJ,fbm0,ALREADY_OFF,offer already on DEFAULT
2026-08-18T09:07:45+00:00,ES,UA_3_15,B0FRB9SBFR,fbm0,ALREADY_OFF,offer already on DEFAULT
2026-08-18T09:07:46+00:00,ES,UA_5_30,B0FRC2NRKG,fbm0,ALREADY_OFF,offer already on DEFAULT
2026-08-18T09:07:47+00:00,ES,UG_3_15,B0FRB7F7Z9,fbm0,ALREADY_OFF,offer already on DEFAULT
2026-08-18T09:07:48+00:00,ES,US_20_90,B0FRB9JP2K,fbm0,ALREADY_OFF,offer already on DEFAULT
2026-08-18T09:07:50+00:00,ES,US_3_15,B0FRCFXK3V,fbm0,ALREADY_OFF,offer already on DEFAULT
2026-08-18T09:07:51+00:00,ES,US_5_30,B0FRC2PQ8H,fbm0,ALREADY_OFF,offer already on DEFAULT
2026-08-18T09:07:52+00:00,ES,UY_3_15,B0FRB7LHGN,fbm0,ALREADY_OFF,offer already on DEFAULT
2026-08-18T09:07:53+00:00,ES,UZ_5_30,B0FRBWFZ6M,fbm0,ALREADY_OFF,offer already on DEFAULT
2026-08-18T09:07:54+00:00,ES,VN_20_30,B0FRC2NKC4,fbm0,ALREADY_OFF,offer already on DEFAULT
2026-08-18T09:07:56+00:00,ES,VN_3_15,B0FRBR2DHW,fbm0,ALREADY_OFF,offer already on DEFAULT
2026-08-18T09:07:57+00:00,ES,VN_5_30,B0FRCBXRGV,fbm0,ALREADY_OFF,offer already on DEFAULT
2026-08-18T09:07:58+00:00,ES,ZA_10_30,B0FRB4RSW2,fbm0,ALREADY_OFF,offer already on DEFAULT
2026-08-18T09:07:59+00:00,ES,ZA_5_30,B0FRB3R6F3,fbm0,ALREADY_OFF,offer already on DEFAULT
2026-08-18T09:08:01+00:00,ES,ZM_3_15,B0FRC2NSM2,fbm0,ALREADY_OFF,offer already on DEFAULT
2026-08-18T09:08:02+00:00,ES,ZM_5_30,B0FRCL97L4,fbm0,ALREADY_OFF,offer already on DEFAULT
2026-08-18T09:08:56+00:00,NL,ZAMBIA-3GB-15D,B0FRC2NSM2,fbm0,ALREADY_OFF,offer already on DEFAULT
2026-08-18T09:08:58+00:00,NL,MAURITIUS-3GB-15D,B0H2FYRLRC,fbm0,ALREADY_OFF,offer already on DEFAULT
2026-08-18T09:09:01+00:00,NL,HAJJ-LUX-10GB-30D,B0H3L75HDS,fbm0,ALREADY_OFF,offer already on DEFAULT
2026-08-18T09:09:03+00:00,NL,BULGARIA-3GB-15D,B0H6MCT4Y5,fbm0,ALREADY_OFF,offer already on DEFAULT
2026-08-18T09:09:04+00:00,NL,PERU-3GB-15D,B0H6M5WW3B,fbm0,ALREADY_OFF,offer already on DEFAULT
2026-08-18T09:09:06+00:00,NL,PERU-20GB-30D,B0H6M8BLBD,fbm0,DEACTIVATED,
2026-08-18T09:09:07+00:00,NL,ALGERIA-3GB-15D,B0H6M9R3WH,fbm0,ALREADY_OFF,offer already on DEFAULT
2026-08-18T09:09:09+00:00,NL,ALGERIA-5GB-30D,B0H6MDYKG8,fbm0,ALREADY_OFF,offer already on DEFAULT
2026-08-18T09:09:10+00:00,NL,ALGERIA-20GB-30D,B0H6M5TDMD,fbm0,ALREADY_OFF,offer already on DEFAULT
2026-08-18T09:09:11+00:00,NL,ANDORRA-3GB-15D,B0H6MBPRYN,fbm0,ALREADY_OFF,offer already on DEFAULT
2026-08-18T09:09:13+00:00,NL,ANDORRA-5GB-30D,B0H6M5P65S,fbm0,ALREADY_OFF,offer already on DEFAULT
2026-08-18T09:09:14+00:00,NL,ANDORRA-20GB-30D,B0H6MJ97WC,fbm0,ALREADY_OFF,offer already on DEFAULT
2026-08-18T09:09:15+00:00,NL,ANGOLA-3GB-15D,B0H6M5RWZH,fbm0,ALREADY_OFF,offer already on DEFAULT
2026-08-18T09:09:16+00:00,NL,ANGOLA-5GB-30D,B0H6MKZSB4,fbm0,ALREADY_OFF,offer already on DEFAULT
2026-08-18T09:09:18+00:00,NL,ANGUILLA-3GB-15D,B0H6M7X7QY,fbm0,ALREADY_OFF,offer already on DEFAULT
2026-08-18T09:09:19+00:00,NL,ANGUILLA-5GB-30D,B0H6MFJ63H,fbm0,ALREADY_OFF,offer already on DEFAULT
2026-08-18T09:09:20+00:00,NL,ANGUILLA-20GB-30D,B0H6MHMZY8,fbm0,ALREADY_OFF,offer already on DEFAULT
2026-08-18T09:09:21+00:00,NL,ANTIGUA-AND-BARBUDA-3GB-15D,B0H6MBBFLQ,fbm0,ALREADY_OFF,offer already on DEFAULT
2026-08-18T09:09:23+00:00,NL,ANTIGUA-AND-BARBUDA-5GB-30D,B0H6MCR5F9,fbm0,ALREADY_OFF,offer already on DEFAULT
2026-08-18T09:09:24+00:00,NL,ANTIGUA-AND-BARBUDA-20GB-30D,B0H6M2MQJB,fbm0,ALREADY_OFF,offer already on DEFAULT
2026-08-18T09:09:25+00:00,NL,BAHAMAS-3GB-15D,B0H6MB828R,fbm0,ALREADY_OFF,offer already on DEFAULT
2026-08-18T09:09:26+00:00,NL,BAHAMAS-5GB-30D,B0H6MFGH8P,fbm0,ALREADY_OFF,offer already on DEFAULT
2026-08-18T09:09:28+00:00,NL,BAHAMAS-20GB-30D,B0H6MCPR9P,fbm0,ALREADY_OFF,offer already on DEFAULT
2026-08-18T09:09:29+00:00,NL,BARBADOS-3GB-15D,B0H6MCD72X,fbm0,ALREADY_OFF,offer already on DEFAULT
2026-08-18T09:09:30+00:00,NL,BARBADOS-5GB-30D,B0H6MG6VYJ,fbm0,ALREADY_OFF,offer already on DEFAULT
2026-08-18T09:09:32+00:00,NL,BARBADOS-20GB-30D,B0H6MJ921X,fbm0,ALREADY_OFF,offer already on DEFAULT
2026-08-18T09:09:33+00:00,NL,BELIZE-3GB-15D,B0H6MFPNTX,fbm0,ALREADY_OFF,offer already on DEFAULT
2026-08-18T09:09:34+00:00,NL,BELIZE-5GB-30D,B0H6MF1H4V,fbm0,ALREADY_OFF,offer already on DEFAULT
2026-08-18T09:09:36+00:00,NL,BELIZE-20GB-30D,B0H6MBSQM8,fbm0,ALREADY_OFF,offer already on DEFAULT
2026-08-18T09:09:37+00:00,NL,BENIN-3GB-15D,B0H6M9YHDR,fbm0,ALREADY_OFF,offer already on DEFAULT
2026-08-18T09:09:38+00:00,NL,BENIN-5GB-30D,B0H6MHRNBH,fbm0,ALREADY_OFF,offer already on DEFAULT
2026-08-18T09:09:39+00:00,NL,BENIN-20GB-30D,B0H6M7VGSZ,fbm0,ALREADY_OFF,offer already on DEFAULT
2026-08-18T09:09:40+00:00,NL,BERMUDA-3GB-15D,B0H6MDMTGH,fbm0,ALREADY_OFF,offer already on DEFAULT
2026-08-18T09:09:42+00:00,NL,BERMUDA-5GB-30D,B0H6MFM5X4,fbm0,ALREADY_OFF,offer already on DEFAULT
2026-08-18T09:09:43+00:00,NL,BERMUDA-20GB-30D,B0H6MCGQ77,fbm0,ALREADY_OFF,offer already on DEFAULT
2026-08-18T09:09:44+00:00,NL,BHUTAN-3GB-15D,B0H6MJB588,fbm0,ALREADY_OFF,offer already on DEFAULT
2026-08-18T09:09:46+00:00,NL,BHUTAN-5GB-30D,B0H6M9C23Q,fbm0,ALREADY_OFF,offer already on DEFAULT
2026-08-18T09:09:47+00:00,NL,BHUTAN-20GB-30D,B0H6M5WDSH,fbm0,ALREADY_OFF,offer already on DEFAULT
2026-08-18T09:09:48+00:00,NL,CAPE-VERDE-3GB-15D,B0H6M9R16H,fbm0,ALREADY_OFF,offer already on DEFAULT
2026-08-18T09:09:49+00:00,NL,CAPE-VERDE-5GB-30D,B0H6MFG453,fbm0,ALREADY_OFF,offer already on DEFAULT
2026-08-18T09:09:50+00:00,NL,CAPE-VERDE-20GB-30D,B0H6M9VSPG,fbm0,ALREADY_OFF,offer already on DEFAULT
2026-08-18T09:09:52+00:00,NL,CAYMAN-ISLANDS-3GB-15D,B0H6MLHBD7,fbm0,ALREADY_OFF,offer already on DEFAULT
2026-08-18T09:09:53+00:00,NL,CAYMAN-ISLANDS-5GB-30D,B0H6M55MKK,fbm0,ALREADY_OFF,offer already on DEFAULT
2026-08-18T09:09:54+00:00,NL,CAYMAN-ISLANDS-20GB-30D,B0H6MGXYNS,fbm0,ALREADY_OFF,offer already on DEFAULT
2026-08-18T09:09:56+00:00,NL,CURACAO-3GB-15D,B0H6M81JPM,fbm0,ALREADY_OFF,offer already on DEFAULT
2026-08-18T09:09:57+00:00,NL,CURACAO-5GB-30D,B0H6MGZLBC,fbm0,ALREADY_OFF,offer already on DEFAULT
2026-08-18T09:09:58+00:00,NL,CURACAO-20GB-30D,B0H6MF51WH,fbm0,ALREADY_OFF,offer already on DEFAULT
2026-08-18T09:09:59+00:00,NL,DEMOCRATIC-REPUBLIC-OF-THE-CONGO-3GB-15D,B0H6LZL22Y,fbm0,ALREADY_OFF,offer already on DEFAULT
2026-08-18T09:10:01+00:00,NL,DEMOCRATIC-REPUBLIC-OF-THE-CONGO-5GB-30D,B0H6M6L8Z8,fbm0,ALREADY_OFF,offer already on DEFAULT
2026-08-18T09:10:02+00:00,NL,DRC-20GB-30D,B0H6MZWFM7,fbm0,ALREADY_OFF,offer already on DEFAULT
2026-08-18T09:10:03+00:00,NL,DOMINICA-3GB-15D,B0H6M9H54M,fbm0,ALREADY_OFF,offer already on DEFAULT
2026-08-18T09:10:05+00:00,NL,DOMINICA-5GB-30D,B0H6M5HR32,fbm0,ALREADY_OFF,offer already on DEFAULT
2026-08-18T09:10:06+00:00,NL,DOMINICA-20GB-30D,B0H6MK8XTJ,fbm0,ALREADY_OFF,offer already on DEFAULT
2026-08-18T09:10:07+00:00,NL,FAROE-ISLANDS-3GB-15D,B0H6ML935Q,fbm0,ALREADY_OFF,offer already on DEFAULT
2026-08-18T09:10:08+00:00,NL,FAROE-ISLANDS-5GB-30D,B0H6MF2TVH,fbm0,ALREADY_OFF,offer already on DEFAULT
2026-08-18T09:10:09+00:00,NL,FAROE-ISLANDS-20GB-30D,B0H6MB82ZV,fbm0,ALREADY_OFF,offer already on DEFAULT
2026-08-18T09:10:11+00:00,NL,FIJI-3GB-15D,B0H6MFLWYD,fbm0,ALREADY_OFF,offer already on DEFAULT
2026-08-18T09:10:12+00:00,NL,FIJI-5GB-30D,B0H6MJ7GS6,fbm0,ALREADY_OFF,offer already on DEFAULT
2026-08-18T09:10:13+00:00,NL,FIJI-20GB-30D,B0H6MGBL3N,fbm0,ALREADY_OFF,offer already on DEFAULT
2026-08-18T09:10:15+00:00,NL,FRENCH-GUIANA-3GB-15D,B0H6MFD6Z3,fbm0,ALREADY_OFF,offer already on DEFAULT
2026-08-18T09:10:16+00:00,NL,FRENCH-GUIANA-5GB-30D,B0H6MGC352,fbm0,ALREADY_OFF,offer already on DEFAULT
2026-08-18T09:10:17+00:00,NL,FRENCH-GUIANA-20GB-30D,B0H6MDNXJJ,fbm0,ALREADY_OFF,offer already on DEFAULT
2026-08-18T09:10:19+00:00,NL,FRENCH-POLYNESIA-3GB-15D,B0H6MF6GHP,fbm0,ALREADY_OFF,offer already on DEFAULT
2026-08-18T09:10:20+00:00,NL,FRENCH-POLYNESIA-5GB-30D,B0H6MD2GXY,fbm0,ALREADY_OFF,offer already on DEFAULT
2026-08-18T09:10:21+00:00,NL,FRENCH-POLYNESIA-20GB-30D,B0H6M59GH9,fbm0,ALREADY_OFF,offer already on DEFAULT
2026-08-18T09:10:22+00:00,NL,GHANA-3GB-15D,B0H6M7CH6H,fbm0,ALREADY_OFF,offer already on DEFAULT
2026-08-18T09:10:23+00:00,NL,GHANA-5GB-30D,B0H6MD48NZ,fbm0,ALREADY_OFF,offer already on DEFAULT
2026-08-18T09:10:24+00:00,NL,GHANA-20GB-30D,B0H6M9CG3G,fbm0,ALREADY_OFF,offer already on DEFAULT
2026-08-18T09:10:26+00:00,NL,GREENLAND-3GB-15D,B0H6MLNBK2,fbm0,ALREADY_OFF,offer already on DEFAULT
2026-08-18T09:10:27+00:00,NL,GREENLAND-5GB-30D,B0H6MFMLK9,fbm0,ALREADY_OFF,offer already on DEFAULT
2026-08-18T09:10:28+00:00,NL,GREENLAND-20GB-30D,B0H6MBT3TW,fbm0,ALREADY_OFF,offer already on DEFAULT
2026-08-18T09:10:29+00:00,NL,GRENADA-3GB-15D,B0H6M8K37V,fbm0,ALREADY_OFF,offer already on DEFAULT
2026-08-18T09:10:31+00:00,NL,GRENADA-5GB-30D,B0H6MLJR6Z,fbm0,ALREADY_OFF,offer already on DEFAULT
2026-08-18T09:10:32+00:00,NL,GRENADA-20GB-30D,B0H6MGRF37,fbm0,ALREADY_OFF,offer already on DEFAULT
2026-08-18T09:10:33+00:00,NL,GUINEA-3GB-15D,B0H6MGZTF1,fbm0,ALREADY_OFF,offer already on DEFAULT
2026-08-18T09:10:34+00:00,NL,GUINEA-5GB-30D,B0H6MFTVX6,fbm0,ALREADY_OFF,offer already on DEFAULT
2026-08-18T09:10:36+00:00,NL,GUINEA-20GB-30D,B0H6M7VHYP,fbm0,ALREADY_OFF,offer already on DEFAULT
2026-08-18T09:10:37+00:00,NL,GUINEA-BISSAU-3GB-15D,B0H6MG6X8D,fbm0,ALREADY_OFF,offer already on DEFAULT
2026-08-18T09:10:38+00:00,NL,GUINEA-BISSAU-5GB-30D,B0H6MCJ4Y9,fbm0,ALREADY_OFF,offer already on DEFAULT
2026-08-18T09:10:39+00:00,NL,GUINEA-BISSAU-20GB-30D,B0H6MF1JJS,fbm0,ALREADY_OFF,offer already on DEFAULT
2026-08-18T09:10:41+00:00,NL,GUYANA-3GB-15D,B0H6MCG586,fbm0,ALREADY_OFF,offer already on DEFAULT
2026-08-18T09:10:42+00:00,NL,GUYANA-5GB-30D,B0H6MB3FHF,fbm0,ALREADY_OFF,offer already on DEFAULT
2026-08-18T09:10:43+00:00,NL,GUYANA-20GB-30D,B0H6MD1PB7,fbm0,ALREADY_OFF,offer already on DEFAULT
2026-08-18T09:10:45+00:00,NL,HAITI-3GB-15D,B0H6M9YTL4,fbm0,ALREADY_OFF,offer already on DEFAULT
2026-08-18T09:10:46+00:00,NL,HAITI-5GB-30D,B0H6MDHPCV,fbm0,ALREADY_OFF,offer already on DEFAULT
2026-08-18T09:10:47+00:00,NL,HAITI-20GB-30D,B0H6MBNF3Y,fbm0,ALREADY_OFF,offer already on DEFAULT
2026-08-18T09:10:49+00:00,NL,IRAQ-3GB-15D,B0H6MGX6P7,fbm0,ALREADY_OFF,offer already on DEFAULT
2026-08-18T09:10:50+00:00,NL,IRAQ-5GB-30D,B0H6MFRHZN,fbm0,ALREADY_OFF,offer already on DEFAULT
2026-08-18T09:10:51+00:00,NL,IRAQ-20GB-30D,B0H6M956TN,fbm0,ALREADY_OFF,offer already on DEFAULT
2026-08-18T09:10:52+00:00,NL,JAMAICA-3GB-15D,B0H6MF3PNQ,fbm0,ALREADY_OFF,offer already on DEFAULT
2026-08-18T09:10:53+00:00,NL,JAMAICA-5GB-30D,B0H6MJQCMF,fbm0,ALREADY_OFF,offer already on DEFAULT
2026-08-18T09:10:55+00:00,NL,JAMAICA-20GB-30D,B0H6MF52ZZ,fbm0,ALREADY_OFF,offer already on DEFAULT
2026-08-18T09:10:56+00:00,NL,LAOS-3GB-15D,B0H6M96WPB,fbm0,ALREADY_OFF,offer already on DEFAULT
2026-08-18T09:10:57+00:00,NL,LAOS-5GB-30D,B0H6MBJN5B,fbm0,ALREADY_OFF,offer already on DEFAULT
2026-08-18T09:10:58+00:00,NL,LAOS-20GB-30D,B0H6MBWGX1,fbm0,ALREADY_OFF,offer already on DEFAULT
2026-08-18T09:11:00+00:00,NL,LIBYA-3GB-15D,B0H6MBYGXZ,fbm0,ALREADY_OFF,offer already on DEFAULT
2026-08-18T09:11:01+00:00,NL,LIBYA-5GB-30D,B0H6M5PVSB,fbm0,ALREADY_OFF,offer already on DEFAULT
2026-08-18T09:11:02+00:00,NL,LIBYA-20GB-30D,B0H6MFWD2Y,fbm0,ALREADY_OFF,offer already on DEFAULT
2026-08-18T09:11:03+00:00,NL,MALDIVES-3GB-15D,B0H6MD6Y71,fbm0,ALREADY_OFF,offer already on DEFAULT
2026-08-18T09:11:05+00:00,NL,MALDIVES-5GB-30D,B0H6MJQZ8Y,fbm0,ALREADY_OFF,offer already on DEFAULT
2026-08-18T09:11:06+00:00,NL,MALDIVES-20GB-30D,B0H6MM5SCJ,fbm0,ALREADY_OFF,offer already on DEFAULT
2026-08-18T09:11:07+00:00,NL,MARTINIQUE-3GB-15D,B0H6M7SBFQ,fbm0,ALREADY_OFF,offer already on DEFAULT
2026-08-18T09:11:09+00:00,NL,MARTINIQUE-5GB-30D,B0H6MKCD1X,fbm0,ALREADY_OFF,offer already on DEFAULT
2026-08-18T09:11:10+00:00,NL,MARTINIQUE-20GB-30D,B0H6MH94KV,fbm0,ALREADY_OFF,offer already on DEFAULT
2026-08-18T09:11:12+00:00,NL,MAYOTTE-3GB-15D,B0H6MFWP88,fbm0,ALREADY_OFF,offer already on DEFAULT
2026-08-18T09:11:13+00:00,NL,MAYOTTE-5GB-30D,B0H6MD9C4Y,fbm0,ALREADY_OFF,offer already on DEFAULT
2026-08-18T09:11:14+00:00,NL,MAYOTTE-20GB-30D,B0H6M5L8MC,fbm0,ALREADY_OFF,offer already on DEFAULT
2026-08-18T09:11:16+00:00,NL,MONTSERRAT-3GB-15D,B0H6MDJ2ZR,fbm0,ALREADY_OFF,offer already on DEFAULT
2026-08-18T09:11:17+00:00,NL,MONTSERRAT-5GB-30D,B0H6MGQ1Y4,fbm0,ALREADY_OFF,offer already on DEFAULT
2026-08-18T09:11:18+00:00,NL,MONTSERRAT-20GB-30D,B0H6MG87HK,fbm0,ALREADY_OFF,offer already on DEFAULT
2026-08-18T09:11:19+00:00,NL,REPUBLIC-OF-THE-CONGO-3GB-15D,B0H6MM6DKT,fbm0,ALREADY_OFF,offer already on DEFAULT
2026-08-18T09:11:21+00:00,NL,REPUBLIC-OF-THE-CONGO-5GB-30D,B0H6MBXD3B,fbm0,ALREADY_OFF,offer already on DEFAULT
2026-08-18T09:11:22+00:00,NL,REPUBLIC-OF-THE-CONGO-20GB-30D,B0H6MJ756Y,fbm0,ALREADY_OFF,offer already on DEFAULT
2026-08-18T09:11:23+00:00,NL,ROMANIA-3GB-15D,B0H6MKQH2C,fbm0,ALREADY_OFF,offer already on DEFAULT
2026-08-18T09:11:24+00:00,NL,ROMANIA-5GB-30D,B0H6MFVLCB,fbm0,ALREADY_OFF,offer already on DEFAULT
2026-08-18T09:11:25+00:00,NL,ROMANIA-20GB-30D,B0H6MGRC1F,fbm0,ALREADY_OFF,offer already on DEFAULT
2026-08-18T09:11:27+00:00,NL,RUSSIA-3GB-15D,B0H6MDNPC8,fbm0,ALREADY_OFF,offer already on DEFAULT
2026-08-18T09:11:28+00:00,NL,RUSSIA-5GB-30D,B0H6MLHHB2,fbm0,ALREADY_OFF,offer already on DEFAULT
2026-08-18T09:11:29+00:00,NL,RUSSIA-20GB-30D,B0H6MDSLNC,fbm0,ALREADY_OFF,offer already on DEFAULT
2026-08-18T09:11:31+00:00,NL,RWANDA-3GB-15D,B0H6MK2ZBQ,fbm0,ALREADY_OFF,offer already on DEFAULT
2026-08-18T09:11:32+00:00,NL,RWANDA-5GB-30D,B0H6MJZHP1,fbm0,ALREADY_OFF,offer already on DEFAULT
2026-08-18T09:11:33+00:00,NL,RWANDA-20GB-30D,B0H6M66BWN,fbm0,ALREADY_OFF,offer already on DEFAULT
2026-08-18T09:11:34+00:00,NL,SAINT-BARTHELEMY-3GB-15D,B0H6MDMD63,fbm0,ALREADY_OFF,offer already on DEFAULT
2026-08-18T09:11:35+00:00,NL,SAINT-BARTHELEMY-5GB-30D,B0H6MBS246,fbm0,ALREADY_OFF,offer already on DEFAULT
2026-08-18T09:11:37+00:00,NL,SAINT-BARTHELEMY-20GB-30D,B0H6MJHHNB,fbm0,ALREADY_OFF,offer already on DEFAULT
2026-08-18T09:11:38+00:00,NL,SAINT-KITTS-AND-NEVIS-3GB-15D,B0H6MDHJ2B,fbm0,ALREADY_OFF,offer already on DEFAULT
2026-08-18T09:11:39+00:00,NL,SAINT-KITTS-AND-NEVIS-5GB-30D,B0H6MBK615,fbm0,ALREADY_OFF,offer already on DEFAULT
2026-08-18T09:11:40+00:00,NL,SAINT-KITTS-AND-NEVIS-20GB-30D,B0H6MJQSR4,fbm0,ALREADY_OFF,offer already on DEFAULT
2026-08-18T09:11:42+00:00,NL,SAINT-LUCIA-3GB-15D,B0H6M7Y1CD,fbm0,ALREADY_OFF,offer already on DEFAULT
2026-08-18T09:11:43+00:00,NL,SAINT-LUCIA-5GB-30D,B0H6MGBXNV,fbm0,ALREADY_OFF,offer already on DEFAULT
2026-08-18T09:11:44+00:00,NL,SAINT-LUCIA-20GB-30D,B0H6MDX8DY,fbm0,ALREADY_OFF,offer already on DEFAULT
2026-08-18T09:11:46+00:00,NL,SAINT-MARTIN-3GB-15D,B0H6MDB2CN,fbm0,ALREADY_OFF,offer already on DEFAULT
2026-08-18T09:11:47+00:00,NL,SAINT-MARTIN-5GB-30D,B0H6MC37Q1,fbm0,ALREADY_OFF,offer already on DEFAULT
2026-08-18T09:11:48+00:00,NL,SAINT-MARTIN-20GB-30D,B0H6MF7K64,fbm0,ALREADY_OFF,offer already on DEFAULT
2026-08-18T09:11:49+00:00,NL,SAINT-VINCENT-AND-THE-GRENADINES-3GB-15D,B0H6MF3FWZ,fbm0,ALREADY_OFF,offer already on DEFAULT
2026-08-18T09:11:51+00:00,NL,SAINT-VINCENT-AND-THE-GRENADINES-5GB-30D,B0H6MJXH8Z,fbm0,ALREADY_OFF,offer already on DEFAULT
2026-08-18T09:11:52+00:00,NL,SVG-20GB-30D,B0H6MWF5B5,fbm0,ALREADY_OFF,offer already on DEFAULT
2026-08-18T09:11:53+00:00,NL,SAMOA-3GB-15D,B0H6MGJ45S,fbm0,ALREADY_OFF,offer already on DEFAULT
2026-08-18T09:11:54+00:00,NL,SAMOA-5GB-30D,B0H6MFFZH1,fbm0,ALREADY_OFF,offer already on DEFAULT
2026-08-18T09:11:56+00:00,NL,SAMOA-20GB-30D,B0H6MJQDSM,fbm0,ALREADY_OFF,offer already on DEFAULT
2026-08-18T09:11:57+00:00,NL,SAN-MARINO-3GB-15D,B0H6MG33GL,fbm0,ALREADY_OFF,offer already on DEFAULT
2026-08-18T09:11:58+00:00,NL,SAN-MARINO-5GB-30D,B0H6ML6C38,fbm0,ALREADY_OFF,offer already on DEFAULT
2026-08-18T09:12:00+00:00,NL,SAN-MARINO-20GB-30D,B0H6MDHJFJ,fbm0,ALREADY_OFF,offer already on DEFAULT
2026-08-18T09:12:01+00:00,NL,SIERRA-LEONE-3GB-15D,B0H6MHPWKP,fbm0,ALREADY_OFF,offer already on DEFAULT
2026-08-18T09:12:02+00:00,NL,SIERRA-LEONE-5GB-30D,B0H6MBK6HZ,fbm0,ALREADY_OFF,offer already on DEFAULT
2026-08-18T09:12:04+00:00,NL,SIERRA-LEONE-20GB-30D,B0H6ML1JW1,fbm0,ALREADY_OFF,offer already on DEFAULT
2026-08-18T09:12:05+00:00,NL,SURINAME-3GB-15D,B0H6MLWJMY,fbm0,ALREADY_OFF,offer already on DEFAULT
2026-08-18T09:12:06+00:00,NL,SURINAME-5GB-30D,B0H6MNS3N5,fbm0,ALREADY_OFF,offer already on DEFAULT
2026-08-18T09:12:08+00:00,NL,SURINAME-20GB-30D,B0H6MNKY5H,fbm0,ALREADY_OFF,offer already on DEFAULT
2026-08-18T09:12:09+00:00,NL,TAJIKISTAN-3GB-15D,B0H6M7XFN6,fbm0,ALREADY_OFF,offer already on DEFAULT
2026-08-18T09:12:11+00:00,NL,TAJIKISTAN-5GB-30D,B0H6MFYMXZ,fbm0,DEACTIVATED,
2026-08-18T09:12:12+00:00,NL,TAJIKISTAN-20GB-30D,B0H6M85C77,fbm0,DEACTIVATED,
2026-08-18T09:12:14+00:00,NL,TRINIDAD-AND-TOBAGO-3GB-15D,B0H6MJTHXK,fbm0,ALREADY_OFF,offer already on DEFAULT
2026-08-18T09:12:15+00:00,NL,TRINIDAD-AND-TOBAGO-5GB-30D,B0H6MJTHY9,fbm0,ALREADY_OFF,offer already on DEFAULT
2026-08-18T09:12:17+00:00,NL,TRINIDAD-AND-TOBAGO-20GB-30D,B0H6MF31VP,fbm0,DEACTIVATED,
2026-08-18T09:12:19+00:00,NL,TURKS-AND-CAICOS-ISLANDS-3GB-15D,B0H6MNNXGL,fbm0,DEACTIVATED,
2026-08-18T09:12:20+00:00,NL,TURKS-AND-CAICOS-ISLANDS-5GB-30D,B0H6MLH1KM,fbm0,DEACTIVATED,
2026-08-18T09:12:22+00:00,NL,TURKS-AND-CAICOS-ISLANDS-20GB-30D,B0H6MLBGX7,fbm0,DEACTIVATED,
2026-08-18T09:12:24+00:00,NL,VATICAN-CITY-3GB-15D,B0H6MBMF8G,fbm0,DEACTIVATED,
2026-08-18T09:12:25+00:00,NL,VATICAN-CITY-5GB-30D,B0H6M7YXNP,fbm0,DEACTIVATED,
2026-08-18T09:12:27+00:00,NL,VATICAN-CITY-20GB-30D,B0H6MDPLZ9,fbm0,DEACTIVATED,
2026-08-18T09:12:29+00:00,NL,CANADA-PREMIUM-3GB-15D,B0H6MJ1HMJ,fbm0,DEACTIVATED,
2026-08-18T09:12:31+00:00,NL,CANADA-PREMIUM-5GB-30D,B0H6MPXGBN,fbm0,DEACTIVATED,
2026-08-18T09:12:32+00:00,NL,CANADA-PREMIUM-20GB-30D,B0H6MJ9N4Y,fbm0,DEACTIVATED,
2026-08-18T09:12:34+00:00,NL,AALAND-ISLANDS-3GB-15D,B0FR3CCSMB,fbm0,DEACTIVATED,
2026-08-18T09:12:35+00:00,NL,AALAND-ISLANDS-5GB-30D,B0FR3G6JWB,fbm0,ALREADY_OFF,offer already on DEFAULT
2026-08-18T09:12:37+00:00,NL,AALAND-ISLANDS-20GB-30D,B0FR39Q1KJ,fbm0,ALREADY_OFF,offer already on DEFAULT
2026-08-18T09:12:38+00:00,NL,AFRICA-5GB-30D,B0FR3GK9Z7,fbm0,ALREADY_OFF,offer already on DEFAULT
2026-08-18T09:12:39+00:00,NL,ALBANIA-5GB-30D,B0FR4ZG3Z6,fbm0,ALREADY_OFF,offer already on DEFAULT
2026-08-18T09:12:40+00:00,NL,ARGENTINA-3GB-15D,B0FR554SXN,fbm0,ALREADY_OFF,offer already on DEFAULT
2026-08-18T09:12:42+00:00,NL,ARGENTINA-20GB-30D,B0FR5DCH33,fbm0,ALREADY_OFF,offer already on DEFAULT
2026-08-18T09:12:43+00:00,NL,ARMENIA-3GB-15D,B0FR5BK9R4,fbm0,ALREADY_OFF,offer already on DEFAULT
2026-08-18T09:12:44+00:00,NL,ARMENIA-20GB-30D,B0FR4ZT5XT,fbm0,ALREADY_OFF,offer already on DEFAULT
2026-08-18T09:12:46+00:00,NL,ASIA-20-3GB-15D,B0FR9FZ4RF,fbm0,ALREADY_OFF,offer already on DEFAULT
2026-08-18T09:12:47+00:00,NL,ASIA-20-5GB-30D,B0FR9BQNSV,fbm0,ALREADY_OFF,offer already on DEFAULT
2026-08-18T09:12:48+00:00,NL,AUSTRALIA-3GB-15D,B0FR9SKY4D,fbm0,ALREADY_OFF,offer already on DEFAULT
2026-08-18T09:12:49+00:00,NL,AUSTRALIA-5GB-30D,B0FR9JRB62,fbm0,ALREADY_OFF,offer already on DEFAULT
2026-08-18T09:12:50+00:00,NL,AUSTRALIA-20GB-30D,B0FR9G1ZQJ,fbm0,ALREADY_OFF,offer already on DEFAULT
2026-08-18T09:12:52+00:00,NL,AUSTRIA-3GB-15D,B0FR9QSMSP,fbm0,ALREADY_OFF,offer already on DEFAULT
2026-08-18T09:12:53+00:00,NL,AUSTRIA-5GB-30D,B0FR8XCH78,fbm0,ALREADY_OFF,offer already on DEFAULT
2026-08-18T09:12:54+00:00,NL,AUSTRIA-20GB-30D,B0FR8XBSBP,fbm0,ALREADY_OFF,offer already on DEFAULT
2026-08-18T09:12:56+00:00,NL,AZERBAIJAN-3GB-15D,B0FR9BTC98,fbm0,ALREADY_OFF,offer already on DEFAULT
2026-08-18T09:12:57+00:00,NL,BAHRAIN-3GB-15D,B0FR9K64KF,fbm0,ALREADY_OFF,offer already on DEFAULT
2026-08-18T09:12:58+00:00,NL,BANGLADESH-3GB-15D,B0FR9L7SG3,fbm0,ALREADY_OFF,offer already on DEFAULT
2026-08-18T09:13:00+00:00,NL,BANGLADESH-5GB-30D,B0FR9BQFCM,fbm0,ALREADY_OFF,offer already on DEFAULT
2026-08-18T09:13:01+00:00,NL,BANGLADESH-20GB-30D,B0FR8FJ3HJ,fbm0,ALREADY_OFF,offer already on DEFAULT
2026-08-18T09:13:06+00:00,NL,BELARUS-3GB-15D,B0FR9G3Z82,fbm0,ALREADY_OFF,offer already on DEFAULT
2026-08-18T09:13:07+00:00,NL,BELARUS-5GB-30D,B0FR8FFT4D,fbm0,ALREADY_OFF,offer already on DEFAULT
2026-08-18T09:13:08+00:00,NL,BELGIUM-3GB-15D,B0FR9G432K,fbm0,ALREADY_OFF,offer already on DEFAULT
2026-08-18T09:13:09+00:00,NL,BELGIUM-5GB-30D,B0FR9SXCW6,fbm0,ALREADY_OFF,offer already on DEFAULT
2026-08-18T09:13:11+00:00,NL,BELGIUM-20GB-30D,B0FR9BVRCH,fbm0,ALREADY_OFF,offer already on DEFAULT
2026-08-18T09:13:12+00:00,NL,BOLIVIA-3GB-15D,B0FR8FKPKH,fbm0,ALREADY_OFF,offer already on DEFAULT
2026-08-18T09:13:13+00:00,NL,BOLIVIA-20GB-30D,B0FR9RH588,fbm0,ALREADY_OFF,offer already on DEFAULT
2026-08-18T09:13:15+00:00,NL,BOSNIA-AND-HERZEGOVINA-3GB-15D,B0FR9G8ZVK,fbm0,ALREADY_OFF,offer already on DEFAULT
2026-08-18T09:13:16+00:00,NL,BOTSWANA-3GB-15D,B0FR9G7N2Q,fbm0,ALREADY_OFF,offer already on DEFAULT
2026-08-18T09:13:17+00:00,NL,BRAZIL-3GB-15D,B0FR9G5LKV,fbm0,ALREADY_OFF,offer already on DEFAULT
2026-08-18T09:13:18+00:00,NL,BRAZIL-20GB-30D,B0FR9KLZCR,fbm0,ALREADY_OFF,offer already on DEFAULT
2026-08-18T09:13:20+00:00,NL,BRUNEI-DARUSSALAM-3GB-15D,B0FR9KTJND,fbm0,ALREADY_OFF,offer already on DEFAULT
2026-08-18T09:13:21+00:00,NL,BRUNEI-DARUSSALAM-20GB-30D,B0FR9F971C,fbm0,ALREADY_OFF,offer already on DEFAULT
2026-08-18T09:13:22+00:00,NL,BURKINA-FASO-3GB-15D,B0FR9HWFSK,fbm0,ALREADY_OFF,offer already on DEFAULT
2026-08-18T09:13:23+00:00,NL,BURKINA-FASO-5GB-30D,B0FR9BWKSY,fbm0,ALREADY_OFF,offer already on DEFAULT
2026-08-18T09:13:24+00:00,NL,CAMEROON-3GB-15D,B0FR9VJ1ZB,fbm0,ALREADY_OFF,offer already on DEFAULT
2026-08-18T09:13:26+00:00,NL,CENTRAL-AFRICAN-REPUBLIC-3GB-15D,B0FR9RK8FP,fbm0,ALREADY_OFF,offer already on DEFAULT
2026-08-18T09:13:27+00:00,NL,CENTRAL-AFRICAN-REPUBLIC-5GB-30D,B0FR9R3NMC,fbm0,ALREADY_OFF,offer already on DEFAULT
2026-08-18T09:13:28+00:00,NL,CHAD-3GB-15D,B0FR9SG4MK,fbm0,ALREADY_OFF,offer already on DEFAULT
2026-08-18T09:13:30+00:00,NL,CHAD-5GB-30D,B0FR9L414C,fbm0,ALREADY_OFF,offer already on DEFAULT
2026-08-18T09:13:31+00:00,NL,CHILE-3GB-15D,B0FR9RY1RT,fbm0,ALREADY_OFF,offer already on DEFAULT
2026-08-18T09:13:32+00:00,NL,CHINA-3GB-15D,B0FR9QZ578,fbm0,ALREADY_OFF,offer already on DEFAULT
2026-08-18T09:13:33+00:00,NL,CHINA-5GB-30D,B0FR9HX7XH,fbm0,ALREADY_OFF,offer already on DEFAULT
2026-08-18T09:13:35+00:00,NL,CHINA-20GB-30D,B0FR9GD6X9,fbm0,ALREADY_OFF,offer already on DEFAULT
2026-08-18T09:13:36+00:00,NL,COLOMBIA-3GB-15D,B0FR9RL8W5,fbm0,ALREADY_OFF,offer already on DEFAULT
2026-08-18T09:13:37+00:00,NL,CAMBODIA-3GB-15D,B0FR8XKMJ4,fbm0,ALREADY_OFF,offer already on DEFAULT
2026-08-18T09:13:38+00:00,NL,CAMBODIA-20GB-30D,B0FR9GFJPL,fbm0,ALREADY_OFF,offer already on DEFAULT
2026-08-18T09:13:39+00:00,NL,COSTA-RICA-3GB-15D,B0FR9LNRMN,fbm0,ALREADY_OFF,offer already on DEFAULT
2026-08-18T09:13:41+00:00,NL,COTE-D-IVOIRE-3GB-15D,B0FR9HW9DJ,fbm0,ALREADY_OFF,offer already on DEFAULT
2026-08-18T09:13:42+00:00,NL,COTE-D-IVOIRE-5GB-30D,B0FR9V5LYJ,fbm0,ALREADY_OFF,offer already on DEFAULT
2026-08-18T09:13:43+00:00,NL,CROATIA-3GB-15D,B0FR9GDKT1,fbm0,ALREADY_OFF,offer already on DEFAULT
2026-08-18T09:13:45+00:00,NL,CROATIA-5GB-30D,B0FR9BVV58,fbm0,ALREADY_OFF,offer already on DEFAULT
2026-08-18T09:13:46+00:00,NL,CROATIA-20GB-30D,B0FR9TYCSL,fbm0,ALREADY_OFF,offer already on DEFAULT
2026-08-18T09:13:47+00:00,NL,CYPRUS-3GB-15D,B0FR8XJWWG,fbm0,ALREADY_OFF,offer already on DEFAULT
2026-08-18T09:13:48+00:00,NL,CYPRUS-5GB-30D,B0FR8XHWZV,fbm0,ALREADY_OFF,offer already on DEFAULT
2026-08-18T09:13:50+00:00,NL,CZECH-REPUBLIC-3GB-15D,B0FR9SB2Q3,fbm0,ALREADY_OFF,offer already on DEFAULT
2026-08-18T09:13:51+00:00,NL,CZECH-REPUBLIC-5GB-30D,B0FR9BY2LF,fbm0,ALREADY_OFF,offer already on DEFAULT
2026-08-18T09:13:52+00:00,NL,CZECH-REPUBLIC-20GB-30D,B0FR9SVN9H,fbm0,ALREADY_OFF,offer already on DEFAULT
2026-08-18T09:13:54+00:00,NL,DENMARK-3GB-15D,B0FR9GSNP4,fbm0,ALREADY_OFF,offer already on DEFAULT
2026-08-18T09:13:55+00:00,NL,DENMARK-5GB-30D,B0FR8XQYR4,fbm0,ALREADY_OFF,offer already on DEFAULT
2026-08-18T09:13:56+00:00,NL,DENMARK-20GB-30D,B0FR9QPF45,fbm0,ALREADY_OFF,offer already on DEFAULT
2026-08-18T09:13:58+00:00,NL,DOMINICAN-REPUBLIC-3GB-15D,B0FR9GSKZF,fbm0,ALREADY_OFF,offer already on DEFAULT
2026-08-18T09:13:59+00:00,NL,DOMINICAN-REPUBLIC-5GB-30D,B0FR9GQKCM,fbm0,ALREADY_OFF,offer already on DEFAULT
2026-08-18T09:14:00+00:00,NL,DOMINICAN-REPUBLIC-20GB-30D,B0FR9C6DJF,fbm0,ALREADY_OFF,offer already on DEFAULT
2026-08-18T09:14:02+00:00,NL,ECUADOR-3GB-15D,B0FR9RM6MP,fbm0,ALREADY_OFF,offer already on DEFAULT
2026-08-18T09:14:03+00:00,NL,EGYPT-3GB-15D,B0FR9C784N,fbm0,ALREADY_OFF,offer already on DEFAULT
2026-08-18T09:14:05+00:00,NL,EGYPT-5GB-30D,B0FR9LR5KJ,fbm0,ALREADY_OFF,offer already on DEFAULT
2026-08-18T09:14:06+00:00,NL,EGYPT-20GB-30D,B0FR9GQBGL,fbm0,ALREADY_OFF,offer already on DEFAULT
2026-08-18T09:14:08+00:00,NL,EL-SALVADOR-3GB-15D,B0FR9LJ7X4,fbm0,ALREADY_OFF,offer already on DEFAULT
2026-08-18T09:14:09+00:00,NL,ESTONIA-3GB-15D,B0FR9GST1S,fbm0,ALREADY_OFF,offer already on DEFAULT
2026-08-18T09:14:10+00:00,NL,ESTONIA-5GB-30D,B0FR9GQYKB,fbm0,ALREADY_OFF,offer already on DEFAULT
2026-08-18T09:14:12+00:00,NL,ESTONIA-20GB-30D,B0FR9L527N,fbm0,ALREADY_OFF,offer already on DEFAULT
2026-08-18T09:14:13+00:00,NL,EUROPE-40-AREAS-5GB-30D,B0FR9RYSSS,fbm0,ALREADY_OFF,offer already on DEFAULT
2026-08-18T09:14:14+00:00,NL,EUROPE-40-AREAS-20GB-30D,B0FR9TNPV3,fbm0,ALREADY_OFF,offer already on DEFAULT
2026-08-18T09:14:15+00:00,NL,FINLAND-3GB-15D,B0FR9GSND6,fbm0,ALREADY_OFF,offer already on DEFAULT
2026-08-18T09:14:17+00:00,NL,FINLAND-5GB-30D,B0FR9SB3BJ,fbm0,ALREADY_OFF,offer already on DEFAULT
2026-08-18T09:14:18+00:00,NL,FRANCE-3GB-15D,B0FR9C5ZB6,fbm0,ALREADY_OFF,offer already on DEFAULT
2026-08-18T09:14:19+00:00,NL,FRANCE-5GB-30D,B0FR9LMDW5,fbm0,ALREADY_OFF,offer already on DEFAULT
2026-08-18T09:14:21+00:00,NL,FRANCE-20GB-30D,B0FR9GPMC5,fbm0,ALREADY_OFF,offer already on DEFAULT
2026-08-18T09:14:22+00:00,NL,GABON-3GB-15D,B0FR9GPX9T,fbm0,ALREADY_OFF,offer already on DEFAULT
2026-08-18T09:14:23+00:00,NL,GEORGIA-3GB-15D,B0FR9KMX2N,fbm0,ALREADY_OFF,offer already on DEFAULT
2026-08-18T09:14:24+00:00,NL,GEORGIA-20GB-30D,B0FR9C73NK,fbm0,ALREADY_OFF,offer already on DEFAULT
2026-08-18T09:14:26+00:00,NL,GERMANY-3GB-15D,B0GSZBMLKV,fbm0,ALREADY_OFF,offer already on DEFAULT
2026-08-18T09:14:27+00:00,NL,GERMANY-5GB-30D,B0GSZDYWLZ,fbm0,ALREADY_OFF,offer already on DEFAULT
2026-08-18T09:14:29+00:00,NL,GERMANY-20GB-30D,B0GSZP9H94,fbm0,ALREADY_OFF,offer already on DEFAULT
2026-08-18T09:14:30+00:00,NL,GIBRALTAR-3GB-15D,B0FR8XSPMC,fbm0,ALREADY_OFF,offer already on DEFAULT
2026-08-18T09:14:31+00:00,NL,GLOBAL139-5GB-30D,B0FR9VNTLY,fbm0,ALREADY_OFF,offer already on DEFAULT
2026-08-18T09:14:32+00:00,NL,GREECE-3GB-15D,B0FR9L85F6,fbm0,ALREADY_OFF,offer already on DEFAULT
2026-08-18T09:14:34+00:00,NL,GREECE-5GB-30D,B0FR9C7SMF,fbm0,ALREADY_OFF,offer already on DEFAULT
2026-08-18T09:14:35+00:00,NL,GREECE-20GB-30D,B0FR9KJGBG,fbm0,ALREADY_OFF,offer already on DEFAULT
2026-08-18T09:14:36+00:00,NL,GUADELOUPE-3GB-15D,B0FR9TMVWK,fbm0,ALREADY_OFF,offer already on DEFAULT
2026-08-18T09:14:38+00:00,NL,GUADELOUPE-20GB-30D,B0FR8XTBF6,fbm0,ALREADY_OFF,offer already on DEFAULT
2026-08-18T09:14:39+00:00,NL,GUAM-3GB-15D,B0FR9GVSSF,fbm0,ALREADY_OFF,offer already on DEFAULT
2026-08-18T09:14:40+00:00,NL,GUAM-5GB-30D,B0FR9SVP8Y,fbm0,ALREADY_OFF,offer already on DEFAULT
2026-08-18T09:14:42+00:00,NL,GUAM-20GB-30D,B0FR9C7MGP,fbm0,ALREADY_OFF,offer already on DEFAULT
2026-08-18T09:14:43+00:00,NL,GUATEMALA-3GB-15D,B0FR9VC6VD,fbm0,ALREADY_OFF,offer already on DEFAULT
2026-08-18T09:14:45+00:00,NL,GUERNSEY-3GB-15D,B0FR9SMWDN,fbm0,ALREADY_OFF,offer already on DEFAULT
2026-08-18T09:14:46+00:00,NL,GUERNSEY-5GB-30D,B0FR9C5PXR,fbm0,ALREADY_OFF,offer already on DEFAULT
2026-08-18T09:14:47+00:00,NL,GUERNSEY-20GB-30D,B0FR9LYWWY,fbm0,ALREADY_OFF,offer already on DEFAULT
2026-08-18T09:14:48+00:00,NL,HONDURAS-3GB-15D,B0FR9ZYV5G,fbm0,ALREADY_OFF,offer already on DEFAULT
2026-08-18T09:14:50+00:00,NL,HONG-KONG-3GB-15D,B0FR9CC6Q8,fbm0,ALREADY_OFF,offer already on DEFAULT
2026-08-18T09:14:51+00:00,NL,HONG-KONG-5GB-30D,B0FR9GXYYL,fbm0,ALREADY_OFF,offer already on DEFAULT
2026-08-18T09:14:52+00:00,NL,HUNGARY-3GB-15D,B0FR9C9JVW,fbm0,ALREADY_OFF,offer already on DEFAULT
2026-08-18T09:14:53+00:00,NL,HUNGARY-5GB-30D,B0FR9GY3R5,fbm0,ALREADY_OFF,offer already on DEFAULT
2026-08-18T09:14:55+00:00,NL,HUNGARY-20GB-30D,B0FR9ZVYYQ,fbm0,ALREADY_OFF,offer already on DEFAULT
2026-08-18T09:14:56+00:00,NL,ICELAND-3GB-15D,B0FR9TBBK1,fbm0,ALREADY_OFF,offer already on DEFAULT
2026-08-18T09:14:57+00:00,NL,ICELAND-5GB-30D,B0FR9ZWQBD,fbm0,ALREADY_OFF,offer already on DEFAULT
2026-08-18T09:14:59+00:00,NL,ICELAND-20GB-30D,B0FR9GX6LF,fbm0,ALREADY_OFF,offer already on DEFAULT
2026-08-18T09:15:00+00:00,NL,INDIA-3GB-15D,B0FR9ZM116,fbm0,ALREADY_OFF,offer already on DEFAULT
2026-08-18T09:15:01+00:00,NL,INDIA-5GB-30D,B0FR9GXWN9,fbm0,ALREADY_OFF,offer already on DEFAULT
2026-08-18T09:15:03+00:00,NL,INDIA-20GB-30D,B0FR9DYMHX,fbm0,ALREADY_OFF,offer already on DEFAULT
2026-08-18T09:15:04+00:00,NL,INDONESIA-3GB-15D,B0FR9T6QPZ,fbm0,ALREADY_OFF,offer already on DEFAULT
2026-08-18T09:15:05+00:00,NL,INDONESIA-5GB-30D,B0FR8XW5DR,fbm0,ALREADY_OFF,offer already on DEFAULT
2026-08-18T09:15:06+00:00,NL,INDONESIA-20GB-30D,B0FR9QXRDQ,fbm0,ALREADY_OFF,offer already on DEFAULT
2026-08-18T09:15:08+00:00,NL,IRELAND-3GB-15D,B0FR8XV57F,fbm0,ALREADY_OFF,offer already on DEFAULT
2026-08-18T09:15:09+00:00,NL,IRELAND-5GB-30D,B0FR9GYKQL,fbm0,ALREADY_OFF,offer already on DEFAULT
2026-08-18T09:15:10+00:00,NL,IRELAND-20GB-30D,B0FR9SZG2Z,fbm0,ALREADY_OFF,offer already on DEFAULT
2026-08-18T09:15:12+00:00,NL,ISLE-OF-MAN-3GB-15D,B0FR9LZ7RL,fbm0,ALREADY_OFF,offer already on DEFAULT
2026-08-18T09:15:13+00:00,NL,ISLE-OF-MAN-5GB-30D,B0FR9M27XY,fbm0,ALREADY_OFF,offer already on DEFAULT
2026-08-18T09:15:14+00:00,NL,ISLE-OF-MAN-20GB-30D,B0FR9CB5LK,fbm0,ALREADY_OFF,offer already on DEFAULT
2026-08-18T09:15:16+00:00,NL,ISRAEL-3GB-15D,B0FR9M11H1,fbm0,ALREADY_OFF,offer already on DEFAULT
2026-08-18T09:15:17+00:00,NL,ISRAEL-5GB-30D,B0FR8XVZZM,fbm0,ALREADY_OFF,offer already on DEFAULT
2026-08-18T09:15:18+00:00,NL,ISRAEL-20GB-30D,B0FR9K8SQ1,fbm0,ALREADY_OFF,offer already on DEFAULT
2026-08-18T09:15:19+00:00,NL,ITALY-3GB-15D,B0FR9GXZ18,fbm0,ALREADY_OFF,offer already on DEFAULT
2026-08-18T09:15:21+00:00,NL,ITALY-5GB-30D,B0FR9ZR2TH,fbm0,ALREADY_OFF,offer already on DEFAULT
2026-08-18T09:15:22+00:00,NL,ITALY-20GB-30D,B0FR9RNZV2,fbm0,ALREADY_OFF,offer already on DEFAULT
2026-08-18T09:15:24+00:00,NL,JAPAN-3GB-15D,B0FR9LVZVQ,fbm0,ALREADY_OFF,offer already on DEFAULT
2026-08-18T09:15:25+00:00,NL,JAPAN-5GB-30D,B0FR9TLXXH,fbm0,ALREADY_OFF,offer already on DEFAULT
2026-08-18T09:15:26+00:00,NL,JAPAN-20GB-30D,B0FR9RZKRB,fbm0,ALREADY_OFF,offer already on DEFAULT
2026-08-18T09:15:27+00:00,NL,JERSEY-3GB-15D,B0FR9GYMR5,fbm0,ALREADY_OFF,offer already on DEFAULT
2026-08-18T09:15:29+00:00,NL,JERSEY-5GB-30D,B0FR9M27GP,fbm0,ALREADY_OFF,offer already on DEFAULT
2026-08-18T09:15:30+00:00,NL,JERSEY-20GB-30D,B0FR9CBQDH,fbm0,ALREADY_OFF,offer already on DEFAULT
2026-08-18T09:15:31+00:00,NL,JORDAN-3GB-15D,B0FR9M144Z,fbm0,ALREADY_OFF,offer already on DEFAULT
2026-08-18T09:15:32+00:00,NL,JORDAN-5GB-30D,B0FR9ZTZNK,fbm0,ALREADY_OFF,offer already on DEFAULT
2026-08-18T09:15:34+00:00,NL,JORDAN-20GB-30D,B0FR9ST188,fbm0,ALREADY_OFF,offer already on DEFAULT
2026-08-18T09:15:35+00:00,NL,KAZAKHSTAN-3GB-15D,B0FR9T4DG2,fbm0,ALREADY_OFF,offer already on DEFAULT
2026-08-18T09:15:37+00:00,NL,KAZAKHSTAN-5GB-30D,B0FR9ZMMSH,fbm0,ALREADY_OFF,offer already on DEFAULT
2026-08-18T09:15:38+00:00,NL,KAZAKHSTAN-20GB-30D,B0FR9TLNNW,fbm0,ALREADY_OFF,offer already on DEFAULT
2026-08-18T09:15:40+00:00,NL,KENYA-3GB-15D,B0FR9GZ14G,fbm0,ALREADY_OFF,offer already on DEFAULT
2026-08-18T09:15:41+00:00,NL,KENYA-5GB-30D,B0FR9T4DG6,fbm0,ALREADY_OFF,offer already on DEFAULT
2026-08-18T09:15:42+00:00,NL,KUWAIT-3GB-15D,B0FR9LZJ3X,fbm0,ALREADY_OFF,offer already on DEFAULT
2026-08-18T09:15:44+00:00,NL,KUWAIT-5GB-30D,B0FR9M2TXP,fbm0,ALREADY_OFF,offer already on DEFAULT
2026-08-18T09:15:45+00:00,NL,KUWAIT-20GB-30D,B0FR9KBF4P,fbm0,ALREADY_OFF,offer already on DEFAULT
2026-08-18T09:15:46+00:00,NL,KYRGYZSTAN-3GB-15D,B0FR9TVF4R,fbm0,ALREADY_OFF,offer already on DEFAULT
2026-08-18T09:15:48+00:00,NL,KYRGYZSTAN-20GB-30D,B0FR8XXBHM,fbm0,ALREADY_OFF,offer already on DEFAULT
2026-08-18T09:15:49+00:00,NL,LATVIA-3GB-15D,B0FR9VM4K6,fbm0,ALREADY_OFF,offer already on DEFAULT
2026-08-18T09:15:51+00:00,NL,LATVIA-5GB-30D,B0FR9TR99S,fbm0,ALREADY_OFF,offer already on DEFAULT
2026-08-18T09:15:52+00:00,NL,LATVIA-20GB-30D,B0FR9SWN6V,fbm0,ALREADY_OFF,offer already on DEFAULT
2026-08-18T09:15:54+00:00,NL,LIBERIA-3GB-15D,B0FR9H18JQ,fbm0,ALREADY_OFF,offer already on DEFAULT
2026-08-18T09:15:55+00:00,NL,LIBERIA-5GB-30D,B0FR9SJ1YH,fbm0,ALREADY_OFF,offer already on DEFAULT
2026-08-18T09:15:56+00:00,NL,LIECHTENSTEIN-3GB-15D,B0FR9S35ZH,fbm0,ALREADY_OFF,offer already on DEFAULT
2026-08-18T09:15:58+00:00,NL,LITHUANIA-3GB-15D,B0FR9KS3P4,fbm0,ALREADY_OFF,offer already on DEFAULT
2026-08-18T09:15:59+00:00,NL,LITHUANIA-5GB-30D,B0FR9R598C,fbm0,ALREADY_OFF,offer already on DEFAULT
2026-08-18T09:16:00+00:00,NL,LITHUANIA-20GB-30D,B0FR9TQN8N,fbm0,ALREADY_OFF,offer already on DEFAULT
2026-08-18T09:16:01+00:00,NL,LUXEMBOURG-3GB-15D,B0FR9SHRKM,fbm0,ALREADY_OFF,offer already on DEFAULT
2026-08-18T09:16:03+00:00,NL,LUXEMBOURG-5GB-30D,B0FR9SB862,fbm0,ALREADY_OFF,offer already on DEFAULT
2026-08-18T09:16:04+00:00,NL,LUXEMBOURG-20GB-30D,B0FR8XXXZB,fbm0,ALREADY_OFF,offer already on DEFAULT
2026-08-18T09:16:05+00:00,NL,MACAO-3GB-15D,B0FR9M485M,fbm0,ALREADY_OFF,offer already on DEFAULT
2026-08-18T09:16:07+00:00,NL,MACAO-5GB-30D,B0FR9L9624,fbm0,ALREADY_OFF,offer already on DEFAULT
2026-08-18T09:16:08+00:00,NL,MACAO-20GB-30D,B0FR9CDBN2,fbm0,ALREADY_OFF,offer already on DEFAULT
2026-08-18T09:16:10+00:00,NL,MADAGASCAR-3GB-15D,B0FR9H2NS1,fbm0,ALREADY_OFF,offer already on DEFAULT
2026-08-18T09:16:11+00:00,NL,MALAWI-3GB-15D,B0FR9H3JDK,fbm0,ALREADY_OFF,offer already on DEFAULT
2026-08-18T09:16:12+00:00,NL,MALAWI-5GB-30D,B0FR9GXY24,fbm0,ALREADY_OFF,offer already on DEFAULT
2026-08-18T09:16:13+00:00,NL,MALAYSIA-3GB-15D,B0FR9H1Q65,fbm0,ALREADY_OFF,offer already on DEFAULT
2026-08-18T09:16:15+00:00,NL,MALAYSIA-5GB-30D,B0FR9LDGX8,fbm0,ALREADY_OFF,offer already on DEFAULT
2026-08-18T09:16:16+00:00,NL,MALAYSIA-20GB-30D,B0FR9VMWYD,fbm0,ALREADY_OFF,offer already on DEFAULT
2026-08-18T09:16:17+00:00,NL,MALI-3GB-15D,B0FR9TRDSY,fbm0,ALREADY_OFF,offer already on DEFAULT
2026-08-18T09:16:19+00:00,NL,MALTA-3GB-15D,B0FR9M3PNR,fbm0,ALREADY_OFF,offer already on DEFAULT
2026-08-18T09:16:20+00:00,NL,MALTA-5GB-30D,B0FR9ZSMTC,fbm0,ALREADY_OFF,offer already on DEFAULT
2026-08-18T09:16:21+00:00,NL,MALTA-20GB-30D,B0FR9VL1Q9,fbm0,ALREADY_OFF,offer already on DEFAULT
2026-08-18T09:16:23+00:00,NL,MEXICO-3GB-15D,B0FR9SZSTG,fbm0,ALREADY_OFF,offer already on DEFAULT
2026-08-18T09:16:24+00:00,NL,MEXICO-5GB-30D,B0FR9H2K1C,fbm0,ALREADY_OFF,offer already on DEFAULT
2026-08-18T09:16:25+00:00,NL,MEXICO-20GB-30D,B0FR9VDSJX,fbm0,ALREADY_OFF,offer already on DEFAULT
2026-08-18T09:16:27+00:00,NL,MIDDLE-EAST-5GB-30D,B0FR9SYKP6,fbm0,ALREADY_OFF,offer already on DEFAULT
2026-08-18T09:16:28+00:00,NL,MOLDOVA-3GB-15D,B0FR9CFQYY,fbm0,ALREADY_OFF,offer already on DEFAULT
2026-08-18T09:16:29+00:00,NL,MONACO-3GB-15D,B0FR9ZS6GM,fbm0,ALREADY_OFF,offer already on DEFAULT
2026-08-18T09:16:31+00:00,NL,MONACO-5GB-30D,B0FR9H1H4M,fbm0,ALREADY_OFF,offer already on DEFAULT
2026-08-18T09:16:32+00:00,NL,MONGOLIA-3GB-15D,B0FR9LSYTX,fbm0,ALREADY_OFF,offer already on DEFAULT
2026-08-18T09:16:34+00:00,NL,MONTENEGRO-3GB-15D,B0FR9R5HR7,fbm0,ALREADY_OFF,offer already on DEFAULT
2026-08-18T09:16:35+00:00,NL,MOROCCO-3GB-15D,B0FR9CFZQR,fbm0,ALREADY_OFF,offer already on DEFAULT
2026-08-18T09:16:36+00:00,NL,MOROCCO-5GB-30D,B0FR9CDDQ8,fbm0,ALREADY_OFF,offer already on DEFAULT
2026-08-18T09:16:37+00:00,NL,MOROCCO-20GB-30D,B0FR9M57DY,fbm0,ALREADY_OFF,offer already on DEFAULT
2026-08-18T09:16:39+00:00,NL,MOZAMBIQUE-3GB-15D,B0FRB1M6HK,fbm0,ALREADY_OFF,offer already on DEFAULT
2026-08-18T09:16:40+00:00,NL,MOZAMBIQUE-20GB-30D,B0FR9CFLS7,fbm0,ALREADY_OFF,offer already on DEFAULT
2026-08-18T09:16:41+00:00,NL,NEPAL-3GB-15D,B0FRB1TD7L,fbm0,ALREADY_OFF,offer already on DEFAULT
2026-08-18T09:16:42+00:00,NL,NETHERLANDS-3GB-15D,B0FRB5GNM2,fbm0,ALREADY_OFF,offer already on DEFAULT
2026-08-18T09:16:44+00:00,NL,NETHERLANDS-5GB-30D,B0FR9NHP7Q,fbm0,ALREADY_OFF,offer already on DEFAULT
2026-08-18T09:16:45+00:00,NL,NETHERLANDS-20GB-30D,B0FR9NG7LB,fbm0,ALREADY_OFF,offer already on DEFAULT
2026-08-18T09:16:46+00:00,NL,NEW-ZEALAND-3GB-15D,B0FR9NKXF5,fbm0,ALREADY_OFF,offer already on DEFAULT
2026-08-18T09:16:48+00:00,NL,NEW-ZEALAND-5GB-30D,B0FR9NHFWQ,fbm0,ALREADY_OFF,offer already on DEFAULT
2026-08-18T09:16:49+00:00,NL,NEW-ZEALAND-20GB-30D,B0FRB1TWT8,fbm0,ALREADY_OFF,offer already on DEFAULT
2026-08-18T09:16:50+00:00,NL,NICARAGUA-3GB-15D,B0FRB33MPG,fbm0,ALREADY_OFF,offer already on DEFAULT
2026-08-18T09:16:52+00:00,NL,NIGER-3GB-15D,B0FR9NPT1H,fbm0,ALREADY_OFF,offer already on DEFAULT
2026-08-18T09:16:53+00:00,NL,NIGERIA-3GB-15D,B0FR9X17QY,fbm0,ALREADY_OFF,offer already on DEFAULT
2026-08-18T09:16:54+00:00,NL,NORTH-AMERICA-5GB-30D,B0FRBDQ8H5,fbm0,ALREADY_OFF,offer already on DEFAULT
2026-08-18T09:16:55+00:00,NL,NORTH-MACEDONIA-3GB-15D,B0FRB59DJS,fbm0,ALREADY_OFF,offer already on DEFAULT
2026-08-18T09:16:57+00:00,NL,NORTH-MACEDONIA-5GB-30D,B0FR9WNHHX,fbm0,ALREADY_OFF,offer already on DEFAULT
2026-08-18T09:16:58+00:00,NL,NORWAY-3GB-15D,B0FR9WNK2H,fbm0,ALREADY_OFF,offer already on DEFAULT
2026-08-18T09:16:59+00:00,NL,NORWAY-5GB-30D,B0FRBNPZ9D,fbm0,ALREADY_OFF,offer already on DEFAULT
2026-08-18T09:17:00+00:00,NL,NORWAY-20GB-30D,B0FRB572L8,fbm0,ALREADY_OFF,offer already on DEFAULT
2026-08-18T09:17:02+00:00,NL,OMAN-3GB-15D,B0FRB4BL4W,fbm0,ALREADY_OFF,offer already on DEFAULT
2026-08-18T09:17:03+00:00,NL,OMAN-20GB-30D,B0FRB4R3FK,fbm0,ALREADY_OFF,offer already on DEFAULT
2026-08-18T09:17:04+00:00,NL,PAKISTAN-3GB-15D,B0FRB4HL3B,fbm0,ALREADY_OFF,offer already on DEFAULT
2026-08-18T09:17:05+00:00,NL,PAKISTAN-5GB-30D,B0FRB48QKZ,fbm0,ALREADY_OFF,offer already on DEFAULT
2026-08-18T09:17:07+00:00,NL,PAKISTAN-20GB-30D,B0FRB691X8,fbm0,ALREADY_OFF,offer already on DEFAULT
2026-08-18T09:17:08+00:00,NL,PANAMA-3GB-15D,B0FRB3VFW6,fbm0,ALREADY_OFF,offer already on DEFAULT
2026-08-18T09:17:09+00:00,NL,PARAGUAY-3GB-15D,B0FRB3V7CS,fbm0,ALREADY_OFF,offer already on DEFAULT
2026-08-18T09:17:11+00:00,NL,PHILIPPINES-3GB-15D,B0FRB1GVXK,fbm0,ALREADY_OFF,offer already on DEFAULT
2026-08-18T09:17:12+00:00,NL,PHILIPPINES-5GB-30D,B0FRB4VCKG,fbm0,ALREADY_OFF,offer already on DEFAULT
2026-08-18T09:17:13+00:00,NL,PHILIPPINES-20GB-30D,B0FRB4K2D4,fbm0,ALREADY_OFF,offer already on DEFAULT
2026-08-18T09:17:14+00:00,NL,POLAND-3GB-15D,B0FRB4JVKR,fbm0,ALREADY_OFF,offer already on DEFAULT
2026-08-18T09:17:15+00:00,NL,POLAND-5GB-30D,B0FRBDPQ9J,fbm0,ALREADY_OFF,offer already on DEFAULT
2026-08-18T09:17:17+00:00,NL,POLAND-20GB-30D,B0FRB5HSK7,fbm0,ALREADY_OFF,offer already on DEFAULT
2026-08-18T09:17:18+00:00,NL,PORTUGAL-3GB-15D,B0FRB4314T,fbm0,ALREADY_OFF,offer already on DEFAULT
2026-08-18T09:17:19+00:00,NL,PORTUGAL-5GB-30D,B0FRB4X799,fbm0,ALREADY_OFF,offer already on DEFAULT
2026-08-18T09:17:21+00:00,NL,PORTUGAL-20GB-30D,B0FRB354KV,fbm0,ALREADY_OFF,offer already on DEFAULT
2026-08-18T09:17:22+00:00,NL,PUERTO-RICO-3GB-15D,B0FRB5MSF1,fbm0,ALREADY_OFF,offer already on DEFAULT
2026-08-18T09:17:23+00:00,NL,PUERTO-RICO-5GB-30D,B0FR9WMX9V,fbm0,ALREADY_OFF,offer already on DEFAULT
2026-08-18T09:17:24+00:00,NL,QATAR-3GB-15D,B0FR9NXH43,fbm0,ALREADY_OFF,offer already on DEFAULT
2026-08-18T09:17:26+00:00,NL,QATAR-5GB-30D,B0FR9X5KB1,fbm0,ALREADY_OFF,offer already on DEFAULT
2026-08-18T09:17:27+00:00,NL,QATAR-20GB-30D,B0FR9X3QGM,fbm0,ALREADY_OFF,offer already on DEFAULT
2026-08-18T09:17:29+00:00,NL,REUNION-3GB-15D,B0FRB3KCNQ,fbm0,ALREADY_OFF,offer already on DEFAULT
2026-08-18T09:17:30+00:00,NL,REUNION-5GB-30D,B0FRB47TQW,fbm0,ALREADY_OFF,offer already on DEFAULT
2026-08-18T09:17:31+00:00,NL,SAUDI-ARABIA-3GB-15D,B0FRB3N2KL,fbm0,ALREADY_OFF,offer already on DEFAULT
2026-08-18T09:17:32+00:00,NL,SAUDI-ARABIA-5GB-30D,B0FRB1SRZY,fbm0,ALREADY_OFF,offer already on DEFAULT
2026-08-18T09:17:34+00:00,NL,SAUDI-ARABIA-20GB-30D,B0FRB5PZTS,fbm0,ALREADY_OFF,offer already on DEFAULT
2026-08-18T09:17:35+00:00,NL,SENEGAL-3GB-15D,B0FRB4HX92,fbm0,ALREADY_OFF,offer already on DEFAULT
2026-08-18T09:17:36+00:00,NL,SENEGAL-5GB-30D,B0FRB68H77,fbm0,ALREADY_OFF,offer already on DEFAULT
2026-08-18T09:17:38+00:00,NL,SERBIA-3GB-15D,B0FRB5TJV2,fbm0,ALREADY_OFF,offer already on DEFAULT
2026-08-18T09:17:39+00:00,NL,SERBIA-20GB-30D,B0FRB5K8JC,fbm0,ALREADY_OFF,offer already on DEFAULT
2026-08-18T09:17:40+00:00,NL,SEYCHELLES-3GB-15D,B0FRB55T3H,fbm0,ALREADY_OFF,offer already on DEFAULT
2026-08-18T09:17:42+00:00,NL,SEYCHELLES-5GB-30D,B0FR9P7N6M,fbm0,ALREADY_OFF,offer already on DEFAULT
2026-08-18T09:17:43+00:00,NL,SINGAPORE-5GB-30D,B0FR9X3Y3R,fbm0,ALREADY_OFF,offer already on DEFAULT
2026-08-18T09:17:44+00:00,NL,SINGAPORE-20GB-30D,B0FRB256K8,fbm0,ALREADY_OFF,offer already on DEFAULT
2026-08-18T09:17:45+00:00,NL,SLOVAKIA-3GB-15D,B0FR9XC4BW,fbm0,ALREADY_OFF,offer already on DEFAULT
2026-08-18T09:17:47+00:00,NL,SLOVAKIA-5GB-30D,B0FRB2X84M,fbm0,ALREADY_OFF,offer already on DEFAULT
2026-08-18T09:17:48+00:00,NL,SLOVAKIA-20GB-30D,B0FRB14YYC,fbm0,ALREADY_OFF,offer already on DEFAULT
2026-08-18T09:17:49+00:00,NL,SLOVENIA-3GB-15D,B0FR9XCF27,fbm0,ALREADY_OFF,offer already on DEFAULT
2026-08-18T09:17:51+00:00,NL,SLOVENIA-5GB-30D,B0FRB3SJMR,fbm0,ALREADY_OFF,offer already on DEFAULT
2026-08-18T09:17:52+00:00,NL,SLOVENIA-20GB-30D,B0FR9X15V2,fbm0,ALREADY_OFF,offer already on DEFAULT
2026-08-18T09:17:53+00:00,NL,SOUTH-AFRICA-5GB-30D,B0FRB3R6F3,fbm0,ALREADY_OFF,offer already on DEFAULT
2026-08-18T09:17:54+00:00,NL,SOUTH-AMERICA-5GB-30D,B0FRB8D7HC,fbm0,ALREADY_OFF,offer already on DEFAULT
2026-08-18T09:17:56+00:00,NL,SOUTH-KOREA-3GB-15D,B0FRC4RTDF,fbm0,ALREADY_OFF,offer already on DEFAULT
2026-08-18T09:17:57+00:00,NL,SOUTH-KOREA-5GB-30D,B0FRD9LC4C,fbm0,ALREADY_OFF,offer already on DEFAULT
2026-08-18T09:17:58+00:00,NL,SOUTH-KOREA-20GB-30D,B0FRC4P51Z,fbm0,ALREADY_OFF,offer already on DEFAULT
2026-08-18T09:18:00+00:00,NL,SPAIN-3GB-15D,B0FRCDHTZ7,fbm0,ALREADY_OFF,offer already on DEFAULT
2026-08-18T09:18:01+00:00,NL,SPAIN-5GB-30D,B0FRBQCLZN,fbm0,ALREADY_OFF,offer already on DEFAULT
2026-08-18T09:18:02+00:00,NL,SPAIN-20GB-30D,B0FRCMPGPL,fbm0,ALREADY_OFF,offer already on DEFAULT
2026-08-18T09:18:03+00:00,NL,SRI-LANKA-3GB-15D,B0FRB7Z1NW,fbm0,ALREADY_OFF,offer already on DEFAULT
2026-08-18T09:18:05+00:00,NL,SRI-LANKA-5GB-30D,B0FRB64B8M,fbm0,ALREADY_OFF,offer already on DEFAULT
2026-08-18T09:18:06+00:00,NL,SRI-LANKA-20GB-30D,B0FRC2DZN5,fbm0,ALREADY_OFF,offer already on DEFAULT
2026-08-18T09:18:07+00:00,NL,SUDAN-3GB-15D,B0FRCKTXNQ,fbm0,ALREADY_OFF,offer already on DEFAULT
2026-08-18T09:18:08+00:00,NL,SUDAN-5GB-30D,B0FRC799N3,fbm0,ALREADY_OFF,offer already on DEFAULT
2026-08-18T09:18:10+00:00,NL,SWEDEN-3GB-15D,B0FRCC6W9S,fbm0,ALREADY_OFF,offer already on DEFAULT
2026-08-18T09:18:11+00:00,NL,SWEDEN-5GB-30D,B0FRCS524D,fbm0,ALREADY_OFF,offer already on DEFAULT
2026-08-18T09:18:12+00:00,NL,SWEDEN-20GB-30D,B0FRB7X5SP,fbm0,ALREADY_OFF,offer already on DEFAULT
2026-08-18T09:18:13+00:00,NL,SWITZERLAND-3GB-15D,B0FRB5LFVC,fbm0,ALREADY_OFF,offer already on DEFAULT
2026-08-18T09:18:14+00:00,NL,SWITZERLAND-5GB-30D,B0FRB7G4VW,fbm0,ALREADY_OFF,offer already on DEFAULT
2026-08-18T09:18:16+00:00,NL,SWITZERLAND-20GB-30D,B0FRB6VY7S,fbm0,ALREADY_OFF,offer already on DEFAULT
2026-08-18T09:18:17+00:00,NL,TANZANIA-3GB-15D,B0FRC81NPJ,fbm0,ALREADY_OFF,offer already on DEFAULT
2026-08-18T09:18:18+00:00,NL,THAILAND-3GB-15D,B0FRCDPJSH,fbm0,ALREADY_OFF,offer already on DEFAULT
2026-08-18T09:18:20+00:00,NL,THAILAND-5GB-30D,B0FR9Q5D1J,fbm0,ALREADY_OFF,offer already on DEFAULT
2026-08-18T09:18:21+00:00,NL,THAILAND-20GB-30D,B0FRCHW3MW,fbm0,ALREADY_OFF,offer already on DEFAULT
2026-08-18T09:18:22+00:00,NL,TUNISIA-5GB-30D,B0FRB7Q96Z,fbm0,ALREADY_OFF,offer already on DEFAULT
2026-08-18T09:18:23+00:00,NL,TURKEY-3GB-15D,B0FRC2PSHM,fbm0,ALREADY_OFF,offer already on DEFAULT
2026-08-18T09:18:25+00:00,NL,TURKEY-5GB-30D,B0FRCBZ1BB,fbm0,ALREADY_OFF,offer already on DEFAULT
2026-08-18T09:18:26+00:00,NL,TURKEY-20GB-30D,B0FRCYMWCX,fbm0,ALREADY_OFF,offer already on DEFAULT
2026-08-18T09:18:27+00:00,NL,UGANDA-3GB-15D,B0FRB7F7Z9,fbm0,ALREADY_OFF,offer already on DEFAULT
2026-08-18T09:18:29+00:00,NL,UKRAINE-3GB-15D,B0FRB9SBFR,fbm0,ALREADY_OFF,offer already on DEFAULT
2026-08-18T09:18:30+00:00,NL,UKRAINE-5GB-30D,B0FRC2NRKG,fbm0,ALREADY_OFF,offer already on DEFAULT
2026-08-18T09:18:31+00:00,NL,UNITED-ARAB-EMIRATES-3GB-15D,B0FRBBYBGH,fbm0,ALREADY_OFF,offer already on DEFAULT
2026-08-18T09:18:32+00:00,NL,UNITED-KINGDOM-3GB-15D,B0FRCPD8TS,fbm0,ALREADY_OFF,offer already on DEFAULT
2026-08-18T09:18:34+00:00,NL,UNITED-KINGDOM-5GB-30D,B0FRDDRGJF,fbm0,ALREADY_OFF,offer already on DEFAULT
2026-08-18T09:18:35+00:00,NL,UNITED-STATES-3GB-15D,B0FRCFXK3V,fbm0,ALREADY_OFF,offer already on DEFAULT
2026-08-18T09:18:36+00:00,NL,UNITED-STATES-5GB-30D,B0FRC2PQ8H,fbm0,ALREADY_OFF,offer already on DEFAULT
2026-08-18T09:18:37+00:00,NL,URUGUAY-3GB-15D,B0FRB7LHGN,fbm0,ALREADY_OFF,offer already on DEFAULT
2026-08-18T09:18:38+00:00,NL,UZBEKISTAN-5GB-30D,B0FRBWFZ6M,fbm0,ALREADY_OFF,offer already on DEFAULT
2026-08-18T09:18:40+00:00,NL,VIETNAM-3GB-15D,B0FRBR2DHW,fbm0,ALREADY_OFF,offer already on DEFAULT
2026-08-18T09:18:41+00:00,NL,VIETNAM-5GB-30D,B0FRCBXRGV,fbm0,ALREADY_OFF,offer already on DEFAULT
2026-08-18T09:18:42+00:00,NL,VIETNAM-20GB-30D,B0FRC2NKC4,fbm0,ALREADY_OFF,offer already on DEFAULT
2026-08-18T09:18:43+00:00,NL,ZAMBIA-5GB-30D,B0FRCL97L4,fbm0,ALREADY_OFF,offer already on DEFAULT
2026-08-18T09:18:45+00:00,NL,GAMBIA-3GB-15D,B0H2FTMBBQ,fbm0,ALREADY_OFF,offer already on DEFAULT
2026-08-18T09:18:46+00:00,NL,GAMBIA-5GB-30D,B0H2FQ3QJ9,fbm0,ALREADY_OFF,offer already on DEFAULT
2026-08-18T09:18:47+00:00,NL,MAURITIUS-5GB-30D,B0H2G2XMS3,fbm0,ALREADY_OFF,offer already on DEFAULT
2026-08-18T09:18:49+00:00,NL,AE_20_30,B0FRB7TFJR,fbm0,ALREADY_OFF,offer already on DEFAULT
2026-08-18T09:18:50+00:00,NL,AE_3_15,B0FRBBYBGH,fbm0,ALREADY_OFF,offer already on DEFAULT
2026-08-18T09:18:52+00:00,NL,AE_5_30,B0FRB89XHX,fbm0,ALREADY_OFF,offer already on DEFAULT
2026-08-18T09:18:53+00:00,NL,AF-29_5_30,B0FR3GK9Z7,fbm0,ALREADY_OFF,offer already on DEFAULT
2026-08-18T09:18:54+00:00,NL,AL_5_30,B0FR4ZG3Z6,fbm0,ALREADY_OFF,offer already on DEFAULT
2026-08-18T09:18:55+00:00,NL,AM_20_30,B0FR4ZT5XT,fbm0,ALREADY_OFF,offer already on DEFAULT
2026-08-18T09:18:56+00:00,NL,AM_3_15,B0FR5BK9R4,fbm0,ALREADY_OFF,offer already on DEFAULT
2026-08-18T09:18:58+00:00,NL,AR_20_30,B0FR5DCH33,fbm0,ALREADY_OFF,offer already on DEFAULT
2026-08-18T09:18:59+00:00,NL,AR_3_15,B0FR554SXN,fbm0,ALREADY_OFF,offer already on DEFAULT
2026-08-18T09:19:00+00:00,NL,AS-20_3_15,B0FR9FZ4RF,fbm0,ALREADY_OFF,offer already on DEFAULT
2026-08-18T09:19:01+00:00,NL,AS-20_5_30,B0FR9BQNSV,fbm0,ALREADY_OFF,offer already on DEFAULT
2026-08-18T09:19:03+00:00,NL,AT_20_30,B0FR8XBSBP,fbm0,ALREADY_OFF,offer already on DEFAULT
2026-08-18T09:19:04+00:00,NL,AT_3_15,B0FR9QSMSP,fbm0,ALREADY_OFF,offer already on DEFAULT
2026-08-18T09:19:05+00:00,NL,AT_5_30,B0FR8XCH78,fbm0,ALREADY_OFF,offer already on DEFAULT
2026-08-18T09:19:06+00:00,NL,AU_20_30,B0FR9G1ZQJ,fbm0,ALREADY_OFF,offer already on DEFAULT
2026-08-18T09:19:08+00:00,NL,AU_3_15,B0FR9SKY4D,fbm0,ALREADY_OFF,offer already on DEFAULT
2026-08-18T09:19:09+00:00,NL,AU_5_30,B0FR9JRB62,fbm0,ALREADY_OFF,offer already on DEFAULT
2026-08-18T09:19:10+00:00,NL,AX_20_30,B0FR39Q1KJ,fbm0,ALREADY_OFF,offer already on DEFAULT
2026-08-18T09:19:12+00:00,NL,AX_3_15,B0FR3CCSMB,fbm0,ALREADY_OFF,offer already on DEFAULT
2026-08-18T09:19:13+00:00,NL,AX_5_30,B0FR3G6JWB,fbm0,ALREADY_OFF,offer already on DEFAULT
2026-08-18T09:19:15+00:00,NL,AZ_3_15,B0FR9BTC98,fbm0,ALREADY_OFF,offer already on DEFAULT
2026-08-18T09:19:16+00:00,NL,BA_3_15,B0FR9G8ZVK,fbm0,ALREADY_OFF,offer already on DEFAULT
2026-08-18T09:19:17+00:00,NL,BD_20_30,B0FR8FJ3HJ,fbm0,ALREADY_OFF,offer already on DEFAULT
2026-08-18T09:19:18+00:00,NL,BD_3_15,B0FR9L7SG3,fbm0,ALREADY_OFF,offer already on DEFAULT
2026-08-18T09:19:20+00:00,NL,BD_5_30,B0FR9BQFCM,fbm0,ALREADY_OFF,offer already on DEFAULT
2026-08-18T09:19:21+00:00,NL,BE_20_30,B0FR9BVRCH,fbm0,ALREADY_OFF,offer already on DEFAULT
2026-08-18T09:19:22+00:00,NL,BE_3_15,B0FR9G432K,fbm0,ALREADY_OFF,offer already on DEFAULT
2026-08-18T09:19:23+00:00,NL,BE_5_30,B0FR9SXCW6,fbm0,ALREADY_OFF,offer already on DEFAULT
2026-08-18T09:19:24+00:00,NL,BF_3_15,B0FR9HWFSK,fbm0,ALREADY_OFF,offer already on DEFAULT
2026-08-18T09:19:26+00:00,NL,BF_5_30,B0FR9BWKSY,fbm0,ALREADY_OFF,offer already on DEFAULT
2026-08-18T09:19:27+00:00,NL,BH_3_15,B0FR9K64KF,fbm0,ALREADY_OFF,offer already on DEFAULT
2026-08-18T09:19:28+00:00,NL,BN_20_30,B0FR9F971C,fbm0,ALREADY_OFF,offer already on DEFAULT
2026-08-18T09:19:30+00:00,NL,BN_3_15,B0FR9KTJND,fbm0,ALREADY_OFF,offer already on DEFAULT
2026-08-18T09:19:31+00:00,NL,BO_20_30,B0FR9RH588,fbm0,ALREADY_OFF,offer already on DEFAULT
2026-08-18T09:19:32+00:00,NL,BO_3_15,B0FR8FKPKH,fbm0,ALREADY_OFF,offer already on DEFAULT
2026-08-18T09:19:34+00:00,NL,BR_20_30,B0FR9KLZCR,fbm0,ALREADY_OFF,offer already on DEFAULT
2026-08-18T09:19:35+00:00,NL,BR_3_15,B0FR9G5LKV,fbm0,ALREADY_OFF,offer already on DEFAULT
2026-08-18T09:19:37+00:00,NL,BW_3_15,B0FR9G7N2Q,fbm0,ALREADY_OFF,offer already on DEFAULT
2026-08-18T09:19:38+00:00,NL,BY_3_15,B0FR9G3Z82,fbm0,ALREADY_OFF,offer already on DEFAULT
2026-08-18T09:19:39+00:00,NL,BY_5_30,B0FR8FFT4D,fbm0,ALREADY_OFF,offer already on DEFAULT
2026-08-18T09:19:40+00:00,NL,CA_20_30,B0FR9BY42D,fbm0,ALREADY_OFF,offer already on DEFAULT
2026-08-18T09:19:42+00:00,NL,CA_3_15,B0FR9RZLF3,fbm0,ALREADY_OFF,offer already on DEFAULT
2026-08-18T09:19:43+00:00,NL,CA_5_30,B0FR9SYCBK,fbm0,ALREADY_OFF,offer already on DEFAULT
2026-08-18T09:19:44+00:00,NL,CF_3_15,B0FR9RK8FP,fbm0,ALREADY_OFF,offer already on DEFAULT
2026-08-18T09:19:45+00:00,NL,CF_5_30,B0FR9R3NMC,fbm0,ALREADY_OFF,offer already on DEFAULT
2026-08-18T09:19:47+00:00,NL,CH_20_30,B0FRB6VY7S,fbm0,ALREADY_OFF,offer already on DEFAULT
2026-08-18T09:19:48+00:00,NL,CH_3_15,B0FRB5LFVC,fbm0,ALREADY_OFF,offer already on DEFAULT
2026-08-18T09:19:49+00:00,NL,CH_5_30,B0FRB7G4VW,fbm0,ALREADY_OFF,offer already on DEFAULT
2026-08-18T09:19:51+00:00,NL,CI_3_15,B0FR9HW9DJ,fbm0,ALREADY_OFF,offer already on DEFAULT
2026-08-18T09:19:52+00:00,NL,CI_5_30,B0FR9V5LYJ,fbm0,ALREADY_OFF,offer already on DEFAULT
2026-08-18T09:19:53+00:00,NL,CL_3_15,B0FR9RY1RT,fbm0,ALREADY_OFF,offer already on DEFAULT
2026-08-18T09:19:54+00:00,NL,CM_3_15,B0FR9VJ1ZB,fbm0,ALREADY_OFF,offer already on DEFAULT
2026-08-18T09:19:56+00:00,NL,CN_20_30,B0FR9GD6X9,fbm0,ALREADY_OFF,offer already on DEFAULT
2026-08-18T09:19:57+00:00,NL,CN_3_15,B0FR9QZ578,fbm0,ALREADY_OFF,offer already on DEFAULT
2026-08-18T09:19:58+00:00,NL,CN_5_30,B0FR9HX7XH,fbm0,ALREADY_OFF,offer already on DEFAULT
2026-08-18T09:19:59+00:00,NL,CO_3_15,B0FR9RL8W5,fbm0,ALREADY_OFF,offer already on DEFAULT
2026-08-18T09:20:01+00:00,NL,CR_3_15,B0FR9LNRMN,fbm0,ALREADY_OFF,offer already on DEFAULT
2026-08-18T09:20:02+00:00,NL,CY_3_15,B0FR8XJWWG,fbm0,ALREADY_OFF,offer already on DEFAULT
2026-08-18T09:20:03+00:00,NL,CY_5_30,B0FR8XHWZV,fbm0,ALREADY_OFF,offer already on DEFAULT
2026-08-18T09:20:04+00:00,NL,CZ_20_30,B0FR9SVN9H,fbm0,ALREADY_OFF,offer already on DEFAULT
2026-08-18T09:20:06+00:00,NL,CZ_5_30,B0FR9BY2LF,fbm0,ALREADY_OFF,offer already on DEFAULT
2026-08-18T09:20:07+00:00,NL,DE_20_30,B0GSZP9H94,fbm0,ALREADY_OFF,offer already on DEFAULT
2026-08-18T09:20:08+00:00,NL,DE_3_15,B0GSZBMLKV,fbm0,ALREADY_OFF,offer already on DEFAULT
2026-08-18T09:20:10+00:00,NL,DE_5_30,B0GSZDYWLZ,fbm0,ALREADY_OFF,offer already on DEFAULT
2026-08-18T09:20:11+00:00,NL,DK_20_30,B0FR9QPF45,fbm0,ALREADY_OFF,offer already on DEFAULT
2026-08-18T09:20:12+00:00,NL,DK_3_15,B0FR9GSNP4,fbm0,ALREADY_OFF,offer already on DEFAULT
2026-08-18T09:20:14+00:00,NL,DK_5_30,B0FR8XQYR4,fbm0,ALREADY_OFF,offer already on DEFAULT
2026-08-18T09:20:15+00:00,NL,DO_20_30,B0FR9C6DJF,fbm0,ALREADY_OFF,offer already on DEFAULT
2026-08-18T09:20:16+00:00,NL,DO_3_15,B0FR9GSKZF,fbm0,ALREADY_OFF,offer already on DEFAULT
2026-08-18T09:20:17+00:00,NL,DO_5_30,B0FR9GQKCM,fbm0,ALREADY_OFF,offer already on DEFAULT
2026-08-18T09:20:19+00:00,NL,EC_3_15,B0FR9RM6MP,fbm0,ALREADY_OFF,offer already on DEFAULT
2026-08-18T09:20:20+00:00,NL,EE_20_30,B0FR9L527N,fbm0,ALREADY_OFF,offer already on DEFAULT
2026-08-18T09:20:22+00:00,NL,EE_3_15,B0FR9GST1S,fbm0,ALREADY_OFF,offer already on DEFAULT
2026-08-18T09:20:23+00:00,NL,EE_5_30,B0FR9GQYKB,fbm0,ALREADY_OFF,offer already on DEFAULT
2026-08-18T09:20:24+00:00,NL,EG_20_30,B0FR9GQBGL,fbm0,ALREADY_OFF,offer already on DEFAULT
2026-08-18T09:20:25+00:00,NL,EG_3_15,B0FR9C784N,fbm0,ALREADY_OFF,offer already on DEFAULT
2026-08-18T09:20:27+00:00,NL,EG_3_30,B0FR9GNL93,fbm0,ALREADY_OFF,offer already on DEFAULT
2026-08-18T09:20:28+00:00,NL,EG_5_30,B0FR9LR5KJ,fbm0,ALREADY_OFF,offer already on DEFAULT
2026-08-18T09:20:29+00:00,NL,ES_20_30,B0FRCMPGPL,fbm0,ALREADY_OFF,offer already on DEFAULT
2026-08-18T09:20:31+00:00,NL,ES_3_15,B0FRCDHTZ7,fbm0,ALREADY_OFF,offer already on DEFAULT
2026-08-18T09:20:32+00:00,NL,ES_5_30,B0FRBQCLZN,fbm0,ALREADY_OFF,offer already on DEFAULT
2026-08-18T09:20:33+00:00,NL,EU-42_20_30,B0FR9TNPV3,fbm0,ALREADY_OFF,offer already on DEFAULT
2026-08-18T09:20:34+00:00,NL,EU-42_5_30,B0FR9RYSSS,fbm0,ALREADY_OFF,offer already on DEFAULT
2026-08-18T09:20:35+00:00,NL,FI_3_15,B0FR9GSND6,fbm0,ALREADY_OFF,offer already on DEFAULT
2026-08-18T09:20:37+00:00,NL,FI_5_30,B0FR9SB3BJ,fbm0,ALREADY_OFF,offer already on DEFAULT
2026-08-18T09:20:38+00:00,NL,FR_20_30,B0FR9GPMC5,fbm0,ALREADY_OFF,offer already on DEFAULT
2026-08-18T09:20:39+00:00,NL,FR_3_15,B0FR9C5ZB6,fbm0,ALREADY_OFF,offer already on DEFAULT
2026-08-18T09:20:40+00:00,NL,FR_5_30,B0FR9LMDW5,fbm0,ALREADY_OFF,offer already on DEFAULT
2026-08-18T09:20:42+00:00,NL,GA_3_15,B0FR9GPX9T,fbm0,ALREADY_OFF,offer already on DEFAULT
2026-08-18T09:20:43+00:00,NL,GB_20_30,B0FRDGCBTN,fbm0,ALREADY_OFF,offer already on DEFAULT
2026-08-18T09:20:45+00:00,NL,GB_3_15,B0FRCPD8TS,fbm0,ALREADY_OFF,offer already on DEFAULT
2026-08-18T09:20:46+00:00,NL,GB_5_30,B0FRDDRGJF,fbm0,ALREADY_OFF,offer already on DEFAULT
2026-08-18T09:20:48+00:00,NL,GE_20_30,B0FR9C73NK,fbm0,ALREADY_OFF,offer already on DEFAULT
2026-08-18T09:20:49+00:00,NL,GE_3_15,B0FR9KMX2N,fbm0,ALREADY_OFF,offer already on DEFAULT
2026-08-18T09:20:50+00:00,NL,GG_20_30,B0FR9LYWWY,fbm0,ALREADY_OFF,offer already on DEFAULT
2026-08-18T09:20:51+00:00,NL,GG_3_15,B0FR9SMWDN,fbm0,ALREADY_OFF,offer already on DEFAULT
2026-08-18T09:20:53+00:00,NL,GG_5_30,B0FR9C5PXR,fbm0,ALREADY_OFF,offer already on DEFAULT
2026-08-18T09:20:54+00:00,NL,GI_3_15,B0FR8XSPMC,fbm0,ALREADY_OFF,offer already on DEFAULT
2026-08-18T09:20:55+00:00,NL,GL-139_5_30,B0FR9VNTLY,fbm0,ALREADY_OFF,offer already on DEFAULT
2026-08-18T09:20:57+00:00,NL,GP_20_30,B0FR8XTBF6,fbm0,ALREADY_OFF,offer already on DEFAULT
2026-08-18T09:20:58+00:00,NL,GP_3_15,B0FR9TMVWK,fbm0,ALREADY_OFF,offer already on DEFAULT
2026-08-18T09:20:59+00:00,NL,GR_20_30,B0FR9KJGBG,fbm0,ALREADY_OFF,offer already on DEFAULT
2026-08-18T09:21:00+00:00,NL,GR_3_15,B0FR9L85F6,fbm0,ALREADY_OFF,offer already on DEFAULT
2026-08-18T09:21:02+00:00,NL,GR_5_30,B0FR9C7SMF,fbm0,ALREADY_OFF,offer already on DEFAULT
2026-08-18T09:21:03+00:00,NL,GT_3_15,B0FR9VC6VD,fbm0,ALREADY_OFF,offer already on DEFAULT
2026-08-18T09:21:04+00:00,NL,GU_20_30,B0FR9C7MGP,fbm0,ALREADY_OFF,offer already on DEFAULT
2026-08-18T09:21:05+00:00,NL,GU_3_15,B0FR9GVSSF,fbm0,ALREADY_OFF,offer already on DEFAULT
2026-08-18T09:21:07+00:00,NL,GU_5_30,B0FR9SVP8Y,fbm0,ALREADY_OFF,offer already on DEFAULT
2026-08-18T09:21:08+00:00,NL,HK_20_30,B0FR9GXZ6F,fbm0,ALREADY_OFF,offer already on DEFAULT
2026-08-18T09:21:09+00:00,NL,HK_3_15,B0FR9CC6Q8,fbm0,ALREADY_OFF,offer already on DEFAULT
2026-08-18T09:21:10+00:00,NL,HK_5_30,B0FR9GXYYL,fbm0,ALREADY_OFF,offer already on DEFAULT
2026-08-18T09:21:12+00:00,NL,HN_3_15,B0FR9ZYV5G,fbm0,ALREADY_OFF,offer already on DEFAULT
2026-08-18T09:21:13+00:00,NL,HR_20_30,B0FR9TYCSL,fbm0,ALREADY_OFF,offer already on DEFAULT
2026-08-18T09:21:14+00:00,NL,HR_3_15,B0FR9GDKT1,fbm0,ALREADY_OFF,offer already on DEFAULT
2026-08-18T09:21:16+00:00,NL,HR_5_30,B0FR9BVV58,fbm0,ALREADY_OFF,offer already on DEFAULT
2026-08-18T09:21:17+00:00,NL,HU_20_30,B0FR9ZVYYQ,fbm0,ALREADY_OFF,offer already on DEFAULT
2026-08-18T09:21:19+00:00,NL,HU_3_15,B0FR9C9JVW,fbm0,ALREADY_OFF,offer already on DEFAULT
2026-08-18T09:21:20+00:00,NL,HU_5_30,B0FR9GY3R5,fbm0,ALREADY_OFF,offer already on DEFAULT
2026-08-18T09:21:21+00:00,NL,ID_20_30,B0FR9QXRDQ,fbm0,ALREADY_OFF,offer already on DEFAULT
2026-08-18T09:21:22+00:00,NL,ID_3_15,B0FR9T6QPZ,fbm0,ALREADY_OFF,offer already on DEFAULT
2026-08-18T09:21:24+00:00,NL,ID_5_30,B0FR8XW5DR,fbm0,ALREADY_OFF,offer already on DEFAULT
2026-08-18T09:21:25+00:00,NL,IE_20_30,B0FR9SZG2Z,fbm0,ALREADY_OFF,offer already on DEFAULT
2026-08-18T09:21:26+00:00,NL,IE_3_15,B0FR8XV57F,fbm0,ALREADY_OFF,offer already on DEFAULT
2026-08-18T09:21:27+00:00,NL,IE_5_30,B0FR9GYKQL,fbm0,ALREADY_OFF,offer already on DEFAULT
2026-08-18T09:21:29+00:00,NL,IL_20_30,B0FR9K8SQ1,fbm0,ALREADY_OFF,offer already on DEFAULT
2026-08-18T09:21:30+00:00,NL,IL_3_15,B0FR9M11H1,fbm0,ALREADY_OFF,offer already on DEFAULT
2026-08-18T09:21:31+00:00,NL,IL_5_30,B0FR8XVZZM,fbm0,ALREADY_OFF,offer already on DEFAULT
2026-08-18T09:21:33+00:00,NL,IM_20_30,B0FR9CB5LK,fbm0,ALREADY_OFF,offer already on DEFAULT
2026-08-18T09:21:34+00:00,NL,IM_3_15,B0FR9LZ7RL,fbm0,ALREADY_OFF,offer already on DEFAULT
2026-08-18T09:21:35+00:00,NL,IM_5_30,B0FR9M27XY,fbm0,ALREADY_OFF,offer already on DEFAULT
2026-08-18T09:21:36+00:00,NL,IN_20_30,B0FR9DYMHX,fbm0,ALREADY_OFF,offer already on DEFAULT
2026-08-18T09:21:37+00:00,NL,IN_3_15,B0FR9ZM116,fbm0,ALREADY_OFF,offer already on DEFAULT
2026-08-18T09:21:39+00:00,NL,IN_5_30,B0FR9GXWN9,fbm0,ALREADY_OFF,offer already on DEFAULT
2026-08-18T09:21:40+00:00,NL,IS_20_30,B0FR9GX6LF,fbm0,ALREADY_OFF,offer already on DEFAULT
2026-08-18T09:21:41+00:00,NL,IS_3_15,B0FR9TBBK1,fbm0,ALREADY_OFF,offer already on DEFAULT
2026-08-18T09:21:43+00:00,NL,IS_5_30,B0FR9ZWQBD,fbm0,ALREADY_OFF,offer already on DEFAULT
2026-08-18T09:21:45+00:00,NL,IT_20_30,B0FR9RNZV2,fbm0,ALREADY_OFF,offer already on DEFAULT
2026-08-18T09:21:46+00:00,NL,IT_3_15,B0FR9GXZ18,fbm0,ALREADY_OFF,offer already on DEFAULT
2026-08-18T09:21:47+00:00,NL,IT_5_30,B0FR9ZR2TH,fbm0,ALREADY_OFF,offer already on DEFAULT
2026-08-18T09:21:48+00:00,NL,JE_20_30,B0FR9CBQDH,fbm0,ALREADY_OFF,offer already on DEFAULT
2026-08-18T09:21:50+00:00,NL,JE_3_15,B0FR9GYMR5,fbm0,ALREADY_OFF,offer already on DEFAULT
2026-08-18T09:21:51+00:00,NL,JE_5_30,B0FR9M27GP,fbm0,ALREADY_OFF,offer already on DEFAULT
2026-08-18T09:21:52+00:00,NL,JO_20_30,B0FR9ST188,fbm0,ALREADY_OFF,offer already on DEFAULT
2026-08-18T09:21:54+00:00,NL,JO_3_15,B0FR9M144Z,fbm0,ALREADY_OFF,offer already on DEFAULT
2026-08-18T09:21:55+00:00,NL,JO_5_30,B0FR9ZTZNK,fbm0,ALREADY_OFF,offer already on DEFAULT
2026-08-18T09:21:56+00:00,NL,JP_20_30,B0FR9RZKRB,fbm0,ALREADY_OFF,offer already on DEFAULT
2026-08-18T09:21:58+00:00,NL,JP_3_15,B0FR9LVZVQ,fbm0,ALREADY_OFF,offer already on DEFAULT
2026-08-18T09:21:59+00:00,NL,JP_5_30,B0FR9TLXXH,fbm0,ALREADY_OFF,offer already on DEFAULT
2026-08-18T09:22:00+00:00,NL,KE_3_15,B0FR9GZ14G,fbm0,ALREADY_OFF,offer already on DEFAULT
2026-08-18T09:22:01+00:00,NL,KE_5_30,B0FR9T4DG6,fbm0,ALREADY_OFF,offer already on DEFAULT
2026-08-18T09:22:03+00:00,NL,KG_20_30,B0FR8XXBHM,fbm0,ALREADY_OFF,offer already on DEFAULT
2026-08-18T09:22:04+00:00,NL,KG_3_15,B0FR9TVF4R,fbm0,ALREADY_OFF,offer already on DEFAULT
2026-08-18T09:22:05+00:00,NL,KH_20_30,B0FR9GFJPL,fbm0,ALREADY_OFF,offer already on DEFAULT
2026-08-18T09:22:07+00:00,NL,KH_3_15,B0FR8XKMJ4,fbm0,ALREADY_OFF,offer already on DEFAULT
2026-08-18T09:22:08+00:00,NL,KR_20_30,B0FRC4P51Z,fbm0,ALREADY_OFF,offer already on DEFAULT
2026-08-18T09:22:09+00:00,NL,KR_3_15,B0FRC4RTDF,fbm0,ALREADY_OFF,offer already on DEFAULT
2026-08-18T09:22:11+00:00,NL,KR_5_30,B0FRD9LC4C,fbm0,ALREADY_OFF,offer already on DEFAULT
2026-08-18T09:22:12+00:00,NL,KW_20_30,B0FR9KBF4P,fbm0,ALREADY_OFF,offer already on DEFAULT
2026-08-18T09:22:13+00:00,NL,KW_3_15,B0FR9LZJ3X,fbm0,ALREADY_OFF,offer already on DEFAULT
2026-08-18T09:22:14+00:00,NL,KW_5_30,B0FR9M2TXP,fbm0,ALREADY_OFF,offer already on DEFAULT
2026-08-18T09:22:16+00:00,NL,KZ_20_30,B0FR9TLNNW,fbm0,ALREADY_OFF,offer already on DEFAULT
2026-08-18T09:22:17+00:00,NL,KZ_3_15,B0FR9T4DG2,fbm0,ALREADY_OFF,offer already on DEFAULT
2026-08-18T09:22:18+00:00,NL,KZ_5_30,B0FR9ZMMSH,fbm0,ALREADY_OFF,offer already on DEFAULT
2026-08-18T09:22:20+00:00,NL,LI_3_15,B0FR9S35ZH,fbm0,ALREADY_OFF,offer already on DEFAULT
2026-08-18T09:22:21+00:00,NL,LK_20_30,B0FRC2DZN5,fbm0,ALREADY_OFF,offer already on DEFAULT
2026-08-18T09:22:22+00:00,NL,LK_3_15,B0FRB7Z1NW,fbm0,ALREADY_OFF,offer already on DEFAULT
2026-08-18T09:22:23+00:00,NL,LK_5_30,B0FRB64B8M,fbm0,ALREADY_OFF,offer already on DEFAULT
2026-08-18T09:22:25+00:00,NL,LR_3_15,B0FR9H18JQ,fbm0,ALREADY_OFF,offer already on DEFAULT
2026-08-18T09:22:26+00:00,NL,LR_5_30,B0FR9SJ1YH,fbm0,ALREADY_OFF,offer already on DEFAULT
2026-08-18T09:22:28+00:00,NL,LT_20_30,B0FR9TQN8N,fbm0,ALREADY_OFF,offer already on DEFAULT
2026-08-18T09:22:29+00:00,NL,LT_3_15,B0FR9KS3P4,fbm0,ALREADY_OFF,offer already on DEFAULT
2026-08-18T09:22:30+00:00,NL,LT_5_30,B0FR9R598C,fbm0,ALREADY_OFF,offer already on DEFAULT
2026-08-18T09:22:31+00:00,NL,LU_20_30,B0FR8XXXZB,fbm0,ALREADY_OFF,offer already on DEFAULT
2026-08-18T09:22:33+00:00,NL,LU_3_15,B0FR9SHRKM,fbm0,ALREADY_OFF,offer already on DEFAULT
2026-08-18T09:22:34+00:00,NL,LU_5_30,B0FR9SB862,fbm0,ALREADY_OFF,offer already on DEFAULT
2026-08-18T09:22:36+00:00,NL,LV_20_30,B0FR9SWN6V,fbm0,ALREADY_OFF,offer already on DEFAULT
2026-08-18T09:22:37+00:00,NL,LV_3_15,B0FR9VM4K6,fbm0,ALREADY_OFF,offer already on DEFAULT
2026-08-18T09:22:39+00:00,NL,LV_5_30,B0FR9TR99S,fbm0,ALREADY_OFF,offer already on DEFAULT
2026-08-18T09:22:40+00:00,NL,MA_20_30,B0FR9M57DY,fbm0,ALREADY_OFF,offer already on DEFAULT
2026-08-18T09:22:41+00:00,NL,MA_3_15,B0FR9CFZQR,fbm0,ALREADY_OFF,offer already on DEFAULT
2026-08-18T09:22:42+00:00,NL,MA_5_30,B0FR9CDDQ8,fbm0,ALREADY_OFF,offer already on DEFAULT
2026-08-18T09:22:43+00:00,NL,MC_3_15,B0FR9ZS6GM,fbm0,ALREADY_OFF,offer already on DEFAULT
2026-08-18T09:22:45+00:00,NL,MC_5_30,B0FR9H1H4M,fbm0,ALREADY_OFF,offer already on DEFAULT
2026-08-18T09:22:46+00:00,NL,MD_3_15,B0FR9CFQYY,fbm0,ALREADY_OFF,offer already on DEFAULT
2026-08-18T09:22:48+00:00,NL,ME-13_5_30,B0FR9SYKP6,fbm0,ALREADY_OFF,offer already on DEFAULT
2026-08-18T09:22:49+00:00,NL,ME_3_15,B0FR9R5HR7,fbm0,ALREADY_OFF,offer already on DEFAULT
2026-08-18T09:22:50+00:00,NL,MG_3_15,B0FR9H2NS1,fbm0,ALREADY_OFF,offer already on DEFAULT
2026-08-18T09:22:51+00:00,NL,MK_3_15,B0FRB59DJS,fbm0,ALREADY_OFF,offer already on DEFAULT
2026-08-18T09:22:53+00:00,NL,MK_5_30,B0FR9WNHHX,fbm0,ALREADY_OFF,offer already on DEFAULT
2026-08-18T09:22:54+00:00,NL,ML_3_15,B0FR9TRDSY,fbm0,ALREADY_OFF,offer already on DEFAULT
2026-08-18T09:22:55+00:00,NL,MN_3_15,B0FR9LSYTX,fbm0,ALREADY_OFF,offer already on DEFAULT
2026-08-18T09:22:57+00:00,NL,MO_20_30,B0FR9CDBN2,fbm0,ALREADY_OFF,offer already on DEFAULT
2026-08-18T09:22:58+00:00,NL,MO_3_15,B0FR9M485M,fbm0,ALREADY_OFF,offer already on DEFAULT
2026-08-18T09:22:59+00:00,NL,MO_5_30,B0FR9L9624,fbm0,ALREADY_OFF,offer already on DEFAULT
2026-08-18T09:23:01+00:00,NL,MT_20_30,B0FR9VL1Q9,fbm0,ALREADY_OFF,offer already on DEFAULT
2026-08-18T09:23:02+00:00,NL,MT_3_15,B0FR9M3PNR,fbm0,ALREADY_OFF,offer already on DEFAULT
2026-08-18T09:23:03+00:00,NL,MT_5_30,B0FR9ZSMTC,fbm0,ALREADY_OFF,offer already on DEFAULT
2026-08-18T09:23:05+00:00,NL,MW_3_15,B0FR9H3JDK,fbm0,ALREADY_OFF,offer already on DEFAULT
2026-08-18T09:23:06+00:00,NL,MW_5_30,B0FR9GXY24,fbm0,ALREADY_OFF,offer already on DEFAULT
2026-08-18T09:23:07+00:00,NL,MX_20_30,B0FR9VDSJX,fbm0,ALREADY_OFF,offer already on DEFAULT
2026-08-18T09:23:09+00:00,NL,MX_3_15,B0FR9SZSTG,fbm0,ALREADY_OFF,offer already on DEFAULT
2026-08-18T09:23:10+00:00,NL,MX_5_30,B0FR9H2K1C,fbm0,ALREADY_OFF,offer already on DEFAULT
2026-08-18T09:23:11+00:00,NL,MY_20_30,B0FR9VMWYD,fbm0,ALREADY_OFF,offer already on DEFAULT
2026-08-18T09:23:13+00:00,NL,MY_3_15,B0FR9H1Q65,fbm0,ALREADY_OFF,offer already on DEFAULT
2026-08-18T09:23:14+00:00,NL,MY_5_30,B0FR9LDGX8,fbm0,ALREADY_OFF,offer already on DEFAULT
2026-08-18T09:23:15+00:00,NL,MZ_20_30,B0FR9CFLS7,fbm0,ALREADY_OFF,offer already on DEFAULT
2026-08-18T09:23:16+00:00,NL,MZ_3_15,B0FRB1M6HK,fbm0,ALREADY_OFF,offer already on DEFAULT
2026-08-18T09:23:18+00:00,NL,NA-3_5_30,B0FRBDQ8H5,fbm0,ALREADY_OFF,offer already on DEFAULT
2026-08-18T09:23:19+00:00,NL,NE_3_15,B0FR9NPT1H,fbm0,ALREADY_OFF,offer already on DEFAULT
2026-08-18T09:23:21+00:00,NL,NG_3_15,B0FR9X17QY,fbm0,ALREADY_OFF,offer already on DEFAULT
2026-08-18T09:23:22+00:00,NL,NI_3_15,B0FRB33MPG,fbm0,ALREADY_OFF,offer already on DEFAULT
2026-08-18T09:23:23+00:00,NL,NL_20_30,B0FR9NG7LB,fbm0,ALREADY_OFF,offer already on DEFAULT
2026-08-18T09:23:24+00:00,NL,NL_3_15,B0FRB5GNM2,fbm0,ALREADY_OFF,offer already on DEFAULT
2026-08-18T09:23:26+00:00,NL,NL_5_30,B0FR9NHP7Q,fbm0,ALREADY_OFF,offer already on DEFAULT
2026-08-18T09:23:27+00:00,NL,NO_20_30,B0FRB572L8,fbm0,ALREADY_OFF,offer already on DEFAULT
2026-08-18T09:23:29+00:00,NL,NO_3_15,B0FR9WNK2H,fbm0,ALREADY_OFF,offer already on DEFAULT
2026-08-18T09:23:30+00:00,NL,NO_5_30,B0FRBNPZ9D,fbm0,ALREADY_OFF,offer already on DEFAULT
2026-08-18T09:23:31+00:00,NL,NP_3_15,B0FRB1TD7L,fbm0,ALREADY_OFF,offer already on DEFAULT
2026-08-18T09:23:32+00:00,NL,NZ_20_30,B0FRB1TWT8,fbm0,ALREADY_OFF,offer already on DEFAULT
2026-08-18T09:23:34+00:00,NL,NZ_3_15,B0FR9NKXF5,fbm0,ALREADY_OFF,offer already on DEFAULT
2026-08-18T09:23:35+00:00,NL,NZ_5_30,B0FR9NHFWQ,fbm0,ALREADY_OFF,offer already on DEFAULT
2026-08-18T09:23:37+00:00,NL,OM_20_30,B0FRB4R3FK,fbm0,ALREADY_OFF,offer already on DEFAULT
2026-08-18T09:23:38+00:00,NL,OM_3_15,B0FRB4BL4W,fbm0,ALREADY_OFF,offer already on DEFAULT
2026-08-18T09:23:39+00:00,NL,PA_3_15,B0FRB3VFW6,fbm0,ALREADY_OFF,offer already on DEFAULT
2026-08-18T09:23:41+00:00,NL,PH_20_30,B0FRB4K2D4,fbm0,ALREADY_OFF,offer already on DEFAULT
2026-08-18T09:23:42+00:00,NL,PH_3_15,B0FRB1GVXK,fbm0,ALREADY_OFF,offer already on DEFAULT
2026-08-18T09:23:43+00:00,NL,PH_5_30,B0FRB4VCKG,fbm0,ALREADY_OFF,offer already on DEFAULT
2026-08-18T09:23:44+00:00,NL,PK_20_30,B0FRB691X8,fbm0,ALREADY_OFF,offer already on DEFAULT
2026-08-18T09:23:46+00:00,NL,PK_3_15,B0FRB4HL3B,fbm0,ALREADY_OFF,offer already on DEFAULT
2026-08-18T09:23:47+00:00,NL,PK_5_30,B0FRB48QKZ,fbm0,ALREADY_OFF,offer already on DEFAULT
2026-08-18T09:23:49+00:00,NL,PL_20_30,B0FRB5HSK7,fbm0,ALREADY_OFF,offer already on DEFAULT
2026-08-18T09:23:50+00:00,NL,PL_3_15,B0FRB4JVKR,fbm0,ALREADY_OFF,offer already on DEFAULT
2026-08-18T09:23:51+00:00,NL,PL_5_30,B0FRBDPQ9J,fbm0,ALREADY_OFF,offer already on DEFAULT
2026-08-18T09:23:52+00:00,NL,PR_3_15,B0FRB5MSF1,fbm0,ALREADY_OFF,offer already on DEFAULT
2026-08-18T09:23:54+00:00,NL,PR_5_30,B0FR9WMX9V,fbm0,ALREADY_OFF,offer already on DEFAULT
2026-08-18T09:23:55+00:00,NL,PT_20_30,B0FRB354KV,fbm0,ALREADY_OFF,offer already on DEFAULT
2026-08-18T09:23:57+00:00,NL,PT_3_15,B0FRB4314T,fbm0,ALREADY_OFF,offer already on DEFAULT
2026-08-18T09:23:58+00:00,NL,PT_5_30,B0FRB4X799,fbm0,ALREADY_OFF,offer already on DEFAULT
2026-08-18T09:23:59+00:00,NL,PY_3_15,B0FRB3V7CS,fbm0,ALREADY_OFF,offer already on DEFAULT
2026-08-18T09:24:00+00:00,NL,QA_20_30,B0FR9X3QGM,fbm0,ALREADY_OFF,offer already on DEFAULT
2026-08-18T09:24:02+00:00,NL,QA_3_15,B0FR9NXH43,fbm0,ALREADY_OFF,offer already on DEFAULT
2026-08-18T09:24:03+00:00,NL,QA_5_30,B0FR9X5KB1,fbm0,ALREADY_OFF,offer already on DEFAULT
2026-08-18T09:24:05+00:00,NL,RE_3_15,B0FRB3KCNQ,fbm0,ALREADY_OFF,offer already on DEFAULT
2026-08-18T09:24:06+00:00,NL,RE_5_30,B0FRB47TQW,fbm0,ALREADY_OFF,offer already on DEFAULT
2026-08-18T09:24:07+00:00,NL,RS_20_30,B0FRB5K8JC,fbm0,ALREADY_OFF,offer already on DEFAULT
2026-08-18T09:24:08+00:00,NL,RS_3_15,B0FRB5TJV2,fbm0,ALREADY_OFF,offer already on DEFAULT
2026-08-18T09:24:09+00:00,NL,SA-18_5_30,B0FRB8D7HC,fbm0,ALREADY_OFF,offer already on DEFAULT
2026-08-18T09:24:11+00:00,NL,SA_20_30,B0FRB5PZTS,fbm0,ALREADY_OFF,offer already on DEFAULT
2026-08-18T09:24:12+00:00,NL,SA_3_15,B0FRB3N2KL,fbm0,ALREADY_OFF,offer already on DEFAULT
2026-08-18T09:24:13+00:00,NL,SA_5_30,B0FRB1SRZY,fbm0,ALREADY_OFF,offer already on DEFAULT
2026-08-18T09:24:14+00:00,NL,SC_3_15,B0FRB55T3H,fbm0,ALREADY_OFF,offer already on DEFAULT
2026-08-18T09:24:16+00:00,NL,SC_5_30,B0FR9P7N6M,fbm0,ALREADY_OFF,offer already on DEFAULT
2026-08-18T09:24:17+00:00,NL,SD_3_15,B0FRCKTXNQ,fbm0,ALREADY_OFF,offer already on DEFAULT
2026-08-18T09:24:18+00:00,NL,SD_5_30,B0FRC799N3,fbm0,ALREADY_OFF,offer already on DEFAULT
2026-08-18T09:24:20+00:00,NL,SE_20_30,B0FRB7X5SP,fbm0,ALREADY_OFF,offer already on DEFAULT
2026-08-18T09:24:21+00:00,NL,SE_3_15,B0FRCC6W9S,fbm0,ALREADY_OFF,offer already on DEFAULT
2026-08-18T09:24:22+00:00,NL,SE_5_30,B0FRCS524D,fbm0,ALREADY_OFF,offer already on DEFAULT
2026-08-18T09:24:24+00:00,NL,SG_20_30,B0FRB256K8,fbm0,ALREADY_OFF,offer already on DEFAULT
2026-08-18T09:24:25+00:00,NL,SG_3_30,B0FRB3KY59,fbm0,ALREADY_OFF,offer already on DEFAULT
2026-08-18T09:24:26+00:00,NL,SG_5_30,B0FR9X3Y3R,fbm0,ALREADY_OFF,offer already on DEFAULT
2026-08-18T09:24:27+00:00,NL,SI_20_30,B0FR9X15V2,fbm0,ALREADY_OFF,offer already on DEFAULT
2026-08-18T09:24:29+00:00,NL,SI_3_15,B0FR9XCF27,fbm0,ALREADY_OFF,offer already on DEFAULT
2026-08-18T09:24:30+00:00,NL,SI_5_30,B0FRB3SJMR,fbm0,ALREADY_OFF,offer already on DEFAULT
2026-08-18T09:24:31+00:00,NL,SK_20_30,B0FRB14YYC,fbm0,ALREADY_OFF,offer already on DEFAULT
2026-08-18T09:24:32+00:00,NL,SK_3_15,B0FR9XC4BW,fbm0,ALREADY_OFF,offer already on DEFAULT
2026-08-18T09:24:34+00:00,NL,SK_5_30,B0FRB2X84M,fbm0,ALREADY_OFF,offer already on DEFAULT
2026-08-18T09:24:35+00:00,NL,SN_3_15,B0FRB4HX92,fbm0,ALREADY_OFF,offer already on DEFAULT
2026-08-18T09:24:36+00:00,NL,SN_5_30,B0FRB68H77,fbm0,ALREADY_OFF,offer already on DEFAULT
2026-08-18T09:24:38+00:00,NL,SV_3_15,B0FR9LJ7X4,fbm0,ALREADY_OFF,offer already on DEFAULT
2026-08-18T09:24:39+00:00,NL,TD_3_15,B0FR9SG4MK,fbm0,ALREADY_OFF,offer already on DEFAULT
2026-08-18T09:24:40+00:00,NL,TD_5_30,B0FR9L414C,fbm0,ALREADY_OFF,offer already on DEFAULT
2026-08-18T09:24:42+00:00,NL,TH_20_30,B0FRCHW3MW,fbm0,ALREADY_OFF,offer already on DEFAULT
2026-08-18T09:24:43+00:00,NL,TH_3_15,B0FRCDPJSH,fbm0,ALREADY_OFF,offer already on DEFAULT
2026-08-18T09:24:44+00:00,NL,TH_5_30,B0FR9Q5D1J,fbm0,ALREADY_OFF,offer already on DEFAULT
2026-08-18T09:24:46+00:00,NL,TN_10_30,B0FRB85GLD,fbm0,ALREADY_OFF,offer already on DEFAULT
2026-08-18T09:24:47+00:00,NL,TN_3_30,B0FRCKZKVY,fbm0,ALREADY_OFF,offer already on DEFAULT
2026-08-18T09:24:48+00:00,NL,TN_5_30,B0FRB7Q96Z,fbm0,ALREADY_OFF,offer already on DEFAULT
2026-08-18T09:24:50+00:00,NL,TR_20_30,B0FRCYMWCX,fbm0,ALREADY_OFF,offer already on DEFAULT
2026-08-18T09:24:51+00:00,NL,TR_3_15,B0FRC2PSHM,fbm0,ALREADY_OFF,offer already on DEFAULT
2026-08-18T09:24:52+00:00,NL,TR_5_30,B0FRCBZ1BB,fbm0,ALREADY_OFF,offer already on DEFAULT
2026-08-18T09:24:54+00:00,NL,TZ_3_15,B0FRC81NPJ,fbm0,ALREADY_OFF,offer already on DEFAULT
2026-08-18T09:24:55+00:00,NL,UA_3_15,B0FRB9SBFR,fbm0,ALREADY_OFF,offer already on DEFAULT
2026-08-18T09:24:56+00:00,NL,UA_5_30,B0FRC2NRKG,fbm0,ALREADY_OFF,offer already on DEFAULT
2026-08-18T09:24:58+00:00,NL,UG_3_15,B0FRB7F7Z9,fbm0,ALREADY_OFF,offer already on DEFAULT
2026-08-18T09:24:59+00:00,NL,US_20_90,B0FRB9JP2K,fbm0,ALREADY_OFF,offer already on DEFAULT
2026-08-18T09:25:00+00:00,NL,US_3_15,B0FRCFXK3V,fbm0,ALREADY_OFF,offer already on DEFAULT
2026-08-18T09:25:02+00:00,NL,US_5_30,B0FRC2PQ8H,fbm0,ALREADY_OFF,offer already on DEFAULT
2026-08-18T09:25:03+00:00,NL,UY_3_15,B0FRB7LHGN,fbm0,ALREADY_OFF,offer already on DEFAULT
2026-08-18T09:25:04+00:00,NL,UZ_5_30,B0FRBWFZ6M,fbm0,ALREADY_OFF,offer already on DEFAULT
2026-08-18T09:25:06+00:00,NL,VN_20_30,B0FRC2NKC4,fbm0,ALREADY_OFF,offer already on DEFAULT
2026-08-18T09:25:07+00:00,NL,VN_3_15,B0FRBR2DHW,fbm0,ALREADY_OFF,offer already on DEFAULT
2026-08-18T09:25:09+00:00,NL,VN_5_30,B0FRCBXRGV,fbm0,ALREADY_OFF,offer already on DEFAULT
2026-08-18T09:25:10+00:00,NL,ZA_10_30,B0FRB4RSW2,fbm0,ALREADY_OFF,offer already on DEFAULT
2026-08-18T09:25:11+00:00,NL,ZA_5_30,B0FRB3R6F3,fbm0,ALREADY_OFF,offer already on DEFAULT
2026-08-18T09:25:13+00:00,NL,ZM_3_15,B0FRC2NSM2,fbm0,ALREADY_OFF,offer already on DEFAULT
2026-08-18T09:25:14+00:00,NL,ZM_5_30,B0FRCL97L4,fbm0,ALREADY_OFF,offer already on DEFAULT
2026-08-18T09:26:03+00:00,BE,ZAMBIA-3GB-15D,B0FRC2NSM2,fbm0,ALREADY_OFF,offer already on DEFAULT
2026-08-18T09:26:05+00:00,BE,MAURITIUS-3GB-15D,B0H2FYRLRC,fbm0,ALREADY_OFF,offer already on DEFAULT
2026-08-18T09:26:06+00:00,BE,HAJJ-LUX-10GB-30D,B0H3L75HDS,fbm0,ALREADY_OFF,offer already on DEFAULT
2026-08-18T09:26:07+00:00,BE,BULGARIA-3GB-15D,B0H6MCT4Y5,fbm0,ALREADY_OFF,offer already on DEFAULT
2026-08-18T09:26:09+00:00,BE,PERU-3GB-15D,B0H6M5WW3B,fbm0,DEACTIVATED,
2026-08-18T09:26:10+00:00,BE,PERU-20GB-30D,B0H6M8BLBD,fbm0,ALREADY_OFF,offer already on DEFAULT
2026-08-18T09:26:12+00:00,BE,ALGERIA-3GB-15D,B0H6M9R3WH,fbm0,DEACTIVATED,
2026-08-18T09:26:14+00:00,BE,ALGERIA-5GB-30D,B0H6MDYKG8,fbm0,DEACTIVATED,
2026-08-18T09:26:15+00:00,BE,ALGERIA-20GB-30D,B0H6M5TDMD,fbm0,DEACTIVATED,
2026-08-18T09:26:17+00:00,BE,ANDORRA-3GB-15D,B0H6MBPRYN,fbm0,DEACTIVATED,
2026-08-18T09:26:18+00:00,BE,ANDORRA-5GB-30D,B0H6M5P65S,fbm0,DEACTIVATED,
2026-08-18T09:26:20+00:00,BE,ANDORRA-20GB-30D,B0H6MJ97WC,fbm0,DEACTIVATED,
2026-08-18T09:26:22+00:00,BE,ANGOLA-3GB-15D,B0H6M5RWZH,fbm0,DEACTIVATED,
2026-08-18T09:26:23+00:00,BE,ANGOLA-5GB-30D,B0H6MKZSB4,fbm0,DEACTIVATED,
2026-08-18T09:26:25+00:00,BE,ANGUILLA-3GB-15D,B0H6M7X7QY,fbm0,DEACTIVATED,
2026-08-18T09:26:27+00:00,BE,ANGUILLA-5GB-30D,B0H6MFJ63H,fbm0,DEACTIVATED,
2026-08-18T09:26:28+00:00,BE,ANGUILLA-20GB-30D,B0H6MHMZY8,fbm0,DEACTIVATED,
2026-08-18T09:26:30+00:00,BE,ANTIGUA-AND-BARBUDA-3GB-15D,B0H6MBBFLQ,fbm0,DEACTIVATED,
2026-08-18T09:26:32+00:00,BE,ANTIGUA-AND-BARBUDA-5GB-30D,B0H6MCR5F9,fbm0,DEACTIVATED,
2026-08-18T09:26:34+00:00,BE,ANTIGUA-AND-BARBUDA-20GB-30D,B0H6M2MQJB,fbm0,DEACTIVATED,
2026-08-18T09:26:35+00:00,BE,BAHAMAS-3GB-15D,B0H6MB828R,fbm0,DEACTIVATED,
2026-08-18T09:26:37+00:00,BE,BAHAMAS-5GB-30D,B0H6MFGH8P,fbm0,DEACTIVATED,
2026-08-18T09:26:38+00:00,BE,BAHAMAS-20GB-30D,B0H6MCPR9P,fbm0,DEACTIVATED,
2026-08-18T09:26:40+00:00,BE,BARBADOS-3GB-15D,B0H6MCD72X,fbm0,DEACTIVATED,
2026-08-18T09:26:42+00:00,BE,BARBADOS-5GB-30D,B0H6MG6VYJ,fbm0,DEACTIVATED,
2026-08-18T09:26:43+00:00,BE,BARBADOS-20GB-30D,B0H6MJ921X,fbm0,DEACTIVATED,
2026-08-18T09:26:45+00:00,BE,BELIZE-3GB-15D,B0H6MFPNTX,fbm0,DEACTIVATED,
2026-08-18T09:26:47+00:00,BE,BELIZE-5GB-30D,B0H6MF1H4V,fbm0,DEACTIVATED,
2026-08-18T09:26:48+00:00,BE,BELIZE-20GB-30D,B0H6MBSQM8,fbm0,ALREADY_OFF,offer already on DEFAULT
2026-08-18T09:26:50+00:00,BE,BENIN-3GB-15D,B0H6M9YHDR,fbm0,DEACTIVATED,
2026-08-18T09:26:51+00:00,BE,BENIN-5GB-30D,B0H6MHRNBH,fbm0,DEACTIVATED,
2026-08-18T09:26:52+00:00,BE,BENIN-20GB-30D,B0H6M7VGSZ,fbm0,ALREADY_OFF,offer already on DEFAULT
2026-08-18T09:26:54+00:00,BE,BERMUDA-3GB-15D,B0H6MDMTGH,fbm0,DEACTIVATED,
2026-08-18T09:26:56+00:00,BE,BERMUDA-5GB-30D,B0H6MFM5X4,fbm0,DEACTIVATED,
2026-08-18T09:26:58+00:00,BE,BERMUDA-20GB-30D,B0H6MCGQ77,fbm0,DEACTIVATED,
2026-08-18T09:26:59+00:00,BE,BHUTAN-3GB-15D,B0H6MJB588,fbm0,DEACTIVATED,
2026-08-18T09:27:01+00:00,BE,BHUTAN-5GB-30D,B0H6M9C23Q,fbm0,DEACTIVATED,
2026-08-18T09:27:02+00:00,BE,BHUTAN-20GB-30D,B0H6M5WDSH,fbm0,DEACTIVATED,
2026-08-18T09:27:04+00:00,BE,CAPE-VERDE-3GB-15D,B0H6M9R16H,fbm0,DEACTIVATED,
2026-08-18T09:27:06+00:00,BE,CAPE-VERDE-5GB-30D,B0H6MFG453,fbm0,DEACTIVATED,
2026-08-18T09:27:08+00:00,BE,CAPE-VERDE-20GB-30D,B0H6M9VSPG,fbm0,DEACTIVATED,
2026-08-18T09:27:09+00:00,BE,CAYMAN-ISLANDS-3GB-15D,B0H6MLHBD7,fbm0,ALREADY_OFF,offer already on DEFAULT
2026-08-18T09:27:10+00:00,BE,CAYMAN-ISLANDS-5GB-30D,B0H6M55MKK,fbm0,ALREADY_OFF,offer already on DEFAULT
2026-08-18T09:27:12+00:00,BE,CAYMAN-ISLANDS-20GB-30D,B0H6MGXYNS,fbm0,ALREADY_OFF,offer already on DEFAULT
2026-08-18T09:27:13+00:00,BE,CURACAO-3GB-15D,B0H6M81JPM,fbm0,DEACTIVATED,
2026-08-18T09:27:15+00:00,BE,CURACAO-5GB-30D,B0H6MGZLBC,fbm0,DEACTIVATED,
2026-08-18T09:27:17+00:00,BE,CURACAO-20GB-30D,B0H6MF51WH,fbm0,DEACTIVATED,
2026-08-18T09:27:18+00:00,BE,DEMOCRATIC-REPUBLIC-OF-THE-CONGO-3GB-15D,B0H6LZL22Y,fbm0,DEACTIVATED,
2026-08-18T09:27:20+00:00,BE,DEMOCRATIC-REPUBLIC-OF-THE-CONGO-5GB-30D,B0H6M6L8Z8,fbm0,DEACTIVATED,
2026-08-18T09:27:21+00:00,BE,DRC-20GB-30D,B0H6MZWFM7,fbm0,DEACTIVATED,
2026-08-18T09:27:23+00:00,BE,DOMINICA-3GB-15D,B0H6M9H54M,fbm0,DEACTIVATED,
2026-08-18T09:27:25+00:00,BE,DOMINICA-5GB-30D,B0H6M5HR32,fbm0,DEACTIVATED,
2026-08-18T09:27:26+00:00,BE,DOMINICA-20GB-30D,B0H6MK8XTJ,fbm0,DEACTIVATED,
2026-08-18T09:27:28+00:00,BE,FAROE-ISLANDS-3GB-15D,B0H6ML935Q,fbm0,DEACTIVATED,
2026-08-18T09:27:30+00:00,BE,FAROE-ISLANDS-5GB-30D,B0H6MF2TVH,fbm0,DEACTIVATED,
2026-08-18T09:27:32+00:00,BE,FAROE-ISLANDS-20GB-30D,B0H6MB82ZV,fbm0,DEACTIVATED,
2026-08-18T09:27:33+00:00,BE,FIJI-3GB-15D,B0H6MFLWYD,fbm0,DEACTIVATED,
2026-08-18T09:27:35+00:00,BE,FIJI-5GB-30D,B0H6MJ7GS6,fbm0,DEACTIVATED,
2026-08-18T09:27:37+00:00,BE,FIJI-20GB-30D,B0H6MGBL3N,fbm0,DEACTIVATED,
2026-08-18T09:27:38+00:00,BE,FRENCH-GUIANA-3GB-15D,B0H6MFD6Z3,fbm0,DEACTIVATED,
2026-08-18T09:27:40+00:00,BE,FRENCH-GUIANA-5GB-30D,B0H6MGC352,fbm0,DEACTIVATED,
2026-08-18T09:27:42+00:00,BE,FRENCH-GUIANA-20GB-30D,B0H6MDNXJJ,fbm0,DEACTIVATED,
2026-08-18T09:27:43+00:00,BE,FRENCH-POLYNESIA-3GB-15D,B0H6MF6GHP,fbm0,DEACTIVATED,
2026-08-18T09:27:45+00:00,BE,FRENCH-POLYNESIA-5GB-30D,B0H6MD2GXY,fbm0,DEACTIVATED,
2026-08-18T09:27:46+00:00,BE,FRENCH-POLYNESIA-20GB-30D,B0H6M59GH9,fbm0,DEACTIVATED,
2026-08-18T09:27:48+00:00,BE,GHANA-3GB-15D,B0H6M7CH6H,fbm0,DEACTIVATED,
2026-08-18T09:27:50+00:00,BE,GHANA-5GB-30D,B0H6MD48NZ,fbm0,DEACTIVATED,
2026-08-18T09:27:51+00:00,BE,GHANA-20GB-30D,B0H6M9CG3G,fbm0,DEACTIVATED,
2026-08-18T09:27:53+00:00,BE,GREENLAND-3GB-15D,B0H6MLNBK2,fbm0,DEACTIVATED,
2026-08-18T09:27:55+00:00,BE,GREENLAND-5GB-30D,B0H6MFMLK9,fbm0,DEACTIVATED,
2026-08-18T09:27:56+00:00,BE,GREENLAND-20GB-30D,B0H6MBT3TW,fbm0,DEACTIVATED,
2026-08-18T09:27:58+00:00,BE,GRENADA-3GB-15D,B0H6M8K37V,fbm0,ALREADY_OFF,offer already on DEFAULT
2026-08-18T09:27:59+00:00,BE,GRENADA-5GB-30D,B0H6MLJR6Z,fbm0,DEACTIVATED,
2026-08-18T09:28:01+00:00,BE,GRENADA-20GB-30D,B0H6MGRF37,fbm0,DEACTIVATED,
2026-08-18T09:28:02+00:00,BE,GUINEA-3GB-15D,B0H6MGZTF1,fbm0,ALREADY_OFF,offer already on DEFAULT
2026-08-18T09:28:04+00:00,BE,GUINEA-5GB-30D,B0H6MFTVX6,fbm0,DEACTIVATED,
2026-08-18T09:28:05+00:00,BE,GUINEA-20GB-30D,B0H6M7VHYP,fbm0,DEACTIVATED,
2026-08-18T09:28:07+00:00,BE,GUINEA-BISSAU-3GB-15D,B0H6MG6X8D,fbm0,ALREADY_OFF,offer already on DEFAULT
2026-08-18T09:28:08+00:00,BE,GUINEA-BISSAU-5GB-30D,B0H6MCJ4Y9,fbm0,DEACTIVATED,
2026-08-18T09:28:10+00:00,BE,GUINEA-BISSAU-20GB-30D,B0H6MF1JJS,fbm0,DEACTIVATED,
2026-08-18T09:28:12+00:00,BE,GUYANA-3GB-15D,B0H6MCG586,fbm0,DEACTIVATED,
2026-08-18T09:28:13+00:00,BE,GUYANA-5GB-30D,B0H6MB3FHF,fbm0,DEACTIVATED,
2026-08-18T09:28:15+00:00,BE,GUYANA-20GB-30D,B0H6MD1PB7,fbm0,DEACTIVATED,
2026-08-18T09:28:17+00:00,BE,HAITI-3GB-15D,B0H6M9YTL4,fbm0,DEACTIVATED,
2026-08-18T09:28:18+00:00,BE,HAITI-5GB-30D,B0H6MDHPCV,fbm0,ALREADY_OFF,offer already on DEFAULT
2026-08-18T09:28:19+00:00,BE,HAITI-20GB-30D,B0H6MBNF3Y,fbm0,ALREADY_OFF,offer already on DEFAULT
2026-08-18T09:28:21+00:00,BE,IRAQ-3GB-15D,B0H6MGX6P7,fbm0,DEACTIVATED,
2026-08-18T09:28:22+00:00,BE,IRAQ-5GB-30D,B0H6MFRHZN,fbm0,DEACTIVATED,
2026-08-18T09:28:24+00:00,BE,IRAQ-20GB-30D,B0H6M956TN,fbm0,DEACTIVATED,
2026-08-18T09:28:26+00:00,BE,JAMAICA-3GB-15D,B0H6MF3PNQ,fbm0,ALREADY_OFF,offer already on DEFAULT
2026-08-18T09:28:27+00:00,BE,JAMAICA-5GB-30D,B0H6MJQCMF,fbm0,ALREADY_OFF,offer already on DEFAULT
2026-08-18T09:28:29+00:00,BE,JAMAICA-20GB-30D,B0H6MF52ZZ,fbm0,DEACTIVATED,
2026-08-18T09:28:30+00:00,BE,LAOS-3GB-15D,B0H6M96WPB,fbm0,DEACTIVATED,
2026-08-18T09:28:32+00:00,BE,LAOS-5GB-30D,B0H6MBJN5B,fbm0,ALREADY_OFF,offer already on DEFAULT
2026-08-18T09:28:33+00:00,BE,LAOS-20GB-30D,B0H6MBWGX1,fbm0,ALREADY_OFF,offer already on DEFAULT
2026-08-18T09:28:34+00:00,BE,LIBYA-3GB-15D,B0H6MBYGXZ,fbm0,ALREADY_OFF,offer already on DEFAULT
2026-08-18T09:28:35+00:00,BE,LIBYA-5GB-30D,B0H6M5PVSB,fbm0,ALREADY_OFF,offer already on DEFAULT
2026-08-18T09:28:37+00:00,BE,LIBYA-20GB-30D,B0H6MFWD2Y,fbm0,ALREADY_OFF,offer already on DEFAULT
2026-08-18T09:28:38+00:00,BE,MALDIVES-3GB-15D,B0H6MD6Y71,fbm0,ALREADY_OFF,offer already on DEFAULT
2026-08-18T09:28:39+00:00,BE,MALDIVES-5GB-30D,B0H6MJQZ8Y,fbm0,ALREADY_OFF,offer already on DEFAULT
2026-08-18T09:28:41+00:00,BE,MALDIVES-20GB-30D,B0H6MM5SCJ,fbm0,ALREADY_OFF,offer already on DEFAULT
2026-08-18T09:28:42+00:00,BE,MARTINIQUE-3GB-15D,B0H6M7SBFQ,fbm0,ALREADY_OFF,offer already on DEFAULT
2026-08-18T09:28:43+00:00,BE,MARTINIQUE-5GB-30D,B0H6MKCD1X,fbm0,ALREADY_OFF,offer already on DEFAULT
2026-08-18T09:28:45+00:00,BE,MARTINIQUE-20GB-30D,B0H6MH94KV,fbm0,ALREADY_OFF,offer already on DEFAULT
2026-08-18T09:28:46+00:00,BE,MAYOTTE-3GB-15D,B0H6MFWP88,fbm0,ALREADY_OFF,offer already on DEFAULT
2026-08-18T09:28:48+00:00,BE,MAYOTTE-5GB-30D,B0H6MD9C4Y,fbm0,ALREADY_OFF,offer already on DEFAULT
2026-08-18T09:28:49+00:00,BE,MAYOTTE-20GB-30D,B0H6M5L8MC,fbm0,ALREADY_OFF,offer already on DEFAULT
2026-08-18T09:28:51+00:00,BE,MONTSERRAT-3GB-15D,B0H6MDJ2ZR,fbm0,ALREADY_OFF,offer already on DEFAULT
2026-08-18T09:28:52+00:00,BE,MONTSERRAT-5GB-30D,B0H6MGQ1Y4,fbm0,ALREADY_OFF,offer already on DEFAULT
2026-08-18T09:28:54+00:00,BE,MONTSERRAT-20GB-30D,B0H6MG87HK,fbm0,ALREADY_OFF,offer already on DEFAULT
2026-08-18T09:28:55+00:00,BE,REPUBLIC-OF-THE-CONGO-3GB-15D,B0H6MM6DKT,fbm0,ALREADY_OFF,offer already on DEFAULT
2026-08-18T09:28:57+00:00,BE,REPUBLIC-OF-THE-CONGO-5GB-30D,B0H6MBXD3B,fbm0,ALREADY_OFF,offer already on DEFAULT
2026-08-18T09:28:58+00:00,BE,REPUBLIC-OF-THE-CONGO-20GB-30D,B0H6MJ756Y,fbm0,ALREADY_OFF,offer already on DEFAULT
2026-08-18T09:28:59+00:00,BE,ROMANIA-3GB-15D,B0H6MKQH2C,fbm0,ALREADY_OFF,offer already on DEFAULT
2026-08-18T09:29:00+00:00,BE,ROMANIA-5GB-30D,B0H6MFVLCB,fbm0,ALREADY_OFF,offer already on DEFAULT
2026-08-18T09:29:02+00:00,BE,ROMANIA-20GB-30D,B0H6MGRC1F,fbm0,ALREADY_OFF,offer already on DEFAULT
2026-08-18T09:29:04+00:00,BE,RUSSIA-3GB-15D,B0H6MDNPC8,fbm0,ALREADY_OFF,offer already on DEFAULT
2026-08-18T09:29:05+00:00,BE,RUSSIA-5GB-30D,B0H6MLHHB2,fbm0,ALREADY_OFF,offer already on DEFAULT
2026-08-18T09:29:07+00:00,BE,RUSSIA-20GB-30D,B0H6MDSLNC,fbm0,ALREADY_OFF,offer already on DEFAULT
2026-08-18T09:29:08+00:00,BE,RWANDA-3GB-15D,B0H6MK2ZBQ,fbm0,ALREADY_OFF,offer already on DEFAULT
2026-08-18T09:29:10+00:00,BE,RWANDA-5GB-30D,B0H6MJZHP1,fbm0,ALREADY_OFF,offer already on DEFAULT
2026-08-18T09:29:11+00:00,BE,RWANDA-20GB-30D,B0H6M66BWN,fbm0,ALREADY_OFF,offer already on DEFAULT
2026-08-18T09:29:12+00:00,BE,SAINT-BARTHELEMY-3GB-15D,B0H6MDMD63,fbm0,ALREADY_OFF,offer already on DEFAULT
2026-08-18T09:29:13+00:00,BE,SAINT-BARTHELEMY-5GB-30D,B0H6MBS246,fbm0,ALREADY_OFF,offer already on DEFAULT
2026-08-18T09:29:15+00:00,BE,SAINT-BARTHELEMY-20GB-30D,B0H6MJHHNB,fbm0,ALREADY_OFF,offer already on DEFAULT
2026-08-18T09:29:16+00:00,BE,SAINT-KITTS-AND-NEVIS-3GB-15D,B0H6MDHJ2B,fbm0,ALREADY_OFF,offer already on DEFAULT
2026-08-18T09:29:17+00:00,BE,SAINT-KITTS-AND-NEVIS-5GB-30D,B0H6MBK615,fbm0,ALREADY_OFF,offer already on DEFAULT
2026-08-18T09:29:19+00:00,BE,SAINT-KITTS-AND-NEVIS-20GB-30D,B0H6MJQSR4,fbm0,ALREADY_OFF,offer already on DEFAULT
2026-08-18T09:29:20+00:00,BE,SAINT-LUCIA-3GB-15D,B0H6M7Y1CD,fbm0,ALREADY_OFF,offer already on DEFAULT
2026-08-18T09:29:21+00:00,BE,SAINT-LUCIA-5GB-30D,B0H6MGBXNV,fbm0,ALREADY_OFF,offer already on DEFAULT
2026-08-18T09:29:23+00:00,BE,SAINT-LUCIA-20GB-30D,B0H6MDX8DY,fbm0,ALREADY_OFF,offer already on DEFAULT
2026-08-18T09:29:24+00:00,BE,SAINT-MARTIN-3GB-15D,B0H6MDB2CN,fbm0,ALREADY_OFF,offer already on DEFAULT
2026-08-18T09:29:25+00:00,BE,SAINT-MARTIN-5GB-30D,B0H6MC37Q1,fbm0,ALREADY_OFF,offer already on DEFAULT
2026-08-18T09:29:26+00:00,BE,SAINT-MARTIN-20GB-30D,B0H6MF7K64,fbm0,ALREADY_OFF,offer already on DEFAULT
2026-08-18T09:29:28+00:00,BE,SAINT-VINCENT-AND-THE-GRENADINES-3GB-15D,B0H6MF3FWZ,fbm0,ALREADY_OFF,offer already on DEFAULT
2026-08-18T09:29:29+00:00,BE,SAINT-VINCENT-AND-THE-GRENADINES-5GB-30D,B0H6MJXH8Z,fbm0,ALREADY_OFF,offer already on DEFAULT
2026-08-18T09:29:30+00:00,BE,SVG-20GB-30D,B0H6MWF5B5,fbm0,ALREADY_OFF,offer already on DEFAULT
2026-08-18T09:29:31+00:00,BE,SAMOA-3GB-15D,B0H6MGJ45S,fbm0,ALREADY_OFF,offer already on DEFAULT
2026-08-18T09:29:33+00:00,BE,SAMOA-5GB-30D,B0H6MFFZH1,fbm0,ALREADY_OFF,offer already on DEFAULT
2026-08-18T09:29:34+00:00,BE,SAMOA-20GB-30D,B0H6MJQDSM,fbm0,ALREADY_OFF,offer already on DEFAULT
2026-08-18T09:29:35+00:00,BE,SAN-MARINO-3GB-15D,B0H6MG33GL,fbm0,ALREADY_OFF,offer already on DEFAULT
2026-08-18T09:29:37+00:00,BE,SAN-MARINO-5GB-30D,B0H6ML6C38,fbm0,ALREADY_OFF,offer already on DEFAULT
2026-08-18T09:29:38+00:00,BE,SAN-MARINO-20GB-30D,B0H6MDHJFJ,fbm0,ALREADY_OFF,offer already on DEFAULT
2026-08-18T09:29:39+00:00,BE,SIERRA-LEONE-3GB-15D,B0H6MHPWKP,fbm0,ALREADY_OFF,offer already on DEFAULT
2026-08-18T09:29:40+00:00,BE,SIERRA-LEONE-5GB-30D,B0H6MBK6HZ,fbm0,ALREADY_OFF,offer already on DEFAULT
2026-08-18T09:29:42+00:00,BE,SIERRA-LEONE-20GB-30D,B0H6ML1JW1,fbm0,ALREADY_OFF,offer already on DEFAULT
2026-08-18T09:29:43+00:00,BE,SURINAME-3GB-15D,B0H6MLWJMY,fbm0,ALREADY_OFF,offer already on DEFAULT
2026-08-18T09:29:44+00:00,BE,SURINAME-5GB-30D,B0H6MNS3N5,fbm0,ALREADY_OFF,offer already on DEFAULT
2026-08-18T09:29:45+00:00,BE,SURINAME-20GB-30D,B0H6MNKY5H,fbm0,ALREADY_OFF,offer already on DEFAULT
2026-08-18T09:29:47+00:00,BE,TAJIKISTAN-3GB-15D,B0H6M7XFN6,fbm0,ALREADY_OFF,offer already on DEFAULT
2026-08-18T09:29:48+00:00,BE,TAJIKISTAN-5GB-30D,B0H6MFYMXZ,fbm0,ALREADY_OFF,offer already on DEFAULT
2026-08-18T09:29:50+00:00,BE,TAJIKISTAN-20GB-30D,B0H6M85C77,fbm0,ALREADY_OFF,offer already on DEFAULT
2026-08-18T09:29:51+00:00,BE,TRINIDAD-AND-TOBAGO-3GB-15D,B0H6MJTHXK,fbm0,ALREADY_OFF,offer already on DEFAULT
2026-08-18T09:29:52+00:00,BE,TRINIDAD-AND-TOBAGO-5GB-30D,B0H6MJTHY9,fbm0,ALREADY_OFF,offer already on DEFAULT
2026-08-18T09:29:53+00:00,BE,TRINIDAD-AND-TOBAGO-20GB-30D,B0H6MF31VP,fbm0,ALREADY_OFF,offer already on DEFAULT
2026-08-18T09:29:55+00:00,BE,TURKS-AND-CAICOS-ISLANDS-3GB-15D,B0H6MNNXGL,fbm0,ALREADY_OFF,offer already on DEFAULT
2026-08-18T09:29:56+00:00,BE,TURKS-AND-CAICOS-ISLANDS-5GB-30D,B0H6MLH1KM,fbm0,ALREADY_OFF,offer already on DEFAULT
2026-08-18T09:29:57+00:00,BE,TURKS-AND-CAICOS-ISLANDS-20GB-30D,B0H6MLBGX7,fbm0,ALREADY_OFF,offer already on DEFAULT
2026-08-18T09:29:59+00:00,BE,VATICAN-CITY-3GB-15D,B0H6MBMF8G,fbm0,ALREADY_OFF,offer already on DEFAULT
2026-08-18T09:30:00+00:00,BE,VATICAN-CITY-5GB-30D,B0H6M7YXNP,fbm0,ALREADY_OFF,offer already on DEFAULT
2026-08-18T09:30:01+00:00,BE,VATICAN-CITY-20GB-30D,B0H6MDPLZ9,fbm0,ALREADY_OFF,offer already on DEFAULT
2026-08-18T09:30:03+00:00,BE,CANADA-PREMIUM-3GB-15D,B0H6MJ1HMJ,fbm0,ALREADY_OFF,offer already on DEFAULT
2026-08-18T09:30:04+00:00,BE,CANADA-PREMIUM-5GB-30D,B0H6MPXGBN,fbm0,ALREADY_OFF,offer already on DEFAULT
2026-08-18T09:30:05+00:00,BE,CANADA-PREMIUM-20GB-30D,B0H6MJ9N4Y,fbm0,ALREADY_OFF,offer already on DEFAULT
2026-08-18T09:30:06+00:00,BE,AALAND-ISLANDS-3GB-15D,B0FR3CCSMB,fbm0,ALREADY_OFF,offer already on DEFAULT
2026-08-18T09:30:08+00:00,BE,AALAND-ISLANDS-5GB-30D,B0FR3G6JWB,fbm0,ALREADY_OFF,offer already on DEFAULT
2026-08-18T09:30:09+00:00,BE,AALAND-ISLANDS-20GB-30D,B0FR39Q1KJ,fbm0,ALREADY_OFF,offer already on DEFAULT
2026-08-18T09:30:10+00:00,BE,AFRICA-5GB-30D,B0FR3GK9Z7,fbm0,ALREADY_OFF,offer already on DEFAULT
2026-08-18T09:30:11+00:00,BE,ALBANIA-5GB-30D,B0FR4ZG3Z6,fbm0,ALREADY_OFF,offer already on DEFAULT
2026-08-18T09:30:12+00:00,BE,ARGENTINA-3GB-15D,B0FR554SXN,fbm0,ALREADY_OFF,offer already on DEFAULT
2026-08-18T09:30:14+00:00,BE,ARGENTINA-20GB-30D,B0FR5DCH33,fbm0,ALREADY_OFF,offer already on DEFAULT
2026-08-18T09:30:15+00:00,BE,ARMENIA-3GB-15D,B0FR5BK9R4,fbm0,ALREADY_OFF,offer already on DEFAULT
2026-08-18T09:30:16+00:00,BE,ARMENIA-20GB-30D,B0FR4ZT5XT,fbm0,ALREADY_OFF,offer already on DEFAULT
2026-08-18T09:30:17+00:00,BE,ASIA-20-3GB-15D,B0FR9FZ4RF,fbm0,ALREADY_OFF,offer already on DEFAULT
2026-08-18T09:30:19+00:00,BE,ASIA-20-5GB-30D,B0FR9BQNSV,fbm0,ALREADY_OFF,offer already on DEFAULT
2026-08-18T09:30:20+00:00,BE,AUSTRALIA-3GB-15D,B0FR9SKY4D,fbm0,ALREADY_OFF,offer already on DEFAULT
2026-08-18T09:30:21+00:00,BE,AUSTRALIA-5GB-30D,B0FR9JRB62,fbm0,ALREADY_OFF,offer already on DEFAULT
2026-08-18T09:30:23+00:00,BE,AUSTRALIA-20GB-30D,B0FR9G1ZQJ,fbm0,ALREADY_OFF,offer already on DEFAULT
2026-08-18T09:30:24+00:00,BE,AUSTRIA-3GB-15D,B0FR9QSMSP,fbm0,ALREADY_OFF,offer already on DEFAULT
2026-08-18T09:30:25+00:00,BE,AUSTRIA-5GB-30D,B0FR8XCH78,fbm0,ALREADY_OFF,offer already on DEFAULT
2026-08-18T09:30:27+00:00,BE,AUSTRIA-20GB-30D,B0FR8XBSBP,fbm0,ALREADY_OFF,offer already on DEFAULT
2026-08-18T09:30:28+00:00,BE,AZERBAIJAN-3GB-15D,B0FR9BTC98,fbm0,ALREADY_OFF,offer already on DEFAULT
2026-08-18T09:30:29+00:00,BE,BAHRAIN-3GB-15D,B0FR9K64KF,fbm0,ALREADY_OFF,offer already on DEFAULT
2026-08-18T09:30:30+00:00,BE,BANGLADESH-3GB-15D,B0FR9L7SG3,fbm0,ALREADY_OFF,offer already on DEFAULT
2026-08-18T09:30:31+00:00,BE,BANGLADESH-5GB-30D,B0FR9BQFCM,fbm0,ALREADY_OFF,offer already on DEFAULT
2026-08-18T09:30:33+00:00,BE,BANGLADESH-20GB-30D,B0FR8FJ3HJ,fbm0,ALREADY_OFF,offer already on DEFAULT
2026-08-18T09:30:34+00:00,BE,BELARUS-3GB-15D,B0FR9G3Z82,fbm0,ALREADY_OFF,offer already on DEFAULT
2026-08-18T09:30:35+00:00,BE,BELARUS-5GB-30D,B0FR8FFT4D,fbm0,ALREADY_OFF,offer already on DEFAULT
2026-08-18T09:30:37+00:00,BE,BELGIUM-3GB-15D,B0FR9G432K,fbm0,ALREADY_OFF,offer already on DEFAULT
2026-08-18T09:30:38+00:00,BE,BELGIUM-5GB-30D,B0FR9SXCW6,fbm0,ALREADY_OFF,offer already on DEFAULT
2026-08-18T09:30:39+00:00,BE,BELGIUM-20GB-30D,B0FR9BVRCH,fbm0,ALREADY_OFF,offer already on DEFAULT
2026-08-18T09:30:42+00:00,BE,BOLIVIA-3GB-15D,B0FR8FKPKH,fbm0,ALREADY_OFF,offer already on DEFAULT
2026-08-18T09:30:43+00:00,BE,BOLIVIA-20GB-30D,B0FR9RH588,fbm0,ALREADY_OFF,offer already on DEFAULT
2026-08-18T09:30:44+00:00,BE,BOSNIA-AND-HERZEGOVINA-3GB-15D,B0FR9G8ZVK,fbm0,ALREADY_OFF,offer already on DEFAULT
2026-08-18T09:30:46+00:00,BE,BOTSWANA-3GB-15D,B0FR9G7N2Q,fbm0,ALREADY_OFF,offer already on DEFAULT
2026-08-18T09:30:47+00:00,BE,BRAZIL-3GB-15D,B0FR9G5LKV,fbm0,ALREADY_OFF,offer already on DEFAULT
2026-08-18T09:30:49+00:00,BE,BRAZIL-20GB-30D,B0FR9KLZCR,fbm0,ALREADY_OFF,offer already on DEFAULT
2026-08-18T09:30:50+00:00,BE,BRUNEI-DARUSSALAM-3GB-15D,B0FR9KTJND,fbm0,ALREADY_OFF,offer already on DEFAULT
2026-08-18T09:30:51+00:00,BE,BRUNEI-DARUSSALAM-20GB-30D,B0FR9F971C,fbm0,ALREADY_OFF,offer already on DEFAULT
2026-08-18T09:30:53+00:00,BE,BURKINA-FASO-3GB-15D,B0FR9HWFSK,fbm0,ALREADY_OFF,offer already on DEFAULT
2026-08-18T09:30:54+00:00,BE,BURKINA-FASO-5GB-30D,B0FR9BWKSY,fbm0,ALREADY_OFF,offer already on DEFAULT
2026-08-18T09:30:56+00:00,BE,CAMEROON-3GB-15D,B0FR9VJ1ZB,fbm0,ALREADY_OFF,offer already on DEFAULT
2026-08-18T09:30:57+00:00,BE,CENTRAL-AFRICAN-REPUBLIC-3GB-15D,B0FR9RK8FP,fbm0,ALREADY_OFF,offer already on DEFAULT
2026-08-18T09:30:58+00:00,BE,CENTRAL-AFRICAN-REPUBLIC-5GB-30D,B0FR9R3NMC,fbm0,ALREADY_OFF,offer already on DEFAULT
2026-08-18T09:31:00+00:00,BE,CHAD-3GB-15D,B0FR9SG4MK,fbm0,ALREADY_OFF,offer already on DEFAULT
2026-08-18T09:31:01+00:00,BE,CHAD-5GB-30D,B0FR9L414C,fbm0,ALREADY_OFF,offer already on DEFAULT
2026-08-18T09:31:02+00:00,BE,CHILE-3GB-15D,B0FR9RY1RT,fbm0,ALREADY_OFF,offer already on DEFAULT
2026-08-18T09:31:04+00:00,BE,CHINA-3GB-15D,B0FR9QZ578,fbm0,ALREADY_OFF,offer already on DEFAULT
2026-08-18T09:31:05+00:00,BE,CHINA-5GB-30D,B0FR9HX7XH,fbm0,ALREADY_OFF,offer already on DEFAULT
2026-08-18T09:31:06+00:00,BE,CHINA-20GB-30D,B0FR9GD6X9,fbm0,ALREADY_OFF,offer already on DEFAULT
2026-08-18T09:31:08+00:00,BE,COLOMBIA-3GB-15D,B0FR9RL8W5,fbm0,ALREADY_OFF,offer already on DEFAULT
2026-08-18T09:31:09+00:00,BE,CAMBODIA-3GB-15D,B0FR8XKMJ4,fbm0,ALREADY_OFF,offer already on DEFAULT
2026-08-18T09:31:11+00:00,BE,CAMBODIA-20GB-30D,B0FR9GFJPL,fbm0,ALREADY_OFF,offer already on DEFAULT
2026-08-18T09:31:13+00:00,BE,COSTA-RICA-3GB-15D,B0FR9LNRMN,fbm0,ALREADY_OFF,offer already on DEFAULT
2026-08-18T09:31:14+00:00,BE,COTE-D-IVOIRE-3GB-15D,B0FR9HW9DJ,fbm0,ALREADY_OFF,offer already on DEFAULT
2026-08-18T09:31:15+00:00,BE,COTE-D-IVOIRE-5GB-30D,B0FR9V5LYJ,fbm0,ALREADY_OFF,offer already on DEFAULT
2026-08-18T09:31:17+00:00,BE,CROATIA-3GB-15D,B0FR9GDKT1,fbm0,ALREADY_OFF,offer already on DEFAULT
2026-08-18T09:31:18+00:00,BE,CROATIA-5GB-30D,B0FR9BVV58,fbm0,ALREADY_OFF,offer already on DEFAULT
2026-08-18T09:31:19+00:00,BE,CROATIA-20GB-30D,B0FR9TYCSL,fbm0,ALREADY_OFF,offer already on DEFAULT
2026-08-18T09:31:20+00:00,BE,CYPRUS-3GB-15D,B0FR8XJWWG,fbm0,ALREADY_OFF,offer already on DEFAULT
2026-08-18T09:31:22+00:00,BE,CYPRUS-5GB-30D,B0FR8XHWZV,fbm0,ALREADY_OFF,offer already on DEFAULT
2026-08-18T09:31:23+00:00,BE,CZECH-REPUBLIC-3GB-15D,B0FR9SB2Q3,fbm0,ALREADY_OFF,offer already on DEFAULT
2026-08-18T09:31:24+00:00,BE,CZECH-REPUBLIC-5GB-30D,B0FR9BY2LF,fbm0,ALREADY_OFF,offer already on DEFAULT
2026-08-18T09:31:26+00:00,BE,CZECH-REPUBLIC-20GB-30D,B0FR9SVN9H,fbm0,ALREADY_OFF,offer already on DEFAULT
2026-08-18T09:31:28+00:00,BE,DENMARK-3GB-15D,B0FR9GSNP4,fbm0,ALREADY_OFF,offer already on DEFAULT
2026-08-18T09:31:30+00:00,BE,DENMARK-5GB-30D,B0FR8XQYR4,fbm0,ALREADY_OFF,offer already on DEFAULT
2026-08-18T09:31:31+00:00,BE,DENMARK-20GB-30D,B0FR9QPF45,fbm0,ALREADY_OFF,offer already on DEFAULT
2026-08-18T09:31:32+00:00,BE,DOMINICAN-REPUBLIC-3GB-15D,B0FR9GSKZF,fbm0,ALREADY_OFF,offer already on DEFAULT
2026-08-18T09:31:34+00:00,BE,DOMINICAN-REPUBLIC-5GB-30D,B0FR9GQKCM,fbm0,ALREADY_OFF,offer already on DEFAULT
2026-08-18T09:31:35+00:00,BE,DOMINICAN-REPUBLIC-20GB-30D,B0FR9C6DJF,fbm0,ALREADY_OFF,offer already on DEFAULT
2026-08-18T09:31:36+00:00,BE,ECUADOR-3GB-15D,B0FR9RM6MP,fbm0,ALREADY_OFF,offer already on DEFAULT
2026-08-18T09:31:38+00:00,BE,EGYPT-3GB-15D,B0FR9C784N,fbm0,ALREADY_OFF,offer already on DEFAULT
2026-08-18T09:31:39+00:00,BE,EGYPT-5GB-30D,B0FR9LR5KJ,fbm0,ALREADY_OFF,offer already on DEFAULT
2026-08-18T09:31:40+00:00,BE,EGYPT-20GB-30D,B0FR9GQBGL,fbm0,ALREADY_OFF,offer already on DEFAULT
2026-08-18T09:31:41+00:00,BE,EL-SALVADOR-3GB-15D,B0FR9LJ7X4,fbm0,ALREADY_OFF,offer already on DEFAULT
2026-08-18T09:31:43+00:00,BE,ESTONIA-3GB-15D,B0FR9GST1S,fbm0,ALREADY_OFF,offer already on DEFAULT
2026-08-18T09:31:44+00:00,BE,ESTONIA-5GB-30D,B0FR9GQYKB,fbm0,ALREADY_OFF,offer already on DEFAULT
2026-08-18T09:31:46+00:00,BE,ESTONIA-20GB-30D,B0FR9L527N,fbm0,ALREADY_OFF,offer already on DEFAULT
2026-08-18T09:31:47+00:00,BE,EUROPE-40-AREAS-5GB-30D,B0FR9RYSSS,fbm0,ALREADY_OFF,offer already on DEFAULT
2026-08-18T09:31:48+00:00,BE,EUROPE-40-AREAS-20GB-30D,B0FR9TNPV3,fbm0,ALREADY_OFF,offer already on DEFAULT
2026-08-18T09:31:50+00:00,BE,FINLAND-3GB-15D,B0FR9GSND6,fbm0,ALREADY_OFF,offer already on DEFAULT
2026-08-18T09:31:51+00:00,BE,FINLAND-5GB-30D,B0FR9SB3BJ,fbm0,ALREADY_OFF,offer already on DEFAULT
2026-08-18T09:31:52+00:00,BE,FRANCE-3GB-15D,B0FR9C5ZB6,fbm0,ALREADY_OFF,offer already on DEFAULT
2026-08-18T09:31:54+00:00,BE,FRANCE-5GB-30D,B0FR9LMDW5,fbm0,ALREADY_OFF,offer already on DEFAULT
2026-08-18T09:31:55+00:00,BE,FRANCE-20GB-30D,B0FR9GPMC5,fbm0,ALREADY_OFF,offer already on DEFAULT
2026-08-18T09:31:56+00:00,BE,GABON-3GB-15D,B0FR9GPX9T,fbm0,ALREADY_OFF,offer already on DEFAULT
2026-08-18T09:31:57+00:00,BE,GEORGIA-3GB-15D,B0FR9KMX2N,fbm0,ALREADY_OFF,offer already on DEFAULT
2026-08-18T09:31:59+00:00,BE,GEORGIA-20GB-30D,B0FR9C73NK,fbm0,ALREADY_OFF,offer already on DEFAULT
2026-08-18T09:32:00+00:00,BE,GERMANY-3GB-15D,B0GSZBMLKV,fbm0,ALREADY_OFF,offer already on DEFAULT
2026-08-18T09:32:01+00:00,BE,GERMANY-5GB-30D,B0GSZDYWLZ,fbm0,ALREADY_OFF,offer already on DEFAULT
2026-08-18T09:32:03+00:00,BE,GERMANY-20GB-30D,B0GSZP9H94,fbm0,ALREADY_OFF,offer already on DEFAULT
2026-08-18T09:32:04+00:00,BE,GIBRALTAR-3GB-15D,B0FR8XSPMC,fbm0,ALREADY_OFF,offer already on DEFAULT
2026-08-18T09:32:05+00:00,BE,GLOBAL139-5GB-30D,B0FR9VNTLY,fbm0,ALREADY_OFF,offer already on DEFAULT
2026-08-18T09:32:07+00:00,BE,GREECE-3GB-15D,B0FR9L85F6,fbm0,ALREADY_OFF,offer already on DEFAULT
2026-08-18T09:32:09+00:00,BE,GREECE-5GB-30D,B0FR9C7SMF,fbm0,ALREADY_OFF,offer already on DEFAULT
2026-08-18T09:32:10+00:00,BE,GREECE-20GB-30D,B0FR9KJGBG,fbm0,ALREADY_OFF,offer already on DEFAULT
2026-08-18T09:32:11+00:00,BE,GUADELOUPE-3GB-15D,B0FR9TMVWK,fbm0,ALREADY_OFF,offer already on DEFAULT
2026-08-18T09:32:13+00:00,BE,GUADELOUPE-20GB-30D,B0FR8XTBF6,fbm0,ALREADY_OFF,offer already on DEFAULT
2026-08-18T09:32:14+00:00,BE,GUAM-3GB-15D,B0FR9GVSSF,fbm0,ALREADY_OFF,offer already on DEFAULT
2026-08-18T09:32:16+00:00,BE,GUAM-5GB-30D,B0FR9SVP8Y,fbm0,ALREADY_OFF,offer already on DEFAULT
2026-08-18T09:32:17+00:00,BE,GUAM-20GB-30D,B0FR9C7MGP,fbm0,ALREADY_OFF,offer already on DEFAULT
2026-08-18T09:32:18+00:00,BE,GUATEMALA-3GB-15D,B0FR9VC6VD,fbm0,ALREADY_OFF,offer already on DEFAULT
2026-08-18T09:32:20+00:00,BE,GUERNSEY-3GB-15D,B0FR9SMWDN,fbm0,ALREADY_OFF,offer already on DEFAULT
2026-08-18T09:32:21+00:00,BE,GUERNSEY-5GB-30D,B0FR9C5PXR,fbm0,ALREADY_OFF,offer already on DEFAULT
2026-08-18T09:32:22+00:00,BE,GUERNSEY-20GB-30D,B0FR9LYWWY,fbm0,ALREADY_OFF,offer already on DEFAULT
2026-08-18T09:32:24+00:00,BE,HONDURAS-3GB-15D,B0FR9ZYV5G,fbm0,ALREADY_OFF,offer already on DEFAULT
2026-08-18T09:32:25+00:00,BE,HONG-KONG-3GB-15D,B0FR9CC6Q8,fbm0,ALREADY_OFF,offer already on DEFAULT
2026-08-18T09:32:27+00:00,BE,HONG-KONG-5GB-30D,B0FR9GXYYL,fbm0,ALREADY_OFF,offer already on DEFAULT
2026-08-18T09:32:29+00:00,BE,HONG-KONG-20GB-30D,B0FR9GXZ6F,fbm0,ALREADY_OFF,offer already on DEFAULT
2026-08-18T09:32:30+00:00,BE,HUNGARY-3GB-15D,B0FR9C9JVW,fbm0,ALREADY_OFF,offer already on DEFAULT
2026-08-18T09:32:31+00:00,BE,HUNGARY-5GB-30D,B0FR9GY3R5,fbm0,ALREADY_OFF,offer already on DEFAULT
2026-08-18T09:32:33+00:00,BE,HUNGARY-20GB-30D,B0FR9ZVYYQ,fbm0,ALREADY_OFF,offer already on DEFAULT
2026-08-18T09:32:34+00:00,BE,ICELAND-3GB-15D,B0FR9TBBK1,fbm0,ALREADY_OFF,offer already on DEFAULT
2026-08-18T09:32:35+00:00,BE,ICELAND-5GB-30D,B0FR9ZWQBD,fbm0,ALREADY_OFF,offer already on DEFAULT
2026-08-18T09:32:36+00:00,BE,ICELAND-20GB-30D,B0FR9GX6LF,fbm0,ALREADY_OFF,offer already on DEFAULT
2026-08-18T09:32:37+00:00,BE,INDIA-3GB-15D,B0FR9ZM116,fbm0,ALREADY_OFF,offer already on DEFAULT
2026-08-18T09:32:39+00:00,BE,INDIA-5GB-30D,B0FR9GXWN9,fbm0,ALREADY_OFF,offer already on DEFAULT
2026-08-18T09:32:40+00:00,BE,INDIA-20GB-30D,B0FR9DYMHX,fbm0,ALREADY_OFF,offer already on DEFAULT
2026-08-18T09:32:41+00:00,BE,INDONESIA-3GB-15D,B0FR9T6QPZ,fbm0,ALREADY_OFF,offer already on DEFAULT
2026-08-18T09:32:42+00:00,BE,INDONESIA-5GB-30D,B0FR8XW5DR,fbm0,ALREADY_OFF,offer already on DEFAULT
2026-08-18T09:32:44+00:00,BE,INDONESIA-20GB-30D,B0FR9QXRDQ,fbm0,ALREADY_OFF,offer already on DEFAULT
2026-08-18T09:32:45+00:00,BE,IRELAND-3GB-15D,B0FR8XV57F,fbm0,ALREADY_OFF,offer already on DEFAULT
2026-08-18T09:32:46+00:00,BE,IRELAND-5GB-30D,B0FR9GYKQL,fbm0,ALREADY_OFF,offer already on DEFAULT
2026-08-18T09:32:47+00:00,BE,IRELAND-20GB-30D,B0FR9SZG2Z,fbm0,ALREADY_OFF,offer already on DEFAULT
2026-08-18T09:32:49+00:00,BE,ISLE-OF-MAN-3GB-15D,B0FR9LZ7RL,fbm0,ALREADY_OFF,offer already on DEFAULT
2026-08-18T09:32:50+00:00,BE,ISLE-OF-MAN-5GB-30D,B0FR9M27XY,fbm0,ALREADY_OFF,offer already on DEFAULT
2026-08-18T09:32:51+00:00,BE,ISLE-OF-MAN-20GB-30D,B0FR9CB5LK,fbm0,ALREADY_OFF,offer already on DEFAULT
2026-08-18T09:32:53+00:00,BE,ISRAEL-3GB-15D,B0FR9M11H1,fbm0,ALREADY_OFF,offer already on DEFAULT
2026-08-18T09:32:54+00:00,BE,ISRAEL-5GB-30D,B0FR8XVZZM,fbm0,ALREADY_OFF,offer already on DEFAULT
2026-08-18T09:32:55+00:00,BE,ISRAEL-20GB-30D,B0FR9K8SQ1,fbm0,ALREADY_OFF,offer already on DEFAULT
2026-08-18T09:32:57+00:00,BE,ITALY-3GB-15D,B0FR9GXZ18,fbm0,ALREADY_OFF,offer already on DEFAULT
2026-08-18T09:32:58+00:00,BE,ITALY-5GB-30D,B0FR9ZR2TH,fbm0,ALREADY_OFF,offer already on DEFAULT
2026-08-18T09:32:59+00:00,BE,ITALY-20GB-30D,B0FR9RNZV2,fbm0,ALREADY_OFF,offer already on DEFAULT
2026-08-18T09:33:00+00:00,BE,JAPAN-3GB-15D,B0FR9LVZVQ,fbm0,ALREADY_OFF,offer already on DEFAULT
2026-08-18T09:33:02+00:00,BE,JAPAN-5GB-30D,B0FR9TLXXH,fbm0,ALREADY_OFF,offer already on DEFAULT
2026-08-18T09:33:03+00:00,BE,JAPAN-20GB-30D,B0FR9RZKRB,fbm0,ALREADY_OFF,offer already on DEFAULT
2026-08-18T09:33:04+00:00,BE,JERSEY-3GB-15D,B0FR9GYMR5,fbm0,ALREADY_OFF,offer already on DEFAULT
2026-08-18T09:33:06+00:00,BE,JERSEY-5GB-30D,B0FR9M27GP,fbm0,ALREADY_OFF,offer already on DEFAULT
2026-08-18T09:33:07+00:00,BE,JERSEY-20GB-30D,B0FR9CBQDH,fbm0,ALREADY_OFF,offer already on DEFAULT
2026-08-18T09:33:08+00:00,BE,JORDAN-3GB-15D,B0FR9M144Z,fbm0,ALREADY_OFF,offer already on DEFAULT
2026-08-18T09:33:10+00:00,BE,JORDAN-5GB-30D,B0FR9ZTZNK,fbm0,ALREADY_OFF,offer already on DEFAULT
2026-08-18T09:33:11+00:00,BE,JORDAN-20GB-30D,B0FR9ST188,fbm0,ALREADY_OFF,offer already on DEFAULT
2026-08-18T09:33:12+00:00,BE,KAZAKHSTAN-3GB-15D,B0FR9T4DG2,fbm0,ALREADY_OFF,offer already on DEFAULT
2026-08-18T09:33:14+00:00,BE,KAZAKHSTAN-5GB-30D,B0FR9ZMMSH,fbm0,ALREADY_OFF,offer already on DEFAULT
2026-08-18T09:33:15+00:00,BE,KAZAKHSTAN-20GB-30D,B0FR9TLNNW,fbm0,ALREADY_OFF,offer already on DEFAULT
2026-08-18T09:33:16+00:00,BE,KENYA-3GB-15D,B0FR9GZ14G,fbm0,ALREADY_OFF,offer already on DEFAULT
2026-08-18T09:33:18+00:00,BE,KENYA-5GB-30D,B0FR9T4DG6,fbm0,ALREADY_OFF,offer already on DEFAULT
2026-08-18T09:33:20+00:00,BE,KUWAIT-3GB-15D,B0FR9LZJ3X,fbm0,ALREADY_OFF,offer already on DEFAULT
2026-08-18T09:33:21+00:00,BE,KUWAIT-5GB-30D,B0FR9M2TXP,fbm0,ALREADY_OFF,offer already on DEFAULT
2026-08-18T09:33:22+00:00,BE,KUWAIT-20GB-30D,B0FR9KBF4P,fbm0,ALREADY_OFF,offer already on DEFAULT
2026-08-18T09:33:24+00:00,BE,KYRGYZSTAN-3GB-15D,B0FR9TVF4R,fbm0,ALREADY_OFF,offer already on DEFAULT
2026-08-18T09:33:25+00:00,BE,KYRGYZSTAN-20GB-30D,B0FR8XXBHM,fbm0,ALREADY_OFF,offer already on DEFAULT
2026-08-18T09:33:27+00:00,BE,LATVIA-3GB-15D,B0FR9VM4K6,fbm0,ALREADY_OFF,offer already on DEFAULT
2026-08-18T09:33:28+00:00,BE,LATVIA-5GB-30D,B0FR9TR99S,fbm0,ALREADY_OFF,offer already on DEFAULT
2026-08-18T09:33:29+00:00,BE,LATVIA-20GB-30D,B0FR9SWN6V,fbm0,ALREADY_OFF,offer already on DEFAULT
2026-08-18T09:33:31+00:00,BE,LIBERIA-3GB-15D,B0FR9H18JQ,fbm0,ALREADY_OFF,offer already on DEFAULT
2026-08-18T09:33:32+00:00,BE,LIBERIA-5GB-30D,B0FR9SJ1YH,fbm0,ALREADY_OFF,offer already on DEFAULT
2026-08-18T09:33:34+00:00,BE,LIECHTENSTEIN-3GB-15D,B0FR9S35ZH,fbm0,ALREADY_OFF,offer already on DEFAULT
2026-08-18T09:33:35+00:00,BE,LITHUANIA-3GB-15D,B0FR9KS3P4,fbm0,ALREADY_OFF,offer already on DEFAULT
2026-08-18T09:33:37+00:00,BE,LITHUANIA-5GB-30D,B0FR9R598C,fbm0,ALREADY_OFF,offer already on DEFAULT
2026-08-18T09:33:38+00:00,BE,LITHUANIA-20GB-30D,B0FR9TQN8N,fbm0,ALREADY_OFF,offer already on DEFAULT
2026-08-18T09:33:40+00:00,BE,LUXEMBOURG-3GB-15D,B0FR9SHRKM,fbm0,ALREADY_OFF,offer already on DEFAULT
2026-08-18T09:33:41+00:00,BE,LUXEMBOURG-5GB-30D,B0FR9SB862,fbm0,ALREADY_OFF,offer already on DEFAULT
2026-08-18T09:33:42+00:00,BE,LUXEMBOURG-20GB-30D,B0FR8XXXZB,fbm0,ALREADY_OFF,offer already on DEFAULT
2026-08-18T09:33:44+00:00,BE,MACAO-3GB-15D,B0FR9M485M,fbm0,ALREADY_OFF,offer already on DEFAULT
2026-08-18T09:33:46+00:00,BE,MACAO-5GB-30D,B0FR9L9624,fbm0,ALREADY_OFF,offer already on DEFAULT
2026-08-18T09:33:47+00:00,BE,MACAO-20GB-30D,B0FR9CDBN2,fbm0,ALREADY_OFF,offer already on DEFAULT
2026-08-18T09:33:49+00:00,BE,MADAGASCAR-3GB-15D,B0FR9H2NS1,fbm0,ALREADY_OFF,offer already on DEFAULT
2026-08-18T09:33:50+00:00,BE,MALAWI-3GB-15D,B0FR9H3JDK,fbm0,ALREADY_OFF,offer already on DEFAULT
2026-08-18T09:33:52+00:00,BE,MALAWI-5GB-30D,B0FR9GXY24,fbm0,ALREADY_OFF,offer already on DEFAULT
2026-08-18T09:33:53+00:00,BE,MALAYSIA-3GB-15D,B0FR9H1Q65,fbm0,ALREADY_OFF,offer already on DEFAULT
2026-08-18T09:33:54+00:00,BE,MALAYSIA-5GB-30D,B0FR9LDGX8,fbm0,ALREADY_OFF,offer already on DEFAULT
2026-08-18T09:33:56+00:00,BE,MALAYSIA-20GB-30D,B0FR9VMWYD,fbm0,ALREADY_OFF,offer already on DEFAULT
2026-08-18T09:33:57+00:00,BE,MALI-3GB-15D,B0FR9TRDSY,fbm0,ALREADY_OFF,offer already on DEFAULT
2026-08-18T09:33:58+00:00,BE,MALTA-3GB-15D,B0FR9M3PNR,fbm0,ALREADY_OFF,offer already on DEFAULT
2026-08-18T09:34:00+00:00,BE,MALTA-5GB-30D,B0FR9ZSMTC,fbm0,ALREADY_OFF,offer already on DEFAULT
2026-08-18T09:34:01+00:00,BE,MALTA-20GB-30D,B0FR9VL1Q9,fbm0,ALREADY_OFF,offer already on DEFAULT
2026-08-18T09:34:02+00:00,BE,MEXICO-3GB-15D,B0FR9SZSTG,fbm0,ALREADY_OFF,offer already on DEFAULT
2026-08-18T09:34:04+00:00,BE,MEXICO-5GB-30D,B0FR9H2K1C,fbm0,ALREADY_OFF,offer already on DEFAULT
2026-08-18T09:34:06+00:00,BE,MEXICO-20GB-30D,B0FR9VDSJX,fbm0,ALREADY_OFF,offer already on DEFAULT
2026-08-18T09:34:07+00:00,BE,MIDDLE-EAST-5GB-30D,B0FR9SYKP6,fbm0,ALREADY_OFF,offer already on DEFAULT
2026-08-18T09:34:09+00:00,BE,MOLDOVA-3GB-15D,B0FR9CFQYY,fbm0,ALREADY_OFF,offer already on DEFAULT
2026-08-18T09:34:10+00:00,BE,MONACO-3GB-15D,B0FR9ZS6GM,fbm0,ALREADY_OFF,offer already on DEFAULT
2026-08-18T09:34:11+00:00,BE,MONACO-5GB-30D,B0FR9H1H4M,fbm0,ALREADY_OFF,offer already on DEFAULT
2026-08-18T09:34:13+00:00,BE,MONGOLIA-3GB-15D,B0FR9LSYTX,fbm0,ALREADY_OFF,offer already on DEFAULT
2026-08-18T09:34:14+00:00,BE,MONTENEGRO-3GB-15D,B0FR9R5HR7,fbm0,ALREADY_OFF,offer already on DEFAULT
2026-08-18T09:34:15+00:00,BE,MOROCCO-3GB-15D,B0FR9CFZQR,fbm0,ALREADY_OFF,offer already on DEFAULT
2026-08-18T09:34:17+00:00,BE,MOROCCO-5GB-30D,B0FR9CDDQ8,fbm0,ALREADY_OFF,offer already on DEFAULT
2026-08-18T09:34:18+00:00,BE,MOROCCO-20GB-30D,B0FR9M57DY,fbm0,ALREADY_OFF,offer already on DEFAULT
2026-08-18T09:34:19+00:00,BE,MOZAMBIQUE-3GB-15D,B0FRB1M6HK,fbm0,ALREADY_OFF,offer already on DEFAULT
2026-08-18T09:34:20+00:00,BE,MOZAMBIQUE-20GB-30D,B0FR9CFLS7,fbm0,ALREADY_OFF,offer already on DEFAULT
2026-08-18T09:34:22+00:00,BE,NEPAL-3GB-15D,B0FRB1TD7L,fbm0,ALREADY_OFF,offer already on DEFAULT
2026-08-18T09:34:24+00:00,BE,NETHERLANDS-3GB-15D,B0FRB5GNM2,fbm0,ALREADY_OFF,offer already on DEFAULT
2026-08-18T09:34:25+00:00,BE,NETHERLANDS-5GB-30D,B0FR9NHP7Q,fbm0,ALREADY_OFF,offer already on DEFAULT
2026-08-18T09:34:26+00:00,BE,NETHERLANDS-20GB-30D,B0FR9NG7LB,fbm0,ALREADY_OFF,offer already on DEFAULT
2026-08-18T09:34:27+00:00,BE,NEW-ZEALAND-3GB-15D,B0FR9NKXF5,fbm0,ALREADY_OFF,offer already on DEFAULT
2026-08-18T09:34:29+00:00,BE,NEW-ZEALAND-5GB-30D,B0FR9NHFWQ,fbm0,ALREADY_OFF,offer already on DEFAULT
2026-08-18T09:34:30+00:00,BE,NEW-ZEALAND-20GB-30D,B0FRB1TWT8,fbm0,ALREADY_OFF,offer already on DEFAULT
2026-08-18T09:34:31+00:00,BE,NICARAGUA-3GB-15D,B0FRB33MPG,fbm0,ALREADY_OFF,offer already on DEFAULT
2026-08-18T09:34:32+00:00,BE,NIGER-3GB-15D,B0FR9NPT1H,fbm0,ALREADY_OFF,offer already on DEFAULT
2026-08-18T09:34:34+00:00,BE,NIGERIA-3GB-15D,B0FR9X17QY,fbm0,ALREADY_OFF,offer already on DEFAULT
2026-08-18T09:34:35+00:00,BE,NORTH-AMERICA-5GB-30D,B0FRBDQ8H5,fbm0,ALREADY_OFF,offer already on DEFAULT
2026-08-18T09:34:36+00:00,BE,NORTH-MACEDONIA-3GB-15D,B0FRB59DJS,fbm0,ALREADY_OFF,offer already on DEFAULT
2026-08-18T09:34:38+00:00,BE,NORTH-MACEDONIA-5GB-30D,B0FR9WNHHX,fbm0,ALREADY_OFF,offer already on DEFAULT
2026-08-18T09:34:39+00:00,BE,NORWAY-3GB-15D,B0FR9WNK2H,fbm0,ALREADY_OFF,offer already on DEFAULT
2026-08-18T09:34:40+00:00,BE,NORWAY-5GB-30D,B0FRBNPZ9D,fbm0,ALREADY_OFF,offer already on DEFAULT
2026-08-18T09:34:42+00:00,BE,NORWAY-20GB-30D,B0FRB572L8,fbm0,ALREADY_OFF,offer already on DEFAULT
2026-08-18T09:34:43+00:00,BE,OMAN-3GB-15D,B0FRB4BL4W,fbm0,ALREADY_OFF,offer already on DEFAULT
2026-08-18T09:34:44+00:00,BE,OMAN-20GB-30D,B0FRB4R3FK,fbm0,ALREADY_OFF,offer already on DEFAULT
2026-08-18T09:34:45+00:00,BE,PAKISTAN-3GB-15D,B0FRB4HL3B,fbm0,ALREADY_OFF,offer already on DEFAULT
2026-08-18T09:34:47+00:00,BE,PAKISTAN-5GB-30D,B0FRB48QKZ,fbm0,ALREADY_OFF,offer already on DEFAULT
2026-08-18T09:34:48+00:00,BE,PAKISTAN-20GB-30D,B0FRB691X8,fbm0,ALREADY_OFF,offer already on DEFAULT
2026-08-18T09:34:49+00:00,BE,PANAMA-3GB-15D,B0FRB3VFW6,fbm0,ALREADY_OFF,offer already on DEFAULT
2026-08-18T09:34:51+00:00,BE,PARAGUAY-3GB-15D,B0FRB3V7CS,fbm0,ALREADY_OFF,offer already on DEFAULT
2026-08-18T09:34:52+00:00,BE,PHILIPPINES-3GB-15D,B0FRB1GVXK,fbm0,ALREADY_OFF,offer already on DEFAULT
2026-08-18T09:34:53+00:00,BE,PHILIPPINES-5GB-30D,B0FRB4VCKG,fbm0,ALREADY_OFF,offer already on DEFAULT
2026-08-18T09:34:54+00:00,BE,PHILIPPINES-20GB-30D,B0FRB4K2D4,fbm0,ALREADY_OFF,offer already on DEFAULT
2026-08-18T09:34:55+00:00,BE,POLAND-3GB-15D,B0FRB4JVKR,fbm0,ALREADY_OFF,offer already on DEFAULT
2026-08-18T09:34:56+00:00,BE,POLAND-5GB-30D,B0FRBDPQ9J,fbm0,ALREADY_OFF,offer already on DEFAULT
2026-08-18T09:34:58+00:00,BE,POLAND-20GB-30D,B0FRB5HSK7,fbm0,ALREADY_OFF,offer already on DEFAULT
2026-08-18T09:34:59+00:00,BE,PORTUGAL-3GB-15D,B0FRB4314T,fbm0,ALREADY_OFF,offer already on DEFAULT
2026-08-18T09:35:00+00:00,BE,PORTUGAL-5GB-30D,B0FRB4X799,fbm0,ALREADY_OFF,offer already on DEFAULT
2026-08-18T09:35:02+00:00,BE,PORTUGAL-20GB-30D,B0FRB354KV,fbm0,ALREADY_OFF,offer already on DEFAULT
2026-08-18T09:35:03+00:00,BE,PUERTO-RICO-3GB-15D,B0FRB5MSF1,fbm0,ALREADY_OFF,offer already on DEFAULT
2026-08-18T09:35:04+00:00,BE,PUERTO-RICO-5GB-30D,B0FR9WMX9V,fbm0,ALREADY_OFF,offer already on DEFAULT
2026-08-18T09:35:06+00:00,BE,QATAR-3GB-15D,B0FR9NXH43,fbm0,ALREADY_OFF,offer already on DEFAULT
2026-08-18T09:35:07+00:00,BE,QATAR-5GB-30D,B0FR9X5KB1,fbm0,ALREADY_OFF,offer already on DEFAULT
2026-08-18T09:35:08+00:00,BE,QATAR-20GB-30D,B0FR9X3QGM,fbm0,ALREADY_OFF,offer already on DEFAULT
2026-08-18T09:35:10+00:00,BE,REUNION-3GB-15D,B0FRB3KCNQ,fbm0,ALREADY_OFF,offer already on DEFAULT
2026-08-18T09:35:11+00:00,BE,REUNION-5GB-30D,B0FRB47TQW,fbm0,ALREADY_OFF,offer already on DEFAULT
2026-08-18T09:35:12+00:00,BE,SAUDI-ARABIA-3GB-15D,B0FRB3N2KL,fbm0,ALREADY_OFF,offer already on DEFAULT
2026-08-18T09:35:13+00:00,BE,SAUDI-ARABIA-5GB-30D,B0FRB1SRZY,fbm0,ALREADY_OFF,offer already on DEFAULT
2026-08-18T09:35:15+00:00,BE,SAUDI-ARABIA-20GB-30D,B0FRB5PZTS,fbm0,ALREADY_OFF,offer already on DEFAULT
2026-08-18T09:35:16+00:00,BE,SENEGAL-3GB-15D,B0FRB4HX92,fbm0,ALREADY_OFF,offer already on DEFAULT
2026-08-18T09:35:17+00:00,BE,SENEGAL-5GB-30D,B0FRB68H77,fbm0,ALREADY_OFF,offer already on DEFAULT
2026-08-18T09:35:18+00:00,BE,SERBIA-3GB-15D,B0FRB5TJV2,fbm0,ALREADY_OFF,offer already on DEFAULT
2026-08-18T09:35:20+00:00,BE,SERBIA-20GB-30D,B0FRB5K8JC,fbm0,ALREADY_OFF,offer already on DEFAULT
2026-08-18T09:35:21+00:00,BE,SEYCHELLES-3GB-15D,B0FRB55T3H,fbm0,ALREADY_OFF,offer already on DEFAULT
2026-08-18T09:35:22+00:00,BE,SEYCHELLES-5GB-30D,B0FR9P7N6M,fbm0,ALREADY_OFF,offer already on DEFAULT
2026-08-18T09:35:24+00:00,BE,SINGAPORE-5GB-30D,B0FR9X3Y3R,fbm0,ALREADY_OFF,offer already on DEFAULT
2026-08-18T09:35:25+00:00,BE,SINGAPORE-20GB-30D,B0FRB256K8,fbm0,ALREADY_OFF,offer already on DEFAULT
2026-08-18T09:35:26+00:00,BE,SLOVAKIA-3GB-15D,B0FR9XC4BW,fbm0,ALREADY_OFF,offer already on DEFAULT
2026-08-18T09:35:28+00:00,BE,SLOVAKIA-5GB-30D,B0FRB2X84M,fbm0,ALREADY_OFF,offer already on DEFAULT
2026-08-18T09:35:29+00:00,BE,SLOVAKIA-20GB-30D,B0FRB14YYC,fbm0,ALREADY_OFF,offer already on DEFAULT
2026-08-18T09:35:30+00:00,BE,SLOVENIA-3GB-15D,B0FR9XCF27,fbm0,ALREADY_OFF,offer already on DEFAULT
2026-08-18T09:35:31+00:00,BE,SLOVENIA-5GB-30D,B0FRB3SJMR,fbm0,ALREADY_OFF,offer already on DEFAULT
2026-08-18T09:35:33+00:00,BE,SLOVENIA-20GB-30D,B0FR9X15V2,fbm0,ALREADY_OFF,offer already on DEFAULT
2026-08-18T09:35:34+00:00,BE,SOUTH-AMERICA-5GB-30D,B0FRB8D7HC,fbm0,ALREADY_OFF,offer already on DEFAULT
2026-08-18T09:35:35+00:00,BE,SOUTH-KOREA-3GB-15D,B0FRC4RTDF,fbm0,ALREADY_OFF,offer already on DEFAULT
2026-08-18T09:35:36+00:00,BE,SOUTH-KOREA-5GB-30D,B0FRD9LC4C,fbm0,ALREADY_OFF,offer already on DEFAULT
2026-08-18T09:35:37+00:00,BE,SOUTH-KOREA-20GB-30D,B0FRC4P51Z,fbm0,ALREADY_OFF,offer already on DEFAULT
2026-08-18T09:35:39+00:00,BE,SPAIN-3GB-15D,B0FRCDHTZ7,fbm0,ALREADY_OFF,offer already on DEFAULT
2026-08-18T09:35:40+00:00,BE,SPAIN-5GB-30D,B0FRBQCLZN,fbm0,ALREADY_OFF,offer already on DEFAULT
2026-08-18T09:35:41+00:00,BE,SPAIN-20GB-30D,B0FRCMPGPL,fbm0,ALREADY_OFF,offer already on DEFAULT
2026-08-18T09:35:43+00:00,BE,SRI-LANKA-3GB-15D,B0FRB7Z1NW,fbm0,ALREADY_OFF,offer already on DEFAULT
2026-08-18T09:35:44+00:00,BE,SRI-LANKA-5GB-30D,B0FRB64B8M,fbm0,ALREADY_OFF,offer already on DEFAULT
2026-08-18T09:35:45+00:00,BE,SRI-LANKA-20GB-30D,B0FRC2DZN5,fbm0,ALREADY_OFF,offer already on DEFAULT
2026-08-18T09:35:47+00:00,BE,SUDAN-3GB-15D,B0FRCKTXNQ,fbm0,ALREADY_OFF,offer already on DEFAULT
2026-08-18T09:35:48+00:00,BE,SUDAN-5GB-30D,B0FRC799N3,fbm0,ALREADY_OFF,offer already on DEFAULT
2026-08-18T09:35:49+00:00,BE,SWEDEN-3GB-15D,B0FRCC6W9S,fbm0,ALREADY_OFF,offer already on DEFAULT
2026-08-18T09:35:51+00:00,BE,SWEDEN-5GB-30D,B0FRCS524D,fbm0,ALREADY_OFF,offer already on DEFAULT
2026-08-18T09:35:52+00:00,BE,SWEDEN-20GB-30D,B0FRB7X5SP,fbm0,ALREADY_OFF,offer already on DEFAULT
2026-08-18T09:35:53+00:00,BE,SWITZERLAND-3GB-15D,B0FRB5LFVC,fbm0,ALREADY_OFF,offer already on DEFAULT
2026-08-18T09:35:54+00:00,BE,SWITZERLAND-5GB-30D,B0FRB7G4VW,fbm0,ALREADY_OFF,offer already on DEFAULT
2026-08-18T09:35:56+00:00,BE,SWITZERLAND-20GB-30D,B0FRB6VY7S,fbm0,ALREADY_OFF,offer already on DEFAULT
2026-08-18T09:35:57+00:00,BE,TANZANIA-3GB-15D,B0FRC81NPJ,fbm0,ALREADY_OFF,offer already on DEFAULT
2026-08-18T09:35:58+00:00,BE,THAILAND-3GB-15D,B0FRCDPJSH,fbm0,ALREADY_OFF,offer already on DEFAULT
2026-08-18T09:36:00+00:00,BE,THAILAND-5GB-30D,B0FR9Q5D1J,fbm0,ALREADY_OFF,offer already on DEFAULT
2026-08-18T09:36:01+00:00,BE,THAILAND-20GB-30D,B0FRCHW3MW,fbm0,ALREADY_OFF,offer already on DEFAULT
2026-08-18T09:36:02+00:00,BE,TUNISIA-5GB-30D,B0FRB7Q96Z,fbm0,ALREADY_OFF,offer already on DEFAULT
2026-08-18T09:36:03+00:00,BE,TURKEY-3GB-15D,B0FRC2PSHM,fbm0,ALREADY_OFF,offer already on DEFAULT
2026-08-18T09:36:05+00:00,BE,TURKEY-5GB-30D,B0FRCBZ1BB,fbm0,ALREADY_OFF,offer already on DEFAULT
2026-08-18T09:36:06+00:00,BE,TURKEY-20GB-30D,B0FRCYMWCX,fbm0,ALREADY_OFF,offer already on DEFAULT
2026-08-18T09:36:07+00:00,BE,UGANDA-3GB-15D,B0FRB7F7Z9,fbm0,ALREADY_OFF,offer already on DEFAULT
2026-08-18T09:36:08+00:00,BE,UKRAINE-3GB-15D,B0FRB9SBFR,fbm0,ALREADY_OFF,offer already on DEFAULT
2026-08-18T09:36:10+00:00,BE,UKRAINE-5GB-30D,B0FRC2NRKG,fbm0,ALREADY_OFF,offer already on DEFAULT
2026-08-18T09:36:11+00:00,BE,UNITED-ARAB-EMIRATES-3GB-15D,B0FRBBYBGH,fbm0,ALREADY_OFF,offer already on DEFAULT
2026-08-18T09:36:12+00:00,BE,UNITED-ARAB-EMIRATES-5GB-30D,B0FRB89XHX,fbm0,ALREADY_OFF,offer already on DEFAULT
2026-08-18T09:36:13+00:00,BE,UNITED-ARAB-EMIRATES-20GB-30D,B0FRB7TFJR,fbm0,ALREADY_OFF,offer already on DEFAULT
2026-08-18T09:36:15+00:00,BE,URUGUAY-3GB-15D,B0FRB7LHGN,fbm0,ALREADY_OFF,offer already on DEFAULT
2026-08-18T09:36:16+00:00,BE,UZBEKISTAN-5GB-30D,B0FRBWFZ6M,fbm0,ALREADY_OFF,offer already on DEFAULT
2026-08-18T09:36:17+00:00,BE,VIETNAM-3GB-15D,B0FRBR2DHW,fbm0,ALREADY_OFF,offer already on DEFAULT
2026-08-18T09:36:19+00:00,BE,VIETNAM-5GB-30D,B0FRCBXRGV,fbm0,ALREADY_OFF,offer already on DEFAULT
2026-08-18T09:36:20+00:00,BE,VIETNAM-20GB-30D,B0FRC2NKC4,fbm0,ALREADY_OFF,offer already on DEFAULT
2026-08-18T09:36:21+00:00,BE,ZAMBIA-5GB-30D,B0FRCL97L4,fbm0,ALREADY_OFF,offer already on DEFAULT
2026-08-18T09:36:22+00:00,BE,GAMBIA-3GB-15D,B0H2FTMBBQ,fbm0,ALREADY_OFF,offer already on DEFAULT
2026-08-18T09:36:24+00:00,BE,GAMBIA-5GB-30D,B0H2FQ3QJ9,fbm0,ALREADY_OFF,offer already on DEFAULT
2026-08-18T09:36:25+00:00,BE,MAURITIUS-5GB-30D,B0H2G2XMS3,fbm0,ALREADY_OFF,offer already on DEFAULT
2026-08-18T09:36:26+00:00,BE,AE_20_30,B0FRB7TFJR,fbm0,ALREADY_OFF,offer already on DEFAULT
2026-08-18T09:36:27+00:00,BE,AE_3_15,B0FRBBYBGH,fbm0,ALREADY_OFF,offer already on DEFAULT
2026-08-18T09:36:29+00:00,BE,AE_5_30,B0FRB89XHX,fbm0,ALREADY_OFF,offer already on DEFAULT
2026-08-18T09:36:30+00:00,BE,AF-29_5_30,B0FR3GK9Z7,fbm0,ALREADY_OFF,offer already on DEFAULT
2026-08-18T09:36:32+00:00,BE,AL_5_30,B0FR4ZG3Z6,fbm0,ALREADY_OFF,offer already on DEFAULT
2026-08-18T09:36:33+00:00,BE,AM_20_30,B0FR4ZT5XT,fbm0,ALREADY_OFF,offer already on DEFAULT
2026-08-18T09:36:34+00:00,BE,AM_3_15,B0FR5BK9R4,fbm0,ALREADY_OFF,offer already on DEFAULT
2026-08-18T09:36:35+00:00,BE,AR_20_30,B0FR5DCH33,fbm0,ALREADY_OFF,offer already on DEFAULT
2026-08-18T09:36:36+00:00,BE,AR_3_15,B0FR554SXN,fbm0,ALREADY_OFF,offer already on DEFAULT
2026-08-18T09:36:38+00:00,BE,AS-20_3_15,B0FR9FZ4RF,fbm0,ALREADY_OFF,offer already on DEFAULT
2026-08-18T09:36:39+00:00,BE,AS-20_5_30,B0FR9BQNSV,fbm0,ALREADY_OFF,offer already on DEFAULT
2026-08-18T09:36:40+00:00,BE,AT_20_30,B0FR8XBSBP,fbm0,ALREADY_OFF,offer already on DEFAULT
2026-08-18T09:36:41+00:00,BE,AT_3_15,B0FR9QSMSP,fbm0,ALREADY_OFF,offer already on DEFAULT
2026-08-18T09:36:43+00:00,BE,AT_5_30,B0FR8XCH78,fbm0,ALREADY_OFF,offer already on DEFAULT
2026-08-18T09:36:44+00:00,BE,AU_20_30,B0FR9G1ZQJ,fbm0,ALREADY_OFF,offer already on DEFAULT
2026-08-18T09:36:45+00:00,BE,AU_3_15,B0FR9SKY4D,fbm0,ALREADY_OFF,offer already on DEFAULT
2026-08-18T09:36:46+00:00,BE,AU_5_30,B0FR9JRB62,fbm0,ALREADY_OFF,offer already on DEFAULT
2026-08-18T09:36:48+00:00,BE,AX_20_30,B0FR39Q1KJ,fbm0,ALREADY_OFF,offer already on DEFAULT
2026-08-18T09:36:49+00:00,BE,AX_3_15,B0FR3CCSMB,fbm0,ALREADY_OFF,offer already on DEFAULT
2026-08-18T09:36:50+00:00,BE,AX_5_30,B0FR3G6JWB,fbm0,ALREADY_OFF,offer already on DEFAULT
2026-08-18T09:36:52+00:00,BE,AZ_3_15,B0FR9BTC98,fbm0,ALREADY_OFF,offer already on DEFAULT
2026-08-18T09:36:53+00:00,BE,BA_3_15,B0FR9G8ZVK,fbm0,ALREADY_OFF,offer already on DEFAULT
2026-08-18T09:36:54+00:00,BE,BD_20_30,B0FR8FJ3HJ,fbm0,ALREADY_OFF,offer already on DEFAULT
2026-08-18T09:36:55+00:00,BE,BD_3_15,B0FR9L7SG3,fbm0,ALREADY_OFF,offer already on DEFAULT
2026-08-18T09:36:56+00:00,BE,BD_5_30,B0FR9BQFCM,fbm0,ALREADY_OFF,offer already on DEFAULT
2026-08-18T09:36:58+00:00,BE,BE_20_30,B0FR9BVRCH,fbm0,ALREADY_OFF,offer already on DEFAULT
2026-08-18T09:36:59+00:00,BE,BE_3_15,B0FR9G432K,fbm0,ALREADY_OFF,offer already on DEFAULT
2026-08-18T09:37:00+00:00,BE,BE_5_30,B0FR9SXCW6,fbm0,ALREADY_OFF,offer already on DEFAULT
2026-08-18T09:37:02+00:00,BE,BF_3_15,B0FR9HWFSK,fbm0,ALREADY_OFF,offer already on DEFAULT
2026-08-18T09:37:03+00:00,BE,BF_5_30,B0FR9BWKSY,fbm0,ALREADY_OFF,offer already on DEFAULT
2026-08-18T09:37:04+00:00,BE,BH_3_15,B0FR9K64KF,fbm0,ALREADY_OFF,offer already on DEFAULT
2026-08-18T09:37:05+00:00,BE,BN_20_30,B0FR9F971C,fbm0,ALREADY_OFF,offer already on DEFAULT
2026-08-18T09:37:06+00:00,BE,BN_3_15,B0FR9KTJND,fbm0,ALREADY_OFF,offer already on DEFAULT
2026-08-18T09:37:08+00:00,BE,BO_20_30,B0FR9RH588,fbm0,ALREADY_OFF,offer already on DEFAULT
2026-08-18T09:37:09+00:00,BE,BO_3_15,B0FR8FKPKH,fbm0,ALREADY_OFF,offer already on DEFAULT
2026-08-18T09:37:10+00:00,BE,BR_20_30,B0FR9KLZCR,fbm0,ALREADY_OFF,offer already on DEFAULT
2026-08-18T09:37:11+00:00,BE,BR_3_15,B0FR9G5LKV,fbm0,ALREADY_OFF,offer already on DEFAULT
2026-08-18T09:37:13+00:00,BE,BW_3_15,B0FR9G7N2Q,fbm0,ALREADY_OFF,offer already on DEFAULT
2026-08-18T09:37:14+00:00,BE,BY_3_15,B0FR9G3Z82,fbm0,ALREADY_OFF,offer already on DEFAULT
2026-08-18T09:37:15+00:00,BE,BY_5_30,B0FR8FFT4D,fbm0,ALREADY_OFF,offer already on DEFAULT
2026-08-18T09:37:17+00:00,BE,CA_20_30,B0FR9BY42D,fbm0,ALREADY_OFF,offer already on DEFAULT
2026-08-18T09:37:18+00:00,BE,CA_3_15,B0FR9RZLF3,fbm0,ALREADY_OFF,offer already on DEFAULT
2026-08-18T09:37:19+00:00,BE,CA_5_30,B0FR9SYCBK,fbm0,ALREADY_OFF,offer already on DEFAULT
2026-08-18T09:37:20+00:00,BE,CF_3_15,B0FR9RK8FP,fbm0,ALREADY_OFF,offer already on DEFAULT
2026-08-18T09:37:22+00:00,BE,CF_5_30,B0FR9R3NMC,fbm0,ALREADY_OFF,offer already on DEFAULT
2026-08-18T09:37:23+00:00,BE,CH_20_30,B0FRB6VY7S,fbm0,ALREADY_OFF,offer already on DEFAULT
2026-08-18T09:37:25+00:00,BE,CH_3_15,B0FRB5LFVC,fbm0,ALREADY_OFF,offer already on DEFAULT
2026-08-18T09:37:26+00:00,BE,CH_5_30,B0FRB7G4VW,fbm0,ALREADY_OFF,offer already on DEFAULT
2026-08-18T09:37:27+00:00,BE,CI_3_15,B0FR9HW9DJ,fbm0,ALREADY_OFF,offer already on DEFAULT
2026-08-18T09:37:29+00:00,BE,CI_5_30,B0FR9V5LYJ,fbm0,ALREADY_OFF,offer already on DEFAULT
2026-08-18T09:37:30+00:00,BE,CL_3_15,B0FR9RY1RT,fbm0,ALREADY_OFF,offer already on DEFAULT
2026-08-18T09:37:31+00:00,BE,CM_3_15,B0FR9VJ1ZB,fbm0,ALREADY_OFF,offer already on DEFAULT
2026-08-18T09:37:33+00:00,BE,CN_20_30,B0FR9GD6X9,fbm0,ALREADY_OFF,offer already on DEFAULT
2026-08-18T09:37:34+00:00,BE,CN_3_15,B0FR9QZ578,fbm0,ALREADY_OFF,offer already on DEFAULT
2026-08-18T09:37:35+00:00,BE,CN_5_30,B0FR9HX7XH,fbm0,ALREADY_OFF,offer already on DEFAULT
2026-08-18T09:37:37+00:00,BE,CO_3_15,B0FR9RL8W5,fbm0,ALREADY_OFF,offer already on DEFAULT
2026-08-18T09:37:38+00:00,BE,CR_3_15,B0FR9LNRMN,fbm0,ALREADY_OFF,offer already on DEFAULT
2026-08-18T09:37:39+00:00,BE,CY_3_15,B0FR8XJWWG,fbm0,ALREADY_OFF,offer already on DEFAULT
2026-08-18T09:37:41+00:00,BE,CY_5_30,B0FR8XHWZV,fbm0,ALREADY_OFF,offer already on DEFAULT
2026-08-18T09:37:42+00:00,BE,CZ_20_30,B0FR9SVN9H,fbm0,ALREADY_OFF,offer already on DEFAULT
2026-08-18T09:37:43+00:00,BE,CZ_5_30,B0FR9BY2LF,fbm0,ALREADY_OFF,offer already on DEFAULT
2026-08-18T09:37:45+00:00,BE,DE_20_30,B0GSZP9H94,fbm0,ALREADY_OFF,offer already on DEFAULT
2026-08-18T09:37:46+00:00,BE,DE_3_15,B0GSZBMLKV,fbm0,ALREADY_OFF,offer already on DEFAULT
2026-08-18T09:37:47+00:00,BE,DE_5_30,B0GSZDYWLZ,fbm0,ALREADY_OFF,offer already on DEFAULT
2026-08-18T09:37:49+00:00,BE,DK_20_30,B0FR9QPF45,fbm0,ALREADY_OFF,offer already on DEFAULT
2026-08-18T09:37:50+00:00,BE,DK_3_15,B0FR9GSNP4,fbm0,ALREADY_OFF,offer already on DEFAULT
2026-08-18T09:37:51+00:00,BE,DK_5_30,B0FR8XQYR4,fbm0,ALREADY_OFF,offer already on DEFAULT
2026-08-18T09:37:53+00:00,BE,DO_20_30,B0FR9C6DJF,fbm0,ALREADY_OFF,offer already on DEFAULT
2026-08-18T09:37:54+00:00,BE,DO_3_15,B0FR9GSKZF,fbm0,ALREADY_OFF,offer already on DEFAULT
2026-08-18T09:37:56+00:00,BE,DO_5_30,B0FR9GQKCM,fbm0,ALREADY_OFF,offer already on DEFAULT
2026-08-18T09:37:57+00:00,BE,EC_3_15,B0FR9RM6MP,fbm0,ALREADY_OFF,offer already on DEFAULT
2026-08-18T09:37:58+00:00,BE,EE_20_30,B0FR9L527N,fbm0,ALREADY_OFF,offer already on DEFAULT
2026-08-18T09:37:59+00:00,BE,EE_3_15,B0FR9GST1S,fbm0,ALREADY_OFF,offer already on DEFAULT
2026-08-18T09:38:01+00:00,BE,EE_5_30,B0FR9GQYKB,fbm0,ALREADY_OFF,offer already on DEFAULT
2026-08-18T09:38:03+00:00,BE,EG_20_30,B0FR9GQBGL,fbm0,ALREADY_OFF,offer already on DEFAULT
2026-08-18T09:38:04+00:00,BE,EG_3_15,B0FR9C784N,fbm0,ALREADY_OFF,offer already on DEFAULT
2026-08-18T09:38:06+00:00,BE,EG_3_30,B0FR9GNL93,fbm0,ALREADY_OFF,offer already on DEFAULT
2026-08-18T09:38:07+00:00,BE,EG_5_30,B0FR9LR5KJ,fbm0,ALREADY_OFF,offer already on DEFAULT
2026-08-18T09:38:08+00:00,BE,ES_20_30,B0FRCMPGPL,fbm0,ALREADY_OFF,offer already on DEFAULT
2026-08-18T09:38:10+00:00,BE,ES_3_15,B0FRCDHTZ7,fbm0,ALREADY_OFF,offer already on DEFAULT
2026-08-18T09:38:11+00:00,BE,ES_5_30,B0FRBQCLZN,fbm0,ALREADY_OFF,offer already on DEFAULT
2026-08-18T09:38:12+00:00,BE,EU-42_20_30,B0FR9TNPV3,fbm0,ALREADY_OFF,offer already on DEFAULT
2026-08-18T09:38:14+00:00,BE,EU-42_5_30,B0FR9RYSSS,fbm0,ALREADY_OFF,offer already on DEFAULT
2026-08-18T09:38:15+00:00,BE,FI_3_15,B0FR9GSND6,fbm0,ALREADY_OFF,offer already on DEFAULT
2026-08-18T09:38:16+00:00,BE,FI_5_30,B0FR9SB3BJ,fbm0,ALREADY_OFF,offer already on DEFAULT
2026-08-18T09:38:18+00:00,BE,FR_20_30,B0FR9GPMC5,fbm0,ALREADY_OFF,offer already on DEFAULT
2026-08-18T09:38:19+00:00,BE,FR_3_15,B0FR9C5ZB6,fbm0,ALREADY_OFF,offer already on DEFAULT
2026-08-18T09:38:20+00:00,BE,FR_5_30,B0FR9LMDW5,fbm0,ALREADY_OFF,offer already on DEFAULT
2026-08-18T09:38:22+00:00,BE,GA_3_15,B0FR9GPX9T,fbm0,ALREADY_OFF,offer already on DEFAULT
2026-08-18T09:38:23+00:00,BE,GB_20_30,B0FRDGCBTN,fbm0,ALREADY_OFF,offer already on DEFAULT
2026-08-18T09:38:24+00:00,BE,GB_3_15,B0FRCPD8TS,fbm0,ALREADY_OFF,offer already on DEFAULT
2026-08-18T09:38:26+00:00,BE,GB_5_30,B0FRDDRGJF,fbm0,ALREADY_OFF,offer already on DEFAULT
2026-08-18T09:38:27+00:00,BE,GE_20_30,B0FR9C73NK,fbm0,ALREADY_OFF,offer already on DEFAULT
2026-08-18T09:38:28+00:00,BE,GE_3_15,B0FR9KMX2N,fbm0,ALREADY_OFF,offer already on DEFAULT
2026-08-18T09:38:29+00:00,BE,GG_20_30,B0FR9LYWWY,fbm0,ALREADY_OFF,offer already on DEFAULT
2026-08-18T09:38:31+00:00,BE,GG_3_15,B0FR9SMWDN,fbm0,ALREADY_OFF,offer already on DEFAULT
2026-08-18T09:38:32+00:00,BE,GG_5_30,B0FR9C5PXR,fbm0,ALREADY_OFF,offer already on DEFAULT
2026-08-18T09:38:33+00:00,BE,GI_3_15,B0FR8XSPMC,fbm0,ALREADY_OFF,offer already on DEFAULT
2026-08-18T09:38:35+00:00,BE,GL-139_5_30,B0FR9VNTLY,fbm0,ALREADY_OFF,offer already on DEFAULT
2026-08-18T09:38:36+00:00,BE,GP_20_30,B0FR8XTBF6,fbm0,ALREADY_OFF,offer already on DEFAULT
2026-08-18T09:38:38+00:00,BE,GP_3_15,B0FR9TMVWK,fbm0,ALREADY_OFF,offer already on DEFAULT
2026-08-18T09:38:39+00:00,BE,GR_20_30,B0FR9KJGBG,fbm0,ALREADY_OFF,offer already on DEFAULT
2026-08-18T09:38:40+00:00,BE,GR_3_15,B0FR9L85F6,fbm0,ALREADY_OFF,offer already on DEFAULT
2026-08-18T09:38:41+00:00,BE,GR_5_30,B0FR9C7SMF,fbm0,ALREADY_OFF,offer already on DEFAULT
2026-08-18T09:38:43+00:00,BE,GT_3_15,B0FR9VC6VD,fbm0,ALREADY_OFF,offer already on DEFAULT
2026-08-18T09:38:44+00:00,BE,GU_20_30,B0FR9C7MGP,fbm0,ALREADY_OFF,offer already on DEFAULT
2026-08-18T09:38:45+00:00,BE,GU_3_15,B0FR9GVSSF,fbm0,ALREADY_OFF,offer already on DEFAULT
2026-08-18T09:38:47+00:00,BE,GU_5_30,B0FR9SVP8Y,fbm0,ALREADY_OFF,offer already on DEFAULT
2026-08-18T09:38:48+00:00,BE,HK_20_30,B0FR9GXZ6F,fbm0,ALREADY_OFF,offer already on DEFAULT
2026-08-18T09:38:49+00:00,BE,HK_3_15,B0FR9CC6Q8,fbm0,ALREADY_OFF,offer already on DEFAULT
2026-08-18T09:38:50+00:00,BE,HK_5_30,B0FR9GXYYL,fbm0,ALREADY_OFF,offer already on DEFAULT
2026-08-18T09:38:52+00:00,BE,HN_3_15,B0FR9ZYV5G,fbm0,ALREADY_OFF,offer already on DEFAULT
2026-08-18T09:38:53+00:00,BE,HR_20_30,B0FR9TYCSL,fbm0,ALREADY_OFF,offer already on DEFAULT
2026-08-18T09:38:55+00:00,BE,HR_3_15,B0FR9GDKT1,fbm0,ALREADY_OFF,offer already on DEFAULT
2026-08-18T09:38:56+00:00,BE,HR_5_30,B0FR9BVV58,fbm0,ALREADY_OFF,offer already on DEFAULT
2026-08-18T09:38:58+00:00,BE,HU_20_30,B0FR9ZVYYQ,fbm0,ALREADY_OFF,offer already on DEFAULT
2026-08-18T09:38:59+00:00,BE,HU_3_15,B0FR9C9JVW,fbm0,ALREADY_OFF,offer already on DEFAULT
2026-08-18T09:39:00+00:00,BE,HU_5_30,B0FR9GY3R5,fbm0,ALREADY_OFF,offer already on DEFAULT
2026-08-18T09:39:02+00:00,BE,ID_20_30,B0FR9QXRDQ,fbm0,ALREADY_OFF,offer already on DEFAULT
2026-08-18T09:39:04+00:00,BE,ID_3_15,B0FR9T6QPZ,fbm0,ALREADY_OFF,offer already on DEFAULT
2026-08-18T09:39:05+00:00,BE,ID_5_30,B0FR8XW5DR,fbm0,ALREADY_OFF,offer already on DEFAULT
2026-08-18T09:39:07+00:00,BE,IE_20_30,B0FR9SZG2Z,fbm0,ALREADY_OFF,offer already on DEFAULT
2026-08-18T09:39:08+00:00,BE,IE_3_15,B0FR8XV57F,fbm0,ALREADY_OFF,offer already on DEFAULT
2026-08-18T09:39:09+00:00,BE,IE_5_30,B0FR9GYKQL,fbm0,ALREADY_OFF,offer already on DEFAULT
2026-08-18T09:39:11+00:00,BE,IL_20_30,B0FR9K8SQ1,fbm0,ALREADY_OFF,offer already on DEFAULT
2026-08-18T09:39:12+00:00,BE,IL_3_15,B0FR9M11H1,fbm0,ALREADY_OFF,offer already on DEFAULT
2026-08-18T09:39:14+00:00,BE,IL_5_30,B0FR8XVZZM,fbm0,ALREADY_OFF,offer already on DEFAULT
2026-08-18T09:39:15+00:00,BE,IM_20_30,B0FR9CB5LK,fbm0,ALREADY_OFF,offer already on DEFAULT
2026-08-18T09:39:16+00:00,BE,IM_3_15,B0FR9LZ7RL,fbm0,ALREADY_OFF,offer already on DEFAULT
2026-08-18T09:39:18+00:00,BE,IM_5_30,B0FR9M27XY,fbm0,ALREADY_OFF,offer already on DEFAULT
2026-08-18T09:39:19+00:00,BE,IN_20_30,B0FR9DYMHX,fbm0,ALREADY_OFF,offer already on DEFAULT
2026-08-18T09:39:20+00:00,BE,IN_3_15,B0FR9ZM116,fbm0,ALREADY_OFF,offer already on DEFAULT
2026-08-18T09:39:22+00:00,BE,IN_5_30,B0FR9GXWN9,fbm0,ALREADY_OFF,offer already on DEFAULT
2026-08-18T09:39:23+00:00,BE,IS_20_30,B0FR9GX6LF,fbm0,ALREADY_OFF,offer already on DEFAULT
2026-08-18T09:39:24+00:00,BE,IS_3_15,B0FR9TBBK1,fbm0,ALREADY_OFF,offer already on DEFAULT
2026-08-18T09:39:26+00:00,BE,IS_5_30,B0FR9ZWQBD,fbm0,ALREADY_OFF,offer already on DEFAULT
2026-08-18T09:39:27+00:00,BE,IT_20_30,B0FR9RNZV2,fbm0,ALREADY_OFF,offer already on DEFAULT
2026-08-18T09:39:28+00:00,BE,IT_3_15,B0FR9GXZ18,fbm0,ALREADY_OFF,offer already on DEFAULT
2026-08-18T09:39:30+00:00,BE,IT_5_30,B0FR9ZR2TH,fbm0,ALREADY_OFF,offer already on DEFAULT
2026-08-18T09:39:31+00:00,BE,JE_20_30,B0FR9CBQDH,fbm0,ALREADY_OFF,offer already on DEFAULT
2026-08-18T09:39:32+00:00,BE,JE_3_15,B0FR9GYMR5,fbm0,ALREADY_OFF,offer already on DEFAULT
2026-08-18T09:39:34+00:00,BE,JE_5_30,B0FR9M27GP,fbm0,ALREADY_OFF,offer already on DEFAULT
2026-08-18T09:39:35+00:00,BE,JO_20_30,B0FR9ST188,fbm0,ALREADY_OFF,offer already on DEFAULT
2026-08-18T09:39:37+00:00,BE,JO_3_15,B0FR9M144Z,fbm0,ALREADY_OFF,offer already on DEFAULT
2026-08-18T09:39:38+00:00,BE,JO_5_30,B0FR9ZTZNK,fbm0,ALREADY_OFF,offer already on DEFAULT
2026-08-18T09:39:39+00:00,BE,JP_20_30,B0FR9RZKRB,fbm0,ALREADY_OFF,offer already on DEFAULT
2026-08-18T09:39:40+00:00,BE,JP_3_15,B0FR9LVZVQ,fbm0,ALREADY_OFF,offer already on DEFAULT
2026-08-18T09:39:42+00:00,BE,JP_5_30,B0FR9TLXXH,fbm0,ALREADY_OFF,offer already on DEFAULT
2026-08-18T09:39:43+00:00,BE,KE_3_15,B0FR9GZ14G,fbm0,ALREADY_OFF,offer already on DEFAULT
2026-08-18T09:39:44+00:00,BE,KE_5_30,B0FR9T4DG6,fbm0,ALREADY_OFF,offer already on DEFAULT
2026-08-18T09:39:45+00:00,BE,KG_20_30,B0FR8XXBHM,fbm0,ALREADY_OFF,offer already on DEFAULT
2026-08-18T09:39:47+00:00,BE,KG_3_15,B0FR9TVF4R,fbm0,ALREADY_OFF,offer already on DEFAULT
2026-08-18T09:39:48+00:00,BE,KH_20_30,B0FR9GFJPL,fbm0,ALREADY_OFF,offer already on DEFAULT
2026-08-18T09:39:49+00:00,BE,KH_3_15,B0FR8XKMJ4,fbm0,ALREADY_OFF,offer already on DEFAULT
2026-08-18T09:39:51+00:00,BE,KR_20_30,B0FRC4P51Z,fbm0,ALREADY_OFF,offer already on DEFAULT
2026-08-18T09:39:52+00:00,BE,KR_3_15,B0FRC4RTDF,fbm0,ALREADY_OFF,offer already on DEFAULT
2026-08-18T09:39:53+00:00,BE,KR_5_30,B0FRD9LC4C,fbm0,ALREADY_OFF,offer already on DEFAULT
2026-08-18T09:39:55+00:00,BE,KW_20_30,B0FR9KBF4P,fbm0,ALREADY_OFF,offer already on DEFAULT
2026-08-18T09:39:56+00:00,BE,KW_3_15,B0FR9LZJ3X,fbm0,ALREADY_OFF,offer already on DEFAULT
2026-08-18T09:39:57+00:00,BE,KW_5_30,B0FR9M2TXP,fbm0,ALREADY_OFF,offer already on DEFAULT
2026-08-18T09:39:59+00:00,BE,KZ_20_30,B0FR9TLNNW,fbm0,ALREADY_OFF,offer already on DEFAULT
2026-08-18T09:40:00+00:00,BE,KZ_3_15,B0FR9T4DG2,fbm0,ALREADY_OFF,offer already on DEFAULT
2026-08-18T09:40:01+00:00,BE,KZ_5_30,B0FR9ZMMSH,fbm0,ALREADY_OFF,offer already on DEFAULT
2026-08-18T09:40:03+00:00,BE,LI_3_15,B0FR9S35ZH,fbm0,ALREADY_OFF,offer already on DEFAULT
2026-08-18T09:40:04+00:00,BE,LK_20_30,B0FRC2DZN5,fbm0,ALREADY_OFF,offer already on DEFAULT
2026-08-18T09:40:05+00:00,BE,LK_3_15,B0FRB7Z1NW,fbm0,ALREADY_OFF,offer already on DEFAULT
2026-08-18T09:40:07+00:00,BE,LK_5_30,B0FRB64B8M,fbm0,ALREADY_OFF,offer already on DEFAULT
2026-08-18T09:40:08+00:00,BE,LR_3_15,B0FR9H18JQ,fbm0,ALREADY_OFF,offer already on DEFAULT
2026-08-18T09:40:09+00:00,BE,LR_5_30,B0FR9SJ1YH,fbm0,ALREADY_OFF,offer already on DEFAULT
2026-08-18T09:40:11+00:00,BE,LT_20_30,B0FR9TQN8N,fbm0,ALREADY_OFF,offer already on DEFAULT
2026-08-18T09:40:13+00:00,BE,LT_3_15,B0FR9KS3P4,fbm0,ALREADY_OFF,offer already on DEFAULT
2026-08-18T09:40:14+00:00,BE,LT_5_30,B0FR9R598C,fbm0,ALREADY_OFF,offer already on DEFAULT
2026-08-18T09:40:16+00:00,BE,LU_20_30,B0FR8XXXZB,fbm0,ALREADY_OFF,offer already on DEFAULT
2026-08-18T09:40:17+00:00,BE,LU_3_15,B0FR9SHRKM,fbm0,ALREADY_OFF,offer already on DEFAULT
2026-08-18T09:40:19+00:00,BE,LU_5_30,B0FR9SB862,fbm0,ALREADY_OFF,offer already on DEFAULT
2026-08-18T09:40:20+00:00,BE,LV_20_30,B0FR9SWN6V,fbm0,ALREADY_OFF,offer already on DEFAULT
2026-08-18T09:40:22+00:00,BE,LV_3_15,B0FR9VM4K6,fbm0,ALREADY_OFF,offer already on DEFAULT
2026-08-18T09:40:23+00:00,BE,LV_5_30,B0FR9TR99S,fbm0,ALREADY_OFF,offer already on DEFAULT
2026-08-18T09:40:24+00:00,BE,MA_20_30,B0FR9M57DY,fbm0,ALREADY_OFF,offer already on DEFAULT
2026-08-18T09:40:25+00:00,BE,MA_3_15,B0FR9CFZQR,fbm0,ALREADY_OFF,offer already on DEFAULT
2026-08-18T09:40:27+00:00,BE,MA_5_30,B0FR9CDDQ8,fbm0,ALREADY_OFF,offer already on DEFAULT
2026-08-18T09:40:28+00:00,BE,MC_3_15,B0FR9ZS6GM,fbm0,ALREADY_OFF,offer already on DEFAULT
2026-08-18T09:40:29+00:00,BE,MC_5_30,B0FR9H1H4M,fbm0,ALREADY_OFF,offer already on DEFAULT
2026-08-18T09:40:31+00:00,BE,MD_3_15,B0FR9CFQYY,fbm0,ALREADY_OFF,offer already on DEFAULT
2026-08-18T09:40:32+00:00,BE,ME-13_5_30,B0FR9SYKP6,fbm0,ALREADY_OFF,offer already on DEFAULT
2026-08-18T09:40:33+00:00,BE,ME_3_15,B0FR9R5HR7,fbm0,ALREADY_OFF,offer already on DEFAULT
2026-08-18T09:40:35+00:00,BE,MG_3_15,B0FR9H2NS1,fbm0,ALREADY_OFF,offer already on DEFAULT
2026-08-18T09:40:36+00:00,BE,MK_3_15,B0FRB59DJS,fbm0,ALREADY_OFF,offer already on DEFAULT
2026-08-18T09:40:37+00:00,BE,MK_5_30,B0FR9WNHHX,fbm0,ALREADY_OFF,offer already on DEFAULT
2026-08-18T09:40:39+00:00,BE,ML_3_15,B0FR9TRDSY,fbm0,ALREADY_OFF,offer already on DEFAULT
2026-08-18T09:40:40+00:00,BE,MN_3_15,B0FR9LSYTX,fbm0,ALREADY_OFF,offer already on DEFAULT
2026-08-18T09:40:41+00:00,BE,MO_20_30,B0FR9CDBN2,fbm0,ALREADY_OFF,offer already on DEFAULT
2026-08-18T09:40:43+00:00,BE,MO_3_15,B0FR9M485M,fbm0,ALREADY_OFF,offer already on DEFAULT
2026-08-18T09:40:44+00:00,BE,MO_5_30,B0FR9L9624,fbm0,ALREADY_OFF,offer already on DEFAULT
2026-08-18T09:40:45+00:00,BE,MT_20_30,B0FR9VL1Q9,fbm0,ALREADY_OFF,offer already on DEFAULT
2026-08-18T09:40:47+00:00,BE,MT_3_15,B0FR9M3PNR,fbm0,ALREADY_OFF,offer already on DEFAULT
2026-08-18T09:40:48+00:00,BE,MT_5_30,B0FR9ZSMTC,fbm0,ALREADY_OFF,offer already on DEFAULT
2026-08-18T09:40:49+00:00,BE,MW_3_15,B0FR9H3JDK,fbm0,ALREADY_OFF,offer already on DEFAULT
2026-08-18T09:40:51+00:00,BE,MW_5_30,B0FR9GXY24,fbm0,ALREADY_OFF,offer already on DEFAULT
2026-08-18T09:40:52+00:00,BE,MX_20_30,B0FR9VDSJX,fbm0,ALREADY_OFF,offer already on DEFAULT
2026-08-18T09:40:53+00:00,BE,MX_3_15,B0FR9SZSTG,fbm0,ALREADY_OFF,offer already on DEFAULT
2026-08-18T09:40:55+00:00,BE,MX_5_30,B0FR9H2K1C,fbm0,ALREADY_OFF,offer already on DEFAULT
2026-08-18T09:40:56+00:00,BE,MY_20_30,B0FR9VMWYD,fbm0,ALREADY_OFF,offer already on DEFAULT
2026-08-18T09:40:57+00:00,BE,MY_3_15,B0FR9H1Q65,fbm0,ALREADY_OFF,offer already on DEFAULT
2026-08-18T09:40:59+00:00,BE,MY_5_30,B0FR9LDGX8,fbm0,ALREADY_OFF,offer already on DEFAULT
2026-08-18T09:41:00+00:00,BE,MZ_20_30,B0FR9CFLS7,fbm0,ALREADY_OFF,offer already on DEFAULT
2026-08-18T09:41:01+00:00,BE,MZ_3_15,B0FRB1M6HK,fbm0,ALREADY_OFF,offer already on DEFAULT
2026-08-18T09:41:03+00:00,BE,NA-3_5_30,B0FRBDQ8H5,fbm0,ALREADY_OFF,offer already on DEFAULT
2026-08-18T09:41:04+00:00,BE,NE_3_15,B0FR9NPT1H,fbm0,ALREADY_OFF,offer already on DEFAULT
2026-08-18T09:41:06+00:00,BE,NG_3_15,B0FR9X17QY,fbm0,ALREADY_OFF,offer already on DEFAULT
2026-08-18T09:41:07+00:00,BE,NI_3_15,B0FRB33MPG,fbm0,ALREADY_OFF,offer already on DEFAULT
2026-08-18T09:41:08+00:00,BE,NL_20_30,B0FR9NG7LB,fbm0,ALREADY_OFF,offer already on DEFAULT
2026-08-18T09:41:10+00:00,BE,NL_3_15,B0FRB5GNM2,fbm0,ALREADY_OFF,offer already on DEFAULT
2026-08-18T09:41:11+00:00,BE,NL_5_30,B0FR9NHP7Q,fbm0,ALREADY_OFF,offer already on DEFAULT
2026-08-18T09:41:12+00:00,BE,NO_20_30,B0FRB572L8,fbm0,ALREADY_OFF,offer already on DEFAULT
2026-08-18T09:41:13+00:00,BE,NO_3_15,B0FR9WNK2H,fbm0,ALREADY_OFF,offer already on DEFAULT
2026-08-18T09:41:15+00:00,BE,NO_5_30,B0FRBNPZ9D,fbm0,ALREADY_OFF,offer already on DEFAULT
2026-08-18T09:41:16+00:00,BE,NP_3_15,B0FRB1TD7L,fbm0,ALREADY_OFF,offer already on DEFAULT
2026-08-18T09:41:18+00:00,BE,NZ_20_30,B0FRB1TWT8,fbm0,ALREADY_OFF,offer already on DEFAULT
2026-08-18T09:41:19+00:00,BE,NZ_3_15,B0FR9NKXF5,fbm0,ALREADY_OFF,offer already on DEFAULT
2026-08-18T09:41:20+00:00,BE,NZ_5_30,B0FR9NHFWQ,fbm0,ALREADY_OFF,offer already on DEFAULT
2026-08-18T09:41:21+00:00,BE,OM_20_30,B0FRB4R3FK,fbm0,ALREADY_OFF,offer already on DEFAULT
2026-08-18T09:41:23+00:00,BE,OM_3_15,B0FRB4BL4W,fbm0,ALREADY_OFF,offer already on DEFAULT
2026-08-18T09:41:24+00:00,BE,PA_3_15,B0FRB3VFW6,fbm0,ALREADY_OFF,offer already on DEFAULT
2026-08-18T09:41:25+00:00,BE,PH_20_30,B0FRB4K2D4,fbm0,ALREADY_OFF,offer already on DEFAULT
2026-08-18T09:41:27+00:00,BE,PH_3_15,B0FRB1GVXK,fbm0,ALREADY_OFF,offer already on DEFAULT
2026-08-18T09:41:28+00:00,BE,PH_5_30,B0FRB4VCKG,fbm0,ALREADY_OFF,offer already on DEFAULT
2026-08-18T09:41:29+00:00,BE,PK_20_30,B0FRB691X8,fbm0,ALREADY_OFF,offer already on DEFAULT
2026-08-18T09:41:31+00:00,BE,PK_3_15,B0FRB4HL3B,fbm0,ALREADY_OFF,offer already on DEFAULT
2026-08-18T09:41:32+00:00,BE,PK_5_30,B0FRB48QKZ,fbm0,ALREADY_OFF,offer already on DEFAULT
2026-08-18T09:41:33+00:00,BE,PL_20_30,B0FRB5HSK7,fbm0,ALREADY_OFF,offer already on DEFAULT
2026-08-18T09:41:34+00:00,BE,PL_3_15,B0FRB4JVKR,fbm0,ALREADY_OFF,offer already on DEFAULT
2026-08-18T09:41:36+00:00,BE,PL_5_30,B0FRBDPQ9J,fbm0,ALREADY_OFF,offer already on DEFAULT
2026-08-18T09:41:37+00:00,BE,PR_3_15,B0FRB5MSF1,fbm0,ALREADY_OFF,offer already on DEFAULT
2026-08-18T09:41:39+00:00,BE,PR_5_30,B0FR9WMX9V,fbm0,ALREADY_OFF,offer already on DEFAULT
2026-08-18T09:41:40+00:00,BE,PT_20_30,B0FRB354KV,fbm0,ALREADY_OFF,offer already on DEFAULT
2026-08-18T09:41:41+00:00,BE,PT_3_15,B0FRB4314T,fbm0,ALREADY_OFF,offer already on DEFAULT
2026-08-18T09:41:42+00:00,BE,PT_5_30,B0FRB4X799,fbm0,ALREADY_OFF,offer already on DEFAULT
2026-08-18T09:41:44+00:00,BE,PY_3_15,B0FRB3V7CS,fbm0,ALREADY_OFF,offer already on DEFAULT
2026-08-18T09:41:45+00:00,BE,QA_20_30,B0FR9X3QGM,fbm0,ALREADY_OFF,offer already on DEFAULT
2026-08-18T09:41:46+00:00,BE,QA_3_15,B0FR9NXH43,fbm0,ALREADY_OFF,offer already on DEFAULT
2026-08-18T09:41:47+00:00,BE,QA_5_30,B0FR9X5KB1,fbm0,ALREADY_OFF,offer already on DEFAULT
2026-08-18T09:41:49+00:00,BE,RE_3_15,B0FRB3KCNQ,fbm0,ALREADY_OFF,offer already on DEFAULT
2026-08-18T09:41:50+00:00,BE,RE_5_30,B0FRB47TQW,fbm0,ALREADY_OFF,offer already on DEFAULT
2026-08-18T09:41:51+00:00,BE,RS_20_30,B0FRB5K8JC,fbm0,ALREADY_OFF,offer already on DEFAULT
2026-08-18T09:41:53+00:00,BE,RS_3_15,B0FRB5TJV2,fbm0,ALREADY_OFF,offer already on DEFAULT
2026-08-18T09:41:54+00:00,BE,SA-18_5_30,B0FRB8D7HC,fbm0,ALREADY_OFF,offer already on DEFAULT
2026-08-18T09:41:55+00:00,BE,SA_20_30,B0FRB5PZTS,fbm0,ALREADY_OFF,offer already on DEFAULT
2026-08-18T09:41:56+00:00,BE,SA_3_15,B0FRB3N2KL,fbm0,ALREADY_OFF,offer already on DEFAULT
2026-08-18T09:41:57+00:00,BE,SA_5_30,B0FRB1SRZY,fbm0,ALREADY_OFF,offer already on DEFAULT
2026-08-18T09:41:59+00:00,BE,SC_3_15,B0FRB55T3H,fbm0,ALREADY_OFF,offer already on DEFAULT
2026-08-18T09:42:00+00:00,BE,SC_5_30,B0FR9P7N6M,fbm0,ALREADY_OFF,offer already on DEFAULT
2026-08-18T09:42:01+00:00,BE,SD_3_15,B0FRCKTXNQ,fbm0,ALREADY_OFF,offer already on DEFAULT
2026-08-18T09:42:03+00:00,BE,SD_5_30,B0FRC799N3,fbm0,ALREADY_OFF,offer already on DEFAULT
2026-08-18T09:42:04+00:00,BE,SE_20_30,B0FRB7X5SP,fbm0,ALREADY_OFF,offer already on DEFAULT
2026-08-18T09:42:05+00:00,BE,SE_3_15,B0FRCC6W9S,fbm0,ALREADY_OFF,offer already on DEFAULT
2026-08-18T09:42:07+00:00,BE,SE_5_30,B0FRCS524D,fbm0,ALREADY_OFF,offer already on DEFAULT
2026-08-18T09:42:08+00:00,BE,SG_20_30,B0FRB256K8,fbm0,ALREADY_OFF,offer already on DEFAULT
2026-08-18T09:42:09+00:00,BE,SG_3_30,B0FRB3KY59,fbm0,ALREADY_OFF,offer already on DEFAULT
2026-08-18T09:42:10+00:00,BE,SG_5_30,B0FR9X3Y3R,fbm0,ALREADY_OFF,offer already on DEFAULT
2026-08-18T09:42:12+00:00,BE,SI_20_30,B0FR9X15V2,fbm0,ALREADY_OFF,offer already on DEFAULT
2026-08-18T09:42:13+00:00,BE,SI_3_15,B0FR9XCF27,fbm0,ALREADY_OFF,offer already on DEFAULT
2026-08-18T09:42:15+00:00,BE,SI_5_30,B0FRB3SJMR,fbm0,ALREADY_OFF,offer already on DEFAULT
2026-08-18T09:42:16+00:00,BE,SK_20_30,B0FRB14YYC,fbm0,ALREADY_OFF,offer already on DEFAULT
2026-08-18T09:42:17+00:00,BE,SK_3_15,B0FR9XC4BW,fbm0,ALREADY_OFF,offer already on DEFAULT
2026-08-18T09:42:19+00:00,BE,SK_5_30,B0FRB2X84M,fbm0,ALREADY_OFF,offer already on DEFAULT
2026-08-18T09:42:20+00:00,BE,SN_3_15,B0FRB4HX92,fbm0,ALREADY_OFF,offer already on DEFAULT
2026-08-18T09:42:21+00:00,BE,SN_5_30,B0FRB68H77,fbm0,ALREADY_OFF,offer already on DEFAULT
2026-08-18T09:42:23+00:00,BE,SV_3_15,B0FR9LJ7X4,fbm0,ALREADY_OFF,offer already on DEFAULT
2026-08-18T09:42:24+00:00,BE,TD_3_15,B0FR9SG4MK,fbm0,ALREADY_OFF,offer already on DEFAULT
2026-08-18T09:42:26+00:00,BE,TD_5_30,B0FR9L414C,fbm0,ALREADY_OFF,offer already on DEFAULT
2026-08-18T09:42:27+00:00,BE,TH_20_30,B0FRCHW3MW,fbm0,ALREADY_OFF,offer already on DEFAULT
2026-08-18T09:42:28+00:00,BE,TH_3_15,B0FRCDPJSH,fbm0,ALREADY_OFF,offer already on DEFAULT
2026-08-18T09:42:29+00:00,BE,TH_5_30,B0FR9Q5D1J,fbm0,ALREADY_OFF,offer already on DEFAULT
2026-08-18T09:42:31+00:00,BE,TN_10_30,B0FRB85GLD,fbm0,ALREADY_OFF,offer already on DEFAULT
2026-08-18T09:42:32+00:00,BE,TN_5_30,B0FRB7Q96Z,fbm0,ALREADY_OFF,offer already on DEFAULT
2026-08-18T09:42:34+00:00,BE,TR_20_30,B0FRCYMWCX,fbm0,ALREADY_OFF,offer already on DEFAULT
2026-08-18T09:42:36+00:00,BE,TR_3_15,B0FRC2PSHM,fbm0,ALREADY_OFF,offer already on DEFAULT
2026-08-18T09:42:37+00:00,BE,TR_5_30,B0FRCBZ1BB,fbm0,ALREADY_OFF,offer already on DEFAULT
2026-08-18T09:42:38+00:00,BE,TZ_3_15,B0FRC81NPJ,fbm0,ALREADY_OFF,offer already on DEFAULT
2026-08-18T09:42:40+00:00,BE,UA_3_15,B0FRB9SBFR,fbm0,ALREADY_OFF,offer already on DEFAULT
2026-08-18T09:42:41+00:00,BE,UA_5_30,B0FRC2NRKG,fbm0,ALREADY_OFF,offer already on DEFAULT
2026-08-18T09:42:42+00:00,BE,UG_3_15,B0FRB7F7Z9,fbm0,ALREADY_OFF,offer already on DEFAULT
2026-08-18T09:42:44+00:00,BE,US_20_90,B0FRB9JP2K,fbm0,ALREADY_OFF,offer already on DEFAULT
2026-08-18T09:42:45+00:00,BE,US_3_15,B0FRCFXK3V,fbm0,ALREADY_OFF,offer already on DEFAULT
2026-08-18T09:42:46+00:00,BE,US_5_30,B0FRC2PQ8H,fbm0,ALREADY_OFF,offer already on DEFAULT
2026-08-18T09:42:47+00:00,BE,UY_3_15,B0FRB7LHGN,fbm0,ALREADY_OFF,offer already on DEFAULT
2026-08-18T09:42:49+00:00,BE,UZ_5_30,B0FRBWFZ6M,fbm0,ALREADY_OFF,offer already on DEFAULT
2026-08-18T09:42:50+00:00,BE,VN_20_30,B0FRC2NKC4,fbm0,ALREADY_OFF,offer already on DEFAULT
2026-08-18T09:42:51+00:00,BE,VN_3_15,B0FRBR2DHW,fbm0,ALREADY_OFF,offer already on DEFAULT
2026-08-18T09:42:53+00:00,BE,VN_5_30,B0FRCBXRGV,fbm0,ALREADY_OFF,offer already on DEFAULT
2026-08-18T09:42:54+00:00,BE,ZA_10_30,B0FRB4RSW2,fbm0,ALREADY_OFF,offer already on DEFAULT
2026-08-18T09:42:55+00:00,BE,ZA_5_30,B0FRB3R6F3,fbm0,ALREADY_OFF,offer already on DEFAULT
2026-08-18T09:42:56+00:00,BE,ZM_3_15,B0FRC2NSM2,fbm0,ALREADY_OFF,offer already on DEFAULT
2026-08-18T09:42:58+00:00,BE,ZM_5_30,B0FRCL97L4,fbm0,ALREADY_OFF,offer already on DEFAULT
2026-08-18T09:42:59+00:00,BE,TN_3_30,B0FRCKZKVY,fbm0,ALREADY_OFF,offer already on DEFAULT
2026-08-18T09:43:57+00:00,SE,ZAMBIA-3GB-15D,B0FRC2NSM2,fbm0,ALREADY_OFF,offer already on DEFAULT
2026-08-18T09:43:58+00:00,SE,MAURITIUS-3GB-15D,B0H2FYRLRC,fbm0,ALREADY_OFF,offer already on DEFAULT
2026-08-18T09:43:59+00:00,SE,HAJJ-LUX-10GB-30D,B0H3L75HDS,fbm0,ALREADY_OFF,offer already on DEFAULT
2026-08-18T09:44:01+00:00,SE,BULGARIA-3GB-15D,B0H6MCT4Y5,fbm0,ALREADY_OFF,offer already on DEFAULT
2026-08-18T09:44:02+00:00,SE,PERU-3GB-15D,B0H6M5WW3B,fbm0,ALREADY_OFF,offer already on DEFAULT
2026-08-18T09:44:03+00:00,SE,PERU-20GB-30D,B0H6M8BLBD,fbm0,ALREADY_OFF,offer already on DEFAULT
2026-08-18T09:44:05+00:00,SE,ALGERIA-3GB-15D,B0H6M9R3WH,fbm0,ALREADY_OFF,offer already on DEFAULT
2026-08-18T09:44:06+00:00,SE,ALGERIA-5GB-30D,B0H6MDYKG8,fbm0,ALREADY_OFF,offer already on DEFAULT
2026-08-18T09:44:07+00:00,SE,ALGERIA-20GB-30D,B0H6M5TDMD,fbm0,ALREADY_OFF,offer already on DEFAULT
2026-08-18T09:44:08+00:00,SE,ANDORRA-3GB-15D,B0H6MBPRYN,fbm0,ALREADY_OFF,offer already on DEFAULT
2026-08-18T09:44:10+00:00,SE,ANDORRA-5GB-30D,B0H6M5P65S,fbm0,ALREADY_OFF,offer already on DEFAULT
2026-08-18T09:44:11+00:00,SE,ANDORRA-20GB-30D,B0H6MJ97WC,fbm0,ALREADY_OFF,offer already on DEFAULT
2026-08-18T09:44:12+00:00,SE,ANGOLA-3GB-15D,B0H6M5RWZH,fbm0,ALREADY_OFF,offer already on DEFAULT
2026-08-18T09:44:14+00:00,SE,ANGOLA-5GB-30D,B0H6MKZSB4,fbm0,ALREADY_OFF,offer already on DEFAULT
2026-08-18T09:44:15+00:00,SE,ANGUILLA-3GB-15D,B0H6M7X7QY,fbm0,ALREADY_OFF,offer already on DEFAULT
2026-08-18T09:44:16+00:00,SE,ANGUILLA-5GB-30D,B0H6MFJ63H,fbm0,ALREADY_OFF,offer already on DEFAULT
2026-08-18T09:44:17+00:00,SE,ANGUILLA-20GB-30D,B0H6MHMZY8,fbm0,ALREADY_OFF,offer already on DEFAULT
2026-08-18T09:44:19+00:00,SE,ANTIGUA-AND-BARBUDA-3GB-15D,B0H6MBBFLQ,fbm0,ALREADY_OFF,offer already on DEFAULT
2026-08-18T09:44:20+00:00,SE,ANTIGUA-AND-BARBUDA-5GB-30D,B0H6MCR5F9,fbm0,ALREADY_OFF,offer already on DEFAULT
2026-08-18T09:44:21+00:00,SE,ANTIGUA-AND-BARBUDA-20GB-30D,B0H6M2MQJB,fbm0,ALREADY_OFF,offer already on DEFAULT
2026-08-18T09:44:23+00:00,SE,BAHAMAS-3GB-15D,B0H6MB828R,fbm0,ALREADY_OFF,offer already on DEFAULT
2026-08-18T09:44:24+00:00,SE,BAHAMAS-5GB-30D,B0H6MFGH8P,fbm0,ALREADY_OFF,offer already on DEFAULT
2026-08-18T09:44:25+00:00,SE,BAHAMAS-20GB-30D,B0H6MCPR9P,fbm0,ALREADY_OFF,offer already on DEFAULT
2026-08-18T09:44:26+00:00,SE,BARBADOS-3GB-15D,B0H6MCD72X,fbm0,ALREADY_OFF,offer already on DEFAULT
2026-08-18T09:44:28+00:00,SE,BARBADOS-5GB-30D,B0H6MG6VYJ,fbm0,ALREADY_OFF,offer already on DEFAULT
2026-08-18T09:44:29+00:00,SE,BARBADOS-20GB-30D,B0H6MJ921X,fbm0,ALREADY_OFF,offer already on DEFAULT
2026-08-18T09:44:30+00:00,SE,BELIZE-3GB-15D,B0H6MFPNTX,fbm0,ALREADY_OFF,offer already on DEFAULT
2026-08-18T09:44:31+00:00,SE,BELIZE-5GB-30D,B0H6MF1H4V,fbm0,ALREADY_OFF,offer already on DEFAULT
2026-08-18T09:44:32+00:00,SE,BELIZE-20GB-30D,B0H6MBSQM8,fbm0,ALREADY_OFF,offer already on DEFAULT
2026-08-18T09:44:34+00:00,SE,BENIN-3GB-15D,B0H6M9YHDR,fbm0,ALREADY_OFF,offer already on DEFAULT
2026-08-18T09:44:35+00:00,SE,BENIN-5GB-30D,B0H6MHRNBH,fbm0,ALREADY_OFF,offer already on DEFAULT
2026-08-18T09:44:36+00:00,SE,BENIN-20GB-30D,B0H6M7VGSZ,fbm0,ALREADY_OFF,offer already on DEFAULT
2026-08-18T09:44:38+00:00,SE,BERMUDA-3GB-15D,B0H6MDMTGH,fbm0,ALREADY_OFF,offer already on DEFAULT
2026-08-18T09:44:39+00:00,SE,BERMUDA-5GB-30D,B0H6MFM5X4,fbm0,ALREADY_OFF,offer already on DEFAULT
2026-08-18T09:44:40+00:00,SE,BERMUDA-20GB-30D,B0H6MCGQ77,fbm0,ALREADY_OFF,offer already on DEFAULT
2026-08-18T09:44:41+00:00,SE,BHUTAN-3GB-15D,B0H6MJB588,fbm0,ALREADY_OFF,offer already on DEFAULT
2026-08-18T09:44:43+00:00,SE,BHUTAN-5GB-30D,B0H6M9C23Q,fbm0,ALREADY_OFF,offer already on DEFAULT
2026-08-18T09:44:44+00:00,SE,BHUTAN-20GB-30D,B0H6M5WDSH,fbm0,ALREADY_OFF,offer already on DEFAULT
2026-08-18T09:44:45+00:00,SE,CAPE-VERDE-3GB-15D,B0H6M9R16H,fbm0,ALREADY_OFF,offer already on DEFAULT
2026-08-18T09:44:47+00:00,SE,CAPE-VERDE-5GB-30D,B0H6MFG453,fbm0,ALREADY_OFF,offer already on DEFAULT
2026-08-18T09:44:48+00:00,SE,CAPE-VERDE-20GB-30D,B0H6M9VSPG,fbm0,ALREADY_OFF,offer already on DEFAULT
2026-08-18T09:44:49+00:00,SE,CAYMAN-ISLANDS-3GB-15D,B0H6MLHBD7,fbm0,ALREADY_OFF,offer already on DEFAULT
2026-08-18T09:44:50+00:00,SE,CAYMAN-ISLANDS-5GB-30D,B0H6M55MKK,fbm0,ALREADY_OFF,offer already on DEFAULT
2026-08-18T09:44:51+00:00,SE,CAYMAN-ISLANDS-20GB-30D,B0H6MGXYNS,fbm0,ALREADY_OFF,offer already on DEFAULT
2026-08-18T09:44:53+00:00,SE,CURACAO-3GB-15D,B0H6M81JPM,fbm0,ALREADY_OFF,offer already on DEFAULT
2026-08-18T09:44:54+00:00,SE,CURACAO-5GB-30D,B0H6MGZLBC,fbm0,ALREADY_OFF,offer already on DEFAULT
2026-08-18T09:44:55+00:00,SE,CURACAO-20GB-30D,B0H6MF51WH,fbm0,ALREADY_OFF,offer already on DEFAULT
2026-08-18T09:44:57+00:00,SE,DEMOCRATIC-REPUBLIC-OF-THE-CONGO-3GB-15D,B0H6LZL22Y,fbm0,ALREADY_OFF,offer already on DEFAULT
2026-08-18T09:44:58+00:00,SE,DEMOCRATIC-REPUBLIC-OF-THE-CONGO-5GB-30D,B0H6M6L8Z8,fbm0,ALREADY_OFF,offer already on DEFAULT
2026-08-18T09:44:59+00:00,SE,DRC-20GB-30D,B0H6MZWFM7,fbm0,ALREADY_OFF,offer already on DEFAULT
2026-08-18T09:45:00+00:00,SE,DOMINICA-3GB-15D,B0H6M9H54M,fbm0,ALREADY_OFF,offer already on DEFAULT
2026-08-18T09:45:02+00:00,SE,DOMINICA-5GB-30D,B0H6M5HR32,fbm0,ALREADY_OFF,offer already on DEFAULT
2026-08-18T09:45:03+00:00,SE,DOMINICA-20GB-30D,B0H6MK8XTJ,fbm0,ALREADY_OFF,offer already on DEFAULT
2026-08-18T09:45:04+00:00,SE,FAROE-ISLANDS-3GB-15D,B0H6ML935Q,fbm0,ALREADY_OFF,offer already on DEFAULT
2026-08-18T09:45:06+00:00,SE,FAROE-ISLANDS-5GB-30D,B0H6MF2TVH,fbm0,ALREADY_OFF,offer already on DEFAULT
2026-08-18T09:45:07+00:00,SE,FAROE-ISLANDS-20GB-30D,B0H6MB82ZV,fbm0,ALREADY_OFF,offer already on DEFAULT
2026-08-18T09:45:08+00:00,SE,FIJI-3GB-15D,B0H6MFLWYD,fbm0,ALREADY_OFF,offer already on DEFAULT
2026-08-18T09:45:09+00:00,SE,FIJI-5GB-30D,B0H6MJ7GS6,fbm0,ALREADY_OFF,offer already on DEFAULT
2026-08-18T09:45:10+00:00,SE,FIJI-20GB-30D,B0H6MGBL3N,fbm0,ALREADY_OFF,offer already on DEFAULT
2026-08-18T09:45:12+00:00,SE,FRENCH-GUIANA-3GB-15D,B0H6MFD6Z3,fbm0,ALREADY_OFF,offer already on DEFAULT
2026-08-18T09:45:13+00:00,SE,FRENCH-GUIANA-5GB-30D,B0H6MGC352,fbm0,ALREADY_OFF,offer already on DEFAULT
2026-08-18T09:45:14+00:00,SE,FRENCH-GUIANA-20GB-30D,B0H6MDNXJJ,fbm0,ALREADY_OFF,offer already on DEFAULT
2026-08-18T09:45:15+00:00,SE,FRENCH-POLYNESIA-3GB-15D,B0H6MF6GHP,fbm0,ALREADY_OFF,offer already on DEFAULT
2026-08-18T09:45:17+00:00,SE,FRENCH-POLYNESIA-5GB-30D,B0H6MD2GXY,fbm0,ALREADY_OFF,offer already on DEFAULT
2026-08-18T09:45:18+00:00,SE,FRENCH-POLYNESIA-20GB-30D,B0H6M59GH9,fbm0,ALREADY_OFF,offer already on DEFAULT
2026-08-18T09:45:19+00:00,SE,GHANA-3GB-15D,B0H6M7CH6H,fbm0,ALREADY_OFF,offer already on DEFAULT
2026-08-18T09:45:20+00:00,SE,GHANA-5GB-30D,B0H6MD48NZ,fbm0,ALREADY_OFF,offer already on DEFAULT
2026-08-18T09:45:22+00:00,SE,GHANA-20GB-30D,B0H6M9CG3G,fbm0,ALREADY_OFF,offer already on DEFAULT
2026-08-18T09:45:23+00:00,SE,GREENLAND-3GB-15D,B0H6MLNBK2,fbm0,ALREADY_OFF,offer already on DEFAULT
2026-08-18T09:45:24+00:00,SE,GREENLAND-5GB-30D,B0H6MFMLK9,fbm0,ALREADY_OFF,offer already on DEFAULT
2026-08-18T09:45:25+00:00,SE,GREENLAND-20GB-30D,B0H6MBT3TW,fbm0,ALREADY_OFF,offer already on DEFAULT
2026-08-18T09:45:27+00:00,SE,GRENADA-3GB-15D,B0H6M8K37V,fbm0,ALREADY_OFF,offer already on DEFAULT
2026-08-18T09:45:28+00:00,SE,GRENADA-5GB-30D,B0H6MLJR6Z,fbm0,ALREADY_OFF,offer already on DEFAULT
2026-08-18T09:45:29+00:00,SE,GRENADA-20GB-30D,B0H6MGRF37,fbm0,ALREADY_OFF,offer already on DEFAULT
2026-08-18T09:45:30+00:00,SE,GUINEA-3GB-15D,B0H6MGZTF1,fbm0,ALREADY_OFF,offer already on DEFAULT
2026-08-18T09:45:32+00:00,SE,GUINEA-5GB-30D,B0H6MFTVX6,fbm0,ALREADY_OFF,offer already on DEFAULT
2026-08-18T09:45:33+00:00,SE,GUINEA-20GB-30D,B0H6M7VHYP,fbm0,ALREADY_OFF,offer already on DEFAULT
2026-08-18T09:45:34+00:00,SE,GUINEA-BISSAU-3GB-15D,B0H6MG6X8D,fbm0,ALREADY_OFF,offer already on DEFAULT
2026-08-18T09:45:35+00:00,SE,GUINEA-BISSAU-5GB-30D,B0H6MCJ4Y9,fbm0,ALREADY_OFF,offer already on DEFAULT
2026-08-18T09:45:37+00:00,SE,GUINEA-BISSAU-20GB-30D,B0H6MF1JJS,fbm0,ALREADY_OFF,offer already on DEFAULT
2026-08-18T09:45:38+00:00,SE,GUYANA-3GB-15D,B0H6MCG586,fbm0,ALREADY_OFF,offer already on DEFAULT
2026-08-18T09:45:39+00:00,SE,GUYANA-5GB-30D,B0H6MB3FHF,fbm0,ALREADY_OFF,offer already on DEFAULT
2026-08-18T09:45:41+00:00,SE,GUYANA-20GB-30D,B0H6MD1PB7,fbm0,ALREADY_OFF,offer already on DEFAULT
2026-08-18T09:45:42+00:00,SE,HAITI-3GB-15D,B0H6M9YTL4,fbm0,ALREADY_OFF,offer already on DEFAULT
2026-08-18T09:45:43+00:00,SE,HAITI-5GB-30D,B0H6MDHPCV,fbm0,ALREADY_OFF,offer already on DEFAULT
2026-08-18T09:45:44+00:00,SE,HAITI-20GB-30D,B0H6MBNF3Y,fbm0,ALREADY_OFF,offer already on DEFAULT
2026-08-18T09:45:46+00:00,SE,IRAQ-3GB-15D,B0H6MGX6P7,fbm0,ALREADY_OFF,offer already on DEFAULT
2026-08-18T09:45:47+00:00,SE,IRAQ-5GB-30D,B0H6MFRHZN,fbm0,ALREADY_OFF,offer already on DEFAULT
2026-08-18T09:45:48+00:00,SE,IRAQ-20GB-30D,B0H6M956TN,fbm0,ALREADY_OFF,offer already on DEFAULT
2026-08-18T09:45:50+00:00,SE,JAMAICA-3GB-15D,B0H6MF3PNQ,fbm0,DEACTIVATED,
2026-08-18T09:45:52+00:00,SE,JAMAICA-5GB-30D,B0H6MJQCMF,fbm0,DEACTIVATED,
2026-08-18T09:45:53+00:00,SE,JAMAICA-20GB-30D,B0H6MF52ZZ,fbm0,ALREADY_OFF,offer already on DEFAULT
2026-08-18T09:45:55+00:00,SE,LAOS-3GB-15D,B0H6M96WPB,fbm0,ALREADY_OFF,offer already on DEFAULT
2026-08-18T09:45:56+00:00,SE,LAOS-5GB-30D,B0H6MBJN5B,fbm0,DEACTIVATED,
2026-08-18T09:45:58+00:00,SE,LAOS-20GB-30D,B0H6MBWGX1,fbm0,ALREADY_OFF,offer already on DEFAULT
2026-08-18T09:46:00+00:00,SE,LIBYA-3GB-15D,B0H6MBYGXZ,fbm0,DEACTIVATED,
2026-08-18T09:46:01+00:00,SE,LIBYA-5GB-30D,B0H6M5PVSB,fbm0,DEACTIVATED,
2026-08-18T09:46:03+00:00,SE,LIBYA-20GB-30D,B0H6MFWD2Y,fbm0,ALREADY_OFF,offer already on DEFAULT
2026-08-18T09:46:04+00:00,SE,MALDIVES-3GB-15D,B0H6MD6Y71,fbm0,DEACTIVATED,
2026-08-18T09:46:06+00:00,SE,MALDIVES-5GB-30D,B0H6MJQZ8Y,fbm0,DEACTIVATED,
2026-08-18T09:46:08+00:00,SE,MALDIVES-20GB-30D,B0H6MM5SCJ,fbm0,DEACTIVATED,
2026-08-18T09:46:09+00:00,SE,MARTINIQUE-3GB-15D,B0H6M7SBFQ,fbm0,DEACTIVATED,
2026-08-18T09:46:11+00:00,SE,MARTINIQUE-5GB-30D,B0H6MKCD1X,fbm0,DEACTIVATED,
2026-08-18T09:46:13+00:00,SE,MARTINIQUE-20GB-30D,B0H6MH94KV,fbm0,DEACTIVATED,
2026-08-18T09:46:14+00:00,SE,MAYOTTE-3GB-15D,B0H6MFWP88,fbm0,DEACTIVATED,
2026-08-18T09:46:16+00:00,SE,MAYOTTE-5GB-30D,B0H6MD9C4Y,fbm0,DEACTIVATED,
2026-08-18T09:46:18+00:00,SE,MAYOTTE-20GB-30D,B0H6M5L8MC,fbm0,DEACTIVATED,
2026-08-18T09:46:19+00:00,SE,MONTSERRAT-3GB-15D,B0H6MDJ2ZR,fbm0,DEACTIVATED,
2026-08-18T09:46:21+00:00,SE,MONTSERRAT-5GB-30D,B0H6MGQ1Y4,fbm0,DEACTIVATED,
2026-08-18T09:46:22+00:00,SE,MONTSERRAT-20GB-30D,B0H6MG87HK,fbm0,DEACTIVATED,
2026-08-18T09:46:24+00:00,SE,REPUBLIC-OF-THE-CONGO-3GB-15D,B0H6MM6DKT,fbm0,DEACTIVATED,
2026-08-18T09:46:26+00:00,SE,REPUBLIC-OF-THE-CONGO-5GB-30D,B0H6MBXD3B,fbm0,DEACTIVATED,
2026-08-18T09:46:27+00:00,SE,REPUBLIC-OF-THE-CONGO-20GB-30D,B0H6MJ756Y,fbm0,DEACTIVATED,
2026-08-18T09:46:29+00:00,SE,ROMANIA-3GB-15D,B0H6MKQH2C,fbm0,DEACTIVATED,
2026-08-18T09:46:31+00:00,SE,ROMANIA-5GB-30D,B0H6MFVLCB,fbm0,DEACTIVATED,
2026-08-18T09:46:32+00:00,SE,ROMANIA-20GB-30D,B0H6MGRC1F,fbm0,DEACTIVATED,
2026-08-18T09:46:34+00:00,SE,RUSSIA-3GB-15D,B0H6MDNPC8,fbm0,DEACTIVATED,
2026-08-18T09:46:36+00:00,SE,RUSSIA-5GB-30D,B0H6MLHHB2,fbm0,DEACTIVATED,
2026-08-18T09:46:37+00:00,SE,RUSSIA-20GB-30D,B0H6MDSLNC,fbm0,DEACTIVATED,
2026-08-18T09:46:39+00:00,SE,RWANDA-3GB-15D,B0H6MK2ZBQ,fbm0,ALREADY_OFF,offer already on DEFAULT
2026-08-18T09:46:40+00:00,SE,RWANDA-5GB-30D,B0H6MJZHP1,fbm0,DEACTIVATED,
2026-08-18T09:46:42+00:00,SE,RWANDA-20GB-30D,B0H6M66BWN,fbm0,DEACTIVATED,
2026-08-18T09:46:43+00:00,SE,SAINT-BARTHELEMY-3GB-15D,B0H6MDMD63,fbm0,ALREADY_OFF,offer already on DEFAULT
2026-08-18T09:46:45+00:00,SE,SAINT-BARTHELEMY-5GB-30D,B0H6MBS246,fbm0,DEACTIVATED,
2026-08-18T09:46:46+00:00,SE,SAINT-BARTHELEMY-20GB-30D,B0H6MJHHNB,fbm0,DEACTIVATED,
2026-08-18T09:46:48+00:00,SE,SAINT-KITTS-AND-NEVIS-3GB-15D,B0H6MDHJ2B,fbm0,DEACTIVATED,
2026-08-18T09:46:50+00:00,SE,SAINT-KITTS-AND-NEVIS-5GB-30D,B0H6MBK615,fbm0,DEACTIVATED,
2026-08-18T09:46:52+00:00,SE,SAINT-KITTS-AND-NEVIS-20GB-30D,B0H6MJQSR4,fbm0,DEACTIVATED,
2026-08-18T09:46:53+00:00,SE,SAINT-LUCIA-3GB-15D,B0H6M7Y1CD,fbm0,ALREADY_OFF,offer already on DEFAULT
2026-08-18T09:46:55+00:00,SE,SAINT-LUCIA-5GB-30D,B0H6MGBXNV,fbm0,DEACTIVATED,
2026-08-18T09:46:56+00:00,SE,SAINT-LUCIA-20GB-30D,B0H6MDX8DY,fbm0,DEACTIVATED,
2026-08-18T09:46:58+00:00,SE,SAINT-MARTIN-3GB-15D,B0H6MDB2CN,fbm0,DEACTIVATED,
2026-08-18T09:46:59+00:00,SE,SAINT-MARTIN-5GB-30D,B0H6MC37Q1,fbm0,DEACTIVATED,
2026-08-18T09:47:01+00:00,SE,SAINT-MARTIN-20GB-30D,B0H6MF7K64,fbm0,DEACTIVATED,
2026-08-18T09:47:02+00:00,SE,SAINT-VINCENT-AND-THE-GRENADINES-3GB-15D,B0H6MF3FWZ,fbm0,ALREADY_OFF,offer already on DEFAULT
2026-08-18T09:47:04+00:00,SE,SAINT-VINCENT-AND-THE-GRENADINES-5GB-30D,B0H6MJXH8Z,fbm0,DEACTIVATED,
2026-08-18T09:47:06+00:00,SE,SVG-20GB-30D,B0H6MWF5B5,fbm0,DEACTIVATED,
2026-08-18T09:47:07+00:00,SE,SAMOA-3GB-15D,B0H6MGJ45S,fbm0,DEACTIVATED,
2026-08-18T09:47:09+00:00,SE,SAMOA-5GB-30D,B0H6MFFZH1,fbm0,DEACTIVATED,
2026-08-18T09:47:11+00:00,SE,SAMOA-20GB-30D,B0H6MJQDSM,fbm0,DEACTIVATED,
2026-08-18T09:47:12+00:00,SE,SAN-MARINO-3GB-15D,B0H6MG33GL,fbm0,DEACTIVATED,
2026-08-18T09:47:14+00:00,SE,SAN-MARINO-5GB-30D,B0H6ML6C38,fbm0,DEACTIVATED,
2026-08-18T09:47:16+00:00,SE,SAN-MARINO-20GB-30D,B0H6MDHJFJ,fbm0,DEACTIVATED,
2026-08-18T09:47:17+00:00,SE,SIERRA-LEONE-3GB-15D,B0H6MHPWKP,fbm0,DEACTIVATED,
2026-08-18T09:47:19+00:00,SE,SIERRA-LEONE-5GB-30D,B0H6MBK6HZ,fbm0,DEACTIVATED,
2026-08-18T09:47:21+00:00,SE,SIERRA-LEONE-20GB-30D,B0H6ML1JW1,fbm0,DEACTIVATED,
2026-08-18T09:47:22+00:00,SE,SURINAME-3GB-15D,B0H6MLWJMY,fbm0,DEACTIVATED,
2026-08-18T09:47:24+00:00,SE,SURINAME-5GB-30D,B0H6MNS3N5,fbm0,DEACTIVATED,
2026-08-18T09:47:26+00:00,SE,SURINAME-20GB-30D,B0H6MNKY5H,fbm0,DEACTIVATED,
2026-08-18T09:47:28+00:00,SE,TAJIKISTAN-3GB-15D,B0H6M7XFN6,fbm0,DEACTIVATED,
2026-08-18T09:47:29+00:00,SE,TAJIKISTAN-5GB-30D,B0H6MFYMXZ,fbm0,DEACTIVATED,
2026-08-18T09:47:31+00:00,SE,TAJIKISTAN-20GB-30D,B0H6M85C77,fbm0,DEACTIVATED,
2026-08-18T09:47:32+00:00,SE,TRINIDAD-AND-TOBAGO-3GB-15D,B0H6MJTHXK,fbm0,DEACTIVATED,
2026-08-18T09:47:34+00:00,SE,TRINIDAD-AND-TOBAGO-5GB-30D,B0H6MJTHY9,fbm0,DEACTIVATED,
2026-08-18T09:47:36+00:00,SE,TRINIDAD-AND-TOBAGO-20GB-30D,B0H6MF31VP,fbm0,DEACTIVATED,
2026-08-18T09:47:37+00:00,SE,TURKS-AND-CAICOS-ISLANDS-3GB-15D,B0H6MNNXGL,fbm0,DEACTIVATED,
2026-08-18T09:47:39+00:00,SE,TURKS-AND-CAICOS-ISLANDS-5GB-30D,B0H6MLH1KM,fbm0,DEACTIVATED,
2026-08-18T09:47:41+00:00,SE,TURKS-AND-CAICOS-ISLANDS-20GB-30D,B0H6MLBGX7,fbm0,DEACTIVATED,
2026-08-18T09:47:43+00:00,SE,VATICAN-CITY-3GB-15D,B0H6MBMF8G,fbm0,DEACTIVATED,
2026-08-18T09:47:44+00:00,SE,VATICAN-CITY-5GB-30D,B0H6M7YXNP,fbm0,DEACTIVATED,
2026-08-18T09:47:46+00:00,SE,VATICAN-CITY-20GB-30D,B0H6MDPLZ9,fbm0,DEACTIVATED,
2026-08-18T09:47:48+00:00,SE,CANADA-PREMIUM-3GB-15D,B0H6MJ1HMJ,fbm0,DEACTIVATED,
2026-08-18T09:47:49+00:00,SE,CANADA-PREMIUM-5GB-30D,B0H6MPXGBN,fbm0,DEACTIVATED,
2026-08-18T09:47:51+00:00,SE,CANADA-PREMIUM-20GB-30D,B0H6MJ9N4Y,fbm0,DEACTIVATED,
2026-08-18T09:47:53+00:00,SE,AALAND-ISLANDS-3GB-15D,B0FR3CCSMB,fbm0,DEACTIVATED,
2026-08-18T09:47:54+00:00,SE,AALAND-ISLANDS-5GB-30D,B0FR3G6JWB,fbm0,DEACTIVATED,
2026-08-18T09:47:56+00:00,SE,AALAND-ISLANDS-20GB-30D,B0FR39Q1KJ,fbm0,DEACTIVATED,
2026-08-18T09:47:58+00:00,SE,AFRICA-5GB-30D,B0FR3GK9Z7,fbm0,DEACTIVATED,
2026-08-18T09:47:59+00:00,SE,ALBANIA-5GB-30D,B0FR4ZG3Z6,fbm0,DEACTIVATED,
2026-08-18T09:48:01+00:00,SE,ARGENTINA-3GB-15D,B0FR554SXN,fbm0,DEACTIVATED,
2026-08-18T09:48:02+00:00,SE,ARGENTINA-20GB-30D,B0FR5DCH33,fbm0,ALREADY_OFF,offer already on DEFAULT
2026-08-18T09:48:04+00:00,SE,ARMENIA-3GB-15D,B0FR5BK9R4,fbm0,DEACTIVATED,
2026-08-18T09:48:05+00:00,SE,ARMENIA-20GB-30D,B0FR4ZT5XT,fbm0,ALREADY_OFF,offer already on DEFAULT
2026-08-18T09:48:07+00:00,SE,ASIA-20-3GB-15D,B0FR9FZ4RF,fbm0,ALREADY_OFF,offer already on DEFAULT
2026-08-18T09:48:08+00:00,SE,ASIA-20-5GB-30D,B0FR9BQNSV,fbm0,ALREADY_OFF,offer already on DEFAULT
2026-08-18T09:48:09+00:00,SE,AUSTRALIA-3GB-15D,B0FR9SKY4D,fbm0,ALREADY_OFF,offer already on DEFAULT
2026-08-18T09:48:10+00:00,SE,AUSTRALIA-5GB-30D,B0FR9JRB62,fbm0,ALREADY_OFF,offer already on DEFAULT
2026-08-18T09:48:12+00:00,SE,AUSTRALIA-20GB-30D,B0FR9G1ZQJ,fbm0,ALREADY_OFF,offer already on DEFAULT
2026-08-18T09:48:13+00:00,SE,AUSTRIA-3GB-15D,B0FR9QSMSP,fbm0,ALREADY_OFF,offer already on DEFAULT
2026-08-18T09:48:14+00:00,SE,AUSTRIA-5GB-30D,B0FR8XCH78,fbm0,ALREADY_OFF,offer already on DEFAULT
2026-08-18T09:48:15+00:00,SE,AUSTRIA-20GB-30D,B0FR8XBSBP,fbm0,ALREADY_OFF,offer already on DEFAULT
2026-08-18T09:48:17+00:00,SE,AZERBAIJAN-3GB-15D,B0FR9BTC98,fbm0,ALREADY_OFF,offer already on DEFAULT
2026-08-18T09:48:18+00:00,SE,BAHRAIN-3GB-15D,B0FR9K64KF,fbm0,ALREADY_OFF,offer already on DEFAULT
2026-08-18T09:48:19+00:00,SE,BANGLADESH-3GB-15D,B0FR9L7SG3,fbm0,ALREADY_OFF,offer already on DEFAULT
2026-08-18T09:48:21+00:00,SE,BANGLADESH-5GB-30D,B0FR9BQFCM,fbm0,ALREADY_OFF,offer already on DEFAULT
2026-08-18T09:48:22+00:00,SE,BANGLADESH-20GB-30D,B0FR8FJ3HJ,fbm0,ALREADY_OFF,offer already on DEFAULT
2026-08-18T09:48:23+00:00,SE,BELARUS-3GB-15D,B0FR9G3Z82,fbm0,ALREADY_OFF,offer already on DEFAULT
2026-08-18T09:48:24+00:00,SE,BELARUS-5GB-30D,B0FR8FFT4D,fbm0,ALREADY_OFF,offer already on DEFAULT
2026-08-18T09:48:26+00:00,SE,BELGIUM-3GB-15D,B0FR9G432K,fbm0,ALREADY_OFF,offer already on DEFAULT
2026-08-18T09:48:27+00:00,SE,BELGIUM-5GB-30D,B0FR9SXCW6,fbm0,ALREADY_OFF,offer already on DEFAULT
2026-08-18T09:48:28+00:00,SE,BELGIUM-20GB-30D,B0FR9BVRCH,fbm0,ALREADY_OFF,offer already on DEFAULT
2026-08-18T09:48:29+00:00,SE,BOLIVIA-3GB-15D,B0FR8FKPKH,fbm0,ALREADY_OFF,offer already on DEFAULT
2026-08-18T09:48:30+00:00,SE,BOLIVIA-20GB-30D,B0FR9RH588,fbm0,ALREADY_OFF,offer already on DEFAULT
2026-08-18T09:48:32+00:00,SE,BOSNIA-AND-HERZEGOVINA-3GB-15D,B0FR9G8ZVK,fbm0,ALREADY_OFF,offer already on DEFAULT
2026-08-18T09:48:33+00:00,SE,BOTSWANA-3GB-15D,B0FR9G7N2Q,fbm0,ALREADY_OFF,offer already on DEFAULT
2026-08-18T09:48:34+00:00,SE,BRAZIL-3GB-15D,B0FR9G5LKV,fbm0,ALREADY_OFF,offer already on DEFAULT
2026-08-18T09:48:35+00:00,SE,BRAZIL-20GB-30D,B0FR9KLZCR,fbm0,ALREADY_OFF,offer already on DEFAULT
2026-08-18T09:48:37+00:00,SE,BRUNEI-DARUSSALAM-3GB-15D,B0FR9KTJND,fbm0,ALREADY_OFF,offer already on DEFAULT
2026-08-18T09:48:38+00:00,SE,BRUNEI-DARUSSALAM-20GB-30D,B0FR9F971C,fbm0,ALREADY_OFF,offer already on DEFAULT
2026-08-18T09:48:39+00:00,SE,BURKINA-FASO-3GB-15D,B0FR9HWFSK,fbm0,ALREADY_OFF,offer already on DEFAULT
2026-08-18T09:48:41+00:00,SE,BURKINA-FASO-5GB-30D,B0FR9BWKSY,fbm0,ALREADY_OFF,offer already on DEFAULT
2026-08-18T09:48:42+00:00,SE,CAMEROON-3GB-15D,B0FR9VJ1ZB,fbm0,ALREADY_OFF,offer already on DEFAULT
2026-08-18T09:48:43+00:00,SE,CENTRAL-AFRICAN-REPUBLIC-3GB-15D,B0FR9RK8FP,fbm0,ALREADY_OFF,offer already on DEFAULT
2026-08-18T09:48:44+00:00,SE,CENTRAL-AFRICAN-REPUBLIC-5GB-30D,B0FR9R3NMC,fbm0,ALREADY_OFF,offer already on DEFAULT
2026-08-18T09:48:46+00:00,SE,CHAD-3GB-15D,B0FR9SG4MK,fbm0,ALREADY_OFF,offer already on DEFAULT
2026-08-18T09:48:47+00:00,SE,CHAD-5GB-30D,B0FR9L414C,fbm0,ALREADY_OFF,offer already on DEFAULT
2026-08-18T09:48:48+00:00,SE,CHILE-3GB-15D,B0FR9RY1RT,fbm0,ALREADY_OFF,offer already on DEFAULT
2026-08-18T09:48:49+00:00,SE,CHINA-3GB-15D,B0FR9QZ578,fbm0,ALREADY_OFF,offer already on DEFAULT
2026-08-18T09:48:50+00:00,SE,CHINA-5GB-30D,B0FR9HX7XH,fbm0,ALREADY_OFF,offer already on DEFAULT
2026-08-18T09:48:52+00:00,SE,CHINA-20GB-30D,B0FR9GD6X9,fbm0,ALREADY_OFF,offer already on DEFAULT
2026-08-18T09:48:53+00:00,SE,COLOMBIA-3GB-15D,B0FR9RL8W5,fbm0,ALREADY_OFF,offer already on DEFAULT
2026-08-18T09:48:54+00:00,SE,CAMBODIA-3GB-15D,B0FR8XKMJ4,fbm0,ALREADY_OFF,offer already on DEFAULT
2026-08-18T09:48:55+00:00,SE,CAMBODIA-20GB-30D,B0FR9GFJPL,fbm0,ALREADY_OFF,offer already on DEFAULT
2026-08-18T09:48:57+00:00,SE,COSTA-RICA-3GB-15D,B0FR9LNRMN,fbm0,ALREADY_OFF,offer already on DEFAULT
2026-08-18T09:48:58+00:00,SE,COTE-D-IVOIRE-3GB-15D,B0FR9HW9DJ,fbm0,ALREADY_OFF,offer already on DEFAULT
2026-08-18T09:48:59+00:00,SE,COTE-D-IVOIRE-5GB-30D,B0FR9V5LYJ,fbm0,ALREADY_OFF,offer already on DEFAULT
2026-08-18T09:49:00+00:00,SE,CROATIA-3GB-15D,B0FR9GDKT1,fbm0,ALREADY_OFF,offer already on DEFAULT
2026-08-18T09:49:02+00:00,SE,CROATIA-5GB-30D,B0FR9BVV58,fbm0,ALREADY_OFF,offer already on DEFAULT
2026-08-18T09:49:03+00:00,SE,CROATIA-20GB-30D,B0FR9TYCSL,fbm0,ALREADY_OFF,offer already on DEFAULT
2026-08-18T09:49:04+00:00,SE,CYPRUS-3GB-15D,B0FR8XJWWG,fbm0,ALREADY_OFF,offer already on DEFAULT
2026-08-18T09:49:05+00:00,SE,CYPRUS-5GB-30D,B0FR8XHWZV,fbm0,ALREADY_OFF,offer already on DEFAULT
2026-08-18T09:49:07+00:00,SE,CZECH-REPUBLIC-3GB-15D,B0FR9SB2Q3,fbm0,ALREADY_OFF,offer already on DEFAULT
2026-08-18T09:49:08+00:00,SE,CZECH-REPUBLIC-5GB-30D,B0FR9BY2LF,fbm0,ALREADY_OFF,offer already on DEFAULT
2026-08-18T09:49:09+00:00,SE,CZECH-REPUBLIC-20GB-30D,B0FR9SVN9H,fbm0,ALREADY_OFF,offer already on DEFAULT
2026-08-18T09:49:10+00:00,SE,DENMARK-3GB-15D,B0FR9GSNP4,fbm0,ALREADY_OFF,offer already on DEFAULT
2026-08-18T09:49:12+00:00,SE,DENMARK-5GB-30D,B0FR8XQYR4,fbm0,ALREADY_OFF,offer already on DEFAULT
2026-08-18T09:49:13+00:00,SE,DENMARK-20GB-30D,B0FR9QPF45,fbm0,ALREADY_OFF,offer already on DEFAULT
2026-08-18T09:49:15+00:00,SE,DOMINICAN-REPUBLIC-3GB-15D,B0FR9GSKZF,fbm0,ALREADY_OFF,offer already on DEFAULT
2026-08-18T09:49:16+00:00,SE,DOMINICAN-REPUBLIC-5GB-30D,B0FR9GQKCM,fbm0,ALREADY_OFF,offer already on DEFAULT
2026-08-18T09:49:18+00:00,SE,DOMINICAN-REPUBLIC-20GB-30D,B0FR9C6DJF,fbm0,ALREADY_OFF,offer already on DEFAULT
2026-08-18T09:49:19+00:00,SE,ECUADOR-3GB-15D,B0FR9RM6MP,fbm0,ALREADY_OFF,offer already on DEFAULT
2026-08-18T09:49:20+00:00,SE,EGYPT-3GB-15D,B0FR9C784N,fbm0,ALREADY_OFF,offer already on DEFAULT
2026-08-18T09:49:21+00:00,SE,EGYPT-5GB-30D,B0FR9LR5KJ,fbm0,ALREADY_OFF,offer already on DEFAULT
2026-08-18T09:49:23+00:00,SE,EGYPT-20GB-30D,B0FR9GQBGL,fbm0,ALREADY_OFF,offer already on DEFAULT
2026-08-18T09:49:24+00:00,SE,EL-SALVADOR-3GB-15D,B0FR9LJ7X4,fbm0,ALREADY_OFF,offer already on DEFAULT
2026-08-18T09:49:26+00:00,SE,ESTONIA-3GB-15D,B0FR9GST1S,fbm0,ALREADY_OFF,offer already on DEFAULT
2026-08-18T09:49:27+00:00,SE,ESTONIA-5GB-30D,B0FR9GQYKB,fbm0,ALREADY_OFF,offer already on DEFAULT
2026-08-18T09:49:28+00:00,SE,ESTONIA-20GB-30D,B0FR9L527N,fbm0,ALREADY_OFF,offer already on DEFAULT
2026-08-18T09:49:30+00:00,SE,EUROPE-40-AREAS-5GB-30D,B0FR9RYSSS,fbm0,ALREADY_OFF,offer already on DEFAULT
2026-08-18T09:49:31+00:00,SE,EUROPE-40-AREAS-20GB-30D,B0FR9TNPV3,fbm0,ALREADY_OFF,offer already on DEFAULT
2026-08-18T09:49:32+00:00,SE,FINLAND-3GB-15D,B0FR9GSND6,fbm0,ALREADY_OFF,offer already on DEFAULT
2026-08-18T09:49:33+00:00,SE,FINLAND-5GB-30D,B0FR9SB3BJ,fbm0,ALREADY_OFF,offer already on DEFAULT
2026-08-18T09:49:34+00:00,SE,FRANCE-3GB-15D,B0FR9C5ZB6,fbm0,ALREADY_OFF,offer already on DEFAULT
2026-08-18T09:49:36+00:00,SE,FRANCE-5GB-30D,B0FR9LMDW5,fbm0,ALREADY_OFF,offer already on DEFAULT
2026-08-18T09:49:37+00:00,SE,FRANCE-20GB-30D,B0FR9GPMC5,fbm0,ALREADY_OFF,offer already on DEFAULT
2026-08-18T09:49:38+00:00,SE,GABON-3GB-15D,B0FR9GPX9T,fbm0,ALREADY_OFF,offer already on DEFAULT
2026-08-18T09:49:39+00:00,SE,GEORGIA-3GB-15D,B0FR9KMX2N,fbm0,ALREADY_OFF,offer already on DEFAULT
2026-08-18T09:49:41+00:00,SE,GEORGIA-20GB-30D,B0FR9C73NK,fbm0,ALREADY_OFF,offer already on DEFAULT
2026-08-18T09:49:42+00:00,SE,GERMANY-3GB-15D,B0GSZBMLKV,fbm0,ALREADY_OFF,offer already on DEFAULT
2026-08-18T09:49:43+00:00,SE,GERMANY-5GB-30D,B0GSZDYWLZ,fbm0,ALREADY_OFF,offer already on DEFAULT
2026-08-18T09:49:45+00:00,SE,GERMANY-20GB-30D,B0GSZP9H94,fbm0,ALREADY_OFF,offer already on DEFAULT
2026-08-18T09:49:46+00:00,SE,GIBRALTAR-3GB-15D,B0FR8XSPMC,fbm0,ALREADY_OFF,offer already on DEFAULT
2026-08-18T09:49:47+00:00,SE,GLOBAL139-5GB-30D,B0FR9VNTLY,fbm0,ALREADY_OFF,offer already on DEFAULT
2026-08-18T09:49:48+00:00,SE,GREECE-3GB-15D,B0FR9L85F6,fbm0,ALREADY_OFF,offer already on DEFAULT
2026-08-18T09:49:50+00:00,SE,GREECE-5GB-30D,B0FR9C7SMF,fbm0,ALREADY_OFF,offer already on DEFAULT
2026-08-18T09:49:51+00:00,SE,GREECE-20GB-30D,B0FR9KJGBG,fbm0,ALREADY_OFF,offer already on DEFAULT
2026-08-18T09:49:52+00:00,SE,GUADELOUPE-3GB-15D,B0FR9TMVWK,fbm0,ALREADY_OFF,offer already on DEFAULT
2026-08-18T09:49:53+00:00,SE,GUADELOUPE-20GB-30D,B0FR8XTBF6,fbm0,ALREADY_OFF,offer already on DEFAULT
2026-08-18T09:49:55+00:00,SE,GUAM-3GB-15D,B0FR9GVSSF,fbm0,ALREADY_OFF,offer already on DEFAULT
2026-08-18T09:49:56+00:00,SE,GUAM-5GB-30D,B0FR9SVP8Y,fbm0,ALREADY_OFF,offer already on DEFAULT
2026-08-18T09:49:58+00:00,SE,GUAM-20GB-30D,B0FR9C7MGP,fbm0,ALREADY_OFF,offer already on DEFAULT
2026-08-18T09:49:59+00:00,SE,GUATEMALA-3GB-15D,B0FR9VC6VD,fbm0,ALREADY_OFF,offer already on DEFAULT
2026-08-18T09:50:00+00:00,SE,GUERNSEY-3GB-15D,B0FR9SMWDN,fbm0,ALREADY_OFF,offer already on DEFAULT
2026-08-18T09:50:02+00:00,SE,GUERNSEY-5GB-30D,B0FR9C5PXR,fbm0,ALREADY_OFF,offer already on DEFAULT
2026-08-18T09:50:03+00:00,SE,GUERNSEY-20GB-30D,B0FR9LYWWY,fbm0,ALREADY_OFF,offer already on DEFAULT
2026-08-18T09:50:04+00:00,SE,HONDURAS-3GB-15D,B0FR9ZYV5G,fbm0,ALREADY_OFF,offer already on DEFAULT
2026-08-18T09:50:06+00:00,SE,HONG-KONG-3GB-15D,B0FR9CC6Q8,fbm0,ALREADY_OFF,offer already on DEFAULT
2026-08-18T09:50:07+00:00,SE,HONG-KONG-5GB-30D,B0FR9GXYYL,fbm0,ALREADY_OFF,offer already on DEFAULT
2026-08-18T09:50:08+00:00,SE,HONG-KONG-20GB-30D,B0FR9GXZ6F,fbm0,ALREADY_OFF,offer already on DEFAULT
2026-08-18T09:50:09+00:00,SE,HUNGARY-3GB-15D,B0FR9C9JVW,fbm0,ALREADY_OFF,offer already on DEFAULT
2026-08-18T09:50:10+00:00,SE,HUNGARY-5GB-30D,B0FR9GY3R5,fbm0,ALREADY_OFF,offer already on DEFAULT
2026-08-18T09:50:12+00:00,SE,HUNGARY-20GB-30D,B0FR9ZVYYQ,fbm0,ALREADY_OFF,offer already on DEFAULT
2026-08-18T09:50:13+00:00,SE,ICELAND-3GB-15D,B0FR9TBBK1,fbm0,ALREADY_OFF,offer already on DEFAULT
2026-08-18T09:50:14+00:00,SE,ICELAND-5GB-30D,B0FR9ZWQBD,fbm0,ALREADY_OFF,offer already on DEFAULT
2026-08-18T09:50:16+00:00,SE,ICELAND-20GB-30D,B0FR9GX6LF,fbm0,ALREADY_OFF,offer already on DEFAULT
2026-08-18T09:50:17+00:00,SE,INDIA-3GB-15D,B0FR9ZM116,fbm0,ALREADY_OFF,offer already on DEFAULT
2026-08-18T09:50:18+00:00,SE,INDIA-5GB-30D,B0FR9GXWN9,fbm0,ALREADY_OFF,offer already on DEFAULT
2026-08-18T09:50:20+00:00,SE,INDIA-20GB-30D,B0FR9DYMHX,fbm0,ALREADY_OFF,offer already on DEFAULT
2026-08-18T09:50:21+00:00,SE,INDONESIA-3GB-15D,B0FR9T6QPZ,fbm0,ALREADY_OFF,offer already on DEFAULT
2026-08-18T09:50:22+00:00,SE,INDONESIA-5GB-30D,B0FR8XW5DR,fbm0,ALREADY_OFF,offer already on DEFAULT
2026-08-18T09:50:23+00:00,SE,INDONESIA-20GB-30D,B0FR9QXRDQ,fbm0,ALREADY_OFF,offer already on DEFAULT
2026-08-18T09:50:25+00:00,SE,IRELAND-3GB-15D,B0FR8XV57F,fbm0,ALREADY_OFF,offer already on DEFAULT
2026-08-18T09:50:26+00:00,SE,IRELAND-5GB-30D,B0FR9GYKQL,fbm0,ALREADY_OFF,offer already on DEFAULT
2026-08-18T09:50:27+00:00,SE,IRELAND-20GB-30D,B0FR9SZG2Z,fbm0,ALREADY_OFF,offer already on DEFAULT
2026-08-18T09:50:29+00:00,SE,ISLE-OF-MAN-3GB-15D,B0FR9LZ7RL,fbm0,ALREADY_OFF,offer already on DEFAULT
2026-08-18T09:50:30+00:00,SE,ISLE-OF-MAN-5GB-30D,B0FR9M27XY,fbm0,ALREADY_OFF,offer already on DEFAULT
2026-08-18T09:50:31+00:00,SE,ISLE-OF-MAN-20GB-30D,B0FR9CB5LK,fbm0,ALREADY_OFF,offer already on DEFAULT
2026-08-18T09:50:32+00:00,SE,ISRAEL-3GB-15D,B0FR9M11H1,fbm0,ALREADY_OFF,offer already on DEFAULT
2026-08-18T09:50:34+00:00,SE,ISRAEL-5GB-30D,B0FR8XVZZM,fbm0,ALREADY_OFF,offer already on DEFAULT
2026-08-18T09:50:35+00:00,SE,ISRAEL-20GB-30D,B0FR9K8SQ1,fbm0,ALREADY_OFF,offer already on DEFAULT
2026-08-18T09:50:36+00:00,SE,ITALY-3GB-15D,B0FR9GXZ18,fbm0,ALREADY_OFF,offer already on DEFAULT
2026-08-18T09:50:37+00:00,SE,ITALY-5GB-30D,B0FR9ZR2TH,fbm0,ALREADY_OFF,offer already on DEFAULT
2026-08-18T09:50:39+00:00,SE,ITALY-20GB-30D,B0FR9RNZV2,fbm0,ALREADY_OFF,offer already on DEFAULT
2026-08-18T09:50:40+00:00,SE,JAPAN-3GB-15D,B0FR9LVZVQ,fbm0,ALREADY_OFF,offer already on DEFAULT
2026-08-18T09:50:41+00:00,SE,JAPAN-5GB-30D,B0FR9TLXXH,fbm0,ALREADY_OFF,offer already on DEFAULT
2026-08-18T09:50:42+00:00,SE,JAPAN-20GB-30D,B0FR9RZKRB,fbm0,ALREADY_OFF,offer already on DEFAULT
2026-08-18T09:50:44+00:00,SE,JERSEY-3GB-15D,B0FR9GYMR5,fbm0,ALREADY_OFF,offer already on DEFAULT
2026-08-18T09:50:45+00:00,SE,JERSEY-5GB-30D,B0FR9M27GP,fbm0,ALREADY_OFF,offer already on DEFAULT
2026-08-18T09:50:47+00:00,SE,JERSEY-20GB-30D,B0FR9CBQDH,fbm0,ALREADY_OFF,offer already on DEFAULT
2026-08-18T09:50:48+00:00,SE,JORDAN-3GB-15D,B0FR9M144Z,fbm0,ALREADY_OFF,offer already on DEFAULT
2026-08-18T09:50:49+00:00,SE,JORDAN-5GB-30D,B0FR9ZTZNK,fbm0,ALREADY_OFF,offer already on DEFAULT
2026-08-18T09:50:50+00:00,SE,JORDAN-20GB-30D,B0FR9ST188,fbm0,ALREADY_OFF,offer already on DEFAULT
2026-08-18T09:50:52+00:00,SE,KAZAKHSTAN-3GB-15D,B0FR9T4DG2,fbm0,ALREADY_OFF,offer already on DEFAULT
2026-08-18T09:50:53+00:00,SE,KAZAKHSTAN-5GB-30D,B0FR9ZMMSH,fbm0,ALREADY_OFF,offer already on DEFAULT
2026-08-18T09:50:55+00:00,SE,KAZAKHSTAN-20GB-30D,B0FR9TLNNW,fbm0,ALREADY_OFF,offer already on DEFAULT
2026-08-18T09:50:56+00:00,SE,KENYA-3GB-15D,B0FR9GZ14G,fbm0,ALREADY_OFF,offer already on DEFAULT
2026-08-18T09:50:57+00:00,SE,KENYA-5GB-30D,B0FR9T4DG6,fbm0,ALREADY_OFF,offer already on DEFAULT
2026-08-18T09:50:59+00:00,SE,KUWAIT-3GB-15D,B0FR9LZJ3X,fbm0,ALREADY_OFF,offer already on DEFAULT
2026-08-18T09:51:00+00:00,SE,KUWAIT-5GB-30D,B0FR9M2TXP,fbm0,ALREADY_OFF,offer already on DEFAULT
2026-08-18T09:51:01+00:00,SE,KUWAIT-20GB-30D,B0FR9KBF4P,fbm0,ALREADY_OFF,offer already on DEFAULT
2026-08-18T09:51:03+00:00,SE,KYRGYZSTAN-3GB-15D,B0FR9TVF4R,fbm0,ALREADY_OFF,offer already on DEFAULT
2026-08-18T09:51:04+00:00,SE,KYRGYZSTAN-20GB-30D,B0FR8XXBHM,fbm0,ALREADY_OFF,offer already on DEFAULT
2026-08-18T09:51:05+00:00,SE,LATVIA-3GB-15D,B0FR9VM4K6,fbm0,ALREADY_OFF,offer already on DEFAULT
2026-08-18T09:51:07+00:00,SE,LATVIA-5GB-30D,B0FR9TR99S,fbm0,ALREADY_OFF,offer already on DEFAULT
2026-08-18T09:51:08+00:00,SE,LATVIA-20GB-30D,B0FR9SWN6V,fbm0,ALREADY_OFF,offer already on DEFAULT
2026-08-18T09:51:09+00:00,SE,LIBERIA-3GB-15D,B0FR9H18JQ,fbm0,ALREADY_OFF,offer already on DEFAULT
2026-08-18T09:51:11+00:00,SE,LIBERIA-5GB-30D,B0FR9SJ1YH,fbm0,ALREADY_OFF,offer already on DEFAULT
2026-08-18T09:51:12+00:00,SE,LIECHTENSTEIN-3GB-15D,B0FR9S35ZH,fbm0,ALREADY_OFF,offer already on DEFAULT
2026-08-18T09:51:14+00:00,SE,LITHUANIA-3GB-15D,B0FR9KS3P4,fbm0,ALREADY_OFF,offer already on DEFAULT
2026-08-18T09:51:15+00:00,SE,LITHUANIA-5GB-30D,B0FR9R598C,fbm0,ALREADY_OFF,offer already on DEFAULT
2026-08-18T09:51:16+00:00,SE,LITHUANIA-20GB-30D,B0FR9TQN8N,fbm0,ALREADY_OFF,offer already on DEFAULT
2026-08-18T09:51:18+00:00,SE,LUXEMBOURG-3GB-15D,B0FR9SHRKM,fbm0,ALREADY_OFF,offer already on DEFAULT
2026-08-18T09:51:19+00:00,SE,LUXEMBOURG-5GB-30D,B0FR9SB862,fbm0,ALREADY_OFF,offer already on DEFAULT
2026-08-18T09:51:20+00:00,SE,LUXEMBOURG-20GB-30D,B0FR8XXXZB,fbm0,ALREADY_OFF,offer already on DEFAULT
2026-08-18T09:51:22+00:00,SE,MACAO-3GB-15D,B0FR9M485M,fbm0,ALREADY_OFF,offer already on DEFAULT
2026-08-18T09:51:23+00:00,SE,MACAO-5GB-30D,B0FR9L9624,fbm0,ALREADY_OFF,offer already on DEFAULT
2026-08-18T09:51:25+00:00,SE,MACAO-20GB-30D,B0FR9CDBN2,fbm0,ALREADY_OFF,offer already on DEFAULT
2026-08-18T09:51:26+00:00,SE,MADAGASCAR-3GB-15D,B0FR9H2NS1,fbm0,ALREADY_OFF,offer already on DEFAULT
2026-08-18T09:51:28+00:00,SE,MALAWI-3GB-15D,B0FR9H3JDK,fbm0,ALREADY_OFF,offer already on DEFAULT
2026-08-18T09:51:29+00:00,SE,MALAWI-5GB-30D,B0FR9GXY24,fbm0,ALREADY_OFF,offer already on DEFAULT
2026-08-18T09:51:30+00:00,SE,MALAYSIA-3GB-15D,B0FR9H1Q65,fbm0,ALREADY_OFF,offer already on DEFAULT
2026-08-18T09:51:32+00:00,SE,MALAYSIA-5GB-30D,B0FR9LDGX8,fbm0,ALREADY_OFF,offer already on DEFAULT
2026-08-18T09:51:33+00:00,SE,MALAYSIA-20GB-30D,B0FR9VMWYD,fbm0,ALREADY_OFF,offer already on DEFAULT
2026-08-18T09:51:34+00:00,SE,MALI-3GB-15D,B0FR9TRDSY,fbm0,ALREADY_OFF,offer already on DEFAULT
2026-08-18T09:51:36+00:00,SE,MALTA-3GB-15D,B0FR9M3PNR,fbm0,ALREADY_OFF,offer already on DEFAULT
2026-08-18T09:51:37+00:00,SE,MALTA-5GB-30D,B0FR9ZSMTC,fbm0,ALREADY_OFF,offer already on DEFAULT
2026-08-18T09:51:38+00:00,SE,MALTA-20GB-30D,B0FR9VL1Q9,fbm0,ALREADY_OFF,offer already on DEFAULT
2026-08-18T09:51:40+00:00,SE,MEXICO-3GB-15D,B0FR9SZSTG,fbm0,ALREADY_OFF,offer already on DEFAULT
2026-08-18T09:51:41+00:00,SE,MEXICO-5GB-30D,B0FR9H2K1C,fbm0,ALREADY_OFF,offer already on DEFAULT
2026-08-18T09:51:42+00:00,SE,MEXICO-20GB-30D,B0FR9VDSJX,fbm0,ALREADY_OFF,offer already on DEFAULT
2026-08-18T09:51:44+00:00,SE,MIDDLE-EAST-5GB-30D,B0FR9SYKP6,fbm0,ALREADY_OFF,offer already on DEFAULT
2026-08-18T09:51:45+00:00,SE,MOLDOVA-3GB-15D,B0FR9CFQYY,fbm0,ALREADY_OFF,offer already on DEFAULT
2026-08-18T09:51:46+00:00,SE,MONACO-3GB-15D,B0FR9ZS6GM,fbm0,ALREADY_OFF,offer already on DEFAULT
2026-08-18T09:51:48+00:00,SE,MONACO-5GB-30D,B0FR9H1H4M,fbm0,ALREADY_OFF,offer already on DEFAULT
2026-08-18T09:51:49+00:00,SE,MONGOLIA-3GB-15D,B0FR9LSYTX,fbm0,ALREADY_OFF,offer already on DEFAULT
2026-08-18T09:51:50+00:00,SE,MONTENEGRO-3GB-15D,B0FR9R5HR7,fbm0,ALREADY_OFF,offer already on DEFAULT
2026-08-18T09:51:52+00:00,SE,MOROCCO-3GB-15D,B0FR9CFZQR,fbm0,ALREADY_OFF,offer already on DEFAULT
2026-08-18T09:51:53+00:00,SE,MOROCCO-5GB-30D,B0FR9CDDQ8,fbm0,ALREADY_OFF,offer already on DEFAULT
2026-08-18T09:51:54+00:00,SE,MOROCCO-20GB-30D,B0FR9M57DY,fbm0,ALREADY_OFF,offer already on DEFAULT
2026-08-18T09:51:55+00:00,SE,MOZAMBIQUE-3GB-15D,B0FRB1M6HK,fbm0,ALREADY_OFF,offer already on DEFAULT
2026-08-18T09:51:57+00:00,SE,MOZAMBIQUE-20GB-30D,B0FR9CFLS7,fbm0,ALREADY_OFF,offer already on DEFAULT
2026-08-18T09:51:58+00:00,SE,NEPAL-3GB-15D,B0FRB1TD7L,fbm0,ALREADY_OFF,offer already on DEFAULT
2026-08-18T09:51:59+00:00,SE,NETHERLANDS-3GB-15D,B0FRB5GNM2,fbm0,ALREADY_OFF,offer already on DEFAULT
2026-08-18T09:52:00+00:00,SE,NETHERLANDS-5GB-30D,B0FR9NHP7Q,fbm0,ALREADY_OFF,offer already on DEFAULT
2026-08-18T09:52:01+00:00,SE,NETHERLANDS-20GB-30D,B0FR9NG7LB,fbm0,ALREADY_OFF,offer already on DEFAULT
2026-08-18T09:52:03+00:00,SE,NEW-ZEALAND-3GB-15D,B0FR9NKXF5,fbm0,ALREADY_OFF,offer already on DEFAULT
2026-08-18T09:52:04+00:00,SE,NEW-ZEALAND-5GB-30D,B0FR9NHFWQ,fbm0,ALREADY_OFF,offer already on DEFAULT
2026-08-18T09:52:05+00:00,SE,NEW-ZEALAND-20GB-30D,B0FRB1TWT8,fbm0,ALREADY_OFF,offer already on DEFAULT
2026-08-18T09:52:07+00:00,SE,NICARAGUA-3GB-15D,B0FRB33MPG,fbm0,ALREADY_OFF,offer already on DEFAULT
2026-08-18T09:52:08+00:00,SE,NIGER-3GB-15D,B0FR9NPT1H,fbm0,ALREADY_OFF,offer already on DEFAULT
2026-08-18T09:52:09+00:00,SE,NIGERIA-3GB-15D,B0FR9X17QY,fbm0,ALREADY_OFF,offer already on DEFAULT
2026-08-18T09:52:11+00:00,SE,NORTH-AMERICA-5GB-30D,B0FRBDQ8H5,fbm0,ALREADY_OFF,offer already on DEFAULT
2026-08-18T09:52:12+00:00,SE,NORTH-MACEDONIA-3GB-15D,B0FRB59DJS,fbm0,ALREADY_OFF,offer already on DEFAULT
2026-08-18T09:52:13+00:00,SE,NORTH-MACEDONIA-5GB-30D,B0FR9WNHHX,fbm0,ALREADY_OFF,offer already on DEFAULT
2026-08-18T09:52:14+00:00,SE,NORWAY-3GB-15D,B0FR9WNK2H,fbm0,ALREADY_OFF,offer already on DEFAULT
2026-08-18T09:52:16+00:00,SE,NORWAY-5GB-30D,B0FRBNPZ9D,fbm0,ALREADY_OFF,offer already on DEFAULT
2026-08-18T09:52:17+00:00,SE,NORWAY-20GB-30D,B0FRB572L8,fbm0,ALREADY_OFF,offer already on DEFAULT
2026-08-18T09:52:18+00:00,SE,OMAN-3GB-15D,B0FRB4BL4W,fbm0,ALREADY_OFF,offer already on DEFAULT
2026-08-18T09:52:19+00:00,SE,OMAN-20GB-30D,B0FRB4R3FK,fbm0,ALREADY_OFF,offer already on DEFAULT
2026-08-18T09:52:21+00:00,SE,PAKISTAN-3GB-15D,B0FRB4HL3B,fbm0,ALREADY_OFF,offer already on DEFAULT
2026-08-18T09:52:22+00:00,SE,PAKISTAN-5GB-30D,B0FRB48QKZ,fbm0,ALREADY_OFF,offer already on DEFAULT
2026-08-18T09:52:24+00:00,SE,PAKISTAN-20GB-30D,B0FRB691X8,fbm0,ALREADY_OFF,offer already on DEFAULT
2026-08-18T09:52:25+00:00,SE,PANAMA-3GB-15D,B0FRB3VFW6,fbm0,ALREADY_OFF,offer already on DEFAULT
2026-08-18T09:52:26+00:00,SE,PARAGUAY-3GB-15D,B0FRB3V7CS,fbm0,ALREADY_OFF,offer already on DEFAULT
2026-08-18T09:52:27+00:00,SE,PHILIPPINES-3GB-15D,B0FRB1GVXK,fbm0,ALREADY_OFF,offer already on DEFAULT
2026-08-18T09:52:29+00:00,SE,PHILIPPINES-5GB-30D,B0FRB4VCKG,fbm0,ALREADY_OFF,offer already on DEFAULT
2026-08-18T09:52:30+00:00,SE,PHILIPPINES-20GB-30D,B0FRB4K2D4,fbm0,ALREADY_OFF,offer already on DEFAULT
2026-08-18T09:52:31+00:00,SE,POLAND-3GB-15D,B0FRB4JVKR,fbm0,ALREADY_OFF,offer already on DEFAULT
2026-08-18T09:52:33+00:00,SE,POLAND-5GB-30D,B0FRBDPQ9J,fbm0,ALREADY_OFF,offer already on DEFAULT
2026-08-18T09:52:34+00:00,SE,POLAND-20GB-30D,B0FRB5HSK7,fbm0,ALREADY_OFF,offer already on DEFAULT
2026-08-18T09:52:35+00:00,SE,PORTUGAL-3GB-15D,B0FRB4314T,fbm0,ALREADY_OFF,offer already on DEFAULT
2026-08-18T09:52:36+00:00,SE,PORTUGAL-5GB-30D,B0FRB4X799,fbm0,ALREADY_OFF,offer already on DEFAULT
2026-08-18T09:52:38+00:00,SE,PORTUGAL-20GB-30D,B0FRB354KV,fbm0,ALREADY_OFF,offer already on DEFAULT
2026-08-18T09:52:39+00:00,SE,PUERTO-RICO-3GB-15D,B0FRB5MSF1,fbm0,ALREADY_OFF,offer already on DEFAULT
2026-08-18T09:52:40+00:00,SE,PUERTO-RICO-5GB-30D,B0FR9WMX9V,fbm0,ALREADY_OFF,offer already on DEFAULT
2026-08-18T09:52:41+00:00,SE,QATAR-3GB-15D,B0FR9NXH43,fbm0,ALREADY_OFF,offer already on DEFAULT
2026-08-18T09:52:42+00:00,SE,QATAR-5GB-30D,B0FR9X5KB1,fbm0,ALREADY_OFF,offer already on DEFAULT
2026-08-18T09:52:44+00:00,SE,QATAR-20GB-30D,B0FR9X3QGM,fbm0,ALREADY_OFF,offer already on DEFAULT
2026-08-18T09:52:45+00:00,SE,REUNION-3GB-15D,B0FRB3KCNQ,fbm0,ALREADY_OFF,offer already on DEFAULT
2026-08-18T09:52:46+00:00,SE,REUNION-5GB-30D,B0FRB47TQW,fbm0,ALREADY_OFF,offer already on DEFAULT
2026-08-18T09:52:48+00:00,SE,SAUDI-ARABIA-3GB-15D,B0FRB3N2KL,fbm0,ALREADY_OFF,offer already on DEFAULT
2026-08-18T09:52:49+00:00,SE,SAUDI-ARABIA-5GB-30D,B0FRB1SRZY,fbm0,ALREADY_OFF,offer already on DEFAULT
2026-08-18T09:52:50+00:00,SE,SAUDI-ARABIA-20GB-30D,B0FRB5PZTS,fbm0,ALREADY_OFF,offer already on DEFAULT
2026-08-18T09:52:52+00:00,SE,SENEGAL-3GB-15D,B0FRB4HX92,fbm0,ALREADY_OFF,offer already on DEFAULT
2026-08-18T09:52:53+00:00,SE,SENEGAL-5GB-30D,B0FRB68H77,fbm0,ALREADY_OFF,offer already on DEFAULT
2026-08-18T09:52:54+00:00,SE,SERBIA-3GB-15D,B0FRB5TJV2,fbm0,ALREADY_OFF,offer already on DEFAULT
2026-08-18T09:52:55+00:00,SE,SERBIA-20GB-30D,B0FRB5K8JC,fbm0,ALREADY_OFF,offer already on DEFAULT
2026-08-18T09:52:57+00:00,SE,SEYCHELLES-3GB-15D,B0FRB55T3H,fbm0,ALREADY_OFF,offer already on DEFAULT
2026-08-18T09:52:58+00:00,SE,SEYCHELLES-5GB-30D,B0FR9P7N6M,fbm0,ALREADY_OFF,offer already on DEFAULT
2026-08-18T09:52:59+00:00,SE,SINGAPORE-5GB-30D,B0FR9X3Y3R,fbm0,ALREADY_OFF,offer already on DEFAULT
2026-08-18T09:53:00+00:00,SE,SINGAPORE-20GB-30D,B0FRB256K8,fbm0,ALREADY_OFF,offer already on DEFAULT
2026-08-18T09:53:02+00:00,SE,SLOVAKIA-3GB-15D,B0FR9XC4BW,fbm0,ALREADY_OFF,offer already on DEFAULT
2026-08-18T09:53:03+00:00,SE,SLOVAKIA-5GB-30D,B0FRB2X84M,fbm0,ALREADY_OFF,offer already on DEFAULT
2026-08-18T09:53:04+00:00,SE,SLOVAKIA-20GB-30D,B0FRB14YYC,fbm0,ALREADY_OFF,offer already on DEFAULT
2026-08-18T09:53:05+00:00,SE,SLOVENIA-3GB-15D,B0FR9XCF27,fbm0,ALREADY_OFF,offer already on DEFAULT
2026-08-18T09:53:07+00:00,SE,SLOVENIA-5GB-30D,B0FRB3SJMR,fbm0,ALREADY_OFF,offer already on DEFAULT
2026-08-18T09:53:08+00:00,SE,SLOVENIA-20GB-30D,B0FR9X15V2,fbm0,ALREADY_OFF,offer already on DEFAULT
2026-08-18T09:53:09+00:00,SE,SOUTH-AMERICA-5GB-30D,B0FRB8D7HC,fbm0,ALREADY_OFF,offer already on DEFAULT
2026-08-18T09:53:10+00:00,SE,SOUTH-KOREA-3GB-15D,B0FRC4RTDF,fbm0,ALREADY_OFF,offer already on DEFAULT
2026-08-18T09:53:11+00:00,SE,SOUTH-KOREA-5GB-30D,B0FRD9LC4C,fbm0,ALREADY_OFF,offer already on DEFAULT
2026-08-18T09:53:12+00:00,SE,SOUTH-KOREA-20GB-30D,B0FRC4P51Z,fbm0,ALREADY_OFF,offer already on DEFAULT
2026-08-18T09:53:14+00:00,SE,SPAIN-3GB-15D,B0FRCDHTZ7,fbm0,ALREADY_OFF,offer already on DEFAULT
2026-08-18T09:53:15+00:00,SE,SPAIN-5GB-30D,B0FRBQCLZN,fbm0,ALREADY_OFF,offer already on DEFAULT
2026-08-18T09:53:16+00:00,SE,SPAIN-20GB-30D,B0FRCMPGPL,fbm0,ALREADY_OFF,offer already on DEFAULT
2026-08-18T09:53:17+00:00,SE,SRI-LANKA-3GB-15D,B0FRB7Z1NW,fbm0,ALREADY_OFF,offer already on DEFAULT
2026-08-18T09:53:18+00:00,SE,SRI-LANKA-5GB-30D,B0FRB64B8M,fbm0,ALREADY_OFF,offer already on DEFAULT
2026-08-18T09:53:20+00:00,SE,SRI-LANKA-20GB-30D,B0FRC2DZN5,fbm0,ALREADY_OFF,offer already on DEFAULT
2026-08-18T09:53:21+00:00,SE,SUDAN-3GB-15D,B0FRCKTXNQ,fbm0,ALREADY_OFF,offer already on DEFAULT
2026-08-18T09:53:22+00:00,SE,SUDAN-5GB-30D,B0FRC799N3,fbm0,ALREADY_OFF,offer already on DEFAULT
2026-08-18T09:53:24+00:00,SE,SWEDEN-3GB-15D,B0FRCC6W9S,fbm0,ALREADY_OFF,offer already on DEFAULT
2026-08-18T09:53:25+00:00,SE,SWEDEN-5GB-30D,B0FRCS524D,fbm0,ALREADY_OFF,offer already on DEFAULT
2026-08-18T09:53:26+00:00,SE,SWEDEN-20GB-30D,B0FRB7X5SP,fbm0,ALREADY_OFF,offer already on DEFAULT
2026-08-18T09:53:28+00:00,SE,SWITZERLAND-3GB-15D,B0FRB5LFVC,fbm0,ALREADY_OFF,offer already on DEFAULT
2026-08-18T09:53:29+00:00,SE,SWITZERLAND-5GB-30D,B0FRB7G4VW,fbm0,ALREADY_OFF,offer already on DEFAULT
2026-08-18T09:53:30+00:00,SE,SWITZERLAND-20GB-30D,B0FRB6VY7S,fbm0,ALREADY_OFF,offer already on DEFAULT
2026-08-18T09:53:32+00:00,SE,TANZANIA-3GB-15D,B0FRC81NPJ,fbm0,ALREADY_OFF,offer already on DEFAULT
2026-08-18T09:53:33+00:00,SE,THAILAND-3GB-15D,B0FRCDPJSH,fbm0,ALREADY_OFF,offer already on DEFAULT
2026-08-18T09:53:34+00:00,SE,THAILAND-5GB-30D,B0FR9Q5D1J,fbm0,ALREADY_OFF,offer already on DEFAULT
2026-08-18T09:53:36+00:00,SE,THAILAND-20GB-30D,B0FRCHW3MW,fbm0,ALREADY_OFF,offer already on DEFAULT
2026-08-18T09:53:37+00:00,SE,TUNISIA-5GB-30D,B0FRB7Q96Z,fbm0,ALREADY_OFF,offer already on DEFAULT
2026-08-18T09:53:38+00:00,SE,TURKEY-3GB-15D,B0FRC2PSHM,fbm0,ALREADY_OFF,offer already on DEFAULT
2026-08-18T09:53:39+00:00,SE,TURKEY-5GB-30D,B0FRCBZ1BB,fbm0,ALREADY_OFF,offer already on DEFAULT
2026-08-18T09:53:41+00:00,SE,TURKEY-20GB-30D,B0FRCYMWCX,fbm0,ALREADY_OFF,offer already on DEFAULT
2026-08-18T09:53:42+00:00,SE,UGANDA-3GB-15D,B0FRB7F7Z9,fbm0,ALREADY_OFF,offer already on DEFAULT
2026-08-18T09:53:43+00:00,SE,UKRAINE-3GB-15D,B0FRB9SBFR,fbm0,ALREADY_OFF,offer already on DEFAULT
2026-08-18T09:53:44+00:00,SE,UKRAINE-5GB-30D,B0FRC2NRKG,fbm0,ALREADY_OFF,offer already on DEFAULT
2026-08-18T09:53:46+00:00,SE,URUGUAY-3GB-15D,B0FRB7LHGN,fbm0,ALREADY_OFF,offer already on DEFAULT
2026-08-18T09:53:47+00:00,SE,UZBEKISTAN-5GB-30D,B0FRBWFZ6M,fbm0,ALREADY_OFF,offer already on DEFAULT
2026-08-18T09:53:48+00:00,SE,VIETNAM-3GB-15D,B0FRBR2DHW,fbm0,ALREADY_OFF,offer already on DEFAULT
2026-08-18T09:53:49+00:00,SE,VIETNAM-5GB-30D,B0FRCBXRGV,fbm0,ALREADY_OFF,offer already on DEFAULT
2026-08-18T09:53:51+00:00,SE,VIETNAM-20GB-30D,B0FRC2NKC4,fbm0,ALREADY_OFF,offer already on DEFAULT
2026-08-18T09:53:52+00:00,SE,ZAMBIA-5GB-30D,B0FRCL97L4,fbm0,ALREADY_OFF,offer already on DEFAULT
2026-08-18T09:53:53+00:00,SE,GAMBIA-3GB-15D,B0H2FTMBBQ,fbm0,ALREADY_OFF,offer already on DEFAULT
2026-08-18T09:53:54+00:00,SE,GAMBIA-5GB-30D,B0H2FQ3QJ9,fbm0,ALREADY_OFF,offer already on DEFAULT
2026-08-18T09:53:56+00:00,SE,MAURITIUS-5GB-30D,B0H2G2XMS3,fbm0,ALREADY_OFF,offer already on DEFAULT
2026-08-18T09:53:57+00:00,SE,AE_20_30,B0FRB7TFJR,fbm0,ALREADY_OFF,offer already on DEFAULT
2026-08-18T09:53:59+00:00,SE,AE_3_15,B0FRBBYBGH,fbm0,ALREADY_OFF,offer already on DEFAULT
2026-08-18T09:54:00+00:00,SE,AE_5_30,B0FRB89XHX,fbm0,ALREADY_OFF,offer already on DEFAULT
2026-08-18T09:54:01+00:00,SE,AF-29_5_30,B0FR3GK9Z7,fbm0,ALREADY_OFF,offer already on DEFAULT
2026-08-18T09:54:02+00:00,SE,AL_5_30,B0FR4ZG3Z6,fbm0,ALREADY_OFF,offer already on DEFAULT
2026-08-18T09:54:04+00:00,SE,AM_20_30,B0FR4ZT5XT,fbm0,ALREADY_OFF,offer already on DEFAULT
2026-08-18T09:54:05+00:00,SE,AM_3_15,B0FR5BK9R4,fbm0,ALREADY_OFF,offer already on DEFAULT
2026-08-18T09:54:06+00:00,SE,AR_20_30,B0FR5DCH33,fbm0,ALREADY_OFF,offer already on DEFAULT
2026-08-18T09:54:07+00:00,SE,AR_3_15,B0FR554SXN,fbm0,ALREADY_OFF,offer already on DEFAULT
2026-08-18T09:54:08+00:00,SE,AS-20_3_15,B0FR9FZ4RF,fbm0,ALREADY_OFF,offer already on DEFAULT
2026-08-18T09:54:10+00:00,SE,AS-20_5_30,B0FR9BQNSV,fbm0,ALREADY_OFF,offer already on DEFAULT
2026-08-18T09:54:11+00:00,SE,AT_20_30,B0FR8XBSBP,fbm0,ALREADY_OFF,offer already on DEFAULT
2026-08-18T09:54:12+00:00,SE,AT_3_15,B0FR9QSMSP,fbm0,ALREADY_OFF,offer already on DEFAULT
2026-08-18T09:54:14+00:00,SE,AT_5_30,B0FR8XCH78,fbm0,ALREADY_OFF,offer already on DEFAULT
2026-08-18T09:54:15+00:00,SE,AU_20_30,B0FR9G1ZQJ,fbm0,ALREADY_OFF,offer already on DEFAULT
2026-08-18T09:54:16+00:00,SE,AU_3_15,B0FR9SKY4D,fbm0,ALREADY_OFF,offer already on DEFAULT
2026-08-18T09:54:17+00:00,SE,AU_5_30,B0FR9JRB62,fbm0,ALREADY_OFF,offer already on DEFAULT
2026-08-18T09:54:18+00:00,SE,AX_20_30,B0FR39Q1KJ,fbm0,ALREADY_OFF,offer already on DEFAULT
2026-08-18T09:54:20+00:00,SE,AX_3_15,B0FR3CCSMB,fbm0,ALREADY_OFF,offer already on DEFAULT
2026-08-18T09:54:21+00:00,SE,AX_5_30,B0FR3G6JWB,fbm0,ALREADY_OFF,offer already on DEFAULT
2026-08-18T09:54:22+00:00,SE,AZ_3_15,B0FR9BTC98,fbm0,ALREADY_OFF,offer already on DEFAULT
2026-08-18T09:54:23+00:00,SE,BA_3_15,B0FR9G8ZVK,fbm0,ALREADY_OFF,offer already on DEFAULT
2026-08-18T09:54:25+00:00,SE,BD_20_30,B0FR8FJ3HJ,fbm0,ALREADY_OFF,offer already on DEFAULT
2026-08-18T09:54:26+00:00,SE,BD_3_15,B0FR9L7SG3,fbm0,ALREADY_OFF,offer already on DEFAULT
2026-08-18T09:54:27+00:00,SE,BD_5_30,B0FR9BQFCM,fbm0,ALREADY_OFF,offer already on DEFAULT
2026-08-18T09:54:28+00:00,SE,BE_20_30,B0FR9BVRCH,fbm0,ALREADY_OFF,offer already on DEFAULT
2026-08-18T09:54:29+00:00,SE,BE_3_15,B0FR9G432K,fbm0,ALREADY_OFF,offer already on DEFAULT
2026-08-18T09:54:31+00:00,SE,BE_5_30,B0FR9SXCW6,fbm0,ALREADY_OFF,offer already on DEFAULT
2026-08-18T09:54:32+00:00,SE,BF_3_15,B0FR9HWFSK,fbm0,ALREADY_OFF,offer already on DEFAULT
2026-08-18T09:54:33+00:00,SE,BF_5_30,B0FR9BWKSY,fbm0,ALREADY_OFF,offer already on DEFAULT
2026-08-18T09:54:34+00:00,SE,BH_3_15,B0FR9K64KF,fbm0,ALREADY_OFF,offer already on DEFAULT
2026-08-18T09:54:36+00:00,SE,BN_20_30,B0FR9F971C,fbm0,ALREADY_OFF,offer already on DEFAULT
2026-08-18T09:54:37+00:00,SE,BN_3_15,B0FR9KTJND,fbm0,ALREADY_OFF,offer already on DEFAULT
2026-08-18T09:54:38+00:00,SE,BO_20_30,B0FR9RH588,fbm0,ALREADY_OFF,offer already on DEFAULT
2026-08-18T09:54:39+00:00,SE,BO_3_15,B0FR8FKPKH,fbm0,ALREADY_OFF,offer already on DEFAULT
2026-08-18T09:54:41+00:00,SE,BR_20_30,B0FR9KLZCR,fbm0,ALREADY_OFF,offer already on DEFAULT
2026-08-18T09:54:42+00:00,SE,BR_3_15,B0FR9G5LKV,fbm0,ALREADY_OFF,offer already on DEFAULT
2026-08-18T09:54:43+00:00,SE,BW_3_15,B0FR9G7N2Q,fbm0,ALREADY_OFF,offer already on DEFAULT
2026-08-18T09:54:44+00:00,SE,BY_3_15,B0FR9G3Z82,fbm0,ALREADY_OFF,offer already on DEFAULT
2026-08-18T09:54:45+00:00,SE,BY_5_30,B0FR8FFT4D,fbm0,ALREADY_OFF,offer already on DEFAULT
2026-08-18T09:54:46+00:00,SE,CA_20_30,B0FR9BY42D,fbm0,ALREADY_OFF,offer already on DEFAULT
2026-08-18T09:54:47+00:00,SE,CA_3_15,B0FR9RZLF3,fbm0,ALREADY_OFF,offer already on DEFAULT
2026-08-18T09:54:49+00:00,SE,CA_5_30,B0FR9SYCBK,fbm0,ALREADY_OFF,offer already on DEFAULT
2026-08-18T09:54:50+00:00,SE,CF_3_15,B0FR9RK8FP,fbm0,ALREADY_OFF,offer already on DEFAULT
2026-08-18T09:54:51+00:00,SE,CF_5_30,B0FR9R3NMC,fbm0,ALREADY_OFF,offer already on DEFAULT
2026-08-18T09:54:53+00:00,SE,CH_20_30,B0FRB6VY7S,fbm0,ALREADY_OFF,offer already on DEFAULT
2026-08-18T09:54:54+00:00,SE,CH_3_15,B0FRB5LFVC,fbm0,ALREADY_OFF,offer already on DEFAULT
2026-08-18T09:54:55+00:00,SE,CH_5_30,B0FRB7G4VW,fbm0,ALREADY_OFF,offer already on DEFAULT
2026-08-18T09:54:57+00:00,SE,CI_3_15,B0FR9HW9DJ,fbm0,ALREADY_OFF,offer already on DEFAULT
2026-08-18T09:54:58+00:00,SE,CI_5_30,B0FR9V5LYJ,fbm0,ALREADY_OFF,offer already on DEFAULT
2026-08-18T09:54:59+00:00,SE,CL_3_15,B0FR9RY1RT,fbm0,ALREADY_OFF,offer already on DEFAULT
2026-08-18T09:55:01+00:00,SE,CM_3_15,B0FR9VJ1ZB,fbm0,ALREADY_OFF,offer already on DEFAULT
2026-08-18T09:55:02+00:00,SE,CN_20_30,B0FR9GD6X9,fbm0,ALREADY_OFF,offer already on DEFAULT
2026-08-18T09:55:03+00:00,SE,CN_3_15,B0FR9QZ578,fbm0,ALREADY_OFF,offer already on DEFAULT
2026-08-18T09:55:05+00:00,SE,CN_5_30,B0FR9HX7XH,fbm0,ALREADY_OFF,offer already on DEFAULT
2026-08-18T09:55:06+00:00,SE,CO_3_15,B0FR9RL8W5,fbm0,ALREADY_OFF,offer already on DEFAULT
2026-08-18T09:55:07+00:00,SE,CR_3_15,B0FR9LNRMN,fbm0,ALREADY_OFF,offer already on DEFAULT
2026-08-18T09:55:09+00:00,SE,CY_3_15,B0FR8XJWWG,fbm0,ALREADY_OFF,offer already on DEFAULT
2026-08-18T09:55:10+00:00,SE,CY_5_30,B0FR8XHWZV,fbm0,ALREADY_OFF,offer already on DEFAULT
2026-08-18T09:55:12+00:00,SE,CZ_20_30,B0FR9SVN9H,fbm0,ALREADY_OFF,offer already on DEFAULT
2026-08-18T09:55:13+00:00,SE,CZ_5_30,B0FR9BY2LF,fbm0,ALREADY_OFF,offer already on DEFAULT
2026-08-18T09:55:14+00:00,SE,DE_20_30,B0GSZP9H94,fbm0,ALREADY_OFF,offer already on DEFAULT
2026-08-18T09:55:15+00:00,SE,DE_3_15,B0GSZBMLKV,fbm0,ALREADY_OFF,offer already on DEFAULT
2026-08-18T09:55:17+00:00,SE,DE_5_30,B0GSZDYWLZ,fbm0,ALREADY_OFF,offer already on DEFAULT
2026-08-18T09:55:18+00:00,SE,DK_20_30,B0FR9QPF45,fbm0,ALREADY_OFF,offer already on DEFAULT
2026-08-18T09:55:20+00:00,SE,DK_3_15,B0FR9GSNP4,fbm0,ALREADY_OFF,offer already on DEFAULT
2026-08-18T09:55:21+00:00,SE,DK_5_30,B0FR8XQYR4,fbm0,ALREADY_OFF,offer already on DEFAULT
2026-08-18T09:55:22+00:00,SE,DO_20_30,B0FR9C6DJF,fbm0,ALREADY_OFF,offer already on DEFAULT
2026-08-18T09:55:24+00:00,SE,DO_3_15,B0FR9GSKZF,fbm0,ALREADY_OFF,offer already on DEFAULT
2026-08-18T09:55:25+00:00,SE,DO_5_30,B0FR9GQKCM,fbm0,ALREADY_OFF,offer already on DEFAULT
2026-08-18T09:55:26+00:00,SE,EC_3_15,B0FR9RM6MP,fbm0,ALREADY_OFF,offer already on DEFAULT
2026-08-18T09:55:28+00:00,SE,EE_20_30,B0FR9L527N,fbm0,ALREADY_OFF,offer already on DEFAULT
2026-08-18T09:55:29+00:00,SE,EE_3_15,B0FR9GST1S,fbm0,ALREADY_OFF,offer already on DEFAULT
2026-08-18T09:55:30+00:00,SE,EE_5_30,B0FR9GQYKB,fbm0,ALREADY_OFF,offer already on DEFAULT
2026-08-18T09:55:32+00:00,SE,EG_20_30,B0FR9GQBGL,fbm0,ALREADY_OFF,offer already on DEFAULT
2026-08-18T09:55:33+00:00,SE,EG_3_15,B0FR9C784N,fbm0,ALREADY_OFF,offer already on DEFAULT
2026-08-18T09:55:34+00:00,SE,EG_3_30,B0FR9GNL93,fbm0,ALREADY_OFF,offer already on DEFAULT
2026-08-18T09:55:35+00:00,SE,EG_5_30,B0FR9LR5KJ,fbm0,ALREADY_OFF,offer already on DEFAULT
2026-08-18T09:55:37+00:00,SE,ES_20_30,B0FRCMPGPL,fbm0,ALREADY_OFF,offer already on DEFAULT
2026-08-18T09:55:38+00:00,SE,ES_3_15,B0FRCDHTZ7,fbm0,ALREADY_OFF,offer already on DEFAULT
2026-08-18T09:55:39+00:00,SE,ES_5_30,B0FRBQCLZN,fbm0,ALREADY_OFF,offer already on DEFAULT
2026-08-18T09:55:41+00:00,SE,EU-42_20_30,B0FR9TNPV3,fbm0,ALREADY_OFF,offer already on DEFAULT
2026-08-18T09:55:42+00:00,SE,EU-42_5_30,B0FR9RYSSS,fbm0,ALREADY_OFF,offer already on DEFAULT
2026-08-18T09:55:43+00:00,SE,FI_3_15,B0FR9GSND6,fbm0,ALREADY_OFF,offer already on DEFAULT
2026-08-18T09:55:44+00:00,SE,FI_5_30,B0FR9SB3BJ,fbm0,ALREADY_OFF,offer already on DEFAULT
2026-08-18T09:55:46+00:00,SE,FR_20_30,B0FR9GPMC5,fbm0,ALREADY_OFF,offer already on DEFAULT
2026-08-18T09:55:47+00:00,SE,FR_3_15,B0FR9C5ZB6,fbm0,ALREADY_OFF,offer already on DEFAULT
2026-08-18T09:55:48+00:00,SE,FR_5_30,B0FR9LMDW5,fbm0,ALREADY_OFF,offer already on DEFAULT
2026-08-18T09:55:49+00:00,SE,GA_3_15,B0FR9GPX9T,fbm0,ALREADY_OFF,offer already on DEFAULT
2026-08-18T09:55:51+00:00,SE,GB_20_30,B0FRDGCBTN,fbm0,ALREADY_OFF,offer already on DEFAULT
2026-08-18T09:55:52+00:00,SE,GB_3_15,B0FRCPD8TS,fbm0,ALREADY_OFF,offer already on DEFAULT
2026-08-18T09:55:54+00:00,SE,GB_5_30,B0FRDDRGJF,fbm0,ALREADY_OFF,offer already on DEFAULT
2026-08-18T09:55:55+00:00,SE,GE_20_30,B0FR9C73NK,fbm0,ALREADY_OFF,offer already on DEFAULT
2026-08-18T09:55:56+00:00,SE,GE_3_15,B0FR9KMX2N,fbm0,ALREADY_OFF,offer already on DEFAULT
2026-08-18T09:55:57+00:00,SE,GG_20_30,B0FR9LYWWY,fbm0,ALREADY_OFF,offer already on DEFAULT
2026-08-18T09:55:59+00:00,SE,GG_3_15,B0FR9SMWDN,fbm0,ALREADY_OFF,offer already on DEFAULT
2026-08-18T09:56:00+00:00,SE,GG_5_30,B0FR9C5PXR,fbm0,ALREADY_OFF,offer already on DEFAULT
2026-08-18T09:56:01+00:00,SE,GI_3_15,B0FR8XSPMC,fbm0,ALREADY_OFF,offer already on DEFAULT
2026-08-18T09:56:03+00:00,SE,GL-139_5_30,B0FR9VNTLY,fbm0,ALREADY_OFF,offer already on DEFAULT
2026-08-18T09:56:04+00:00,SE,GP_20_30,B0FR8XTBF6,fbm0,ALREADY_OFF,offer already on DEFAULT
2026-08-18T09:56:05+00:00,SE,GP_3_15,B0FR9TMVWK,fbm0,ALREADY_OFF,offer already on DEFAULT
2026-08-18T09:56:07+00:00,SE,GR_20_30,B0FR9KJGBG,fbm0,ALREADY_OFF,offer already on DEFAULT
2026-08-18T09:56:08+00:00,SE,GR_3_15,B0FR9L85F6,fbm0,ALREADY_OFF,offer already on DEFAULT
2026-08-18T09:56:09+00:00,SE,GR_5_30,B0FR9C7SMF,fbm0,ALREADY_OFF,offer already on DEFAULT
2026-08-18T09:56:11+00:00,SE,GT_3_15,B0FR9VC6VD,fbm0,ALREADY_OFF,offer already on DEFAULT
2026-08-18T09:56:12+00:00,SE,GU_20_30,B0FR9C7MGP,fbm0,ALREADY_OFF,offer already on DEFAULT
2026-08-18T09:56:13+00:00,SE,GU_3_15,B0FR9GVSSF,fbm0,ALREADY_OFF,offer already on DEFAULT
2026-08-18T09:56:15+00:00,SE,GU_5_30,B0FR9SVP8Y,fbm0,ALREADY_OFF,offer already on DEFAULT
2026-08-18T09:56:16+00:00,SE,HK_20_30,B0FR9GXZ6F,fbm0,ALREADY_OFF,offer already on DEFAULT
2026-08-18T09:56:17+00:00,SE,HK_3_15,B0FR9CC6Q8,fbm0,ALREADY_OFF,offer already on DEFAULT
2026-08-18T09:56:19+00:00,SE,HK_5_30,B0FR9GXYYL,fbm0,ALREADY_OFF,offer already on DEFAULT
2026-08-18T09:56:20+00:00,SE,HN_3_15,B0FR9ZYV5G,fbm0,ALREADY_OFF,offer already on DEFAULT
2026-08-18T09:56:21+00:00,SE,HR_20_30,B0FR9TYCSL,fbm0,ALREADY_OFF,offer already on DEFAULT
2026-08-18T09:56:23+00:00,SE,HR_3_15,B0FR9GDKT1,fbm0,ALREADY_OFF,offer already on DEFAULT
2026-08-18T09:56:24+00:00,SE,HR_5_30,B0FR9BVV58,fbm0,ALREADY_OFF,offer already on DEFAULT
2026-08-18T09:56:26+00:00,SE,HU_20_30,B0FR9ZVYYQ,fbm0,ALREADY_OFF,offer already on DEFAULT
2026-08-18T09:56:27+00:00,SE,HU_3_15,B0FR9C9JVW,fbm0,ALREADY_OFF,offer already on DEFAULT
2026-08-18T09:56:28+00:00,SE,HU_5_30,B0FR9GY3R5,fbm0,ALREADY_OFF,offer already on DEFAULT
2026-08-18T09:56:29+00:00,SE,ID_20_30,B0FR9QXRDQ,fbm0,ALREADY_OFF,offer already on DEFAULT
2026-08-18T09:56:31+00:00,SE,ID_3_15,B0FR9T6QPZ,fbm0,ALREADY_OFF,offer already on DEFAULT
2026-08-18T09:56:32+00:00,SE,ID_5_30,B0FR8XW5DR,fbm0,ALREADY_OFF,offer already on DEFAULT
2026-08-18T09:56:33+00:00,SE,IE_20_30,B0FR9SZG2Z,fbm0,ALREADY_OFF,offer already on DEFAULT
2026-08-18T09:56:34+00:00,SE,IE_3_15,B0FR8XV57F,fbm0,ALREADY_OFF,offer already on DEFAULT
2026-08-18T09:56:36+00:00,SE,IE_5_30,B0FR9GYKQL,fbm0,ALREADY_OFF,offer already on DEFAULT
2026-08-18T09:56:37+00:00,SE,IL_20_30,B0FR9K8SQ1,fbm0,ALREADY_OFF,offer already on DEFAULT
2026-08-18T09:56:38+00:00,SE,IL_3_15,B0FR9M11H1,fbm0,ALREADY_OFF,offer already on DEFAULT
2026-08-18T09:56:40+00:00,SE,IL_5_30,B0FR8XVZZM,fbm0,ALREADY_OFF,offer already on DEFAULT
2026-08-18T09:56:41+00:00,SE,IM_20_30,B0FR9CB5LK,fbm0,ALREADY_OFF,offer already on DEFAULT
2026-08-18T09:56:42+00:00,SE,IM_3_15,B0FR9LZ7RL,fbm0,ALREADY_OFF,offer already on DEFAULT
2026-08-18T09:56:44+00:00,SE,IM_5_30,B0FR9M27XY,fbm0,ALREADY_OFF,offer already on DEFAULT
2026-08-18T09:56:45+00:00,SE,IN_20_30,B0FR9DYMHX,fbm0,ALREADY_OFF,offer already on DEFAULT
2026-08-18T09:56:46+00:00,SE,IN_3_15,B0FR9ZM116,fbm0,ALREADY_OFF,offer already on DEFAULT
2026-08-18T09:56:47+00:00,SE,IN_5_30,B0FR9GXWN9,fbm0,ALREADY_OFF,offer already on DEFAULT
2026-08-18T09:56:49+00:00,SE,IS_20_30,B0FR9GX6LF,fbm0,ALREADY_OFF,offer already on DEFAULT
2026-08-18T09:56:50+00:00,SE,IS_3_15,B0FR9TBBK1,fbm0,ALREADY_OFF,offer already on DEFAULT
2026-08-18T09:56:51+00:00,SE,IS_5_30,B0FR9ZWQBD,fbm0,ALREADY_OFF,offer already on DEFAULT
2026-08-18T09:56:53+00:00,SE,IT_20_30,B0FR9RNZV2,fbm0,ALREADY_OFF,offer already on DEFAULT
2026-08-18T09:56:54+00:00,SE,IT_3_15,B0FR9GXZ18,fbm0,ALREADY_OFF,offer already on DEFAULT
2026-08-18T09:56:55+00:00,SE,IT_5_30,B0FR9ZR2TH,fbm0,ALREADY_OFF,offer already on DEFAULT
2026-08-18T09:56:57+00:00,SE,JE_20_30,B0FR9CBQDH,fbm0,ALREADY_OFF,offer already on DEFAULT
2026-08-18T09:56:58+00:00,SE,JE_3_15,B0FR9GYMR5,fbm0,ALREADY_OFF,offer already on DEFAULT
2026-08-18T09:56:59+00:00,SE,JE_5_30,B0FR9M27GP,fbm0,ALREADY_OFF,offer already on DEFAULT
2026-08-18T09:57:00+00:00,SE,JO_20_30,B0FR9ST188,fbm0,ALREADY_OFF,offer already on DEFAULT
2026-08-18T09:57:02+00:00,SE,JO_3_15,B0FR9M144Z,fbm0,ALREADY_OFF,offer already on DEFAULT
2026-08-18T09:57:03+00:00,SE,JO_5_30,B0FR9ZTZNK,fbm0,ALREADY_OFF,offer already on DEFAULT
2026-08-18T09:57:04+00:00,SE,JP_20_30,B0FR9RZKRB,fbm0,ALREADY_OFF,offer already on DEFAULT
2026-08-18T09:57:06+00:00,SE,JP_3_15,B0FR9LVZVQ,fbm0,ALREADY_OFF,offer already on DEFAULT
2026-08-18T09:57:07+00:00,SE,JP_5_30,B0FR9TLXXH,fbm0,ALREADY_OFF,offer already on DEFAULT
2026-08-18T09:57:08+00:00,SE,KE_3_15,B0FR9GZ14G,fbm0,ALREADY_OFF,offer already on DEFAULT
2026-08-18T09:57:09+00:00,SE,KE_5_30,B0FR9T4DG6,fbm0,ALREADY_OFF,offer already on DEFAULT
2026-08-18T09:57:10+00:00,SE,KG_20_30,B0FR8XXBHM,fbm0,ALREADY_OFF,offer already on DEFAULT
2026-08-18T09:57:12+00:00,SE,KG_3_15,B0FR9TVF4R,fbm0,ALREADY_OFF,offer already on DEFAULT
2026-08-18T09:57:13+00:00,SE,KH_20_30,B0FR9GFJPL,fbm0,ALREADY_OFF,offer already on DEFAULT
2026-08-18T09:57:14+00:00,SE,KH_3_15,B0FR8XKMJ4,fbm0,ALREADY_OFF,offer already on DEFAULT
2026-08-18T09:57:16+00:00,SE,KR_20_30,B0FRC4P51Z,fbm0,ALREADY_OFF,offer already on DEFAULT
2026-08-18T09:57:17+00:00,SE,KR_3_15,B0FRC4RTDF,fbm0,ALREADY_OFF,offer already on DEFAULT
2026-08-18T09:57:18+00:00,SE,KR_5_30,B0FRD9LC4C,fbm0,ALREADY_OFF,offer already on DEFAULT
2026-08-18T09:57:19+00:00,SE,KW_20_30,B0FR9KBF4P,fbm0,ALREADY_OFF,offer already on DEFAULT
2026-08-18T09:57:21+00:00,SE,KW_3_15,B0FR9LZJ3X,fbm0,ALREADY_OFF,offer already on DEFAULT
2026-08-18T09:57:22+00:00,SE,KW_5_30,B0FR9M2TXP,fbm0,ALREADY_OFF,offer already on DEFAULT
2026-08-18T09:57:23+00:00,SE,KZ_20_30,B0FR9TLNNW,fbm0,ALREADY_OFF,offer already on DEFAULT
2026-08-18T09:57:25+00:00,SE,KZ_3_15,B0FR9T4DG2,fbm0,ALREADY_OFF,offer already on DEFAULT
2026-08-18T09:57:26+00:00,SE,KZ_5_30,B0FR9ZMMSH,fbm0,ALREADY_OFF,offer already on DEFAULT
2026-08-18T09:57:27+00:00,SE,LI_3_15,B0FR9S35ZH,fbm0,ALREADY_OFF,offer already on DEFAULT
2026-08-18T09:57:29+00:00,SE,LK_20_30,B0FRC2DZN5,fbm0,ALREADY_OFF,offer already on DEFAULT
2026-08-18T09:57:30+00:00,SE,LK_3_15,B0FRB7Z1NW,fbm0,ALREADY_OFF,offer already on DEFAULT
2026-08-18T09:57:31+00:00,SE,LK_5_30,B0FRB64B8M,fbm0,ALREADY_OFF,offer already on DEFAULT
2026-08-18T09:57:32+00:00,SE,LR_3_15,B0FR9H18JQ,fbm0,ALREADY_OFF,offer already on DEFAULT
2026-08-18T09:57:33+00:00,SE,LR_5_30,B0FR9SJ1YH,fbm0,ALREADY_OFF,offer already on DEFAULT
2026-08-18T09:57:35+00:00,SE,LT_20_30,B0FR9TQN8N,fbm0,ALREADY_OFF,offer already on DEFAULT
2026-08-18T09:57:36+00:00,SE,LT_3_15,B0FR9KS3P4,fbm0,ALREADY_OFF,offer already on DEFAULT
2026-08-18T09:57:37+00:00,SE,LT_5_30,B0FR9R598C,fbm0,ALREADY_OFF,offer already on DEFAULT
2026-08-18T09:57:39+00:00,SE,LU_20_30,B0FR8XXXZB,fbm0,ALREADY_OFF,offer already on DEFAULT
2026-08-18T09:57:40+00:00,SE,LU_3_15,B0FR9SHRKM,fbm0,ALREADY_OFF,offer already on DEFAULT
2026-08-18T09:57:41+00:00,SE,LU_5_30,B0FR9SB862,fbm0,ALREADY_OFF,offer already on DEFAULT
2026-08-18T09:57:43+00:00,SE,LV_20_30,B0FR9SWN6V,fbm0,ALREADY_OFF,offer already on DEFAULT
2026-08-18T09:57:44+00:00,SE,LV_3_15,B0FR9VM4K6,fbm0,ALREADY_OFF,offer already on DEFAULT
2026-08-18T09:57:46+00:00,SE,LV_5_30,B0FR9TR99S,fbm0,ALREADY_OFF,offer already on DEFAULT
2026-08-18T09:57:47+00:00,SE,MA_20_30,B0FR9M57DY,fbm0,ALREADY_OFF,offer already on DEFAULT
2026-08-18T09:57:48+00:00,SE,MA_3_15,B0FR9CFZQR,fbm0,ALREADY_OFF,offer already on DEFAULT
2026-08-18T09:57:49+00:00,SE,MA_5_30,B0FR9CDDQ8,fbm0,ALREADY_OFF,offer already on DEFAULT
2026-08-18T09:57:51+00:00,SE,MC_3_15,B0FR9ZS6GM,fbm0,ALREADY_OFF,offer already on DEFAULT
2026-08-18T09:57:52+00:00,SE,MC_5_30,B0FR9H1H4M,fbm0,ALREADY_OFF,offer already on DEFAULT
2026-08-18T09:57:54+00:00,SE,MD_3_15,B0FR9CFQYY,fbm0,ALREADY_OFF,offer already on DEFAULT
2026-08-18T09:57:55+00:00,SE,ME-13_5_30,B0FR9SYKP6,fbm0,ALREADY_OFF,offer already on DEFAULT
2026-08-18T09:57:57+00:00,SE,ME_3_15,B0FR9R5HR7,fbm0,ALREADY_OFF,offer already on DEFAULT
2026-08-18T09:57:58+00:00,SE,MG_3_15,B0FR9H2NS1,fbm0,ALREADY_OFF,offer already on DEFAULT
2026-08-18T09:57:59+00:00,SE,MK_3_15,B0FRB59DJS,fbm0,ALREADY_OFF,offer already on DEFAULT
2026-08-18T09:58:00+00:00,SE,MK_5_30,B0FR9WNHHX,fbm0,ALREADY_OFF,offer already on DEFAULT
2026-08-18T09:58:02+00:00,SE,ML_3_15,B0FR9TRDSY,fbm0,ALREADY_OFF,offer already on DEFAULT
2026-08-18T09:58:03+00:00,SE,MN_3_15,B0FR9LSYTX,fbm0,ALREADY_OFF,offer already on DEFAULT
2026-08-18T09:58:05+00:00,SE,MO_20_30,B0FR9CDBN2,fbm0,ALREADY_OFF,offer already on DEFAULT
2026-08-18T09:58:06+00:00,SE,MO_3_15,B0FR9M485M,fbm0,ALREADY_OFF,offer already on DEFAULT
2026-08-18T09:58:08+00:00,SE,MO_5_30,B0FR9L9624,fbm0,ALREADY_OFF,offer already on DEFAULT
2026-08-18T09:58:09+00:00,SE,MT_20_30,B0FR9VL1Q9,fbm0,ALREADY_OFF,offer already on DEFAULT
2026-08-18T09:58:10+00:00,SE,MT_3_15,B0FR9M3PNR,fbm0,ALREADY_OFF,offer already on DEFAULT
2026-08-18T09:58:12+00:00,SE,MT_5_30,B0FR9ZSMTC,fbm0,ALREADY_OFF,offer already on DEFAULT
2026-08-18T09:58:13+00:00,SE,MW_3_15,B0FR9H3JDK,fbm0,ALREADY_OFF,offer already on DEFAULT
2026-08-18T09:58:14+00:00,SE,MW_5_30,B0FR9GXY24,fbm0,ALREADY_OFF,offer already on DEFAULT
2026-08-18T09:58:16+00:00,SE,MX_20_30,B0FR9VDSJX,fbm0,ALREADY_OFF,offer already on DEFAULT
2026-08-18T09:58:17+00:00,SE,MX_3_15,B0FR9SZSTG,fbm0,ALREADY_OFF,offer already on DEFAULT
2026-08-18T09:58:18+00:00,SE,MX_5_30,B0FR9H2K1C,fbm0,ALREADY_OFF,offer already on DEFAULT
2026-08-18T09:58:19+00:00,SE,MY_20_30,B0FR9VMWYD,fbm0,ALREADY_OFF,offer already on DEFAULT
2026-08-18T09:58:20+00:00,SE,MY_3_15,B0FR9H1Q65,fbm0,ALREADY_OFF,offer already on DEFAULT
2026-08-18T09:58:22+00:00,SE,MY_5_30,B0FR9LDGX8,fbm0,ALREADY_OFF,offer already on DEFAULT
2026-08-18T09:58:23+00:00,SE,MZ_20_30,B0FR9CFLS7,fbm0,ALREADY_OFF,offer already on DEFAULT
2026-08-18T09:58:24+00:00,SE,MZ_3_15,B0FRB1M6HK,fbm0,ALREADY_OFF,offer already on DEFAULT
2026-08-18T09:58:26+00:00,SE,NA-3_5_30,B0FRBDQ8H5,fbm0,ALREADY_OFF,offer already on DEFAULT
2026-08-18T09:58:27+00:00,SE,NE_3_15,B0FR9NPT1H,fbm0,ALREADY_OFF,offer already on DEFAULT
2026-08-18T09:58:28+00:00,SE,NG_3_15,B0FR9X17QY,fbm0,ALREADY_OFF,offer already on DEFAULT
2026-08-18T09:58:30+00:00,SE,NI_3_15,B0FRB33MPG,fbm0,ALREADY_OFF,offer already on DEFAULT
2026-08-18T09:58:31+00:00,SE,NL_20_30,B0FR9NG7LB,fbm0,ALREADY_OFF,offer already on DEFAULT
2026-08-18T09:58:32+00:00,SE,NL_3_15,B0FRB5GNM2,fbm0,ALREADY_OFF,offer already on DEFAULT
2026-08-18T09:58:33+00:00,SE,NL_5_30,B0FR9NHP7Q,fbm0,ALREADY_OFF,offer already on DEFAULT
2026-08-18T09:58:35+00:00,SE,NO_20_30,B0FRB572L8,fbm0,ALREADY_OFF,offer already on DEFAULT
2026-08-18T09:58:36+00:00,SE,NO_3_15,B0FR9WNK2H,fbm0,ALREADY_OFF,offer already on DEFAULT
2026-08-18T09:58:38+00:00,SE,NO_5_30,B0FRBNPZ9D,fbm0,ALREADY_OFF,offer already on DEFAULT
2026-08-18T09:58:39+00:00,SE,NP_3_15,B0FRB1TD7L,fbm0,ALREADY_OFF,offer already on DEFAULT
2026-08-18T09:58:40+00:00,SE,NZ_20_30,B0FRB1TWT8,fbm0,ALREADY_OFF,offer already on DEFAULT
2026-08-18T09:58:42+00:00,SE,NZ_3_15,B0FR9NKXF5,fbm0,ALREADY_OFF,offer already on DEFAULT
2026-08-18T09:58:43+00:00,SE,NZ_5_30,B0FR9NHFWQ,fbm0,ALREADY_OFF,offer already on DEFAULT
2026-08-18T09:58:44+00:00,SE,OM_20_30,B0FRB4R3FK,fbm0,ALREADY_OFF,offer already on DEFAULT
2026-08-18T09:58:46+00:00,SE,OM_3_15,B0FRB4BL4W,fbm0,ALREADY_OFF,offer already on DEFAULT
2026-08-18T09:58:47+00:00,SE,PA_3_15,B0FRB3VFW6,fbm0,ALREADY_OFF,offer already on DEFAULT
2026-08-18T09:58:48+00:00,SE,PH_20_30,B0FRB4K2D4,fbm0,ALREADY_OFF,offer already on DEFAULT
2026-08-18T09:58:49+00:00,SE,PH_3_15,B0FRB1GVXK,fbm0,ALREADY_OFF,offer already on DEFAULT
2026-08-18T09:58:51+00:00,SE,PH_5_30,B0FRB4VCKG,fbm0,ALREADY_OFF,offer already on DEFAULT
2026-08-18T09:58:52+00:00,SE,PK_20_30,B0FRB691X8,fbm0,ALREADY_OFF,offer already on DEFAULT
2026-08-18T09:58:53+00:00,SE,PK_3_15,B0FRB4HL3B,fbm0,ALREADY_OFF,offer already on DEFAULT
2026-08-18T09:58:55+00:00,SE,PK_5_30,B0FRB48QKZ,fbm0,ALREADY_OFF,offer already on DEFAULT
2026-08-18T09:58:56+00:00,SE,PL_20_30,B0FRB5HSK7,fbm0,ALREADY_OFF,offer already on DEFAULT
2026-08-18T09:58:57+00:00,SE,PL_3_15,B0FRB4JVKR,fbm0,ALREADY_OFF,offer already on DEFAULT
2026-08-18T09:58:59+00:00,SE,PL_5_30,B0FRBDPQ9J,fbm0,ALREADY_OFF,offer already on DEFAULT
2026-08-18T09:59:00+00:00,SE,PR_3_15,B0FRB5MSF1,fbm0,ALREADY_OFF,offer already on DEFAULT
2026-08-18T09:59:01+00:00,SE,PR_5_30,B0FR9WMX9V,fbm0,ALREADY_OFF,offer already on DEFAULT
2026-08-18T09:59:03+00:00,SE,PT_20_30,B0FRB354KV,fbm0,ALREADY_OFF,offer already on DEFAULT
2026-08-18T09:59:04+00:00,SE,PT_3_15,B0FRB4314T,fbm0,ALREADY_OFF,offer already on DEFAULT
2026-08-18T09:59:05+00:00,SE,PT_5_30,B0FRB4X799,fbm0,ALREADY_OFF,offer already on DEFAULT
2026-08-18T09:59:07+00:00,SE,PY_3_15,B0FRB3V7CS,fbm0,ALREADY_OFF,offer already on DEFAULT
2026-08-18T09:59:08+00:00,SE,QA_20_30,B0FR9X3QGM,fbm0,ALREADY_OFF,offer already on DEFAULT
2026-08-18T09:59:09+00:00,SE,QA_3_15,B0FR9NXH43,fbm0,ALREADY_OFF,offer already on DEFAULT
2026-08-18T09:59:10+00:00,SE,QA_5_30,B0FR9X5KB1,fbm0,ALREADY_OFF,offer already on DEFAULT
2026-08-18T09:59:12+00:00,SE,RE_3_15,B0FRB3KCNQ,fbm0,ALREADY_OFF,offer already on DEFAULT
2026-08-18T09:59:13+00:00,SE,RE_5_30,B0FRB47TQW,fbm0,ALREADY_OFF,offer already on DEFAULT
2026-08-18T09:59:14+00:00,SE,RS_20_30,B0FRB5K8JC,fbm0,ALREADY_OFF,offer already on DEFAULT
2026-08-18T09:59:16+00:00,SE,RS_3_15,B0FRB5TJV2,fbm0,ALREADY_OFF,offer already on DEFAULT
2026-08-18T09:59:17+00:00,SE,SA-18_5_30,B0FRB8D7HC,fbm0,ALREADY_OFF,offer already on DEFAULT
2026-08-18T09:59:18+00:00,SE,SA_20_30,B0FRB5PZTS,fbm0,ALREADY_OFF,offer already on DEFAULT
2026-08-18T09:59:20+00:00,SE,SA_3_15,B0FRB3N2KL,fbm0,ALREADY_OFF,offer already on DEFAULT
2026-08-18T09:59:21+00:00,SE,SA_5_30,B0FRB1SRZY,fbm0,ALREADY_OFF,offer already on DEFAULT
2026-08-18T09:59:22+00:00,SE,SC_3_15,B0FRB55T3H,fbm0,ALREADY_OFF,offer already on DEFAULT
2026-08-18T09:59:23+00:00,SE,SC_5_30,B0FR9P7N6M,fbm0,ALREADY_OFF,offer already on DEFAULT
2026-08-18T09:59:25+00:00,SE,SD_3_15,B0FRCKTXNQ,fbm0,ALREADY_OFF,offer already on DEFAULT
2026-08-18T09:59:26+00:00,SE,SD_5_30,B0FRC799N3,fbm0,ALREADY_OFF,offer already on DEFAULT
2026-08-18T09:59:27+00:00,SE,SE_20_30,B0FRB7X5SP,fbm0,ALREADY_OFF,offer already on DEFAULT
2026-08-18T09:59:29+00:00,SE,SE_3_15,B0FRCC6W9S,fbm0,ALREADY_OFF,offer already on DEFAULT
2026-08-18T09:59:30+00:00,SE,SE_5_30,B0FRCS524D,fbm0,ALREADY_OFF,offer already on DEFAULT
2026-08-18T09:59:31+00:00,SE,SG_20_30,B0FRB256K8,fbm0,ALREADY_OFF,offer already on DEFAULT
2026-08-18T09:59:33+00:00,SE,SG_3_30,B0FRB3KY59,fbm0,ALREADY_OFF,offer already on DEFAULT
2026-08-18T09:59:34+00:00,SE,SG_5_30,B0FR9X3Y3R,fbm0,ALREADY_OFF,offer already on DEFAULT
2026-08-18T09:59:35+00:00,SE,SI_20_30,B0FR9X15V2,fbm0,ALREADY_OFF,offer already on DEFAULT
2026-08-18T09:59:37+00:00,SE,SI_3_15,B0FR9XCF27,fbm0,ALREADY_OFF,offer already on DEFAULT
2026-08-18T09:59:38+00:00,SE,SI_5_30,B0FRB3SJMR,fbm0,ALREADY_OFF,offer already on DEFAULT
2026-08-18T09:59:39+00:00,SE,SK_20_30,B0FRB14YYC,fbm0,ALREADY_OFF,offer already on DEFAULT
2026-08-18T09:59:40+00:00,SE,SK_3_15,B0FR9XC4BW,fbm0,ALREADY_OFF,offer already on DEFAULT
2026-08-18T09:59:42+00:00,SE,SK_5_30,B0FRB2X84M,fbm0,ALREADY_OFF,offer already on DEFAULT
2026-08-18T09:59:43+00:00,SE,SN_3_15,B0FRB4HX92,fbm0,ALREADY_OFF,offer already on DEFAULT
2026-08-18T09:59:44+00:00,SE,SN_5_30,B0FRB68H77,fbm0,ALREADY_OFF,offer already on DEFAULT
2026-08-18T09:59:46+00:00,SE,SV_3_15,B0FR9LJ7X4,fbm0,ALREADY_OFF,offer already on DEFAULT
2026-08-18T09:59:47+00:00,SE,TD_3_15,B0FR9SG4MK,fbm0,ALREADY_OFF,offer already on DEFAULT
2026-08-18T09:59:48+00:00,SE,TD_5_30,B0FR9L414C,fbm0,ALREADY_OFF,offer already on DEFAULT
2026-08-18T09:59:50+00:00,SE,TH_20_30,B0FRCHW3MW,fbm0,ALREADY_OFF,offer already on DEFAULT
2026-08-18T09:59:51+00:00,SE,TH_3_15,B0FRCDPJSH,fbm0,ALREADY_OFF,offer already on DEFAULT
2026-08-18T09:59:52+00:00,SE,TH_5_30,B0FR9Q5D1J,fbm0,ALREADY_OFF,offer already on DEFAULT
2026-08-18T09:59:54+00:00,SE,TN_10_30,B0FRB85GLD,fbm0,ALREADY_OFF,offer already on DEFAULT
2026-08-18T09:59:55+00:00,SE,TN_3_30,B0FRCKZKVY,fbm0,ALREADY_OFF,offer already on DEFAULT
2026-08-18T09:59:56+00:00,SE,TN_5_30,B0FRB7Q96Z,fbm0,ALREADY_OFF,offer already on DEFAULT
2026-08-18T09:59:58+00:00,SE,TR_20_30,B0FRCYMWCX,fbm0,ALREADY_OFF,offer already on DEFAULT
2026-08-18T09:59:59+00:00,SE,TR_3_15,B0FRC2PSHM,fbm0,ALREADY_OFF,offer already on DEFAULT
2026-08-18T10:00:00+00:00,SE,TR_5_30,B0FRCBZ1BB,fbm0,ALREADY_OFF,offer already on DEFAULT
2026-08-18T10:00:02+00:00,SE,TZ_3_15,B0FRC81NPJ,fbm0,ALREADY_OFF,offer already on DEFAULT
2026-08-18T10:00:03+00:00,SE,UA_3_15,B0FRB9SBFR,fbm0,ALREADY_OFF,offer already on DEFAULT
2026-08-18T10:00:05+00:00,SE,UA_5_30,B0FRC2NRKG,fbm0,ALREADY_OFF,offer already on DEFAULT
2026-08-18T10:00:06+00:00,SE,UG_3_15,B0FRB7F7Z9,fbm0,ALREADY_OFF,offer already on DEFAULT
2026-08-18T10:00:07+00:00,SE,US_20_90,B0FRB9JP2K,fbm0,ALREADY_OFF,offer already on DEFAULT
2026-08-18T10:00:09+00:00,SE,US_3_15,B0FRCFXK3V,fbm0,ALREADY_OFF,offer already on DEFAULT
2026-08-18T10:00:10+00:00,SE,US_5_30,B0FRC2PQ8H,fbm0,ALREADY_OFF,offer already on DEFAULT
2026-08-18T10:00:11+00:00,SE,UY_3_15,B0FRB7LHGN,fbm0,ALREADY_OFF,offer already on DEFAULT
2026-08-18T10:00:12+00:00,SE,UZ_5_30,B0FRBWFZ6M,fbm0,ALREADY_OFF,offer already on DEFAULT
2026-08-18T10:00:14+00:00,SE,VN_20_30,B0FRC2NKC4,fbm0,ALREADY_OFF,offer already on DEFAULT
2026-08-18T10:00:15+00:00,SE,VN_3_15,B0FRBR2DHW,fbm0,ALREADY_OFF,offer already on DEFAULT
2026-08-18T10:00:17+00:00,SE,VN_5_30,B0FRCBXRGV,fbm0,ALREADY_OFF,offer already on DEFAULT
2026-08-18T10:00:18+00:00,SE,ZA_10_30,B0FRB4RSW2,fbm0,ALREADY_OFF,offer already on DEFAULT
2026-08-18T10:00:19+00:00,SE,ZA_5_30,B0FRB3R6F3,fbm0,ALREADY_OFF,offer already on DEFAULT
2026-08-18T10:00:21+00:00,SE,ZM_3_15,B0FRC2NSM2,fbm0,ALREADY_OFF,offer already on DEFAULT
2026-08-18T10:00:22+00:00,SE,ZM_5_30,B0FRCL97L4,fbm0,ALREADY_OFF,offer already on DEFAULT
2026-08-18T10:01:31+00:00,PL,ZAMBIA-3GB-15D,B0FRC2NSM2,fbm0,ALREADY_OFF,offer already on DEFAULT
2026-08-18T10:01:32+00:00,PL,MAURITIUS-3GB-15D,B0H2FYRLRC,fbm0,ALREADY_OFF,offer already on DEFAULT
2026-08-18T10:01:34+00:00,PL,HAJJ-LUX-10GB-30D,B0H3L75HDS,fbm0,ALREADY_OFF,offer already on DEFAULT
2026-08-18T10:01:35+00:00,PL,BULGARIA-3GB-15D,B0H6MCT4Y5,fbm0,ALREADY_OFF,offer already on DEFAULT
2026-08-18T10:01:36+00:00,PL,PERU-3GB-15D,B0H6M5WW3B,fbm0,ALREADY_OFF,offer already on DEFAULT
2026-08-18T10:01:38+00:00,PL,PERU-20GB-30D,B0H6M8BLBD,fbm0,ALREADY_OFF,offer already on DEFAULT
2026-08-18T10:01:39+00:00,PL,ALGERIA-3GB-15D,B0H6M9R3WH,fbm0,ALREADY_OFF,offer already on DEFAULT
2026-08-18T10:01:40+00:00,PL,ALGERIA-5GB-30D,B0H6MDYKG8,fbm0,ALREADY_OFF,offer already on DEFAULT
2026-08-18T10:01:41+00:00,PL,ALGERIA-20GB-30D,B0H6M5TDMD,fbm0,ALREADY_OFF,offer already on DEFAULT
2026-08-18T10:01:42+00:00,PL,ANDORRA-3GB-15D,B0H6MBPRYN,fbm0,ALREADY_OFF,offer already on DEFAULT
2026-08-18T10:01:44+00:00,PL,ANDORRA-5GB-30D,B0H6M5P65S,fbm0,ALREADY_OFF,offer already on DEFAULT
2026-08-18T10:01:45+00:00,PL,ANDORRA-20GB-30D,B0H6MJ97WC,fbm0,ALREADY_OFF,offer already on DEFAULT
2026-08-18T10:01:46+00:00,PL,ANGOLA-3GB-15D,B0H6M5RWZH,fbm0,ALREADY_OFF,offer already on DEFAULT
2026-08-18T10:01:48+00:00,PL,ANGOLA-5GB-30D,B0H6MKZSB4,fbm0,ALREADY_OFF,offer already on DEFAULT
2026-08-18T10:01:49+00:00,PL,ANGUILLA-3GB-15D,B0H6M7X7QY,fbm0,ALREADY_OFF,offer already on DEFAULT
2026-08-18T10:01:50+00:00,PL,ANGUILLA-5GB-30D,B0H6MFJ63H,fbm0,ALREADY_OFF,offer already on DEFAULT
2026-08-18T10:01:52+00:00,PL,ANGUILLA-20GB-30D,B0H6MHMZY8,fbm0,ALREADY_OFF,offer already on DEFAULT
2026-08-18T10:01:53+00:00,PL,ANTIGUA-AND-BARBUDA-3GB-15D,B0H6MBBFLQ,fbm0,ALREADY_OFF,offer already on DEFAULT
2026-08-18T10:01:54+00:00,PL,ANTIGUA-AND-BARBUDA-5GB-30D,B0H6MCR5F9,fbm0,ALREADY_OFF,offer already on DEFAULT
2026-08-18T10:01:56+00:00,PL,ANTIGUA-AND-BARBUDA-20GB-30D,B0H6M2MQJB,fbm0,ALREADY_OFF,offer already on DEFAULT
2026-08-18T10:01:57+00:00,PL,BAHAMAS-3GB-15D,B0H6MB828R,fbm0,ALREADY_OFF,offer already on DEFAULT
2026-08-18T10:01:58+00:00,PL,BAHAMAS-5GB-30D,B0H6MFGH8P,fbm0,ALREADY_OFF,offer already on DEFAULT
2026-08-18T10:01:59+00:00,PL,BAHAMAS-20GB-30D,B0H6MCPR9P,fbm0,ALREADY_OFF,offer already on DEFAULT
2026-08-18T10:02:01+00:00,PL,BARBADOS-3GB-15D,B0H6MCD72X,fbm0,ALREADY_OFF,offer already on DEFAULT
2026-08-18T10:02:02+00:00,PL,BARBADOS-5GB-30D,B0H6MG6VYJ,fbm0,ALREADY_OFF,offer already on DEFAULT
2026-08-18T10:02:03+00:00,PL,BARBADOS-20GB-30D,B0H6MJ921X,fbm0,ALREADY_OFF,offer already on DEFAULT
2026-08-18T10:02:04+00:00,PL,BELIZE-3GB-15D,B0H6MFPNTX,fbm0,ALREADY_OFF,offer already on DEFAULT
2026-08-18T10:02:06+00:00,PL,BELIZE-5GB-30D,B0H6MF1H4V,fbm0,ALREADY_OFF,offer already on DEFAULT
2026-08-18T10:02:07+00:00,PL,BELIZE-20GB-30D,B0H6MBSQM8,fbm0,ALREADY_OFF,offer already on DEFAULT
2026-08-18T10:02:08+00:00,PL,BENIN-3GB-15D,B0H6M9YHDR,fbm0,ALREADY_OFF,offer already on DEFAULT
2026-08-18T10:02:10+00:00,PL,BENIN-5GB-30D,B0H6MHRNBH,fbm0,ALREADY_OFF,offer already on DEFAULT
2026-08-18T10:02:11+00:00,PL,BENIN-20GB-30D,B0H6M7VGSZ,fbm0,ALREADY_OFF,offer already on DEFAULT
2026-08-18T10:02:12+00:00,PL,BERMUDA-3GB-15D,B0H6MDMTGH,fbm0,ALREADY_OFF,offer already on DEFAULT
2026-08-18T10:02:13+00:00,PL,BERMUDA-5GB-30D,B0H6MFM5X4,fbm0,ALREADY_OFF,offer already on DEFAULT
2026-08-18T10:02:14+00:00,PL,BERMUDA-20GB-30D,B0H6MCGQ77,fbm0,ALREADY_OFF,offer already on DEFAULT
2026-08-18T10:02:16+00:00,PL,BHUTAN-3GB-15D,B0H6MJB588,fbm0,ALREADY_OFF,offer already on DEFAULT
2026-08-18T10:02:17+00:00,PL,BHUTAN-5GB-30D,B0H6M9C23Q,fbm0,ALREADY_OFF,offer already on DEFAULT
2026-08-18T10:02:18+00:00,PL,BHUTAN-20GB-30D,B0H6M5WDSH,fbm0,ALREADY_OFF,offer already on DEFAULT
2026-08-18T10:02:19+00:00,PL,CAPE-VERDE-3GB-15D,B0H6M9R16H,fbm0,ALREADY_OFF,offer already on DEFAULT
2026-08-18T10:02:20+00:00,PL,CAPE-VERDE-5GB-30D,B0H6MFG453,fbm0,ALREADY_OFF,offer already on DEFAULT
2026-08-18T10:02:22+00:00,PL,CAPE-VERDE-20GB-30D,B0H6M9VSPG,fbm0,ALREADY_OFF,offer already on DEFAULT
2026-08-18T10:02:23+00:00,PL,CAYMAN-ISLANDS-3GB-15D,B0H6MLHBD7,fbm0,ALREADY_OFF,offer already on DEFAULT
2026-08-18T10:02:24+00:00,PL,CAYMAN-ISLANDS-5GB-30D,B0H6M55MKK,fbm0,ALREADY_OFF,offer already on DEFAULT
2026-08-18T10:02:26+00:00,PL,CAYMAN-ISLANDS-20GB-30D,B0H6MGXYNS,fbm0,ALREADY_OFF,offer already on DEFAULT
2026-08-18T10:02:27+00:00,PL,CURACAO-3GB-15D,B0H6M81JPM,fbm0,ALREADY_OFF,offer already on DEFAULT
2026-08-18T10:02:28+00:00,PL,CURACAO-5GB-30D,B0H6MGZLBC,fbm0,ALREADY_OFF,offer already on DEFAULT
2026-08-18T10:02:29+00:00,PL,CURACAO-20GB-30D,B0H6MF51WH,fbm0,ALREADY_OFF,offer already on DEFAULT
2026-08-18T10:02:31+00:00,PL,DEMOCRATIC-REPUBLIC-OF-THE-CONGO-3GB-15D,B0H6LZL22Y,fbm0,ALREADY_OFF,offer already on DEFAULT
2026-08-18T10:02:33+00:00,PL,DEMOCRATIC-REPUBLIC-OF-THE-CONGO-5GB-30D,B0H6M6L8Z8,fbm0,ALREADY_OFF,offer already on DEFAULT
2026-08-18T10:02:34+00:00,PL,DRC-20GB-30D,B0H6MZWFM7,fbm0,ALREADY_OFF,offer already on DEFAULT
2026-08-18T10:02:36+00:00,PL,DOMINICA-3GB-15D,B0H6M9H54M,fbm0,ALREADY_OFF,offer already on DEFAULT
2026-08-18T10:02:37+00:00,PL,DOMINICA-5GB-30D,B0H6M5HR32,fbm0,ALREADY_OFF,offer already on DEFAULT
2026-08-18T10:02:38+00:00,PL,DOMINICA-20GB-30D,B0H6MK8XTJ,fbm0,ALREADY_OFF,offer already on DEFAULT
2026-08-18T10:02:39+00:00,PL,FAROE-ISLANDS-3GB-15D,B0H6ML935Q,fbm0,ALREADY_OFF,offer already on DEFAULT
2026-08-18T10:02:41+00:00,PL,FAROE-ISLANDS-5GB-30D,B0H6MF2TVH,fbm0,ALREADY_OFF,offer already on DEFAULT
2026-08-18T10:02:42+00:00,PL,FAROE-ISLANDS-20GB-30D,B0H6MB82ZV,fbm0,ALREADY_OFF,offer already on DEFAULT
2026-08-18T10:02:43+00:00,PL,FIJI-3GB-15D,B0H6MFLWYD,fbm0,ALREADY_OFF,offer already on DEFAULT
2026-08-18T10:02:44+00:00,PL,FIJI-5GB-30D,B0H6MJ7GS6,fbm0,ALREADY_OFF,offer already on DEFAULT
2026-08-18T10:02:46+00:00,PL,FIJI-20GB-30D,B0H6MGBL3N,fbm0,ALREADY_OFF,offer already on DEFAULT
2026-08-18T10:02:47+00:00,PL,FRENCH-GUIANA-3GB-15D,B0H6MFD6Z3,fbm0,ALREADY_OFF,offer already on DEFAULT
2026-08-18T10:02:48+00:00,PL,FRENCH-GUIANA-5GB-30D,B0H6MGC352,fbm0,ALREADY_OFF,offer already on DEFAULT
2026-08-18T10:02:50+00:00,PL,FRENCH-GUIANA-20GB-30D,B0H6MDNXJJ,fbm0,ALREADY_OFF,offer already on DEFAULT
2026-08-18T10:02:51+00:00,PL,FRENCH-POLYNESIA-3GB-15D,B0H6MF6GHP,fbm0,ALREADY_OFF,offer already on DEFAULT
2026-08-18T10:02:52+00:00,PL,FRENCH-POLYNESIA-5GB-30D,B0H6MD2GXY,fbm0,ALREADY_OFF,offer already on DEFAULT
2026-08-18T10:02:54+00:00,PL,FRENCH-POLYNESIA-20GB-30D,B0H6M59GH9,fbm0,ALREADY_OFF,offer already on DEFAULT
2026-08-18T10:02:55+00:00,PL,GHANA-3GB-15D,B0H6M7CH6H,fbm0,ALREADY_OFF,offer already on DEFAULT
2026-08-18T10:02:56+00:00,PL,GHANA-5GB-30D,B0H6MD48NZ,fbm0,ALREADY_OFF,offer already on DEFAULT
2026-08-18T10:02:58+00:00,PL,GHANA-20GB-30D,B0H6M9CG3G,fbm0,ALREADY_OFF,offer already on DEFAULT
2026-08-18T10:02:59+00:00,PL,GREENLAND-3GB-15D,B0H6MLNBK2,fbm0,ALREADY_OFF,offer already on DEFAULT
2026-08-18T10:03:00+00:00,PL,GREENLAND-5GB-30D,B0H6MFMLK9,fbm0,ALREADY_OFF,offer already on DEFAULT
2026-08-18T10:03:02+00:00,PL,GREENLAND-20GB-30D,B0H6MBT3TW,fbm0,ALREADY_OFF,offer already on DEFAULT
2026-08-18T10:03:03+00:00,PL,GRENADA-3GB-15D,B0H6M8K37V,fbm0,ALREADY_OFF,offer already on DEFAULT
2026-08-18T10:03:04+00:00,PL,GRENADA-5GB-30D,B0H6MLJR6Z,fbm0,ALREADY_OFF,offer already on DEFAULT
2026-08-18T10:03:05+00:00,PL,GRENADA-20GB-30D,B0H6MGRF37,fbm0,ALREADY_OFF,offer already on DEFAULT
2026-08-18T10:03:07+00:00,PL,GUINEA-3GB-15D,B0H6MGZTF1,fbm0,ALREADY_OFF,offer already on DEFAULT
2026-08-18T10:03:08+00:00,PL,GUINEA-5GB-30D,B0H6MFTVX6,fbm0,ALREADY_OFF,offer already on DEFAULT
2026-08-18T10:03:09+00:00,PL,GUINEA-20GB-30D,B0H6M7VHYP,fbm0,ALREADY_OFF,offer already on DEFAULT
2026-08-18T10:03:10+00:00,PL,GUINEA-BISSAU-3GB-15D,B0H6MG6X8D,fbm0,ALREADY_OFF,offer already on DEFAULT
2026-08-18T10:03:12+00:00,PL,GUINEA-BISSAU-5GB-30D,B0H6MCJ4Y9,fbm0,ALREADY_OFF,offer already on DEFAULT
2026-08-18T10:03:13+00:00,PL,GUINEA-BISSAU-20GB-30D,B0H6MF1JJS,fbm0,ALREADY_OFF,offer already on DEFAULT
2026-08-18T10:03:14+00:00,PL,GUYANA-3GB-15D,B0H6MCG586,fbm0,ALREADY_OFF,offer already on DEFAULT
2026-08-18T10:03:15+00:00,PL,GUYANA-5GB-30D,B0H6MB3FHF,fbm0,ALREADY_OFF,offer already on DEFAULT
2026-08-18T10:03:16+00:00,PL,GUYANA-20GB-30D,B0H6MD1PB7,fbm0,ALREADY_OFF,offer already on DEFAULT
2026-08-18T10:03:18+00:00,PL,HAITI-3GB-15D,B0H6M9YTL4,fbm0,ALREADY_OFF,offer already on DEFAULT
2026-08-18T10:03:19+00:00,PL,HAITI-5GB-30D,B0H6MDHPCV,fbm0,ALREADY_OFF,offer already on DEFAULT
2026-08-18T10:03:20+00:00,PL,HAITI-20GB-30D,B0H6MBNF3Y,fbm0,ALREADY_OFF,offer already on DEFAULT
2026-08-18T10:03:21+00:00,PL,IRAQ-3GB-15D,B0H6MGX6P7,fbm0,ALREADY_OFF,offer already on DEFAULT
2026-08-18T10:03:23+00:00,PL,IRAQ-5GB-30D,B0H6MFRHZN,fbm0,ALREADY_OFF,offer already on DEFAULT
2026-08-18T10:03:24+00:00,PL,IRAQ-20GB-30D,B0H6M956TN,fbm0,ALREADY_OFF,offer already on DEFAULT
2026-08-18T10:03:25+00:00,PL,JAMAICA-3GB-15D,B0H6MF3PNQ,fbm0,ALREADY_OFF,offer already on DEFAULT
2026-08-18T10:03:27+00:00,PL,JAMAICA-5GB-30D,B0H6MJQCMF,fbm0,ALREADY_OFF,offer already on DEFAULT
2026-08-18T10:03:28+00:00,PL,JAMAICA-20GB-30D,B0H6MF52ZZ,fbm0,ALREADY_OFF,offer already on DEFAULT
2026-08-18T10:03:29+00:00,PL,LAOS-3GB-15D,B0H6M96WPB,fbm0,ALREADY_OFF,offer already on DEFAULT
2026-08-18T10:03:31+00:00,PL,LAOS-5GB-30D,B0H6MBJN5B,fbm0,ALREADY_OFF,offer already on DEFAULT
2026-08-18T10:03:32+00:00,PL,LAOS-20GB-30D,B0H6MBWGX1,fbm0,ALREADY_OFF,offer already on DEFAULT
2026-08-18T10:03:33+00:00,PL,LIBYA-3GB-15D,B0H6MBYGXZ,fbm0,ALREADY_OFF,offer already on DEFAULT
2026-08-18T10:03:34+00:00,PL,LIBYA-5GB-30D,B0H6M5PVSB,fbm0,ALREADY_OFF,offer already on DEFAULT
2026-08-18T10:03:35+00:00,PL,LIBYA-20GB-30D,B0H6MFWD2Y,fbm0,ALREADY_OFF,offer already on DEFAULT
2026-08-18T10:03:37+00:00,PL,MALDIVES-3GB-15D,B0H6MD6Y71,fbm0,ALREADY_OFF,offer already on DEFAULT
2026-08-18T10:03:38+00:00,PL,MALDIVES-5GB-30D,B0H6MJQZ8Y,fbm0,ALREADY_OFF,offer already on DEFAULT
2026-08-18T10:03:40+00:00,PL,MALDIVES-20GB-30D,B0H6MM5SCJ,fbm0,ALREADY_OFF,offer already on DEFAULT
2026-08-18T10:03:41+00:00,PL,MARTINIQUE-3GB-15D,B0H6M7SBFQ,fbm0,ALREADY_OFF,offer already on DEFAULT
2026-08-18T10:03:42+00:00,PL,MARTINIQUE-5GB-30D,B0H6MKCD1X,fbm0,ALREADY_OFF,offer already on DEFAULT
2026-08-18T10:03:43+00:00,PL,MARTINIQUE-20GB-30D,B0H6MH94KV,fbm0,ALREADY_OFF,offer already on DEFAULT
2026-08-18T10:03:44+00:00,PL,MAYOTTE-3GB-15D,B0H6MFWP88,fbm0,ALREADY_OFF,offer already on DEFAULT
2026-08-18T10:03:46+00:00,PL,MAYOTTE-5GB-30D,B0H6MD9C4Y,fbm0,ALREADY_OFF,offer already on DEFAULT
2026-08-18T10:03:47+00:00,PL,MAYOTTE-20GB-30D,B0H6M5L8MC,fbm0,ALREADY_OFF,offer already on DEFAULT
2026-08-18T10:03:48+00:00,PL,MONTSERRAT-3GB-15D,B0H6MDJ2ZR,fbm0,ALREADY_OFF,offer already on DEFAULT
2026-08-18T10:03:49+00:00,PL,MONTSERRAT-5GB-30D,B0H6MGQ1Y4,fbm0,ALREADY_OFF,offer already on DEFAULT
2026-08-18T10:03:50+00:00,PL,MONTSERRAT-20GB-30D,B0H6MG87HK,fbm0,ALREADY_OFF,offer already on DEFAULT
2026-08-18T10:03:52+00:00,PL,REPUBLIC-OF-THE-CONGO-3GB-15D,B0H6MM6DKT,fbm0,ALREADY_OFF,offer already on DEFAULT
2026-08-18T10:03:53+00:00,PL,REPUBLIC-OF-THE-CONGO-5GB-30D,B0H6MBXD3B,fbm0,ALREADY_OFF,offer already on DEFAULT
2026-08-18T10:03:54+00:00,PL,REPUBLIC-OF-THE-CONGO-20GB-30D,B0H6MJ756Y,fbm0,ALREADY_OFF,offer already on DEFAULT
2026-08-18T10:03:55+00:00,PL,ROMANIA-3GB-15D,B0H6MKQH2C,fbm0,ALREADY_OFF,offer already on DEFAULT
2026-08-18T10:03:57+00:00,PL,ROMANIA-5GB-30D,B0H6MFVLCB,fbm0,ALREADY_OFF,offer already on DEFAULT
2026-08-18T10:03:58+00:00,PL,ROMANIA-20GB-30D,B0H6MGRC1F,fbm0,ALREADY_OFF,offer already on DEFAULT
2026-08-18T10:03:59+00:00,PL,RUSSIA-3GB-15D,B0H6MDNPC8,fbm0,ALREADY_OFF,offer already on DEFAULT
2026-08-18T10:04:00+00:00,PL,RUSSIA-5GB-30D,B0H6MLHHB2,fbm0,ALREADY_OFF,offer already on DEFAULT
2026-08-18T10:04:02+00:00,PL,RUSSIA-20GB-30D,B0H6MDSLNC,fbm0,ALREADY_OFF,offer already on DEFAULT
2026-08-18T10:04:03+00:00,PL,RWANDA-3GB-15D,B0H6MK2ZBQ,fbm0,ALREADY_OFF,offer already on DEFAULT
2026-08-18T10:04:04+00:00,PL,RWANDA-5GB-30D,B0H6MJZHP1,fbm0,ALREADY_OFF,offer already on DEFAULT
2026-08-18T10:04:06+00:00,PL,RWANDA-20GB-30D,B0H6M66BWN,fbm0,ALREADY_OFF,offer already on DEFAULT
2026-08-18T10:04:07+00:00,PL,SAINT-BARTHELEMY-3GB-15D,B0H6MDMD63,fbm0,ALREADY_OFF,offer already on DEFAULT
2026-08-18T10:04:08+00:00,PL,SAINT-BARTHELEMY-5GB-30D,B0H6MBS246,fbm0,ALREADY_OFF,offer already on DEFAULT
2026-08-18T10:04:09+00:00,PL,SAINT-BARTHELEMY-20GB-30D,B0H6MJHHNB,fbm0,ALREADY_OFF,offer already on DEFAULT
2026-08-18T10:04:11+00:00,PL,SAINT-KITTS-AND-NEVIS-3GB-15D,B0H6MDHJ2B,fbm0,ALREADY_OFF,offer already on DEFAULT
2026-08-18T10:04:12+00:00,PL,SAINT-KITTS-AND-NEVIS-5GB-30D,B0H6MBK615,fbm0,ALREADY_OFF,offer already on DEFAULT
2026-08-18T10:04:13+00:00,PL,SAINT-KITTS-AND-NEVIS-20GB-30D,B0H6MJQSR4,fbm0,ALREADY_OFF,offer already on DEFAULT
2026-08-18T10:04:14+00:00,PL,SAINT-LUCIA-3GB-15D,B0H6M7Y1CD,fbm0,ALREADY_OFF,offer already on DEFAULT
2026-08-18T10:04:16+00:00,PL,SAINT-LUCIA-5GB-30D,B0H6MGBXNV,fbm0,ALREADY_OFF,offer already on DEFAULT
2026-08-18T10:04:17+00:00,PL,SAINT-LUCIA-20GB-30D,B0H6MDX8DY,fbm0,ALREADY_OFF,offer already on DEFAULT
2026-08-18T10:04:18+00:00,PL,SAINT-MARTIN-3GB-15D,B0H6MDB2CN,fbm0,ALREADY_OFF,offer already on DEFAULT
2026-08-18T10:04:20+00:00,PL,SAINT-MARTIN-5GB-30D,B0H6MC37Q1,fbm0,ALREADY_OFF,offer already on DEFAULT
2026-08-18T10:04:21+00:00,PL,SAINT-MARTIN-20GB-30D,B0H6MF7K64,fbm0,ALREADY_OFF,offer already on DEFAULT
2026-08-18T10:04:22+00:00,PL,SAINT-VINCENT-AND-THE-GRENADINES-3GB-15D,B0H6MF3FWZ,fbm0,ALREADY_OFF,offer already on DEFAULT
2026-08-18T10:04:23+00:00,PL,SAINT-VINCENT-AND-THE-GRENADINES-5GB-30D,B0H6MJXH8Z,fbm0,ALREADY_OFF,offer already on DEFAULT
2026-08-18T10:04:24+00:00,PL,SVG-20GB-30D,B0H6MWF5B5,fbm0,ALREADY_OFF,offer already on DEFAULT
2026-08-18T10:04:26+00:00,PL,SAMOA-3GB-15D,B0H6MGJ45S,fbm0,ALREADY_OFF,offer already on DEFAULT
2026-08-18T10:04:27+00:00,PL,SAMOA-5GB-30D,B0H6MFFZH1,fbm0,ALREADY_OFF,offer already on DEFAULT
2026-08-18T10:04:28+00:00,PL,SAMOA-20GB-30D,B0H6MJQDSM,fbm0,ALREADY_OFF,offer already on DEFAULT
2026-08-18T10:04:30+00:00,PL,SAN-MARINO-3GB-15D,B0H6MG33GL,fbm0,ALREADY_OFF,offer already on DEFAULT
2026-08-18T10:04:31+00:00,PL,SAN-MARINO-5GB-30D,B0H6ML6C38,fbm0,ALREADY_OFF,offer already on DEFAULT
2026-08-18T10:04:32+00:00,PL,SAN-MARINO-20GB-30D,B0H6MDHJFJ,fbm0,ALREADY_OFF,offer already on DEFAULT
2026-08-18T10:04:34+00:00,PL,SIERRA-LEONE-3GB-15D,B0H6MHPWKP,fbm0,ALREADY_OFF,offer already on DEFAULT
2026-08-18T10:04:35+00:00,PL,SIERRA-LEONE-5GB-30D,B0H6MBK6HZ,fbm0,ALREADY_OFF,offer already on DEFAULT
2026-08-18T10:04:36+00:00,PL,SIERRA-LEONE-20GB-30D,B0H6ML1JW1,fbm0,ALREADY_OFF,offer already on DEFAULT
2026-08-18T10:04:37+00:00,PL,SURINAME-3GB-15D,B0H6MLWJMY,fbm0,ALREADY_OFF,offer already on DEFAULT
2026-08-18T10:04:39+00:00,PL,SURINAME-5GB-30D,B0H6MNS3N5,fbm0,ALREADY_OFF,offer already on DEFAULT
2026-08-18T10:04:40+00:00,PL,SURINAME-20GB-30D,B0H6MNKY5H,fbm0,ALREADY_OFF,offer already on DEFAULT
2026-08-18T10:04:41+00:00,PL,TAJIKISTAN-3GB-15D,B0H6M7XFN6,fbm0,ALREADY_OFF,offer already on DEFAULT
2026-08-18T10:04:42+00:00,PL,TAJIKISTAN-5GB-30D,B0H6MFYMXZ,fbm0,ALREADY_OFF,offer already on DEFAULT
2026-08-18T10:04:44+00:00,PL,TAJIKISTAN-20GB-30D,B0H6M85C77,fbm0,ALREADY_OFF,offer already on DEFAULT
2026-08-18T10:04:45+00:00,PL,TRINIDAD-AND-TOBAGO-3GB-15D,B0H6MJTHXK,fbm0,ALREADY_OFF,offer already on DEFAULT
2026-08-18T10:04:46+00:00,PL,TRINIDAD-AND-TOBAGO-5GB-30D,B0H6MJTHY9,fbm0,ALREADY_OFF,offer already on DEFAULT
2026-08-18T10:04:48+00:00,PL,TRINIDAD-AND-TOBAGO-20GB-30D,B0H6MF31VP,fbm0,ALREADY_OFF,offer already on DEFAULT
2026-08-18T10:04:49+00:00,PL,TURKS-AND-CAICOS-ISLANDS-3GB-15D,B0H6MNNXGL,fbm0,ALREADY_OFF,offer already on DEFAULT
2026-08-18T10:04:50+00:00,PL,TURKS-AND-CAICOS-ISLANDS-5GB-30D,B0H6MLH1KM,fbm0,ALREADY_OFF,offer already on DEFAULT
2026-08-18T10:04:51+00:00,PL,TURKS-AND-CAICOS-ISLANDS-20GB-30D,B0H6MLBGX7,fbm0,ALREADY_OFF,offer already on DEFAULT
2026-08-18T10:04:53+00:00,PL,VATICAN-CITY-3GB-15D,B0H6MBMF8G,fbm0,ALREADY_OFF,offer already on DEFAULT
2026-08-18T10:04:54+00:00,PL,VATICAN-CITY-5GB-30D,B0H6M7YXNP,fbm0,ALREADY_OFF,offer already on DEFAULT
2026-08-18T10:04:55+00:00,PL,VATICAN-CITY-20GB-30D,B0H6MDPLZ9,fbm0,ALREADY_OFF,offer already on DEFAULT
2026-08-18T10:04:56+00:00,PL,CANADA-PREMIUM-3GB-15D,B0H6MJ1HMJ,fbm0,ALREADY_OFF,offer already on DEFAULT
2026-08-18T10:04:57+00:00,PL,CANADA-PREMIUM-5GB-30D,B0H6MPXGBN,fbm0,ALREADY_OFF,offer already on DEFAULT
2026-08-18T10:04:59+00:00,PL,CANADA-PREMIUM-20GB-30D,B0H6MJ9N4Y,fbm0,ALREADY_OFF,offer already on DEFAULT
2026-08-18T10:05:00+00:00,PL,AALAND-ISLANDS-3GB-15D,B0FR3CCSMB,fbm0,ALREADY_OFF,offer already on DEFAULT
2026-08-18T10:05:01+00:00,PL,AALAND-ISLANDS-5GB-30D,B0FR3G6JWB,fbm0,ALREADY_OFF,offer already on DEFAULT
2026-08-18T10:05:02+00:00,PL,AALAND-ISLANDS-20GB-30D,B0FR39Q1KJ,fbm0,ALREADY_OFF,offer already on DEFAULT
2026-08-18T10:05:04+00:00,PL,AFRICA-5GB-30D,B0FR3GK9Z7,fbm0,ALREADY_OFF,offer already on DEFAULT
2026-08-18T10:05:05+00:00,PL,ALBANIA-5GB-30D,B0FR4ZG3Z6,fbm0,ALREADY_OFF,offer already on DEFAULT
2026-08-18T10:05:06+00:00,PL,ARGENTINA-3GB-15D,B0FR554SXN,fbm0,ALREADY_OFF,offer already on DEFAULT
2026-08-18T10:05:08+00:00,PL,ARGENTINA-20GB-30D,B0FR5DCH33,fbm0,DEACTIVATED,
2026-08-18T10:05:10+00:00,PL,ARMENIA-3GB-15D,B0FR5BK9R4,fbm0,ALREADY_OFF,offer already on DEFAULT
2026-08-18T10:05:11+00:00,PL,ARMENIA-20GB-30D,B0FR4ZT5XT,fbm0,DEACTIVATED,
2026-08-18T10:05:13+00:00,PL,ASIA-20-3GB-15D,B0FR9FZ4RF,fbm0,DEACTIVATED,
2026-08-18T10:05:15+00:00,PL,ASIA-20-5GB-30D,B0FR9BQNSV,fbm0,DEACTIVATED,
2026-08-18T10:05:16+00:00,PL,AUSTRALIA-3GB-15D,B0FR9SKY4D,fbm0,ALREADY_OFF,offer already on DEFAULT
2026-08-18T10:05:18+00:00,PL,AUSTRALIA-5GB-30D,B0FR9JRB62,fbm0,DEACTIVATED,
2026-08-18T10:05:19+00:00,PL,AUSTRALIA-20GB-30D,B0FR9G1ZQJ,fbm0,DEACTIVATED,
2026-08-18T10:05:21+00:00,PL,AUSTRIA-3GB-15D,B0FR9QSMSP,fbm0,DEACTIVATED,
2026-08-18T10:05:22+00:00,PL,AUSTRIA-5GB-30D,B0FR8XCH78,fbm0,DEACTIVATED,
2026-08-18T10:05:24+00:00,PL,AUSTRIA-20GB-30D,B0FR8XBSBP,fbm0,DEACTIVATED,
2026-08-18T10:05:25+00:00,PL,AZERBAIJAN-3GB-15D,B0FR9BTC98,fbm0,DEACTIVATED,
2026-08-18T10:05:27+00:00,PL,BAHRAIN-3GB-15D,B0FR9K64KF,fbm0,DEACTIVATED,
2026-08-18T10:05:29+00:00,PL,BANGLADESH-3GB-15D,B0FR9L7SG3,fbm0,DEACTIVATED,
2026-08-18T10:05:30+00:00,PL,BANGLADESH-5GB-30D,B0FR9BQFCM,fbm0,DEACTIVATED,
2026-08-18T10:05:32+00:00,PL,BANGLADESH-20GB-30D,B0FR8FJ3HJ,fbm0,DEACTIVATED,
2026-08-18T10:05:34+00:00,PL,BELARUS-3GB-15D,B0FR9G3Z82,fbm0,DEACTIVATED,
2026-08-18T10:05:36+00:00,PL,BELARUS-5GB-30D,B0FR8FFT4D,fbm0,DEACTIVATED,
2026-08-18T10:05:37+00:00,PL,BELGIUM-3GB-15D,B0FR9G432K,fbm0,DEACTIVATED,
2026-08-18T10:05:39+00:00,PL,BELGIUM-5GB-30D,B0FR9SXCW6,fbm0,DEACTIVATED,
2026-08-18T10:05:41+00:00,PL,BELGIUM-20GB-30D,B0FR9BVRCH,fbm0,DEACTIVATED,
2026-08-18T10:05:42+00:00,PL,BOLIVIA-3GB-15D,B0FR8FKPKH,fbm0,DEACTIVATED,
2026-08-18T10:05:44+00:00,PL,BOLIVIA-20GB-30D,B0FR9RH588,fbm0,DEACTIVATED,
2026-08-18T10:05:45+00:00,PL,BOSNIA-AND-HERZEGOVINA-3GB-15D,B0FR9G8ZVK,fbm0,DEACTIVATED,
2026-08-18T10:05:47+00:00,PL,BOTSWANA-3GB-15D,B0FR9G7N2Q,fbm0,DEACTIVATED,
2026-08-18T10:05:49+00:00,PL,BRAZIL-3GB-15D,B0FR9G5LKV,fbm0,DEACTIVATED,
2026-08-18T10:05:50+00:00,PL,BRAZIL-20GB-30D,B0FR9KLZCR,fbm0,DEACTIVATED,
2026-08-18T10:05:51+00:00,PL,BRUNEI-DARUSSALAM-3GB-15D,B0FR9KTJND,fbm0,ALREADY_OFF,offer already on DEFAULT
2026-08-18T10:05:53+00:00,PL,BRUNEI-DARUSSALAM-20GB-30D,B0FR9F971C,fbm0,DEACTIVATED,
2026-08-18T10:05:55+00:00,PL,BURKINA-FASO-3GB-15D,B0FR9HWFSK,fbm0,DEACTIVATED,
2026-08-18T10:05:57+00:00,PL,BURKINA-FASO-5GB-30D,B0FR9BWKSY,fbm0,DEACTIVATED,
2026-08-18T10:05:59+00:00,PL,CAMEROON-3GB-15D,B0FR9VJ1ZB,fbm0,DEACTIVATED,
2026-08-18T10:06:00+00:00,PL,CENTRAL-AFRICAN-REPUBLIC-3GB-15D,B0FR9RK8FP,fbm0,DEACTIVATED,
2026-08-18T10:06:02+00:00,PL,CENTRAL-AFRICAN-REPUBLIC-5GB-30D,B0FR9R3NMC,fbm0,DEACTIVATED,
2026-08-18T10:06:03+00:00,PL,CHAD-3GB-15D,B0FR9SG4MK,fbm0,DEACTIVATED,
2026-08-18T10:06:05+00:00,PL,CHAD-5GB-30D,B0FR9L414C,fbm0,DEACTIVATED,
2026-08-18T10:06:07+00:00,PL,CHILE-3GB-15D,B0FR9RY1RT,fbm0,DEACTIVATED,
2026-08-18T10:06:09+00:00,PL,CHINA-3GB-15D,B0FR9QZ578,fbm0,DEACTIVATED,
2026-08-18T10:06:10+00:00,PL,CHINA-5GB-30D,B0FR9HX7XH,fbm0,DEACTIVATED,
2026-08-18T10:06:12+00:00,PL,CHINA-20GB-30D,B0FR9GD6X9,fbm0,DEACTIVATED,
2026-08-18T10:06:14+00:00,PL,COLOMBIA-3GB-15D,B0FR9RL8W5,fbm0,DEACTIVATED,
2026-08-18T10:06:15+00:00,PL,CAMBODIA-3GB-15D,B0FR8XKMJ4,fbm0,DEACTIVATED,
2026-08-18T10:06:17+00:00,PL,CAMBODIA-20GB-30D,B0FR9GFJPL,fbm0,DEACTIVATED,
2026-08-18T10:06:19+00:00,PL,COSTA-RICA-3GB-15D,B0FR9LNRMN,fbm0,DEACTIVATED,
2026-08-18T10:06:20+00:00,PL,COTE-D-IVOIRE-3GB-15D,B0FR9HW9DJ,fbm0,DEACTIVATED,
2026-08-18T10:06:22+00:00,PL,COTE-D-IVOIRE-5GB-30D,B0FR9V5LYJ,fbm0,ALREADY_OFF,offer already on DEFAULT
2026-08-18T10:06:23+00:00,PL,CROATIA-3GB-15D,B0FR9GDKT1,fbm0,ALREADY_OFF,offer already on DEFAULT
2026-08-18T10:06:24+00:00,PL,CROATIA-5GB-30D,B0FR9BVV58,fbm0,ALREADY_OFF,offer already on DEFAULT
2026-08-18T10:06:26+00:00,PL,CROATIA-20GB-30D,B0FR9TYCSL,fbm0,ALREADY_OFF,offer already on DEFAULT
2026-08-18T10:06:27+00:00,PL,CYPRUS-3GB-15D,B0FR8XJWWG,fbm0,ALREADY_OFF,offer already on DEFAULT
2026-08-18T10:06:28+00:00,PL,CYPRUS-5GB-30D,B0FR8XHWZV,fbm0,ALREADY_OFF,offer already on DEFAULT
2026-08-18T10:06:30+00:00,PL,CZECH-REPUBLIC-3GB-15D,B0FR9SB2Q3,fbm0,ALREADY_OFF,offer already on DEFAULT
2026-08-18T10:06:31+00:00,PL,CZECH-REPUBLIC-5GB-30D,B0FR9BY2LF,fbm0,ALREADY_OFF,offer already on DEFAULT
2026-08-18T10:06:32+00:00,PL,CZECH-REPUBLIC-20GB-30D,B0FR9SVN9H,fbm0,ALREADY_OFF,offer already on DEFAULT
2026-08-18T10:06:34+00:00,PL,DENMARK-3GB-15D,B0FR9GSNP4,fbm0,ALREADY_OFF,offer already on DEFAULT
2026-08-18T10:06:35+00:00,PL,DENMARK-5GB-30D,B0FR8XQYR4,fbm0,ALREADY_OFF,offer already on DEFAULT
2026-08-18T10:06:36+00:00,PL,DENMARK-20GB-30D,B0FR9QPF45,fbm0,ALREADY_OFF,offer already on DEFAULT
2026-08-18T10:06:38+00:00,PL,DOMINICAN-REPUBLIC-3GB-15D,B0FR9GSKZF,fbm0,ALREADY_OFF,offer already on DEFAULT
2026-08-18T10:06:39+00:00,PL,DOMINICAN-REPUBLIC-5GB-30D,B0FR9GQKCM,fbm0,ALREADY_OFF,offer already on DEFAULT
2026-08-18T10:06:41+00:00,PL,DOMINICAN-REPUBLIC-20GB-30D,B0FR9C6DJF,fbm0,ALREADY_OFF,offer already on DEFAULT
2026-08-18T10:06:42+00:00,PL,ECUADOR-3GB-15D,B0FR9RM6MP,fbm0,ALREADY_OFF,offer already on DEFAULT
2026-08-18T10:06:43+00:00,PL,EGYPT-3GB-15D,B0FR9C784N,fbm0,ALREADY_OFF,offer already on DEFAULT
2026-08-18T10:06:45+00:00,PL,EGYPT-5GB-30D,B0FR9LR5KJ,fbm0,ALREADY_OFF,offer already on DEFAULT
2026-08-18T10:06:46+00:00,PL,EGYPT-20GB-30D,B0FR9GQBGL,fbm0,ALREADY_OFF,offer already on DEFAULT
2026-08-18T10:06:47+00:00,PL,EL-SALVADOR-3GB-15D,B0FR9LJ7X4,fbm0,ALREADY_OFF,offer already on DEFAULT
2026-08-18T10:06:48+00:00,PL,ESTONIA-3GB-15D,B0FR9GST1S,fbm0,ALREADY_OFF,offer already on DEFAULT
2026-08-18T10:06:50+00:00,PL,ESTONIA-5GB-30D,B0FR9GQYKB,fbm0,ALREADY_OFF,offer already on DEFAULT
2026-08-18T10:06:51+00:00,PL,ESTONIA-20GB-30D,B0FR9L527N,fbm0,ALREADY_OFF,offer already on DEFAULT
2026-08-18T10:06:52+00:00,PL,EUROPE-40-AREAS-5GB-30D,B0FR9RYSSS,fbm0,ALREADY_OFF,offer already on DEFAULT
2026-08-18T10:06:54+00:00,PL,EUROPE-40-AREAS-20GB-30D,B0FR9TNPV3,fbm0,ALREADY_OFF,offer already on DEFAULT
2026-08-18T10:06:55+00:00,PL,FINLAND-3GB-15D,B0FR9GSND6,fbm0,ALREADY_OFF,offer already on DEFAULT
2026-08-18T10:06:56+00:00,PL,FINLAND-5GB-30D,B0FR9SB3BJ,fbm0,ALREADY_OFF,offer already on DEFAULT
2026-08-18T10:06:57+00:00,PL,FRANCE-3GB-15D,B0FR9C5ZB6,fbm0,ALREADY_OFF,offer already on DEFAULT
2026-08-18T10:06:58+00:00,PL,FRANCE-5GB-30D,B0FR9LMDW5,fbm0,ALREADY_OFF,offer already on DEFAULT
2026-08-18T10:07:00+00:00,PL,FRANCE-20GB-30D,B0FR9GPMC5,fbm0,ALREADY_OFF,offer already on DEFAULT
2026-08-18T10:07:01+00:00,PL,GABON-3GB-15D,B0FR9GPX9T,fbm0,ALREADY_OFF,offer already on DEFAULT
2026-08-18T10:07:02+00:00,PL,GEORGIA-3GB-15D,B0FR9KMX2N,fbm0,ALREADY_OFF,offer already on DEFAULT
2026-08-18T10:07:03+00:00,PL,GEORGIA-20GB-30D,B0FR9C73NK,fbm0,ALREADY_OFF,offer already on DEFAULT
2026-08-18T10:07:05+00:00,PL,GERMANY-3GB-15D,B0GSZBMLKV,fbm0,ALREADY_OFF,offer already on DEFAULT
2026-08-18T10:07:06+00:00,PL,GERMANY-5GB-30D,B0GSZDYWLZ,fbm0,ALREADY_OFF,offer already on DEFAULT
2026-08-18T10:07:07+00:00,PL,GERMANY-20GB-30D,B0GSZP9H94,fbm0,ALREADY_OFF,offer already on DEFAULT
2026-08-18T10:07:09+00:00,PL,GIBRALTAR-3GB-15D,B0FR8XSPMC,fbm0,ALREADY_OFF,offer already on DEFAULT
2026-08-18T10:07:10+00:00,PL,GLOBAL139-5GB-30D,B0FR9VNTLY,fbm0,ALREADY_OFF,offer already on DEFAULT
2026-08-18T10:07:11+00:00,PL,GREECE-3GB-15D,B0FR9L85F6,fbm0,ALREADY_OFF,offer already on DEFAULT
2026-08-18T10:07:13+00:00,PL,GREECE-5GB-30D,B0FR9C7SMF,fbm0,ALREADY_OFF,offer already on DEFAULT
2026-08-18T10:07:14+00:00,PL,GREECE-20GB-30D,B0FR9KJGBG,fbm0,ALREADY_OFF,offer already on DEFAULT
2026-08-18T10:07:15+00:00,PL,GUADELOUPE-3GB-15D,B0FR9TMVWK,fbm0,ALREADY_OFF,offer already on DEFAULT
2026-08-18T10:07:17+00:00,PL,GUADELOUPE-20GB-30D,B0FR8XTBF6,fbm0,ALREADY_OFF,offer already on DEFAULT
2026-08-18T10:07:26+00:00,PL,GUAM-3GB-15D,B0FR9GVSSF,fbm0,ALREADY_OFF,offer already on DEFAULT
2026-08-18T10:07:28+00:00,PL,GUAM-5GB-30D,B0FR9SVP8Y,fbm0,ALREADY_OFF,offer already on DEFAULT
2026-08-18T10:07:29+00:00,PL,GUAM-20GB-30D,B0FR9C7MGP,fbm0,ALREADY_OFF,offer already on DEFAULT
2026-08-18T10:07:30+00:00,PL,GUATEMALA-3GB-15D,B0FR9VC6VD,fbm0,ALREADY_OFF,offer already on DEFAULT
2026-08-18T10:07:32+00:00,PL,GUERNSEY-3GB-15D,B0FR9SMWDN,fbm0,ALREADY_OFF,offer already on DEFAULT
2026-08-18T10:07:33+00:00,PL,GUERNSEY-5GB-30D,B0FR9C5PXR,fbm0,ALREADY_OFF,offer already on DEFAULT
2026-08-18T10:07:34+00:00,PL,GUERNSEY-20GB-30D,B0FR9LYWWY,fbm0,ALREADY_OFF,offer already on DEFAULT
2026-08-18T10:07:35+00:00,PL,HONDURAS-3GB-15D,B0FR9ZYV5G,fbm0,ALREADY_OFF,offer already on DEFAULT
2026-08-18T10:07:37+00:00,PL,HONG-KONG-3GB-15D,B0FR9CC6Q8,fbm0,ALREADY_OFF,offer already on DEFAULT
2026-08-18T10:07:38+00:00,PL,HONG-KONG-5GB-30D,B0FR9GXYYL,fbm0,ALREADY_OFF,offer already on DEFAULT
2026-08-18T10:07:39+00:00,PL,HONG-KONG-20GB-30D,B0FR9GXZ6F,fbm0,ALREADY_OFF,offer already on DEFAULT
2026-08-18T10:07:41+00:00,PL,HUNGARY-3GB-15D,B0FR9C9JVW,fbm0,ALREADY_OFF,offer already on DEFAULT
2026-08-18T10:07:42+00:00,PL,HUNGARY-5GB-30D,B0FR9GY3R5,fbm0,ALREADY_OFF,offer already on DEFAULT
2026-08-18T10:07:43+00:00,PL,HUNGARY-20GB-30D,B0FR9ZVYYQ,fbm0,ALREADY_OFF,offer already on DEFAULT
2026-08-18T10:07:45+00:00,PL,ICELAND-3GB-15D,B0FR9TBBK1,fbm0,ALREADY_OFF,offer already on DEFAULT
2026-08-18T10:07:46+00:00,PL,ICELAND-5GB-30D,B0FR9ZWQBD,fbm0,ALREADY_OFF,offer already on DEFAULT
2026-08-18T10:07:47+00:00,PL,ICELAND-20GB-30D,B0FR9GX6LF,fbm0,ALREADY_OFF,offer already on DEFAULT
2026-08-18T10:07:48+00:00,PL,INDIA-3GB-15D,B0FR9ZM116,fbm0,ALREADY_OFF,offer already on DEFAULT
2026-08-18T10:07:49+00:00,PL,INDIA-5GB-30D,B0FR9GXWN9,fbm0,ALREADY_OFF,offer already on DEFAULT
2026-08-18T10:07:50+00:00,PL,INDIA-20GB-30D,B0FR9DYMHX,fbm0,ALREADY_OFF,offer already on DEFAULT
2026-08-18T10:07:52+00:00,PL,INDONESIA-3GB-15D,B0FR9T6QPZ,fbm0,ALREADY_OFF,offer already on DEFAULT
2026-08-18T10:07:53+00:00,PL,INDONESIA-5GB-30D,B0FR8XW5DR,fbm0,ALREADY_OFF,offer already on DEFAULT
2026-08-18T10:07:55+00:00,PL,INDONESIA-20GB-30D,B0FR9QXRDQ,fbm0,ALREADY_OFF,offer already on DEFAULT
2026-08-18T10:07:56+00:00,PL,IRELAND-3GB-15D,B0FR8XV57F,fbm0,ALREADY_OFF,offer already on DEFAULT
2026-08-18T10:07:57+00:00,PL,IRELAND-5GB-30D,B0FR9GYKQL,fbm0,ALREADY_OFF,offer already on DEFAULT
2026-08-18T10:07:58+00:00,PL,IRELAND-20GB-30D,B0FR9SZG2Z,fbm0,ALREADY_OFF,offer already on DEFAULT
2026-08-18T10:08:00+00:00,PL,ISLE-OF-MAN-3GB-15D,B0FR9LZ7RL,fbm0,ALREADY_OFF,offer already on DEFAULT
2026-08-18T10:08:01+00:00,PL,ISLE-OF-MAN-5GB-30D,B0FR9M27XY,fbm0,ALREADY_OFF,offer already on DEFAULT
2026-08-18T10:08:02+00:00,PL,ISLE-OF-MAN-20GB-30D,B0FR9CB5LK,fbm0,ALREADY_OFF,offer already on DEFAULT
2026-08-18T10:08:04+00:00,PL,ISRAEL-3GB-15D,B0FR9M11H1,fbm0,ALREADY_OFF,offer already on DEFAULT
2026-08-18T10:08:05+00:00,PL,ISRAEL-5GB-30D,B0FR8XVZZM,fbm0,ALREADY_OFF,offer already on DEFAULT
2026-08-18T10:08:06+00:00,PL,ISRAEL-20GB-30D,B0FR9K8SQ1,fbm0,ALREADY_OFF,offer already on DEFAULT
2026-08-18T10:08:07+00:00,PL,ITALY-3GB-15D,B0FR9GXZ18,fbm0,ALREADY_OFF,offer already on DEFAULT
2026-08-18T10:08:09+00:00,PL,ITALY-5GB-30D,B0FR9ZR2TH,fbm0,ALREADY_OFF,offer already on DEFAULT
2026-08-18T10:08:10+00:00,PL,ITALY-20GB-30D,B0FR9RNZV2,fbm0,ALREADY_OFF,offer already on DEFAULT
2026-08-18T10:08:11+00:00,PL,JAPAN-3GB-15D,B0FR9LVZVQ,fbm0,ALREADY_OFF,offer already on DEFAULT
2026-08-18T10:08:12+00:00,PL,JAPAN-5GB-30D,B0FR9TLXXH,fbm0,ALREADY_OFF,offer already on DEFAULT
2026-08-18T10:08:14+00:00,PL,JAPAN-20GB-30D,B0FR9RZKRB,fbm0,ALREADY_OFF,offer already on DEFAULT
2026-08-18T10:08:15+00:00,PL,JERSEY-3GB-15D,B0FR9GYMR5,fbm0,ALREADY_OFF,offer already on DEFAULT
2026-08-18T10:08:16+00:00,PL,JERSEY-5GB-30D,B0FR9M27GP,fbm0,ALREADY_OFF,offer already on DEFAULT
2026-08-18T10:08:18+00:00,PL,JERSEY-20GB-30D,B0FR9CBQDH,fbm0,ALREADY_OFF,offer already on DEFAULT
2026-08-18T10:08:19+00:00,PL,JORDAN-3GB-15D,B0FR9M144Z,fbm0,ALREADY_OFF,offer already on DEFAULT
2026-08-18T10:08:21+00:00,PL,JORDAN-5GB-30D,B0FR9ZTZNK,fbm0,ALREADY_OFF,offer already on DEFAULT
2026-08-18T10:08:22+00:00,PL,JORDAN-20GB-30D,B0FR9ST188,fbm0,ALREADY_OFF,offer already on DEFAULT
2026-08-18T10:08:24+00:00,PL,KAZAKHSTAN-3GB-15D,B0FR9T4DG2,fbm0,ALREADY_OFF,offer already on DEFAULT
2026-08-18T10:08:25+00:00,PL,KAZAKHSTAN-5GB-30D,B0FR9ZMMSH,fbm0,ALREADY_OFF,offer already on DEFAULT
2026-08-18T10:08:26+00:00,PL,KAZAKHSTAN-20GB-30D,B0FR9TLNNW,fbm0,ALREADY_OFF,offer already on DEFAULT
2026-08-18T10:08:28+00:00,PL,KENYA-3GB-15D,B0FR9GZ14G,fbm0,ALREADY_OFF,offer already on DEFAULT
2026-08-18T10:08:29+00:00,PL,KENYA-5GB-30D,B0FR9T4DG6,fbm0,ALREADY_OFF,offer already on DEFAULT
2026-08-18T10:08:30+00:00,PL,KUWAIT-3GB-15D,B0FR9LZJ3X,fbm0,ALREADY_OFF,offer already on DEFAULT
2026-08-18T10:08:31+00:00,PL,KUWAIT-5GB-30D,B0FR9M2TXP,fbm0,ALREADY_OFF,offer already on DEFAULT
2026-08-18T10:08:33+00:00,PL,KUWAIT-20GB-30D,B0FR9KBF4P,fbm0,ALREADY_OFF,offer already on DEFAULT
2026-08-18T10:08:34+00:00,PL,KYRGYZSTAN-3GB-15D,B0FR9TVF4R,fbm0,ALREADY_OFF,offer already on DEFAULT
2026-08-18T10:08:35+00:00,PL,KYRGYZSTAN-20GB-30D,B0FR8XXBHM,fbm0,ALREADY_OFF,offer already on DEFAULT
2026-08-18T10:08:37+00:00,PL,LATVIA-3GB-15D,B0FR9VM4K6,fbm0,ALREADY_OFF,offer already on DEFAULT
2026-08-18T10:08:38+00:00,PL,LATVIA-5GB-30D,B0FR9TR99S,fbm0,ALREADY_OFF,offer already on DEFAULT
2026-08-18T10:08:39+00:00,PL,LATVIA-20GB-30D,B0FR9SWN6V,fbm0,ALREADY_OFF,offer already on DEFAULT
2026-08-18T10:08:41+00:00,PL,LIBERIA-3GB-15D,B0FR9H18JQ,fbm0,ALREADY_OFF,offer already on DEFAULT
2026-08-18T10:08:42+00:00,PL,LIBERIA-5GB-30D,B0FR9SJ1YH,fbm0,ALREADY_OFF,offer already on DEFAULT
2026-08-18T10:08:44+00:00,PL,LIECHTENSTEIN-3GB-15D,B0FR9S35ZH,fbm0,ALREADY_OFF,offer already on DEFAULT
2026-08-18T10:08:45+00:00,PL,LITHUANIA-3GB-15D,B0FR9KS3P4,fbm0,ALREADY_OFF,offer already on DEFAULT
2026-08-18T10:08:46+00:00,PL,LITHUANIA-5GB-30D,B0FR9R598C,fbm0,ALREADY_OFF,offer already on DEFAULT
2026-08-18T10:08:48+00:00,PL,LITHUANIA-20GB-30D,B0FR9TQN8N,fbm0,ALREADY_OFF,offer already on DEFAULT
2026-08-18T10:08:49+00:00,PL,LUXEMBOURG-3GB-15D,B0FR9SHRKM,fbm0,ALREADY_OFF,offer already on DEFAULT
2026-08-18T10:08:51+00:00,PL,LUXEMBOURG-5GB-30D,B0FR9SB862,fbm0,ALREADY_OFF,offer already on DEFAULT
2026-08-18T10:08:52+00:00,PL,LUXEMBOURG-20GB-30D,B0FR8XXXZB,fbm0,ALREADY_OFF,offer already on DEFAULT
2026-08-18T10:08:53+00:00,PL,MACAO-3GB-15D,B0FR9M485M,fbm0,ALREADY_OFF,offer already on DEFAULT
2026-08-18T10:08:55+00:00,PL,MACAO-5GB-30D,B0FR9L9624,fbm0,ALREADY_OFF,offer already on DEFAULT
2026-08-18T10:08:56+00:00,PL,MACAO-20GB-30D,B0FR9CDBN2,fbm0,ALREADY_OFF,offer already on DEFAULT
2026-08-18T10:08:57+00:00,PL,MADAGASCAR-3GB-15D,B0FR9H2NS1,fbm0,ALREADY_OFF,offer already on DEFAULT
2026-08-18T10:08:59+00:00,PL,MALAWI-3GB-15D,B0FR9H3JDK,fbm0,ALREADY_OFF,offer already on DEFAULT
2026-08-18T10:09:00+00:00,PL,MALAWI-5GB-30D,B0FR9GXY24,fbm0,ALREADY_OFF,offer already on DEFAULT
2026-08-18T10:09:02+00:00,PL,MALAYSIA-3GB-15D,B0FR9H1Q65,fbm0,ALREADY_OFF,offer already on DEFAULT
2026-08-18T10:09:03+00:00,PL,MALAYSIA-5GB-30D,B0FR9LDGX8,fbm0,ALREADY_OFF,offer already on DEFAULT
2026-08-18T10:09:04+00:00,PL,MALAYSIA-20GB-30D,B0FR9VMWYD,fbm0,ALREADY_OFF,offer already on DEFAULT
2026-08-18T10:09:05+00:00,PL,MALI-3GB-15D,B0FR9TRDSY,fbm0,ALREADY_OFF,offer already on DEFAULT
2026-08-18T10:09:07+00:00,PL,MALTA-3GB-15D,B0FR9M3PNR,fbm0,ALREADY_OFF,offer already on DEFAULT
2026-08-18T10:09:08+00:00,PL,MALTA-5GB-30D,B0FR9ZSMTC,fbm0,ALREADY_OFF,offer already on DEFAULT
2026-08-18T10:09:09+00:00,PL,MALTA-20GB-30D,B0FR9VL1Q9,fbm0,ALREADY_OFF,offer already on DEFAULT
2026-08-18T10:09:11+00:00,PL,MEXICO-3GB-15D,B0FR9SZSTG,fbm0,ALREADY_OFF,offer already on DEFAULT
2026-08-18T10:09:12+00:00,PL,MEXICO-5GB-30D,B0FR9H2K1C,fbm0,ALREADY_OFF,offer already on DEFAULT
2026-08-18T10:09:14+00:00,PL,MEXICO-20GB-30D,B0FR9VDSJX,fbm0,ALREADY_OFF,offer already on DEFAULT
2026-08-18T10:09:15+00:00,PL,MIDDLE-EAST-5GB-30D,B0FR9SYKP6,fbm0,ALREADY_OFF,offer already on DEFAULT
2026-08-18T10:09:16+00:00,PL,MOLDOVA-3GB-15D,B0FR9CFQYY,fbm0,ALREADY_OFF,offer already on DEFAULT
2026-08-18T10:09:18+00:00,PL,MONACO-3GB-15D,B0FR9ZS6GM,fbm0,ALREADY_OFF,offer already on DEFAULT
2026-08-18T10:09:19+00:00,PL,MONACO-5GB-30D,B0FR9H1H4M,fbm0,ALREADY_OFF,offer already on DEFAULT
2026-08-18T10:09:21+00:00,PL,MONGOLIA-3GB-15D,B0FR9LSYTX,fbm0,ALREADY_OFF,offer already on DEFAULT
2026-08-18T10:09:22+00:00,PL,MONTENEGRO-3GB-15D,B0FR9R5HR7,fbm0,ALREADY_OFF,offer already on DEFAULT
2026-08-18T10:09:23+00:00,PL,MOROCCO-3GB-15D,B0FR9CFZQR,fbm0,ALREADY_OFF,offer already on DEFAULT
2026-08-18T10:09:25+00:00,PL,MOROCCO-5GB-30D,B0FR9CDDQ8,fbm0,ALREADY_OFF,offer already on DEFAULT
2026-08-18T10:09:26+00:00,PL,MOROCCO-20GB-30D,B0FR9M57DY,fbm0,ALREADY_OFF,offer already on DEFAULT
2026-08-18T10:09:28+00:00,PL,MOZAMBIQUE-3GB-15D,B0FRB1M6HK,fbm0,ALREADY_OFF,offer already on DEFAULT
2026-08-18T10:09:29+00:00,PL,MOZAMBIQUE-20GB-30D,B0FR9CFLS7,fbm0,ALREADY_OFF,offer already on DEFAULT
2026-08-18T10:09:30+00:00,PL,NEPAL-3GB-15D,B0FRB1TD7L,fbm0,ALREADY_OFF,offer already on DEFAULT
2026-08-18T10:09:32+00:00,PL,NETHERLANDS-3GB-15D,B0FRB5GNM2,fbm0,ALREADY_OFF,offer already on DEFAULT
2026-08-18T10:09:33+00:00,PL,NETHERLANDS-5GB-30D,B0FR9NHP7Q,fbm0,ALREADY_OFF,offer already on DEFAULT
2026-08-18T10:09:34+00:00,PL,NETHERLANDS-20GB-30D,B0FR9NG7LB,fbm0,ALREADY_OFF,offer already on DEFAULT
2026-08-18T10:09:36+00:00,PL,NEW-ZEALAND-3GB-15D,B0FR9NKXF5,fbm0,ALREADY_OFF,offer already on DEFAULT
2026-08-18T10:09:37+00:00,PL,NEW-ZEALAND-5GB-30D,B0FR9NHFWQ,fbm0,ALREADY_OFF,offer already on DEFAULT
2026-08-18T10:09:38+00:00,PL,NEW-ZEALAND-20GB-30D,B0FRB1TWT8,fbm0,ALREADY_OFF,offer already on DEFAULT
2026-08-18T10:09:40+00:00,PL,NICARAGUA-3GB-15D,B0FRB33MPG,fbm0,ALREADY_OFF,offer already on DEFAULT
2026-08-18T10:09:41+00:00,PL,NIGER-3GB-15D,B0FR9NPT1H,fbm0,ALREADY_OFF,offer already on DEFAULT
2026-08-18T10:09:42+00:00,PL,NIGERIA-3GB-15D,B0FR9X17QY,fbm0,ALREADY_OFF,offer already on DEFAULT
2026-08-18T10:09:44+00:00,PL,NORTH-AMERICA-5GB-30D,B0FRBDQ8H5,fbm0,ALREADY_OFF,offer already on DEFAULT
2026-08-18T10:09:45+00:00,PL,NORTH-MACEDONIA-3GB-15D,B0FRB59DJS,fbm0,ALREADY_OFF,offer already on DEFAULT
2026-08-18T10:09:46+00:00,PL,NORTH-MACEDONIA-5GB-30D,B0FR9WNHHX,fbm0,ALREADY_OFF,offer already on DEFAULT
2026-08-18T10:09:47+00:00,PL,NORWAY-3GB-15D,B0FR9WNK2H,fbm0,ALREADY_OFF,offer already on DEFAULT
2026-08-18T10:09:49+00:00,PL,NORWAY-5GB-30D,B0FRBNPZ9D,fbm0,ALREADY_OFF,offer already on DEFAULT
2026-08-18T10:09:50+00:00,PL,NORWAY-20GB-30D,B0FRB572L8,fbm0,ALREADY_OFF,offer already on DEFAULT
2026-08-18T10:09:51+00:00,PL,OMAN-3GB-15D,B0FRB4BL4W,fbm0,ALREADY_OFF,offer already on DEFAULT
2026-08-18T10:09:52+00:00,PL,OMAN-20GB-30D,B0FRB4R3FK,fbm0,ALREADY_OFF,offer already on DEFAULT
2026-08-18T10:09:53+00:00,PL,PAKISTAN-3GB-15D,B0FRB4HL3B,fbm0,ALREADY_OFF,offer already on DEFAULT
2026-08-18T10:09:55+00:00,PL,PAKISTAN-5GB-30D,B0FRB48QKZ,fbm0,ALREADY_OFF,offer already on DEFAULT
2026-08-18T10:09:56+00:00,PL,PAKISTAN-20GB-30D,B0FRB691X8,fbm0,ALREADY_OFF,offer already on DEFAULT
2026-08-18T10:09:57+00:00,PL,PANAMA-3GB-15D,B0FRB3VFW6,fbm0,ALREADY_OFF,offer already on DEFAULT
2026-08-18T10:09:59+00:00,PL,PARAGUAY-3GB-15D,B0FRB3V7CS,fbm0,ALREADY_OFF,offer already on DEFAULT
2026-08-18T10:10:00+00:00,PL,PHILIPPINES-3GB-15D,B0FRB1GVXK,fbm0,ALREADY_OFF,offer already on DEFAULT
2026-08-18T10:10:01+00:00,PL,PHILIPPINES-5GB-30D,B0FRB4VCKG,fbm0,ALREADY_OFF,offer already on DEFAULT
2026-08-18T10:10:03+00:00,PL,PHILIPPINES-20GB-30D,B0FRB4K2D4,fbm0,ALREADY_OFF,offer already on DEFAULT
2026-08-18T10:10:04+00:00,PL,POLAND-3GB-15D,B0FRB4JVKR,fbm0,ALREADY_OFF,offer already on DEFAULT
2026-08-18T10:10:05+00:00,PL,POLAND-5GB-30D,B0FRBDPQ9J,fbm0,ALREADY_OFF,offer already on DEFAULT
2026-08-18T10:10:06+00:00,PL,POLAND-20GB-30D,B0FRB5HSK7,fbm0,ALREADY_OFF,offer already on DEFAULT
2026-08-18T10:10:08+00:00,PL,PORTUGAL-3GB-15D,B0FRB4314T,fbm0,ALREADY_OFF,offer already on DEFAULT
2026-08-18T10:10:09+00:00,PL,PORTUGAL-5GB-30D,B0FRB4X799,fbm0,ALREADY_OFF,offer already on DEFAULT
2026-08-18T10:10:10+00:00,PL,PORTUGAL-20GB-30D,B0FRB354KV,fbm0,ALREADY_OFF,offer already on DEFAULT
2026-08-18T10:10:12+00:00,PL,PUERTO-RICO-3GB-15D,B0FRB5MSF1,fbm0,ALREADY_OFF,offer already on DEFAULT
2026-08-18T10:10:13+00:00,PL,PUERTO-RICO-5GB-30D,B0FR9WMX9V,fbm0,ALREADY_OFF,offer already on DEFAULT
2026-08-18T10:10:14+00:00,PL,QATAR-3GB-15D,B0FR9NXH43,fbm0,ALREADY_OFF,offer already on DEFAULT
2026-08-18T10:10:16+00:00,PL,QATAR-5GB-30D,B0FR9X5KB1,fbm0,ALREADY_OFF,offer already on DEFAULT
2026-08-18T10:10:17+00:00,PL,QATAR-20GB-30D,B0FR9X3QGM,fbm0,ALREADY_OFF,offer already on DEFAULT
2026-08-18T10:10:18+00:00,PL,REUNION-3GB-15D,B0FRB3KCNQ,fbm0,ALREADY_OFF,offer already on DEFAULT
2026-08-18T10:10:19+00:00,PL,REUNION-5GB-30D,B0FRB47TQW,fbm0,ALREADY_OFF,offer already on DEFAULT
2026-08-18T10:10:21+00:00,PL,SAUDI-ARABIA-3GB-15D,B0FRB3N2KL,fbm0,ALREADY_OFF,offer already on DEFAULT
2026-08-18T10:10:22+00:00,PL,SAUDI-ARABIA-5GB-30D,B0FRB1SRZY,fbm0,ALREADY_OFF,offer already on DEFAULT
2026-08-18T10:10:23+00:00,PL,SAUDI-ARABIA-20GB-30D,B0FRB5PZTS,fbm0,ALREADY_OFF,offer already on DEFAULT
2026-08-18T10:10:24+00:00,PL,SENEGAL-3GB-15D,B0FRB4HX92,fbm0,ALREADY_OFF,offer already on DEFAULT
2026-08-18T10:10:25+00:00,PL,SENEGAL-5GB-30D,B0FRB68H77,fbm0,ALREADY_OFF,offer already on DEFAULT
2026-08-18T10:10:27+00:00,PL,SERBIA-3GB-15D,B0FRB5TJV2,fbm0,ALREADY_OFF,offer already on DEFAULT
2026-08-18T10:10:28+00:00,PL,SERBIA-20GB-30D,B0FRB5K8JC,fbm0,ALREADY_OFF,offer already on DEFAULT
2026-08-18T10:10:29+00:00,PL,SEYCHELLES-3GB-15D,B0FRB55T3H,fbm0,ALREADY_OFF,offer already on DEFAULT
2026-08-18T10:10:31+00:00,PL,SEYCHELLES-5GB-30D,B0FR9P7N6M,fbm0,ALREADY_OFF,offer already on DEFAULT
2026-08-18T10:10:32+00:00,PL,SINGAPORE-5GB-30D,B0FR9X3Y3R,fbm0,ALREADY_OFF,offer already on DEFAULT
2026-08-18T10:10:33+00:00,PL,SINGAPORE-20GB-30D,B0FRB256K8,fbm0,ALREADY_OFF,offer already on DEFAULT
2026-08-18T10:10:34+00:00,PL,SLOVAKIA-3GB-15D,B0FR9XC4BW,fbm0,ALREADY_OFF,offer already on DEFAULT
2026-08-18T10:10:35+00:00,PL,SLOVAKIA-5GB-30D,B0FRB2X84M,fbm0,ALREADY_OFF,offer already on DEFAULT
2026-08-18T10:10:37+00:00,PL,SLOVAKIA-20GB-30D,B0FRB14YYC,fbm0,ALREADY_OFF,offer already on DEFAULT
2026-08-18T10:10:38+00:00,PL,SLOVENIA-3GB-15D,B0FR9XCF27,fbm0,ALREADY_OFF,offer already on DEFAULT
2026-08-18T10:10:39+00:00,PL,SLOVENIA-5GB-30D,B0FRB3SJMR,fbm0,ALREADY_OFF,offer already on DEFAULT
2026-08-18T10:10:40+00:00,PL,SLOVENIA-20GB-30D,B0FR9X15V2,fbm0,ALREADY_OFF,offer already on DEFAULT
2026-08-18T10:10:42+00:00,PL,SOUTH-AMERICA-5GB-30D,B0FRB8D7HC,fbm0,ALREADY_OFF,offer already on DEFAULT
2026-08-18T10:10:43+00:00,PL,SOUTH-KOREA-3GB-15D,B0FRC4RTDF,fbm0,ALREADY_OFF,offer already on DEFAULT
2026-08-18T10:10:44+00:00,PL,SOUTH-KOREA-5GB-30D,B0FRD9LC4C,fbm0,ALREADY_OFF,offer already on DEFAULT
2026-08-18T10:10:45+00:00,PL,SOUTH-KOREA-20GB-30D,B0FRC4P51Z,fbm0,ALREADY_OFF,offer already on DEFAULT
2026-08-18T10:10:47+00:00,PL,SPAIN-3GB-15D,B0FRCDHTZ7,fbm0,ALREADY_OFF,offer already on DEFAULT
2026-08-18T10:10:48+00:00,PL,SPAIN-5GB-30D,B0FRBQCLZN,fbm0,ALREADY_OFF,offer already on DEFAULT
2026-08-18T10:10:49+00:00,PL,SPAIN-20GB-30D,B0FRCMPGPL,fbm0,ALREADY_OFF,offer already on DEFAULT
2026-08-18T10:10:51+00:00,PL,SRI-LANKA-3GB-15D,B0FRB7Z1NW,fbm0,ALREADY_OFF,offer already on DEFAULT
2026-08-18T10:10:52+00:00,PL,SRI-LANKA-5GB-30D,B0FRB64B8M,fbm0,ALREADY_OFF,offer already on DEFAULT
2026-08-18T10:10:53+00:00,PL,SRI-LANKA-20GB-30D,B0FRC2DZN5,fbm0,ALREADY_OFF,offer already on DEFAULT
2026-08-18T10:10:55+00:00,PL,SUDAN-3GB-15D,B0FRCKTXNQ,fbm0,ALREADY_OFF,offer already on DEFAULT
2026-08-18T10:10:56+00:00,PL,SUDAN-5GB-30D,B0FRC799N3,fbm0,ALREADY_OFF,offer already on DEFAULT
2026-08-18T10:10:57+00:00,PL,SWEDEN-3GB-15D,B0FRCC6W9S,fbm0,ALREADY_OFF,offer already on DEFAULT
2026-08-18T10:10:58+00:00,PL,SWEDEN-5GB-30D,B0FRCS524D,fbm0,ALREADY_OFF,offer already on DEFAULT
2026-08-18T10:11:00+00:00,PL,SWEDEN-20GB-30D,B0FRB7X5SP,fbm0,ALREADY_OFF,offer already on DEFAULT
2026-08-18T10:11:01+00:00,PL,SWITZERLAND-3GB-15D,B0FRB5LFVC,fbm0,ALREADY_OFF,offer already on DEFAULT
2026-08-18T10:11:02+00:00,PL,SWITZERLAND-5GB-30D,B0FRB7G4VW,fbm0,ALREADY_OFF,offer already on DEFAULT
2026-08-18T10:11:03+00:00,PL,SWITZERLAND-20GB-30D,B0FRB6VY7S,fbm0,ALREADY_OFF,offer already on DEFAULT
2026-08-18T10:11:04+00:00,PL,TANZANIA-3GB-15D,B0FRC81NPJ,fbm0,ALREADY_OFF,offer already on DEFAULT
2026-08-18T10:11:06+00:00,PL,THAILAND-3GB-15D,B0FRCDPJSH,fbm0,ALREADY_OFF,offer already on DEFAULT
2026-08-18T10:11:07+00:00,PL,THAILAND-5GB-30D,B0FR9Q5D1J,fbm0,ALREADY_OFF,offer already on DEFAULT
2026-08-18T10:11:08+00:00,PL,THAILAND-20GB-30D,B0FRCHW3MW,fbm0,ALREADY_OFF,offer already on DEFAULT
2026-08-18T10:11:09+00:00,PL,TUNISIA-5GB-30D,B0FRB7Q96Z,fbm0,ALREADY_OFF,offer already on DEFAULT
2026-08-18T10:11:11+00:00,PL,TURKEY-3GB-15D,B0FRC2PSHM,fbm0,ALREADY_OFF,offer already on DEFAULT
2026-08-18T10:11:12+00:00,PL,TURKEY-5GB-30D,B0FRCBZ1BB,fbm0,ALREADY_OFF,offer already on DEFAULT
2026-08-18T10:11:13+00:00,PL,TURKEY-20GB-30D,B0FRCYMWCX,fbm0,ALREADY_OFF,offer already on DEFAULT
2026-08-18T10:11:14+00:00,PL,UGANDA-3GB-15D,B0FRB7F7Z9,fbm0,ALREADY_OFF,offer already on DEFAULT
2026-08-18T10:11:16+00:00,PL,UKRAINE-3GB-15D,B0FRB9SBFR,fbm0,ALREADY_OFF,offer already on DEFAULT
2026-08-18T10:11:17+00:00,PL,UKRAINE-5GB-30D,B0FRC2NRKG,fbm0,ALREADY_OFF,offer already on DEFAULT
2026-08-18T10:11:18+00:00,PL,URUGUAY-3GB-15D,B0FRB7LHGN,fbm0,ALREADY_OFF,offer already on DEFAULT
2026-08-18T10:11:20+00:00,PL,UZBEKISTAN-5GB-30D,B0FRBWFZ6M,fbm0,ALREADY_OFF,offer already on DEFAULT
2026-08-18T10:11:21+00:00,PL,VIETNAM-3GB-15D,B0FRBR2DHW,fbm0,ALREADY_OFF,offer already on DEFAULT
2026-08-18T10:11:22+00:00,PL,VIETNAM-5GB-30D,B0FRCBXRGV,fbm0,ALREADY_OFF,offer already on DEFAULT
2026-08-18T10:11:24+00:00,PL,VIETNAM-20GB-30D,B0FRC2NKC4,fbm0,ALREADY_OFF,offer already on DEFAULT
2026-08-18T10:11:25+00:00,PL,ZAMBIA-5GB-30D,B0FRCL97L4,fbm0,ALREADY_OFF,offer already on DEFAULT
2026-08-18T10:11:26+00:00,PL,GAMBIA-3GB-15D,B0H2FTMBBQ,fbm0,ALREADY_OFF,offer already on DEFAULT
2026-08-18T10:11:28+00:00,PL,GAMBIA-5GB-30D,B0H2FQ3QJ9,fbm0,ALREADY_OFF,offer already on DEFAULT
2026-08-18T10:11:29+00:00,PL,MAURITIUS-5GB-30D,B0H2G2XMS3,fbm0,ALREADY_OFF,offer already on DEFAULT
2026-08-18T10:11:30+00:00,PL,AE_20_30,B0FRB7TFJR,fbm0,ALREADY_OFF,offer already on DEFAULT
2026-08-18T10:11:32+00:00,PL,AE_3_15,B0FRBBYBGH,fbm0,ALREADY_OFF,offer already on DEFAULT
2026-08-18T10:11:33+00:00,PL,AE_5_30,B0FRB89XHX,fbm0,ALREADY_OFF,offer already on DEFAULT
2026-08-18T10:11:34+00:00,PL,AF-29_5_30,B0FR3GK9Z7,fbm0,ALREADY_OFF,offer already on DEFAULT
2026-08-18T10:11:35+00:00,PL,AL_5_30,B0FR4ZG3Z6,fbm0,ALREADY_OFF,offer already on DEFAULT
2026-08-18T10:11:37+00:00,PL,AM_20_30,B0FR4ZT5XT,fbm0,ALREADY_OFF,offer already on DEFAULT
2026-08-18T10:11:38+00:00,PL,AM_3_15,B0FR5BK9R4,fbm0,ALREADY_OFF,offer already on DEFAULT
2026-08-18T10:11:39+00:00,PL,AR_20_30,B0FR5DCH33,fbm0,ALREADY_OFF,offer already on DEFAULT
2026-08-18T10:11:40+00:00,PL,AR_3_15,B0FR554SXN,fbm0,ALREADY_OFF,offer already on DEFAULT
2026-08-18T10:11:41+00:00,PL,AS-20_3_15,B0FR9FZ4RF,fbm0,ALREADY_OFF,offer already on DEFAULT
2026-08-18T10:11:43+00:00,PL,AS-20_5_30,B0FR9BQNSV,fbm0,ALREADY_OFF,offer already on DEFAULT
2026-08-18T10:11:44+00:00,PL,AT_20_30,B0FR8XBSBP,fbm0,ALREADY_OFF,offer already on DEFAULT
2026-08-18T10:11:45+00:00,PL,AT_3_15,B0FR9QSMSP,fbm0,ALREADY_OFF,offer already on DEFAULT
2026-08-18T10:11:47+00:00,PL,AT_5_30,B0FR8XCH78,fbm0,ALREADY_OFF,offer already on DEFAULT
2026-08-18T10:11:48+00:00,PL,AU_20_30,B0FR9G1ZQJ,fbm0,ALREADY_OFF,offer already on DEFAULT
2026-08-18T10:11:49+00:00,PL,AU_3_15,B0FR9SKY4D,fbm0,ALREADY_OFF,offer already on DEFAULT
2026-08-18T10:11:50+00:00,PL,AU_5_30,B0FR9JRB62,fbm0,ALREADY_OFF,offer already on DEFAULT
2026-08-18T10:11:52+00:00,PL,AX_20_30,B0FR39Q1KJ,fbm0,ALREADY_OFF,offer already on DEFAULT
2026-08-18T10:11:53+00:00,PL,AX_3_15,B0FR3CCSMB,fbm0,ALREADY_OFF,offer already on DEFAULT
2026-08-18T10:11:54+00:00,PL,AX_5_30,B0FR3G6JWB,fbm0,ALREADY_OFF,offer already on DEFAULT
2026-08-18T10:11:56+00:00,PL,AZ_3_15,B0FR9BTC98,fbm0,ALREADY_OFF,offer already on DEFAULT
2026-08-18T10:11:57+00:00,PL,BA_3_15,B0FR9G8ZVK,fbm0,ALREADY_OFF,offer already on DEFAULT
2026-08-18T10:11:58+00:00,PL,BD_20_30,B0FR8FJ3HJ,fbm0,ALREADY_OFF,offer already on DEFAULT
2026-08-18T10:11:59+00:00,PL,BD_3_15,B0FR9L7SG3,fbm0,ALREADY_OFF,offer already on DEFAULT
2026-08-18T10:12:01+00:00,PL,BD_5_30,B0FR9BQFCM,fbm0,ALREADY_OFF,offer already on DEFAULT
2026-08-18T10:12:02+00:00,PL,BE_20_30,B0FR9BVRCH,fbm0,ALREADY_OFF,offer already on DEFAULT
2026-08-18T10:12:03+00:00,PL,BE_3_15,B0FR9G432K,fbm0,ALREADY_OFF,offer already on DEFAULT
2026-08-18T10:12:04+00:00,PL,BE_5_30,B0FR9SXCW6,fbm0,ALREADY_OFF,offer already on DEFAULT
2026-08-18T10:12:06+00:00,PL,BF_3_15,B0FR9HWFSK,fbm0,ALREADY_OFF,offer already on DEFAULT
2026-08-18T10:12:07+00:00,PL,BF_5_30,B0FR9BWKSY,fbm0,ALREADY_OFF,offer already on DEFAULT
2026-08-18T10:12:08+00:00,PL,BH_3_15,B0FR9K64KF,fbm0,ALREADY_OFF,offer already on DEFAULT
2026-08-18T10:12:09+00:00,PL,BN_20_30,B0FR9F971C,fbm0,ALREADY_OFF,offer already on DEFAULT
2026-08-18T10:12:11+00:00,PL,BN_3_15,B0FR9KTJND,fbm0,ALREADY_OFF,offer already on DEFAULT
2026-08-18T10:12:12+00:00,PL,BO_20_30,B0FR9RH588,fbm0,ALREADY_OFF,offer already on DEFAULT
2026-08-18T10:12:13+00:00,PL,BO_3_15,B0FR8FKPKH,fbm0,ALREADY_OFF,offer already on DEFAULT
2026-08-18T10:12:14+00:00,PL,BR_20_30,B0FR9KLZCR,fbm0,ALREADY_OFF,offer already on DEFAULT
2026-08-18T10:12:15+00:00,PL,BR_3_15,B0FR9G5LKV,fbm0,ALREADY_OFF,offer already on DEFAULT
2026-08-18T10:12:17+00:00,PL,BW_3_15,B0FR9G7N2Q,fbm0,ALREADY_OFF,offer already on DEFAULT
2026-08-18T10:12:18+00:00,PL,BY_3_15,B0FR9G3Z82,fbm0,ALREADY_OFF,offer already on DEFAULT
2026-08-18T10:12:19+00:00,PL,BY_5_30,B0FR8FFT4D,fbm0,ALREADY_OFF,offer already on DEFAULT
2026-08-18T10:12:21+00:00,PL,CA_20_30,B0FR9BY42D,fbm0,ALREADY_OFF,offer already on DEFAULT
2026-08-18T10:12:22+00:00,PL,CA_3_15,B0FR9RZLF3,fbm0,ALREADY_OFF,offer already on DEFAULT
2026-08-18T10:12:23+00:00,PL,CA_5_30,B0FR9SYCBK,fbm0,ALREADY_OFF,offer already on DEFAULT
2026-08-18T10:12:25+00:00,PL,CF_3_15,B0FR9RK8FP,fbm0,ALREADY_OFF,offer already on DEFAULT
2026-08-18T10:12:26+00:00,PL,CF_5_30,B0FR9R3NMC,fbm0,ALREADY_OFF,offer already on DEFAULT
2026-08-18T10:12:27+00:00,PL,CH_20_30,B0FRB6VY7S,fbm0,ALREADY_OFF,offer already on DEFAULT
2026-08-18T10:12:29+00:00,PL,CH_3_15,B0FRB5LFVC,fbm0,ALREADY_OFF,offer already on DEFAULT
2026-08-18T10:12:30+00:00,PL,CH_5_30,B0FRB7G4VW,fbm0,ALREADY_OFF,offer already on DEFAULT
2026-08-18T10:12:31+00:00,PL,CI_3_15,B0FR9HW9DJ,fbm0,ALREADY_OFF,offer already on DEFAULT
2026-08-18T10:12:32+00:00,PL,CI_5_30,B0FR9V5LYJ,fbm0,ALREADY_OFF,offer already on DEFAULT
2026-08-18T10:12:34+00:00,PL,CL_3_15,B0FR9RY1RT,fbm0,ALREADY_OFF,offer already on DEFAULT
2026-08-18T10:12:35+00:00,PL,CM_3_15,B0FR9VJ1ZB,fbm0,ALREADY_OFF,offer already on DEFAULT
2026-08-18T10:12:36+00:00,PL,CN_20_30,B0FR9GD6X9,fbm0,ALREADY_OFF,offer already on DEFAULT
2026-08-18T10:12:38+00:00,PL,CN_3_15,B0FR9QZ578,fbm0,ALREADY_OFF,offer already on DEFAULT
2026-08-18T10:12:39+00:00,PL,CN_5_30,B0FR9HX7XH,fbm0,ALREADY_OFF,offer already on DEFAULT
2026-08-18T10:12:40+00:00,PL,CO_3_15,B0FR9RL8W5,fbm0,ALREADY_OFF,offer already on DEFAULT
2026-08-18T10:12:42+00:00,PL,CR_3_15,B0FR9LNRMN,fbm0,ALREADY_OFF,offer already on DEFAULT
2026-08-18T10:12:43+00:00,PL,CY_3_15,B0FR8XJWWG,fbm0,ALREADY_OFF,offer already on DEFAULT
2026-08-18T10:12:44+00:00,PL,CY_5_30,B0FR8XHWZV,fbm0,ALREADY_OFF,offer already on DEFAULT
2026-08-18T10:12:45+00:00,PL,CZ_20_30,B0FR9SVN9H,fbm0,ALREADY_OFF,offer already on DEFAULT
2026-08-18T10:12:47+00:00,PL,CZ_5_30,B0FR9BY2LF,fbm0,ALREADY_OFF,offer already on DEFAULT
2026-08-18T10:12:48+00:00,PL,DE_20_30,B0GSZP9H94,fbm0,ALREADY_OFF,offer already on DEFAULT
2026-08-18T10:12:49+00:00,PL,DE_3_15,B0GSZBMLKV,fbm0,ALREADY_OFF,offer already on DEFAULT
2026-08-18T10:12:51+00:00,PL,DE_5_30,B0GSZDYWLZ,fbm0,ALREADY_OFF,offer already on DEFAULT
2026-08-18T10:12:52+00:00,PL,DK_20_30,B0FR9QPF45,fbm0,ALREADY_OFF,offer already on DEFAULT
2026-08-18T10:12:53+00:00,PL,DK_3_15,B0FR9GSNP4,fbm0,ALREADY_OFF,offer already on DEFAULT
2026-08-18T10:12:55+00:00,PL,DK_5_30,B0FR8XQYR4,fbm0,ALREADY_OFF,offer already on DEFAULT
2026-08-18T10:12:56+00:00,PL,DO_20_30,B0FR9C6DJF,fbm0,ALREADY_OFF,offer already on DEFAULT
2026-08-18T10:12:57+00:00,PL,DO_3_15,B0FR9GSKZF,fbm0,ALREADY_OFF,offer already on DEFAULT
2026-08-18T10:12:59+00:00,PL,DO_5_30,B0FR9GQKCM,fbm0,ALREADY_OFF,offer already on DEFAULT
2026-08-18T10:13:00+00:00,PL,EC_3_15,B0FR9RM6MP,fbm0,ALREADY_OFF,offer already on DEFAULT
2026-08-18T10:13:01+00:00,PL,EE_20_30,B0FR9L527N,fbm0,ALREADY_OFF,offer already on DEFAULT
2026-08-18T10:13:03+00:00,PL,EE_3_15,B0FR9GST1S,fbm0,ALREADY_OFF,offer already on DEFAULT
2026-08-18T10:13:04+00:00,PL,EE_5_30,B0FR9GQYKB,fbm0,ALREADY_OFF,offer already on DEFAULT
2026-08-18T10:13:05+00:00,PL,EG_20_30,B0FR9GQBGL,fbm0,ALREADY_OFF,offer already on DEFAULT
2026-08-18T10:13:06+00:00,PL,EG_3_15,B0FR9C784N,fbm0,ALREADY_OFF,offer already on DEFAULT
2026-08-18T10:13:07+00:00,PL,EG_3_30,B0FR9GNL93,fbm0,ALREADY_OFF,offer already on DEFAULT
2026-08-18T10:13:09+00:00,PL,EG_5_30,B0FR9LR5KJ,fbm0,ALREADY_OFF,offer already on DEFAULT
2026-08-18T10:13:10+00:00,PL,ES_20_30,B0FRCMPGPL,fbm0,ALREADY_OFF,offer already on DEFAULT
2026-08-18T10:13:11+00:00,PL,ES_3_15,B0FRCDHTZ7,fbm0,ALREADY_OFF,offer already on DEFAULT
2026-08-18T10:13:13+00:00,PL,ES_5_30,B0FRBQCLZN,fbm0,ALREADY_OFF,offer already on DEFAULT
2026-08-18T10:13:14+00:00,PL,EU-42_20_30,B0FR9TNPV3,fbm0,ALREADY_OFF,offer already on DEFAULT
2026-08-18T10:13:15+00:00,PL,EU-42_5_30,B0FR9RYSSS,fbm0,ALREADY_OFF,offer already on DEFAULT
2026-08-18T10:13:16+00:00,PL,FI_3_15,B0FR9GSND6,fbm0,ALREADY_OFF,offer already on DEFAULT
2026-08-18T10:13:18+00:00,PL,FI_5_30,B0FR9SB3BJ,fbm0,ALREADY_OFF,offer already on DEFAULT
2026-08-18T10:13:19+00:00,PL,FR_20_30,B0FR9GPMC5,fbm0,ALREADY_OFF,offer already on DEFAULT
2026-08-18T10:13:20+00:00,PL,FR_3_15,B0FR9C5ZB6,fbm0,ALREADY_OFF,offer already on DEFAULT
2026-08-18T10:13:21+00:00,PL,FR_5_30,B0FR9LMDW5,fbm0,ALREADY_OFF,offer already on DEFAULT
2026-08-18T10:13:23+00:00,PL,GA_3_15,B0FR9GPX9T,fbm0,ALREADY_OFF,offer already on DEFAULT
2026-08-18T10:13:24+00:00,PL,GB_20_30,B0FRDGCBTN,fbm0,ALREADY_OFF,offer already on DEFAULT
2026-08-18T10:13:26+00:00,PL,GB_3_15,B0FRCPD8TS,fbm0,ALREADY_OFF,offer already on DEFAULT
2026-08-18T10:13:27+00:00,PL,GB_5_30,B0FRDDRGJF,fbm0,ALREADY_OFF,offer already on DEFAULT
2026-08-18T10:13:29+00:00,PL,GE_20_30,B0FR9C73NK,fbm0,ALREADY_OFF,offer already on DEFAULT
2026-08-18T10:13:30+00:00,PL,GE_3_15,B0FR9KMX2N,fbm0,ALREADY_OFF,offer already on DEFAULT
2026-08-18T10:13:31+00:00,PL,GG_20_30,B0FR9LYWWY,fbm0,ALREADY_OFF,offer already on DEFAULT
2026-08-18T10:13:33+00:00,PL,GG_3_15,B0FR9SMWDN,fbm0,ALREADY_OFF,offer already on DEFAULT
2026-08-18T10:13:34+00:00,PL,GG_5_30,B0FR9C5PXR,fbm0,ALREADY_OFF,offer already on DEFAULT
2026-08-18T10:13:36+00:00,PL,GI_3_15,B0FR8XSPMC,fbm0,ALREADY_OFF,offer already on DEFAULT
2026-08-18T10:13:37+00:00,PL,GL-139_5_30,B0FR9VNTLY,fbm0,ALREADY_OFF,offer already on DEFAULT
2026-08-18T10:13:38+00:00,PL,GP_20_30,B0FR8XTBF6,fbm0,ALREADY_OFF,offer already on DEFAULT
2026-08-18T10:13:39+00:00,PL,GP_3_15,B0FR9TMVWK,fbm0,ALREADY_OFF,offer already on DEFAULT
2026-08-18T10:13:41+00:00,PL,GR_20_30,B0FR9KJGBG,fbm0,ALREADY_OFF,offer already on DEFAULT
2026-08-18T10:13:42+00:00,PL,GR_3_15,B0FR9L85F6,fbm0,ALREADY_OFF,offer already on DEFAULT
2026-08-18T10:13:43+00:00,PL,GR_5_30,B0FR9C7SMF,fbm0,ALREADY_OFF,offer already on DEFAULT
2026-08-18T10:13:45+00:00,PL,GT_3_15,B0FR9VC6VD,fbm0,ALREADY_OFF,offer already on DEFAULT
2026-08-18T10:13:46+00:00,PL,GU_20_30,B0FR9C7MGP,fbm0,ALREADY_OFF,offer already on DEFAULT
2026-08-18T10:13:47+00:00,PL,GU_3_15,B0FR9GVSSF,fbm0,ALREADY_OFF,offer already on DEFAULT
2026-08-18T10:13:49+00:00,PL,GU_5_30,B0FR9SVP8Y,fbm0,ALREADY_OFF,offer already on DEFAULT
2026-08-18T10:13:50+00:00,PL,HK_20_30,B0FR9GXZ6F,fbm0,ALREADY_OFF,offer already on DEFAULT
2026-08-18T10:13:51+00:00,PL,HK_3_15,B0FR9CC6Q8,fbm0,ALREADY_OFF,offer already on DEFAULT
2026-08-18T10:13:52+00:00,PL,HK_5_30,B0FR9GXYYL,fbm0,ALREADY_OFF,offer already on DEFAULT
2026-08-18T10:13:54+00:00,PL,HN_3_15,B0FR9ZYV5G,fbm0,ALREADY_OFF,offer already on DEFAULT
2026-08-18T10:13:55+00:00,PL,HR_20_30,B0FR9TYCSL,fbm0,ALREADY_OFF,offer already on DEFAULT
2026-08-18T10:13:57+00:00,PL,HR_3_15,B0FR9GDKT1,fbm0,ALREADY_OFF,offer already on DEFAULT
2026-08-18T10:13:58+00:00,PL,HR_5_30,B0FR9BVV58,fbm0,ALREADY_OFF,offer already on DEFAULT
2026-08-18T10:13:59+00:00,PL,HU_20_30,B0FR9ZVYYQ,fbm0,ALREADY_OFF,offer already on DEFAULT
2026-08-18T10:14:01+00:00,PL,HU_3_15,B0FR9C9JVW,fbm0,ALREADY_OFF,offer already on DEFAULT
2026-08-18T10:14:02+00:00,PL,HU_5_30,B0FR9GY3R5,fbm0,ALREADY_OFF,offer already on DEFAULT
2026-08-18T10:14:03+00:00,PL,ID_20_30,B0FR9QXRDQ,fbm0,ALREADY_OFF,offer already on DEFAULT
2026-08-18T10:14:05+00:00,PL,ID_3_15,B0FR9T6QPZ,fbm0,ALREADY_OFF,offer already on DEFAULT
2026-08-18T10:14:06+00:00,PL,ID_5_30,B0FR8XW5DR,fbm0,ALREADY_OFF,offer already on DEFAULT
2026-08-18T10:14:07+00:00,PL,IE_20_30,B0FR9SZG2Z,fbm0,ALREADY_OFF,offer already on DEFAULT
2026-08-18T10:14:08+00:00,PL,IE_3_15,B0FR8XV57F,fbm0,ALREADY_OFF,offer already on DEFAULT
2026-08-18T10:14:09+00:00,PL,IE_5_30,B0FR9GYKQL,fbm0,ALREADY_OFF,offer already on DEFAULT
2026-08-18T10:14:11+00:00,PL,IL_20_30,B0FR9K8SQ1,fbm0,ALREADY_OFF,offer already on DEFAULT
2026-08-18T10:14:12+00:00,PL,IL_3_15,B0FR9M11H1,fbm0,ALREADY_OFF,offer already on DEFAULT
2026-08-18T10:14:13+00:00,PL,IL_5_30,B0FR8XVZZM,fbm0,ALREADY_OFF,offer already on DEFAULT
2026-08-18T10:14:15+00:00,PL,IM_20_30,B0FR9CB5LK,fbm0,ALREADY_OFF,offer already on DEFAULT
2026-08-18T10:14:16+00:00,PL,IM_3_15,B0FR9LZ7RL,fbm0,ALREADY_OFF,offer already on DEFAULT
2026-08-18T10:14:17+00:00,PL,IM_5_30,B0FR9M27XY,fbm0,ALREADY_OFF,offer already on DEFAULT
2026-08-18T10:14:19+00:00,PL,IN_20_30,B0FR9DYMHX,fbm0,ALREADY_OFF,offer already on DEFAULT
2026-08-18T10:14:20+00:00,PL,IN_3_15,B0FR9ZM116,fbm0,ALREADY_OFF,offer already on DEFAULT
2026-08-18T10:14:21+00:00,PL,IN_5_30,B0FR9GXWN9,fbm0,ALREADY_OFF,offer already on DEFAULT
2026-08-18T10:14:22+00:00,PL,IS_20_30,B0FR9GX6LF,fbm0,ALREADY_OFF,offer already on DEFAULT
2026-08-18T10:14:24+00:00,PL,IS_3_15,B0FR9TBBK1,fbm0,ALREADY_OFF,offer already on DEFAULT
2026-08-18T10:14:25+00:00,PL,IS_5_30,B0FR9ZWQBD,fbm0,ALREADY_OFF,offer already on DEFAULT
2026-08-18T10:14:26+00:00,PL,IT_20_30,B0FR9RNZV2,fbm0,ALREADY_OFF,offer already on DEFAULT
2026-08-18T10:14:28+00:00,PL,IT_3_15,B0FR9GXZ18,fbm0,ALREADY_OFF,offer already on DEFAULT
2026-08-18T10:14:29+00:00,PL,IT_5_30,B0FR9ZR2TH,fbm0,ALREADY_OFF,offer already on DEFAULT
2026-08-18T10:14:30+00:00,PL,JE_20_30,B0FR9CBQDH,fbm0,ALREADY_OFF,offer already on DEFAULT
2026-08-18T10:14:32+00:00,PL,JE_3_15,B0FR9GYMR5,fbm0,ALREADY_OFF,offer already on DEFAULT
2026-08-18T10:14:33+00:00,PL,JE_5_30,B0FR9M27GP,fbm0,ALREADY_OFF,offer already on DEFAULT
2026-08-18T10:14:34+00:00,PL,JO_20_30,B0FR9ST188,fbm0,ALREADY_OFF,offer already on DEFAULT
2026-08-18T10:14:35+00:00,PL,JO_3_15,B0FR9M144Z,fbm0,ALREADY_OFF,offer already on DEFAULT
2026-08-18T10:14:36+00:00,PL,JO_5_30,B0FR9ZTZNK,fbm0,ALREADY_OFF,offer already on DEFAULT
2026-08-18T10:14:38+00:00,PL,JP_20_30,B0FR9RZKRB,fbm0,ALREADY_OFF,offer already on DEFAULT
2026-08-18T10:14:39+00:00,PL,JP_3_15,B0FR9LVZVQ,fbm0,ALREADY_OFF,offer already on DEFAULT
2026-08-18T10:14:40+00:00,PL,JP_5_30,B0FR9TLXXH,fbm0,ALREADY_OFF,offer already on DEFAULT
2026-08-18T10:14:41+00:00,PL,KE_3_15,B0FR9GZ14G,fbm0,ALREADY_OFF,offer already on DEFAULT
2026-08-18T10:14:43+00:00,PL,KE_5_30,B0FR9T4DG6,fbm0,ALREADY_OFF,offer already on DEFAULT
2026-08-18T10:14:44+00:00,PL,KG_20_30,B0FR8XXBHM,fbm0,ALREADY_OFF,offer already on DEFAULT
2026-08-18T10:14:46+00:00,PL,KG_3_15,B0FR9TVF4R,fbm0,ALREADY_OFF,offer already on DEFAULT
2026-08-18T10:14:47+00:00,PL,KH_20_30,B0FR9GFJPL,fbm0,ALREADY_OFF,offer already on DEFAULT
2026-08-18T10:14:48+00:00,PL,KH_3_15,B0FR8XKMJ4,fbm0,ALREADY_OFF,offer already on DEFAULT
2026-08-18T10:14:50+00:00,PL,KR_20_30,B0FRC4P51Z,fbm0,ALREADY_OFF,offer already on DEFAULT
2026-08-18T10:14:51+00:00,PL,KR_3_15,B0FRC4RTDF,fbm0,ALREADY_OFF,offer already on DEFAULT
2026-08-18T10:14:52+00:00,PL,KR_5_30,B0FRD9LC4C,fbm0,ALREADY_OFF,offer already on DEFAULT
2026-08-18T10:14:54+00:00,PL,KW_20_30,B0FR9KBF4P,fbm0,ALREADY_OFF,offer already on DEFAULT
2026-08-18T10:14:55+00:00,PL,KW_3_15,B0FR9LZJ3X,fbm0,ALREADY_OFF,offer already on DEFAULT
2026-08-18T10:14:56+00:00,PL,KW_5_30,B0FR9M2TXP,fbm0,ALREADY_OFF,offer already on DEFAULT
2026-08-18T10:14:58+00:00,PL,KZ_20_30,B0FR9TLNNW,fbm0,ALREADY_OFF,offer already on DEFAULT
2026-08-18T10:14:59+00:00,PL,KZ_3_15,B0FR9T4DG2,fbm0,ALREADY_OFF,offer already on DEFAULT
2026-08-18T10:15:00+00:00,PL,KZ_5_30,B0FR9ZMMSH,fbm0,ALREADY_OFF,offer already on DEFAULT
2026-08-18T10:15:02+00:00,PL,LI_3_15,B0FR9S35ZH,fbm0,ALREADY_OFF,offer already on DEFAULT
2026-08-18T10:15:03+00:00,PL,LK_20_30,B0FRC2DZN5,fbm0,ALREADY_OFF,offer already on DEFAULT
2026-08-18T10:15:04+00:00,PL,LK_3_15,B0FRB7Z1NW,fbm0,ALREADY_OFF,offer already on DEFAULT
2026-08-18T10:15:05+00:00,PL,LK_5_30,B0FRB64B8M,fbm0,ALREADY_OFF,offer already on DEFAULT
2026-08-18T10:15:07+00:00,PL,LR_3_15,B0FR9H18JQ,fbm0,ALREADY_OFF,offer already on DEFAULT
2026-08-18T10:15:08+00:00,PL,LR_5_30,B0FR9SJ1YH,fbm0,ALREADY_OFF,offer already on DEFAULT
2026-08-18T10:15:10+00:00,PL,LT_20_30,B0FR9TQN8N,fbm0,ALREADY_OFF,offer already on DEFAULT
2026-08-18T10:15:11+00:00,PL,LT_3_15,B0FR9KS3P4,fbm0,ALREADY_OFF,offer already on DEFAULT
2026-08-18T10:15:12+00:00,PL,LT_5_30,B0FR9R598C,fbm0,ALREADY_OFF,offer already on DEFAULT
2026-08-18T10:15:13+00:00,PL,LU_20_30,B0FR8XXXZB,fbm0,ALREADY_OFF,offer already on DEFAULT
2026-08-18T10:15:15+00:00,PL,LU_3_15,B0FR9SHRKM,fbm0,ALREADY_OFF,offer already on DEFAULT
2026-08-18T10:15:16+00:00,PL,LU_5_30,B0FR9SB862,fbm0,ALREADY_OFF,offer already on DEFAULT
2026-08-18T10:15:18+00:00,PL,LV_20_30,B0FR9SWN6V,fbm0,ALREADY_OFF,offer already on DEFAULT
2026-08-18T10:15:19+00:00,PL,LV_3_15,B0FR9VM4K6,fbm0,ALREADY_OFF,offer already on DEFAULT
2026-08-18T10:15:20+00:00,PL,LV_5_30,B0FR9TR99S,fbm0,ALREADY_OFF,offer already on DEFAULT
2026-08-18T10:15:22+00:00,PL,MA_20_30,B0FR9M57DY,fbm0,ALREADY_OFF,offer already on DEFAULT
2026-08-18T10:15:23+00:00,PL,MA_3_15,B0FR9CFZQR,fbm0,ALREADY_OFF,offer already on DEFAULT
2026-08-18T10:15:24+00:00,PL,MA_5_30,B0FR9CDDQ8,fbm0,ALREADY_OFF,offer already on DEFAULT
2026-08-18T10:15:26+00:00,PL,MC_3_15,B0FR9ZS6GM,fbm0,ALREADY_OFF,offer already on DEFAULT
2026-08-18T10:15:27+00:00,PL,MC_5_30,B0FR9H1H4M,fbm0,ALREADY_OFF,offer already on DEFAULT
2026-08-18T10:15:28+00:00,PL,MD_3_15,B0FR9CFQYY,fbm0,ALREADY_OFF,offer already on DEFAULT
2026-08-18T10:15:30+00:00,PL,ME-13_5_30,B0FR9SYKP6,fbm0,ALREADY_OFF,offer already on DEFAULT
2026-08-18T10:15:31+00:00,PL,ME_3_15,B0FR9R5HR7,fbm0,ALREADY_OFF,offer already on DEFAULT
2026-08-18T10:15:33+00:00,PL,MG_3_15,B0FR9H2NS1,fbm0,ALREADY_OFF,offer already on DEFAULT
2026-08-18T10:15:34+00:00,PL,MK_3_15,B0FRB59DJS,fbm0,ALREADY_OFF,offer already on DEFAULT
2026-08-18T10:15:35+00:00,PL,MK_5_30,B0FR9WNHHX,fbm0,ALREADY_OFF,offer already on DEFAULT
2026-08-18T10:15:37+00:00,PL,ML_3_15,B0FR9TRDSY,fbm0,ALREADY_OFF,offer already on DEFAULT
2026-08-18T10:15:38+00:00,PL,MN_3_15,B0FR9LSYTX,fbm0,ALREADY_OFF,offer already on DEFAULT
2026-08-18T10:15:40+00:00,PL,MO_20_30,B0FR9CDBN2,fbm0,ALREADY_OFF,offer already on DEFAULT
2026-08-18T10:15:41+00:00,PL,MO_3_15,B0FR9M485M,fbm0,ALREADY_OFF,offer already on DEFAULT
2026-08-18T10:15:42+00:00,PL,MO_5_30,B0FR9L9624,fbm0,ALREADY_OFF,offer already on DEFAULT
2026-08-18T10:15:43+00:00,PL,MT_20_30,B0FR9VL1Q9,fbm0,ALREADY_OFF,offer already on DEFAULT
2026-08-18T10:15:45+00:00,PL,MT_3_15,B0FR9M3PNR,fbm0,ALREADY_OFF,offer already on DEFAULT
2026-08-18T10:15:46+00:00,PL,MT_5_30,B0FR9ZSMTC,fbm0,ALREADY_OFF,offer already on DEFAULT
2026-08-18T10:15:48+00:00,PL,MW_3_15,B0FR9H3JDK,fbm0,ALREADY_OFF,offer already on DEFAULT
2026-08-18T10:15:49+00:00,PL,MW_5_30,B0FR9GXY24,fbm0,ALREADY_OFF,offer already on DEFAULT
2026-08-18T10:15:51+00:00,PL,MX_20_30,B0FR9VDSJX,fbm0,ALREADY_OFF,offer already on DEFAULT
2026-08-18T10:15:52+00:00,PL,MX_3_15,B0FR9SZSTG,fbm0,ALREADY_OFF,offer already on DEFAULT
2026-08-18T10:15:53+00:00,PL,MX_5_30,B0FR9H2K1C,fbm0,ALREADY_OFF,offer already on DEFAULT
2026-08-18T10:15:54+00:00,PL,MY_20_30,B0FR9VMWYD,fbm0,ALREADY_OFF,offer already on DEFAULT
2026-08-18T10:15:56+00:00,PL,MY_3_15,B0FR9H1Q65,fbm0,ALREADY_OFF,offer already on DEFAULT
2026-08-18T10:15:57+00:00,PL,MY_5_30,B0FR9LDGX8,fbm0,ALREADY_OFF,offer already on DEFAULT
2026-08-18T10:15:58+00:00,PL,MZ_20_30,B0FR9CFLS7,fbm0,ALREADY_OFF,offer already on DEFAULT
2026-08-18T10:15:59+00:00,PL,MZ_3_15,B0FRB1M6HK,fbm0,ALREADY_OFF,offer already on DEFAULT
2026-08-18T10:16:01+00:00,PL,NA-3_5_30,B0FRBDQ8H5,fbm0,ALREADY_OFF,offer already on DEFAULT
2026-08-18T10:16:02+00:00,PL,NE_3_15,B0FR9NPT1H,fbm0,ALREADY_OFF,offer already on DEFAULT
2026-08-18T10:16:03+00:00,PL,NG_3_15,B0FR9X17QY,fbm0,ALREADY_OFF,offer already on DEFAULT
2026-08-18T10:16:05+00:00,PL,NI_3_15,B0FRB33MPG,fbm0,ALREADY_OFF,offer already on DEFAULT
2026-08-18T10:16:06+00:00,PL,NL_20_30,B0FR9NG7LB,fbm0,ALREADY_OFF,offer already on DEFAULT
2026-08-18T10:16:07+00:00,PL,NL_3_15,B0FRB5GNM2,fbm0,ALREADY_OFF,offer already on DEFAULT
2026-08-18T10:16:09+00:00,PL,NL_5_30,B0FR9NHP7Q,fbm0,ALREADY_OFF,offer already on DEFAULT
2026-08-18T10:16:10+00:00,PL,NO_20_30,B0FRB572L8,fbm0,ALREADY_OFF,offer already on DEFAULT
2026-08-18T10:16:11+00:00,PL,NO_3_15,B0FR9WNK2H,fbm0,ALREADY_OFF,offer already on DEFAULT
2026-08-18T10:16:13+00:00,PL,NO_5_30,B0FRBNPZ9D,fbm0,ALREADY_OFF,offer already on DEFAULT
2026-08-18T10:16:14+00:00,PL,NP_3_15,B0FRB1TD7L,fbm0,ALREADY_OFF,offer already on DEFAULT
2026-08-18T10:16:15+00:00,PL,NZ_20_30,B0FRB1TWT8,fbm0,ALREADY_OFF,offer already on DEFAULT
2026-08-18T10:16:16+00:00,PL,NZ_3_15,B0FR9NKXF5,fbm0,ALREADY_OFF,offer already on DEFAULT
2026-08-18T10:16:18+00:00,PL,NZ_5_30,B0FR9NHFWQ,fbm0,ALREADY_OFF,offer already on DEFAULT
2026-08-18T10:16:19+00:00,PL,OM_20_30,B0FRB4R3FK,fbm0,ALREADY_OFF,offer already on DEFAULT
2026-08-18T10:16:21+00:00,PL,OM_3_15,B0FRB4BL4W,fbm0,ALREADY_OFF,offer already on DEFAULT
2026-08-18T10:16:22+00:00,PL,PA_3_15,B0FRB3VFW6,fbm0,ALREADY_OFF,offer already on DEFAULT
2026-08-18T10:16:23+00:00,PL,PH_20_30,B0FRB4K2D4,fbm0,ALREADY_OFF,offer already on DEFAULT
2026-08-18T10:16:25+00:00,PL,PH_3_15,B0FRB1GVXK,fbm0,ALREADY_OFF,offer already on DEFAULT
2026-08-18T10:16:26+00:00,PL,PH_5_30,B0FRB4VCKG,fbm0,ALREADY_OFF,offer already on DEFAULT
2026-08-18T10:16:27+00:00,PL,PK_20_30,B0FRB691X8,fbm0,ALREADY_OFF,offer already on DEFAULT
2026-08-18T10:16:29+00:00,PL,PK_3_15,B0FRB4HL3B,fbm0,ALREADY_OFF,offer already on DEFAULT
2026-08-18T10:16:30+00:00,PL,PK_5_30,B0FRB48QKZ,fbm0,ALREADY_OFF,offer already on DEFAULT
2026-08-18T10:16:31+00:00,PL,PL_20_30,B0FRB5HSK7,fbm0,ALREADY_OFF,offer already on DEFAULT
2026-08-18T10:16:33+00:00,PL,PL_3_15,B0FRB4JVKR,fbm0,ALREADY_OFF,offer already on DEFAULT
2026-08-18T10:16:34+00:00,PL,PL_5_30,B0FRBDPQ9J,fbm0,ALREADY_OFF,offer already on DEFAULT
2026-08-18T10:16:35+00:00,PL,PR_3_15,B0FRB5MSF1,fbm0,ALREADY_OFF,offer already on DEFAULT
2026-08-18T10:16:36+00:00,PL,PR_5_30,B0FR9WMX9V,fbm0,ALREADY_OFF,offer already on DEFAULT
2026-08-18T10:16:38+00:00,PL,PT_20_30,B0FRB354KV,fbm0,ALREADY_OFF,offer already on DEFAULT
2026-08-18T10:16:39+00:00,PL,PT_3_15,B0FRB4314T,fbm0,ALREADY_OFF,offer already on DEFAULT
2026-08-18T10:16:40+00:00,PL,PT_5_30,B0FRB4X799,fbm0,ALREADY_OFF,offer already on DEFAULT
2026-08-18T10:16:41+00:00,PL,PY_3_15,B0FRB3V7CS,fbm0,ALREADY_OFF,offer already on DEFAULT
2026-08-18T10:16:43+00:00,PL,QA_20_30,B0FR9X3QGM,fbm0,ALREADY_OFF,offer already on DEFAULT
2026-08-18T10:16:44+00:00,PL,QA_3_15,B0FR9NXH43,fbm0,ALREADY_OFF,offer already on DEFAULT
2026-08-18T10:16:45+00:00,PL,QA_5_30,B0FR9X5KB1,fbm0,ALREADY_OFF,offer already on DEFAULT
2026-08-18T10:16:47+00:00,PL,RE_3_15,B0FRB3KCNQ,fbm0,ALREADY_OFF,offer already on DEFAULT
2026-08-18T10:16:48+00:00,PL,RE_5_30,B0FRB47TQW,fbm0,ALREADY_OFF,offer already on DEFAULT
2026-08-18T10:16:49+00:00,PL,RS_20_30,B0FRB5K8JC,fbm0,ALREADY_OFF,offer already on DEFAULT
2026-08-18T10:16:51+00:00,PL,RS_3_15,B0FRB5TJV2,fbm0,ALREADY_OFF,offer already on DEFAULT
2026-08-18T10:16:52+00:00,PL,SA-18_5_30,B0FRB8D7HC,fbm0,ALREADY_OFF,offer already on DEFAULT
2026-08-18T10:16:53+00:00,PL,SA_20_30,B0FRB5PZTS,fbm0,ALREADY_OFF,offer already on DEFAULT
2026-08-18T10:16:54+00:00,PL,SA_3_15,B0FRB3N2KL,fbm0,ALREADY_OFF,offer already on DEFAULT
2026-08-18T10:16:56+00:00,PL,SA_5_30,B0FRB1SRZY,fbm0,ALREADY_OFF,offer already on DEFAULT
2026-08-18T10:16:57+00:00,PL,SC_3_15,B0FRB55T3H,fbm0,ALREADY_OFF,offer already on DEFAULT
2026-08-18T10:16:58+00:00,PL,SC_5_30,B0FR9P7N6M,fbm0,ALREADY_OFF,offer already on DEFAULT
2026-08-18T10:16:59+00:00,PL,SD_3_15,B0FRCKTXNQ,fbm0,ALREADY_OFF,offer already on DEFAULT
2026-08-18T10:17:00+00:00,PL,SD_5_30,B0FRC799N3,fbm0,ALREADY_OFF,offer already on DEFAULT
2026-08-18T10:17:02+00:00,PL,SE_20_30,B0FRB7X5SP,fbm0,ALREADY_OFF,offer already on DEFAULT
2026-08-18T10:17:03+00:00,PL,SE_3_15,B0FRCC6W9S,fbm0,ALREADY_OFF,offer already on DEFAULT
2026-08-18T10:17:04+00:00,PL,SE_5_30,B0FRCS524D,fbm0,ALREADY_OFF,offer already on DEFAULT
2026-08-18T10:17:05+00:00,PL,SG_20_30,B0FRB256K8,fbm0,ALREADY_OFF,offer already on DEFAULT
2026-08-18T10:17:07+00:00,PL,SG_3_30,B0FRB3KY59,fbm0,ALREADY_OFF,offer already on DEFAULT
2026-08-18T10:17:08+00:00,PL,SG_5_30,B0FR9X3Y3R,fbm0,ALREADY_OFF,offer already on DEFAULT
2026-08-18T10:17:09+00:00,PL,SI_20_30,B0FR9X15V2,fbm0,ALREADY_OFF,offer already on DEFAULT
2026-08-18T10:17:10+00:00,PL,SI_3_15,B0FR9XCF27,fbm0,ALREADY_OFF,offer already on DEFAULT
2026-08-18T10:17:12+00:00,PL,SI_5_30,B0FRB3SJMR,fbm0,ALREADY_OFF,offer already on DEFAULT
2026-08-18T10:17:13+00:00,PL,SK_20_30,B0FRB14YYC,fbm0,ALREADY_OFF,offer already on DEFAULT
2026-08-18T10:17:14+00:00,PL,SK_3_15,B0FR9XC4BW,fbm0,ALREADY_OFF,offer already on DEFAULT
2026-08-18T10:17:16+00:00,PL,SK_5_30,B0FRB2X84M,fbm0,ALREADY_OFF,offer already on DEFAULT
2026-08-18T10:17:17+00:00,PL,SN_3_15,B0FRB4HX92,fbm0,ALREADY_OFF,offer already on DEFAULT
2026-08-18T10:17:18+00:00,PL,SN_5_30,B0FRB68H77,fbm0,ALREADY_OFF,offer already on DEFAULT
2026-08-18T10:17:20+00:00,PL,SV_3_15,B0FR9LJ7X4,fbm0,ALREADY_OFF,offer already on DEFAULT
2026-08-18T10:17:21+00:00,PL,TD_3_15,B0FR9SG4MK,fbm0,ALREADY_OFF,offer already on DEFAULT
2026-08-18T10:17:22+00:00,PL,TD_5_30,B0FR9L414C,fbm0,ALREADY_OFF,offer already on DEFAULT
2026-08-18T10:17:23+00:00,PL,TH_20_30,B0FRCHW3MW,fbm0,ALREADY_OFF,offer already on DEFAULT
2026-08-18T10:17:25+00:00,PL,TH_3_15,B0FRCDPJSH,fbm0,ALREADY_OFF,offer already on DEFAULT
2026-08-18T10:17:26+00:00,PL,TH_5_30,B0FR9Q5D1J,fbm0,ALREADY_OFF,offer already on DEFAULT
2026-08-18T10:17:27+00:00,PL,TN_10_30,B0FRB85GLD,fbm0,ALREADY_OFF,offer already on DEFAULT
2026-08-18T10:17:29+00:00,PL,TN_5_30,B0FRB7Q96Z,fbm0,ALREADY_OFF,offer already on DEFAULT
2026-08-18T10:17:30+00:00,PL,TR_20_30,B0FRCYMWCX,fbm0,ALREADY_OFF,offer already on DEFAULT
2026-08-18T10:17:31+00:00,PL,TR_3_15,B0FRC2PSHM,fbm0,ALREADY_OFF,offer already on DEFAULT
2026-08-18T10:17:33+00:00,PL,TR_5_30,B0FRCBZ1BB,fbm0,ALREADY_OFF,offer already on DEFAULT
2026-08-18T10:17:34+00:00,PL,TZ_3_15,B0FRC81NPJ,fbm0,ALREADY_OFF,offer already on DEFAULT
2026-08-18T10:17:35+00:00,PL,UA_3_15,B0FRB9SBFR,fbm0,ALREADY_OFF,offer already on DEFAULT
2026-08-18T10:17:36+00:00,PL,UA_5_30,B0FRC2NRKG,fbm0,ALREADY_OFF,offer already on DEFAULT
2026-08-18T10:17:38+00:00,PL,UG_3_15,B0FRB7F7Z9,fbm0,ALREADY_OFF,offer already on DEFAULT
2026-08-18T10:17:39+00:00,PL,US_20_90,B0FRB9JP2K,fbm0,ALREADY_OFF,offer already on DEFAULT
2026-08-18T10:17:40+00:00,PL,US_3_15,B0FRCFXK3V,fbm0,ALREADY_OFF,offer already on DEFAULT
2026-08-18T10:17:42+00:00,PL,US_5_30,B0FRC2PQ8H,fbm0,ALREADY_OFF,offer already on DEFAULT
2026-08-18T10:17:43+00:00,PL,UY_3_15,B0FRB7LHGN,fbm0,ALREADY_OFF,offer already on DEFAULT
2026-08-18T10:17:44+00:00,PL,UZ_5_30,B0FRBWFZ6M,fbm0,ALREADY_OFF,offer already on DEFAULT
2026-08-18T10:17:45+00:00,PL,VN_20_30,B0FRC2NKC4,fbm0,ALREADY_OFF,offer already on DEFAULT
2026-08-18T10:17:46+00:00,PL,VN_3_15,B0FRBR2DHW,fbm0,ALREADY_OFF,offer already on DEFAULT
2026-08-18T10:17:48+00:00,PL,VN_5_30,B0FRCBXRGV,fbm0,ALREADY_OFF,offer already on DEFAULT
2026-08-18T10:17:49+00:00,PL,ZA_10_30,B0FRB4RSW2,fbm0,ALREADY_OFF,offer already on DEFAULT
2026-08-18T10:17:50+00:00,PL,ZA_5_30,B0FRB3R6F3,fbm0,ALREADY_OFF,offer already on DEFAULT
2026-08-18T10:17:51+00:00,PL,ZM_3_15,B0FRC2NSM2,fbm0,ALREADY_OFF,offer already on DEFAULT
2026-08-18T10:17:53+00:00,PL,ZM_5_30,B0FRCL97L4,fbm0,ALREADY_OFF,offer already on DEFAULT
2026-08-18T10:17:54+00:00,PL,TN_3_30,B0FRCKZKVY,fbm0,ALREADY_OFF,offer already on DEFAULT
